order_id,line_item_id,timestamp,store,product_id,product_name,category,gender,unit_price,original_unit_price,on_offer,quantity,line_total,payment_method
BUG-20260602-0356,1,2026-06-02 16:10:58,Bugis,UND-W-01,Women's Airism Bikini Shorts,Underwear,Women,9.9,9.9,False,1,9.9,Card
PUN-20260602-0049,1,2026-06-02 20:25:47,Punggol,SOK-W-04,Women's Ribbed Crew Socks,Socks,Women,5.9,5.9,False,2,11.8,
BUG-20260602-0113,1,2026-06-02 12:40:57,Bugis,TOP-W-03,  Women's Silky Satin Blouse  ,Tops,Women,39.9,39.9,False,1,39.9,NETS
BUG-20260602-0019,1,2026-06-02 20:22:49,Bugis,UND-M-01,Men's Airism Boxer Briefs,Underwear,men,14.9,14.9,False,1,14.9,Card
ORC-20260602-0014,1,2026-06-02 20:11:48,Orchard Central,SOK-W-02,Women's Pile Crew Socks,Socks,Women,5.9,5.9,False,1,5.9,NETS
PUN-20260602-0074,3,2026-06-02 11:33:46,Punggol,SOK-W-02,Women's Pile Crew Socks,Socks,Women,5.9,5.9,False,1,5.9,PayNow
ORC-20260602-0954,1,2026-06-02 22:19:51,Orchard Central,SOK-M-09,Men's No-Show Sneaker Socks,Socks,Men,4.11,5.9,True,1,4.11,PayNow
PUN-20260602-0120,1,2026-06-02 19:58:36,Punggol,SOK-W-02,Women's Pile Crew Socks,Socks,Women,5.9,5.9,False,1,5.9,Card
BUG-20260602-0555,3,2026-06-02 21:27:27,Bugis,BTM-W-01,Women's Ultra Stretch Skinny Jeans,Bottoms,Women,39.9,39.9,False,1,39.9,Card
ORC-20260602-0695,3,2026-06-02 19:06:34,  Orchard Central  ,SOK-M-02,Men's Pile Crew Socks,Socks,Men,5.9,5.9,False,1,5.9,Card
ORC-20260602-1092,3,2026-06-02 17:45:16,Orchard Central,TOP-W-05,Women's Merino Blend Cardigan,Tops,Women,31.36,39.9,True,1,31.36,NETS
ORC-20260602-0100,2,2026-06-02 22:16:40,Orchard Central,TOP-W-04,  Women's Heattech Crew Neck Long Sleeve Tee  ,Tops,Women,14.9,14.9,False,1,14.9,Card
BUG-20260602-0520,1,2026-06-02 15:33:34,Bugis,SOK-W-03,Women's Airism Low-Cut Socks,Socks,Women,5.9,5.9,False,1,5.9,PayNow
ORC-20260602-0482,1,2026-06-02 21:03:03,ORCHARD CENTRAL,TOP-M-01,Men's Airism Cotton Crew Neck T-Shirt,Tops,Men,14.9,14.9,False,1,14.9,Cash
PUN-20260602-0345,1,2026-06-02 19:56:47,Punggol,UND-M-01,Men's Airism Boxer Briefs,underwear,Men,14.9,14.9,False,1,14.9,Card
PUN-20260602-0242,3,2026-06-02 22:01:29,Punggol,TOP-M-02,Men's Supima Cotton Polo Shirt,Tops,Men,29.9,29.9,False,1,29.9,Card
BUG-20260602-0454,1,2026-06-02 14:35:22,Bugis,SOK-W-02,Women's Pile Crew Socks,Socks,Women,5.9,5.9,False,1,5.9,Card
ORC-20260602-0374,1,2026-06-02 15:37:37,Orchard Central,TOP-M-03,Men's Dry-EX Crew Neck T-Shirt,Tops,Men,19.9,19.9,False,1,19.9,card
ORC-20260602-0266,1,2026-06-02 20:57:19,Orchard Central,SOK-W-04,Women's Ribbed Crew Socks,Socks,Women,5.9,5.9,False,1,5.9,Card
ORC-20260602-0666,2,2026-06-02 21:48:53,Orchard Central,SOK-M-04,Men's Ribbed Crew Socks,Socks,Men,5.9,5.9,False,1,5.9,Card
ORC-20260602-0002,1,2026-06-02 19:46:02,Orchard Central,SOK-W-03,Women's Airism Low-Cut Socks,Socks,Women,5.9,5.9,False,1,5.9,PAYNOW
BUG-20260602-0319,2,2026-06-02 19:18:36,Bugis,SOK-W-10,Women's Wool Blend Socks,Socks,Women,9.9,9.9,False,1,9.9,Card
BUG-20260602-0020,3,2026-06-02 21:22:30,  Bugis  ,BTM-M-04,Men's Dry Stretch Shorts,BOTTOMS,Men,19.9,19.9,False,1,19.9,nets
PUN-20260602-0466,2,2026-06-02 13:32:21,Punggol,BTM-W-02,Women's High-Rise Wide Leg Pants,Bottoms,women,39.9,39.9,False,1,39.9,NETS
ORC-20260602-0142,1,2026-06-02 19:43:21,Orchard Central,SOK-M-01,Men's Ankle Socks 3-Pack,Socks,Men,14.9,14.9,False,1,14.9,Card
BUG-20260602-0466,1,2026-06-02 14:08:07,Bugis,TOP-W-04,Women's Heattech Crew Neck Long Sleeve Tee,Tops,Women,14.9,14.9,False,1,14.9,Card
BUG-20260602-0162,2,2026-06-02 18:22:34,Bugis,SOK-M-01,Men's Ankle Socks 3-Pack,Socks,MEN,14.9,14.9,False,1,14.9,PayNow
BUG-20260602-0813,2,2026-06-02 21:16:32,Bugis,SOK-M-06,Men's Heattech Socks,Socks,Men,9.9,9.9,False,1,9.9,PayNow
ORC-20260602-0543,1,2026-06-02 12:49:37,Orchard Central,SOK-W-03,Women's Airism Low-Cut Socks,Socks,Women,5.9,5.9,False,1,5.9,PayNow
BUG-20260602-0497,2,2026-06-02 15:01:51,Bugis,UND-M-01,Men's Airism Boxer Briefs,Underwear,Men,14.9,14.9,False,1,14.9,NETS
ORC-20260602-0371,2,2026-06-02 11:56:28,Orchard Central,TOP-W-02,Women's Ribbed Long Sleeve Turtleneck,TOPS,Women,19.9,19.9,False,1,19.9,Cash
PUN-20260602-0260,1,2026-06-02 18:16:52,  Punggol  ,BTM-W-01,Women's Ultra Stretch Skinny Jeans,Bottoms,Women,39.9,39.9,False,1,39.9,Card
PUN-20260602-0130,2,2026-06-02 18:32:04,Punggol,SOK-M-02,Men's Pile Crew Socks,Socks,men,5.9,5.9,False,1,5.9,NETS
ORC-20260602-0615,2,2026-06-02 11:08:59,ORCHARD CENTRAL,UND-M-02,Men's Cotton Blend Trunks,Underwear,Men,14.9,14.9,False,1,14.9,Cash
ORC-20260602-0860,1,2026-06-02 17:44:41,Orchard Central,UND-W-03,Women's Cotton Blend Briefs,Underwear,Women,9.9,9.9,False,1,9.9,Card
ORC-20260602-0135,1,2026-06-02 18:02:25,Orchard Central,SOK-M-02,Men's Pile Crew Socks,socks,Men,5.9,5.9,False,1,5.9,NETS
ORC-20260602-0653,1,2026-06-02 19:02:26,ORCHARD CENTRAL,SOK-M-03,  Men's Airism Low-Cut Socks  ,Socks,Men,5.9,5.9,False,1,5.9,NETS
PUN-20260602-0548,3,2026-06-02 20:31:20,Punggol,TOP-M-01,Men's Airism Cotton Crew Neck T-Shirt,Tops,Men,14.9,14.9,False,1,14.9,PayNow
PUN-20260602-0674,1,2026-06-02 21:36:26,Punggol,SOK-M-03,Men's Airism Low-Cut Socks,Socks,Men,5.9,5.9,False,1,5.9,Card
ORC-20260602-0785,1,2026-06-02 21:56:35,Orchard Central,UND-W-01,Women's Airism Bikini Shorts,Underwear,Women,9.9,9.9,False,1,9.9,
PUN-20260602-0298,2,2026-06-02 17:00:46,Punggol,UND-M-04,  Men's Cotton Crew Neck Undershirt  ,Underwear,Men,14.9,14.9,False,1,14.9,Card
BUG-20260602-0111,1,2026-06-02 21:44:46,BUGIS,BTM-M-08,Men's Relaxed Fit Denim Shorts,Bottoms,Men,$22.99,29.9,True,1,22.99,Cash
ORC-20260602-0695,2,2026-06-02 19:06:34,Orchard Central,UND-W-01,Women's Airism Bikini Shorts,Underwear,Women,9.9,9.9,False,1,9.9,Card
ORC-20260602-0958,1,2026-06-02 19:00:17,Orchard Central,SOK-M-09,Men's No-Show Sneaker Socks,Socks,Men,4.11,5.9,True,2,8.22,Cash
BUG-20260602-0058,1,2026-06-02 19:08:47,Bugis,UND-W-01,Women's Airism Bikini Shorts,Underwear,Women,9.9,9.9,False,1,9.9,NETS
ORC-20260602-0151,3,2026-06-02 17:32:51,Orchard Central,BTM-W-02,Women's High-Rise Wide Leg Pants,Bottoms,Women,39.9,39.9,False,1,39.9,Card
ORC-20260602-0583,2,2026-06-02 17:55:33,Orchard Central,TOP-W-01,Women's Airism Cotton Crew Neck T-Shirt,Tops,Women,14.9,14.9,False,1,14.9,Cash
ORC-20260602-0663,3,2026-06-02 20:48:55,Orchard Central,UND-W-03,Women's Cotton Blend Briefs,Underwear,women,9.9,9.9,False,2,19.8,Card
PUN-20260602-0133,1,2026-06-02 13:48:45,Punggol,BTM-M-02,  Men's Slim Fit Chino Trousers  ,Bottoms,Men,29.9,29.9,False,1,29.9,Card
BUG-20260602-0677,2,2026-06-02 16:33:26,BUGIS,UND-W-03,  Women's Cotton Blend Briefs  ,Underwear,Women,9.9,9.9,False,1,9.9,PayNow
ORC-20260602-0441,3,2026-06-02 21:17:22,Orchard Central,TOP-W-01,Women's Airism Cotton Crew Neck T-Shirt,Tops,Women,14.9,14.9,False,1,14.9,cash
BUG-20260602-0042,1,2026-06-02 19:53:44,Bugis,SOK-W-02,Women's Pile Crew Socks,Socks,Women,5.9,5.9,False,1,5.9,PayNow
BUG-20260602-0055,2,2026-06-02 19:28:03,BUGIS,SOK-M-04,Men's Ribbed Crew Socks,Socks,Men,5.9,5.9,False,2,11.8,PAYNOW
BUG-20260602-0613,3,2026-06-02 20:12:17,Bugis,SOK-W-01,Women's Ankle Socks 3-Pack,Socks,Women,14.9,14.9,False,1,14.9,NETS
BUG-20260602-0468,2,2026-06-02 14:01:00,bugis,SOK-M-02,Men's Pile Crew Socks,Socks,men,5.9,5.9,False,1,5.9,Card
ORC-20260602-0299,2,2026-06-02 12:28:50,orchard central,UND-M-01,  Men's Airism Boxer Briefs  ,UNDERWEAR,Men,14.9,14.9,False,1,14.9,Paynow
ORC-20260602-0694,1,2026-06-02 11:11:59,orchard central,SOK-M-04,Men's Ribbed Crew Socks,SOCKS,Men,5.9,5.9,False,1,5.9,Card
PUN-20260602-0077,2,2026-06-02 18:38:26,PUNGGOL,SOK-W-04,Women's Ribbed Crew Socks,Socks,Women,5.9,5.9,False,1,5.9,PayNow
BUG-20260602-0258,3,2026-06-02 15:04:15,Bugis,SOK-W-02,Women's Pile Crew Socks,Socks,Women,5.9,5.9,False,1,5.9,Card
ORC-20260602-0039,3,2026-06-02 19:37:40,Orchard Central,BTM-M-08,  Men's Relaxed Fit Denim Shorts  ,Bottoms,Men,22.99,29.9,True,1,22.99,card
PUN-20260602-0480,2,2026-06-02 18:26:22,Punggol,UND-M-10,Men's Cotton Blend Briefs,Underwear,Men,9.9,9.9,False,1,9.9,Card
BUG-20260602-0425,1,2026-06-02 17:43:49,Bugis,SOK-W-02,Women's Pile Crew Socks,Socks,Women,$5.9,5.9,False,1,5.9,NETS
BUG-20260602-0273,2,2026-06-02 15:04:07,Bugis,UND-W-03,Women's Cotton Blend Briefs,Underwear,Women,9.9,9.9,False,1,9.9,Card
ORC-20260602-0385,3,2026-06-02 12:50:17,ORCHARD CENTRAL,UND-W-03,Women's Cotton Blend Briefs,underwear,Women,9.9,9.9,False,1,9.9,CARD
BUG-20260602-0657,1,2026-06-02 20:26:36,Bugis,TOP-M-04,Men's Oxford Long Sleeve Shirt,Tops,Men,29.9,29.9,False,1,29.9,Card
ORC-20260602-0364,1,2026-06-02 11:59:28,Orchard Central,SOK-W-03,Women's Airism Low-Cut Socks,Socks,women,5.9,5.9,False,1,5.9,Cash
BUG-20260602-0131,2,2026-06-02 20:04:35,Bugis,SOK-M-03,  Men's Airism Low-Cut Socks  ,Socks,men,5.9,5.9,False,1,5.9,Card
BUG-20260602-0814,1,2026-06-02 13:46:28,Bugis,UND-M-04,Men's Cotton Crew Neck Undershirt,Underwear,Men,14.9,14.9,False,1,14.9,Card
BUG-20260602-0282,2,2026-06-02 16:11:45,Bugis,UND-M-01,Men's Airism Boxer Briefs,Underwear,Men,14.9,14.9,False,2,29.8,NETS
PUN-20260602-0636,1,2026-06-02 21:54:38,Punggol,UND-M-07,Men's Stretch Cotton Boxers,Underwear,Men,14.9,14.9,False,2,29.8,PayNow
BUG-20260602-0590,2,2026-06-02 20:33:51,Bugis,BTM-M-01,Men's Ezy Ankle Pants,Bottoms,Men,29.9,29.9,False,1,29.9,Card
ORC-20260602-0991,2,2026-06-02 17:16:44,Orchard Central,SOK-M-04,Men's Ribbed Crew Socks,socks,Men,5.9,5.9,False,1,5.9,Card
ORC-20260602-1035,3,2026-06-02 12:47:54,Orchard Central,SOK-M-04,Men's Ribbed Crew Socks,Socks,Men,5.9,5.9,False,1,5.9,Card
ORC-20260602-0481,1,2026-06-02 19:17:14,Orchard Central,BTM-W-08,Women's Smart Ankle Pants,Bottoms,Women,39.9,39.9,False,1,39.9,PayNow
PUN-20260602-0301,2,2026-06-02 19:12:36,Punggol,SOK-W-02,Women's Pile Crew Socks,Socks,Women,5.9,5.9,False,2,11.8,PayNow
BUG-20260602-0095,1,2026-06-02 21:19:54,BUGIS,SOK-M-02,Men's Pile Crew Socks,Socks,Men,5.9,5.9,False,1,5.9,paynow
ORC-20260602-0134,2,2026-06-02 13:02:03,Orchard Central,SOK-M-04,Men's Ribbed Crew Socks,Socks,Men,5.9,5.9,False,1,5.9,Card
ORC-20260602-0587,1,2026-06-02 19:34:14,  Orchard Central  ,SOK-W-03,Women's Airism Low-Cut Socks,Socks,Women,5.9,5.9,False,1,5.9,CARD
BUG-20260602-0575,1,2026-06-02 18:34:29,bugis,TOP-W-01,Women's Airism Cotton Crew Neck T-Shirt,Tops,Women,14.9,14.9,False,1,14.9,PayNow
PUN-20260602-0433,3,2026-06-02 20:30:04,Punggol,SOK-W-01,Women's Ankle Socks 3-Pack,Socks,Women,14.9,14.9,False,2,29.8,NETS
ORC-20260602-0292,2,2026-06-02 19:55:18,Orchard Central,SOK-W-04,Women's Ribbed Crew Socks,Socks,Women,5.9,5.9,False,1,5.9,Card
BUG-20260602-0087,3,2026-06-02 12:19:38,Bugis,SOK-M-04,Men's Ribbed Crew Socks,Socks,Men,5.9,5.9,False,2,11.8,PayNow
ORC-20260602-0562,3,2026-06-02 15:32:42,Orchard Central,SOK-M-09,Men's No-Show Sneaker Socks,Socks,Men,4.11,5.9,True,1,4.11,PayNow
ORC-20260602-0623,2,2026-06-02 21:56:25,ORCHARD CENTRAL,SOK-W-03,Women's Airism Low-Cut Socks,Socks,Women,5.9,5.9,False,1,5.9,Card
PUN-20260602-0388,1,2026-06-02 18:01:31,Punggol,SOK-W-04,Women's Ribbed Crew Socks,Socks,Women,5.9,5.9,False,1,5.9,PayNow
PUN-20260602-0329,2,2026-06-02 21:24:23,Punggol,UND-W-01,Women's Airism Bikini Shorts,underwear,Women,9.9,9.9,False,1,9.9,Card
ORC-20260602-0963,1,2026-06-02 18:48:11,Orchard Central,UND-W-01,Women's Airism Bikini Shorts,Underwear,Women,9.9,9.9,False,1,9.9,NETS
ORC-20260602-0817,1,2026-06-02 20:28:02,Orchard Central,SOK-M-03,Men's Airism Low-Cut Socks,Socks,Men,5.9,5.9,False,1,5.9,Cash
BUG-20260602-0335,2,2026-06-02 20:27:14,Bugis,SOK-M-04,Men's Ribbed Crew Socks,Socks,Men,5.9,5.9,False,1,5.9,Card
ORC-20260602-0328,1,2026-06-02 20:53:54,Orchard Central,TOP-W-07,Women's Fleece Pullover Hoodie,Tops,Women,29.9,29.9,False,1,29.9,PayNow
BUG-20260602-0756,2,2026-06-02 21:17:23,Bugis,UND-M-02,Men's Cotton Blend Trunks,underwear,Men,14.9,14.9,False,1,14.9,Nets
PUN-20260602-0193,1,2026-06-02 14:54:54,Punggol,SOK-M-03,Men's Airism Low-Cut Socks,socks,Men,5.9,5.9,False,1,5.9,nets
BUG-20260602-0238,1,2026-06-02 22:31:03,Bugis,SOK-W-03,Women's Airism Low-Cut Socks,Socks,Women,5.9,5.9,False,1,5.9,NETS
PUN-20260602-0496,2,2026-06-02 20:26:44,Punggol,TOP-M-02,Men's Supima Cotton Polo Shirt,TOPS,Men,29.9,29.9,False,1,29.9,PayNow
PUN-20260602-0184,3,2026-06-02 22:14:05,Punggol,SOK-M-02,Men's Pile Crew Socks,Socks,Men,5.9,5.9,False,2,11.8,NETS
PUN-20260602-0212,1,2026-06-02 18:20:12,Punggol,TOP-W-01,Women's Airism Cotton Crew Neck T-Shirt,Tops,Women,$14.9,14.9,False,1,14.9,Cash
ORC-20260602-0932,1,2026-06-02 18:33:07,Orchard Central,SOK-W-04,Women's Ribbed Crew Socks,Socks,Women,5.9,5.9,False,1,5.9,Card
PUN-20260602-0207,1,2026-06-02 21:47:56,Punggol,SOK-W-04,Women's Ribbed Crew Socks,socks,Women,5.9,5.9,False,1,5.9,Card
PUN-20260602-0331,2,2026-06-02 20:18:00,  Punggol  ,TOP-W-03,Women's Silky Satin Blouse,Tops,Women,39.9,39.9,False,1,39.9,Card
PUN-20260602-0194,1,2026-06-02 19:24:12,  Punggol  ,SOK-M-04,Men's Ribbed Crew Socks,Socks,Men,5.9,5.9,False,1,5.9,Card
PUN-20260602-0656,1,2026-06-02 22:25:04,Punggol,SOK-W-04,  Women's Ribbed Crew Socks  ,Socks,Women,5.9,5.9,False,1,5.9,
PUN-20260602-0113,2,2026-06-02 14:41:07,Punggol,SOK-W-04,Women's Ribbed Crew Socks,Socks,Women,5.9,5.9,False,1,5.9,NETS
BUG-20260602-0615,3,2026-06-02 20:52:43,BUGIS,UND-W-03,Women's Cotton Blend Briefs,UNDERWEAR,Women,9.9,9.9,False,1,9.9,NETS
BUG-20260602-0069,1,2026-06-02 18:59:22,Bugis,TOP-M-03,Men's Dry-EX Crew Neck T-Shirt,Tops,Men,19.9,19.9,False,1,19.9,paynow
PUN-20260602-0037,2,2026-06-02 18:31:34,Punggol,TOP-M-02,Men's Supima Cotton Polo Shirt,Tops,Men,29.9,29.9,False,1,29.9,Card
ORC-20260602-0492,1,2026-06-02 20:10:45,Orchard Central,SOK-W-01,Women's Ankle Socks 3-Pack,Socks,women,14.9,14.9,False,2,29.8,Card
BUG-20260602-0108,1,2026-06-02 20:59:25,Bugis,UND-W-01,  Women's Airism Bikini Shorts  ,Underwear,Women,9.9,9.9,False,1,9.9,Card
ORC-20260602-0505,1,2026-06-02 21:30:16,Orchard Central,TOP-W-01,Women's Airism Cotton Crew Neck T-Shirt,Tops,Women,14.9,14.9,False,1,14.9,Card
ORC-20260602-0787,1,2026-06-02 19:06:03,orchard central,BTM-M-02,Men's Slim Fit Chino Trousers,Bottoms,Men,29.9,29.9,False,1,29.9,card
PUN-20260602-0169,1,2026-06-02 12:05:32,Punggol,UND-M-04,Men's Cotton Crew Neck Undershirt,UNDERWEAR,Men,14.9,14.9,False,1,14.9,Card
BUG-20260602-0377,1,2026-06-02 11:15:42,  Bugis  ,BTM-M-02,Men's Slim Fit Chino Trousers,Bottoms,Men,29.9,29.9,False,1,29.9,
PUN-20260602-0526,1,2026-06-02 20:30:05,Punggol,SOK-W-03,Women's Airism Low-Cut Socks,Socks,Women,5.9,5.9,False,1,5.9,PayNow
PUN-20260602-0160,2,2026-06-02 17:09:52,PUNGGOL,BTM-W-02,Women's High-Rise Wide Leg Pants,Bottoms,Women,39.9,39.9,False,1,39.9,Card
ORC-20260602-0441,2,2026-06-02 21:17:22,Orchard Central,UND-M-01,Men's Airism Boxer Briefs,Underwear,Men,14.9,14.9,False,1,14.9,Cash
PUN-20260602-0627,2,2026-06-02 12:24:39,Punggol,UND-W-03,Women's Cotton Blend Briefs,Underwear,WOMEN,9.9,9.9,False,1,9.9,Card
ORC-20260602-1096,1,2026-06-02 19:35:23,Orchard Central,SOK-W-09,  Women's No-Show Sneaker Socks  ,Socks,Women,5.9,5.9,False,1,5.9,Cash
PUN-20260602-0583,1,2026-06-02 21:48:02,Punggol,UND-W-04,Women's Airism T-Shirt Bra,Underwear,Women,$29.9,29.9,False,1,29.9,Paynow
ORC-20260602-0559,3,2026-06-02 17:24:59,Orchard Central,TOP-M-01,Men's Airism Cotton Crew Neck T-Shirt,Tops,men,14.9,14.9,False,1,14.9,CASH
ORC-20260602-0477,3,2026-06-02 21:47:02,Orchard Central,BTM-W-04,Women's Denim Straight Jeans,Bottoms,Women,49.9,49.9,False,1,49.9,Card
ORC-20260602-0249,2,2026-06-02 21:08:54,Orchard Central,TOP-M-01,Men's Airism Cotton Crew Neck T-Shirt,Tops,Men,14.9,14.9,False,1,14.9,PayNow
ORC-20260602-0394,2,2026-06-02 20:48:20,  Orchard Central  ,SOK-W-04,Women's Ribbed Crew Socks,Socks,Women,5.9,5.9,False,1,5.9,PayNow
BUG-20260602-0746,2,2026-06-02 19:48:54,Bugis,UND-W-04,Women's Airism T-Shirt Bra,Underwear,Women,29.9,29.9,False,2,59.8,Card
BUG-20260602-0194,1,2026-06-02 14:21:49,Bugis,UND-M-01,Men's Airism Boxer Briefs,Underwear,Men,14.9,14.9,False,1,14.9,Card
BUG-20260602-0280,3,2026-06-02 20:03:20,Bugis,SOK-M-03,Men's Airism Low-Cut Socks,Socks,Men,5.9,5.9,False,1,5.9,NETS
ORC-20260602-0690,2,2026-06-02 13:06:41,Orchard Central,TOP-W-04,Women's Heattech Crew Neck Long Sleeve Tee,Tops,Women,14.9,14.9,False,1,14.9,PayNow
BUG-20260602-0092,1,2026-06-02 11:15:23,Bugis,TOP-W-02,Women's Ribbed Long Sleeve Turtleneck,TOPS,Women,19.9,19.9,False,1,19.9,NETS
ORC-20260602-0040,3,2026-06-02 18:29:20,Orchard Central,SOK-M-09,Men's No-Show Sneaker Socks,Socks,Men,4.11,5.9,True,1,4.11,PayNow
PUN-20260602-0474,1,2026-06-02 19:35:45,PUNGGOL,SOK-M-03,Men's Airism Low-Cut Socks,Socks,men,5.9,5.9,False,2,11.8,card
BUG-20260602-0767,1,2026-06-02 17:37:18,bugis,UND-M-04,Men's Cotton Crew Neck Undershirt,underwear,Men,14.9,14.9,False,1,14.9,Card
BUG-20260602-0718,1,2026-06-02 12:10:16,Bugis,UND-M-01,Men's Airism Boxer Briefs,Underwear,Men,14.9,14.9,False,1,14.9,Card
ORC-20260602-0408,1,2026-06-02 17:57:28,Orchard Central,SOK-W-02,Women's Pile Crew Socks,Socks,Women,5.9,5.9,False,1,5.9,Cash
ORC-20260602-0336,1,2026-06-02 14:30:58,orchard central,SOK-M-04,Men's Ribbed Crew Socks,Socks,Men,5.9,5.9,False,1,5.9,Card
BUG-20260602-0657,3,2026-06-02 20:26:36,  Bugis  ,TOP-W-01,Women's Airism Cotton Crew Neck T-Shirt,Tops,Women,14.9,14.9,False,1,14.9,Card
ORC-20260602-0247,1,2026-06-02 12:02:28,  Orchard Central  ,UND-W-09,Women's Cotton Boyshorts,Underwear,Women,9.9,9.9,False,1,9.9,Card
BUG-20260602-0080,2,2026-06-02 21:19:58,Bugis,UND-W-01,Women's Airism Bikini Shorts,Underwear,WOMEN,9.9,9.9,False,1,9.9,PayNow
PUN-20260602-0335,1,2026-06-02 19:45:44,Punggol,SOK-W-04,Women's Ribbed Crew Socks,SOCKS,Women,5.9,5.9,False,1,5.9,Card
BUG-20260602-0475,3,2026-06-02 19:32:50,  bugis  ,SOK-W-02,Women's Pile Crew Socks,Socks,Women,5.9,5.9,False,1,5.9,NETS
ORC-20260602-0970,3,2026-06-02 21:37:46,Orchard Central,TOP-W-04,Women's Heattech Crew Neck Long Sleeve Tee,Tops,Women,14.9,14.9,False,1,14.9,Card
PUN-20260602-0069,1,2026-06-02 19:23:57,punggol,UND-W-03,Women's Cotton Blend Briefs,Underwear,Women,9.9,9.9,False,1,9.9,Cash
PUN-20260602-0245,1,2026-06-02 17:34:29,Punggol,SOK-W-01,Women's Ankle Socks 3-Pack,Socks,women,14.9,14.9,False,1,14.9,Cash
PUN-20260602-0368,1,2026-06-02 18:32:34,Punggol,BTM-M-02,Men's Slim Fit Chino Trousers,Bottoms,Men,29.9,29.9,False,1,29.9,NETS
BUG-20260602-0772,1,2026-06-02 20:42:45,Bugis,SOK-M-03,Men's Airism Low-Cut Socks,Socks,Men,5.9,5.9,False,1,5.9,PayNow
ORC-20260602-0922,3,2026-06-02 19:32:23,Orchard Central,UND-W-09,Women's Cotton Boyshorts,Underwear,Women,9.9,9.9,False,1,9.9,PayNow
ORC-20260602-0071,1,2026-06-02 18:46:00,Orchard Central,SOK-M-03,Men's Airism Low-Cut Socks,Socks,MEN,5.9,5.9,False,1,5.9,card
PUN-20260602-0165,1,2026-06-02 21:04:04,punggol,UND-W-01,Women's Airism Bikini Shorts,Underwear,Women,9.9,9.9,False,2,19.8,NETS
ORC-20260602-1099,1,2026-06-02 15:24:38,Orchard Central,BTM-W-02,Women's High-Rise Wide Leg Pants,Bottoms,Women,39.9,39.9,False,1,39.9,Card
ORC-20260602-1085,2,2026-06-02 21:37:41,Orchard Central,UND-M-04,Men's Cotton Crew Neck Undershirt,Underwear,Men,14.9,14.9,False,1,14.9,Nets
PUN-20260602-0372,2,2026-06-02 20:46:31,Punggol,SOK-M-03,Men's Airism Low-Cut Socks,Socks,Men,5.9,5.9,False,1,5.9,PayNow
ORC-20260602-0690,1,2026-06-02 13:06:41,Orchard Central,SOK-W-09,Women's No-Show Sneaker Socks,Socks,Women,5.9,5.9,False,1,5.9,PayNow
PUN-20260602-0211,1,2026-06-02 18:54:01,Punggol,SOK-W-01,Women's Ankle Socks 3-Pack,SOCKS,Women,14.9,14.9,False,1,14.9,Card
ORC-20260602-0425,1,2026-06-02 15:15:13,Orchard Central,BTM-M-01,Men's Ezy Ankle Pants,Bottoms,Men,29.9,29.9,False,1,29.9,Card
ORC-20260602-0157,2,2026-06-02 19:12:32,Orchard Central,SOK-M-04,Men's Ribbed Crew Socks,Socks,Men,5.9,5.9,False,2,11.8,Cash
BUG-20260602-0532,1,2026-06-02 20:38:55,Bugis,SOK-W-03,Women's Airism Low-Cut Socks,Socks,Women,5.9,5.9,False,1,5.9,Card
ORC-20260602-0945,1,2026-06-02 16:43:26,Orchard Central,SOK-W-04,Women's Ribbed Crew Socks,Socks,Women,5.9,5.9,False,1,5.9,Card
ORC-20260602-0094,2,2026-06-02 15:20:37,Orchard Central,BTM-W-01,  Women's Ultra Stretch Skinny Jeans  ,Bottoms,Women,39.9,39.9,False,1,39.9,Card
PUN-20260602-0611,1,2026-06-02 21:49:52,Punggol,UND-M-04,Men's Cotton Crew Neck Undershirt,Underwear,Men,14.9,14.9,False,1,14.9,PayNow
ORC-20260602-0531,3,2026-06-02 18:20:59,ORCHARD CENTRAL,SOK-M-09,Men's No-Show Sneaker Socks,Socks,Men,4.11,5.9,True,2,$8.22,Cash
ORC-20260602-0230,1,2026-06-02 13:50:36,Orchard Central,SOK-W-02,Women's Pile Crew Socks,Socks,Women,5.9,5.9,False,1,5.9,Card
PUN-20260602-0371,2,2026-06-02 21:32:14,  Punggol  ,TOP-W-02,Women's Ribbed Long Sleeve Turtleneck,Tops,WOMEN,19.9,19.9,False,1,19.9,Card
BUG-20260602-0574,1,2026-06-02 16:53:27,Bugis,UND-W-01,Women's Airism Bikini Shorts,Underwear,Women,9.9,9.9,False,1,9.9,paynow
ORC-20260602-0013,2,2026-06-02 18:59:00,Orchard Central,SOK-W-02,Women's Pile Crew Socks,Socks,Women,5.9,5.9,False,1,5.9,Card
ORC-20260602-0450,3,2026-06-02 21:50:43,Orchard Central,SOK-W-02,Women's Pile Crew Socks,Socks,WOMEN,5.9,5.9,False,1,5.9,NETS
PUN-20260602-0009,2,2026-06-02 17:05:58,  punggol  ,UND-W-03,Women's Cotton Blend Briefs,Underwear,Women,9.9,9.9,False,1,9.9,Card
PUN-20260602-0567,3,2026-06-02 11:56:20,  Punggol  ,BTM-W-02,Women's High-Rise Wide Leg Pants,Bottoms,Women,39.9,39.9,False,1,39.9,Card
ORC-20260602-0007,1,2026-06-02 18:28:25,Orchard Central,UND-W-05,Women's Seamless Shorts,Underwear,Women,9.9,9.9,False,1,9.9,PayNow
BUG-20260602-0474,2,2026-06-02 21:25:33,Bugis,SOK-W-04,Women's Ribbed Crew Socks,Socks,Women,5.9,5.9,False,1,5.9,NETS
ORC-20260602-1088,1,2026-06-02 18:58:09,Orchard Central,UND-M-03,Men's Airism Mesh Boxer Briefs,Underwear,Men,14.9,14.9,False,1,14.9,PayNow
ORC-20260602-1046,1,2026-06-02 22:37:43,Orchard Central,SOK-M-07,Men's Striped Crew Socks,Socks,Men,5.9,5.9,False,1,5.9,PayNow
BUG-20260602-0048,2,2026-06-02 21:34:57,Bugis,SOK-W-03,Women's Airism Low-Cut Socks,SOCKS,Women,5.9,5.9,False,1,5.9,PayNow
PUN-20260602-0358,1,2026-06-02 15:35:42,Punggol,BTM-M-03,Men's Selvedge Regular Fit Jeans,Bottoms,Men,59.9,59.9,False,1,59.9,NETS
PUN-20260602-0430,1,2026-06-02 18:45:08,Punggol,SOK-W-04,Women's Ribbed Crew Socks,Socks,Women,5.9,5.9,False,1,5.9,PayNow
BUG-20260602-0276,2,2026-06-02 21:28:49,Bugis,UND-M-04,Men's Cotton Crew Neck Undershirt,Underwear,Men,14.9,14.9,False,1,14.9,Card
ORC-20260602-0434,2,2026-06-02 20:43:48,Orchard Central,UND-W-04,  Women's Airism T-Shirt Bra  ,UNDERWEAR,Women,29.9,29.9,False,1,29.9,PayNow
ORC-20260602-0635,1,2026-06-02 21:59:19,  Orchard Central  ,UND-M-04,Men's Cotton Crew Neck Undershirt,Underwear,Men,14.9,14.9,False,1,$14.9,Card
ORC-20260602-0157,2,2026-06-02 19:12:32,Orchard Central,SOK-M-04,Men's Ribbed Crew Socks,Socks,Men,5.9,5.9,False,2,11.8,cash
PUN-20260602-0286,2,2026-06-02 19:01:03,Punggol,TOP-W-01,Women's Airism Cotton Crew Neck T-Shirt,Tops,Women,14.9,14.9,False,1,14.9,
ORC-20260602-0140,1,2026-06-02 20:28:57,Orchard Central,SOK-W-03,Women's Airism Low-Cut Socks,Socks,Women,5.9,5.9,False,1,$5.9,Card
ORC-20260602-0757,2,2026-06-02 22:01:00,Orchard Central,TOP-M-01,Men's Airism Cotton Crew Neck T-Shirt,Tops,Men,14.9,14.9,False,1,14.9,NETS
BUG-20260602-0488,1,2026-06-02 17:57:34,Bugis,TOP-W-03,Women's Silky Satin Blouse,Tops,Women,39.9,39.9,False,1,39.9,Card
ORC-20260602-0625,1,2026-06-02 20:31:40,Orchard Central,SOK-M-09,  Men's No-Show Sneaker Socks  ,SOCKS,Men,4.11,5.9,True,1,4.11,PAYNOW
ORC-20260602-0001,1,2026-06-02 18:17:08,Orchard Central,SOK-M-04,Men's Ribbed Crew Socks,Socks,Men,5.9,5.9,False,1,5.9,PayNow
ORC-20260602-1027,1,2026-06-02 19:18:42,Orchard Central,SOK-W-04,Women's Ribbed Crew Socks,Socks,Women,5.9,5.9,False,2,11.8,NETS
ORC-20260602-0876,1,2026-06-02 19:32:30,orchard central,SOK-M-09,Men's No-Show Sneaker Socks,Socks,Men,4.11,5.9,True,1,4.11,NETS
ORC-20260602-0361,1,2026-06-02 16:17:01,Orchard Central,SOK-W-01,Women's Ankle Socks 3-Pack,Socks,Women,14.9,14.9,False,1,14.9,NETS
BUG-20260602-0433,1,2026-06-02 21:16:21,Bugis,SOK-W-03,  Women's Airism Low-Cut Socks  ,Socks,Women,5.9,5.9,False,1,5.9,Nets
PUN-20260602-0262,1,2026-06-02 20:51:16,Punggol,TOP-M-01,Men's Airism Cotton Crew Neck T-Shirt,Tops,Men,14.9,14.9,False,1,14.9,Cash
BUG-20260602-0168,1,2026-06-02 18:35:18,Bugis,BTM-W-03,Women's Ezy Ankle Pants,BOTTOMS,Women,29.9,29.9,False,1,29.9,PayNow
BUG-20260602-0222,1,2026-06-02 11:30:40,Bugis,TOP-W-02,Women's Ribbed Long Sleeve Turtleneck,Tops,Women,19.9,19.9,False,1,19.9,Cash
ORC-20260602-0314,3,2026-06-02 20:25:14,Orchard Central,SOK-M-04,Men's Ribbed Crew Socks,Socks,MEN,5.9,5.9,False,1,5.9,Card
PUN-20260602-0440,1,2026-06-02 21:09:27,Punggol,SOK-W-04,Women's Ribbed Crew Socks,Socks,Women,5.9,5.9,False,1,5.9,Card
ORC-20260602-0637,2,2026-06-02 19:05:30,Orchard Central,SOK-M-07,Men's Striped Crew Socks,Socks,Men,5.9,5.9,False,1,5.9,Card
ORC-20260602-0769,1,2026-06-02 21:49:50,Orchard Central,SOK-W-09,Women's No-Show Sneaker Socks,Socks,Women,5.9,5.9,False,1,5.9,Card
ORC-20260602-0181,1,2026-06-02 15:17:52,ORCHARD CENTRAL,SOK-M-01,Men's Ankle Socks 3-Pack,Socks,Men,14.9,14.9,False,1,14.9,Card
PUN-20260602-0611,2,2026-06-02 21:49:52,Punggol,SOK-W-02,Women's Pile Crew Socks,Socks,Women,5.9,5.9,False,1,5.9,PayNow
PUN-20260602-0254,3,2026-06-02 21:40:50,Punggol,SOK-W-04,Women's Ribbed Crew Socks,Socks,Women,5.9,5.9,False,1,5.9,Card
ORC-20260602-0008,2,2026-06-02 12:03:46,Orchard Central,SOK-M-03,Men's Airism Low-Cut Socks,Socks,Men,5.9,5.9,False,1,5.9,PAYNOW
ORC-20260602-0631,2,2026-06-02 18:14:37,Orchard Central,UND-M-01,Men's Airism Boxer Briefs,Underwear,Men,14.9,14.9,False,1,14.9,Cash
BUG-20260602-0591,2,2026-06-02 18:13:19,Bugis,SOK-M-03,Men's Airism Low-Cut Socks,Socks,Men,5.9,5.9,False,1,5.9,Card
ORC-20260602-0393,1,2026-06-02 15:30:41,Orchard Central,SOK-W-03,,Socks,Women,5.9,5.9,False,1,5.9,NETS
PUN-20260602-0371,1,2026-06-02 21:32:14,Punggol,SOK-M-03,Men's Airism Low-Cut Socks,Socks,Men,5.9,5.9,False,1,5.9,Card
BUG-20260602-0071,3,2026-06-02 11:35:38,Bugis,SOK-W-03,Women's Airism Low-Cut Socks,Socks,WOMEN,5.9,5.9,False,1,5.9,card
ORC-20260602-0284,1,2026-06-02 12:17:10,Orchard Central,SOK-M-01,Men's Ankle Socks 3-Pack,Socks,Men,14.9,14.9,False,1,14.9,Card
BUG-20260602-0686,2,2026-06-02 21:05:06,Bugis,UND-W-01,Women's Airism Bikini Shorts,Underwear,WOMEN,9.9,9.9,False,1,9.9,NETS
BUG-20260602-0237,1,2026-06-02 20:44:08,  Bugis  ,SOK-W-02,Women's Pile Crew Socks,Socks,Women,5.9,5.9,False,1,5.9,PayNow
ORC-20260602-0590,2,2026-06-02 19:00:47,Orchard Central,TOP-M-04,Men's Oxford Long Sleeve Shirt,Tops,Men,29.9,29.9,False,1,29.9,PayNow
ORC-20260602-0153,1,2026-06-02 13:35:59,Orchard Central,UND-M-04,Men's Cotton Crew Neck Undershirt,Underwear,Men,14.9,14.9,False,2,29.8,Card
BUG-20260602-0576,3,2026-06-02 20:38:32,Bugis,SOK-M-04,Men's Ribbed Crew Socks,Socks,Men,5.9,5.9,False,1,5.9,PayNow
BUG-20260602-0450,2,2026-06-02 14:13:31,Bugis,SOK-M-03,Men's Airism Low-Cut Socks,Socks,Men,5.9,5.9,False,1,5.9,card
BUG-20260602-0084,1,2026-06-02 20:19:38,Bugis,SOK-M-04,Men's Ribbed Crew Socks,Socks,Men,5.9,5.9,False,2,11.8,NETS
ORC-20260602-0333,1,2026-06-02 17:02:15,Orchard Central,TOP-W-01,  Women's Airism Cotton Crew Neck T-Shirt  ,Tops,Women,14.9,14.9,False,1,14.9,CARD
BUG-20260602-0761,2,2026-06-02 22:27:45,  Bugis  ,SOK-W-02,Women's Pile Crew Socks,Socks,Women,5.9,5.9,False,1,5.9,PayNow
PUN-20260602-0538,3,2026-06-02 12:58:01,Punggol,SOK-W-01,Women's Ankle Socks 3-Pack,Socks,Women,14.9,14.9,False,1,14.9,Cash
ORC-20260602-0167,3,2026-06-02 17:43:02,Orchard Central,SOK-M-02,Men's Pile Crew Socks,Socks,Men,5.9,5.9,False,1,$5.9,Card
ORC-20260602-0373,2,2026-06-02 20:48:58,Orchard Central,UND-W-03,Women's Cotton Blend Briefs,Underwear,women,9.9,9.9,False,1,9.9,Card
ORC-20260602-0119,1,2026-06-02 17:23:34,  Orchard Central  ,SOK-W-02,Women's Pile Crew Socks,Socks,Women,5.9,5.9,False,1,5.9,Card
ORC-20260602-0728,1,2026-06-02 12:01:27,ORCHARD CENTRAL,TOP-W-01,Women's Airism Cotton Crew Neck T-Shirt,Tops,Women,14.9,14.9,False,1,14.9,Card
BUG-20260602-0615,2,2026-06-02 20:52:43,Bugis,UND-M-01,Men's Airism Boxer Briefs,Underwear,Men,14.9,14.9,False,1,14.9,NETS
ORC-20260602-0837,1,2026-06-02 19:24:59,Orchard Central,UND-W-01,Women's Airism Bikini Shorts,Underwear,Women,9.9,9.9,False,1,9.9,Card
ORC-20260602-0945,3,2026-06-02 16:43:26,Orchard Central,UND-M-04,  Men's Cotton Crew Neck Undershirt  ,Underwear,Men,14.9,14.9,False,1,14.9,Card
ORC-20260602-0987,1,2026-06-02 22:15:08,Orchard Central,SOK-W-02,Women's Pile Crew Socks,Socks,Women,5.9,5.9,False,2,11.8,Card
BUG-20260602-0323,1,2026-06-02 18:47:03,Bugis,UND-W-01,Women's Airism Bikini Shorts,Underwear,Women,9.9,9.9,False,1,9.9,PayNow
BUG-20260602-0563,1,2026-06-02 20:37:28,BUGIS,SOK-M-04,Men's Ribbed Crew Socks,Socks,Men,5.9,5.9,False,1,5.9,card
BUG-20260602-0258,2,2026-06-02 15:04:15,  Bugis  ,BTM-W-03,Women's Ezy Ankle Pants,Bottoms,Women,29.9,29.9,False,1,29.9,Card
BUG-20260602-0755,1,2026-06-02 14:41:57,Bugis,TOP-W-01,Women's Airism Cotton Crew Neck T-Shirt,tops,Women,14.9,14.9,False,1,14.9,Cash
PUN-20260602-0609,2,2026-06-02 18:55:39,Punggol,UND-W-04,Women's Airism T-Shirt Bra,Underwear,Women,29.9,29.9,False,1,29.9,Card
PUN-20260602-0230,1,2026-06-02 18:03:45,Punggol,UND-M-04,Men's Cotton Crew Neck Undershirt,Underwear,Men,14.9,14.9,False,2,29.8,PayNow
PUN-20260602-0573,1,2026-06-02 12:34:09,Punggol,SOK-M-02,Men's Pile Crew Socks,Socks,Men,5.9,5.9,False,1,5.9,PayNow
PUN-20260602-0091,1,2026-06-02 21:34:41,Punggol,SOK-W-02,Women's Pile Crew Socks,Socks,Women,5.9,5.9,False,1,5.9,Card
ORC-20260602-0320,1,2026-06-02 20:01:31,Orchard Central,TOP-M-01,  Men's Airism Cotton Crew Neck T-Shirt  ,TOPS,men,14.9,14.9,False,1,14.9,Card
ORC-20260602-0846,1,2026-06-02 20:12:38,  Orchard Central  ,SOK-W-02,  Women's Pile Crew Socks  ,Socks,Women,5.9,5.9,False,1,5.9,Card
PUN-20260602-0317,3,2026-06-02 17:29:12,Punggol,BTM-W-01,Women's Ultra Stretch Skinny Jeans,bottoms,Women,39.9,39.9,False,1,39.9,Card
PUN-20260602-0058,3,2026-06-02 20:23:18,Punggol,TOP-M-02,Men's Supima Cotton Polo Shirt,Tops,Men,29.9,29.9,False,1,29.9,Card
PUN-20260602-0063,3,2026-06-02 12:30:58,Punggol,UND-W-02,Women's Wireless Bra,underwear,Women,29.9,29.9,False,1,29.9,Cash
ORC-20260602-0532,3,2026-06-02 19:38:52,Orchard Central,SOK-W-04,Women's Ribbed Crew Socks,Socks,Women,5.9,5.9,False,1,5.9,Card
ORC-20260602-0948,1,2026-06-02 17:50:54,orchard central,SOK-W-03,Women's Airism Low-Cut Socks,Socks,Women,5.9,5.9,False,1,5.9,PayNow
ORC-20260602-0969,1,2026-06-02 14:42:45,Orchard Central,SOK-M-03,Men's Airism Low-Cut Socks,Socks,Men,5.9,5.9,False,1,5.9,NETS
PUN-20260602-0158,1,2026-06-02 21:57:47,Punggol,UND-W-01,Women's Airism Bikini Shorts,Underwear,Women,9.9,9.9,False,1,9.9,Card
ORC-20260602-0180,1,2026-06-02 18:56:44,ORCHARD CENTRAL,UND-M-01,Men's Airism Boxer Briefs,UNDERWEAR,Men,14.9,14.9,False,1,14.9,Card
ORC-20260602-0343,1,2026-06-02 18:57:12,Orchard Central,SOK-W-02,Women's Pile Crew Socks,Socks,Women,5.9,5.9,False,1,5.9,CASH
PUN-20260602-0297,2,2026-06-02 20:58:07,punggol,TOP-M-01,Men's Airism Cotton Crew Neck T-Shirt,Tops,Men,14.9,14.9,False,1,14.9,Cash
PUN-20260602-0330,1,2026-06-02 18:14:08,  punggol  ,SOK-M-01,Men's Ankle Socks 3-Pack,Socks,Men,14.9,14.9,False,1,14.9,Card
ORC-20260602-0490,1,2026-06-02 20:06:51,Orchard Central,UND-W-03,Women's Cotton Blend Briefs,Underwear,Women,9.9,9.9,False,1,9.9,PayNow
PUN-20260602-0065,3,2026-06-02 18:28:47,Punggol,TOP-W-01,Women's Airism Cotton Crew Neck T-Shirt,Tops,Women,14.9,14.9,False,1,14.9,PayNow
PUN-20260602-0339,1,2026-06-02 12:09:50,  Punggol  ,TOP-W-04,Women's Heattech Crew Neck Long Sleeve Tee,Tops,Women,14.9,14.9,False,1,14.9,Cash
ORC-20260602-0233,3,2026-06-02 22:11:52,Orchard Central,TOP-W-02,Women's Ribbed Long Sleeve Turtleneck,Tops,Women,19.9,19.9,False,1,19.9,NETS
ORC-20260602-0258,1,2026-06-02 21:20:17,orchard central,SOK-W-02,Women's Pile Crew Socks,Socks,WOMEN,5.9,5.9,False,1,5.9,Cash
PUN-20260602-0043,1,2026-06-02 21:54:08,Punggol,UND-M-04,Men's Cotton Crew Neck Undershirt,Underwear,Men,14.9,14.9,False,1,$14.9,NETS
ORC-20260602-0706,2,2026-06-02 16:21:06,  Orchard Central  ,SOK-M-09,Men's No-Show Sneaker Socks,Socks,Men,4.11,5.9,True,2,8.22,NETS
ORC-20260602-0448,2,2026-06-02 19:51:50,Orchard Central,SOK-M-09,Men's No-Show Sneaker Socks,Socks,Men,4.11,5.9,True,1,4.11,
ORC-20260602-0059,1,2026-06-02 16:01:03,Orchard Central,SOK-M-03,Men's Airism Low-Cut Socks,Socks,Men,5.9,5.9,False,1,5.9,Card
PUN-20260602-0196,1,2026-06-02 18:37:41,Punggol,SOK-W-02,Women's Pile Crew Socks,Socks,WOMEN,5.9,5.9,False,1,5.9,NETS
BUG-20260602-0577,3,2026-06-02 15:38:50,Bugis,SOK-W-01,Women's Ankle Socks 3-Pack,Socks,Women,14.9,14.9,False,1,14.9,NETS
BUG-20260602-0787,1,2026-06-02 18:55:43,Bugis,UND-M-02,  Men's Cotton Blend Trunks  ,Underwear,Men,14.9,14.9,False,1,14.9,Card
BUG-20260602-0773,2,2026-06-02 17:41:03,  Bugis  ,UND-M-02,Men's Cotton Blend Trunks,Underwear,Men,14.9,14.9,False,1,14.9,Card
PUN-20260602-0286,1,2026-06-02 19:01:03,Punggol,BTM-M-02,Men's Slim Fit Chino Trousers,Bottoms,Men,29.9,29.9,False,1,29.9,Card
ORC-20260602-0988,3,2026-06-02 18:34:42,Orchard Central,SOK-M-03,Men's Airism Low-Cut Socks,Socks,Men,5.9,5.9,False,1,$5.9,Cash
ORC-20260602-0747,2,2026-06-02 17:15:25,Orchard Central,SOK-W-03,Women's Airism Low-Cut Socks,Socks,Women,5.9,5.9,False,1,5.9,PayNow
ORC-20260602-1001,1,2026-06-02 16:27:01,Orchard Central,SOK-W-02,Women's Pile Crew Socks,Socks,Women,5.9,5.9,False,1,5.9,Cash
PUN-20260602-0082,1,2026-06-02 16:34:37,Punggol,UND-W-01,Women's Airism Bikini Shorts,Underwear,Women,9.9,9.9,False,1,9.9,Card
ORC-20260602-0256,1,2026-06-02 16:35:25,Orchard Central,UND-M-04,  Men's Cotton Crew Neck Undershirt  ,Underwear,Men,14.9,14.9,False,1,14.9,PayNow
ORC-20260602-0936,3,2026-06-02 16:15:39,Orchard Central,UND-W-01,Women's Airism Bikini Shorts,UNDERWEAR,Women,9.9,9.9,False,1,9.9,Cash
PUN-20260602-0171,2,2026-06-02 13:06:14,Punggol,UND-M-03,Men's Airism Mesh Boxer Briefs,Underwear,Men,14.9,14.9,False,1,14.9,Card
ORC-20260602-0244,1,2026-06-02 22:20:39,Orchard Central,TOP-W-04,Women's Heattech Crew Neck Long Sleeve Tee,tops,Women,14.9,14.9,False,1,14.9,Card
PUN-20260602-0146,1,2026-06-02 18:02:09,Punggol,TOP-M-04,Men's Oxford Long Sleeve Shirt,Tops,MEN,29.9,29.9,False,1,29.9,card
BUG-20260602-0728,3,2026-06-02 18:40:59,Bugis,SOK-M-02,Men's Pile Crew Socks,Socks,Men,5.9,5.9,False,1,5.9,PayNow
ORC-20260602-0438,1,2026-06-02 19:43:39,Orchard Central,UND-M-02,Men's Cotton Blend Trunks,Underwear,men,14.9,14.9,False,1,14.9,Card
ORC-20260602-0934,1,2026-06-02 20:30:57,Orchard Central,UND-M-02,Men's Cotton Blend Trunks,Underwear,Men,14.9,14.9,False,2,29.8,Card
PUN-20260602-0326,1,2026-06-02 21:39:08,Punggol,SOK-W-02,  Women's Pile Crew Socks  ,Socks,Women,5.9,5.9,False,1,5.9,PayNow
BUG-20260602-0622,1,2026-06-02 11:49:20,bugis,SOK-M-01,Men's Ankle Socks 3-Pack,SOCKS,MEN,14.9,14.9,False,1,14.9,NETS
BUG-20260602-0741,2,2026-06-02 19:03:50,Bugis,UND-W-01,Women's Airism Bikini Shorts,Underwear,Women,9.9,9.9,False,1,9.9,PAYNOW
ORC-20260602-1095,1,2026-06-02 11:10:00,Orchard Central,SOK-W-04,Women's Ribbed Crew Socks,Socks,Women,5.9,5.9,False,1,5.9,Card
ORC-20260602-0096,1,2026-06-02 12:15:35,ORCHARD CENTRAL,BTM-M-08,Men's Relaxed Fit Denim Shorts,Bottoms,Men,22.99,29.9,True,1,22.99,NETS
ORC-20260602-0114,1,2026-06-02 21:00:02,  Orchard Central  ,SOK-W-09,Women's No-Show Sneaker Socks,Socks,Women,5.9,5.9,False,1,5.9,Card
BUG-20260602-0347,2,2026-06-02 18:14:46,Bugis,SOK-M-02,Men's Pile Crew Socks,Socks,Men,5.9,5.9,False,1,5.9,Card
PUN-20260602-0223,2,2026-06-02 17:19:27,Punggol,TOP-W-03,Women's Silky Satin Blouse,TOPS,Women,39.9,39.9,False,1,39.9,PayNow
BUG-20260602-0051,3,2026-06-02 17:26:37,Bugis,SOK-W-01,Women's Ankle Socks 3-Pack,Socks,Women,14.9,14.9,False,1,14.9,Cash
ORC-20260602-0638,3,2026-06-02 13:56:36,Orchard Central,UND-M-01,Men's Airism Boxer Briefs,Underwear,Men,14.9,14.9,False,1,14.9,Cash
ORC-20260602-0017,1,2026-06-02 13:55:21,Orchard Central,SOK-W-04,Women's Ribbed Crew Socks,socks,women,5.9,5.9,False,1,5.9,Cash
PUN-20260602-0446,1,2026-06-02 18:13:43,Punggol,SOK-M-02,Men's Pile Crew Socks,socks,Men,5.9,5.9,False,1,5.9,Card
BUG-20260602-0391,1,2026-06-02 20:27:29,Bugis,TOP-M-01,Men's Airism Cotton Crew Neck T-Shirt,Tops,Men,14.9,14.9,False,1,14.9,PayNow
BUG-20260602-0296,1,2026-06-02 20:08:16,  Bugis  ,SOK-W-02,Women's Pile Crew Socks,Socks,Women,5.9,5.9,False,1,5.9,NETS
BUG-20260602-0075,2,2026-06-02 18:29:11,Bugis,UND-M-02,Men's Cotton Blend Trunks,UNDERWEAR,MEN,14.9,14.9,False,1,14.9,Card
PUN-20260602-0213,1,2026-06-02 19:11:43,Punggol,SOK-M-02,Men's Pile Crew Socks,Socks,Men,5.9,5.9,False,1,5.9,Card
BUG-20260602-0064,1,2026-06-02 15:34:46,Bugis,SOK-M-01,Men's Ankle Socks 3-Pack,Socks,Men,$14.9,14.9,False,2,29.8,
ORC-20260602-0543,3,2026-06-02 12:49:37,Orchard Central,BTM-M-02,Men's Slim Fit Chino Trousers,Bottoms,Men,29.9,29.9,False,1,29.9,PayNow
BUG-20260602-0398,1,2026-06-02 20:35:51,Bugis,BTM-W-01,Women's Ultra Stretch Skinny Jeans,Bottoms,WOMEN,39.9,39.9,False,1,39.9,PayNow
PUN-20260602-0261,2,2026-06-02 17:04:19,PUNGGOL,BTM-M-03,Men's Selvedge Regular Fit Jeans,Bottoms,Men,59.9,59.9,False,1,59.9,Card
ORC-20260602-0590,1,2026-06-02 19:00:47,Orchard Central,TOP-W-04,  Women's Heattech Crew Neck Long Sleeve Tee  ,Tops,Women,14.9,14.9,False,1,14.9,PayNow
ORC-20260602-1078,1,2026-06-02 21:42:37,Orchard Central,SOK-M-01,Men's Ankle Socks 3-Pack,Socks,Men,14.9,14.9,False,1,14.9,Card
ORC-20260602-0142,2,2026-06-02 19:43:21,ORCHARD CENTRAL,TOP-W-02,Women's Ribbed Long Sleeve Turtleneck,Tops,Women,19.9,19.9,False,1,19.9,Card
ORC-20260602-0385,2,2026-06-02 12:50:17,Orchard Central,SOK-M-03,Men's Airism Low-Cut Socks,Socks,Men,5.9,5.9,False,1,5.9,Card
ORC-20260602-0575,2,2026-06-02 19:24:44,Orchard Central,UND-W-01,Women's Airism Bikini Shorts,Underwear,Women,9.9,9.9,False,1,9.9,Card
PUN-20260602-0395,3,2026-06-02 19:55:35,Punggol,BTM-M-02,Men's Slim Fit Chino Trousers,Bottoms,Men,29.9,29.9,False,1,29.9,Card
ORC-20260602-0706,3,2026-06-02 16:21:06,Orchard Central,SOK-W-02,Women's Pile Crew Socks,Socks,Women,5.9,5.9,False,1,5.9,NETS
PUN-20260602-0255,3,2026-06-02 15:51:29,Punggol,SOK-W-01,Women's Ankle Socks 3-Pack,Socks,Women,14.9,14.9,False,1,14.9,Card
ORC-20260602-0175,3,2026-06-02 18:01:07,Orchard Central,UND-W-07,Women's Heattech Camisole,Underwear,Women,14.9,14.9,False,1,14.9,nets
PUN-20260602-0135,1,2026-06-02 19:25:20,Punggol,UND-W-01,Women's Airism Bikini Shorts,Underwear,Women,9.9,9.9,False,1,9.9,Cash
BUG-20260602-0376,1,2026-06-02 18:25:49,bugis,SOK-M-02,Men's Pile Crew Socks,Socks,Men,5.9,5.9,False,1,5.9,NETS
PUN-20260602-0551,1,2026-06-02 20:29:59,Punggol,UND-M-01,Men's Airism Boxer Briefs,Underwear,Men,14.9,14.9,False,1,14.9,Cash
ORC-20260602-0673,1,2026-06-02 17:42:08,Orchard Central,UND-M-03,Men's Airism Mesh Boxer Briefs,Underwear,Men,14.9,14.9,False,1,14.9,CARD
ORC-20260602-0178,2,2026-06-02 20:20:18,Orchard Central,SOK-M-09,Men's No-Show Sneaker Socks,Socks,Men,4.11,5.9,True,1,4.11,Card
ORC-20260602-0906,1,2026-06-02 19:09:23,Orchard Central,SOK-M-04,Men's Ribbed Crew Socks,Socks,Men,5.9,5.9,False,1,5.9,NETS
BUG-20260602-0618,1,2026-06-02 14:59:02,Bugis,SOK-W-04,Women's Ribbed Crew Socks,Socks,Women,5.9,5.9,False,1,5.9,Card
BUG-20260602-0719,2,2026-06-02 22:01:01,  Bugis  ,TOP-M-01,Men's Airism Cotton Crew Neck T-Shirt,Tops,MEN,14.9,14.9,False,1,14.9,NETS
PUN-20260602-0190,1,2026-06-02 18:09:36,  Punggol  ,TOP-W-01,Women's Airism Cotton Crew Neck T-Shirt,Tops,women,14.9,14.9,False,1,14.9,Card
PUN-20260602-0377,1,2026-06-02 21:34:13,Punggol,SOK-W-03,Women's Airism Low-Cut Socks,Socks,Women,5.9,5.9,False,1,5.9,PayNow
BUG-20260602-0325,3,2026-06-02 21:31:10,  Bugis  ,TOP-W-04,Women's Heattech Crew Neck Long Sleeve Tee,Tops,Women,14.9,14.9,False,1,$14.9,Card
PUN-20260602-0360,1,2026-06-02 16:07:50,PUNGGOL,TOP-W-02,Women's Ribbed Long Sleeve Turtleneck,Tops,Women,19.9,19.9,False,1,19.9,CASH
PUN-20260602-0626,3,2026-06-02 20:33:12,Punggol,UND-W-03,Women's Cotton Blend Briefs,Underwear,Women,9.9,9.9,False,1,9.9,PayNow
BUG-20260602-0499,2,2026-06-02 19:24:14,Bugis,UND-M-04,Men's Cotton Crew Neck Undershirt,Underwear,Men,14.9,14.9,False,1,14.9,PayNow
BUG-20260602-0553,1,2026-06-02 12:38:12,Bugis,TOP-M-01,Men's Airism Cotton Crew Neck T-Shirt,Tops,Men,14.9,14.9,False,1,14.9,Card
ORC-20260602-0410,1,2026-06-02 15:25:20,Orchard Central,TOP-M-05,Men's Heattech Crew Neck Long Sleeve Tee,Tops,Men,11.62,14.9,True,1,11.62,Card
BUG-20260602-0409,2,2026-06-02 17:20:23,Bugis,TOP-M-01,Men's Airism Cotton Crew Neck T-Shirt,tops,Men,14.9,14.9,False,1,$14.9,Card
BUG-20260602-0538,2,2026-06-02 16:13:38,BUGIS,UND-M-01,Men's Airism Boxer Briefs,Underwear,Men,14.9,14.9,False,1,14.9,Card
ORC-20260602-0221,2,2026-06-02 13:06:09,Orchard Central,SOK-W-01,Women's Ankle Socks 3-Pack,Socks,Women,14.9,14.9,False,1,14.9,PayNow
BUG-20260602-0752,2,2026-06-02 11:45:08,Bugis,SOK-M-02,Men's Pile Crew Socks,Socks,Men,5.9,5.9,False,1,5.9,Nets
ORC-20260602-0386,1,2026-06-02 15:27:54,Orchard Central,UND-M-03,Men's Airism Mesh Boxer Briefs,Underwear,Men,14.9,14.9,False,1,14.9,PAYNOW
BUG-20260602-0063,1,2026-06-02 17:43:39,  Bugis  ,SOK-W-02,Women's Pile Crew Socks,Socks,Women,5.9,5.9,False,1,5.9,Card
ORC-20260602-0309,1,2026-06-02 16:00:52,Orchard Central,BTM-W-04,Women's Denim Straight Jeans,Bottoms,women,49.9,49.9,False,1,49.9,Cash
PUN-20260602-0323,1,2026-06-02 20:19:28,Punggol,SOK-W-02,Women's Pile Crew Socks,Socks,Women,5.9,5.9,False,1,5.9,Card
BUG-20260602-0450,1,2026-06-02 14:13:31,BUGIS,TOP-W-02,Women's Ribbed Long Sleeve Turtleneck,TOPS,Women,19.9,19.9,False,1,19.9,Card
BUG-20260602-0244,2,2026-06-02 14:50:35,Bugis,TOP-M-01,Men's Airism Cotton Crew Neck T-Shirt,Tops,men,14.9,14.9,False,1,14.9,Card
ORC-20260602-0170,1,2026-06-02 11:07:40,orchard central,UND-M-03,Men's Airism Mesh Boxer Briefs,Underwear,Men,14.9,14.9,False,1,14.9,CARD
BUG-20260602-0312,2,2026-06-02 21:03:41,bugis,SOK-W-02,  Women's Pile Crew Socks  ,Socks,Women,5.9,5.9,False,2,11.8,Cash
ORC-20260602-0525,2,2026-06-02 16:17:43,Orchard Central,TOP-M-05,Men's Heattech Crew Neck Long Sleeve Tee,tops,MEN,11.62,14.9,True,1,11.62,Cash
PUN-20260602-0286,3,2026-06-02 19:01:03,Punggol,SOK-W-01,Women's Ankle Socks 3-Pack,Socks,Women,14.9,14.9,False,2,29.8,Card
ORC-20260602-0997,2,2026-06-02 16:56:30,Orchard Central,TOP-M-03,Men's Dry-EX Crew Neck T-Shirt,tops,Men,19.9,19.9,False,1,19.9,nets
ORC-20260602-0964,1,2026-06-02 12:33:03,Orchard Central,UND-M-03,Men's Airism Mesh Boxer Briefs,Underwear,Men,14.9,14.9,False,1,14.9,NETS
ORC-20260602-0977,1,2026-06-02 15:31:30,Orchard Central,UND-M-01,Men's Airism Boxer Briefs,Underwear,Men,14.9,14.9,False,1,14.9,Card
ORC-20260602-0976,1,2026-06-02 14:39:22,Orchard Central,TOP-W-01,Women's Airism Cotton Crew Neck T-Shirt,TOPS,Women,$14.9,14.9,False,1,14.9,Card
BUG-20260602-0085,2,2026-06-02 20:09:02,  bugis  ,SOK-W-02,Women's Pile Crew Socks,SOCKS,WOMEN,5.9,5.9,False,1,$5.9,Cash
ORC-20260602-0206,1,2026-06-02 21:26:07,Orchard Central,SOK-M-02,Men's Pile Crew Socks,socks,Men,5.9,5.9,False,1,5.9,Cash
ORC-20260602-0957,1,2026-06-02 20:11:52,Orchard Central,UND-W-01,Women's Airism Bikini Shorts,Underwear,Women,9.9,9.9,False,1,9.9,Card
PUN-20260602-0287,2,2026-06-02 19:09:18,Punggol,SOK-M-03,Men's Airism Low-Cut Socks,Socks,Men,5.9,5.9,False,1,5.9,Card
BUG-20260602-0768,2,2026-06-02 19:01:18,Bugis,BTM-W-04,Women's Denim Straight Jeans,Bottoms,Women,49.9,49.9,False,1,49.9,Card
ORC-20260602-0443,2,2026-06-02 20:50:48,  Orchard Central  ,SOK-W-03,Women's Airism Low-Cut Socks,SOCKS,Women,5.9,5.9,False,1,5.9,card
ORC-20260602-0781,1,2026-06-02 19:38:33,Orchard Central,SOK-W-03,Women's Airism Low-Cut Socks,Socks,Women,5.9,5.9,False,1,5.9,PayNow
ORC-20260602-0211,1,2026-06-02 17:51:27,Orchard Central,SOK-M-03,Men's Airism Low-Cut Socks,Socks,Men,5.9,5.9,False,1,5.9,Card
PUN-20260602-0686,1,2026-06-02 21:46:31,PUNGGOL,SOK-W-02,Women's Pile Crew Socks,Socks,Women,5.9,5.9,False,1,5.9,NETS
ORC-20260602-0301,1,2026-06-02 13:56:02,Orchard Central,SOK-W-04,Women's Ribbed Crew Socks,Socks,Women,5.9,5.9,False,1,$5.9,PayNow
ORC-20260602-0582,2,2026-06-02 17:35:52,Orchard Central,UND-W-03,Women's Cotton Blend Briefs,Underwear,Women,9.9,9.9,False,1,9.9,PAYNOW
BUG-20260602-0681,1,2026-06-02 20:46:51,Bugis,UND-W-03,Women's Cotton Blend Briefs,Underwear,Women,$9.9,9.9,False,1,9.9,Card
BUG-20260602-0552,2,2026-06-02 15:49:32,Bugis,UND-W-04,Women's Airism T-Shirt Bra,Underwear,Women,29.9,29.9,False,1,29.9,Card
PUN-20260602-0585,2,2026-06-02 19:47:29,Punggol,UND-M-01,Men's Airism Boxer Briefs,Underwear,Men,14.9,14.9,False,1,14.9,PayNow
PUN-20260602-0126,3,2026-06-02 20:59:42,Punggol,SOK-W-02,Women's Pile Crew Socks,Socks,Women,5.9,5.9,False,1,5.9,Cash
ORC-20260602-1055,1,2026-06-02 20:44:37,Orchard Central,UND-W-01,Women's Airism Bikini Shorts,Underwear,Women,9.9,9.9,False,1,9.9,Card
ORC-20260602-0517,1,2026-06-02 17:24:08,Orchard Central,UND-W-06,Women's Lace Trim Briefs,Underwear,Women,9.9,9.9,False,1,9.9,Card
ORC-20260602-0811,3,2026-06-02 17:32:59,Orchard Central,SOK-M-01,Men's Ankle Socks 3-Pack,Socks,Men,14.9,14.9,False,1,14.9,PayNow
ORC-20260602-0242,2,2026-06-02 15:53:26,Orchard Central,TOP-W-01,Women's Airism Cotton Crew Neck T-Shirt,Tops,Women,14.9,14.9,False,1,14.9,NETS
PUN-20260602-0273,1,2026-06-02 16:52:09,  Punggol  ,UND-M-03,Men's Airism Mesh Boxer Briefs,Underwear,Men,14.9,14.9,False,1,14.9,Card
PUN-20260602-0676,1,2026-06-02 16:11:16,Punggol,SOK-W-04,Women's Ribbed Crew Socks,Socks,women,5.9,5.9,False,1,5.9,Cash
PUN-20260602-0658,2,2026-06-02 15:10:05,Punggol,SOK-M-05,Men's Sport Ankle Socks,Socks,MEN,5.9,5.9,False,1,5.9,Cash
ORC-20260602-0326,2,2026-06-02 19:23:18,Orchard Central,UND-W-03,Women's Cotton Blend Briefs,underwear,Women,9.9,9.9,False,1,9.9,NETS
ORC-20260602-0397,2,2026-06-02 21:49:31,Orchard Central,SOK-M-08,Men's Cotton Blend Dress Socks,SOCKS,Men,9.9,9.9,False,1,9.9,Cash
ORC-20260602-0089,3,2026-06-02 21:08:50,Orchard Central,UND-M-03,  Men's Airism Mesh Boxer Briefs  ,Underwear,Men,14.9,14.9,False,1,14.9,Card
BUG-20260602-0579,3,2026-06-02 16:12:37,Bugis,SOK-W-01,Women's Ankle Socks 3-Pack,Socks,Women,14.9,14.9,False,1,14.9,Card
ORC-20260602-0616,1,2026-06-02 11:04:04,ORCHARD CENTRAL,SOK-W-03,Women's Airism Low-Cut Socks,Socks,Women,5.9,5.9,False,1,5.9,Cash
BUG-20260602-0365,1,2026-06-02 21:14:10,Bugis,SOK-M-04,Men's Ribbed Crew Socks,Socks,Men,5.9,5.9,False,1,5.9,NETS
BUG-20260602-0773,1,2026-06-02 17:41:03,Bugis,UND-M-01,Men's Airism Boxer Briefs,Underwear,MEN,14.9,14.9,False,1,14.9,CARD
ORC-20260602-0630,2,2026-06-02 20:44:52,Orchard Central,TOP-M-05,Men's Heattech Crew Neck Long Sleeve Tee,Tops,Men,11.62,14.9,True,1,11.62,PayNow
PUN-20260602-0271,2,2026-06-02 17:52:03,Punggol,SOK-M-03,Men's Airism Low-Cut Socks,Socks,MEN,5.9,5.9,False,2,11.8,Card
ORC-20260602-0337,1,2026-06-02 14:22:04,Orchard Central,SOK-W-03,Women's Airism Low-Cut Socks,Socks,WOMEN,5.9,5.9,False,2,11.8,PayNow
ORC-20260602-0731,1,2026-06-02 15:45:04,Orchard Central,UND-W-01,Women's Airism Bikini Shorts,Underwear,Women,9.9,9.9,False,1,9.9,Card
ORC-20260602-0608,1,2026-06-02 13:02:13,Orchard Central,BTM-W-01,Women's Ultra Stretch Skinny Jeans,Bottoms,Women,39.9,39.9,False,1,39.9,CARD
PUN-20260602-0107,1,2026-06-02 20:20:49,Punggol,TOP-W-04,Women's Heattech Crew Neck Long Sleeve Tee,Tops,Women,14.9,14.9,False,1,14.9,NETS
BUG-20260602-0418,1,2026-06-02 19:09:58,Bugis,TOP-W-04,Women's Heattech Crew Neck Long Sleeve Tee,Tops,Women,14.9,14.9,False,1,14.9,NETS
PUN-20260602-0253,2,2026-06-02 21:28:25,Punggol,SOK-M-01,Men's Ankle Socks 3-Pack,Socks,Men,14.9,14.9,False,1,$14.9,PayNow
PUN-20260602-0365,3,2026-06-02 16:14:52,Punggol,SOK-W-02,Women's Pile Crew Socks,Socks,Women,5.9,5.9,False,1,5.9,Card
BUG-20260602-0579,2,2026-06-02 16:12:37,Bugis,SOK-M-03,Men's Airism Low-Cut Socks,Socks,Men,5.9,5.9,False,1,5.9,Card
ORC-20260602-0834,1,2026-06-02 20:57:11,Orchard Central,TOP-M-04,Men's Oxford Long Sleeve Shirt,Tops,Men,29.9,29.9,False,1,29.9,Card
BUG-20260602-0655,1,2026-06-02 21:32:34,bugis,TOP-M-04,Men's Oxford Long Sleeve Shirt,Tops,men,29.9,29.9,False,1,29.9,Card
BUG-20260602-0551,2,2026-06-02 16:18:24,Bugis,SOK-W-04,Women's Ribbed Crew Socks,Socks,Women,5.9,5.9,False,1,5.9,Cash
BUG-20260602-0436,1,2026-06-02 13:34:02,Bugis,SOK-W-04,Women's Ribbed Crew Socks,Socks,Women,5.9,5.9,False,1,5.9,NETS
BUG-20260602-0047,3,2026-06-02 20:15:31,Bugis,UND-M-04,Men's Cotton Crew Neck Undershirt,Underwear,Men,14.9,14.9,False,1,14.9,NETS
BUG-20260602-0261,1,2026-06-02 15:56:55,Bugis,UND-W-01,Women's Airism Bikini Shorts,Underwear,Women,9.9,9.9,False,1,9.9,Card
BUG-20260602-0548,2,2026-06-02 13:08:50,Bugis,BTM-M-03,Men's Selvedge Regular Fit Jeans,Bottoms,men,59.9,59.9,False,1,59.9,card
PUN-20260602-0080,1,2026-06-02 22:29:14,Punggol,SOK-M-04,Men's Ribbed Crew Socks,Socks,men,5.9,5.9,False,1,5.9,NETS
PUN-20260602-0028,1,2026-06-02 14:30:13,Punggol,SOK-W-02,Women's Pile Crew Socks,Socks,Women,5.9,5.9,False,2,11.8,Cash
BUG-20260602-0017,1,2026-06-02 12:32:40,Bugis,TOP-W-03,Women's Silky Satin Blouse,Tops,Women,39.9,39.9,False,1,39.9,Card
PUN-20260602-0522,2,2026-06-02 16:36:20,Punggol,TOP-W-02,Women's Ribbed Long Sleeve Turtleneck,Tops,Women,19.9,19.9,False,1,19.9,Card
BUG-20260602-0668,2,2026-06-02 19:22:52,BUGIS,BTM-W-02,Women's High-Rise Wide Leg Pants,Bottoms,Women,39.9,39.9,False,1,39.9,NETS
ORC-20260602-0203,3,2026-06-02 13:49:40,Orchard Central,UND-W-02,Women's Wireless Bra,Underwear,Women,29.9,29.9,False,1,29.9,
BUG-20260602-0803,2,2026-06-02 21:50:02,bugis,SOK-W-03,Women's Airism Low-Cut Socks,Socks,Women,5.9,5.9,False,1,5.9,NETS
ORC-20260602-0497,1,2026-06-02 22:36:16,Orchard Central,UND-W-03,Women's Cotton Blend Briefs,Underwear,Women,9.9,9.9,False,2,19.8,nets
ORC-20260602-0913,2,2026-06-02 20:31:46,Orchard Central,SOK-W-04,Women's Ribbed Crew Socks,Socks,Women,5.9,5.9,False,1,5.9,Cash
ORC-20260602-0762,2,2026-06-02 22:21:58,Orchard Central,UND-M-02,Men's Cotton Blend Trunks,UNDERWEAR,MEN,14.9,14.9,False,1,14.9,Card
ORC-20260602-0516,1,2026-06-02 21:21:51,Orchard Central,UND-W-01,,Underwear,Women,9.9,9.9,False,1,9.9,NETS
PUN-20260602-0324,2,2026-06-02 15:40:29,Punggol,TOP-M-01,Men's Airism Cotton Crew Neck T-Shirt,Tops,Men,14.9,14.9,False,1,14.9,Card
ORC-20260602-0187,2,2026-06-02 19:57:13,Orchard Central,SOK-W-03,Women's Airism Low-Cut Socks,Socks,Women,5.9,5.9,False,1,5.9,Card
ORC-20260602-0763,3,2026-06-02 19:35:37,Orchard Central,SOK-M-04,Men's Ribbed Crew Socks,Socks,Men,5.9,5.9,False,1,5.9,Card
ORC-20260602-0502,3,2026-06-02 15:38:21,Orchard Central,UND-M-02,Men's Cotton Blend Trunks,Underwear,Men,14.9,14.9,False,1,14.9,Card
ORC-20260602-0180,2,2026-06-02 18:56:44,orchard central,TOP-M-01,Men's Airism Cotton Crew Neck T-Shirt,tops,Men,14.9,14.9,False,1,14.9,Card
BUG-20260602-0790,1,2026-06-02 18:18:35,Bugis,SOK-W-04,Women's Ribbed Crew Socks,Socks,Women,5.9,5.9,False,1,5.9,Cash
BUG-20260602-0007,1,2026-06-02 18:01:04,Bugis,SOK-M-04,Men's Ribbed Crew Socks,Socks,Men,5.9,5.9,False,2,$11.8,Cash
PUN-20260602-0069,2,2026-06-02 19:23:57,Punggol,SOK-W-02,Women's Pile Crew Socks,Socks,Women,5.9,5.9,False,1,5.9,Cash
ORC-20260602-0221,3,2026-06-02 13:06:09,Orchard Central,BTM-W-01,Women's Ultra Stretch Skinny Jeans,Bottoms,Women,39.9,39.9,False,1,39.9,PayNow
ORC-20260602-0218,1,2026-06-02 14:02:11,Orchard Central,SOK-M-04,Men's Ribbed Crew Socks,Socks,Men,5.9,5.9,False,1,5.9,card
ORC-20260602-0649,2,2026-06-02 19:59:19,Orchard Central,UND-M-04,Men's Cotton Crew Neck Undershirt,Underwear,Men,14.9,14.9,False,1,14.9,Card
PUN-20260602-0612,2,2026-06-02 13:44:14,punggol,UND-W-01,Women's Airism Bikini Shorts,Underwear,Women,9.9,9.9,False,1,9.9,NETS
ORC-20260602-1073,3,2026-06-02 12:56:10,Orchard Central,BTM-M-08,Men's Relaxed Fit Denim Shorts,Bottoms,Men,22.99,29.9,True,1,22.99,Paynow
ORC-20260602-0149,1,2026-06-02 20:42:51,Orchard Central,SOK-W-04,  Women's Ribbed Crew Socks  ,Socks,WOMEN,5.9,5.9,False,1,5.9,PayNow
ORC-20260602-0388,2,2026-06-02 20:55:23,Orchard Central,UND-M-06,Men's Airism Sleeveless Undershirt,Underwear,men,9.9,9.9,False,1,9.9,NETS
BUG-20260602-0148,1,2026-06-02 16:03:20,Bugis,TOP-M-01,Men's Airism Cotton Crew Neck T-Shirt,Tops,Men,14.9,14.9,False,1,14.9,Cash
PUN-20260602-0451,2,2026-06-02 21:40:35,Punggol,UND-M-04,Men's Cotton Crew Neck Undershirt,Underwear,Men,14.9,14.9,False,1,14.9,PayNow
PUN-20260602-0188,1,2026-06-02 14:53:50,Punggol,SOK-W-01,Women's Ankle Socks 3-Pack,Socks,Women,14.9,14.9,False,1,14.9,Cash
ORC-20260602-0558,3,2026-06-02 18:49:15,Orchard Central,SOK-W-04,Women's Ribbed Crew Socks,Socks,Women,5.9,5.9,False,1,5.9,Card
PUN-20260602-0147,2,2026-06-02 21:39:31,Punggol,TOP-M-01,Men's Airism Cotton Crew Neck T-Shirt,Tops,Men,14.9,14.9,False,1,14.9,Card
ORC-20260602-0641,3,2026-06-02 18:23:09,Orchard Central,SOK-W-02,Women's Pile Crew Socks,Socks,Women,5.9,5.9,False,1,5.9,cash
ORC-20260602-0319,1,2026-06-02 15:01:30,Orchard Central,UND-W-06,Women's Lace Trim Briefs,Underwear,Women,9.9,9.9,False,1,9.9,Card
BUG-20260602-0013,1,2026-06-02 20:13:54,Bugis,UND-M-01,Men's Airism Boxer Briefs,Underwear,Men,14.9,14.9,False,1,14.9,CARD
BUG-20260602-0429,3,2026-06-02 20:47:48,Bugis,TOP-M-04,Men's Oxford Long Sleeve Shirt,Tops,Men,29.9,29.9,False,1,29.9,Card
PUN-20260602-0523,2,2026-06-02 20:58:32,Punggol,SOK-M-04,Men's Ribbed Crew Socks,Socks,MEN,5.9,5.9,False,1,5.9,Card
ORC-20260602-0145,1,2026-06-02 15:18:13,orchard central,TOP-W-04,Women's Heattech Crew Neck Long Sleeve Tee,TOPS,Women,14.9,14.9,False,1,14.9,Card
BUG-20260602-0443,1,2026-06-02 20:44:19,Bugis,UND-M-10,Men's Cotton Blend Briefs,Underwear,Men,9.9,9.9,False,2,19.8,card
ORC-20260602-0648,1,2026-06-02 17:40:53,Orchard Central,SOK-M-09,Men's No-Show Sneaker Socks,Socks,men,4.11,5.9,True,1,4.11,Card
ORC-20260602-0573,3,2026-06-02 15:13:04,Orchard Central,BTM-M-08,Men's Relaxed Fit Denim Shorts,Bottoms,Men,22.99,29.9,True,1,22.99,Cash
PUN-20260602-0269,1,2026-06-02 20:51:23,Punggol,TOP-M-04,Men's Oxford Long Sleeve Shirt,Tops,Men,29.9,29.9,False,1,29.9,NETS
PUN-20260602-0483,3,2026-06-02 19:22:39,  punggol  ,TOP-W-01,Women's Airism Cotton Crew Neck T-Shirt,Tops,Women,14.9,14.9,False,1,14.9,
BUG-20260602-0184,1,2026-06-02 20:57:46,Bugis,SOK-M-02,Men's Pile Crew Socks,Socks,Men,5.9,5.9,False,1,5.9,card
PUN-20260602-0099,1,2026-06-02 22:58:42,  Punggol  ,SOK-W-04,Women's Ribbed Crew Socks,Socks,Women,5.9,5.9,False,1,5.9,PayNow
ORC-20260602-0749,3,2026-06-02 15:28:05,Orchard Central,SOK-W-02,Women's Pile Crew Socks,Socks,Women,5.9,5.9,False,1,5.9,CASH
PUN-20260602-0048,3,2026-06-02 18:35:05,Punggol,UND-W-01,Women's Airism Bikini Shorts,Underwear,Women,9.9,9.9,False,1,9.9,Card
PUN-20260602-0365,2,2026-06-02 16:14:52,  Punggol  ,BTM-W-02,Women's High-Rise Wide Leg Pants,Bottoms,Women,39.9,39.9,False,1,39.9,Card
PUN-20260602-0215,3,2026-06-02 14:52:52,Punggol,UND-W-03,Women's Cotton Blend Briefs,Underwear,Women,9.9,9.9,False,1,9.9,
ORC-20260602-0691,1,2026-06-02 18:07:48,ORCHARD CENTRAL,TOP-W-02,Women's Ribbed Long Sleeve Turtleneck,Tops,Women,19.9,19.9,False,1,19.9,Card
BUG-20260602-0737,1,2026-06-02 21:41:06,Bugis,SOK-W-03,Women's Airism Low-Cut Socks,Socks,Women,5.9,5.9,False,1,5.9,PayNow
BUG-20260602-0614,1,2026-06-02 12:13:59,Bugis,TOP-W-01,Women's Airism Cotton Crew Neck T-Shirt,Tops,WOMEN,14.9,14.9,False,1,14.9,Card
ORC-20260602-0591,1,2026-06-02 19:59:26,Orchard Central,SOK-M-01,Men's Ankle Socks 3-Pack,Socks,Men,14.9,14.9,False,1,14.9,PAYNOW
ORC-20260602-0864,1,2026-06-02 12:12:15,Orchard Central,UND-W-03,Women's Cotton Blend Briefs,Underwear,Women,9.9,9.9,False,1,$9.9,nets
ORC-20260602-0412,1,2026-06-02 11:23:29,Orchard Central,SOK-M-09,  Men's No-Show Sneaker Socks  ,Socks,men,4.11,5.9,True,1,4.11,Cash
PUN-20260602-0192,2,2026-06-02 12:53:03,Punggol,SOK-W-04,Women's Ribbed Crew Socks,Socks,Women,5.9,5.9,False,1,5.9,Card
ORC-20260602-1007,3,2026-06-02 12:40:09,Orchard Central,BTM-M-09,Men's Linen Blend Trousers,Bottoms,Men,39.9,39.9,False,1,39.9,Cash
PUN-20260602-0532,1,2026-06-02 21:11:21,Punggol,BTM-M-01,Men's Ezy Ankle Pants,Bottoms,Men,29.9,29.9,False,1,29.9,Paynow
BUG-20260602-0501,1,2026-06-02 13:29:19,Bugis,SOK-W-02,  Women's Pile Crew Socks  ,Socks,Women,5.9,5.9,False,1,5.9,Card
PUN-20260602-0332,1,2026-06-02 19:19:33,Punggol,TOP-W-02,Women's Ribbed Long Sleeve Turtleneck,Tops,Women,19.9,19.9,False,1,19.9,Card
PUN-20260602-0082,2,2026-06-02 16:34:37,Punggol,UND-W-01,Women's Airism Bikini Shorts,Underwear,Women,9.9,9.9,False,1,9.9,CARD
ORC-20260602-0634,2,2026-06-02 15:12:17,Orchard Central,BTM-M-01,Men's Ezy Ankle Pants,Bottoms,Men,29.9,29.9,False,1,29.9,Card
PUN-20260602-0515,2,2026-06-02 14:54:47,Punggol,BTM-W-01,Women's Ultra Stretch Skinny Jeans,Bottoms,Women,39.9,39.9,False,1,39.9,Card
ORC-20260602-0064,1,2026-06-02 18:22:31,Orchard Central,UND-W-04,Women's Airism T-Shirt Bra,Underwear,Women,29.9,29.9,False,1,29.9,Card
ORC-20260602-0697,1,2026-06-02 17:16:41,orchard central,SOK-M-04,Men's Ribbed Crew Socks,Socks,men,5.9,5.9,False,1,5.9,Card
ORC-20260602-0404,1,2026-06-02 13:29:18,  Orchard Central  ,TOP-W-04,Women's Heattech Crew Neck Long Sleeve Tee,Tops,Women,14.9,14.9,False,1,14.9,Cash
BUG-20260602-0741,1,2026-06-02 19:03:50,Bugis,UND-W-01,Women's Airism Bikini Shorts,Underwear,Women,9.9,9.9,False,2,19.8,PayNow
BUG-20260602-0599,1,2026-06-02 21:47:16,Bugis,TOP-M-03,Men's Dry-EX Crew Neck T-Shirt,Tops,Men,19.9,19.9,False,1,19.9,Paynow
ORC-20260602-0294,2,2026-06-02 19:31:52,Orchard Central,SOK-W-01,Women's Ankle Socks 3-Pack,Socks,Women,14.9,14.9,False,2,29.8,PayNow
ORC-20260602-0646,1,2026-06-02 12:04:25,Orchard Central,SOK-W-01,  Women's Ankle Socks 3-Pack  ,Socks,Women,14.9,14.9,False,1,14.9,PayNow
BUG-20260602-0643,1,2026-06-02 21:48:48,Bugis,TOP-M-03,  Men's Dry-EX Crew Neck T-Shirt  ,TOPS,Men,19.9,19.9,False,1,19.9,PayNow
PUN-20260602-0589,1,2026-06-02 11:26:57,Punggol,SOK-W-06,Women's Heattech Socks,SOCKS,Women,9.9,9.9,False,1,$9.9,Card
ORC-20260602-1056,3,2026-06-02 15:55:15,Orchard Central,SOK-W-01,Women's Ankle Socks 3-Pack,Socks,Women,14.9,14.9,False,1,14.9,Card
ORC-20260602-1014,1,2026-06-02 19:53:08,  Orchard Central  ,TOP-M-01,Men's Airism Cotton Crew Neck T-Shirt,Tops,Men,14.9,14.9,False,1,14.9,Card
BUG-20260602-0467,2,2026-06-02 18:06:03,Bugis,SOK-W-03,Women's Airism Low-Cut Socks,Socks,WOMEN,5.9,5.9,False,1,5.9,Card
BUG-20260602-0328,1,2026-06-02 20:29:33,Bugis,UND-W-01,Women's Airism Bikini Shorts,Underwear,Women,9.9,9.9,False,1,9.9,PayNow
ORC-20260602-0376,1,2026-06-02 17:27:40,Orchard Central,SOK-W-02,Women's Pile Crew Socks,Socks,Women,5.9,5.9,False,1,5.9,NETS
ORC-20260602-0830,1,2026-06-02 12:22:03,Orchard Central,TOP-M-01,Men's Airism Cotton Crew Neck T-Shirt,Tops,Men,14.9,14.9,False,1,14.9,PayNow
ORC-20260602-0245,1,2026-06-02 19:02:12,Orchard Central,SOK-W-02,Women's Pile Crew Socks,Socks,Women,5.9,5.9,False,1,$5.9,PayNow
ORC-20260602-0541,2,2026-06-02 21:11:55,Orchard Central,UND-M-04,Men's Cotton Crew Neck Undershirt,Underwear,Men,14.9,14.9,False,1,14.9,Card
BUG-20260602-0271,2,2026-06-02 16:53:27,Bugis,BTM-W-02,Women's High-Rise Wide Leg Pants,Bottoms,Women,39.9,39.9,False,1,39.9,NETS
BUG-20260602-0171,2,2026-06-02 16:42:26,Bugis,TOP-M-03,Men's Dry-EX Crew Neck T-Shirt,Tops,Men,$19.9,19.9,False,1,19.9,NETS
PUN-20260602-0341,1,2026-06-02 21:49:30,PUNGGOL,SOK-W-02,Women's Pile Crew Socks,socks,Women,5.9,5.9,False,1,5.9,Card
ORC-20260602-0601,1,2026-06-02 16:25:26,  Orchard Central  ,UND-W-02,Women's Wireless Bra,Underwear,Women,29.9,29.9,False,2,59.8,Card
BUG-20260602-0502,1,2026-06-02 22:50:29,Bugis,UND-W-04,Women's Airism T-Shirt Bra,Underwear,Women,29.9,29.9,False,1,29.9,NETS
ORC-20260602-0257,1,2026-06-02 16:36:40,Orchard Central,SOK-M-08,  Men's Cotton Blend Dress Socks  ,Socks,Men,9.9,9.9,False,1,9.9,Card
BUG-20260602-0198,1,2026-06-02 19:50:27,Bugis,UND-M-01,Men's Airism Boxer Briefs,Underwear,Men,14.9,14.9,False,2,$29.8,Card
BUG-20260602-0513,2,2026-06-02 20:57:04,Bugis,UND-W-01,Women's Airism Bikini Shorts,Underwear,Women,9.9,9.9,False,1,9.9,Card
ORC-20260602-0299,3,2026-06-02 12:28:50,Orchard Central,UND-W-09,  Women's Cotton Boyshorts  ,Underwear,Women,9.9,9.9,False,1,9.9,PayNow
BUG-20260602-0121,1,2026-06-02 21:37:38,Bugis,SOK-W-01,Women's Ankle Socks 3-Pack,Socks,WOMEN,14.9,14.9,False,1,14.9,Card
ORC-20260602-0899,1,2026-06-02 20:25:04,Orchard Central,SOK-M-09,Men's No-Show Sneaker Socks,Socks,Men,4.11,5.9,True,1,4.11,Card
ORC-20260602-1114,2,2026-06-02 17:46:35,Orchard Central,UND-W-02,Women's Wireless Bra,Underwear,WOMEN,29.9,29.9,False,1,29.9,Card
ORC-20260602-0506,2,2026-06-02 15:10:55,orchard central,SOK-M-03,Men's Airism Low-Cut Socks,Socks,Men,5.9,5.9,False,1,5.9,Card
ORC-20260602-0613,2,2026-06-02 18:27:05,Orchard Central,SOK-W-04,Women's Ribbed Crew Socks,Socks,Women,5.9,5.9,False,1,5.9,Card
ORC-20260602-0728,3,2026-06-02 12:01:27,Orchard Central,TOP-W-01,Women's Airism Cotton Crew Neck T-Shirt,tops,Women,$14.9,14.9,False,1,14.9,Card
BUG-20260602-0621,1,2026-06-02 20:18:26,Bugis,BTM-W-04,,BOTTOMS,Women,49.9,49.9,False,1,49.9,Card
ORC-20260602-0597,3,2026-06-02 16:14:51,  Orchard Central  ,SOK-M-03,Men's Airism Low-Cut Socks,Socks,Men,5.9,5.9,False,1,5.9,PayNow
PUN-20260602-0071,2,2026-06-02 21:27:25,Punggol,TOP-W-02,Women's Ribbed Long Sleeve Turtleneck,Tops,Women,19.9,19.9,False,1,19.9,Card
PUN-20260602-0153,1,2026-06-02 19:17:36,Punggol,BTM-M-01,Men's Ezy Ankle Pants,Bottoms,Men,29.9,29.9,False,1,29.9,Card
PUN-20260602-0219,2,2026-06-02 17:05:48,PUNGGOL,SOK-W-02,Women's Pile Crew Socks,socks,Women,5.9,5.9,False,1,5.9,CARD
ORC-20260602-0547,1,2026-06-02 19:48:40,Orchard Central,UND-M-04,Men's Cotton Crew Neck Undershirt,Underwear,Men,14.9,14.9,False,1,14.9,PayNow
ORC-20260602-0889,1,2026-06-02 18:41:47,  Orchard Central  ,BTM-W-01,Women's Ultra Stretch Skinny Jeans,Bottoms,Women,39.9,39.9,False,1,39.9,Card
BUG-20260602-0022,1,2026-06-02 18:34:25,Bugis,SOK-W-04,Women's Ribbed Crew Socks,SOCKS,Women,5.9,5.9,False,1,5.9,NETS
ORC-20260602-0255,2,2026-06-02 11:49:05,  Orchard Central  ,UND-W-04,Women's Airism T-Shirt Bra,Underwear,Women,29.9,29.9,False,1,29.9,PayNow
BUG-20260602-0511,1,2026-06-02 22:12:09,  Bugis  ,BTM-M-01,Men's Ezy Ankle Pants,Bottoms,Men,29.9,29.9,False,1,29.9,Card
PUN-20260602-0266,3,2026-06-02 22:42:59,Punggol,UND-M-03,Men's Airism Mesh Boxer Briefs,Underwear,Men,14.9,14.9,False,2,29.8,NETS
PUN-20260602-0296,1,2026-06-02 19:56:23,Punggol,BTM-M-02,Men's Slim Fit Chino Trousers,Bottoms,men,29.9,29.9,False,1,29.9,Paynow
PUN-20260602-0674,2,2026-06-02 21:36:26,Punggol,BTM-M-02,  Men's Slim Fit Chino Trousers  ,Bottoms,Men,29.9,29.9,False,1,29.9,Card
ORC-20260602-0264,3,2026-06-02 12:12:36,Orchard Central,UND-W-02,  Women's Wireless Bra  ,underwear,Women,29.9,29.9,False,1,29.9,Card
ORC-20260602-0960,1,2026-06-02 21:57:13,Orchard Central,SOK-M-09,Men's No-Show Sneaker Socks,SOCKS,Men,4.11,5.9,True,1,4.11,Card
BUG-20260602-0132,1,2026-06-02 21:44:34,Bugis,UND-W-01,  Women's Airism Bikini Shorts  ,Underwear,Women,9.9,9.9,False,2,19.8,Card
BUG-20260602-0269,1,2026-06-02 21:34:42,  BUGIS  ,SOK-M-02,Men's Pile Crew Socks,Socks,Men,5.9,5.9,False,2,11.8,NETS
BUG-20260602-0139,1,2026-06-02 20:17:54,Bugis,TOP-W-01,Women's Airism Cotton Crew Neck T-Shirt,Tops,Women,14.9,14.9,False,1,14.9,Card
BUG-20260602-0183,2,2026-06-02 13:09:20,Bugis,TOP-W-04,Women's Heattech Crew Neck Long Sleeve Tee,Tops,Women,14.9,14.9,False,1,14.9,CARD
ORC-20260602-1116,3,2026-06-02 11:40:32,Orchard Central,TOP-M-02,  Men's Supima Cotton Polo Shirt  ,Tops,Men,29.9,29.9,False,1,29.9,Card
ORC-20260602-0633,1,2026-06-02 21:15:20,Orchard Central,UND-W-04,Women's Airism T-Shirt Bra,Underwear,Women,29.9,29.9,False,1,29.9,Cash
ORC-20260602-1011,2,2026-06-02 17:14:37,Orchard Central,BTM-W-01,Women's Ultra Stretch Skinny Jeans,BOTTOMS,Women,39.9,39.9,False,1,39.9,Card
PUN-20260602-0245,3,2026-06-02 17:34:29,Punggol,SOK-W-02,Women's Pile Crew Socks,Socks,Women,5.9,5.9,False,1,5.9,cash
ORC-20260602-0758,1,2026-06-02 16:52:31,Orchard Central,SOK-M-06,  Men's Heattech Socks  ,Socks,Men,9.9,9.9,False,1,9.9,
PUN-20260602-0166,1,2026-06-02 17:30:32,Punggol,SOK-W-03,Women's Airism Low-Cut Socks,Socks,WOMEN,5.9,5.9,False,1,5.9,PayNow
PUN-20260602-0070,1,2026-06-02 17:01:18,Punggol,TOP-M-02,Men's Supima Cotton Polo Shirt,Tops,Men,29.9,29.9,False,1,29.9,NETS
PUN-20260602-0141,2,2026-06-02 20:04:46,Punggol,UND-M-01,Men's Airism Boxer Briefs,UNDERWEAR,Men,14.9,14.9,False,1,14.9,NETS
ORC-20260602-0112,2,2026-06-02 22:55:36,Orchard Central,SOK-M-02,Men's Pile Crew Socks,Socks,Men,5.9,5.9,False,1,5.9,Card
ORC-20260602-0874,2,2026-06-02 14:37:44,Orchard Central,UND-M-05,Men's Seamless Boxer Briefs,Underwear,Men,14.9,14.9,False,1,14.9,PayNow
PUN-20260602-0181,1,2026-06-02 20:30:19,Punggol,SOK-W-02,Women's Pile Crew Socks,Socks,WOMEN,5.9,5.9,False,1,5.9,paynow
PUN-20260602-0506,1,2026-06-02 16:33:39,  Punggol  ,UND-M-04,Men's Cotton Crew Neck Undershirt,Underwear,Men,14.9,14.9,False,1,14.9,PAYNOW
BUG-20260602-0289,1,2026-06-02 17:17:51,Bugis,BTM-W-02,Women's High-Rise Wide Leg Pants,Bottoms,Women,39.9,39.9,False,1,39.9,Card
ORC-20260602-0219,2,2026-06-02 22:21:43,Orchard Central,SOK-M-03,Men's Airism Low-Cut Socks,Socks,Men,5.9,5.9,False,1,5.9,PayNow
ORC-20260602-0396,2,2026-06-02 15:35:42,Orchard Central,SOK-W-01,Women's Ankle Socks 3-Pack,Socks,Women,14.9,14.9,False,2,29.8,Cash
PUN-20260602-0015,2,2026-06-02 21:01:55,PUNGGOL,TOP-W-04,Women's Heattech Crew Neck Long Sleeve Tee,Tops,Women,14.9,14.9,False,1,14.9,Cash
ORC-20260602-0332,1,2026-06-02 15:24:54,ORCHARD CENTRAL,BTM-M-08,Men's Relaxed Fit Denim Shorts,Bottoms,Men,22.99,29.9,True,1,22.99,Card
PUN-20260602-0151,2,2026-06-02 22:08:49,Punggol,SOK-W-01,Women's Ankle Socks 3-Pack,Socks,women,14.9,14.9,False,1,14.9,NETS
BUG-20260602-0465,3,2026-06-02 17:19:47,BUGIS,BTM-W-01,Women's Ultra Stretch Skinny Jeans,Bottoms,Women,39.9,39.9,False,1,39.9,Nets
PUN-20260602-0008,3,2026-06-02 21:50:08,Punggol,SOK-M-03,Men's Airism Low-Cut Socks,Socks,men,5.9,5.9,False,2,11.8,PayNow
ORC-20260602-0096,3,2026-06-02 12:15:35,Orchard Central,SOK-W-01,Women's Ankle Socks 3-Pack,Socks,Women,14.9,14.9,False,1,14.9,NETS
ORC-20260602-1079,2,2026-06-02 21:58:01,ORCHARD CENTRAL,BTM-W-03,Women's Ezy Ankle Pants,Bottoms,Women,29.9,29.9,False,1,29.9,PayNow
ORC-20260602-0485,1,2026-06-02 19:24:41,Orchard Central,UND-M-01,Men's Airism Boxer Briefs,UNDERWEAR,MEN,14.9,14.9,False,1,14.9,Card
PUN-20260602-0057,3,2026-06-02 17:40:14,PUNGGOL,TOP-W-01,Women's Airism Cotton Crew Neck T-Shirt,Tops,Women,14.9,14.9,False,1,14.9,NETS
BUG-20260602-0784,1,2026-06-02 13:55:39,  Bugis  ,UND-W-03,Women's Cotton Blend Briefs,Underwear,Women,9.9,9.9,False,1,9.9,PayNow
PUN-20260602-0646,1,2026-06-02 14:32:23,Punggol,TOP-M-01,Men's Airism Cotton Crew Neck T-Shirt,Tops,Men,14.9,14.9,False,1,14.9,CARD
BUG-20260602-0168,3,2026-06-02 18:35:18,Bugis,SOK-M-03,Men's Airism Low-Cut Socks,Socks,MEN,5.9,5.9,False,1,5.9,PayNow
ORC-20260602-0873,1,2026-06-02 17:29:59,Orchard Central,TOP-W-05,Women's Merino Blend Cardigan,Tops,Women,31.36,39.9,True,1,31.36,PayNow
BUG-20260602-0418,2,2026-06-02 19:09:58,Bugis,SOK-M-01,Men's Ankle Socks 3-Pack,Socks,Men,14.9,14.9,False,1,14.9,NETS
ORC-20260602-0197,1,2026-06-02 18:39:03,Orchard Central,SOK-W-03,  Women's Airism Low-Cut Socks  ,Socks,Women,5.9,5.9,False,1,5.9,Card
BUG-20260602-0311,1,2026-06-02 14:21:11,Bugis,SOK-W-02,Women's Pile Crew Socks,Socks,Women,5.9,5.9,False,1,5.9,Card
PUN-20260602-0154,1,2026-06-02 12:52:23,Punggol,SOK-M-03,Men's Airism Low-Cut Socks,Socks,Men,5.9,5.9,False,1,$5.9,Cash
PUN-20260602-0123,2,2026-06-02 14:58:10,punggol,BTM-M-02,Men's Slim Fit Chino Trousers,bottoms,Men,29.9,29.9,False,1,29.9,Card
BUG-20260602-0051,1,2026-06-02 17:26:37,Bugis,BTM-W-03,Women's Ezy Ankle Pants,Bottoms,Women,29.9,29.9,False,1,29.9,Cash
PUN-20260602-0572,2,2026-06-02 18:49:29,Punggol,UND-W-03,Women's Cotton Blend Briefs,Underwear,Women,9.9,9.9,False,1,9.9,NETS
PUN-20260602-0640,3,2026-06-02 18:27:24,punggol,TOP-W-01,Women's Airism Cotton Crew Neck T-Shirt,Tops,WOMEN,14.9,14.9,False,1,14.9,Card
PUN-20260602-0524,2,2026-06-02 22:44:33,Punggol,TOP-W-03,Women's Silky Satin Blouse,TOPS,Women,39.9,39.9,False,1,39.9,Card
PUN-20260602-0367,1,2026-06-02 16:03:22,Punggol,SOK-W-02,Women's Pile Crew Socks,Socks,Women,5.9,5.9,False,1,5.9,Card
BUG-20260602-0789,1,2026-06-02 21:47:44,bugis,TOP-W-02,,Tops,Women,19.9,19.9,False,1,19.9,CASH
PUN-20260602-0275,1,2026-06-02 19:51:44,Punggol,UND-W-03,Women's Cotton Blend Briefs,Underwear,Women,9.9,9.9,False,1,9.9,Cash
ORC-20260602-0624,3,2026-06-02 11:03:35,Orchard Central,BTM-W-04,Women's Denim Straight Jeans,Bottoms,women,$49.9,49.9,False,1,49.9,Card
PUN-20260602-0383,1,2026-06-02 11:28:02,  Punggol  ,SOK-M-01,Men's Ankle Socks 3-Pack,SOCKS,Men,14.9,14.9,False,1,14.9,
ORC-20260602-0968,3,2026-06-02 18:14:21,Orchard Central,SOK-W-03,Women's Airism Low-Cut Socks,Socks,Women,5.9,5.9,False,1,5.9,Cash
ORC-20260602-0488,2,2026-06-02 18:40:57,Orchard Central,SOK-M-04,Men's Ribbed Crew Socks,SOCKS,Men,5.9,5.9,False,2,11.8,NETS
BUG-20260602-0711,3,2026-06-02 19:14:25,Bugis,SOK-M-02,Men's Pile Crew Socks,Socks,MEN,5.9,5.9,False,2,11.8,NETS
ORC-20260602-0504,3,2026-06-02 20:22:23,orchard central,SOK-M-04,Men's Ribbed Crew Socks,Socks,Men,5.9,5.9,False,1,5.9,PayNow
BUG-20260602-0812,2,2026-06-02 14:28:44,Bugis,UND-W-01,Women's Airism Bikini Shorts,Underwear,women,9.9,9.9,False,1,9.9,Card
PUN-20260602-0018,1,2026-06-02 18:25:49,Punggol,SOK-M-01,Men's Ankle Socks 3-Pack,Socks,Men,14.9,14.9,False,1,14.9,PayNow
BUG-20260602-0772,2,2026-06-02 20:42:45,Bugis,UND-W-03,Women's Cotton Blend Briefs,Underwear,Women,9.9,9.9,False,1,9.9,PayNow
BUG-20260602-0791,1,2026-06-02 17:42:48,Bugis,TOP-M-01,Men's Airism Cotton Crew Neck T-Shirt,Tops,Men,14.9,14.9,False,1,14.9,NETS
ORC-20260602-0109,2,2026-06-02 15:43:39,Orchard Central,BTM-W-03,Women's Ezy Ankle Pants,Bottoms,Women,29.9,29.9,False,1,29.9,Paynow
PUN-20260602-0598,2,2026-06-02 22:29:07,Punggol,UND-M-01,Men's Airism Boxer Briefs,Underwear,Men,14.9,14.9,False,1,14.9,PayNow
PUN-20260602-0090,2,2026-06-02 21:16:27,Punggol,SOK-W-01,Women's Ankle Socks 3-Pack,Socks,Women,14.9,14.9,False,1,14.9,Card
PUN-20260602-0063,2,2026-06-02 12:30:58,Punggol,BTM-M-01,Men's Ezy Ankle Pants,Bottoms,Men,29.9,29.9,False,1,29.9,Cash
PUN-20260602-0582,1,2026-06-02 20:11:25,Punggol,SOK-W-02,Women's Pile Crew Socks,Socks,Women,5.9,5.9,False,1,$5.9,Cash
BUG-20260602-0272,1,2026-06-02 16:45:51,Bugis,SOK-M-02,  Men's Pile Crew Socks  ,Socks,Men,5.9,5.9,False,1,5.9,Card
ORC-20260602-0300,3,2026-06-02 18:16:14,Orchard Central,SOK-M-02,Men's Pile Crew Socks,Socks,Men,5.9,5.9,False,1,5.9,NETS
ORC-20260602-0371,1,2026-06-02 11:56:28,  Orchard Central  ,UND-W-01,Women's Airism Bikini Shorts,Underwear,Women,9.9,9.9,False,1,9.9,Cash
ORC-20260602-0776,2,2026-06-02 17:29:36,Orchard Central,SOK-W-03,Women's Airism Low-Cut Socks,Socks,women,5.9,5.9,False,1,5.9,Cash
BUG-20260602-0138,1,2026-06-02 20:23:26,Bugis,SOK-M-03,Men's Airism Low-Cut Socks,Socks,Men,5.9,5.9,False,1,5.9,PayNow
PUN-20260602-0076,1,2026-06-02 21:37:39,Punggol,SOK-M-02,Men's Pile Crew Socks,Socks,Men,5.9,5.9,False,1,5.9,Card
PUN-20260602-0668,1,2026-06-02 12:13:47,Punggol,UND-W-03,Women's Cotton Blend Briefs,Underwear,Women,9.9,9.9,False,1,9.9,Card
ORC-20260602-0386,3,2026-06-02 15:27:54,Orchard Central,SOK-M-02,Men's Pile Crew Socks,SOCKS,Men,5.9,5.9,False,1,5.9,PayNow
PUN-20260602-0353,1,2026-06-02 13:44:51,  Punggol  ,SOK-W-04,Women's Ribbed Crew Socks,Socks,Women,5.9,5.9,False,1,5.9,PayNow
ORC-20260602-0812,1,2026-06-02 20:00:23,Orchard Central,SOK-M-09,Men's No-Show Sneaker Socks,Socks,Men,4.11,5.9,True,2,8.22,NETS
BUG-20260602-0140,3,2026-06-02 17:40:57,Bugis,SOK-M-01,Men's Ankle Socks 3-Pack,Socks,Men,14.9,14.9,False,1,14.9,NETS
PUN-20260602-0218,1,2026-06-02 21:56:59,Punggol,UND-M-04,  Men's Cotton Crew Neck Undershirt  ,Underwear,Men,14.9,14.9,False,2,29.8,Cash
PUN-20260602-0034,1,2026-06-02 15:51:58,PUNGGOL,UND-W-03,Women's Cotton Blend Briefs,Underwear,Women,9.9,9.9,False,1,9.9,PayNow
BUG-20260602-0770,2,2026-06-02 19:27:39,Bugis,SOK-W-02,Women's Pile Crew Socks,Socks,Women,5.9,5.9,False,1,5.9,NETS
ORC-20260602-1034,2,2026-06-02 17:01:13,Orchard Central,TOP-W-02,Women's Ribbed Long Sleeve Turtleneck,Tops,Women,19.9,19.9,False,1,19.9,PayNow
ORC-20260602-1024,1,2026-06-02 21:00:18,Orchard Central,BTM-W-03,Women's Ezy Ankle Pants,Bottoms,Women,29.9,29.9,False,1,29.9,Card
BUG-20260602-0811,2,2026-06-02 22:31:09,Bugis,TOP-W-04,  Women's Heattech Crew Neck Long Sleeve Tee  ,Tops,Women,14.9,14.9,False,1,14.9,Card
ORC-20260602-0499,3,2026-06-02 20:44:00,Orchard Central,TOP-M-01,Men's Airism Cotton Crew Neck T-Shirt,Tops,Men,14.9,14.9,False,1,$14.9,Cash
PUN-20260602-0167,2,2026-06-02 16:03:32,Punggol,SOK-W-02,Women's Pile Crew Socks,Socks,women,5.9,5.9,False,1,5.9,PayNow
ORC-20260602-0232,2,2026-06-02 17:52:23,Orchard Central,SOK-M-03,Men's Airism Low-Cut Socks,SOCKS,MEN,5.9,5.9,False,1,5.9,Card
ORC-20260602-0220,2,2026-06-02 17:00:52,Orchard Central,SOK-M-07,Men's Striped Crew Socks,Socks,Men,5.9,5.9,False,1,5.9,Card
ORC-20260602-0531,1,2026-06-02 18:20:59,Orchard Central,TOP-W-02,Women's Ribbed Long Sleeve Turtleneck,Tops,Women,19.9,19.9,False,1,19.9,Cash
PUN-20260602-0593,1,2026-06-02 14:50:24,Punggol,SOK-W-02,Women's Pile Crew Socks,Socks,Women,5.9,5.9,False,1,5.9,CARD
ORC-20260602-0399,1,2026-06-02 14:31:55,orchard central,SOK-M-01,Men's Ankle Socks 3-Pack,SOCKS,Men,14.9,14.9,False,1,14.9,PayNow
PUN-20260602-0520,2,2026-06-02 21:59:01,Punggol,UND-M-06,Men's Airism Sleeveless Undershirt,Underwear,Men,9.9,9.9,False,1,9.9,Card
PUN-20260602-0010,2,2026-06-02 20:39:27,Punggol,UND-W-01,Women's Airism Bikini Shorts,Underwear,Women,9.9,9.9,False,1,9.9,NETS
ORC-20260602-0314,1,2026-06-02 20:25:14,Orchard Central,UND-W-03,Women's Cotton Blend Briefs,Underwear,Women,9.9,9.9,False,1,9.9,Card
BUG-20260602-0758,1,2026-06-02 13:59:16,BUGIS,SOK-W-02,  Women's Pile Crew Socks  ,Socks,Women,5.9,5.9,False,2,11.8,NETS
ORC-20260602-1084,1,2026-06-02 21:44:56,Orchard Central,UND-M-04,  Men's Cotton Crew Neck Undershirt  ,Underwear,Men,14.9,14.9,False,1,14.9,Card
ORC-20260602-0517,3,2026-06-02 17:24:08,Orchard Central,UND-M-01,Men's Airism Boxer Briefs,Underwear,Men,14.9,14.9,False,1,14.9,Card
ORC-20260602-0044,2,2026-06-02 21:30:00,Orchard Central,SOK-M-04,Men's Ribbed Crew Socks,Socks,Men,5.9,5.9,False,1,5.9,PAYNOW
ORC-20260602-0289,1,2026-06-02 20:45:57,Orchard Central,BTM-M-01,Men's Ezy Ankle Pants,Bottoms,Men,29.9,29.9,False,1,29.9,Card
BUG-20260602-0374,2,2026-06-02 18:36:43,  Bugis  ,SOK-W-03,Women's Airism Low-Cut Socks,Socks,Women,5.9,5.9,False,1,5.9,Card
ORC-20260602-0928,1,2026-06-02 20:30:41,Orchard Central,SOK-W-02,Women's Pile Crew Socks,Socks,Women,5.9,5.9,False,1,5.9,Card
PUN-20260602-0003,1,2026-06-02 17:39:14,Punggol,SOK-M-03,Men's Airism Low-Cut Socks,Socks,Men,5.9,5.9,False,1,5.9,Card
BUG-20260602-0783,2,2026-06-02 12:04:12,BUGIS,TOP-W-01,Women's Airism Cotton Crew Neck T-Shirt,Tops,Women,14.9,14.9,False,1,14.9,NETS
ORC-20260602-0429,2,2026-06-02 21:19:37,Orchard Central,UND-W-03,Women's Cotton Blend Briefs,Underwear,Women,9.9,9.9,False,1,9.9,Card
ORC-20260602-0880,2,2026-06-02 20:01:52,Orchard Central,TOP-W-02,Women's Ribbed Long Sleeve Turtleneck,Tops,Women,19.9,19.9,False,1,19.9,PayNow
ORC-20260602-1034,1,2026-06-02 17:01:13,Orchard Central,SOK-W-02,Women's Pile Crew Socks,Socks,women,5.9,5.9,False,1,5.9,PayNow
ORC-20260602-0759,1,2026-06-02 14:29:28,Orchard Central,TOP-M-03,Men's Dry-EX Crew Neck T-Shirt,Tops,Men,19.9,19.9,False,1,19.9,Card
ORC-20260602-0720,3,2026-06-02 11:28:22,Orchard Central,SOK-W-01,Women's Ankle Socks 3-Pack,Socks,Women,14.9,14.9,False,1,14.9,PayNow
BUG-20260602-0227,3,2026-06-02 19:06:31,BUGIS,SOK-M-03,Men's Airism Low-Cut Socks,Socks,MEN,5.9,5.9,False,1,$5.9,NETS
PUN-20260602-0111,1,2026-06-02 15:03:13,Punggol,SOK-M-04,,SOCKS,Men,5.9,5.9,False,1,5.9,
BUG-20260602-0801,1,2026-06-02 21:08:25,Bugis,SOK-W-04,Women's Ribbed Crew Socks,Socks,women,5.9,5.9,False,2,11.8,Card
ORC-20260602-0580,1,2026-06-02 19:03:54,ORCHARD CENTRAL,UND-M-04,Men's Cotton Crew Neck Undershirt,Underwear,Men,14.9,14.9,False,1,14.9,NETS
BUG-20260602-0380,1,2026-06-02 19:35:31,Bugis,SOK-W-04,Women's Ribbed Crew Socks,Socks,Women,5.9,5.9,False,1,5.9,card
ORC-20260602-0333,2,2026-06-02 17:02:15,Orchard Central,SOK-M-03,Men's Airism Low-Cut Socks,Socks,Men,5.9,5.9,False,1,5.9,Card
ORC-20260602-0499,2,2026-06-02 20:44:00,Orchard Central,UND-W-03,Women's Cotton Blend Briefs,Underwear,Women,9.9,9.9,False,1,9.9,Cash
PUN-20260602-0447,1,2026-06-02 15:52:30,Punggol,SOK-W-02,  Women's Pile Crew Socks  ,Socks,Women,5.9,5.9,False,1,5.9,Card
ORC-20260602-0050,3,2026-06-02 22:45:07,Orchard Central,SOK-M-09,Men's No-Show Sneaker Socks,Socks,Men,4.11,5.9,True,1,4.11,Card
ORC-20260602-0684,2,2026-06-02 17:55:29,Orchard Central,SOK-M-03,Men's Airism Low-Cut Socks,Socks,Men,5.9,5.9,False,1,5.9,Card
BUG-20260602-0144,1,2026-06-02 15:43:26,Bugis,UND-W-03,Women's Cotton Blend Briefs,Underwear,Women,9.9,9.9,False,1,9.9,Card
ORC-20260602-0084,3,2026-06-02 15:07:12,  Orchard Central  ,SOK-W-02,  Women's Pile Crew Socks  ,Socks,Women,5.9,5.9,False,1,5.9,Card
BUG-20260602-0199,1,2026-06-02 18:30:11,Bugis,SOK-M-02,Men's Pile Crew Socks,Socks,Men,5.9,5.9,False,1,5.9,Card
PUN-20260602-0684,2,2026-06-02 19:25:08,  Punggol  ,TOP-M-03,Men's Dry-EX Crew Neck T-Shirt,TOPS,Men,19.9,19.9,False,1,19.9,Cash
BUG-20260602-0492,2,2026-06-02 18:41:06,Bugis,SOK-M-01,Men's Ankle Socks 3-Pack,Socks,Men,14.9,14.9,False,1,14.9,Card
ORC-20260602-0110,3,2026-06-02 15:04:57,orchard central,SOK-W-02,Women's Pile Crew Socks,Socks,Women,5.9,5.9,False,1,5.9,NETS
PUN-20260602-0359,1,2026-06-02 11:28:22,Punggol,SOK-W-04,Women's Ribbed Crew Socks,socks,Women,5.9,5.9,False,1,$5.9,Card
PUN-20260602-0375,2,2026-06-02 18:27:32,PUNGGOL,UND-M-04,Men's Cotton Crew Neck Undershirt,Underwear,men,14.9,14.9,False,1,14.9,Card
PUN-20260602-0361,1,2026-06-02 21:58:34,  Punggol  ,UND-W-01,Women's Airism Bikini Shorts,Underwear,Women,9.9,9.9,False,1,9.9,Card
ORC-20260602-0470,1,2026-06-02 21:39:22,Orchard Central,UND-W-05,Women's Seamless Shorts,Underwear,Women,9.9,9.9,False,1,9.9,Card
BUG-20260602-0346,1,2026-06-02 20:57:40,BUGIS,UND-M-01,Men's Airism Boxer Briefs,Underwear,Men,14.9,14.9,False,1,14.9,Cash
ORC-20260602-0951,1,2026-06-02 19:41:46,Orchard Central,SOK-M-03,Men's Airism Low-Cut Socks,Socks,Men,5.9,5.9,False,2,$11.8,Card
BUG-20260602-0636,2,2026-06-02 19:45:22,Bugis,SOK-M-04,Men's Ribbed Crew Socks,Socks,Men,5.9,5.9,False,2,11.8,NETS
BUG-20260602-0333,1,2026-06-02 18:43:19,Bugis,SOK-M-04,Men's Ribbed Crew Socks,Socks,Men,5.9,5.9,False,1,5.9,PayNow
ORC-20260602-0804,3,2026-06-02 16:10:04,Orchard Central,SOK-M-03,Men's Airism Low-Cut Socks,Socks,Men,5.9,5.9,False,1,5.9,PayNow
ORC-20260602-0352,1,2026-06-02 20:38:17,Orchard Central,TOP-W-04,Women's Heattech Crew Neck Long Sleeve Tee,TOPS,Women,14.9,14.9,False,1,14.9,Cash
ORC-20260602-0222,3,2026-06-02 18:01:56,  Orchard Central  ,UND-W-01,Women's Airism Bikini Shorts,Underwear,Women,9.9,9.9,False,2,19.8,CARD
ORC-20260602-0231,2,2026-06-02 12:41:29,Orchard Central,SOK-W-06,Women's Heattech Socks,Socks,Women,9.9,9.9,False,1,9.9,Card
BUG-20260602-0138,2,2026-06-02 20:23:26,Bugis,TOP-M-03,Men's Dry-EX Crew Neck T-Shirt,Tops,Men,19.9,19.9,False,1,19.9,paynow
BUG-20260602-0061,1,2026-06-02 13:09:38,Bugis,UND-M-04,Men's Cotton Crew Neck Undershirt,Underwear,Men,14.9,14.9,False,2,29.8,Card
ORC-20260602-0909,1,2026-06-02 17:59:14,Orchard Central,UND-W-01,Women's Airism Bikini Shorts,Underwear,WOMEN,9.9,9.9,False,1,9.9,NETS
BUG-20260602-0570,3,2026-06-02 18:25:50,Bugis,SOK-W-03,Women's Airism Low-Cut Socks,Socks,Women,5.9,5.9,False,2,11.8,Card
BUG-20260602-0177,1,2026-06-02 14:07:50,Bugis,SOK-M-03,Men's Airism Low-Cut Socks,Socks,Men,5.9,5.9,False,2,11.8,Cash
ORC-20260602-0929,1,2026-06-02 19:57:23,Orchard Central,SOK-M-02,Men's Pile Crew Socks,Socks,Men,5.9,5.9,False,1,5.9,NETS
ORC-20260602-0357,2,2026-06-02 21:39:55,Orchard Central,TOP-M-01,Men's Airism Cotton Crew Neck T-Shirt,Tops,Men,14.9,14.9,False,1,14.9,cash
BUG-20260602-0558,2,2026-06-02 20:25:05,Bugis,TOP-W-02,  Women's Ribbed Long Sleeve Turtleneck  ,Tops,Women,19.9,19.9,False,1,19.9,NETS
ORC-20260602-1038,1,2026-06-02 21:57:24,  Orchard Central  ,SOK-W-03,Women's Airism Low-Cut Socks,Socks,Women,$5.9,5.9,False,2,11.8,
ORC-20260602-0219,1,2026-06-02 22:21:43,Orchard Central,SOK-W-10,Women's Wool Blend Socks,Socks,Women,9.9,9.9,False,1,9.9,PayNow
ORC-20260602-0281,1,2026-06-02 18:48:27,Orchard Central,SOK-W-02,Women's Pile Crew Socks,Socks,Women,5.9,5.9,False,1,5.9,PayNow
BUG-20260602-0535,2,2026-06-02 16:35:45,BUGIS,TOP-W-02,Women's Ribbed Long Sleeve Turtleneck,Tops,Women,19.9,19.9,False,1,19.9,Cash
ORC-20260602-0555,1,2026-06-02 13:19:30,Orchard Central,UND-M-04,Men's Cotton Crew Neck Undershirt,Underwear,Men,14.9,14.9,False,2,29.8,Cash
BUG-20260602-0308,1,2026-06-02 13:22:08,Bugis,SOK-W-02,Women's Pile Crew Socks,Socks,Women,5.9,5.9,False,1,5.9,Card
BUG-20260602-0096,1,2026-06-02 17:03:05,Bugis,UND-M-06,Men's Airism Sleeveless Undershirt,Underwear,Men,9.9,9.9,False,1,9.9,Card
BUG-20260602-0784,3,2026-06-02 13:55:39,Bugis,UND-W-03,Women's Cotton Blend Briefs,Underwear,Women,$9.9,9.9,False,1,$9.9,paynow
PUN-20260602-0548,2,2026-06-02 20:31:20,punggol,SOK-W-03,Women's Airism Low-Cut Socks,SOCKS,Women,5.9,5.9,False,1,5.9,PayNow
BUG-20260602-0720,2,2026-06-02 13:48:27,Bugis,UND-W-01,Women's Airism Bikini Shorts,Underwear,women,9.9,9.9,False,1,9.9,Card
ORC-20260602-0176,3,2026-06-02 21:08:33,Orchard Central,UND-M-02,Men's Cotton Blend Trunks,Underwear,Men,14.9,14.9,False,1,14.9,PayNow
PUN-20260602-0410,1,2026-06-02 20:33:32,Punggol,SOK-W-02,Women's Pile Crew Socks,SOCKS,Women,5.9,5.9,False,1,5.9,Card
BUG-20260602-0339,2,2026-06-02 14:24:06,Bugis,UND-W-01,Women's Airism Bikini Shorts,Underwear,Women,9.9,9.9,False,1,9.9,PayNow
PUN-20260602-0109,2,2026-06-02 19:22:53,Punggol,SOK-M-02,Men's Pile Crew Socks,Socks,Men,5.9,5.9,False,2,11.8,NETS
BUG-20260602-0674,2,2026-06-02 12:25:57,Bugis,TOP-W-02,Women's Ribbed Long Sleeve Turtleneck,Tops,Women,19.9,19.9,False,1,19.9,Card
ORC-20260602-0681,1,2026-06-02 20:37:41,orchard central,SOK-M-03,Men's Airism Low-Cut Socks,Socks,MEN,5.9,5.9,False,1,5.9,NETS
BUG-20260602-0099,1,2026-06-02 20:43:40,Bugis,SOK-W-02,Women's Pile Crew Socks,Socks,Women,5.9,5.9,False,1,5.9,PayNow
ORC-20260602-0152,1,2026-06-02 17:07:15,Orchard Central,SOK-W-03,Women's Airism Low-Cut Socks,Socks,Women,5.9,5.9,False,1,5.9,Card
PUN-20260602-0067,1,2026-06-02 12:27:35,Punggol,SOK-W-04,Women's Ribbed Crew Socks,socks,Women,5.9,5.9,False,1,5.9,PayNow
ORC-20260602-0285,2,2026-06-02 17:51:19,Orchard Central,SOK-M-09,Men's No-Show Sneaker Socks,Socks,Men,4.11,5.9,True,1,4.11,Card
ORC-20260602-0989,2,2026-06-02 19:09:31,Orchard Central,SOK-W-03,Women's Airism Low-Cut Socks,Socks,Women,5.9,5.9,False,1,5.9,Card
PUN-20260602-0231,2,2026-06-02 22:32:13,Punggol,SOK-W-03,Women's Airism Low-Cut Socks,Socks,Women,5.9,5.9,False,1,5.9,Card
ORC-20260602-1076,1,2026-06-02 14:11:18,Orchard Central,TOP-W-01,Women's Airism Cotton Crew Neck T-Shirt,Tops,Women,14.9,14.9,False,1,$14.9,NETS
ORC-20260602-0645,1,2026-06-02 22:52:06,ORCHARD CENTRAL,UND-W-02,Women's Wireless Bra,Underwear,Women,29.9,29.9,False,1,29.9,Card
ORC-20260602-1004,2,2026-06-02 20:24:17,ORCHARD CENTRAL,TOP-W-04,Women's Heattech Crew Neck Long Sleeve Tee,TOPS,Women,14.9,14.9,False,1,14.9,Card
BUG-20260602-0245,1,2026-06-02 12:17:47,Bugis,TOP-W-06,Women's Linen Blend Short Sleeve Shirt,Tops,Women,29.9,29.9,False,1,29.9,CARD
ORC-20260602-0890,1,2026-06-02 22:59:52,Orchard Central,SOK-W-02,Women's Pile Crew Socks,Socks,Women,5.9,5.9,False,2,11.8,paynow
ORC-20260602-0202,1,2026-06-02 21:31:12,  Orchard Central  ,UND-M-03,  Men's Airism Mesh Boxer Briefs  ,Underwear,Men,14.9,14.9,False,1,14.9,Card
ORC-20260602-0366,2,2026-06-02 13:53:22,Orchard Central,TOP-W-01,Women's Airism Cotton Crew Neck T-Shirt,Tops,Women,14.9,14.9,False,1,14.9,Card
ORC-20260602-0671,2,2026-06-02 22:21:02,Orchard Central,SOK-M-04,Men's Ribbed Crew Socks,Socks,Men,5.9,5.9,False,1,5.9,PayNow
PUN-20260602-0158,2,2026-06-02 21:57:47,Punggol,TOP-W-03,Women's Silky Satin Blouse,Tops,Women,39.9,39.9,False,1,39.9,card
ORC-20260602-0210,2,2026-06-02 18:16:47,Orchard Central,SOK-W-02,Women's Pile Crew Socks,Socks,Women,5.9,5.9,False,1,5.9,
BUG-20260602-0445,1,2026-06-02 17:14:11,Bugis,SOK-M-06,Men's Heattech Socks,Socks,men,9.9,9.9,False,1,9.9,Card
ORC-20260602-1105,2,2026-06-02 20:17:43,Orchard Central,SOK-W-02,Women's Pile Crew Socks,Socks,Women,5.9,5.9,False,1,5.9,Card
ORC-20260602-1012,2,2026-06-02 21:13:29,Orchard Central,BTM-M-01,Men's Ezy Ankle Pants,bottoms,Men,29.9,29.9,False,1,29.9,Card
PUN-20260602-0214,1,2026-06-02 20:21:12,Punggol,SOK-M-03,Men's Airism Low-Cut Socks,socks,Men,$5.9,5.9,False,1,5.9,
ORC-20260602-0986,1,2026-06-02 17:22:24,orchard central,BTM-M-09,Men's Linen Blend Trousers,Bottoms,men,39.9,39.9,False,1,39.9,NETS
ORC-20260602-0064,2,2026-06-02 18:22:31,Orchard Central,SOK-M-09,Men's No-Show Sneaker Socks,Socks,Men,4.11,5.9,True,1,4.11,Card
ORC-20260602-0626,1,2026-06-02 11:05:24,Orchard Central,TOP-W-01,Women's Airism Cotton Crew Neck T-Shirt,Tops,Women,14.9,14.9,False,1,14.9,NETS
PUN-20260602-0412,1,2026-06-02 16:29:43,punggol,SOK-M-03,Men's Airism Low-Cut Socks,Socks,Men,5.9,5.9,False,1,5.9,NETS
ORC-20260602-0392,2,2026-06-02 12:42:10,Orchard Central,SOK-M-08,Men's Cotton Blend Dress Socks,Socks,Men,9.9,9.9,False,2,19.8,Card
ORC-20260602-1112,1,2026-06-02 20:23:26,Orchard Central,UND-W-03,Women's Cotton Blend Briefs,Underwear,Women,9.9,9.9,False,2,$19.8,PayNow
BUG-20260602-0039,1,2026-06-02 14:40:19,Bugis,BTM-M-04,Men's Dry Stretch Shorts,Bottoms,Men,19.9,19.9,False,1,19.9,PayNow
ORC-20260602-0710,1,2026-06-02 20:35:59,Orchard Central,SOK-W-04,  Women's Ribbed Crew Socks  ,Socks,Women,$5.9,5.9,False,1,5.9,Card
PUN-20260602-0425,1,2026-06-02 16:14:37,Punggol,SOK-M-02,  Men's Pile Crew Socks  ,Socks,Men,5.9,5.9,False,1,5.9,paynow
PUN-20260602-0097,1,2026-06-02 21:59:00,Punggol,SOK-W-03,Women's Airism Low-Cut Socks,Socks,Women,5.9,5.9,False,1,5.9,Card
ORC-20260602-0322,1,2026-06-02 13:46:01,Orchard Central,UND-M-08,Men's Airism V-Neck Undershirt,Underwear,Men,9.9,9.9,False,1,9.9,PayNow
ORC-20260602-0422,2,2026-06-02 20:49:24,Orchard Central,UND-M-01,Men's Airism Boxer Briefs,Underwear,Men,14.9,14.9,False,1,14.9,Card
BUG-20260602-0021,1,2026-06-02 20:03:32,Bugis,TOP-M-01,Men's Airism Cotton Crew Neck T-Shirt,TOPS,MEN,14.9,14.9,False,1,14.9,PayNow
PUN-20260602-0348,2,2026-06-02 19:38:01,Punggol,SOK-M-03,Men's Airism Low-Cut Socks,socks,Men,5.9,5.9,False,1,5.9,PayNow
BUG-20260602-0054,1,2026-06-02 19:31:59,Bugis,SOK-W-02,Women's Pile Crew Socks,Socks,WOMEN,5.9,5.9,False,1,5.9,PayNow
BUG-20260602-0805,3,2026-06-02 16:36:52,Bugis,BTM-M-01,Men's Ezy Ankle Pants,Bottoms,Men,29.9,29.9,False,1,29.9,Card
PUN-20260602-0474,2,2026-06-02 19:35:45,Punggol,BTM-M-03,Men's Selvedge Regular Fit Jeans,BOTTOMS,Men,59.9,59.9,False,1,59.9,Card
PUN-20260602-0680,1,2026-06-02 14:07:13,Punggol,SOK-W-02,Women's Pile Crew Socks,Socks,Women,5.9,5.9,False,1,5.9,NETS
ORC-20260602-0896,1,2026-06-02 21:36:06,Orchard Central,UND-M-04,Men's Cotton Crew Neck Undershirt,Underwear,Men,14.9,14.9,False,1,14.9,Paynow
BUG-20260602-0145,3,2026-06-02 21:06:42,Bugis,UND-W-01,Women's Airism Bikini Shorts,Underwear,Women,9.9,9.9,False,1,$9.9,Card
PUN-20260602-0241,1,2026-06-02 12:46:08,Punggol,SOK-M-04,Men's Ribbed Crew Socks,Socks,Men,5.9,5.9,False,1,5.9,PayNow
PUN-20260602-0143,3,2026-06-02 18:00:17,Punggol,SOK-M-02,Men's Pile Crew Socks,Socks,Men,5.9,5.9,False,1,5.9,NETS
BUG-20260602-0523,3,2026-06-02 21:49:29,bugis,SOK-W-03,Women's Airism Low-Cut Socks,Socks,Women,5.9,5.9,False,1,5.9,Card
PUN-20260602-0471,1,2026-06-02 16:25:21,Punggol,SOK-M-04,  Men's Ribbed Crew Socks  ,Socks,Men,5.9,5.9,False,1,5.9,Card
BUG-20260602-0274,1,2026-06-02 19:19:24,Bugis,UND-M-04,Men's Cotton Crew Neck Undershirt,Underwear,Men,14.9,14.9,False,1,14.9,PayNow
ORC-20260602-0920,1,2026-06-02 18:18:48,Orchard Central,SOK-M-09,Men's No-Show Sneaker Socks,Socks,Men,4.11,5.9,True,1,4.11,paynow
ORC-20260602-0874,3,2026-06-02 14:37:44,Orchard Central,SOK-W-04,Women's Ribbed Crew Socks,Socks,Women,5.9,5.9,False,2,11.8,paynow
BUG-20260602-0532,2,2026-06-02 20:38:55,Bugis,SOK-M-04,  Men's Ribbed Crew Socks  ,Socks,Men,5.9,5.9,False,1,5.9,card
BUG-20260602-0068,2,2026-06-02 17:29:01,Bugis,BTM-M-03,Men's Selvedge Regular Fit Jeans,BOTTOMS,Men,59.9,59.9,False,1,59.9,Card
PUN-20260602-0376,3,2026-06-02 21:06:39,Punggol,SOK-W-01,Women's Ankle Socks 3-Pack,Socks,Women,14.9,14.9,False,1,14.9,Card
ORC-20260602-0486,2,2026-06-02 13:46:31,orchard central,UND-M-02,Men's Cotton Blend Trunks,Underwear,Men,14.9,14.9,False,2,29.8,NETS
PUN-20260602-0191,2,2026-06-02 18:20:42,Punggol,SOK-W-02,  Women's Pile Crew Socks  ,Socks,WOMEN,5.9,5.9,False,1,5.9,Card
ORC-20260602-0999,1,2026-06-02 20:44:54,Orchard Central,SOK-W-10,Women's Wool Blend Socks,Socks,Women,9.9,9.9,False,2,19.8,Cash
ORC-20260602-0973,2,2026-06-02 15:06:59,Orchard Central,UND-W-02,Women's Wireless Bra,Underwear,Women,29.9,29.9,False,1,29.9,Cash
ORC-20260602-0777,1,2026-06-02 18:53:40,Orchard Central,TOP-W-04,Women's Heattech Crew Neck Long Sleeve Tee,Tops,Women,14.9,14.9,False,1,14.9,PayNow
ORC-20260602-0209,1,2026-06-02 14:12:45,Orchard Central,SOK-W-04,Women's Ribbed Crew Socks,Socks,Women,5.9,5.9,False,1,5.9,cash
BUG-20260602-0368,1,2026-06-02 18:28:44,Bugis,SOK-M-02,Men's Pile Crew Socks,Socks,Men,5.9,5.9,False,1,5.9,Cash
ORC-20260602-0395,1,2026-06-02 20:42:33,Orchard Central,SOK-M-02,  Men's Pile Crew Socks  ,Socks,Men,5.9,5.9,False,1,5.9,PayNow
PUN-20260602-0308,1,2026-06-02 16:37:22,PUNGGOL,SOK-W-03,Women's Airism Low-Cut Socks,Socks,Women,5.9,5.9,False,1,5.9,NETS
ORC-20260602-0350,1,2026-06-02 21:33:39,Orchard Central,SOK-M-06,Men's Heattech Socks,Socks,Men,9.9,9.9,False,1,9.9,NETS
PUN-20260602-0102,3,2026-06-02 17:58:49,Punggol,SOK-M-02,Men's Pile Crew Socks,Socks,Men,5.9,5.9,False,1,5.9,Card
PUN-20260602-0431,1,2026-06-02 19:19:31,Punggol,UND-W-03,Women's Cotton Blend Briefs,Underwear,women,9.9,9.9,False,1,9.9,Card
ORC-20260602-0352,2,2026-06-02 20:38:17,Orchard Central,SOK-M-07,Men's Striped Crew Socks,Socks,Men,5.9,5.9,False,1,5.9,Cash
BUG-20260602-0031,2,2026-06-02 20:17:07,Bugis,SOK-M-02,Men's Pile Crew Socks,Socks,Men,$5.9,5.9,False,1,5.9,card
BUG-20260602-0817,1,2026-06-02 16:12:14,  Bugis  ,UND-W-01,Women's Airism Bikini Shorts,Underwear,Women,9.9,9.9,False,1,9.9,
ORC-20260602-0782,1,2026-06-02 18:03:22,Orchard Central,SOK-M-04,Men's Ribbed Crew Socks,Socks,Men,5.9,5.9,False,1,5.9,Cash
ORC-20260602-0973,1,2026-06-02 15:06:59,Orchard Central,SOK-M-09,Men's No-Show Sneaker Socks,Socks,Men,4.11,5.9,True,2,8.22,Cash
ORC-20260602-0580,3,2026-06-02 19:03:54,Orchard Central,SOK-M-02,  Men's Pile Crew Socks  ,Socks,Men,5.9,5.9,False,1,5.9,NETS
ORC-20260602-1062,2,2026-06-02 21:54:54,Orchard Central,SOK-W-02,Women's Pile Crew Socks,Socks,Women,5.9,5.9,False,1,5.9,PayNow
ORC-20260602-0876,2,2026-06-02 19:32:30,orchard central,UND-W-03,Women's Cotton Blend Briefs,Underwear,Women,9.9,9.9,False,1,9.9,NETS
PUN-20260602-0075,1,2026-06-02 21:16:54,Punggol,SOK-M-03,Men's Airism Low-Cut Socks,Socks,Men,5.9,5.9,False,1,5.9,Card
ORC-20260602-0017,2,2026-06-02 13:55:21,Orchard Central,BTM-M-08,Men's Relaxed Fit Denim Shorts,Bottoms,Men,22.99,29.9,True,1,22.99,
ORC-20260602-0599,1,2026-06-02 21:18:20,Orchard Central,TOP-W-05,Women's Merino Blend Cardigan,Tops,Women,31.36,39.9,True,1,31.36,Cash
ORC-20260602-0607,3,2026-06-02 13:13:10,Orchard Central,TOP-M-02,Men's Supima Cotton Polo Shirt,Tops,Men,29.9,29.9,False,1,29.9,Cash
PUN-20260602-0501,2,2026-06-02 11:43:23,Punggol,TOP-M-02,Men's Supima Cotton Polo Shirt,Tops,Men,29.9,29.9,False,1,29.9,Card
BUG-20260602-0432,1,2026-06-02 18:43:36,Bugis,UND-W-01,Women's Airism Bikini Shorts,Underwear,Women,9.9,9.9,False,1,9.9,NETS
BUG-20260602-0588,1,2026-06-02 11:41:49,  Bugis  ,TOP-M-01,Men's Airism Cotton Crew Neck T-Shirt,Tops,Men,14.9,14.9,False,1,14.9,Card
BUG-20260602-0079,2,2026-06-02 18:39:26,Bugis,TOP-M-03,Men's Dry-EX Crew Neck T-Shirt,Tops,Men,19.9,19.9,False,1,19.9,Cash
PUN-20260602-0396,2,2026-06-02 11:45:16,Punggol,TOP-W-04,Women's Heattech Crew Neck Long Sleeve Tee,Tops,Women,$14.9,14.9,False,1,14.9,Cash
PUN-20260602-0535,2,2026-06-02 14:59:11,Punggol,TOP-W-04,Women's Heattech Crew Neck Long Sleeve Tee,Tops,Women,14.9,14.9,False,1,14.9,NETS
ORC-20260602-0910,3,2026-06-02 18:24:38,Orchard Central,SOK-W-01,Women's Ankle Socks 3-Pack,Socks,Women,14.9,14.9,False,1,14.9,CARD
ORC-20260602-0033,1,2026-06-02 16:45:37,Orchard Central,UND-W-03,Women's Cotton Blend Briefs,Underwear,Women,9.9,9.9,False,1,9.9,Card
ORC-20260602-0938,1,2026-06-02 14:09:43,Orchard Central,BTM-M-01,Men's Ezy Ankle Pants,Bottoms,Men,29.9,29.9,False,1,29.9,Card
PUN-20260602-0242,1,2026-06-02 22:01:29,Punggol,UND-W-03,Women's Cotton Blend Briefs,Underwear,Women,9.9,9.9,False,1,9.9,Card
BUG-20260602-0150,1,2026-06-02 14:31:36,Bugis,UND-W-01,Women's Airism Bikini Shorts,Underwear,Women,9.9,9.9,False,1,9.9,Card
BUG-20260602-0314,1,2026-06-02 19:03:26,Bugis,BTM-W-02,  Women's High-Rise Wide Leg Pants  ,Bottoms,Women,39.9,39.9,False,1,39.9,Card
BUG-20260602-0214,2,2026-06-02 22:34:52,Bugis,TOP-M-01,Men's Airism Cotton Crew Neck T-Shirt,Tops,Men,14.9,14.9,False,1,14.9,
ORC-20260602-0735,1,2026-06-02 19:53:58,  Orchard Central  ,SOK-M-09,Men's No-Show Sneaker Socks,Socks,Men,4.11,5.9,True,1,4.11,Nets
ORC-20260602-0508,2,2026-06-02 16:44:48,Orchard Central,BTM-M-01,  Men's Ezy Ankle Pants  ,Bottoms,Men,29.9,29.9,False,1,29.9,PayNow
BUG-20260602-0631,1,2026-06-02 19:22:35,Bugis,SOK-M-03,Men's Airism Low-Cut Socks,Socks,Men,5.9,5.9,False,1,5.9,Card
BUG-20260602-0237,3,2026-06-02 20:44:08,Bugis,BTM-W-02,Women's High-Rise Wide Leg Pants,Bottoms,Women,39.9,39.9,False,1,39.9,PayNow
ORC-20260602-0676,1,2026-06-02 12:17:26,Orchard Central,SOK-M-09,Men's No-Show Sneaker Socks,Socks,Men,4.11,5.9,True,1,4.11,NETS
ORC-20260602-0607,2,2026-06-02 13:13:10,Orchard Central,SOK-W-03,Women's Airism Low-Cut Socks,socks,Women,5.9,5.9,False,2,$11.8,Cash
ORC-20260602-0893,2,2026-06-02 20:24:21,  Orchard Central  ,SOK-W-02,Women's Pile Crew Socks,Socks,women,5.9,5.9,False,1,5.9,Paynow
ORC-20260602-0088,1,2026-06-02 18:10:11,Orchard Central,SOK-M-04,Men's Ribbed Crew Socks,Socks,Men,5.9,5.9,False,1,5.9,Card
BUG-20260602-0283,1,2026-06-02 19:46:11,Bugis,UND-W-03,Women's Cotton Blend Briefs,Underwear,Women,9.9,9.9,False,1,9.9,NETS
BUG-20260602-0083,3,2026-06-02 13:16:28,Bugis,UND-M-04,Men's Cotton Crew Neck Undershirt,Underwear,Men,14.9,14.9,False,1,14.9,
ORC-20260602-0302,1,2026-06-02 22:09:04,Orchard Central,SOK-W-02,Women's Pile Crew Socks,Socks,Women,5.9,5.9,False,1,5.9,Cash
BUG-20260602-0461,2,2026-06-02 20:02:37,Bugis,SOK-M-03,Men's Airism Low-Cut Socks,Socks,Men,5.9,5.9,False,1,5.9,CARD
ORC-20260602-0181,2,2026-06-02 15:17:52,Orchard Central,UND-W-03,  Women's Cotton Blend Briefs  ,Underwear,Women,9.9,9.9,False,1,9.9,Card
BUG-20260602-0406,1,2026-06-02 21:13:59,Bugis,BTM-W-04,Women's Denim Straight Jeans,Bottoms,Women,49.9,49.9,False,1,49.9,Card
BUG-20260602-0018,1,2026-06-02 18:01:16,Bugis,BTM-M-01,Men's Ezy Ankle Pants,Bottoms,Men,29.9,29.9,False,1,29.9,CARD
ORC-20260602-0819,1,2026-06-02 11:34:26,Orchard Central,BTM-W-03,Women's Ezy Ankle Pants,Bottoms,Women,29.9,29.9,False,1,29.9,paynow
ORC-20260602-0195,1,2026-06-02 12:16:08,Orchard Central,SOK-W-03,Women's Airism Low-Cut Socks,Socks,Women,5.9,5.9,False,1,5.9,PayNow
ORC-20260602-0986,2,2026-06-02 17:22:24,  Orchard Central  ,TOP-W-01,Women's Airism Cotton Crew Neck T-Shirt,Tops,Women,14.9,14.9,False,1,14.9,NETS
BUG-20260602-0405,1,2026-06-02 11:54:43,  Bugis  ,TOP-W-07,Women's Fleece Pullover Hoodie,Tops,Women,29.9,29.9,False,1,29.9,Card
ORC-20260602-0122,1,2026-06-02 19:04:51,Orchard Central,SOK-M-09,Men's No-Show Sneaker Socks,Socks,Men,4.11,5.9,True,1,4.11,Nets
ORC-20260602-0509,2,2026-06-02 16:03:43,  Orchard Central  ,UND-M-03,Men's Airism Mesh Boxer Briefs,Underwear,Men,14.9,14.9,False,1,14.9,PayNow
ORC-20260602-0351,1,2026-06-02 11:57:29,Orchard Central,UND-M-01,Men's Airism Boxer Briefs,Underwear,Men,14.9,14.9,False,1,14.9,NETS
ORC-20260602-1010,1,2026-06-02 20:49:56,Orchard Central,SOK-M-03,Men's Airism Low-Cut Socks,Socks,Men,5.9,5.9,False,1,5.9,PayNow
PUN-20260602-0482,3,2026-06-02 17:33:27,Punggol,SOK-M-04,Men's Ribbed Crew Socks,Socks,Men,5.9,5.9,False,1,5.9,Card
BUG-20260602-0621,2,2026-06-02 20:18:26,  Bugis  ,UND-W-03,Women's Cotton Blend Briefs,Underwear,WOMEN,9.9,9.9,False,1,9.9,Card
BUG-20260602-0221,2,2026-06-02 18:30:06,Bugis,UND-W-02,Women's Wireless Bra,Underwear,Women,29.9,29.9,False,2,59.8,NETS
PUN-20260602-0254,1,2026-06-02 21:40:50,Punggol,SOK-W-02,Women's Pile Crew Socks,Socks,Women,5.9,5.9,False,1,$5.9,Card
ORC-20260602-0843,2,2026-06-02 20:25:06,Orchard Central,UND-W-07,Women's Heattech Camisole,Underwear,Women,14.9,14.9,False,1,14.9,PayNow
PUN-20260602-0016,1,2026-06-02 16:14:12,Punggol,BTM-W-02,Women's High-Rise Wide Leg Pants,Bottoms,Women,39.9,39.9,False,1,39.9,card
BUG-20260602-0607,2,2026-06-02 21:21:12,Bugis,SOK-M-04,Men's Ribbed Crew Socks,socks,Men,5.9,5.9,False,1,5.9,Cash
ORC-20260602-0838,1,2026-06-02 20:37:44,  Orchard Central  ,UND-W-03,Women's Cotton Blend Briefs,UNDERWEAR,Women,9.9,9.9,False,1,9.9,Card
BUG-20260602-0153,2,2026-06-02 20:06:04,Bugis,SOK-M-02,Men's Pile Crew Socks,Socks,Men,5.9,5.9,False,1,5.9,Cash
PUN-20260602-0540,2,2026-06-02 21:20:35,PUNGGOL,BTM-M-02,Men's Slim Fit Chino Trousers,Bottoms,Men,29.9,29.9,False,1,29.9,NETS
ORC-20260602-0617,3,2026-06-02 15:03:56,Orchard Central,TOP-W-08,Women's Puff Sleeve Blouse,Tops,women,29.9,29.9,False,1,29.9,Card
BUG-20260602-0427,1,2026-06-02 13:31:34,Bugis,SOK-W-02,Women's Pile Crew Socks,Socks,Women,5.9,5.9,False,1,5.9,PayNow
ORC-20260602-0634,3,2026-06-02 15:12:17,Orchard Central,TOP-W-04,Women's Heattech Crew Neck Long Sleeve Tee,Tops,Women,14.9,14.9,False,1,14.9,Card
PUN-20260602-0423,2,2026-06-02 21:59:58,  Punggol  ,SOK-W-04,Women's Ribbed Crew Socks,Socks,Women,5.9,5.9,False,2,11.8,PayNow
ORC-20260602-0128,1,2026-06-02 15:03:26,Orchard Central,BTM-M-01,Men's Ezy Ankle Pants,Bottoms,Men,29.9,29.9,False,1,29.9,Card
BUG-20260602-0352,2,2026-06-02 13:35:32,Bugis,SOK-M-04,Men's Ribbed Crew Socks,Socks,Men,5.9,5.9,False,2,11.8,Card
BUG-20260602-0014,2,2026-06-02 17:03:35,Bugis,SOK-W-04,Women's Ribbed Crew Socks,Socks,Women,5.9,5.9,False,1,5.9,Card
ORC-20260602-0053,1,2026-06-02 19:10:46,Orchard Central,UND-M-01,  Men's Airism Boxer Briefs  ,UNDERWEAR,Men,14.9,14.9,False,1,14.9,Card
ORC-20260602-0232,1,2026-06-02 17:52:23,Orchard Central,SOK-M-09,Men's No-Show Sneaker Socks,Socks,Men,4.11,5.9,True,1,4.11,Card
BUG-20260602-0526,2,2026-06-02 19:42:46,Bugis,SOK-W-01,Women's Ankle Socks 3-Pack,Socks,Women,$14.9,14.9,False,2,29.8,Card
ORC-20260602-0577,2,2026-06-02 22:07:23,orchard central,BTM-M-01,Men's Ezy Ankle Pants,Bottoms,Men,$29.9,29.9,False,1,29.9,Cash
ORC-20260602-0726,1,2026-06-02 19:36:22,ORCHARD CENTRAL,SOK-M-02,Men's Pile Crew Socks,Socks,Men,5.9,5.9,False,1,5.9,Card
BUG-20260602-0771,1,2026-06-02 18:06:26,BUGIS,SOK-W-03,Women's Airism Low-Cut Socks,socks,Women,5.9,5.9,False,1,5.9,Card
BUG-20260602-0457,1,2026-06-02 20:53:49,  Bugis  ,SOK-W-10,Women's Wool Blend Socks,Socks,Women,9.9,9.9,False,1,9.9,Card
BUG-20260602-0228,1,2026-06-02 18:25:18,Bugis,BTM-W-02,Women's High-Rise Wide Leg Pants,Bottoms,Women,39.9,39.9,False,1,39.9,Card
BUG-20260602-0319,3,2026-06-02 19:18:36,  Bugis  ,SOK-W-02,Women's Pile Crew Socks,Socks,Women,5.9,5.9,False,2,11.8,Card
PUN-20260602-0290,3,2026-06-02 21:07:35,Punggol,BTM-W-02,Women's High-Rise Wide Leg Pants,Bottoms,Women,39.9,39.9,False,1,39.9,NETS
PUN-20260602-0427,2,2026-06-02 20:09:41,PUNGGOL,SOK-W-03,Women's Airism Low-Cut Socks,Socks,Women,5.9,5.9,False,1,5.9,PayNow
BUG-20260602-0174,3,2026-06-02 12:19:22,Bugis,TOP-W-04,Women's Heattech Crew Neck Long Sleeve Tee,Tops,Women,14.9,14.9,False,1,14.9,Card
BUG-20260602-0004,2,2026-06-02 12:00:00,Bugis,TOP-W-02,Women's Ribbed Long Sleeve Turtleneck,Tops,Women,19.9,19.9,False,1,19.9,PayNow
PUN-20260602-0343,3,2026-06-02 22:37:07,Punggol,UND-M-01,Men's Airism Boxer Briefs,Underwear,Men,14.9,14.9,False,1,14.9,Paynow
BUG-20260602-0266,1,2026-06-02 21:31:57,Bugis,TOP-W-03,Women's Silky Satin Blouse,Tops,Women,39.9,39.9,False,1,39.9,Card
ORC-20260602-0161,2,2026-06-02 15:59:28,  Orchard Central  ,SOK-M-05,Men's Sport Ankle Socks,Socks,Men,5.9,5.9,False,1,5.9,Card
BUG-20260602-0413,1,2026-06-02 19:02:13,Bugis,SOK-M-03,Men's Airism Low-Cut Socks,SOCKS,Men,5.9,5.9,False,1,5.9,Nets
PUN-20260602-0238,1,2026-06-02 14:43:28,  Punggol  ,SOK-W-04,Women's Ribbed Crew Socks,socks,Women,5.9,5.9,False,1,5.9,NETS
ORC-20260602-0805,2,2026-06-02 20:13:33,ORCHARD CENTRAL,UND-M-02,Men's Cotton Blend Trunks,Underwear,Men,14.9,14.9,False,1,14.9,Card
BUG-20260602-0513,3,2026-06-02 20:57:04,Bugis,BTM-M-08,Men's Relaxed Fit Denim Shorts,Bottoms,Men,22.99,29.9,True,1,22.99,Card
ORC-20260602-1023,1,2026-06-02 20:19:38,Orchard Central,TOP-W-03,Women's Silky Satin Blouse,Tops,women,39.9,39.9,False,1,39.9,nets
PUN-20260602-0366,3,2026-06-02 21:35:09,Punggol,UND-W-01,Women's Airism Bikini Shorts,Underwear,Women,9.9,9.9,False,1,9.9,Cash
ORC-20260602-0174,2,2026-06-02 18:34:24,Orchard Central,BTM-W-03,Women's Ezy Ankle Pants,Bottoms,Women,29.9,29.9,False,1,29.9,Card
ORC-20260602-0704,2,2026-06-02 11:21:11,Orchard Central,SOK-M-04,Men's Ribbed Crew Socks,Socks,men,5.9,5.9,False,1,5.9,Card
ORC-20260602-1059,1,2026-06-02 14:11:30,ORCHARD CENTRAL,TOP-M-01,Men's Airism Cotton Crew Neck T-Shirt,Tops,Men,14.9,14.9,False,1,$14.9,Card
BUG-20260602-0102,1,2026-06-02 11:05:41,Bugis,SOK-W-02,Women's Pile Crew Socks,Socks,Women,5.9,5.9,False,1,5.9,card
ORC-20260602-0274,1,2026-06-02 21:39:45,Orchard Central,SOK-W-03,Women's Airism Low-Cut Socks,Socks,Women,5.9,5.9,False,1,5.9,Card
BUG-20260602-0653,1,2026-06-02 20:06:55,BUGIS,SOK-W-01,Women's Ankle Socks 3-Pack,Socks,Women,14.9,14.9,False,1,14.9,Card
ORC-20260602-0255,1,2026-06-02 11:49:05,Orchard Central,SOK-M-01,Men's Ankle Socks 3-Pack,Socks,Men,14.9,14.9,False,2,29.8,PayNow
BUG-20260602-0680,1,2026-06-02 19:22:34,Bugis,SOK-W-04,Women's Ribbed Crew Socks,Socks,Women,5.9,5.9,False,1,5.9,Card
ORC-20260602-0998,1,2026-06-02 19:48:03,Orchard Central,SOK-W-03,Women's Airism Low-Cut Socks,socks,Women,5.9,5.9,False,1,5.9,PayNow
BUG-20260602-0778,3,2026-06-02 13:28:09,Bugis,SOK-W-02,Women's Pile Crew Socks,Socks,WOMEN,5.9,5.9,False,2,11.8,Card
ORC-20260602-1086,1,2026-06-02 12:51:26,  Orchard Central  ,SOK-M-01,,SOCKS,men,14.9,14.9,False,1,14.9,Cash
PUN-20260602-0142,1,2026-06-02 20:53:35,  Punggol  ,SOK-M-01,Men's Ankle Socks 3-Pack,Socks,Men,14.9,14.9,False,1,14.9,NETS
BUG-20260602-0796,3,2026-06-02 20:33:26,Bugis,SOK-W-03,Women's Airism Low-Cut Socks,Socks,Women,5.9,5.9,False,2,11.8,
ORC-20260602-0751,2,2026-06-02 14:04:18,Orchard Central,SOK-M-09,Men's No-Show Sneaker Socks,socks,Men,4.11,5.9,True,1,4.11,Card
BUG-20260602-0811,1,2026-06-02 22:31:09,Bugis,BTM-M-08,Men's Relaxed Fit Denim Shorts,Bottoms,MEN,22.99,29.9,True,1,22.99,Card
BUG-20260602-0809,2,2026-06-02 11:16:47,Bugis,BTM-W-10,Women's High Waist Denim Shorts,Bottoms,Women,29.9,29.9,False,1,29.9,Card
BUG-20260602-0372,3,2026-06-02 20:32:06,Bugis,UND-M-04,Men's Cotton Crew Neck Undershirt,Underwear,Men,14.9,14.9,False,1,14.9,NETS
ORC-20260602-0202,2,2026-06-02 21:31:12,Orchard Central,SOK-M-04,Men's Ribbed Crew Socks,Socks,Men,5.9,5.9,False,1,5.9,Card
ORC-20260602-0943,3,2026-06-02 21:47:28,Orchard Central,BTM-M-01,Men's Ezy Ankle Pants,Bottoms,Men,29.9,29.9,False,1,29.9,Cash
BUG-20260602-0753,2,2026-06-02 21:05:51,bugis,SOK-M-02,Men's Pile Crew Socks,SOCKS,Men,5.9,5.9,False,1,5.9,Card
ORC-20260602-0396,3,2026-06-02 15:35:42,Orchard Central,UND-W-04,Women's Airism T-Shirt Bra,underwear,Women,29.9,29.9,False,1,29.9,Cash
ORC-20260602-0449,2,2026-06-02 11:31:05,orchard central,UND-W-01,Women's Airism Bikini Shorts,Underwear,Women,9.9,9.9,False,1,9.9,Card
BUG-20260602-0397,1,2026-06-02 20:08:14,Bugis,SOK-M-03,Men's Airism Low-Cut Socks,socks,Men,5.9,5.9,False,1,5.9,Card
ORC-20260602-0789,1,2026-06-02 20:21:01,Orchard Central,SOK-M-07,Men's Striped Crew Socks,Socks,Men,5.9,5.9,False,1,5.9,Card
ORC-20260602-0461,1,2026-06-02 19:46:58,Orchard Central,BTM-M-08,Men's Relaxed Fit Denim Shorts,Bottoms,Men,22.99,29.9,True,1,$22.99,paynow
PUN-20260602-0463,1,2026-06-02 20:38:26,Punggol,UND-M-03,Men's Airism Mesh Boxer Briefs,Underwear,Men,14.9,14.9,False,1,14.9,PayNow
ORC-20260602-0508,1,2026-06-02 16:44:48,Orchard Central,SOK-W-01,Women's Ankle Socks 3-Pack,Socks,Women,14.9,14.9,False,1,14.9,PAYNOW
BUG-20260602-0273,1,2026-06-02 15:04:07,BUGIS,SOK-M-02,Men's Pile Crew Socks,Socks,Men,5.9,5.9,False,2,11.8,Card
BUG-20260602-0585,1,2026-06-02 19:46:02,Bugis,BTM-W-01,Women's Ultra Stretch Skinny Jeans,Bottoms,Women,39.9,39.9,False,1,39.9,Card
BUG-20260602-0422,1,2026-06-02 18:36:21,Bugis,UND-M-04,Men's Cotton Crew Neck Undershirt,Underwear,MEN,14.9,14.9,False,1,14.9,paynow
BUG-20260602-0582,3,2026-06-02 17:18:41,Bugis,TOP-M-01,Men's Airism Cotton Crew Neck T-Shirt,Tops,Men,14.9,14.9,False,1,14.9,paynow
PUN-20260602-0443,1,2026-06-02 17:47:26,Punggol,TOP-W-04,Women's Heattech Crew Neck Long Sleeve Tee,Tops,Women,14.9,14.9,False,1,14.9,Cash
BUG-20260602-0511,2,2026-06-02 22:12:09,Bugis,SOK-M-02,Men's Pile Crew Socks,Socks,Men,5.9,5.9,False,1,5.9,Card
BUG-20260602-0122,3,2026-06-02 12:35:20,BUGIS,SOK-W-02,Women's Pile Crew Socks,Socks,women,5.9,5.9,False,1,5.9,Card
ORC-20260602-0252,1,2026-06-02 16:30:29,Orchard Central,SOK-W-02,Women's Pile Crew Socks,Socks,Women,5.9,5.9,False,1,5.9,PayNow
ORC-20260602-0541,3,2026-06-02 21:11:55,Orchard Central,UND-M-04,Men's Cotton Crew Neck Undershirt,Underwear,Men,14.9,14.9,False,1,14.9,Card
BUG-20260602-0670,1,2026-06-02 21:31:59,Bugis,UND-W-01,Women's Airism Bikini Shorts,Underwear,Women,9.9,9.9,False,2,19.8,Cash
ORC-20260602-0286,1,2026-06-02 18:11:22,orchard central,UND-M-02,Men's Cotton Blend Trunks,Underwear,Men,14.9,14.9,False,2,29.8,Card
ORC-20260602-0995,2,2026-06-02 20:39:19,  Orchard Central  ,SOK-W-03,Women's Airism Low-Cut Socks,Socks,Women,5.9,5.9,False,1,5.9,PayNow
PUN-20260602-0630,2,2026-06-02 11:11:55,Punggol,UND-W-03,Women's Cotton Blend Briefs,Underwear,Women,9.9,9.9,False,1,9.9,PayNow
ORC-20260602-1068,2,2026-06-02 20:25:55,Orchard Central,SOK-W-02,Women's Pile Crew Socks,SOCKS,Women,5.9,5.9,False,1,5.9,PayNow
PUN-20260602-0322,1,2026-06-02 19:32:38,Punggol,SOK-W-06,Women's Heattech Socks,SOCKS,Women,9.9,9.9,False,1,$9.9,NETS
BUG-20260602-0334,3,2026-06-02 16:02:53,bugis,UND-M-01,Men's Airism Boxer Briefs,Underwear,Men,14.9,14.9,False,2,29.8,Card
ORC-20260602-0587,2,2026-06-02 19:34:14,Orchard Central,SOK-W-02,Women's Pile Crew Socks,Socks,Women,5.9,5.9,False,1,5.9,Card
ORC-20260602-0953,1,2026-06-02 13:35:54,Orchard Central,SOK-M-02,Men's Pile Crew Socks,Socks,Men,5.9,5.9,False,1,5.9,PayNow
ORC-20260602-1091,2,2026-06-02 20:44:41,ORCHARD CENTRAL,SOK-M-09,Men's No-Show Sneaker Socks,Socks,Men,$4.11,5.9,True,1,4.11,Card
PUN-20260602-0371,3,2026-06-02 21:32:14,Punggol,BTM-M-01,Men's Ezy Ankle Pants,Bottoms,Men,29.9,29.9,False,1,29.9,Card
ORC-20260602-0093,1,2026-06-02 17:24:13,ORCHARD CENTRAL,UND-W-01,Women's Airism Bikini Shorts,Underwear,Women,9.9,9.9,False,1,9.9,Card
PUN-20260602-0140,2,2026-06-02 18:30:09,Punggol,SOK-W-02,Women's Pile Crew Socks,Socks,Women,5.9,5.9,False,1,5.9,Card
ORC-20260602-0200,2,2026-06-02 15:06:24,ORCHARD CENTRAL,UND-W-01,Women's Airism Bikini Shorts,Underwear,Women,9.9,9.9,False,1,9.9,Cash
ORC-20260602-0004,1,2026-06-02 18:06:19,Orchard Central,UND-W-01,Women's Airism Bikini Shorts,Underwear,Women,9.9,9.9,False,1,9.9,Card
BUG-20260602-0683,2,2026-06-02 17:52:23,Bugis,BTM-M-02,Men's Slim Fit Chino Trousers,Bottoms,Men,29.9,29.9,False,1,29.9,Cash
PUN-20260602-0547,3,2026-06-02 15:08:40,Punggol,SOK-M-04,Men's Ribbed Crew Socks,socks,Men,5.9,5.9,False,1,$5.9,Card
ORC-20260602-0720,1,2026-06-02 11:28:22,Orchard Central,TOP-W-01,Women's Airism Cotton Crew Neck T-Shirt,Tops,Women,14.9,14.9,False,1,14.9,PayNow
ORC-20260602-0639,2,2026-06-02 15:03:53,Orchard Central,UND-M-01,Men's Airism Boxer Briefs,Underwear,MEN,14.9,14.9,False,1,14.9,Cash
ORC-20260602-0752,2,2026-06-02 20:31:43,Orchard Central,UND-W-01,Women's Airism Bikini Shorts,Underwear,Women,9.9,9.9,False,1,9.9,Card
PUN-20260602-0008,1,2026-06-02 21:50:08,Punggol,TOP-W-01,  Women's Airism Cotton Crew Neck T-Shirt  ,Tops,Women,14.9,14.9,False,1,14.9,PAYNOW
ORC-20260602-0148,2,2026-06-02 14:31:52,Orchard Central,TOP-M-01,Men's Airism Cotton Crew Neck T-Shirt,Tops,men,$14.9,14.9,False,1,14.9,PayNow
BUG-20260602-0647,1,2026-06-02 12:35:47,Bugis,BTM-W-03,Women's Ezy Ankle Pants,bottoms,Women,29.9,29.9,False,1,29.9,Card
ORC-20260602-0918,1,2026-06-02 20:15:52,orchard central,UND-M-01,Men's Airism Boxer Briefs,underwear,Men,14.9,14.9,False,1,14.9,NETS
BUG-20260602-0813,1,2026-06-02 21:16:32,Bugis,TOP-M-01,Men's Airism Cotton Crew Neck T-Shirt,Tops,MEN,14.9,14.9,False,1,14.9,PayNow
PUN-20260602-0470,1,2026-06-02 17:42:39,Punggol,SOK-W-02,Women's Pile Crew Socks,Socks,Women,5.9,5.9,False,1,5.9,Card
ORC-20260602-0431,2,2026-06-02 20:01:39,Orchard Central,UND-M-08,Men's Airism V-Neck Undershirt,Underwear,Men,9.9,9.9,False,1,9.9,Cash
ORC-20260602-0745,2,2026-06-02 19:14:17,  Orchard Central  ,SOK-W-04,Women's Ribbed Crew Socks,Socks,Women,5.9,5.9,False,1,5.9,PayNow
BUG-20260602-0685,2,2026-06-02 20:59:08,Bugis,SOK-W-01,,Socks,Women,14.9,14.9,False,2,29.8,NETS
PUN-20260602-0498,3,2026-06-02 21:46:39,Punggol,TOP-W-03,Women's Silky Satin Blouse,Tops,Women,39.9,39.9,False,1,39.9,NETS
ORC-20260602-1101,3,2026-06-02 16:27:24,Orchard Central,SOK-W-02,Women's Pile Crew Socks,Socks,Women,5.9,5.9,False,1,5.9,NETS
BUG-20260602-0295,1,2026-06-02 20:29:44,Bugis,SOK-M-02,Men's Pile Crew Socks,Socks,Men,5.9,5.9,False,1,5.9,Card
PUN-20260602-0366,2,2026-06-02 21:35:09,Punggol,UND-M-01,Men's Airism Boxer Briefs,Underwear,Men,14.9,14.9,False,1,14.9,cash
ORC-20260602-0325,3,2026-06-02 21:39:44,Orchard Central,TOP-M-02,Men's Supima Cotton Polo Shirt,Tops,Men,29.9,29.9,False,1,29.9,Card
BUG-20260602-0542,3,2026-06-02 21:30:26,Bugis,SOK-W-04,Women's Ribbed Crew Socks,Socks,Women,5.9,5.9,False,1,5.9,PayNow
PUN-20260602-0361,2,2026-06-02 21:58:34,  Punggol  ,TOP-W-04,Women's Heattech Crew Neck Long Sleeve Tee,Tops,Women,14.9,14.9,False,1,14.9,Card
ORC-20260602-0287,1,2026-06-02 21:59:14,  Orchard Central  ,SOK-W-02,Women's Pile Crew Socks,Socks,Women,5.9,5.9,False,2,11.8,Card
BUG-20260602-0610,3,2026-06-02 21:30:20,  Bugis  ,SOK-W-03,Women's Airism Low-Cut Socks,Socks,Women,5.9,5.9,False,1,$5.9,Card
ORC-20260602-0400,3,2026-06-02 12:54:01,ORCHARD CENTRAL,SOK-M-02,Men's Pile Crew Socks,Socks,men,5.9,5.9,False,2,11.8,NETS
PUN-20260602-0316,2,2026-06-02 18:16:43,punggol,UND-M-01,Men's Airism Boxer Briefs,Underwear,Men,14.9,14.9,False,1,14.9,NETS
PUN-20260602-0235,1,2026-06-02 16:38:19,punggol,UND-W-04,Women's Airism T-Shirt Bra,Underwear,Women,29.9,29.9,False,1,29.9,Card
ORC-20260602-0590,3,2026-06-02 19:00:47,Orchard Central,TOP-M-03,Men's Dry-EX Crew Neck T-Shirt,Tops,Men,19.9,19.9,False,1,$19.9,PayNow
BUG-20260602-0046,2,2026-06-02 17:48:38,Bugis,SOK-W-03,Women's Airism Low-Cut Socks,Socks,Women,5.9,5.9,False,2,11.8,Card
PUN-20260602-0658,1,2026-06-02 15:10:05,Punggol,SOK-W-04,Women's Ribbed Crew Socks,Socks,Women,5.9,5.9,False,1,5.9,Cash
BUG-20260602-0386,1,2026-06-02 17:19:51,  Bugis  ,SOK-M-01,Men's Ankle Socks 3-Pack,Socks,Men,14.9,14.9,False,1,14.9,cash
ORC-20260602-0162,3,2026-06-02 21:23:45,Orchard Central,SOK-W-04,Women's Ribbed Crew Socks,SOCKS,Women,5.9,5.9,False,1,5.9,PayNow
PUN-20260602-0236,1,2026-06-02 19:12:57,Punggol,SOK-W-02,Women's Pile Crew Socks,Socks,Women,5.9,5.9,False,1,5.9,NETS
BUG-20260602-0394,1,2026-06-02 19:55:14,  Bugis  ,BTM-M-08,Men's Relaxed Fit Denim Shorts,Bottoms,men,22.99,29.9,True,1,22.99,PayNow
BUG-20260602-0369,2,2026-06-02 20:44:41,Bugis,BTM-M-02,Men's Slim Fit Chino Trousers,Bottoms,Men,29.9,29.9,False,1,29.9,Card
BUG-20260602-0352,1,2026-06-02 13:35:32,Bugis,SOK-M-03,Men's Airism Low-Cut Socks,Socks,Men,5.9,5.9,False,1,5.9,Card
BUG-20260602-0625,1,2026-06-02 17:54:31,Bugis,UND-W-01,Women's Airism Bikini Shorts,UNDERWEAR,Women,9.9,9.9,False,1,9.9,PayNow
ORC-20260602-0267,1,2026-06-02 20:24:50,Orchard Central,TOP-W-04,Women's Heattech Crew Neck Long Sleeve Tee,Tops,Women,14.9,14.9,False,1,14.9,PayNow
BUG-20260602-0719,1,2026-06-02 22:01:01,BUGIS,SOK-W-03,Women's Airism Low-Cut Socks,SOCKS,Women,5.9,5.9,False,1,5.9,NETS
ORC-20260602-0637,3,2026-06-02 19:05:30,Orchard Central,SOK-M-04,Men's Ribbed Crew Socks,Socks,Men,5.9,5.9,False,1,5.9,Card
BUG-20260602-0278,2,2026-06-02 16:44:54,BUGIS,SOK-W-01,Women's Ankle Socks 3-Pack,Socks,Women,14.9,14.9,False,1,14.9,NETS
ORC-20260602-0478,1,2026-06-02 18:40:36,Orchard Central,SOK-M-09,Men's No-Show Sneaker Socks,Socks,Men,4.11,5.9,True,2,8.22,Card
ORC-20260602-0104,1,2026-06-02 17:14:26,  Orchard Central  ,TOP-M-01,Men's Airism Cotton Crew Neck T-Shirt,Tops,Men,14.9,14.9,False,1,14.9,nets
ORC-20260602-0872,1,2026-06-02 19:26:53,Orchard Central,BTM-M-03,Men's Selvedge Regular Fit Jeans,Bottoms,Men,59.9,59.9,False,1,59.9,Cash
ORC-20260602-0118,1,2026-06-02 19:19:20,  Orchard Central  ,SOK-W-03,Women's Airism Low-Cut Socks,Socks,Women,5.9,5.9,False,1,5.9,PayNow
BUG-20260602-0419,2,2026-06-02 21:42:17,Bugis,SOK-W-01,Women's Ankle Socks 3-Pack,SOCKS,Women,14.9,14.9,False,1,14.9,Card
ORC-20260602-0930,1,2026-06-02 20:46:56,Orchard Central,SOK-W-03,Women's Airism Low-Cut Socks,Socks,Women,5.9,5.9,False,2,11.8,paynow
ORC-20260602-0114,2,2026-06-02 21:00:02,Orchard Central,TOP-W-04,Women's Heattech Crew Neck Long Sleeve Tee,Tops,Women,14.9,14.9,False,1,14.9,Card
PUN-20260602-0028,2,2026-06-02 14:30:13,Punggol,SOK-W-04,Women's Ribbed Crew Socks,Socks,Women,5.9,5.9,False,1,5.9,Cash
ORC-20260602-0804,2,2026-06-02 16:10:04,orchard central,TOP-W-01,Women's Airism Cotton Crew Neck T-Shirt,tops,Women,14.9,14.9,False,1,14.9,PayNow
PUN-20260602-0388,3,2026-06-02 18:01:31,Punggol,UND-W-03,Women's Cotton Blend Briefs,Underwear,Women,9.9,9.9,False,1,9.9,PAYNOW
BUG-20260602-0810,3,2026-06-02 22:30:16,Bugis,SOK-M-04,Men's Ribbed Crew Socks,socks,MEN,5.9,5.9,False,1,5.9,Card
PUN-20260602-0086,2,2026-06-02 21:07:58,Punggol,SOK-W-02,Women's Pile Crew Socks,Socks,Women,5.9,5.9,False,1,5.9,Card
BUG-20260602-0403,1,2026-06-02 20:52:32,BUGIS,TOP-W-02,Women's Ribbed Long Sleeve Turtleneck,Tops,Women,19.9,19.9,False,1,19.9,Card
ORC-20260602-0949,3,2026-06-02 15:59:05,Orchard Central,SOK-M-02,Men's Pile Crew Socks,Socks,MEN,5.9,5.9,False,1,5.9,Card
ORC-20260602-0102,1,2026-06-02 20:29:30,Orchard Central,UND-M-04,Men's Cotton Crew Neck Undershirt,Underwear,Men,14.9,14.9,False,1,14.9,PayNow
BUG-20260602-0782,1,2026-06-02 18:22:32,Bugis,UND-W-03,Women's Cotton Blend Briefs,Underwear,Women,9.9,9.9,False,1,9.9,Card
BUG-20260602-0412,1,2026-06-02 21:33:17,Bugis,UND-W-01,Women's Airism Bikini Shorts,Underwear,Women,9.9,9.9,False,1,9.9,PayNow
BUG-20260602-0791,2,2026-06-02 17:42:48,Bugis,SOK-M-04,Men's Ribbed Crew Socks,Socks,Men,5.9,5.9,False,1,5.9,NETS
ORC-20260602-0047,1,2026-06-02 16:29:33,ORCHARD CENTRAL,TOP-M-04,Men's Oxford Long Sleeve Shirt,tops,Men,29.9,29.9,False,1,29.9,Cash
BUG-20260602-0389,1,2026-06-02 17:42:17,Bugis,SOK-W-04,Women's Ribbed Crew Socks,Socks,Women,5.9,5.9,False,1,5.9,Card
PUN-20260602-0080,2,2026-06-02 22:29:14,Punggol,SOK-W-03,Women's Airism Low-Cut Socks,Socks,Women,5.9,5.9,False,1,5.9,NETS
ORC-20260602-0240,1,2026-06-02 20:47:34,  Orchard Central  ,SOK-W-02,  Women's Pile Crew Socks  ,Socks,Women,5.9,5.9,False,1,5.9,Card
ORC-20260602-0253,1,2026-06-02 20:07:02,Orchard Central,SOK-W-04,Women's Ribbed Crew Socks,Socks,Women,5.9,5.9,False,1,5.9,nets
PUN-20260602-0669,2,2026-06-02 14:45:39,Punggol,SOK-M-03,Men's Airism Low-Cut Socks,Socks,Men,5.9,5.9,False,2,11.8,Card
PUN-20260602-0376,2,2026-06-02 21:06:39,Punggol,SOK-M-02,Men's Pile Crew Socks,Socks,Men,5.9,5.9,False,1,5.9,Card
ORC-20260602-0510,1,2026-06-02 16:41:27,Orchard Central,SOK-W-04,Women's Ribbed Crew Socks,Socks,Women,5.9,5.9,False,1,5.9,NETS
ORC-20260602-0241,1,2026-06-02 20:44:05,orchard central,TOP-M-01,Men's Airism Cotton Crew Neck T-Shirt,Tops,Men,14.9,14.9,False,1,14.9,NETS
BUG-20260602-0508,2,2026-06-02 20:37:14,Bugis,TOP-M-01,Men's Airism Cotton Crew Neck T-Shirt,Tops,Men,14.9,14.9,False,1,$14.9,NETS
ORC-20260602-0263,2,2026-06-02 15:03:25,Orchard Central,TOP-M-04,  Men's Oxford Long Sleeve Shirt  ,Tops,Men,$29.9,29.9,False,1,$29.9,Card
ORC-20260602-1020,2,2026-06-02 21:55:09,Orchard Central,UND-W-07,Women's Heattech Camisole,Underwear,Women,14.9,14.9,False,1,14.9,Card
ORC-20260602-0040,1,2026-06-02 18:29:20,orchard central,UND-W-07,Women's Heattech Camisole,UNDERWEAR,Women,14.9,14.9,False,1,14.9,Paynow
PUN-20260602-0018,3,2026-06-02 18:25:49,  Punggol  ,SOK-M-04,Men's Ribbed Crew Socks,Socks,Men,5.9,5.9,False,1,5.9,PayNow
ORC-20260602-0756,1,2026-06-02 11:32:08,Orchard Central,SOK-M-05,Men's Sport Ankle Socks,Socks,Men,5.9,5.9,False,1,5.9,PayNow
ORC-20260602-0625,3,2026-06-02 20:31:40,Orchard Central,BTM-M-01,Men's Ezy Ankle Pants,Bottoms,Men,29.9,29.9,False,1,29.9,PAYNOW
PUN-20260602-0348,3,2026-06-02 19:38:01,Punggol,UND-M-10,Men's Cotton Blend Briefs,Underwear,Men,9.9,9.9,False,1,$9.9,PayNow
ORC-20260602-0688,3,2026-06-02 21:35:12,ORCHARD CENTRAL,SOK-M-10,Men's Wool Blend Socks,Socks,Men,9.9,9.9,False,1,9.9,Card
ORC-20260602-0532,2,2026-06-02 19:38:52,Orchard Central,TOP-M-01,Men's Airism Cotton Crew Neck T-Shirt,Tops,Men,14.9,14.9,False,1,14.9,Card
PUN-20260602-0628,1,2026-06-02 19:34:35,  Punggol  ,UND-M-01,Men's Airism Boxer Briefs,Underwear,Men,14.9,14.9,False,1,14.9,
ORC-20260602-0911,2,2026-06-02 22:23:03,Orchard Central,TOP-W-02,Women's Ribbed Long Sleeve Turtleneck,Tops,Women,19.9,19.9,False,1,19.9,NETS
PUN-20260602-0331,1,2026-06-02 20:18:00,Punggol,UND-M-08,Men's Airism V-Neck Undershirt,Underwear,men,9.9,9.9,False,2,19.8,CARD
BUG-20260602-0506,2,2026-06-02 20:04:38,Bugis,SOK-W-04,Women's Ribbed Crew Socks,Socks,Women,5.9,5.9,False,1,5.9,Cash
BUG-20260602-0098,1,2026-06-02 20:50:24,Bugis,SOK-W-10,Women's Wool Blend Socks,Socks,Women,9.9,9.9,False,1,9.9,NETS
PUN-20260602-0580,2,2026-06-02 21:38:11,PUNGGOL,UND-W-02,Women's Wireless Bra,Underwear,Women,29.9,29.9,False,1,29.9,PayNow
BUG-20260602-0345,3,2026-06-02 21:19:55,Bugis,SOK-W-03,Women's Airism Low-Cut Socks,Socks,Women,5.9,5.9,False,1,5.9,PayNow
ORC-20260602-0558,2,2026-06-02 18:49:15,Orchard Central,SOK-W-02,Women's Pile Crew Socks,Socks,Women,5.9,5.9,False,1,5.9,Card
ORC-20260602-0291,2,2026-06-02 20:07:57,Orchard Central,SOK-W-02,Women's Pile Crew Socks,Socks,Women,5.9,5.9,False,1,5.9,Card
ORC-20260602-1058,2,2026-06-02 21:25:23,Orchard Central,SOK-M-09,Men's No-Show Sneaker Socks,Socks,Men,4.11,5.9,True,1,4.11,Card
ORC-20260602-1071,2,2026-06-02 17:33:31,  Orchard Central  ,SOK-M-03,Men's Airism Low-Cut Socks,socks,Men,5.9,5.9,False,2,11.8,Card
BUG-20260602-0561,2,2026-06-02 21:02:28,Bugis,UND-M-02,Men's Cotton Blend Trunks,Underwear,Men,14.9,14.9,False,1,14.9,Card
BUG-20260602-0148,3,2026-06-02 16:03:20,Bugis,SOK-M-04,Men's Ribbed Crew Socks,Socks,men,5.9,5.9,False,1,5.9,Cash
ORC-20260602-0514,1,2026-06-02 11:56:45,ORCHARD CENTRAL,BTM-W-03,Women's Ezy Ankle Pants,Bottoms,Women,29.9,29.9,False,1,29.9,Cash
ORC-20260602-0218,2,2026-06-02 14:02:11,  Orchard Central  ,TOP-M-05,Men's Heattech Crew Neck Long Sleeve Tee,tops,Men,11.62,14.9,True,1,11.62,Card
ORC-20260602-1063,3,2026-06-02 19:19:08,Orchard Central,SOK-M-02,Men's Pile Crew Socks,Socks,Men,5.9,5.9,False,2,11.8,PAYNOW
BUG-20260602-0506,1,2026-06-02 20:04:38,Bugis,BTM-W-04,Women's Denim Straight Jeans,Bottoms,Women,49.9,49.9,False,1,49.9,Cash
PUN-20260602-0303,3,2026-06-02 18:27:42,Punggol,TOP-W-04,Women's Heattech Crew Neck Long Sleeve Tee,Tops,Women,14.9,14.9,False,1,14.9,Card
ORC-20260602-0884,1,2026-06-02 19:00:23,Orchard Central,BTM-W-01,  Women's Ultra Stretch Skinny Jeans  ,Bottoms,Women,39.9,39.9,False,1,39.9,Cash
BUG-20260602-0073,2,2026-06-02 17:32:25,Bugis,SOK-W-04,  Women's Ribbed Crew Socks  ,Socks,Women,5.9,5.9,False,1,5.9,Cash
PUN-20260602-0125,2,2026-06-02 17:00:06,punggol,UND-W-04,Women's Airism T-Shirt Bra,Underwear,Women,29.9,29.9,False,1,29.9,NETS
BUG-20260602-0676,3,2026-06-02 20:23:19,Bugis,UND-W-03,Women's Cotton Blend Briefs,Underwear,Women,9.9,9.9,False,2,19.8,card
ORC-20260602-0422,3,2026-06-02 20:49:24,Orchard Central,UND-W-01,Women's Airism Bikini Shorts,Underwear,Women,9.9,9.9,False,2,19.8,Card
PUN-20260602-0357,1,2026-06-02 18:27:24,punggol,UND-W-01,Women's Airism Bikini Shorts,Underwear,Women,9.9,9.9,False,1,9.9,PayNow
BUG-20260602-0506,3,2026-06-02 20:04:38,Bugis,UND-W-03,Women's Cotton Blend Briefs,Underwear,Women,9.9,9.9,False,1,9.9,Cash
PUN-20260602-0035,1,2026-06-02 12:33:44,punggol,SOK-M-04,Men's Ribbed Crew Socks,Socks,Men,5.9,5.9,False,1,5.9,Card
ORC-20260602-0243,1,2026-06-02 21:30:56,Orchard Central,TOP-W-02,Women's Ribbed Long Sleeve Turtleneck,Tops,Women,19.9,19.9,False,1,19.9,Card
BUG-20260602-0226,1,2026-06-02 17:33:05,Bugis,BTM-M-08,Men's Relaxed Fit Denim Shorts,Bottoms,Men,22.99,29.9,True,1,22.99,NETS
BUG-20260602-0699,3,2026-06-02 19:01:06,Bugis,UND-W-01,Women's Airism Bikini Shorts,Underwear,Women,9.9,9.9,False,1,9.9,Cash
ORC-20260602-0164,1,2026-06-02 19:52:49,Orchard Central,SOK-W-03,Women's Airism Low-Cut Socks,Socks,Women,5.9,5.9,False,1,5.9,Card
BUG-20260602-0512,1,2026-06-02 13:15:28,Bugis,SOK-W-02,Women's Pile Crew Socks,Socks,Women,5.9,5.9,False,1,5.9,NETS
BUG-20260602-0763,1,2026-06-02 16:25:55,Bugis,SOK-W-03,Women's Airism Low-Cut Socks,Socks,Women,5.9,5.9,False,1,5.9,NETS
ORC-20260602-0377,2,2026-06-02 16:12:51,Orchard Central,BTM-W-02,Women's High-Rise Wide Leg Pants,Bottoms,Women,39.9,39.9,False,1,39.9,Card
BUG-20260602-0652,1,2026-06-02 20:55:00,Bugis,TOP-W-03,Women's Silky Satin Blouse,Tops,Women,39.9,39.9,False,1,39.9,Card
ORC-20260602-0375,1,2026-06-02 13:29:06,Orchard Central,SOK-W-06,Women's Heattech Socks,Socks,Women,9.9,9.9,False,1,9.9,Card
ORC-20260602-0686,1,2026-06-02 18:43:12,Orchard Central,SOK-W-04,Women's Ribbed Crew Socks,Socks,Women,5.9,5.9,False,2,11.8,NETS
PUN-20260602-0404,2,2026-06-02 14:00:20,  Punggol  ,TOP-M-02,Men's Supima Cotton Polo Shirt,Tops,Men,29.9,29.9,False,1,29.9,PayNow
ORC-20260602-0670,2,2026-06-02 12:33:32,Orchard Central,UND-W-09,Women's Cotton Boyshorts,Underwear,Women,9.9,9.9,False,1,9.9,PayNow
ORC-20260602-0320,2,2026-06-02 20:01:31,Orchard Central,TOP-W-02,Women's Ribbed Long Sleeve Turtleneck,Tops,Women,19.9,19.9,False,1,19.9,CARD
BUG-20260602-0735,2,2026-06-02 20:56:24,  Bugis  ,SOK-M-01,Men's Ankle Socks 3-Pack,Socks,Men,14.9,14.9,False,1,14.9,Card
ORC-20260602-0951,2,2026-06-02 19:41:46,Orchard Central,SOK-W-04,Women's Ribbed Crew Socks,Socks,Women,5.9,5.9,False,1,5.9,Card
ORC-20260602-0087,2,2026-06-02 22:46:11,Orchard Central,SOK-M-06,Men's Heattech Socks,Socks,Men,9.9,9.9,False,1,9.9,PayNow
ORC-20260602-0792,3,2026-06-02 11:03:55,Orchard Central,SOK-M-09,Men's No-Show Sneaker Socks,Socks,men,4.11,5.9,True,1,4.11,PayNow
PUN-20260602-0118,1,2026-06-02 17:06:07,Punggol,UND-M-01,Men's Airism Boxer Briefs,Underwear,Men,14.9,14.9,False,1,14.9,Cash
PUN-20260602-0475,1,2026-06-02 12:35:20,  Punggol  ,UND-W-03,Women's Cotton Blend Briefs,Underwear,Women,9.9,9.9,False,1,9.9,CASH
BUG-20260602-0381,2,2026-06-02 21:25:36,  Bugis  ,UND-W-01,Women's Airism Bikini Shorts,Underwear,Women,9.9,9.9,False,1,9.9,paynow
PUN-20260602-0544,1,2026-06-02 15:51:21,Punggol,SOK-M-01,Men's Ankle Socks 3-Pack,Socks,MEN,14.9,14.9,False,1,14.9,PayNow
ORC-20260602-0849,2,2026-06-02 19:25:19,orchard central,SOK-W-06,Women's Heattech Socks,Socks,Women,9.9,9.9,False,1,9.9,PayNow
ORC-20260602-0956,1,2026-06-02 20:45:06,Orchard Central,SOK-M-09,Men's No-Show Sneaker Socks,socks,Men,4.11,5.9,True,1,4.11,Card
PUN-20260602-0636,2,2026-06-02 21:54:38,Punggol,SOK-W-02,Women's Pile Crew Socks,Socks,Women,5.9,5.9,False,2,11.8,PayNow
PUN-20260602-0544,2,2026-06-02 15:51:21,Punggol,SOK-M-02,Men's Pile Crew Socks,Socks,Men,5.9,5.9,False,1,5.9,PayNow
PUN-20260602-0137,2,2026-06-02 21:07:56,Punggol,SOK-W-04,Women's Ribbed Crew Socks,Socks,Women,5.9,5.9,False,1,5.9,Card
ORC-20260602-0775,1,2026-06-02 19:51:52,orchard central,SOK-M-03,Men's Airism Low-Cut Socks,Socks,Men,5.9,5.9,False,1,5.9,CASH
ORC-20260602-0884,2,2026-06-02 19:00:23,Orchard Central,TOP-M-03,Men's Dry-EX Crew Neck T-Shirt,Tops,Men,19.9,19.9,False,1,19.9,Cash
PUN-20260602-0393,3,2026-06-02 14:21:47,Punggol,BTM-M-02,Men's Slim Fit Chino Trousers,Bottoms,Men,29.9,29.9,False,1,29.9,PayNow
BUG-20260602-0661,2,2026-06-02 19:37:10,Bugis,SOK-M-03,Men's Airism Low-Cut Socks,Socks,Men,5.9,5.9,False,1,5.9,PayNow
ORC-20260602-0955,2,2026-06-02 20:15:48,Orchard Central,BTM-M-08,Men's Relaxed Fit Denim Shorts,bottoms,MEN,$22.99,29.9,True,1,22.99,Card
PUN-20260602-0597,1,2026-06-02 20:15:19,Punggol,SOK-W-02,Women's Pile Crew Socks,Socks,Women,5.9,5.9,False,1,5.9,Card
ORC-20260602-0105,2,2026-06-02 12:19:05,  Orchard Central  ,SOK-W-03,Women's Airism Low-Cut Socks,Socks,Women,5.9,5.9,False,1,5.9,Nets
BUG-20260602-0132,3,2026-06-02 21:44:34,Bugis,TOP-W-06,Women's Linen Blend Short Sleeve Shirt,Tops,Women,29.9,29.9,False,1,29.9,Card
PUN-20260602-0216,1,2026-06-02 20:49:41,Punggol,SOK-M-05,Men's Sport Ankle Socks,Socks,Men,5.9,5.9,False,1,5.9,Card
PUN-20260602-0315,1,2026-06-02 18:36:33,Punggol,BTM-M-03,  Men's Selvedge Regular Fit Jeans  ,Bottoms,Men,59.9,59.9,False,1,59.9,Card
PUN-20260602-0189,1,2026-06-02 21:01:34,Punggol,TOP-W-02,Women's Ribbed Long Sleeve Turtleneck,Tops,Women,19.9,19.9,False,1,19.9,PayNow
ORC-20260602-0861,2,2026-06-02 21:32:47,Orchard Central,TOP-M-04,  Men's Oxford Long Sleeve Shirt  ,Tops,Men,$29.9,29.9,False,1,29.9,Card
ORC-20260602-1031,1,2026-06-02 13:13:28,Orchard Central,SOK-W-03,  Women's Airism Low-Cut Socks  ,Socks,Women,5.9,5.9,False,1,5.9,card
PUN-20260602-0108,2,2026-06-02 19:00:20,Punggol,SOK-W-02,Women's Pile Crew Socks,Socks,WOMEN,5.9,5.9,False,1,5.9,NETS
BUG-20260602-0673,2,2026-06-02 17:07:38,Bugis,SOK-W-02,Women's Pile Crew Socks,Socks,Women,5.9,5.9,False,1,5.9,Card
BUG-20260602-0483,2,2026-06-02 19:32:06,Bugis,TOP-W-02,Women's Ribbed Long Sleeve Turtleneck,Tops,Women,19.9,19.9,False,1,19.9,NETS
ORC-20260602-0825,1,2026-06-02 17:19:04,ORCHARD CENTRAL,SOK-M-03,Men's Airism Low-Cut Socks,SOCKS,Men,5.9,5.9,False,1,5.9,PayNow
BUG-20260602-0429,1,2026-06-02 20:47:48,Bugis,SOK-W-02,Women's Pile Crew Socks,Socks,Women,5.9,5.9,False,2,11.8,Card
BUG-20260602-0711,2,2026-06-02 19:14:25,  Bugis  ,SOK-W-02,,SOCKS,Women,5.9,5.9,False,1,5.9,NETS
ORC-20260602-1064,1,2026-06-02 16:18:58,Orchard Central,UND-W-04,  Women's Airism T-Shirt Bra  ,Underwear,Women,29.9,29.9,False,1,29.9,PayNow
ORC-20260602-0210,3,2026-06-02 18:16:47,Orchard Central,SOK-W-09,Women's No-Show Sneaker Socks,Socks,Women,5.9,5.9,False,1,5.9,nets
PUN-20260602-0234,2,2026-06-02 18:17:38,Punggol,TOP-W-02,Women's Ribbed Long Sleeve Turtleneck,Tops,Women,19.9,19.9,False,1,19.9,NETS
BUG-20260602-0482,1,2026-06-02 20:36:38,Bugis,SOK-W-02,Women's Pile Crew Socks,Socks,women,5.9,5.9,False,1,5.9,PayNow
ORC-20260602-0857,2,2026-06-02 20:57:59,Orchard Central,SOK-M-04,Men's Ribbed Crew Socks,Socks,Men,5.9,5.9,False,1,5.9,PayNow
BUG-20260602-0230,2,2026-06-02 15:19:26,Bugis,SOK-W-02,Women's Pile Crew Socks,Socks,Women,5.9,5.9,False,1,5.9,Card
BUG-20260602-0504,1,2026-06-02 12:42:08,Bugis,UND-M-06,Men's Airism Sleeveless Undershirt,Underwear,Men,9.9,9.9,False,1,9.9,Cash
BUG-20260602-0385,3,2026-06-02 17:04:18,Bugis,TOP-M-04,Men's Oxford Long Sleeve Shirt,Tops,Men,29.9,29.9,False,1,29.9,PayNow
ORC-20260602-0844,1,2026-06-02 19:08:51,Orchard Central,UND-M-04,Men's Cotton Crew Neck Undershirt,Underwear,Men,14.9,14.9,False,1,14.9,CARD
PUN-20260602-0175,1,2026-06-02 19:09:02,Punggol,UND-W-01,Women's Airism Bikini Shorts,Underwear,Women,9.9,9.9,False,1,9.9,
PUN-20260602-0413,2,2026-06-02 20:16:11,punggol,UND-M-04,Men's Cotton Crew Neck Undershirt,Underwear,Men,14.9,14.9,False,1,14.9,PayNow
PUN-20260602-0037,1,2026-06-02 18:31:34,Punggol,UND-M-01,Men's Airism Boxer Briefs,Underwear,men,14.9,14.9,False,2,29.8,Card
ORC-20260602-0494,1,2026-06-02 19:50:18,  Orchard Central  ,SOK-W-10,Women's Wool Blend Socks,Socks,Women,9.9,9.9,False,1,9.9,PayNow
ORC-20260602-0459,1,2026-06-02 19:36:52,orchard central,UND-M-04,Men's Cotton Crew Neck Undershirt,Underwear,Men,14.9,14.9,False,1,14.9,NETS
ORC-20260602-0975,2,2026-06-02 21:48:27,orchard central,SOK-M-07,Men's Striped Crew Socks,Socks,Men,5.9,5.9,False,1,5.9,NETS
PUN-20260602-0494,1,2026-06-02 12:19:24,Punggol,TOP-M-03,Men's Dry-EX Crew Neck T-Shirt,Tops,Men,19.9,19.9,False,1,19.9,Paynow
ORC-20260602-0664,1,2026-06-02 16:04:58,Orchard Central,BTM-W-03,Women's Ezy Ankle Pants,Bottoms,Women,29.9,29.9,False,1,29.9,Card
PUN-20260602-0395,1,2026-06-02 19:55:35,Punggol,SOK-W-02,Women's Pile Crew Socks,socks,Women,5.9,5.9,False,1,5.9,Card
ORC-20260602-0533,1,2026-06-02 19:56:33,Orchard Central,SOK-W-02,Women's Pile Crew Socks,Socks,Women,5.9,5.9,False,1,5.9,Nets
ORC-20260602-0786,1,2026-06-02 20:45:15,Orchard Central,SOK-M-10,Men's Wool Blend Socks,Socks,Men,9.9,9.9,False,1,9.9,PayNow
ORC-20260602-0047,3,2026-06-02 16:29:33,Orchard Central,SOK-M-04,Men's Ribbed Crew Socks,Socks,Men,5.9,5.9,False,1,5.9,Cash
BUG-20260602-0689,2,2026-06-02 22:57:18,Bugis,SOK-W-01,  Women's Ankle Socks 3-Pack  ,Socks,Women,14.9,14.9,False,2,29.8,Card
PUN-20260602-0541,1,2026-06-02 12:36:10,Punggol,SOK-W-03,Women's Airism Low-Cut Socks,Socks,WOMEN,5.9,5.9,False,1,5.9,PayNow
ORC-20260602-1005,1,2026-06-02 17:25:44,orchard central,TOP-M-04,  Men's Oxford Long Sleeve Shirt  ,Tops,Men,29.9,29.9,False,1,29.9,Card
BUG-20260602-0077,1,2026-06-02 19:13:36,Bugis,SOK-M-03,Men's Airism Low-Cut Socks,Socks,Men,5.9,5.9,False,1,5.9,Card
BUG-20260602-0705,3,2026-06-02 19:36:31,Bugis,SOK-M-02,Men's Pile Crew Socks,Socks,Men,5.9,5.9,False,1,5.9,PayNow
ORC-20260602-0668,3,2026-06-02 15:26:34,Orchard Central,SOK-W-09,Women's No-Show Sneaker Socks,Socks,Women,5.9,5.9,False,1,5.9,Card
ORC-20260602-0552,1,2026-06-02 21:15:32,  Orchard Central  ,SOK-M-09,Men's No-Show Sneaker Socks,SOCKS,Men,4.11,5.9,True,1,4.11,Card
BUG-20260602-0395,1,2026-06-02 21:17:05,Bugis,SOK-M-02,Men's Pile Crew Socks,Socks,Men,5.9,5.9,False,1,5.9,Card
PUN-20260602-0088,3,2026-06-02 20:33:03,Punggol,SOK-W-01,Women's Ankle Socks 3-Pack,Socks,Women,14.9,14.9,False,1,14.9,NETS
BUG-20260602-0228,2,2026-06-02 18:25:18,Bugis,TOP-M-01,Men's Airism Cotton Crew Neck T-Shirt,Tops,Men,14.9,14.9,False,1,14.9,Card
ORC-20260602-1092,1,2026-06-02 17:45:16,orchard central,SOK-M-09,Men's No-Show Sneaker Socks,Socks,Men,4.11,5.9,True,1,4.11,NETS
ORC-20260602-0770,2,2026-06-02 20:38:23,Orchard Central,TOP-W-07,Women's Fleece Pullover Hoodie,Tops,Women,29.9,29.9,False,1,29.9,Card
ORC-20260602-1014,2,2026-06-02 19:53:08,orchard central,UND-W-01,Women's Airism Bikini Shorts,Underwear,Women,9.9,9.9,False,1,9.9,CARD
ORC-20260602-0435,1,2026-06-02 12:40:14,Orchard Central,SOK-W-03,Women's Airism Low-Cut Socks,Socks,Women,5.9,5.9,False,2,11.8,Cash
BUG-20260602-0755,2,2026-06-02 14:41:57,Bugis,SOK-W-10,Women's Wool Blend Socks,Socks,Women,9.9,9.9,False,1,9.9,Cash
ORC-20260602-0084,1,2026-06-02 15:07:12,Orchard Central,SOK-M-03,Men's Airism Low-Cut Socks,Socks,Men,5.9,5.9,False,1,5.9,Card
BUG-20260602-0476,3,2026-06-02 18:41:59,Bugis,UND-M-04,Men's Cotton Crew Neck Undershirt,Underwear,Men,14.9,14.9,False,1,14.9,
BUG-20260602-0498,1,2026-06-02 13:07:56,Bugis,SOK-M-03,Men's Airism Low-Cut Socks,Socks,Men,5.9,5.9,False,1,5.9,PayNow
ORC-20260602-0782,2,2026-06-02 18:03:22,  Orchard Central  ,TOP-W-04,Women's Heattech Crew Neck Long Sleeve Tee,Tops,Women,14.9,14.9,False,1,14.9,Cash
ORC-20260602-0053,2,2026-06-02 19:10:46,Orchard Central,SOK-W-02,Women's Pile Crew Socks,Socks,Women,5.9,5.9,False,1,5.9,Card
PUN-20260602-0157,1,2026-06-02 20:55:46,punggol,SOK-M-04,Men's Ribbed Crew Socks,Socks,Men,5.9,5.9,False,1,$5.9,Nets
ORC-20260602-0227,1,2026-06-02 18:16:21,Orchard Central,BTM-M-02,Men's Slim Fit Chino Trousers,Bottoms,Men,29.9,29.9,False,1,29.9,Card
PUN-20260602-0572,1,2026-06-02 18:49:29,Punggol,TOP-W-03,Women's Silky Satin Blouse,Tops,Women,39.9,39.9,False,1,39.9,NETS
ORC-20260602-0735,3,2026-06-02 19:53:58,Orchard Central,SOK-M-09,Men's No-Show Sneaker Socks,Socks,Men,$4.11,5.9,True,1,4.11,Nets
PUN-20260602-0288,1,2026-06-02 19:34:32,Punggol,TOP-M-01,Men's Airism Cotton Crew Neck T-Shirt,TOPS,Men,14.9,14.9,False,1,14.9,PayNow
ORC-20260602-0084,2,2026-06-02 15:07:12,  orchard central  ,UND-M-02,Men's Cotton Blend Trunks,Underwear,Men,14.9,14.9,False,1,14.9,Card
PUN-20260602-0564,1,2026-06-02 22:33:36,PUNGGOL,TOP-M-02,Men's Supima Cotton Polo Shirt,TOPS,Men,29.9,29.9,False,1,29.9,Card
ORC-20260602-0217,2,2026-06-02 19:27:57,Orchard Central,UND-W-03,Women's Cotton Blend Briefs,Underwear,Women,9.9,9.9,False,1,9.9,Card
ORC-20260602-0447,2,2026-06-02 21:31:12,Orchard Central,BTM-W-02,Women's High-Rise Wide Leg Pants,Bottoms,Women,39.9,39.9,False,1,39.9,
BUG-20260602-0461,1,2026-06-02 20:02:37,Bugis,SOK-M-03,Men's Airism Low-Cut Socks,Socks,Men,5.9,5.9,False,1,5.9,Card
ORC-20260602-0083,1,2026-06-02 14:14:07,Orchard Central,BTM-W-02,Women's High-Rise Wide Leg Pants,Bottoms,women,39.9,39.9,False,1,39.9,Card
ORC-20260602-0112,1,2026-06-02 22:55:36,Orchard Central,SOK-W-04,Women's Ribbed Crew Socks,socks,Women,5.9,5.9,False,1,5.9,Card
BUG-20260602-0410,2,2026-06-02 21:42:13,Bugis,UND-W-03,Women's Cotton Blend Briefs,Underwear,Women,9.9,9.9,False,1,9.9,Cash
PUN-20260602-0117,1,2026-06-02 16:19:48,  Punggol  ,SOK-W-01,Women's Ankle Socks 3-Pack,Socks,WOMEN,$14.9,14.9,False,1,14.9,Card
ORC-20260602-1013,3,2026-06-02 20:51:17,Orchard Central,TOP-W-08,Women's Puff Sleeve Blouse,Tops,Women,29.9,29.9,False,1,29.9,Card
ORC-20260602-0793,1,2026-06-02 21:02:04,Orchard Central,TOP-M-04,Men's Oxford Long Sleeve Shirt,Tops,Men,29.9,29.9,False,1,29.9,Card
ORC-20260602-0796,2,2026-06-02 17:48:02,orchard central,UND-W-02,Women's Wireless Bra,Underwear,Women,29.9,29.9,False,1,29.9,Cash
ORC-20260602-0286,2,2026-06-02 18:11:22,Orchard Central,SOK-M-09,Men's No-Show Sneaker Socks,Socks,Men,4.11,5.9,True,1,4.11,card
PUN-20260602-0077,3,2026-06-02 18:38:26,Punggol,TOP-M-04,Men's Oxford Long Sleeve Shirt,Tops,Men,29.9,29.9,False,1,29.9,PAYNOW
ORC-20260602-0125,1,2026-06-02 13:39:28,Orchard Central,SOK-W-02,Women's Pile Crew Socks,Socks,Women,5.9,5.9,False,1,5.9,PayNow
BUG-20260602-0797,1,2026-06-02 20:35:04,Bugis,SOK-W-03,Women's Airism Low-Cut Socks,Socks,Women,5.9,5.9,False,1,5.9,Paynow
ORC-20260602-0465,1,2026-06-02 15:22:28,  Orchard Central  ,TOP-W-02,Women's Ribbed Long Sleeve Turtleneck,Tops,Women,19.9,19.9,False,1,19.9,NETS
PUN-20260602-0635,3,2026-06-02 20:07:46,Punggol,SOK-W-02,Women's Pile Crew Socks,Socks,Women,5.9,5.9,False,1,5.9,NETS
ORC-20260602-0458,1,2026-06-02 21:29:16,Orchard Central,UND-W-01,Women's Airism Bikini Shorts,Underwear,Women,9.9,9.9,False,2,19.8,Cash
ORC-20260602-0238,1,2026-06-02 16:44:52,Orchard Central,TOP-M-07,Men's Ultra Light Down Jacket,Tops,Men,79.9,79.9,False,1,79.9,
PUN-20260602-0447,3,2026-06-02 15:52:30,Punggol,SOK-M-02,Men's Pile Crew Socks,Socks,Men,5.9,5.9,False,1,5.9,Card
ORC-20260602-0877,3,2026-06-02 20:56:47,Orchard Central,TOP-W-03,Women's Silky Satin Blouse,Tops,Women,39.9,39.9,False,1,39.9,cash
BUG-20260602-0675,1,2026-06-02 16:11:38,bugis,SOK-M-02,Men's Pile Crew Socks,Socks,Men,5.9,5.9,False,1,5.9,NETS
ORC-20260602-0377,3,2026-06-02 16:12:51,Orchard Central,UND-M-02,Men's Cotton Blend Trunks,Underwear,Men,14.9,14.9,False,1,14.9,Card
ORC-20260602-0390,3,2026-06-02 19:00:15,Orchard Central,UND-M-01,Men's Airism Boxer Briefs,UNDERWEAR,MEN,14.9,14.9,False,1,14.9,Card
PUN-20260602-0266,2,2026-06-02 22:42:59,PUNGGOL,UND-W-03,Women's Cotton Blend Briefs,Underwear,Women,9.9,9.9,False,1,9.9,
PUN-20260602-0557,1,2026-06-02 18:51:34,Punggol,SOK-M-04,Men's Ribbed Crew Socks,Socks,Men,5.9,5.9,False,1,5.9,Cash
ORC-20260602-0980,2,2026-06-02 15:01:19,Orchard Central,TOP-M-04,Men's Oxford Long Sleeve Shirt,Tops,Men,$29.9,29.9,False,1,29.9,NETS
PUN-20260602-0479,2,2026-06-02 13:24:41,Punggol,UND-M-08,Men's Airism V-Neck Undershirt,Underwear,Men,9.9,9.9,False,1,9.9,Card
PUN-20260602-0337,3,2026-06-02 20:12:03,punggol,UND-W-01,  Women's Airism Bikini Shorts  ,Underwear,Women,9.9,9.9,False,1,9.9,PayNow
BUG-20260602-0644,1,2026-06-02 22:44:32,Bugis,SOK-M-04,Men's Ribbed Crew Socks,Socks,Men,5.9,5.9,False,1,5.9,Nets
ORC-20260602-1038,2,2026-06-02 21:57:24,ORCHARD CENTRAL,SOK-W-02,Women's Pile Crew Socks,Socks,Women,5.9,5.9,False,2,11.8,paynow
BUG-20260602-0219,2,2026-06-02 19:17:06,Bugis,SOK-W-02,Women's Pile Crew Socks,Socks,women,5.9,5.9,False,2,11.8,Cash
ORC-20260602-1071,3,2026-06-02 17:33:31,ORCHARD CENTRAL,SOK-W-02,Women's Pile Crew Socks,Socks,Women,5.9,5.9,False,1,5.9,Card
ORC-20260602-1019,3,2026-06-02 11:29:06,Orchard Central,TOP-W-01,Women's Airism Cotton Crew Neck T-Shirt,tops,Women,14.9,14.9,False,1,14.9,Cash
ORC-20260602-0229,1,2026-06-02 11:48:47,orchard central,UND-M-05,  Men's Seamless Boxer Briefs  ,Underwear,men,14.9,14.9,False,1,14.9,PayNow
PUN-20260602-0635,2,2026-06-02 20:07:46,  Punggol  ,SOK-W-02,Women's Pile Crew Socks,Socks,Women,5.9,5.9,False,1,5.9,NETS
ORC-20260602-0144,2,2026-06-02 19:30:34,Orchard Central,UND-W-01,Women's Airism Bikini Shorts,Underwear,Women,9.9,9.9,False,2,19.8,Card
BUG-20260602-0444,1,2026-06-02 19:40:49,Bugis,SOK-M-01,Men's Ankle Socks 3-Pack,Socks,Men,14.9,14.9,False,1,14.9,NETS
BUG-20260602-0176,1,2026-06-02 21:40:49,bugis,SOK-W-03,Women's Airism Low-Cut Socks,Socks,Women,5.9,5.9,False,1,5.9,PayNow
ORC-20260602-0521,2,2026-06-02 12:58:35,Orchard Central,SOK-M-04,Men's Ribbed Crew Socks,Socks,MEN,5.9,5.9,False,1,5.9,Card
ORC-20260602-0238,2,2026-06-02 16:44:52,Orchard Central,UND-M-02,Men's Cotton Blend Trunks,Underwear,Men,14.9,14.9,False,1,$14.9,NETS
ORC-20260602-0811,1,2026-06-02 17:32:59,Orchard Central,UND-W-06,Women's Lace Trim Briefs,Underwear,Women,9.9,9.9,False,1,9.9,PayNow
PUN-20260602-0450,1,2026-06-02 13:47:41,Punggol,SOK-W-03,Women's Airism Low-Cut Socks,Socks,Women,5.9,5.9,False,1,5.9,Cash
PUN-20260602-0342,1,2026-06-02 18:27:47,Punggol,SOK-M-03,Men's Airism Low-Cut Socks,socks,Men,5.9,5.9,False,1,5.9,cash
ORC-20260602-0717,2,2026-06-02 21:10:28,Orchard Central,SOK-M-05,Men's Sport Ankle Socks,Socks,Men,5.9,5.9,False,2,11.8,NETS
BUG-20260602-0569,2,2026-06-02 17:08:59,Bugis,TOP-M-01,Men's Airism Cotton Crew Neck T-Shirt,Tops,Men,$14.9,14.9,False,1,14.9,Card
BUG-20260602-0608,2,2026-06-02 12:46:01,Bugis,SOK-W-03,Women's Airism Low-Cut Socks,Socks,Women,5.9,5.9,False,1,5.9,Card
ORC-20260602-0127,1,2026-06-02 16:09:54,Orchard Central,SOK-M-08,Men's Cotton Blend Dress Socks,Socks,Men,9.9,9.9,False,1,9.9,Card
BUG-20260602-0035,1,2026-06-02 18:20:14,Bugis,SOK-W-02,Women's Pile Crew Socks,Socks,Women,5.9,5.9,False,1,5.9,NETS
ORC-20260602-0058,2,2026-06-02 19:36:20,Orchard Central,TOP-M-01,Men's Airism Cotton Crew Neck T-Shirt,tops,Men,14.9,14.9,False,1,14.9,Cash
PUN-20260602-0485,3,2026-06-02 17:55:27,punggol,UND-W-04,Women's Airism T-Shirt Bra,Underwear,Women,29.9,29.9,False,1,29.9,PayNow
BUG-20260602-0243,2,2026-06-02 14:03:46,BUGIS,TOP-W-02,Women's Ribbed Long Sleeve Turtleneck,Tops,Women,19.9,19.9,False,1,19.9,Card
BUG-20260602-0728,2,2026-06-02 18:40:59,Bugis,SOK-M-04,Men's Ribbed Crew Socks,Socks,Men,5.9,5.9,False,1,5.9,PAYNOW
ORC-20260602-0132,1,2026-06-02 17:18:54,Orchard Central,TOP-M-01,Men's Airism Cotton Crew Neck T-Shirt,Tops,Men,14.9,14.9,False,1,14.9,PayNow
ORC-20260602-0137,1,2026-06-02 16:24:01,Orchard Central,SOK-W-01,Women's Ankle Socks 3-Pack,Socks,women,14.9,14.9,False,1,14.9,PayNow
ORC-20260602-1049,2,2026-06-02 20:33:02,Orchard Central,SOK-M-04,Men's Ribbed Crew Socks,Socks,Men,5.9,5.9,False,1,5.9,PayNow
PUN-20260602-0076,2,2026-06-02 21:37:39,Punggol,SOK-W-03,  Women's Airism Low-Cut Socks  ,Socks,Women,5.9,5.9,False,1,5.9,Card
ORC-20260602-0853,1,2026-06-02 20:33:34,Orchard Central,UND-M-01,Men's Airism Boxer Briefs,Underwear,Men,14.9,14.9,False,1,14.9,Cash
ORC-20260602-0297,1,2026-06-02 17:30:49,Orchard Central,UND-W-03,Women's Cotton Blend Briefs,Underwear,Women,9.9,9.9,False,1,9.9,card
ORC-20260602-0263,1,2026-06-02 15:03:25,  Orchard Central  ,SOK-M-02,Men's Pile Crew Socks,Socks,Men,5.9,5.9,False,2,11.8,Card
PUN-20260602-0302,2,2026-06-02 19:08:22,Punggol,SOK-W-02,Women's Pile Crew Socks,Socks,Women,5.9,5.9,False,1,5.9,PayNow
PUN-20260602-0029,3,2026-06-02 20:56:19,Punggol,SOK-M-04,Men's Ribbed Crew Socks,Socks,MEN,5.9,5.9,False,1,5.9,PayNow
ORC-20260602-0940,2,2026-06-02 17:56:20,Orchard Central,TOP-W-02,Women's Ribbed Long Sleeve Turtleneck,TOPS,WOMEN,19.9,19.9,False,1,19.9,Cash
ORC-20260602-0308,1,2026-06-02 13:41:31,Orchard Central,TOP-W-05,Women's Merino Blend Cardigan,Tops,Women,31.36,39.9,True,1,31.36,NETS
BUG-20260602-0018,2,2026-06-02 18:01:16,Bugis,SOK-M-01,Men's Ankle Socks 3-Pack,Socks,Men,14.9,14.9,False,1,14.9,Card
PUN-20260602-0399,1,2026-06-02 20:32:07,Punggol,TOP-M-03,  Men's Dry-EX Crew Neck T-Shirt  ,TOPS,Men,19.9,19.9,False,1,19.9,CARD
PUN-20260602-0560,1,2026-06-02 18:56:08,Punggol,SOK-W-01,Women's Ankle Socks 3-Pack,Socks,Women,14.9,14.9,False,1,14.9,Card
PUN-20260602-0334,3,2026-06-02 21:45:08,Punggol,TOP-M-01,Men's Airism Cotton Crew Neck T-Shirt,Tops,men,14.9,14.9,False,1,14.9,Card
ORC-20260602-0980,1,2026-06-02 15:01:19,Orchard Central,SOK-M-07,Men's Striped Crew Socks,Socks,Men,5.9,5.9,False,1,5.9,NETS
ORC-20260602-0417,2,2026-06-02 16:58:06,Orchard Central,UND-W-01,Women's Airism Bikini Shorts,Underwear,Women,9.9,9.9,False,1,9.9,PayNow
ORC-20260602-0421,2,2026-06-02 20:34:52,Orchard Central,SOK-W-02,Women's Pile Crew Socks,Socks,Women,5.9,5.9,False,1,5.9,PAYNOW
ORC-20260602-0191,1,2026-06-02 19:51:25,Orchard Central,SOK-M-09,Men's No-Show Sneaker Socks,Socks,Men,4.11,5.9,True,1,4.11,PayNow
ORC-20260602-0092,1,2026-06-02 12:56:32,Orchard Central,SOK-M-01,Men's Ankle Socks 3-Pack,Socks,Men,14.9,14.9,False,1,14.9,Card
PUN-20260602-0262,2,2026-06-02 20:51:16,PUNGGOL,SOK-W-02,Women's Pile Crew Socks,Socks,Women,5.9,5.9,False,1,5.9,Cash
ORC-20260602-0816,3,2026-06-02 19:05:48,Orchard Central,BTM-W-03,  Women's Ezy Ankle Pants  ,Bottoms,Women,29.9,29.9,False,1,29.9,NETS
BUG-20260602-0632,2,2026-06-02 17:14:04,BUGIS,UND-W-03,  Women's Cotton Blend Briefs  ,Underwear,Women,9.9,9.9,False,2,19.8,paynow
BUG-20260602-0190,1,2026-06-02 19:08:39,Bugis,SOK-W-02,Women's Pile Crew Socks,Socks,Women,5.9,5.9,False,1,5.9,PayNow
ORC-20260602-0567,1,2026-06-02 17:17:00,Orchard Central,SOK-W-04,Women's Ribbed Crew Socks,Socks,Women,5.9,5.9,False,1,5.9,Card
ORC-20260602-0734,1,2026-06-02 12:37:22,Orchard Central,UND-W-05,Women's Seamless Shorts,Underwear,WOMEN,9.9,9.9,False,1,9.9,Cash
BUG-20260602-0434,1,2026-06-02 21:12:19,Bugis,SOK-M-04,Men's Ribbed Crew Socks,Socks,Men,5.9,5.9,False,1,5.9,Card
ORC-20260602-1042,1,2026-06-02 12:50:05,Orchard Central,BTM-M-03,Men's Selvedge Regular Fit Jeans,Bottoms,Men,59.9,59.9,False,1,59.9,PayNow
BUG-20260602-0704,1,2026-06-02 20:13:31,  BUGIS  ,SOK-W-03,Women's Airism Low-Cut Socks,Socks,Women,5.9,5.9,False,2,11.8,NETS
PUN-20260602-0302,1,2026-06-02 19:08:22,Punggol,TOP-M-01,Men's Airism Cotton Crew Neck T-Shirt,TOPS,Men,14.9,14.9,False,1,$14.9,PayNow
ORC-20260602-0925,1,2026-06-02 14:45:41,Orchard Central,TOP-M-02,Men's Supima Cotton Polo Shirt,tops,Men,$29.9,29.9,False,1,29.9,Card
PUN-20260602-0149,3,2026-06-02 21:28:23,Punggol,SOK-M-03,Men's Airism Low-Cut Socks,Socks,Men,5.9,5.9,False,1,5.9,Card
BUG-20260602-0080,1,2026-06-02 21:19:58,Bugis,BTM-M-03,Men's Selvedge Regular Fit Jeans,Bottoms,Men,59.9,59.9,False,1,59.9,PayNow
ORC-20260602-0100,3,2026-06-02 22:16:40,Orchard Central,SOK-M-09,Men's No-Show Sneaker Socks,Socks,Men,4.11,5.9,True,1,4.11,Card
BUG-20260602-0574,2,2026-06-02 16:53:27,bugis,UND-M-01,Men's Airism Boxer Briefs,Underwear,Men,14.9,14.9,False,1,14.9,PayNow
PUN-20260602-0608,1,2026-06-02 18:37:04,Punggol,SOK-M-04,Men's Ribbed Crew Socks,Socks,Men,5.9,5.9,False,1,5.9,PayNow
ORC-20260602-0803,3,2026-06-02 22:09:19,Orchard Central,UND-M-02,Men's Cotton Blend Trunks,Underwear,Men,14.9,14.9,False,1,14.9,Card
ORC-20260602-0753,1,2026-06-02 18:18:30,Orchard Central,BTM-W-01,Women's Ultra Stretch Skinny Jeans,Bottoms,Women,39.9,39.9,False,1,39.9,PayNow
BUG-20260602-0316,2,2026-06-02 14:04:27,Bugis,BTM-M-03,Men's Selvedge Regular Fit Jeans,Bottoms,Men,59.9,59.9,False,1,59.9,Card
ORC-20260602-0685,2,2026-06-02 19:33:16,Orchard Central,TOP-W-02,Women's Ribbed Long Sleeve Turtleneck,Tops,Women,19.9,19.9,False,1,19.9,Card
BUG-20260602-0385,1,2026-06-02 17:04:18,  Bugis  ,UND-M-10,Men's Cotton Blend Briefs,Underwear,Men,9.9,9.9,False,1,9.9,PayNow
BUG-20260602-0584,1,2026-06-02 14:11:12,Bugis,UND-W-03,Women's Cotton Blend Briefs,Underwear,Women,9.9,9.9,False,1,9.9,card
BUG-20260602-0529,2,2026-06-02 13:18:34,BUGIS,UND-W-04,Women's Airism T-Shirt Bra,Underwear,women,29.9,29.9,False,1,29.9,Card
BUG-20260602-0697,1,2026-06-02 13:34:23,Bugis,UND-W-03,  Women's Cotton Blend Briefs  ,Underwear,women,9.9,9.9,False,2,19.8,Card
PUN-20260602-0281,1,2026-06-02 18:30:26,Punggol,UND-M-10,Men's Cotton Blend Briefs,Underwear,Men,9.9,9.9,False,1,9.9,Card
ORC-20260602-0533,3,2026-06-02 19:56:33,Orchard Central,SOK-M-09,  Men's No-Show Sneaker Socks  ,Socks,Men,4.11,5.9,True,1,4.11,NETS
PUN-20260602-0636,3,2026-06-02 21:54:38,Punggol,UND-W-03,Women's Cotton Blend Briefs,Underwear,Women,9.9,9.9,False,1,9.9,PayNow
ORC-20260602-0006,2,2026-06-02 18:23:05,Orchard Central,SOK-W-04,Women's Ribbed Crew Socks,Socks,Women,5.9,5.9,False,1,5.9,paynow
PUN-20260602-0554,2,2026-06-02 20:57:06,Punggol,TOP-M-01,Men's Airism Cotton Crew Neck T-Shirt,Tops,Men,14.9,14.9,False,1,14.9,PayNow
PUN-20260602-0081,2,2026-06-02 19:02:00,Punggol,SOK-M-04,Men's Ribbed Crew Socks,Socks,Men,5.9,5.9,False,1,$5.9,PAYNOW
BUG-20260602-0672,2,2026-06-02 19:21:06,Bugis,UND-M-01,Men's Airism Boxer Briefs,Underwear,MEN,14.9,14.9,False,1,14.9,
BUG-20260602-0783,1,2026-06-02 12:04:12,Bugis,SOK-W-04,  Women's Ribbed Crew Socks  ,Socks,women,5.9,5.9,False,1,5.9,NETS
PUN-20260602-0012,3,2026-06-02 18:14:36,Punggol,SOK-W-02,Women's Pile Crew Socks,Socks,Women,5.9,5.9,False,2,11.8,PayNow
ORC-20260602-0403,1,2026-06-02 20:43:10,Orchard Central,TOP-W-03,Women's Silky Satin Blouse,Tops,women,39.9,39.9,False,1,39.9,Cash
ORC-20260602-0994,2,2026-06-02 17:52:40,Orchard Central,UND-W-03,Women's Cotton Blend Briefs,UNDERWEAR,women,9.9,9.9,False,1,9.9,Card
BUG-20260602-0275,3,2026-06-02 18:37:26,bugis,UND-W-03,Women's Cotton Blend Briefs,Underwear,Women,9.9,9.9,False,2,19.8,Card
ORC-20260602-0926,1,2026-06-02 21:26:32,ORCHARD CENTRAL,SOK-M-01,Men's Ankle Socks 3-Pack,Socks,Men,14.9,14.9,False,2,29.8,Card
ORC-20260602-0581,2,2026-06-02 20:15:09,Orchard Central,SOK-W-01,Women's Ankle Socks 3-Pack,Socks,Women,14.9,14.9,False,1,14.9,NETS
ORC-20260602-0096,2,2026-06-02 12:15:35,Orchard Central,SOK-W-02,Women's Pile Crew Socks,Socks,Women,5.9,5.9,False,1,5.9,NETS
ORC-20260602-0558,1,2026-06-02 18:49:15,ORCHARD CENTRAL,SOK-W-03,Women's Airism Low-Cut Socks,Socks,Women,5.9,5.9,False,1,5.9,Card
BUG-20260602-0320,1,2026-06-02 20:37:53,Bugis,BTM-W-02,  Women's High-Rise Wide Leg Pants  ,Bottoms,Women,39.9,39.9,False,1,39.9,Card
PUN-20260602-0145,1,2026-06-02 22:06:28,Punggol,SOK-M-01,Men's Ankle Socks 3-Pack,Socks,Men,14.9,14.9,False,1,14.9,Card
ORC-20260602-0012,1,2026-06-02 20:09:33,Orchard Central,TOP-M-04,Men's Oxford Long Sleeve Shirt,Tops,Men,29.9,29.9,False,1,29.9,NETS
BUG-20260602-0214,1,2026-06-02 22:34:52,Bugis,SOK-M-01,Men's Ankle Socks 3-Pack,Socks,Men,14.9,14.9,False,1,$14.9,card
ORC-20260602-0021,2,2026-06-02 19:26:20,  ORCHARD CENTRAL  ,SOK-W-02,Women's Pile Crew Socks,Socks,women,5.9,5.9,False,1,5.9,PayNow
ORC-20260602-0879,1,2026-06-02 22:11:17,Orchard Central,SOK-M-09,Men's No-Show Sneaker Socks,SOCKS,Men,4.11,5.9,True,2,8.22,NETS
BUG-20260602-0279,2,2026-06-02 18:52:57,Bugis,BTM-W-02,Women's High-Rise Wide Leg Pants,Bottoms,Women,39.9,39.9,False,1,39.9,PayNow
ORC-20260602-0282,2,2026-06-02 19:41:47,Orchard Central,SOK-M-02,Men's Pile Crew Socks,socks,Men,5.9,5.9,False,2,11.8,Cash
BUG-20260602-0653,2,2026-06-02 20:06:55,Bugis,SOK-M-04,Men's Ribbed Crew Socks,Socks,Men,5.9,5.9,False,1,5.9,Card
ORC-20260602-0231,1,2026-06-02 12:41:29,Orchard Central,TOP-M-01,Men's Airism Cotton Crew Neck T-Shirt,Tops,Men,14.9,14.9,False,1,14.9,card
BUG-20260602-0638,1,2026-06-02 21:42:14,Bugis,SOK-W-03,Women's Airism Low-Cut Socks,Socks,Women,5.9,5.9,False,1,5.9,PayNow
PUN-20260602-0080,3,2026-06-02 22:29:14,Punggol,TOP-M-01,Men's Airism Cotton Crew Neck T-Shirt,Tops,Men,14.9,14.9,False,1,14.9,NETS
PUN-20260602-0185,1,2026-06-02 18:56:46,Punggol,SOK-W-02,Women's Pile Crew Socks,Socks,WOMEN,5.9,5.9,False,1,5.9,PayNow
PUN-20260602-0316,1,2026-06-02 18:16:43,Punggol,UND-W-01,Women's Airism Bikini Shorts,Underwear,Women,9.9,9.9,False,1,9.9,NETS
ORC-20260602-0705,2,2026-06-02 20:31:54,Orchard Central,SOK-W-03,Women's Airism Low-Cut Socks,SOCKS,Women,5.9,5.9,False,1,5.9,PayNow
BUG-20260602-0100,3,2026-06-02 18:30:58,BUGIS,SOK-M-02,Men's Pile Crew Socks,Socks,Men,5.9,5.9,False,2,11.8,PayNow
ORC-20260602-0367,1,2026-06-02 11:22:15,orchard central,TOP-W-03,Women's Silky Satin Blouse,Tops,Women,39.9,39.9,False,1,39.9,Card
BUG-20260602-0101,1,2026-06-02 16:12:34,  Bugis  ,TOP-W-02,Women's Ribbed Long Sleeve Turtleneck,Tops,Women,19.9,19.9,False,1,19.9,card
ORC-20260602-0887,2,2026-06-02 21:18:59,Orchard Central,SOK-M-01,Men's Ankle Socks 3-Pack,Socks,Men,$14.9,14.9,False,1,14.9,CASH
PUN-20260602-0592,1,2026-06-02 12:41:12,Punggol,UND-M-04,Men's Cotton Crew Neck Undershirt,Underwear,Men,14.9,14.9,False,2,29.8,Cash
ORC-20260602-0010,1,2026-06-02 15:38:26,Orchard Central,TOP-M-05,Men's Heattech Crew Neck Long Sleeve Tee,Tops,Men,11.62,14.9,True,1,11.62,Cash
PUN-20260602-0273,2,2026-06-02 16:52:09,Punggol,SOK-M-04,Men's Ribbed Crew Socks,Socks,Men,5.9,5.9,False,1,5.9,Card
ORC-20260602-0450,1,2026-06-02 21:50:43,Orchard Central,UND-W-01,  Women's Airism Bikini Shorts  ,Underwear,Women,9.9,9.9,False,1,9.9,NETS
ORC-20260602-1068,1,2026-06-02 20:25:55,  Orchard Central  ,SOK-M-04,Men's Ribbed Crew Socks,Socks,Men,5.9,5.9,False,1,5.9,Paynow
PUN-20260602-0092,1,2026-06-02 15:56:31,Punggol,SOK-M-02,Men's Pile Crew Socks,Socks,Men,5.9,5.9,False,1,5.9,CASH
ORC-20260602-0120,1,2026-06-02 17:50:29,ORCHARD CENTRAL,UND-M-03,Men's Airism Mesh Boxer Briefs,Underwear,Men,14.9,14.9,False,1,14.9,Card
ORC-20260602-0687,3,2026-06-02 20:49:51,Orchard Central,SOK-M-04,Men's Ribbed Crew Socks,Socks,Men,5.9,5.9,False,1,5.9,Card
BUG-20260602-0360,3,2026-06-02 20:24:28,  Bugis  ,SOK-M-03,Men's Airism Low-Cut Socks,Socks,Men,5.9,5.9,False,1,5.9,NETS
PUN-20260602-0254,2,2026-06-02 21:40:50,Punggol,UND-W-01,Women's Airism Bikini Shorts,Underwear,Women,9.9,9.9,False,1,9.9,Card
ORC-20260602-0488,1,2026-06-02 18:40:57,Orchard Central,SOK-M-04,Men's Ribbed Crew Socks,Socks,men,5.9,5.9,False,1,5.9,nets
BUG-20260602-0744,2,2026-06-02 20:50:54,Bugis,SOK-M-02,Men's Pile Crew Socks,Socks,Men,5.9,5.9,False,1,5.9,Cash
ORC-20260602-1048,1,2026-06-02 18:42:30,Orchard Central,SOK-M-03,Men's Airism Low-Cut Socks,Socks,Men,5.9,5.9,False,2,$11.8,Card
ORC-20260602-0027,1,2026-06-02 21:24:21,ORCHARD CENTRAL,BTM-W-04,Women's Denim Straight Jeans,Bottoms,Women,49.9,49.9,False,1,49.9,Card
PUN-20260602-0084,1,2026-06-02 13:16:30,Punggol,UND-M-09,Men's Heattech Long Johns,Underwear,Men,19.9,19.9,False,2,39.8,NETS
ORC-20260602-1083,2,2026-06-02 13:41:05,orchard central,UND-M-04,Men's Cotton Crew Neck Undershirt,Underwear,Men,14.9,14.9,False,2,29.8,PayNow
ORC-20260602-0327,3,2026-06-02 11:22:37,Orchard Central,SOK-M-03,Men's Airism Low-Cut Socks,Socks,Men,5.9,5.9,False,1,5.9,Card
ORC-20260602-0136,1,2026-06-02 18:46:19,Orchard Central,UND-M-02,Men's Cotton Blend Trunks,Underwear,Men,14.9,14.9,False,1,14.9,Card
PUN-20260602-0571,2,2026-06-02 19:41:49,Punggol,TOP-W-04,Women's Heattech Crew Neck Long Sleeve Tee,Tops,Women,14.9,14.9,False,1,14.9,PayNow
ORC-20260602-0788,2,2026-06-02 13:47:12,Orchard Central,UND-W-03,Women's Cotton Blend Briefs,Underwear,Women,9.9,9.9,False,1,9.9,PayNow
PUN-20260602-0635,1,2026-06-02 20:07:46,punggol,SOK-W-02,Women's Pile Crew Socks,Socks,Women,5.9,5.9,False,1,5.9,NETS
ORC-20260602-0659,1,2026-06-02 20:04:52,Orchard Central,SOK-W-03,  Women's Airism Low-Cut Socks  ,Socks,Women,5.9,5.9,False,1,5.9,Card
BUG-20260602-0769,1,2026-06-02 12:39:42,  Bugis  ,SOK-W-04,Women's Ribbed Crew Socks,Socks,Women,5.9,5.9,False,1,5.9,NETS
PUN-20260602-0598,3,2026-06-02 22:29:07,Punggol,BTM-W-01,Women's Ultra Stretch Skinny Jeans,Bottoms,Women,39.9,39.9,False,1,39.9,PayNow
PUN-20260602-0023,1,2026-06-02 17:47:41,Punggol,SOK-M-02,Men's Pile Crew Socks,Socks,Men,5.9,5.9,False,1,5.9,Cash
BUG-20260602-0244,1,2026-06-02 14:50:35,Bugis,TOP-W-04,Women's Heattech Crew Neck Long Sleeve Tee,Tops,Women,14.9,14.9,False,1,14.9,Card
ORC-20260602-1077,2,2026-06-02 16:09:46,Orchard Central,SOK-M-06,Men's Heattech Socks,Socks,MEN,9.9,9.9,False,2,19.8,NETS
BUG-20260602-0272,3,2026-06-02 16:45:51,Bugis,UND-M-04,Men's Cotton Crew Neck Undershirt,Underwear,Men,14.9,14.9,False,2,29.8,Card
BUG-20260602-0341,2,2026-06-02 17:46:13,Bugis,SOK-M-02,Men's Pile Crew Socks,Socks,Men,5.9,5.9,False,2,11.8,Card
ORC-20260602-0627,1,2026-06-02 18:04:00,Orchard Central,SOK-W-03,Women's Airism Low-Cut Socks,Socks,WOMEN,5.9,5.9,False,2,11.8,Cash
BUG-20260602-0709,1,2026-06-02 15:33:49,Bugis,SOK-M-03,  Men's Airism Low-Cut Socks  ,Socks,Men,5.9,5.9,False,1,5.9,Card
ORC-20260602-0693,2,2026-06-02 11:54:32,orchard central,SOK-M-09,Men's No-Show Sneaker Socks,Socks,Men,4.11,5.9,True,1,4.11,card
BUG-20260602-0107,1,2026-06-02 12:28:33,Bugis,TOP-M-01,  Men's Airism Cotton Crew Neck T-Shirt  ,Tops,Men,14.9,14.9,False,1,14.9,Card
ORC-20260602-0212,1,2026-06-02 20:19:03,orchard central,SOK-W-04,Women's Ribbed Crew Socks,Socks,WOMEN,5.9,5.9,False,2,11.8,Card
PUN-20260602-0542,3,2026-06-02 20:06:07,Punggol,UND-W-03,Women's Cotton Blend Briefs,Underwear,Women,9.9,9.9,False,1,9.9,Cash
ORC-20260602-0776,3,2026-06-02 17:29:36,Orchard Central,SOK-M-10,Men's Wool Blend Socks,Socks,Men,9.9,9.9,False,1,9.9,CASH
BUG-20260602-0694,2,2026-06-02 18:27:44,Bugis,SOK-M-01,Men's Ankle Socks 3-Pack,Socks,Men,14.9,14.9,False,1,14.9,Card
BUG-20260602-0557,1,2026-06-02 21:34:19,Bugis,TOP-W-04,Women's Heattech Crew Neck Long Sleeve Tee,Tops,Women,14.9,14.9,False,1,14.9,NETS
ORC-20260602-0588,1,2026-06-02 18:51:07,Orchard Central,UND-W-01,Women's Airism Bikini Shorts,Underwear,Women,9.9,9.9,False,1,9.9,Card
PUN-20260602-0512,1,2026-06-02 17:59:29,  Punggol  ,UND-W-01,Women's Airism Bikini Shorts,Underwear,Women,9.9,9.9,False,1,9.9,Cash
PUN-20260602-0524,1,2026-06-02 22:44:33,Punggol,UND-W-02,Women's Wireless Bra,underwear,Women,29.9,29.9,False,1,29.9,Card
ORC-20260602-0086,2,2026-06-02 19:31:55,Orchard Central,BTM-W-02,Women's High-Rise Wide Leg Pants,Bottoms,Women,39.9,39.9,False,1,39.9,NETS
BUG-20260602-0550,1,2026-06-02 15:05:51,Bugis,UND-W-04,  Women's Airism T-Shirt Bra  ,Underwear,Women,29.9,29.9,False,2,59.8,Card
BUG-20260602-0342,3,2026-06-02 17:58:21,Bugis,UND-W-01,Women's Airism Bikini Shorts,UNDERWEAR,Women,9.9,9.9,False,1,9.9,PayNow
BUG-20260602-0447,2,2026-06-02 20:03:55,Bugis,TOP-M-01,Men's Airism Cotton Crew Neck T-Shirt,Tops,Men,14.9,14.9,False,1,14.9,PayNow
BUG-20260602-0315,2,2026-06-02 19:58:33,Bugis,SOK-M-03,Men's Airism Low-Cut Socks,Socks,MEN,5.9,5.9,False,1,5.9,PayNow
ORC-20260602-0233,1,2026-06-02 22:11:52,Orchard Central,UND-W-03,Women's Cotton Blend Briefs,Underwear,Women,9.9,9.9,False,1,9.9,NETS
BUG-20260602-0547,1,2026-06-02 21:29:01,Bugis,SOK-W-04,Women's Ribbed Crew Socks,Socks,Women,5.9,5.9,False,1,5.9,NETS
ORC-20260602-0082,2,2026-06-02 20:13:56,Orchard Central,SOK-W-03,Women's Airism Low-Cut Socks,Socks,Women,5.9,5.9,False,1,5.9,PayNow
BUG-20260602-0009,1,2026-06-02 21:54:27,Bugis,SOK-M-02,Men's Pile Crew Socks,Socks,Men,5.9,5.9,False,1,5.9,Card
ORC-20260602-0085,2,2026-06-02 22:46:17,Orchard Central,UND-W-01,Women's Airism Bikini Shorts,UNDERWEAR,Women,$9.9,9.9,False,1,9.9,CASH
ORC-20260602-0950,1,2026-06-02 21:12:04,Orchard Central,TOP-M-02,Men's Supima Cotton Polo Shirt,Tops,Men,29.9,29.9,False,1,29.9,Cash
ORC-20260602-0617,1,2026-06-02 15:03:56,orchard central,SOK-M-09,Men's No-Show Sneaker Socks,Socks,Men,4.11,5.9,True,1,4.11,Card
ORC-20260602-0325,1,2026-06-02 21:39:44,Orchard Central,UND-W-03,Women's Cotton Blend Briefs,Underwear,Women,9.9,9.9,False,1,9.9,card
PUN-20260602-0559,1,2026-06-02 20:16:12,Punggol,SOK-W-04,Women's Ribbed Crew Socks,Socks,Women,5.9,5.9,False,1,5.9,Card
ORC-20260602-0955,1,2026-06-02 20:15:48,Orchard Central,TOP-M-02,Men's Supima Cotton Polo Shirt,Tops,Men,29.9,29.9,False,1,29.9,Card
PUN-20260602-0604,1,2026-06-02 20:46:20,Punggol,UND-W-01,Women's Airism Bikini Shorts,Underwear,Women,9.9,9.9,False,1,9.9,Card
ORC-20260602-0467,1,2026-06-02 19:20:30,Orchard Central,UND-M-02,Men's Cotton Blend Trunks,Underwear,Men,14.9,14.9,False,2,29.8,PayNow
BUG-20260602-0792,1,2026-06-02 18:37:15,Bugis,SOK-M-04,Men's Ribbed Crew Socks,Socks,Men,5.9,5.9,False,2,11.8,NETS
ORC-20260602-0901,1,2026-06-02 12:14:24,Orchard Central,SOK-M-07,Men's Striped Crew Socks,Socks,Men,5.9,5.9,False,2,11.8,Card
PUN-20260602-0398,1,2026-06-02 22:11:01,Punggol,TOP-M-02,Men's Supima Cotton Polo Shirt,Tops,Men,29.9,29.9,False,1,29.9,PayNow
ORC-20260602-0427,1,2026-06-02 19:44:14,  Orchard Central  ,BTM-W-04,  Women's Denim Straight Jeans  ,Bottoms,Women,49.9,49.9,False,1,49.9,Card
BUG-20260602-0443,2,2026-06-02 20:44:19,Bugis,SOK-W-04,Women's Ribbed Crew Socks,Socks,Women,5.9,5.9,False,1,5.9,Card
ORC-20260602-0657,1,2026-06-02 20:26:42,Orchard Central,SOK-W-10,Women's Wool Blend Socks,Socks,Women,9.9,9.9,False,1,9.9,NETS
PUN-20260602-0404,1,2026-06-02 14:00:20,Punggol,UND-W-03,  Women's Cotton Blend Briefs  ,underwear,Women,$9.9,9.9,False,1,9.9,PayNow
ORC-20260602-0642,1,2026-06-02 20:43:28,ORCHARD CENTRAL,SOK-M-02,  Men's Pile Crew Socks  ,socks,MEN,5.9,5.9,False,1,5.9,Card
ORC-20260602-0445,1,2026-06-02 18:22:52,Orchard Central,UND-M-01,Men's Airism Boxer Briefs,Underwear,Men,14.9,14.9,False,1,14.9,PayNow
ORC-20260602-0176,2,2026-06-02 21:08:33,ORCHARD CENTRAL,UND-W-01,Women's Airism Bikini Shorts,Underwear,Women,9.9,9.9,False,1,9.9,PayNow
BUG-20260602-0598,1,2026-06-02 19:20:10,Bugis,SOK-M-03,Men's Airism Low-Cut Socks,Socks,Men,5.9,5.9,False,1,5.9,PayNow
ORC-20260602-0947,3,2026-06-02 18:15:51,Orchard Central,UND-W-03,  Women's Cotton Blend Briefs  ,Underwear,WOMEN,9.9,9.9,False,1,9.9,Card
ORC-20260602-1087,1,2026-06-02 19:23:22,Orchard Central,SOK-M-02,Men's Pile Crew Socks,SOCKS,men,5.9,5.9,False,1,$5.9,Cash
ORC-20260602-1100,1,2026-06-02 21:53:53,Orchard Central,TOP-M-01,Men's Airism Cotton Crew Neck T-Shirt,Tops,Men,14.9,14.9,False,1,14.9,Card
ORC-20260602-1037,1,2026-06-02 18:00:33,Orchard Central,SOK-W-04,Women's Ribbed Crew Socks,Socks,Women,5.9,5.9,False,1,5.9,CARD
ORC-20260602-0061,1,2026-06-02 13:00:33,Orchard Central,SOK-W-01,Women's Ankle Socks 3-Pack,Socks,WOMEN,14.9,14.9,False,1,14.9,NETS
PUN-20260602-0170,2,2026-06-02 17:42:45,Punggol,SOK-M-03,Men's Airism Low-Cut Socks,Socks,men,5.9,5.9,False,1,5.9,card
PUN-20260602-0437,2,2026-06-02 16:25:25,Punggol,UND-M-01,Men's Airism Boxer Briefs,Underwear,Men,14.9,14.9,False,1,14.9,PayNow
ORC-20260602-0762,1,2026-06-02 22:21:58,Orchard Central,BTM-M-02,Men's Slim Fit Chino Trousers,Bottoms,Men,29.9,29.9,False,1,29.9,Card
PUN-20260602-0432,1,2026-06-02 13:46:59,Punggol,SOK-M-01,Men's Ankle Socks 3-Pack,Socks,Men,14.9,14.9,False,2,29.8,NETS
PUN-20260602-0671,2,2026-06-02 15:23:35,Punggol,SOK-M-02,Men's Pile Crew Socks,SOCKS,Men,5.9,5.9,False,1,5.9,Card
ORC-20260602-0190,2,2026-06-02 13:34:06,Orchard Central,SOK-W-10,Women's Wool Blend Socks,Socks,Women,9.9,9.9,False,1,9.9,Cash
PUN-20260602-0589,2,2026-06-02 11:26:57,Punggol,SOK-W-02,Women's Pile Crew Socks,Socks,Women,5.9,5.9,False,1,5.9,Card
ORC-20260602-0825,3,2026-06-02 17:19:04,Orchard Central,UND-W-01,Women's Airism Bikini Shorts,Underwear,Women,9.9,9.9,False,1,9.9,PayNow
BUG-20260602-0248,1,2026-06-02 20:24:53,BUGIS,SOK-W-04,Women's Ribbed Crew Socks,socks,Women,5.9,5.9,False,1,5.9,PayNow
BUG-20260602-0204,1,2026-06-02 11:06:22,Bugis,BTM-M-08,Men's Relaxed Fit Denim Shorts,Bottoms,men,22.99,29.9,True,1,22.99,Card
ORC-20260602-0066,2,2026-06-02 15:15:31,Orchard Central,SOK-M-09,Men's No-Show Sneaker Socks,Socks,Men,4.11,5.9,True,1,4.11,NETS
ORC-20260602-0484,3,2026-06-02 19:03:00,Orchard Central,TOP-W-04,Women's Heattech Crew Neck Long Sleeve Tee,tops,Women,14.9,14.9,False,1,14.9,Card
ORC-20260602-0139,1,2026-06-02 15:18:29,orchard central,SOK-M-03,Men's Airism Low-Cut Socks,Socks,Men,5.9,5.9,False,1,5.9,Card
PUN-20260602-0067,3,2026-06-02 12:27:35,Punggol,UND-W-03,Women's Cotton Blend Briefs,Underwear,WOMEN,9.9,9.9,False,1,9.9,PayNow
ORC-20260602-1040,1,2026-06-02 19:00:55,Orchard Central,SOK-M-09,Men's No-Show Sneaker Socks,Socks,Men,4.11,5.9,True,1,4.11,Card
ORC-20260602-0359,3,2026-06-02 14:52:30,Orchard Central,TOP-M-03,Men's Dry-EX Crew Neck T-Shirt,Tops,MEN,19.9,19.9,False,1,19.9,PayNow
PUN-20260602-0690,2,2026-06-02 12:41:46,Punggol,SOK-W-04,Women's Ribbed Crew Socks,Socks,Women,5.9,5.9,False,1,5.9,PayNow
PUN-20260602-0089,2,2026-06-02 19:39:08,Punggol,TOP-M-01,  Men's Airism Cotton Crew Neck T-Shirt  ,TOPS,Men,14.9,14.9,False,1,14.9,PayNow
BUG-20260602-0534,1,2026-06-02 15:29:17,Bugis,UND-M-06,Men's Airism Sleeveless Undershirt,Underwear,Men,9.9,9.9,False,1,9.9,Card
BUG-20260602-0039,2,2026-06-02 14:40:19,Bugis,UND-M-04,Men's Cotton Crew Neck Undershirt,Underwear,men,14.9,14.9,False,1,14.9,PayNow
PUN-20260602-0091,2,2026-06-02 21:34:41,Punggol,SOK-W-04,Women's Ribbed Crew Socks,Socks,Women,5.9,5.9,False,1,5.9,CARD
ORC-20260602-0062,2,2026-06-02 16:24:41,Orchard Central,BTM-M-02,Men's Slim Fit Chino Trousers,Bottoms,men,29.9,29.9,False,1,29.9,Cash
BUG-20260602-0011,2,2026-06-02 18:41:24,Bugis,SOK-W-03,Women's Airism Low-Cut Socks,Socks,Women,5.9,5.9,False,1,5.9,PayNow
BUG-20260602-0449,1,2026-06-02 13:25:11,Bugis,SOK-M-04,Men's Ribbed Crew Socks,Socks,Men,5.9,5.9,False,1,5.9,PayNow
ORC-20260602-0203,1,2026-06-02 13:49:40,ORCHARD CENTRAL,UND-M-04,Men's Cotton Crew Neck Undershirt,Underwear,Men,14.9,14.9,False,1,14.9,PayNow
PUN-20260602-0256,2,2026-06-02 14:44:10,Punggol,SOK-W-02,Women's Pile Crew Socks,Socks,Women,5.9,5.9,False,1,5.9,Card
ORC-20260602-0056,1,2026-06-02 17:56:25,Orchard Central,SOK-W-09,Women's No-Show Sneaker Socks,Socks,Women,5.9,5.9,False,1,5.9,PayNow
ORC-20260602-0765,1,2026-06-02 20:30:51,Orchard Central,UND-M-04,Men's Cotton Crew Neck Undershirt,Underwear,Men,14.9,14.9,False,1,14.9,Card
BUG-20260602-0522,1,2026-06-02 17:32:23,Bugis,SOK-M-04,Men's Ribbed Crew Socks,Socks,Men,5.9,5.9,False,1,5.9,Cash
BUG-20260602-0129,1,2026-06-02 17:05:57,Bugis,UND-W-03,Women's Cotton Blend Briefs,Underwear,Women,9.9,9.9,False,1,9.9,NETS
ORC-20260602-0655,1,2026-06-02 20:45:09,Orchard Central,UND-M-02,Men's Cotton Blend Trunks,Underwear,Men,14.9,14.9,False,2,29.8,PayNow
ORC-20260602-0577,1,2026-06-02 22:07:23,Orchard Central,TOP-M-01,Men's Airism Cotton Crew Neck T-Shirt,Tops,Men,14.9,14.9,False,1,14.9,Cash
ORC-20260602-0423,1,2026-06-02 13:41:12,Orchard Central,UND-W-09,Women's Cotton Boyshorts,Underwear,Women,9.9,9.9,False,1,9.9,PayNow
PUN-20260602-0164,2,2026-06-02 19:34:27,Punggol,SOK-M-04,Men's Ribbed Crew Socks,Socks,Men,5.9,5.9,False,1,5.9,PayNow
PUN-20260602-0078,1,2026-06-02 20:43:41,punggol,UND-W-01,Women's Airism Bikini Shorts,Underwear,Women,9.9,9.9,False,1,9.9,Card
BUG-20260602-0356,2,2026-06-02 16:10:58,Bugis,SOK-W-04,Women's Ribbed Crew Socks,Socks,WOMEN,5.9,5.9,False,1,5.9,Card
ORC-20260602-0207,1,2026-06-02 18:28:27,orchard central,SOK-M-04,Men's Ribbed Crew Socks,socks,Men,5.9,5.9,False,1,5.9,Card
PUN-20260602-0048,2,2026-06-02 18:35:05,Punggol,TOP-M-02,Men's Supima Cotton Polo Shirt,Tops,Men,29.9,29.9,False,1,29.9,Card
ORC-20260602-0532,1,2026-06-02 19:38:52,Orchard Central,UND-W-06,Women's Lace Trim Briefs,Underwear,Women,9.9,9.9,False,2,19.8,Card
PUN-20260602-0260,2,2026-06-02 18:16:52,Punggol,UND-W-03,Women's Cotton Blend Briefs,Underwear,Women,9.9,9.9,False,1,9.9,Card
ORC-20260602-0951,3,2026-06-02 19:41:46,Orchard Central,SOK-M-02,Men's Pile Crew Socks,Socks,Men,5.9,5.9,False,1,5.9,Card
BUG-20260602-0693,1,2026-06-02 20:38:30,Bugis,SOK-W-02,Women's Pile Crew Socks,Socks,Women,5.9,5.9,False,1,5.9,NETS
PUN-20260602-0512,2,2026-06-02 17:59:29,Punggol,SOK-W-04,Women's Ribbed Crew Socks,Socks,Women,5.9,5.9,False,1,$5.9,Cash
ORC-20260602-0915,1,2026-06-02 19:08:26,Orchard Central,SOK-M-09,Men's No-Show Sneaker Socks,SOCKS,Men,4.11,5.9,True,2,8.22,Cash
ORC-20260602-1032,3,2026-06-02 17:22:34,Orchard Central,TOP-M-02,Men's Supima Cotton Polo Shirt,Tops,Men,29.9,29.9,False,1,29.9,PAYNOW
PUN-20260602-0370,1,2026-06-02 20:13:56,Punggol,SOK-W-02,  Women's Pile Crew Socks  ,SOCKS,Women,5.9,5.9,False,1,5.9,Card
ORC-20260602-0870,2,2026-06-02 12:42:12,Orchard Central,UND-M-04,Men's Cotton Crew Neck Undershirt,Underwear,Men,14.9,14.9,False,1,14.9,Card
PUN-20260602-0516,3,2026-06-02 20:43:53,Punggol,UND-M-04,Men's Cotton Crew Neck Undershirt,Underwear,Men,14.9,14.9,False,1,14.9,Cash
BUG-20260602-0054,3,2026-06-02 19:31:59,Bugis,SOK-W-03,Women's Airism Low-Cut Socks,Socks,Women,5.9,5.9,False,1,5.9,PayNow
BUG-20260602-0480,1,2026-06-02 19:33:23,Bugis,SOK-W-02,Women's Pile Crew Socks,Socks,Women,5.9,5.9,False,1,5.9,PayNow
BUG-20260602-0441,3,2026-06-02 16:21:32,Bugis,SOK-W-03,Women's Airism Low-Cut Socks,SOCKS,Women,5.9,5.9,False,1,5.9,Card
ORC-20260602-0333,3,2026-06-02 17:02:15,Orchard Central,SOK-W-06,Women's Heattech Socks,Socks,WOMEN,9.9,9.9,False,2,19.8,
PUN-20260602-0394,1,2026-06-02 20:06:20,  Punggol  ,SOK-M-04,Men's Ribbed Crew Socks,SOCKS,MEN,5.9,5.9,False,1,5.9,NETS
PUN-20260602-0439,3,2026-06-02 19:15:19,punggol,SOK-W-04,Women's Ribbed Crew Socks,Socks,WOMEN,5.9,5.9,False,1,5.9,Card
ORC-20260602-0039,2,2026-06-02 19:37:40,Orchard Central,BTM-W-01,Women's Ultra Stretch Skinny Jeans,Bottoms,Women,39.9,39.9,False,1,39.9,Card
ORC-20260602-0721,1,2026-06-02 20:01:37,orchard central,TOP-M-05,Men's Heattech Crew Neck Long Sleeve Tee,Tops,Men,11.62,14.9,True,1,11.62,PayNow
BUG-20260602-0122,2,2026-06-02 12:35:20,  Bugis  ,UND-M-01,Men's Airism Boxer Briefs,Underwear,Men,14.9,14.9,False,1,14.9,Card
PUN-20260602-0026,1,2026-06-02 11:59:43,Punggol,TOP-M-01,Men's Airism Cotton Crew Neck T-Shirt,Tops,Men,14.9,14.9,False,1,14.9,Card
PUN-20260602-0325,2,2026-06-02 21:38:58,Punggol,UND-M-04,Men's Cotton Crew Neck Undershirt,Underwear,Men,14.9,14.9,False,1,14.9,Card
PUN-20260602-0068,1,2026-06-02 16:28:50,Punggol,TOP-W-03,Women's Silky Satin Blouse,tops,Women,39.9,39.9,False,1,39.9,NETS
PUN-20260602-0603,2,2026-06-02 20:37:58,  PUNGGOL  ,SOK-W-02,Women's Pile Crew Socks,Socks,Women,5.9,5.9,False,1,5.9,PayNow
ORC-20260602-0437,1,2026-06-02 16:08:27,Orchard Central,BTM-W-03,Women's Ezy Ankle Pants,Bottoms,Women,29.9,29.9,False,1,29.9,CARD
PUN-20260602-0112,2,2026-06-02 17:32:51,Punggol,TOP-M-03,Men's Dry-EX Crew Neck T-Shirt,Tops,Men,19.9,19.9,False,1,19.9,CARD
ORC-20260602-0906,2,2026-06-02 19:09:23,orchard central,UND-W-07,Women's Heattech Camisole,Underwear,Women,14.9,14.9,False,1,14.9,NETS
ORC-20260602-0299,1,2026-06-02 12:28:50,  Orchard Central  ,UND-W-03,Women's Cotton Blend Briefs,Underwear,Women,9.9,9.9,False,1,9.9,PayNow
ORC-20260602-0612,1,2026-06-02 21:16:04,Orchard Central,BTM-M-02,Men's Slim Fit Chino Trousers,Bottoms,Men,29.9,29.9,False,1,$29.9,Cash
PUN-20260602-0386,3,2026-06-02 21:32:45,Punggol,UND-W-03,Women's Cotton Blend Briefs,Underwear,Women,9.9,9.9,False,1,9.9,PAYNOW
BUG-20260602-0065,1,2026-06-02 14:54:58,Bugis,BTM-W-03,Women's Ezy Ankle Pants,Bottoms,Women,29.9,29.9,False,1,29.9,PayNow
ORC-20260602-0740,3,2026-06-02 19:55:47,  Orchard Central  ,TOP-W-02,Women's Ribbed Long Sleeve Turtleneck,Tops,Women,19.9,19.9,False,1,19.9,card
ORC-20260602-0208,2,2026-06-02 17:01:58,Orchard Central,SOK-W-02,Women's Pile Crew Socks,Socks,WOMEN,5.9,5.9,False,2,11.8,cash
ORC-20260602-0186,1,2026-06-02 20:21:07,Orchard Central,BTM-W-02,Women's High-Rise Wide Leg Pants,Bottoms,Women,39.9,39.9,False,1,39.9,card
BUG-20260602-0470,1,2026-06-02 12:23:08,  Bugis  ,SOK-W-03,Women's Airism Low-Cut Socks,Socks,Women,5.9,5.9,False,1,5.9,PayNow
ORC-20260602-0078,2,2026-06-02 14:13:45,Orchard Central,UND-W-09,Women's Cotton Boyshorts,Underwear,women,9.9,9.9,False,1,9.9,Cash
PUN-20260602-0601,1,2026-06-02 14:23:32,Punggol,UND-W-01,Women's Airism Bikini Shorts,Underwear,Women,9.9,9.9,False,1,9.9,Card
BUG-20260602-0069,2,2026-06-02 18:59:22,Bugis,UND-W-04,Women's Airism T-Shirt Bra,Underwear,women,29.9,29.9,False,1,29.9,paynow
PUN-20260602-0109,1,2026-06-02 19:22:53,  Punggol  ,UND-M-07,Men's Stretch Cotton Boxers,underwear,Men,14.9,14.9,False,2,29.8,NETS
ORC-20260602-0454,2,2026-06-02 20:38:16,Orchard Central,SOK-M-01,Men's Ankle Socks 3-Pack,Socks,Men,14.9,14.9,False,1,14.9,PayNow
PUN-20260602-0282,1,2026-06-02 15:48:47,Punggol,SOK-M-04,  Men's Ribbed Crew Socks  ,Socks,Men,5.9,5.9,False,1,5.9,NETS
ORC-20260602-0255,3,2026-06-02 11:49:05,Orchard Central,SOK-W-02,Women's Pile Crew Socks,Socks,WOMEN,5.9,5.9,False,1,5.9,PayNow
ORC-20260602-0833,1,2026-06-02 14:19:53,Orchard Central,SOK-M-09,Men's No-Show Sneaker Socks,Socks,Men,4.11,5.9,True,1,4.11,Card
BUG-20260602-0262,3,2026-06-02 19:22:51,Bugis,UND-W-03,,Underwear,WOMEN,9.9,9.9,False,2,19.8,PAYNOW
ORC-20260602-0595,1,2026-06-02 20:43:35,Orchard Central,BTM-W-03,Women's Ezy Ankle Pants,Bottoms,Women,29.9,29.9,False,1,29.9,NETS
ORC-20260602-0523,2,2026-06-02 20:04:39,Orchard Central,SOK-W-02,Women's Pile Crew Socks,Socks,Women,5.9,5.9,False,1,5.9,Card
ORC-20260602-0602,1,2026-06-02 21:43:28,Orchard Central,SOK-M-01,Men's Ankle Socks 3-Pack,Socks,men,14.9,14.9,False,2,29.8,Card
ORC-20260602-0786,2,2026-06-02 20:45:15,Orchard Central,SOK-W-02,  Women's Pile Crew Socks  ,Socks,Women,5.9,5.9,False,1,5.9,PayNow
PUN-20260602-0314,1,2026-06-02 17:54:14,Punggol,SOK-W-04,,Socks,Women,5.9,5.9,False,1,5.9,PayNow
BUG-20260602-0160,1,2026-06-02 20:15:48,  Bugis  ,SOK-M-04,Men's Ribbed Crew Socks,Socks,Men,5.9,5.9,False,1,$5.9,Card
ORC-20260602-0134,1,2026-06-02 13:02:03,  ORCHARD CENTRAL  ,SOK-M-09,Men's No-Show Sneaker Socks,Socks,Men,4.11,5.9,True,2,8.22,Card
ORC-20260602-1031,2,2026-06-02 13:13:28,orchard central,SOK-W-02,  Women's Pile Crew Socks  ,Socks,Women,5.9,5.9,False,1,5.9,Card
PUN-20260602-0373,2,2026-06-02 17:46:21,Punggol,TOP-W-02,Women's Ribbed Long Sleeve Turtleneck,Tops,WOMEN,19.9,19.9,False,1,19.9,Card
ORC-20260602-0592,2,2026-06-02 22:30:17,Orchard Central,TOP-M-03,Men's Dry-EX Crew Neck T-Shirt,tops,Men,19.9,19.9,False,1,19.9,Card
PUN-20260602-0119,1,2026-06-02 21:17:24,Punggol,SOK-W-02,  Women's Pile Crew Socks  ,Socks,Women,5.9,5.9,False,1,5.9,PayNow
PUN-20260602-0038,2,2026-06-02 12:49:04,Punggol,UND-W-01,Women's Airism Bikini Shorts,Underwear,Women,9.9,9.9,False,1,9.9,CASH
PUN-20260602-0172,1,2026-06-02 22:29:26,  Punggol  ,SOK-M-01,Men's Ankle Socks 3-Pack,SOCKS,Men,14.9,14.9,False,1,14.9,Cash
PUN-20260602-0223,1,2026-06-02 17:19:27,Punggol,UND-W-01,  Women's Airism Bikini Shorts  ,Underwear,Women,9.9,9.9,False,1,9.9,PayNow
ORC-20260602-0637,1,2026-06-02 19:05:30,Orchard Central,SOK-M-02,Men's Pile Crew Socks,Socks,Men,5.9,5.9,False,1,5.9,Card
BUG-20260602-0208,1,2026-06-02 12:00:53,Bugis,SOK-M-06,Men's Heattech Socks,Socks,Men,9.9,9.9,False,2,19.8,PayNow
ORC-20260602-0033,2,2026-06-02 16:45:37,orchard central,SOK-M-10,  Men's Wool Blend Socks  ,SOCKS,Men,9.9,9.9,False,1,9.9,Card
ORC-20260602-0716,1,2026-06-02 14:58:46,Orchard Central,BTM-M-08,Men's Relaxed Fit Denim Shorts,Bottoms,Men,22.99,29.9,True,1,22.99,PayNow
PUN-20260602-0463,2,2026-06-02 20:38:26,Punggol,SOK-W-06,Women's Heattech Socks,Socks,women,9.9,9.9,False,2,19.8,PayNow
BUG-20260602-0669,1,2026-06-02 16:51:41,Bugis,SOK-W-04,Women's Ribbed Crew Socks,Socks,Women,5.9,5.9,False,1,5.9,Nets
BUG-20260602-0298,1,2026-06-02 16:10:20,Bugis,BTM-M-04,Men's Dry Stretch Shorts,Bottoms,Men,19.9,19.9,False,1,19.9,paynow
ORC-20260602-0082,1,2026-06-02 20:13:56,Orchard Central,UND-W-07,Women's Heattech Camisole,Underwear,Women,14.9,14.9,False,1,14.9,PayNow
ORC-20260602-0177,1,2026-06-02 20:08:28,Orchard Central,SOK-W-02,Women's Pile Crew Socks,Socks,Women,5.9,5.9,False,1,5.9,Card
ORC-20260602-0552,2,2026-06-02 21:15:32,Orchard Central,SOK-W-04,Women's Ribbed Crew Socks,Socks,Women,5.9,5.9,False,1,5.9,
PUN-20260602-0667,1,2026-06-02 18:22:53,Punggol,SOK-M-01,Men's Ankle Socks 3-Pack,Socks,Men,14.9,14.9,False,2,29.8,Cash
ORC-20260602-0028,1,2026-06-02 12:20:59,ORCHARD CENTRAL,SOK-W-03,Women's Airism Low-Cut Socks,Socks,women,5.9,5.9,False,1,5.9,Nets
ORC-20260602-0725,1,2026-06-02 16:57:43,Orchard Central,SOK-M-04,Men's Ribbed Crew Socks,Socks,Men,5.9,5.9,False,2,11.8,Card
PUN-20260602-0117,3,2026-06-02 16:19:48,Punggol,TOP-M-03,Men's Dry-EX Crew Neck T-Shirt,Tops,men,19.9,19.9,False,1,19.9,Card
ORC-20260602-0281,3,2026-06-02 18:48:27,Orchard Central,UND-M-06,Men's Airism Sleeveless Undershirt,Underwear,Men,9.9,9.9,False,1,9.9,PayNow
BUG-20260602-0015,1,2026-06-02 22:47:56,Bugis,TOP-M-07,Men's Ultra Light Down Jacket,Tops,Men,79.9,79.9,False,1,79.9,Card
ORC-20260602-0883,1,2026-06-02 18:27:40,Orchard Central,UND-W-03,Women's Cotton Blend Briefs,Underwear,Women,9.9,9.9,False,1,9.9,PayNow
ORC-20260602-0065,2,2026-06-02 19:40:46,Orchard Central,SOK-W-01,Women's Ankle Socks 3-Pack,Socks,Women,14.9,14.9,False,1,14.9,Card
PUN-20260602-0150,2,2026-06-02 19:04:45,Punggol,UND-W-04,Women's Airism T-Shirt Bra,UNDERWEAR,Women,29.9,29.9,False,1,29.9,Card
ORC-20260602-0962,2,2026-06-02 20:00:53,Orchard Central,UND-W-02,Women's Wireless Bra,UNDERWEAR,women,29.9,29.9,False,1,29.9,Cash
PUN-20260602-0638,1,2026-06-02 16:37:02,  Punggol  ,UND-W-04,Women's Airism T-Shirt Bra,Underwear,Women,29.9,29.9,False,1,29.9,PayNow
PUN-20260602-0344,1,2026-06-02 12:23:23,Punggol,SOK-W-02,Women's Pile Crew Socks,SOCKS,WOMEN,5.9,5.9,False,1,5.9,
BUG-20260602-0703,1,2026-06-02 21:18:30,Bugis,SOK-W-03,Women's Airism Low-Cut Socks,Socks,Women,5.9,5.9,False,1,5.9,Card
ORC-20260602-0603,2,2026-06-02 21:14:34,Orchard Central,TOP-M-04,Men's Oxford Long Sleeve Shirt,Tops,Men,29.9,29.9,False,1,29.9,Cash
BUG-20260602-0456,2,2026-06-02 21:10:15,  Bugis  ,SOK-W-02,Women's Pile Crew Socks,Socks,Women,5.9,5.9,False,2,11.8,PayNow
ORC-20260602-0834,3,2026-06-02 20:57:11,ORCHARD CENTRAL,SOK-M-01,Men's Ankle Socks 3-Pack,Socks,Men,14.9,14.9,False,1,14.9,Card
PUN-20260602-0639,2,2026-06-02 14:51:43,Punggol,SOK-W-02,Women's Pile Crew Socks,Socks,Women,$5.9,5.9,False,1,5.9,Cash
BUG-20260602-0166,3,2026-06-02 21:31:26,Bugis,BTM-M-04,Men's Dry Stretch Shorts,Bottoms,men,19.9,19.9,False,1,19.9,Card
ORC-20260602-0763,1,2026-06-02 19:35:37,Orchard Central,SOK-M-04,Men's Ribbed Crew Socks,Socks,Men,5.9,5.9,False,1,5.9,Card
ORC-20260602-0811,2,2026-06-02 17:32:59,Orchard Central,SOK-M-02,Men's Pile Crew Socks,Socks,Men,5.9,5.9,False,1,5.9,PayNow
ORC-20260602-0021,1,2026-06-02 19:26:20,Orchard Central,SOK-W-04,Women's Ribbed Crew Socks,Socks,Women,5.9,5.9,False,1,5.9,PayNow
PUN-20260602-0179,2,2026-06-02 19:39:21,Punggol,SOK-W-06,Women's Heattech Socks,Socks,Women,9.9,9.9,False,1,9.9,Cash
ORC-20260602-0157,1,2026-06-02 19:12:32,Orchard Central,SOK-W-02,Women's Pile Crew Socks,Socks,Women,5.9,5.9,False,1,5.9,Cash
ORC-20260602-0943,1,2026-06-02 21:47:28,Orchard Central,UND-W-01,Women's Airism Bikini Shorts,Underwear,Women,9.9,9.9,False,2,19.8,Cash
PUN-20260602-0651,2,2026-06-02 17:25:50,Punggol,TOP-W-02,Women's Ribbed Long Sleeve Turtleneck,Tops,Women,19.9,19.9,False,1,19.9,card
ORC-20260602-0433,1,2026-06-02 20:10:12,Orchard Central,UND-M-03,Men's Airism Mesh Boxer Briefs,Underwear,Men,14.9,14.9,False,1,14.9,Card
BUG-20260602-0600,1,2026-06-02 14:46:37,Bugis,TOP-W-01,Women's Airism Cotton Crew Neck T-Shirt,Tops,Women,14.9,14.9,False,1,14.9,cash
PUN-20260602-0663,2,2026-06-02 19:37:52,Punggol,TOP-W-03,Women's Silky Satin Blouse,Tops,Women,39.9,39.9,False,1,39.9,cash
ORC-20260602-0669,2,2026-06-02 19:51:40,  Orchard Central  ,TOP-M-01,Men's Airism Cotton Crew Neck T-Shirt,Tops,Men,14.9,14.9,False,1,14.9,NETS
PUN-20260602-0596,1,2026-06-02 13:29:33,Punggol,BTM-M-02,Men's Slim Fit Chino Trousers,bottoms,men,29.9,29.9,False,1,29.9,Card
PUN-20260602-0452,1,2026-06-02 17:50:08,  Punggol  ,TOP-M-01,Men's Airism Cotton Crew Neck T-Shirt,Tops,Men,14.9,14.9,False,1,14.9,paynow
ORC-20260602-0624,2,2026-06-02 11:03:35,ORCHARD CENTRAL,UND-M-04,Men's Cotton Crew Neck Undershirt,UNDERWEAR,Men,14.9,14.9,False,1,14.9,Card
BUG-20260602-0138,3,2026-06-02 20:23:26,  Bugis  ,SOK-M-03,  Men's Airism Low-Cut Socks  ,Socks,Men,5.9,5.9,False,1,5.9,PayNow
ORC-20260602-0331,2,2026-06-02 21:42:32,Orchard Central,UND-M-02,Men's Cotton Blend Trunks,underwear,Men,14.9,14.9,False,1,14.9,NETS
ORC-20260602-0718,1,2026-06-02 18:08:01,Orchard Central,SOK-M-07,  Men's Striped Crew Socks  ,Socks,Men,5.9,5.9,False,1,5.9,PayNow
PUN-20260602-0661,2,2026-06-02 14:00:13,Punggol,TOP-M-04,Men's Oxford Long Sleeve Shirt,Tops,men,29.9,29.9,False,1,29.9,Cash
BUG-20260602-0339,1,2026-06-02 14:24:06,Bugis,UND-W-02,Women's Wireless Bra,Underwear,Women,29.9,29.9,False,1,29.9,PayNow
BUG-20260602-0370,2,2026-06-02 20:57:10,BUGIS,SOK-W-02,Women's Pile Crew Socks,Socks,Women,5.9,5.9,False,1,5.9,PayNow
BUG-20260602-0478,2,2026-06-02 20:41:37,Bugis,UND-W-03,Women's Cotton Blend Briefs,Underwear,Women,9.9,9.9,False,1,9.9,Card
ORC-20260602-0220,1,2026-06-02 17:00:52,Orchard Central,SOK-M-02,Men's Pile Crew Socks,Socks,men,5.9,5.9,False,1,5.9,Card
ORC-20260602-0378,1,2026-06-02 16:27:09,Orchard Central,UND-M-03,Men's Airism Mesh Boxer Briefs,Underwear,Men,14.9,14.9,False,1,14.9,Card
PUN-20260602-0556,2,2026-06-02 11:01:17,Punggol,UND-W-03,Women's Cotton Blend Briefs,Underwear,Women,9.9,9.9,False,2,19.8,Card
BUG-20260602-0780,2,2026-06-02 13:04:01,  Bugis  ,SOK-W-04,Women's Ribbed Crew Socks,Socks,Women,5.9,5.9,False,1,5.9,Cash
PUN-20260602-0031,2,2026-06-02 13:46:24,Punggol,SOK-M-02,Men's Pile Crew Socks,Socks,Men,$5.9,5.9,False,2,11.8,Card
PUN-20260602-0347,1,2026-06-02 12:15:36,Punggol,SOK-W-02,  Women's Pile Crew Socks  ,Socks,Women,$5.9,5.9,False,1,5.9,CASH
BUG-20260602-0573,1,2026-06-02 19:05:11,  Bugis  ,SOK-M-03,Men's Airism Low-Cut Socks,Socks,Men,5.9,5.9,False,1,5.9,Card
ORC-20260602-1095,3,2026-06-02 11:10:00,Orchard Central,BTM-M-08,Men's Relaxed Fit Denim Shorts,Bottoms,Men,22.99,29.9,True,1,22.99,Card
ORC-20260602-0444,1,2026-06-02 21:08:09,Orchard Central,TOP-M-01,Men's Airism Cotton Crew Neck T-Shirt,Tops,men,14.9,14.9,False,1,14.9,card
PUN-20260602-0278,1,2026-06-02 11:52:31,Punggol,SOK-M-04,  Men's Ribbed Crew Socks  ,Socks,Men,5.9,5.9,False,2,11.8,NETS
PUN-20260602-0321,1,2026-06-02 20:17:27,Punggol,SOK-W-04,Women's Ribbed Crew Socks,Socks,Women,5.9,5.9,False,1,5.9,Card
PUN-20260602-0272,1,2026-06-02 17:42:53,punggol,TOP-W-04,  Women's Heattech Crew Neck Long Sleeve Tee  ,Tops,Women,14.9,14.9,False,1,14.9,PayNow
BUG-20260602-0589,2,2026-06-02 21:32:11,BUGIS,SOK-W-02,Women's Pile Crew Socks,Socks,Women,5.9,5.9,False,1,5.9,Card
PUN-20260602-0059,1,2026-06-02 19:34:51,Punggol,UND-M-04,Men's Cotton Crew Neck Undershirt,UNDERWEAR,Men,14.9,14.9,False,2,29.8,Cash
ORC-20260602-1013,1,2026-06-02 20:51:17,Orchard Central,SOK-M-09,Men's No-Show Sneaker Socks,Socks,Men,4.11,5.9,True,1,4.11,Card
BUG-20260602-0033,2,2026-06-02 12:01:57,Bugis,SOK-M-02,Men's Pile Crew Socks,Socks,Men,5.9,5.9,False,1,5.9,Card
PUN-20260602-0183,2,2026-06-02 21:12:04,Punggol,SOK-W-02,Women's Pile Crew Socks,Socks,Women,5.9,5.9,False,2,11.8,NETS
PUN-20260602-0659,2,2026-06-02 16:28:42,Punggol,SOK-W-02,Women's Pile Crew Socks,Socks,Women,5.9,5.9,False,2,11.8,PayNow
ORC-20260602-0217,1,2026-06-02 19:27:57,Orchard Central,TOP-M-04,Men's Oxford Long Sleeve Shirt,Tops,Men,29.9,29.9,False,1,29.9,Card
ORC-20260602-0887,3,2026-06-02 21:18:59,Orchard Central,UND-W-01,Women's Airism Bikini Shorts,Underwear,Women,9.9,9.9,False,1,9.9,Cash
PUN-20260602-0129,1,2026-06-02 13:38:57,Punggol,UND-W-01,Women's Airism Bikini Shorts,Underwear,Women,9.9,9.9,False,1,9.9,PayNow
PUN-20260602-0418,2,2026-06-02 16:33:42,Punggol,UND-W-01,Women's Airism Bikini Shorts,Underwear,Women,9.9,9.9,False,1,$9.9,CASH
ORC-20260602-0292,1,2026-06-02 19:55:18,Orchard Central,SOK-M-02,  Men's Pile Crew Socks  ,Socks,men,5.9,5.9,False,2,11.8,Card
BUG-20260602-0778,1,2026-06-02 13:28:09,Bugis,SOK-M-03,Men's Airism Low-Cut Socks,Socks,MEN,5.9,5.9,False,1,5.9,CARD
ORC-20260602-0143,3,2026-06-02 21:14:05,Orchard Central,SOK-W-06,Women's Heattech Socks,Socks,women,9.9,9.9,False,1,9.9,Card
BUG-20260602-0094,1,2026-06-02 14:36:28,  Bugis  ,UND-M-01,Men's Airism Boxer Briefs,underwear,Men,14.9,14.9,False,1,$14.9,Paynow
ORC-20260602-0432,1,2026-06-02 19:54:44,Orchard Central,TOP-M-01,  Men's Airism Cotton Crew Neck T-Shirt  ,Tops,Men,14.9,14.9,False,1,14.9,Cash
BUG-20260602-0006,1,2026-06-02 14:25:00,Bugis,TOP-W-04,Women's Heattech Crew Neck Long Sleeve Tee,Tops,Women,14.9,14.9,False,1,14.9,cash
ORC-20260602-1067,2,2026-06-02 11:21:31,  Orchard Central  ,TOP-W-02,Women's Ribbed Long Sleeve Turtleneck,tops,Women,19.9,19.9,False,1,19.9,CARD
PUN-20260602-0220,2,2026-06-02 15:15:59,Punggol,BTM-M-02,Men's Slim Fit Chino Trousers,Bottoms,Men,29.9,29.9,False,1,29.9,PAYNOW
BUG-20260602-0739,2,2026-06-02 18:16:49,bugis,BTM-W-01,Women's Ultra Stretch Skinny Jeans,Bottoms,Women,39.9,39.9,False,1,39.9,NETS
PUN-20260602-0317,2,2026-06-02 17:29:12,Punggol,SOK-W-03,Women's Airism Low-Cut Socks,Socks,Women,5.9,5.9,False,1,5.9,Card
BUG-20260602-0180,1,2026-06-02 16:29:35,  Bugis  ,SOK-M-02,  Men's Pile Crew Socks  ,Socks,Men,5.9,5.9,False,1,5.9,Card
ORC-20260602-0470,2,2026-06-02 21:39:22,Orchard Central,SOK-W-02,Women's Pile Crew Socks,Socks,Women,5.9,5.9,False,1,5.9,Card
ORC-20260602-0032,2,2026-06-02 16:45:47,Orchard Central,SOK-M-03,Men's Airism Low-Cut Socks,Socks,Men,5.9,5.9,False,1,5.9,Card
ORC-20260602-1072,1,2026-06-02 12:03:14,Orchard Central,SOK-M-01,Men's Ankle Socks 3-Pack,Socks,Men,14.9,14.9,False,1,14.9,PayNow
PUN-20260602-0682,3,2026-06-02 19:28:01,Punggol,BTM-M-02,Men's Slim Fit Chino Trousers,bottoms,Men,29.9,29.9,False,1,29.9,Nets
PUN-20260602-0037,3,2026-06-02 18:31:34,Punggol,TOP-M-01,Men's Airism Cotton Crew Neck T-Shirt,Tops,Men,14.9,14.9,False,1,14.9,Card
PUN-20260602-0415,1,2026-06-02 12:54:07,Punggol,UND-M-03,Men's Airism Mesh Boxer Briefs,Underwear,Men,14.9,14.9,False,1,14.9,Paynow
BUG-20260602-0430,2,2026-06-02 16:44:28,Bugis,SOK-W-04,Women's Ribbed Crew Socks,Socks,Women,5.9,5.9,False,1,5.9,NETS
PUN-20260602-0547,1,2026-06-02 15:08:40,Punggol,UND-W-03,Women's Cotton Blend Briefs,UNDERWEAR,Women,9.9,9.9,False,1,9.9,Card
BUG-20260602-0361,2,2026-06-02 20:18:18,Bugis,TOP-W-01,Women's Airism Cotton Crew Neck T-Shirt,Tops,Women,14.9,14.9,False,1,14.9,PayNow
ORC-20260602-0355,1,2026-06-02 16:03:48,Orchard Central,UND-M-02,Men's Cotton Blend Trunks,Underwear,Men,14.9,14.9,False,1,14.9,Cash
ORC-20260602-0537,1,2026-06-02 19:21:24,Orchard Central,TOP-M-03,Men's Dry-EX Crew Neck T-Shirt,Tops,Men,19.9,19.9,False,1,19.9,Card
BUG-20260602-0105,2,2026-06-02 19:38:50,  BUGIS  ,SOK-W-01,Women's Ankle Socks 3-Pack,Socks,Women,14.9,14.9,False,1,14.9,Card
ORC-20260602-0261,1,2026-06-02 18:50:32,Orchard Central,TOP-W-04,Women's Heattech Crew Neck Long Sleeve Tee,Tops,Women,14.9,14.9,False,1,14.9,
BUG-20260602-0291,1,2026-06-02 19:03:03,Bugis,TOP-W-03,  Women's Silky Satin Blouse  ,Tops,WOMEN,39.9,39.9,False,1,39.9,NETS
PUN-20260602-0291,1,2026-06-02 18:39:04,Punggol,UND-M-04,Men's Cotton Crew Neck Undershirt,Underwear,Men,$14.9,14.9,False,2,29.8,Card
ORC-20260602-1104,1,2026-06-02 12:46:01,Orchard Central,UND-M-02,Men's Cotton Blend Trunks,Underwear,Men,14.9,14.9,False,1,14.9,Cash
ORC-20260602-1029,1,2026-06-02 20:20:54,Orchard Central,TOP-W-01,Women's Airism Cotton Crew Neck T-Shirt,TOPS,Women,14.9,14.9,False,1,$14.9,PayNow
ORC-20260602-0635,2,2026-06-02 21:59:19,Orchard Central,UND-W-01,Women's Airism Bikini Shorts,Underwear,Women,9.9,9.9,False,1,9.9,Card
ORC-20260602-0669,1,2026-06-02 19:51:40,Orchard Central,SOK-M-09,Men's No-Show Sneaker Socks,Socks,Men,4.11,5.9,True,1,4.11,Nets
BUG-20260602-0663,2,2026-06-02 17:53:58,Bugis,TOP-W-06,Women's Linen Blend Short Sleeve Shirt,Tops,Women,29.9,29.9,False,1,29.9,Card
ORC-20260602-0074,1,2026-06-02 12:09:18,Orchard Central,SOK-M-01,Men's Ankle Socks 3-Pack,Socks,Men,14.9,14.9,False,1,14.9,Cash
BUG-20260602-0115,2,2026-06-02 18:14:30,Bugis,UND-M-04,Men's Cotton Crew Neck Undershirt,Underwear,Men,14.9,14.9,False,1,14.9,Cash
ORC-20260602-1033,1,2026-06-02 19:34:42,Orchard Central,UND-W-03,Women's Cotton Blend Briefs,Underwear,Women,9.9,9.9,False,1,9.9,Card
ORC-20260602-0998,2,2026-06-02 19:48:03,Orchard Central,SOK-W-04,Women's Ribbed Crew Socks,Socks,Women,5.9,5.9,False,1,5.9,PayNow
ORC-20260602-0060,1,2026-06-02 19:30:22,Orchard Central,UND-W-03,Women's Cotton Blend Briefs,Underwear,Women,9.9,9.9,False,1,9.9,PayNow
PUN-20260602-0271,1,2026-06-02 17:52:03,Punggol,SOK-M-03,Men's Airism Low-Cut Socks,SOCKS,Men,5.9,5.9,False,1,5.9,Card
ORC-20260602-0644,1,2026-06-02 19:06:05,Orchard Central,SOK-M-02,Men's Pile Crew Socks,Socks,Men,5.9,5.9,False,1,5.9,PayNow
PUN-20260602-0669,1,2026-06-02 14:45:39,  Punggol  ,SOK-M-03,Men's Airism Low-Cut Socks,SOCKS,Men,5.9,5.9,False,1,5.9,Card
BUG-20260602-0481,1,2026-06-02 19:03:11,bugis,SOK-W-03,Women's Airism Low-Cut Socks,Socks,Women,5.9,5.9,False,1,5.9,PayNow
ORC-20260602-0312,1,2026-06-02 17:54:55,  Orchard Central  ,SOK-W-04,Women's Ribbed Crew Socks,Socks,Women,5.9,5.9,False,1,5.9,paynow
BUG-20260602-0510,1,2026-06-02 20:12:57,Bugis,UND-W-01,Women's Airism Bikini Shorts,Underwear,Women,9.9,9.9,False,1,9.9,PayNow
PUN-20260602-0433,1,2026-06-02 20:30:04,Punggol,TOP-W-01,Women's Airism Cotton Crew Neck T-Shirt,Tops,Women,14.9,14.9,False,1,14.9,NETS
PUN-20260602-0200,1,2026-06-02 18:41:38,Punggol,TOP-W-04,Women's Heattech Crew Neck Long Sleeve Tee,tops,Women,14.9,14.9,False,1,14.9,NETS
BUG-20260602-0286,1,2026-06-02 20:42:20,Bugis,SOK-W-04,Women's Ribbed Crew Socks,Socks,Women,5.9,5.9,False,2,11.8,card
PUN-20260602-0641,2,2026-06-02 16:29:29,Punggol,UND-M-03,Men's Airism Mesh Boxer Briefs,Underwear,Men,14.9,14.9,False,1,14.9,NETS
BUG-20260602-0168,2,2026-06-02 18:35:18,Bugis,UND-M-02,  Men's Cotton Blend Trunks  ,underwear,Men,14.9,14.9,False,1,14.9,PayNow
BUG-20260602-0438,2,2026-06-02 21:16:47,Bugis,BTM-W-03,Women's Ezy Ankle Pants,Bottoms,Women,29.9,29.9,False,1,29.9,card
ORC-20260602-0329,1,2026-06-02 19:53:12,Orchard Central,SOK-W-06,Women's Heattech Socks,Socks,Women,9.9,9.9,False,1,9.9,PayNow
BUG-20260602-0285,1,2026-06-02 21:12:16,BUGIS,SOK-M-04,  Men's Ribbed Crew Socks  ,Socks,Men,5.9,5.9,False,2,11.8,Card
ORC-20260602-0765,2,2026-06-02 20:30:51,Orchard Central,SOK-M-01,  Men's Ankle Socks 3-Pack  ,Socks,MEN,14.9,14.9,False,2,29.8,Card
PUN-20260602-0574,1,2026-06-02 18:07:55,Punggol,SOK-W-03,Women's Airism Low-Cut Socks,Socks,Women,5.9,5.9,False,1,5.9,PayNow
ORC-20260602-0821,2,2026-06-02 20:42:37,orchard central,SOK-M-09,Men's No-Show Sneaker Socks,Socks,Men,4.11,5.9,True,1,4.11,Paynow
ORC-20260602-0022,1,2026-06-02 19:49:25,Orchard Central,SOK-W-02,Women's Pile Crew Socks,Socks,Women,5.9,5.9,False,1,5.9,card
ORC-20260602-0936,2,2026-06-02 16:15:39,Orchard Central,TOP-W-04,  Women's Heattech Crew Neck Long Sleeve Tee  ,Tops,Women,14.9,14.9,False,1,14.9,Cash
ORC-20260602-0501,3,2026-06-02 13:44:55,Orchard Central,BTM-M-02,Men's Slim Fit Chino Trousers,Bottoms,Men,29.9,29.9,False,1,29.9,Card
PUN-20260602-0637,1,2026-06-02 22:10:23,  punggol  ,TOP-W-02,Women's Ribbed Long Sleeve Turtleneck,Tops,Women,19.9,19.9,False,1,$19.9,NETS
BUG-20260602-0497,3,2026-06-02 15:01:51,Bugis,SOK-W-02,Women's Pile Crew Socks,Socks,Women,5.9,5.9,False,1,$5.9,Nets
ORC-20260602-0938,3,2026-06-02 14:09:43,Orchard Central,SOK-W-01,Women's Ankle Socks 3-Pack,Socks,Women,14.9,14.9,False,1,14.9,Card
ORC-20260602-0300,2,2026-06-02 18:16:14,Orchard Central,UND-W-02,Women's Wireless Bra,Underwear,Women,29.9,29.9,False,1,29.9,NETS
BUG-20260602-0223,1,2026-06-02 17:53:40,Bugis,SOK-W-04,Women's Ribbed Crew Socks,Socks,Women,5.9,5.9,False,2,11.8,PayNow
BUG-20260602-0141,2,2026-06-02 19:08:20,BUGIS,BTM-M-03,Men's Selvedge Regular Fit Jeans,Bottoms,MEN,59.9,59.9,False,1,59.9,PayNow
BUG-20260602-0045,2,2026-06-02 18:14:23,Bugis,TOP-M-03,Men's Dry-EX Crew Neck T-Shirt,Tops,Men,19.9,19.9,False,1,19.9,PAYNOW
PUN-20260602-0306,1,2026-06-02 12:12:11,Punggol,SOK-W-01,  Women's Ankle Socks 3-Pack  ,Socks,Women,$14.9,14.9,False,2,29.8,PayNow
PUN-20260602-0486,2,2026-06-02 20:12:49,Punggol,SOK-M-04,Men's Ribbed Crew Socks,Socks,Men,5.9,5.9,False,1,5.9,Card
PUN-20260602-0565,1,2026-06-02 19:05:20,Punggol,UND-W-03,  Women's Cotton Blend Briefs  ,Underwear,WOMEN,9.9,9.9,False,1,9.9,NETS
PUN-20260602-0391,1,2026-06-02 19:44:17,punggol,UND-W-03,Women's Cotton Blend Briefs,UNDERWEAR,Women,9.9,9.9,False,1,9.9,cash
ORC-20260602-0315,1,2026-06-02 17:54:44,ORCHARD CENTRAL,SOK-M-09,Men's No-Show Sneaker Socks,Socks,Men,4.11,5.9,True,2,$8.22,NETS
PUN-20260602-0593,2,2026-06-02 14:50:24,Punggol,UND-W-01,Women's Airism Bikini Shorts,Underwear,Women,9.9,9.9,False,1,9.9,Card
ORC-20260602-0663,1,2026-06-02 20:48:55,Orchard Central,UND-M-04,Men's Cotton Crew Neck Undershirt,Underwear,Men,14.9,14.9,False,1,14.9,Card
PUN-20260602-0586,1,2026-06-02 21:35:21,  punggol  ,UND-W-03,Women's Cotton Blend Briefs,Underwear,Women,$9.9,9.9,False,1,9.9,PayNow
ORC-20260602-0898,1,2026-06-02 19:34:21,Orchard Central,TOP-W-04,Women's Heattech Crew Neck Long Sleeve Tee,TOPS,Women,14.9,14.9,False,1,14.9,PayNow
ORC-20260602-0235,2,2026-06-02 20:56:50,Orchard Central,SOK-M-09,Men's No-Show Sneaker Socks,Socks,Men,4.11,5.9,True,1,4.11,Card
ORC-20260602-0684,1,2026-06-02 17:55:29,Orchard Central,SOK-W-03,Women's Airism Low-Cut Socks,Socks,Women,5.9,5.9,False,2,11.8,Card
BUG-20260602-0420,2,2026-06-02 21:28:38,Bugis,SOK-W-03,Women's Airism Low-Cut Socks,Socks,women,5.9,5.9,False,1,5.9,Card
ORC-20260602-0547,3,2026-06-02 19:48:40,ORCHARD CENTRAL,TOP-M-02,Men's Supima Cotton Polo Shirt,Tops,Men,29.9,29.9,False,1,29.9,PayNow
BUG-20260602-0384,1,2026-06-02 17:15:00,Bugis,TOP-W-02,Women's Ribbed Long Sleeve Turtleneck,Tops,Women,19.9,19.9,False,1,19.9,cash
ORC-20260602-0704,1,2026-06-02 11:21:11,Orchard Central,SOK-M-10,Men's Wool Blend Socks,Socks,Men,9.9,9.9,False,2,19.8,Card
BUG-20260602-0144,2,2026-06-02 15:43:26,Bugis,TOP-W-04,Women's Heattech Crew Neck Long Sleeve Tee,tops,Women,14.9,14.9,False,1,14.9,Card
ORC-20260602-1071,1,2026-06-02 17:33:31,Orchard Central,SOK-M-09,Men's No-Show Sneaker Socks,Socks,Men,4.11,5.9,True,1,4.11,Card
BUG-20260602-0701,1,2026-06-02 20:17:07,  Bugis  ,UND-W-01,Women's Airism Bikini Shorts,Underwear,Women,9.9,9.9,False,1,9.9,PayNow
PUN-20260602-0536,2,2026-06-02 19:32:16,PUNGGOL,TOP-M-03,Men's Dry-EX Crew Neck T-Shirt,Tops,men,19.9,19.9,False,1,19.9,NETS
PUN-20260602-0475,2,2026-06-02 12:35:20,  Punggol  ,UND-M-03,Men's Airism Mesh Boxer Briefs,Underwear,Men,14.9,14.9,False,1,14.9,Cash
ORC-20260602-0800,1,2026-06-02 15:29:03,ORCHARD CENTRAL,UND-W-03,Women's Cotton Blend Briefs,Underwear,Women,9.9,9.9,False,1,9.9,PayNow
PUN-20260602-0161,2,2026-06-02 13:08:51,Punggol,UND-W-01,Women's Airism Bikini Shorts,Underwear,Women,9.9,9.9,False,1,9.9,PayNow
BUG-20260602-0262,1,2026-06-02 19:22:51,Bugis,SOK-M-04,Men's Ribbed Crew Socks,Socks,Men,5.9,5.9,False,2,11.8,PayNow
PUN-20260602-0548,1,2026-06-02 20:31:20,Punggol,SOK-W-04,Women's Ribbed Crew Socks,Socks,Women,5.9,5.9,False,1,5.9,PayNow
ORC-20260602-0428,3,2026-06-02 20:06:09,Orchard Central,UND-M-02,Men's Cotton Blend Trunks,Underwear,Men,14.9,14.9,False,1,14.9,PayNow
ORC-20260602-0820,1,2026-06-02 19:57:58,Orchard Central,UND-M-02,Men's Cotton Blend Trunks,Underwear,Men,14.9,14.9,False,2,29.8,Card
BUG-20260602-0119,1,2026-06-02 13:25:41,Bugis,UND-W-10,  Women's Wireless Bralette  ,Underwear,Women,29.9,29.9,False,1,29.9,Card
BUG-20260602-0668,1,2026-06-02 19:22:52,Bugis,SOK-W-02,Women's Pile Crew Socks,Socks,Women,5.9,5.9,False,1,$5.9,NETS
BUG-20260602-0284,1,2026-06-02 21:32:45,Bugis,BTM-W-04,Women's Denim Straight Jeans,BOTTOMS,Women,49.9,49.9,False,1,49.9,CARD
ORC-20260602-1004,1,2026-06-02 20:24:17,Orchard Central,SOK-M-02,  Men's Pile Crew Socks  ,socks,Men,5.9,5.9,False,1,5.9,Card
BUG-20260602-0809,1,2026-06-02 11:16:47,  Bugis  ,SOK-W-02,Women's Pile Crew Socks,Socks,Women,5.9,5.9,False,1,5.9,Card
ORC-20260602-0645,2,2026-06-02 22:52:06,  Orchard Central  ,TOP-M-03,  Men's Dry-EX Crew Neck T-Shirt  ,Tops,MEN,19.9,19.9,False,1,19.9,Card
ORC-20260602-0373,1,2026-06-02 20:48:58,Orchard Central,UND-W-01,Women's Airism Bikini Shorts,Underwear,Women,9.9,9.9,False,1,9.9,Card
ORC-20260602-0796,1,2026-06-02 17:48:02,Orchard Central,TOP-W-05,Women's Merino Blend Cardigan,Tops,Women,31.36,39.9,True,1,31.36,Cash
ORC-20260602-0077,1,2026-06-02 22:30:01,Orchard Central,UND-M-05,Men's Seamless Boxer Briefs,Underwear,Men,14.9,14.9,False,2,29.8,Card
BUG-20260602-0019,2,2026-06-02 20:22:49,Bugis,BTM-M-01,Men's Ezy Ankle Pants,Bottoms,Men,29.9,29.9,False,1,29.9,Card
ORC-20260602-0658,1,2026-06-02 11:14:06,Orchard Central,SOK-M-09,Men's No-Show Sneaker Socks,Socks,Men,4.11,5.9,True,1,4.11,Cash
BUG-20260602-0053,1,2026-06-02 18:59:20,  BUGIS  ,TOP-M-01,Men's Airism Cotton Crew Neck T-Shirt,Tops,MEN,14.9,14.9,False,1,14.9,card
BUG-20260602-0781,1,2026-06-02 18:45:39,Bugis,UND-W-03,Women's Cotton Blend Briefs,Underwear,Women,9.9,9.9,False,1,9.9,Card
PUN-20260602-0295,1,2026-06-02 16:03:17,Punggol,SOK-M-02,Men's Pile Crew Socks,Socks,Men,5.9,5.9,False,2,11.8,Card
ORC-20260602-0187,1,2026-06-02 19:57:13,  Orchard Central  ,SOK-M-05,Men's Sport Ankle Socks,Socks,Men,5.9,5.9,False,1,5.9,Card
ORC-20260602-0528,2,2026-06-02 12:07:48,Orchard Central,SOK-M-04,Men's Ribbed Crew Socks,Socks,Men,5.9,5.9,False,1,5.9,Card
PUN-20260602-0202,3,2026-06-02 16:26:35,Punggol,SOK-W-04,Women's Ribbed Crew Socks,Socks,Women,5.9,5.9,False,1,5.9,
ORC-20260602-0904,1,2026-06-02 19:50:43,Orchard Central,SOK-M-04,Men's Ribbed Crew Socks,Socks,Men,5.9,5.9,False,1,5.9,Card
ORC-20260602-0920,3,2026-06-02 18:18:48,Orchard Central,TOP-W-01,Women's Airism Cotton Crew Neck T-Shirt,Tops,Women,14.9,14.9,False,1,14.9,PayNow
BUG-20260602-0302,1,2026-06-02 11:37:55,  Bugis  ,SOK-W-02,Women's Pile Crew Socks,Socks,women,5.9,5.9,False,1,5.9,PayNow
PUN-20260602-0247,1,2026-06-02 21:34:43,Punggol,TOP-W-03,Women's Silky Satin Blouse,Tops,Women,39.9,39.9,False,1,39.9,NETS
PUN-20260602-0549,3,2026-06-02 22:02:15,Punggol,SOK-M-04,Men's Ribbed Crew Socks,Socks,Men,5.9,5.9,False,2,11.8,PAYNOW
BUG-20260602-0292,1,2026-06-02 18:35:03,Bugis,BTM-W-02,Women's High-Rise Wide Leg Pants,Bottoms,Women,39.9,39.9,False,1,39.9,PayNow
BUG-20260602-0402,1,2026-06-02 12:17:35,Bugis,UND-W-04,Women's Airism T-Shirt Bra,Underwear,Women,29.9,29.9,False,1,29.9,Card
PUN-20260602-0050,3,2026-06-02 15:21:35,Punggol,SOK-W-03,Women's Airism Low-Cut Socks,socks,Women,5.9,5.9,False,1,5.9,PayNow
BUG-20260602-0127,2,2026-06-02 14:50:04,Bugis,SOK-W-02,Women's Pile Crew Socks,Socks,Women,5.9,5.9,False,1,5.9,Card
ORC-20260602-0200,1,2026-06-02 15:06:24,Orchard Central,UND-W-09,Women's Cotton Boyshorts,Underwear,Women,9.9,9.9,False,1,9.9,Cash
BUG-20260602-0113,3,2026-06-02 12:40:57,Bugis,BTM-M-03,Men's Selvedge Regular Fit Jeans,bottoms,Men,59.9,59.9,False,1,59.9,NETS
ORC-20260602-0466,1,2026-06-02 21:46:10,Orchard Central,SOK-W-03,Women's Airism Low-Cut Socks,Socks,Women,5.9,5.9,False,2,11.8,NETS
BUG-20260602-0108,2,2026-06-02 20:59:25,Bugis,TOP-M-04,Men's Oxford Long Sleeve Shirt,tops,Men,29.9,29.9,False,1,29.9,Card
PUN-20260602-0299,1,2026-06-02 20:01:20,Punggol,SOK-W-03,Women's Airism Low-Cut Socks,Socks,Women,5.9,5.9,False,1,5.9,Cash
ORC-20260602-0755,1,2026-06-02 19:37:29,Orchard Central,SOK-W-03,Women's Airism Low-Cut Socks,Socks,Women,5.9,5.9,False,1,5.9,PayNow
BUG-20260602-0095,3,2026-06-02 21:19:54,Bugis,SOK-W-02,Women's Pile Crew Socks,Socks,Women,5.9,5.9,False,1,5.9,PayNow
ORC-20260602-0609,2,2026-06-02 21:57:35,Orchard Central,BTM-M-02,Men's Slim Fit Chino Trousers,Bottoms,Men,29.9,29.9,False,1,29.9,Card
BUG-20260602-0616,2,2026-06-02 22:37:11,Bugis,SOK-W-01,Women's Ankle Socks 3-Pack,SOCKS,Women,14.9,14.9,False,2,29.8,Card
PUN-20260602-0014,2,2026-06-02 21:28:18,Punggol,TOP-W-01,Women's Airism Cotton Crew Neck T-Shirt,Tops,Women,14.9,14.9,False,1,14.9,Card
PUN-20260602-0163,1,2026-06-02 19:03:55,Punggol,TOP-W-02,Women's Ribbed Long Sleeve Turtleneck,Tops,Women,19.9,19.9,False,1,19.9,CASH
PUN-20260602-0133,3,2026-06-02 13:48:45,Punggol,UND-M-04,Men's Cotton Crew Neck Undershirt,Underwear,MEN,14.9,14.9,False,1,14.9,Card
BUG-20260602-0399,1,2026-06-02 20:01:14,Bugis,UND-W-01,Women's Airism Bikini Shorts,Underwear,Women,9.9,9.9,False,1,9.9,Card
ORC-20260602-0821,1,2026-06-02 20:42:37,Orchard Central,SOK-W-02,Women's Pile Crew Socks,Socks,Women,5.9,5.9,False,1,5.9,PayNow
ORC-20260602-0629,1,2026-06-02 19:59:30,Orchard Central,SOK-W-04,Women's Ribbed Crew Socks,Socks,Women,5.9,5.9,False,1,5.9,Cash
BUG-20260602-0323,2,2026-06-02 18:47:03,Bugis,TOP-W-04,Women's Heattech Crew Neck Long Sleeve Tee,Tops,Women,14.9,14.9,False,1,14.9,PayNow
BUG-20260602-0114,1,2026-06-02 13:11:54,bugis,SOK-W-03,Women's Airism Low-Cut Socks,Socks,Women,5.9,5.9,False,1,5.9,Card
ORC-20260602-0611,1,2026-06-02 13:00:51,Orchard Central,BTM-W-04,Women's Denim Straight Jeans,Bottoms,Women,49.9,49.9,False,1,49.9,Card
ORC-20260602-0697,3,2026-06-02 17:16:41,Orchard Central,TOP-W-02,Women's Ribbed Long Sleeve Turtleneck,Tops,Women,19.9,19.9,False,1,19.9,Card
ORC-20260602-0066,1,2026-06-02 15:15:31,Orchard Central,BTM-M-03,Men's Selvedge Regular Fit Jeans,Bottoms,MEN,59.9,59.9,False,1,59.9,NETS
ORC-20260602-0060,3,2026-06-02 19:30:22,Orchard Central,SOK-M-04,Men's Ribbed Crew Socks,Socks,Men,5.9,5.9,False,1,5.9,PayNow
ORC-20260602-0692,2,2026-06-02 19:12:45,Orchard Central,TOP-M-02,Men's Supima Cotton Polo Shirt,Tops,Men,29.9,29.9,False,1,29.9,Card
PUN-20260602-0026,3,2026-06-02 11:59:43,Punggol,UND-M-03,Men's Airism Mesh Boxer Briefs,Underwear,Men,14.9,14.9,False,1,14.9,Card
BUG-20260602-0269,2,2026-06-02 21:34:42,Bugis,SOK-M-03,Men's Airism Low-Cut Socks,Socks,Men,5.9,5.9,False,1,5.9,NETS
PUN-20260602-0538,2,2026-06-02 12:58:01,Punggol,SOK-W-02,Women's Pile Crew Socks,Socks,women,5.9,5.9,False,1,5.9,Cash
PUN-20260602-0456,1,2026-06-02 16:56:01,Punggol,TOP-M-04,Men's Oxford Long Sleeve Shirt,Tops,Men,29.9,29.9,False,1,29.9,Cash
BUG-20260602-0772,3,2026-06-02 20:42:45,Bugis,UND-W-03,Women's Cotton Blend Briefs,Underwear,Women,9.9,9.9,False,1,9.9,PayNow
ORC-20260602-1061,1,2026-06-02 17:39:45,Orchard Central,UND-M-04,Men's Cotton Crew Neck Undershirt,Underwear,Men,14.9,14.9,False,1,14.9,Card
PUN-20260602-0324,3,2026-06-02 15:40:29,Punggol,UND-W-03,Women's Cotton Blend Briefs,Underwear,Women,9.9,9.9,False,1,9.9,Card
PUN-20260602-0287,1,2026-06-02 19:09:18,Punggol,SOK-M-03,Men's Airism Low-Cut Socks,Socks,MEN,5.9,5.9,False,1,5.9,Card
PUN-20260602-0238,3,2026-06-02 14:43:28,punggol,SOK-W-04,Women's Ribbed Crew Socks,Socks,Women,5.9,5.9,False,1,5.9,NETS
ORC-20260602-0523,3,2026-06-02 20:04:39,Orchard Central,BTM-W-01,  Women's Ultra Stretch Skinny Jeans  ,Bottoms,women,39.9,39.9,False,1,39.9,Card
BUG-20260602-0557,2,2026-06-02 21:34:19,Bugis,SOK-M-03,Men's Airism Low-Cut Socks,Socks,Men,5.9,5.9,False,1,5.9,nets
PUN-20260602-0259,2,2026-06-02 19:19:13,punggol,TOP-M-01,Men's Airism Cotton Crew Neck T-Shirt,Tops,Men,14.9,14.9,False,1,14.9,Card
BUG-20260602-0030,1,2026-06-02 16:30:03,Bugis,UND-W-03,Women's Cotton Blend Briefs,Underwear,WOMEN,9.9,9.9,False,1,9.9,Card
ORC-20260602-0483,2,2026-06-02 13:28:07,ORCHARD CENTRAL,BTM-M-03,  Men's Selvedge Regular Fit Jeans  ,Bottoms,Men,59.9,59.9,False,1,59.9,CARD
PUN-20260602-0621,2,2026-06-02 16:38:51,punggol,UND-M-04,Men's Cotton Crew Neck Undershirt,Underwear,Men,14.9,14.9,False,1,14.9,NETS
BUG-20260602-0133,1,2026-06-02 20:51:54,Bugis,UND-M-01,Men's Airism Boxer Briefs,Underwear,Men,14.9,14.9,False,2,29.8,Card
ORC-20260602-0346,1,2026-06-02 20:09:40,Orchard Central,SOK-M-07,Men's Striped Crew Socks,Socks,Men,5.9,5.9,False,1,5.9,Cash
BUG-20260602-0280,2,2026-06-02 20:03:20,BUGIS,SOK-W-02,Women's Pile Crew Socks,Socks,WOMEN,$5.9,5.9,False,1,5.9,NETS
BUG-20260602-0550,3,2026-06-02 15:05:51,bugis,SOK-M-02,Men's Pile Crew Socks,Socks,Men,5.9,5.9,False,2,11.8,Card
ORC-20260602-0070,1,2026-06-02 21:01:05,Orchard Central,UND-W-01,Women's Airism Bikini Shorts,Underwear,WOMEN,9.9,9.9,False,1,9.9,Card
BUG-20260602-0544,2,2026-06-02 20:35:52,Bugis,SOK-M-02,Men's Pile Crew Socks,Socks,Men,5.9,5.9,False,1,5.9,Card
ORC-20260602-0573,1,2026-06-02 15:13:04,Orchard Central,SOK-M-03,Men's Airism Low-Cut Socks,Socks,Men,5.9,5.9,False,1,5.9,Cash
ORC-20260602-0764,1,2026-06-02 20:20:16,Orchard Central,SOK-M-08,  Men's Cotton Blend Dress Socks  ,Socks,Men,9.9,9.9,False,1,9.9,PayNow
ORC-20260602-0325,2,2026-06-02 21:39:44,Orchard Central,SOK-M-06,Men's Heattech Socks,Socks,Men,9.9,9.9,False,1,9.9,Card
PUN-20260602-0399,3,2026-06-02 20:32:07,Punggol,SOK-W-04,Women's Ribbed Crew Socks,socks,Women,5.9,5.9,False,1,5.9,Card
ORC-20260602-0604,2,2026-06-02 18:18:18,Orchard Central,UND-M-02,Men's Cotton Blend Trunks,Underwear,Men,14.9,14.9,False,2,$29.8,NETS
BUG-20260602-0374,1,2026-06-02 18:36:43,Bugis,TOP-W-01,Women's Airism Cotton Crew Neck T-Shirt,Tops,women,14.9,14.9,False,1,14.9,Card
ORC-20260602-0264,1,2026-06-02 12:12:36,Orchard Central,TOP-M-02,Men's Supima Cotton Polo Shirt,Tops,Men,29.9,29.9,False,1,29.9,Card
ORC-20260602-0992,1,2026-06-02 20:38:03,orchard central,SOK-W-01,Women's Ankle Socks 3-Pack,Socks,Women,14.9,14.9,False,1,14.9,PayNow
BUG-20260602-0001,2,2026-06-02 13:02:20,Bugis,SOK-W-04,Women's Ribbed Crew Socks,Socks,Women,5.9,5.9,False,2,11.8,Card
ORC-20260602-0234,3,2026-06-02 19:10:20,Orchard Central,TOP-W-02,Women's Ribbed Long Sleeve Turtleneck,Tops,Women,19.9,19.9,False,1,19.9,NETS
PUN-20260602-0274,1,2026-06-02 21:31:10,Punggol,UND-W-03,Women's Cotton Blend Briefs,Underwear,Women,9.9,9.9,False,1,9.9,Card
ORC-20260602-1116,1,2026-06-02 11:40:32,Orchard Central,UND-W-03,Women's Cotton Blend Briefs,Underwear,Women,9.9,9.9,False,1,9.9,Card
PUN-20260602-0398,3,2026-06-02 22:11:01,Punggol,UND-M-01,Men's Airism Boxer Briefs,underwear,Men,14.9,14.9,False,1,14.9,PayNow
PUN-20260602-0366,1,2026-06-02 21:35:09,Punggol,UND-W-01,Women's Airism Bikini Shorts,UNDERWEAR,Women,9.9,9.9,False,1,9.9,Cash
BUG-20260602-0293,1,2026-06-02 19:25:42,Bugis,TOP-W-02,Women's Ribbed Long Sleeve Turtleneck,Tops,Women,19.9,19.9,False,1,19.9,Card
PUN-20260602-0040,1,2026-06-02 15:39:15,Punggol,SOK-W-03,Women's Airism Low-Cut Socks,Socks,Women,5.9,5.9,False,1,5.9,Card
ORC-20260602-0363,2,2026-06-02 20:52:55,  Orchard Central  ,SOK-W-02,Women's Pile Crew Socks,socks,Women,5.9,5.9,False,1,5.9,NETS
ORC-20260602-1066,2,2026-06-02 22:47:48,Orchard Central,UND-W-06,Women's Lace Trim Briefs,underwear,Women,9.9,9.9,False,1,9.9,
BUG-20260602-0660,3,2026-06-02 12:06:17,Bugis,SOK-W-02,Women's Pile Crew Socks,Socks,Women,5.9,5.9,False,1,5.9,card
PUN-20260602-0213,2,2026-06-02 19:11:43,Punggol,UND-M-10,Men's Cotton Blend Briefs,Underwear,Men,9.9,9.9,False,1,9.9,Card
BUG-20260602-0252,2,2026-06-02 15:42:16,Bugis,UND-W-02,Women's Wireless Bra,Underwear,Women,29.9,29.9,False,1,29.9,Cash
PUN-20260602-0391,2,2026-06-02 19:44:17,  Punggol  ,SOK-M-02,Men's Pile Crew Socks,Socks,Men,5.9,5.9,False,1,5.9,
ORC-20260602-0696,1,2026-06-02 12:59:03,orchard central,UND-W-03,Women's Cotton Blend Briefs,Underwear,Women,9.9,9.9,False,1,9.9,PayNow
BUG-20260602-0456,3,2026-06-02 21:10:15,Bugis,SOK-W-04,Women's Ribbed Crew Socks,Socks,Women,5.9,5.9,False,2,11.8,PayNow
ORC-20260602-1091,1,2026-06-02 20:44:41,orchard central,TOP-M-09,Men's Flannel Checked Long Sleeve Shirt,Tops,Men,29.9,29.9,False,1,29.9,Card
ORC-20260602-0251,1,2026-06-02 20:19:06,  Orchard Central  ,TOP-W-03,Women's Silky Satin Blouse,Tops,Women,39.9,39.9,False,1,39.9,Card
ORC-20260602-0878,1,2026-06-02 16:43:55,Orchard Central,TOP-M-01,Men's Airism Cotton Crew Neck T-Shirt,Tops,Men,14.9,14.9,False,1,14.9,PayNow
ORC-20260602-0621,2,2026-06-02 20:08:04,Orchard Central,UND-W-01,Women's Airism Bikini Shorts,Underwear,Women,9.9,9.9,False,1,9.9,NETS
BUG-20260602-0308,2,2026-06-02 13:22:08,Bugis,SOK-W-02,Women's Pile Crew Socks,Socks,women,5.9,5.9,False,1,5.9,Card
ORC-20260602-0071,2,2026-06-02 18:46:00,orchard central,SOK-W-02,Women's Pile Crew Socks,Socks,Women,5.9,5.9,False,1,5.9,Card
BUG-20260602-0571,1,2026-06-02 21:05:20,Bugis,SOK-W-04,Women's Ribbed Crew Socks,Socks,WOMEN,5.9,5.9,False,1,5.9,Card
ORC-20260602-0443,1,2026-06-02 20:50:48,Orchard Central,UND-M-06,Men's Airism Sleeveless Undershirt,Underwear,MEN,9.9,9.9,False,1,9.9,Card
ORC-20260602-1054,2,2026-06-02 19:45:53,Orchard Central,SOK-W-04,Women's Ribbed Crew Socks,Socks,Women,5.9,5.9,False,1,5.9,Card
ORC-20260602-0430,2,2026-06-02 20:05:49,orchard central,UND-W-04,Women's Airism T-Shirt Bra,Underwear,Women,29.9,29.9,False,1,29.9,Card
ORC-20260602-1056,2,2026-06-02 15:55:15,Orchard Central,TOP-W-01,Women's Airism Cotton Crew Neck T-Shirt,Tops,WOMEN,14.9,14.9,False,1,14.9,Card
BUG-20260602-0357,3,2026-06-02 17:17:29,Bugis,SOK-M-02,Men's Pile Crew Socks,Socks,Men,5.9,5.9,False,1,5.9,Card
ORC-20260602-0212,2,2026-06-02 20:19:03,Orchard Central,SOK-W-04,Women's Ribbed Crew Socks,socks,Women,5.9,5.9,False,1,5.9,card
BUG-20260602-0531,1,2026-06-02 21:35:20,Bugis,BTM-W-04,Women's Denim Straight Jeans,Bottoms,Women,49.9,49.9,False,1,49.9,Card
PUN-20260602-0458,2,2026-06-02 19:35:57,punggol,SOK-M-03,  Men's Airism Low-Cut Socks  ,Socks,Men,5.9,5.9,False,1,5.9,Card
ORC-20260602-0998,3,2026-06-02 19:48:03,Orchard Central,SOK-M-02,Men's Pile Crew Socks,Socks,Men,5.9,5.9,False,1,5.9,PayNow
PUN-20260602-0149,1,2026-06-02 21:28:23,PUNGGOL,UND-W-03,  Women's Cotton Blend Briefs  ,Underwear,Women,9.9,9.9,False,1,9.9,Card
PUN-20260602-0209,3,2026-06-02 21:33:17,  Punggol  ,SOK-M-01,Men's Ankle Socks 3-Pack,Socks,men,14.9,14.9,False,1,14.9,
ORC-20260602-0335,1,2026-06-02 22:47:03,  Orchard Central  ,UND-M-01,Men's Airism Boxer Briefs,Underwear,MEN,14.9,14.9,False,2,29.8,PayNow
ORC-20260602-0389,2,2026-06-02 20:57:02,Orchard Central,SOK-M-09,Men's No-Show Sneaker Socks,Socks,Men,4.11,5.9,True,1,4.11,NETS
PUN-20260602-0388,2,2026-06-02 18:01:31,Punggol,SOK-W-02,Women's Pile Crew Socks,Socks,Women,5.9,5.9,False,2,11.8,PayNow
ORC-20260602-0358,2,2026-06-02 12:18:53,  Orchard Central  ,SOK-M-09,Men's No-Show Sneaker Socks,Socks,men,4.11,5.9,True,1,4.11,Card
ORC-20260602-0048,1,2026-06-02 21:50:49,Orchard Central,SOK-M-03,Men's Airism Low-Cut Socks,Socks,Men,5.9,5.9,False,1,5.9,Card
PUN-20260602-0106,2,2026-06-02 19:36:24,Punggol,SOK-W-03,Women's Airism Low-Cut Socks,Socks,Women,5.9,5.9,False,1,$5.9,Card
PUN-20260602-0527,1,2026-06-02 19:03:02,Punggol,SOK-W-06,Women's Heattech Socks,Socks,Women,9.9,9.9,False,1,9.9,Cash
PUN-20260602-0094,2,2026-06-02 15:12:01,Punggol,TOP-W-01,Women's Airism Cotton Crew Neck T-Shirt,Tops,Women,14.9,14.9,False,1,14.9,CARD
BUG-20260602-0197,2,2026-06-02 17:03:52,Bugis,SOK-M-02,Men's Pile Crew Socks,Socks,Men,5.9,5.9,False,1,5.9,Paynow
PUN-20260602-0182,2,2026-06-02 19:26:05,punggol,SOK-W-04,Women's Ribbed Crew Socks,Socks,Women,5.9,5.9,False,1,5.9,PayNow
BUG-20260602-0172,1,2026-06-02 18:13:06,bugis,UND-W-03,Women's Cotton Blend Briefs,Underwear,Women,9.9,9.9,False,1,9.9,PAYNOW
PUN-20260602-0508,2,2026-06-02 20:51:40,Punggol,SOK-W-06,Women's Heattech Socks,Socks,Women,9.9,9.9,False,1,9.9,paynow
PUN-20260602-0027,2,2026-06-02 20:19:28,Punggol,UND-W-03,Women's Cotton Blend Briefs,Underwear,Women,9.9,9.9,False,1,9.9,Card
ORC-20260602-0950,2,2026-06-02 21:12:04,ORCHARD CENTRAL,TOP-M-04,Men's Oxford Long Sleeve Shirt,Tops,men,29.9,29.9,False,1,29.9,Cash
ORC-20260602-0416,3,2026-06-02 21:25:33,  Orchard Central  ,SOK-W-02,Women's Pile Crew Socks,Socks,Women,5.9,5.9,False,1,5.9,Card
PUN-20260602-0679,3,2026-06-02 12:22:57,Punggol,SOK-W-06,Women's Heattech Socks,Socks,Women,9.9,9.9,False,1,$9.9,Card
ORC-20260602-0913,1,2026-06-02 20:31:46,Orchard Central,SOK-W-02,  Women's Pile Crew Socks  ,SOCKS,Women,5.9,5.9,False,2,11.8,cash
ORC-20260602-0966,2,2026-06-02 21:19:12,Orchard Central,SOK-M-10,Men's Wool Blend Socks,Socks,Men,9.9,9.9,False,1,9.9,Paynow
ORC-20260602-0389,3,2026-06-02 20:57:02,Orchard Central,UND-W-01,Women's Airism Bikini Shorts,Underwear,Women,9.9,9.9,False,2,19.8,NETS
ORC-20260602-0994,1,2026-06-02 17:52:40,Orchard Central,SOK-W-02,Women's Pile Crew Socks,Socks,Women,5.9,5.9,False,2,11.8,Card
ORC-20260602-0386,2,2026-06-02 15:27:54,  Orchard Central  ,SOK-W-04,Women's Ribbed Crew Socks,Socks,WOMEN,5.9,5.9,False,1,5.9,paynow
PUN-20260602-0424,3,2026-06-02 17:05:39,Punggol,SOK-M-02,Men's Pile Crew Socks,Socks,Men,5.9,5.9,False,1,5.9,NETS
PUN-20260602-0054,2,2026-06-02 21:57:55,Punggol,UND-M-04,Men's Cotton Crew Neck Undershirt,Underwear,Men,14.9,14.9,False,1,14.9,Card
ORC-20260602-0582,1,2026-06-02 17:35:52,Orchard Central,SOK-W-03,Women's Airism Low-Cut Socks,socks,Women,5.9,5.9,False,1,5.9,paynow
BUG-20260602-0537,1,2026-06-02 12:20:29,Bugis,UND-W-03,Women's Cotton Blend Briefs,Underwear,Women,9.9,9.9,False,1,9.9,PayNow
ORC-20260602-0271,2,2026-06-02 19:01:03,Orchard Central,UND-W-01,Women's Airism Bikini Shorts,Underwear,WOMEN,9.9,9.9,False,1,9.9,Card
PUN-20260602-0300,1,2026-06-02 20:25:50,Punggol,SOK-M-04,Men's Ribbed Crew Socks,Socks,Men,5.9,5.9,False,1,5.9,card
ORC-20260602-0478,3,2026-06-02 18:40:36,Orchard Central,UND-W-03,Women's Cotton Blend Briefs,Underwear,Women,9.9,9.9,False,1,9.9,Card
ORC-20260602-1065,3,2026-06-02 20:04:31,ORCHARD CENTRAL,SOK-M-10,Men's Wool Blend Socks,Socks,Men,9.9,9.9,False,1,9.9,card
BUG-20260602-0603,2,2026-06-02 20:59:15,Bugis,TOP-M-01,Men's Airism Cotton Crew Neck T-Shirt,Tops,Men,14.9,14.9,False,1,14.9,PayNow
PUN-20260602-0365,1,2026-06-02 16:14:52,Punggol,SOK-M-04,Men's Ribbed Crew Socks,Socks,men,5.9,5.9,False,1,5.9,Card
ORC-20260602-0779,1,2026-06-02 21:38:52,  Orchard Central  ,SOK-W-04,Women's Ribbed Crew Socks,Socks,women,5.9,5.9,False,1,5.9,
ORC-20260602-0765,3,2026-06-02 20:30:51,Orchard Central,SOK-W-10,Women's Wool Blend Socks,Socks,Women,9.9,9.9,False,1,9.9,Card
ORC-20260602-0391,1,2026-06-02 21:36:02,  Orchard Central  ,TOP-W-04,Women's Heattech Crew Neck Long Sleeve Tee,Tops,Women,14.9,14.9,False,1,14.9,PayNow
BUG-20260602-0188,3,2026-06-02 17:59:56,Bugis,TOP-W-03,Women's Silky Satin Blouse,Tops,women,39.9,39.9,False,1,39.9,PayNow
ORC-20260602-0579,3,2026-06-02 18:18:59,Orchard Central,BTM-M-01,Men's Ezy Ankle Pants,bottoms,men,29.9,29.9,False,1,29.9,Nets
PUN-20260602-0317,1,2026-06-02 17:29:12,Punggol,UND-W-02,Women's Wireless Bra,Underwear,Women,29.9,29.9,False,1,29.9,
PUN-20260602-0664,1,2026-06-02 19:42:13,punggol,UND-M-03,Men's Airism Mesh Boxer Briefs,Underwear,Men,14.9,14.9,False,1,14.9,
PUN-20260602-0395,2,2026-06-02 19:55:35,Punggol,UND-M-04,Men's Cotton Crew Neck Undershirt,Underwear,Men,14.9,14.9,False,1,14.9,Card
BUG-20260602-0757,1,2026-06-02 14:43:09,Bugis,SOK-W-02,Women's Pile Crew Socks,Socks,Women,5.9,5.9,False,1,5.9,Card
PUN-20260602-0027,1,2026-06-02 20:19:28,Punggol,SOK-M-02,Men's Pile Crew Socks,socks,Men,5.9,5.9,False,1,5.9,Card
PUN-20260602-0617,1,2026-06-02 12:27:56,Punggol,SOK-W-02,Women's Pile Crew Socks,Socks,Women,5.9,5.9,False,1,5.9,CARD
ORC-20260602-0343,2,2026-06-02 18:57:12,Orchard Central,BTM-W-02,Women's High-Rise Wide Leg Pants,bottoms,Women,39.9,39.9,False,1,39.9,Cash
PUN-20260602-0538,1,2026-06-02 12:58:01,PUNGGOL,TOP-M-03,Men's Dry-EX Crew Neck T-Shirt,TOPS,Men,19.9,19.9,False,1,19.9,Cash
BUG-20260602-0419,1,2026-06-02 21:42:17,Bugis,SOK-M-03,Men's Airism Low-Cut Socks,SOCKS,Men,$5.9,5.9,False,1,5.9,Card
BUG-20260602-0035,3,2026-06-02 18:20:14,Bugis,SOK-W-03,Women's Airism Low-Cut Socks,Socks,Women,5.9,5.9,False,2,11.8,nets
ORC-20260602-0527,2,2026-06-02 13:41:21,Orchard Central,UND-M-03,Men's Airism Mesh Boxer Briefs,Underwear,Men,14.9,14.9,False,1,14.9,CASH
BUG-20260602-0343,2,2026-06-02 11:54:04,Bugis,SOK-W-10,Women's Wool Blend Socks,Socks,Women,9.9,9.9,False,1,9.9,Card
PUN-20260602-0010,1,2026-06-02 20:39:27,Punggol,SOK-W-01,Women's Ankle Socks 3-Pack,Socks,Women,14.9,14.9,False,1,14.9,NETS
ORC-20260602-0147,2,2026-06-02 19:14:49,Orchard Central,SOK-W-01,Women's Ankle Socks 3-Pack,Socks,Women,14.9,14.9,False,1,14.9,Nets
BUG-20260602-0531,3,2026-06-02 21:35:20,Bugis,SOK-W-04,Women's Ribbed Crew Socks,Socks,Women,5.9,5.9,False,1,5.9,CARD
ORC-20260602-0097,1,2026-06-02 19:12:53,Orchard Central,SOK-M-01,Men's Ankle Socks 3-Pack,Socks,Men,14.9,14.9,False,1,14.9,Card
ORC-20260602-0977,3,2026-06-02 15:31:30,Orchard Central,SOK-M-04,Men's Ribbed Crew Socks,Socks,Men,5.9,5.9,False,1,5.9,
BUG-20260602-0205,2,2026-06-02 16:38:11,Bugis,SOK-M-01,Men's Ankle Socks 3-Pack,Socks,Men,14.9,14.9,False,2,29.8,PayNow
BUG-20260602-0226,3,2026-06-02 17:33:05,Bugis,UND-W-04,Women's Airism T-Shirt Bra,Underwear,Women,29.9,29.9,False,2,59.8,NETS
ORC-20260602-0387,2,2026-06-02 12:25:15,Orchard Central,SOK-M-03,Men's Airism Low-Cut Socks,socks,Men,5.9,5.9,False,1,5.9,Card
ORC-20260602-0567,1,2026-06-02 17:17:00,Orchard Central,SOK-W-04,Women's Ribbed Crew Socks,Socks,Women,5.9,5.9,False,1,5.9,Card
BUG-20260602-0439,1,2026-06-02 13:52:21,Bugis,TOP-W-03,Women's Silky Satin Blouse,Tops,Women,39.9,39.9,False,1,39.9,Card
ORC-20260602-0401,3,2026-06-02 18:09:15,Orchard Central,SOK-M-07,Men's Striped Crew Socks,Socks,Men,5.9,5.9,False,1,5.9,Card
ORC-20260602-0849,1,2026-06-02 19:25:19,  Orchard Central  ,TOP-M-03,Men's Dry-EX Crew Neck T-Shirt,Tops,Men,19.9,19.9,False,1,19.9,PayNow
PUN-20260602-0672,2,2026-06-02 21:41:15,Punggol,SOK-M-02,Men's Pile Crew Socks,SOCKS,MEN,5.9,5.9,False,1,5.9,PayNow
ORC-20260602-0545,2,2026-06-02 14:35:38,Orchard Central,SOK-W-06,Women's Heattech Socks,Socks,Women,9.9,9.9,False,1,9.9,Cash
ORC-20260602-0604,1,2026-06-02 18:18:18,  Orchard Central  ,UND-M-02,Men's Cotton Blend Trunks,Underwear,Men,14.9,14.9,False,1,14.9,NETS
ORC-20260602-0161,3,2026-06-02 15:59:28,Orchard Central,SOK-M-10,Men's Wool Blend Socks,SOCKS,Men,9.9,9.9,False,1,9.9,Card
ORC-20260602-0822,1,2026-06-02 19:40:22,Orchard Central,UND-W-01,Women's Airism Bikini Shorts,Underwear,Women,9.9,9.9,False,1,9.9,NETS
PUN-20260602-0024,1,2026-06-02 20:52:39,punggol,SOK-M-03,Men's Airism Low-Cut Socks,Socks,Men,5.9,5.9,False,1,5.9,Card
ORC-20260602-0029,3,2026-06-02 22:54:19,Orchard Central,SOK-M-01,Men's Ankle Socks 3-Pack,Socks,MEN,14.9,14.9,False,2,29.8,PayNow
ORC-20260602-0290,2,2026-06-02 18:59:05,Orchard Central,SOK-M-03,Men's Airism Low-Cut Socks,SOCKS,Men,5.9,5.9,False,1,5.9,Cash
ORC-20260602-0194,1,2026-06-02 19:54:22,Orchard Central,SOK-W-03,Women's Airism Low-Cut Socks,Socks,Women,5.9,5.9,False,1,5.9,Card
ORC-20260602-0585,1,2026-06-02 17:26:20,Orchard Central,UND-W-03,Women's Cotton Blend Briefs,UNDERWEAR,Women,9.9,9.9,False,1,9.9,Cash
ORC-20260602-0833,2,2026-06-02 14:19:53,Orchard Central,UND-W-02,Women's Wireless Bra,Underwear,Women,29.9,29.9,False,1,29.9,Card
PUN-20260602-0631,1,2026-06-02 18:22:52,Punggol,TOP-W-01,Women's Airism Cotton Crew Neck T-Shirt,Tops,Women,14.9,14.9,False,1,14.9,PayNow
BUG-20260602-0265,1,2026-06-02 21:32:18,Bugis,SOK-W-02,Women's Pile Crew Socks,Socks,WOMEN,5.9,5.9,False,1,5.9,Card
ORC-20260602-1107,1,2026-06-02 12:55:57,Orchard Central,SOK-M-02,Men's Pile Crew Socks,Socks,Men,5.9,5.9,False,2,11.8,PayNow
BUG-20260602-0050,2,2026-06-02 21:29:46,Bugis,UND-W-03,  Women's Cotton Blend Briefs  ,UNDERWEAR,Women,9.9,9.9,False,1,9.9,PayNow
ORC-20260602-0575,1,2026-06-02 19:24:44,ORCHARD CENTRAL,SOK-W-01,Women's Ankle Socks 3-Pack,Socks,Women,14.9,14.9,False,1,14.9,Card
PUN-20260602-0161,1,2026-06-02 13:08:51,Punggol,BTM-W-01,  Women's Ultra Stretch Skinny Jeans  ,Bottoms,Women,39.9,39.9,False,1,39.9,PayNow
BUG-20260602-0803,1,2026-06-02 21:50:02,Bugis,UND-W-03,Women's Cotton Blend Briefs,Underwear,Women,9.9,9.9,False,1,9.9,NETS
PUN-20260602-0626,1,2026-06-02 20:33:12,Punggol,UND-W-04,Women's Airism T-Shirt Bra,Underwear,Women,29.9,29.9,False,1,29.9,PayNow
ORC-20260602-0003,2,2026-06-02 13:07:28,Orchard Central,SOK-M-04,Men's Ribbed Crew Socks,Socks,Men,5.9,5.9,False,1,5.9,Nets
ORC-20260602-0379,1,2026-06-02 20:39:51,Orchard Central,UND-W-01,Women's Airism Bikini Shorts,Underwear,Women,9.9,9.9,False,1,9.9,CARD
BUG-20260602-0299,1,2026-06-02 13:11:34,Bugis,TOP-M-03,Men's Dry-EX Crew Neck T-Shirt,Tops,Men,19.9,19.9,False,1,19.9,PayNow
BUG-20260602-0031,1,2026-06-02 20:17:07,Bugis,TOP-W-04,  Women's Heattech Crew Neck Long Sleeve Tee  ,Tops,Women,14.9,14.9,False,1,14.9,CARD
BUG-20260602-0270,2,2026-06-02 19:35:59,Bugis,TOP-W-04,Women's Heattech Crew Neck Long Sleeve Tee,Tops,women,14.9,14.9,False,1,14.9,PayNow
ORC-20260602-0739,1,2026-06-02 17:10:56,ORCHARD CENTRAL,TOP-M-05,Men's Heattech Crew Neck Long Sleeve Tee,Tops,Men,11.62,14.9,True,1,11.62,Card
BUG-20260602-0695,2,2026-06-02 11:05:29,Bugis,BTM-M-03,Men's Selvedge Regular Fit Jeans,Bottoms,MEN,$59.9,59.9,False,1,59.9,Card
ORC-20260602-0433,2,2026-06-02 20:10:12,Orchard Central,SOK-M-03,Men's Airism Low-Cut Socks,Socks,Men,5.9,5.9,False,1,5.9,Card
ORC-20260602-1047,1,2026-06-02 13:42:19,  Orchard Central  ,TOP-W-01,Women's Airism Cotton Crew Neck T-Shirt,Tops,Women,14.9,14.9,False,1,14.9,PayNow
ORC-20260602-0812,2,2026-06-02 20:00:23,Orchard Central,UND-M-03,Men's Airism Mesh Boxer Briefs,Underwear,Men,14.9,14.9,False,1,14.9,nets
PUN-20260602-0378,1,2026-06-02 19:24:24,Punggol,SOK-W-04,Women's Ribbed Crew Socks,Socks,Women,5.9,5.9,False,1,5.9,Card
BUG-20260602-0744,1,2026-06-02 20:50:54,Bugis,UND-M-02,Men's Cotton Blend Trunks,Underwear,Men,14.9,14.9,False,1,14.9,Cash
BUG-20260602-0730,1,2026-06-02 16:35:28,Bugis,SOK-W-10,Women's Wool Blend Socks,Socks,Women,9.9,9.9,False,1,9.9,Card
ORC-20260602-0730,1,2026-06-02 21:38:36,Orchard Central,UND-M-03,Men's Airism Mesh Boxer Briefs,Underwear,Men,14.9,14.9,False,1,14.9,Card
ORC-20260602-0174,1,2026-06-02 18:34:24,Orchard Central,SOK-M-06,Men's Heattech Socks,Socks,Men,9.9,9.9,False,1,9.9,
ORC-20260602-0953,2,2026-06-02 13:35:54,Orchard Central,UND-W-09,Women's Cotton Boyshorts,Underwear,Women,9.9,9.9,False,1,9.9,PayNow
ORC-20260602-0147,3,2026-06-02 19:14:49,Orchard Central,UND-M-08,Men's Airism V-Neck Undershirt,Underwear,Men,9.9,9.9,False,1,9.9,NETS
ORC-20260602-0008,1,2026-06-02 12:03:46,  Orchard Central  ,SOK-W-03,Women's Airism Low-Cut Socks,Socks,Women,5.9,5.9,False,2,11.8,PayNow
ORC-20260602-0318,2,2026-06-02 19:19:01,Orchard Central,TOP-W-04,Women's Heattech Crew Neck Long Sleeve Tee,Tops,Women,14.9,14.9,False,1,$14.9,nets
ORC-20260602-0945,2,2026-06-02 16:43:26,Orchard Central,UND-W-03,Women's Cotton Blend Briefs,Underwear,Women,9.9,9.9,False,1,9.9,Card
BUG-20260602-0132,2,2026-06-02 21:44:34,Bugis,SOK-M-04,Men's Ribbed Crew Socks,Socks,Men,5.9,5.9,False,1,5.9,Card
ORC-20260602-0721,2,2026-06-02 20:01:37,Orchard Central,BTM-W-04,Women's Denim Straight Jeans,bottoms,WOMEN,49.9,49.9,False,1,49.9,PayNow
ORC-20260602-1093,1,2026-06-02 20:15:04,orchard central,SOK-M-03,Men's Airism Low-Cut Socks,Socks,Men,5.9,5.9,False,1,5.9,PayNow
BUG-20260602-0561,1,2026-06-02 21:02:28,Bugis,UND-W-03,Women's Cotton Blend Briefs,Underwear,Women,9.9,9.9,False,1,9.9,CARD
ORC-20260602-0834,2,2026-06-02 20:57:11,Orchard Central,SOK-M-09,Men's No-Show Sneaker Socks,Socks,Men,4.11,5.9,True,1,4.11,Card
ORC-20260602-1002,2,2026-06-02 22:55:41,Orchard Central,SOK-M-03,Men's Airism Low-Cut Socks,Socks,Men,5.9,5.9,False,1,5.9,Card
ORC-20260602-0947,1,2026-06-02 18:15:51,Orchard Central,SOK-W-10,Women's Wool Blend Socks,Socks,Women,9.9,9.9,False,1,9.9,Card
PUN-20260602-0124,1,2026-06-02 17:03:59,Punggol,SOK-W-02,Women's Pile Crew Socks,socks,Women,5.9,5.9,False,1,5.9,Cash
PUN-20260602-0174,1,2026-06-02 20:46:32,Punggol,TOP-W-03,Women's Silky Satin Blouse,Tops,Women,39.9,39.9,False,1,39.9,Card
ORC-20260602-0319,3,2026-06-02 15:01:30,Orchard Central,SOK-W-04,  Women's Ribbed Crew Socks  ,Socks,Women,5.9,5.9,False,1,5.9,Card
ORC-20260602-0471,2,2026-06-02 17:40:11,Orchard Central,BTM-W-04,Women's Denim Straight Jeans,Bottoms,Women,49.9,49.9,False,1,49.9,Card
BUG-20260602-0434,3,2026-06-02 21:12:19,Bugis,BTM-M-04,Men's Dry Stretch Shorts,bottoms,Men,19.9,19.9,False,1,19.9,CARD
BUG-20260602-0219,1,2026-06-02 19:17:06,  Bugis  ,UND-M-06,Men's Airism Sleeveless Undershirt,underwear,Men,9.9,9.9,False,1,9.9,Cash
ORC-20260602-0339,2,2026-06-02 20:34:32,Orchard Central,UND-W-03,Women's Cotton Blend Briefs,Underwear,Women,9.9,9.9,False,1,9.9,Card
PUN-20260602-0682,1,2026-06-02 19:28:01,Punggol,TOP-M-02,Men's Supima Cotton Polo Shirt,Tops,Men,29.9,29.9,False,1,29.9,NETS
BUG-20260602-0290,1,2026-06-02 20:04:42,bugis,SOK-W-04,Women's Ribbed Crew Socks,Socks,Women,5.9,5.9,False,1,5.9,Card
PUN-20260602-0197,1,2026-06-02 21:26:28,Punggol,UND-M-08,Men's Airism V-Neck Undershirt,Underwear,men,9.9,9.9,False,1,9.9,paynow
ORC-20260602-0495,2,2026-06-02 19:37:18,Orchard Central,SOK-W-04,Women's Ribbed Crew Socks,Socks,Women,5.9,5.9,False,1,5.9,paynow
BUG-20260602-0528,1,2026-06-02 13:07:54,Bugis,SOK-W-10,Women's Wool Blend Socks,Socks,Women,9.9,9.9,False,1,9.9,Card
BUG-20260602-0115,1,2026-06-02 18:14:30,Bugis,SOK-W-03,Women's Airism Low-Cut Socks,Socks,Women,5.9,5.9,False,2,11.8,Cash
PUN-20260602-0362,1,2026-06-02 14:45:51,Punggol,BTM-W-01,Women's Ultra Stretch Skinny Jeans,Bottoms,Women,39.9,39.9,False,1,39.9,
ORC-20260602-0168,2,2026-06-02 20:46:29,Orchard Central,SOK-W-03,Women's Airism Low-Cut Socks,Socks,Women,5.9,5.9,False,1,5.9,Cash
ORC-20260602-0836,1,2026-06-02 12:44:37,Orchard Central,SOK-W-04,Women's Ribbed Crew Socks,Socks,Women,5.9,5.9,False,1,5.9,Cash
BUG-20260602-0116,2,2026-06-02 16:38:36,Bugis,SOK-W-03,Women's Airism Low-Cut Socks,Socks,Women,5.9,5.9,False,1,5.9,Card
PUN-20260602-0430,2,2026-06-02 18:45:08,  Punggol  ,BTM-M-03,Men's Selvedge Regular Fit Jeans,Bottoms,Men,59.9,59.9,False,1,59.9,PayNow
BUG-20260602-0317,2,2026-06-02 19:45:38,Bugis,SOK-W-02,Women's Pile Crew Socks,Socks,Women,5.9,5.9,False,1,5.9,PayNow
BUG-20260602-0225,1,2026-06-02 18:08:04,Bugis,SOK-W-02,Women's Pile Crew Socks,Socks,Women,5.9,5.9,False,2,11.8,
ORC-20260602-0184,1,2026-06-02 18:50:33,Orchard Central,SOK-M-07,Men's Striped Crew Socks,Socks,Men,5.9,5.9,False,1,5.9,PayNow
PUN-20260602-0002,2,2026-06-02 21:53:15,  Punggol  ,SOK-W-04,Women's Ribbed Crew Socks,Socks,Women,5.9,5.9,False,1,$5.9,Card
ORC-20260602-0927,1,2026-06-02 19:51:35,Orchard Central,SOK-W-02,Women's Pile Crew Socks,Socks,Women,5.9,5.9,False,1,5.9,PayNow
ORC-20260602-0275,2,2026-06-02 19:15:58,Orchard Central,SOK-M-04,Men's Ribbed Crew Socks,Socks,Men,5.9,5.9,False,1,5.9,Cash
ORC-20260602-0560,1,2026-06-02 13:31:38,Orchard Central,SOK-M-09,Men's No-Show Sneaker Socks,Socks,Men,4.11,5.9,True,1,$4.11,Card
BUG-20260602-0019,3,2026-06-02 20:22:49,Bugis,SOK-M-04,Men's Ribbed Crew Socks,Socks,Men,5.9,5.9,False,1,5.9,Card
BUG-20260602-0256,3,2026-06-02 15:12:38,Bugis,SOK-M-02,Men's Pile Crew Socks,Socks,Men,5.9,5.9,False,1,5.9,Card
BUG-20260602-0090,1,2026-06-02 19:52:41,Bugis,SOK-W-03,Women's Airism Low-Cut Socks,SOCKS,Women,5.9,5.9,False,1,5.9,Card
PUN-20260602-0004,3,2026-06-02 19:16:27,Punggol,TOP-W-03,Women's Silky Satin Blouse,Tops,Women,39.9,39.9,False,1,39.9,Card
BUG-20260602-0586,1,2026-06-02 12:18:57,Bugis,BTM-W-04,Women's Denim Straight Jeans,Bottoms,WOMEN,49.9,49.9,False,1,49.9,Card
PUN-20260602-0195,2,2026-06-02 18:35:32,Punggol,TOP-M-04,Men's Oxford Long Sleeve Shirt,Tops,Men,29.9,29.9,False,1,29.9,Card
BUG-20260602-0739,1,2026-06-02 18:16:49,Bugis,UND-M-02,Men's Cotton Blend Trunks,Underwear,men,14.9,14.9,False,2,29.8,NETS
ORC-20260602-1103,1,2026-06-02 19:48:41,Orchard Central,SOK-W-02,Women's Pile Crew Socks,Socks,WOMEN,5.9,5.9,False,1,5.9,Paynow
BUG-20260602-0435,1,2026-06-02 17:11:18,Bugis,SOK-M-01,Men's Ankle Socks 3-Pack,SOCKS,Men,14.9,14.9,False,1,14.9,PayNow
ORC-20260602-0464,1,2026-06-02 19:41:25,ORCHARD CENTRAL,SOK-W-10,Women's Wool Blend Socks,Socks,Women,9.9,9.9,False,1,9.9,PayNow
BUG-20260602-0785,1,2026-06-02 16:35:50,Bugis,BTM-M-04,Men's Dry Stretch Shorts,Bottoms,Men,19.9,19.9,False,1,19.9,PayNow
BUG-20260602-0720,1,2026-06-02 13:48:27,Bugis,TOP-W-03,Women's Silky Satin Blouse,Tops,Women,39.9,39.9,False,1,39.9,Card
BUG-20260602-0438,3,2026-06-02 21:16:47,Bugis,SOK-W-01,Women's Ankle Socks 3-Pack,socks,Women,14.9,14.9,False,1,14.9,CARD
BUG-20260602-0353,1,2026-06-02 17:04:31,Bugis,SOK-W-03,Women's Airism Low-Cut Socks,Socks,Women,5.9,5.9,False,1,5.9,Cash
PUN-20260602-0464,2,2026-06-02 18:22:34,punggol,SOK-W-03,Women's Airism Low-Cut Socks,Socks,Women,5.9,5.9,False,1,5.9,card
PUN-20260602-0204,1,2026-06-02 16:47:18,Punggol,UND-M-01,Men's Airism Boxer Briefs,Underwear,Men,14.9,14.9,False,1,14.9,PayNow
ORC-20260602-1076,2,2026-06-02 14:11:18,Orchard Central,UND-M-04,Men's Cotton Crew Neck Undershirt,Underwear,MEN,14.9,14.9,False,2,29.8,NETS
ORC-20260602-0840,1,2026-06-02 21:15:21,Orchard Central,SOK-M-03,Men's Airism Low-Cut Socks,SOCKS,Men,5.9,5.9,False,1,5.9,NETS
ORC-20260602-0795,1,2026-06-02 21:36:38,Orchard Central,BTM-M-01,Men's Ezy Ankle Pants,bottoms,Men,29.9,29.9,False,1,29.9,Card
PUN-20260602-0481,3,2026-06-02 15:48:36,  Punggol  ,TOP-W-02,Women's Ribbed Long Sleeve Turtleneck,Tops,Women,19.9,19.9,False,1,19.9,Card
ORC-20260602-0050,1,2026-06-02 22:45:07,  Orchard Central  ,SOK-M-03,Men's Airism Low-Cut Socks,Socks,Men,5.9,5.9,False,1,5.9,Card
ORC-20260602-1101,1,2026-06-02 16:27:24,Orchard Central,SOK-W-04,Women's Ribbed Crew Socks,Socks,Women,5.9,5.9,False,2,11.8,NETS
PUN-20260602-0044,2,2026-06-02 18:23:15,Punggol,SOK-W-04,Women's Ribbed Crew Socks,Socks,Women,5.9,5.9,False,2,11.8,Cash
ORC-20260602-1079,1,2026-06-02 21:58:01,Orchard Central,SOK-W-02,Women's Pile Crew Socks,SOCKS,Women,5.9,5.9,False,2,11.8,PayNow
BUG-20260602-0462,1,2026-06-02 18:26:20,Bugis,SOK-W-04,Women's Ribbed Crew Socks,Socks,Women,5.9,5.9,False,1,5.9,Card
BUG-20260602-0812,1,2026-06-02 14:28:44,Bugis,SOK-M-03,Men's Airism Low-Cut Socks,Socks,Men,5.9,5.9,False,1,5.9,card
PUN-20260602-0411,1,2026-06-02 21:44:38,Punggol,SOK-M-03,Men's Airism Low-Cut Socks,Socks,Men,5.9,5.9,False,1,5.9,PayNow
BUG-20260602-0590,1,2026-06-02 20:33:51,Bugis,SOK-M-04,Men's Ribbed Crew Socks,socks,Men,5.9,5.9,False,1,5.9,Card
BUG-20260602-0071,2,2026-06-02 11:35:38,Bugis,SOK-W-02,  Women's Pile Crew Socks  ,Socks,Women,5.9,5.9,False,2,11.8,Card
ORC-20260602-0326,3,2026-06-02 19:23:18,Orchard Central,BTM-W-02,Women's High-Rise Wide Leg Pants,Bottoms,women,$39.9,39.9,False,1,39.9,NETS
ORC-20260602-1114,3,2026-06-02 17:46:35,orchard central,UND-W-03,Women's Cotton Blend Briefs,Underwear,Women,9.9,9.9,False,1,9.9,Card
ORC-20260602-0237,2,2026-06-02 12:39:38,Orchard Central,SOK-M-01,Men's Ankle Socks 3-Pack,socks,MEN,14.9,14.9,False,1,14.9,Card
ORC-20260602-0504,1,2026-06-02 20:22:23,orchard central,SOK-M-04,Men's Ribbed Crew Socks,Socks,Men,5.9,5.9,False,1,5.9,PayNow
BUG-20260602-0449,2,2026-06-02 13:25:11,Bugis,TOP-W-02,Women's Ribbed Long Sleeve Turtleneck,Tops,Women,19.9,19.9,False,1,19.9,PayNow
BUG-20260602-0503,1,2026-06-02 20:01:35,bugis,SOK-W-04,Women's Ribbed Crew Socks,Socks,Women,5.9,5.9,False,1,5.9,Card
ORC-20260602-0944,3,2026-06-02 13:59:45,Orchard Central,SOK-M-04,Men's Ribbed Crew Socks,Socks,Men,5.9,5.9,False,1,5.9,NETS
PUN-20260602-0519,1,2026-06-02 12:26:16,Punggol,SOK-W-02,Women's Pile Crew Socks,Socks,Women,5.9,5.9,False,2,11.8,Cash
ORC-20260602-0046,1,2026-06-02 21:03:45,Orchard Central,TOP-M-01,Men's Airism Cotton Crew Neck T-Shirt,Tops,Men,14.9,14.9,False,1,14.9,NETS
BUG-20260602-0103,1,2026-06-02 21:17:04,Bugis,SOK-M-03,Men's Airism Low-Cut Socks,socks,Men,5.9,5.9,False,1,5.9,Cash
BUG-20260602-0594,1,2026-06-02 19:22:37,bugis,SOK-W-03,Women's Airism Low-Cut Socks,Socks,Women,5.9,5.9,False,1,5.9,card
ORC-20260602-1057,2,2026-06-02 20:32:23,Orchard Central,SOK-M-03,Men's Airism Low-Cut Socks,Socks,Men,5.9,5.9,False,1,5.9,Card
ORC-20260602-0689,1,2026-06-02 19:19:51,Orchard Central,TOP-M-03,Men's Dry-EX Crew Neck T-Shirt,Tops,Men,19.9,19.9,False,1,19.9,Card
PUN-20260602-0374,2,2026-06-02 16:45:07,  Punggol  ,SOK-M-02,Men's Pile Crew Socks,SOCKS,Men,5.9,5.9,False,1,5.9,
ORC-20260602-0273,1,2026-06-02 12:31:10,Orchard Central,SOK-W-03,Women's Airism Low-Cut Socks,Socks,Women,5.9,5.9,False,1,5.9,Cash
BUG-20260602-0685,1,2026-06-02 20:59:08,Bugis,SOK-M-03,Men's Airism Low-Cut Socks,Socks,Men,$5.9,5.9,False,1,5.9,NETS
ORC-20260602-0010,2,2026-06-02 15:38:26,Orchard Central,SOK-W-09,Women's No-Show Sneaker Socks,Socks,Women,5.9,5.9,False,1,5.9,Cash
ORC-20260602-0347,3,2026-06-02 14:11:56,Orchard Central,UND-W-04,  Women's Airism T-Shirt Bra  ,UNDERWEAR,Women,29.9,29.9,False,1,29.9,Card
ORC-20260602-1081,2,2026-06-02 16:46:08,Orchard Central,UND-M-04,Men's Cotton Crew Neck Undershirt,Underwear,Men,14.9,14.9,False,1,14.9,Card
PUN-20260602-0096,1,2026-06-02 15:33:33,Punggol,UND-W-01,Women's Airism Bikini Shorts,Underwear,Women,9.9,9.9,False,1,9.9,card
PUN-20260602-0574,3,2026-06-02 18:07:55,Punggol,UND-M-01,Men's Airism Boxer Briefs,Underwear,Men,14.9,14.9,False,1,14.9,paynow
ORC-20260602-0051,1,2026-06-02 20:58:28,Orchard Central,UND-M-02,Men's Cotton Blend Trunks,Underwear,Men,14.9,14.9,False,1,14.9,Card
ORC-20260602-0128,3,2026-06-02 15:03:26,Orchard Central,SOK-M-02,Men's Pile Crew Socks,Socks,Men,5.9,5.9,False,1,5.9,Card
BUG-20260602-0165,2,2026-06-02 19:53:16,Bugis,TOP-M-04,Men's Oxford Long Sleeve Shirt,Tops,Men,29.9,29.9,False,1,29.9,Card
BUG-20260602-0195,1,2026-06-02 15:36:18,Bugis,TOP-W-01,Women's Airism Cotton Crew Neck T-Shirt,Tops,Women,14.9,14.9,False,1,14.9,card
PUN-20260602-0540,3,2026-06-02 21:20:35,Punggol,SOK-M-03,Men's Airism Low-Cut Socks,Socks,MEN,5.9,5.9,False,1,5.9,NETS
ORC-20260602-0023,3,2026-06-02 20:46:47,Orchard Central,SOK-M-02,Men's Pile Crew Socks,Socks,MEN,5.9,5.9,False,1,5.9,Cash
PUN-20260602-0392,1,2026-06-02 18:34:22,punggol,SOK-M-02,Men's Pile Crew Socks,Socks,Men,5.9,5.9,False,1,5.9,Cash
ORC-20260602-0402,1,2026-06-02 16:22:07,orchard central,TOP-M-02,Men's Supima Cotton Polo Shirt,Tops,Men,29.9,29.9,False,1,29.9,Card
BUG-20260602-0178,2,2026-06-02 18:19:39,Bugis,TOP-M-01,Men's Airism Cotton Crew Neck T-Shirt,Tops,Men,14.9,14.9,False,1,14.9,Card
BUG-20260602-0200,1,2026-06-02 21:09:34,  Bugis  ,SOK-W-03,Women's Airism Low-Cut Socks,Socks,Women,5.9,5.9,False,1,5.9,PayNow
ORC-20260602-0548,3,2026-06-02 19:03:34,Orchard Central,UND-W-06,Women's Lace Trim Briefs,Underwear,Women,9.9,9.9,False,1,9.9,PayNow
PUN-20260602-0687,1,2026-06-02 12:20:26,Punggol,SOK-M-01,Men's Ankle Socks 3-Pack,Socks,Men,14.9,14.9,False,1,14.9,cash
ORC-20260602-0274,2,2026-06-02 21:39:45,Orchard Central,SOK-W-01,Women's Ankle Socks 3-Pack,Socks,Women,14.9,14.9,False,1,14.9,CARD
ORC-20260602-0701,1,2026-06-02 16:43:31,Orchard Central,UND-W-04,Women's Airism T-Shirt Bra,Underwear,Women,29.9,29.9,False,1,29.9,
PUN-20260602-0506,2,2026-06-02 16:33:39,punggol,UND-M-04,Men's Cotton Crew Neck Undershirt,Underwear,Men,14.9,14.9,False,1,14.9,PayNow
ORC-20260602-0272,2,2026-06-02 21:59:57,ORCHARD CENTRAL,SOK-W-04,Women's Ribbed Crew Socks,Socks,Women,5.9,5.9,False,1,5.9,Card
BUG-20260602-0364,2,2026-06-02 12:59:59,  Bugis  ,TOP-M-01,Men's Airism Cotton Crew Neck T-Shirt,Tops,Men,14.9,14.9,False,1,14.9,Card
BUG-20260602-0538,1,2026-06-02 16:13:38,Bugis,SOK-M-03,Men's Airism Low-Cut Socks,Socks,Men,5.9,5.9,False,1,5.9,Card
BUG-20260602-0211,3,2026-06-02 18:41:20,Bugis,BTM-M-01,Men's Ezy Ankle Pants,Bottoms,Men,29.9,29.9,False,1,29.9,Card
ORC-20260602-0698,1,2026-06-02 17:38:27,Orchard Central,SOK-W-03,Women's Airism Low-Cut Socks,Socks,Women,5.9,5.9,False,1,5.9,Card
BUG-20260602-0056,2,2026-06-02 14:10:50,Bugis,SOK-M-03,  Men's Airism Low-Cut Socks  ,Socks,Men,5.9,5.9,False,1,5.9,Card
PUN-20260602-0663,1,2026-06-02 19:37:52,Punggol,TOP-W-01,Women's Airism Cotton Crew Neck T-Shirt,Tops,Women,14.9,14.9,False,1,14.9,Cash
ORC-20260602-0627,2,2026-06-02 18:04:00,Orchard Central,UND-W-01,Women's Airism Bikini Shorts,Underwear,Women,9.9,9.9,False,2,19.8,Cash
BUG-20260602-0034,1,2026-06-02 13:17:13,bugis,SOK-W-03,Women's Airism Low-Cut Socks,Socks,Women,5.9,5.9,False,1,5.9,Card
PUN-20260602-0042,1,2026-06-02 18:37:51,Punggol,SOK-M-02,Men's Pile Crew Socks,Socks,Men,5.9,5.9,False,1,5.9,PayNow
BUG-20260602-0779,1,2026-06-02 20:24:34,bugis,SOK-W-02,Women's Pile Crew Socks,Socks,Women,5.9,5.9,False,1,5.9,Cash
ORC-20260602-0313,1,2026-06-02 19:27:55,Orchard Central,SOK-M-10,Men's Wool Blend Socks,Socks,MEN,9.9,9.9,False,1,9.9,PayNow
ORC-20260602-0481,2,2026-06-02 19:17:14,Orchard Central,SOK-M-03,  Men's Airism Low-Cut Socks  ,Socks,Men,5.9,5.9,False,1,5.9,Paynow
ORC-20260602-0789,2,2026-06-02 20:21:01,Orchard Central,UND-M-03,Men's Airism Mesh Boxer Briefs,underwear,MEN,14.9,14.9,False,1,14.9,Card
PUN-20260602-0198,2,2026-06-02 18:06:11,PUNGGOL,SOK-M-03,Men's Airism Low-Cut Socks,Socks,Men,5.9,5.9,False,1,5.9,PayNow
PUN-20260602-0187,1,2026-06-02 20:05:09,punggol,SOK-W-04,Women's Ribbed Crew Socks,Socks,Women,5.9,5.9,False,1,5.9,Card
ORC-20260602-0605,1,2026-06-02 18:57:22,  Orchard Central  ,UND-W-03,Women's Cotton Blend Briefs,Underwear,Women,9.9,9.9,False,1,9.9,PayNow
BUG-20260602-0412,2,2026-06-02 21:33:17,Bugis,SOK-M-02,Men's Pile Crew Socks,Socks,Men,5.9,5.9,False,1,5.9,PayNow
BUG-20260602-0085,1,2026-06-02 20:09:02,Bugis,UND-W-02,Women's Wireless Bra,Underwear,women,29.9,29.9,False,2,59.8,Cash
BUG-20260602-0182,2,2026-06-02 21:01:21,BUGIS,TOP-M-01,Men's Airism Cotton Crew Neck T-Shirt,TOPS,Men,14.9,14.9,False,1,14.9,Cash
BUG-20260602-0641,1,2026-06-02 21:50:40,Bugis,TOP-W-02,Women's Ribbed Long Sleeve Turtleneck,Tops,Women,19.9,19.9,False,1,19.9,Card
BUG-20260602-0203,2,2026-06-02 12:23:43,Bugis,UND-W-01,Women's Airism Bikini Shorts,Underwear,women,9.9,9.9,False,1,9.9,Card
PUN-20260602-0333,1,2026-06-02 22:58:45,Punggol,UND-W-03,  Women's Cotton Blend Briefs  ,Underwear,Women,9.9,9.9,False,1,9.9,Card
ORC-20260602-0574,1,2026-06-02 17:14:28,Orchard Central,UND-M-10,Men's Cotton Blend Briefs,Underwear,Men,9.9,9.9,False,1,9.9,NETS
PUN-20260602-0164,1,2026-06-02 19:34:27,Punggol,TOP-W-04,Women's Heattech Crew Neck Long Sleeve Tee,Tops,Women,14.9,14.9,False,1,14.9,PayNow
BUG-20260602-0055,1,2026-06-02 19:28:03,Bugis,UND-W-01,  Women's Airism Bikini Shorts  ,Underwear,Women,9.9,9.9,False,1,9.9,PayNow
PUN-20260602-0244,1,2026-06-02 16:10:45,Punggol,SOK-M-01,Men's Ankle Socks 3-Pack,Socks,Men,14.9,14.9,False,1,$14.9,NETS
BUG-20260602-0552,1,2026-06-02 15:49:32,Bugis,UND-W-01,Women's Airism Bikini Shorts,Underwear,Women,9.9,9.9,False,1,9.9,Card
PUN-20260602-0623,1,2026-06-02 12:43:25,Punggol,UND-M-01,Men's Airism Boxer Briefs,Underwear,Men,14.9,14.9,False,1,14.9,NETS
ORC-20260602-0989,1,2026-06-02 19:09:31,Orchard Central,SOK-M-04,Men's Ribbed Crew Socks,Socks,Men,5.9,5.9,False,1,5.9,Card
BUG-20260602-0195,2,2026-06-02 15:36:18,bugis,UND-W-01,Women's Airism Bikini Shorts,Underwear,Women,9.9,9.9,False,1,9.9,Card
ORC-20260602-0476,1,2026-06-02 17:01:06,Orchard Central,UND-M-01,Men's Airism Boxer Briefs,Underwear,Men,14.9,14.9,False,1,14.9,Card
PUN-20260602-0142,2,2026-06-02 20:53:35,Punggol,SOK-W-02,Women's Pile Crew Socks,Socks,Women,5.9,5.9,False,1,5.9,NETS
PUN-20260602-0318,2,2026-06-02 18:13:44,Punggol,SOK-M-01,Men's Ankle Socks 3-Pack,Socks,Men,14.9,14.9,False,1,14.9,Card
BUG-20260602-0628,3,2026-06-02 14:50:10,  Bugis  ,UND-W-01,Women's Airism Bikini Shorts,Underwear,WOMEN,9.9,9.9,False,1,9.9,PayNow
ORC-20260602-0691,3,2026-06-02 18:07:48,Orchard Central,TOP-W-02,Women's Ribbed Long Sleeve Turtleneck,Tops,Women,19.9,19.9,False,1,19.9,CARD
BUG-20260602-0090,2,2026-06-02 19:52:41,Bugis,BTM-W-01,  Women's Ultra Stretch Skinny Jeans  ,Bottoms,Women,39.9,39.9,False,1,39.9,Card
PUN-20260602-0090,3,2026-06-02 21:16:27,Punggol,SOK-M-04,Men's Ribbed Crew Socks,Socks,men,5.9,5.9,False,1,5.9,Card
BUG-20260602-0001,1,2026-06-02 13:02:20,Bugis,SOK-W-03,Women's Airism Low-Cut Socks,Socks,Women,5.9,5.9,False,1,5.9,Card
PUN-20260602-0556,3,2026-06-02 11:01:17,Punggol,SOK-W-02,Women's Pile Crew Socks,Socks,Women,5.9,5.9,False,2,11.8,Card
BUG-20260602-0166,1,2026-06-02 21:31:26,Bugis,UND-W-03,Women's Cotton Blend Briefs,Underwear,Women,9.9,9.9,False,1,9.9,Card
PUN-20260602-0328,2,2026-06-02 17:04:10,Punggol,SOK-W-02,Women's Pile Crew Socks,socks,WOMEN,5.9,5.9,False,1,5.9,CARD
PUN-20260602-0017,1,2026-06-02 13:14:04,Punggol,TOP-M-02,Men's Supima Cotton Polo Shirt,Tops,Men,29.9,29.9,False,1,29.9,Card
PUN-20260602-0039,2,2026-06-02 14:18:39,Punggol,UND-W-03,Women's Cotton Blend Briefs,Underwear,Women,9.9,9.9,False,1,9.9,PayNow
BUG-20260602-0780,1,2026-06-02 13:04:01,Bugis,SOK-M-04,Men's Ribbed Crew Socks,Socks,men,5.9,5.9,False,1,5.9,Cash
BUG-20260602-0815,1,2026-06-02 20:53:47,Bugis,BTM-M-04,Men's Dry Stretch Shorts,Bottoms,Men,19.9,19.9,False,1,19.9,Cash
ORC-20260602-0116,1,2026-06-02 12:25:01,Orchard Central,TOP-M-02,Men's Supima Cotton Polo Shirt,TOPS,Men,29.9,29.9,False,1,29.9,paynow
BUG-20260602-0798,1,2026-06-02 20:15:45,Bugis,TOP-W-04,Women's Heattech Crew Neck Long Sleeve Tee,Tops,Women,14.9,14.9,False,1,14.9,PayNow
ORC-20260602-0281,2,2026-06-02 18:48:27,Orchard Central,UND-M-06,  Men's Airism Sleeveless Undershirt  ,Underwear,Men,9.9,9.9,False,1,9.9,Paynow
ORC-20260602-1048,3,2026-06-02 18:42:30,Orchard Central,SOK-W-03,Women's Airism Low-Cut Socks,Socks,Women,5.9,5.9,False,1,5.9,Card
ORC-20260602-0578,2,2026-06-02 21:17:58,Orchard Central,UND-W-01,Women's Airism Bikini Shorts,Underwear,Women,9.9,9.9,False,1,9.9,CARD
ORC-20260602-0040,2,2026-06-02 18:29:20,Orchard Central,TOP-M-05,Men's Heattech Crew Neck Long Sleeve Tee,Tops,Men,11.62,14.9,True,1,11.62,PayNow
BUG-20260602-0648,1,2026-06-02 19:04:38,Bugis,SOK-W-04,Women's Ribbed Crew Socks,Socks,Women,5.9,5.9,False,1,5.9,Card
ORC-20260602-0719,3,2026-06-02 20:44:13,Orchard Central,SOK-M-09,Men's No-Show Sneaker Socks,Socks,Men,4.11,5.9,True,1,4.11,PayNow
BUG-20260602-0005,2,2026-06-02 20:54:06,Bugis,UND-M-04,Men's Cotton Crew Neck Undershirt,underwear,Men,14.9,14.9,False,1,14.9,NETS
ORC-20260602-0722,2,2026-06-02 13:04:15,Orchard Central,SOK-M-09,Men's No-Show Sneaker Socks,Socks,Men,4.11,5.9,True,1,4.11,PayNow
ORC-20260602-0321,1,2026-06-02 15:54:22,ORCHARD CENTRAL,BTM-W-03,Women's Ezy Ankle Pants,Bottoms,Women,29.9,29.9,False,1,29.9,Card
BUG-20260602-0640,1,2026-06-02 16:00:02,Bugis,SOK-M-04,Men's Ribbed Crew Socks,Socks,Men,5.9,5.9,False,2,11.8,paynow
BUG-20260602-0211,1,2026-06-02 18:41:20,Bugis,BTM-M-02,Men's Slim Fit Chino Trousers,Bottoms,Men,29.9,29.9,False,1,29.9,Card
ORC-20260602-0446,3,2026-06-02 19:00:06,Orchard Central,SOK-W-02,Women's Pile Crew Socks,SOCKS,Women,5.9,5.9,False,1,5.9,NETS
BUG-20260602-0072,3,2026-06-02 19:44:47,Bugis,TOP-M-01,Men's Airism Cotton Crew Neck T-Shirt,Tops,Men,14.9,14.9,False,1,14.9,NETS
ORC-20260602-0526,1,2026-06-02 12:56:56,Orchard Central,SOK-W-03,  Women's Airism Low-Cut Socks  ,Socks,Women,5.9,5.9,False,1,5.9,NETS
BUG-20260602-0023,2,2026-06-02 15:56:51,Bugis,SOK-W-02,Women's Pile Crew Socks,Socks,Women,5.9,5.9,False,1,5.9,Card
ORC-20260602-0016,1,2026-06-02 14:21:40,Orchard Central,SOK-M-09,Men's No-Show Sneaker Socks,Socks,Men,4.11,5.9,True,1,4.11,Cash
ORC-20260602-0007,3,2026-06-02 18:28:25,Orchard Central,TOP-M-01,Men's Airism Cotton Crew Neck T-Shirt,Tops,Men,14.9,14.9,False,1,14.9,PayNow
BUG-20260602-0342,2,2026-06-02 17:58:21,Bugis,SOK-W-04,Women's Ribbed Crew Socks,socks,Women,5.9,5.9,False,2,11.8,PayNow
ORC-20260602-0854,1,2026-06-02 16:27:31,Orchard Central,SOK-M-04,Men's Ribbed Crew Socks,Socks,Men,5.9,5.9,False,1,5.9,Paynow
ORC-20260602-0064,3,2026-06-02 18:22:31,Orchard Central,TOP-W-03,Women's Silky Satin Blouse,Tops,Women,39.9,39.9,False,1,39.9,Card
ORC-20260602-0257,2,2026-06-02 16:36:40,Orchard Central,TOP-M-01,Men's Airism Cotton Crew Neck T-Shirt,tops,Men,14.9,14.9,False,1,14.9,Card
BUG-20260602-0294,1,2026-06-02 20:37:52,Bugis,SOK-M-01,Men's Ankle Socks 3-Pack,Socks,Men,14.9,14.9,False,1,14.9,Card
ORC-20260602-0713,1,2026-06-02 21:10:58,orchard central,SOK-W-04,Women's Ribbed Crew Socks,Socks,Women,5.9,5.9,False,1,5.9,Cash
ORC-20260602-0061,2,2026-06-02 13:00:33,Orchard Central,UND-W-03,Women's Cotton Blend Briefs,Underwear,Women,9.9,9.9,False,1,9.9,NETS
PUN-20260602-0195,3,2026-06-02 18:35:32,Punggol,SOK-W-03,Women's Airism Low-Cut Socks,Socks,WOMEN,5.9,5.9,False,1,5.9,Card
PUN-20260602-0202,1,2026-06-02 16:26:35,punggol,SOK-W-04,Women's Ribbed Crew Socks,Socks,Women,5.9,5.9,False,1,5.9,
PUN-20260602-0098,1,2026-06-02 20:26:45,Punggol,SOK-W-03,Women's Airism Low-Cut Socks,Socks,Women,5.9,5.9,False,1,5.9,PayNow
ORC-20260602-0797,1,2026-06-02 19:02:39,Orchard Central,SOK-M-09,Men's No-Show Sneaker Socks,Socks,Men,4.11,5.9,True,2,8.22,NETS
ORC-20260602-0581,1,2026-06-02 20:15:09,Orchard Central,TOP-W-02,Women's Ribbed Long Sleeve Turtleneck,Tops,Women,19.9,19.9,False,1,19.9,NETS
ORC-20260602-1007,1,2026-06-02 12:40:09,orchard central,SOK-W-02,Women's Pile Crew Socks,Socks,Women,5.9,5.9,False,1,5.9,Cash
BUG-20260602-0373,2,2026-06-02 14:26:40,bugis,TOP-M-01,Men's Airism Cotton Crew Neck T-Shirt,tops,Men,14.9,14.9,False,1,14.9,PayNow
PUN-20260602-0653,1,2026-06-02 20:30:29,Punggol,UND-M-01,Men's Airism Boxer Briefs,Underwear,Men,14.9,14.9,False,1,14.9,NETS
BUG-20260602-0348,2,2026-06-02 21:27:13,  BUGIS  ,BTM-W-02,Women's High-Rise Wide Leg Pants,Bottoms,Women,39.9,39.9,False,1,39.9,PayNow
BUG-20260602-0334,2,2026-06-02 16:02:53,Bugis,UND-W-03,Women's Cotton Blend Briefs,Underwear,Women,9.9,9.9,False,1,9.9,Card
PUN-20260602-0566,1,2026-06-02 20:41:18,Punggol,UND-W-01,Women's Airism Bikini Shorts,underwear,Women,9.9,9.9,False,1,9.9,Cash
PUN-20260602-0198,1,2026-06-02 18:06:11,Punggol,SOK-M-02,Men's Pile Crew Socks,Socks,Men,5.9,5.9,False,1,5.9,PayNow
PUN-20260602-0293,1,2026-06-02 20:48:29,Punggol,SOK-W-03,Women's Airism Low-Cut Socks,Socks,Women,5.9,5.9,False,1,5.9,Card
BUG-20260602-0438,1,2026-06-02 21:16:47,Bugis,SOK-W-04,Women's Ribbed Crew Socks,socks,Women,5.9,5.9,False,1,5.9,Card
ORC-20260602-0387,3,2026-06-02 12:25:15,Orchard Central,SOK-W-02,Women's Pile Crew Socks,Socks,Women,5.9,5.9,False,1,5.9,Card
PUN-20260602-0250,2,2026-06-02 19:04:28,Punggol,SOK-M-03,Men's Airism Low-Cut Socks,Socks,Men,5.9,5.9,False,1,5.9,Cash
ORC-20260602-0340,3,2026-06-02 12:58:13,Orchard Central,SOK-M-09,Men's No-Show Sneaker Socks,Socks,Men,4.11,5.9,True,1,4.11,cash
BUG-20260602-0736,2,2026-06-02 19:01:28,  Bugis  ,UND-M-04,Men's Cotton Crew Neck Undershirt,Underwear,Men,14.9,14.9,False,1,14.9,Card
ORC-20260602-0409,1,2026-06-02 13:06:21,orchard central,BTM-W-04,Women's Denim Straight Jeans,Bottoms,Women,49.9,49.9,False,1,49.9,Card
PUN-20260602-0401,2,2026-06-02 14:43:42,Punggol,TOP-M-01,Men's Airism Cotton Crew Neck T-Shirt,Tops,Men,14.9,14.9,False,1,14.9,PayNow
ORC-20260602-1010,2,2026-06-02 20:49:56,Orchard Central,SOK-W-03,Women's Airism Low-Cut Socks,SOCKS,Women,5.9,5.9,False,1,5.9,PAYNOW
ORC-20260602-0809,3,2026-06-02 12:30:26,Orchard Central,SOK-W-03,Women's Airism Low-Cut Socks,Socks,Women,5.9,5.9,False,2,11.8,Card
BUG-20260602-0082,1,2026-06-02 20:09:52,Bugis,SOK-W-03,Women's Airism Low-Cut Socks,Socks,Women,5.9,5.9,False,2,11.8,NETS
PUN-20260602-0390,1,2026-06-02 22:34:46,Punggol,SOK-M-04,Men's Ribbed Crew Socks,Socks,Men,5.9,5.9,False,1,5.9,PayNow
PUN-20260602-0054,1,2026-06-02 21:57:55,PUNGGOL,SOK-W-01,  Women's Ankle Socks 3-Pack  ,Socks,Women,14.9,14.9,False,1,14.9,Card
ORC-20260602-0229,2,2026-06-02 11:48:47,Orchard Central,TOP-M-01,Men's Airism Cotton Crew Neck T-Shirt,Tops,Men,14.9,14.9,False,1,14.9,PayNow
PUN-20260602-0056,2,2026-06-02 12:38:34,punggol,SOK-M-04,Men's Ribbed Crew Socks,Socks,Men,5.9,5.9,False,1,5.9,Card
ORC-20260602-0487,1,2026-06-02 18:40:04,Orchard Central,BTM-W-03,Women's Ezy Ankle Pants,Bottoms,Women,29.9,29.9,False,1,29.9,Card
ORC-20260602-0510,2,2026-06-02 16:41:27,Orchard Central,SOK-W-04,Women's Ribbed Crew Socks,Socks,women,5.9,5.9,False,2,11.8,NETS
ORC-20260602-0184,3,2026-06-02 18:50:33,ORCHARD CENTRAL,SOK-M-09,  Men's No-Show Sneaker Socks  ,socks,Men,4.11,5.9,True,1,4.11,PayNow
ORC-20260602-0578,3,2026-06-02 21:17:58,Orchard Central,SOK-W-03,Women's Airism Low-Cut Socks,Socks,Women,5.9,5.9,False,1,5.9,Card
PUN-20260602-0156,2,2026-06-02 19:52:24,Punggol,SOK-W-04,Women's Ribbed Crew Socks,Socks,Women,5.9,5.9,False,1,5.9,Card
BUG-20260602-0637,2,2026-06-02 17:56:42,Bugis,UND-M-01,Men's Airism Boxer Briefs,Underwear,MEN,14.9,14.9,False,1,14.9,Card
PUN-20260602-0605,1,2026-06-02 20:30:30,PUNGGOL,SOK-W-02,Women's Pile Crew Socks,Socks,Women,5.9,5.9,False,1,5.9,NETS
ORC-20260602-0171,1,2026-06-02 22:11:16,Orchard Central,SOK-M-03,Men's Airism Low-Cut Socks,Socks,Men,5.9,5.9,False,1,5.9,PayNow
ORC-20260602-0272,1,2026-06-02 21:59:57,ORCHARD CENTRAL,SOK-W-02,Women's Pile Crew Socks,Socks,Women,5.9,5.9,False,2,11.8,Card
PUN-20260602-0159,1,2026-06-02 20:08:12,Punggol,UND-M-08,Men's Airism V-Neck Undershirt,Underwear,Men,9.9,9.9,False,1,9.9,PayNow
PUN-20260602-0375,1,2026-06-02 18:27:32,Punggol,UND-M-04,Men's Cotton Crew Neck Undershirt,Underwear,Men,14.9,14.9,False,1,14.9,Card
PUN-20260602-0610,1,2026-06-02 16:04:22,Punggol,UND-W-03,Women's Cotton Blend Briefs,Underwear,Women,9.9,9.9,False,1,9.9,NETS
PUN-20260602-0168,1,2026-06-02 18:57:36,Punggol,SOK-W-04,Women's Ribbed Crew Socks,Socks,Women,5.9,5.9,False,1,5.9,Card
BUG-20260602-0686,3,2026-06-02 21:05:06,Bugis,SOK-M-01,Men's Ankle Socks 3-Pack,Socks,Men,14.9,14.9,False,1,14.9,NETS
PUN-20260602-0579,1,2026-06-02 14:19:36,Punggol,UND-M-07,Men's Stretch Cotton Boxers,Underwear,Men,14.9,14.9,False,2,29.8,Card
ORC-20260602-0993,2,2026-06-02 19:43:59,Orchard Central,SOK-W-03,Women's Airism Low-Cut Socks,Socks,WOMEN,5.9,5.9,False,1,5.9,Card
ORC-20260602-0550,1,2026-06-02 19:52:19,ORCHARD CENTRAL,TOP-M-03,Men's Dry-EX Crew Neck T-Shirt,tops,Men,19.9,19.9,False,1,19.9,PayNow
PUN-20260602-0435,2,2026-06-02 22:19:07,Punggol,SOK-W-02,Women's Pile Crew Socks,Socks,Women,5.9,5.9,False,1,5.9,Cash
PUN-20260602-0611,3,2026-06-02 21:49:52,  Punggol  ,SOK-W-03,Women's Airism Low-Cut Socks,Socks,Women,5.9,5.9,False,1,5.9,
BUG-20260602-0497,1,2026-06-02 15:01:51,Bugis,BTM-M-02,Men's Slim Fit Chino Trousers,Bottoms,Men,29.9,29.9,False,1,29.9,NETS
BUG-20260602-0369,1,2026-06-02 20:44:41,Bugis,TOP-W-04,Women's Heattech Crew Neck Long Sleeve Tee,Tops,Women,14.9,14.9,False,1,14.9,Card
ORC-20260602-0468,2,2026-06-02 19:21:14,Orchard Central,SOK-M-09,Men's No-Show Sneaker Socks,Socks,Men,4.11,5.9,True,1,4.11,PayNow
ORC-20260602-1022,1,2026-06-02 20:42:56,Orchard Central,SOK-W-02,Women's Pile Crew Socks,Socks,Women,5.9,5.9,False,1,5.9,Card
BUG-20260602-0337,1,2026-06-02 19:55:16,  Bugis  ,UND-M-02,Men's Cotton Blend Trunks,Underwear,MEN,14.9,14.9,False,1,14.9,NETS
PUN-20260602-0476,3,2026-06-02 16:28:19,Punggol,SOK-M-03,Men's Airism Low-Cut Socks,Socks,Men,5.9,5.9,False,1,5.9,CARD
PUN-20260602-0243,1,2026-06-02 12:57:01,Punggol,TOP-M-01,Men's Airism Cotton Crew Neck T-Shirt,Tops,Men,14.9,14.9,False,1,14.9,
BUG-20260602-0401,1,2026-06-02 21:20:50,  Bugis  ,SOK-W-02,Women's Pile Crew Socks,Socks,Women,5.9,5.9,False,1,5.9,CARD
ORC-20260602-0916,3,2026-06-02 17:07:17,  Orchard Central  ,SOK-W-09,Women's No-Show Sneaker Socks,Socks,Women,5.9,5.9,False,1,5.9,PayNow
BUG-20260602-0477,3,2026-06-02 19:41:01,Bugis,BTM-M-04,Men's Dry Stretch Shorts,BOTTOMS,Men,19.9,19.9,False,1,19.9,Cash
PUN-20260602-0224,3,2026-06-02 12:44:18,Punggol,UND-M-01,Men's Airism Boxer Briefs,Underwear,Men,14.9,14.9,False,1,14.9,Card
BUG-20260602-0595,1,2026-06-02 19:28:39,Bugis,BTM-W-03,Women's Ezy Ankle Pants,Bottoms,Women,29.9,29.9,False,1,29.9,Cash
BUG-20260602-0735,1,2026-06-02 20:56:24,Bugis,SOK-W-03,Women's Airism Low-Cut Socks,Socks,Women,5.9,5.9,False,1,5.9,Card
ORC-20260602-0797,2,2026-06-02 19:02:39,Orchard Central,SOK-W-01,Women's Ankle Socks 3-Pack,Socks,Women,14.9,14.9,False,1,14.9,
BUG-20260602-0367,1,2026-06-02 17:39:28,Bugis,SOK-W-03,Women's Airism Low-Cut Socks,Socks,Women,5.9,5.9,False,1,5.9,Nets
PUN-20260602-0470,2,2026-06-02 17:42:39,PUNGGOL,TOP-M-02,Men's Supima Cotton Polo Shirt,Tops,Men,29.9,29.9,False,1,29.9,Card
PUN-20260602-0047,1,2026-06-02 17:41:26,Punggol,TOP-W-01,Women's Airism Cotton Crew Neck T-Shirt,Tops,Women,14.9,14.9,False,1,14.9,Cash
ORC-20260602-0710,2,2026-06-02 20:35:59,  Orchard Central  ,TOP-W-04,Women's Heattech Crew Neck Long Sleeve Tee,Tops,women,14.9,14.9,False,1,14.9,Card
PUN-20260602-0439,1,2026-06-02 19:15:19,Punggol,SOK-M-05,Men's Sport Ankle Socks,Socks,MEN,5.9,5.9,False,1,5.9,Card
ORC-20260602-1074,1,2026-06-02 19:24:37,Orchard Central,SOK-M-04,Men's Ribbed Crew Socks,Socks,Men,5.9,5.9,False,1,$5.9,Card
ORC-20260602-1039,1,2026-06-02 16:07:26,Orchard Central,SOK-W-04,Women's Ribbed Crew Socks,Socks,Women,5.9,5.9,False,1,$5.9,cash
ORC-20260602-0383,1,2026-06-02 16:43:42,Orchard Central,TOP-W-01,Women's Airism Cotton Crew Neck T-Shirt,TOPS,Women,14.9,14.9,False,1,14.9,Card
ORC-20260602-0981,2,2026-06-02 19:16:48,Orchard Central,SOK-W-02,Women's Pile Crew Socks,Socks,Women,5.9,5.9,False,1,5.9,Card
ORC-20260602-0691,2,2026-06-02 18:07:48,Orchard Central,SOK-M-07,Men's Striped Crew Socks,Socks,Men,5.9,5.9,False,1,5.9,Card
BUG-20260602-0568,3,2026-06-02 19:56:41,Bugis,SOK-W-01,Women's Ankle Socks 3-Pack,Socks,Women,14.9,14.9,False,1,14.9,Card
PUN-20260602-0225,2,2026-06-02 20:16:24,  Punggol  ,SOK-W-02,Women's Pile Crew Socks,socks,women,5.9,5.9,False,1,5.9,Card
PUN-20260602-0066,1,2026-06-02 18:05:24,Punggol,UND-W-03,Women's Cotton Blend Briefs,Underwear,Women,9.9,9.9,False,1,9.9,NETS
ORC-20260602-0841,2,2026-06-02 19:42:47,Orchard Central,SOK-M-09,Men's No-Show Sneaker Socks,Socks,Men,4.11,5.9,True,1,4.11,PayNow
ORC-20260602-0293,2,2026-06-02 20:44:28,Orchard Central,SOK-W-02,Women's Pile Crew Socks,Socks,Women,5.9,5.9,False,2,11.8,Cash
ORC-20260602-0666,1,2026-06-02 21:48:53,Orchard Central,SOK-W-03,  Women's Airism Low-Cut Socks  ,Socks,Women,5.9,5.9,False,1,5.9,Card
PUN-20260602-0206,2,2026-06-02 14:45:22,  punggol  ,UND-W-01,Women's Airism Bikini Shorts,Underwear,Women,9.9,9.9,False,1,9.9,NETS
ORC-20260602-0803,1,2026-06-02 22:09:19,Orchard Central,SOK-M-09,Men's No-Show Sneaker Socks,Socks,Men,4.11,5.9,True,1,4.11,Card
PUN-20260602-0231,1,2026-06-02 22:32:13,Punggol,SOK-W-03,Women's Airism Low-Cut Socks,Socks,Women,5.9,5.9,False,1,5.9,Card
ORC-20260602-0829,2,2026-06-02 13:24:55,  Orchard Central  ,UND-W-01,Women's Airism Bikini Shorts,Underwear,Women,9.9,9.9,False,1,9.9,nets
PUN-20260602-0624,2,2026-06-02 21:48:10,Punggol,SOK-W-04,Women's Ribbed Crew Socks,socks,Women,5.9,5.9,False,1,5.9,NETS
BUG-20260602-0471,1,2026-06-02 22:48:36,Bugis,SOK-W-10,Women's Wool Blend Socks,Socks,Women,9.9,9.9,False,1,9.9,PayNow
PUN-20260602-0582,3,2026-06-02 20:11:25,  Punggol  ,TOP-M-04,Men's Oxford Long Sleeve Shirt,Tops,Men,29.9,29.9,False,1,29.9,Cash
BUG-20260602-0373,1,2026-06-02 14:26:40,Bugis,BTM-M-01,Men's Ezy Ankle Pants,Bottoms,Men,29.9,29.9,False,1,29.9,PayNow
BUG-20260602-0198,2,2026-06-02 19:50:27,BUGIS,TOP-W-02,Women's Ribbed Long Sleeve Turtleneck,Tops,Women,19.9,19.9,False,1,19.9,Card
ORC-20260602-0713,3,2026-06-02 21:10:58,Orchard Central,SOK-M-04,Men's Ribbed Crew Socks,Socks,Men,5.9,5.9,False,2,$11.8,Cash
PUN-20260602-0167,1,2026-06-02 16:03:32,Punggol,BTM-M-01,Men's Ezy Ankle Pants,bottoms,Men,29.9,29.9,False,1,29.9,PayNow
ORC-20260602-0450,2,2026-06-02 21:50:43,Orchard Central,TOP-W-01,Women's Airism Cotton Crew Neck T-Shirt,Tops,Women,14.9,14.9,False,1,14.9,NETS
PUN-20260602-0583,2,2026-06-02 21:48:02,  Punggol  ,UND-W-03,Women's Cotton Blend Briefs,Underwear,Women,9.9,9.9,False,2,19.8,PayNow
ORC-20260602-0023,2,2026-06-02 20:46:47,  Orchard Central  ,SOK-M-09,Men's No-Show Sneaker Socks,Socks,men,4.11,5.9,True,1,4.11,Cash
ORC-20260602-0103,1,2026-06-02 19:52:58,ORCHARD CENTRAL,UND-M-03,Men's Airism Mesh Boxer Briefs,Underwear,Men,14.9,14.9,False,1,14.9,Cash
BUG-20260602-0459,2,2026-06-02 17:26:12,  Bugis  ,SOK-M-02,Men's Pile Crew Socks,Socks,Men,5.9,5.9,False,2,11.8,Cash
BUG-20260602-0169,2,2026-06-02 11:23:15,Bugis,UND-M-02,Men's Cotton Blend Trunks,Underwear,men,14.9,14.9,False,1,14.9,Card
ORC-20260602-0331,3,2026-06-02 21:42:32,Orchard Central,SOK-M-03,Men's Airism Low-Cut Socks,Socks,men,5.9,5.9,False,1,5.9,Nets
ORC-20260602-0400,1,2026-06-02 12:54:01,Orchard Central,UND-M-10,Men's Cotton Blend Briefs,Underwear,Men,9.9,9.9,False,1,9.9,NETS
ORC-20260602-0885,1,2026-06-02 18:51:31,Orchard Central,SOK-W-03,Women's Airism Low-Cut Socks,Socks,Women,5.9,5.9,False,1,5.9,Card
BUG-20260602-0728,1,2026-06-02 18:40:59,bugis,UND-M-04,Men's Cotton Crew Neck Undershirt,Underwear,Men,14.9,14.9,False,1,14.9,Paynow
ORC-20260602-0921,1,2026-06-02 17:32:21,Orchard Central,BTM-W-04,Women's Denim Straight Jeans,Bottoms,Women,49.9,49.9,False,1,49.9,Cash
ORC-20260602-0706,1,2026-06-02 16:21:06,Orchard Central,SOK-M-01,Men's Ankle Socks 3-Pack,Socks,Men,14.9,14.9,False,1,14.9,NETS
ORC-20260602-0034,2,2026-06-02 12:34:14,Orchard Central,UND-W-01,Women's Airism Bikini Shorts,underwear,Women,9.9,9.9,False,1,9.9,Card
ORC-20260602-0700,2,2026-06-02 11:05:53,Orchard Central,UND-W-04,Women's Airism T-Shirt Bra,Underwear,Women,29.9,29.9,False,2,59.8,
ORC-20260602-0049,1,2026-06-02 15:41:56,Orchard Central,UND-M-06,Men's Airism Sleeveless Undershirt,Underwear,Men,9.9,9.9,False,1,9.9,PayNow
BUG-20260602-0721,2,2026-06-02 20:18:53,Bugis,BTM-W-02,Women's High-Rise Wide Leg Pants,Bottoms,Women,39.9,39.9,False,1,39.9,Card
PUN-20260602-0520,1,2026-06-02 21:59:01,Punggol,SOK-M-01,Men's Ankle Socks 3-Pack,Socks,Men,14.9,14.9,False,1,14.9,Card
PUN-20260602-0204,2,2026-06-02 16:47:18,Punggol,UND-M-01,Men's Airism Boxer Briefs,Underwear,Men,14.9,14.9,False,1,14.9,PayNow
ORC-20260602-0735,2,2026-06-02 19:53:58,Orchard Central,SOK-W-02,Women's Pile Crew Socks,Socks,Women,5.9,5.9,False,1,5.9,NETS
BUG-20260602-0247,3,2026-06-02 13:43:10,Bugis,SOK-M-04,  Men's Ribbed Crew Socks  ,socks,Men,5.9,5.9,False,1,5.9,Card
PUN-20260602-0138,3,2026-06-02 20:55:03,Punggol,TOP-W-02,Women's Ribbed Long Sleeve Turtleneck,Tops,Women,19.9,19.9,False,1,19.9,CARD
ORC-20260602-0093,2,2026-06-02 17:24:13,Orchard Central,UND-M-01,Men's Airism Boxer Briefs,underwear,Men,14.9,14.9,False,1,14.9,Card
BUG-20260602-0239,1,2026-06-02 18:25:54,Bugis,SOK-W-04,Women's Ribbed Crew Socks,Socks,Women,5.9,5.9,False,1,5.9,PayNow
ORC-20260602-0121,1,2026-06-02 22:18:06,Orchard Central,UND-W-03,Women's Cotton Blend Briefs,Underwear,Women,9.9,9.9,False,1,9.9,NETS
ORC-20260602-0362,1,2026-06-02 17:56:10,orchard central,TOP-W-03,Women's Silky Satin Blouse,TOPS,Women,39.9,39.9,False,1,39.9,NETS
PUN-20260602-0507,1,2026-06-02 14:16:45,Punggol,TOP-W-02,Women's Ribbed Long Sleeve Turtleneck,Tops,Women,19.9,19.9,False,1,19.9,Cash
BUG-20260602-0401,3,2026-06-02 21:20:50,Bugis,SOK-W-02,  Women's Pile Crew Socks  ,Socks,Women,5.9,5.9,False,1,5.9,Card
ORC-20260602-0692,3,2026-06-02 19:12:45,orchard central,UND-W-01,Women's Airism Bikini Shorts,UNDERWEAR,Women,9.9,9.9,False,1,9.9,Card
PUN-20260602-0553,1,2026-06-02 22:22:39,Punggol,SOK-M-01,Men's Ankle Socks 3-Pack,Socks,men,14.9,14.9,False,1,14.9,Cash
ORC-20260602-0888,3,2026-06-02 16:40:52,Orchard Central,SOK-W-02,Women's Pile Crew Socks,Socks,Women,5.9,5.9,False,1,5.9,Card
PUN-20260602-0130,1,2026-06-02 18:32:04,Punggol,BTM-W-01,Women's Ultra Stretch Skinny Jeans,Bottoms,Women,39.9,39.9,False,1,39.9,NETS
BUG-20260602-0656,1,2026-06-02 21:03:56,bugis,TOP-W-01,Women's Airism Cotton Crew Neck T-Shirt,Tops,Women,$14.9,14.9,False,1,14.9,Card
BUG-20260602-0527,2,2026-06-02 22:14:16,Bugis,SOK-W-02,Women's Pile Crew Socks,Socks,Women,5.9,5.9,False,2,11.8,PayNow
BUG-20260602-0509,1,2026-06-02 18:21:22,Bugis,UND-W-01,Women's Airism Bikini Shorts,UNDERWEAR,Women,9.9,9.9,False,1,9.9,NETS
BUG-20260602-0810,2,2026-06-02 22:30:16,Bugis,SOK-W-02,Women's Pile Crew Socks,SOCKS,Women,5.9,5.9,False,1,5.9,Card
ORC-20260602-0214,1,2026-06-02 20:35:04,  Orchard Central  ,TOP-W-04,Women's Heattech Crew Neck Long Sleeve Tee,Tops,Women,14.9,14.9,False,1,14.9,card
PUN-20260602-0386,1,2026-06-02 21:32:45,Punggol,TOP-W-04,Women's Heattech Crew Neck Long Sleeve Tee,Tops,Women,14.9,14.9,False,1,14.9,paynow
BUG-20260602-0606,1,2026-06-02 21:09:00,Bugis,TOP-W-01,Women's Airism Cotton Crew Neck T-Shirt,Tops,WOMEN,14.9,14.9,False,1,14.9,PayNow
PUN-20260602-0418,1,2026-06-02 16:33:42,Punggol,SOK-W-02,Women's Pile Crew Socks,Socks,Women,5.9,5.9,False,1,5.9,Cash
ORC-20260602-0503,2,2026-06-02 20:48:23,Orchard Central,TOP-W-03,  Women's Silky Satin Blouse  ,Tops,Women,39.9,39.9,False,1,39.9,PayNow
BUG-20260602-0596,1,2026-06-02 15:25:14,Bugis,SOK-W-02,Women's Pile Crew Socks,Socks,Women,5.9,5.9,False,1,5.9,Cash
BUG-20260602-0236,1,2026-06-02 16:00:19,Bugis,TOP-W-03,Women's Silky Satin Blouse,Tops,Women,39.9,39.9,False,1,39.9,PayNow
BUG-20260602-0756,1,2026-06-02 21:17:23,bugis,SOK-W-03,  Women's Airism Low-Cut Socks  ,Socks,Women,5.9,5.9,False,1,5.9,NETS
BUG-20260602-0458,1,2026-06-02 19:08:06,Bugis,BTM-W-03,  Women's Ezy Ankle Pants  ,Bottoms,Women,29.9,29.9,False,1,29.9,Cash
ORC-20260602-0441,1,2026-06-02 21:17:22,Orchard Central,SOK-W-02,Women's Pile Crew Socks,Socks,Women,5.9,5.9,False,1,5.9,Cash
PUN-20260602-0457,1,2026-06-02 20:05:31,punggol,SOK-W-01,Women's Ankle Socks 3-Pack,Socks,Women,14.9,14.9,False,1,14.9,Card
PUN-20260602-0278,2,2026-06-02 11:52:31,Punggol,UND-W-04,Women's Airism T-Shirt Bra,Underwear,women,29.9,29.9,False,2,59.8,NETS
BUG-20260602-0635,1,2026-06-02 21:54:49,Bugis,TOP-W-01,Women's Airism Cotton Crew Neck T-Shirt,Tops,women,14.9,14.9,False,1,14.9,Card
BUG-20260602-0488,2,2026-06-02 17:57:34,Bugis,SOK-W-03,  Women's Airism Low-Cut Socks  ,Socks,Women,5.9,5.9,False,1,5.9,Card
ORC-20260602-0732,2,2026-06-02 19:44:52,Orchard Central,SOK-M-09,Men's No-Show Sneaker Socks,Socks,Men,4.11,5.9,True,1,4.11,Cash
PUN-20260602-0222,2,2026-06-02 20:28:18,Punggol,SOK-W-02,Women's Pile Crew Socks,Socks,Women,5.9,5.9,False,1,5.9,Cash
ORC-20260602-0662,1,2026-06-02 22:37:02,Orchard Central,UND-W-03,Women's Cotton Blend Briefs,Underwear,Women,9.9,9.9,False,1,9.9,PayNow
BUG-20260602-0264,3,2026-06-02 14:00:50,Bugis,UND-M-04,Men's Cotton Crew Neck Undershirt,Underwear,Men,14.9,14.9,False,1,14.9,Card
ORC-20260602-0115,2,2026-06-02 18:33:51,Orchard Central,UND-W-01,Women's Airism Bikini Shorts,Underwear,Women,9.9,9.9,False,2,19.8,Card
PUN-20260602-0307,1,2026-06-02 20:02:37,Punggol,TOP-W-03,Women's Silky Satin Blouse,tops,Women,39.9,39.9,False,1,39.9,Paynow
ORC-20260602-0113,1,2026-06-02 17:41:46,Orchard Central,TOP-W-02,Women's Ribbed Long Sleeve Turtleneck,tops,Women,19.9,19.9,False,1,19.9,NETS
PUN-20260602-0127,1,2026-06-02 19:11:07,Punggol,SOK-W-02,Women's Pile Crew Socks,socks,Women,5.9,5.9,False,1,5.9,CARD
BUG-20260602-0474,1,2026-06-02 21:25:33,Bugis,SOK-M-04,Men's Ribbed Crew Socks,Socks,Men,5.9,5.9,False,1,5.9,NETS
PUN-20260602-0014,1,2026-06-02 21:28:18,Punggol,SOK-M-03,Men's Airism Low-Cut Socks,Socks,Men,5.9,5.9,False,1,5.9,Card
ORC-20260602-0857,1,2026-06-02 20:57:59,Orchard Central,TOP-W-05,Women's Merino Blend Cardigan,Tops,Women,31.36,39.9,True,1,31.36,PayNow
ORC-20260602-0173,1,2026-06-02 19:51:58,orchard central,SOK-M-03,Men's Airism Low-Cut Socks,Socks,MEN,5.9,5.9,False,1,5.9,Card
BUG-20260602-0069,3,2026-06-02 18:59:22,Bugis,BTM-W-03,Women's Ezy Ankle Pants,Bottoms,Women,29.9,29.9,False,1,29.9,PayNow
PUN-20260602-0022,1,2026-06-02 17:18:14,Punggol,SOK-W-02,Women's Pile Crew Socks,Socks,Women,5.9,5.9,False,1,5.9,Card
PUN-20260602-0303,1,2026-06-02 18:27:42,punggol,BTM-W-02,  Women's High-Rise Wide Leg Pants  ,Bottoms,Women,39.9,39.9,False,1,39.9,card
BUG-20260602-0100,2,2026-06-02 18:30:58,Bugis,SOK-W-03,Women's Airism Low-Cut Socks,Socks,Women,5.9,5.9,False,2,11.8,PayNow
ORC-20260602-0750,1,2026-06-02 21:49:58,Orchard Central,SOK-M-02,Men's Pile Crew Socks,Socks,Men,5.9,5.9,False,1,$5.9,Card
ORC-20260602-0585,2,2026-06-02 17:26:20,Orchard Central,SOK-M-09,Men's No-Show Sneaker Socks,Socks,Men,4.11,5.9,True,1,4.11,Cash
PUN-20260602-0108,3,2026-06-02 19:00:20,Punggol,SOK-M-04,Men's Ribbed Crew Socks,socks,Men,5.9,5.9,False,1,$5.9,Nets
ORC-20260602-1008,1,2026-06-02 14:28:01,Orchard Central,TOP-M-02,Men's Supima Cotton Polo Shirt,Tops,Men,29.9,29.9,False,1,29.9,Card
BUG-20260602-0442,2,2026-06-02 20:40:29,Bugis,TOP-W-09,Women's Drape Sleeveless Top,Tops,Women,19.9,19.9,False,1,19.9,Cash
ORC-20260602-0964,2,2026-06-02 12:33:03,Orchard Central,UND-W-01,Women's Airism Bikini Shorts,Underwear,Women,9.9,9.9,False,1,9.9,NETS
PUN-20260602-0588,2,2026-06-02 20:14:11,  Punggol  ,TOP-M-04,Men's Oxford Long Sleeve Shirt,Tops,Men,29.9,29.9,False,1,$29.9,Card
BUG-20260602-0269,3,2026-06-02 21:34:42,bugis,UND-W-03,Women's Cotton Blend Briefs,Underwear,Women,9.9,9.9,False,1,9.9,NETS
ORC-20260602-0499,1,2026-06-02 20:44:00,Orchard Central,SOK-M-04,Men's Ribbed Crew Socks,Socks,Men,5.9,5.9,False,1,5.9,CASH
ORC-20260602-0237,1,2026-06-02 12:39:38,Orchard Central,SOK-W-02,Women's Pile Crew Socks,Socks,Women,5.9,5.9,False,1,5.9,Card
BUG-20260602-0241,1,2026-06-02 20:25:35,Bugis,BTM-M-02,Men's Slim Fit Chino Trousers,Bottoms,Men,29.9,29.9,False,1,29.9,
ORC-20260602-0150,1,2026-06-02 19:46:27,Orchard Central,BTM-M-08,  Men's Relaxed Fit Denim Shorts  ,Bottoms,Men,22.99,29.9,True,1,22.99,Card
BUG-20260602-0078,3,2026-06-02 14:04:57,  Bugis  ,TOP-W-01,Women's Airism Cotton Crew Neck T-Shirt,Tops,Women,14.9,14.9,False,1,14.9,Card
PUN-20260602-0085,2,2026-06-02 20:03:26,Punggol,TOP-W-01,Women's Airism Cotton Crew Neck T-Shirt,Tops,Women,14.9,14.9,False,1,14.9,PayNow
BUG-20260602-0500,2,2026-06-02 12:37:57,Bugis,SOK-W-04,Women's Ribbed Crew Socks,Socks,Women,5.9,5.9,False,1,5.9,Card
BUG-20260602-0682,1,2026-06-02 20:19:33,  Bugis  ,TOP-M-04,Men's Oxford Long Sleeve Shirt,tops,Men,29.9,29.9,False,1,29.9,PayNow
PUN-20260602-0679,1,2026-06-02 12:22:57,punggol,UND-W-03,Women's Cotton Blend Briefs,Underwear,women,9.9,9.9,False,1,9.9,Card
ORC-20260602-0129,2,2026-06-02 17:45:39,Orchard Central,SOK-M-03,Men's Airism Low-Cut Socks,socks,Men,5.9,5.9,False,1,5.9,NETS
PUN-20260602-0302,3,2026-06-02 19:08:22,Punggol,SOK-W-03,Women's Airism Low-Cut Socks,Socks,Women,5.9,5.9,False,1,5.9,PayNow
PUN-20260602-0201,1,2026-06-02 21:08:29,Punggol,TOP-M-01,Men's Airism Cotton Crew Neck T-Shirt,Tops,Men,14.9,14.9,False,1,14.9,Card
ORC-20260602-0717,3,2026-06-02 21:10:28,Orchard Central,SOK-W-03,Women's Airism Low-Cut Socks,Socks,Women,5.9,5.9,False,2,11.8,NETS
ORC-20260602-0498,2,2026-06-02 17:00:31,Orchard Central,SOK-M-04,Men's Ribbed Crew Socks,Socks,Men,5.9,5.9,False,1,5.9,Cash
BUG-20260602-0032,2,2026-06-02 21:59:44,Bugis,SOK-W-03,Women's Airism Low-Cut Socks,Socks,Women,5.9,5.9,False,1,5.9,Cash
BUG-20260602-0555,1,2026-06-02 21:27:27,  Bugis  ,UND-M-02,Men's Cotton Blend Trunks,Underwear,MEN,$14.9,14.9,False,1,14.9,card
BUG-20260602-0759,2,2026-06-02 19:15:35,BUGIS,SOK-W-04,Women's Ribbed Crew Socks,Socks,Women,5.9,5.9,False,1,5.9,Card
ORC-20260602-0052,1,2026-06-02 19:40:57,Orchard Central,SOK-M-04,Men's Ribbed Crew Socks,Socks,Men,5.9,5.9,False,1,5.9,NETS
PUN-20260602-0199,2,2026-06-02 12:16:31,Punggol,TOP-W-04,Women's Heattech Crew Neck Long Sleeve Tee,Tops,Women,14.9,14.9,False,1,14.9,Cash
ORC-20260602-1075,2,2026-06-02 16:08:39,Orchard Central,SOK-W-02,Women's Pile Crew Socks,Socks,Women,5.9,5.9,False,1,5.9,Card
PUN-20260602-0134,1,2026-06-02 11:28:06,Punggol,SOK-W-03,  Women's Airism Low-Cut Socks  ,Socks,Women,$5.9,5.9,False,1,5.9,PayNow
ORC-20260602-0847,3,2026-06-02 20:08:09,ORCHARD CENTRAL,TOP-W-02,Women's Ribbed Long Sleeve Turtleneck,Tops,Women,19.9,19.9,False,1,19.9,NETS
ORC-20260602-0468,1,2026-06-02 19:21:14,orchard central,SOK-W-10,Women's Wool Blend Socks,Socks,Women,9.9,9.9,False,1,9.9,PAYNOW
ORC-20260602-1004,3,2026-06-02 20:24:17,Orchard Central,UND-M-01,Men's Airism Boxer Briefs,Underwear,Men,14.9,14.9,False,1,14.9,Card
ORC-20260602-0169,1,2026-06-02 11:04:13,Orchard Central,UND-W-06,Women's Lace Trim Briefs,Underwear,Women,9.9,9.9,False,1,9.9,NETS
BUG-20260602-0392,3,2026-06-02 18:10:53,BUGIS,SOK-W-04,Women's Ribbed Crew Socks,Socks,Women,5.9,5.9,False,1,5.9,Paynow
BUG-20260602-0011,3,2026-06-02 18:41:24,Bugis,UND-M-02,Men's Cotton Blend Trunks,Underwear,Men,14.9,14.9,False,1,14.9,PayNow
ORC-20260602-0900,1,2026-06-02 15:32:52,Orchard Central,BTM-M-03,Men's Selvedge Regular Fit Jeans,Bottoms,Men,59.9,59.9,False,1,59.9,Card
ORC-20260602-0069,1,2026-06-02 21:24:50,ORCHARD CENTRAL,SOK-W-06,Women's Heattech Socks,SOCKS,Women,9.9,9.9,False,2,$19.8,Card
BUG-20260602-0059,2,2026-06-02 15:48:35,Bugis,SOK-W-03,  Women's Airism Low-Cut Socks  ,Socks,Women,5.9,5.9,False,1,$5.9,card
ORC-20260602-0277,2,2026-06-02 21:08:15,Orchard Central,UND-W-09,Women's Cotton Boyshorts,Underwear,Women,9.9,9.9,False,1,9.9,PayNow
PUN-20260602-0070,2,2026-06-02 17:01:18,Punggol,TOP-W-02,Women's Ribbed Long Sleeve Turtleneck,Tops,Women,19.9,19.9,False,1,19.9,NETS
ORC-20260602-0783,1,2026-06-02 17:15:34,Orchard Central,SOK-M-02,Men's Pile Crew Socks,Socks,Men,5.9,5.9,False,1,5.9,PAYNOW
PUN-20260602-0245,2,2026-06-02 17:34:29,Punggol,SOK-W-03,Women's Airism Low-Cut Socks,socks,Women,5.9,5.9,False,1,5.9,Cash
ORC-20260602-1050,1,2026-06-02 12:04:15,ORCHARD CENTRAL,SOK-M-02,  Men's Pile Crew Socks  ,Socks,Men,5.9,5.9,False,2,11.8,Card
BUG-20260602-0679,1,2026-06-02 19:30:19,Bugis,UND-W-03,Women's Cotton Blend Briefs,Underwear,Women,9.9,9.9,False,1,9.9,Cash
ORC-20260602-1105,3,2026-06-02 20:17:43,Orchard Central,UND-W-01,Women's Airism Bikini Shorts,Underwear,Women,9.9,9.9,False,1,9.9,Card
ORC-20260602-0447,3,2026-06-02 21:31:12,Orchard Central,SOK-M-04,Men's Ribbed Crew Socks,Socks,Men,5.9,5.9,False,1,5.9,Card
ORC-20260602-0277,1,2026-06-02 21:08:15,Orchard Central,SOK-W-02,Women's Pile Crew Socks,Socks,Women,5.9,5.9,False,1,5.9,PayNow
PUN-20260602-0490,1,2026-06-02 20:04:45,Punggol,SOK-W-03,Women's Airism Low-Cut Socks,Socks,Women,$5.9,5.9,False,1,5.9,Card
ORC-20260602-0983,1,2026-06-02 17:18:35,Orchard Central,UND-W-01,Women's Airism Bikini Shorts,Underwear,Women,9.9,9.9,False,1,9.9,Paynow
PUN-20260602-0432,3,2026-06-02 13:46:59,Punggol,UND-M-04,Men's Cotton Crew Neck Undershirt,Underwear,Men,14.9,14.9,False,1,14.9,Nets
PUN-20260602-0094,3,2026-06-02 15:12:01,Punggol,UND-M-06,Men's Airism Sleeveless Undershirt,underwear,Men,9.9,9.9,False,1,9.9,Card
PUN-20260602-0677,2,2026-06-02 15:04:51,PUNGGOL,SOK-M-02,Men's Pile Crew Socks,Socks,Men,5.9,5.9,False,1,5.9,NETS
ORC-20260602-0104,2,2026-06-02 17:14:26,Orchard Central,UND-M-02,Men's Cotton Blend Trunks,Underwear,Men,14.9,14.9,False,1,14.9,NETS
PUN-20260602-0449,1,2026-06-02 21:30:33,PUNGGOL,SOK-W-02,Women's Pile Crew Socks,SOCKS,Women,5.9,5.9,False,1,5.9,Card
BUG-20260602-0578,1,2026-06-02 13:34:38,Bugis,UND-W-10,Women's Wireless Bralette,Underwear,Women,29.9,29.9,False,1,29.9,PayNow
BUG-20260602-0543,2,2026-06-02 15:14:48,Bugis,BTM-W-10,Women's High Waist Denim Shorts,Bottoms,Women,29.9,29.9,False,1,29.9,Cash
ORC-20260602-0406,2,2026-06-02 18:39:20,Orchard Central,SOK-M-02,Men's Pile Crew Socks,Socks,Men,5.9,5.9,False,1,5.9,Card
ORC-20260602-0867,2,2026-06-02 17:43:04,ORCHARD CENTRAL,SOK-M-02,  Men's Pile Crew Socks  ,Socks,Men,5.9,5.9,False,2,11.8,Card
ORC-20260602-1084,3,2026-06-02 21:44:56,Orchard Central,SOK-M-04,Men's Ribbed Crew Socks,Socks,Men,5.9,5.9,False,1,5.9,Card
ORC-20260602-1109,2,2026-06-02 19:37:22,Orchard Central,SOK-W-10,Women's Wool Blend Socks,Socks,Women,9.9,9.9,False,1,9.9,Card
PUN-20260602-0664,3,2026-06-02 19:42:13,Punggol,UND-W-02,Women's Wireless Bra,Underwear,Women,29.9,29.9,False,1,29.9,cash
ORC-20260602-0956,3,2026-06-02 20:45:06,  Orchard Central  ,SOK-M-02,  Men's Pile Crew Socks  ,Socks,Men,5.9,5.9,False,1,5.9,Card
PUN-20260602-0579,3,2026-06-02 14:19:36,Punggol,SOK-W-03,Women's Airism Low-Cut Socks,Socks,Women,5.9,5.9,False,1,5.9,Card
PUN-20260602-0440,2,2026-06-02 21:09:27,PUNGGOL,BTM-W-02,Women's High-Rise Wide Leg Pants,BOTTOMS,Women,39.9,39.9,False,1,39.9,Card
ORC-20260602-0341,1,2026-06-02 18:53:44,Orchard Central,UND-W-01,Women's Airism Bikini Shorts,underwear,WOMEN,9.9,9.9,False,1,$9.9,Card
ORC-20260602-0132,2,2026-06-02 17:18:54,Orchard Central,TOP-W-02,Women's Ribbed Long Sleeve Turtleneck,Tops,Women,19.9,19.9,False,1,19.9,PayNow
BUG-20260602-0025,1,2026-06-02 19:06:50,bugis,UND-M-02,Men's Cotton Blend Trunks,Underwear,men,14.9,14.9,False,1,14.9,paynow
ORC-20260602-0749,1,2026-06-02 15:28:05,Orchard Central,UND-M-08,Men's Airism V-Neck Undershirt,Underwear,Men,9.9,9.9,False,1,9.9,Cash
ORC-20260602-0741,2,2026-06-02 22:54:03,Orchard Central,UND-M-04,Men's Cotton Crew Neck Undershirt,Underwear,MEN,14.9,14.9,False,1,14.9,PayNow
PUN-20260602-0308,2,2026-06-02 16:37:22,Punggol,TOP-W-04,Women's Heattech Crew Neck Long Sleeve Tee,Tops,Women,14.9,14.9,False,1,14.9,NETS
PUN-20260602-0493,1,2026-06-02 21:59:54,Punggol,SOK-M-03,Men's Airism Low-Cut Socks,Socks,Men,5.9,5.9,False,2,11.8,NETS
ORC-20260602-0429,1,2026-06-02 21:19:37,Orchard Central,SOK-W-03,  Women's Airism Low-Cut Socks  ,Socks,Women,5.9,5.9,False,1,5.9,Card
PUN-20260602-0530,1,2026-06-02 19:21:01,Punggol,UND-M-06,Men's Airism Sleeveless Undershirt,Underwear,Men,9.9,9.9,False,1,9.9,Card
BUG-20260602-0701,2,2026-06-02 20:17:07,Bugis,TOP-W-02,  Women's Ribbed Long Sleeve Turtleneck  ,Tops,Women,19.9,19.9,False,1,19.9,PayNow
ORC-20260602-1041,1,2026-06-02 19:23:17,orchard central,UND-W-04,Women's Airism T-Shirt Bra,Underwear,Women,29.9,29.9,False,1,29.9,Card
PUN-20260602-0354,2,2026-06-02 21:35:18,Punggol,SOK-M-04,Men's Ribbed Crew Socks,Socks,Men,5.9,5.9,False,1,5.9,PayNow
ORC-20260602-0879,2,2026-06-02 22:11:17,Orchard Central,SOK-M-05,Men's Sport Ankle Socks,Socks,Men,5.9,5.9,False,1,5.9,NETS
ORC-20260602-0573,2,2026-06-02 15:13:04,Orchard Central,SOK-W-10,Women's Wool Blend Socks,Socks,Women,9.9,9.9,False,1,9.9,Cash
ORC-20260602-0512,2,2026-06-02 19:55:43,Orchard Central,TOP-W-03,Women's Silky Satin Blouse,Tops,Women,39.9,39.9,False,1,39.9,Card
ORC-20260602-0827,2,2026-06-02 21:55:02,Orchard Central,SOK-W-02,Women's Pile Crew Socks,Socks,Women,5.9,5.9,False,1,5.9,Card
ORC-20260602-0671,1,2026-06-02 22:21:02,Orchard Central,UND-M-04,Men's Cotton Crew Neck Undershirt,Underwear,Men,14.9,14.9,False,1,14.9,PayNow
ORC-20260602-0077,2,2026-06-02 22:30:01,Orchard Central,TOP-M-01,Men's Airism Cotton Crew Neck T-Shirt,tops,Men,14.9,14.9,False,1,14.9,Card
ORC-20260602-0598,3,2026-06-02 20:44:38,Orchard Central,TOP-W-02,Women's Ribbed Long Sleeve Turtleneck,Tops,Women,19.9,19.9,False,1,19.9,Cash
ORC-20260602-0733,1,2026-06-02 17:23:07,Orchard Central,TOP-M-05,Men's Heattech Crew Neck Long Sleeve Tee,Tops,Men,11.62,14.9,True,1,11.62,
BUG-20260602-0423,1,2026-06-02 21:54:27,Bugis,SOK-M-03,Men's Airism Low-Cut Socks,Socks,Men,5.9,5.9,False,1,5.9,Card
PUN-20260602-0422,1,2026-06-02 19:54:54,punggol,TOP-M-01,Men's Airism Cotton Crew Neck T-Shirt,Tops,Men,14.9,14.9,False,1,14.9,Card
ORC-20260602-0310,1,2026-06-02 12:02:58,Orchard Central,TOP-W-04,Women's Heattech Crew Neck Long Sleeve Tee,Tops,WOMEN,14.9,14.9,False,1,14.9,nets
ORC-20260602-0992,2,2026-06-02 20:38:03,Orchard Central,SOK-W-04,Women's Ribbed Crew Socks,Socks,Women,5.9,5.9,False,1,5.9,PayNow
BUG-20260602-0442,1,2026-06-02 20:40:29,Bugis,SOK-M-03,Men's Airism Low-Cut Socks,Socks,men,5.9,5.9,False,1,5.9,Cash
BUG-20260602-0116,1,2026-06-02 16:38:36,Bugis,UND-M-02,Men's Cotton Blend Trunks,Underwear,Men,14.9,14.9,False,1,14.9,Card
ORC-20260602-0431,1,2026-06-02 20:01:39,Orchard Central,UND-W-01,Women's Airism Bikini Shorts,Underwear,Women,9.9,9.9,False,1,9.9,Cash
ORC-20260602-0110,1,2026-06-02 15:04:57,Orchard Central,SOK-M-04,Men's Ribbed Crew Socks,Socks,Men,5.9,5.9,False,2,11.8,Nets
ORC-20260602-0188,3,2026-06-02 19:22:15,  Orchard Central  ,UND-M-02,Men's Cotton Blend Trunks,underwear,Men,14.9,14.9,False,1,14.9,Card
PUN-20260602-0447,2,2026-06-02 15:52:30,Punggol,TOP-W-04,Women's Heattech Crew Neck Long Sleeve Tee,Tops,Women,14.9,14.9,False,1,14.9,CARD
ORC-20260602-0985,3,2026-06-02 18:55:34,Orchard Central,SOK-M-01,Men's Ankle Socks 3-Pack,Socks,Men,14.9,14.9,False,1,14.9,
ORC-20260602-0618,1,2026-06-02 20:47:26,Orchard Central,SOK-M-02,Men's Pile Crew Socks,Socks,Men,5.9,5.9,False,1,5.9,Nets
ORC-20260602-0964,3,2026-06-02 12:33:03,Orchard Central,SOK-M-02,Men's Pile Crew Socks,Socks,Men,5.9,5.9,False,1,5.9,NETS
BUG-20260602-0387,3,2026-06-02 20:48:32,Bugis,TOP-W-04,Women's Heattech Crew Neck Long Sleeve Tee,Tops,Women,14.9,14.9,False,1,14.9,CARD
ORC-20260602-0665,2,2026-06-02 12:33:51,Orchard Central,TOP-M-02,Men's Supima Cotton Polo Shirt,Tops,MEN,29.9,29.9,False,1,29.9,PayNow
ORC-20260602-0613,1,2026-06-02 18:27:05,Orchard Central,SOK-W-03,Women's Airism Low-Cut Socks,Socks,Women,5.9,5.9,False,1,5.9,Card
PUN-20260602-0285,1,2026-06-02 16:04:17,Punggol,BTM-M-02,Men's Slim Fit Chino Trousers,Bottoms,Men,29.9,29.9,False,1,29.9,Card
PUN-20260602-0074,2,2026-06-02 11:33:46,Punggol,TOP-M-03,Men's Dry-EX Crew Neck T-Shirt,TOPS,men,19.9,19.9,False,1,19.9,paynow
ORC-20260602-0326,1,2026-06-02 19:23:18,Orchard Central,UND-W-03,Women's Cotton Blend Briefs,Underwear,Women,9.9,9.9,False,2,19.8,NETS
ORC-20260602-0810,1,2026-06-02 21:54:05,Orchard Central,SOK-M-01,Men's Ankle Socks 3-Pack,Socks,Men,14.9,14.9,False,1,14.9,Card
PUN-20260602-0228,1,2026-06-02 15:58:46,Punggol,UND-M-06,Men's Airism Sleeveless Undershirt,Underwear,Men,9.9,9.9,False,1,9.9,Card
BUG-20260602-0229,2,2026-06-02 18:38:05,Bugis,UND-M-10,Men's Cotton Blend Briefs,Underwear,Men,9.9,9.9,False,1,9.9,Cash
BUG-20260602-0391,2,2026-06-02 20:27:29,Bugis,UND-M-06,Men's Airism Sleeveless Undershirt,Underwear,Men,9.9,9.9,False,1,9.9,PayNow
ORC-20260602-0249,1,2026-06-02 21:08:54,orchard central,TOP-M-03,Men's Dry-EX Crew Neck T-Shirt,Tops,Men,19.9,19.9,False,1,19.9,PayNow
ORC-20260602-0796,1,2026-06-02 17:48:02,  Orchard Central  ,TOP-W-05,Women's Merino Blend Cardigan,tops,women,31.36,39.9,True,1,31.36,Cash
ORC-20260602-0087,1,2026-06-02 22:46:11,Orchard Central,TOP-M-04,Men's Oxford Long Sleeve Shirt,Tops,MEN,29.9,29.9,False,1,29.9,PayNow
BUG-20260602-0309,2,2026-06-02 21:37:38,Bugis,SOK-W-04,Women's Ribbed Crew Socks,Socks,women,5.9,5.9,False,2,11.8,Card
PUN-20260602-0584,1,2026-06-02 20:20:17,Punggol,SOK-W-03,Women's Airism Low-Cut Socks,Socks,Women,5.9,5.9,False,1,5.9,Card
ORC-20260602-1102,1,2026-06-02 14:28:06,Orchard Central,SOK-W-01,Women's Ankle Socks 3-Pack,Socks,Women,14.9,14.9,False,1,14.9,Card
ORC-20260602-0936,1,2026-06-02 16:15:39,  Orchard Central  ,UND-W-01,Women's Airism Bikini Shorts,Underwear,Women,9.9,9.9,False,1,9.9,
ORC-20260602-0729,1,2026-06-02 20:26:29,Orchard Central,SOK-W-01,Women's Ankle Socks 3-Pack,Socks,Women,14.9,14.9,False,1,14.9,Card
ORC-20260602-0329,2,2026-06-02 19:53:12,  Orchard Central  ,SOK-W-03,Women's Airism Low-Cut Socks,Socks,Women,5.9,5.9,False,1,5.9,Paynow
ORC-20260602-0804,1,2026-06-02 16:10:04,Orchard Central,TOP-W-04,Women's Heattech Crew Neck Long Sleeve Tee,Tops,Women,14.9,14.9,False,1,14.9,PayNow
ORC-20260602-0818,1,2026-06-02 12:08:53,Orchard Central,SOK-M-09,Men's No-Show Sneaker Socks,Socks,Men,4.11,5.9,True,1,4.11,NETS
PUN-20260602-0420,1,2026-06-02 20:29:09,Punggol,TOP-M-03,Men's Dry-EX Crew Neck T-Shirt,Tops,Men,19.9,19.9,False,1,19.9,Card
BUG-20260602-0047,1,2026-06-02 20:15:31,Bugis,TOP-W-02,Women's Ribbed Long Sleeve Turtleneck,Tops,Women,19.9,19.9,False,1,19.9,NETS
ORC-20260602-0969,2,2026-06-02 14:42:45,Orchard Central,SOK-W-03,Women's Airism Low-Cut Socks,Socks,Women,5.9,5.9,False,1,5.9,NETS
PUN-20260602-0386,2,2026-06-02 21:32:45,punggol,BTM-W-01,Women's Ultra Stretch Skinny Jeans,Bottoms,Women,39.9,39.9,False,1,39.9,PayNow
PUN-20260602-0220,3,2026-06-02 15:15:59,Punggol,UND-M-03,Men's Airism Mesh Boxer Briefs,Underwear,Men,14.9,14.9,False,1,14.9,PayNow
BUG-20260602-0699,2,2026-06-02 19:01:06,Bugis,SOK-M-04,Men's Ribbed Crew Socks,Socks,Men,5.9,5.9,False,1,5.9,Cash
ORC-20260602-0884,3,2026-06-02 19:00:23,Orchard Central,TOP-W-01,Women's Airism Cotton Crew Neck T-Shirt,Tops,Women,14.9,14.9,False,1,14.9,Cash
BUG-20260602-0247,2,2026-06-02 13:43:10,bugis,TOP-W-01,Women's Airism Cotton Crew Neck T-Shirt,Tops,Women,14.9,14.9,False,1,14.9,Card
BUG-20260602-0469,2,2026-06-02 12:59:30,Bugis,TOP-M-03,Men's Dry-EX Crew Neck T-Shirt,Tops,Men,19.9,19.9,False,1,19.9,CASH
BUG-20260602-0526,1,2026-06-02 19:42:46,Bugis,BTM-M-08,Men's Relaxed Fit Denim Shorts,Bottoms,Men,22.99,29.9,True,1,22.99,Card
BUG-20260602-0767,2,2026-06-02 17:37:18,Bugis,TOP-W-02,Women's Ribbed Long Sleeve Turtleneck,Tops,Women,19.9,19.9,False,1,19.9,
ORC-20260602-0592,1,2026-06-02 22:30:17,Orchard Central,SOK-M-09,Men's No-Show Sneaker Socks,Socks,Men,4.11,5.9,True,1,4.11,Card
PUN-20260602-0017,2,2026-06-02 13:14:04,Punggol,UND-W-01,Women's Airism Bikini Shorts,Underwear,Women,9.9,9.9,False,1,9.9,Card
BUG-20260602-0799,2,2026-06-02 22:42:32,Bugis,SOK-W-01,Women's Ankle Socks 3-Pack,Socks,Women,14.9,14.9,False,2,29.8,NETS
ORC-20260602-0110,2,2026-06-02 15:04:57,  Orchard Central  ,TOP-W-07,Women's Fleece Pullover Hoodie,Tops,Women,29.9,29.9,False,1,29.9,NETS
PUN-20260602-0350,1,2026-06-02 19:05:02,Punggol,SOK-M-02,Men's Pile Crew Socks,Socks,Men,5.9,5.9,False,1,5.9,NETS
PUN-20260602-0188,2,2026-06-02 14:53:50,Punggol,SOK-W-02,Women's Pile Crew Socks,Socks,Women,5.9,5.9,False,1,$5.9,cash
PUN-20260602-0205,1,2026-06-02 20:40:52,Punggol,TOP-M-04,Men's Oxford Long Sleeve Shirt,Tops,Men,29.9,29.9,False,1,29.9,NETS
ORC-20260602-0816,1,2026-06-02 19:05:48,Orchard Central,SOK-M-07,Men's Striped Crew Socks,Socks,Men,5.9,5.9,False,1,5.9,NETS
ORC-20260602-0640,3,2026-06-02 12:57:02,Orchard Central,TOP-W-01,Women's Airism Cotton Crew Neck T-Shirt,Tops,Women,14.9,14.9,False,1,14.9,PayNow
ORC-20260602-0709,3,2026-06-02 14:35:19,Orchard Central,UND-W-03,Women's Cotton Blend Briefs,Underwear,Women,9.9,9.9,False,1,9.9,NETS
ORC-20260602-0761,1,2026-06-02 18:05:44,Orchard Central,BTM-M-03,Men's Selvedge Regular Fit Jeans,Bottoms,Men,59.9,59.9,False,1,59.9,card
BUG-20260602-0475,1,2026-06-02 19:32:50,Bugis,SOK-W-03,Women's Airism Low-Cut Socks,Socks,Women,5.9,5.9,False,1,5.9,NETS
ORC-20260602-0556,1,2026-06-02 20:47:15,Orchard Central,SOK-M-08,Men's Cotton Blend Dress Socks,Socks,Men,9.9,9.9,False,1,9.9,paynow
ORC-20260602-0850,2,2026-06-02 21:46:04,Orchard Central,TOP-W-01,Women's Airism Cotton Crew Neck T-Shirt,Tops,Women,14.9,14.9,False,1,14.9,NETS
PUN-20260602-0379,1,2026-06-02 17:45:48,  Punggol  ,SOK-W-04,Women's Ribbed Crew Socks,Socks,Women,5.9,5.9,False,1,5.9,Card
BUG-20260602-0203,1,2026-06-02 12:23:43,Bugis,BTM-M-02,Men's Slim Fit Chino Trousers,Bottoms,Men,29.9,29.9,False,1,29.9,Card
ORC-20260602-1021,2,2026-06-02 16:23:22,Orchard Central,SOK-W-06,Women's Heattech Socks,socks,Women,9.9,9.9,False,2,19.8,Card
ORC-20260602-0760,1,2026-06-02 15:05:05,Orchard Central,SOK-M-04,  Men's Ribbed Crew Socks  ,Socks,Men,5.9,5.9,False,1,5.9,Card
PUN-20260602-0354,1,2026-06-02 21:35:18,  Punggol  ,UND-W-02,Women's Wireless Bra,Underwear,women,29.9,29.9,False,1,29.9,PayNow
PUN-20260602-0588,1,2026-06-02 20:14:11,Punggol,BTM-M-01,Men's Ezy Ankle Pants,Bottoms,Men,29.9,29.9,False,1,29.9,Card
BUG-20260602-0256,1,2026-06-02 15:12:38,Bugis,UND-M-04,Men's Cotton Crew Neck Undershirt,Underwear,Men,14.9,14.9,False,1,14.9,Card
ORC-20260602-0921,2,2026-06-02 17:32:21,Orchard Central,SOK-W-01,Women's Ankle Socks 3-Pack,Socks,Women,$14.9,14.9,False,1,14.9,Cash
ORC-20260602-0995,1,2026-06-02 20:39:19,  Orchard Central  ,TOP-M-01,Men's Airism Cotton Crew Neck T-Shirt,Tops,Men,14.9,14.9,False,1,14.9,paynow
BUG-20260602-0036,2,2026-06-02 11:01:57,Bugis,BTM-W-04,  Women's Denim Straight Jeans  ,Bottoms,Women,49.9,49.9,False,1,49.9,Card
BUG-20260602-0186,1,2026-06-02 18:44:03,Bugis,SOK-W-02,Women's Pile Crew Socks,Socks,Women,5.9,5.9,False,2,11.8,Card
PUN-20260602-0501,1,2026-06-02 11:43:23,Punggol,SOK-M-04,Men's Ribbed Crew Socks,Socks,Men,5.9,5.9,False,1,5.9,Card
PUN-20260602-0535,1,2026-06-02 14:59:11,Punggol,SOK-M-04,Men's Ribbed Crew Socks,Socks,Men,5.9,5.9,False,1,5.9,NETS
ORC-20260602-0914,2,2026-06-02 14:12:38,Orchard Central,BTM-M-09,Men's Linen Blend Trousers,Bottoms,Men,39.9,39.9,False,1,39.9,Cash
ORC-20260602-0722,3,2026-06-02 13:04:15,Orchard Central,TOP-M-04,Men's Oxford Long Sleeve Shirt,tops,Men,29.9,29.9,False,1,29.9,PayNow
PUN-20260602-0052,1,2026-06-02 15:52:47,Punggol,UND-M-01,Men's Airism Boxer Briefs,Underwear,Men,14.9,14.9,False,1,14.9,Card
BUG-20260602-0027,2,2026-06-02 22:22:59,  Bugis  ,UND-W-01,Women's Airism Bikini Shorts,Underwear,Women,9.9,9.9,False,1,9.9,
PUN-20260602-0176,3,2026-06-02 18:26:07,punggol,TOP-W-01,Women's Airism Cotton Crew Neck T-Shirt,TOPS,Women,14.9,14.9,False,1,14.9,Card
ORC-20260602-0192,3,2026-06-02 15:56:34,Orchard Central,SOK-W-02,Women's Pile Crew Socks,Socks,Women,5.9,5.9,False,1,5.9,NETS
PUN-20260602-0305,1,2026-06-02 16:31:17,Punggol,SOK-M-04,Men's Ribbed Crew Socks,Socks,Men,5.9,5.9,False,1,5.9,Cash
PUN-20260602-0144,1,2026-06-02 20:52:10,punggol,TOP-W-01,Women's Airism Cotton Crew Neck T-Shirt,Tops,Women,14.9,14.9,False,1,14.9,PayNow
BUG-20260602-0806,1,2026-06-02 19:27:06,Bugis,SOK-M-01,Men's Ankle Socks 3-Pack,Socks,Men,14.9,14.9,False,1,14.9,Cash
BUG-20260602-0331,2,2026-06-02 17:02:13,Bugis,SOK-W-03,Women's Airism Low-Cut Socks,Socks,Women,5.9,5.9,False,1,$5.9,PayNow
BUG-20260602-0216,1,2026-06-02 19:25:13,Bugis,SOK-M-02,Men's Pile Crew Socks,Socks,MEN,5.9,5.9,False,1,5.9,PayNow
ORC-20260602-0860,2,2026-06-02 17:44:41,Orchard Central,TOP-M-02,Men's Supima Cotton Polo Shirt,Tops,MEN,29.9,29.9,False,1,29.9,Card
ORC-20260602-0747,1,2026-06-02 17:15:25,Orchard Central,SOK-W-04,Women's Ribbed Crew Socks,Socks,women,5.9,5.9,False,1,5.9,PayNow
PUN-20260602-0400,3,2026-06-02 21:04:07,PUNGGOL,SOK-W-01,  Women's Ankle Socks 3-Pack  ,Socks,Women,14.9,14.9,False,1,14.9,Paynow
ORC-20260602-0703,1,2026-06-02 14:48:36,Orchard Central,TOP-W-02,Women's Ribbed Long Sleeve Turtleneck,Tops,Women,19.9,19.9,False,1,19.9,Cash
ORC-20260602-0439,1,2026-06-02 18:03:15,Orchard Central,TOP-M-02,Men's Supima Cotton Polo Shirt,Tops,Men,29.9,29.9,False,1,29.9,PAYNOW
BUG-20260602-0510,2,2026-06-02 20:12:57,Bugis,SOK-W-02,Women's Pile Crew Socks,Socks,Women,5.9,5.9,False,1,5.9,PayNow
BUG-20260602-0746,1,2026-06-02 19:48:54,Bugis,SOK-W-02,Women's Pile Crew Socks,Socks,women,5.9,5.9,False,1,5.9,Card
ORC-20260602-0679,3,2026-06-02 20:49:10,Orchard Central,SOK-M-09,Men's No-Show Sneaker Socks,SOCKS,Men,$4.11,5.9,True,1,$4.11,PayNow
BUG-20260602-0721,1,2026-06-02 20:18:53,Bugis,SOK-W-01,Women's Ankle Socks 3-Pack,Socks,Women,14.9,14.9,False,2,29.8,Card
BUG-20260602-0678,2,2026-06-02 19:52:03,Bugis,BTM-M-08,Men's Relaxed Fit Denim Shorts,Bottoms,Men,22.99,29.9,True,1,22.99,NETS
ORC-20260602-0163,2,2026-06-02 20:00:22,Orchard Central,SOK-W-03,Women's Airism Low-Cut Socks,Socks,Women,5.9,5.9,False,1,5.9,Cash
ORC-20260602-0455,1,2026-06-02 14:54:08,  Orchard Central  ,SOK-W-01,Women's Ankle Socks 3-Pack,Socks,Women,14.9,14.9,False,1,14.9,PayNow
PUN-20260602-0542,2,2026-06-02 20:06:07,PUNGGOL,SOK-W-04,Women's Ribbed Crew Socks,Socks,Women,5.9,5.9,False,1,5.9,Cash
ORC-20260602-0144,1,2026-06-02 19:30:34,Orchard Central,UND-M-03,Men's Airism Mesh Boxer Briefs,Underwear,Men,14.9,14.9,False,1,14.9,Card
BUG-20260602-0153,1,2026-06-02 20:06:04,Bugis,SOK-M-01,Men's Ankle Socks 3-Pack,Socks,Men,14.9,14.9,False,1,14.9,CASH
ORC-20260602-0976,2,2026-06-02 14:39:22,Orchard Central,TOP-M-04,Men's Oxford Long Sleeve Shirt,Tops,MEN,29.9,29.9,False,1,29.9,Card
ORC-20260602-0828,1,2026-06-02 20:15:10,Orchard Central,SOK-M-04,Men's Ribbed Crew Socks,Socks,men,5.9,5.9,False,1,5.9,paynow
ORC-20260602-0369,2,2026-06-02 19:49:41,Orchard Central,UND-W-03,Women's Cotton Blend Briefs,Underwear,Women,9.9,9.9,False,1,$9.9,PayNow
PUN-20260602-0061,3,2026-06-02 16:58:47,PUNGGOL,TOP-W-01,Women's Airism Cotton Crew Neck T-Shirt,Tops,Women,14.9,14.9,False,1,14.9,Card
PUN-20260602-0518,1,2026-06-02 19:05:00,Punggol,UND-W-02,Women's Wireless Bra,Underwear,Women,29.9,29.9,False,1,29.9,Paynow
BUG-20260602-0388,2,2026-06-02 20:26:46,Bugis,TOP-M-04,Men's Oxford Long Sleeve Shirt,Tops,Men,29.9,29.9,False,1,29.9,Card
ORC-20260602-1077,1,2026-06-02 16:09:46,Orchard Central,SOK-M-10,Men's Wool Blend Socks,Socks,Men,9.9,9.9,False,1,9.9,NETS
ORC-20260602-0376,2,2026-06-02 17:27:40,Orchard Central,TOP-M-01,Men's Airism Cotton Crew Neck T-Shirt,Tops,Men,14.9,14.9,False,1,14.9,NETS
BUG-20260602-0562,1,2026-06-02 21:58:33,bugis,TOP-M-04,Men's Oxford Long Sleeve Shirt,Tops,Men,29.9,29.9,False,1,29.9,Card
ORC-20260602-0170,2,2026-06-02 11:07:40,Orchard Central,TOP-W-01,Women's Airism Cotton Crew Neck T-Shirt,Tops,Women,14.9,14.9,False,1,14.9,Card
PUN-20260602-0526,2,2026-06-02 20:30:05,Punggol,TOP-M-02,Men's Supima Cotton Polo Shirt,Tops,Men,29.9,29.9,False,1,29.9,PayNow
PUN-20260602-0133,2,2026-06-02 13:48:45,Punggol,SOK-M-06,Men's Heattech Socks,Socks,Men,9.9,9.9,False,2,19.8,Card
BUG-20260602-0075,1,2026-06-02 18:29:11,Bugis,SOK-M-03,Men's Airism Low-Cut Socks,Socks,Men,5.9,5.9,False,1,5.9,CARD
ORC-20260602-0260,3,2026-06-02 20:34:30,Orchard Central,SOK-W-02,Women's Pile Crew Socks,Socks,Women,5.9,5.9,False,1,5.9,Card
PUN-20260602-0384,1,2026-06-02 19:10:09,Punggol,SOK-W-02,Women's Pile Crew Socks,Socks,Women,5.9,5.9,False,2,11.8,Card
PUN-20260602-0107,2,2026-06-02 20:20:49,Punggol,SOK-W-02,Women's Pile Crew Socks,Socks,Women,5.9,5.9,False,1,5.9,NETS
PUN-20260602-0088,1,2026-06-02 20:33:03,Punggol,UND-W-03,  Women's Cotton Blend Briefs  ,Underwear,Women,9.9,9.9,False,1,9.9,NETS
ORC-20260602-0832,2,2026-06-02 17:35:28,Orchard Central,SOK-W-09,Women's No-Show Sneaker Socks,Socks,Women,5.9,5.9,False,1,5.9,
ORC-20260602-0654,3,2026-06-02 20:03:08,Orchard Central,SOK-M-03,Men's Airism Low-Cut Socks,socks,Men,5.9,5.9,False,2,11.8,Card
BUG-20260602-0187,3,2026-06-02 18:21:37,Bugis,SOK-W-02,Women's Pile Crew Socks,Socks,Women,5.9,5.9,False,1,5.9,Cash
BUG-20260602-0616,3,2026-06-02 22:37:11,Bugis,SOK-M-04,Men's Ribbed Crew Socks,Socks,Men,5.9,5.9,False,1,5.9,Card
ORC-20260602-0471,3,2026-06-02 17:40:11,Orchard Central,SOK-M-04,Men's Ribbed Crew Socks,Socks,Men,5.9,5.9,False,1,5.9,card
ORC-20260602-0896,2,2026-06-02 21:36:06,Orchard Central,SOK-M-04,Men's Ribbed Crew Socks,Socks,Men,5.9,5.9,False,1,5.9,PAYNOW
BUG-20260602-0659,3,2026-06-02 15:58:15,Bugis,BTM-W-03,Women's Ezy Ankle Pants,Bottoms,Women,29.9,29.9,False,1,29.9,Card
BUG-20260602-0754,1,2026-06-02 19:42:57,Bugis,BTM-M-02,Men's Slim Fit Chino Trousers,Bottoms,Men,29.9,29.9,False,1,29.9,card
ORC-20260602-0401,1,2026-06-02 18:09:15,Orchard Central,SOK-M-04,Men's Ribbed Crew Socks,Socks,Men,5.9,5.9,False,1,5.9,card
ORC-20260602-0304,1,2026-06-02 20:45:37,Orchard Central,SOK-W-02,Women's Pile Crew Socks,Socks,Women,5.9,5.9,False,1,5.9,Card
BUG-20260602-0073,3,2026-06-02 17:32:25,Bugis,UND-M-01,  Men's Airism Boxer Briefs  ,Underwear,Men,14.9,14.9,False,1,14.9,Cash
PUN-20260602-0444,1,2026-06-02 20:45:44,Punggol,SOK-M-03,Men's Airism Low-Cut Socks,Socks,Men,5.9,5.9,False,1,5.9,Card
ORC-20260602-0502,2,2026-06-02 15:38:21,  Orchard Central  ,SOK-M-04,Men's Ribbed Crew Socks,Socks,Men,5.9,5.9,False,1,5.9,Card
BUG-20260602-0707,1,2026-06-02 17:38:18,Bugis,UND-M-01,Men's Airism Boxer Briefs,Underwear,Men,14.9,14.9,False,1,14.9,NETS
BUG-20260602-0533,1,2026-06-02 20:09:44,Bugis,UND-M-02,  Men's Cotton Blend Trunks  ,Underwear,Men,14.9,14.9,False,2,29.8,PayNow
BUG-20260602-0358,1,2026-06-02 15:07:17,Bugis,TOP-W-01,Women's Airism Cotton Crew Neck T-Shirt,TOPS,Women,14.9,14.9,False,1,14.9,Card
PUN-20260602-0402,2,2026-06-02 14:24:49,  PUNGGOL  ,SOK-M-04,Men's Ribbed Crew Socks,Socks,Men,5.9,5.9,False,1,5.9,CARD
ORC-20260602-1060,1,2026-06-02 15:17:19,Orchard Central,SOK-W-02,Women's Pile Crew Socks,SOCKS,Women,5.9,5.9,False,1,5.9,PayNow
BUG-20260602-0345,2,2026-06-02 21:19:55,BUGIS,SOK-M-03,Men's Airism Low-Cut Socks,Socks,Men,5.9,5.9,False,1,5.9,Paynow
BUG-20260602-0371,2,2026-06-02 18:28:21,Bugis,BTM-M-03,Men's Selvedge Regular Fit Jeans,Bottoms,Men,59.9,59.9,False,1,59.9,PayNow
PUN-20260602-0426,3,2026-06-02 21:55:42,PUNGGOL,UND-W-01,Women's Airism Bikini Shorts,underwear,Women,9.9,9.9,False,1,9.9,Card
ORC-20260602-0631,1,2026-06-02 18:14:37,Orchard Central,SOK-W-03,Women's Airism Low-Cut Socks,Socks,women,5.9,5.9,False,2,11.8,Cash
ORC-20260602-0406,3,2026-06-02 18:39:20,Orchard Central,UND-W-02,Women's Wireless Bra,Underwear,Women,29.9,29.9,False,1,29.9,Card
ORC-20260602-1020,3,2026-06-02 21:55:09,Orchard Central,UND-M-04,Men's Cotton Crew Neck Undershirt,Underwear,Men,14.9,14.9,False,1,14.9,Card
PUN-20260602-0257,3,2026-06-02 11:36:55,Punggol,SOK-W-02,Women's Pile Crew Socks,Socks,women,5.9,5.9,False,1,5.9,Card
ORC-20260602-0795,2,2026-06-02 21:36:38,Orchard Central,UND-W-03,Women's Cotton Blend Briefs,Underwear,Women,9.9,9.9,False,1,9.9,Card
ORC-20260602-0472,1,2026-06-02 19:19:26,Orchard Central,TOP-W-01,Women's Airism Cotton Crew Neck T-Shirt,Tops,Women,14.9,14.9,False,1,14.9,PayNow
BUG-20260602-0602,1,2026-06-02 22:09:37,Bugis,UND-W-02,Women's Wireless Bra,Underwear,Women,$29.9,29.9,False,1,29.9,Card
BUG-20260602-0333,3,2026-06-02 18:43:19,Bugis,SOK-M-03,Men's Airism Low-Cut Socks,Socks,Men,5.9,5.9,False,1,5.9,PayNow
PUN-20260602-0529,2,2026-06-02 20:26:13,Punggol,SOK-W-03,Women's Airism Low-Cut Socks,Socks,Women,5.9,5.9,False,1,5.9,Card
PUN-20260602-0505,1,2026-06-02 17:05:46,Punggol,TOP-W-04,Women's Heattech Crew Neck Long Sleeve Tee,Tops,Women,14.9,14.9,False,1,14.9,Card
PUN-20260602-0609,1,2026-06-02 18:55:39,Punggol,SOK-W-03,Women's Airism Low-Cut Socks,Socks,Women,5.9,5.9,False,1,5.9,card
ORC-20260602-0556,3,2026-06-02 20:47:15,Orchard Central,BTM-M-03,Men's Selvedge Regular Fit Jeans,Bottoms,MEN,59.9,59.9,False,1,59.9,PayNow
BUG-20260602-0570,1,2026-06-02 18:25:50,  bugis  ,TOP-M-06,Men's Fleece Full-Zip Hoodie,Tops,Men,$39.9,39.9,False,1,39.9,
BUG-20260602-0100,1,2026-06-02 18:30:58,Bugis,SOK-M-04,Men's Ribbed Crew Socks,SOCKS,Men,5.9,5.9,False,1,5.9,PayNow
PUN-20260602-0255,1,2026-06-02 15:51:29,Punggol,BTM-M-02,Men's Slim Fit Chino Trousers,bottoms,Men,29.9,29.9,False,1,29.9,Card
BUG-20260602-0718,2,2026-06-02 12:10:16,Bugis,UND-W-03,  Women's Cotton Blend Briefs  ,Underwear,Women,9.9,9.9,False,1,9.9,Card
PUN-20260602-0514,1,2026-06-02 20:52:57,Punggol,SOK-M-04,Men's Ribbed Crew Socks,Socks,Men,5.9,5.9,False,1,5.9,Card
PUN-20260602-0340,1,2026-06-02 22:21:42,Punggol,SOK-M-02,Men's Pile Crew Socks,Socks,Men,5.9,5.9,False,1,5.9,PayNow
ORC-20260602-1035,2,2026-06-02 12:47:54,Orchard Central,SOK-M-09,,Socks,Men,4.11,5.9,True,2,8.22,Card
ORC-20260602-0628,2,2026-06-02 20:17:25,Orchard Central,UND-W-04,Women's Airism T-Shirt Bra,UNDERWEAR,Women,29.9,29.9,False,2,59.8,PayNow
BUG-20260602-0525,1,2026-06-02 19:04:16,Bugis,TOP-M-03,Men's Dry-EX Crew Neck T-Shirt,Tops,Men,19.9,19.9,False,1,19.9,NETS
ORC-20260602-0046,2,2026-06-02 21:03:45,Orchard Central,SOK-M-02,Men's Pile Crew Socks,Socks,Men,5.9,5.9,False,1,5.9,NETS
ORC-20260602-0867,3,2026-06-02 17:43:04,Orchard Central,SOK-W-04,Women's Ribbed Crew Socks,Socks,Women,5.9,5.9,False,1,5.9,Card
ORC-20260602-0347,2,2026-06-02 14:11:56,Orchard Central,UND-M-01,Men's Airism Boxer Briefs,Underwear,Men,14.9,14.9,False,1,14.9,CARD
BUG-20260602-0786,3,2026-06-02 12:00:29,BUGIS,SOK-M-02,Men's Pile Crew Socks,Socks,Men,5.9,5.9,False,1,5.9,Card
PUN-20260602-0221,1,2026-06-02 19:09:54,Punggol,UND-W-01,Women's Airism Bikini Shorts,Underwear,WOMEN,9.9,9.9,False,1,9.9,CASH
BUG-20260602-0705,2,2026-06-02 19:36:31,Bugis,SOK-W-04,Women's Ribbed Crew Socks,Socks,Women,5.9,5.9,False,2,11.8,PayNow
BUG-20260602-0399,3,2026-06-02 20:01:14,Bugis,BTM-M-02,Men's Slim Fit Chino Trousers,Bottoms,Men,29.9,29.9,False,1,29.9,Card
BUG-20260602-0616,1,2026-06-02 22:37:11,Bugis,UND-M-02,Men's Cotton Blend Trunks,Underwear,Men,14.9,14.9,False,2,29.8,Card
ORC-20260602-0042,1,2026-06-02 19:54:03,Orchard Central,SOK-M-09,Men's No-Show Sneaker Socks,Socks,Men,4.11,5.9,True,1,4.11,Card
ORC-20260602-1013,2,2026-06-02 20:51:17,Orchard Central,TOP-M-05,Men's Heattech Crew Neck Long Sleeve Tee,Tops,Men,$11.62,14.9,True,1,11.62,Card
BUG-20260602-0464,1,2026-06-02 21:26:17,BUGIS,TOP-M-01,Men's Airism Cotton Crew Neck T-Shirt,Tops,Men,14.9,14.9,False,1,14.9,PayNow
BUG-20260602-0777,2,2026-06-02 18:29:09,Bugis,SOK-M-01,Men's Ankle Socks 3-Pack,Socks,Men,14.9,14.9,False,2,29.8,PAYNOW
BUG-20260602-0593,3,2026-06-02 16:27:17,BUGIS,UND-M-02,Men's Cotton Blend Trunks,Underwear,Men,14.9,14.9,False,1,14.9,Cash
PUN-20260602-0614,3,2026-06-02 19:19:14,Punggol,UND-W-03,  Women's Cotton Blend Briefs  ,underwear,Women,9.9,9.9,False,1,9.9,CARD
BUG-20260602-0146,2,2026-06-02 20:06:32,Bugis,UND-M-04,Men's Cotton Crew Neck Undershirt,Underwear,Men,14.9,14.9,False,1,14.9,PayNow
BUG-20260602-0110,2,2026-06-02 19:22:24,Bugis,SOK-M-04,Men's Ribbed Crew Socks,Socks,Men,5.9,5.9,False,1,5.9,Card
ORC-20260602-0357,1,2026-06-02 21:39:55,Orchard Central,SOK-M-08,Men's Cotton Blend Dress Socks,Socks,Men,9.9,9.9,False,1,9.9,Cash
ORC-20260602-0914,3,2026-06-02 14:12:38,Orchard Central,SOK-W-01,Women's Ankle Socks 3-Pack,Socks,Women,14.9,14.9,False,1,14.9,Cash
ORC-20260602-0342,1,2026-06-02 12:52:54,Orchard Central,SOK-W-10,Women's Wool Blend Socks,Socks,Women,9.9,9.9,False,1,9.9,Card
PUN-20260602-0143,1,2026-06-02 18:00:17,Punggol,SOK-W-02,Women's Pile Crew Socks,Socks,Women,5.9,5.9,False,1,5.9,NETS
ORC-20260602-0933,1,2026-06-02 20:33:02,Orchard Central,SOK-W-04,  Women's Ribbed Crew Socks  ,Socks,Women,5.9,5.9,False,1,5.9,Card
ORC-20260602-0576,1,2026-06-02 20:18:12,  Orchard Central  ,TOP-M-01,Men's Airism Cotton Crew Neck T-Shirt,Tops,Men,14.9,14.9,False,1,14.9,NETS
BUG-20260602-0226,2,2026-06-02 17:33:05,  Bugis  ,SOK-M-04,Men's Ribbed Crew Socks,Socks,Men,5.9,5.9,False,1,5.9,NETS
ORC-20260602-0557,1,2026-06-02 19:14:19,Orchard Central,UND-W-03,Women's Cotton Blend Briefs,Underwear,Women,9.9,9.9,False,1,9.9,Cash
PUN-20260602-0563,1,2026-06-02 22:33:07,Punggol,UND-W-01,Women's Airism Bikini Shorts,UNDERWEAR,Women,9.9,9.9,False,1,9.9,Card
ORC-20260602-0970,2,2026-06-02 21:37:46,Orchard Central,SOK-M-09,Men's No-Show Sneaker Socks,socks,Men,4.11,5.9,True,1,4.11,card
PUN-20260602-0007,2,2026-06-02 21:36:20,Punggol,UND-W-03,Women's Cotton Blend Briefs,Underwear,Women,9.9,9.9,False,1,9.9,NETS
ORC-20260602-0115,1,2026-06-02 18:33:51,Orchard Central,UND-M-02,Men's Cotton Blend Trunks,Underwear,Men,14.9,14.9,False,1,14.9,Card
PUN-20260602-0574,2,2026-06-02 18:07:55,Punggol,SOK-W-02,Women's Pile Crew Socks,Socks,Women,5.9,5.9,False,1,5.9,PayNow
BUG-20260602-0207,2,2026-06-02 16:06:28,Bugis,SOK-W-04,Women's Ribbed Crew Socks,Socks,Women,5.9,5.9,False,1,5.9,PayNow
ORC-20260602-0282,1,2026-06-02 19:41:47,Orchard Central,UND-M-03,Men's Airism Mesh Boxer Briefs,Underwear,Men,14.9,14.9,False,1,$14.9,cash
PUN-20260602-0163,3,2026-06-02 19:03:55,Punggol,SOK-M-01,Men's Ankle Socks 3-Pack,Socks,Men,14.9,14.9,False,1,14.9,Cash
ORC-20260602-0864,3,2026-06-02 12:12:15,ORCHARD CENTRAL,TOP-M-02,  Men's Supima Cotton Polo Shirt  ,Tops,Men,29.9,29.9,False,1,29.9,NETS
ORC-20260602-0688,1,2026-06-02 21:35:12,Orchard Central,SOK-W-09,Women's No-Show Sneaker Socks,Socks,Women,5.9,5.9,False,1,5.9,Card
BUG-20260602-0592,1,2026-06-02 17:29:53,Bugis,TOP-W-02,Women's Ribbed Long Sleeve Turtleneck,Tops,WOMEN,19.9,19.9,False,1,19.9,Card
BUG-20260602-0451,2,2026-06-02 19:49:23,Bugis,UND-W-04,Women's Airism T-Shirt Bra,Underwear,Women,29.9,29.9,False,2,59.8,Card
ORC-20260602-1052,1,2026-06-02 21:11:08,Orchard Central,SOK-M-02,Men's Pile Crew Socks,Socks,Men,5.9,5.9,False,1,5.9,Cash
BUG-20260602-0554,1,2026-06-02 19:37:48,Bugis,UND-W-03,Women's Cotton Blend Briefs,Underwear,Women,9.9,9.9,False,1,9.9,card
ORC-20260602-0851,1,2026-06-02 21:09:12,Orchard Central,SOK-M-03,Men's Airism Low-Cut Socks,Socks,Men,5.9,5.9,False,1,5.9,Card
ORC-20260602-0175,2,2026-06-02 18:01:07,Orchard Central,TOP-W-02,Women's Ribbed Long Sleeve Turtleneck,Tops,Women,19.9,19.9,False,1,19.9,NETS
PUN-20260602-0398,2,2026-06-02 22:11:01,Punggol,SOK-M-02,Men's Pile Crew Socks,Socks,Men,5.9,5.9,False,1,5.9,Paynow
BUG-20260602-0753,1,2026-06-02 21:05:51,Bugis,TOP-M-01,Men's Airism Cotton Crew Neck T-Shirt,tops,Men,14.9,14.9,False,1,14.9,Card
BUG-20260602-0362,3,2026-06-02 11:29:26,Bugis,TOP-W-01,Women's Airism Cotton Crew Neck T-Shirt,Tops,Women,14.9,14.9,False,1,14.9,PayNow
ORC-20260602-0517,2,2026-06-02 17:24:08,Orchard Central,SOK-M-02,Men's Pile Crew Socks,socks,Men,5.9,5.9,False,1,5.9,CARD
PUN-20260602-0393,1,2026-06-02 14:21:47,Punggol,UND-M-06,Men's Airism Sleeveless Undershirt,Underwear,Men,9.9,9.9,False,1,9.9,
PUN-20260602-0310,1,2026-06-02 18:43:22,Punggol,TOP-M-03,Men's Dry-EX Crew Neck T-Shirt,Tops,Men,19.9,19.9,False,1,19.9,Cash
ORC-20260602-0055,2,2026-06-02 19:27:55,Orchard Central,TOP-W-02,Women's Ribbed Long Sleeve Turtleneck,Tops,Women,19.9,19.9,False,1,19.9,Card
ORC-20260602-0435,3,2026-06-02 12:40:14,  Orchard Central  ,SOK-W-02,  Women's Pile Crew Socks  ,Socks,Women,5.9,5.9,False,1,5.9,cash
PUN-20260602-0578,1,2026-06-02 21:03:11,Punggol,UND-W-02,Women's Wireless Bra,Underwear,women,29.9,29.9,False,1,29.9,PayNow
ORC-20260602-0495,1,2026-06-02 19:37:18,Orchard Central,SOK-W-09,Women's No-Show Sneaker Socks,Socks,Women,5.9,5.9,False,1,5.9,PayNow
PUN-20260602-0356,2,2026-06-02 15:06:53,PUNGGOL,SOK-M-01,Men's Ankle Socks 3-Pack,socks,Men,14.9,14.9,False,2,29.8,PayNow
PUN-20260602-0604,1,2026-06-02 20:46:20,Punggol,UND-W-01,Women's Airism Bikini Shorts,UNDERWEAR,Women,9.9,9.9,False,1,9.9,Card
PUN-20260602-0137,3,2026-06-02 21:07:56,  Punggol  ,SOK-W-02,Women's Pile Crew Socks,Socks,Women,5.9,5.9,False,1,$5.9,Card
BUG-20260602-0747,2,2026-06-02 19:32:56,Bugis,BTM-W-03,Women's Ezy Ankle Pants,BOTTOMS,Women,29.9,29.9,False,1,29.9,PayNow
BUG-20260602-0620,3,2026-06-02 17:48:06,BUGIS,SOK-M-01,Men's Ankle Socks 3-Pack,Socks,Men,14.9,14.9,False,1,14.9,NETS
ORC-20260602-1054,1,2026-06-02 19:45:53,Orchard Central,UND-M-01,Men's Airism Boxer Briefs,Underwear,Men,14.9,14.9,False,1,14.9,Card
PUN-20260602-0199,1,2026-06-02 12:16:31,Punggol,UND-W-03,Women's Cotton Blend Briefs,UNDERWEAR,Women,9.9,9.9,False,1,9.9,Cash
ORC-20260602-0036,2,2026-06-02 20:17:09,  ORCHARD CENTRAL  ,TOP-M-03,Men's Dry-EX Crew Neck T-Shirt,Tops,Men,19.9,19.9,False,1,19.9,NETS
PUN-20260602-0171,1,2026-06-02 13:06:14,Punggol,SOK-M-04,  Men's Ribbed Crew Socks  ,Socks,Men,$5.9,5.9,False,2,11.8,Card
ORC-20260602-0924,3,2026-06-02 16:16:50,Orchard Central,SOK-W-04,Women's Ribbed Crew Socks,Socks,Women,5.9,5.9,False,1,5.9,Card
ORC-20260602-0369,1,2026-06-02 19:49:41,Orchard Central,SOK-W-02,Women's Pile Crew Socks,Socks,Women,5.9,5.9,False,1,5.9,PayNow
BUG-20260602-0126,2,2026-06-02 14:21:57,Bugis,SOK-W-03,Women's Airism Low-Cut Socks,Socks,Women,5.9,5.9,False,1,5.9,PayNow
ORC-20260602-0447,1,2026-06-02 21:31:12,Orchard Central,SOK-W-03,Women's Airism Low-Cut Socks,Socks,Women,5.9,5.9,False,1,5.9,Card
BUG-20260602-0613,1,2026-06-02 20:12:17,Bugis,SOK-W-04,Women's Ribbed Crew Socks,Socks,WOMEN,5.9,5.9,False,1,5.9,NETS
PUN-20260602-0639,1,2026-06-02 14:51:43,Punggol,TOP-W-04,Women's Heattech Crew Neck Long Sleeve Tee,Tops,Women,14.9,14.9,False,1,14.9,CASH
ORC-20260602-0306,1,2026-06-02 22:12:37,Orchard Central,SOK-M-03,  Men's Airism Low-Cut Socks  ,Socks,Men,5.9,5.9,False,1,5.9,NETS
PUN-20260602-0033,1,2026-06-02 21:11:50,Punggol,TOP-W-03,Women's Silky Satin Blouse,Tops,Women,39.9,39.9,False,1,39.9,Card
PUN-20260602-0453,1,2026-06-02 17:11:48,Punggol,TOP-W-01,Women's Airism Cotton Crew Neck T-Shirt,Tops,Women,14.9,14.9,False,1,14.9,Card
ORC-20260602-0647,1,2026-06-02 21:44:35,  Orchard Central  ,SOK-W-02,Women's Pile Crew Socks,Socks,Women,5.9,5.9,False,1,5.9,Card
ORC-20260602-0081,2,2026-06-02 12:43:33,Orchard Central,TOP-M-03,Men's Dry-EX Crew Neck T-Shirt,Tops,Men,19.9,19.9,False,1,$19.9,Card
PUN-20260602-0155,1,2026-06-02 18:05:20,Punggol,SOK-M-03,Men's Airism Low-Cut Socks,Socks,Men,5.9,5.9,False,2,11.8,PayNow
ORC-20260602-0841,1,2026-06-02 19:42:47,Orchard Central,SOK-W-03,Women's Airism Low-Cut Socks,Socks,Women,5.9,5.9,False,1,5.9,PayNow
ORC-20260602-0185,1,2026-06-02 20:43:36,Orchard Central,SOK-M-02,Men's Pile Crew Socks,Socks,Men,5.9,5.9,False,2,11.8,Card
PUN-20260602-0619,2,2026-06-02 16:31:00,Punggol,SOK-W-03,Women's Airism Low-Cut Socks,Socks,Women,5.9,5.9,False,1,5.9,Card
BUG-20260602-0449,3,2026-06-02 13:25:11,Bugis,SOK-W-01,Women's Ankle Socks 3-Pack,socks,Women,14.9,14.9,False,1,14.9,PayNow
BUG-20260602-0370,1,2026-06-02 20:57:10,Bugis,SOK-W-04,Women's Ribbed Crew Socks,Socks,women,5.9,5.9,False,1,5.9,paynow
PUN-20260602-0385,3,2026-06-02 19:06:55,Punggol,SOK-W-04,Women's Ribbed Crew Socks,Socks,Women,5.9,5.9,False,1,5.9,Cash
ORC-20260602-0123,1,2026-06-02 17:56:03,Orchard Central,TOP-W-02,Women's Ribbed Long Sleeve Turtleneck,Tops,Women,19.9,19.9,False,1,19.9,CARD
ORC-20260602-0500,1,2026-06-02 17:24:12,Orchard Central,SOK-M-09,Men's No-Show Sneaker Socks,Socks,Men,4.11,5.9,True,1,$4.11,PayNow
ORC-20260602-0807,1,2026-06-02 15:33:21,Orchard Central,SOK-M-07,  Men's Striped Crew Socks  ,socks,Men,5.9,5.9,False,1,5.9,PAYNOW
ORC-20260602-0279,1,2026-06-02 21:13:26,Orchard Central,TOP-W-02,Women's Ribbed Long Sleeve Turtleneck,TOPS,Women,19.9,19.9,False,1,19.9,card
ORC-20260602-0205,1,2026-06-02 21:46:18,Orchard Central,BTM-W-03,Women's Ezy Ankle Pants,Bottoms,women,29.9,29.9,False,1,29.9,CARD
BUG-20260602-0644,2,2026-06-02 22:44:32,Bugis,UND-M-04,Men's Cotton Crew Neck Undershirt,Underwear,Men,14.9,14.9,False,1,14.9,NETS
ORC-20260602-0737,1,2026-06-02 17:57:13,Orchard Central,SOK-M-09,Men's No-Show Sneaker Socks,Socks,Men,4.11,5.9,True,1,4.11,CARD
BUG-20260602-0774,1,2026-06-02 20:37:19,Bugis,TOP-W-04,Women's Heattech Crew Neck Long Sleeve Tee,Tops,Women,14.9,14.9,False,1,$14.9,Cash
ORC-20260602-0922,2,2026-06-02 19:32:23,Orchard Central,UND-M-01,  Men's Airism Boxer Briefs  ,UNDERWEAR,Men,14.9,14.9,False,1,14.9,PayNow
BUG-20260602-0552,3,2026-06-02 15:49:32,bugis,TOP-M-01,Men's Airism Cotton Crew Neck T-Shirt,TOPS,Men,14.9,14.9,False,1,14.9,Card
ORC-20260602-0163,1,2026-06-02 20:00:22,Orchard Central,UND-W-09,Women's Cotton Boyshorts,Underwear,Women,$9.9,9.9,False,1,9.9,Cash
ORC-20260602-0553,2,2026-06-02 19:03:44,  Orchard Central  ,SOK-M-09,Men's No-Show Sneaker Socks,Socks,Men,4.11,5.9,True,1,4.11,PayNow
PUN-20260602-0364,1,2026-06-02 12:08:54,Punggol,UND-W-02,Women's Wireless Bra,Underwear,Women,29.9,29.9,False,2,59.8,CARD
BUG-20260602-0762,2,2026-06-02 19:40:43,Bugis,UND-M-02,Men's Cotton Blend Trunks,Underwear,Men,14.9,14.9,False,1,14.9,Card
PUN-20260602-0312,2,2026-06-02 11:27:09,Punggol,SOK-M-02,Men's Pile Crew Socks,Socks,MEN,5.9,5.9,False,2,11.8,Card
ORC-20260602-0197,3,2026-06-02 18:39:03,Orchard Central,SOK-M-03,Men's Airism Low-Cut Socks,Socks,Men,5.9,5.9,False,2,11.8,card
ORC-20260602-0551,2,2026-06-02 11:00:17,Orchard Central,SOK-W-04,Women's Ribbed Crew Socks,Socks,Women,5.9,5.9,False,1,5.9,Card
ORC-20260602-0272,3,2026-06-02 21:59:57,Orchard Central,TOP-W-03,Women's Silky Satin Blouse,Tops,Women,39.9,39.9,False,1,39.9,Card
PUN-20260602-0276,1,2026-06-02 21:03:25,Punggol,SOK-M-04,Men's Ribbed Crew Socks,Socks,Men,5.9,5.9,False,1,5.9,Cash
PUN-20260602-0448,1,2026-06-02 19:08:53,Punggol,UND-W-03,Women's Cotton Blend Briefs,Underwear,WOMEN,9.9,9.9,False,1,9.9,Cash
BUG-20260602-0201,1,2026-06-02 20:28:37,Bugis,TOP-W-02,  Women's Ribbed Long Sleeve Turtleneck  ,Tops,Women,19.9,19.9,False,1,19.9,Card
ORC-20260602-1113,1,2026-06-02 21:29:04,Orchard Central,SOK-M-09,Men's No-Show Sneaker Socks,Socks,Men,4.11,5.9,True,1,4.11,Card
ORC-20260602-0300,1,2026-06-02 18:16:14,orchard central,UND-M-02,Men's Cotton Blend Trunks,Underwear,Men,14.9,14.9,False,1,14.9,NETS
ORC-20260602-1098,3,2026-06-02 19:56:52,Orchard Central,BTM-W-01,Women's Ultra Stretch Skinny Jeans,bottoms,Women,39.9,39.9,False,1,39.9,Paynow
BUG-20260602-0660,1,2026-06-02 12:06:17,Bugis,TOP-W-04,Women's Heattech Crew Neck Long Sleeve Tee,TOPS,women,14.9,14.9,False,1,14.9,Card
BUG-20260602-0372,1,2026-06-02 20:32:06,Bugis,UND-M-04,Men's Cotton Crew Neck Undershirt,Underwear,Men,14.9,14.9,False,1,14.9,NETS
PUN-20260602-0112,1,2026-06-02 17:32:51,Punggol,SOK-W-01,Women's Ankle Socks 3-Pack,Socks,Women,14.9,14.9,False,1,14.9,Card
PUN-20260602-0542,1,2026-06-02 20:06:07,Punggol,SOK-W-04,Women's Ribbed Crew Socks,Socks,Women,$5.9,5.9,False,1,5.9,Cash
ORC-20260602-0594,2,2026-06-02 12:27:09,Orchard Central,TOP-M-01,Men's Airism Cotton Crew Neck T-Shirt,Tops,Men,14.9,14.9,False,1,14.9,NETS
ORC-20260602-0495,3,2026-06-02 19:37:18,  Orchard Central  ,UND-M-04,Men's Cotton Crew Neck Undershirt,Underwear,Men,14.9,14.9,False,1,14.9,PayNow
ORC-20260602-1000,1,2026-06-02 16:36:09,Orchard Central,SOK-W-02,Women's Pile Crew Socks,Socks,Women,5.9,5.9,False,1,5.9,PayNow
ORC-20260602-0881,1,2026-06-02 20:47:59,Orchard Central,SOK-W-01,Women's Ankle Socks 3-Pack,Socks,Women,14.9,14.9,False,1,14.9,Card
PUN-20260602-0179,1,2026-06-02 19:39:21,Punggol,UND-W-01,Women's Airism Bikini Shorts,UNDERWEAR,WOMEN,9.9,9.9,False,1,9.9,Cash
PUN-20260602-0528,1,2026-06-02 21:16:06,  Punggol  ,SOK-M-04,Men's Ribbed Crew Socks,Socks,Men,5.9,5.9,False,1,5.9,CARD
PUN-20260602-0144,2,2026-06-02 20:52:10,Punggol,SOK-W-04,Women's Ribbed Crew Socks,Socks,Women,5.9,5.9,False,1,5.9,PayNow
PUN-20260602-0062,1,2026-06-02 21:20:29,Punggol,UND-W-03,Women's Cotton Blend Briefs,Underwear,Women,9.9,9.9,False,2,19.8,PayNow
PUN-20260602-0282,3,2026-06-02 15:48:47,Punggol,SOK-W-06,Women's Heattech Socks,Socks,Women,9.9,9.9,False,1,9.9,NETS
ORC-20260602-0606,1,2026-06-02 17:30:55,Orchard Central,BTM-M-02,Men's Slim Fit Chino Trousers,Bottoms,Men,29.9,29.9,False,1,29.9,NETS
PUN-20260602-0406,1,2026-06-02 20:23:03,Punggol,BTM-M-02,Men's Slim Fit Chino Trousers,Bottoms,Men,29.9,29.9,False,1,29.9,PayNow
ORC-20260602-0640,1,2026-06-02 12:57:02,Orchard Central,UND-M-02,Men's Cotton Blend Trunks,Underwear,Men,14.9,14.9,False,1,14.9,PayNow
BUG-20260602-0271,1,2026-06-02 16:53:27,Bugis,SOK-W-04,Women's Ribbed Crew Socks,Socks,women,5.9,5.9,False,1,5.9,NETS
PUN-20260602-0338,1,2026-06-02 20:49:45,Punggol,SOK-M-01,Men's Ankle Socks 3-Pack,Socks,Men,$14.9,14.9,False,1,14.9,Card
BUG-20260602-0529,3,2026-06-02 13:18:34,Bugis,TOP-M-04,Men's Oxford Long Sleeve Shirt,Tops,MEN,29.9,29.9,False,1,29.9,Card
BUG-20260602-0561,3,2026-06-02 21:02:28,Bugis,SOK-M-02,Men's Pile Crew Socks,Socks,Men,5.9,5.9,False,1,5.9,Card
BUG-20260602-0074,1,2026-06-02 12:23:51,Bugis,SOK-W-03,,Socks,Women,5.9,5.9,False,1,5.9,NETS
ORC-20260602-0724,1,2026-06-02 19:16:38,orchard central,SOK-M-09,Men's No-Show Sneaker Socks,Socks,Men,4.11,5.9,True,2,8.22,PayNow
PUN-20260602-0529,1,2026-06-02 20:26:13,Punggol,SOK-M-03,Men's Airism Low-Cut Socks,Socks,Men,5.9,5.9,False,1,5.9,Card
ORC-20260602-0815,2,2026-06-02 18:12:31,Orchard Central,SOK-W-02,Women's Pile Crew Socks,Socks,Women,5.9,5.9,False,2,11.8,Card
BUG-20260602-0643,2,2026-06-02 21:48:48,Bugis,SOK-W-04,Women's Ribbed Crew Socks,Socks,Women,5.9,5.9,False,1,5.9,PayNow
ORC-20260602-0368,1,2026-06-02 20:36:36,orchard central,SOK-M-09,Men's No-Show Sneaker Socks,SOCKS,Men,4.11,5.9,True,1,4.11,PayNow
ORC-20260602-0898,2,2026-06-02 19:34:21,Orchard Central,SOK-W-10,Women's Wool Blend Socks,Socks,Women,9.9,9.9,False,1,9.9,PayNow
ORC-20260602-0746,1,2026-06-02 19:05:57,  Orchard Central  ,SOK-M-03,Men's Airism Low-Cut Socks,Socks,Men,5.9,5.9,False,1,5.9,Cash
ORC-20260602-0515,1,2026-06-02 12:15:19,Orchard Central,BTM-W-01,Women's Ultra Stretch Skinny Jeans,Bottoms,Women,39.9,39.9,False,1,39.9,Nets
PUN-20260602-0381,3,2026-06-02 12:37:45,Punggol,TOP-W-02,Women's Ribbed Long Sleeve Turtleneck,Tops,WOMEN,19.9,19.9,False,1,19.9,CARD
ORC-20260602-0218,3,2026-06-02 14:02:11,Orchard Central,SOK-M-08,Men's Cotton Blend Dress Socks,Socks,men,9.9,9.9,False,1,9.9,Card
PUN-20260602-0437,3,2026-06-02 16:25:25,Punggol,TOP-W-02,  Women's Ribbed Long Sleeve Turtleneck  ,Tops,Women,19.9,19.9,False,1,19.9,PayNow
BUG-20260602-0152,1,2026-06-02 15:25:52,Bugis,SOK-M-03,Men's Airism Low-Cut Socks,Socks,Men,5.9,5.9,False,1,5.9,PayNow
ORC-20260602-0389,1,2026-06-02 20:57:02,  Orchard Central  ,SOK-M-03,Men's Airism Low-Cut Socks,SOCKS,Men,5.9,5.9,False,1,5.9,NETS
PUN-20260602-0603,1,2026-06-02 20:37:58,Punggol,SOK-M-05,Men's Sport Ankle Socks,SOCKS,Men,5.9,5.9,False,2,11.8,PayNow
BUG-20260602-0341,1,2026-06-02 17:46:13,Bugis,TOP-W-01,Women's Airism Cotton Crew Neck T-Shirt,Tops,Women,14.9,14.9,False,1,14.9,Card
BUG-20260602-0507,1,2026-06-02 19:01:22,Bugis,SOK-M-02,Men's Pile Crew Socks,Socks,Men,5.9,5.9,False,1,5.9,Card
ORC-20260602-0923,1,2026-06-02 20:07:35,Orchard Central,SOK-W-02,Women's Pile Crew Socks,SOCKS,Women,5.9,5.9,False,1,5.9,Cash
ORC-20260602-1053,2,2026-06-02 20:52:44,  Orchard Central  ,SOK-W-02,Women's Pile Crew Socks,Socks,Women,5.9,5.9,False,2,11.8,Card
PUN-20260602-0508,1,2026-06-02 20:51:40,Punggol,SOK-M-01,Men's Ankle Socks 3-Pack,Socks,Men,14.9,14.9,False,1,14.9,PayNow
PUN-20260602-0334,2,2026-06-02 21:45:08,Punggol,TOP-M-01,Men's Airism Cotton Crew Neck T-Shirt,Tops,Men,14.9,14.9,False,1,14.9,Card
ORC-20260602-0461,3,2026-06-02 19:46:58,Orchard Central,SOK-M-09,Men's No-Show Sneaker Socks,Socks,Men,4.11,5.9,True,1,4.11,PayNow
PUN-20260602-0126,2,2026-06-02 20:59:42,Punggol,BTM-W-01,  Women's Ultra Stretch Skinny Jeans  ,Bottoms,Women,39.9,39.9,False,1,39.9,Cash
ORC-20260602-0880,1,2026-06-02 20:01:52,Orchard Central,SOK-M-02,Men's Pile Crew Socks,Socks,Men,5.9,5.9,False,1,5.9,PAYNOW
BUG-20260602-0724,2,2026-06-02 21:34:09,Bugis,TOP-W-09,Women's Drape Sleeveless Top,Tops,Women,19.9,19.9,False,1,19.9,PayNow
PUN-20260602-0264,1,2026-06-02 16:49:49,Punggol,SOK-M-04,Men's Ribbed Crew Socks,SOCKS,Men,5.9,5.9,False,2,11.8,PayNow
BUG-20260602-0212,1,2026-06-02 20:14:46,Bugis,SOK-W-02,Women's Pile Crew Socks,Socks,Women,5.9,5.9,False,1,5.9,Cash
PUN-20260602-0060,1,2026-06-02 20:52:57,Punggol,UND-W-01,Women's Airism Bikini Shorts,Underwear,Women,9.9,9.9,False,1,9.9,Card
PUN-20260602-0424,2,2026-06-02 17:05:39,Punggol,SOK-M-03,Men's Airism Low-Cut Socks,Socks,Men,5.9,5.9,False,1,5.9,NETS
ORC-20260602-0215,2,2026-06-02 16:31:02,Orchard Central,UND-M-03,Men's Airism Mesh Boxer Briefs,Underwear,Men,14.9,14.9,False,2,29.8,CARD
BUG-20260602-0151,1,2026-06-02 18:43:19,  bugis  ,BTM-W-03,  Women's Ezy Ankle Pants  ,Bottoms,Women,29.9,29.9,False,1,29.9,Card
PUN-20260602-0249,1,2026-06-02 13:27:10,Punggol,TOP-M-01,Men's Airism Cotton Crew Neck T-Shirt,Tops,Men,14.9,14.9,False,1,14.9,Cash
ORC-20260602-0529,3,2026-06-02 20:41:36,  Orchard Central  ,SOK-M-04,Men's Ribbed Crew Socks,Socks,Men,5.9,5.9,False,1,5.9,PayNow
PUN-20260602-0632,1,2026-06-02 20:21:34,PUNGGOL,SOK-W-03,Women's Airism Low-Cut Socks,Socks,Women,5.9,5.9,False,2,11.8,Cash
PUN-20260602-0031,1,2026-06-02 13:46:24,Punggol,SOK-M-06,Men's Heattech Socks,Socks,Men,$9.9,9.9,False,1,9.9,CARD
ORC-20260602-0638,3,2026-06-02 13:56:36,Orchard Central,UND-M-01,Men's Airism Boxer Briefs,Underwear,Men,14.9,14.9,False,1,14.9,Cash
BUG-20260602-0619,1,2026-06-02 22:59:31,Bugis,SOK-M-04,Men's Ribbed Crew Socks,Socks,Men,5.9,5.9,False,1,5.9,PayNow
ORC-20260602-0603,1,2026-06-02 21:14:34,orchard central,SOK-M-09,Men's No-Show Sneaker Socks,Socks,Men,4.11,5.9,True,1,4.11,Cash
PUN-20260602-0349,3,2026-06-02 19:37:02,punggol,BTM-M-02,  Men's Slim Fit Chino Trousers  ,Bottoms,MEN,29.9,29.9,False,1,29.9,Cash
ORC-20260602-0799,1,2026-06-02 17:22:27,Orchard Central,UND-W-05,  Women's Seamless Shorts  ,Underwear,Women,9.9,9.9,False,1,9.9,Cash
BUG-20260602-0262,2,2026-06-02 19:22:51,Bugis,SOK-M-04,Men's Ribbed Crew Socks,Socks,Men,5.9,5.9,False,1,5.9,PayNow
PUN-20260602-0072,1,2026-06-02 13:22:10,Punggol,TOP-M-02,Men's Supima Cotton Polo Shirt,Tops,Men,29.9,29.9,False,1,29.9,PayNow
BUG-20260602-0583,2,2026-06-02 19:38:01,Bugis,SOK-M-01,Men's Ankle Socks 3-Pack,SOCKS,Men,14.9,14.9,False,1,14.9,Card
BUG-20260602-0215,1,2026-06-02 14:59:11,  Bugis  ,SOK-M-03,Men's Airism Low-Cut Socks,Socks,Men,5.9,5.9,False,1,5.9,CARD
ORC-20260602-0296,1,2026-06-02 16:43:27,Orchard Central,UND-W-01,  Women's Airism Bikini Shorts  ,Underwear,Women,9.9,9.9,False,2,19.8,Cash
BUG-20260602-0220,1,2026-06-02 22:58:07,Bugis,BTM-M-03,Men's Selvedge Regular Fit Jeans,Bottoms,Men,59.9,59.9,False,1,59.9,Card
BUG-20260602-0365,2,2026-06-02 21:14:10,Bugis,BTM-M-08,Men's Relaxed Fit Denim Shorts,Bottoms,Men,22.99,29.9,True,1,22.99,NETS
PUN-20260602-0337,1,2026-06-02 20:12:03,Punggol,TOP-M-04,Men's Oxford Long Sleeve Shirt,Tops,Men,29.9,29.9,False,1,29.9,PayNow
BUG-20260602-0597,2,2026-06-02 19:53:41,Bugis,SOK-W-03,Women's Airism Low-Cut Socks,Socks,women,5.9,5.9,False,1,5.9,Card
ORC-20260602-1056,1,2026-06-02 15:55:15,Orchard Central,SOK-W-03,Women's Airism Low-Cut Socks,Socks,Women,5.9,5.9,False,1,5.9,Card
BUG-20260602-0301,2,2026-06-02 20:09:31,Bugis,SOK-M-03,Men's Airism Low-Cut Socks,Socks,Men,5.9,5.9,False,2,11.8,PayNow
PUN-20260602-0461,1,2026-06-02 17:36:52,Punggol,SOK-M-03,Men's Airism Low-Cut Socks,Socks,Men,5.9,5.9,False,1,5.9,PayNow
BUG-20260602-0041,1,2026-06-02 18:18:29,Bugis,SOK-M-04,Men's Ribbed Crew Socks,Socks,Men,5.9,5.9,False,1,5.9,PayNow
PUN-20260602-0297,1,2026-06-02 20:58:07,Punggol,TOP-W-04,  Women's Heattech Crew Neck Long Sleeve Tee  ,Tops,Women,14.9,14.9,False,1,14.9,Cash
PUN-20260602-0132,1,2026-06-02 13:17:36,Punggol,SOK-M-02,Men's Pile Crew Socks,Socks,Men,5.9,5.9,False,1,5.9,Cash
PUN-20260602-0147,1,2026-06-02 21:39:31,Punggol,TOP-W-01,Women's Airism Cotton Crew Neck T-Shirt,Tops,Women,14.9,14.9,False,1,14.9,Card
PUN-20260602-0016,2,2026-06-02 16:14:12,Punggol,TOP-W-03,Women's Silky Satin Blouse,Tops,Women,39.9,39.9,False,1,39.9,Card
PUN-20260602-0051,1,2026-06-02 21:07:56,PUNGGOL,BTM-M-01,Men's Ezy Ankle Pants,Bottoms,Men,$29.9,29.9,False,1,29.9,NETS
ORC-20260602-0042,2,2026-06-02 19:54:03,Orchard Central,SOK-W-04,Women's Ribbed Crew Socks,Socks,Women,5.9,5.9,False,1,5.9,Card
PUN-20260602-0488,3,2026-06-02 19:02:39,Punggol,TOP-W-01,Women's Airism Cotton Crew Neck T-Shirt,Tops,Women,14.9,14.9,False,1,14.9,PayNow
ORC-20260602-1101,2,2026-06-02 16:27:24,Orchard Central,TOP-M-03,Men's Dry-EX Crew Neck T-Shirt,Tops,Men,19.9,19.9,False,1,19.9,NETS
PUN-20260602-0570,3,2026-06-02 11:23:11,Punggol,SOK-W-04,Women's Ribbed Crew Socks,Socks,Women,5.9,5.9,False,1,5.9,PayNow
ORC-20260602-0099,3,2026-06-02 12:18:09,Orchard Central,UND-M-02,Men's Cotton Blend Trunks,Underwear,Men,14.9,14.9,False,1,14.9,Card
BUG-20260602-0569,3,2026-06-02 17:08:59,Bugis,SOK-W-03,  Women's Airism Low-Cut Socks  ,Socks,Women,5.9,5.9,False,1,$5.9,Card
BUG-20260602-0710,1,2026-06-02 11:01:22,Bugis,SOK-M-01,Men's Ankle Socks 3-Pack,Socks,Men,14.9,14.9,False,2,29.8,Cash
ORC-20260602-0486,1,2026-06-02 13:46:31,ORCHARD CENTRAL,SOK-W-03,Women's Airism Low-Cut Socks,Socks,WOMEN,5.9,5.9,False,1,5.9,NETS
BUG-20260602-0125,1,2026-06-02 17:02:20,Bugis,SOK-M-06,Men's Heattech Socks,Socks,men,9.9,9.9,False,1,9.9,Paynow
BUG-20260602-0610,1,2026-06-02 21:30:20,Bugis,SOK-W-03,Women's Airism Low-Cut Socks,SOCKS,women,5.9,5.9,False,1,5.9,Card
PUN-20260602-0482,1,2026-06-02 17:33:27,Punggol,TOP-M-02,Men's Supima Cotton Polo Shirt,Tops,Men,29.9,29.9,False,1,29.9,Card
PUN-20260602-0640,1,2026-06-02 18:27:24,Punggol,SOK-W-02,Women's Pile Crew Socks,Socks,Women,5.9,5.9,False,1,5.9,Card
BUG-20260602-0334,1,2026-06-02 16:02:53,Bugis,BTM-W-02,Women's High-Rise Wide Leg Pants,Bottoms,Women,39.9,39.9,False,1,39.9,card
PUN-20260602-0002,1,2026-06-02 21:53:15,Punggol,BTM-M-01,Men's Ezy Ankle Pants,Bottoms,Men,29.9,29.9,False,1,29.9,CARD
BUG-20260602-0231,1,2026-06-02 19:20:06,Bugis,SOK-W-02,Women's Pile Crew Socks,Socks,Women,5.9,5.9,False,2,11.8,Cash
PUN-20260602-0622,1,2026-06-02 14:46:37,Punggol,UND-M-04,Men's Cotton Crew Neck Undershirt,underwear,men,14.9,14.9,False,1,14.9,Cash
ORC-20260602-0741,1,2026-06-02 22:54:03,Orchard Central,SOK-M-04,Men's Ribbed Crew Socks,Socks,Men,5.9,5.9,False,1,5.9,PayNow
ORC-20260602-0010,3,2026-06-02 15:38:26,Orchard Central,TOP-W-03,Women's Silky Satin Blouse,Tops,Women,39.9,39.9,False,1,39.9,Cash
ORC-20260602-1003,1,2026-06-02 15:22:44,Orchard Central,SOK-M-09,Men's No-Show Sneaker Socks,Socks,MEN,$4.11,5.9,True,1,4.11,Cash
BUG-20260602-0037,3,2026-06-02 21:46:16,Bugis,SOK-W-03,Women's Airism Low-Cut Socks,socks,Women,5.9,5.9,False,1,5.9,Card
BUG-20260602-0617,1,2026-06-02 21:16:37,bugis,SOK-M-04,Men's Ribbed Crew Socks,Socks,Men,$5.9,5.9,False,2,11.8,Cash
PUN-20260602-0003,2,2026-06-02 17:39:14,Punggol,UND-M-04,Men's Cotton Crew Neck Undershirt,Underwear,Men,14.9,14.9,False,1,14.9,Card
PUN-20260602-0494,3,2026-06-02 12:19:24,Punggol,BTM-M-01,Men's Ezy Ankle Pants,Bottoms,men,29.9,29.9,False,1,$29.9,
BUG-20260602-0373,3,2026-06-02 14:26:40,BUGIS,SOK-W-03,Women's Airism Low-Cut Socks,Socks,Women,5.9,5.9,False,1,5.9,PayNow
BUG-20260602-0742,1,2026-06-02 14:17:48,Bugis,TOP-W-03,Women's Silky Satin Blouse,Tops,WOMEN,39.9,39.9,False,1,39.9,card
BUG-20260602-0383,3,2026-06-02 16:29:49,Bugis,SOK-M-02,Men's Pile Crew Socks,Socks,men,5.9,5.9,False,1,5.9,Cash
BUG-20260602-0530,1,2026-06-02 19:38:52,Bugis,BTM-M-02,Men's Slim Fit Chino Trousers,Bottoms,Men,29.9,29.9,False,1,29.9,Card
ORC-20260602-1110,2,2026-06-02 22:08:54,Orchard Central,UND-M-06,Men's Airism Sleeveless Undershirt,Underwear,Men,9.9,9.9,False,1,9.9,Card
BUG-20260602-0156,1,2026-06-02 16:45:04,Bugis,UND-M-01,Men's Airism Boxer Briefs,Underwear,Men,14.9,14.9,False,1,14.9,Card
ORC-20260602-0435,2,2026-06-02 12:40:14,Orchard Central,SOK-W-04,  Women's Ribbed Crew Socks  ,Socks,Women,5.9,5.9,False,1,5.9,Cash
PUN-20260602-0575,1,2026-06-02 19:01:16,  Punggol  ,TOP-W-03,Women's Silky Satin Blouse,Tops,Women,$39.9,39.9,False,1,39.9,NETS
PUN-20260602-0151,1,2026-06-02 22:08:49,Punggol,SOK-W-06,Women's Heattech Socks,Socks,WOMEN,9.9,9.9,False,1,9.9,NETS
PUN-20260602-0047,2,2026-06-02 17:41:26,Punggol,TOP-M-03,Men's Dry-EX Crew Neck T-Shirt,Tops,Men,19.9,19.9,False,1,19.9,Cash
BUG-20260602-0300,1,2026-06-02 18:23:18,Bugis,SOK-W-03,Women's Airism Low-Cut Socks,Socks,Women,5.9,5.9,False,1,5.9,PayNow
BUG-20260602-0297,2,2026-06-02 15:25:42,Bugis,SOK-W-04,Women's Ribbed Crew Socks,Socks,Women,5.9,5.9,False,1,5.9,PayNow
ORC-20260602-1021,1,2026-06-02 16:23:22,Orchard Central,SOK-W-04,Women's Ribbed Crew Socks,socks,Women,5.9,5.9,False,1,5.9,Card
ORC-20260602-0802,2,2026-06-02 18:01:21,Orchard Central,BTM-W-02,Women's High-Rise Wide Leg Pants,Bottoms,Women,39.9,39.9,False,1,39.9,Card
BUG-20260602-0332,2,2026-06-02 19:32:13,Bugis,BTM-M-01,Men's Ezy Ankle Pants,Bottoms,Men,29.9,29.9,False,1,29.9,Card
BUG-20260602-0762,1,2026-06-02 19:40:43,Bugis,UND-M-01,Men's Airism Boxer Briefs,Underwear,Men,14.9,14.9,False,1,14.9,Card
BUG-20260602-0038,2,2026-06-02 19:00:08,Bugis,UND-W-04,Women's Airism T-Shirt Bra,Underwear,Women,29.9,29.9,False,1,$29.9,PayNow
ORC-20260602-0820,2,2026-06-02 19:57:58,Orchard Central,SOK-M-10,Men's Wool Blend Socks,Socks,Men,9.9,9.9,False,1,9.9,Card
ORC-20260602-0006,1,2026-06-02 18:23:05,Orchard Central,TOP-M-01,  Men's Airism Cotton Crew Neck T-Shirt  ,tops,Men,14.9,14.9,False,1,14.9,paynow
PUN-20260602-0567,1,2026-06-02 11:56:20,Punggol,UND-W-01,Women's Airism Bikini Shorts,Underwear,Women,9.9,9.9,False,1,9.9,Card
BUG-20260602-0486,1,2026-06-02 22:01:03,BUGIS,SOK-W-10,Women's Wool Blend Socks,Socks,women,9.9,9.9,False,1,9.9,Card
BUG-20260602-0173,1,2026-06-02 18:23:45,  Bugis  ,UND-M-02,Men's Cotton Blend Trunks,Underwear,Men,14.9,14.9,False,1,14.9,PayNow
ORC-20260602-0967,2,2026-06-02 15:55:09,Orchard Central,SOK-M-02,Men's Pile Crew Socks,Socks,Men,5.9,5.9,False,1,5.9,PayNow
PUN-20260602-0433,2,2026-06-02 20:30:04,  Punggol  ,UND-W-02,Women's Wireless Bra,Underwear,Women,29.9,29.9,False,1,29.9,NETS
ORC-20260602-0835,2,2026-06-02 18:56:41,Orchard Central,UND-M-02,  Men's Cotton Blend Trunks  ,Underwear,Men,14.9,14.9,False,1,14.9,Card
ORC-20260602-0394,1,2026-06-02 20:48:20,Orchard Central,UND-W-03,Women's Cotton Blend Briefs,Underwear,Women,9.9,9.9,False,2,19.8,PayNow
BUG-20260602-0367,2,2026-06-02 17:39:28,Bugis,SOK-M-02,Men's Pile Crew Socks,Socks,Men,5.9,5.9,False,1,5.9,NETS
BUG-20260602-0086,2,2026-06-02 15:30:02,Bugis,UND-M-01,Men's Airism Boxer Briefs,Underwear,MEN,14.9,14.9,False,2,29.8,PayNow
PUN-20260602-0094,3,2026-06-02 15:12:01,Punggol,UND-M-06,Men's Airism Sleeveless Undershirt,Underwear,MEN,9.9,9.9,False,1,9.9,Card
ORC-20260602-0126,1,2026-06-02 18:03:56,Orchard Central,UND-W-07,Women's Heattech Camisole,underwear,Women,14.9,14.9,False,1,14.9,PayNow
PUN-20260602-0674,3,2026-06-02 21:36:26,Punggol,SOK-M-02,Men's Pile Crew Socks,Socks,Men,5.9,5.9,False,1,5.9,Card
ORC-20260602-0108,3,2026-06-02 20:43:59,  orchard central  ,UND-W-01,Women's Airism Bikini Shorts,Underwear,Women,9.9,9.9,False,1,9.9,Cash
PUN-20260602-0405,2,2026-06-02 20:32:37,Punggol,SOK-W-03,Women's Airism Low-Cut Socks,Socks,Women,5.9,5.9,False,2,11.8,Cash
ORC-20260602-0025,3,2026-06-02 13:33:30,Orchard Central,UND-W-06,Women's Lace Trim Briefs,Underwear,Women,9.9,9.9,False,1,9.9,Card
ORC-20260602-0331,1,2026-06-02 21:42:32,Orchard Central,SOK-W-02,Women's Pile Crew Socks,Socks,Women,5.9,5.9,False,1,5.9,Nets
PUN-20260602-0040,2,2026-06-02 15:39:15,punggol,TOP-M-01,Men's Airism Cotton Crew Neck T-Shirt,Tops,Men,14.9,14.9,False,1,14.9,Card
BUG-20260602-0788,2,2026-06-02 22:55:07,Bugis,SOK-M-01,Men's Ankle Socks 3-Pack,Socks,Men,14.9,14.9,False,2,29.8,Card
PUN-20260602-0525,1,2026-06-02 21:24:40,Punggol,UND-W-03,Women's Cotton Blend Briefs,Underwear,Women,9.9,9.9,False,1,9.9,Card
ORC-20260602-0399,3,2026-06-02 14:31:55,Orchard Central,SOK-M-02,  Men's Pile Crew Socks  ,Socks,Men,5.9,5.9,False,1,5.9,paynow
BUG-20260602-0460,1,2026-06-02 16:43:00,Bugis,SOK-M-02,Men's Pile Crew Socks,Socks,men,5.9,5.9,False,1,5.9,PayNow
ORC-20260602-0897,2,2026-06-02 13:04:10,Orchard Central,BTM-M-02,Men's Slim Fit Chino Trousers,Bottoms,Men,29.9,29.9,False,1,29.9,Cash
BUG-20260602-0223,3,2026-06-02 17:53:40,bugis,TOP-M-01,Men's Airism Cotton Crew Neck T-Shirt,Tops,Men,14.9,14.9,False,1,14.9,
ORC-20260602-0847,2,2026-06-02 20:08:09,Orchard Central,UND-M-02,Men's Cotton Blend Trunks,underwear,Men,14.9,14.9,False,2,29.8,NETS
ORC-20260602-0957,2,2026-06-02 20:11:52,Orchard Central,SOK-M-09,Men's No-Show Sneaker Socks,Socks,Men,4.11,5.9,True,1,4.11,CARD
BUG-20260602-0318,1,2026-06-02 12:01:29,Bugis,UND-M-04,Men's Cotton Crew Neck Undershirt,Underwear,Men,14.9,14.9,False,1,14.9,NETS
BUG-20260602-0282,1,2026-06-02 16:11:45,BUGIS,SOK-W-10,,Socks,Women,9.9,9.9,False,1,9.9,Nets
ORC-20260602-1100,2,2026-06-02 21:53:53,Orchard Central,SOK-M-01,Men's Ankle Socks 3-Pack,Socks,Men,14.9,14.9,False,2,29.8,Card
BUG-20260602-0591,1,2026-06-02 18:13:19,BUGIS,UND-W-01,Women's Airism Bikini Shorts,Underwear,Women,9.9,9.9,False,1,9.9,Card
PUN-20260602-0161,3,2026-06-02 13:08:51,Punggol,SOK-M-05,Men's Sport Ankle Socks,Socks,Men,5.9,5.9,False,1,5.9,Paynow
BUG-20260602-0451,1,2026-06-02 19:49:23,Bugis,SOK-W-10,Women's Wool Blend Socks,Socks,Women,9.9,9.9,False,1,9.9,Card
BUG-20260602-0683,1,2026-06-02 17:52:23,Bugis,SOK-W-03,Women's Airism Low-Cut Socks,Socks,Women,5.9,5.9,False,2,11.8,CASH
PUN-20260602-0138,2,2026-06-02 20:55:03,  Punggol  ,SOK-M-04,Men's Ribbed Crew Socks,Socks,Men,5.9,5.9,False,1,5.9,card
PUN-20260602-0414,1,2026-06-02 21:42:45,Punggol,BTM-M-01,Men's Ezy Ankle Pants,Bottoms,Men,29.9,29.9,False,1,29.9,Card
ORC-20260602-0829,1,2026-06-02 13:24:55,Orchard Central,UND-W-01,Women's Airism Bikini Shorts,Underwear,Women,9.9,9.9,False,1,9.9,NETS
BUG-20260602-0797,2,2026-06-02 20:35:04,Bugis,TOP-W-06,Women's Linen Blend Short Sleeve Shirt,tops,Women,29.9,29.9,False,1,29.9,PayNow
PUN-20260602-0210,2,2026-06-02 22:48:31,Punggol,SOK-M-02,Men's Pile Crew Socks,Socks,Men,5.9,5.9,False,2,11.8,card
ORC-20260602-0953,3,2026-06-02 13:35:54,Orchard Central,TOP-W-01,Women's Airism Cotton Crew Neck T-Shirt,Tops,WOMEN,14.9,14.9,False,1,14.9,PayNow
BUG-20260602-0044,1,2026-06-02 22:54:45,Bugis,SOK-W-04,Women's Ribbed Crew Socks,Socks,Women,5.9,5.9,False,1,5.9,Card
ORC-20260602-0942,1,2026-06-02 19:46:59,Orchard Central,UND-W-01,Women's Airism Bikini Shorts,Underwear,WOMEN,$9.9,9.9,False,1,9.9,Paynow
ORC-20260602-0525,1,2026-06-02 16:17:43,Orchard Central,SOK-W-04,Women's Ribbed Crew Socks,socks,Women,5.9,5.9,False,1,5.9,Cash
PUN-20260602-0065,1,2026-06-02 18:28:47,Punggol,TOP-M-02,Men's Supima Cotton Polo Shirt,Tops,Men,29.9,29.9,False,1,29.9,Paynow
ORC-20260602-0189,2,2026-06-02 17:33:49,ORCHARD CENTRAL,SOK-W-04,Women's Ribbed Crew Socks,SOCKS,Women,5.9,5.9,False,1,5.9,Card
BUG-20260602-0810,1,2026-06-02 22:30:16,Bugis,SOK-M-01,Men's Ankle Socks 3-Pack,Socks,men,14.9,14.9,False,1,14.9,Card
PUN-20260602-0519,3,2026-06-02 12:26:16,Punggol,SOK-W-06,Women's Heattech Socks,Socks,Women,9.9,9.9,False,1,9.9,Cash
BUG-20260602-0704,2,2026-06-02 20:13:31,Bugis,SOK-M-01,Men's Ankle Socks 3-Pack,Socks,Men,14.9,14.9,False,1,14.9,NETS
ORC-20260602-0327,2,2026-06-02 11:22:37,Orchard Central,TOP-M-05,Men's Heattech Crew Neck Long Sleeve Tee,TOPS,Men,11.62,14.9,True,1,11.62,Card
ORC-20260602-0288,1,2026-06-02 15:14:34,Orchard Central,SOK-W-02,Women's Pile Crew Socks,Socks,Women,5.9,5.9,False,1,5.9,PayNow
ORC-20260602-0203,2,2026-06-02 13:49:40,Orchard Central,SOK-M-05,Men's Sport Ankle Socks,Socks,men,5.9,5.9,False,1,5.9,PayNow
ORC-20260602-0901,2,2026-06-02 12:14:24,Orchard Central,TOP-W-01,Women's Airism Cotton Crew Neck T-Shirt,Tops,Women,14.9,14.9,False,1,14.9,Card
BUG-20260602-0649,1,2026-06-02 20:53:31,Bugis,TOP-M-01,Men's Airism Cotton Crew Neck T-Shirt,Tops,Men,14.9,14.9,False,1,14.9,Card
ORC-20260602-0696,3,2026-06-02 12:59:03,ORCHARD CENTRAL,TOP-W-01,Women's Airism Cotton Crew Neck T-Shirt,Tops,Women,14.9,14.9,False,1,14.9,PayNow
PUN-20260602-0428,3,2026-06-02 20:44:21,Punggol,UND-M-01,Men's Airism Boxer Briefs,Underwear,Men,14.9,14.9,False,1,14.9,card
PUN-20260602-0275,2,2026-06-02 19:51:44,Punggol,BTM-M-02,Men's Slim Fit Chino Trousers,Bottoms,Men,29.9,29.9,False,1,29.9,Cash
BUG-20260602-0378,1,2026-06-02 22:07:50,Bugis,BTM-W-04,Women's Denim Straight Jeans,Bottoms,Women,49.9,49.9,False,1,49.9,NETS
PUN-20260602-0007,3,2026-06-02 21:36:20,Punggol,UND-W-01,Women's Airism Bikini Shorts,Underwear,Women,9.9,9.9,False,1,9.9,
BUG-20260602-0577,2,2026-06-02 15:38:50,bugis,SOK-W-02,Women's Pile Crew Socks,Socks,women,5.9,5.9,False,1,5.9,NETS
ORC-20260602-0662,3,2026-06-02 22:37:02,Orchard Central,UND-W-03,Women's Cotton Blend Briefs,Underwear,WOMEN,9.9,9.9,False,1,9.9,PayNow
PUN-20260602-0417,1,2026-06-02 15:11:45,Punggol,SOK-W-01,Women's Ankle Socks 3-Pack,Socks,Women,14.9,14.9,False,2,29.8,Card
BUG-20260602-0279,1,2026-06-02 18:52:57,Bugis,SOK-M-01,Men's Ankle Socks 3-Pack,Socks,Men,14.9,14.9,False,1,14.9,PayNow
BUG-20260602-0120,1,2026-06-02 13:05:52,Bugis,SOK-M-04,Men's Ribbed Crew Socks,Socks,men,5.9,5.9,False,1,5.9,NETS
BUG-20260602-0233,1,2026-06-02 11:18:44,Bugis,TOP-W-03,  Women's Silky Satin Blouse  ,Tops,Women,39.9,39.9,False,1,39.9,card
ORC-20260602-0693,3,2026-06-02 11:54:32,Orchard Central,SOK-M-02,Men's Pile Crew Socks,SOCKS,Men,5.9,5.9,False,1,5.9,Card
PUN-20260602-0205,2,2026-06-02 20:40:52,Punggol,SOK-W-01,  Women's Ankle Socks 3-Pack  ,socks,Women,14.9,14.9,False,1,14.9,NETS
BUG-20260602-0387,2,2026-06-02 20:48:32,Bugis,SOK-M-03,Men's Airism Low-Cut Socks,SOCKS,Men,5.9,5.9,False,1,5.9,Card
BUG-20260602-0129,2,2026-06-02 17:05:57,Bugis,TOP-M-01,Men's Airism Cotton Crew Neck T-Shirt,Tops,Men,14.9,14.9,False,1,$14.9,NETS
ORC-20260602-0774,3,2026-06-02 19:59:34,Orchard Central,TOP-M-02,Men's Supima Cotton Polo Shirt,Tops,Men,29.9,29.9,False,1,29.9,Card
PUN-20260602-0349,1,2026-06-02 19:37:02,Punggol,SOK-W-04,Women's Ribbed Crew Socks,Socks,Women,5.9,5.9,False,1,5.9,Cash
ORC-20260602-0770,1,2026-06-02 20:38:23,Orchard Central,SOK-M-09,  Men's No-Show Sneaker Socks  ,Socks,Men,$4.11,5.9,True,1,4.11,Card
BUG-20260602-0200,2,2026-06-02 21:09:34,bugis,SOK-W-02,Women's Pile Crew Socks,Socks,Women,5.9,5.9,False,1,5.9,paynow
PUN-20260602-0114,1,2026-06-02 18:27:55,Punggol,SOK-W-03,Women's Airism Low-Cut Socks,Socks,Women,5.9,5.9,False,1,5.9,Card
PUN-20260602-0639,3,2026-06-02 14:51:43,  PUNGGOL  ,SOK-W-04,Women's Ribbed Crew Socks,Socks,women,5.9,5.9,False,1,5.9,Cash
ORC-20260602-1094,1,2026-06-02 21:06:59,Orchard Central,TOP-W-02,Women's Ribbed Long Sleeve Turtleneck,Tops,WOMEN,19.9,19.9,False,1,19.9,
ORC-20260602-1069,2,2026-06-02 20:57:53,Orchard Central,TOP-M-01,Men's Airism Cotton Crew Neck T-Shirt,Tops,Men,14.9,14.9,False,1,14.9,PayNow
ORC-20260602-0322,2,2026-06-02 13:46:01,  Orchard Central  ,UND-M-03,Men's Airism Mesh Boxer Briefs,Underwear,Men,14.9,14.9,False,2,29.8,PayNow
BUG-20260602-0147,2,2026-06-02 11:34:05,Bugis,BTM-M-08,Men's Relaxed Fit Denim Shorts,Bottoms,Men,22.99,29.9,True,1,22.99,Card
BUG-20260602-0743,1,2026-06-02 19:40:54,Bugis,BTM-W-03,Women's Ezy Ankle Pants,Bottoms,women,29.9,29.9,False,1,29.9,Card
PUN-20260602-0602,2,2026-06-02 14:07:22,Punggol,UND-M-03,Men's Airism Mesh Boxer Briefs,Underwear,Men,14.9,14.9,False,1,14.9,Card
ORC-20260602-0516,2,2026-06-02 21:21:51,Orchard Central,SOK-M-10,Men's Wool Blend Socks,Socks,men,9.9,9.9,False,1,9.9,NETS
PUN-20260602-0692,1,2026-06-02 22:55:24,Punggol,SOK-M-06,Men's Heattech Socks,Socks,Men,9.9,9.9,False,2,19.8,PayNow
BUG-20260602-0359,2,2026-06-02 18:29:34,Bugis,BTM-W-05,Women's Pleated Midi Skirt,Bottoms,Women,29.9,29.9,False,1,29.9,Cash
BUG-20260602-0562,3,2026-06-02 21:58:33,bugis,SOK-M-01,Men's Ankle Socks 3-Pack,Socks,Men,14.9,14.9,False,1,14.9,Card
ORC-20260602-0020,1,2026-06-02 12:28:51,Orchard Central,UND-W-03,Women's Cotton Blend Briefs,Underwear,Women,9.9,9.9,False,1,9.9,Cash
ORC-20260602-0740,2,2026-06-02 19:55:47,Orchard Central,UND-W-01,Women's Airism Bikini Shorts,Underwear,Women,9.9,9.9,False,2,19.8,CARD
BUG-20260602-0581,1,2026-06-02 20:19:25,Bugis,BTM-W-04,Women's Denim Straight Jeans,Bottoms,Women,49.9,49.9,False,1,49.9,NETS
PUN-20260602-0481,2,2026-06-02 15:48:36,Punggol,UND-W-01,Women's Airism Bikini Shorts,Underwear,Women,9.9,9.9,False,2,19.8,Card
BUG-20260602-0040,3,2026-06-02 12:31:55,Bugis,SOK-W-01,Women's Ankle Socks 3-Pack,Socks,Women,14.9,14.9,False,1,14.9,PayNow
BUG-20260602-0240,3,2026-06-02 11:42:19,Bugis,BTM-W-02,Women's High-Rise Wide Leg Pants,Bottoms,Women,39.9,39.9,False,1,39.9,Card
BUG-20260602-0109,2,2026-06-02 20:59:19,Bugis,TOP-W-01,Women's Airism Cotton Crew Neck T-Shirt,TOPS,Women,14.9,14.9,False,1,14.9,Card
BUG-20260602-0183,1,2026-06-02 13:09:20,Bugis,SOK-M-04,  Men's Ribbed Crew Socks  ,Socks,men,5.9,5.9,False,1,5.9,card
ORC-20260602-0848,1,2026-06-02 20:50:25,Orchard Central,SOK-W-04,Women's Ribbed Crew Socks,Socks,Women,5.9,5.9,False,1,5.9,PayNow
BUG-20260602-0560,2,2026-06-02 14:00:20,Bugis,UND-W-01,Women's Airism Bikini Shorts,underwear,Women,9.9,9.9,False,1,9.9,CASH
ORC-20260602-1001,3,2026-06-02 16:27:01,orchard central,BTM-W-02,Women's High-Rise Wide Leg Pants,Bottoms,Women,39.9,39.9,False,1,39.9,Cash
BUG-20260602-0204,3,2026-06-02 11:06:22,Bugis,SOK-W-03,Women's Airism Low-Cut Socks,socks,Women,5.9,5.9,False,1,5.9,Card
BUG-20260602-0392,2,2026-06-02 18:10:53,Bugis,SOK-W-02,Women's Pile Crew Socks,Socks,Women,5.9,5.9,False,2,11.8,PayNow
BUG-20260602-0408,1,2026-06-02 14:24:45,Bugis,SOK-W-10,  Women's Wool Blend Socks  ,socks,Women,9.9,9.9,False,1,9.9,PayNow
ORC-20260602-0026,1,2026-06-02 19:28:52,Orchard Central,SOK-W-03,Women's Airism Low-Cut Socks,Socks,WOMEN,5.9,5.9,False,1,5.9,Cash
ORC-20260602-0605,2,2026-06-02 18:57:22,Orchard Central,SOK-W-02,Women's Pile Crew Socks,Socks,Women,5.9,5.9,False,1,5.9,PayNow
ORC-20260602-0985,1,2026-06-02 18:55:34,Orchard Central,UND-M-04,  Men's Cotton Crew Neck Undershirt  ,Underwear,Men,14.9,14.9,False,1,14.9,PayNow
ORC-20260602-0411,3,2026-06-02 19:18:18,Orchard Central,UND-W-09,Women's Cotton Boyshorts,Underwear,Women,9.9,9.9,False,1,9.9,nets
ORC-20260602-0545,1,2026-06-02 14:35:38,Orchard Central,SOK-M-06,Men's Heattech Socks,Socks,Men,9.9,9.9,False,1,9.9,Cash
BUG-20260602-0752,3,2026-06-02 11:45:08,Bugis,UND-W-02,Women's Wireless Bra,Underwear,women,29.9,29.9,False,1,29.9,NETS
BUG-20260602-0441,1,2026-06-02 16:21:32,bugis,UND-M-04,Men's Cotton Crew Neck Undershirt,underwear,Men,14.9,14.9,False,1,14.9,Card
BUG-20260602-0453,1,2026-06-02 21:32:19,Bugis,SOK-M-03,Men's Airism Low-Cut Socks,Socks,Men,5.9,5.9,False,1,5.9,Card
ORC-20260602-0554,3,2026-06-02 21:55:22,Orchard Central,SOK-W-02,Women's Pile Crew Socks,Socks,women,5.9,5.9,False,1,5.9,Card
BUG-20260602-0351,2,2026-06-02 14:11:40,Bugis,SOK-W-03,Women's Airism Low-Cut Socks,Socks,Women,5.9,5.9,False,2,11.8,NETS
PUN-20260602-0389,1,2026-06-02 13:34:06,PUNGGOL,TOP-M-03,Men's Dry-EX Crew Neck T-Shirt,Tops,Men,19.9,19.9,False,1,19.9,Card
BUG-20260602-0573,2,2026-06-02 19:05:11,Bugis,BTM-W-01,Women's Ultra Stretch Skinny Jeans,Bottoms,Women,39.9,39.9,False,1,39.9,Card
PUN-20260602-0115,1,2026-06-02 17:44:01,Punggol,UND-M-04,Men's Cotton Crew Neck Undershirt,Underwear,Men,14.9,14.9,False,1,14.9,cash
ORC-20260602-1006,2,2026-06-02 19:02:15,Orchard Central,UND-M-02,Men's Cotton Blend Trunks,Underwear,Men,14.9,14.9,False,1,14.9,Cash
ORC-20260602-0828,2,2026-06-02 20:15:10,orchard central,BTM-M-02,Men's Slim Fit Chino Trousers,Bottoms,Men,29.9,29.9,False,1,29.9,PayNow
PUN-20260602-0159,3,2026-06-02 20:08:12,Punggol,UND-W-01,Women's Airism Bikini Shorts,Underwear,Women,9.9,9.9,False,1,9.9,PayNow
BUG-20260602-0073,1,2026-06-02 17:32:25,Bugis,UND-M-04,Men's Cotton Crew Neck Undershirt,Underwear,Men,14.9,14.9,False,1,14.9,Cash
ORC-20260602-0112,3,2026-06-02 22:55:36,Orchard Central,TOP-W-01,Women's Airism Cotton Crew Neck T-Shirt,Tops,Women,14.9,14.9,False,1,14.9,Card
ORC-20260602-0788,1,2026-06-02 13:47:12,orchard central,SOK-M-07,Men's Striped Crew Socks,Socks,MEN,$5.9,5.9,False,1,5.9,PayNow
BUG-20260602-0217,3,2026-06-02 20:05:30,Bugis,UND-W-01,,Underwear,Women,9.9,9.9,False,1,9.9,Card
ORC-20260602-0603,3,2026-06-02 21:14:34,Orchard Central,UND-W-03,Women's Cotton Blend Briefs,Underwear,Women,9.9,9.9,False,1,$9.9,Cash
PUN-20260602-0452,2,2026-06-02 17:50:08,PUNGGOL,SOK-W-03,Women's Airism Low-Cut Socks,Socks,Women,5.9,5.9,False,2,11.8,PayNow
PUN-20260602-0534,2,2026-06-02 20:46:10,punggol,UND-M-04,  Men's Cotton Crew Neck Undershirt  ,Underwear,Men,14.9,14.9,False,1,14.9,Card
PUN-20260602-0095,1,2026-06-02 20:03:54,Punggol,SOK-W-01,Women's Ankle Socks 3-Pack,Socks,WOMEN,14.9,14.9,False,1,14.9,paynow
PUN-20260602-0502,1,2026-06-02 13:18:20,Punggol,BTM-M-03,Men's Selvedge Regular Fit Jeans,Bottoms,Men,59.9,59.9,False,1,59.9,Card
ORC-20260602-0409,3,2026-06-02 13:06:21,Orchard Central,SOK-W-09,Women's No-Show Sneaker Socks,Socks,Women,5.9,5.9,False,1,5.9,Card
BUG-20260602-0037,2,2026-06-02 21:46:16,  Bugis  ,SOK-W-04,Women's Ribbed Crew Socks,Socks,Women,5.9,5.9,False,1,5.9,Card
BUG-20260602-0690,2,2026-06-02 22:50:29,Bugis,TOP-W-02,Women's Ribbed Long Sleeve Turtleneck,TOPS,Women,19.9,19.9,False,1,19.9,PayNow
PUN-20260602-0500,1,2026-06-02 19:02:09,Punggol,TOP-W-01,Women's Airism Cotton Crew Neck T-Shirt,Tops,Women,$14.9,14.9,False,1,14.9,Card
ORC-20260602-0009,1,2026-06-02 21:04:18,  Orchard Central  ,SOK-W-04,Women's Ribbed Crew Socks,Socks,Women,5.9,5.9,False,2,11.8,Cash
ORC-20260602-0523,1,2026-06-02 20:04:39,Orchard Central,BTM-M-02,Men's Slim Fit Chino Trousers,BOTTOMS,men,29.9,29.9,False,1,29.9,CARD
ORC-20260602-0507,1,2026-06-02 21:00:21,Orchard Central,TOP-W-03,Women's Silky Satin Blouse,TOPS,Women,39.9,39.9,False,1,39.9,Card
BUG-20260602-0302,2,2026-06-02 11:37:55,Bugis,SOK-M-04,Men's Ribbed Crew Socks,Socks,Men,5.9,5.9,False,1,5.9,PayNow
PUN-20260602-0330,2,2026-06-02 18:14:08,Punggol,SOK-W-03,Women's Airism Low-Cut Socks,Socks,Women,5.9,5.9,False,1,5.9,Card
BUG-20260602-0356,3,2026-06-02 16:10:58,Bugis,UND-W-03,Women's Cotton Blend Briefs,Underwear,Women,9.9,9.9,False,1,9.9,
BUG-20260602-0416,1,2026-06-02 18:25:38,Bugis,UND-M-10,Men's Cotton Blend Briefs,Underwear,Men,9.9,9.9,False,2,19.8,
PUN-20260602-0657,2,2026-06-02 22:51:29,Punggol,SOK-W-02,Women's Pile Crew Socks,Socks,Women,5.9,5.9,False,1,5.9,NETS
ORC-20260602-0310,3,2026-06-02 12:02:58,Orchard Central,UND-W-01,  Women's Airism Bikini Shorts  ,Underwear,Women,9.9,9.9,False,1,9.9,NETS
PUN-20260602-0050,1,2026-06-02 15:21:35,Punggol,TOP-W-01,Women's Airism Cotton Crew Neck T-Shirt,tops,Women,14.9,14.9,False,1,14.9,PayNow
BUG-20260602-0023,3,2026-06-02 15:56:51,Bugis,UND-M-04,Men's Cotton Crew Neck Undershirt,Underwear,Men,14.9,14.9,False,1,14.9,Card
BUG-20260602-0027,1,2026-06-02 22:22:59,Bugis,TOP-W-04,Women's Heattech Crew Neck Long Sleeve Tee,Tops,Women,14.9,14.9,False,1,14.9,nets
ORC-20260602-1006,1,2026-06-02 19:02:15,Orchard Central,BTM-W-03,Women's Ezy Ankle Pants,Bottoms,Women,29.9,29.9,False,1,29.9,Cash
ORC-20260602-0910,2,2026-06-02 18:24:38,Orchard Central,UND-W-03,Women's Cotton Blend Briefs,Underwear,Women,9.9,9.9,False,1,9.9,Card
PUN-20260602-0396,3,2026-06-02 11:45:16,Punggol,SOK-W-01,Women's Ankle Socks 3-Pack,Socks,Women,14.9,14.9,False,1,14.9,Cash
BUG-20260602-0508,3,2026-06-02 20:37:14,Bugis,TOP-W-04,Women's Heattech Crew Neck Long Sleeve Tee,Tops,WOMEN,14.9,14.9,False,1,14.9,NETS
ORC-20260602-0323,2,2026-06-02 20:10:21,Orchard Central,SOK-M-04,Men's Ribbed Crew Socks,Socks,Men,5.9,5.9,False,2,11.8,PayNow
ORC-20260602-0146,3,2026-06-02 20:46:33,ORCHARD CENTRAL,SOK-W-01,Women's Ankle Socks 3-Pack,Socks,women,14.9,14.9,False,1,$14.9,Cash
ORC-20260602-1109,1,2026-06-02 19:37:22,Orchard Central,SOK-W-03,Women's Airism Low-Cut Socks,Socks,Women,5.9,5.9,False,2,$11.8,CARD
BUG-20260602-0441,2,2026-06-02 16:21:32,  BUGIS  ,UND-M-01,Men's Airism Boxer Briefs,Underwear,men,14.9,14.9,False,1,14.9,Card
ORC-20260602-0329,3,2026-06-02 19:53:12,Orchard Central,UND-M-03,Men's Airism Mesh Boxer Briefs,Underwear,Men,14.9,14.9,False,2,29.8,PayNow
PUN-20260602-0303,2,2026-06-02 18:27:42,Punggol,SOK-W-02,Women's Pile Crew Socks,Socks,Women,$5.9,5.9,False,1,5.9,Card
BUG-20260602-0161,1,2026-06-02 19:03:43,Bugis,SOK-W-02,Women's Pile Crew Socks,Socks,Women,5.9,5.9,False,1,5.9,Card
BUG-20260602-0623,1,2026-06-02 22:36:06,bugis,SOK-W-10,Women's Wool Blend Socks,Socks,Women,9.9,9.9,False,1,9.9,Card
ORC-20260602-0766,1,2026-06-02 20:13:26,Orchard Central,UND-W-03,Women's Cotton Blend Briefs,Underwear,Women,9.9,9.9,False,1,9.9,Card
PUN-20260602-0069,3,2026-06-02 19:23:57,punggol,UND-W-03,Women's Cotton Blend Briefs,Underwear,Women,9.9,9.9,False,1,9.9,Cash
PUN-20260602-0284,2,2026-06-02 21:59:47,  Punggol  ,SOK-W-04,Women's Ribbed Crew Socks,Socks,Women,5.9,5.9,False,1,5.9,NETS
ORC-20260602-0908,1,2026-06-02 17:43:58,Orchard Central,UND-M-02,Men's Cotton Blend Trunks,Underwear,Men,14.9,14.9,False,2,29.8,Card
ORC-20260602-0607,1,2026-06-02 13:13:10,Orchard Central,SOK-W-02,Women's Pile Crew Socks,Socks,Women,5.9,5.9,False,1,5.9,Cash
BUG-20260602-0543,3,2026-06-02 15:14:48,  BUGIS  ,SOK-W-04,Women's Ribbed Crew Socks,Socks,Women,5.9,5.9,False,2,11.8,Cash
PUN-20260602-0053,1,2026-06-02 22:23:23,Punggol,UND-W-04,Women's Airism T-Shirt Bra,Underwear,Women,29.9,29.9,False,1,29.9,PayNow
PUN-20260602-0492,1,2026-06-02 19:21:19,Punggol,SOK-M-04,Men's Ribbed Crew Socks,Socks,Men,5.9,5.9,False,1,5.9,paynow
BUG-20260602-0684,2,2026-06-02 16:17:13,Bugis,SOK-M-04,Men's Ribbed Crew Socks,Socks,MEN,5.9,5.9,False,2,11.8,Card
ORC-20260602-0946,1,2026-06-02 19:27:50,Orchard Central,SOK-M-09,Men's No-Show Sneaker Socks,Socks,Men,4.11,5.9,True,1,4.11,Card
ORC-20260602-0734,2,2026-06-02 12:37:22,Orchard Central,TOP-W-04,Women's Heattech Crew Neck Long Sleeve Tee,Tops,Women,14.9,14.9,False,1,14.9,Cash
BUG-20260602-0693,2,2026-06-02 20:38:30,Bugis,SOK-W-02,Women's Pile Crew Socks,socks,women,5.9,5.9,False,1,5.9,NETS
BUG-20260602-0466,2,2026-06-02 14:08:07,Bugis,TOP-W-01,Women's Airism Cotton Crew Neck T-Shirt,Tops,Women,14.9,14.9,False,1,14.9,Card
BUG-20260602-0490,1,2026-06-02 18:53:05,Bugis,UND-W-01,Women's Airism Bikini Shorts,Underwear,Women,9.9,9.9,False,2,19.8,Card
ORC-20260602-0748,1,2026-06-02 16:42:06,Orchard Central,BTM-W-03,  Women's Ezy Ankle Pants  ,Bottoms,Women,29.9,29.9,False,1,29.9,PayNow
ORC-20260602-0527,1,2026-06-02 13:41:21,Orchard Central,SOK-M-02,Men's Pile Crew Socks,Socks,Men,5.9,5.9,False,1,5.9,Cash
ORC-20260602-0143,2,2026-06-02 21:14:05,  Orchard Central  ,TOP-M-01,Men's Airism Cotton Crew Neck T-Shirt,Tops,Men,14.9,14.9,False,1,14.9,Card
BUG-20260602-0344,1,2026-06-02 11:59:29,Bugis,BTM-W-04,Women's Denim Straight Jeans,Bottoms,Women,49.9,49.9,False,1,49.9,NETS
PUN-20260602-0345,2,2026-06-02 19:56:47,Punggol,SOK-W-03,Women's Airism Low-Cut Socks,Socks,Women,5.9,5.9,False,1,5.9,Card
ORC-20260602-0705,1,2026-06-02 20:31:54,Orchard Central,SOK-W-02,  Women's Pile Crew Socks  ,Socks,Women,5.9,5.9,False,1,5.9,PayNow
BUG-20260602-0052,2,2026-06-02 15:51:59,Bugis,UND-W-01,Women's Airism Bikini Shorts,Underwear,Women,9.9,9.9,False,1,9.9,Card
ORC-20260602-0728,2,2026-06-02 12:01:27,Orchard Central,UND-W-01,Women's Airism Bikini Shorts,Underwear,Women,9.9,9.9,False,2,19.8,Card
ORC-20260602-1020,1,2026-06-02 21:55:09,ORCHARD CENTRAL,SOK-M-01,Men's Ankle Socks 3-Pack,Socks,men,14.9,14.9,False,1,14.9,Card
ORC-20260602-0903,2,2026-06-02 20:03:32,Orchard Central,UND-W-02,Women's Wireless Bra,Underwear,Women,$29.9,29.9,False,2,59.8,NETS
BUG-20260602-0776,1,2026-06-02 11:49:15,BUGIS,UND-W-03,Women's Cotton Blend Briefs,Underwear,Women,9.9,9.9,False,1,9.9,PayNow
ORC-20260602-0679,2,2026-06-02 20:49:10,Orchard Central,BTM-M-02,Men's Slim Fit Chino Trousers,Bottoms,Men,29.9,29.9,False,1,29.9,PayNow
PUN-20260602-0364,3,2026-06-02 12:08:54,Punggol,UND-W-01,Women's Airism Bikini Shorts,Underwear,Women,9.9,9.9,False,1,9.9,Card
ORC-20260602-0034,1,2026-06-02 12:34:14,orchard central,SOK-W-06,Women's Heattech Socks,Socks,Women,9.9,9.9,False,1,9.9,Card
ORC-20260602-0524,1,2026-06-02 20:27:29,Orchard Central,UND-M-01,Men's Airism Boxer Briefs,Underwear,Men,14.9,14.9,False,1,14.9,Card
BUG-20260602-0804,1,2026-06-02 22:44:13,Bugis,UND-W-02,Women's Wireless Bra,underwear,Women,29.9,29.9,False,1,29.9,Card
ORC-20260602-0680,1,2026-06-02 22:01:47,Orchard Central,SOK-W-01,Women's Ankle Socks 3-Pack,Socks,Women,14.9,14.9,False,2,29.8,Card
BUG-20260602-0420,3,2026-06-02 21:28:38,Bugis,BTM-M-01,Men's Ezy Ankle Pants,BOTTOMS,Men,29.9,29.9,False,1,29.9,Card
PUN-20260602-0136,1,2026-06-02 19:52:19,Punggol,UND-W-01,Women's Airism Bikini Shorts,Underwear,Women,9.9,9.9,False,1,9.9,Card
PUN-20260602-0243,2,2026-06-02 12:57:01,Punggol,SOK-M-03,  Men's Airism Low-Cut Socks  ,SOCKS,MEN,5.9,5.9,False,2,11.8,Card
ORC-20260602-0703,2,2026-06-02 14:48:36,Orchard Central,UND-W-01,Women's Airism Bikini Shorts,Underwear,Women,9.9,9.9,False,2,19.8,Cash
BUG-20260602-0052,1,2026-06-02 15:51:59,Bugis,SOK-M-02,Men's Pile Crew Socks,socks,Men,5.9,5.9,False,1,5.9,Card
BUG-20260602-0597,1,2026-06-02 19:53:41,Bugis,UND-W-03,Women's Cotton Blend Briefs,Underwear,Women,9.9,9.9,False,1,9.9,Card
PUN-20260602-0504,1,2026-06-02 20:51:07,punggol,SOK-M-01,Men's Ankle Socks 3-Pack,socks,MEN,14.9,14.9,False,1,14.9,Card
PUN-20260602-0394,2,2026-06-02 20:06:20,Punggol,TOP-M-04,Men's Oxford Long Sleeve Shirt,Tops,Men,29.9,29.9,False,1,29.9,nets
ORC-20260602-0242,1,2026-06-02 15:53:26,Orchard Central,SOK-M-09,Men's No-Show Sneaker Socks,Socks,Men,4.11,5.9,True,1,4.11,NETS
PUN-20260602-0584,2,2026-06-02 20:20:17,Punggol,BTM-W-02,Women's High-Rise Wide Leg Pants,Bottoms,Women,39.9,39.9,False,1,39.9,Card
BUG-20260602-0157,3,2026-06-02 18:52:01,Bugis,SOK-W-02,Women's Pile Crew Socks,Socks,Women,5.9,5.9,False,1,5.9,Card
PUN-20260602-0490,2,2026-06-02 20:04:45,Punggol,UND-M-04,Men's Cotton Crew Neck Undershirt,UNDERWEAR,Men,14.9,14.9,False,1,14.9,CARD
ORC-20260602-0813,2,2026-06-02 18:24:11,Orchard Central,BTM-M-01,Men's Ezy Ankle Pants,BOTTOMS,Men,29.9,29.9,False,1,29.9,PayNow
BUG-20260602-0325,1,2026-06-02 21:31:10,Bugis,SOK-W-03,Women's Airism Low-Cut Socks,Socks,Women,5.9,5.9,False,1,5.9,Card
BUG-20260602-0059,1,2026-06-02 15:48:35,  Bugis  ,SOK-W-01,Women's Ankle Socks 3-Pack,Socks,women,14.9,14.9,False,1,14.9,Card
ORC-20260602-0288,3,2026-06-02 15:14:34,Orchard Central,UND-M-02,Men's Cotton Blend Trunks,underwear,Men,14.9,14.9,False,1,14.9,PayNow
PUN-20260602-0352,2,2026-06-02 20:30:14,Punggol,TOP-W-01,  Women's Airism Cotton Crew Neck T-Shirt  ,Tops,Women,14.9,14.9,False,1,14.9,NETS
PUN-20260602-0408,3,2026-06-02 20:57:03,PUNGGOL,UND-W-01,Women's Airism Bikini Shorts,Underwear,Women,9.9,9.9,False,1,9.9,Cash
PUN-20260602-0342,2,2026-06-02 18:27:47,Punggol,SOK-M-01,Men's Ankle Socks 3-Pack,Socks,Men,14.9,14.9,False,1,14.9,Cash
ORC-20260602-0579,1,2026-06-02 18:18:59,  Orchard Central  ,SOK-W-03,Women's Airism Low-Cut Socks,Socks,Women,5.9,5.9,False,1,5.9,NETS
ORC-20260602-0832,1,2026-06-02 17:35:28,Orchard Central,SOK-W-09,Women's No-Show Sneaker Socks,socks,Women,5.9,5.9,False,1,5.9,Card
PUN-20260602-0157,3,2026-06-02 20:55:46,Punggol,SOK-M-03,Men's Airism Low-Cut Socks,Socks,Men,5.9,5.9,False,1,5.9,NETS
BUG-20260602-0213,1,2026-06-02 12:33:30,  Bugis  ,TOP-M-04,Men's Oxford Long Sleeve Shirt,Tops,Men,29.9,29.9,False,1,29.9,PAYNOW
ORC-20260602-0260,1,2026-06-02 20:34:30,Orchard Central,SOK-M-01,Men's Ankle Socks 3-Pack,Socks,Men,14.9,14.9,False,1,$14.9,Card
BUG-20260602-0206,1,2026-06-02 18:10:24,Bugis,UND-M-01,Men's Airism Boxer Briefs,Underwear,Men,14.9,14.9,False,1,14.9,NETS
ORC-20260602-0744,2,2026-06-02 20:20:26,Orchard Central,SOK-M-02,Men's Pile Crew Socks,Socks,Men,5.9,5.9,False,1,5.9,Card
PUN-20260602-0625,1,2026-06-02 21:48:09,Punggol,SOK-W-04,Women's Ribbed Crew Socks,Socks,women,5.9,5.9,False,1,$5.9,Card
ORC-20260602-0440,1,2026-06-02 12:54:47,Orchard Central,SOK-M-09,  Men's No-Show Sneaker Socks  ,socks,Men,4.11,5.9,True,1,4.11,paynow
BUG-20260602-0770,1,2026-06-02 19:27:39,Bugis,SOK-W-02,Women's Pile Crew Socks,Socks,Women,5.9,5.9,False,2,11.8,NETS
PUN-20260602-0690,1,2026-06-02 12:41:46,Punggol,SOK-M-05,Men's Sport Ankle Socks,Socks,Men,5.9,5.9,False,1,5.9,PayNow
BUG-20260602-0549,1,2026-06-02 12:14:37,Bugis,UND-M-06,Men's Airism Sleeveless Undershirt,Underwear,Men,$9.9,9.9,False,2,19.8,NETS
PUN-20260602-0522,1,2026-06-02 16:36:20,  Punggol  ,SOK-W-01,Women's Ankle Socks 3-Pack,Socks,women,14.9,14.9,False,1,14.9,Card
BUG-20260602-0392,1,2026-06-02 18:10:53,Bugis,UND-W-04,Women's Airism T-Shirt Bra,Underwear,Women,29.9,29.9,False,1,29.9,PayNow
BUG-20260602-0242,2,2026-06-02 21:20:13,bugis,SOK-W-02,Women's Pile Crew Socks,Socks,Women,5.9,5.9,False,1,5.9,Card
PUN-20260602-0048,1,2026-06-02 18:35:05,Punggol,SOK-W-01,Women's Ankle Socks 3-Pack,Socks,Women,14.9,14.9,False,1,14.9,Card
ORC-20260602-0456,2,2026-06-02 21:36:36,Orchard Central,BTM-W-02,Women's High-Rise Wide Leg Pants,Bottoms,women,39.9,39.9,False,1,39.9,Card
PUN-20260602-0036,1,2026-06-02 15:28:01,Punggol,BTM-M-01,Men's Ezy Ankle Pants,Bottoms,Men,29.9,29.9,False,1,29.9,Card
BUG-20260602-0431,1,2026-06-02 19:52:46,BUGIS,SOK-W-02,Women's Pile Crew Socks,SOCKS,Women,5.9,5.9,False,1,5.9,nets
ORC-20260602-0327,1,2026-06-02 11:22:37,ORCHARD CENTRAL,TOP-M-01,Men's Airism Cotton Crew Neck T-Shirt,Tops,Men,14.9,14.9,False,1,14.9,Card
BUG-20260602-0505,2,2026-06-02 17:53:30,Bugis,SOK-M-02,Men's Pile Crew Socks,Socks,Men,5.9,5.9,False,1,5.9,Cash
PUN-20260602-0407,1,2026-06-02 20:08:16,Punggol,SOK-W-01,Women's Ankle Socks 3-Pack,Socks,Women,14.9,14.9,False,1,14.9,Card
ORC-20260602-0803,2,2026-06-02 22:09:19,Orchard Central,SOK-M-09,Men's No-Show Sneaker Socks,Socks,men,4.11,5.9,True,1,4.11,Card
ORC-20260602-0086,1,2026-06-02 19:31:55,ORCHARD CENTRAL,TOP-W-02,Women's Ribbed Long Sleeve Turtleneck,TOPS,Women,19.9,19.9,False,1,19.9,NETS
BUG-20260602-0743,2,2026-06-02 19:40:54,Bugis,SOK-W-03,Women's Airism Low-Cut Socks,Socks,Women,5.9,5.9,False,2,11.8,Card
BUG-20260602-0265,2,2026-06-02 21:32:18,BUGIS,SOK-M-04,Men's Ribbed Crew Socks,Socks,Men,5.9,5.9,False,1,5.9,Card
ORC-20260602-0342,2,2026-06-02 12:52:54,Orchard Central,UND-W-03,Women's Cotton Blend Briefs,Underwear,WOMEN,9.9,9.9,False,1,9.9,Card
ORC-20260602-0262,1,2026-06-02 16:38:19,Orchard Central,TOP-M-05,Men's Heattech Crew Neck Long Sleeve Tee,Tops,men,11.62,14.9,True,1,11.62,Cash
PUN-20260602-0013,1,2026-06-02 22:54:17,Punggol,SOK-W-03,Women's Airism Low-Cut Socks,Socks,Women,5.9,5.9,False,2,11.8,Card
ORC-20260602-0456,1,2026-06-02 21:36:36,Orchard Central,TOP-W-04,Women's Heattech Crew Neck Long Sleeve Tee,Tops,Women,14.9,14.9,False,1,14.9,CARD
BUG-20260602-0626,1,2026-06-02 17:29:33,Bugis,SOK-W-04,Women's Ribbed Crew Socks,Socks,Women,5.9,5.9,False,1,5.9,CARD
PUN-20260602-0308,3,2026-06-02 16:37:22,Punggol,SOK-M-02,Men's Pile Crew Socks,Socks,Men,5.9,5.9,False,1,5.9,NETS
ORC-20260602-0712,2,2026-06-02 18:21:36,Orchard Central,SOK-W-04,Women's Ribbed Crew Socks,Socks,Women,5.9,5.9,False,2,11.8,Card
BUG-20260602-0528,2,2026-06-02 13:07:54,Bugis,SOK-M-02,Men's Pile Crew Socks,Socks,men,$5.9,5.9,False,1,5.9,Card
BUG-20260602-0049,2,2026-06-02 12:44:24,Bugis,SOK-W-03,  Women's Airism Low-Cut Socks  ,Socks,Women,5.9,5.9,False,1,5.9,Card
BUG-20260602-0808,1,2026-06-02 14:14:35,Bugis,SOK-W-02,Women's Pile Crew Socks,Socks,Women,$5.9,5.9,False,1,5.9,Card
PUN-20260602-0615,1,2026-06-02 19:35:21,Punggol,SOK-M-03,Men's Airism Low-Cut Socks,Socks,Men,5.9,5.9,False,1,5.9,PayNow
ORC-20260602-0418,2,2026-06-02 21:24:39,orchard central,SOK-W-02,Women's Pile Crew Socks,Socks,Women,5.9,5.9,False,1,5.9,Card
ORC-20260602-1073,2,2026-06-02 12:56:10,Orchard Central,SOK-W-04,Women's Ribbed Crew Socks,Socks,Women,5.9,5.9,False,1,5.9,PayNow
PUN-20260602-0178,3,2026-06-02 21:10:04,Punggol,SOK-W-03,Women's Airism Low-Cut Socks,Socks,women,5.9,5.9,False,2,11.8,Card
ORC-20260602-0944,1,2026-06-02 13:59:45,Orchard Central,UND-W-03,Women's Cotton Blend Briefs,Underwear,Women,9.9,9.9,False,1,9.9,NETS
PUN-20260602-0191,3,2026-06-02 18:20:42,punggol,UND-W-03,  Women's Cotton Blend Briefs  ,Underwear,WOMEN,9.9,9.9,False,1,9.9,card
BUG-20260602-0555,2,2026-06-02 21:27:27,bugis,UND-W-01,Women's Airism Bikini Shorts,underwear,Women,9.9,9.9,False,1,9.9,Card
ORC-20260602-0946,2,2026-06-02 19:27:50,Orchard Central,SOK-W-02,Women's Pile Crew Socks,Socks,Women,5.9,5.9,False,1,5.9,Card
ORC-20260602-0858,2,2026-06-02 19:16:42,  Orchard Central  ,SOK-W-02,Women's Pile Crew Socks,Socks,Women,5.9,5.9,False,1,5.9,Card
BUG-20260602-0473,1,2026-06-02 22:51:35,Bugis,SOK-M-01,Men's Ankle Socks 3-Pack,Socks,MEN,14.9,14.9,False,1,14.9,Card
BUG-20260602-0343,3,2026-06-02 11:54:04,Bugis,SOK-M-04,Men's Ribbed Crew Socks,Socks,Men,5.9,5.9,False,1,5.9,Card
ORC-20260602-0035,1,2026-06-02 14:58:06,Orchard Central,SOK-W-04,Women's Ribbed Crew Socks,SOCKS,Women,5.9,5.9,False,1,5.9,PayNow
ORC-20260602-0365,1,2026-06-02 11:50:40,Orchard Central,SOK-M-03,Men's Airism Low-Cut Socks,Socks,Men,5.9,5.9,False,1,$5.9,Cash
BUG-20260602-0787,3,2026-06-02 18:55:43,Bugis,UND-M-02,Men's Cotton Blend Trunks,Underwear,men,14.9,14.9,False,1,14.9,Card
BUG-20260602-0649,2,2026-06-02 20:53:31,Bugis,UND-W-03,Women's Cotton Blend Briefs,Underwear,Women,9.9,9.9,False,1,9.9,Card
BUG-20260602-0347,1,2026-06-02 18:14:46,Bugis,UND-W-03,Women's Cotton Blend Briefs,Underwear,women,9.9,9.9,False,1,9.9,Card
ORC-20260602-0664,2,2026-06-02 16:04:58,Orchard Central,SOK-M-09,Men's No-Show Sneaker Socks,Socks,Men,4.11,5.9,True,2,8.22,card
ORC-20260602-0971,1,2026-06-02 17:02:40,Orchard Central,SOK-W-03,Women's Airism Low-Cut Socks,Socks,Women,5.9,5.9,False,1,5.9,Card
PUN-20260602-0627,1,2026-06-02 12:24:39,Punggol,SOK-M-04,Men's Ribbed Crew Socks,Socks,men,5.9,5.9,False,1,5.9,card
BUG-20260602-0212,2,2026-06-02 20:14:46,Bugis,SOK-W-02,Women's Pile Crew Socks,Socks,WOMEN,5.9,5.9,False,1,5.9,
ORC-20260602-0686,3,2026-06-02 18:43:12,orchard central,TOP-M-04,Men's Oxford Long Sleeve Shirt,Tops,Men,29.9,29.9,False,1,29.9,nets
ORC-20260602-0813,3,2026-06-02 18:24:11,Orchard Central,UND-W-03,Women's Cotton Blend Briefs,Underwear,Women,$9.9,9.9,False,1,9.9,PayNow
BUG-20260602-0708,1,2026-06-02 12:51:26,Bugis,UND-M-04,Men's Cotton Crew Neck Undershirt,Underwear,Men,14.9,14.9,False,1,14.9,Card
ORC-20260602-0510,3,2026-06-02 16:41:27,Orchard Central,SOK-W-04,Women's Ribbed Crew Socks,Socks,Women,5.9,5.9,False,1,5.9,NETS
BUG-20260602-0003,1,2026-06-02 22:58:47,Bugis,BTM-M-04,Men's Dry Stretch Shorts,Bottoms,Men,19.9,19.9,False,1,19.9,Card
PUN-20260602-0005,1,2026-06-02 13:26:12,Punggol,BTM-W-01,Women's Ultra Stretch Skinny Jeans,Bottoms,Women,39.9,39.9,False,1,39.9,NETS
BUG-20260602-0478,1,2026-06-02 20:41:37,  Bugis  ,SOK-M-04,Men's Ribbed Crew Socks,Socks,Men,5.9,5.9,False,1,5.9,Card
BUG-20260602-0331,1,2026-06-02 17:02:13,bugis,BTM-M-08,Men's Relaxed Fit Denim Shorts,Bottoms,Men,22.99,29.9,True,1,22.99,PayNow
PUN-20260602-0622,2,2026-06-02 14:46:37,Punggol,UND-M-01,Men's Airism Boxer Briefs,Underwear,Men,14.9,14.9,False,1,14.9,Cash
ORC-20260602-0806,1,2026-06-02 11:47:03,Orchard Central,TOP-W-03,Women's Silky Satin Blouse,TOPS,Women,39.9,39.9,False,1,39.9,Cash
PUN-20260602-0421,1,2026-06-02 15:05:52,Punggol,UND-M-09,Men's Heattech Long Johns,Underwear,Men,19.9,19.9,False,1,19.9,Cash
ORC-20260602-0581,3,2026-06-02 20:15:09,Orchard Central,SOK-M-02,  Men's Pile Crew Socks  ,socks,Men,5.9,5.9,False,1,5.9,NETS
BUG-20260602-0322,2,2026-06-02 16:05:16,Bugis,SOK-W-02,Women's Pile Crew Socks,Socks,Women,5.9,5.9,False,1,5.9,Paynow
BUG-20260602-0580,1,2026-06-02 20:48:14,Bugis,TOP-M-01,Men's Airism Cotton Crew Neck T-Shirt,Tops,Men,14.9,14.9,False,1,14.9,card
BUG-20260602-0060,1,2026-06-02 19:30:32,Bugis,TOP-W-02,Women's Ribbed Long Sleeve Turtleneck,Tops,Women,19.9,19.9,False,1,19.9,Card
PUN-20260602-0595,1,2026-06-02 20:57:24,Punggol,SOK-W-04,Women's Ribbed Crew Socks,Socks,Women,5.9,5.9,False,2,11.8,NETS
BUG-20260602-0751,1,2026-06-02 12:42:16,bugis,SOK-W-03,Women's Airism Low-Cut Socks,Socks,Women,5.9,5.9,False,1,5.9,Card
BUG-20260602-0770,3,2026-06-02 19:27:39,Bugis,SOK-W-02,Women's Pile Crew Socks,Socks,Women,5.9,5.9,False,1,5.9,nets
ORC-20260602-0160,2,2026-06-02 21:06:37,Orchard Central,SOK-M-07,Men's Striped Crew Socks,socks,Men,5.9,5.9,False,1,5.9,Card
PUN-20260602-0239,1,2026-06-02 20:43:27,Punggol,SOK-M-01,Men's Ankle Socks 3-Pack,Socks,Men,14.9,14.9,False,2,29.8,NETS
PUN-20260602-0184,2,2026-06-02 22:14:05,Punggol,SOK-M-02,Men's Pile Crew Socks,Socks,Men,5.9,5.9,False,1,5.9,NETS
PUN-20260602-0380,2,2026-06-02 21:10:47,Punggol,BTM-M-02,Men's Slim Fit Chino Trousers,Bottoms,Men,29.9,29.9,False,1,29.9,CASH
ORC-20260602-1047,2,2026-06-02 13:42:19,Orchard Central,BTM-W-08,Women's Smart Ankle Pants,Bottoms,Women,39.9,39.9,False,1,39.9,PAYNOW
BUG-20260602-0342,1,2026-06-02 17:58:21,Bugis,SOK-W-02,  Women's Pile Crew Socks  ,Socks,Women,5.9,5.9,False,1,5.9,PayNow
ORC-20260602-0614,1,2026-06-02 22:07:56,  Orchard Central  ,SOK-W-03,Women's Airism Low-Cut Socks,Socks,Women,5.9,5.9,False,1,5.9,PayNow
BUG-20260602-0002,2,2026-06-02 17:31:39,Bugis,UND-W-04,Women's Airism T-Shirt Bra,Underwear,Women,29.9,29.9,False,1,29.9,PayNow
ORC-20260602-0393,2,2026-06-02 15:30:41,Orchard Central,SOK-M-04,Men's Ribbed Crew Socks,Socks,Men,5.9,5.9,False,1,5.9,NETS
PUN-20260602-0117,2,2026-06-02 16:19:48,Punggol,SOK-M-02,Men's Pile Crew Socks,Socks,Men,5.9,5.9,False,1,5.9,CARD
BUG-20260602-0683,3,2026-06-02 17:52:23,Bugis,SOK-M-02,Men's Pile Crew Socks,Socks,Men,5.9,5.9,False,1,5.9,Cash
PUN-20260602-0684,1,2026-06-02 19:25:08,Punggol,SOK-W-02,  Women's Pile Crew Socks  ,Socks,Women,5.9,5.9,False,1,5.9,Cash
PUN-20260602-0195,1,2026-06-02 18:35:32,Punggol,TOP-W-04,Women's Heattech Crew Neck Long Sleeve Tee,Tops,Women,14.9,14.9,False,1,14.9,Card
PUN-20260602-0255,2,2026-06-02 15:51:29,  Punggol  ,SOK-W-03,Women's Airism Low-Cut Socks,socks,Women,5.9,5.9,False,1,5.9,Card
ORC-20260602-0507,2,2026-06-02 21:00:21,Orchard Central,SOK-W-01,Women's Ankle Socks 3-Pack,Socks,Women,14.9,14.9,False,1,14.9,Card
BUG-20260602-0517,2,2026-06-02 11:24:32,Bugis,SOK-W-04,Women's Ribbed Crew Socks,Socks,Women,5.9,5.9,False,1,5.9,PayNow
ORC-20260602-0344,3,2026-06-02 18:18:35,Orchard Central,TOP-W-01,Women's Airism Cotton Crew Neck T-Shirt,Tops,Women,14.9,14.9,False,1,14.9,Card
ORC-20260602-0285,1,2026-06-02 17:51:19,Orchard Central,UND-M-10,Men's Cotton Blend Briefs,Underwear,Men,9.9,9.9,False,1,9.9,CARD
ORC-20260602-0548,2,2026-06-02 19:03:34,Orchard Central,BTM-W-03,Women's Ezy Ankle Pants,Bottoms,Women,29.9,29.9,False,1,29.9,PayNow
PUN-20260602-0186,2,2026-06-02 18:25:08,Punggol,UND-W-01,Women's Airism Bikini Shorts,Underwear,Women,9.9,9.9,False,1,9.9,Card
BUG-20260602-0714,2,2026-06-02 19:30:11,Bugis,TOP-W-02,Women's Ribbed Long Sleeve Turtleneck,Tops,Women,19.9,19.9,False,1,19.9,card
BUG-20260602-0546,1,2026-06-02 16:57:54,Bugis,SOK-M-02,Men's Pile Crew Socks,Socks,Men,5.9,5.9,False,1,5.9,PayNow
ORC-20260602-0996,2,2026-06-02 19:10:40,Orchard Central,SOK-W-10,Women's Wool Blend Socks,Socks,Women,$9.9,9.9,False,1,9.9,Card
PUN-20260602-0654,1,2026-06-02 12:04:53,Punggol,SOK-M-03,Men's Airism Low-Cut Socks,SOCKS,Men,5.9,5.9,False,1,5.9,Card
PUN-20260602-0131,1,2026-06-02 20:45:18,Punggol,SOK-W-03,Women's Airism Low-Cut Socks,Socks,Women,5.9,5.9,False,1,5.9,PayNow
PUN-20260602-0208,1,2026-06-02 19:35:14,Punggol,SOK-M-03,Men's Airism Low-Cut Socks,Socks,Men,5.9,5.9,False,2,11.8,Card
ORC-20260602-1089,1,2026-06-02 14:29:31,  Orchard Central  ,UND-W-03,Women's Cotton Blend Briefs,Underwear,Women,9.9,9.9,False,1,9.9,Card
ORC-20260602-0632,1,2026-06-02 20:47:05,orchard central,SOK-W-04,Women's Ribbed Crew Socks,Socks,Women,5.9,5.9,False,1,5.9,NETS
BUG-20260602-0759,1,2026-06-02 19:15:35,Bugis,TOP-M-03,Men's Dry-EX Crew Neck T-Shirt,Tops,Men,19.9,19.9,False,1,19.9,CARD
BUG-20260602-0185,1,2026-06-02 12:56:38,Bugis,UND-W-01,Women's Airism Bikini Shorts,Underwear,Women,9.9,9.9,False,1,9.9,PayNow
PUN-20260602-0430,3,2026-06-02 18:45:08,Punggol,TOP-W-02,Women's Ribbed Long Sleeve Turtleneck,tops,Women,19.9,19.9,False,1,19.9,PayNow
ORC-20260602-0675,2,2026-06-02 22:35:05,  Orchard Central  ,SOK-M-03,Men's Airism Low-Cut Socks,Socks,Men,5.9,5.9,False,2,11.8,PayNow
PUN-20260602-0545,1,2026-06-02 20:37:57,Punggol,SOK-M-01,Men's Ankle Socks 3-Pack,Socks,Men,14.9,14.9,False,1,14.9,Card
ORC-20260602-0158,1,2026-06-02 18:04:27,Orchard Central,BTM-W-03,Women's Ezy Ankle Pants,Bottoms,Women,29.9,29.9,False,1,29.9,Card
ORC-20260602-0528,1,2026-06-02 12:07:48,Orchard Central,UND-W-01,Women's Airism Bikini Shorts,Underwear,Women,9.9,9.9,False,1,9.9,card
ORC-20260602-0667,1,2026-06-02 20:55:22,Orchard Central,SOK-M-02,Men's Pile Crew Socks,Socks,Men,5.9,5.9,False,1,5.9,Card
ORC-20260602-0717,1,2026-06-02 21:10:28,Orchard Central,SOK-M-04,Men's Ribbed Crew Socks,Socks,Men,5.9,5.9,False,1,5.9,Nets
PUN-20260602-0561,1,2026-06-02 20:41:21,Punggol,SOK-W-02,Women's Pile Crew Socks,Socks,Women,5.9,5.9,False,1,5.9,NETS
BUG-20260602-0076,1,2026-06-02 19:17:41,bugis,SOK-W-03,Women's Airism Low-Cut Socks,SOCKS,women,5.9,5.9,False,2,11.8,NETS
BUG-20260602-0253,1,2026-06-02 19:36:43,Bugis,SOK-M-03,Men's Airism Low-Cut Socks,Socks,MEN,$5.9,5.9,False,1,5.9,Card
BUG-20260602-0382,1,2026-06-02 17:18:19,Bugis,SOK-W-01,Women's Ankle Socks 3-Pack,Socks,WOMEN,14.9,14.9,False,2,29.8,NETS
PUN-20260602-0218,2,2026-06-02 21:56:59,Punggol,UND-W-03,Women's Cotton Blend Briefs,Underwear,Women,9.9,9.9,False,1,9.9,Cash
ORC-20260602-0972,1,2026-06-02 18:34:58,orchard central,UND-W-02,Women's Wireless Bra,Underwear,WOMEN,29.9,29.9,False,2,59.8,Card
BUG-20260602-0335,1,2026-06-02 20:27:14,Bugis,SOK-W-03,Women's Airism Low-Cut Socks,SOCKS,Women,5.9,5.9,False,1,5.9,Card
ORC-20260602-0970,1,2026-06-02 21:37:46,Orchard Central,SOK-M-03,Men's Airism Low-Cut Socks,Socks,Men,5.9,5.9,False,1,5.9,Card
BUG-20260602-0362,1,2026-06-02 11:29:26,BUGIS,UND-M-04,Men's Cotton Crew Neck Undershirt,Underwear,Men,14.9,14.9,False,1,14.9,PayNow
BUG-20260602-0493,2,2026-06-02 17:28:45,Bugis,SOK-W-04,Women's Ribbed Crew Socks,Socks,Women,5.9,5.9,False,1,5.9,Cash
PUN-20260602-0503,1,2026-06-02 15:37:07,punggol,UND-M-10,Men's Cotton Blend Briefs,Underwear,Men,9.9,9.9,False,2,19.8,Card
ORC-20260602-0673,3,2026-06-02 17:42:08,Orchard Central,UND-M-01,Men's Airism Boxer Briefs,Underwear,men,14.9,14.9,False,1,14.9,Card
PUN-20260602-0539,1,2026-06-02 15:06:13,Punggol,UND-W-01,Women's Airism Bikini Shorts,Underwear,Women,9.9,9.9,False,1,9.9,NETS
ORC-20260602-0208,3,2026-06-02 17:01:58,Orchard Central,UND-M-03,Men's Airism Mesh Boxer Briefs,Underwear,MEN,14.9,14.9,False,2,29.8,
BUG-20260602-0243,3,2026-06-02 14:03:46,Bugis,UND-W-03,Women's Cotton Blend Briefs,Underwear,Women,9.9,9.9,False,2,19.8,Card
PUN-20260602-0102,2,2026-06-02 17:58:49,Punggol,TOP-W-03,Women's Silky Satin Blouse,Tops,Women,39.9,39.9,False,1,39.9,Card
ORC-20260602-1042,2,2026-06-02 12:50:05,  orchard central  ,SOK-W-04,Women's Ribbed Crew Socks,Socks,Women,5.9,5.9,False,2,11.8,PayNow
BUG-20260602-0029,1,2026-06-02 15:34:51,Bugis,UND-W-01,Women's Airism Bikini Shorts,Underwear,Women,$9.9,9.9,False,1,9.9,PayNow
BUG-20260602-0256,2,2026-06-02 15:12:38,Bugis,BTM-M-04,  Men's Dry Stretch Shorts  ,Bottoms,Men,19.9,19.9,False,1,19.9,Card
PUN-20260602-0085,3,2026-06-02 20:03:26,Punggol,SOK-W-02,Women's Pile Crew Socks,Socks,Women,5.9,5.9,False,1,5.9,PAYNOW
ORC-20260602-1011,3,2026-06-02 17:14:37,Orchard Central,SOK-M-09,Men's No-Show Sneaker Socks,Socks,Men,4.11,5.9,True,1,4.11,Card
ORC-20260602-0250,3,2026-06-02 12:25:24,Orchard Central,UND-M-08,Men's Airism V-Neck Undershirt,UNDERWEAR,Men,9.9,9.9,False,1,9.9,card
PUN-20260602-0139,2,2026-06-02 21:37:07,Punggol,SOK-M-05,Men's Sport Ankle Socks,Socks,men,5.9,5.9,False,1,5.9,Card
ORC-20260602-0995,3,2026-06-02 20:39:19,Orchard Central,UND-M-02,Men's Cotton Blend Trunks,underwear,MEN,14.9,14.9,False,1,14.9,paynow
ORC-20260602-0776,1,2026-06-02 17:29:36,Orchard Central,SOK-M-09,Men's No-Show Sneaker Socks,Socks,Men,4.11,5.9,True,1,4.11,Cash
ORC-20260602-0225,1,2026-06-02 19:32:41,Orchard Central,UND-W-01,Women's Airism Bikini Shorts,Underwear,women,9.9,9.9,False,1,9.9,PayNow
ORC-20260602-0561,1,2026-06-02 16:25:09,Orchard Central,BTM-M-08,Men's Relaxed Fit Denim Shorts,Bottoms,Men,22.99,29.9,True,1,22.99,PayNow
ORC-20260602-0306,3,2026-06-02 22:12:37,Orchard Central,SOK-M-03,Men's Airism Low-Cut Socks,SOCKS,Men,5.9,5.9,False,1,5.9,NETS
ORC-20260602-0589,3,2026-06-02 11:12:46,  Orchard Central  ,UND-W-01,Women's Airism Bikini Shorts,Underwear,women,9.9,9.9,False,1,9.9,PAYNOW
PUN-20260602-0011,1,2026-06-02 14:32:59,PUNGGOL,SOK-W-04,Women's Ribbed Crew Socks,Socks,Women,5.9,5.9,False,1,$5.9,PayNow
ORC-20260602-0598,1,2026-06-02 20:44:38,Orchard Central,TOP-M-01,Men's Airism Cotton Crew Neck T-Shirt,Tops,Men,14.9,14.9,False,1,14.9,Cash
ORC-20260602-0597,1,2026-06-02 16:14:51,Orchard Central,TOP-W-04,Women's Heattech Crew Neck Long Sleeve Tee,Tops,Women,14.9,14.9,False,1,14.9,Paynow
ORC-20260602-0968,2,2026-06-02 18:14:21,Orchard Central,TOP-M-01,Men's Airism Cotton Crew Neck T-Shirt,Tops,Men,14.9,14.9,False,1,14.9,Cash
PUN-20260602-0681,1,2026-06-02 19:45:14,Punggol,UND-M-04,Men's Cotton Crew Neck Undershirt,Underwear,Men,14.9,14.9,False,1,14.9,PayNow
PUN-20260602-0209,1,2026-06-02 21:33:17,Punggol,UND-M-04,Men's Cotton Crew Neck Undershirt,UNDERWEAR,Men,14.9,14.9,False,1,14.9,PayNow
PUN-20260602-0486,1,2026-06-02 20:12:49,PUNGGOL,SOK-W-04,Women's Ribbed Crew Socks,Socks,WOMEN,5.9,5.9,False,1,5.9,Card
BUG-20260602-0726,1,2026-06-02 19:15:09,Bugis,SOK-W-02,  Women's Pile Crew Socks  ,socks,Women,5.9,5.9,False,1,$5.9,NETS
ORC-20260602-0825,2,2026-06-02 17:19:04,Orchard Central,SOK-W-02,Women's Pile Crew Socks,Socks,Women,5.9,5.9,False,1,5.9,PayNow
BUG-20260602-0548,1,2026-06-02 13:08:50,Bugis,TOP-M-04,Men's Oxford Long Sleeve Shirt,Tops,Men,29.9,29.9,False,1,29.9,Card
ORC-20260602-0861,1,2026-06-02 21:32:47,Orchard Central,SOK-M-03,Men's Airism Low-Cut Socks,Socks,Men,5.9,5.9,False,1,5.9,Card
ORC-20260602-0145,2,2026-06-02 15:18:13,Orchard Central,SOK-M-09,Men's No-Show Sneaker Socks,Socks,Men,4.11,5.9,True,1,4.11,Card
PUN-20260602-0012,1,2026-06-02 18:14:36,Punggol,SOK-M-04,Men's Ribbed Crew Socks,Socks,Men,5.9,5.9,False,1,5.9,PayNow
PUN-20260602-0334,1,2026-06-02 21:45:08,  PUNGGOL  ,TOP-W-02,Women's Ribbed Long Sleeve Turtleneck,Tops,Women,$19.9,19.9,False,1,19.9,Card
BUG-20260602-0151,2,2026-06-02 18:43:19,Bugis,SOK-M-04,Men's Ribbed Crew Socks,Socks,Men,5.9,5.9,False,1,5.9,Card
ORC-20260602-0986,3,2026-06-02 17:22:24,Orchard Central,SOK-W-03,Women's Airism Low-Cut Socks,Socks,Women,5.9,5.9,False,1,5.9,NETS
BUG-20260602-0370,3,2026-06-02 20:57:10,Bugis,SOK-M-02,Men's Pile Crew Socks,Socks,MEN,5.9,5.9,False,1,5.9,PayNow
PUN-20260602-0382,2,2026-06-02 11:47:55,Punggol,SOK-W-02,Women's Pile Crew Socks,Socks,Women,5.9,5.9,False,1,5.9,Card
BUG-20260602-0036,1,2026-06-02 11:01:57,bugis,SOK-M-04,Men's Ribbed Crew Socks,Socks,Men,5.9,5.9,False,1,5.9,Card
ORC-20260602-0798,1,2026-06-02 19:18:03,Orchard Central,SOK-M-09,Men's No-Show Sneaker Socks,Socks,men,4.11,5.9,True,1,4.11,NETS
ORC-20260602-0241,2,2026-06-02 20:44:05,Orchard Central,UND-W-01,Women's Airism Bikini Shorts,Underwear,Women,9.9,9.9,False,1,9.9,NETS
BUG-20260602-0724,3,2026-06-02 21:34:09,Bugis,TOP-W-04,Women's Heattech Crew Neck Long Sleeve Tee,Tops,women,14.9,14.9,False,1,14.9,PayNow
ORC-20260602-0817,3,2026-06-02 20:28:02,Orchard Central,SOK-W-06,Women's Heattech Socks,Socks,Women,9.9,9.9,False,1,9.9,Cash
BUG-20260602-0134,1,2026-06-02 15:29:50,Bugis,SOK-W-04,Women's Ribbed Crew Socks,Socks,Women,5.9,5.9,False,1,5.9,Card
ORC-20260602-0529,1,2026-06-02 20:41:36,Orchard Central,UND-M-01,Men's Airism Boxer Briefs,Underwear,Men,14.9,14.9,False,1,14.9,Paynow
BUG-20260602-0097,1,2026-06-02 11:23:19,Bugis,SOK-M-04,Men's Ribbed Crew Socks,Socks,Men,5.9,5.9,False,1,5.9,cash
ORC-20260602-1057,1,2026-06-02 20:32:23,Orchard Central,UND-M-02,Men's Cotton Blend Trunks,Underwear,Men,14.9,14.9,False,1,14.9,Card
ORC-20260602-0483,3,2026-06-02 13:28:07,Orchard Central,UND-M-01,Men's Airism Boxer Briefs,Underwear,Men,14.9,14.9,False,1,14.9,Card
BUG-20260602-0227,2,2026-06-02 19:06:31,Bugis,SOK-M-03,Men's Airism Low-Cut Socks,Socks,Men,5.9,5.9,False,1,$5.9,nets
ORC-20260602-0792,1,2026-06-02 11:03:55,orchard central,UND-W-03,Women's Cotton Blend Briefs,Underwear,Women,9.9,9.9,False,1,9.9,PayNow
ORC-20260602-0288,2,2026-06-02 15:14:34,Orchard Central,TOP-M-01,Men's Airism Cotton Crew Neck T-Shirt,Tops,Men,14.9,14.9,False,1,14.9,PayNow
BUG-20260602-0306,1,2026-06-02 13:28:26,Bugis,TOP-W-02,Women's Ribbed Long Sleeve Turtleneck,Tops,Women,19.9,19.9,False,1,$19.9,PayNow
ORC-20260602-0540,2,2026-06-02 12:00:39,Orchard Central,SOK-W-04,Women's Ribbed Crew Socks,Socks,Women,5.9,5.9,False,1,5.9,Card
BUG-20260602-0163,1,2026-06-02 15:50:03,  Bugis  ,SOK-M-04,Men's Ribbed Crew Socks,Socks,Men,5.9,5.9,False,2,11.8,PayNow
PUN-20260602-0256,1,2026-06-02 14:44:10,PUNGGOL,SOK-M-04,Men's Ribbed Crew Socks,socks,Men,5.9,5.9,False,1,5.9,Card
ORC-20260602-0307,1,2026-06-02 16:24:38,Orchard Central,TOP-M-01,Men's Airism Cotton Crew Neck T-Shirt,tops,Men,14.9,14.9,False,1,14.9,PayNow
PUN-20260602-0616,2,2026-06-02 20:33:24,Punggol,SOK-M-02,Men's Pile Crew Socks,Socks,Men,5.9,5.9,False,1,5.9,PayNow
PUN-20260602-0671,3,2026-06-02 15:23:35,Punggol,UND-M-08,Men's Airism V-Neck Undershirt,Underwear,men,9.9,9.9,False,1,9.9,Card
ORC-20260602-0215,3,2026-06-02 16:31:02,Orchard Central,UND-M-01,Men's Airism Boxer Briefs,underwear,Men,14.9,14.9,False,1,14.9,Card
BUG-20260602-0387,1,2026-06-02 20:48:32,  Bugis  ,SOK-M-04,Men's Ribbed Crew Socks,Socks,Men,5.9,5.9,False,2,$11.8,Card
PUN-20260602-0465,2,2026-06-02 22:20:37,Punggol,BTM-W-01,Women's Ultra Stretch Skinny Jeans,Bottoms,WOMEN,39.9,39.9,False,1,39.9,Card
BUG-20260602-0414,1,2026-06-02 20:16:28,Bugis,SOK-M-02,Men's Pile Crew Socks,Socks,Men,5.9,5.9,False,1,5.9,PayNow
PUN-20260602-0497,2,2026-06-02 22:58:47,Punggol,TOP-W-01,Women's Airism Cotton Crew Neck T-Shirt,Tops,Women,14.9,14.9,False,1,14.9,Card
BUG-20260602-0514,2,2026-06-02 21:03:43,Bugis,SOK-W-03,Women's Airism Low-Cut Socks,Socks,Women,5.9,5.9,False,2,11.8,PayNow
PUN-20260602-0058,1,2026-06-02 20:23:18,Punggol,UND-W-03,Women's Cotton Blend Briefs,Underwear,Women,9.9,9.9,False,1,$9.9,Card
ORC-20260602-0250,1,2026-06-02 12:25:24,Orchard Central,BTM-M-02,Men's Slim Fit Chino Trousers,Bottoms,Men,29.9,29.9,False,1,29.9,card
BUG-20260602-0035,2,2026-06-02 18:20:14,Bugis,UND-M-06,Men's Airism Sleeveless Undershirt,Underwear,Men,9.9,9.9,False,1,9.9,NETS
PUN-20260602-0673,2,2026-06-02 17:55:41,Punggol,UND-M-04,Men's Cotton Crew Neck Undershirt,Underwear,men,14.9,14.9,False,1,14.9,PayNow
ORC-20260602-0301,2,2026-06-02 13:56:02,Orchard Central,SOK-M-04,Men's Ribbed Crew Socks,Socks,men,5.9,5.9,False,1,5.9,PayNow
BUG-20260602-0751,2,2026-06-02 12:42:16,Bugis,UND-W-01,Women's Airism Bikini Shorts,Underwear,Women,9.9,9.9,False,1,9.9,CARD
ORC-20260602-0294,1,2026-06-02 19:31:52,Orchard Central,SOK-M-01,Men's Ankle Socks 3-Pack,Socks,Men,14.9,14.9,False,1,14.9,PayNow
PUN-20260602-0591,1,2026-06-02 18:43:39,Punggol,TOP-M-01,Men's Airism Cotton Crew Neck T-Shirt,Tops,Men,14.9,14.9,False,1,14.9,Cash
ORC-20260602-0695,1,2026-06-02 19:06:34,  Orchard Central  ,UND-M-03,Men's Airism Mesh Boxer Briefs,UNDERWEAR,Men,14.9,14.9,False,1,14.9,Card
BUG-20260602-0448,1,2026-06-02 22:49:28,BUGIS,BTM-W-02,Women's High-Rise Wide Leg Pants,Bottoms,Women,39.9,39.9,False,1,39.9,PayNow
PUN-20260602-0598,1,2026-06-02 22:29:07,Punggol,UND-M-03,Men's Airism Mesh Boxer Briefs,Underwear,Men,14.9,14.9,False,1,14.9,PAYNOW
ORC-20260602-0307,2,2026-06-02 16:24:38,Orchard Central,SOK-M-04,Men's Ribbed Crew Socks,Socks,Men,5.9,5.9,False,1,5.9,PayNow
BUG-20260602-0362,2,2026-06-02 11:29:26,bugis,TOP-W-02,Women's Ribbed Long Sleeve Turtleneck,Tops,Women,19.9,19.9,False,1,19.9,PayNow
PUN-20260602-0411,2,2026-06-02 21:44:38,Punggol,SOK-W-02,Women's Pile Crew Socks,Socks,Women,5.9,5.9,False,1,5.9,PayNow
ORC-20260602-0442,3,2026-06-02 12:17:23,Orchard Central,TOP-M-04,Men's Oxford Long Sleeve Shirt,Tops,Men,29.9,29.9,False,1,29.9,Card
ORC-20260602-0183,2,2026-06-02 12:00:29,Orchard Central,SOK-M-01,Men's Ankle Socks 3-Pack,Socks,Men,14.9,14.9,False,1,14.9,Card
BUG-20260602-0251,1,2026-06-02 18:58:09,Bugis,SOK-W-04,Women's Ribbed Crew Socks,Socks,Women,5.9,5.9,False,2,11.8,Card
PUN-20260602-0057,1,2026-06-02 17:40:14,  Punggol  ,TOP-M-03,Men's Dry-EX Crew Neck T-Shirt,tops,MEN,19.9,19.9,False,1,19.9,nets
ORC-20260602-0891,1,2026-06-02 19:25:25,ORCHARD CENTRAL,TOP-W-04,  Women's Heattech Crew Neck Long Sleeve Tee  ,Tops,women,14.9,14.9,False,1,14.9,Card
PUN-20260602-0413,1,2026-06-02 20:16:11,  Punggol  ,SOK-W-03,Women's Airism Low-Cut Socks,Socks,Women,5.9,5.9,False,1,5.9,PayNow
PUN-20260602-0206,1,2026-06-02 14:45:22,Punggol,UND-M-01,Men's Airism Boxer Briefs,Underwear,Men,14.9,14.9,False,1,14.9,NETS
ORC-20260602-1088,2,2026-06-02 18:58:09,  Orchard Central  ,UND-M-01,Men's Airism Boxer Briefs,Underwear,Men,14.9,14.9,False,1,14.9,PayNow
ORC-20260602-0398,2,2026-06-02 20:38:39,  ORCHARD CENTRAL  ,SOK-W-03,Women's Airism Low-Cut Socks,Socks,Women,5.9,5.9,False,1,5.9,CARD
BUG-20260602-0445,2,2026-06-02 17:14:11,Bugis,BTM-M-04,Men's Dry Stretch Shorts,Bottoms,men,19.9,19.9,False,1,19.9,Card
BUG-20260602-0332,1,2026-06-02 19:32:13,  Bugis  ,SOK-M-01,Men's Ankle Socks 3-Pack,Socks,Men,14.9,14.9,False,1,14.9,Card
PUN-20260602-0533,1,2026-06-02 19:04:34,Punggol,SOK-W-03,Women's Airism Low-Cut Socks,Socks,Women,5.9,5.9,False,1,5.9,nets
ORC-20260602-0784,2,2026-06-02 11:57:49,  Orchard Central  ,UND-M-04,Men's Cotton Crew Neck Undershirt,Underwear,Men,14.9,14.9,False,1,14.9,PayNow
BUG-20260602-0812,3,2026-06-02 14:28:44,Bugis,UND-M-01,Men's Airism Boxer Briefs,Underwear,Men,14.9,14.9,False,1,14.9,card
ORC-20260602-1045,2,2026-06-02 19:39:04,Orchard Central,SOK-W-06,Women's Heattech Socks,Socks,Women,9.9,9.9,False,1,9.9,Card
PUN-20260602-0100,1,2026-06-02 21:10:00,Punggol,SOK-M-06,Men's Heattech Socks,Socks,Men,9.9,9.9,False,1,9.9,PayNow
ORC-20260602-0401,2,2026-06-02 18:09:15,Orchard Central,SOK-W-06,Women's Heattech Socks,Socks,Women,9.9,9.9,False,2,19.8,Card
PUN-20260602-0113,3,2026-06-02 14:41:07,Punggol,SOK-M-02,Men's Pile Crew Socks,Socks,Men,5.9,5.9,False,1,5.9,NETS
PUN-20260602-0280,2,2026-06-02 19:01:27,Punggol,SOK-W-02,Women's Pile Crew Socks,Socks,Women,5.9,5.9,False,1,5.9,PayNow
PUN-20260602-0577,2,2026-06-02 21:56:25,  Punggol  ,BTM-W-02,Women's High-Rise Wide Leg Pants,Bottoms,Women,39.9,39.9,False,1,39.9,PayNow
BUG-20260602-0517,1,2026-06-02 11:24:32,Bugis,SOK-W-02,Women's Pile Crew Socks,Socks,Women,5.9,5.9,False,1,5.9,PayNow
BUG-20260602-0147,1,2026-06-02 11:34:05,Bugis,UND-M-01,  Men's Airism Boxer Briefs  ,Underwear,MEN,14.9,14.9,False,2,29.8,Card
BUG-20260602-0479,1,2026-06-02 17:44:14,Bugis,UND-W-02,  Women's Wireless Bra  ,Underwear,Women,29.9,29.9,False,1,29.9,Cash
PUN-20260602-0114,2,2026-06-02 18:27:55,Punggol,UND-M-04,Men's Cotton Crew Neck Undershirt,Underwear,Men,14.9,14.9,False,1,14.9,Card
ORC-20260602-0254,2,2026-06-02 19:44:14,Orchard Central,TOP-M-01,Men's Airism Cotton Crew Neck T-Shirt,Tops,Men,14.9,14.9,False,1,14.9,Card
BUG-20260602-0234,1,2026-06-02 17:24:09,Bugis,UND-W-03,Women's Cotton Blend Briefs,underwear,Women,9.9,9.9,False,1,9.9,Card
ORC-20260602-0973,3,2026-06-02 15:06:59,Orchard Central,SOK-W-02,Women's Pile Crew Socks,Socks,Women,5.9,5.9,False,1,$5.9,Cash
ORC-20260602-0029,2,2026-06-02 22:54:19,Orchard Central,TOP-W-02,Women's Ribbed Long Sleeve Turtleneck,Tops,Women,19.9,19.9,False,1,19.9,PayNow
ORC-20260602-0914,1,2026-06-02 14:12:38,Orchard Central,UND-W-06,Women's Lace Trim Briefs,UNDERWEAR,Women,9.9,9.9,False,1,9.9,Cash
PUN-20260602-0311,2,2026-06-02 17:13:21,Punggol,SOK-W-04,Women's Ribbed Crew Socks,SOCKS,Women,5.9,5.9,False,1,5.9,PayNow
PUN-20260602-0219,3,2026-06-02 17:05:48,PUNGGOL,TOP-W-02,Women's Ribbed Long Sleeve Turtleneck,TOPS,Women,19.9,19.9,False,1,19.9,Card
BUG-20260602-0228,3,2026-06-02 18:25:18,Bugis,UND-W-04,Women's Airism T-Shirt Bra,Underwear,Women,29.9,29.9,False,1,29.9,Card
ORC-20260602-0546,2,2026-06-02 20:07:30,Orchard Central,SOK-M-09,Men's No-Show Sneaker Socks,Socks,MEN,4.11,5.9,True,1,4.11,PayNow
BUG-20260602-0790,3,2026-06-02 18:18:35,BUGIS,SOK-W-02,Women's Pile Crew Socks,Socks,Women,5.9,5.9,False,1,5.9,Cash
BUG-20260602-0064,2,2026-06-02 15:34:46,Bugis,UND-W-01,Women's Airism Bikini Shorts,Underwear,Women,9.9,9.9,False,2,19.8,Cash
ORC-20260602-0654,2,2026-06-02 20:03:08,Orchard Central,UND-M-04,Men's Cotton Crew Neck Undershirt,Underwear,Men,14.9,14.9,False,1,14.9,Card
BUG-20260602-0540,1,2026-06-02 14:33:35,Bugis,UND-W-01,Women's Airism Bikini Shorts,Underwear,women,9.9,9.9,False,1,9.9,Cash
BUG-20260602-0608,1,2026-06-02 12:46:01,Bugis,TOP-W-02,Women's Ribbed Long Sleeve Turtleneck,Tops,Women,19.9,19.9,False,1,19.9,Card
ORC-20260602-0568,1,2026-06-02 18:33:13,Orchard Central,SOK-M-01,  Men's Ankle Socks 3-Pack  ,Socks,Men,14.9,14.9,False,1,14.9,Card
BUG-20260602-0190,2,2026-06-02 19:08:39,  Bugis  ,SOK-W-02,Women's Pile Crew Socks,Socks,Women,5.9,5.9,False,1,5.9,PayNow
ORC-20260602-0616,3,2026-06-02 11:04:04,Orchard Central,SOK-M-03,Men's Airism Low-Cut Socks,socks,Men,5.9,5.9,False,1,5.9,Cash
BUG-20260602-0371,1,2026-06-02 18:28:21,  Bugis  ,TOP-W-01,Women's Airism Cotton Crew Neck T-Shirt,tops,WOMEN,14.9,14.9,False,1,14.9,PAYNOW
ORC-20260602-0522,1,2026-06-02 19:30:34,  orchard central  ,SOK-W-03,Women's Airism Low-Cut Socks,Socks,Women,5.9,5.9,False,2,11.8,Card
ORC-20260602-0685,3,2026-06-02 19:33:16,Orchard Central,SOK-W-02,Women's Pile Crew Socks,Socks,WOMEN,5.9,5.9,False,1,5.9,Card
BUG-20260602-0067,2,2026-06-02 16:07:38,Bugis,BTM-W-01,Women's Ultra Stretch Skinny Jeans,Bottoms,Women,39.9,39.9,False,1,39.9,Card
ORC-20260602-0480,1,2026-06-02 13:54:46,Orchard Central,SOK-M-04,Men's Ribbed Crew Socks,Socks,Men,5.9,5.9,False,1,5.9,Card
ORC-20260602-0966,1,2026-06-02 21:19:12,Orchard Central,SOK-M-04,Men's Ribbed Crew Socks,Socks,Men,5.9,5.9,False,2,11.8,PayNow
PUN-20260602-0089,1,2026-06-02 19:39:08,Punggol,SOK-M-02,Men's Pile Crew Socks,Socks,Men,5.9,5.9,False,1,5.9,PayNow
BUG-20260602-0124,1,2026-06-02 11:12:30,Bugis,UND-M-04,Men's Cotton Crew Neck Undershirt,Underwear,Men,14.9,14.9,False,1,14.9,Card
BUG-20260602-0583,3,2026-06-02 19:38:01,bugis,UND-M-02,Men's Cotton Blend Trunks,Underwear,MEN,14.9,14.9,False,2,29.8,Card
ORC-20260602-1023,2,2026-06-02 20:19:38,Orchard Central,TOP-W-03,Women's Silky Satin Blouse,Tops,Women,39.9,39.9,False,1,39.9,NETS
PUN-20260602-0237,1,2026-06-02 15:23:01,Punggol,SOK-W-02,Women's Pile Crew Socks,Socks,Women,5.9,5.9,False,1,5.9,Card
BUG-20260602-0724,1,2026-06-02 21:34:09,Bugis,TOP-W-01,Women's Airism Cotton Crew Neck T-Shirt,Tops,Women,14.9,14.9,False,1,14.9,PayNow
BUG-20260602-0045,1,2026-06-02 18:14:23,Bugis,SOK-M-04,Men's Ribbed Crew Socks,Socks,Men,5.9,5.9,False,1,5.9,PayNow
BUG-20260602-0375,1,2026-06-02 16:30:21,Bugis,SOK-M-03,  Men's Airism Low-Cut Socks  ,Socks,Men,5.9,5.9,False,2,11.8,NETS
ORC-20260602-0982,1,2026-06-02 21:34:45,orchard central,UND-W-02,Women's Wireless Bra,Underwear,Women,29.9,29.9,False,1,29.9,PayNow
ORC-20260602-0268,2,2026-06-02 17:24:41,Orchard Central,UND-M-04,Men's Cotton Crew Neck Undershirt,Underwear,Men,14.9,14.9,False,1,14.9,paynow
PUN-20260602-0259,1,2026-06-02 19:19:13,Punggol,SOK-W-04,Women's Ribbed Crew Socks,Socks,Women,5.9,5.9,False,1,5.9,CARD
BUG-20260602-0495,2,2026-06-02 20:48:57,Bugis,BTM-M-01,Men's Ezy Ankle Pants,Bottoms,Men,29.9,29.9,False,1,29.9,Card
BUG-20260602-0501,2,2026-06-02 13:29:19,Bugis,BTM-M-04,  Men's Dry Stretch Shorts  ,Bottoms,Men,19.9,19.9,False,1,19.9,Card
BUG-20260602-0576,1,2026-06-02 20:38:32,Bugis,SOK-W-02,Women's Pile Crew Socks,Socks,Women,5.9,5.9,False,1,5.9,PayNow
BUG-20260602-0492,1,2026-06-02 18:41:06,Bugis,TOP-M-03,Men's Dry-EX Crew Neck T-Shirt,Tops,Men,19.9,19.9,False,1,19.9,card
BUG-20260602-0004,1,2026-06-02 12:00:00,Bugis,BTM-M-02,Men's Slim Fit Chino Trousers,Bottoms,Men,29.9,29.9,False,1,29.9,PayNow
ORC-20260602-0978,2,2026-06-02 20:41:35,Orchard Central,UND-M-05,Men's Seamless Boxer Briefs,Underwear,Men,14.9,14.9,False,1,14.9,Cash
ORC-20260602-0472,2,2026-06-02 19:19:26,ORCHARD CENTRAL,SOK-W-02,Women's Pile Crew Socks,Socks,Women,5.9,5.9,False,1,5.9,PayNow
PUN-20260602-0643,1,2026-06-02 18:06:52,Punggol,UND-W-03,Women's Cotton Blend Briefs,Underwear,Women,9.9,9.9,False,1,9.9,Cash
PUN-20260602-0061,2,2026-06-02 16:58:47,Punggol,SOK-W-01,Women's Ankle Socks 3-Pack,SOCKS,Women,14.9,14.9,False,1,14.9,Card
ORC-20260602-0354,2,2026-06-02 18:18:46,Orchard Central,SOK-M-04,Men's Ribbed Crew Socks,Socks,Men,5.9,5.9,False,2,11.8,PayNow
PUN-20260602-0561,2,2026-06-02 20:41:21,Punggol,UND-W-01,Women's Airism Bikini Shorts,Underwear,Women,9.9,9.9,False,1,9.9,NETS
BUG-20260602-0659,1,2026-06-02 15:58:15,Bugis,UND-M-02,Men's Cotton Blend Trunks,Underwear,Men,14.9,14.9,False,1,14.9,Card
ORC-20260602-0940,1,2026-06-02 17:56:20,Orchard Central,SOK-W-03,Women's Airism Low-Cut Socks,Socks,Women,5.9,5.9,False,1,5.9,Cash
ORC-20260602-0145,3,2026-06-02 15:18:13,Orchard Central,UND-W-03,Women's Cotton Blend Briefs,Underwear,Women,9.9,9.9,False,1,9.9,Card
ORC-20260602-0698,2,2026-06-02 17:38:27,Orchard Central,BTM-M-02,,Bottoms,MEN,29.9,29.9,False,1,29.9,Card
PUN-20260602-0569,1,2026-06-02 17:59:12,Punggol,SOK-W-03,Women's Airism Low-Cut Socks,Socks,Women,5.9,5.9,False,1,5.9,Card
PUN-20260602-0269,2,2026-06-02 20:51:23,Punggol,TOP-M-03,Men's Dry-EX Crew Neck T-Shirt,Tops,Men,19.9,19.9,False,1,19.9,NETS
PUN-20260602-0427,1,2026-06-02 20:09:41,Punggol,SOK-W-02,Women's Pile Crew Socks,Socks,Women,5.9,5.9,False,1,$5.9,PayNow
BUG-20260602-0287,1,2026-06-02 19:24:20,bugis,UND-W-02,Women's Wireless Bra,UNDERWEAR,Women,29.9,29.9,False,1,29.9,Cash
ORC-20260602-0385,1,2026-06-02 12:50:17,  Orchard Central  ,SOK-M-09,Men's No-Show Sneaker Socks,Socks,Men,4.11,5.9,True,1,4.11,Card
PUN-20260602-0146,3,2026-06-02 18:02:09,punggol,SOK-W-04,Women's Ribbed Crew Socks,Socks,Women,5.9,5.9,False,1,5.9,Card
BUG-20260602-0203,3,2026-06-02 12:23:43,  Bugis  ,UND-M-02,Men's Cotton Blend Trunks,Underwear,Men,14.9,14.9,False,1,14.9,Card
BUG-20260602-0341,3,2026-06-02 17:46:13,Bugis,BTM-W-01,Women's Ultra Stretch Skinny Jeans,Bottoms,Women,39.9,39.9,False,1,39.9,Card
ORC-20260602-0911,1,2026-06-02 22:23:03,Orchard Central,SOK-M-09,Men's No-Show Sneaker Socks,Socks,Men,4.11,5.9,True,1,4.11,NETS
ORC-20260602-0955,3,2026-06-02 20:15:48,Orchard Central,UND-M-08,Men's Airism V-Neck Undershirt,Underwear,Men,9.9,9.9,False,1,9.9,Card
BUG-20260602-0023,1,2026-06-02 15:56:51,Bugis,BTM-M-02,Men's Slim Fit Chino Trousers,bottoms,Men,$29.9,29.9,False,1,29.9,Card
PUN-20260602-0042,2,2026-06-02 18:37:51,Punggol,SOK-M-04,Men's Ribbed Crew Socks,Socks,Men,5.9,5.9,False,1,5.9,PayNow
ORC-20260602-1016,2,2026-06-02 13:51:36,Orchard Central,UND-M-01,Men's Airism Boxer Briefs,underwear,Men,14.9,14.9,False,1,14.9,Card
BUG-20260602-0483,1,2026-06-02 19:32:06,Bugis,TOP-W-04,Women's Heattech Crew Neck Long Sleeve Tee,Tops,Women,14.9,14.9,False,1,14.9,NETS
BUG-20260602-0193,1,2026-06-02 20:21:50,  Bugis  ,TOP-W-04,,Tops,WOMEN,14.9,14.9,False,1,14.9,Card
BUG-20260602-0219,3,2026-06-02 19:17:06,Bugis,BTM-M-04,Men's Dry Stretch Shorts,BOTTOMS,Men,19.9,19.9,False,1,19.9,Cash
PUN-20260602-0604,3,2026-06-02 20:46:20,Punggol,SOK-W-02,Women's Pile Crew Socks,Socks,Women,5.9,5.9,False,1,5.9,Card
ORC-20260602-0109,1,2026-06-02 15:43:39,ORCHARD CENTRAL,SOK-W-02,Women's Pile Crew Socks,Socks,Women,5.9,5.9,False,2,11.8,PayNow
BUG-20260602-0694,1,2026-06-02 18:27:44,Bugis,UND-M-02,Men's Cotton Blend Trunks,Underwear,Men,14.9,14.9,False,1,14.9,Card
PUN-20260602-0402,1,2026-06-02 14:24:49,Punggol,SOK-W-02,  Women's Pile Crew Socks  ,Socks,Women,5.9,5.9,False,1,5.9,Card
ORC-20260602-0477,2,2026-06-02 21:47:02,Orchard Central,TOP-W-02,Women's Ribbed Long Sleeve Turtleneck,Tops,Women,19.9,19.9,False,1,19.9,Card
ORC-20260602-0090,1,2026-06-02 19:15:33,Orchard Central,SOK-M-04,Men's Ribbed Crew Socks,Socks,Men,5.9,5.9,False,1,5.9,Card
PUN-20260602-0439,2,2026-06-02 19:15:19,punggol,TOP-W-07,Women's Fleece Pullover Hoodie,Tops,Women,29.9,29.9,False,1,29.9,Card
BUG-20260602-0479,2,2026-06-02 17:44:14,Bugis,SOK-W-01,Women's Ankle Socks 3-Pack,Socks,Women,14.9,14.9,False,1,14.9,Cash
ORC-20260602-0250,2,2026-06-02 12:25:24,Orchard Central,TOP-M-03,Men's Dry-EX Crew Neck T-Shirt,Tops,Men,19.9,19.9,False,1,19.9,Card
ORC-20260602-0348,1,2026-06-02 16:16:09,Orchard Central,UND-W-06,Women's Lace Trim Briefs,Underwear,Women,9.9,9.9,False,1,9.9,PayNow
ORC-20260602-0223,2,2026-06-02 20:37:36,Orchard Central,UND-M-04,Men's Cotton Crew Neck Undershirt,Underwear,Men,14.9,14.9,False,1,14.9,PayNow
ORC-20260602-0448,1,2026-06-02 19:51:50,Orchard Central,SOK-M-09,Men's No-Show Sneaker Socks,Socks,Men,4.11,5.9,True,1,4.11,Card
BUG-20260602-0663,1,2026-06-02 17:53:58,Bugis,UND-M-01,Men's Airism Boxer Briefs,Underwear,Men,14.9,14.9,False,1,14.9,Card
BUG-20260602-0669,3,2026-06-02 16:51:41,Bugis,TOP-M-04,Men's Oxford Long Sleeve Shirt,Tops,Men,29.9,29.9,False,1,29.9,NETS
BUG-20260602-0193,3,2026-06-02 20:21:50,Bugis,BTM-M-04,Men's Dry Stretch Shorts,Bottoms,Men,19.9,19.9,False,1,19.9,Card
PUN-20260602-0063,1,2026-06-02 12:30:58,  Punggol  ,UND-W-03,Women's Cotton Blend Briefs,Underwear,Women,9.9,9.9,False,1,$9.9,Cash
BUG-20260602-0146,1,2026-06-02 20:06:32,Bugis,SOK-W-01,Women's Ankle Socks 3-Pack,Socks,Women,14.9,14.9,False,2,29.8,paynow
ORC-20260602-1085,1,2026-06-02 21:37:41,Orchard Central,SOK-M-02,Men's Pile Crew Socks,Socks,Men,5.9,5.9,False,1,5.9,NETS
ORC-20260602-1088,3,2026-06-02 18:58:09,Orchard Central,SOK-M-03,Men's Airism Low-Cut Socks,Socks,Men,5.9,5.9,False,1,5.9,PayNow
BUG-20260602-0399,2,2026-06-02 20:01:14,Bugis,SOK-W-04,Women's Ribbed Crew Socks,Socks,Women,5.9,5.9,False,1,5.9,Card
BUG-20260602-0255,1,2026-06-02 20:33:44,Bugis,UND-M-02,Men's Cotton Blend Trunks,Underwear,Men,14.9,14.9,False,1,14.9,PayNow
BUG-20260602-0463,1,2026-06-02 15:27:59,Bugis,SOK-W-03,Women's Airism Low-Cut Socks,Socks,Women,5.9,5.9,False,1,5.9,Card
BUG-20260602-0343,1,2026-06-02 11:54:04,Bugis,TOP-W-02,Women's Ribbed Long Sleeve Turtleneck,Tops,Women,19.9,19.9,False,1,19.9,Card
PUN-20260602-0458,1,2026-06-02 19:35:57,Punggol,TOP-M-01,Men's Airism Cotton Crew Neck T-Shirt,Tops,Men,14.9,14.9,False,1,14.9,Card
PUN-20260602-0001,1,2026-06-02 12:17:02,Punggol,TOP-M-01,Men's Airism Cotton Crew Neck T-Shirt,Tops,MEN,14.9,14.9,False,1,14.9,Card
PUN-20260602-0148,1,2026-06-02 18:20:38,Punggol,BTM-M-02,Men's Slim Fit Chino Trousers,bottoms,Men,29.9,29.9,False,1,29.9,Cash
ORC-20260602-0559,2,2026-06-02 17:24:59,Orchard Central,UND-W-03,Women's Cotton Blend Briefs,UNDERWEAR,Women,9.9,9.9,False,1,9.9,Cash
ORC-20260602-0287,2,2026-06-02 21:59:14,Orchard Central,SOK-M-05,Men's Sport Ankle Socks,Socks,Men,5.9,5.9,False,1,5.9,Card
ORC-20260602-0543,2,2026-06-02 12:49:37,Orchard Central,SOK-M-02,Men's Pile Crew Socks,Socks,Men,5.9,5.9,False,1,5.9,Paynow
ORC-20260602-0120,2,2026-06-02 17:50:29,Orchard Central,SOK-M-10,Men's Wool Blend Socks,Socks,men,9.9,9.9,False,1,9.9,Card
ORC-20260602-0340,2,2026-06-02 12:58:13,Orchard Central,UND-W-01,Women's Airism Bikini Shorts,Underwear,Women,9.9,9.9,False,1,9.9,Cash
PUN-20260602-0177,1,2026-06-02 20:19:09,Punggol,UND-W-01,Women's Airism Bikini Shorts,Underwear,Women,9.9,9.9,False,1,9.9,PAYNOW
BUG-20260602-0061,2,2026-06-02 13:09:38,Bugis,TOP-W-01,Women's Airism Cotton Crew Neck T-Shirt,Tops,Women,14.9,14.9,False,1,14.9,Card
BUG-20260602-0558,3,2026-06-02 20:25:05,Bugis,SOK-M-02,Men's Pile Crew Socks,Socks,Men,5.9,5.9,False,2,11.8,Nets
ORC-20260602-0894,1,2026-06-02 18:15:54,Orchard Central,SOK-M-09,Men's No-Show Sneaker Socks,Socks,MEN,4.11,5.9,True,1,4.11,Cash
ORC-20260602-0105,1,2026-06-02 12:19:05,Orchard Central,BTM-M-03,Men's Selvedge Regular Fit Jeans,Bottoms,Men,59.9,59.9,False,1,59.9,NETS
BUG-20260602-0551,1,2026-06-02 16:18:24,Bugis,TOP-W-02,Women's Ribbed Long Sleeve Turtleneck,Tops,Women,19.9,19.9,False,1,19.9,Cash
PUN-20260602-0489,1,2026-06-02 19:58:08,Punggol,SOK-M-03,Men's Airism Low-Cut Socks,Socks,MEN,5.9,5.9,False,1,5.9,PayNow
PUN-20260602-0292,1,2026-06-02 19:30:22,Punggol,UND-M-01,Men's Airism Boxer Briefs,Underwear,Men,14.9,14.9,False,1,14.9,Card
BUG-20260602-0734,1,2026-06-02 20:43:02,Bugis,SOK-M-04,Men's Ribbed Crew Socks,Socks,Men,5.9,5.9,False,1,5.9,Card
ORC-20260602-0562,1,2026-06-02 15:32:42,Orchard Central,TOP-M-04,Men's Oxford Long Sleeve Shirt,Tops,Men,29.9,29.9,False,1,29.9,PayNow
PUN-20260602-0364,2,2026-06-02 12:08:54,Punggol,TOP-W-04,Women's Heattech Crew Neck Long Sleeve Tee,Tops,Women,14.9,14.9,False,1,14.9,Card
BUG-20260602-0310,2,2026-06-02 14:47:37,Bugis,UND-W-03,Women's Cotton Blend Briefs,Underwear,Women,9.9,9.9,False,1,9.9,Card
ORC-20260602-1067,3,2026-06-02 11:21:31,Orchard Central,SOK-M-09,Men's No-Show Sneaker Socks,Socks,Men,4.11,5.9,True,1,4.11,card
ORC-20260602-0224,1,2026-06-02 15:08:41,Orchard Central,SOK-W-02,Women's Pile Crew Socks,Socks,Women,5.9,5.9,False,1,5.9,CARD
ORC-20260602-1078,2,2026-06-02 21:42:37,Orchard Central,BTM-W-03,  Women's Ezy Ankle Pants  ,Bottoms,Women,29.9,29.9,False,1,29.9,Card
ORC-20260602-0819,3,2026-06-02 11:34:26,Orchard Central,TOP-W-04,Women's Heattech Crew Neck Long Sleeve Tee,Tops,Women,14.9,14.9,False,1,14.9,PayNow
ORC-20260602-0197,2,2026-06-02 18:39:03,Orchard Central,SOK-M-07,Men's Striped Crew Socks,Socks,men,5.9,5.9,False,1,5.9,Card
ORC-20260602-0925,3,2026-06-02 14:45:41,Orchard Central,UND-M-03,Men's Airism Mesh Boxer Briefs,Underwear,men,14.9,14.9,False,1,14.9,Card
ORC-20260602-0310,2,2026-06-02 12:02:58,Orchard Central,SOK-M-09,Men's No-Show Sneaker Socks,Socks,Men,4.11,5.9,True,1,4.11,NETS
ORC-20260602-0625,2,2026-06-02 20:31:40,Orchard Central,BTM-W-01,Women's Ultra Stretch Skinny Jeans,bottoms,Women,39.9,39.9,False,1,39.9,PayNow
PUN-20260602-0174,3,2026-06-02 20:46:32,Punggol,TOP-M-01,Men's Airism Cotton Crew Neck T-Shirt,Tops,Men,14.9,14.9,False,1,14.9,Card
ORC-20260602-0415,1,2026-06-02 14:08:12,Orchard Central,SOK-M-04,Men's Ribbed Crew Socks,Socks,Men,5.9,5.9,False,2,11.8,Nets
PUN-20260602-0376,1,2026-06-02 21:06:39,Punggol,SOK-W-03,Women's Airism Low-Cut Socks,Socks,Women,5.9,5.9,False,2,11.8,Card
PUN-20260602-0355,1,2026-06-02 21:40:48,Punggol,SOK-W-03,Women's Airism Low-Cut Socks,Socks,Women,5.9,5.9,False,1,5.9,NETS
PUN-20260602-0581,1,2026-06-02 13:49:10,Punggol,SOK-W-04,Women's Ribbed Crew Socks,Socks,Women,5.9,5.9,False,2,$11.8,Card
ORC-20260602-0460,1,2026-06-02 11:35:50,Orchard Central,TOP-W-04,Women's Heattech Crew Neck Long Sleeve Tee,Tops,women,14.9,14.9,False,1,14.9,PayNow
BUG-20260602-0437,2,2026-06-02 19:39:09,Bugis,SOK-W-04,Women's Ribbed Crew Socks,Socks,women,5.9,5.9,False,1,5.9,NETS
ORC-20260602-0236,1,2026-06-02 15:01:04,Orchard Central,BTM-W-02,Women's High-Rise Wide Leg Pants,Bottoms,Women,$39.9,39.9,False,1,39.9,Cash
BUG-20260602-0674,1,2026-06-02 12:25:57,Bugis,BTM-M-02,Men's Slim Fit Chino Trousers,Bottoms,Men,29.9,29.9,False,1,29.9,CARD
ORC-20260602-0808,1,2026-06-02 13:11:33,Orchard Central,SOK-W-02,Women's Pile Crew Socks,SOCKS,Women,5.9,5.9,False,1,5.9,paynow
BUG-20260602-0430,1,2026-06-02 16:44:28,Bugis,SOK-W-02,Women's Pile Crew Socks,Socks,WOMEN,5.9,5.9,False,1,5.9,NETS
PUN-20260602-0671,1,2026-06-02 15:23:35,PUNGGOL,SOK-M-03,Men's Airism Low-Cut Socks,Socks,Men,5.9,5.9,False,1,5.9,Card
BUG-20260602-0298,2,2026-06-02 16:10:20,Bugis,SOK-M-04,Men's Ribbed Crew Socks,Socks,Men,5.9,5.9,False,1,5.9,PayNow
PUN-20260602-0082,3,2026-06-02 16:34:37,Punggol,SOK-M-01,Men's Ankle Socks 3-Pack,Socks,Men,14.9,14.9,False,2,29.8,Card
ORC-20260602-1002,1,2026-06-02 22:55:41,Orchard Central,TOP-M-04,  Men's Oxford Long Sleeve Shirt  ,Tops,Men,29.9,29.9,False,1,29.9,Card
BUG-20260602-0652,2,2026-06-02 20:55:00,bugis,BTM-W-03,Women's Ezy Ankle Pants,Bottoms,Women,29.9,29.9,False,1,29.9,Card
ORC-20260602-0226,1,2026-06-02 18:21:50,Orchard Central,TOP-W-01,Women's Airism Cotton Crew Neck T-Shirt,Tops,Women,14.9,14.9,False,1,14.9,Card
BUG-20260602-0338,1,2026-06-02 14:20:05,Bugis,UND-M-01,Men's Airism Boxer Briefs,UNDERWEAR,Men,14.9,14.9,False,1,14.9,
ORC-20260602-0168,1,2026-06-02 20:46:29,Orchard Central,UND-M-01,Men's Airism Boxer Briefs,Underwear,Men,14.9,14.9,False,1,14.9,Cash
PUN-20260602-0594,1,2026-06-02 18:46:53,Punggol,SOK-W-03,Women's Airism Low-Cut Socks,Socks,Women,5.9,5.9,False,1,5.9,PayNow
PUN-20260602-0537,2,2026-06-02 15:06:42,PUNGGOL,TOP-W-04,Women's Heattech Crew Neck Long Sleeve Tee,Tops,Women,14.9,14.9,False,1,14.9,Cash
ORC-20260602-1018,1,2026-06-02 17:35:21,orchard central,SOK-W-03,Women's Airism Low-Cut Socks,Socks,Women,5.9,5.9,False,1,5.9,CARD
PUN-20260602-0616,1,2026-06-02 20:33:24,Punggol,SOK-M-02,Men's Pile Crew Socks,SOCKS,Men,5.9,5.9,False,1,5.9,PayNow
BUG-20260602-0620,2,2026-06-02 17:48:06,Bugis,SOK-W-04,Women's Ribbed Crew Socks,Socks,women,5.9,5.9,False,1,5.9,NETS
BUG-20260602-0442,3,2026-06-02 20:40:29,Bugis,SOK-W-02,Women's Pile Crew Socks,Socks,Women,5.9,5.9,False,1,5.9,Cash
ORC-20260602-0730,2,2026-06-02 21:38:36,Orchard Central,SOK-M-09,  Men's No-Show Sneaker Socks  ,Socks,Men,4.11,5.9,True,2,8.22,Card
ORC-20260602-0826,1,2026-06-02 18:47:29,ORCHARD CENTRAL,UND-W-01,Women's Airism Bikini Shorts,Underwear,WOMEN,9.9,9.9,False,1,9.9,PayNow
PUN-20260602-0004,2,2026-06-02 19:16:27,Punggol,TOP-W-04,Women's Heattech Crew Neck Long Sleeve Tee,Tops,women,14.9,14.9,False,1,14.9,Card
ORC-20260602-0259,1,2026-06-02 20:29:45,Orchard Central,SOK-M-04,Men's Ribbed Crew Socks,Socks,Men,5.9,5.9,False,1,5.9,Card
ORC-20260602-0055,1,2026-06-02 19:27:55,Orchard Central,SOK-M-09,Men's No-Show Sneaker Socks,Socks,Men,4.11,5.9,True,1,4.11,card
PUN-20260602-0648,2,2026-06-02 14:14:48,Punggol,SOK-W-03,Women's Airism Low-Cut Socks,Socks,Women,5.9,5.9,False,1,5.9,NETS
ORC-20260602-0403,2,2026-06-02 20:43:10,Orchard Central,UND-M-04,Men's Cotton Crew Neck Undershirt,Underwear,MEN,14.9,14.9,False,1,14.9,Cash
PUN-20260602-0148,2,2026-06-02 18:20:38,Punggol,UND-W-03,Women's Cotton Blend Briefs,Underwear,Women,9.9,9.9,False,1,9.9,Cash
BUG-20260602-0402,3,2026-06-02 12:17:35,Bugis,UND-W-03,Women's Cotton Blend Briefs,Underwear,Women,9.9,9.9,False,1,9.9,Card
PUN-20260602-0678,1,2026-06-02 19:10:57,PUNGGOL,SOK-W-03,Women's Airism Low-Cut Socks,socks,Women,5.9,5.9,False,1,5.9,CASH
BUG-20260602-0258,1,2026-06-02 15:04:15,Bugis,SOK-W-10,Women's Wool Blend Socks,socks,Women,9.9,9.9,False,1,9.9,Card
BUG-20260602-0066,1,2026-06-02 22:16:00,Bugis,TOP-M-01,Men's Airism Cotton Crew Neck T-Shirt,Tops,Men,14.9,14.9,False,1,14.9,NETS
ORC-20260602-0641,1,2026-06-02 18:23:09,Orchard Central,TOP-M-04,Men's Oxford Long Sleeve Shirt,Tops,Men,29.9,29.9,False,1,29.9,cash
PUN-20260602-0172,2,2026-06-02 22:29:26,Punggol,UND-W-04,  Women's Airism T-Shirt Bra  ,Underwear,Women,29.9,29.9,False,1,29.9,
PUN-20260602-0264,2,2026-06-02 16:49:49,PUNGGOL,SOK-W-04,Women's Ribbed Crew Socks,Socks,Women,5.9,5.9,False,1,5.9,PayNow
BUG-20260602-0243,1,2026-06-02 14:03:46,Bugis,SOK-M-03,Men's Airism Low-Cut Socks,Socks,Men,5.9,5.9,False,1,5.9,Card
BUG-20260602-0533,2,2026-06-02 20:09:44,Bugis,SOK-M-04,Men's Ribbed Crew Socks,Socks,Men,5.9,5.9,False,1,5.9,PayNow
ORC-20260602-0498,1,2026-06-02 17:00:31,  ORCHARD CENTRAL  ,SOK-M-09,Men's No-Show Sneaker Socks,Socks,Men,4.11,5.9,True,1,4.11,Cash
PUN-20260602-0319,1,2026-06-02 19:57:04,Punggol,SOK-W-04,Women's Ribbed Crew Socks,Socks,Women,5.9,5.9,False,1,5.9,Card
ORC-20260602-0901,3,2026-06-02 12:14:24,Orchard Central,SOK-M-09,Men's No-Show Sneaker Socks,Socks,Men,4.11,5.9,True,1,4.11,Card
ORC-20260602-0030,1,2026-06-02 20:00:26,Orchard Central,SOK-W-03,Women's Airism Low-Cut Socks,socks,Women,5.9,5.9,False,2,11.8,Card
ORC-20260602-0648,2,2026-06-02 17:40:53,Orchard Central,SOK-W-01,Women's Ankle Socks 3-Pack,socks,WOMEN,14.9,14.9,False,1,14.9,Card
ORC-20260602-0172,1,2026-06-02 18:56:24,ORCHARD CENTRAL,SOK-M-02,Men's Pile Crew Socks,Socks,Men,5.9,5.9,False,1,5.9,Card
BUG-20260602-0360,2,2026-06-02 20:24:28,  Bugis  ,UND-W-03,Women's Cotton Blend Briefs,underwear,Women,9.9,9.9,False,1,9.9,nets
ORC-20260602-0311,2,2026-06-02 19:29:00,Orchard Central,TOP-W-02,Women's Ribbed Long Sleeve Turtleneck,tops,Women,19.9,19.9,False,1,19.9,PayNow
ORC-20260602-0025,1,2026-06-02 13:33:30,Orchard Central,UND-M-04,Men's Cotton Crew Neck Undershirt,Underwear,Men,14.9,14.9,False,1,14.9,Card
PUN-20260602-0474,3,2026-06-02 19:35:45,Punggol,SOK-M-01,  Men's Ankle Socks 3-Pack  ,Socks,Men,14.9,14.9,False,1,14.9,Card
ORC-20260602-1073,1,2026-06-02 12:56:10,Orchard Central,TOP-W-01,Women's Airism Cotton Crew Neck T-Shirt,Tops,Women,14.9,14.9,False,1,14.9,PayNow
ORC-20260602-0867,1,2026-06-02 17:43:04,Orchard Central,TOP-W-04,Women's Heattech Crew Neck Long Sleeve Tee,Tops,Women,14.9,14.9,False,1,14.9,Card
BUG-20260602-0401,2,2026-06-02 21:20:50,Bugis,SOK-M-04,Men's Ribbed Crew Socks,Socks,Men,5.9,5.9,False,1,5.9,Card
ORC-20260602-0873,2,2026-06-02 17:29:59,Orchard Central,SOK-M-08,Men's Cotton Blend Dress Socks,Socks,Men,9.9,9.9,False,1,9.9,PayNow
ORC-20260602-0349,1,2026-06-02 19:12:47,Orchard Central,TOP-M-01,Men's Airism Cotton Crew Neck T-Shirt,Tops,Men,14.9,14.9,False,1,14.9,PayNow
ORC-20260602-0162,1,2026-06-02 21:23:45,Orchard Central,SOK-W-04,Women's Ribbed Crew Socks,Socks,Women,5.9,5.9,False,1,5.9,PayNow
BUG-20260602-0074,2,2026-06-02 12:23:51,Bugis,SOK-W-03,Women's Airism Low-Cut Socks,Socks,Women,5.9,5.9,False,1,5.9,NETS
PUN-20260602-0056,1,2026-06-02 12:38:34,Punggol,UND-W-01,  Women's Airism Bikini Shorts  ,Underwear,Women,9.9,9.9,False,1,9.9,Card
BUG-20260602-0126,1,2026-06-02 14:21:57,bugis,SOK-M-03,Men's Airism Low-Cut Socks,Socks,Men,5.9,5.9,False,1,5.9,PayNow
ORC-20260602-0354,1,2026-06-02 18:18:46,Orchard Central,UND-W-09,Women's Cotton Boyshorts,Underwear,women,9.9,9.9,False,1,9.9,PayNow
ORC-20260602-0295,1,2026-06-02 20:57:01,orchard central,UND-M-01,Men's Airism Boxer Briefs,Underwear,Men,14.9,14.9,False,1,14.9,PayNow
ORC-20260602-0991,1,2026-06-02 17:16:44,  Orchard Central  ,TOP-W-01,Women's Airism Cotton Crew Neck T-Shirt,Tops,Women,14.9,14.9,False,1,14.9,CARD
BUG-20260602-0749,1,2026-06-02 21:42:17,Bugis,UND-W-01,  Women's Airism Bikini Shorts  ,Underwear,Women,9.9,9.9,False,1,9.9,PayNow
BUG-20260602-0303,1,2026-06-02 19:39:13,Bugis,SOK-M-04,Men's Ribbed Crew Socks,Socks,Men,5.9,5.9,False,1,5.9,Cash
ORC-20260602-0026,2,2026-06-02 19:28:52,  Orchard Central  ,UND-W-09,Women's Cotton Boyshorts,Underwear,Women,9.9,9.9,False,2,19.8,Cash
BUG-20260602-0475,2,2026-06-02 19:32:50,bugis,UND-M-01,Men's Airism Boxer Briefs,Underwear,Men,14.9,14.9,False,1,$14.9,NETS
PUN-20260602-0343,2,2026-06-02 22:37:07,Punggol,TOP-M-01,Men's Airism Cotton Crew Neck T-Shirt,Tops,Men,14.9,14.9,False,1,14.9,PayNow
ORC-20260602-0895,1,2026-06-02 21:09:30,Orchard Central,SOK-M-04,Men's Ribbed Crew Socks,Socks,Men,5.9,5.9,False,1,5.9,Card
BUG-20260602-0011,1,2026-06-02 18:41:24,Bugis,SOK-W-04,Women's Ribbed Crew Socks,Socks,Women,5.9,5.9,False,1,5.9,PayNow
BUG-20260602-0687,1,2026-06-02 22:57:27,  Bugis  ,SOK-M-03,Men's Airism Low-Cut Socks,Socks,Men,5.9,5.9,False,1,5.9,Card
BUG-20260602-0672,1,2026-06-02 19:21:06,  Bugis  ,BTM-W-02,Women's High-Rise Wide Leg Pants,Bottoms,Women,39.9,39.9,False,1,39.9,Card
ORC-20260602-0690,3,2026-06-02 13:06:41,Orchard Central,SOK-M-03,Men's Airism Low-Cut Socks,Socks,Men,5.9,5.9,False,2,11.8,PayNow
BUG-20260602-0143,1,2026-06-02 20:42:10,  Bugis  ,SOK-M-06,Men's Heattech Socks,Socks,Men,9.9,9.9,False,1,9.9,Cash
PUN-20260602-0103,1,2026-06-02 16:06:48,Punggol,UND-M-07,Men's Stretch Cotton Boxers,Underwear,Men,14.9,14.9,False,1,14.9,Card
ORC-20260602-0772,2,2026-06-02 22:44:53,Orchard Central,SOK-M-09,Men's No-Show Sneaker Socks,Socks,Men,4.11,5.9,True,1,4.11,Card
ORC-20260602-0743,2,2026-06-02 20:18:34,Orchard Central,TOP-W-01,Women's Airism Cotton Crew Neck T-Shirt,Tops,Women,14.9,14.9,False,1,14.9,PayNow
PUN-20260602-0318,1,2026-06-02 18:13:44,Punggol,TOP-M-01,Men's Airism Cotton Crew Neck T-Shirt,Tops,Men,14.9,14.9,False,1,14.9,Card
BUG-20260602-0279,3,2026-06-02 18:52:57,Bugis,SOK-W-02,Women's Pile Crew Socks,Socks,Women,$5.9,5.9,False,1,5.9,
BUG-20260602-0091,3,2026-06-02 19:10:10,Bugis,SOK-W-04,Women's Ribbed Crew Socks,Socks,Women,5.9,5.9,False,1,5.9,PayNow
PUN-20260602-0625,1,2026-06-02 21:48:09,Punggol,SOK-W-04,Women's Ribbed Crew Socks,SOCKS,Women,5.9,5.9,False,1,5.9,Card
ORC-20260602-0146,1,2026-06-02 20:46:33,Orchard Central,SOK-W-02,  Women's Pile Crew Socks  ,Socks,WOMEN,5.9,5.9,False,1,5.9,Cash
PUN-20260602-0101,1,2026-06-02 22:36:53,  Punggol  ,UND-M-03,  Men's Airism Mesh Boxer Briefs  ,UNDERWEAR,Men,14.9,14.9,False,1,14.9,card
BUG-20260602-0351,3,2026-06-02 14:11:40,Bugis,BTM-M-04,Men's Dry Stretch Shorts,bottoms,Men,19.9,19.9,False,1,19.9,NETS
ORC-20260602-0170,3,2026-06-02 11:07:40,Orchard Central,SOK-M-07,Men's Striped Crew Socks,Socks,men,5.9,5.9,False,1,5.9,Card
PUN-20260602-0115,2,2026-06-02 17:44:01,Punggol,SOK-M-04,Men's Ribbed Crew Socks,Socks,Men,5.9,5.9,False,1,5.9,Cash
ORC-20260602-0019,3,2026-06-02 17:39:48,Orchard Central,SOK-M-09,Men's No-Show Sneaker Socks,Socks,Men,4.11,5.9,True,1,4.11,CARD
ORC-20260602-0653,2,2026-06-02 19:02:26,Orchard Central,SOK-W-03,Women's Airism Low-Cut Socks,Socks,WOMEN,5.9,5.9,False,1,5.9,NETS
ORC-20260602-1049,1,2026-06-02 20:33:02,Orchard Central,UND-W-05,Women's Seamless Shorts,Underwear,Women,9.9,9.9,False,2,19.8,PayNow
PUN-20260602-0166,2,2026-06-02 17:30:32,Punggol,SOK-M-06,  Men's Heattech Socks  ,Socks,Men,9.9,9.9,False,1,9.9,Paynow
ORC-20260602-0868,3,2026-06-02 15:28:39,  Orchard Central  ,SOK-M-09,Men's No-Show Sneaker Socks,Socks,Men,4.11,5.9,True,1,4.11,NETS
BUG-20260602-0354,1,2026-06-02 19:42:00,Bugis,SOK-W-04,Women's Ribbed Crew Socks,Socks,Women,5.9,5.9,False,1,$5.9,Card
ORC-20260602-0195,2,2026-06-02 12:16:08,Orchard Central,SOK-M-02,Men's Pile Crew Socks,socks,Men,5.9,5.9,False,1,5.9,PayNow
PUN-20260602-0426,1,2026-06-02 21:55:42,Punggol,UND-M-04,Men's Cotton Crew Neck Undershirt,Underwear,Men,14.9,14.9,False,1,14.9,Card
ORC-20260602-0768,1,2026-06-02 21:34:59,orchard central,BTM-W-03,Women's Ezy Ankle Pants,BOTTOMS,Women,29.9,29.9,False,1,29.9,PayNow
BUG-20260602-0762,3,2026-06-02 19:40:43,Bugis,TOP-W-01,Women's Airism Cotton Crew Neck T-Shirt,Tops,Women,14.9,14.9,False,1,14.9,Card
BUG-20260602-0309,1,2026-06-02 21:37:38,Bugis,SOK-M-04,Men's Ribbed Crew Socks,Socks,Men,5.9,5.9,False,1,5.9,Card
PUN-20260602-0535,3,2026-06-02 14:59:11,Punggol,SOK-W-03,Women's Airism Low-Cut Socks,Socks,Women,5.9,5.9,False,1,5.9,NETS
BUG-20260602-0149,1,2026-06-02 12:20:30,Bugis,TOP-W-04,,Tops,Women,14.9,14.9,False,1,14.9,Card
BUG-20260602-0414,2,2026-06-02 20:16:28,Bugis,SOK-W-03,Women's Airism Low-Cut Socks,Socks,Women,5.9,5.9,False,1,5.9,PayNow
PUN-20260602-0029,1,2026-06-02 20:56:19,Punggol,SOK-M-03,Men's Airism Low-Cut Socks,Socks,Men,5.9,5.9,False,1,5.9,Paynow
BUG-20260602-0510,3,2026-06-02 20:12:57,Bugis,SOK-M-01,Men's Ankle Socks 3-Pack,Socks,Men,14.9,14.9,False,2,29.8,PayNow
BUG-20260602-0173,3,2026-06-02 18:23:45,Bugis,SOK-M-03,Men's Airism Low-Cut Socks,Socks,Men,5.9,5.9,False,1,5.9,PayNow
ORC-20260602-0636,2,2026-06-02 22:50:25,Orchard Central,TOP-M-05,Men's Heattech Crew Neck Long Sleeve Tee,TOPS,Men,11.62,14.9,True,1,11.62,PAYNOW
PUN-20260602-0327,1,2026-06-02 20:16:41,Punggol,UND-M-04,Men's Cotton Crew Neck Undershirt,underwear,Men,14.9,14.9,False,1,14.9,Card
PUN-20260602-0155,2,2026-06-02 18:05:20,Punggol,UND-W-01,Women's Airism Bikini Shorts,Underwear,Women,9.9,9.9,False,1,9.9,Paynow
ORC-20260602-0024,1,2026-06-02 16:59:55,Orchard Central,SOK-W-10,Women's Wool Blend Socks,Socks,Women,9.9,9.9,False,1,9.9,
PUN-20260602-0581,2,2026-06-02 13:49:10,Punggol,SOK-M-01,Men's Ankle Socks 3-Pack,Socks,Men,14.9,14.9,False,1,14.9,Card
ORC-20260602-0023,1,2026-06-02 20:46:47,Orchard Central,UND-M-04,Men's Cotton Crew Neck Undershirt,UNDERWEAR,MEN,14.9,14.9,False,1,14.9,Cash
BUG-20260602-0083,1,2026-06-02 13:16:28,Bugis,UND-W-01,Women's Airism Bikini Shorts,Underwear,Women,9.9,9.9,False,2,19.8,Card
BUG-20260602-0493,1,2026-06-02 17:28:45,Bugis,SOK-W-03,Women's Airism Low-Cut Socks,Socks,Women,5.9,5.9,False,1,5.9,Cash
BUG-20260602-0384,2,2026-06-02 17:15:00,Bugis,SOK-M-04,Men's Ribbed Crew Socks,Socks,Men,5.9,5.9,False,1,5.9,cash
ORC-20260602-0125,2,2026-06-02 13:39:28,Orchard Central,TOP-W-02,Women's Ribbed Long Sleeve Turtleneck,Tops,Women,19.9,19.9,False,1,19.9,PayNow
BUG-20260602-0210,1,2026-06-02 12:14:57,Bugis,UND-M-04,Men's Cotton Crew Neck Undershirt,underwear,Men,14.9,14.9,False,1,14.9,Card
ORC-20260602-0570,2,2026-06-02 20:38:54,Orchard Central,SOK-M-07,  Men's Striped Crew Socks  ,Socks,Men,5.9,5.9,False,1,5.9,Card
ORC-20260602-0471,1,2026-06-02 17:40:11,Orchard Central,SOK-M-01,Men's Ankle Socks 3-Pack,Socks,Men,14.9,14.9,False,2,29.8,card
ORC-20260602-0719,1,2026-06-02 20:44:13,Orchard Central,SOK-W-03,Women's Airism Low-Cut Socks,Socks,Women,5.9,5.9,False,1,5.9,Paynow
BUG-20260602-0517,3,2026-06-02 11:24:32,Bugis,TOP-W-02,Women's Ribbed Long Sleeve Turtleneck,Tops,women,19.9,19.9,False,1,19.9,PayNow
ORC-20260602-0011,3,2026-06-02 18:45:02,Orchard Central,UND-W-01,Women's Airism Bikini Shorts,Underwear,Women,9.9,9.9,False,1,9.9,NETS
BUG-20260602-0209,2,2026-06-02 18:39:05,Bugis,SOK-M-01,Men's Ankle Socks 3-Pack,Socks,Men,14.9,14.9,False,1,14.9,NETS
BUG-20260602-0633,1,2026-06-02 21:11:01,Bugis,SOK-W-01,Women's Ankle Socks 3-Pack,Socks,Women,14.9,14.9,False,1,14.9,Card
ORC-20260602-0968,1,2026-06-02 18:14:21,Orchard Central,SOK-W-09,Women's No-Show Sneaker Socks,Socks,WOMEN,5.9,5.9,False,1,5.9,Cash
BUG-20260602-0514,1,2026-06-02 21:03:43,Bugis,BTM-W-03,Women's Ezy Ankle Pants,Bottoms,Women,29.9,29.9,False,1,29.9,PayNow
BUG-20260602-0195,3,2026-06-02 15:36:18,Bugis,SOK-M-03,Men's Airism Low-Cut Socks,Socks,Men,5.9,5.9,False,1,5.9,Card
ORC-20260602-0586,1,2026-06-02 13:33:14,Orchard Central,SOK-M-08,Men's Cotton Blend Dress Socks,Socks,Men,9.9,9.9,False,1,9.9,PayNow
BUG-20260602-0787,2,2026-06-02 18:55:43,Bugis,UND-M-02,Men's Cotton Blend Trunks,Underwear,Men,14.9,14.9,False,1,14.9,Card
ORC-20260602-0579,2,2026-06-02 18:18:59,Orchard Central,TOP-M-02,  Men's Supima Cotton Polo Shirt  ,Tops,Men,29.9,29.9,False,1,29.9,nets
ORC-20260602-0123,2,2026-06-02 17:56:03,Orchard Central,UND-M-10,Men's Cotton Blend Briefs,Underwear,men,9.9,9.9,False,1,9.9,Card
ORC-20260602-0398,1,2026-06-02 20:38:39,Orchard Central,SOK-M-09,Men's No-Show Sneaker Socks,Socks,Men,4.11,5.9,True,1,4.11,
ORC-20260602-0858,3,2026-06-02 19:16:42,  Orchard Central  ,SOK-W-09,Women's No-Show Sneaker Socks,Socks,women,5.9,5.9,False,1,5.9,Card
ORC-20260602-0689,2,2026-06-02 19:19:51,Orchard Central,UND-M-02,Men's Cotton Blend Trunks,Underwear,Men,14.9,14.9,False,1,14.9,Card
ORC-20260602-0192,1,2026-06-02 15:56:34,Orchard Central,UND-M-03,  Men's Airism Mesh Boxer Briefs  ,Underwear,Men,14.9,14.9,False,1,14.9,NETS
ORC-20260602-0856,1,2026-06-02 13:26:51,Orchard Central,SOK-M-02,Men's Pile Crew Socks,Socks,Men,5.9,5.9,False,2,$11.8,Cash
ORC-20260602-0494,2,2026-06-02 19:50:18,Orchard Central,UND-W-04,Women's Airism T-Shirt Bra,UNDERWEAR,Women,29.9,29.9,False,1,29.9,PayNow
ORC-20260602-0513,2,2026-06-02 19:25:49,Orchard Central,UND-W-01,Women's Airism Bikini Shorts,Underwear,Women,9.9,9.9,False,1,9.9,Cash
ORC-20260602-0503,1,2026-06-02 20:48:23,Orchard Central,UND-M-02,Men's Cotton Blend Trunks,Underwear,Men,14.9,14.9,False,1,14.9,PayNow
BUG-20260602-0445,3,2026-06-02 17:14:11,Bugis,UND-M-02,Men's Cotton Blend Trunks,Underwear,Men,14.9,14.9,False,1,14.9,Card
PUN-20260602-0660,1,2026-06-02 11:39:18,Punggol,SOK-W-04,  Women's Ribbed Crew Socks  ,Socks,Women,5.9,5.9,False,1,5.9,CARD
ORC-20260602-0500,2,2026-06-02 17:24:12,Orchard Central,UND-W-09,Women's Cotton Boyshorts,Underwear,Women,9.9,9.9,False,1,9.9,Paynow
BUG-20260602-0104,1,2026-06-02 20:00:23,Bugis,UND-W-01,Women's Airism Bikini Shorts,Underwear,Women,9.9,9.9,False,1,9.9,card
ORC-20260602-0377,1,2026-06-02 16:12:51,Orchard Central,SOK-M-09,Men's No-Show Sneaker Socks,Socks,Men,4.11,5.9,True,1,4.11,Card
ORC-20260602-0850,3,2026-06-02 21:46:04,Orchard Central,UND-W-03,Women's Cotton Blend Briefs,Underwear,women,9.9,9.9,False,1,9.9,NETS
ORC-20260602-1096,2,2026-06-02 19:35:23,Orchard Central,SOK-M-01,Men's Ankle Socks 3-Pack,Socks,Men,14.9,14.9,False,1,14.9,Cash
PUN-20260602-0369,3,2026-06-02 19:58:43,PUNGGOL,BTM-W-01,Women's Ultra Stretch Skinny Jeans,Bottoms,Women,39.9,39.9,False,1,39.9,Cash
BUG-20260602-0467,1,2026-06-02 18:06:03,Bugis,SOK-M-01,Men's Ankle Socks 3-Pack,Socks,Men,14.9,14.9,False,2,29.8,Card
BUG-20260602-0803,3,2026-06-02 21:50:02,Bugis,SOK-W-02,Women's Pile Crew Socks,Socks,Women,5.9,5.9,False,1,5.9,NETS
PUN-20260602-0582,2,2026-06-02 20:11:25,  Punggol  ,UND-M-07,Men's Stretch Cotton Boxers,UNDERWEAR,Men,14.9,14.9,False,2,29.8,Cash
BUG-20260602-0714,1,2026-06-02 19:30:11,Bugis,UND-M-01,Men's Airism Boxer Briefs,Underwear,Men,14.9,14.9,False,1,14.9,Card
ORC-20260602-0589,2,2026-06-02 11:12:46,Orchard Central,SOK-W-01,Women's Ankle Socks 3-Pack,Socks,Women,14.9,14.9,False,1,14.9,PayNow
PUN-20260602-0441,1,2026-06-02 13:26:55,Punggol,SOK-M-02,Men's Pile Crew Socks,Socks,Men,5.9,5.9,False,2,11.8,NETS
PUN-20260602-0683,1,2026-06-02 13:55:38,Punggol,TOP-W-02,Women's Ribbed Long Sleeve Turtleneck,TOPS,Women,19.9,19.9,False,1,19.9,PayNow
ORC-20260602-1014,2,2026-06-02 19:53:08,Orchard Central,UND-W-01,Women's Airism Bikini Shorts,Underwear,Women,9.9,9.9,False,1,$9.9,Card
BUG-20260602-0104,3,2026-06-02 20:00:23,  Bugis  ,BTM-M-01,Men's Ezy Ankle Pants,Bottoms,Men,29.9,29.9,False,1,29.9,Card
ORC-20260602-0975,1,2026-06-02 21:48:27,orchard central,TOP-M-01,  Men's Airism Cotton Crew Neck T-Shirt  ,Tops,Men,14.9,14.9,False,1,14.9,NETS
PUN-20260602-0621,1,2026-06-02 16:38:51,  Punggol  ,SOK-W-02,Women's Pile Crew Socks,Socks,Women,5.9,5.9,False,1,5.9,NETS
PUN-20260602-0293,2,2026-06-02 20:48:29,Punggol,SOK-W-02,Women's Pile Crew Socks,Socks,Women,5.9,5.9,False,1,5.9,card
ORC-20260602-0996,1,2026-06-02 19:10:40,Orchard Central,SOK-W-04,Women's Ribbed Crew Socks,Socks,Women,5.9,5.9,False,1,5.9,card
PUN-20260602-0251,2,2026-06-02 17:46:11,  Punggol  ,UND-W-01,Women's Airism Bikini Shorts,Underwear,Women,9.9,9.9,False,2,19.8,Card
BUG-20260602-0712,2,2026-06-02 20:02:57,Bugis,SOK-W-01,Women's Ankle Socks 3-Pack,Socks,Women,14.9,14.9,False,1,14.9,PayNow
BUG-20260602-0355,1,2026-06-02 21:45:37,Bugis,SOK-W-04,Women's Ribbed Crew Socks,Socks,Women,5.9,5.9,False,1,5.9,Card
PUN-20260602-0438,1,2026-06-02 19:49:25,Punggol,UND-M-03,Men's Airism Mesh Boxer Briefs,UNDERWEAR,Men,14.9,14.9,False,1,14.9,Card
ORC-20260602-0946,3,2026-06-02 19:27:50,Orchard Central,SOK-W-02,Women's Pile Crew Socks,Socks,Women,5.9,5.9,False,1,5.9,Card
ORC-20260602-1079,3,2026-06-02 21:58:01,Orchard Central,SOK-W-02,Women's Pile Crew Socks,Socks,Women,5.9,5.9,False,1,5.9,PayNow
BUG-20260602-0620,1,2026-06-02 17:48:06,bugis,BTM-W-01,Women's Ultra Stretch Skinny Jeans,Bottoms,Women,39.9,39.9,False,1,39.9,NETS
ORC-20260602-0780,2,2026-06-02 17:30:07,ORCHARD CENTRAL,SOK-M-04,Men's Ribbed Crew Socks,Socks,Men,5.9,5.9,False,1,5.9,Card
ORC-20260602-0682,2,2026-06-02 16:56:30,Orchard Central,TOP-M-02,  Men's Supima Cotton Polo Shirt  ,Tops,men,29.9,29.9,False,1,29.9,Card
PUN-20260602-0304,1,2026-06-02 20:26:20,Punggol,UND-W-03,Women's Cotton Blend Briefs,Underwear,Women,9.9,9.9,False,1,9.9,NETS
BUG-20260602-0756,3,2026-06-02 21:17:23,Bugis,UND-W-02,Women's Wireless Bra,Underwear,Women,29.9,29.9,False,1,29.9,NETS
BUG-20260602-0518,1,2026-06-02 20:24:41,Bugis,UND-W-01,Women's Airism Bikini Shorts,Underwear,Women,9.9,9.9,False,1,9.9,CASH
PUN-20260602-0422,2,2026-06-02 19:54:54,Punggol,SOK-M-01,Men's Ankle Socks 3-Pack,Socks,Men,14.9,14.9,False,1,14.9,CARD
PUN-20260602-0525,1,2026-06-02 21:24:40,Punggol,UND-W-03,Women's Cotton Blend Briefs,Underwear,Women,9.9,9.9,False,1,9.9,Card
BUG-20260602-0177,2,2026-06-02 14:07:50,Bugis,SOK-W-01,Women's Ankle Socks 3-Pack,Socks,Women,14.9,14.9,False,1,14.9,Cash
PUN-20260602-0659,1,2026-06-02 16:28:42,Punggol,SOK-M-01,Men's Ankle Socks 3-Pack,Socks,Men,14.9,14.9,False,1,14.9,PAYNOW
BUG-20260602-0407,1,2026-06-02 18:41:24,Bugis,UND-M-01,Men's Airism Boxer Briefs,Underwear,Men,14.9,14.9,False,1,14.9,Card
ORC-20260602-1026,1,2026-06-02 19:50:35,Orchard Central,SOK-M-09,  Men's No-Show Sneaker Socks  ,Socks,Men,4.11,5.9,True,1,4.11,NETS
PUN-20260602-0309,1,2026-06-02 16:33:46,  Punggol  ,UND-M-01,Men's Airism Boxer Briefs,Underwear,Men,14.9,14.9,False,1,14.9,Card
PUN-20260602-0149,2,2026-06-02 21:28:23,Punggol,TOP-W-04,Women's Heattech Crew Neck Long Sleeve Tee,Tops,Women,14.9,14.9,False,1,14.9,Card
BUG-20260602-0123,1,2026-06-02 21:49:45,Bugis,BTM-M-08,Men's Relaxed Fit Denim Shorts,Bottoms,Men,22.99,29.9,True,1,22.99,PayNow
BUG-20260602-0646,2,2026-06-02 21:36:16,Bugis,UND-W-01,Women's Airism Bikini Shorts,Underwear,Women,9.9,9.9,False,1,9.9,NETS
PUN-20260602-0020,1,2026-06-02 14:45:19,Punggol,SOK-M-02,Men's Pile Crew Socks,SOCKS,Men,5.9,5.9,False,2,11.8,PayNow
BUG-20260602-0773,3,2026-06-02 17:41:03,Bugis,BTM-W-01,Women's Ultra Stretch Skinny Jeans,Bottoms,Women,39.9,39.9,False,1,39.9,card
ORC-20260602-0384,1,2026-06-02 15:44:05,Orchard Central,SOK-M-04,Men's Ribbed Crew Socks,Socks,Men,5.9,5.9,False,2,11.8,Card
ORC-20260602-0664,3,2026-06-02 16:04:58,Orchard Central,SOK-M-09,Men's No-Show Sneaker Socks,Socks,MEN,4.11,5.9,True,1,4.11,Card
BUG-20260602-0306,2,2026-06-02 13:28:26,Bugis,UND-W-01,Women's Airism Bikini Shorts,Underwear,Women,9.9,9.9,False,1,9.9,Paynow
PUN-20260602-0641,3,2026-06-02 16:29:29,Punggol,SOK-M-04,  Men's Ribbed Crew Socks  ,Socks,Men,5.9,5.9,False,1,5.9,NETS
ORC-20260602-0847,1,2026-06-02 20:08:09,Orchard Central,SOK-W-06,Women's Heattech Socks,Socks,Women,9.9,9.9,False,2,19.8,NETS
ORC-20260602-0712,1,2026-06-02 18:21:36,Orchard Central,UND-W-02,Women's Wireless Bra,Underwear,Women,29.9,29.9,False,1,29.9,Card
PUN-20260602-0380,3,2026-06-02 21:10:47,Punggol,UND-M-09,Men's Heattech Long Johns,underwear,Men,19.9,19.9,False,1,19.9,Cash
BUG-20260602-0593,2,2026-06-02 16:27:17,  Bugis  ,UND-W-01,Women's Airism Bikini Shorts,Underwear,Women,9.9,9.9,False,1,9.9,Cash
BUG-20260602-0682,2,2026-06-02 20:19:33,Bugis,SOK-W-03,Women's Airism Low-Cut Socks,Socks,Women,5.9,5.9,False,1,5.9,PayNow
ORC-20260602-0223,1,2026-06-02 20:37:36,Orchard Central,TOP-W-01,Women's Airism Cotton Crew Neck T-Shirt,Tops,Women,14.9,14.9,False,1,14.9,PAYNOW
ORC-20260602-0675,1,2026-06-02 22:35:05,Orchard Central,SOK-W-02,,Socks,women,5.9,5.9,False,1,5.9,Paynow
PUN-20260602-0451,3,2026-06-02 21:40:35,Punggol,SOK-W-04,Women's Ribbed Crew Socks,Socks,Women,5.9,5.9,False,1,5.9,PayNow
BUG-20260602-0263,3,2026-06-02 20:25:35,Bugis,SOK-W-02,Women's Pile Crew Socks,Socks,Women,5.9,5.9,False,1,5.9,CARD
BUG-20260602-0721,3,2026-06-02 20:18:53,  Bugis  ,TOP-W-01,Women's Airism Cotton Crew Neck T-Shirt,Tops,Women,14.9,14.9,False,1,14.9,Card
ORC-20260602-0593,1,2026-06-02 20:18:49,orchard central,UND-M-02,  Men's Cotton Blend Trunks  ,UNDERWEAR,Men,14.9,14.9,False,2,$29.8,Card
ORC-20260602-1106,1,2026-06-02 19:11:59,Orchard Central,TOP-M-05,Men's Heattech Crew Neck Long Sleeve Tee,Tops,Men,11.62,14.9,True,1,11.62,Cash
PUN-20260602-0348,1,2026-06-02 19:38:01,  Punggol  ,SOK-W-06,Women's Heattech Socks,Socks,Women,9.9,9.9,False,1,9.9,paynow
PUN-20260602-0576,1,2026-06-02 20:53:29,Punggol,TOP-W-02,Women's Ribbed Long Sleeve Turtleneck,Tops,Women,19.9,19.9,False,1,19.9,Card
BUG-20260602-0145,1,2026-06-02 21:06:42,Bugis,BTM-W-03,Women's Ezy Ankle Pants,Bottoms,Women,29.9,29.9,False,1,29.9,CARD
ORC-20260602-0091,2,2026-06-02 21:15:39,Orchard Central,BTM-W-05,Women's Pleated Midi Skirt,Bottoms,Women,29.9,29.9,False,1,29.9,PayNow
PUN-20260602-0528,2,2026-06-02 21:16:06,Punggol,SOK-W-03,Women's Airism Low-Cut Socks,Socks,women,5.9,5.9,False,1,5.9,Card
ORC-20260602-0678,1,2026-06-02 15:49:27,Orchard Central,TOP-W-01,Women's Airism Cotton Crew Neck T-Shirt,Tops,Women,14.9,14.9,False,1,14.9,Card
PUN-20260602-0400,2,2026-06-02 21:04:07,Punggol,SOK-M-02,Men's Pile Crew Socks,Socks,Men,5.9,5.9,False,1,5.9,PayNow
PUN-20260602-0251,1,2026-06-02 17:46:11,PUNGGOL,BTM-M-03,Men's Selvedge Regular Fit Jeans,Bottoms,Men,59.9,59.9,False,1,59.9,CARD
ORC-20260602-0544,2,2026-06-02 20:21:49,Orchard Central,SOK-W-06,Women's Heattech Socks,Socks,Women,9.9,9.9,False,1,9.9,Card
PUN-20260602-0666,1,2026-06-02 22:50:30,  Punggol  ,TOP-W-02,Women's Ribbed Long Sleeve Turtleneck,Tops,Women,19.9,19.9,False,1,19.9,Card
ORC-20260602-0089,1,2026-06-02 21:08:50,Orchard Central,SOK-W-02,Women's Pile Crew Socks,SOCKS,Women,5.9,5.9,False,1,5.9,Card
ORC-20260602-0258,2,2026-06-02 21:20:17,Orchard Central,BTM-W-02,Women's High-Rise Wide Leg Pants,Bottoms,women,39.9,39.9,False,1,39.9,Cash
ORC-20260602-0944,2,2026-06-02 13:59:45,Orchard Central,TOP-M-02,Men's Supima Cotton Polo Shirt,Tops,Men,29.9,29.9,False,1,29.9,NETS
ORC-20260602-0560,2,2026-06-02 13:31:38,  Orchard Central  ,SOK-W-04,Women's Ribbed Crew Socks,Socks,women,5.9,5.9,False,1,5.9,Card
PUN-20260602-0409,1,2026-06-02 20:49:37,Punggol,SOK-W-02,Women's Pile Crew Socks,Socks,Women,5.9,5.9,False,2,11.8,Cash
ORC-20260602-0280,1,2026-06-02 17:38:42,Orchard Central,UND-M-01,Men's Airism Boxer Briefs,Underwear,Men,14.9,14.9,False,1,14.9,Card
ORC-20260602-0480,3,2026-06-02 13:54:46,  Orchard Central  ,SOK-M-05,Men's Sport Ankle Socks,Socks,Men,5.9,5.9,False,1,5.9,Card
PUN-20260602-0292,2,2026-06-02 19:30:22,Punggol,SOK-W-04,Women's Ribbed Crew Socks,Socks,Women,5.9,5.9,False,1,5.9,Card
ORC-20260602-0421,1,2026-06-02 20:34:52,Orchard Central,TOP-M-01,  Men's Airism Cotton Crew Neck T-Shirt  ,Tops,Men,14.9,14.9,False,1,14.9,Paynow
ORC-20260602-1106,2,2026-06-02 19:11:59,  Orchard Central  ,UND-W-03,Women's Cotton Blend Briefs,Underwear,Women,9.9,9.9,False,1,9.9,Cash
ORC-20260602-1043,2,2026-06-02 16:24:45,Orchard Central,SOK-W-02,Women's Pile Crew Socks,Socks,Women,5.9,5.9,False,1,5.9,Card
BUG-20260602-0748,3,2026-06-02 15:44:04,BUGIS,SOK-M-04,Men's Ribbed Crew Socks,Socks,Men,5.9,5.9,False,1,5.9,PayNow
BUG-20260602-0139,2,2026-06-02 20:17:54,  Bugis  ,TOP-M-04,Men's Oxford Long Sleeve Shirt,Tops,Men,29.9,29.9,False,1,29.9,Card
ORC-20260602-0823,1,2026-06-02 20:15:29,Orchard Central,UND-W-01,Women's Airism Bikini Shorts,Underwear,WOMEN,9.9,9.9,False,1,9.9,CASH
ORC-20260602-0147,1,2026-06-02 19:14:49,Orchard Central,UND-W-03,Women's Cotton Blend Briefs,Underwear,Women,9.9,9.9,False,1,9.9,NETS
BUG-20260602-0634,1,2026-06-02 20:07:02,Bugis,UND-W-03,Women's Cotton Blend Briefs,Underwear,Women,9.9,9.9,False,2,19.8,PayNow
ORC-20260602-0475,1,2026-06-02 11:52:10,Orchard Central,BTM-W-03,Women's Ezy Ankle Pants,Bottoms,Women,29.9,29.9,False,1,29.9,Card
BUG-20260602-0396,1,2026-06-02 16:06:07,Bugis,BTM-M-02,Men's Slim Fit Chino Trousers,bottoms,Men,29.9,29.9,False,1,29.9,Card
ORC-20260602-0897,3,2026-06-02 13:04:10,ORCHARD CENTRAL,SOK-M-09,Men's No-Show Sneaker Socks,Socks,Men,$4.11,5.9,True,1,4.11,Cash
BUG-20260602-0254,1,2026-06-02 20:42:34,Bugis,SOK-W-03,Women's Airism Low-Cut Socks,Socks,Women,5.9,5.9,False,1,5.9,NETS
ORC-20260602-0963,2,2026-06-02 18:48:11,  Orchard Central  ,SOK-W-04,Women's Ribbed Crew Socks,SOCKS,Women,5.9,5.9,False,1,5.9,NETS
ORC-20260602-0564,1,2026-06-02 21:52:37,ORCHARD CENTRAL,SOK-W-02,Women's Pile Crew Socks,Socks,Women,5.9,5.9,False,1,5.9,NETS
ORC-20260602-0831,2,2026-06-02 18:27:09,Orchard Central,TOP-M-02,Men's Supima Cotton Polo Shirt,TOPS,Men,29.9,29.9,False,1,29.9,PayNow
ORC-20260602-0037,1,2026-06-02 22:22:01,orchard central,SOK-M-03,Men's Airism Low-Cut Socks,Socks,Men,$5.9,5.9,False,2,11.8,Card
PUN-20260602-0529,3,2026-06-02 20:26:13,Punggol,BTM-M-01,Men's Ezy Ankle Pants,Bottoms,Men,29.9,29.9,False,1,29.9,Card
ORC-20260602-0111,1,2026-06-02 15:32:49,Orchard Central,BTM-W-01,Women's Ultra Stretch Skinny Jeans,Bottoms,Women,39.9,39.9,False,1,39.9,Cash
ORC-20260602-0877,2,2026-06-02 20:56:47,Orchard Central,SOK-M-09,Men's No-Show Sneaker Socks,socks,Men,4.11,5.9,True,1,4.11,Cash
BUG-20260602-0211,2,2026-06-02 18:41:20,Bugis,SOK-W-02,Women's Pile Crew Socks,socks,Women,5.9,5.9,False,2,11.8,Card
PUN-20260602-0268,2,2026-06-02 17:44:51,Punggol,BTM-M-01,Men's Ezy Ankle Pants,Bottoms,Men,29.9,29.9,False,1,29.9,
BUG-20260602-0230,1,2026-06-02 15:19:26,Bugis,SOK-W-10,Women's Wool Blend Socks,Socks,Women,9.9,9.9,False,1,9.9,card
ORC-20260602-0129,1,2026-06-02 17:45:39,Orchard Central,SOK-M-01,Men's Ankle Socks 3-Pack,Socks,Men,14.9,14.9,False,1,14.9,NETS
ORC-20260602-0708,2,2026-06-02 18:10:53,Orchard Central,TOP-M-05,Men's Heattech Crew Neck Long Sleeve Tee,Tops,Men,11.62,14.9,True,1,11.62,PayNow
ORC-20260602-0600,1,2026-06-02 15:07:08,Orchard Central,TOP-M-01,Men's Airism Cotton Crew Neck T-Shirt,Tops,Men,14.9,14.9,False,1,14.9,Card
PUN-20260602-0110,2,2026-06-02 18:46:44,Punggol,TOP-M-04,Men's Oxford Long Sleeve Shirt,Tops,Men,29.9,29.9,False,1,29.9,Card
ORC-20260602-0451,1,2026-06-02 20:00:30,Orchard Central,SOK-W-02,Women's Pile Crew Socks,Socks,Women,5.9,5.9,False,1,5.9,PayNow
PUN-20260602-0436,1,2026-06-02 20:57:31,Punggol,BTM-M-01,Men's Ezy Ankle Pants,Bottoms,Men,29.9,29.9,False,1,$29.9,NETS
ORC-20260602-0392,1,2026-06-02 12:42:10,Orchard Central,SOK-M-09,Men's No-Show Sneaker Socks,Socks,Men,4.11,5.9,True,2,8.22,Card
ORC-20260602-0702,1,2026-06-02 18:11:56,Orchard Central,BTM-W-02,Women's High-Rise Wide Leg Pants,Bottoms,Women,39.9,39.9,False,1,39.9,Card
ORC-20260602-0141,1,2026-06-02 12:25:17,  Orchard Central  ,UND-M-02,Men's Cotton Blend Trunks,Underwear,Men,14.9,14.9,False,1,14.9,PayNow
PUN-20260602-0004,1,2026-06-02 19:16:27,Punggol,TOP-W-01,Women's Airism Cotton Crew Neck T-Shirt,Tops,Women,14.9,14.9,False,1,14.9,Card
ORC-20260602-0679,1,2026-06-02 20:49:10,Orchard Central,TOP-W-01,  Women's Airism Cotton Crew Neck T-Shirt  ,Tops,Women,14.9,14.9,False,1,14.9,PAYNOW
ORC-20260602-0916,2,2026-06-02 17:07:17,Orchard Central,SOK-W-03,Women's Airism Low-Cut Socks,Socks,Women,5.9,5.9,False,1,5.9,PayNow
BUG-20260602-0666,1,2026-06-02 12:54:15,Bugis,SOK-W-02,Women's Pile Crew Socks,Socks,Women,5.9,5.9,False,1,5.9,Card
ORC-20260602-0984,2,2026-06-02 20:57:53,Orchard Central,SOK-W-02,Women's Pile Crew Socks,Socks,Women,5.9,5.9,False,1,5.9,Card
ORC-20260602-0343,3,2026-06-02 18:57:12,Orchard Central,SOK-M-03,Men's Airism Low-Cut Socks,Socks,Men,5.9,5.9,False,1,5.9,cash
PUN-20260602-0041,1,2026-06-02 18:17:18,  punggol  ,SOK-M-04,Men's Ribbed Crew Socks,Socks,Men,5.9,5.9,False,2,11.8,card
PUN-20260602-0648,1,2026-06-02 14:14:48,Punggol,UND-M-01,Men's Airism Boxer Briefs,Underwear,Men,14.9,14.9,False,1,14.9,NETS
ORC-20260602-0913,3,2026-06-02 20:31:46,Orchard Central,SOK-W-01,Women's Ankle Socks 3-Pack,Socks,Women,14.9,14.9,False,1,14.9,CASH
ORC-20260602-0628,1,2026-06-02 20:17:25,Orchard Central,UND-M-01,Men's Airism Boxer Briefs,Underwear,Men,14.9,14.9,False,1,14.9,PayNow
PUN-20260602-0279,2,2026-06-02 19:28:01,PUNGGOL,BTM-M-03,Men's Selvedge Regular Fit Jeans,Bottoms,Men,59.9,59.9,False,1,59.9,PayNow
ORC-20260602-0596,1,2026-06-02 19:23:17,Orchard Central,SOK-W-04,Women's Ribbed Crew Socks,Socks,Women,5.9,5.9,False,2,11.8,Card
PUN-20260602-0553,2,2026-06-02 22:22:39,  Punggol  ,UND-M-03,Men's Airism Mesh Boxer Briefs,Underwear,Men,14.9,14.9,False,1,14.9,Cash
BUG-20260602-0038,3,2026-06-02 19:00:08,Bugis,SOK-W-04,Women's Ribbed Crew Socks,SOCKS,Women,5.9,5.9,False,1,5.9,PayNow
ORC-20260602-1090,1,2026-06-02 18:35:41,Orchard Central,UND-W-03,  Women's Cotton Blend Briefs  ,Underwear,women,9.9,9.9,False,2,19.8,Cash
PUN-20260602-0434,1,2026-06-02 19:08:36,Punggol,SOK-M-04,  Men's Ribbed Crew Socks  ,socks,Men,5.9,5.9,False,1,5.9,Card
ORC-20260602-0672,1,2026-06-02 21:43:49,  Orchard Central  ,TOP-W-08,Women's Puff Sleeve Blouse,Tops,Women,29.9,29.9,False,1,29.9,Card
BUG-20260602-0523,2,2026-06-02 21:49:29,Bugis,SOK-M-02,Men's Pile Crew Socks,Socks,Men,5.9,5.9,False,1,$5.9,Card
BUG-20260602-0525,2,2026-06-02 19:04:16,Bugis,BTM-M-01,Men's Ezy Ankle Pants,Bottoms,Men,29.9,29.9,False,1,29.9,NETS
ORC-20260602-1008,2,2026-06-02 14:28:01,Orchard Central,SOK-W-01,Women's Ankle Socks 3-Pack,Socks,Women,14.9,14.9,False,1,14.9,Card
BUG-20260602-0117,3,2026-06-02 19:16:34,Bugis,SOK-W-01,Women's Ankle Socks 3-Pack,Socks,Women,14.9,14.9,False,2,29.8,
BUG-20260602-0128,1,2026-06-02 19:26:41,Bugis,SOK-M-02,Men's Pile Crew Socks,Socks,Men,5.9,5.9,False,2,11.8,
BUG-20260602-0491,2,2026-06-02 21:42:09,Bugis,SOK-W-03,Women's Airism Low-Cut Socks,Socks,Women,5.9,5.9,False,1,$5.9,NETS
BUG-20260602-0192,1,2026-06-02 16:44:08,Bugis,UND-W-03,Women's Cotton Blend Briefs,Underwear,women,9.9,9.9,False,1,9.9,Card
ORC-20260602-0566,3,2026-06-02 21:34:46,Orchard Central,BTM-M-02,Men's Slim Fit Chino Trousers,Bottoms,MEN,29.9,29.9,False,1,29.9,PAYNOW
BUG-20260602-0095,2,2026-06-02 21:19:54,Bugis,UND-W-03,Women's Cotton Blend Briefs,UNDERWEAR,Women,9.9,9.9,False,1,9.9,PayNow
BUG-20260602-0031,3,2026-06-02 20:17:07,BUGIS,TOP-W-01,Women's Airism Cotton Crew Neck T-Shirt,Tops,Women,14.9,14.9,False,1,14.9,Card
PUN-20260602-0464,1,2026-06-02 18:22:34,Punggol,SOK-W-03,Women's Airism Low-Cut Socks,socks,Women,5.9,5.9,False,1,5.9,card
ORC-20260602-0254,1,2026-06-02 19:44:14,Orchard Central,SOK-W-01,Women's Ankle Socks 3-Pack,Socks,Women,14.9,14.9,False,2,29.8,
BUG-20260602-0538,3,2026-06-02 16:13:38,BUGIS,SOK-W-03,  Women's Airism Low-Cut Socks  ,Socks,Women,5.9,5.9,False,2,11.8,Card
ORC-20260602-0907,1,2026-06-02 17:29:55,Orchard Central,SOK-W-03,Women's Airism Low-Cut Socks,Socks,Women,5.9,5.9,False,1,5.9,Card
PUN-20260602-0580,1,2026-06-02 21:38:11,PUNGGOL,TOP-M-01,Men's Airism Cotton Crew Neck T-Shirt,Tops,men,14.9,14.9,False,1,14.9,PayNow
ORC-20260602-0506,3,2026-06-02 15:10:55,Orchard Central,SOK-W-02,Women's Pile Crew Socks,Socks,Women,5.9,5.9,False,1,5.9,Card
ORC-20260602-0151,2,2026-06-02 17:32:51,Orchard Central,BTM-W-01,Women's Ultra Stretch Skinny Jeans,Bottoms,Women,39.9,39.9,False,1,39.9,Card
BUG-20260602-0275,2,2026-06-02 18:37:26,Bugis,TOP-M-03,Men's Dry-EX Crew Neck T-Shirt,Tops,Men,19.9,19.9,False,1,19.9,Card
PUN-20260602-0505,2,2026-06-02 17:05:46,Punggol,SOK-W-02,Women's Pile Crew Socks,Socks,Women,5.9,5.9,False,1,5.9,Card
ORC-20260602-0434,3,2026-06-02 20:43:48,Orchard Central,BTM-M-02,Men's Slim Fit Chino Trousers,BOTTOMS,MEN,29.9,29.9,False,1,29.9,PayNow
BUG-20260602-0105,1,2026-06-02 19:38:50,Bugis,TOP-W-04,Women's Heattech Crew Neck Long Sleeve Tee,Tops,Women,14.9,14.9,False,1,14.9,Card
ORC-20260602-1032,2,2026-06-02 17:22:34,Orchard Central,SOK-W-03,Women's Airism Low-Cut Socks,Socks,Women,5.9,5.9,False,1,5.9,PayNow
PUN-20260602-0353,3,2026-06-02 13:44:51,Punggol,UND-M-03,Men's Airism Mesh Boxer Briefs,Underwear,Men,14.9,14.9,False,1,14.9,PayNow
ORC-20260602-0551,3,2026-06-02 11:00:17,Orchard Central,TOP-M-02,Men's Supima Cotton Polo Shirt,Tops,Men,29.9,29.9,False,1,29.9,Card
PUN-20260602-0240,2,2026-06-02 20:45:20,punggol,UND-M-01,Men's Airism Boxer Briefs,Underwear,Men,14.9,14.9,False,1,14.9,PayNow
BUG-20260602-0359,1,2026-06-02 18:29:34,Bugis,SOK-W-02,Women's Pile Crew Socks,Socks,Women,5.9,5.9,False,1,5.9,Cash
BUG-20260602-0005,1,2026-06-02 20:54:06,Bugis,SOK-M-04,Men's Ribbed Crew Socks,Socks,men,5.9,5.9,False,1,5.9,NETS
PUN-20260602-0521,3,2026-06-02 17:41:27,Punggol,UND-M-03,Men's Airism Mesh Boxer Briefs,Underwear,Men,14.9,14.9,False,1,14.9,NETS
ORC-20260602-0638,2,2026-06-02 13:56:36,Orchard Central,UND-W-04,Women's Airism T-Shirt Bra,Underwear,Women,29.9,29.9,False,2,59.8,Cash
ORC-20260602-0660,2,2026-06-02 19:12:35,Orchard Central,SOK-M-01,Men's Ankle Socks 3-Pack,Socks,Men,14.9,14.9,False,1,14.9,Card
BUG-20260602-0411,2,2026-06-02 19:13:17,Bugis,TOP-W-06,Women's Linen Blend Short Sleeve Shirt,Tops,Women,29.9,29.9,False,1,29.9,Card
ORC-20260602-0985,2,2026-06-02 18:55:34,Orchard Central,UND-M-03,Men's Airism Mesh Boxer Briefs,Underwear,Men,14.9,14.9,False,2,29.8,PayNow
ORC-20260602-0148,1,2026-06-02 14:31:52,  Orchard Central  ,SOK-M-02,Men's Pile Crew Socks,Socks,MEN,5.9,5.9,False,1,5.9,paynow
BUG-20260602-0593,1,2026-06-02 16:27:17,BUGIS,UND-M-02,Men's Cotton Blend Trunks,UNDERWEAR,Men,14.9,14.9,False,2,29.8,Cash
BUG-20260602-0692,1,2026-06-02 21:03:40,  Bugis  ,SOK-M-03,Men's Airism Low-Cut Socks,Socks,Men,5.9,5.9,False,1,5.9,Cash
BUG-20260602-0103,2,2026-06-02 21:17:04,Bugis,BTM-M-02,Men's Slim Fit Chino Trousers,Bottoms,Men,29.9,29.9,False,1,29.9,Cash
ORC-20260602-0934,2,2026-06-02 20:30:57,Orchard Central,SOK-M-09,Men's No-Show Sneaker Socks,Socks,Men,4.11,5.9,True,1,4.11,Card
PUN-20260602-0347,3,2026-06-02 12:15:36,Punggol,SOK-W-03,Women's Airism Low-Cut Socks,Socks,Women,5.9,5.9,False,1,5.9,Cash
BUG-20260602-0455,2,2026-06-02 19:00:35,Bugis,SOK-W-02,Women's Pile Crew Socks,Socks,Women,5.9,5.9,False,1,5.9,Card
ORC-20260602-0330,1,2026-06-02 18:29:31,Orchard Central,SOK-W-03,Women's Airism Low-Cut Socks,Socks,Women,5.9,5.9,False,1,5.9,nets
ORC-20260602-0208,1,2026-06-02 17:01:58,Orchard Central,BTM-M-08,Men's Relaxed Fit Denim Shorts,Bottoms,Men,22.99,29.9,True,1,$22.99,Cash
ORC-20260602-0129,3,2026-06-02 17:45:39,Orchard Central,SOK-W-04,Women's Ribbed Crew Socks,Socks,Women,5.9,5.9,False,2,11.8,NETS
BUG-20260602-0471,2,2026-06-02 22:48:36,Bugis,SOK-M-02,Men's Pile Crew Socks,Socks,Men,5.9,5.9,False,1,5.9,PayNow
ORC-20260602-0156,1,2026-06-02 16:26:00,Orchard Central,UND-M-10,Men's Cotton Blend Briefs,Underwear,Men,9.9,9.9,False,1,9.9,Cash
ORC-20260602-0594,3,2026-06-02 12:27:09,Orchard Central,TOP-M-04,  Men's Oxford Long Sleeve Shirt  ,TOPS,Men,29.9,29.9,False,1,29.9,NETS
ORC-20260602-0540,1,2026-06-02 12:00:39,  Orchard Central  ,SOK-M-09,Men's No-Show Sneaker Socks,Socks,Men,4.11,5.9,True,1,4.11,Card
PUN-20260602-0210,1,2026-06-02 22:48:31,Punggol,TOP-M-01,Men's Airism Cotton Crew Neck T-Shirt,Tops,Men,14.9,14.9,False,1,$14.9,Card
ORC-20260602-0842,1,2026-06-02 19:04:19,Orchard Central,TOP-M-04,Men's Oxford Long Sleeve Shirt,Tops,Men,29.9,29.9,False,1,29.9,NETS
ORC-20260602-0324,1,2026-06-02 20:24:16,Orchard Central,SOK-M-09,Men's No-Show Sneaker Socks,Socks,Men,4.11,5.9,True,1,4.11,NETS
ORC-20260602-1023,3,2026-06-02 20:19:38,orchard central,SOK-W-02,Women's Pile Crew Socks,Socks,Women,$5.9,5.9,False,1,5.9,NETS
ORC-20260602-0262,2,2026-06-02 16:38:19,  Orchard Central  ,SOK-M-03,Men's Airism Low-Cut Socks,SOCKS,Men,5.9,5.9,False,2,11.8,Cash
ORC-20260602-0031,1,2026-06-02 21:25:34,Orchard Central,SOK-W-04,Women's Ribbed Crew Socks,Socks,Women,5.9,5.9,False,1,5.9,Card
ORC-20260602-0442,2,2026-06-02 12:17:23,ORCHARD CENTRAL,SOK-W-04,Women's Ribbed Crew Socks,Socks,Women,5.9,5.9,False,2,11.8,Card
ORC-20260602-0233,2,2026-06-02 22:11:52,Orchard Central,TOP-W-03,Women's Silky Satin Blouse,Tops,WOMEN,39.9,39.9,False,1,39.9,NETS
ORC-20260602-0556,2,2026-06-02 20:47:15,Orchard Central,BTM-W-02,Women's High-Rise Wide Leg Pants,Bottoms,Women,39.9,39.9,False,1,39.9,PayNow
ORC-20260602-0287,3,2026-06-02 21:59:14,Orchard Central,SOK-M-04,Men's Ribbed Crew Socks,Socks,Men,5.9,5.9,False,2,11.8,Card
ORC-20260602-0892,1,2026-06-02 13:06:37,Orchard Central,SOK-W-02,Women's Pile Crew Socks,Socks,Women,5.9,5.9,False,1,5.9,PayNow
PUN-20260602-0307,2,2026-06-02 20:02:37,Punggol,TOP-M-04,Men's Oxford Long Sleeve Shirt,Tops,Men,29.9,29.9,False,1,29.9,PayNow
ORC-20260602-0824,2,2026-06-02 21:47:48,Orchard Central,SOK-M-02,  Men's Pile Crew Socks  ,Socks,Men,5.9,5.9,False,1,5.9,PAYNOW
BUG-20260602-0434,2,2026-06-02 21:12:19,Bugis,UND-M-01,Men's Airism Boxer Briefs,UNDERWEAR,Men,14.9,14.9,False,1,14.9,Card
ORC-20260602-0655,2,2026-06-02 20:45:09,orchard central,BTM-M-02,Men's Slim Fit Chino Trousers,Bottoms,Men,29.9,29.9,False,1,29.9,PayNow
BUG-20260602-0320,2,2026-06-02 20:37:53,Bugis,BTM-M-04,Men's Dry Stretch Shorts,bottoms,Men,19.9,19.9,False,1,19.9,Card
ORC-20260602-0657,2,2026-06-02 20:26:42,Orchard Central,SOK-W-02,Women's Pile Crew Socks,Socks,WOMEN,5.9,5.9,False,1,5.9,NETS
PUN-20260602-0129,2,2026-06-02 13:38:57,Punggol,SOK-W-02,Women's Pile Crew Socks,SOCKS,Women,$5.9,5.9,False,1,5.9,PayNow
BUG-20260602-0547,2,2026-06-02 21:29:01,Bugis,SOK-W-04,Women's Ribbed Crew Socks,Socks,Women,5.9,5.9,False,1,5.9,Nets
ORC-20260602-0248,1,2026-06-02 13:55:19,ORCHARD CENTRAL,SOK-M-01,Men's Ankle Socks 3-Pack,Socks,Men,14.9,14.9,False,2,29.8,Card
ORC-20260602-0763,2,2026-06-02 19:35:37,ORCHARD CENTRAL,SOK-M-09,Men's No-Show Sneaker Socks,Socks,Men,4.11,5.9,True,1,4.11,CARD
ORC-20260602-0872,2,2026-06-02 19:26:53,Orchard Central,SOK-M-01,Men's Ankle Socks 3-Pack,Socks,Men,14.9,14.9,False,1,14.9,Cash
PUN-20260602-0416,3,2026-06-02 21:38:19,Punggol,SOK-M-01,Men's Ankle Socks 3-Pack,Socks,Men,14.9,14.9,False,1,14.9,Card
BUG-20260602-0421,1,2026-06-02 18:13:59,Bugis,BTM-M-04,Men's Dry Stretch Shorts,Bottoms,Men,19.9,19.9,False,1,19.9,Card
ORC-20260602-0166,1,2026-06-02 15:33:18,Orchard Central,BTM-M-09,Men's Linen Blend Trousers,Bottoms,Men,39.9,39.9,False,1,39.9,NETS
PUN-20260602-0399,2,2026-06-02 20:32:07,Punggol,TOP-M-04,  Men's Oxford Long Sleeve Shirt  ,Tops,Men,29.9,29.9,False,1,29.9,card
ORC-20260602-0344,1,2026-06-02 18:18:35,ORCHARD CENTRAL,SOK-W-03,Women's Airism Low-Cut Socks,socks,Women,$5.9,5.9,False,1,5.9,Card
BUG-20260602-0080,3,2026-06-02 21:19:58,Bugis,TOP-W-02,Women's Ribbed Long Sleeve Turtleneck,Tops,Women,19.9,19.9,False,1,19.9,PayNow
BUG-20260602-0806,2,2026-06-02 19:27:06,Bugis,TOP-W-04,  Women's Heattech Crew Neck Long Sleeve Tee  ,tops,Women,14.9,14.9,False,1,14.9,Cash
PUN-20260602-0076,3,2026-06-02 21:37:39,Punggol,SOK-W-01,Women's Ankle Socks 3-Pack,Socks,Women,14.9,14.9,False,2,29.8,Card
BUG-20260602-0723,3,2026-06-02 13:05:04,Bugis,SOK-W-04,Women's Ribbed Crew Socks,socks,Women,5.9,5.9,False,1,5.9,Card
ORC-20260602-0584,2,2026-06-02 20:00:10,orchard central,SOK-M-03,Men's Airism Low-Cut Socks,Socks,men,5.9,5.9,False,1,5.9,PayNow
BUG-20260602-0231,2,2026-06-02 19:20:06,Bugis,UND-W-01,Women's Airism Bikini Shorts,Underwear,Women,9.9,9.9,False,2,19.8,Cash
ORC-20260602-0477,1,2026-06-02 21:47:02,Orchard Central,SOK-W-02,Women's Pile Crew Socks,Socks,Women,5.9,5.9,False,1,5.9,Card
ORC-20260602-0484,2,2026-06-02 19:03:00,Orchard Central,SOK-W-02,Women's Pile Crew Socks,Socks,Women,5.9,5.9,False,1,5.9,Card
PUN-20260602-0613,1,2026-06-02 21:26:01,  Punggol  ,SOK-M-04,Men's Ribbed Crew Socks,Socks,Men,5.9,5.9,False,2,11.8,NETS
BUG-20260602-0712,1,2026-06-02 20:02:57,Bugis,TOP-M-04,Men's Oxford Long Sleeve Shirt,Tops,Men,29.9,29.9,False,1,29.9,PayNow
ORC-20260602-0341,2,2026-06-02 18:53:44,ORCHARD CENTRAL,SOK-M-01,Men's Ankle Socks 3-Pack,Socks,Men,14.9,14.9,False,1,14.9,Card
BUG-20260602-0736,1,2026-06-02 19:01:28,Bugis,UND-M-02,Men's Cotton Blend Trunks,Underwear,Men,14.9,14.9,False,1,14.9,Card
PUN-20260602-0101,3,2026-06-02 22:36:53,PUNGGOL,SOK-W-03,Women's Airism Low-Cut Socks,SOCKS,Women,$5.9,5.9,False,2,11.8,card
ORC-20260602-0416,2,2026-06-02 21:25:33,Orchard Central,SOK-W-02,Women's Pile Crew Socks,Socks,Women,5.9,5.9,False,1,5.9,CARD
ORC-20260602-1015,3,2026-06-02 14:34:17,Orchard Central,SOK-W-03,Women's Airism Low-Cut Socks,Socks,Women,5.9,5.9,False,1,5.9,PayNow
BUG-20260602-0639,2,2026-06-02 17:40:55,Bugis,UND-W-01,Women's Airism Bikini Shorts,Underwear,Women,9.9,9.9,False,1,9.9,NETS
PUN-20260602-0185,2,2026-06-02 18:56:46,Punggol,UND-W-02,Women's Wireless Bra,Underwear,Women,$29.9,29.9,False,1,29.9,PayNow
ORC-20260602-0935,1,2026-06-02 21:44:27,Orchard Central,SOK-M-08,  Men's Cotton Blend Dress Socks  ,Socks,Men,9.9,9.9,False,1,9.9,PayNow
ORC-20260602-0544,3,2026-06-02 20:21:49,Orchard Central,UND-M-04,Men's Cotton Crew Neck Undershirt,Underwear,Men,14.9,14.9,False,1,14.9,Card
PUN-20260602-0226,1,2026-06-02 22:15:05,Punggol,SOK-W-02,Women's Pile Crew Socks,Socks,Women,5.9,5.9,False,1,5.9,PayNow
ORC-20260602-0213,1,2026-06-02 15:29:21,ORCHARD CENTRAL,TOP-W-01,Women's Airism Cotton Crew Neck T-Shirt,Tops,Women,14.9,14.9,False,1,14.9,PayNow
PUN-20260602-0416,2,2026-06-02 21:38:19,PUNGGOL,UND-W-01,Women's Airism Bikini Shorts,UNDERWEAR,WOMEN,9.9,9.9,False,1,9.9,Card
BUG-20260602-0217,1,2026-06-02 20:05:30,Bugis,SOK-W-03,Women's Airism Low-Cut Socks,Socks,Women,5.9,5.9,False,1,5.9,Card
ORC-20260602-1107,2,2026-06-02 12:55:57,orchard central,TOP-W-01,Women's Airism Cotton Crew Neck T-Shirt,Tops,Women,14.9,14.9,False,1,14.9,Paynow
ORC-20260602-0078,1,2026-06-02 14:13:45,ORCHARD CENTRAL,SOK-W-01,Women's Ankle Socks 3-Pack,Socks,Women,14.9,14.9,False,1,14.9,Cash
ORC-20260602-0487,2,2026-06-02 18:40:04,orchard central,SOK-M-07,Men's Striped Crew Socks,Socks,Men,5.9,5.9,False,1,5.9,Card
ORC-20260602-0563,1,2026-06-02 21:33:56,Orchard Central,UND-W-01,Women's Airism Bikini Shorts,Underwear,Women,9.9,9.9,False,1,9.9,PAYNOW
PUN-20260602-0552,1,2026-06-02 16:24:45,Punggol,SOK-W-02,Women's Pile Crew Socks,Socks,Women,5.9,5.9,False,2,11.8,NETS
ORC-20260602-0997,1,2026-06-02 16:56:30,Orchard Central,TOP-W-02,Women's Ribbed Long Sleeve Turtleneck,Tops,Women,19.9,19.9,False,1,19.9,NETS
BUG-20260602-0307,1,2026-06-02 19:28:21,Bugis,UND-W-04,Women's Airism T-Shirt Bra,Underwear,Women,29.9,29.9,False,1,29.9,CARD
ORC-20260602-0265,2,2026-06-02 17:51:11,  Orchard Central  ,TOP-M-03,Men's Dry-EX Crew Neck T-Shirt,Tops,Men,19.9,19.9,False,1,19.9,PayNow
BUG-20260602-0465,2,2026-06-02 17:19:47,Bugis,SOK-M-04,Men's Ribbed Crew Socks,Socks,Men,5.9,5.9,False,1,5.9,Nets
PUN-20260602-0162,1,2026-06-02 13:28:44,  Punggol  ,SOK-M-03,Men's Airism Low-Cut Socks,Socks,Men,5.9,5.9,False,1,5.9,
PUN-20260602-0226,2,2026-06-02 22:15:05,Punggol,TOP-W-01,Women's Airism Cotton Crew Neck T-Shirt,Tops,Women,14.9,14.9,False,1,14.9,PayNow
ORC-20260602-0658,2,2026-06-02 11:14:06,Orchard Central,SOK-M-08,Men's Cotton Blend Dress Socks,Socks,Men,9.9,9.9,False,1,9.9,Cash
BUG-20260602-0178,3,2026-06-02 18:19:39,Bugis,SOK-W-04,Women's Ribbed Crew Socks,Socks,Women,5.9,5.9,False,1,5.9,Card
ORC-20260602-0778,1,2026-06-02 13:58:01,Orchard Central,SOK-M-09,  Men's No-Show Sneaker Socks  ,Socks,Men,4.11,5.9,True,1,4.11,Card
PUN-20260602-0434,2,2026-06-02 19:08:36,Punggol,SOK-M-01,Men's Ankle Socks 3-Pack,Socks,Men,14.9,14.9,False,1,14.9,CARD
BUG-20260602-0748,1,2026-06-02 15:44:04,Bugis,SOK-M-03,Men's Airism Low-Cut Socks,Socks,Men,5.9,5.9,False,1,5.9,PayNow
ORC-20260602-0977,2,2026-06-02 15:31:30,Orchard Central,UND-M-04,Men's Cotton Crew Neck Undershirt,Underwear,Men,14.9,14.9,False,1,14.9,Card
ORC-20260602-0407,1,2026-06-02 21:37:00,Orchard Central,SOK-W-01,Women's Ankle Socks 3-Pack,Socks,Women,14.9,14.9,False,1,14.9,Card
BUG-20260602-0500,1,2026-06-02 12:37:57,Bugis,BTM-M-04,Men's Dry Stretch Shorts,Bottoms,Men,19.9,19.9,False,1,19.9,Card
BUG-20260602-0544,1,2026-06-02 20:35:52,Bugis,TOP-M-01,Men's Airism Cotton Crew Neck T-Shirt,Tops,Men,14.9,14.9,False,1,14.9,card
PUN-20260602-0368,3,2026-06-02 18:32:34,Punggol,UND-W-04,Women's Airism T-Shirt Bra,Underwear,Women,29.9,29.9,False,2,59.8,NETS
ORC-20260602-0133,1,2026-06-02 20:18:38,Orchard Central,UND-M-01,  Men's Airism Boxer Briefs  ,Underwear,Men,14.9,14.9,False,1,14.9,PayNow
PUN-20260602-0179,3,2026-06-02 19:39:21,Punggol,SOK-W-04,Women's Ribbed Crew Socks,Socks,Women,5.9,5.9,False,1,5.9,Cash
PUN-20260602-0503,3,2026-06-02 15:37:07,Punggol,BTM-W-02,Women's High-Rise Wide Leg Pants,Bottoms,Women,39.9,39.9,False,1,$39.9,card
PUN-20260602-0382,1,2026-06-02 11:47:55,  Punggol  ,SOK-M-01,Men's Ankle Socks 3-Pack,Socks,Men,14.9,14.9,False,1,14.9,card
ORC-20260602-0909,2,2026-06-02 17:59:14,Orchard Central,BTM-W-03,Women's Ezy Ankle Pants,Bottoms,Women,29.9,29.9,False,1,$29.9,NETS
BUG-20260602-0383,1,2026-06-02 16:29:49,Bugis,BTM-M-03,Men's Selvedge Regular Fit Jeans,Bottoms,Men,59.9,59.9,False,1,59.9,Cash
ORC-20260602-0872,3,2026-06-02 19:26:53,  orchard central  ,SOK-W-02,Women's Pile Crew Socks,Socks,Women,5.9,5.9,False,1,5.9,Cash
BUG-20260602-0700,1,2026-06-02 19:00:16,Bugis,TOP-M-01,Men's Airism Cotton Crew Neck T-Shirt,Tops,Men,14.9,14.9,False,1,14.9,Paynow
ORC-20260602-0193,2,2026-06-02 20:59:32,Orchard Central,SOK-W-04,Women's Ribbed Crew Socks,Socks,Women,5.9,5.9,False,1,5.9,Card
PUN-20260602-0477,2,2026-06-02 12:05:51,Punggol,TOP-M-01,Men's Airism Cotton Crew Neck T-Shirt,TOPS,Men,14.9,14.9,False,1,14.9,card
ORC-20260602-0086,3,2026-06-02 19:31:55,Orchard Central,SOK-W-03,Women's Airism Low-Cut Socks,Socks,Women,5.9,5.9,False,1,5.9,Nets
BUG-20260602-0248,2,2026-06-02 20:24:53,Bugis,UND-M-04,  Men's Cotton Crew Neck Undershirt  ,Underwear,Men,14.9,14.9,False,1,14.9,PayNow
BUG-20260602-0550,2,2026-06-02 15:05:51,Bugis,TOP-W-01,Women's Airism Cotton Crew Neck T-Shirt,Tops,Women,14.9,14.9,False,1,14.9,Card
ORC-20260602-0827,1,2026-06-02 21:55:02,Orchard Central,SOK-M-09,Men's No-Show Sneaker Socks,Socks,Men,4.11,5.9,True,1,4.11,Card
PUN-20260602-0691,3,2026-06-02 19:47:03,Punggol,SOK-M-04,Men's Ribbed Crew Socks,Socks,Men,5.9,5.9,False,1,5.9,PayNow
BUG-20260602-0627,3,2026-06-02 18:56:53,Bugis,SOK-W-03,Women's Airism Low-Cut Socks,Socks,women,5.9,5.9,False,1,5.9,PAYNOW
ORC-20260602-0028,2,2026-06-02 12:20:59,Orchard Central,SOK-W-01,Women's Ankle Socks 3-Pack,Socks,Women,14.9,14.9,False,2,29.8,NETS
ORC-20260602-0019,1,2026-06-02 17:39:48,Orchard Central,SOK-W-06,Women's Heattech Socks,Socks,Women,9.9,9.9,False,1,9.9,Card
BUG-20260602-0702,1,2026-06-02 18:37:20,Bugis,UND-W-03,Women's Cotton Blend Briefs,Underwear,Women,9.9,9.9,False,1,9.9,Card
BUG-20260602-0807,2,2026-06-02 12:24:39,  Bugis  ,BTM-M-04,  Men's Dry Stretch Shorts  ,Bottoms,Men,19.9,19.9,False,1,19.9,Card
PUN-20260602-0567,2,2026-06-02 11:56:20,Punggol,SOK-M-02,Men's Pile Crew Socks,Socks,Men,5.9,5.9,False,1,5.9,Card
ORC-20260602-0297,2,2026-06-02 17:30:49,Orchard Central,TOP-W-01,Women's Airism Cotton Crew Neck T-Shirt,Tops,Women,14.9,14.9,False,1,14.9,Card
ORC-20260602-0344,2,2026-06-02 18:18:35,Orchard Central,UND-M-03,Men's Airism Mesh Boxer Briefs,Underwear,Men,14.9,14.9,False,1,14.9,Card
ORC-20260602-0032,1,2026-06-02 16:45:47,Orchard Central,SOK-W-04,Women's Ribbed Crew Socks,Socks,Women,5.9,5.9,False,1,5.9,Card
PUN-20260602-0547,2,2026-06-02 15:08:40,Punggol,UND-W-04,Women's Airism T-Shirt Bra,Underwear,Women,29.9,29.9,False,1,29.9,Card
ORC-20260602-0207,2,2026-06-02 18:28:27,Orchard Central,SOK-W-03,Women's Airism Low-Cut Socks,Socks,Women,5.9,5.9,False,1,5.9,Card
ORC-20260602-0058,1,2026-06-02 19:36:20,Orchard Central,UND-W-02,Women's Wireless Bra,Underwear,Women,29.9,29.9,False,1,29.9,Cash
PUN-20260602-0215,1,2026-06-02 14:52:52,Punggol,SOK-W-02,Women's Pile Crew Socks,Socks,Women,5.9,5.9,False,2,11.8,
ORC-20260602-0452,1,2026-06-02 21:24:55,Orchard Central,SOK-W-01,Women's Ankle Socks 3-Pack,Socks,Women,14.9,14.9,False,2,29.8,NETS
BUG-20260602-0705,1,2026-06-02 19:36:31,Bugis,SOK-W-02,Women's Pile Crew Socks,Socks,Women,5.9,5.9,False,1,5.9,PayNow
ORC-20260602-0630,1,2026-06-02 20:44:52,Orchard Central,UND-M-08,Men's Airism V-Neck Undershirt,Underwear,Men,9.9,9.9,False,1,9.9,PayNow
ORC-20260602-0124,3,2026-06-02 17:37:12,orchard central,SOK-M-01,Men's Ankle Socks 3-Pack,Socks,Men,14.9,14.9,False,1,14.9,PayNow
BUG-20260602-0051,2,2026-06-02 17:26:37,Bugis,UND-M-01,  Men's Airism Boxer Briefs  ,Underwear,Men,14.9,14.9,False,1,14.9,Cash
BUG-20260602-0366,1,2026-06-02 20:32:57,Bugis,SOK-M-03,Men's Airism Low-Cut Socks,Socks,Men,5.9,5.9,False,1,5.9,Card
BUG-20260602-0360,1,2026-06-02 20:24:28,bugis,UND-W-03,Women's Cotton Blend Briefs,underwear,Women,9.9,9.9,False,1,9.9,NETS
BUG-20260602-0162,1,2026-06-02 18:22:34,Bugis,BTM-M-04,  Men's Dry Stretch Shorts  ,Bottoms,Men,19.9,19.9,False,1,19.9,PayNow
ORC-20260602-0516,3,2026-06-02 21:21:51,Orchard Central,SOK-W-04,  Women's Ribbed Crew Socks  ,Socks,Women,5.9,5.9,False,2,11.8,NETS
ORC-20260602-0801,1,2026-06-02 15:41:09,Orchard Central,SOK-M-01,Men's Ankle Socks 3-Pack,Socks,Men,14.9,14.9,False,1,14.9,PayNow
PUN-20260602-0086,1,2026-06-02 21:07:58,Punggol,TOP-M-04,Men's Oxford Long Sleeve Shirt,Tops,Men,29.9,29.9,False,1,29.9,Card
ORC-20260602-0204,1,2026-06-02 19:58:38,Orchard Central,UND-W-01,Women's Airism Bikini Shorts,Underwear,Women,9.9,9.9,False,1,9.9,Card
ORC-20260602-0413,1,2026-06-02 13:33:18,Orchard Central,BTM-M-03,Men's Selvedge Regular Fit Jeans,Bottoms,MEN,59.9,59.9,False,1,59.9,Card
BUG-20260602-0715,2,2026-06-02 20:19:08,Bugis,UND-W-01,Women's Airism Bikini Shorts,Underwear,Women,9.9,9.9,False,1,9.9,paynow
PUN-20260602-0019,1,2026-06-02 19:19:21,Punggol,BTM-W-02,Women's High-Rise Wide Leg Pants,Bottoms,Women,39.9,39.9,False,1,39.9,PayNow
ORC-20260602-0709,2,2026-06-02 14:35:19,Orchard Central,TOP-M-04,Men's Oxford Long Sleeve Shirt,Tops,Men,29.9,29.9,False,1,29.9,NETS
ORC-20260602-0521,3,2026-06-02 12:58:35,orchard central,UND-M-01,Men's Airism Boxer Briefs,Underwear,MEN,14.9,14.9,False,1,14.9,Card
ORC-20260602-0411,1,2026-06-02 19:18:18,Orchard Central,SOK-W-04,Women's Ribbed Crew Socks,Socks,Women,5.9,5.9,False,1,5.9,nets
ORC-20260602-1111,1,2026-06-02 13:36:20,Orchard Central,BTM-M-02,Men's Slim Fit Chino Trousers,Bottoms,Men,29.9,29.9,False,1,29.9,NETS
BUG-20260602-0188,1,2026-06-02 17:59:56,Bugis,SOK-W-02,Women's Pile Crew Socks,Socks,Women,5.9,5.9,False,2,11.8,PayNow
ORC-20260602-0184,2,2026-06-02 18:50:33,Orchard Central,SOK-W-04,Women's Ribbed Crew Socks,Socks,WOMEN,5.9,5.9,False,1,5.9,PayNow
PUN-20260602-0645,2,2026-06-02 20:52:08,  PUNGGOL  ,SOK-W-02,Women's Pile Crew Socks,Socks,Women,5.9,5.9,False,1,5.9,Cash
ORC-20260602-0858,1,2026-06-02 19:16:42,Orchard Central,UND-W-03,Women's Cotton Blend Briefs,Underwear,Women,9.9,9.9,False,1,9.9,Card
ORC-20260602-1092,2,2026-06-02 17:45:16,Orchard Central,BTM-M-01,Men's Ezy Ankle Pants,Bottoms,Men,29.9,29.9,False,1,29.9,NETS
ORC-20260602-0642,2,2026-06-02 20:43:28,Orchard Central,UND-M-01,Men's Airism Boxer Briefs,Underwear,Men,14.9,14.9,False,1,14.9,Card
ORC-20260602-0790,1,2026-06-02 19:41:10,Orchard Central,TOP-M-04,Men's Oxford Long Sleeve Shirt,Tops,Men,29.9,29.9,False,1,29.9,Card
ORC-20260602-0949,1,2026-06-02 15:59:05,Orchard Central,SOK-M-09,Men's No-Show Sneaker Socks,Socks,Men,4.11,5.9,True,2,8.22,CARD
PUN-20260602-0550,1,2026-06-02 17:51:47,Punggol,SOK-W-03,Women's Airism Low-Cut Socks,Socks,Women,5.9,5.9,False,1,5.9,NETS
ORC-20260602-1025,1,2026-06-02 13:28:32,Orchard Central,TOP-W-01,Women's Airism Cotton Crew Neck T-Shirt,Tops,Women,14.9,14.9,False,1,14.9,Card
BUG-20260602-0450,3,2026-06-02 14:13:31,Bugis,SOK-M-02,Men's Pile Crew Socks,Socks,Men,5.9,5.9,False,2,11.8,Card
BUG-20260602-0667,2,2026-06-02 20:13:56,Bugis,SOK-M-04,Men's Ribbed Crew Socks,SOCKS,Men,5.9,5.9,False,1,5.9,Card
BUG-20260602-0750,2,2026-06-02 17:24:44,Bugis,UND-M-04,Men's Cotton Crew Neck Undershirt,Underwear,Men,14.9,14.9,False,1,14.9,PayNow
PUN-20260602-0141,1,2026-06-02 20:04:46,punggol,TOP-M-01,Men's Airism Cotton Crew Neck T-Shirt,Tops,Men,14.9,14.9,False,1,14.9,NETS
ORC-20260602-1055,2,2026-06-02 20:44:37,Orchard Central,TOP-W-04,Women's Heattech Crew Neck Long Sleeve Tee,tops,Women,14.9,14.9,False,1,14.9,Card
PUN-20260602-0435,1,2026-06-02 22:19:07,Punggol,TOP-W-04,Women's Heattech Crew Neck Long Sleeve Tee,Tops,Women,14.9,14.9,False,1,14.9,Cash
ORC-20260602-0246,1,2026-06-02 13:19:21,Orchard Central,SOK-M-02,Men's Pile Crew Socks,socks,Men,5.9,5.9,False,1,5.9,card
ORC-20260602-0780,1,2026-06-02 17:30:07,Orchard Central,UND-W-01,Women's Airism Bikini Shorts,Underwear,Women,9.9,9.9,False,2,19.8,Card
BUG-20260602-0259,1,2026-06-02 12:58:20,Bugis,UND-M-01,Men's Airism Boxer Briefs,Underwear,Men,14.9,14.9,False,1,14.9,Paynow
ORC-20260602-0870,1,2026-06-02 12:42:12,Orchard Central,SOK-W-03,Women's Airism Low-Cut Socks,Socks,Women,5.9,5.9,False,1,5.9,Card
ORC-20260602-0916,1,2026-06-02 17:07:17,Orchard Central,BTM-M-03,Men's Selvedge Regular Fit Jeans,Bottoms,Men,59.9,59.9,False,1,59.9,Paynow
ORC-20260602-0278,1,2026-06-02 13:56:09,Orchard Central,SOK-M-02,Men's Pile Crew Socks,Socks,Men,$5.9,5.9,False,1,5.9,Card
BUG-20260602-0761,1,2026-06-02 22:27:45,BUGIS,BTM-W-03,Women's Ezy Ankle Pants,Bottoms,Women,29.9,29.9,False,1,29.9,PAYNOW
BUG-20260602-0020,2,2026-06-02 21:22:30,  Bugis  ,SOK-M-04,Men's Ribbed Crew Socks,SOCKS,Men,5.9,5.9,False,1,5.9,NETS
ORC-20260602-1030,1,2026-06-02 22:27:05,Orchard Central,SOK-W-03,Women's Airism Low-Cut Socks,Socks,Women,5.9,5.9,False,1,5.9,PayNow
ORC-20260602-0067,2,2026-06-02 18:53:43,Orchard Central,TOP-W-08,Women's Puff Sleeve Blouse,Tops,Women,29.9,29.9,False,1,29.9,Card
BUG-20260602-0122,1,2026-06-02 12:35:20,Bugis,TOP-W-02,Women's Ribbed Long Sleeve Turtleneck,TOPS,Women,19.9,19.9,False,1,19.9,Card
PUN-20260602-0563,2,2026-06-02 22:33:07,Punggol,SOK-W-01,Women's Ankle Socks 3-Pack,Socks,Women,$14.9,14.9,False,1,14.9,Card
ORC-20260602-0974,1,2026-06-02 17:36:39,Orchard Central,SOK-W-03,Women's Airism Low-Cut Socks,Socks,Women,5.9,5.9,False,1,5.9,Card
PUN-20260602-0408,1,2026-06-02 20:57:03,Punggol,TOP-M-01,Men's Airism Cotton Crew Neck T-Shirt,Tops,MEN,14.9,14.9,False,1,14.9,Cash
ORC-20260602-0426,1,2026-06-02 19:49:26,Orchard Central,SOK-W-03,Women's Airism Low-Cut Socks,Socks,Women,5.9,5.9,False,2,11.8,Card
ORC-20260602-0382,1,2026-06-02 20:29:03,Orchard Central,TOP-M-01,Men's Airism Cotton Crew Neck T-Shirt,Tops,Men,14.9,14.9,False,1,14.9,Card
ORC-20260602-0322,3,2026-06-02 13:46:01,Orchard Central,SOK-M-03,Men's Airism Low-Cut Socks,Socks,MEN,$5.9,5.9,False,1,5.9,PayNow
PUN-20260602-0629,1,2026-06-02 21:07:55,Punggol,SOK-M-04,Men's Ribbed Crew Socks,Socks,Men,5.9,5.9,False,1,5.9,Cash
BUG-20260602-0589,1,2026-06-02 21:32:11,Bugis,TOP-M-06,  Men's Fleece Full-Zip Hoodie  ,Tops,MEN,39.9,39.9,False,1,39.9,Card
BUG-20260602-0117,1,2026-06-02 19:16:34,bugis,SOK-W-02,Women's Pile Crew Socks,SOCKS,women,5.9,5.9,False,1,5.9,Cash
BUG-20260602-0607,1,2026-06-02 21:21:12,Bugis,SOK-M-02,Men's Pile Crew Socks,Socks,Men,5.9,5.9,False,1,5.9,Cash
PUN-20260602-0415,3,2026-06-02 12:54:07,Punggol,SOK-W-04,Women's Ribbed Crew Socks,Socks,WOMEN,5.9,5.9,False,1,5.9,PayNow
ORC-20260602-0542,1,2026-06-02 12:54:49,Orchard Central,TOP-W-04,Women's Heattech Crew Neck Long Sleeve Tee,Tops,Women,14.9,14.9,False,1,$14.9,Card
BUG-20260602-0350,3,2026-06-02 12:01:25,Bugis,SOK-W-03,  Women's Airism Low-Cut Socks  ,Socks,Women,5.9,5.9,False,1,5.9,Cash
ORC-20260602-0831,1,2026-06-02 18:27:09,Orchard Central,TOP-W-02,Women's Ribbed Long Sleeve Turtleneck,Tops,Women,19.9,19.9,False,1,19.9,PayNow
PUN-20260602-0094,1,2026-06-02 15:12:01,PUNGGOL,UND-M-04,Men's Cotton Crew Neck Undershirt,Underwear,Men,14.9,14.9,False,1,14.9,card
PUN-20260602-0046,2,2026-06-02 20:47:37,Punggol,SOK-M-01,Men's Ankle Socks 3-Pack,Socks,men,14.9,14.9,False,1,14.9,PayNow
BUG-20260602-0476,1,2026-06-02 18:41:59,Bugis,SOK-W-04,Women's Ribbed Crew Socks,Socks,Women,5.9,5.9,False,1,5.9,card
BUG-20260602-0305,1,2026-06-02 18:18:50,Bugis,BTM-M-08,Men's Relaxed Fit Denim Shorts,Bottoms,Men,22.99,29.9,True,1,22.99,PayNow
ORC-20260602-0446,2,2026-06-02 19:00:06,Orchard Central,SOK-W-02,Women's Pile Crew Socks,Socks,Women,5.9,5.9,False,1,5.9,NETS
BUG-20260602-0764,1,2026-06-02 22:04:07,Bugis,SOK-W-04,  Women's Ribbed Crew Socks  ,SOCKS,Women,5.9,5.9,False,1,5.9,NETS
BUG-20260602-0229,1,2026-06-02 18:38:05,Bugis,SOK-M-01,  Men's Ankle Socks 3-Pack  ,Socks,Men,14.9,14.9,False,1,14.9,Cash
PUN-20260602-0385,2,2026-06-02 19:06:55,Punggol,SOK-M-04,Men's Ribbed Crew Socks,Socks,Men,5.9,5.9,False,1,5.9,Cash
ORC-20260602-0981,1,2026-06-02 19:16:48,Orchard Central,SOK-W-02,Women's Pile Crew Socks,Socks,Women,5.9,5.9,False,1,5.9,Card
ORC-20260602-0719,2,2026-06-02 20:44:13,Orchard Central,SOK-M-02,Men's Pile Crew Socks,Socks,Men,5.9,5.9,False,1,5.9,PayNow
BUG-20260602-0281,1,2026-06-02 19:37:11,Bugis,SOK-W-02,Women's Pile Crew Socks,Socks,Women,5.9,5.9,False,2,11.8,PayNow
BUG-20260602-0026,1,2026-06-02 20:37:24,Bugis,TOP-W-04,Women's Heattech Crew Neck Long Sleeve Tee,Tops,Women,14.9,14.9,False,1,14.9,PayNow
BUG-20260602-0745,2,2026-06-02 16:20:26,Bugis,SOK-W-04,Women's Ribbed Crew Socks,Socks,Women,5.9,5.9,False,1,5.9,Card
BUG-20260602-0345,1,2026-06-02 21:19:55,Bugis,UND-M-04,Men's Cotton Crew Neck Undershirt,Underwear,Men,14.9,14.9,False,1,14.9,PayNow
ORC-20260602-1103,2,2026-06-02 19:48:41,Orchard Central,UND-M-01,Men's Airism Boxer Briefs,Underwear,Men,14.9,14.9,False,1,14.9,PayNow
ORC-20260602-0771,1,2026-06-02 18:49:28,orchard central,SOK-M-03,Men's Airism Low-Cut Socks,Socks,Men,5.9,5.9,False,1,5.9,Paynow
BUG-20260602-0053,2,2026-06-02 18:59:20,Bugis,TOP-W-02,Women's Ribbed Long Sleeve Turtleneck,Tops,Women,19.9,19.9,False,1,19.9,Card
ORC-20260602-0540,3,2026-06-02 12:00:39,Orchard Central,BTM-M-02,Men's Slim Fit Chino Trousers,BOTTOMS,Men,29.9,29.9,False,1,29.9,card
BUG-20260602-0348,1,2026-06-02 21:27:13,Bugis,UND-W-01,Women's Airism Bikini Shorts,Underwear,Women,9.9,9.9,False,2,19.8,PayNow
BUG-20260602-0098,2,2026-06-02 20:50:24,Bugis,SOK-W-02,Women's Pile Crew Socks,Socks,Women,5.9,5.9,False,1,5.9,NETS
PUN-20260602-0410,2,2026-06-02 20:33:32,Punggol,SOK-M-04,Men's Ribbed Crew Socks,Socks,Men,5.9,5.9,False,1,5.9,Card
BUG-20260602-0068,1,2026-06-02 17:29:01,Bugis,UND-W-01,Women's Airism Bikini Shorts,underwear,Women,9.9,9.9,False,1,9.9,Card
ORC-20260602-0752,1,2026-06-02 20:31:43,Orchard Central,SOK-M-09,Men's No-Show Sneaker Socks,Socks,Men,4.11,5.9,True,2,8.22,CARD
ORC-20260602-0942,2,2026-06-02 19:46:59,Orchard Central,UND-W-04,Women's Airism T-Shirt Bra,Underwear,Women,29.9,29.9,False,1,29.9,PayNow
BUG-20260602-0565,1,2026-06-02 13:24:51,Bugis,SOK-M-01,Men's Ankle Socks 3-Pack,Socks,Men,14.9,14.9,False,1,14.9,Cash
PUN-20260602-0607,1,2026-06-02 20:17:51,Punggol,SOK-W-03,Women's Airism Low-Cut Socks,Socks,Women,5.9,5.9,False,1,5.9,Card
ORC-20260602-0246,2,2026-06-02 13:19:21,Orchard Central,BTM-W-03,Women's Ezy Ankle Pants,Bottoms,Women,29.9,29.9,False,1,29.9,Card
ORC-20260602-0714,1,2026-06-02 20:42:57,  Orchard Central  ,TOP-M-03,Men's Dry-EX Crew Neck T-Shirt,TOPS,Men,19.9,19.9,False,1,19.9,Cash
BUG-20260602-0650,1,2026-06-02 20:06:57,  Bugis  ,TOP-W-02,Women's Ribbed Long Sleeve Turtleneck,tops,Women,19.9,19.9,False,1,19.9,Card
PUN-20260602-0122,1,2026-06-02 19:01:04,Punggol,SOK-M-02,Men's Pile Crew Socks,Socks,Men,5.9,5.9,False,2,11.8,Card
PUN-20260602-0206,3,2026-06-02 14:45:22,Punggol,UND-W-04,Women's Airism T-Shirt Bra,underwear,Women,29.9,29.9,False,1,29.9,NETS
ORC-20260602-0119,2,2026-06-02 17:23:34,Orchard Central,SOK-M-04,Men's Ribbed Crew Socks,Socks,Men,5.9,5.9,False,2,11.8,Card
ORC-20260602-1095,2,2026-06-02 11:10:00,Orchard Central,SOK-W-04,Women's Ribbed Crew Socks,Socks,Women,5.9,5.9,False,1,5.9,Card
ORC-20260602-0402,2,2026-06-02 16:22:07,Orchard Central,UND-M-02,Men's Cotton Blend Trunks,Underwear,Men,14.9,14.9,False,1,14.9,Card
BUG-20260602-0322,3,2026-06-02 16:05:16,Bugis,SOK-W-02,Women's Pile Crew Socks,Socks,Women,5.9,5.9,False,2,11.8,PayNow
ORC-20260602-0615,1,2026-06-02 11:08:59,Orchard Central,SOK-M-04,Men's Ribbed Crew Socks,Socks,Men,5.9,5.9,False,1,5.9,
PUN-20260602-0248,2,2026-06-02 19:22:35,Punggol,SOK-M-01,Men's Ankle Socks 3-Pack,Socks,Men,14.9,14.9,False,1,14.9,Card
PUN-20260602-0640,2,2026-06-02 18:27:24,Punggol,SOK-W-02,Women's Pile Crew Socks,Socks,women,5.9,5.9,False,1,5.9,Card
ORC-20260602-0917,2,2026-06-02 20:37:50,Orchard Central,SOK-W-03,Women's Airism Low-Cut Socks,Socks,women,5.9,5.9,False,2,11.8,PayNow
PUN-20260602-0656,2,2026-06-02 22:25:04,Punggol,SOK-M-02,Men's Pile Crew Socks,Socks,Men,5.9,5.9,False,1,5.9,Card
PUN-20260602-0347,2,2026-06-02 12:15:36,Punggol,TOP-W-04,  Women's Heattech Crew Neck Long Sleeve Tee  ,Tops,Women,14.9,14.9,False,1,14.9,Cash
ORC-20260602-0771,2,2026-06-02 18:49:28,Orchard Central,UND-M-03,Men's Airism Mesh Boxer Briefs,Underwear,Men,14.9,14.9,False,1,14.9,PayNow
ORC-20260602-0865,1,2026-06-02 19:49:48,Orchard Central,SOK-W-01,Women's Ankle Socks 3-Pack,Socks,Women,14.9,14.9,False,1,14.9,PayNow
BUG-20260602-0385,2,2026-06-02 17:04:18,Bugis,TOP-M-03,Men's Dry-EX Crew Neck T-Shirt,Tops,Men,19.9,19.9,False,1,19.9,PayNow
ORC-20260602-0155,2,2026-06-02 16:08:04,Orchard Central,SOK-W-02,  Women's Pile Crew Socks  ,SOCKS,Women,5.9,5.9,False,2,11.8,
ORC-20260602-1066,1,2026-06-02 22:47:48,Orchard Central,TOP-W-08,Women's Puff Sleeve Blouse,Tops,Women,$29.9,29.9,False,1,29.9,PayNow
BUG-20260602-0021,2,2026-06-02 20:03:32,Bugis,UND-W-03,Women's Cotton Blend Briefs,Underwear,women,9.9,9.9,False,1,9.9,
BUG-20260602-0494,2,2026-06-02 16:05:19,Bugis,TOP-W-06,Women's Linen Blend Short Sleeve Shirt,Tops,Women,29.9,29.9,False,1,29.9,CARD
ORC-20260602-0430,3,2026-06-02 20:05:49,Orchard Central,SOK-M-04,Men's Ribbed Crew Socks,Socks,Men,5.9,5.9,False,1,5.9,Card
BUG-20260602-0779,2,2026-06-02 20:24:34,Bugis,TOP-W-04,  Women's Heattech Crew Neck Long Sleeve Tee  ,Tops,Women,14.9,14.9,False,1,14.9,Cash
BUG-20260602-0641,2,2026-06-02 21:50:40,BUGIS,UND-M-02,Men's Cotton Blend Trunks,underwear,Men,14.9,14.9,False,1,14.9,Card
ORC-20260602-0922,1,2026-06-02 19:32:23,ORCHARD CENTRAL,SOK-M-09,Men's No-Show Sneaker Socks,Socks,Men,4.11,5.9,True,1,4.11,
PUN-20260602-0571,1,2026-06-02 19:41:49,Punggol,BTM-M-03,Men's Selvedge Regular Fit Jeans,Bottoms,Men,59.9,59.9,False,1,59.9,PayNow
PUN-20260602-0481,1,2026-06-02 15:48:36,Punggol,SOK-M-03,Men's Airism Low-Cut Socks,Socks,men,5.9,5.9,False,2,11.8,Card
BUG-20260602-0062,2,2026-06-02 18:50:08,Bugis,SOK-M-02,Men's Pile Crew Socks,Socks,Men,5.9,5.9,False,1,5.9,Card
ORC-20260602-0967,1,2026-06-02 15:55:09,Orchard Central,UND-M-02,Men's Cotton Blend Trunks,Underwear,Men,14.9,14.9,False,2,29.8,PayNow
PUN-20260602-0185,3,2026-06-02 18:56:46,Punggol,SOK-W-04,Women's Ribbed Crew Socks,Socks,Women,5.9,5.9,False,1,5.9,PayNow
PUN-20260602-0219,1,2026-06-02 17:05:48,Punggol,SOK-W-02,Women's Pile Crew Socks,Socks,Women,5.9,5.9,False,1,5.9,Card
BUG-20260602-0711,1,2026-06-02 19:14:25,Bugis,SOK-M-01,Men's Ankle Socks 3-Pack,Socks,Men,14.9,14.9,False,2,29.8,NETS
BUG-20260602-0207,1,2026-06-02 16:06:28,Bugis,SOK-W-04,Women's Ribbed Crew Socks,Socks,Women,5.9,5.9,False,1,5.9,
BUG-20260602-0149,2,2026-06-02 12:20:30,Bugis,SOK-M-02,Men's Pile Crew Socks,Socks,Men,5.9,5.9,False,1,5.9,Card
ORC-20260602-0988,1,2026-06-02 18:34:42,Orchard Central,SOK-M-09,Men's No-Show Sneaker Socks,Socks,Men,4.11,5.9,True,1,4.11,Cash
PUN-20260602-0480,1,2026-06-02 18:26:22,Punggol,SOK-M-02,Men's Pile Crew Socks,Socks,Men,5.9,5.9,False,1,5.9,Card
ORC-20260602-0390,1,2026-06-02 19:00:15,Orchard Central,UND-W-01,  Women's Airism Bikini Shorts  ,Underwear,Women,9.9,9.9,False,1,9.9,Card
PUN-20260602-0485,1,2026-06-02 17:55:27,Punggol,SOK-W-03,Women's Airism Low-Cut Socks,Socks,Women,5.9,5.9,False,1,5.9,PayNow
ORC-20260602-0599,3,2026-06-02 21:18:20,Orchard Central,SOK-M-08,Men's Cotton Blend Dress Socks,Socks,Men,9.9,9.9,False,1,9.9,Cash
PUN-20260602-0444,2,2026-06-02 20:45:44,punggol,SOK-M-04,Men's Ribbed Crew Socks,Socks,Men,5.9,5.9,False,1,5.9,Card
BUG-20260602-0038,1,2026-06-02 19:00:08,Bugis,SOK-W-02,Women's Pile Crew Socks,Socks,women,5.9,5.9,False,1,5.9,PayNow
BUG-20260602-0596,2,2026-06-02 15:25:14,Bugis,BTM-M-02,Men's Slim Fit Chino Trousers,Bottoms,Men,29.9,29.9,False,1,29.9,Cash
BUG-20260602-0207,3,2026-06-02 16:06:28,Bugis,TOP-M-03,Men's Dry-EX Crew Neck T-Shirt,tops,Men,19.9,19.9,False,1,19.9,PayNow
BUG-20260602-0179,1,2026-06-02 17:30:07,Bugis,TOP-M-01,Men's Airism Cotton Crew Neck T-Shirt,Tops,men,14.9,14.9,False,1,14.9,PayNow
PUN-20260602-0032,1,2026-06-02 14:08:01,Punggol,SOK-M-04,Men's Ribbed Crew Socks,Socks,Men,5.9,5.9,False,1,5.9,Nets
BUG-20260602-0130,1,2026-06-02 21:46:49,Bugis,SOK-W-03,  Women's Airism Low-Cut Socks  ,Socks,Women,5.9,5.9,False,2,11.8,
PUN-20260602-0267,1,2026-06-02 20:06:07,Punggol,SOK-M-02,Men's Pile Crew Socks,Socks,Men,5.9,5.9,False,1,5.9,PayNow
ORC-20260602-0172,3,2026-06-02 18:56:24,orchard central,BTM-M-08,Men's Relaxed Fit Denim Shorts,bottoms,Men,22.99,29.9,True,1,22.99,Card
ORC-20260602-0511,1,2026-06-02 17:13:40,Orchard Central,SOK-W-02,Women's Pile Crew Socks,Socks,Women,5.9,5.9,False,1,5.9,PayNow
ORC-20260602-0858,1,2026-06-02 19:16:42,Orchard Central,UND-W-03,Women's Cotton Blend Briefs,Underwear,women,9.9,9.9,False,1,9.9,Card
BUG-20260602-0603,1,2026-06-02 20:59:15,Bugis,UND-M-04,Men's Cotton Crew Neck Undershirt,Underwear,Men,14.9,14.9,False,1,14.9,PayNow
ORC-20260602-0584,1,2026-06-02 20:00:10,orchard central,UND-W-01,Women's Airism Bikini Shorts,UNDERWEAR,Women,9.9,9.9,False,1,9.9,PayNow
PUN-20260602-0472,2,2026-06-02 17:41:36,  Punggol  ,SOK-M-01,Men's Ankle Socks 3-Pack,Socks,Men,14.9,14.9,False,1,14.9,Card
ORC-20260602-0003,1,2026-06-02 13:07:28,Orchard Central,SOK-W-04,Women's Ribbed Crew Socks,Socks,women,5.9,5.9,False,1,5.9,
BUG-20260602-0242,3,2026-06-02 21:20:13,Bugis,UND-W-03,Women's Cotton Blend Briefs,Underwear,Women,9.9,9.9,False,1,$9.9,Card
ORC-20260602-0643,1,2026-06-02 20:35:19,Orchard Central,SOK-W-04,Women's Ribbed Crew Socks,Socks,Women,5.9,5.9,False,1,5.9,NETS
ORC-20260602-0683,1,2026-06-02 13:36:26,Orchard Central,UND-W-09,Women's Cotton Boyshorts,Underwear,Women,9.9,9.9,False,1,9.9,PayNow
PUN-20260602-0194,2,2026-06-02 19:24:12,Punggol,UND-M-04,Men's Cotton Crew Neck Undershirt,Underwear,Men,14.9,14.9,False,1,14.9,Card
BUG-20260602-0626,2,2026-06-02 17:29:33,Bugis,SOK-W-03,  Women's Airism Low-Cut Socks  ,Socks,Women,5.9,5.9,False,1,5.9,Card
BUG-20260602-0336,1,2026-06-02 17:40:50,  Bugis  ,BTM-M-02,Men's Slim Fit Chino Trousers,Bottoms,Men,29.9,29.9,False,1,29.9,PayNow
BUG-20260602-0007,2,2026-06-02 18:01:04,Bugis,TOP-W-03,Women's Silky Satin Blouse,Tops,Women,39.9,39.9,False,1,39.9,Cash
PUN-20260602-0614,1,2026-06-02 19:19:14,Punggol,SOK-M-03,Men's Airism Low-Cut Socks,Socks,Men,5.9,5.9,False,1,5.9,card
PUN-20260602-0092,2,2026-06-02 15:56:31,PUNGGOL,TOP-W-09,Women's Drape Sleeveless Top,Tops,Women,19.9,19.9,False,1,19.9,cash
ORC-20260602-0875,1,2026-06-02 21:32:19,Orchard Central,SOK-M-03,Men's Airism Low-Cut Socks,Socks,MEN,5.9,5.9,False,1,5.9,CARD
ORC-20260602-0810,2,2026-06-02 21:54:05,Orchard Central,BTM-M-02,Men's Slim Fit Chino Trousers,Bottoms,Men,29.9,29.9,False,1,29.9,card
BUG-20260602-0800,1,2026-06-02 22:26:06,Bugis,UND-W-03,Women's Cotton Blend Briefs,Underwear,Women,9.9,9.9,False,1,9.9,
PUN-20260602-0233,1,2026-06-02 20:30:47,Punggol,UND-W-03,Women's Cotton Blend Briefs,Underwear,Women,9.9,9.9,False,1,9.9,Card
BUG-20260602-0725,1,2026-06-02 16:49:47,Bugis,TOP-W-01,Women's Airism Cotton Crew Neck T-Shirt,Tops,Women,14.9,14.9,False,1,14.9,Card
BUG-20260602-0536,2,2026-06-02 19:16:22,Bugis,SOK-W-04,Women's Ribbed Crew Socks,socks,Women,$5.9,5.9,False,1,5.9,Cash
ORC-20260602-0813,1,2026-06-02 18:24:11,Orchard Central,TOP-W-01,Women's Airism Cotton Crew Neck T-Shirt,Tops,Women,14.9,14.9,False,1,14.9,PayNow
ORC-20260602-0196,1,2026-06-02 12:43:57,Orchard Central,TOP-W-04,Women's Heattech Crew Neck Long Sleeve Tee,Tops,Women,14.9,14.9,False,1,14.9,Card
BUG-20260602-0264,1,2026-06-02 14:00:50,bugis,UND-M-10,Men's Cotton Blend Briefs,Underwear,Men,9.9,9.9,False,1,9.9,Card
ORC-20260602-0688,2,2026-06-02 21:35:12,Orchard Central,TOP-M-05,  Men's Heattech Crew Neck Long Sleeve Tee  ,Tops,Men,11.62,14.9,True,1,11.62,Card
PUN-20260602-0563,3,2026-06-02 22:33:07,Punggol,UND-W-01,Women's Airism Bikini Shorts,Underwear,Women,9.9,9.9,False,1,9.9,Card
PUN-20260602-0649,2,2026-06-02 12:45:24,Punggol,TOP-W-04,Women's Heattech Crew Neck Long Sleeve Tee,Tops,Women,14.9,14.9,False,1,14.9,PayNow
ORC-20260602-0338,1,2026-06-02 16:03:20,Orchard Central,TOP-W-02,Women's Ribbed Long Sleeve Turtleneck,Tops,Women,19.9,19.9,False,1,19.9,Card
PUN-20260602-0604,2,2026-06-02 20:46:20,Punggol,SOK-M-02,Men's Pile Crew Socks,Socks,Men,5.9,5.9,False,1,5.9,Card
BUG-20260602-0802,2,2026-06-02 16:08:26,Bugis,SOK-M-02,  Men's Pile Crew Socks  ,SOCKS,Men,5.9,5.9,False,1,5.9,cash
PUN-20260602-0257,2,2026-06-02 11:36:55,Punggol,SOK-M-04,Men's Ribbed Crew Socks,Socks,Men,5.9,5.9,False,1,5.9,Card
BUG-20260602-0676,2,2026-06-02 20:23:19,Bugis,TOP-W-01,Women's Airism Cotton Crew Neck T-Shirt,Tops,women,14.9,14.9,False,1,14.9,Card
BUG-20260602-0437,1,2026-06-02 19:39:09,Bugis,SOK-W-04,Women's Ribbed Crew Socks,Socks,Women,5.9,5.9,False,1,5.9,NETS
BUG-20260602-0032,1,2026-06-02 21:59:44,Bugis,SOK-M-04,Men's Ribbed Crew Socks,Socks,Men,5.9,5.9,False,1,5.9,Cash
BUG-20260602-0424,1,2026-06-02 16:16:24,Bugis,BTM-M-03,Men's Selvedge Regular Fit Jeans,Bottoms,Men,59.9,59.9,False,1,59.9,PayNow
ORC-20260602-0094,1,2026-06-02 15:20:37,Orchard Central,SOK-W-02,Women's Pile Crew Socks,Socks,Women,5.9,5.9,False,1,5.9,
ORC-20260602-0659,2,2026-06-02 20:04:52,Orchard Central,UND-M-04,  Men's Cotton Crew Neck Undershirt  ,Underwear,Men,14.9,14.9,False,1,14.9,
ORC-20260602-0553,1,2026-06-02 19:03:44,Orchard Central,TOP-W-02,Women's Ribbed Long Sleeve Turtleneck,Tops,Women,19.9,19.9,False,1,19.9,PayNow
ORC-20260602-0478,2,2026-06-02 18:40:36,  Orchard Central  ,SOK-M-10,Men's Wool Blend Socks,Socks,men,9.9,9.9,False,1,9.9,Card
ORC-20260602-1007,2,2026-06-02 12:40:09,Orchard Central,BTM-W-01,Women's Ultra Stretch Skinny Jeans,Bottoms,Women,39.9,39.9,False,1,39.9,Cash
PUN-20260602-0651,1,2026-06-02 17:25:50,Punggol,SOK-W-02,Women's Pile Crew Socks,Socks,WOMEN,5.9,5.9,False,1,5.9,Card
ORC-20260602-0414,1,2026-06-02 13:06:43,Orchard Central,SOK-W-06,Women's Heattech Socks,Socks,Women,9.9,9.9,False,1,9.9,Card
ORC-20260602-0289,2,2026-06-02 20:45:57,Orchard Central,UND-W-01,Women's Airism Bikini Shorts,Underwear,Women,9.9,9.9,False,1,9.9,CARD
BUG-20260602-0508,1,2026-06-02 20:37:14,Bugis,TOP-W-10,Women's Ultra Light Down Vest,Tops,Women,59.9,59.9,False,1,59.9,NETS
ORC-20260602-0562,2,2026-06-02 15:32:42,Orchard Central,TOP-W-02,Women's Ribbed Long Sleeve Turtleneck,Tops,Women,19.9,19.9,False,1,19.9,PayNow
ORC-20260602-1061,2,2026-06-02 17:39:45,Orchard Central,UND-W-02,Women's Wireless Bra,Underwear,Women,29.9,29.9,False,1,29.9,Card
PUN-20260602-0670,1,2026-06-02 16:32:56,Punggol,SOK-M-02,Men's Pile Crew Socks,Socks,Men,5.9,5.9,False,1,5.9,Cash
PUN-20260602-0442,1,2026-06-02 16:46:06,PUNGGOL,SOK-W-04,Women's Ribbed Crew Socks,Socks,Women,5.9,5.9,False,1,5.9,Card
PUN-20260602-0262,3,2026-06-02 20:51:16,Punggol,UND-W-03,Women's Cotton Blend Briefs,Underwear,Women,9.9,9.9,False,1,9.9,Cash
BUG-20260602-0663,3,2026-06-02 17:53:58,Bugis,SOK-M-02,Men's Pile Crew Socks,Socks,Men,5.9,5.9,False,1,5.9,Card
PUN-20260602-0662,1,2026-06-02 21:18:40,Punggol,SOK-W-03,Women's Airism Low-Cut Socks,Socks,Women,5.9,5.9,False,1,5.9,Card
BUG-20260602-0026,2,2026-06-02 20:37:24,Bugis,SOK-W-01,Women's Ankle Socks 3-Pack,Socks,Women,14.9,14.9,False,1,14.9,PayNow
ORC-20260602-0444,3,2026-06-02 21:08:09,Orchard Central,SOK-W-02,Women's Pile Crew Socks,Socks,Women,5.9,5.9,False,1,5.9,Card
BUG-20260602-0081,1,2026-06-02 20:53:51,  Bugis  ,TOP-M-01,Men's Airism Cotton Crew Neck T-Shirt,Tops,men,14.9,14.9,False,1,14.9,PayNow
ORC-20260602-0345,1,2026-06-02 19:35:11,Orchard Central,SOK-W-01,Women's Ankle Socks 3-Pack,Socks,Women,14.9,14.9,False,1,14.9,Cash
ORC-20260602-0270,1,2026-06-02 22:38:25,ORCHARD CENTRAL,TOP-W-03,Women's Silky Satin Blouse,Tops,Women,$39.9,39.9,False,1,39.9,Card
BUG-20260602-0379,1,2026-06-02 18:35:20,Bugis,SOK-M-02,Men's Pile Crew Socks,Socks,Men,5.9,5.9,False,1,5.9,Card
BUG-20260602-0429,2,2026-06-02 20:47:48,Bugis,SOK-W-03,Women's Airism Low-Cut Socks,Socks,Women,5.9,5.9,False,1,5.9,card
BUG-20260602-0567,1,2026-06-02 19:59:32,  Bugis  ,UND-W-03,Women's Cotton Blend Briefs,Underwear,Women,9.9,9.9,False,1,9.9,Cash
BUG-20260602-0304,1,2026-06-02 22:17:55,Bugis,UND-W-02,Women's Wireless Bra,Underwear,Women,29.9,29.9,False,1,29.9,NETS
PUN-20260602-0146,2,2026-06-02 18:02:09,Punggol,UND-M-01,Men's Airism Boxer Briefs,Underwear,Men,14.9,14.9,False,2,29.8,card
ORC-20260602-0795,3,2026-06-02 21:36:38,Orchard Central,BTM-W-03,Women's Ezy Ankle Pants,Bottoms,Women,29.9,29.9,False,1,29.9,Card
PUN-20260602-0116,1,2026-06-02 20:19:43,Punggol,SOK-M-02,Men's Pile Crew Socks,Socks,MEN,5.9,5.9,False,1,5.9,Card
BUG-20260602-0723,2,2026-06-02 13:05:04,Bugis,SOK-M-03,Men's Airism Low-Cut Socks,Socks,MEN,5.9,5.9,False,2,11.8,Card
ORC-20260602-0548,1,2026-06-02 19:03:34,ORCHARD CENTRAL,SOK-M-09,Men's No-Show Sneaker Socks,Socks,Men,4.11,5.9,True,1,4.11,PayNow
ORC-20260602-0491,1,2026-06-02 14:31:10,  Orchard Central  ,UND-W-04,Women's Airism T-Shirt Bra,UNDERWEAR,WOMEN,29.9,29.9,False,1,29.9,nets
PUN-20260602-0295,2,2026-06-02 16:03:17,punggol,SOK-M-04,Men's Ribbed Crew Socks,Socks,Men,5.9,5.9,False,1,5.9,card
ORC-20260602-0483,1,2026-06-02 13:28:07,orchard central,SOK-M-02,  Men's Pile Crew Socks  ,Socks,Men,5.9,5.9,False,2,11.8,Card
ORC-20260602-0954,3,2026-06-02 22:19:51,Orchard Central,UND-W-01,Women's Airism Bikini Shorts,Underwear,women,9.9,9.9,False,1,9.9,paynow
BUG-20260602-0729,2,2026-06-02 20:48:35,  Bugis  ,SOK-M-02,  Men's Pile Crew Socks  ,Socks,Men,5.9,5.9,False,1,5.9,NETS
BUG-20260602-0315,1,2026-06-02 19:58:33,Bugis,TOP-M-04,Men's Oxford Long Sleeve Shirt,Tops,Men,29.9,29.9,False,1,29.9,PayNow
BUG-20260602-0150,3,2026-06-02 14:31:36,Bugis,BTM-W-02,Women's High-Rise Wide Leg Pants,Bottoms,Women,39.9,39.9,False,1,39.9,card
PUN-20260602-0222,1,2026-06-02 20:28:18,Punggol,TOP-W-02,Women's Ribbed Long Sleeve Turtleneck,Tops,Women,19.9,19.9,False,1,19.9,Cash
BUG-20260602-0205,1,2026-06-02 16:38:11,Bugis,SOK-M-03,Men's Airism Low-Cut Socks,Socks,Men,5.9,5.9,False,1,5.9,PayNow
PUN-20260602-0152,1,2026-06-02 22:22:21,Punggol,SOK-M-04,  Men's Ribbed Crew Socks  ,Socks,Men,5.9,5.9,False,1,$5.9,Card
ORC-20260602-0166,2,2026-06-02 15:33:18,Orchard Central,SOK-M-04,Men's Ribbed Crew Socks,SOCKS,men,5.9,5.9,False,1,5.9,NETS
PUN-20260602-0534,1,2026-06-02 20:46:10,Punggol,UND-W-03,Women's Cotton Blend Briefs,Underwear,Women,9.9,9.9,False,1,9.9,CARD
ORC-20260602-0264,2,2026-06-02 12:12:36,Orchard Central,SOK-W-03,Women's Airism Low-Cut Socks,SOCKS,Women,5.9,5.9,False,1,5.9,Card
BUG-20260602-0348,3,2026-06-02 21:27:13,Bugis,BTM-M-01,  Men's Ezy Ankle Pants  ,bottoms,Men,29.9,29.9,False,1,29.9,PayNow
PUN-20260602-0644,1,2026-06-02 20:01:10,Punggol,SOK-M-01,Men's Ankle Socks 3-Pack,Socks,Men,14.9,14.9,False,1,14.9,Card
ORC-20260602-0871,1,2026-06-02 11:51:14,  orchard central  ,SOK-M-10,Men's Wool Blend Socks,Socks,MEN,9.9,9.9,False,1,9.9,Cash
PUN-20260602-0238,2,2026-06-02 14:43:28,Punggol,TOP-M-02,Men's Supima Cotton Polo Shirt,Tops,Men,29.9,29.9,False,1,29.9,NETS
BUG-20260602-0280,1,2026-06-02 20:03:20,Bugis,SOK-W-04,  Women's Ribbed Crew Socks  ,Socks,Women,5.9,5.9,False,1,5.9,NETS
PUN-20260602-0415,2,2026-06-02 12:54:07,Punggol,SOK-W-03,Women's Airism Low-Cut Socks,Socks,Women,5.9,5.9,False,1,$5.9,PAYNOW
PUN-20260602-0192,1,2026-06-02 12:53:03,Punggol,UND-M-03,Men's Airism Mesh Boxer Briefs,Underwear,men,14.9,14.9,False,1,14.9,Card
ORC-20260602-0769,3,2026-06-02 21:49:50,  Orchard Central  ,SOK-M-01,Men's Ankle Socks 3-Pack,Socks,Men,14.9,14.9,False,1,14.9,card
BUG-20260602-0141,1,2026-06-02 19:08:20,Bugis,UND-M-02,Men's Cotton Blend Trunks,Underwear,Men,14.9,14.9,False,1,14.9,Paynow
ORC-20260602-0585,3,2026-06-02 17:26:20,Orchard Central,SOK-M-01,Men's Ankle Socks 3-Pack,Socks,Men,14.9,14.9,False,1,14.9,Cash
ORC-20260602-0247,2,2026-06-02 12:02:28,Orchard Central,SOK-W-03,Women's Airism Low-Cut Socks,Socks,Women,5.9,5.9,False,1,5.9,Card
BUG-20260602-0435,2,2026-06-02 17:11:18,Bugis,SOK-W-02,Women's Pile Crew Socks,Socks,Women,5.9,5.9,False,2,11.8,PayNow
ORC-20260602-0823,2,2026-06-02 20:15:29,Orchard Central,UND-W-03,  Women's Cotton Blend Briefs  ,underwear,Women,9.9,9.9,False,1,9.9,CASH
PUN-20260602-0585,1,2026-06-02 19:47:29,Punggol,UND-W-01,  Women's Airism Bikini Shorts  ,Underwear,Women,9.9,9.9,False,1,9.9,PayNow
ORC-20260602-0365,2,2026-06-02 11:50:40,ORCHARD CENTRAL,UND-M-01,Men's Airism Boxer Briefs,Underwear,Men,14.9,14.9,False,1,14.9,Cash
PUN-20260602-0541,2,2026-06-02 12:36:10,Punggol,SOK-W-06,Women's Heattech Socks,Socks,WOMEN,9.9,9.9,False,1,9.9,PayNow
PUN-20260602-0513,3,2026-06-02 19:31:05,Punggol,TOP-W-02,  Women's Ribbed Long Sleeve Turtleneck  ,Tops,Women,19.9,19.9,False,1,19.9,Card
BUG-20260602-0283,2,2026-06-02 19:46:11,bugis,UND-W-01,Women's Airism Bikini Shorts,Underwear,Women,9.9,9.9,False,1,9.9,NETS
ORC-20260602-0621,1,2026-06-02 20:08:04,Orchard Central,TOP-M-03,Men's Dry-EX Crew Neck T-Shirt,Tops,Men,19.9,19.9,False,1,19.9,NETS
PUN-20260602-0227,3,2026-06-02 12:57:07,Punggol,TOP-M-03,Men's Dry-EX Crew Neck T-Shirt,Tops,Men,19.9,19.9,False,1,19.9,Card
ORC-20260602-1080,1,2026-06-02 19:59:12,orchard central,TOP-M-04,Men's Oxford Long Sleeve Shirt,TOPS,MEN,29.9,29.9,False,1,29.9,Card
PUN-20260602-0513,2,2026-06-02 19:31:05,Punggol,UND-W-03,Women's Cotton Blend Briefs,Underwear,WOMEN,9.9,9.9,False,1,9.9,Card
ORC-20260602-0019,2,2026-06-02 17:39:48,Orchard Central,UND-W-01,Women's Airism Bikini Shorts,Underwear,Women,9.9,9.9,False,1,9.9,card
ORC-20260602-0620,2,2026-06-02 21:29:42,Orchard Central,SOK-W-04,  Women's Ribbed Crew Socks  ,Socks,Women,5.9,5.9,False,1,5.9,Card
ORC-20260602-0924,2,2026-06-02 16:16:50,Orchard Central,SOK-M-04,Men's Ribbed Crew Socks,Socks,Men,5.9,5.9,False,1,5.9,Card
PUN-20260602-0073,1,2026-06-02 21:07:03,punggol,SOK-M-03,Men's Airism Low-Cut Socks,Socks,Men,5.9,5.9,False,1,5.9,NETS
BUG-20260602-0494,1,2026-06-02 16:05:19,Bugis,TOP-M-01,  Men's Airism Cotton Crew Neck T-Shirt  ,Tops,Men,14.9,14.9,False,1,14.9,
ORC-20260602-1098,2,2026-06-02 19:56:52,ORCHARD CENTRAL,SOK-W-02,Women's Pile Crew Socks,Socks,Women,5.9,5.9,False,2,11.8,PAYNOW
BUG-20260602-0263,2,2026-06-02 20:25:35,  Bugis  ,SOK-M-04,Men's Ribbed Crew Socks,Socks,Men,5.9,5.9,False,1,5.9,Card
PUN-20260602-0363,2,2026-06-02 20:31:32,Punggol,TOP-W-02,Women's Ribbed Long Sleeve Turtleneck,Tops,Women,19.9,19.9,False,1,19.9,PayNow
ORC-20260602-0155,1,2026-06-02 16:08:04,Orchard Central,SOK-W-04,Women's Ribbed Crew Socks,Socks,Women,5.9,5.9,False,2,11.8,Cash
BUG-20260602-0680,2,2026-06-02 19:22:34,  Bugis  ,SOK-W-04,Women's Ribbed Crew Socks,socks,Women,5.9,5.9,False,1,5.9,Card
ORC-20260602-0570,1,2026-06-02 20:38:54,ORCHARD CENTRAL,UND-W-01,,Underwear,Women,9.9,9.9,False,2,19.8,
BUG-20260602-0196,3,2026-06-02 20:40:58,Bugis,BTM-M-04,  Men's Dry Stretch Shorts  ,Bottoms,Men,19.9,19.9,False,1,19.9,Cash
BUG-20260602-0678,3,2026-06-02 19:52:03,  Bugis  ,SOK-W-02,Women's Pile Crew Socks,Socks,Women,5.9,5.9,False,1,5.9,NETS
ORC-20260602-0749,2,2026-06-02 15:28:05,Orchard Central,SOK-W-04,Women's Ribbed Crew Socks,socks,Women,5.9,5.9,False,1,5.9,Cash
ORC-20260602-1058,1,2026-06-02 21:25:23,Orchard Central,BTM-W-04,  Women's Denim Straight Jeans  ,Bottoms,Women,49.9,49.9,False,1,49.9,Card
ORC-20260602-1084,2,2026-06-02 21:44:56,orchard central,SOK-W-04,Women's Ribbed Crew Socks,Socks,Women,5.9,5.9,False,1,5.9,Card
PUN-20260602-0408,2,2026-06-02 20:57:03,Punggol,SOK-M-03,Men's Airism Low-Cut Socks,SOCKS,Men,5.9,5.9,False,1,5.9,CASH
BUG-20260602-0223,2,2026-06-02 17:53:40,Bugis,SOK-W-02,Women's Pile Crew Socks,SOCKS,Women,5.9,5.9,False,1,5.9,PayNow
ORC-20260602-0711,1,2026-06-02 19:00:46,orchard central,SOK-W-03,Women's Airism Low-Cut Socks,Socks,Women,5.9,5.9,False,2,$11.8,NETS
PUN-20260602-0190,2,2026-06-02 18:09:36,  punggol  ,SOK-M-04,Men's Ribbed Crew Socks,Socks,Men,5.9,5.9,False,1,5.9,card
PUN-20260602-0687,2,2026-06-02 12:20:26,Punggol,TOP-W-03,Women's Silky Satin Blouse,Tops,Women,39.9,39.9,False,1,39.9,Cash
ORC-20260602-0836,2,2026-06-02 12:44:37,orchard central,TOP-M-01,Men's Airism Cotton Crew Neck T-Shirt,tops,Men,14.9,14.9,False,1,14.9,Cash
PUN-20260602-0626,2,2026-06-02 20:33:12,Punggol,SOK-W-02,Women's Pile Crew Socks,Socks,Women,5.9,5.9,False,1,5.9,PayNow
PUN-20260602-0380,1,2026-06-02 21:10:47,Punggol,TOP-W-02,Women's Ribbed Long Sleeve Turtleneck,tops,Women,19.9,19.9,False,1,19.9,cash
BUG-20260602-0169,3,2026-06-02 11:23:15,Bugis,SOK-W-03,Women's Airism Low-Cut Socks,Socks,Women,5.9,5.9,False,1,5.9,card
BUG-20260602-0742,2,2026-06-02 14:17:48,Bugis,UND-W-10,Women's Wireless Bralette,Underwear,Women,29.9,29.9,False,1,29.9,Card
ORC-20260602-1086,3,2026-06-02 12:51:26,ORCHARD CENTRAL,SOK-M-02,Men's Pile Crew Socks,Socks,MEN,5.9,5.9,False,1,5.9,Cash
BUG-20260602-0611,1,2026-06-02 17:35:56,Bugis,UND-W-03,Women's Cotton Blend Briefs,Underwear,Women,9.9,9.9,False,1,9.9,Card
PUN-20260602-0515,1,2026-06-02 14:54:47,Punggol,TOP-W-01,Women's Airism Cotton Crew Neck T-Shirt,Tops,Women,14.9,14.9,False,1,14.9,CARD
BUG-20260602-0745,3,2026-06-02 16:20:26,Bugis,SOK-M-04,Men's Ribbed Crew Socks,Socks,Men,5.9,5.9,False,2,11.8,Card
BUG-20260602-0544,3,2026-06-02 20:35:52,BUGIS,BTM-W-05,Women's Pleated Midi Skirt,Bottoms,women,29.9,29.9,False,1,29.9,Card
ORC-20260602-1105,1,2026-06-02 20:17:43,Orchard Central,SOK-W-03,Women's Airism Low-Cut Socks,Socks,Women,5.9,5.9,False,1,5.9,Card
ORC-20260602-0965,1,2026-06-02 14:27:06,orchard central,UND-M-06,Men's Airism Sleeveless Undershirt,Underwear,Men,9.9,9.9,False,1,9.9,Cash
ORC-20260602-1015,1,2026-06-02 14:34:17,Orchard Central,SOK-M-04,Men's Ribbed Crew Socks,Socks,Men,5.9,5.9,False,1,5.9,PayNow
ORC-20260602-0332,2,2026-06-02 15:24:54,Orchard Central,SOK-W-01,Women's Ankle Socks 3-Pack,Socks,Women,14.9,14.9,False,2,29.8,Card
ORC-20260602-0234,1,2026-06-02 19:10:20,orchard central,UND-W-09,Women's Cotton Boyshorts,Underwear,Women,9.9,9.9,False,1,9.9,NETS
BUG-20260602-0665,1,2026-06-02 22:23:31,Bugis,UND-M-02,Men's Cotton Blend Trunks,Underwear,Men,14.9,14.9,False,1,14.9,Card
BUG-20260602-0049,1,2026-06-02 12:44:24,BUGIS,SOK-M-03,Men's Airism Low-Cut Socks,Socks,Men,5.9,5.9,False,1,5.9,Card
BUG-20260602-0171,1,2026-06-02 16:42:26,Bugis,UND-M-04,Men's Cotton Crew Neck Undershirt,Underwear,Men,14.9,14.9,False,1,14.9,nets
ORC-20260602-0757,3,2026-06-02 22:01:00,Orchard Central,UND-M-03,Men's Airism Mesh Boxer Briefs,Underwear,Men,14.9,14.9,False,1,14.9,NETS
PUN-20260602-0209,2,2026-06-02 21:33:17,Punggol,UND-M-08,  Men's Airism V-Neck Undershirt  ,Underwear,Men,9.9,9.9,False,1,9.9,PayNow
ORC-20260602-0654,1,2026-06-02 20:03:08,Orchard Central,SOK-W-01,Women's Ankle Socks 3-Pack,Socks,Women,14.9,14.9,False,1,14.9,Card
BUG-20260602-0816,2,2026-06-02 21:16:54,Bugis,SOK-W-02,Women's Pile Crew Socks,Socks,Women,5.9,5.9,False,1,5.9,NETS
ORC-20260602-0843,1,2026-06-02 20:25:06,Orchard Central,UND-M-01,Men's Airism Boxer Briefs,Underwear,Men,14.9,14.9,False,2,29.8,PayNow
BUG-20260602-0083,2,2026-06-02 13:16:28,Bugis,UND-W-04,  Women's Airism T-Shirt Bra  ,Underwear,Women,29.9,29.9,False,2,59.8,Card
ORC-20260602-0544,1,2026-06-02 20:21:49,Orchard Central,SOK-W-03,Women's Airism Low-Cut Socks,SOCKS,WOMEN,5.9,5.9,False,2,11.8,Card
PUN-20260602-0283,1,2026-06-02 19:39:18,Punggol,BTM-W-01,Women's Ultra Stretch Skinny Jeans,Bottoms,women,39.9,39.9,False,1,39.9,NETS
BUG-20260602-0793,1,2026-06-02 22:30:27,Bugis,TOP-W-04,Women's Heattech Crew Neck Long Sleeve Tee,Tops,Women,14.9,14.9,False,1,14.9,Cash
ORC-20260602-0542,2,2026-06-02 12:54:49,Orchard Central,UND-M-01,Men's Airism Boxer Briefs,UNDERWEAR,Men,14.9,14.9,False,1,14.9,Card
PUN-20260602-0064,1,2026-06-02 18:08:53,Punggol,TOP-M-04,Men's Oxford Long Sleeve Shirt,Tops,Men,29.9,29.9,False,1,29.9,Card
BUG-20260602-0539,1,2026-06-02 21:11:17,Bugis,UND-M-02,Men's Cotton Blend Trunks,Underwear,Men,14.9,14.9,False,1,$14.9,Card
BUG-20260602-0321,1,2026-06-02 20:13:06,Bugis,SOK-W-02,Women's Pile Crew Socks,Socks,Women,5.9,5.9,False,1,5.9,Card
BUG-20260602-0091,2,2026-06-02 19:10:10,Bugis,SOK-W-04,Women's Ribbed Crew Socks,Socks,Women,5.9,5.9,False,1,5.9,PayNow
ORC-20260602-0645,3,2026-06-02 22:52:06,Orchard Central,SOK-M-09,Men's No-Show Sneaker Socks,Socks,Men,4.11,5.9,True,1,4.11,Card
BUG-20260602-0185,2,2026-06-02 12:56:38,Bugis,UND-M-04,Men's Cotton Crew Neck Undershirt,Underwear,Men,14.9,14.9,False,1,14.9,PayNow
BUG-20260602-0694,3,2026-06-02 18:27:44,  Bugis  ,BTM-W-01,Women's Ultra Stretch Skinny Jeans,Bottoms,Women,39.9,39.9,False,1,39.9,Card
ORC-20260602-0507,3,2026-06-02 21:00:21,Orchard Central,SOK-M-02,Men's Pile Crew Socks,SOCKS,Men,5.9,5.9,False,1,5.9,Card
ORC-20260602-0519,1,2026-06-02 18:06:49,Orchard Central,TOP-M-04,  Men's Oxford Long Sleeve Shirt  ,Tops,Men,29.9,29.9,False,1,29.9,NETS
BUG-20260602-0639,1,2026-06-02 17:40:55,Bugis,TOP-W-01,  Women's Airism Cotton Crew Neck T-Shirt  ,Tops,Women,14.9,14.9,False,1,14.9,NETS
PUN-20260602-0406,2,2026-06-02 20:23:03,Punggol,UND-M-04,Men's Cotton Crew Neck Undershirt,Underwear,Men,14.9,14.9,False,1,14.9,PayNow
BUG-20260602-0515,1,2026-06-02 18:20:07,Bugis,SOK-W-01,Women's Ankle Socks 3-Pack,Socks,Women,14.9,14.9,False,1,14.9,Cash
ORC-20260602-0240,2,2026-06-02 20:47:34,Orchard Central,SOK-M-01,Men's Ankle Socks 3-Pack,Socks,Men,14.9,14.9,False,1,14.9,Card
PUN-20260602-0387,2,2026-06-02 21:21:15,Punggol,SOK-W-04,Women's Ribbed Crew Socks,Socks,Women,5.9,5.9,False,1,$5.9,Cash
BUG-20260602-0649,3,2026-06-02 20:53:31,Bugis,SOK-M-04,Men's Ribbed Crew Socks,Socks,Men,5.9,5.9,False,2,11.8,Card
ORC-20260602-0629,2,2026-06-02 19:59:30,ORCHARD CENTRAL,TOP-M-01,Men's Airism Cotton Crew Neck T-Shirt,Tops,Men,14.9,14.9,False,1,14.9,Cash
PUN-20260602-0654,2,2026-06-02 12:04:53,Punggol,SOK-W-01,Women's Ankle Socks 3-Pack,socks,Women,14.9,14.9,False,2,29.8,Card
ORC-20260602-0075,2,2026-06-02 15:42:41,Orchard Central,SOK-M-09,Men's No-Show Sneaker Socks,Socks,Men,4.11,5.9,True,2,8.22,NETS
BUG-20260602-0436,2,2026-06-02 13:34:02,  Bugis  ,BTM-W-10,Women's High Waist Denim Shorts,Bottoms,Women,29.9,29.9,False,1,29.9,NETS
ORC-20260602-0722,1,2026-06-02 13:04:15,Orchard Central,UND-W-02,Women's Wireless Bra,Underwear,Women,29.9,29.9,False,1,29.9,PAYNOW
ORC-20260602-0106,1,2026-06-02 22:51:07,Orchard Central,TOP-W-01,Women's Airism Cotton Crew Neck T-Shirt,Tops,Women,14.9,14.9,False,1,14.9,Cash
PUN-20260602-0025,1,2026-06-02 11:51:36,Punggol,SOK-M-03,Men's Airism Low-Cut Socks,SOCKS,Men,5.9,5.9,False,1,5.9,Card
BUG-20260602-0748,2,2026-06-02 15:44:04,Bugis,BTM-M-08,Men's Relaxed Fit Denim Shorts,Bottoms,Men,22.99,29.9,True,1,22.99,PayNow
ORC-20260602-0534,1,2026-06-02 21:16:52,Orchard Central,TOP-M-03,Men's Dry-EX Crew Neck T-Shirt,Tops,Men,19.9,19.9,False,1,19.9,PayNow
PUN-20260602-0121,1,2026-06-02 21:10:59,Punggol,TOP-M-04,Men's Oxford Long Sleeve Shirt,Tops,MEN,29.9,29.9,False,1,29.9,Card
ORC-20260602-0463,1,2026-06-02 22:37:12,Orchard Central,UND-W-03,Women's Cotton Blend Briefs,Underwear,Women,9.9,9.9,False,2,19.8,Card
BUG-20260602-0428,1,2026-06-02 22:07:41,Bugis,UND-M-04,Men's Cotton Crew Neck Undershirt,Underwear,men,14.9,14.9,False,1,14.9,
ORC-20260602-0591,2,2026-06-02 19:59:26,orchard central,SOK-M-03,Men's Airism Low-Cut Socks,Socks,Men,5.9,5.9,False,1,5.9,Paynow
BUG-20260602-0459,1,2026-06-02 17:26:12,  Bugis  ,TOP-M-01,Men's Airism Cotton Crew Neck T-Shirt,Tops,Men,14.9,14.9,False,1,14.9,Cash
BUG-20260602-0519,1,2026-06-02 20:05:30,bugis,UND-W-03,Women's Cotton Blend Briefs,Underwear,Women,9.9,9.9,False,1,9.9,Card
PUN-20260602-0045,1,2026-06-02 13:44:58,Punggol,UND-W-01,Women's Airism Bikini Shorts,Underwear,Women,9.9,9.9,False,1,9.9,Card
ORC-20260602-0044,1,2026-06-02 21:30:00,Orchard Central,SOK-M-04,Men's Ribbed Crew Socks,Socks,men,5.9,5.9,False,1,5.9,PayNow
PUN-20260602-0217,1,2026-06-02 17:02:31,Punggol,SOK-W-02,Women's Pile Crew Socks,Socks,Women,5.9,5.9,False,1,5.9,Card
BUG-20260602-0164,1,2026-06-02 21:10:44,Bugis,SOK-W-03,Women's Airism Low-Cut Socks,Socks,Women,5.9,5.9,False,1,5.9,Cash
BUG-20260602-0513,1,2026-06-02 20:57:04,Bugis,UND-W-03,Women's Cotton Blend Briefs,Underwear,Women,9.9,9.9,False,1,9.9,CARD
ORC-20260602-0759,2,2026-06-02 14:29:28,Orchard Central,SOK-W-02,Women's Pile Crew Socks,Socks,WOMEN,5.9,5.9,False,1,5.9,Card
ORC-20260602-0656,2,2026-06-02 17:52:16,Orchard Central,SOK-M-04,Men's Ribbed Crew Socks,Socks,Men,5.9,5.9,False,1,5.9,
PUN-20260602-0437,1,2026-06-02 16:25:25,punggol,SOK-M-03,Men's Airism Low-Cut Socks,Socks,Men,5.9,5.9,False,1,5.9,PayNow
PUN-20260602-0506,3,2026-06-02 16:33:39,Punggol,SOK-W-02,Women's Pile Crew Socks,Socks,Women,5.9,5.9,False,1,5.9,PayNow
ORC-20260602-0554,1,2026-06-02 21:55:22,Orchard Central,SOK-M-02,Men's Pile Crew Socks,Socks,Men,5.9,5.9,False,1,5.9,Card
BUG-20260602-0560,1,2026-06-02 14:00:20,Bugis,SOK-M-02,Men's Pile Crew Socks,Socks,Men,5.9,5.9,False,1,5.9,Cash
PUN-20260602-0257,1,2026-06-02 11:36:55,Punggol,SOK-W-03,Women's Airism Low-Cut Socks,Socks,Women,5.9,5.9,False,1,5.9,Card
BUG-20260602-0768,3,2026-06-02 19:01:18,Bugis,UND-W-03,Women's Cotton Blend Briefs,Underwear,Women,9.9,9.9,False,2,19.8,Card
BUG-20260602-0556,1,2026-06-02 14:11:20,Bugis,BTM-M-01,Men's Ezy Ankle Pants,Bottoms,Men,29.9,29.9,False,1,29.9,Card
PUN-20260602-0039,3,2026-06-02 14:18:39,  Punggol  ,SOK-W-06,Women's Heattech Socks,Socks,Women,9.9,9.9,False,1,9.9,PAYNOW
BUG-20260602-0754,2,2026-06-02 19:42:57,Bugis,TOP-W-02,Women's Ribbed Long Sleeve Turtleneck,Tops,Women,19.9,19.9,False,1,19.9,Card
PUN-20260602-0661,3,2026-06-02 14:00:13,Punggol,UND-M-06,Men's Airism Sleeveless Undershirt,underwear,Men,9.9,9.9,False,1,9.9,Cash
PUN-20260602-0280,1,2026-06-02 19:01:27,Punggol,UND-W-01,Women's Airism Bikini Shorts,Underwear,Women,9.9,9.9,False,1,9.9,
BUG-20260602-0634,2,2026-06-02 20:07:02,Bugis,SOK-M-04,Men's Ribbed Crew Socks,Socks,Men,5.9,5.9,False,1,5.9,PayNow
PUN-20260602-0224,1,2026-06-02 12:44:18,Punggol,TOP-W-04,Women's Heattech Crew Neck Long Sleeve Tee,Tops,Women,14.9,14.9,False,1,14.9,Card
ORC-20260602-0708,1,2026-06-02 18:10:53,orchard central,UND-W-03,Women's Cotton Blend Briefs,Underwear,Women,9.9,9.9,False,1,9.9,PayNow
BUG-20260602-0727,1,2026-06-02 21:19:01,Bugis,UND-W-03,Women's Cotton Blend Briefs,Underwear,WOMEN,9.9,9.9,False,1,9.9,Card
PUN-20260602-0590,2,2026-06-02 12:45:41,Punggol,UND-M-04,Men's Cotton Crew Neck Undershirt,Underwear,Men,14.9,14.9,False,2,29.8,card
ORC-20260602-0014,2,2026-06-02 20:11:48,Orchard Central,SOK-M-09,  Men's No-Show Sneaker Socks  ,Socks,MEN,4.11,5.9,True,2,8.22,NETS
BUG-20260602-0060,2,2026-06-02 19:30:32,Bugis,TOP-W-02,Women's Ribbed Long Sleeve Turtleneck,tops,WOMEN,19.9,19.9,False,1,19.9,Card
BUG-20260602-0751,3,2026-06-02 12:42:16,Bugis,TOP-W-01,Women's Airism Cotton Crew Neck T-Shirt,Tops,women,14.9,14.9,False,1,14.9,Card
BUG-20260602-0213,2,2026-06-02 12:33:30,Bugis,TOP-M-01,Men's Airism Cotton Crew Neck T-Shirt,tops,men,14.9,14.9,False,1,14.9,PayNow
ORC-20260602-0392,3,2026-06-02 12:42:10,ORCHARD CENTRAL,TOP-M-01,Men's Airism Cotton Crew Neck T-Shirt,TOPS,men,14.9,14.9,False,1,14.9,Card
ORC-20260602-0509,1,2026-06-02 16:03:43,Orchard Central,BTM-M-08,Men's Relaxed Fit Denim Shorts,Bottoms,Men,22.99,29.9,True,1,22.99,PayNow
ORC-20260602-0816,2,2026-06-02 19:05:48,Orchard Central,SOK-W-03,Women's Airism Low-Cut Socks,Socks,Women,5.9,5.9,False,2,11.8,NETS
BUG-20260602-0790,2,2026-06-02 18:18:35,Bugis,UND-W-01,Women's Airism Bikini Shorts,Underwear,Women,9.9,9.9,False,1,9.9,CASH
PUN-20260602-0513,1,2026-06-02 19:31:05,punggol,SOK-M-04,  Men's Ribbed Crew Socks  ,Socks,Men,5.9,5.9,False,1,5.9,
PUN-20260602-0138,1,2026-06-02 20:55:03,punggol,SOK-W-01,Women's Ankle Socks 3-Pack,Socks,Women,14.9,14.9,False,2,29.8,Card
BUG-20260602-0308,3,2026-06-02 13:22:08,  Bugis  ,SOK-W-01,Women's Ankle Socks 3-Pack,Socks,Women,14.9,14.9,False,1,14.9,Card
BUG-20260602-0247,1,2026-06-02 13:43:10,Bugis,SOK-M-04,Men's Ribbed Crew Socks,Socks,Men,5.9,5.9,False,1,5.9,Card
BUG-20260602-0487,2,2026-06-02 18:43:09,Bugis,UND-W-01,Women's Airism Bikini Shorts,Underwear,Women,9.9,9.9,False,1,9.9,Card
BUG-20260602-0189,1,2026-06-02 18:58:55,bugis,UND-W-01,Women's Airism Bikini Shorts,Underwear,Women,9.9,9.9,False,1,9.9,NETS
ORC-20260602-0924,1,2026-06-02 16:16:50,Orchard Central,TOP-M-02,Men's Supima Cotton Polo Shirt,Tops,Men,29.9,29.9,False,1,29.9,Card
ORC-20260602-0685,1,2026-06-02 19:33:16,Orchard Central,UND-M-04,Men's Cotton Crew Neck Undershirt,Underwear,Men,14.9,14.9,False,1,14.9,Card
ORC-20260602-0038,1,2026-06-02 11:06:26,Orchard Central,SOK-W-03,Women's Airism Low-Cut Socks,Socks,Women,5.9,5.9,False,1,5.9,NETS
BUG-20260602-0687,2,2026-06-02 22:57:27,Bugis,SOK-M-03,Men's Airism Low-Cut Socks,Socks,Men,5.9,5.9,False,1,5.9,Card
BUG-20260602-0196,1,2026-06-02 20:40:58,Bugis,SOK-M-03,Men's Airism Low-Cut Socks,Socks,Men,5.9,5.9,False,2,11.8,Cash
PUN-20260602-0283,2,2026-06-02 19:39:18,punggol,UND-W-03,Women's Cotton Blend Briefs,Underwear,Women,9.9,9.9,False,1,9.9,NETS
ORC-20260602-0614,2,2026-06-02 22:07:56,Orchard Central,SOK-M-04,Men's Ribbed Crew Socks,Socks,Men,5.9,5.9,False,1,5.9,PayNow
BUG-20260602-0446,1,2026-06-02 18:29:21,Bugis,TOP-M-01,Men's Airism Cotton Crew Neck T-Shirt,Tops,MEN,14.9,14.9,False,1,14.9,Card
PUN-20260602-0139,1,2026-06-02 21:37:07,  Punggol  ,SOK-M-04,Men's Ribbed Crew Socks,Socks,Men,5.9,5.9,False,1,$5.9,Card
BUG-20260602-0162,3,2026-06-02 18:22:34,Bugis,UND-M-02,Men's Cotton Blend Trunks,Underwear,Men,14.9,14.9,False,2,29.8,PayNow
BUG-20260602-0509,2,2026-06-02 18:21:22,Bugis,UND-M-01,Men's Airism Boxer Briefs,Underwear,Men,14.9,14.9,False,1,14.9,NETS
ORC-20260602-1083,3,2026-06-02 13:41:05,Orchard Central,UND-W-07,Women's Heattech Camisole,Underwear,WOMEN,14.9,14.9,False,1,14.9,PayNow
ORC-20260602-0215,1,2026-06-02 16:31:02,Orchard Central,SOK-M-09,  Men's No-Show Sneaker Socks  ,Socks,Men,4.11,5.9,True,1,4.11,CARD
BUG-20260602-0667,1,2026-06-02 20:13:56,Bugis,SOK-W-01,Women's Ankle Socks 3-Pack,Socks,Women,14.9,14.9,False,1,14.9,CARD
BUG-20260602-0528,3,2026-06-02 13:07:54,Bugis,BTM-W-03,  Women's Ezy Ankle Pants  ,Bottoms,women,29.9,29.9,False,1,29.9,Card
ORC-20260602-0187,3,2026-06-02 19:57:13,Orchard Central,SOK-M-09,Men's No-Show Sneaker Socks,socks,Men,4.11,5.9,True,1,4.11,Card
PUN-20260602-0479,1,2026-06-02 13:24:41,punggol,SOK-W-03,Women's Airism Low-Cut Socks,Socks,Women,5.9,5.9,False,1,5.9,Card
BUG-20260602-0250,1,2026-06-02 18:34:07,Bugis,UND-M-01,Men's Airism Boxer Briefs,Underwear,Men,14.9,14.9,False,1,14.9,Card
ORC-20260602-0080,1,2026-06-02 16:30:59,Orchard Central,UND-W-03,Women's Cotton Blend Briefs,Underwear,Women,9.9,9.9,False,1,9.9,nets
PUN-20260602-0619,3,2026-06-02 16:31:00,Punggol,SOK-W-01,Women's Ankle Socks 3-Pack,Socks,Women,14.9,14.9,False,1,14.9,Card
PUN-20260602-0090,1,2026-06-02 21:16:27,Punggol,SOK-W-03,Women's Airism Low-Cut Socks,Socks,Women,5.9,5.9,False,1,5.9,Card
PUN-20260602-0106,3,2026-06-02 19:36:24,Punggol,TOP-W-02,  Women's Ribbed Long Sleeve Turtleneck  ,Tops,Women,19.9,19.9,False,1,19.9,Card
BUG-20260602-0617,3,2026-06-02 21:16:37,Bugis,TOP-W-04,Women's Heattech Crew Neck Long Sleeve Tee,Tops,Women,14.9,14.9,False,1,14.9,Cash
PUN-20260602-0328,1,2026-06-02 17:04:10,Punggol,TOP-M-01,Men's Airism Cotton Crew Neck T-Shirt,Tops,Men,14.9,14.9,False,1,14.9,Card
BUG-20260602-0319,1,2026-06-02 19:18:36,Bugis,UND-W-03,Women's Cotton Blend Briefs,Underwear,Women,9.9,9.9,False,2,19.8,Card
PUN-20260602-0590,1,2026-06-02 12:45:41,  Punggol  ,TOP-M-03,Men's Dry-EX Crew Neck T-Shirt,Tops,Men,19.9,19.9,False,1,19.9,Card
PUN-20260602-0252,2,2026-06-02 21:12:43,Punggol,UND-M-01,Men's Airism Boxer Briefs,Underwear,Men,14.9,14.9,False,1,14.9,Card
ORC-20260602-0165,1,2026-06-02 15:36:39,Orchard Central,BTM-M-01,Men's Ezy Ankle Pants,Bottoms,Men,29.9,29.9,False,1,29.9,PayNow
PUN-20260602-0428,1,2026-06-02 20:44:21,  punggol  ,SOK-M-04,Men's Ribbed Crew Socks,Socks,Men,5.9,5.9,False,2,11.8,Card
BUG-20260602-0769,2,2026-06-02 12:39:42,Bugis,SOK-W-02,Women's Pile Crew Socks,Socks,Women,5.9,5.9,False,1,5.9,NETS
PUN-20260602-0521,1,2026-06-02 17:41:27,punggol,TOP-W-09,Women's Drape Sleeveless Top,Tops,Women,19.9,19.9,False,1,19.9,NETS
PUN-20260602-0277,1,2026-06-02 19:29:09,PUNGGOL,SOK-M-04,Men's Ribbed Crew Socks,Socks,men,5.9,5.9,False,1,5.9,Card
BUG-20260602-0125,2,2026-06-02 17:02:20,Bugis,SOK-W-03,Women's Airism Low-Cut Socks,Socks,Women,5.9,5.9,False,2,11.8,Paynow
PUN-20260602-0489,3,2026-06-02 19:58:08,Punggol,SOK-W-02,  Women's Pile Crew Socks  ,Socks,Women,5.9,5.9,False,1,5.9,PAYNOW
BUG-20260602-0379,2,2026-06-02 18:35:20,Bugis,SOK-W-03,Women's Airism Low-Cut Socks,Socks,Women,5.9,5.9,False,1,5.9,Card
PUN-20260602-0625,2,2026-06-02 21:48:09,Punggol,SOK-M-03,Men's Airism Low-Cut Socks,Socks,Men,5.9,5.9,False,2,11.8,Card
PUN-20260602-0468,1,2026-06-02 19:47:52,Punggol,SOK-W-03,  Women's Airism Low-Cut Socks  ,Socks,Women,5.9,5.9,False,1,5.9,NETS
PUN-20260602-0012,2,2026-06-02 18:14:36,Punggol,SOK-M-05,Men's Sport Ankle Socks,Socks,Men,5.9,5.9,False,1,5.9,PayNow
PUN-20260602-0225,1,2026-06-02 20:16:24,Punggol,BTM-M-01,Men's Ezy Ankle Pants,BOTTOMS,Men,29.9,29.9,False,1,29.9,Card
ORC-20260602-0041,1,2026-06-02 17:01:26,Orchard Central,UND-M-01,Men's Airism Boxer Briefs,Underwear,Men,14.9,14.9,False,1,14.9,PayNow
BUG-20260602-0520,2,2026-06-02 15:33:34,Bugis,SOK-W-10,Women's Wool Blend Socks,Socks,Women,9.9,9.9,False,1,9.9,PayNow
ORC-20260602-1052,2,2026-06-02 21:11:08,  Orchard Central  ,BTM-M-03,Men's Selvedge Regular Fit Jeans,Bottoms,Men,59.9,59.9,False,1,59.9,Cash
BUG-20260602-0655,2,2026-06-02 21:32:34,Bugis,TOP-M-01,  Men's Airism Cotton Crew Neck T-Shirt  ,Tops,men,14.9,14.9,False,1,14.9,Card
ORC-20260602-0935,2,2026-06-02 21:44:27,orchard central,UND-M-02,Men's Cotton Blend Trunks,Underwear,Men,14.9,14.9,False,1,14.9,PayNow
BUG-20260602-0587,1,2026-06-02 22:40:56,Bugis,SOK-M-01,Men's Ankle Socks 3-Pack,Socks,men,14.9,14.9,False,1,14.9,Card
PUN-20260602-0118,3,2026-06-02 17:06:07,Punggol,UND-W-01,Women's Airism Bikini Shorts,Underwear,Women,9.9,9.9,False,1,9.9,Cash
ORC-20260602-1003,2,2026-06-02 15:22:44,Orchard Central,TOP-M-02,Men's Supima Cotton Polo Shirt,Tops,Men,29.9,29.9,False,1,29.9,Cash
ORC-20260602-0473,1,2026-06-02 18:56:25,Orchard Central,SOK-M-09,Men's No-Show Sneaker Socks,socks,Men,4.11,5.9,True,2,8.22,Card
ORC-20260602-0067,1,2026-06-02 18:53:43,Orchard Central,UND-M-01,Men's Airism Boxer Briefs,Underwear,Men,14.9,14.9,False,1,14.9,Card
BUG-20260602-0609,1,2026-06-02 20:03:08,Bugis,TOP-W-01,Women's Airism Cotton Crew Neck T-Shirt,Tops,Women,14.9,14.9,False,1,14.9,Cash
ORC-20260602-0303,1,2026-06-02 14:16:58,Orchard Central,BTM-W-01,Women's Ultra Stretch Skinny Jeans,Bottoms,Women,39.9,39.9,False,1,39.9,Card
BUG-20260602-0541,2,2026-06-02 16:44:10,Bugis,UND-W-01,  Women's Airism Bikini Shorts  ,Underwear,Women,9.9,9.9,False,1,9.9,Card
ORC-20260602-0370,1,2026-06-02 21:20:51,Orchard Central,TOP-W-01,Women's Airism Cotton Crew Neck T-Shirt,Tops,Women,14.9,14.9,False,1,14.9,Card
ORC-20260602-1115,1,2026-06-02 16:59:38,Orchard Central,SOK-W-09,Women's No-Show Sneaker Socks,Socks,Women,5.9,5.9,False,1,5.9,CARD
BUG-20260602-0604,2,2026-06-02 19:54:54,  BUGIS  ,SOK-M-03,Men's Airism Low-Cut Socks,Socks,Men,5.9,5.9,False,1,5.9,Card
ORC-20260602-1005,2,2026-06-02 17:25:44,Orchard Central,SOK-W-04,Women's Ribbed Crew Socks,Socks,Women,5.9,5.9,False,1,5.9,Card
ORC-20260602-0235,1,2026-06-02 20:56:50,Orchard Central,SOK-M-01,Men's Ankle Socks 3-Pack,Socks,Men,14.9,14.9,False,1,14.9,Card
BUG-20260602-0566,1,2026-06-02 19:29:56,Bugis,SOK-M-04,Men's Ribbed Crew Socks,Socks,Men,5.9,5.9,False,1,5.9,Card
ORC-20260602-0366,1,2026-06-02 13:53:22,Orchard Central,TOP-M-01,Men's Airism Cotton Crew Neck T-Shirt,Tops,Men,14.9,14.9,False,1,14.9,Card
PUN-20260602-0558,1,2026-06-02 20:06:33,Punggol,SOK-M-04,Men's Ribbed Crew Socks,Socks,Men,5.9,5.9,False,1,5.9,Cash
BUG-20260602-0267,3,2026-06-02 19:30:48,Bugis,TOP-M-07,Men's Ultra Light Down Jacket,tops,Men,79.9,79.9,False,1,79.9,Card
ORC-20260602-0239,1,2026-06-02 21:05:30,Orchard Central,SOK-M-04,Men's Ribbed Crew Socks,Socks,MEN,5.9,5.9,False,2,11.8,PayNow
PUN-20260602-0475,3,2026-06-02 12:35:20,Punggol,SOK-W-03,Women's Airism Low-Cut Socks,Socks,Women,5.9,5.9,False,1,5.9,cash
PUN-20260602-0419,1,2026-06-02 12:24:56,Punggol,TOP-W-01,Women's Airism Cotton Crew Neck T-Shirt,Tops,Women,14.9,14.9,False,1,14.9,PayNow
BUG-20260602-0289,2,2026-06-02 17:17:51,Bugis,TOP-W-04,Women's Heattech Crew Neck Long Sleeve Tee,Tops,Women,14.9,14.9,False,1,14.9,Card
ORC-20260602-0138,2,2026-06-02 20:40:49,Orchard Central,TOP-W-03,Women's Silky Satin Blouse,Tops,Women,39.9,39.9,False,1,39.9,NETS
BUG-20260602-0186,2,2026-06-02 18:44:03,Bugis,BTM-M-01,Men's Ezy Ankle Pants,bottoms,Men,29.9,29.9,False,1,29.9,Card
ORC-20260602-0057,2,2026-06-02 18:59:27,Orchard Central,SOK-W-03,Women's Airism Low-Cut Socks,Socks,Women,5.9,5.9,False,1,5.9,Card
PUN-20260602-0511,1,2026-06-02 14:39:38,Punggol,UND-M-04,Men's Cotton Crew Neck Undershirt,Underwear,Men,14.9,14.9,False,1,14.9,Cash
ORC-20260602-0805,3,2026-06-02 20:13:33,ORCHARD CENTRAL,SOK-M-09,Men's No-Show Sneaker Socks,Socks,Men,4.11,5.9,True,1,4.11,Card
PUN-20260602-0229,1,2026-06-02 13:04:34,Punggol,UND-W-01,Women's Airism Bikini Shorts,Underwear,Women,9.9,9.9,False,2,19.8,PAYNOW
ORC-20260602-0405,1,2026-06-02 19:43:57,Orchard Central,SOK-M-02,Men's Pile Crew Socks,Socks,Men,5.9,5.9,False,2,11.8,Card
BUG-20260602-0672,3,2026-06-02 19:21:06,Bugis,BTM-M-08,Men's Relaxed Fit Denim Shorts,Bottoms,Men,22.99,29.9,True,1,22.99,Card
BUG-20260602-0467,3,2026-06-02 18:06:03,Bugis,TOP-M-01,Men's Airism Cotton Crew Neck T-Shirt,Tops,men,14.9,14.9,False,1,14.9,Card
BUG-20260602-0784,2,2026-06-02 13:55:39,Bugis,SOK-W-04,Women's Ribbed Crew Socks,Socks,Women,5.9,5.9,False,1,5.9,PayNow
ORC-20260602-0251,2,2026-06-02 20:19:06,Orchard Central,UND-W-04,Women's Airism T-Shirt Bra,Underwear,Women,29.9,29.9,False,1,29.9,Card
ORC-20260602-0428,2,2026-06-02 20:06:09,Orchard Central,SOK-M-01,Men's Ankle Socks 3-Pack,Socks,Men,14.9,14.9,False,1,14.9,PayNow
ORC-20260602-0154,1,2026-06-02 22:55:48,Orchard Central,TOP-W-02,Women's Ribbed Long Sleeve Turtleneck,Tops,WOMEN,19.9,19.9,False,1,19.9,Card
BUG-20260602-0209,1,2026-06-02 18:39:05,BUGIS,TOP-M-04,Men's Oxford Long Sleeve Shirt,Tops,men,29.9,29.9,False,1,29.9,Nets
PUN-20260602-0106,1,2026-06-02 19:36:24,Punggol,SOK-W-03,Women's Airism Low-Cut Socks,Socks,Women,5.9,5.9,False,1,5.9,Card
ORC-20260602-0387,1,2026-06-02 12:25:15,Orchard Central,SOK-M-09,Men's No-Show Sneaker Socks,Socks,Men,4.11,5.9,True,1,$4.11,Card
ORC-20260602-0359,1,2026-06-02 14:52:30,Orchard Central,UND-W-03,Women's Cotton Blend Briefs,Underwear,Women,9.9,9.9,False,1,9.9,PayNow
PUN-20260602-0509,1,2026-06-02 16:01:09,Punggol,SOK-W-03,Women's Airism Low-Cut Socks,Socks,Women,5.9,5.9,False,1,5.9,PayNow
PUN-20260602-0057,2,2026-06-02 17:40:14,Punggol,UND-M-04,Men's Cotton Crew Neck Undershirt,underwear,MEN,14.9,14.9,False,1,14.9,NETS
PUN-20260602-0455,2,2026-06-02 16:09:32,Punggol,BTM-M-01,Men's Ezy Ankle Pants,Bottoms,Men,29.9,29.9,False,1,29.9,PayNow
BUG-20260602-0140,1,2026-06-02 17:40:57,  Bugis  ,UND-W-04,Women's Airism T-Shirt Bra,Underwear,Women,29.9,29.9,False,1,29.9,NETS
ORC-20260602-0529,2,2026-06-02 20:41:36,Orchard Central,SOK-M-03,  Men's Airism Low-Cut Socks  ,Socks,Men,5.9,5.9,False,2,11.8,PAYNOW
BUG-20260602-0542,2,2026-06-02 21:30:26,  Bugis  ,SOK-W-04,Women's Ribbed Crew Socks,Socks,women,5.9,5.9,False,1,5.9,PayNow
BUG-20260602-0477,2,2026-06-02 19:41:01,Bugis,BTM-W-01,Women's Ultra Stretch Skinny Jeans,Bottoms,Women,39.9,39.9,False,1,39.9,Cash
PUN-20260602-0050,2,2026-06-02 15:21:35,Punggol,SOK-M-03,Men's Airism Low-Cut Socks,SOCKS,Men,5.9,5.9,False,1,5.9,PayNow
PUN-20260602-0140,1,2026-06-02 18:30:09,Punggol,TOP-W-02,Women's Ribbed Long Sleeve Turtleneck,Tops,Women,19.9,19.9,False,1,19.9,Card
BUG-20260602-0347,3,2026-06-02 18:14:46,Bugis,TOP-M-01,Men's Airism Cotton Crew Neck T-Shirt,tops,Men,14.9,14.9,False,1,14.9,Card
ORC-20260602-1069,1,2026-06-02 20:57:53,Orchard Central,SOK-W-02,Women's Pile Crew Socks,Socks,Women,5.9,5.9,False,1,5.9,paynow
ORC-20260602-0418,1,2026-06-02 21:24:39,ORCHARD CENTRAL,UND-W-03,Women's Cotton Blend Briefs,Underwear,Women,9.9,9.9,False,2,19.8,Card
PUN-20260602-0147,3,2026-06-02 21:39:31,punggol,TOP-M-02,Men's Supima Cotton Polo Shirt,Tops,men,29.9,29.9,False,1,29.9,Card
PUN-20260602-0226,3,2026-06-02 22:15:05,Punggol,SOK-M-04,Men's Ribbed Crew Socks,Socks,men,5.9,5.9,False,1,5.9,PayNow
PUN-20260602-0516,1,2026-06-02 20:43:53,Punggol,SOK-W-02,Women's Pile Crew Socks,Socks,Women,5.9,5.9,False,1,5.9,Cash
PUN-20260602-0521,2,2026-06-02 17:41:27,Punggol,SOK-W-03,Women's Airism Low-Cut Socks,Socks,Women,5.9,5.9,False,1,5.9,NETS
ORC-20260602-0619,1,2026-06-02 20:18:22,Orchard Central,TOP-W-01,Women's Airism Cotton Crew Neck T-Shirt,Tops,Women,14.9,14.9,False,1,14.9,Card
ORC-20260602-1043,1,2026-06-02 16:24:45,Orchard Central,SOK-W-06,Women's Heattech Socks,socks,WOMEN,9.9,9.9,False,1,9.9,Card
PUN-20260602-0246,1,2026-06-02 19:54:50,Punggol,TOP-W-07,Women's Fleece Pullover Hoodie,Tops,Women,29.9,29.9,False,1,29.9,Card
BUG-20260602-0057,1,2026-06-02 16:02:48,Bugis,SOK-W-02,Women's Pile Crew Socks,Socks,Women,5.9,5.9,False,1,5.9,Cash
ORC-20260602-0536,1,2026-06-02 21:57:57,Orchard Central,SOK-W-02,  Women's Pile Crew Socks  ,Socks,Women,5.9,5.9,False,1,5.9,
PUN-20260602-0570,2,2026-06-02 11:23:11,Punggol,TOP-W-01,Women's Airism Cotton Crew Neck T-Shirt,Tops,Women,14.9,14.9,False,1,14.9,PayNow
ORC-20260602-1019,2,2026-06-02 11:29:06,Orchard Central,SOK-W-03,  Women's Airism Low-Cut Socks  ,Socks,Women,5.9,5.9,False,1,5.9,Cash
ORC-20260602-0888,2,2026-06-02 16:40:52,Orchard Central,SOK-M-09,Men's No-Show Sneaker Socks,Socks,Men,4.11,5.9,True,1,4.11,Card
BUG-20260602-0805,1,2026-06-02 16:36:52,Bugis,SOK-W-04,Women's Ribbed Crew Socks,Socks,Women,5.9,5.9,False,1,5.9,Card
PUN-20260602-0331,3,2026-06-02 20:18:00,Punggol,SOK-W-03,Women's Airism Low-Cut Socks,Socks,Women,$5.9,5.9,False,1,5.9,Card
ORC-20260602-0199,2,2026-06-02 15:10:17,Orchard Central,SOK-W-04,Women's Ribbed Crew Socks,Socks,Women,5.9,5.9,False,1,5.9,Cash
BUG-20260602-0222,2,2026-06-02 11:30:40,  Bugis  ,BTM-M-01,Men's Ezy Ankle Pants,BOTTOMS,Men,29.9,29.9,False,1,$29.9,Cash
ORC-20260602-1063,1,2026-06-02 19:19:08,Orchard Central,SOK-M-09,Men's No-Show Sneaker Socks,socks,Men,4.11,5.9,True,2,8.22,PayNow
BUG-20260602-0062,1,2026-06-02 18:50:08,bugis,UND-M-01,Men's Airism Boxer Briefs,Underwear,Men,14.9,14.9,False,1,14.9,Card
ORC-20260602-0397,1,2026-06-02 21:49:31,Orchard Central,UND-W-03,Women's Cotton Blend Briefs,Underwear,women,9.9,9.9,False,2,19.8,Cash
PUN-20260602-0250,3,2026-06-02 19:04:28,Punggol,SOK-M-02,Men's Pile Crew Socks,Socks,Men,5.9,5.9,False,1,$5.9,Cash
PUN-20260602-0263,1,2026-06-02 12:42:16,Punggol,SOK-W-04,Women's Ribbed Crew Socks,Socks,Women,5.9,5.9,False,2,11.8,Cash
ORC-20260602-0845,1,2026-06-02 21:34:18,Orchard Central,UND-W-03,Women's Cotton Blend Briefs,Underwear,WOMEN,9.9,9.9,False,1,9.9,Card
PUN-20260602-0665,1,2026-06-02 18:08:10,Punggol,SOK-M-02,Men's Pile Crew Socks,Socks,Men,$5.9,5.9,False,2,11.8,Card
BUG-20260602-0699,1,2026-06-02 19:01:06,Bugis,SOK-W-02,Women's Pile Crew Socks,Socks,Women,5.9,5.9,False,1,5.9,Cash
ORC-20260602-1035,1,2026-06-02 12:47:54,Orchard Central,SOK-W-03,Women's Airism Low-Cut Socks,Socks,WOMEN,5.9,5.9,False,1,5.9,Card
ORC-20260602-0541,1,2026-06-02 21:11:55,Orchard Central,SOK-W-02,Women's Pile Crew Socks,Socks,Women,5.9,5.9,False,2,11.8,Card
PUN-20260602-0174,2,2026-06-02 20:46:32,Punggol,SOK-W-04,Women's Ribbed Crew Socks,Socks,Women,5.9,5.9,False,1,5.9,Card
ORC-20260602-0279,2,2026-06-02 21:13:26,Orchard Central,SOK-M-08,  Men's Cotton Blend Dress Socks  ,Socks,Men,9.9,9.9,False,1,9.9,Card
BUG-20260602-0187,1,2026-06-02 18:21:37,Bugis,SOK-W-04,Women's Ribbed Crew Socks,Socks,Women,5.9,5.9,False,1,5.9,Cash
ORC-20260602-0748,2,2026-06-02 16:42:06,Orchard Central,UND-M-04,Men's Cotton Crew Neck Undershirt,Underwear,Men,14.9,14.9,False,2,29.8,paynow
BUG-20260602-0118,2,2026-06-02 20:22:05,Bugis,SOK-W-02,Women's Pile Crew Socks,Socks,Women,5.9,5.9,False,1,5.9,NETS
BUG-20260602-0170,1,2026-06-02 12:55:18,Bugis,SOK-M-02,Men's Pile Crew Socks,Socks,Men,5.9,5.9,False,1,5.9,Card
BUG-20260602-0170,2,2026-06-02 12:55:18,Bugis,UND-M-02,Men's Cotton Blend Trunks,Underwear,Men,14.9,14.9,False,2,29.8,card
PUN-20260602-0498,2,2026-06-02 21:46:39,Punggol,SOK-M-06,Men's Heattech Socks,Socks,Men,9.9,9.9,False,1,9.9,NETS
BUG-20260602-0750,3,2026-06-02 17:24:44,Bugis,TOP-M-03,Men's Dry-EX Crew Neck T-Shirt,Tops,Men,19.9,19.9,False,1,19.9,PayNow
BUG-20260602-0564,1,2026-06-02 18:47:17,  Bugis  ,SOK-M-03,Men's Airism Low-Cut Socks,Socks,MEN,5.9,5.9,False,1,5.9,Card
PUN-20260602-0240,1,2026-06-02 20:45:20,Punggol,BTM-W-01,Women's Ultra Stretch Skinny Jeans,Bottoms,WOMEN,39.9,39.9,False,1,39.9,PayNow
BUG-20260602-0426,2,2026-06-02 19:21:13,Bugis,SOK-W-03,Women's Airism Low-Cut Socks,Socks,Women,5.9,5.9,False,1,5.9,NETS
ORC-20260602-0198,1,2026-06-02 13:02:37,Orchard Central,BTM-W-02,Women's High-Rise Wide Leg Pants,Bottoms,WOMEN,39.9,39.9,False,1,39.9,PayNow
ORC-20260602-0271,1,2026-06-02 19:01:03,Orchard Central,TOP-W-02,Women's Ribbed Long Sleeve Turtleneck,Tops,Women,19.9,19.9,False,1,19.9,Card
BUG-20260602-0089,2,2026-06-02 20:26:56,Bugis,SOK-M-03,Men's Airism Low-Cut Socks,Socks,Men,5.9,5.9,False,1,5.9,NETS
PUN-20260602-0496,1,2026-06-02 20:26:44,Punggol,SOK-M-04,Men's Ribbed Crew Socks,Socks,Men,5.9,5.9,False,1,5.9,paynow
ORC-20260602-0054,1,2026-06-02 11:19:07,ORCHARD CENTRAL,SOK-M-10,Men's Wool Blend Socks,Socks,Men,9.9,9.9,False,2,19.8,PayNow
ORC-20260602-0739,2,2026-06-02 17:10:56,Orchard Central,TOP-W-05,Women's Merino Blend Cardigan,Tops,Women,31.36,39.9,True,1,31.36,Card
BUG-20260602-0562,2,2026-06-02 21:58:33,Bugis,SOK-W-02,Women's Pile Crew Socks,Socks,women,5.9,5.9,False,1,$5.9,Card
BUG-20260602-0324,1,2026-06-02 20:26:31,Bugis,UND-M-10,Men's Cotton Blend Briefs,Underwear,MEN,9.9,9.9,False,1,9.9,PayNow
PUN-20260602-0677,3,2026-06-02 15:04:51,Punggol,UND-W-03,Women's Cotton Blend Briefs,Underwear,Women,9.9,9.9,False,1,9.9,NETS
BUG-20260602-0448,2,2026-06-02 22:49:28,  Bugis  ,UND-W-03,Women's Cotton Blend Briefs,Underwear,Women,9.9,9.9,False,1,9.9,PayNow
PUN-20260602-0423,1,2026-06-02 21:59:58,  Punggol  ,TOP-W-01,Women's Airism Cotton Crew Neck T-Shirt,Tops,Women,14.9,14.9,False,1,14.9,PAYNOW
PUN-20260602-0359,2,2026-06-02 11:28:22,Punggol,SOK-W-04,Women's Ribbed Crew Socks,Socks,Women,5.9,5.9,False,1,5.9,Card
ORC-20260602-0283,2,2026-06-02 21:45:32,Orchard Central,UND-W-04,Women's Airism T-Shirt Bra,Underwear,Women,29.9,29.9,False,1,29.9,
BUG-20260602-0229,3,2026-06-02 18:38:05,Bugis,UND-W-03,Women's Cotton Blend Briefs,Underwear,women,9.9,9.9,False,1,9.9,Cash
PUN-20260602-0253,1,2026-06-02 21:28:25,PUNGGOL,SOK-W-04,Women's Ribbed Crew Socks,Socks,WOMEN,5.9,5.9,False,1,5.9,PayNow
ORC-20260602-0686,2,2026-06-02 18:43:12,Orchard Central,UND-M-02,Men's Cotton Blend Trunks,Underwear,Men,14.9,14.9,False,2,29.8,Nets
ORC-20260602-0378,2,2026-06-02 16:27:09,Orchard Central,UND-M-01,Men's Airism Boxer Briefs,Underwear,Men,14.9,14.9,False,1,14.9,Card
BUG-20260602-0487,1,2026-06-02 18:43:09,Bugis,SOK-W-02,Women's Pile Crew Socks,Socks,Women,5.9,5.9,False,1,5.9,Card
BUG-20260602-0113,2,2026-06-02 12:40:57,Bugis,SOK-M-04,Men's Ribbed Crew Socks,Socks,Men,5.9,5.9,False,1,5.9,NETS
PUN-20260602-0586,2,2026-06-02 21:35:21,Punggol,SOK-M-02,  Men's Pile Crew Socks  ,Socks,Men,5.9,5.9,False,1,5.9,PayNow
PUN-20260602-0685,2,2026-06-02 17:48:07,Punggol,SOK-W-04,  Women's Ribbed Crew Socks  ,Socks,Women,5.9,5.9,False,1,5.9,CARD
BUG-20260602-0731,1,2026-06-02 13:36:54,  Bugis  ,TOP-W-04,Women's Heattech Crew Neck Long Sleeve Tee,Tops,WOMEN,14.9,14.9,False,1,14.9,PayNow
ORC-20260602-0591,3,2026-06-02 19:59:26,Orchard Central,SOK-M-04,Men's Ribbed Crew Socks,SOCKS,Men,5.9,5.9,False,1,5.9,PayNow
ORC-20260602-0339,1,2026-06-02 20:34:32,Orchard Central,BTM-W-01,Women's Ultra Stretch Skinny Jeans,Bottoms,Women,39.9,39.9,False,1,39.9,Card
BUG-20260602-0702,2,2026-06-02 18:37:20,BUGIS,SOK-W-04,Women's Ribbed Crew Socks,Socks,Women,5.9,5.9,False,1,5.9,Card
ORC-20260602-0799,3,2026-06-02 17:22:27,orchard central,SOK-W-01,Women's Ankle Socks 3-Pack,Socks,WOMEN,14.9,14.9,False,1,14.9,Cash
PUN-20260602-0269,3,2026-06-02 20:51:23,punggol,SOK-W-06,Women's Heattech Socks,Socks,Women,9.9,9.9,False,1,9.9,NETS
ORC-20260602-0511,2,2026-06-02 17:13:40,Orchard Central,TOP-W-04,Women's Heattech Crew Neck Long Sleeve Tee,Tops,Women,14.9,14.9,False,1,14.9,PayNow
ORC-20260602-0620,1,2026-06-02 21:29:42,Orchard Central,TOP-M-01,Men's Airism Cotton Crew Neck T-Shirt,Tops,MEN,14.9,14.9,False,1,14.9,Card
BUG-20260602-0135,2,2026-06-02 22:17:48,BUGIS,BTM-W-03,Women's Ezy Ankle Pants,Bottoms,Women,29.9,29.9,False,1,29.9,Card
BUG-20260602-0566,3,2026-06-02 19:29:56,Bugis,TOP-M-01,Men's Airism Cotton Crew Neck T-Shirt,Tops,Men,14.9,14.9,False,1,14.9,card
ORC-20260602-0318,1,2026-06-02 19:19:01,Orchard Central,TOP-M-01,Men's Airism Cotton Crew Neck T-Shirt,Tops,Men,14.9,14.9,False,1,14.9,NETS
ORC-20260602-0572,1,2026-06-02 20:02:39,Orchard Central,SOK-M-02,Men's Pile Crew Socks,Socks,men,5.9,5.9,False,1,5.9,CARD
ORC-20260602-0226,2,2026-06-02 18:21:50,Orchard Central,UND-M-06,Men's Airism Sleeveless Undershirt,Underwear,Men,9.9,9.9,False,2,19.8,Card
PUN-20260602-0459,2,2026-06-02 19:41:26,Punggol,SOK-W-06,Women's Heattech Socks,Socks,Women,9.9,9.9,False,1,9.9,NETS
PUN-20260602-0467,2,2026-06-02 12:50:40,Punggol,SOK-M-02,Men's Pile Crew Socks,Socks,Men,5.9,5.9,False,1,5.9,Cash
ORC-20260602-0293,3,2026-06-02 20:44:28,Orchard Central,SOK-M-02,Men's Pile Crew Socks,socks,Men,5.9,5.9,False,1,5.9,Cash
PUN-20260602-0488,2,2026-06-02 19:02:39,Punggol,UND-W-01,Women's Airism Bikini Shorts,Underwear,Women,9.9,9.9,False,1,9.9,PayNow
PUN-20260602-0633,1,2026-06-02 18:03:49,Punggol,UND-W-01,Women's Airism Bikini Shorts,Underwear,Women,9.9,9.9,False,1,9.9,Card
PUN-20260602-0046,1,2026-06-02 20:47:37,PUNGGOL,SOK-W-03,  Women's Airism Low-Cut Socks  ,Socks,Women,5.9,5.9,False,1,5.9,paynow
PUN-20260602-0400,1,2026-06-02 21:04:07,Punggol,SOK-M-04,Men's Ribbed Crew Socks,Socks,Men,5.9,5.9,False,1,5.9,PayNow
ORC-20260602-0714,2,2026-06-02 20:42:57,Orchard Central,UND-M-02,Men's Cotton Blend Trunks,Underwear,Men,$14.9,14.9,False,1,14.9,cash
ORC-20260602-0542,3,2026-06-02 12:54:49,Orchard Central,UND-W-03,Women's Cotton Blend Briefs,Underwear,Women,9.9,9.9,False,1,9.9,Card
ORC-20260602-0396,1,2026-06-02 15:35:42,  ORCHARD CENTRAL  ,SOK-M-09,Men's No-Show Sneaker Socks,Socks,men,4.11,5.9,True,1,4.11,Cash
ORC-20260602-0650,1,2026-06-02 18:59:19,Orchard Central,SOK-M-02,Men's Pile Crew Socks,Socks,Men,5.9,5.9,False,1,5.9,PayNow
ORC-20260602-0630,3,2026-06-02 20:44:52,Orchard Central,SOK-M-09,Men's No-Show Sneaker Socks,Socks,men,4.11,5.9,True,1,4.11,PayNow
PUN-20260602-0163,2,2026-06-02 19:03:55,Punggol,UND-W-04,Women's Airism T-Shirt Bra,Underwear,Women,29.9,29.9,False,2,59.8,Cash
ORC-20260602-0190,1,2026-06-02 13:34:06,Orchard Central,UND-M-04,Men's Cotton Crew Neck Undershirt,Underwear,Men,14.9,14.9,False,1,14.9,CASH
ORC-20260602-0896,3,2026-06-02 21:36:06,Orchard Central,SOK-W-03,Women's Airism Low-Cut Socks,Socks,Women,5.9,5.9,False,1,5.9,PayNow
ORC-20260602-0952,1,2026-06-02 12:47:38,Orchard Central,SOK-M-03,Men's Airism Low-Cut Socks,SOCKS,Men,5.9,5.9,False,1,5.9,Card
PUN-20260602-0587,1,2026-06-02 12:42:37,PUNGGOL,TOP-M-02,Men's Supima Cotton Polo Shirt,Tops,Men,29.9,29.9,False,1,29.9,Cash
BUG-20260602-0014,1,2026-06-02 17:03:35,Bugis,SOK-M-04,Men's Ribbed Crew Socks,Socks,men,5.9,5.9,False,1,5.9,Card
BUG-20260602-0582,1,2026-06-02 17:18:41,Bugis,BTM-W-01,Women's Ultra Stretch Skinny Jeans,Bottoms,WOMEN,39.9,39.9,False,1,39.9,PayNow
BUG-20260602-0457,2,2026-06-02 20:53:49,Bugis,UND-M-10,  Men's Cotton Blend Briefs  ,Underwear,Men,9.9,9.9,False,1,9.9,Card
ORC-20260602-0993,1,2026-06-02 19:43:59,Orchard Central,SOK-W-04,  Women's Ribbed Crew Socks  ,Socks,Women,5.9,5.9,False,1,5.9,Card
PUN-20260602-0336,1,2026-06-02 13:43:54,Punggol,BTM-W-01,Women's Ultra Stretch Skinny Jeans,Bottoms,Women,39.9,39.9,False,1,39.9,cash
ORC-20260602-0314,2,2026-06-02 20:25:14,Orchard Central,TOP-M-09,Men's Flannel Checked Long Sleeve Shirt,Tops,Men,29.9,29.9,False,1,29.9,Card
ORC-20260602-0580,2,2026-06-02 19:03:54,Orchard Central,SOK-M-01,Men's Ankle Socks 3-Pack,Socks,Men,14.9,14.9,False,1,14.9,NETS
BUG-20260602-0155,3,2026-06-02 20:14:43,BUGIS,SOK-W-02,Women's Pile Crew Socks,Socks,Women,5.9,5.9,False,1,5.9,NETS
BUG-20260602-0040,1,2026-06-02 12:31:55,Bugis,BTM-W-01,Women's Ultra Stretch Skinny Jeans,Bottoms,Women,39.9,39.9,False,1,39.9,PayNow
BUG-20260602-0267,1,2026-06-02 19:30:48,Bugis,SOK-M-03,Men's Airism Low-Cut Socks,Socks,Men,5.9,5.9,False,1,5.9,Card
BUG-20260602-0070,1,2026-06-02 20:05:06,bugis,BTM-M-04,Men's Dry Stretch Shorts,BOTTOMS,Men,19.9,19.9,False,1,19.9,PayNow
ORC-20260602-0614,3,2026-06-02 22:07:56,Orchard Central,SOK-M-02,Men's Pile Crew Socks,socks,Men,5.9,5.9,False,1,5.9,PayNow
BUG-20260602-0386,2,2026-06-02 17:19:51,Bugis,SOK-W-02,  Women's Pile Crew Socks  ,SOCKS,Women,5.9,5.9,False,2,11.8,Cash
ORC-20260602-0222,1,2026-06-02 18:01:56,Orchard Central,SOK-W-04,Women's Ribbed Crew Socks,Socks,Women,5.9,5.9,False,1,5.9,card
BUG-20260602-0511,3,2026-06-02 22:12:09,Bugis,UND-W-02,Women's Wireless Bra,UNDERWEAR,Women,29.9,29.9,False,1,29.9,Card
ORC-20260602-0937,2,2026-06-02 20:10:38,Orchard Central,UND-M-08,Men's Airism V-Neck Undershirt,Underwear,men,9.9,9.9,False,1,9.9,Paynow
PUN-20260602-0225,3,2026-06-02 20:16:24,Punggol,SOK-M-03,Men's Airism Low-Cut Socks,Socks,Men,5.9,5.9,False,1,5.9,Card
BUG-20260602-0249,1,2026-06-02 20:09:51,Bugis,UND-M-02,Men's Cotton Blend Trunks,Underwear,MEN,14.9,14.9,False,1,14.9,PayNow
ORC-20260602-0875,2,2026-06-02 21:32:19,Orchard Central,SOK-M-04,Men's Ribbed Crew Socks,Socks,Men,5.9,5.9,False,2,11.8,Card
ORC-20260602-0335,2,2026-06-02 22:47:03,Orchard Central,SOK-M-04,Men's Ribbed Crew Socks,Socks,Men,5.9,5.9,False,1,5.9,PayNow
BUG-20260602-0278,1,2026-06-02 16:44:54,Bugis,SOK-W-02,Women's Pile Crew Socks,Socks,Women,5.9,5.9,False,1,5.9,nets
BUG-20260602-0202,1,2026-06-02 19:38:05,Bugis,BTM-M-04,Men's Dry Stretch Shorts,Bottoms,Men,19.9,19.9,False,1,19.9,card
ORC-20260602-1108,1,2026-06-02 11:03:28,Orchard Central,SOK-M-03,Men's Airism Low-Cut Socks,Socks,Men,5.9,5.9,False,2,11.8,Card
BUG-20260602-0002,1,2026-06-02 17:31:39,Bugis,UND-W-03,Women's Cotton Blend Briefs,Underwear,Women,9.9,9.9,False,1,9.9,PayNow
BUG-20260602-0664,1,2026-06-02 19:43:15,Bugis,SOK-W-03,Women's Airism Low-Cut Socks,Socks,Women,5.9,5.9,False,1,5.9,Card
BUG-20260602-0350,1,2026-06-02 12:01:25,Bugis,SOK-W-02,Women's Pile Crew Socks,Socks,Women,5.9,5.9,False,1,5.9,cash
ORC-20260602-0513,1,2026-06-02 19:25:49,orchard central,TOP-W-04,Women's Heattech Crew Neck Long Sleeve Tee,Tops,Women,14.9,14.9,False,1,14.9,Cash
ORC-20260602-0902,1,2026-06-02 12:53:18,Orchard Central,SOK-W-03,  Women's Airism Low-Cut Socks  ,Socks,Women,5.9,5.9,False,1,5.9,Card
ORC-20260602-1062,3,2026-06-02 21:54:54,Orchard Central,SOK-M-08,Men's Cotton Blend Dress Socks,Socks,men,9.9,9.9,False,1,9.9,PayNow
ORC-20260602-0180,3,2026-06-02 18:56:44,Orchard Central,SOK-W-01,Women's Ankle Socks 3-Pack,Socks,Women,14.9,14.9,False,1,14.9,Card
PUN-20260602-0465,1,2026-06-02 22:20:37,Punggol,TOP-M-04,Men's Oxford Long Sleeve Shirt,Tops,men,29.9,29.9,False,1,29.9,Card
ORC-20260602-0496,1,2026-06-02 18:24:40,Orchard Central,SOK-M-09,Men's No-Show Sneaker Socks,socks,Men,4.11,5.9,True,1,4.11,Paynow
PUN-20260602-0631,3,2026-06-02 18:22:52,PUNGGOL,TOP-W-01,Women's Airism Cotton Crew Neck T-Shirt,tops,Women,14.9,14.9,False,1,14.9,PayNow
PUN-20260602-0649,1,2026-06-02 12:45:24,Punggol,SOK-M-02,  Men's Pile Crew Socks  ,Socks,men,5.9,5.9,False,1,5.9,PayNow
ORC-20260602-0311,1,2026-06-02 19:29:00,Orchard Central,SOK-W-02,Women's Pile Crew Socks,Socks,Women,5.9,5.9,False,1,5.9,PAYNOW
BUG-20260602-0156,2,2026-06-02 16:45:04,Bugis,SOK-W-03,Women's Airism Low-Cut Socks,Socks,Women,5.9,5.9,False,1,5.9,Card
ORC-20260602-0138,1,2026-06-02 20:40:49,orchard central,SOK-W-02,Women's Pile Crew Socks,socks,Women,5.9,5.9,False,2,11.8,NETS
ORC-20260602-0260,2,2026-06-02 20:34:30,Orchard Central,SOK-W-04,Women's Ribbed Crew Socks,Socks,Women,5.9,5.9,False,1,5.9,Card
ORC-20260602-0547,2,2026-06-02 19:48:40,Orchard Central,TOP-M-05,Men's Heattech Crew Neck Long Sleeve Tee,Tops,Men,$11.62,14.9,True,1,11.62,PayNow
ORC-20260602-0583,3,2026-06-02 17:55:33,Orchard Central,SOK-M-10,Men's Wool Blend Socks,Socks,Men,9.9,9.9,False,1,9.9,Cash
BUG-20260602-0623,2,2026-06-02 22:36:06,  Bugis  ,SOK-W-03,Women's Airism Low-Cut Socks,Socks,Women,5.9,5.9,False,1,5.9,Card
PUN-20260602-0311,1,2026-06-02 17:13:21,Punggol,SOK-W-02,Women's Pile Crew Socks,Socks,Women,5.9,5.9,False,1,5.9,PayNow
BUG-20260602-0522,2,2026-06-02 17:32:23,BUGIS,BTM-M-03,  Men's Selvedge Regular Fit Jeans  ,Bottoms,Men,59.9,59.9,False,1,59.9,Cash
ORC-20260602-0185,2,2026-06-02 20:43:36,Orchard Central,SOK-M-07,  Men's Striped Crew Socks  ,Socks,Men,5.9,5.9,False,1,5.9,Card
PUN-20260602-0599,1,2026-06-02 13:48:27,PUNGGOL,UND-W-04,Women's Airism T-Shirt Bra,Underwear,Women,29.9,29.9,False,1,29.9,card
PUN-20260602-0537,1,2026-06-02 15:06:42,Punggol,UND-M-08,Men's Airism V-Neck Undershirt,Underwear,Men,9.9,9.9,False,1,9.9,Cash
PUN-20260602-0205,3,2026-06-02 20:40:52,Punggol,TOP-M-03,Men's Dry-EX Crew Neck T-Shirt,Tops,men,19.9,19.9,False,1,19.9,NETS
BUG-20260602-0476,2,2026-06-02 18:41:59,Bugis,SOK-M-06,Men's Heattech Socks,Socks,Men,9.9,9.9,False,1,9.9,card
ORC-20260602-0317,1,2026-06-02 20:31:53,Orchard Central,UND-M-04,Men's Cotton Crew Neck Undershirt,Underwear,Men,14.9,14.9,False,1,14.9,Cash
ORC-20260602-0194,2,2026-06-02 19:54:22,Orchard Central,SOK-M-09,  Men's No-Show Sneaker Socks  ,Socks,Men,4.11,5.9,True,2,8.22,card
PUN-20260602-0619,1,2026-06-02 16:31:00,Punggol,TOP-W-01,Women's Airism Cotton Crew Neck T-Shirt,Tops,WOMEN,14.9,14.9,False,1,14.9,Card
ORC-20260602-0085,3,2026-06-02 22:46:17,Orchard Central,BTM-W-04,Women's Denim Straight Jeans,Bottoms,Women,49.9,49.9,False,1,49.9,Cash
BUG-20260602-0313,1,2026-06-02 17:11:30,Bugis,SOK-M-01,Men's Ankle Socks 3-Pack,Socks,Men,14.9,14.9,False,1,14.9,PayNow
ORC-20260602-0888,1,2026-06-02 16:40:52,orchard central,SOK-M-09,Men's No-Show Sneaker Socks,Socks,Men,4.11,5.9,True,1,4.11,CARD
ORC-20260602-0286,3,2026-06-02 18:11:22,Orchard Central,SOK-W-03,Women's Airism Low-Cut Socks,Socks,Women,5.9,5.9,False,1,5.9,CARD
ORC-20260602-0786,3,2026-06-02 20:45:15,Orchard Central,UND-M-03,Men's Airism Mesh Boxer Briefs,Underwear,Men,14.9,14.9,False,2,29.8,PayNow
PUN-20260602-0215,2,2026-06-02 14:52:52,Punggol,UND-W-03,Women's Cotton Blend Briefs,Underwear,women,9.9,9.9,False,1,9.9,Card
BUG-20260602-0576,2,2026-06-02 20:38:32,Bugis,SOK-W-04,Women's Ribbed Crew Socks,Socks,Women,5.9,5.9,False,2,11.8,PayNow
ORC-20260602-0466,2,2026-06-02 21:46:10,Orchard Central,TOP-W-01,Women's Airism Cotton Crew Neck T-Shirt,Tops,Women,14.9,14.9,False,1,14.9,NETS
PUN-20260602-0098,2,2026-06-02 20:26:45,Punggol,SOK-W-01,Women's Ankle Socks 3-Pack,Socks,Women,14.9,14.9,False,1,14.9,PayNow
BUG-20260602-0155,1,2026-06-02 20:14:43,Bugis,BTM-M-08,Men's Relaxed Fit Denim Shorts,Bottoms,Men,22.99,29.9,True,1,22.99,Nets
ORC-20260602-1054,3,2026-06-02 19:45:53,Orchard Central,SOK-M-02,Men's Pile Crew Socks,Socks,Men,5.9,5.9,False,1,5.9,Card
BUG-20260602-0022,2,2026-06-02 18:34:25,  Bugis  ,TOP-W-04,Women's Heattech Crew Neck Long Sleeve Tee,Tops,Women,14.9,14.9,False,1,14.9,NETS
BUG-20260602-0625,2,2026-06-02 17:54:31,Bugis,BTM-M-04,Men's Dry Stretch Shorts,Bottoms,Men,19.9,19.9,False,1,19.9,PayNow
BUG-20260602-0742,3,2026-06-02 14:17:48,Bugis,SOK-W-02,  Women's Pile Crew Socks  ,Socks,Women,5.9,5.9,False,1,5.9,CARD
ORC-20260602-0099,1,2026-06-02 12:18:09,Orchard Central,TOP-M-01,Men's Airism Cotton Crew Neck T-Shirt,Tops,men,14.9,14.9,False,1,14.9,card
PUN-20260602-0426,2,2026-06-02 21:55:42,  PUNGGOL  ,SOK-W-02,Women's Pile Crew Socks,Socks,women,5.9,5.9,False,1,5.9,Card
PUN-20260602-0077,1,2026-06-02 18:38:26,Punggol,UND-M-09,Men's Heattech Long Johns,Underwear,men,19.9,19.9,False,1,19.9,PayNow
PUN-20260602-0156,1,2026-06-02 19:52:24,Punggol,UND-W-03,Women's Cotton Blend Briefs,Underwear,Women,9.9,9.9,False,2,19.8,CARD
PUN-20260602-0329,1,2026-06-02 21:24:23,Punggol,UND-W-01,  Women's Airism Bikini Shorts  ,Underwear,Women,9.9,9.9,False,1,9.9,Card
PUN-20260602-0110,1,2026-06-02 18:46:44,PUNGGOL,SOK-M-04,Men's Ribbed Crew Socks,Socks,Men,5.9,5.9,False,1,5.9,Card
PUN-20260602-0385,1,2026-06-02 19:06:55,Punggol,TOP-M-02,Men's Supima Cotton Polo Shirt,Tops,Men,29.9,29.9,False,1,29.9,Cash
BUG-20260602-0629,1,2026-06-02 16:26:13,Bugis,SOK-M-04,Men's Ribbed Crew Socks,Socks,Men,5.9,5.9,False,2,11.8,Card
BUG-20260602-0491,1,2026-06-02 21:42:09,Bugis,UND-M-04,  Men's Cotton Crew Neck Undershirt  ,Underwear,Men,14.9,14.9,False,1,14.9,NETS
ORC-20260602-1065,2,2026-06-02 20:04:31,Orchard Central,SOK-W-06,Women's Heattech Socks,Socks,WOMEN,9.9,9.9,False,1,9.9,Card
PUN-20260602-0583,3,2026-06-02 21:48:02,Punggol,SOK-M-03,Men's Airism Low-Cut Socks,Socks,Men,5.9,5.9,False,1,5.9,PayNow
ORC-20260602-0193,1,2026-06-02 20:59:32,ORCHARD CENTRAL,UND-W-09,Women's Cotton Boyshorts,Underwear,Women,$9.9,9.9,False,1,9.9,Card
ORC-20260602-0864,2,2026-06-02 12:12:15,Orchard Central,UND-W-06,Women's Lace Trim Briefs,Underwear,Women,9.9,9.9,False,2,19.8,NETS
PUN-20260602-0313,1,2026-06-02 19:54:11,Punggol,SOK-M-02,Men's Pile Crew Socks,socks,Men,5.9,5.9,False,1,5.9,Card
ORC-20260602-0659,3,2026-06-02 20:04:52,Orchard Central,BTM-M-01,Men's Ezy Ankle Pants,Bottoms,Men,29.9,29.9,False,1,29.9,Card
BUG-20260602-0361,1,2026-06-02 20:18:18,Bugis,UND-W-01,Women's Airism Bikini Shorts,Underwear,Women,9.9,9.9,False,2,19.8,
PUN-20260602-0368,2,2026-06-02 18:32:34,Punggol,UND-M-01,Men's Airism Boxer Briefs,Underwear,Men,14.9,14.9,False,1,14.9,NETS
PUN-20260602-0200,2,2026-06-02 18:41:38,Punggol,SOK-M-04,Men's Ribbed Crew Socks,Socks,Men,5.9,5.9,False,2,11.8,NETS
PUN-20260602-0556,1,2026-06-02 11:01:17,Punggol,TOP-M-01,Men's Airism Cotton Crew Neck T-Shirt,Tops,Men,14.9,14.9,False,1,14.9,Card
PUN-20260602-0065,2,2026-06-02 18:28:47,Punggol,SOK-W-04,Women's Ribbed Crew Socks,Socks,Women,5.9,5.9,False,2,11.8,PayNow
BUG-20260602-0796,1,2026-06-02 20:33:26,Bugis,BTM-W-04,Women's Denim Straight Jeans,Bottoms,Women,49.9,49.9,False,1,49.9,card
PUN-20260602-0410,3,2026-06-02 20:33:32,Punggol,SOK-W-04,Women's Ribbed Crew Socks,Socks,Women,5.9,5.9,False,2,11.8,Card
PUN-20260602-0011,2,2026-06-02 14:32:59,  Punggol  ,SOK-W-03,  Women's Airism Low-Cut Socks  ,Socks,Women,5.9,5.9,False,1,5.9,PayNow
ORC-20260602-0151,1,2026-06-02 17:32:51,Orchard Central,UND-M-04,Men's Cotton Crew Neck Undershirt,Underwear,Men,14.9,14.9,False,1,14.9,CARD
ORC-20260602-0937,1,2026-06-02 20:10:38,Orchard Central,UND-W-01,Women's Airism Bikini Shorts,Underwear,Women,9.9,9.9,False,1,9.9,Paynow
ORC-20260602-0076,1,2026-06-02 19:40:01,orchard central,TOP-W-04,Women's Heattech Crew Neck Long Sleeve Tee,Tops,Women,14.9,14.9,False,1,14.9,PayNow
ORC-20260602-0179,1,2026-06-02 19:10:27,Orchard Central,SOK-M-03,Men's Airism Low-Cut Socks,Socks,men,5.9,5.9,False,1,5.9,Card
ORC-20260602-0068,1,2026-06-02 20:17:45,Orchard Central,SOK-W-02,Women's Pile Crew Socks,Socks,women,5.9,5.9,False,1,5.9,Card
BUG-20260602-0415,1,2026-06-02 12:05:02,Bugis,SOK-M-02,Men's Pile Crew Socks,Socks,Men,5.9,5.9,False,1,5.9,Cash
PUN-20260602-0571,3,2026-06-02 19:41:49,Punggol,SOK-W-04,Women's Ribbed Crew Socks,Socks,Women,5.9,5.9,False,1,5.9,PayNow
ORC-20260602-1063,2,2026-06-02 19:19:08,  Orchard Central  ,SOK-W-04,  Women's Ribbed Crew Socks  ,Socks,Women,5.9,5.9,False,1,5.9,
ORC-20260602-0794,1,2026-06-02 19:38:12,Orchard Central,SOK-W-02,Women's Pile Crew Socks,Socks,Women,5.9,5.9,False,1,5.9,Cash
PUN-20260602-0136,3,2026-06-02 19:52:19,Punggol,TOP-W-04,Women's Heattech Crew Neck Long Sleeve Tee,Tops,Women,$14.9,14.9,False,1,14.9,Card
ORC-20260602-0984,1,2026-06-02 20:57:53,Orchard Central,SOK-W-04,Women's Ribbed Crew Socks,Socks,Women,5.9,5.9,False,1,5.9,card
BUG-20260602-0658,1,2026-06-02 19:19:37,Bugis,UND-W-03,Women's Cotton Blend Briefs,UNDERWEAR,Women,9.9,9.9,False,1,9.9,PayNow
BUG-20260602-0012,1,2026-06-02 16:52:40,Bugis,SOK-M-04,Men's Ribbed Crew Socks,Socks,Men,5.9,5.9,False,1,5.9,Card
ORC-20260602-0291,1,2026-06-02 20:07:57,Orchard Central,UND-W-03,Women's Cotton Blend Briefs,Underwear,Women,9.9,9.9,False,1,9.9,Card
BUG-20260602-0310,1,2026-06-02 14:47:37,Bugis,SOK-M-04,Men's Ribbed Crew Socks,Socks,Men,$5.9,5.9,False,1,5.9,Card
PUN-20260602-0680,2,2026-06-02 14:07:13,Punggol,SOK-W-02,Women's Pile Crew Socks,Socks,Women,5.9,5.9,False,1,5.9,Nets
PUN-20260602-0111,2,2026-06-02 15:03:13,Punggol,TOP-W-01,Women's Airism Cotton Crew Neck T-Shirt,Tops,Women,14.9,14.9,False,1,14.9,Card
BUG-20260602-0404,2,2026-06-02 14:55:37,Bugis,SOK-W-04,Women's Ribbed Crew Socks,Socks,Women,5.9,5.9,False,1,5.9,Cash
BUG-20260602-0723,1,2026-06-02 13:05:04,Bugis,TOP-W-02,Women's Ribbed Long Sleeve Turtleneck,Tops,Women,19.9,19.9,False,1,19.9,Card
BUG-20260602-0350,2,2026-06-02 12:01:25,bugis,SOK-W-04,Women's Ribbed Crew Socks,Socks,Women,5.9,5.9,False,2,11.8,Cash
ORC-20260602-0104,3,2026-06-02 17:14:26,Orchard Central,TOP-W-02,Women's Ribbed Long Sleeve Turtleneck,Tops,women,19.9,19.9,False,1,$19.9,nets
BUG-20260602-0505,1,2026-06-02 17:53:30,Bugis,SOK-W-04,Women's Ribbed Crew Socks,Socks,Women,5.9,5.9,False,1,5.9,Cash
ORC-20260602-0003,3,2026-06-02 13:07:28,Orchard Central,TOP-W-02,Women's Ribbed Long Sleeve Turtleneck,Tops,Women,19.9,19.9,False,1,19.9,NETS
ORC-20260602-0788,3,2026-06-02 13:47:12,Orchard Central,UND-M-01,Men's Airism Boxer Briefs,UNDERWEAR,Men,14.9,14.9,False,2,$29.8,PayNow
ORC-20260602-0651,1,2026-06-02 15:22:22,ORCHARD CENTRAL,SOK-W-04,Women's Ribbed Crew Socks,Socks,Women,5.9,5.9,False,1,5.9,Cash
BUG-20260602-0654,1,2026-06-02 18:35:25,Bugis,TOP-W-01,Women's Airism Cotton Crew Neck T-Shirt,Tops,Women,14.9,14.9,False,1,14.9,PayNow
BUG-20260602-0740,2,2026-06-02 18:00:07,Bugis,BTM-W-04,Women's Denim Straight Jeans,Bottoms,Women,49.9,49.9,False,1,49.9,PAYNOW
ORC-20260602-0660,1,2026-06-02 19:12:35,Orchard Central,TOP-M-01,Men's Airism Cotton Crew Neck T-Shirt,Tops,Men,14.9,14.9,False,1,14.9,Card
PUN-20260602-0289,1,2026-06-02 18:39:02,Punggol,SOK-W-01,Women's Ankle Socks 3-Pack,Socks,Women,14.9,14.9,False,1,14.9,Card
ORC-20260602-0403,3,2026-06-02 20:43:10,Orchard Central,SOK-W-02,Women's Pile Crew Socks,SOCKS,Women,5.9,5.9,False,1,$5.9,Cash
PUN-20260602-0324,1,2026-06-02 15:40:29,Punggol,SOK-W-02,Women's Pile Crew Socks,Socks,Women,5.9,5.9,False,1,5.9,Card
ORC-20260602-0165,2,2026-06-02 15:36:39,  Orchard Central  ,SOK-M-09,Men's No-Show Sneaker Socks,Socks,Men,4.11,5.9,True,1,4.11,PayNow
ORC-20260602-0505,2,2026-06-02 21:30:16,Orchard Central,UND-W-09,Women's Cotton Boyshorts,underwear,Women,9.9,9.9,False,1,$9.9,Card
BUG-20260602-0499,1,2026-06-02 19:24:14,Bugis,UND-M-04,Men's Cotton Crew Neck Undershirt,Underwear,Men,14.9,14.9,False,1,14.9,PayNow
ORC-20260602-0956,2,2026-06-02 20:45:06,orchard central,UND-M-02,Men's Cotton Blend Trunks,Underwear,Men,14.9,14.9,False,1,14.9,Card
BUG-20260602-0224,1,2026-06-02 15:33:49,  Bugis  ,BTM-M-02,Men's Slim Fit Chino Trousers,Bottoms,Men,$29.9,29.9,False,1,29.9,cash
PUN-20260602-0289,2,2026-06-02 18:39:02,Punggol,BTM-M-02,  Men's Slim Fit Chino Trousers  ,Bottoms,men,$29.9,29.9,False,1,29.9,
BUG-20260602-0531,2,2026-06-02 21:35:20,Bugis,SOK-M-02,Men's Pile Crew Socks,Socks,Men,5.9,5.9,False,1,5.9,Card
BUG-20260602-0087,2,2026-06-02 12:19:38,Bugis,SOK-M-04,Men's Ribbed Crew Socks,Socks,Men,5.9,5.9,False,1,5.9,PayNow
BUG-20260602-0150,2,2026-06-02 14:31:36,Bugis,TOP-W-04,Women's Heattech Crew Neck Long Sleeve Tee,Tops,Women,14.9,14.9,False,1,14.9,CARD
PUN-20260602-0294,1,2026-06-02 19:22:40,Punggol,UND-W-01,Women's Airism Bikini Shorts,Underwear,Women,9.9,9.9,False,1,9.9,PayNow
ORC-20260602-0167,2,2026-06-02 17:43:02,  Orchard Central  ,TOP-M-03,Men's Dry-EX Crew Neck T-Shirt,Tops,Men,19.9,19.9,False,1,19.9,Card
ORC-20260602-0072,3,2026-06-02 22:53:12,Orchard Central,TOP-W-04,Women's Heattech Crew Neck Long Sleeve Tee,Tops,Women,$14.9,14.9,False,1,14.9,Cash
ORC-20260602-0358,1,2026-06-02 12:18:53,Orchard Central,TOP-W-01,Women's Airism Cotton Crew Neck T-Shirt,Tops,Women,14.9,14.9,False,1,14.9,Card
ORC-20260602-0334,1,2026-06-02 19:30:29,Orchard Central,SOK-W-03,Women's Airism Low-Cut Socks,Socks,Women,5.9,5.9,False,1,5.9,Card
BUG-20260602-0750,1,2026-06-02 17:24:44,Bugis,SOK-M-03,Men's Airism Low-Cut Socks,socks,Men,5.9,5.9,False,1,5.9,PayNow
PUN-20260602-0428,2,2026-06-02 20:44:21,Punggol,SOK-M-02,Men's Pile Crew Socks,Socks,Men,5.9,5.9,False,1,5.9,Card
ORC-20260602-1022,2,2026-06-02 20:42:56,Orchard Central,TOP-M-01,Men's Airism Cotton Crew Neck T-Shirt,tops,Men,14.9,14.9,False,1,14.9,Card
PUN-20260602-0227,1,2026-06-02 12:57:07,Punggol,SOK-M-02,Men's Pile Crew Socks,Socks,Men,5.9,5.9,False,1,5.9,Card
ORC-20260602-0602,2,2026-06-02 21:43:28,Orchard Central,SOK-W-10,Women's Wool Blend Socks,Socks,Women,9.9,9.9,False,1,$9.9,Card
PUN-20260602-0204,3,2026-06-02 16:47:18,Punggol,BTM-W-01,Women's Ultra Stretch Skinny Jeans,Bottoms,Women,39.9,39.9,False,1,39.9,PayNow
BUG-20260602-0659,2,2026-06-02 15:58:15,Bugis,UND-W-01,  Women's Airism Bikini Shorts  ,Underwear,Women,9.9,9.9,False,1,9.9,Card
ORC-20260602-0846,2,2026-06-02 20:12:38,Orchard Central,SOK-M-04,Men's Ribbed Crew Socks,Socks,Men,5.9,5.9,False,1,5.9,Card
ORC-20260602-0204,3,2026-06-02 19:58:38,Orchard Central,SOK-M-07,Men's Striped Crew Socks,Socks,Men,5.9,5.9,False,1,5.9,Card
BUG-20260602-0224,2,2026-06-02 15:33:49,Bugis,SOK-W-02,Women's Pile Crew Socks,Socks,Women,5.9,5.9,False,1,5.9,Cash
PUN-20260602-0176,1,2026-06-02 18:26:07,Punggol,TOP-W-09,Women's Drape Sleeveless Top,Tops,Women,19.9,19.9,False,1,19.9,Card
BUG-20260602-0584,2,2026-06-02 14:11:12,Bugis,BTM-M-08,Men's Relaxed Fit Denim Shorts,bottoms,Men,22.99,29.9,True,1,22.99,Card
BUG-20260602-0290,2,2026-06-02 20:04:42,Bugis,SOK-W-02,Women's Pile Crew Socks,Socks,Women,5.9,5.9,False,1,5.9,CARD
PUN-20260602-0472,1,2026-06-02 17:41:36,Punggol,TOP-W-02,Women's Ribbed Long Sleeve Turtleneck,Tops,Women,19.9,19.9,False,1,19.9,Card
ORC-20260602-1093,2,2026-06-02 20:15:04,Orchard Central,SOK-M-09,,Socks,Men,$4.11,5.9,True,1,4.11,PayNow
BUG-20260602-0541,1,2026-06-02 16:44:10,Bugis,SOK-M-01,Men's Ankle Socks 3-Pack,Socks,Men,14.9,14.9,False,1,14.9,Card
ORC-20260602-0738,1,2026-06-02 15:11:02,Orchard Central,UND-M-04,Men's Cotton Crew Neck Undershirt,Underwear,Men,14.9,14.9,False,1,14.9,PayNow
BUG-20260602-0196,2,2026-06-02 20:40:58,Bugis,TOP-W-03,Women's Silky Satin Blouse,Tops,Women,39.9,39.9,False,1,39.9,Cash
ORC-20260602-0740,1,2026-06-02 19:55:47,Orchard Central,BTM-W-04,  Women's Denim Straight Jeans  ,bottoms,women,49.9,49.9,False,1,49.9,Card
ORC-20260602-0673,2,2026-06-02 17:42:08,  Orchard Central  ,SOK-W-04,  Women's Ribbed Crew Socks  ,Socks,Women,5.9,5.9,False,1,5.9,Card
ORC-20260602-0886,1,2026-06-02 14:33:56,Orchard Central,UND-W-05,Women's Seamless Shorts,Underwear,Women,9.9,9.9,False,1,9.9,PayNow
PUN-20260602-0125,1,2026-06-02 17:00:06,Punggol,UND-W-03,Women's Cotton Blend Briefs,Underwear,Women,9.9,9.9,False,1,9.9,NETS
ORC-20260602-0039,1,2026-06-02 19:37:40,Orchard Central,TOP-M-09,Men's Flannel Checked Long Sleeve Shirt,Tops,MEN,29.9,29.9,False,1,$29.9,Card
BUG-20260602-0221,3,2026-06-02 18:30:06,Bugis,TOP-M-03,Men's Dry-EX Crew Neck T-Shirt,Tops,men,19.9,19.9,False,1,19.9,NETS
PUN-20260602-0300,3,2026-06-02 20:25:50,Punggol,SOK-W-04,Women's Ribbed Crew Socks,Socks,Women,5.9,5.9,False,1,5.9,Card
ORC-20260602-0131,1,2026-06-02 18:37:20,  Orchard Central  ,TOP-W-05,Women's Merino Blend Cardigan,Tops,Women,31.36,39.9,True,1,31.36,Card
ORC-20260602-0757,1,2026-06-02 22:01:00,ORCHARD CENTRAL,BTM-M-08,Men's Relaxed Fit Denim Shorts,Bottoms,Men,22.99,29.9,True,1,22.99,NETS
ORC-20260602-0745,1,2026-06-02 19:14:17,Orchard Central,TOP-W-02,Women's Ribbed Long Sleeve Turtleneck,Tops,Women,19.9,19.9,False,1,19.9,PayNow
PUN-20260602-0486,2,2026-06-02 20:12:49,Punggol,SOK-M-04,Men's Ribbed Crew Socks,Socks,Men,5.9,5.9,False,1,5.9,Card
ORC-20260602-0566,2,2026-06-02 21:34:46,Orchard Central,UND-W-01,Women's Airism Bikini Shorts,Underwear,women,9.9,9.9,False,1,9.9,PayNow
ORC-20260602-1113,2,2026-06-02 21:29:04,Orchard Central,SOK-M-03,Men's Airism Low-Cut Socks,Socks,Men,$5.9,5.9,False,1,5.9,Card
PUN-20260602-0178,2,2026-06-02 21:10:04,Punggol,SOK-M-02,Men's Pile Crew Socks,Socks,Men,5.9,5.9,False,1,5.9,Card
ORC-20260602-0424,3,2026-06-02 19:19:51,Orchard Central,SOK-M-03,Men's Airism Low-Cut Socks,socks,Men,5.9,5.9,False,1,5.9,Card
ORC-20260602-0520,1,2026-06-02 19:47:08,Orchard Central,SOK-M-09,Men's No-Show Sneaker Socks,Socks,Men,$4.11,5.9,True,1,4.11,Card
BUG-20260602-0720,3,2026-06-02 13:48:27,Bugis,UND-W-03,Women's Cotton Blend Briefs,Underwear,Women,9.9,9.9,False,1,9.9,Card
ORC-20260602-0063,1,2026-06-02 12:22:18,Orchard Central,TOP-W-04,Women's Heattech Crew Neck Long Sleeve Tee,TOPS,Women,14.9,14.9,False,1,14.9,Card
PUN-20260602-0055,1,2026-06-02 20:30:41,Punggol,SOK-M-01,Men's Ankle Socks 3-Pack,Socks,Men,14.9,14.9,False,1,14.9,Card
ORC-20260602-0887,1,2026-06-02 21:18:59,Orchard Central,SOK-M-04,Men's Ribbed Crew Socks,Socks,Men,5.9,5.9,False,1,5.9,Cash
ORC-20260602-0881,3,2026-06-02 20:47:59,Orchard Central,SOK-W-03,Women's Airism Low-Cut Socks,Socks,Women,5.9,5.9,False,1,5.9,Card
ORC-20260602-0935,3,2026-06-02 21:44:27,Orchard Central,TOP-W-02,Women's Ribbed Long Sleeve Turtleneck,Tops,Women,19.9,19.9,False,1,19.9,Paynow
ORC-20260602-0133,2,2026-06-02 20:18:38,Orchard Central,SOK-M-02,Men's Pile Crew Socks,Socks,Men,5.9,5.9,False,1,5.9,PayNow
PUN-20260602-0247,2,2026-06-02 21:34:43,Punggol,UND-M-03,Men's Airism Mesh Boxer Briefs,Underwear,MEN,14.9,14.9,False,2,29.8,NETS
BUG-20260602-0632,1,2026-06-02 17:14:04,Bugis,SOK-W-02,Women's Pile Crew Socks,Socks,WOMEN,5.9,5.9,False,1,5.9,PayNow
BUG-20260602-0752,1,2026-06-02 11:45:08,Bugis,SOK-M-02,Men's Pile Crew Socks,Socks,Men,5.9,5.9,False,1,5.9,NETS
PUN-20260602-0157,2,2026-06-02 20:55:46,Punggol,UND-W-01,Women's Airism Bikini Shorts,Underwear,WOMEN,9.9,9.9,False,1,9.9,NETS
ORC-20260602-0216,1,2026-06-02 21:17:46,Orchard Central,UND-M-10,Men's Cotton Blend Briefs,Underwear,Men,9.9,9.9,False,1,9.9,NETS
ORC-20260602-0319,2,2026-06-02 15:01:30,Orchard Central,SOK-W-02,Women's Pile Crew Socks,socks,Women,5.9,5.9,False,1,5.9,CARD
BUG-20260602-0799,1,2026-06-02 22:42:32,Bugis,SOK-M-04,Men's Ribbed Crew Socks,Socks,Men,5.9,5.9,False,1,5.9,NETS
PUN-20260602-0270,1,2026-06-02 13:15:41,Punggol,SOK-M-03,Men's Airism Low-Cut Socks,Socks,Men,5.9,5.9,False,1,5.9,PayNow
PUN-20260602-0232,2,2026-06-02 17:04:57,Punggol,UND-W-01,Women's Airism Bikini Shorts,Underwear,women,9.9,9.9,False,1,9.9,NETS
PUN-20260602-0309,2,2026-06-02 16:33:46,Punggol,UND-M-04,Men's Cotton Crew Neck Undershirt,Underwear,Men,$14.9,14.9,False,1,14.9,Card
BUG-20260602-0021,3,2026-06-02 20:03:32,Bugis,SOK-W-01,Women's Ankle Socks 3-Pack,Socks,WOMEN,14.9,14.9,False,1,14.9,PayNow
ORC-20260602-0593,3,2026-06-02 20:18:49,ORCHARD CENTRAL,SOK-W-03,Women's Airism Low-Cut Socks,Socks,WOMEN,5.9,5.9,False,1,5.9,Card
ORC-20260602-0733,2,2026-06-02 17:23:07,Orchard Central,SOK-M-04,Men's Ribbed Crew Socks,Socks,MEN,5.9,5.9,False,1,5.9,Card
BUG-20260602-0484,1,2026-06-02 19:39:52,Bugis,UND-M-02,Men's Cotton Blend Trunks,UNDERWEAR,Men,14.9,14.9,False,1,14.9,Card
PUN-20260602-0211,2,2026-06-02 18:54:01,Punggol,SOK-M-03,Men's Airism Low-Cut Socks,Socks,Men,5.9,5.9,False,1,5.9,Card
ORC-20260602-0650,2,2026-06-02 18:59:19,Orchard Central,SOK-M-04,Men's Ribbed Crew Socks,SOCKS,Men,5.9,5.9,False,1,5.9,PayNow
BUG-20260602-0739,3,2026-06-02 18:16:49,Bugis,TOP-M-04,Men's Oxford Long Sleeve Shirt,Tops,Men,29.9,29.9,False,1,29.9,NETS
PUN-20260602-0670,2,2026-06-02 16:32:56,Punggol,SOK-W-02,Women's Pile Crew Socks,Socks,Women,5.9,5.9,False,2,11.8,Cash
ORC-20260602-1044,1,2026-06-02 17:24:46,Orchard Central,SOK-M-02,Men's Pile Crew Socks,Socks,Men,5.9,5.9,False,1,5.9,Cash
ORC-20260602-0707,1,2026-06-02 20:36:11,  Orchard Central  ,BTM-M-01,Men's Ezy Ankle Pants,Bottoms,Men,29.9,29.9,False,1,29.9,
ORC-20260602-0228,1,2026-06-02 21:57:44,Orchard Central,SOK-W-03,Women's Airism Low-Cut Socks,Socks,Women,5.9,5.9,False,1,5.9,Card
PUN-20260602-0373,3,2026-06-02 17:46:21,Punggol,TOP-M-03,Men's Dry-EX Crew Neck T-Shirt,Tops,Men,19.9,19.9,False,1,19.9,Card
PUN-20260602-0298,1,2026-06-02 17:00:46,Punggol,UND-M-04,Men's Cotton Crew Neck Undershirt,Underwear,Men,$14.9,14.9,False,1,14.9,Card
BUG-20260602-0131,1,2026-06-02 20:04:35,Bugis,TOP-W-01,Women's Airism Cotton Crew Neck T-Shirt,Tops,Women,14.9,14.9,False,1,14.9,Card
BUG-20260602-0695,1,2026-06-02 11:05:29,Bugis,SOK-W-03,Women's Airism Low-Cut Socks,Socks,Women,5.9,5.9,False,1,5.9,Card
BUG-20260602-0642,1,2026-06-02 18:17:24,Bugis,UND-W-01,Women's Airism Bikini Shorts,Underwear,Women,9.9,9.9,False,1,9.9,NETS
BUG-20260602-0495,1,2026-06-02 20:48:57,Bugis,SOK-W-03,Women's Airism Low-Cut Socks,Socks,Women,5.9,5.9,False,1,5.9,Card
ORC-20260602-0172,2,2026-06-02 18:56:24,Orchard Central,SOK-M-09,Men's No-Show Sneaker Socks,Socks,Men,4.11,5.9,True,1,4.11,Card
PUN-20260602-0232,1,2026-06-02 17:04:57,Punggol,UND-M-03,Men's Airism Mesh Boxer Briefs,Underwear,Men,14.9,14.9,False,1,14.9,NETS
BUG-20260602-0104,2,2026-06-02 20:00:23,BUGIS,UND-M-04,Men's Cotton Crew Neck Undershirt,Underwear,Men,14.9,14.9,False,2,29.8,Card
ORC-20260602-0276,1,2026-06-02 20:06:54,Orchard Central,UND-M-02,,UNDERWEAR,Men,14.9,14.9,False,1,$14.9,Card
BUG-20260602-0235,1,2026-06-02 19:21:53,Bugis,UND-W-03,Women's Cotton Blend Briefs,Underwear,WOMEN,9.9,9.9,False,1,9.9,PayNow
ORC-20260602-0767,1,2026-06-02 15:19:23,Orchard Central,BTM-M-01,Men's Ezy Ankle Pants,Bottoms,Men,29.9,29.9,False,1,29.9,CASH
ORC-20260602-0784,1,2026-06-02 11:57:49,Orchard Central,UND-W-03,Women's Cotton Blend Briefs,UNDERWEAR,Women,9.9,9.9,False,1,9.9,PayNow
PUN-20260602-0356,1,2026-06-02 15:06:53,Punggol,UND-W-01,Women's Airism Bikini Shorts,underwear,Women,9.9,9.9,False,1,9.9,Paynow
PUN-20260602-0203,1,2026-06-02 20:22:55,Punggol,TOP-M-01,Men's Airism Cotton Crew Neck T-Shirt,Tops,Men,14.9,14.9,False,1,14.9,Card
BUG-20260602-0016,2,2026-06-02 19:28:31,Bugis,UND-W-02,Women's Wireless Bra,Underwear,Women,29.9,29.9,False,1,29.9,Card
PUN-20260602-0546,1,2026-06-02 22:43:27,Punggol,UND-W-01,Women's Airism Bikini Shorts,UNDERWEAR,Women,9.9,9.9,False,1,9.9,Card
BUG-20260602-0469,1,2026-06-02 12:59:30,Bugis,UND-M-04,Men's Cotton Crew Neck Undershirt,Underwear,Men,14.9,14.9,False,1,14.9,Cash
BUG-20260602-0267,2,2026-06-02 19:30:48,Bugis,SOK-W-02,Women's Pile Crew Socks,SOCKS,Women,5.9,5.9,False,1,5.9,Card
PUN-20260602-0487,2,2026-06-02 13:18:00,Punggol,SOK-W-03,Women's Airism Low-Cut Socks,Socks,Women,5.9,5.9,False,2,11.8,paynow
BUG-20260602-0022,3,2026-06-02 18:34:25,Bugis,SOK-M-02,Men's Pile Crew Socks,Socks,Men,5.9,5.9,False,1,5.9,NETS
ORC-20260602-0805,1,2026-06-02 20:13:33,Orchard Central,UND-W-01,Women's Airism Bikini Shorts,Underwear,Women,9.9,9.9,False,1,9.9,Card
ORC-20260602-0461,2,2026-06-02 19:46:58,Orchard Central,SOK-W-04,  Women's Ribbed Crew Socks  ,Socks,WOMEN,5.9,5.9,False,1,5.9,PayNow
ORC-20260602-0366,3,2026-06-02 13:53:22,Orchard Central,UND-M-02,Men's Cotton Blend Trunks,Underwear,Men,14.9,14.9,False,1,14.9,Card
BUG-20260602-0679,2,2026-06-02 19:30:19,Bugis,SOK-M-03,  Men's Airism Low-Cut Socks  ,Socks,Men,5.9,5.9,False,1,5.9,
ORC-20260602-0307,3,2026-06-02 16:24:38,Orchard Central,BTM-W-03,Women's Ezy Ankle Pants,Bottoms,Women,29.9,29.9,False,1,29.9,PayNow
ORC-20260602-0050,2,2026-06-02 22:45:07,Orchard Central,UND-M-02,Men's Cotton Blend Trunks,Underwear,Men,14.9,14.9,False,1,14.9,card
ORC-20260602-0723,1,2026-06-02 20:14:00,Orchard Central,SOK-M-04,Men's Ribbed Crew Socks,Socks,Men,5.9,5.9,False,1,5.9,Card
BUG-20260602-0410,1,2026-06-02 21:42:13,Bugis,TOP-W-02,Women's Ribbed Long Sleeve Turtleneck,tops,Women,19.9,19.9,False,1,19.9,Cash
ORC-20260602-0060,2,2026-06-02 19:30:22,orchard central,TOP-M-05,Men's Heattech Crew Neck Long Sleeve Tee,Tops,Men,11.62,14.9,True,1,11.62,PayNow
ORC-20260602-0275,1,2026-06-02 19:15:58,Orchard Central,SOK-M-04,Men's Ribbed Crew Socks,Socks,Men,5.9,5.9,False,2,11.8,Cash
BUG-20260602-0109,1,2026-06-02 20:59:19,bugis,SOK-W-01,Women's Ankle Socks 3-Pack,Socks,Women,14.9,14.9,False,1,14.9,card
ORC-20260602-0604,3,2026-06-02 18:18:18,Orchard Central,BTM-W-03,Women's Ezy Ankle Pants,Bottoms,Women,29.9,29.9,False,1,29.9,NETS
BUG-20260602-0148,2,2026-06-02 16:03:20,Bugis,SOK-W-03,  Women's Airism Low-Cut Socks  ,Socks,Women,5.9,5.9,False,1,5.9,Cash
BUG-20260602-0468,3,2026-06-02 14:01:00,Bugis,SOK-M-02,Men's Pile Crew Socks,Socks,Men,5.9,5.9,False,1,$5.9,Card
ORC-20260602-0107,1,2026-06-02 12:27:53,Orchard Central,SOK-M-10,  Men's Wool Blend Socks  ,Socks,Men,9.9,9.9,False,1,9.9,Cash
PUN-20260602-0220,1,2026-06-02 15:15:59,Punggol,TOP-W-02,Women's Ribbed Long Sleeve Turtleneck,Tops,Women,19.9,19.9,False,1,19.9,PayNow
BUG-20260602-0541,3,2026-06-02 16:44:10,Bugis,SOK-M-03,Men's Airism Low-Cut Socks,socks,Men,$5.9,5.9,False,1,5.9,Card
PUN-20260602-0377,2,2026-06-02 21:34:13,Punggol,UND-W-01,Women's Airism Bikini Shorts,Underwear,Women,9.9,9.9,False,1,9.9,PayNow
ORC-20260602-0666,3,2026-06-02 21:48:53,Orchard Central,UND-M-01,Men's Airism Boxer Briefs,Underwear,men,14.9,14.9,False,1,14.9,CARD
BUG-20260602-0491,3,2026-06-02 21:42:09,  Bugis  ,SOK-W-01,Women's Ankle Socks 3-Pack,Socks,Women,14.9,14.9,False,1,14.9,NETS
PUN-20260602-0092,3,2026-06-02 15:56:31,Punggol,SOK-M-03,Men's Airism Low-Cut Socks,Socks,Men,5.9,5.9,False,1,5.9,Cash
BUG-20260602-0651,1,2026-06-02 20:08:11,Bugis,SOK-M-02,Men's Pile Crew Socks,Socks,Men,5.9,5.9,False,1,5.9,Card
BUG-20260602-0474,3,2026-06-02 21:25:33,Bugis,TOP-M-01,Men's Airism Cotton Crew Neck T-Shirt,Tops,Men,14.9,14.9,False,1,14.9,NETS
PUN-20260602-0568,1,2026-06-02 21:41:13,Punggol,SOK-W-04,Women's Ribbed Crew Socks,Socks,Women,5.9,5.9,False,1,5.9,Cash
ORC-20260602-1110,1,2026-06-02 22:08:54,Orchard Central,SOK-W-10,Women's Wool Blend Socks,Socks,Women,9.9,9.9,False,2,19.8,Card
PUN-20260602-0339,2,2026-06-02 12:09:50,Punggol,SOK-W-02,Women's Pile Crew Socks,Socks,Women,5.9,5.9,False,1,5.9,Cash
ORC-20260602-0619,2,2026-06-02 20:18:22,Orchard Central,SOK-M-04,Men's Ribbed Crew Socks,Socks,MEN,5.9,5.9,False,1,5.9,Card
BUG-20260602-0167,1,2026-06-02 20:29:19,  BUGIS  ,UND-W-01,Women's Airism Bikini Shorts,Underwear,Women,9.9,9.9,False,1,9.9,Nets
ORC-20260602-0697,2,2026-06-02 17:16:41,orchard central,UND-W-01,Women's Airism Bikini Shorts,Underwear,Women,9.9,9.9,False,1,9.9,Card
BUG-20260602-0101,2,2026-06-02 16:12:34,Bugis,TOP-W-02,Women's Ribbed Long Sleeve Turtleneck,Tops,Women,19.9,19.9,False,1,19.9,Card
PUN-20260602-0601,3,2026-06-02 14:23:32,PUNGGOL,UND-M-03,Men's Airism Mesh Boxer Briefs,Underwear,Men,14.9,14.9,False,1,14.9,Card
BUG-20260602-0024,2,2026-06-02 20:36:56,  bugis  ,UND-W-03,  Women's Cotton Blend Briefs  ,Underwear,WOMEN,9.9,9.9,False,1,9.9,PayNow
BUG-20260602-0693,3,2026-06-02 20:38:30,bugis,TOP-W-03,Women's Silky Satin Blouse,Tops,Women,39.9,39.9,False,1,39.9,Nets
ORC-20260602-0877,1,2026-06-02 20:56:47,Orchard Central,SOK-M-02,Men's Pile Crew Socks,Socks,Men,5.9,5.9,False,2,11.8,Cash
ORC-20260602-0800,3,2026-06-02 15:29:03,Orchard Central,UND-W-03,Women's Cotton Blend Briefs,Underwear,Women,9.9,9.9,False,1,9.9,PayNow
ORC-20260602-0108,1,2026-06-02 20:43:59,Orchard Central,SOK-M-07,Men's Striped Crew Socks,Socks,Men,5.9,5.9,False,1,5.9,CASH
PUN-20260602-0176,2,2026-06-02 18:26:07,punggol,TOP-W-04,Women's Heattech Crew Neck Long Sleeve Tee,tops,Women,14.9,14.9,False,1,14.9,card
ORC-20260602-0293,1,2026-06-02 20:44:28,  Orchard Central  ,BTM-M-08,Men's Relaxed Fit Denim Shorts,Bottoms,Men,22.99,29.9,True,1,22.99,Cash
PUN-20260602-0602,1,2026-06-02 14:07:22,punggol,UND-M-04,Men's Cotton Crew Neck Undershirt,Underwear,Men,14.9,14.9,False,1,14.9,Card
ORC-20260602-0007,2,2026-06-02 18:28:25,orchard central,UND-M-01,Men's Airism Boxer Briefs,underwear,Men,14.9,14.9,False,1,14.9,PayNow
BUG-20260602-0637,1,2026-06-02 17:56:42,BUGIS,TOP-M-04,Men's Oxford Long Sleeve Shirt,Tops,Men,29.9,29.9,False,1,29.9,Card
BUG-20260602-0583,1,2026-06-02 19:38:01,bugis,TOP-W-02,Women's Ribbed Long Sleeve Turtleneck,Tops,Women,19.9,19.9,False,1,19.9,Card
ORC-20260602-0612,2,2026-06-02 21:16:04,Orchard Central,SOK-W-04,Women's Ribbed Crew Socks,Socks,Women,5.9,5.9,False,1,5.9,Cash
ORC-20260602-0852,1,2026-06-02 18:09:11,Orchard Central,SOK-W-03,Women's Airism Low-Cut Socks,socks,Women,5.9,5.9,False,1,5.9,Card
ORC-20260602-0089,2,2026-06-02 21:08:50,Orchard Central,SOK-M-09,Men's No-Show Sneaker Socks,Socks,Men,4.11,5.9,True,1,4.11,Card
ORC-20260602-0727,1,2026-06-02 18:58:44,Orchard Central,SOK-W-02,Women's Pile Crew Socks,Socks,Women,5.9,5.9,False,1,5.9,CARD
BUG-20260602-0136,1,2026-06-02 17:38:01,  Bugis  ,BTM-M-01,Men's Ezy Ankle Pants,Bottoms,Men,$29.9,29.9,False,1,29.9,PayNow
ORC-20260602-0204,2,2026-06-02 19:58:38,ORCHARD CENTRAL,BTM-M-08,Men's Relaxed Fit Denim Shorts,Bottoms,Men,22.99,29.9,True,1,22.99,Card
BUG-20260602-0054,2,2026-06-02 19:31:59,  Bugis  ,TOP-W-02,Women's Ribbed Long Sleeve Turtleneck,Tops,Women,19.9,19.9,False,1,19.9,PayNow
BUG-20260602-0050,1,2026-06-02 21:29:46,Bugis,UND-W-03,Women's Cotton Blend Briefs,Underwear,Women,9.9,9.9,False,1,9.9,PayNow
BUG-20260602-0677,1,2026-06-02 16:33:26,Bugis,TOP-W-01,Women's Airism Cotton Crew Neck T-Shirt,Tops,Women,14.9,14.9,False,1,14.9,PayNow
ORC-20260602-0436,1,2026-06-02 20:35:33,Orchard Central,SOK-W-03,Women's Airism Low-Cut Socks,Socks,Women,5.9,5.9,False,2,11.8,PayNow
ORC-20260602-0099,2,2026-06-02 12:18:09,Orchard Central,SOK-W-04,Women's Ribbed Crew Socks,Socks,Women,$5.9,5.9,False,1,5.9,card
PUN-20260602-0343,1,2026-06-02 22:37:07,Punggol,UND-W-02,  Women's Wireless Bra  ,UNDERWEAR,Women,29.9,29.9,False,1,29.9,PayNow
PUN-20260602-0455,1,2026-06-02 16:09:32,Punggol,SOK-W-01,  Women's Ankle Socks 3-Pack  ,Socks,Women,14.9,14.9,False,1,14.9,PayNow
ORC-20260602-1027,2,2026-06-02 19:18:42,Orchard Central,SOK-M-02,Men's Pile Crew Socks,Socks,Men,5.9,5.9,False,1,5.9,NETS
BUG-20260602-0209,3,2026-06-02 18:39:05,Bugis,SOK-W-02,Women's Pile Crew Socks,socks,Women,5.9,5.9,False,2,11.8,NETS
PUN-20260602-0688,3,2026-06-02 20:08:51,punggol,SOK-W-02,Women's Pile Crew Socks,Socks,women,5.9,5.9,False,2,11.8,PayNow
BUG-20260602-0042,2,2026-06-02 19:53:44,Bugis,UND-M-01,Men's Airism Boxer Briefs,Underwear,Men,14.9,14.9,False,1,14.9,PayNow
BUG-20260602-0786,1,2026-06-02 12:00:29,Bugis,UND-W-01,Women's Airism Bikini Shorts,Underwear,Women,9.9,9.9,False,1,9.9,Card
BUG-20260602-0393,1,2026-06-02 17:48:55,bugis,SOK-W-03,Women's Airism Low-Cut Socks,Socks,Women,5.9,5.9,False,1,5.9,Card
ORC-20260602-0222,2,2026-06-02 18:01:56,ORCHARD CENTRAL,SOK-M-02,Men's Pile Crew Socks,Socks,Men,5.9,5.9,False,1,5.9,Card
ORC-20260602-0818,2,2026-06-02 12:08:53,Orchard Central,SOK-M-04,Men's Ribbed Crew Socks,Socks,Men,5.9,5.9,False,1,5.9,nets
BUG-20260602-0142,1,2026-06-02 11:56:24,BUGIS,SOK-W-03,Women's Airism Low-Cut Socks,Socks,Women,5.9,5.9,False,1,5.9,NETS
PUN-20260602-0554,1,2026-06-02 20:57:06,Punggol,SOK-M-04,Men's Ribbed Crew Socks,Socks,Men,5.9,5.9,False,1,5.9,PayNow
ORC-20260602-0177,2,2026-06-02 20:08:28,Orchard Central,BTM-W-02,Women's High-Rise Wide Leg Pants,Bottoms,Women,39.9,39.9,False,1,39.9,Card
ORC-20260602-0979,1,2026-06-02 19:44:02,Orchard Central,SOK-W-04,Women's Ribbed Crew Socks,Socks,Women,5.9,5.9,False,1,5.9,Card
ORC-20260602-0769,2,2026-06-02 21:49:50,orchard central,TOP-M-02,Men's Supima Cotton Polo Shirt,Tops,MEN,29.9,29.9,False,1,29.9,Card
PUN-20260602-0290,1,2026-06-02 21:07:35,PUNGGOL,UND-M-03,Men's Airism Mesh Boxer Briefs,Underwear,Men,14.9,14.9,False,1,14.9,NETS
PUN-20260602-0459,1,2026-06-02 19:41:26,Punggol,TOP-M-01,Men's Airism Cotton Crew Neck T-Shirt,Tops,men,14.9,14.9,False,1,14.9,NETS
BUG-20260602-0778,2,2026-06-02 13:28:09,Bugis,SOK-W-03,Women's Airism Low-Cut Socks,SOCKS,women,5.9,5.9,False,1,5.9,card
ORC-20260602-0234,2,2026-06-02 19:10:20,ORCHARD CENTRAL,SOK-W-04,Women's Ribbed Crew Socks,Socks,Women,5.9,5.9,False,1,5.9,NETS
PUN-20260602-0489,2,2026-06-02 19:58:08,  Punggol  ,SOK-W-02,Women's Pile Crew Socks,Socks,Women,5.9,5.9,False,1,5.9,PayNow
ORC-20260602-0493,2,2026-06-02 19:37:24,Orchard Central,TOP-W-01,Women's Airism Cotton Crew Neck T-Shirt,Tops,Women,14.9,14.9,False,1,14.9,NETS
ORC-20260602-0592,3,2026-06-02 22:30:17,Orchard Central,UND-M-10,Men's Cotton Blend Briefs,Underwear,Men,9.9,9.9,False,1,9.9,Card
PUN-20260602-0446,2,2026-06-02 18:13:43,Punggol,UND-M-01,Men's Airism Boxer Briefs,Underwear,Men,$14.9,14.9,False,1,14.9,Card
BUG-20260602-0489,1,2026-06-02 21:01:47,Bugis,SOK-W-02,Women's Pile Crew Socks,Socks,Women,5.9,5.9,False,2,11.8,NETS
ORC-20260602-0821,3,2026-06-02 20:42:37,Orchard Central,UND-M-02,  Men's Cotton Blend Trunks  ,Underwear,Men,14.9,14.9,False,1,14.9,paynow
PUN-20260602-0456,2,2026-06-02 16:56:01,  Punggol  ,BTM-M-03,Men's Selvedge Regular Fit Jeans,Bottoms,Men,59.9,59.9,False,1,59.9,Cash
BUG-20260602-0816,1,2026-06-02 21:16:54,Bugis,SOK-M-03,Men's Airism Low-Cut Socks,Socks,Men,5.9,5.9,False,1,5.9,NETS
BUG-20260602-0297,1,2026-06-02 15:25:42,Bugis,UND-W-01,Women's Airism Bikini Shorts,Underwear,women,9.9,9.9,False,1,9.9,Paynow
PUN-20260602-0494,2,2026-06-02 12:19:24,Punggol,SOK-M-02,Men's Pile Crew Socks,Socks,Men,5.9,5.9,False,1,5.9,PayNow
PUN-20260602-0093,1,2026-06-02 20:30:40,Punggol,SOK-W-02,Women's Pile Crew Socks,Socks,Women,5.9,5.9,False,1,$5.9,PayNow
BUG-20260602-0689,1,2026-06-02 22:57:18,Bugis,UND-M-02,Men's Cotton Blend Trunks,Underwear,Men,14.9,14.9,False,1,14.9,card
PUN-20260602-0555,1,2026-06-02 21:59:53,Punggol,UND-M-03,Men's Airism Mesh Boxer Briefs,Underwear,Men,14.9,14.9,False,1,14.9,Card
PUN-20260602-0173,1,2026-06-02 19:08:24,Punggol,BTM-M-01,Men's Ezy Ankle Pants,Bottoms,Men,29.9,29.9,False,1,29.9,Card
BUG-20260602-0197,1,2026-06-02 17:03:52,Bugis,SOK-W-02,Women's Pile Crew Socks,Socks,Women,5.9,5.9,False,1,5.9,Paynow
PUN-20260602-0202,2,2026-06-02 16:26:35,PUNGGOL,SOK-M-04,Men's Ribbed Crew Socks,Socks,men,5.9,5.9,False,1,5.9,NETS
PUN-20260602-0029,2,2026-06-02 20:56:19,Punggol,UND-M-03,Men's Airism Mesh Boxer Briefs,Underwear,Men,14.9,14.9,False,1,14.9,PayNow
BUG-20260602-0093,1,2026-06-02 16:07:38,  Bugis  ,SOK-M-04,Men's Ribbed Crew Socks,Socks,Men,5.9,5.9,False,1,5.9,Card
ORC-20260602-0756,2,2026-06-02 11:32:08,orchard central,UND-M-02,Men's Cotton Blend Trunks,Underwear,Men,14.9,14.9,False,1,14.9,PayNow
ORC-20260602-0817,2,2026-06-02 20:28:02,Orchard Central,SOK-M-02,Men's Pile Crew Socks,SOCKS,Men,5.9,5.9,False,1,5.9,Cash
ORC-20260602-1093,3,2026-06-02 20:15:04,  Orchard Central  ,TOP-W-01,  Women's Airism Cotton Crew Neck T-Shirt  ,Tops,Women,14.9,14.9,False,1,14.9,PayNow
ORC-20260602-0305,1,2026-06-02 19:05:50,Orchard Central,TOP-M-01,Men's Airism Cotton Crew Neck T-Shirt,Tops,Men,14.9,14.9,False,1,14.9,NETS
ORC-20260602-0489,1,2026-06-02 18:38:46,orchard central,SOK-W-02,Women's Pile Crew Socks,Socks,Women,5.9,5.9,False,1,5.9,Card
ORC-20260602-0846,3,2026-06-02 20:12:38,Orchard Central,SOK-M-10,Men's Wool Blend Socks,Socks,Men,9.9,9.9,False,1,9.9,Card
BUG-20260602-0263,1,2026-06-02 20:25:35,Bugis,TOP-M-04,  Men's Oxford Long Sleeve Shirt  ,tops,Men,$29.9,29.9,False,1,29.9,CARD
BUG-20260602-0213,3,2026-06-02 12:33:30,Bugis,SOK-W-01,Women's Ankle Socks 3-Pack,Socks,Women,14.9,14.9,False,2,29.8,PayNow
PUN-20260602-0462,2,2026-06-02 21:38:34,PUNGGOL,TOP-W-04,Women's Heattech Crew Neck Long Sleeve Tee,Tops,Women,14.9,14.9,False,1,14.9,Card
ORC-20260602-0407,2,2026-06-02 21:37:00,Orchard Central,SOK-M-04,Men's Ribbed Crew Socks,Socks,Men,5.9,5.9,False,1,5.9,Card
PUN-20260602-0352,1,2026-06-02 20:30:14,Punggol,TOP-M-01,Men's Airism Cotton Crew Neck T-Shirt,Tops,Men,14.9,14.9,False,1,14.9,NETS
BUG-20260602-0760,1,2026-06-02 22:54:42,Bugis,SOK-W-01,Women's Ankle Socks 3-Pack,Socks,Women,14.9,14.9,False,1,14.9,Cash
PUN-20260602-0673,1,2026-06-02 17:55:41,Punggol,SOK-M-03,Men's Airism Low-Cut Socks,SOCKS,Men,5.9,5.9,False,1,5.9,PayNow
ORC-20260602-0108,2,2026-06-02 20:43:59,Orchard Central,SOK-W-02,Women's Pile Crew Socks,Socks,Women,5.9,5.9,False,1,5.9,Cash
BUG-20260602-0389,2,2026-06-02 17:42:17,Bugis,SOK-W-02,Women's Pile Crew Socks,socks,Women,5.9,5.9,False,1,5.9,Card
ORC-20260602-0698,3,2026-06-02 17:38:27,Orchard Central,TOP-M-09,Men's Flannel Checked Long Sleeve Shirt,Tops,Men,29.9,29.9,False,1,29.9,Card
ORC-20260602-0422,1,2026-06-02 20:49:24,Orchard Central,SOK-W-04,Women's Ribbed Crew Socks,Socks,Women,5.9,5.9,False,1,5.9,Card
BUG-20260602-0218,1,2026-06-02 21:24:01,Bugis,SOK-W-02,Women's Pile Crew Socks,Socks,Women,5.9,5.9,False,1,5.9,PayNow
PUN-20260602-0283,3,2026-06-02 19:39:18,Punggol,TOP-W-02,Women's Ribbed Long Sleeve Turtleneck,Tops,women,19.9,19.9,False,1,19.9,NETS
BUG-20260602-0530,2,2026-06-02 19:38:52,Bugis,SOK-M-06,Men's Heattech Socks,Socks,men,9.9,9.9,False,1,9.9,Card
PUN-20260602-0032,2,2026-06-02 14:08:01,PUNGGOL,UND-W-02,Women's Wireless Bra,Underwear,Women,29.9,29.9,False,1,29.9,NETS
ORC-20260602-0018,1,2026-06-02 19:05:52,Orchard Central,UND-W-01,Women's Airism Bikini Shorts,Underwear,Women,9.9,9.9,False,2,19.8,Cash
ORC-20260602-0802,1,2026-06-02 18:01:21,Orchard Central,UND-M-01,Men's Airism Boxer Briefs,Underwear,Men,14.9,14.9,False,2,29.8,Card
BUG-20260602-0349,1,2026-06-02 13:16:16,Bugis,SOK-W-02,Women's Pile Crew Socks,Socks,Women,5.9,5.9,False,1,5.9,Card
PUN-20260602-0647,1,2026-06-02 20:12:55,Punggol,UND-M-04,Men's Cotton Crew Neck Undershirt,Underwear,Men,14.9,14.9,False,1,14.9,Card
ORC-20260602-1015,2,2026-06-02 14:34:17,  Orchard Central  ,SOK-W-02,  Women's Pile Crew Socks  ,Socks,Women,5.9,5.9,False,2,11.8,PayNow
PUN-20260602-0136,2,2026-06-02 19:52:19,  Punggol  ,SOK-M-03,Men's Airism Low-Cut Socks,Socks,Men,5.9,5.9,False,1,5.9,CARD
ORC-20260602-0202,3,2026-06-02 21:31:12,Orchard Central,SOK-M-02,Men's Pile Crew Socks,Socks,men,5.9,5.9,False,1,5.9,Card
ORC-20260602-0158,2,2026-06-02 18:04:27,Orchard Central,SOK-M-05,Men's Sport Ankle Socks,Socks,Men,5.9,5.9,False,1,5.9,Card
PUN-20260602-0318,3,2026-06-02 18:13:44,Punggol,BTM-M-03,Men's Selvedge Regular Fit Jeans,Bottoms,Men,59.9,59.9,False,1,59.9,Card
PUN-20260602-0430,3,2026-06-02 18:45:08,Punggol,TOP-W-02,Women's Ribbed Long Sleeve Turtleneck,Tops,Women,19.9,19.9,False,1,$19.9,PayNow
ORC-20260602-0430,1,2026-06-02 20:05:49,Orchard Central,BTM-M-03,Men's Selvedge Regular Fit Jeans,Bottoms,Men,59.9,59.9,False,1,59.9,Card
BUG-20260602-0630,1,2026-06-02 12:09:44,Bugis,SOK-M-02,Men's Pile Crew Socks,Socks,Men,5.9,5.9,False,1,5.9,Card
BUG-20260602-0519,2,2026-06-02 20:05:30,Bugis,SOK-M-04,  Men's Ribbed Crew Socks  ,Socks,Men,5.9,5.9,False,1,5.9,Card
PUN-20260602-0150,1,2026-06-02 19:04:45,Punggol,SOK-M-03,Men's Airism Low-Cut Socks,Socks,Men,5.9,5.9,False,1,5.9,Card
ORC-20260602-1011,1,2026-06-02 17:14:37,  ORCHARD CENTRAL  ,SOK-M-07,Men's Striped Crew Socks,Socks,Men,5.9,5.9,False,1,5.9,Card
PUN-20260602-0060,2,2026-06-02 20:52:57,Punggol,SOK-M-04,Men's Ribbed Crew Socks,Socks,Men,5.9,5.9,False,1,5.9,Card
BUG-20260602-0732,1,2026-06-02 19:16:05,Bugis,SOK-W-02,Women's Pile Crew Socks,Socks,Women,5.9,5.9,False,1,5.9,Paynow
ORC-20260602-0283,1,2026-06-02 21:45:32,Orchard Central,UND-W-01,Women's Airism Bikini Shorts,UNDERWEAR,WOMEN,9.9,9.9,False,1,9.9,NETS
BUG-20260602-0515,2,2026-06-02 18:20:07,Bugis,SOK-W-04,Women's Ribbed Crew Socks,Socks,Women,5.9,5.9,False,1,5.9,Cash
ORC-20260602-0323,1,2026-06-02 20:10:21,Orchard Central,SOK-M-08,Men's Cotton Blend Dress Socks,Socks,Men,9.9,9.9,False,1,9.9,paynow
ORC-20260602-0809,2,2026-06-02 12:30:26,ORCHARD CENTRAL,UND-W-01,Women's Airism Bikini Shorts,Underwear,Women,9.9,9.9,False,1,9.9,Card
ORC-20260602-1051,1,2026-06-02 21:11:18,Orchard Central,UND-M-04,Men's Cotton Crew Neck Undershirt,Underwear,Men,14.9,14.9,False,2,29.8,Card
ORC-20260602-0819,2,2026-06-02 11:34:26,Orchard Central,TOP-M-03,Men's Dry-EX Crew Neck T-Shirt,Tops,Men,19.9,19.9,False,1,19.9,PayNow
ORC-20260602-0632,2,2026-06-02 20:47:05,Orchard Central,UND-M-04,Men's Cotton Crew Neck Undershirt,Underwear,Men,14.9,14.9,False,1,14.9,NETS
BUG-20260602-0260,2,2026-06-02 19:26:58,Bugis,UND-W-04,Women's Airism T-Shirt Bra,Underwear,Women,29.9,29.9,False,1,29.9,Card
BUG-20260602-0078,2,2026-06-02 14:04:57,Bugis,UND-M-01,Men's Airism Boxer Briefs,Underwear,Men,14.9,14.9,False,1,14.9,Card
BUG-20260602-0777,1,2026-06-02 18:29:09,Bugis,BTM-M-01,  Men's Ezy Ankle Pants  ,bottoms,Men,29.9,29.9,False,1,29.9,PayNow
BUG-20260602-0301,1,2026-06-02 20:09:31,Bugis,UND-M-01,Men's Airism Boxer Briefs,Underwear,Men,14.9,14.9,False,2,29.8,PayNow
BUG-20260602-0364,1,2026-06-02 12:59:59,  Bugis  ,SOK-M-04,Men's Ribbed Crew Socks,Socks,Men,5.9,5.9,False,1,5.9,Card
PUN-20260602-0191,1,2026-06-02 18:20:42,Punggol,SOK-M-04,Men's Ribbed Crew Socks,Socks,Men,5.9,5.9,False,1,5.9,Card
BUG-20260602-0537,2,2026-06-02 12:20:29,  BUGIS  ,UND-M-01,Men's Airism Boxer Briefs,Underwear,Men,14.9,14.9,False,1,14.9,PAYNOW
BUG-20260602-0549,2,2026-06-02 12:14:37,Bugis,UND-M-04,  Men's Cotton Crew Neck Undershirt  ,Underwear,MEN,$14.9,14.9,False,1,14.9,NETS
PUN-20260602-0679,2,2026-06-02 12:22:57,Punggol,SOK-M-04,Men's Ribbed Crew Socks,Socks,Men,5.9,5.9,False,1,5.9,Card
ORC-20260602-0636,1,2026-06-02 22:50:25,Orchard Central,SOK-W-01,Women's Ankle Socks 3-Pack,SOCKS,WOMEN,14.9,14.9,False,1,14.9,Paynow
BUG-20260602-0627,2,2026-06-02 18:56:53,Bugis,BTM-M-02,  Men's Slim Fit Chino Trousers  ,Bottoms,Men,29.9,29.9,False,1,29.9,PayNow
ORC-20260602-0662,2,2026-06-02 22:37:02,Orchard Central,TOP-W-01,,Tops,Women,14.9,14.9,False,1,14.9,PayNow
BUG-20260602-0451,3,2026-06-02 19:49:23,Bugis,UND-M-01,Men's Airism Boxer Briefs,Underwear,Men,14.9,14.9,False,1,$14.9,Card
ORC-20260602-1027,3,2026-06-02 19:18:42,Orchard Central,SOK-M-02,Men's Pile Crew Socks,Socks,Men,5.9,5.9,False,1,5.9,nets
ORC-20260602-0506,1,2026-06-02 15:10:55,  Orchard Central  ,SOK-W-02,  Women's Pile Crew Socks  ,Socks,Women,5.9,5.9,False,1,5.9,Card
BUG-20260602-0740,1,2026-06-02 18:00:07,Bugis,TOP-M-04,Men's Oxford Long Sleeve Shirt,Tops,Men,29.9,29.9,False,1,29.9,PayNow
BUG-20260602-0729,1,2026-06-02 20:48:35,BUGIS,TOP-W-01,Women's Airism Cotton Crew Neck T-Shirt,Tops,Women,14.9,14.9,False,1,14.9,NETS
BUG-20260602-0808,2,2026-06-02 14:14:35,Bugis,SOK-M-01,Men's Ankle Socks 3-Pack,Socks,Men,14.9,14.9,False,2,29.8,Card
PUN-20260602-0007,1,2026-06-02 21:36:20,  Punggol  ,TOP-M-03,Men's Dry-EX Crew Neck T-Shirt,Tops,Men,19.9,19.9,False,1,19.9,NETS
BUG-20260602-0327,1,2026-06-02 20:09:10,Bugis,SOK-M-03,Men's Airism Low-Cut Socks,Socks,men,5.9,5.9,False,1,5.9,card
PUN-20260602-0160,1,2026-06-02 17:09:52,Punggol,TOP-W-04,Women's Heattech Crew Neck Long Sleeve Tee,Tops,Women,14.9,14.9,False,1,14.9,Card
ORC-20260602-0223,3,2026-06-02 20:37:36,Orchard Central,SOK-M-04,Men's Ribbed Crew Socks,Socks,Men,5.9,5.9,False,1,5.9,PayNow
PUN-20260602-0417,2,2026-06-02 15:11:45,  Punggol  ,UND-M-04,Men's Cotton Crew Neck Undershirt,Underwear,MEN,14.9,14.9,False,1,14.9,Card
PUN-20260602-0478,1,2026-06-02 13:45:41,Punggol,SOK-M-03,Men's Airism Low-Cut Socks,Socks,Men,5.9,5.9,False,1,5.9,PayNow
ORC-20260602-0546,3,2026-06-02 20:07:30,Orchard Central,UND-W-01,  Women's Airism Bikini Shorts  ,Underwear,Women,9.9,9.9,False,1,9.9,PayNow
BUG-20260602-0091,1,2026-06-02 19:10:10,  Bugis  ,BTM-M-04,Men's Dry Stretch Shorts,Bottoms,Men,19.9,19.9,False,1,19.9,PayNow
BUG-20260602-0502,2,2026-06-02 22:50:29,Bugis,UND-M-04,Men's Cotton Crew Neck Undershirt,UNDERWEAR,Men,14.9,14.9,False,1,14.9,NETS
BUG-20260602-0312,1,2026-06-02 21:03:41,  Bugis  ,UND-W-01,  Women's Airism Bikini Shorts  ,Underwear,Women,9.9,9.9,False,1,9.9,Cash
BUG-20260602-0056,1,2026-06-02 14:10:50,Bugis,SOK-M-02,Men's Pile Crew Socks,Socks,Men,5.9,5.9,False,1,5.9,Card
PUN-20260602-0432,2,2026-06-02 13:46:59,Punggol,SOK-M-03,  Men's Airism Low-Cut Socks  ,Socks,Men,5.9,5.9,False,1,5.9,NETS
PUN-20260602-0570,1,2026-06-02 11:23:11,Punggol,SOK-M-03,Men's Airism Low-Cut Socks,Socks,MEN,5.9,5.9,False,1,5.9,PayNow
BUG-20260602-0766,1,2026-06-02 19:03:22,Bugis,BTM-W-02,Women's High-Rise Wide Leg Pants,Bottoms,Women,39.9,39.9,False,1,39.9,Cash
BUG-20260602-0322,1,2026-06-02 16:05:16,Bugis,UND-W-02,Women's Wireless Bra,Underwear,Women,29.9,29.9,False,1,$29.9,PayNow
ORC-20260602-0162,2,2026-06-02 21:23:45,Orchard Central,SOK-M-04,Men's Ribbed Crew Socks,Socks,Men,5.9,5.9,False,1,5.9,PayNow
BUG-20260602-0559,2,2026-06-02 17:55:04,Bugis,BTM-W-10,Women's High Waist Denim Shorts,Bottoms,Women,29.9,29.9,False,1,29.9,Card
PUN-20260602-0165,2,2026-06-02 21:04:04,Punggol,SOK-W-06,Women's Heattech Socks,Socks,Women,9.9,9.9,False,1,9.9,NETS
PUN-20260602-0207,2,2026-06-02 21:47:56,PUNGGOL,SOK-M-02,Men's Pile Crew Socks,Socks,Men,5.9,5.9,False,1,5.9,Card
BUG-20260602-0708,2,2026-06-02 12:51:26,Bugis,SOK-W-02,Women's Pile Crew Socks,Socks,Women,5.9,5.9,False,1,5.9,Card
ORC-20260602-0127,3,2026-06-02 16:09:54,orchard central,SOK-W-02,Women's Pile Crew Socks,Socks,Women,5.9,5.9,False,1,5.9,Card
PUN-20260602-0221,2,2026-06-02 19:09:54,Punggol,SOK-W-01,Women's Ankle Socks 3-Pack,Socks,women,14.9,14.9,False,1,14.9,Cash
ORC-20260602-1003,3,2026-06-02 15:22:44,Orchard Central,UND-W-03,Women's Cotton Blend Briefs,Underwear,women,9.9,9.9,False,1,9.9,CASH
ORC-20260602-0609,1,2026-06-02 21:57:35,Orchard Central,UND-W-03,Women's Cotton Blend Briefs,Underwear,Women,9.9,9.9,False,2,19.8,Card
PUN-20260602-0401,1,2026-06-02 14:43:42,Punggol,SOK-M-02,Men's Pile Crew Socks,Socks,Men,5.9,5.9,False,1,5.9,PAYNOW
BUG-20260602-0275,1,2026-06-02 18:37:26,  Bugis  ,SOK-W-02,Women's Pile Crew Socks,Socks,Women,5.9,5.9,False,1,5.9,card
BUG-20260602-0193,2,2026-06-02 20:21:50,Bugis,TOP-W-04,Women's Heattech Crew Neck Long Sleeve Tee,Tops,Women,14.9,14.9,False,1,14.9,Card
PUN-20260602-0501,3,2026-06-02 11:43:23,Punggol,TOP-M-02,Men's Supima Cotton Polo Shirt,Tops,Men,29.9,29.9,False,1,29.9,Card
BUG-20260602-0180,3,2026-06-02 16:29:35,Bugis,SOK-W-01,Women's Ankle Socks 3-Pack,Socks,Women,14.9,14.9,False,2,29.8,Card
BUG-20260602-0087,1,2026-06-02 12:19:38,Bugis,SOK-W-04,Women's Ribbed Crew Socks,Socks,Women,5.9,5.9,False,1,5.9,PAYNOW
PUN-20260602-0105,1,2026-06-02 21:09:46,punggol,SOK-W-02,  Women's Pile Crew Socks  ,Socks,Women,5.9,5.9,False,1,5.9,PayNow
BUG-20260602-0086,3,2026-06-02 15:30:02,Bugis,SOK-M-02,Men's Pile Crew Socks,Socks,Men,5.9,5.9,False,1,5.9,PayNow
BUG-20260602-0043,2,2026-06-02 20:00:36,Bugis,TOP-M-01,Men's Airism Cotton Crew Neck T-Shirt,Tops,Men,14.9,14.9,False,1,14.9,NETS
BUG-20260602-0232,1,2026-06-02 12:45:32,bugis,SOK-W-04,Women's Ribbed Crew Socks,Socks,Women,5.9,5.9,False,1,5.9,card
ORC-20260602-0124,1,2026-06-02 17:37:12,Orchard Central,UND-W-01,  Women's Airism Bikini Shorts  ,Underwear,Women,9.9,9.9,False,1,9.9,PayNow
ORC-20260602-1028,1,2026-06-02 16:04:53,Orchard Central,SOK-M-02,Men's Pile Crew Socks,Socks,men,5.9,5.9,False,1,5.9,PayNow
PUN-20260602-0183,1,2026-06-02 21:12:04,Punggol,TOP-M-01,Men's Airism Cotton Crew Neck T-Shirt,tops,Men,14.9,14.9,False,1,14.9,NETS
ORC-20260602-1102,2,2026-06-02 14:28:06,  Orchard Central  ,SOK-M-09,Men's No-Show Sneaker Socks,Socks,men,4.11,5.9,True,1,4.11,Card
ORC-20260602-0947,2,2026-06-02 18:15:51,Orchard Central,TOP-M-01,Men's Airism Cotton Crew Neck T-Shirt,Tops,Men,14.9,14.9,False,1,$14.9,Card
BUG-20260602-0303,2,2026-06-02 19:39:13,  Bugis  ,SOK-M-03,Men's Airism Low-Cut Socks,Socks,Men,5.9,5.9,False,1,5.9,Cash
ORC-20260602-0670,1,2026-06-02 12:33:32,Orchard Central,SOK-M-09,Men's No-Show Sneaker Socks,Socks,Men,4.11,5.9,True,1,4.11,PayNow
BUG-20260602-0495,3,2026-06-02 20:48:57,Bugis,SOK-W-10,Women's Wool Blend Socks,Socks,Women,9.9,9.9,False,1,9.9,Card
PUN-20260602-0031,3,2026-06-02 13:46:24,Punggol,TOP-W-03,Women's Silky Satin Blouse,TOPS,Women,39.9,39.9,False,1,39.9,Card
ORC-20260602-0100,1,2026-06-02 22:16:40,Orchard Central,UND-M-04,Men's Cotton Crew Neck Undershirt,Underwear,Men,14.9,14.9,False,1,14.9,Card
ORC-20260602-0868,2,2026-06-02 15:28:39,  Orchard Central  ,SOK-W-02,Women's Pile Crew Socks,Socks,Women,5.9,5.9,False,1,5.9,NETS
BUG-20260602-0529,1,2026-06-02 13:18:34,Bugis,SOK-W-04,Women's Ribbed Crew Socks,Socks,women,5.9,5.9,False,1,5.9,Card
BUG-20260602-0060,3,2026-06-02 19:30:32,Bugis,SOK-W-02,  Women's Pile Crew Socks  ,Socks,Women,5.9,5.9,False,1,5.9,Card
BUG-20260602-0210,2,2026-06-02 12:14:57,bugis,UND-W-03,Women's Cotton Blend Briefs,Underwear,Women,9.9,9.9,False,1,9.9,Card
PUN-20260602-0445,1,2026-06-02 22:07:25,punggol,SOK-W-02,Women's Pile Crew Socks,Socks,Women,5.9,5.9,False,1,5.9,Cash
ORC-20260602-1082,1,2026-06-02 14:57:23,Orchard Central,SOK-M-04,Men's Ribbed Crew Socks,Socks,Men,5.9,5.9,False,1,5.9,Card
PUN-20260602-0052,2,2026-06-02 15:52:47,Punggol,SOK-W-03,Women's Airism Low-Cut Socks,socks,Women,5.9,5.9,False,1,5.9,Card
ORC-20260602-0758,2,2026-06-02 16:52:31,Orchard Central,SOK-W-01,Women's Ankle Socks 3-Pack,socks,Women,14.9,14.9,False,1,14.9,Card
BUG-20260602-0706,2,2026-06-02 17:56:25,Bugis,SOK-W-02,Women's Pile Crew Socks,Socks,Women,5.9,5.9,False,1,5.9,Card
BUG-20260602-0738,1,2026-06-02 19:33:35,BUGIS,SOK-W-01,  Women's Ankle Socks 3-Pack  ,Socks,Women,14.9,14.9,False,1,14.9,NETS
BUG-20260602-0357,2,2026-06-02 17:17:29,Bugis,UND-M-04,Men's Cotton Crew Neck Undershirt,Underwear,Men,14.9,14.9,False,1,14.9,Card
ORC-20260602-0564,2,2026-06-02 21:52:37,Orchard Central,SOK-M-10,  Men's Wool Blend Socks  ,socks,MEN,9.9,9.9,False,1,9.9,NETS
BUG-20260602-0135,1,2026-06-02 22:17:48,  Bugis  ,TOP-M-01,Men's Airism Cotton Crew Neck T-Shirt,Tops,Men,14.9,14.9,False,1,14.9,Card
PUN-20260602-0369,1,2026-06-02 19:58:43,Punggol,SOK-M-02,Men's Pile Crew Socks,socks,men,5.9,5.9,False,1,5.9,Cash
PUN-20260602-0104,1,2026-06-02 22:00:38,Punggol,TOP-M-01,Men's Airism Cotton Crew Neck T-Shirt,Tops,Men,14.9,14.9,False,1,14.9,Card
ORC-20260602-0682,1,2026-06-02 16:56:30,Orchard Central,TOP-W-03,Women's Silky Satin Blouse,Tops,Women,39.9,39.9,False,1,39.9,Card
PUN-20260602-0661,1,2026-06-02 14:00:13,Punggol,SOK-W-03,Women's Airism Low-Cut Socks,Socks,Women,5.9,5.9,False,1,5.9,
BUG-20260602-0571,2,2026-06-02 21:05:20,Bugis,UND-M-04,  Men's Cotton Crew Neck Undershirt  ,Underwear,Men,14.9,14.9,False,1,14.9,Card
ORC-20260602-0677,1,2026-06-02 19:32:10,Orchard Central,TOP-M-02,Men's Supima Cotton Polo Shirt,Tops,Men,29.9,29.9,False,1,$29.9,Card
PUN-20260602-0250,1,2026-06-02 19:04:28,Punggol,UND-W-03,Women's Cotton Blend Briefs,underwear,WOMEN,9.9,9.9,False,1,9.9,Cash
PUN-20260602-0517,2,2026-06-02 13:50:32,punggol,SOK-M-02,Men's Pile Crew Socks,Socks,Men,5.9,5.9,False,1,5.9,nets
ORC-20260602-0599,2,2026-06-02 21:18:20,Orchard Central,SOK-M-05,Men's Sport Ankle Socks,Socks,MEN,5.9,5.9,False,1,5.9,Cash
ORC-20260602-0700,1,2026-06-02 11:05:53,Orchard Central,SOK-M-03,Men's Airism Low-Cut Socks,Socks,Men,5.9,5.9,False,1,5.9,Cash
BUG-20260602-0617,2,2026-06-02 21:16:37,Bugis,UND-M-01,Men's Airism Boxer Briefs,Underwear,men,14.9,14.9,False,1,14.9,Cash
BUG-20260602-0276,1,2026-06-02 21:28:49,  Bugis  ,BTM-M-02,Men's Slim Fit Chino Trousers,Bottoms,Men,29.9,29.9,False,1,29.9,Card
BUG-20260602-0329,2,2026-06-02 18:06:54,bugis,BTM-W-03,Women's Ezy Ankle Pants,Bottoms,Women,29.9,29.9,False,1,29.9,Card
BUG-20260602-0765,1,2026-06-02 17:30:16,Bugis,UND-W-03,Women's Cotton Blend Briefs,Underwear,Women,9.9,9.9,False,1,9.9,Card
PUN-20260602-0615,3,2026-06-02 19:35:21,Punggol,UND-M-07,Men's Stretch Cotton Boxers,Underwear,Men,14.9,14.9,False,1,14.9,PayNow
ORC-20260602-0188,2,2026-06-02 19:22:15,Orchard Central,SOK-W-04,Women's Ribbed Crew Socks,Socks,WOMEN,5.9,5.9,False,2,11.8,Card
PUN-20260602-0373,1,2026-06-02 17:46:21,Punggol,SOK-W-01,Women's Ankle Socks 3-Pack,Socks,Women,14.9,14.9,False,1,14.9,Card
ORC-20260602-0185,3,2026-06-02 20:43:36,Orchard Central,SOK-M-02,Men's Pile Crew Socks,Socks,Men,5.9,5.9,False,1,5.9,Card
PUN-20260602-0061,1,2026-06-02 16:58:47,Punggol,UND-M-01,  Men's Airism Boxer Briefs  ,Underwear,Men,14.9,14.9,False,1,14.9,card
PUN-20260602-0311,3,2026-06-02 17:13:21,Punggol,SOK-W-02,Women's Pile Crew Socks,Socks,WOMEN,5.9,5.9,False,1,5.9,PayNow
ORC-20260602-0920,2,2026-06-02 18:18:48,  Orchard Central  ,SOK-W-02,Women's Pile Crew Socks,SOCKS,Women,5.9,5.9,False,1,5.9,PayNow
PUN-20260602-0079,3,2026-06-02 21:57:18,Punggol,UND-W-01,Women's Airism Bikini Shorts,Underwear,Women,9.9,9.9,False,1,9.9,Card
ORC-20260602-0709,1,2026-06-02 14:35:19,Orchard Central,TOP-M-05,Men's Heattech Crew Neck Long Sleeve Tee,Tops,Men,11.62,14.9,True,1,11.62,Nets
ORC-20260602-0931,2,2026-06-02 20:09:44,orchard central,SOK-M-03,Men's Airism Low-Cut Socks,Socks,Men,5.9,5.9,False,2,11.8,PayNow
BUG-20260602-0558,1,2026-06-02 20:25:05,Bugis,SOK-M-01,Men's Ankle Socks 3-Pack,Socks,Men,14.9,14.9,False,1,14.9,NETS
BUG-20260602-0691,1,2026-06-02 19:49:28,bugis,SOK-W-02,Women's Pile Crew Socks,Socks,Women,5.9,5.9,False,1,5.9,PayNow
PUN-20260602-0435,3,2026-06-02 22:19:07,Punggol,UND-M-06,  Men's Airism Sleeveless Undershirt  ,Underwear,Men,9.9,9.9,False,1,9.9,Cash
ORC-20260602-0489,2,2026-06-02 18:38:46,Orchard Central,SOK-W-03,Women's Airism Low-Cut Socks,SOCKS,Women,5.9,5.9,False,1,5.9,Card
ORC-20260602-0092,2,2026-06-02 12:56:32,Orchard Central,SOK-W-10,Women's Wool Blend Socks,Socks,Women,9.9,9.9,False,1,9.9,Card
PUN-20260602-0531,1,2026-06-02 19:28:55,Punggol,TOP-W-01,Women's Airism Cotton Crew Neck T-Shirt,Tops,Women,14.9,14.9,False,1,14.9,PayNow
BUG-20260602-0154,1,2026-06-02 16:37:20,Bugis,UND-W-01,Women's Airism Bikini Shorts,Underwear,Women,9.9,9.9,False,1,9.9,Card
ORC-20260602-0072,2,2026-06-02 22:53:12,  Orchard Central  ,UND-M-04,Men's Cotton Crew Neck Undershirt,Underwear,Men,14.9,14.9,False,1,14.9,Cash
PUN-20260602-0346,1,2026-06-02 19:07:42,Punggol,UND-W-01,Women's Airism Bikini Shorts,Underwear,Women,9.9,9.9,False,1,9.9,PayNow
ORC-20260602-0871,2,2026-06-02 11:51:14,Orchard Central,SOK-M-03,Men's Airism Low-Cut Socks,Socks,Men,5.9,5.9,False,1,5.9,Cash
BUG-20260602-0775,1,2026-06-02 15:39:08,Bugis,BTM-M-04,Men's Dry Stretch Shorts,Bottoms,Men,19.9,19.9,False,1,19.9,CASH
ORC-20260602-0515,2,2026-06-02 12:15:19,Orchard Central,UND-W-01,Women's Airism Bikini Shorts,Underwear,Women,9.9,9.9,False,1,9.9,NETS
BUG-20260602-0240,2,2026-06-02 11:42:19,Bugis,SOK-W-02,Women's Pile Crew Socks,Socks,Women,5.9,5.9,False,1,5.9,Card
ORC-20260602-0842,2,2026-06-02 19:04:19,Orchard Central,TOP-M-05,Men's Heattech Crew Neck Long Sleeve Tee,Tops,Men,11.62,14.9,True,1,11.62,nets
ORC-20260602-0073,1,2026-06-02 20:29:00,ORCHARD CENTRAL,SOK-M-01,  Men's Ankle Socks 3-Pack  ,Socks,Men,14.9,14.9,False,1,14.9,Card
BUG-20260602-0364,3,2026-06-02 12:59:59,Bugis,UND-M-01,  Men's Airism Boxer Briefs  ,Underwear,Men,14.9,14.9,False,1,14.9,Card
PUN-20260602-0575,2,2026-06-02 19:01:16,Punggol,SOK-W-03,Women's Airism Low-Cut Socks,Socks,Women,5.9,5.9,False,1,5.9,NETS
PUN-20260602-0342,3,2026-06-02 18:27:47,Punggol,BTM-W-02,Women's High-Rise Wide Leg Pants,Bottoms,Women,39.9,39.9,False,1,39.9,Cash
PUN-20260602-0044,1,2026-06-02 18:23:15,Punggol,BTM-M-01,  Men's Ezy Ankle Pants  ,Bottoms,Men,29.9,29.9,False,1,29.9,Cash
PUN-20260602-0085,1,2026-06-02 20:03:26,Punggol,BTM-M-03,Men's Selvedge Regular Fit Jeans,Bottoms,Men,59.9,59.9,False,1,59.9,PayNow
BUG-20260602-0536,3,2026-06-02 19:16:22,  Bugis  ,TOP-W-02,Women's Ribbed Long Sleeve Turtleneck,Tops,Women,19.9,19.9,False,1,19.9,Cash
BUG-20260602-0067,1,2026-06-02 16:07:38,  Bugis  ,SOK-W-02,Women's Pile Crew Socks,Socks,Women,5.9,5.9,False,1,5.9,Card
BUG-20260602-0461,3,2026-06-02 20:02:37,Bugis,UND-W-02,Women's Wireless Bra,Underwear,Women,29.9,29.9,False,1,29.9,Card
PUN-20260602-0180,2,2026-06-02 18:47:02,Punggol,SOK-W-03,Women's Airism Low-Cut Socks,Socks,Women,5.9,5.9,False,1,5.9,NETS
ORC-20260602-0280,2,2026-06-02 17:38:42,Orchard Central,SOK-W-03,  Women's Airism Low-Cut Socks  ,Socks,Women,5.9,5.9,False,1,5.9,Card
ORC-20260602-0774,2,2026-06-02 19:59:34,Orchard Central,UND-M-04,Men's Cotton Crew Neck Undershirt,Underwear,Men,14.9,14.9,False,1,14.9,Card
BUG-20260602-0696,2,2026-06-02 20:10:47,  Bugis  ,BTM-W-04,Women's Denim Straight Jeans,Bottoms,Women,49.9,49.9,False,1,49.9,Card
ORC-20260602-0749,3,2026-06-02 15:28:05,Orchard Central,SOK-W-02,Women's Pile Crew Socks,Socks,Women,5.9,5.9,False,1,5.9,Cash
ORC-20260602-0058,3,2026-06-02 19:36:20,Orchard Central,SOK-W-02,Women's Pile Crew Socks,Socks,Women,5.9,5.9,False,1,5.9,Cash
ORC-20260602-0578,1,2026-06-02 21:17:58,Orchard Central,BTM-W-04,Women's Denim Straight Jeans,Bottoms,women,49.9,49.9,False,1,49.9,Card
ORC-20260602-0925,2,2026-06-02 14:45:41,Orchard Central,TOP-M-03,Men's Dry-EX Crew Neck T-Shirt,Tops,Men,19.9,19.9,False,1,19.9,Card
BUG-20260602-0390,1,2026-06-02 18:11:37,BUGIS,SOK-W-01,Women's Ankle Socks 3-Pack,Socks,Women,14.9,14.9,False,2,$29.8,Card
ORC-20260602-1032,1,2026-06-02 17:22:34,Orchard Central,BTM-W-03,Women's Ezy Ankle Pants,Bottoms,WOMEN,29.9,29.9,False,1,29.9,PayNow
ORC-20260602-0265,1,2026-06-02 17:51:11,Orchard Central,SOK-M-09,Men's No-Show Sneaker Socks,Socks,Men,$4.11,5.9,True,1,4.11,PayNow
ORC-20260602-1066,3,2026-06-02 22:47:48,Orchard Central,SOK-W-09,Women's No-Show Sneaker Socks,Socks,Women,5.9,5.9,False,1,$5.9,PayNow
ORC-20260602-0551,1,2026-06-02 11:00:17,Orchard Central,UND-M-04,Men's Cotton Crew Neck Undershirt,Underwear,men,$14.9,14.9,False,1,14.9,Card
PUN-20260602-0058,2,2026-06-02 20:23:18,Punggol,UND-W-03,Women's Cotton Blend Briefs,Underwear,Women,9.9,9.9,False,1,9.9,Card
ORC-20260602-0943,2,2026-06-02 21:47:28,Orchard Central,BTM-M-03,Men's Selvedge Regular Fit Jeans,Bottoms,Men,59.9,59.9,False,1,59.9,Cash
ORC-20260602-0212,3,2026-06-02 20:19:03,Orchard Central,UND-W-03,Women's Cotton Blend Briefs,Underwear,Women,9.9,9.9,False,1,9.9,Card
ORC-20260602-0754,1,2026-06-02 21:46:54,Orchard Central,SOK-M-09,  Men's No-Show Sneaker Socks  ,Socks,Men,4.11,5.9,True,1,4.11,NETS
BUG-20260602-0396,2,2026-06-02 16:06:07,Bugis,UND-W-04,Women's Airism T-Shirt Bra,Underwear,Women,29.9,29.9,False,1,$29.9,Card
BUG-20260602-0435,3,2026-06-02 17:11:18,Bugis,TOP-W-07,Women's Fleece Pullover Hoodie,Tops,Women,29.9,29.9,False,1,29.9,PAYNOW
ORC-20260602-0449,1,2026-06-02 11:31:05,  Orchard Central  ,BTM-M-03,Men's Selvedge Regular Fit Jeans,Bottoms,Men,59.9,59.9,False,1,59.9,Card
BUG-20260602-0747,1,2026-06-02 19:32:56,Bugis,SOK-W-02,Women's Pile Crew Socks,Socks,Women,5.9,5.9,False,1,5.9,Paynow
PUN-20260602-0485,2,2026-06-02 17:55:27,Punggol,UND-W-01,Women's Airism Bikini Shorts,Underwear,Women,9.9,9.9,False,1,9.9,PayNow
BUG-20260602-0605,1,2026-06-02 20:28:38,Bugis,UND-W-01,Women's Airism Bikini Shorts,Underwear,Women,9.9,9.9,False,2,19.8,NETS
BUG-20260602-0796,2,2026-06-02 20:33:26,Bugis,BTM-M-02,  Men's Slim Fit Chino Trousers  ,Bottoms,Men,29.9,29.9,False,1,29.9,Card
ORC-20260602-0380,1,2026-06-02 19:34:29,Orchard Central,UND-M-02,Men's Cotton Blend Trunks,Underwear,Men,14.9,14.9,False,1,14.9,Card
PUN-20260602-0448,2,2026-06-02 19:08:53,punggol,SOK-W-02,,Socks,Women,5.9,5.9,False,1,$5.9,Cash
PUN-20260602-0498,1,2026-06-02 21:46:39,Punggol,SOK-M-02,Men's Pile Crew Socks,Socks,Men,5.9,5.9,False,1,5.9,Nets
BUG-20260602-0409,1,2026-06-02 17:20:23,Bugis,SOK-W-02,Women's Pile Crew Socks,Socks,Women,5.9,5.9,False,2,11.8,Card
BUG-20260602-0288,1,2026-06-02 13:12:55,  Bugis  ,BTM-M-04,Men's Dry Stretch Shorts,Bottoms,Men,19.9,19.9,False,1,19.9,card
BUG-20260602-0468,1,2026-06-02 14:01:00,Bugis,SOK-M-01,Men's Ankle Socks 3-Pack,Socks,Men,14.9,14.9,False,1,$14.9,Card
ORC-20260602-0176,1,2026-06-02 21:08:33,Orchard Central,UND-M-01,Men's Airism Boxer Briefs,UNDERWEAR,Men,14.9,14.9,False,1,14.9,PayNow
PUN-20260602-0122,2,2026-06-02 19:01:04,Punggol,SOK-W-02,Women's Pile Crew Socks,Socks,Women,5.9,5.9,False,2,11.8,Card
ORC-20260602-0772,1,2026-06-02 22:44:53,Orchard Central,SOK-M-04,Men's Ribbed Crew Socks,Socks,Men,$5.9,5.9,False,2,11.8,Card
PUN-20260602-0020,2,2026-06-02 14:45:19,Punggol,TOP-M-01,Men's Airism Cotton Crew Neck T-Shirt,Tops,Men,$14.9,14.9,False,1,14.9,PayNow
ORC-20260602-0978,1,2026-06-02 20:41:35,orchard central,UND-W-03,  Women's Cotton Blend Briefs  ,Underwear,Women,9.9,9.9,False,1,9.9,Cash
PUN-20260602-0573,2,2026-06-02 12:34:09,  Punggol  ,SOK-W-03,Women's Airism Low-Cut Socks,Socks,Women,5.9,5.9,False,2,11.8,paynow
PUN-20260602-0577,1,2026-06-02 21:56:25,Punggol,TOP-W-01,Women's Airism Cotton Crew Neck T-Shirt,Tops,Women,14.9,14.9,False,1,14.9,PayNow
ORC-20260602-0537,2,2026-06-02 19:21:24,Orchard Central,SOK-M-01,Men's Ankle Socks 3-Pack,Socks,Men,14.9,14.9,False,1,14.9,card
ORC-20260602-0881,2,2026-06-02 20:47:59,ORCHARD CENTRAL,UND-W-03,Women's Cotton Blend Briefs,Underwear,Women,9.9,9.9,False,1,9.9,Card
BUG-20260602-0381,3,2026-06-02 21:25:36,Bugis,TOP-M-01,Men's Airism Cotton Crew Neck T-Shirt,Tops,Men,14.9,14.9,False,1,14.9,PayNow
BUG-20260602-0786,2,2026-06-02 12:00:29,Bugis,UND-W-03,Women's Cotton Blend Briefs,Underwear,Women,9.9,9.9,False,1,9.9,Card
ORC-20260602-1104,2,2026-06-02 12:46:01,ORCHARD CENTRAL,SOK-W-06,Women's Heattech Socks,Socks,Women,9.9,9.9,False,1,9.9,Cash
PUN-20260602-0488,1,2026-06-02 19:02:39,  Punggol  ,SOK-M-04,Men's Ribbed Crew Socks,Socks,Men,5.9,5.9,False,1,5.9,PayNow
ORC-20260602-1048,2,2026-06-02 18:42:30,Orchard Central,SOK-W-02,Women's Pile Crew Socks,Socks,Women,5.9,5.9,False,1,5.9,Card
PUN-20260602-0387,1,2026-06-02 21:21:15,Punggol,SOK-M-02,Men's Pile Crew Socks,Socks,Men,5.9,5.9,False,1,5.9,Cash
BUG-20260602-0788,1,2026-06-02 22:55:07,Bugis,UND-W-01,Women's Airism Bikini Shorts,Underwear,Women,9.9,9.9,False,2,19.8,Card
ORC-20260602-0850,1,2026-06-02 21:46:04,Orchard Central,BTM-M-02,Men's Slim Fit Chino Trousers,Bottoms,Men,29.9,29.9,False,1,29.9,NETS
BUG-20260602-0673,1,2026-06-02 17:07:38,Bugis,BTM-W-01,Women's Ultra Stretch Skinny Jeans,Bottoms,Women,39.9,39.9,False,1,39.9,Card
ORC-20260602-0347,1,2026-06-02 14:11:56,Orchard Central,SOK-M-07,  Men's Striped Crew Socks  ,Socks,Men,5.9,5.9,False,1,5.9,Card
BUG-20260602-0174,2,2026-06-02 12:19:22,Bugis,TOP-M-01,Men's Airism Cotton Crew Neck T-Shirt,Tops,Men,14.9,14.9,False,1,14.9,Card
ORC-20260602-0687,2,2026-06-02 20:49:51,Orchard Central,TOP-M-09,Men's Flannel Checked Long Sleeve Shirt,Tops,MEN,29.9,29.9,False,1,29.9,Card
ORC-20260602-0530,2,2026-06-02 17:05:34,Orchard Central,SOK-W-02,Women's Pile Crew Socks,Socks,Women,5.9,5.9,False,1,5.9,Card
BUG-20260602-0245,2,2026-06-02 12:17:47,Bugis,TOP-W-01,Women's Airism Cotton Crew Neck T-Shirt,Tops,Women,14.9,14.9,False,1,14.9,Card
ORC-20260602-0428,1,2026-06-02 20:06:09,Orchard Central,SOK-M-10,Men's Wool Blend Socks,Socks,Men,$9.9,9.9,False,1,9.9,PayNow
BUG-20260602-0144,3,2026-06-02 15:43:26,Bugis,TOP-W-03,Women's Silky Satin Blouse,Tops,Women,39.9,39.9,False,1,39.9,Card
BUG-20260602-0357,1,2026-06-02 17:17:29,bugis,SOK-M-01,  Men's Ankle Socks 3-Pack  ,socks,Men,14.9,14.9,False,1,14.9,Card
BUG-20260602-0102,2,2026-06-02 11:05:41,Bugis,BTM-M-04,Men's Dry Stretch Shorts,Bottoms,Men,19.9,19.9,False,1,19.9,Card
ORC-20260602-0933,2,2026-06-02 20:33:02,Orchard Central,TOP-M-04,Men's Oxford Long Sleeve Shirt,Tops,Men,29.9,29.9,False,1,29.9,Card
BUG-20260602-0612,1,2026-06-02 19:33:39,Bugis,TOP-W-07,Women's Fleece Pullover Hoodie,Tops,WOMEN,29.9,29.9,False,1,29.9,PayNow
PUN-20260602-0657,1,2026-06-02 22:51:29,Punggol,SOK-M-04,Men's Ribbed Crew Socks,Socks,MEN,5.9,5.9,False,1,5.9,NETS
ORC-20260602-0959,1,2026-06-02 18:14:04,Orchard Central,UND-W-01,Women's Airism Bikini Shorts,Underwear,Women,9.9,9.9,False,1,9.9,NETS
PUN-20260602-0087,1,2026-06-02 11:04:59,Punggol,SOK-W-02,Women's Pile Crew Socks,Socks,Women,5.9,5.9,False,1,5.9,PayNow
BUG-20260602-0601,1,2026-06-02 16:35:07,Bugis,SOK-M-02,Men's Pile Crew Socks,Socks,Men,5.9,5.9,False,1,5.9,Cash
ORC-20260602-0711,2,2026-06-02 19:00:46,Orchard Central,TOP-W-02,Women's Ribbed Long Sleeve Turtleneck,Tops,Women,19.9,19.9,False,1,19.9,NETS
PUN-20260602-0104,2,2026-06-02 22:00:38,Punggol,UND-M-08,  Men's Airism V-Neck Undershirt  ,Underwear,Men,9.9,9.9,False,2,19.8,CARD
BUG-20260602-0729,3,2026-06-02 20:48:35,Bugis,UND-M-02,  Men's Cotton Blend Trunks  ,Underwear,Men,14.9,14.9,False,1,14.9,NETS
ORC-20260602-0316,1,2026-06-02 21:51:52,orchard central,UND-W-01,Women's Airism Bikini Shorts,Underwear,Women,9.9,9.9,False,1,9.9,Cash
ORC-20260602-0308,2,2026-06-02 13:41:31,orchard central,TOP-W-02,Women's Ribbed Long Sleeve Turtleneck,Tops,Women,19.9,19.9,False,1,19.9,Nets
ORC-20260602-0504,2,2026-06-02 20:22:23,orchard central,UND-W-01,Women's Airism Bikini Shorts,Underwear,Women,9.9,9.9,False,1,9.9,Paynow
ORC-20260602-0966,3,2026-06-02 21:19:12,Orchard Central,SOK-M-03,Men's Airism Low-Cut Socks,Socks,Men,5.9,5.9,False,1,5.9,PayNow
ORC-20260602-0668,1,2026-06-02 15:26:34,Orchard Central,UND-M-04,Men's Cotton Crew Neck Undershirt,Underwear,MEN,14.9,14.9,False,2,29.8,Card
ORC-20260602-0606,2,2026-06-02 17:30:55,Orchard Central,UND-W-01,Women's Airism Bikini Shorts,Underwear,WOMEN,9.9,9.9,False,1,9.9,NETS
ORC-20260602-0699,1,2026-06-02 13:37:05,Orchard Central,UND-M-02,Men's Cotton Blend Trunks,Underwear,Men,14.9,14.9,False,1,14.9,NETS
ORC-20260602-0431,3,2026-06-02 20:01:39,Orchard Central,SOK-M-06,Men's Heattech Socks,Socks,Men,9.9,9.9,False,2,19.8,Cash
ORC-20260602-0393,3,2026-06-02 15:30:41,Orchard Central,SOK-M-02,Men's Pile Crew Socks,Socks,Men,5.9,5.9,False,1,5.9,NETS
BUG-20260602-0141,3,2026-06-02 19:08:20,Bugis,BTM-M-01,Men's Ezy Ankle Pants,bottoms,Men,29.9,29.9,False,1,29.9,PayNow
BUG-20260602-0017,2,2026-06-02 12:32:40,Bugis,UND-W-01,  Women's Airism Bikini Shorts  ,Underwear,women,9.9,9.9,False,2,19.8,Card
ORC-20260602-0210,1,2026-06-02 18:16:47,Orchard Central,SOK-W-04,Women's Ribbed Crew Socks,Socks,Women,$5.9,5.9,False,1,5.9,NETS
BUG-20260602-0594,2,2026-06-02 19:22:37,Bugis,SOK-W-02,Women's Pile Crew Socks,Socks,Women,5.9,5.9,False,1,5.9,card
BUG-20260602-0464,2,2026-06-02 21:26:17,Bugis,TOP-M-04,Men's Oxford Long Sleeve Shirt,Tops,Men,29.9,29.9,False,1,29.9,PayNow
BUG-20260602-0237,2,2026-06-02 20:44:08,  Bugis  ,TOP-W-04,Women's Heattech Crew Neck Long Sleeve Tee,Tops,Women,14.9,14.9,False,1,14.9,PayNow
PUN-20260602-0652,1,2026-06-02 13:58:46,Punggol,UND-W-04,Women's Airism T-Shirt Bra,Underwear,Women,29.9,29.9,False,1,$29.9,PayNow
ORC-20260602-0480,2,2026-06-02 13:54:46,Orchard Central,UND-W-04,Women's Airism T-Shirt Bra,underwear,women,29.9,29.9,False,1,29.9,Card
BUG-20260602-0527,1,2026-06-02 22:14:16,Bugis,BTM-M-08,  Men's Relaxed Fit Denim Shorts  ,Bottoms,Men,22.99,29.9,True,1,22.99,PayNow
ORC-20260602-0553,3,2026-06-02 19:03:44,Orchard Central,SOK-M-09,Men's No-Show Sneaker Socks,Socks,Men,$4.11,5.9,True,2,8.22,PayNow
ORC-20260602-0910,1,2026-06-02 18:24:38,Orchard Central,UND-W-01,Women's Airism Bikini Shorts,Underwear,WOMEN,9.9,9.9,False,1,9.9,
PUN-20260602-0038,1,2026-06-02 12:49:04,Punggol,UND-M-01,Men's Airism Boxer Briefs,Underwear,Men,14.9,14.9,False,1,14.9,Cash
BUG-20260602-0402,2,2026-06-02 12:17:35,Bugis,UND-M-02,Men's Cotton Blend Trunks,Underwear,MEN,14.9,14.9,False,1,14.9,Card
ORC-20260602-0221,1,2026-06-02 13:06:09,Orchard Central,SOK-M-09,Men's No-Show Sneaker Socks,Socks,men,4.11,5.9,True,2,8.22,PayNow
PUN-20260602-0484,1,2026-06-02 21:43:04,Punggol,SOK-W-03,Women's Airism Low-Cut Socks,Socks,women,5.9,5.9,False,2,11.8,Card
ORC-20260602-0502,1,2026-06-02 15:38:21,Orchard Central,SOK-W-03,Women's Airism Low-Cut Socks,Socks,Women,5.9,5.9,False,1,5.9,Card
ORC-20260602-0617,2,2026-06-02 15:03:56,Orchard Central,UND-M-08,Men's Airism V-Neck Undershirt,Underwear,MEN,9.9,9.9,False,2,19.8,card
BUG-20260602-0404,1,2026-06-02 14:55:37,Bugis,SOK-W-02,  Women's Pile Crew Socks  ,SOCKS,Women,5.9,5.9,False,1,5.9,Cash
BUG-20260602-0652,3,2026-06-02 20:55:00,Bugis,SOK-M-04,Men's Ribbed Crew Socks,Socks,Men,5.9,5.9,False,1,5.9,Card
BUG-20260602-0566,2,2026-06-02 19:29:56,Bugis,TOP-M-01,Men's Airism Cotton Crew Neck T-Shirt,Tops,Men,14.9,14.9,False,1,14.9,Card
BUG-20260602-0505,3,2026-06-02 17:53:30,Bugis,UND-W-01,Women's Airism Bikini Shorts,underwear,Women,9.9,9.9,False,1,9.9,Cash
PUN-20260602-0175,2,2026-06-02 19:09:02,Punggol,SOK-M-04,Men's Ribbed Crew Socks,Socks,MEN,5.9,5.9,False,1,5.9,NETS
BUG-20260602-0403,2,2026-06-02 20:52:32,Bugis,SOK-M-03,Men's Airism Low-Cut Socks,Socks,MEN,5.9,5.9,False,1,5.9,Card
PUN-20260602-0468,2,2026-06-02 19:47:52,PUNGGOL,SOK-M-02,Men's Pile Crew Socks,Socks,Men,5.9,5.9,False,1,5.9,NETS
ORC-20260602-0743,1,2026-06-02 20:18:34,Orchard Central,SOK-W-02,Women's Pile Crew Socks,Socks,Women,5.9,5.9,False,1,5.9,PayNow
ORC-20260602-0799,2,2026-06-02 17:22:27,Orchard Central,SOK-M-03,Men's Airism Low-Cut Socks,Socks,MEN,5.9,5.9,False,1,5.9,Cash
ORC-20260602-1053,1,2026-06-02 20:52:44,Orchard Central,SOK-M-09,Men's No-Show Sneaker Socks,Socks,Men,4.11,5.9,True,1,4.11,
ORC-20260602-0390,2,2026-06-02 19:00:15,Orchard Central,TOP-W-01,Women's Airism Cotton Crew Neck T-Shirt,Tops,Women,14.9,14.9,False,1,14.9,Card
ORC-20260602-0571,2,2026-06-02 21:24:32,Orchard Central,TOP-W-01,Women's Airism Cotton Crew Neck T-Shirt,Tops,Women,14.9,14.9,False,1,14.9,PayNow
PUN-20260602-0631,2,2026-06-02 18:22:52,Punggol,SOK-M-02,Men's Pile Crew Socks,Socks,Men,5.9,5.9,False,1,5.9,PayNow
ORC-20260602-0479,1,2026-06-02 19:39:33,Orchard Central,SOK-M-09,Men's No-Show Sneaker Socks,Socks,Men,4.11,5.9,True,1,4.11,PayNow
ORC-20260602-0791,2,2026-06-02 21:11:06,Orchard Central,UND-W-03,Women's Cotton Blend Briefs,Underwear,Women,9.9,9.9,False,2,19.8,NETS
PUN-20260602-0369,2,2026-06-02 19:58:43,Punggol,TOP-W-02,Women's Ribbed Long Sleeve Turtleneck,Tops,women,19.9,19.9,False,1,19.9,Cash
PUN-20260602-0292,3,2026-06-02 19:30:22,  Punggol  ,SOK-W-01,Women's Ankle Socks 3-Pack,Socks,WOMEN,14.9,14.9,False,1,14.9,Card
ORC-20260602-0736,1,2026-06-02 20:39:50,Orchard Central,SOK-W-04,Women's Ribbed Crew Socks,Socks,Women,5.9,5.9,False,1,5.9,CARD
BUG-20260602-0277,1,2026-06-02 17:01:10,Bugis,UND-M-02,Men's Cotton Blend Trunks,Underwear,Men,14.9,14.9,False,1,14.9,Cash
ORC-20260602-0909,3,2026-06-02 17:59:14,Orchard Central,TOP-M-05,Men's Heattech Crew Neck Long Sleeve Tee,Tops,Men,11.62,14.9,True,1,11.62,NETS
ORC-20260602-0663,2,2026-06-02 20:48:55,Orchard Central,SOK-M-09,  Men's No-Show Sneaker Socks  ,Socks,Men,4.11,5.9,True,2,8.22,Card
ORC-20260602-0424,2,2026-06-02 19:19:51,Orchard Central,SOK-W-02,Women's Pile Crew Socks,Socks,WOMEN,5.9,5.9,False,1,5.9,Card
PUN-20260602-0476,1,2026-06-02 16:28:19,Punggol,SOK-W-02,Women's Pile Crew Socks,Socks,Women,5.9,5.9,False,1,5.9,Card
BUG-20260602-0400,1,2026-06-02 17:16:52,Bugis,SOK-W-01,Women's Ankle Socks 3-Pack,Socks,Women,14.9,14.9,False,1,14.9,Card
BUG-20260602-0802,1,2026-06-02 16:08:26,Bugis,SOK-M-04,  Men's Ribbed Crew Socks  ,SOCKS,Men,5.9,5.9,False,2,11.8,Cash
PUN-20260602-0503,2,2026-06-02 15:37:07,Punggol,SOK-W-03,Women's Airism Low-Cut Socks,Socks,Women,5.9,5.9,False,1,5.9,Card
PUN-20260602-0466,1,2026-06-02 13:32:21,Punggol,BTM-W-02,Women's High-Rise Wide Leg Pants,Bottoms,women,39.9,39.9,False,1,39.9,NETS
ORC-20260602-1097,1,2026-06-02 19:10:42,Orchard Central,TOP-M-07,Men's Ultra Light Down Jacket,Tops,Men,79.9,79.9,False,1,79.9,PayNow
BUG-20260602-0037,1,2026-06-02 21:46:16,Bugis,BTM-M-02,  Men's Slim Fit Chino Trousers  ,Bottoms,Men,$29.9,29.9,False,1,29.9,card
PUN-20260602-0615,2,2026-06-02 19:35:21,Punggol,SOK-M-05,  Men's Sport Ankle Socks  ,Socks,Men,5.9,5.9,False,1,5.9,PayNow
BUG-20260602-0088,1,2026-06-02 15:13:30,Bugis,SOK-W-03,Women's Airism Low-Cut Socks,Socks,Women,5.9,5.9,False,1,5.9,Card
ORC-20260602-0199,1,2026-06-02 15:10:17,Orchard Central,SOK-M-03,Men's Airism Low-Cut Socks,Socks,Men,5.9,5.9,False,1,5.9,Cash
ORC-20260602-1001,2,2026-06-02 16:27:01,Orchard Central,SOK-W-02,Women's Pile Crew Socks,Socks,Women,5.9,5.9,False,1,5.9,Cash
ORC-20260602-0444,2,2026-06-02 21:08:09,Orchard Central,SOK-W-03,Women's Airism Low-Cut Socks,Socks,Women,5.9,5.9,False,1,5.9,Card
PUN-20260602-0137,1,2026-06-02 21:07:56,Punggol,BTM-W-02,Women's High-Rise Wide Leg Pants,Bottoms,WOMEN,39.9,39.9,False,1,39.9,Card
PUN-20260602-0562,1,2026-06-02 19:51:47,Punggol,UND-W-03,Women's Cotton Blend Briefs,Underwear,Women,9.9,9.9,False,1,9.9,
BUG-20260602-0118,1,2026-06-02 20:22:05,Bugis,SOK-M-04,Men's Ribbed Crew Socks,Socks,Men,5.9,5.9,False,2,11.8,NETS
ORC-20260602-0046,3,2026-06-02 21:03:45,Orchard Central,UND-W-01,Women's Airism Bikini Shorts,Underwear,Women,9.9,9.9,False,1,9.9,NETS
ORC-20260602-1081,3,2026-06-02 16:46:08,Orchard Central,TOP-M-05,Men's Heattech Crew Neck Long Sleeve Tee,Tops,Men,11.62,14.9,True,1,11.62,Card
BUG-20260602-0698,1,2026-06-02 20:37:48,Bugis,TOP-M-01,Men's Airism Cotton Crew Neck T-Shirt,Tops,Men,14.9,14.9,False,1,$14.9,Card
PUN-20260602-0483,2,2026-06-02 19:22:39,Punggol,SOK-M-02,Men's Pile Crew Socks,Socks,MEN,5.9,5.9,False,1,5.9,
PUN-20260602-0141,3,2026-06-02 20:04:46,Punggol,TOP-M-02,Men's Supima Cotton Polo Shirt,Tops,Men,29.9,29.9,False,1,29.9,Nets
PUN-20260602-0687,3,2026-06-02 12:20:26,  Punggol  ,TOP-W-04,Women's Heattech Crew Neck Long Sleeve Tee,Tops,Women,14.9,14.9,False,1,14.9,Cash
ORC-20260602-0806,3,2026-06-02 11:47:03,Orchard Central,SOK-W-02,Women's Pile Crew Socks,Socks,WOMEN,5.9,5.9,False,2,11.8,Cash
ORC-20260602-0015,1,2026-06-02 20:25:08,Orchard Central,TOP-W-03,Women's Silky Satin Blouse,Tops,women,39.9,39.9,False,1,39.9,Card
PUN-20260602-0009,1,2026-06-02 17:05:58,Punggol,BTM-W-02,Women's High-Rise Wide Leg Pants,Bottoms,Women,39.9,39.9,False,1,39.9,Card
ORC-20260602-0546,1,2026-06-02 20:07:30,  Orchard Central  ,BTM-W-03,Women's Ezy Ankle Pants,Bottoms,Women,29.9,29.9,False,1,29.9,PayNow
ORC-20260602-0855,1,2026-06-02 12:50:45,Orchard Central,TOP-W-04,Women's Heattech Crew Neck Long Sleeve Tee,Tops,Women,14.9,14.9,False,1,14.9,Card
PUN-20260602-0381,1,2026-06-02 12:37:45,Punggol,TOP-M-04,Men's Oxford Long Sleeve Shirt,Tops,Men,29.9,29.9,False,1,29.9,CARD
ORC-20260602-0533,2,2026-06-02 19:56:33,Orchard Central,TOP-W-05,Women's Merino Blend Cardigan,Tops,Women,31.36,39.9,True,1,31.36,NETS
BUG-20260602-0641,3,2026-06-02 21:50:40,bugis,TOP-W-03,Women's Silky Satin Blouse,Tops,WOMEN,39.9,39.9,False,1,39.9,Card
ORC-20260602-0460,2,2026-06-02 11:35:50,Orchard Central,TOP-M-04,Men's Oxford Long Sleeve Shirt,Tops,Men,29.9,29.9,False,1,29.9,PayNow
ORC-20260602-0676,2,2026-06-02 12:17:26,Orchard Central,SOK-W-03,Women's Airism Low-Cut Socks,Socks,women,5.9,5.9,False,1,5.9,
ORC-20260602-0649,3,2026-06-02 19:59:19,orchard central,UND-M-01,Men's Airism Boxer Briefs,Underwear,Men,14.9,14.9,False,1,14.9,Card
ORC-20260602-0437,2,2026-06-02 16:08:27,Orchard Central,TOP-M-02,  Men's Supima Cotton Polo Shirt  ,tops,men,29.9,29.9,False,1,29.9,Card
ORC-20260602-0220,3,2026-06-02 17:00:52,Orchard Central,UND-W-06,Women's Lace Trim Briefs,Underwear,Women,9.9,9.9,False,1,9.9,Card
ORC-20260602-0912,1,2026-06-02 17:36:56,Orchard Central,TOP-W-02,Women's Ribbed Long Sleeve Turtleneck,Tops,Women,19.9,19.9,False,1,19.9,card
BUG-20260602-0515,3,2026-06-02 18:20:07,Bugis,UND-W-03,Women's Cotton Blend Briefs,Underwear,Women,9.9,9.9,False,2,19.8,Cash
BUG-20260602-0722,1,2026-06-02 16:50:49,Bugis,SOK-M-02,Men's Pile Crew Socks,Socks,Men,5.9,5.9,False,1,5.9,Card
BUG-20260602-0242,1,2026-06-02 21:20:13,Bugis,BTM-M-02,Men's Slim Fit Chino Trousers,Bottoms,Men,29.9,29.9,False,1,29.9,Card
ORC-20260602-0462,3,2026-06-02 20:26:41,Orchard Central,UND-M-02,Men's Cotton Blend Trunks,Underwear,Men,14.9,14.9,False,1,14.9,Card
PUN-20260602-0180,1,2026-06-02 18:47:02,Punggol,SOK-W-02,Women's Pile Crew Socks,Socks,WOMEN,5.9,5.9,False,1,5.9,NETS
BUG-20260602-0447,1,2026-06-02 20:03:55,bugis,SOK-W-04,Women's Ribbed Crew Socks,socks,Women,5.9,5.9,False,1,5.9,PayNow
BUG-20260602-0005,3,2026-06-02 20:54:06,Bugis,SOK-W-03,Women's Airism Low-Cut Socks,Socks,Women,5.9,5.9,False,1,5.9,NETS
ORC-20260602-0653,3,2026-06-02 19:02:26,Orchard Central,SOK-W-04,Women's Ribbed Crew Socks,Socks,Women,5.9,5.9,False,1,$5.9,NETS
ORC-20260602-0798,2,2026-06-02 19:18:03,Orchard Central,UND-W-04,Women's Airism T-Shirt Bra,Underwear,Women,29.9,29.9,False,2,59.8,NETS
PUN-20260602-0345,3,2026-06-02 19:56:47,Punggol,SOK-W-02,  Women's Pile Crew Socks  ,Socks,Women,5.9,5.9,False,1,5.9,Card
BUG-20260602-0499,3,2026-06-02 19:24:14,Bugis,TOP-M-03,Men's Dry-EX Crew Neck T-Shirt,Tops,Men,19.9,19.9,False,1,19.9,PayNow
ORC-20260602-1083,1,2026-06-02 13:41:05,Orchard Central,SOK-M-03,Men's Airism Low-Cut Socks,Socks,Men,5.9,5.9,False,1,$5.9,paynow
PUN-20260602-0081,1,2026-06-02 19:02:00,Punggol,SOK-W-03,Women's Airism Low-Cut Socks,Socks,Women,5.9,5.9,False,1,5.9,PAYNOW
ORC-20260602-0417,1,2026-06-02 16:58:06,Orchard Central,UND-W-02,Women's Wireless Bra,Underwear,Women,29.9,29.9,False,1,29.9,paynow
BUG-20260602-0480,2,2026-06-02 19:33:23,Bugis,UND-M-02,Men's Cotton Blend Trunks,Underwear,Men,14.9,14.9,False,1,14.9,PayNow
PUN-20260602-0046,3,2026-06-02 20:47:37,Punggol,UND-W-03,Women's Cotton Blend Briefs,Underwear,Women,9.9,9.9,False,1,9.9,PayNow
PUN-20260602-0266,1,2026-06-02 22:42:59,Punggol,SOK-M-02,Men's Pile Crew Socks,Socks,Men,5.9,5.9,False,1,5.9,NETS
PUN-20260602-0118,2,2026-06-02 17:06:07,Punggol,TOP-W-04,Women's Heattech Crew Neck Long Sleeve Tee,Tops,Women,$14.9,14.9,False,1,14.9,
ORC-20260602-0848,2,2026-06-02 20:50:25,Orchard Central,UND-M-08,Men's Airism V-Neck Undershirt,Underwear,men,9.9,9.9,False,1,9.9,PayNow
PUN-20260602-0284,1,2026-06-02 21:59:47,Punggol,TOP-W-02,Women's Ribbed Long Sleeve Turtleneck,Tops,Women,19.9,19.9,False,1,19.9,NETS
ORC-20260602-0965,2,2026-06-02 14:27:06,Orchard Central,SOK-W-02,  Women's Pile Crew Socks  ,Socks,Women,5.9,5.9,False,1,5.9,Cash
ORC-20260602-0446,1,2026-06-02 19:00:06,Orchard Central,SOK-M-04,Men's Ribbed Crew Socks,Socks,Men,5.9,5.9,False,1,5.9,NETS
BUG-20260602-0572,1,2026-06-02 19:00:15,Bugis,BTM-M-02,Men's Slim Fit Chino Trousers,bottoms,Men,29.9,29.9,False,1,29.9,Card
BUG-20260602-0713,1,2026-06-02 20:33:11,Bugis,TOP-M-03,Men's Dry-EX Crew Neck T-Shirt,Tops,Men,19.9,19.9,False,1,19.9,Cash
PUN-20260602-0549,1,2026-06-02 22:02:15,Punggol,UND-M-01,Men's Airism Boxer Briefs,underwear,MEN,14.9,14.9,False,1,14.9,PayNow
ORC-20260602-0183,3,2026-06-02 12:00:29,Orchard Central,SOK-W-03,Women's Airism Low-Cut Socks,Socks,WOMEN,5.9,5.9,False,1,5.9,Card
PUN-20260602-0309,3,2026-06-02 16:33:46,Punggol,UND-M-01,Men's Airism Boxer Briefs,Underwear,Men,14.9,14.9,False,2,29.8,Card
ORC-20260602-0518,1,2026-06-02 19:55:42,Orchard Central,TOP-M-01,  Men's Airism Cotton Crew Neck T-Shirt  ,Tops,Men,14.9,14.9,False,1,14.9,Card
PUN-20260602-0078,3,2026-06-02 20:43:41,PUNGGOL,TOP-M-03,Men's Dry-EX Crew Neck T-Shirt,Tops,Men,19.9,19.9,False,1,19.9,Card
ORC-20260602-0395,2,2026-06-02 20:42:33,Orchard Central,SOK-M-03,Men's Airism Low-Cut Socks,Socks,Men,5.9,5.9,False,1,5.9,PayNow
BUG-20260602-0426,1,2026-06-02 19:21:13,Bugis,UND-W-03,Women's Cotton Blend Briefs,Underwear,Women,9.9,9.9,False,2,19.8,Nets
PUN-20260602-0258,1,2026-06-02 21:47:39,Punggol,SOK-M-05,Men's Sport Ankle Socks,Socks,men,5.9,5.9,False,1,5.9,Cash
BUG-20260602-0569,1,2026-06-02 17:08:59,Bugis,SOK-W-01,  Women's Ankle Socks 3-Pack  ,Socks,Women,14.9,14.9,False,1,14.9,Card
BUG-20260602-0524,1,2026-06-02 15:41:45,Bugis,UND-W-04,Women's Airism T-Shirt Bra,Underwear,Women,29.9,29.9,False,2,59.8,Card
BUG-20260602-0520,3,2026-06-02 15:33:34,Bugis,UND-M-02,Men's Cotton Blend Trunks,Underwear,Men,14.9,14.9,False,1,14.9,PayNow
PUN-20260602-0006,1,2026-06-02 12:57:46,Punggol,UND-W-01,  Women's Airism Bikini Shorts  ,Underwear,Women,9.9,9.9,False,2,19.8,NETS
BUG-20260602-0155,2,2026-06-02 20:14:43,  Bugis  ,TOP-W-09,Women's Drape Sleeveless Top,TOPS,Women,19.9,19.9,False,1,19.9,NETS
PUN-20260602-0248,1,2026-06-02 19:22:35,Punggol,SOK-W-03,Women's Airism Low-Cut Socks,SOCKS,Women,5.9,5.9,False,1,5.9,Card
BUG-20260602-0337,2,2026-06-02 19:55:16,Bugis,TOP-M-01,Men's Airism Cotton Crew Neck T-Shirt,Tops,Men,14.9,14.9,False,1,14.9,NETS
PUN-20260602-0393,2,2026-06-02 14:21:47,Punggol,SOK-W-04,Women's Ribbed Crew Socks,Socks,Women,5.9,5.9,False,1,5.9,PayNow
ORC-20260602-0141,2,2026-06-02 12:25:17,Orchard Central,BTM-M-08,Men's Relaxed Fit Denim Shorts,Bottoms,Men,22.99,29.9,True,1,22.99,PayNow
ORC-20260602-0022,2,2026-06-02 19:49:25,Orchard Central,SOK-M-04,Men's Ribbed Crew Socks,Socks,MEN,5.9,5.9,False,1,5.9,Card
BUG-20260602-0050,3,2026-06-02 21:29:46,Bugis,BTM-M-04,Men's Dry Stretch Shorts,Bottoms,Men,19.9,19.9,False,1,19.9,PayNow
ORC-20260602-0186,2,2026-06-02 20:21:07,Orchard Central,SOK-M-04,Men's Ribbed Crew Socks,Socks,Men,5.9,5.9,False,1,5.9,Card
PUN-20260602-0234,1,2026-06-02 18:17:38,  Punggol  ,TOP-M-04,Men's Oxford Long Sleeve Shirt,Tops,Men,29.9,29.9,False,1,29.9,NETS
ORC-20260602-0196,2,2026-06-02 12:43:57,Orchard Central,UND-W-03,Women's Cotton Blend Briefs,Underwear,Women,9.9,9.9,False,1,9.9,Card
ORC-20260602-0442,1,2026-06-02 12:17:23,ORCHARD CENTRAL,SOK-M-03,Men's Airism Low-Cut Socks,Socks,MEN,5.9,5.9,False,1,5.9,card
ORC-20260602-0990,1,2026-06-02 14:41:13,Orchard Central,UND-W-03,Women's Cotton Blend Briefs,Underwear,Women,9.9,9.9,False,2,19.8,Cash
PUN-20260602-0300,2,2026-06-02 20:25:50,Punggol,SOK-W-04,Women's Ribbed Crew Socks,Socks,Women,5.9,5.9,False,1,5.9,Card
BUG-20260602-0661,1,2026-06-02 19:37:10,Bugis,SOK-W-03,Women's Airism Low-Cut Socks,Socks,Women,5.9,5.9,False,1,5.9,PayNow
BUG-20260602-0020,1,2026-06-02 21:22:30,Bugis,TOP-W-01,Women's Airism Cotton Crew Neck T-Shirt,tops,Women,14.9,14.9,False,1,14.9,NETS
ORC-20260602-1076,3,2026-06-02 14:11:18,Orchard Central,UND-W-05,Women's Seamless Shorts,Underwear,Women,9.9,9.9,False,1,9.9,NETS
PUN-20260602-0634,1,2026-06-02 14:22:48,Punggol,TOP-M-04,Men's Oxford Long Sleeve Shirt,Tops,men,29.9,29.9,False,1,29.9,Cash
PUN-20260602-0462,1,2026-06-02 21:38:34,Punggol,TOP-M-01,Men's Airism Cotton Crew Neck T-Shirt,Tops,Men,14.9,14.9,False,1,14.9,Card
BUG-20260602-0117,2,2026-06-02 19:16:34,Bugis,TOP-W-04,Women's Heattech Crew Neck Long Sleeve Tee,Tops,Women,14.9,14.9,False,1,14.9,Cash
ORC-20260602-0107,2,2026-06-02 12:27:53,  Orchard Central  ,SOK-M-02,Men's Pile Crew Socks,Socks,Men,5.9,5.9,False,1,5.9,Cash
ORC-20260602-0224,2,2026-06-02 15:08:41,Orchard Central,TOP-M-04,Men's Oxford Long Sleeve Shirt,Tops,Men,29.9,29.9,False,1,29.9,
ORC-20260602-0620,2,2026-06-02 21:29:42,Orchard Central,SOK-W-04,Women's Ribbed Crew Socks,Socks,Women,5.9,5.9,False,1,5.9,Card
ORC-20260602-0751,1,2026-06-02 14:04:18,Orchard Central,SOK-M-01,Men's Ankle Socks 3-Pack,Socks,Men,14.9,14.9,False,1,14.9,CARD
ORC-20260602-0661,1,2026-06-02 20:58:39,Orchard Central,TOP-M-01,Men's Airism Cotton Crew Neck T-Shirt,Tops,Men,14.9,14.9,False,1,14.9,PayNow
ORC-20260602-0999,3,2026-06-02 20:44:54,Orchard Central,TOP-W-03,Women's Silky Satin Blouse,Tops,Women,39.9,39.9,False,1,39.9,Cash
BUG-20260602-0187,2,2026-06-02 18:21:37,Bugis,SOK-W-04,Women's Ribbed Crew Socks,Socks,Women,5.9,5.9,False,1,5.9,Cash
ORC-20260602-0857,3,2026-06-02 20:57:59,orchard central,SOK-W-01,Women's Ankle Socks 3-Pack,Socks,Women,14.9,14.9,False,2,29.8,PayNow
ORC-20260602-0962,1,2026-06-02 20:00:53,Orchard Central,SOK-M-07,Men's Striped Crew Socks,Socks,Men,5.9,5.9,False,1,5.9,Cash
BUG-20260602-0222,3,2026-06-02 11:30:40,Bugis,UND-W-03,Women's Cotton Blend Briefs,UNDERWEAR,Women,9.9,9.9,False,1,9.9,Cash
ORC-20260602-0143,1,2026-06-02 21:14:05,Orchard Central,SOK-M-03,Men's Airism Low-Cut Socks,Socks,men,5.9,5.9,False,1,5.9,Card
ORC-20260602-0893,1,2026-06-02 20:24:21,Orchard Central,SOK-M-04,Men's Ribbed Crew Socks,socks,Men,5.9,5.9,False,1,5.9,PayNow
ORC-20260602-0939,1,2026-06-02 19:30:43,Orchard Central,BTM-M-02,Men's Slim Fit Chino Trousers,Bottoms,Men,29.9,29.9,False,1,29.9,Card
ORC-20260602-0737,2,2026-06-02 17:57:13,ORCHARD CENTRAL,UND-W-04,Women's Airism T-Shirt Bra,Underwear,Women,29.9,29.9,False,2,59.8,Card
BUG-20260602-0381,1,2026-06-02 21:25:36,Bugis,UND-M-02,Men's Cotton Blend Trunks,Underwear,Men,14.9,14.9,False,1,14.9,PayNow
PUN-20260602-0476,2,2026-06-02 16:28:19,PUNGGOL,SOK-M-04,Men's Ribbed Crew Socks,Socks,Men,5.9,5.9,False,1,5.9,Card
ORC-20260602-0988,2,2026-06-02 18:34:42,Orchard Central,TOP-W-01,Women's Airism Cotton Crew Neck T-Shirt,Tops,Women,14.9,14.9,False,1,14.9,Cash
ORC-20260602-1104,3,2026-06-02 12:46:01,Orchard Central,TOP-M-03,Men's Dry-EX Crew Neck T-Shirt,tops,Men,19.9,19.9,False,1,19.9,cash
BUG-20260602-0170,3,2026-06-02 12:55:18,Bugis,UND-M-02,Men's Cotton Blend Trunks,Underwear,Men,14.9,14.9,False,1,14.9,CARD
ORC-20260602-0879,3,2026-06-02 22:11:17,Orchard Central,SOK-W-03,Women's Airism Low-Cut Socks,Socks,Women,5.9,5.9,False,1,5.9,NETS
ORC-20260602-0457,2,2026-06-02 20:26:43,Orchard Central,BTM-W-01,Women's Ultra Stretch Skinny Jeans,Bottoms,WOMEN,39.9,39.9,False,1,39.9,Card
PUN-20260602-0650,1,2026-06-02 20:51:36,Punggol,TOP-W-01,Women's Airism Cotton Crew Neck T-Shirt,Tops,Women,14.9,14.9,False,1,14.9,PayNow
BUG-20260602-0008,1,2026-06-02 15:14:42,  Bugis  ,SOK-M-03,Men's Airism Low-Cut Socks,Socks,Men,5.9,5.9,False,2,11.8,Card
ORC-20260602-0732,1,2026-06-02 19:44:52,Orchard Central,SOK-W-04,Women's Ribbed Crew Socks,Socks,Women,5.9,5.9,False,1,5.9,Cash
ORC-20260602-0898,3,2026-06-02 19:34:21,  Orchard Central  ,TOP-W-01,Women's Airism Cotton Crew Neck T-Shirt,tops,WOMEN,14.9,14.9,False,1,14.9,PayNow
PUN-20260602-0096,2,2026-06-02 15:33:33,Punggol,SOK-W-03,Women's Airism Low-Cut Socks,Socks,women,5.9,5.9,False,1,5.9,Card
PUN-20260602-0630,1,2026-06-02 11:11:55,Punggol,BTM-M-02,Men's Slim Fit Chino Trousers,Bottoms,Men,29.9,29.9,False,1,29.9,paynow
BUG-20260602-0178,1,2026-06-02 18:19:39,Bugis,BTM-W-03,Women's Ezy Ankle Pants,BOTTOMS,Women,29.9,29.9,False,1,29.9,Card
BUG-20260602-0715,1,2026-06-02 20:19:08,  Bugis  ,SOK-M-04,Men's Ribbed Crew Socks,Socks,Men,5.9,5.9,False,1,5.9,PayNow
BUG-20260602-0111,2,2026-06-02 21:44:46,Bugis,SOK-M-04,Men's Ribbed Crew Socks,Socks,Men,5.9,5.9,False,1,5.9,Cash
PUN-20260602-0351,1,2026-06-02 18:46:49,Punggol,SOK-M-04,Men's Ribbed Crew Socks,Socks,Men,5.9,5.9,False,1,5.9,Cash
ORC-20260602-0758,3,2026-06-02 16:52:31,Orchard Central,UND-W-09,Women's Cotton Boyshorts,Underwear,Women,9.9,9.9,False,2,19.8,Card
ORC-20260602-0713,2,2026-06-02 21:10:58,ORCHARD CENTRAL,TOP-W-01,Women's Airism Cotton Crew Neck T-Shirt,Tops,Women,14.9,14.9,False,1,14.9,Cash
ORC-20260602-0538,1,2026-06-02 13:17:30,Orchard Central,SOK-M-10,Men's Wool Blend Socks,Socks,Men,9.9,9.9,False,1,9.9,NETS
BUG-20260602-0324,3,2026-06-02 20:26:31,Bugis,UND-W-03,Women's Cotton Blend Briefs,Underwear,Women,9.9,9.9,False,1,9.9,PayNow
PUN-20260602-0259,3,2026-06-02 19:19:13,Punggol,TOP-W-01,  Women's Airism Cotton Crew Neck T-Shirt  ,Tops,Women,14.9,14.9,False,1,14.9,Card
BUG-20260602-0079,1,2026-06-02 18:39:26,BUGIS,TOP-W-01,Women's Airism Cotton Crew Neck T-Shirt,Tops,Women,14.9,14.9,False,1,14.9,Cash
ORC-20260602-0693,1,2026-06-02 11:54:32,ORCHARD CENTRAL,BTM-M-02,Men's Slim Fit Chino Trousers,bottoms,Men,29.9,29.9,False,1,29.9,Card
ORC-20260602-0594,1,2026-06-02 12:27:09,  orchard central  ,SOK-W-04,Women's Ribbed Crew Socks,Socks,Women,5.9,5.9,False,1,5.9,NETS
BUG-20260602-0542,1,2026-06-02 21:30:26,  Bugis  ,UND-W-02,Women's Wireless Bra,Underwear,Women,29.9,29.9,False,2,59.8,paynow
BUG-20260602-0716,1,2026-06-02 13:11:24,Bugis,SOK-M-04,Men's Ribbed Crew Socks,socks,Men,5.9,5.9,False,1,5.9,Card
ORC-20260602-0715,2,2026-06-02 17:56:02,Orchard Central,TOP-W-07,Women's Fleece Pullover Hoodie,Tops,Women,29.9,29.9,False,1,29.9,PayNow
ORC-20260602-1065,1,2026-06-02 20:04:31,Orchard Central,SOK-M-02,Men's Pile Crew Socks,Socks,Men,5.9,5.9,False,1,5.9,Card
ORC-20260602-0866,1,2026-06-02 14:32:37,Orchard Central,TOP-M-03,Men's Dry-EX Crew Neck T-Shirt,Tops,MEN,19.9,19.9,False,1,19.9,Card
PUN-20260602-0319,2,2026-06-02 19:57:04,Punggol,SOK-M-06,Men's Heattech Socks,Socks,Men,9.9,9.9,False,1,9.9,card
ORC-20260602-0175,1,2026-06-02 18:01:07,Orchard Central,TOP-W-04,Women's Heattech Crew Neck Long Sleeve Tee,tops,Women,14.9,14.9,False,1,14.9,NETS
ORC-20260602-0487,3,2026-06-02 18:40:04,Orchard Central,TOP-W-04,Women's Heattech Crew Neck Long Sleeve Tee,Tops,Women,14.9,14.9,False,1,14.9,Card
BUG-20260602-0333,2,2026-06-02 18:43:19,Bugis,SOK-M-01,Men's Ankle Socks 3-Pack,Socks,Men,14.9,14.9,False,2,29.8,PayNow
PUN-20260602-0152,2,2026-06-02 22:22:21,Punggol,UND-W-03,Women's Cotton Blend Briefs,Underwear,Women,9.9,9.9,False,1,9.9,Card
BUG-20260602-0640,2,2026-06-02 16:00:02,BUGIS,UND-W-03,Women's Cotton Blend Briefs,UNDERWEAR,Women,9.9,9.9,False,1,9.9,PayNow
ORC-20260602-0640,2,2026-06-02 12:57:02,Orchard Central,TOP-W-01,Women's Airism Cotton Crew Neck T-Shirt,Tops,Women,14.9,14.9,False,1,14.9,PayNow
PUN-20260602-0473,1,2026-06-02 12:37:24,Punggol,TOP-W-01,Women's Airism Cotton Crew Neck T-Shirt,Tops,Women,14.9,14.9,False,1,14.9,NETS
BUG-20260602-0394,2,2026-06-02 19:55:14,  Bugis  ,SOK-W-02,Women's Pile Crew Socks,Socks,Women,5.9,5.9,False,1,5.9,PayNow
BUG-20260602-0604,1,2026-06-02 19:54:54,Bugis,SOK-M-01,  Men's Ankle Socks 3-Pack  ,Socks,Men,14.9,14.9,False,1,14.9,Card
PUN-20260602-0079,2,2026-06-02 21:57:18,Punggol,TOP-M-03,Men's Dry-EX Crew Neck T-Shirt,Tops,MEN,19.9,19.9,False,1,19.9,Card
PUN-20260602-0290,2,2026-06-02 21:07:35,PUNGGOL,SOK-W-06,Women's Heattech Socks,Socks,Women,9.9,9.9,False,1,9.9,NETS
BUG-20260602-0261,2,2026-06-02 15:56:55,Bugis,UND-M-02,Men's Cotton Blend Trunks,Underwear,Men,14.9,14.9,False,1,14.9,Card
BUG-20260602-0704,3,2026-06-02 20:13:31,Bugis,UND-W-01,Women's Airism Bikini Shorts,Underwear,Women,9.9,9.9,False,1,9.9,NETS
ORC-20260602-1067,1,2026-06-02 11:21:31,Orchard Central,TOP-M-01,Men's Airism Cotton Crew Neck T-Shirt,Tops,Men,14.9,14.9,False,1,14.9,Card
BUG-20260602-0040,2,2026-06-02 12:31:55,Bugis,SOK-M-04,  Men's Ribbed Crew Socks  ,Socks,Men,5.9,5.9,False,1,5.9,PayNow
PUN-20260602-0158,3,2026-06-02 21:57:47,Punggol,UND-M-03,Men's Airism Mesh Boxer Briefs,Underwear,Men,14.9,14.9,False,1,$14.9,card
ORC-20260602-0283,3,2026-06-02 21:45:32,Orchard Central,UND-M-02,Men's Cotton Blend Trunks,Underwear,Men,14.9,14.9,False,1,14.9,NETS
ORC-20260602-0013,1,2026-06-02 18:59:00,  Orchard Central  ,SOK-M-09,Men's No-Show Sneaker Socks,Socks,Men,4.11,5.9,True,1,4.11,Card
ORC-20260602-0117,1,2026-06-02 20:02:25,Orchard Central,SOK-M-09,Men's No-Show Sneaker Socks,Socks,Men,4.11,5.9,True,1,4.11,PAYNOW
PUN-20260602-0113,1,2026-06-02 14:41:07,punggol,UND-M-01,Men's Airism Boxer Briefs,Underwear,Men,14.9,14.9,False,1,14.9,NETS
ORC-20260602-0434,1,2026-06-02 20:43:48,Orchard Central,SOK-M-04,Men's Ribbed Crew Socks,Socks,Men,5.9,5.9,False,2,11.8,PayNow
PUN-20260602-0030,1,2026-06-02 13:20:54,Punggol,UND-W-03,Women's Cotton Blend Briefs,Underwear,Women,9.9,9.9,False,2,19.8,Card
ORC-20260602-0791,1,2026-06-02 21:11:06,Orchard Central,SOK-M-03,Men's Airism Low-Cut Socks,Socks,Men,5.9,5.9,False,1,5.9,NETS
ORC-20260602-0324,3,2026-06-02 20:24:16,Orchard Central,UND-W-01,Women's Airism Bikini Shorts,Underwear,Women,9.9,9.9,False,1,9.9,NETS
ORC-20260602-0388,1,2026-06-02 20:55:23,Orchard Central,BTM-M-01,Men's Ezy Ankle Pants,Bottoms,Men,29.9,29.9,False,1,29.9,Nets
BUG-20260602-0493,3,2026-06-02 17:28:45,Bugis,UND-W-01,Women's Airism Bikini Shorts,Underwear,Women,9.9,9.9,False,1,9.9,Cash
ORC-20260602-0844,2,2026-06-02 19:08:51,Orchard Central,SOK-M-09,Men's No-Show Sneaker Socks,Socks,Men,4.11,5.9,True,1,4.11,Card
BUG-20260602-0696,3,2026-06-02 20:10:47,Bugis,SOK-W-02,Women's Pile Crew Socks,Socks,Women,5.9,5.9,False,1,5.9,Card
BUG-20260602-0033,1,2026-06-02 12:01:57,Bugis,TOP-W-01,Women's Airism Cotton Crew Neck T-Shirt,Tops,Women,14.9,14.9,False,1,14.9,Card
ORC-20260602-0359,2,2026-06-02 14:52:30,Orchard Central,SOK-W-02,Women's Pile Crew Socks,Socks,women,5.9,5.9,False,2,11.8,PayNow
ORC-20260602-0192,2,2026-06-02 15:56:34,  Orchard Central  ,TOP-W-01,Women's Airism Cotton Crew Neck T-Shirt,Tops,Women,14.9,14.9,False,1,14.9,
ORC-20260602-1112,2,2026-06-02 20:23:26,orchard central,TOP-W-04,Women's Heattech Crew Neck Long Sleeve Tee,Tops,Women,14.9,14.9,False,1,14.9,PayNow
BUG-20260602-0310,3,2026-06-02 14:47:37,Bugis,TOP-W-04,Women's Heattech Crew Neck Long Sleeve Tee,Tops,Women,14.9,14.9,False,1,14.9,Card
ORC-20260602-0372,2,2026-06-02 18:15:17,Orchard Central,TOP-W-03,Women's Silky Satin Blouse,Tops,Women,39.9,39.9,False,1,39.9,PayNow
PUN-20260602-0487,1,2026-06-02 13:18:00,Punggol,UND-W-03,Women's Cotton Blend Briefs,Underwear,Women,9.9,9.9,False,1,9.9,PayNow
BUG-20260602-0692,2,2026-06-02 21:03:40,Bugis,UND-W-04,Women's Airism T-Shirt Bra,Underwear,Women,29.9,29.9,False,1,29.9,Cash
ORC-20260602-0472,3,2026-06-02 19:19:26,Orchard Central,SOK-M-02,Men's Pile Crew Socks,Socks,Men,5.9,5.9,False,1,5.9,PayNow
BUG-20260602-0158,1,2026-06-02 22:07:54,Bugis,SOK-M-03,Men's Airism Low-Cut Socks,Socks,MEN,5.9,5.9,False,1,5.9,Card
ORC-20260602-0907,2,2026-06-02 17:29:55,Orchard Central,SOK-W-03,Women's Airism Low-Cut Socks,Socks,Women,5.9,5.9,False,1,5.9,Card
BUG-20260602-0417,1,2026-06-02 19:22:42,Bugis,TOP-W-04,Women's Heattech Crew Neck Long Sleeve Tee,Tops,Women,14.9,14.9,False,1,14.9,Card
ORC-20260602-0363,1,2026-06-02 20:52:55,Orchard Central,BTM-W-01,Women's Ultra Stretch Skinny Jeans,Bottoms,Women,39.9,39.9,False,1,39.9,NETS
BUG-20260602-0329,1,2026-06-02 18:06:54,  Bugis  ,SOK-W-04,Women's Ribbed Crew Socks,Socks,Women,5.9,5.9,False,1,5.9,Card
BUG-20260602-0127,1,2026-06-02 14:50:04,Bugis,UND-W-01,Women's Airism Bikini Shorts,Underwear,Women,9.9,9.9,False,2,$19.8,Card
ORC-20260602-0082,3,2026-06-02 20:13:56,Orchard Central,SOK-W-02,Women's Pile Crew Socks,Socks,Women,$5.9,5.9,False,2,11.8,paynow
ORC-20260602-0928,2,2026-06-02 20:30:41,Orchard Central,TOP-W-04,Women's Heattech Crew Neck Long Sleeve Tee,Tops,Women,14.9,14.9,False,1,14.9,Card
BUG-20260602-0733,2,2026-06-02 16:32:21,Bugis,TOP-M-04,Men's Oxford Long Sleeve Shirt,Tops,Men,29.9,29.9,False,1,29.9,Cash
BUG-20260602-0688,1,2026-06-02 15:34:25,Bugis,TOP-W-02,Women's Ribbed Long Sleeve Turtleneck,tops,Women,19.9,19.9,False,1,19.9,Card
ORC-20260602-0862,1,2026-06-02 19:06:14,Orchard Central,SOK-W-02,Women's Pile Crew Socks,socks,Women,5.9,5.9,False,1,5.9,card
BUG-20260602-0456,1,2026-06-02 21:10:15,Bugis,UND-M-02,Men's Cotton Blend Trunks,Underwear,Men,14.9,14.9,False,1,14.9,PayNow
BUG-20260602-0351,1,2026-06-02 14:11:40,Bugis,BTM-M-03,Men's Selvedge Regular Fit Jeans,Bottoms,Men,59.9,59.9,False,1,59.9,NETS
BUG-20260602-0667,3,2026-06-02 20:13:56,Bugis,UND-M-02,Men's Cotton Blend Trunks,Underwear,Men,14.9,14.9,False,1,14.9,Card
ORC-20260602-0195,3,2026-06-02 12:16:08,Orchard Central,SOK-W-01,Women's Ankle Socks 3-Pack,Socks,Women,14.9,14.9,False,1,14.9,PayNow
ORC-20260602-1036,1,2026-06-02 16:09:44,ORCHARD CENTRAL,SOK-M-04,Men's Ribbed Crew Socks,Socks,Men,5.9,5.9,False,1,5.9,card
ORC-20260602-0298,1,2026-06-02 16:18:18,Orchard Central,SOK-M-03,Men's Airism Low-Cut Socks,Socks,Men,5.9,5.9,False,2,11.8,PayNow
ORC-20260602-0627,3,2026-06-02 18:04:00,Orchard Central,UND-W-03,Women's Cotton Blend Briefs,Underwear,Women,9.9,9.9,False,2,19.8,Cash
ORC-20260602-0674,2,2026-06-02 18:00:41,Orchard Central,UND-W-01,Women's Airism Bikini Shorts,Underwear,Women,9.9,9.9,False,1,9.9,PayNow
PUN-20260602-0246,2,2026-06-02 19:54:50,Punggol,UND-W-01,Women's Airism Bikini Shorts,Underwear,women,9.9,9.9,False,2,19.8,CARD
ORC-20260602-0622,1,2026-06-02 17:27:48,orchard central,TOP-M-05,Men's Heattech Crew Neck Long Sleeve Tee,Tops,men,11.62,14.9,True,1,11.62,NETS
PUN-20260602-0078,2,2026-06-02 20:43:41,Punggol,SOK-M-04,Men's Ribbed Crew Socks,Socks,Men,5.9,5.9,False,1,5.9,card
PUN-20260602-0237,2,2026-06-02 15:23:01,Punggol,SOK-M-04,Men's Ribbed Crew Socks,Socks,Men,5.9,5.9,False,2,11.8,Card
BUG-20260602-0657,2,2026-06-02 20:26:36,BUGIS,SOK-W-02,Women's Pile Crew Socks,Socks,Women,5.9,5.9,False,1,5.9,Card
PUN-20260602-0601,2,2026-06-02 14:23:32,Punggol,SOK-M-03,Men's Airism Low-Cut Socks,Socks,Men,5.9,5.9,False,1,5.9,Card
BUG-20260602-0676,1,2026-06-02 20:23:19,bugis,SOK-M-03,Men's Airism Low-Cut Socks,Socks,Men,5.9,5.9,False,1,5.9,Card
PUN-20260602-0637,2,2026-06-02 22:10:23,Punggol,BTM-M-01,Men's Ezy Ankle Pants,BOTTOMS,Men,29.9,29.9,False,1,29.9,NETS
BUG-20260602-0452,1,2026-06-02 19:05:21,Bugis,SOK-M-02,Men's Pile Crew Socks,Socks,Men,5.9,5.9,False,1,5.9,card
ORC-20260602-0919,1,2026-06-02 18:47:50,Orchard Central,SOK-M-02,Men's Pile Crew Socks,Socks,Men,5.9,5.9,False,1,5.9,NETS
BUG-20260602-0098,3,2026-06-02 20:50:24,Bugis,BTM-W-02,Women's High-Rise Wide Leg Pants,Bottoms,Women,39.9,39.9,False,1,39.9,NETS
ORC-20260602-0182,1,2026-06-02 18:31:21,Orchard Central,BTM-W-02,Women's High-Rise Wide Leg Pants,Bottoms,Women,39.9,39.9,False,1,39.9,Card
ORC-20260602-0409,2,2026-06-02 13:06:21,Orchard Central,TOP-M-01,Men's Airism Cotton Crew Neck T-Shirt,Tops,Men,14.9,14.9,False,1,14.9,Card
BUG-20260602-0403,3,2026-06-02 20:52:32,Bugis,TOP-M-04,Men's Oxford Long Sleeve Shirt,tops,Men,29.9,29.9,False,1,29.9,Card
BUG-20260602-0611,2,2026-06-02 17:35:56,Bugis,UND-W-03,  Women's Cotton Blend Briefs  ,Underwear,women,9.9,9.9,False,2,19.8,Card
BUG-20260602-0296,2,2026-06-02 20:08:16,  Bugis  ,UND-W-01,Women's Airism Bikini Shorts,Underwear,Women,9.9,9.9,False,1,9.9,NETS
ORC-20260602-1033,2,2026-06-02 19:34:42,Orchard Central,UND-M-01,Men's Airism Boxer Briefs,Underwear,Men,14.9,14.9,False,1,14.9,Card
PUN-20260602-0036,3,2026-06-02 15:28:01,Punggol,SOK-W-02,  Women's Pile Crew Socks  ,Socks,Women,5.9,5.9,False,1,5.9,Card
BUG-20260602-0180,2,2026-06-02 16:29:35,Bugis,TOP-M-04,Men's Oxford Long Sleeve Shirt,Tops,Men,29.9,29.9,False,1,29.9,Card
BUG-20260602-0678,1,2026-06-02 19:52:03,Bugis,SOK-W-10,Women's Wool Blend Socks,Socks,WOMEN,9.9,9.9,False,1,9.9,NETS
PUN-20260602-0477,1,2026-06-02 12:05:51,punggol,UND-M-01,Men's Airism Boxer Briefs,Underwear,Men,14.9,14.9,False,1,14.9,Card
ORC-20260602-0091,1,2026-06-02 21:15:39,  Orchard Central  ,SOK-W-02,Women's Pile Crew Socks,Socks,WOMEN,5.9,5.9,False,1,$5.9,PayNow
PUN-20260602-0314,2,2026-06-02 17:54:14,PUNGGOL,TOP-W-01,Women's Airism Cotton Crew Neck T-Shirt,tops,Women,14.9,14.9,False,1,14.9,PayNow
PUN-20260602-0312,1,2026-06-02 11:27:09,Punggol,SOK-M-04,Men's Ribbed Crew Socks,Socks,men,5.9,5.9,False,1,5.9,Card
ORC-20260602-0492,2,2026-06-02 20:10:45,Orchard Central,TOP-W-04,Women's Heattech Crew Neck Long Sleeve Tee,Tops,Women,14.9,14.9,False,1,14.9,Card
PUN-20260602-0403,1,2026-06-02 19:33:36,Punggol,SOK-W-03,Women's Airism Low-Cut Socks,Socks,Women,5.9,5.9,False,1,5.9,NETS
BUG-20260602-0217,2,2026-06-02 20:05:30,Bugis,TOP-W-04,Women's Heattech Crew Neck Long Sleeve Tee,Tops,Women,14.9,14.9,False,1,14.9,Card
ORC-20260602-0159,1,2026-06-02 17:18:38,  Orchard Central  ,UND-M-02,Men's Cotton Blend Trunks,Underwear,Men,14.9,14.9,False,1,14.9,Card
ORC-20260602-0183,1,2026-06-02 12:00:29,Orchard Central,SOK-W-01,Women's Ankle Socks 3-Pack,Socks,Women,14.9,14.9,False,1,14.9,Card
ORC-20260602-0991,3,2026-06-02 17:16:44,Orchard Central,UND-M-01,Men's Airism Boxer Briefs,underwear,Men,14.9,14.9,False,1,14.9,CARD
PUN-20260602-0675,1,2026-06-02 20:41:54,Punggol,TOP-W-04,Women's Heattech Crew Neck Long Sleeve Tee,Tops,Women,14.9,14.9,False,1,14.9,paynow
ORC-20260602-0539,1,2026-06-02 15:57:39,Orchard Central,SOK-M-09,Men's No-Show Sneaker Socks,Socks,MEN,4.11,5.9,True,2,8.22,Card
ORC-20260602-0774,1,2026-06-02 19:59:34,Orchard Central,SOK-W-04,Women's Ribbed Crew Socks,Socks,Women,5.9,5.9,False,2,11.8,Card
BUG-20260602-0559,1,2026-06-02 17:55:04,Bugis,SOK-W-03,Women's Airism Low-Cut Socks,Socks,Women,5.9,5.9,False,1,5.9,Card
ORC-20260602-0554,2,2026-06-02 21:55:22,Orchard Central,UND-W-04,Women's Airism T-Shirt Bra,Underwear,women,29.9,29.9,False,1,29.9,Card
PUN-20260602-0644,2,2026-06-02 20:01:10,Punggol,UND-W-02,Women's Wireless Bra,Underwear,Women,29.9,29.9,False,2,59.8,Card
ORC-20260602-0098,1,2026-06-02 12:39:21,Orchard Central,SOK-W-04,Women's Ribbed Crew Socks,Socks,Women,5.9,5.9,False,1,5.9,Cash
BUG-20260602-0633,2,2026-06-02 21:11:01,Bugis,SOK-M-06,Men's Heattech Socks,Socks,Men,9.9,9.9,False,1,9.9,Card
ORC-20260602-0641,2,2026-06-02 18:23:09,Orchard Central,SOK-W-03,Women's Airism Low-Cut Socks,Socks,Women,5.9,5.9,False,1,5.9,Cash
BUG-20260602-0535,1,2026-06-02 16:35:45,Bugis,SOK-W-01,Women's Ankle Socks 3-Pack,socks,WOMEN,14.9,14.9,False,1,14.9,Cash
PUN-20260602-0617,2,2026-06-02 12:27:56,punggol,SOK-M-02,Men's Pile Crew Socks,Socks,Men,5.9,5.9,False,1,5.9,Card
PUN-20260602-0350,2,2026-06-02 19:05:02,Punggol,SOK-W-04,Women's Ribbed Crew Socks,Socks,Women,5.9,5.9,False,1,5.9,NETS
BUG-20260602-0575,2,2026-06-02 18:34:29,Bugis,SOK-W-04,Women's Ribbed Crew Socks,Socks,Women,5.9,5.9,False,1,5.9,PayNow
PUN-20260602-0182,1,2026-06-02 19:26:05,Punggol,TOP-W-02,Women's Ribbed Long Sleeve Turtleneck,Tops,Women,19.9,19.9,False,1,19.9,PayNow
ORC-20260602-0903,1,2026-06-02 20:03:32,Orchard Central,SOK-W-03,Women's Airism Low-Cut Socks,Socks,Women,5.9,5.9,False,1,5.9,NETS
ORC-20260602-0623,1,2026-06-02 21:56:25,  Orchard Central  ,TOP-M-05,Men's Heattech Crew Neck Long Sleeve Tee,TOPS,Men,11.62,14.9,True,1,11.62,Card
BUG-20260602-0503,2,2026-06-02 20:01:35,  Bugis  ,SOK-M-04,Men's Ribbed Crew Socks,Socks,Men,5.9,5.9,False,1,5.9,Card
ORC-20260602-0484,1,2026-06-02 19:03:00,Orchard Central,TOP-W-04,Women's Heattech Crew Neck Long Sleeve Tee,Tops,Women,14.9,14.9,False,1,14.9,Card
ORC-20260602-0168,3,2026-06-02 20:46:29,Orchard Central,UND-W-09,Women's Cotton Boyshorts,Underwear,Women,$9.9,9.9,False,2,19.8,Cash
BUG-20260602-0071,1,2026-06-02 11:35:38,Bugis,TOP-W-01,Women's Airism Cotton Crew Neck T-Shirt,Tops,Women,14.9,14.9,False,1,14.9,Card
ORC-20260602-0616,2,2026-06-02 11:04:04,Orchard Central,SOK-M-05,Men's Sport Ankle Socks,Socks,Men,5.9,5.9,False,1,5.9,Cash
PUN-20260602-0370,3,2026-06-02 20:13:56,Punggol,SOK-M-03,Men's Airism Low-Cut Socks,Socks,men,5.9,5.9,False,1,5.9,Card
BUG-20260602-0227,1,2026-06-02 19:06:31,Bugis,TOP-W-02,Women's Ribbed Long Sleeve Turtleneck,Tops,Women,19.9,19.9,False,1,19.9,NETS
PUN-20260602-0353,2,2026-06-02 13:44:51,Punggol,SOK-W-04,Women's Ribbed Crew Socks,Socks,Women,5.9,5.9,False,1,5.9,PayNow
PUN-20260602-0579,2,2026-06-02 14:19:36,Punggol,TOP-M-01,Men's Airism Cotton Crew Neck T-Shirt,Tops,Men,14.9,14.9,False,1,14.9,Card
BUG-20260602-0768,1,2026-06-02 19:01:18,  bugis  ,UND-W-10,Women's Wireless Bralette,UNDERWEAR,Women,29.9,29.9,False,1,29.9,Card
BUG-20260602-0128,2,2026-06-02 19:26:41,Bugis,SOK-W-04,Women's Ribbed Crew Socks,Socks,Women,5.9,5.9,False,1,5.9,NETS
ORC-20260602-0638,1,2026-06-02 13:56:36,Orchard Central,SOK-M-01,Men's Ankle Socks 3-Pack,Socks,Men,14.9,14.9,False,1,14.9,Cash
ORC-20260602-0833,3,2026-06-02 14:19:53,  orchard central  ,SOK-W-02,Women's Pile Crew Socks,Socks,Women,5.9,5.9,False,1,$5.9,card
ORC-20260602-0512,1,2026-06-02 19:55:43,Orchard Central,UND-M-04,Men's Cotton Crew Neck Undershirt,Underwear,Men,14.9,14.9,False,1,14.9,Card
BUG-20260602-0536,1,2026-06-02 19:16:22,bugis,UND-W-02,Women's Wireless Bra,Underwear,Women,29.9,29.9,False,1,29.9,Cash
ORC-20260602-0665,1,2026-06-02 12:33:51,Orchard Central,SOK-M-09,Men's No-Show Sneaker Socks,Socks,Men,4.11,5.9,True,2,8.22,PayNow
BUG-20260602-0669,2,2026-06-02 16:51:41,Bugis,SOK-M-03,Men's Airism Low-Cut Socks,Socks,Men,5.9,5.9,False,1,5.9,NETS
ORC-20260602-0539,2,2026-06-02 15:57:39,  Orchard Central  ,UND-W-03,Women's Cotton Blend Briefs,Underwear,Women,9.9,9.9,False,1,9.9,Card
ORC-20260602-0474,1,2026-06-02 17:11:16,  Orchard Central  ,BTM-M-01,Men's Ezy Ankle Pants,Bottoms,Men,29.9,29.9,False,1,29.9,PayNow
ORC-20260602-0269,1,2026-06-02 17:30:56,Orchard Central,SOK-W-04,Women's Ribbed Crew Socks,Socks,Women,5.9,5.9,False,2,11.8,Cash
PUN-20260602-0026,2,2026-06-02 11:59:43,PUNGGOL,SOK-W-04,Women's Ribbed Crew Socks,Socks,Women,5.9,5.9,False,2,11.8,Card
ORC-20260602-0406,1,2026-06-02 18:39:20,Orchard Central,SOK-M-09,Men's No-Show Sneaker Socks,socks,Men,4.11,5.9,True,1,4.11,Card
ORC-20260602-0639,1,2026-06-02 15:03:53,Orchard Central,UND-M-01,  Men's Airism Boxer Briefs  ,Underwear,Men,14.9,14.9,False,1,14.9,Cash
BUG-20260602-0675,2,2026-06-02 16:11:38,bugis,SOK-W-03,Women's Airism Low-Cut Socks,Socks,Women,5.9,5.9,False,1,5.9,NETS
ORC-20260602-0854,2,2026-06-02 16:27:31,orchard central,BTM-M-08,Men's Relaxed Fit Denim Shorts,Bottoms,Men,22.99,29.9,True,1,22.99,PayNow
ORC-20260602-0075,1,2026-06-02 15:42:41,Orchard Central,SOK-W-01,Women's Ankle Socks 3-Pack,Socks,Women,14.9,14.9,False,1,14.9,NETS
PUN-20260602-0688,2,2026-06-02 20:08:51,punggol,SOK-W-03,Women's Airism Low-Cut Socks,Socks,Women,5.9,5.9,False,1,5.9,PayNow
BUG-20260602-0024,1,2026-06-02 20:36:56,Bugis,SOK-M-01,Men's Ankle Socks 3-Pack,Socks,Men,$14.9,14.9,False,1,14.9,PayNow
PUN-20260602-0438,2,2026-06-02 19:49:25,PUNGGOL,SOK-M-04,Men's Ribbed Crew Socks,Socks,Men,5.9,5.9,False,1,5.9,Card
ORC-20260602-0908,2,2026-06-02 17:43:58,Orchard Central,TOP-M-03,Men's Dry-EX Crew Neck T-Shirt,Tops,Men,19.9,19.9,False,1,19.9,Card
PUN-20260602-0010,3,2026-06-02 20:39:27,Punggol,BTM-M-02,Men's Slim Fit Chino Trousers,Bottoms,Men,29.9,29.9,False,1,29.9,NETS
PUN-20260602-0536,3,2026-06-02 19:32:16,Punggol,UND-W-04,Women's Airism T-Shirt Bra,Underwear,women,29.9,29.9,False,1,29.9,NETS
BUG-20260602-0325,2,2026-06-02 21:31:10,  Bugis  ,SOK-M-02,Men's Pile Crew Socks,Socks,Men,5.9,5.9,False,1,5.9,Card
PUN-20260602-0301,1,2026-06-02 19:12:36,Punggol,SOK-M-04,Men's Ribbed Crew Socks,Socks,Men,5.9,5.9,False,1,5.9,PayNow
ORC-20260602-0085,1,2026-06-02 22:46:17,Orchard Central,UND-M-01,Men's Airism Boxer Briefs,Underwear,men,14.9,14.9,False,1,14.9,Cash
BUG-20260602-0169,1,2026-06-02 11:23:15,Bugis,TOP-W-01,Women's Airism Cotton Crew Neck T-Shirt,Tops,Women,$14.9,14.9,False,1,14.9,Card
PUN-20260602-0166,3,2026-06-02 17:30:32,Punggol,SOK-M-04,Men's Ribbed Crew Socks,Socks,Men,5.9,5.9,False,1,$5.9,PayNow
BUG-20260602-0344,2,2026-06-02 11:59:29,BUGIS,SOK-W-04,Women's Ribbed Crew Socks,Socks,Women,5.9,5.9,False,2,11.8,NETS
PUN-20260602-0483,1,2026-06-02 19:22:39,PUNGGOL,UND-M-04,Men's Cotton Crew Neck Undershirt,Underwear,Men,14.9,14.9,False,1,14.9,CASH
BUG-20260602-0324,2,2026-06-02 20:26:31,  Bugis  ,SOK-W-03,Women's Airism Low-Cut Socks,Socks,Women,5.9,5.9,False,1,5.9,PayNow
PUN-20260602-0600,1,2026-06-02 20:53:03,Punggol,BTM-W-05,Women's Pleated Midi Skirt,Bottoms,Women,29.9,29.9,False,1,29.9,PayNow
PUN-20260602-0039,1,2026-06-02 14:18:39,Punggol,SOK-W-04,  Women's Ribbed Crew Socks  ,Socks,Women,5.9,5.9,False,1,5.9,PayNow
PUN-20260602-0543,1,2026-06-02 21:24:01,punggol,TOP-W-04,Women's Heattech Crew Neck Long Sleeve Tee,Tops,Women,14.9,14.9,False,1,14.9,Cash
PUN-20260602-0349,2,2026-06-02 19:37:02,Punggol,SOK-W-02,Women's Pile Crew Socks,Socks,Women,5.9,5.9,False,1,5.9,Cash
ORC-20260602-0593,2,2026-06-02 20:18:49,Orchard Central,SOK-M-02,Men's Pile Crew Socks,Socks,Men,5.9,5.9,False,2,11.8,Card
ORC-20260602-0668,2,2026-06-02 15:26:34,Orchard Central,SOK-M-04,Men's Ribbed Crew Socks,Socks,Men,5.9,5.9,False,1,5.9,Card
BUG-20260602-0078,1,2026-06-02 14:04:57,Bugis,BTM-M-02,Men's Slim Fit Chino Trousers,Bottoms,Men,29.9,29.9,False,1,29.9,Card
PUN-20260602-0252,1,2026-06-02 21:12:43,Punggol,SOK-W-04,Women's Ribbed Crew Socks,Socks,Women,5.9,5.9,False,2,11.8,Card
BUG-20260602-0166,2,2026-06-02 21:31:26,Bugis,SOK-M-04,Men's Ribbed Crew Socks,Socks,men,5.9,5.9,False,1,5.9,Card
BUG-20260602-0760,2,2026-06-02 22:54:42,Bugis,BTM-W-01,Women's Ultra Stretch Skinny Jeans,Bottoms,Women,39.9,39.9,False,1,39.9,Cash
ORC-20260602-0756,3,2026-06-02 11:32:08,ORCHARD CENTRAL,UND-W-04,Women's Airism T-Shirt Bra,Underwear,women,29.9,29.9,False,1,29.9,PayNow
ORC-20260602-0438,2,2026-06-02 19:43:39,  Orchard Central  ,UND-W-03,Women's Cotton Blend Briefs,Underwear,women,9.9,9.9,False,1,9.9,Card
ORC-20260602-0015,2,2026-06-02 20:25:08,Orchard Central,UND-M-03,Men's Airism Mesh Boxer Briefs,Underwear,Men,14.9,14.9,False,1,14.9,Card
ORC-20260602-0869,1,2026-06-02 20:06:41,Orchard Central,SOK-M-03,Men's Airism Low-Cut Socks,socks,Men,5.9,5.9,False,1,5.9,Card
ORC-20260602-0848,3,2026-06-02 20:50:25,Orchard Central,TOP-W-03,  Women's Silky Satin Blouse  ,Tops,Women,39.9,39.9,False,1,39.9,PAYNOW
ORC-20260602-0927,2,2026-06-02 19:51:35,ORCHARD CENTRAL,SOK-M-08,Men's Cotton Blend Dress Socks,socks,Men,9.9,9.9,False,1,9.9,
PUN-20260602-0457,2,2026-06-02 20:05:31,Punggol,SOK-M-01,Men's Ankle Socks 3-Pack,Socks,Men,14.9,14.9,False,1,14.9,Card
PUN-20260602-0396,1,2026-06-02 11:45:16,Punggol,SOK-M-03,Men's Airism Low-Cut Socks,Socks,Men,5.9,5.9,False,2,11.8,Cash
ORC-20260602-1086,2,2026-06-02 12:51:26,orchard central,UND-W-03,Women's Cotton Blend Briefs,Underwear,Women,9.9,9.9,False,1,9.9,Cash
ORC-20260602-0130,1,2026-06-02 15:45:37,  Orchard Central  ,SOK-W-10,Women's Wool Blend Socks,Socks,Women,9.9,9.9,False,1,9.9,Card
ORC-20260602-0501,1,2026-06-02 13:44:55,ORCHARD CENTRAL,TOP-M-03,Men's Dry-EX Crew Neck T-Shirt,Tops,Men,19.9,19.9,False,1,19.9,Card
BUG-20260602-0363,2,2026-06-02 20:52:03,Bugis,BTM-M-01,Men's Ezy Ankle Pants,Bottoms,Men,29.9,29.9,False,1,29.9,Card
PUN-20260602-0143,2,2026-06-02 18:00:17,Punggol,TOP-W-01,Women's Airism Cotton Crew Neck T-Shirt,Tops,Women,$14.9,14.9,False,1,14.9,NETS
ORC-20260602-0524,2,2026-06-02 20:27:29,Orchard Central,TOP-W-04,Women's Heattech Crew Neck Long Sleeve Tee,Tops,Women,14.9,14.9,False,1,14.9,Card
PUN-20260602-0606,1,2026-06-02 20:01:58,Punggol,SOK-W-02,Women's Pile Crew Socks,Socks,Women,5.9,5.9,False,1,5.9,PayNow
PUN-20260602-0337,2,2026-06-02 20:12:03,Punggol,BTM-W-01,Women's Ultra Stretch Skinny Jeans,Bottoms,Women,39.9,39.9,False,1,39.9,PayNow
BUG-20260602-0706,1,2026-06-02 17:56:25,  Bugis  ,UND-M-04,Men's Cotton Crew Neck Undershirt,UNDERWEAR,Men,14.9,14.9,False,1,14.9,CARD
ORC-20260602-0954,2,2026-06-02 22:19:51,Orchard Central,SOK-W-03,Women's Airism Low-Cut Socks,Socks,Women,5.9,5.9,False,1,5.9,PayNow
BUG-20260602-0075,3,2026-06-02 18:29:11,Bugis,UND-W-01,Women's Airism Bikini Shorts,Underwear,Women,9.9,9.9,False,1,9.9,Card
BUG-20260602-0797,3,2026-06-02 20:35:04,Bugis,SOK-W-02,Women's Pile Crew Socks,socks,Women,5.9,5.9,False,2,11.8,PayNow
ORC-20260602-0917,1,2026-06-02 20:37:50,Orchard Central,SOK-W-04,Women's Ribbed Crew Socks,Socks,Women,5.9,5.9,False,1,5.9,PayNow
BUG-20260602-0157,1,2026-06-02 18:52:01,bugis,SOK-M-03,Men's Airism Low-Cut Socks,Socks,Men,5.9,5.9,False,1,5.9,Card
PUN-20260602-0370,2,2026-06-02 20:13:56,Punggol,TOP-M-01,  Men's Airism Cotton Crew Neck T-Shirt  ,Tops,Men,14.9,14.9,False,1,14.9,Card
BUG-20260602-0455,1,2026-06-02 19:00:35,Bugis,UND-M-02,Men's Cotton Blend Trunks,Underwear,Men,14.9,14.9,False,1,14.9,Card
ORC-20260602-1116,2,2026-06-02 11:40:32,Orchard Central,SOK-M-02,Men's Pile Crew Socks,Socks,Men,5.9,5.9,False,1,5.9,Card
BUG-20260602-0221,1,2026-06-02 18:30:06,Bugis,SOK-W-01,Women's Ankle Socks 3-Pack,Socks,Women,14.9,14.9,False,1,14.9,NETS
ORC-20260602-0938,2,2026-06-02 14:09:43,Orchard Central,SOK-M-01,Men's Ankle Socks 3-Pack,Socks,Men,14.9,14.9,False,2,29.8,Card
BUG-20260602-0340,1,2026-06-02 12:48:49,Bugis,TOP-W-01,  Women's Airism Cotton Crew Neck T-Shirt  ,Tops,Women,14.9,14.9,False,1,14.9,Paynow
PUN-20260602-0685,1,2026-06-02 17:48:07,Punggol,SOK-W-01,Women's Ankle Socks 3-Pack,Socks,Women,14.9,14.9,False,1,14.9,CARD
ORC-20260602-0610,2,2026-06-02 19:53:32,  orchard central  ,SOK-W-02,Women's Pile Crew Socks,Socks,Women,5.9,5.9,False,1,5.9,PayNow
ORC-20260602-0890,2,2026-06-02 22:59:52,Orchard Central,SOK-W-10,Women's Wool Blend Socks,Socks,Women,9.9,9.9,False,1,9.9,PayNow
BUG-20260602-0521,1,2026-06-02 17:42:07,Bugis,BTM-M-08,Men's Relaxed Fit Denim Shorts,Bottoms,Men,22.99,29.9,True,1,22.99,Card
BUG-20260602-0159,1,2026-06-02 12:44:20,Bugis,TOP-W-03,Women's Silky Satin Blouse,Tops,Women,39.9,39.9,False,1,39.9,Card
BUG-20260602-0107,2,2026-06-02 12:28:33,bugis,SOK-W-04,Women's Ribbed Crew Socks,Socks,Women,5.9,5.9,False,1,5.9,Card
ORC-20260602-0835,1,2026-06-02 18:56:41,Orchard Central,SOK-M-01,Men's Ankle Socks 3-Pack,SOCKS,Men,14.9,14.9,False,1,14.9,Card
PUN-20260602-0036,2,2026-06-02 15:28:01,Punggol,SOK-M-04,Men's Ribbed Crew Socks,Socks,Men,5.9,5.9,False,1,5.9,CARD
ORC-20260602-0897,1,2026-06-02 13:04:10,Orchard Central,UND-M-01,Men's Airism Boxer Briefs,Underwear,Men,14.9,14.9,False,1,14.9,Cash
BUG-20260602-0582,2,2026-06-02 17:18:41,Bugis,TOP-M-03,Men's Dry-EX Crew Neck T-Shirt,Tops,MEN,19.9,19.9,False,1,19.9,PayNow
PUN-20260602-0510,1,2026-06-02 22:58:54,Punggol,TOP-W-04,Women's Heattech Crew Neck Long Sleeve Tee,Tops,Women,14.9,14.9,False,1,14.9,Card
BUG-20260602-0411,1,2026-06-02 19:13:17,Bugis,UND-M-04,Men's Cotton Crew Neck Undershirt,Underwear,Men,14.9,14.9,False,2,29.8,Card
ORC-20260602-0306,2,2026-06-02 22:12:37,Orchard Central,UND-W-04,Women's Airism T-Shirt Bra,Underwear,Women,29.9,29.9,False,1,29.9,nets
ORC-20260602-0644,2,2026-06-02 19:06:05,Orchard Central,UND-M-02,Men's Cotton Blend Trunks,Underwear,Men,14.9,14.9,False,1,14.9,PayNow
PUN-20260602-0175,3,2026-06-02 19:09:02,Punggol,UND-M-04,Men's Cotton Crew Neck Undershirt,Underwear,Men,14.9,14.9,False,2,29.8,Nets
PUN-20260602-0282,2,2026-06-02 15:48:47,Punggol,SOK-M-01,Men's Ankle Socks 3-Pack,Socks,MEN,14.9,14.9,False,1,14.9,NETS
PUN-20260602-0047,3,2026-06-02 17:41:26,Punggol,UND-W-02,Women's Wireless Bra,Underwear,Women,29.9,29.9,False,1,29.9,CASH
ORC-20260602-0078,3,2026-06-02 14:13:45,Orchard Central,TOP-W-04,Women's Heattech Crew Neck Long Sleeve Tee,Tops,Women,14.9,14.9,False,1,14.9,Cash
PUN-20260602-0062,2,2026-06-02 21:20:29,Punggol,SOK-W-03,Women's Airism Low-Cut Socks,Socks,Women,5.9,5.9,False,1,5.9,PayNow
PUN-20260602-0352,3,2026-06-02 20:30:14,Punggol,SOK-M-02,Men's Pile Crew Socks,SOCKS,Men,5.9,5.9,False,1,5.9,NETS
BUG-20260602-0182,1,2026-06-02 21:01:21,Bugis,SOK-W-04,Women's Ribbed Crew Socks,Socks,Women,5.9,5.9,False,1,5.9,Cash
BUG-20260602-0660,2,2026-06-02 12:06:17,Bugis,UND-M-04,Men's Cotton Crew Neck Undershirt,Underwear,Men,$14.9,14.9,False,1,14.9,Card
ORC-20260602-1062,1,2026-06-02 21:54:54,ORCHARD CENTRAL,UND-M-01,Men's Airism Boxer Briefs,underwear,Men,14.9,14.9,False,1,14.9,PayNow
ORC-20260602-1080,2,2026-06-02 19:59:12,orchard central,SOK-M-09,  Men's No-Show Sneaker Socks  ,Socks,Men,4.11,5.9,True,1,4.11,Card
ORC-20260602-0153,2,2026-06-02 13:35:59,Orchard Central,UND-W-03,Women's Cotton Blend Briefs,Underwear,Women,9.9,9.9,False,1,9.9,Card
PUN-20260602-0325,1,2026-06-02 21:38:58,PUNGGOL,SOK-M-03,Men's Airism Low-Cut Socks,Socks,Men,5.9,5.9,False,1,5.9,Card
PUN-20260602-0454,1,2026-06-02 21:49:13,Punggol,TOP-W-02,Women's Ribbed Long Sleeve Turtleneck,Tops,Women,19.9,19.9,False,1,19.9,PayNow
PUN-20260602-0491,1,2026-06-02 16:11:47,Punggol,TOP-M-02,  Men's Supima Cotton Polo Shirt  ,Tops,Men,29.9,29.9,False,1,29.9,NETS
BUG-20260602-0568,1,2026-06-02 19:56:41,Bugis,SOK-W-01,Women's Ankle Socks 3-Pack,Socks,women,14.9,14.9,False,1,14.9,Card
ORC-20260602-0610,1,2026-06-02 19:53:32,Orchard Central,UND-W-06,  Women's Lace Trim Briefs  ,Underwear,Women,9.9,9.9,False,2,19.8,PayNow
ORC-20260602-0806,2,2026-06-02 11:47:03,Orchard Central,BTM-M-02,  Men's Slim Fit Chino Trousers  ,Bottoms,Men,29.9,29.9,False,1,29.9,Cash
PUN-20260602-0525,3,2026-06-02 21:24:40,Punggol,TOP-M-01,Men's Airism Cotton Crew Neck T-Shirt,Tops,Men,14.9,14.9,False,1,14.9,Card
PUN-20260602-0523,1,2026-06-02 20:58:32,Punggol,UND-W-04,Women's Airism T-Shirt Bra,Underwear,Women,29.9,29.9,False,1,29.9,Card
PUN-20260602-0126,1,2026-06-02 20:59:42,  Punggol  ,SOK-W-03,Women's Airism Low-Cut Socks,Socks,Women,5.9,5.9,False,1,5.9,Cash
ORC-20260602-0800,2,2026-06-02 15:29:03,Orchard Central,SOK-M-01,  Men's Ankle Socks 3-Pack  ,Socks,Men,14.9,14.9,False,1,14.9,PayNow
PUN-20260602-0612,1,2026-06-02 13:44:14,  Punggol  ,TOP-M-04,Men's Oxford Long Sleeve Shirt,Tops,Men,29.9,29.9,False,1,29.9,NETS
ORC-20260602-0766,2,2026-06-02 20:13:26,Orchard Central,SOK-W-04,  Women's Ribbed Crew Socks  ,Socks,Women,5.9,5.9,False,1,5.9,Card
BUG-20260602-0028,1,2026-06-02 21:25:22,bugis,SOK-W-04,Women's Ribbed Crew Socks,Socks,Women,5.9,5.9,False,1,5.9,Card
PUN-20260602-0170,1,2026-06-02 17:42:45,Punggol,UND-W-01,  Women's Airism Bikini Shorts  ,Underwear,Women,9.9,9.9,False,1,9.9,Card
BUG-20260602-0628,2,2026-06-02 14:50:10,Bugis,SOK-M-04,Men's Ribbed Crew Socks,Socks,Men,5.9,5.9,False,2,11.8,PayNow
BUG-20260602-0188,2,2026-06-02 17:59:56,Bugis,SOK-W-01,Women's Ankle Socks 3-Pack,Socks,Women,14.9,14.9,False,1,14.9,PayNow
BUG-20260602-0579,1,2026-06-02 16:12:37,BUGIS,UND-M-01,Men's Airism Boxer Briefs,Underwear,Men,$14.9,14.9,False,2,29.8,Card
ORC-20260602-0416,1,2026-06-02 21:25:33,Orchard Central,UND-W-03,Women's Cotton Blend Briefs,Underwear,Women,9.9,9.9,False,1,9.9,Card
ORC-20260602-0340,1,2026-06-02 12:58:13,Orchard Central,SOK-W-02,Women's Pile Crew Socks,Socks,women,5.9,5.9,False,2,11.8,Cash
BUG-20260602-0627,1,2026-06-02 18:56:53,bugis,BTM-M-01,Men's Ezy Ankle Pants,Bottoms,Men,29.9,29.9,False,1,29.9,Paynow
BUG-20260602-0745,1,2026-06-02 16:20:26,Bugis,SOK-M-04,  Men's Ribbed Crew Socks  ,Socks,Men,5.9,5.9,False,1,$5.9,
ORC-20260602-0453,1,2026-06-02 19:45:29,Orchard Central,BTM-W-02,  Women's High-Rise Wide Leg Pants  ,Bottoms,women,39.9,39.9,False,1,39.9,Cash
ORC-20260602-0893,3,2026-06-02 20:24:21,Orchard Central,SOK-M-09,Men's No-Show Sneaker Socks,Socks,Men,4.11,5.9,True,1,4.11,Paynow
ORC-20260602-0863,1,2026-06-02 22:41:10,  Orchard Central  ,UND-W-01,Women's Airism Bikini Shorts,Underwear,Women,9.9,9.9,False,1,9.9,CARD
PUN-20260602-0578,2,2026-06-02 21:03:11,Punggol,UND-M-01,Men's Airism Boxer Briefs,Underwear,Men,14.9,14.9,False,1,14.9,PayNow
ORC-20260602-0219,3,2026-06-02 22:21:43,Orchard Central,SOK-M-03,Men's Airism Low-Cut Socks,Socks,Men,5.9,5.9,False,1,5.9,PayNow
BUG-20260602-0264,2,2026-06-02 14:00:50,Bugis,SOK-W-02,Women's Pile Crew Socks,SOCKS,Women,5.9,5.9,False,1,5.9,Card
BUG-20260602-0465,1,2026-06-02 17:19:47,Bugis,UND-W-01,Women's Airism Bikini Shorts,Underwear,Women,9.9,9.9,False,1,9.9,NETS
ORC-20260602-0961,2,2026-06-02 22:14:06,Orchard Central,SOK-M-03,Men's Airism Low-Cut Socks,Socks,Men,5.9,5.9,False,1,5.9,PayNow
PUN-20260602-0495,2,2026-06-02 13:21:34,Punggol,SOK-W-04,Women's Ribbed Crew Socks,Socks,Women,5.9,5.9,False,1,5.9,NETS
PUN-20260602-0125,3,2026-06-02 17:00:06,Punggol,SOK-W-02,Women's Pile Crew Socks,Socks,women,5.9,5.9,False,2,11.8,NETS
BUG-20260602-0363,3,2026-06-02 20:52:03,Bugis,TOP-M-03,Men's Dry-EX Crew Neck T-Shirt,Tops,Men,19.9,19.9,False,1,19.9,Card
ORC-20260602-0181,3,2026-06-02 15:17:52,Orchard Central,UND-W-04,Women's Airism T-Shirt Bra,Underwear,Women,29.9,29.9,False,1,29.9,Card
BUG-20260602-0643,3,2026-06-02 21:48:48,Bugis,TOP-M-01,Men's Airism Cotton Crew Neck T-Shirt,Tops,Men,14.9,14.9,False,1,14.9,PayNow
PUN-20260602-0242,2,2026-06-02 22:01:29,Punggol,SOK-W-03,Women's Airism Low-Cut Socks,Socks,Women,5.9,5.9,False,1,5.9,Card
PUN-20260602-0605,2,2026-06-02 20:30:30,punggol,SOK-W-02,Women's Pile Crew Socks,Socks,WOMEN,5.9,5.9,False,1,5.9,NETS
PUN-20260602-0620,1,2026-06-02 14:05:07,Punggol,SOK-W-04,Women's Ribbed Crew Socks,Socks,WOMEN,5.9,5.9,False,1,5.9,CASH
BUG-20260602-0048,1,2026-06-02 21:34:57,Bugis,TOP-M-03,Men's Dry-EX Crew Neck T-Shirt,Tops,Men,19.9,19.9,False,1,19.9,PayNow
PUN-20260602-0101,2,2026-06-02 22:36:53,Punggol,SOK-M-04,Men's Ribbed Crew Socks,Socks,Men,5.9,5.9,False,1,5.9,Card
ORC-20260602-0549,1,2026-06-02 20:49:10,Orchard Central,SOK-M-04,Men's Ribbed Crew Socks,socks,Men,5.9,5.9,False,2,11.8,PayNow
BUG-20260602-0624,1,2026-06-02 19:00:56,Bugis,TOP-W-01,Women's Airism Cotton Crew Neck T-Shirt,Tops,Women,14.9,14.9,False,1,14.9,Card
BUG-20260602-0646,1,2026-06-02 21:36:16,Bugis,SOK-W-02,Women's Pile Crew Socks,socks,Women,5.9,5.9,False,1,5.9,NETS
BUG-20260602-0420,1,2026-06-02 21:28:38,Bugis,TOP-W-01,Women's Airism Cotton Crew Neck T-Shirt,Tops,Women,14.9,14.9,False,1,14.9,Card
PUN-20260602-0517,1,2026-06-02 13:50:32,Punggol,UND-M-10,  Men's Cotton Blend Briefs  ,Underwear,Men,9.9,9.9,False,1,9.9,NETS
PUN-20260602-0397,1,2026-06-02 18:58:09,Punggol,BTM-M-01,Men's Ezy Ankle Pants,Bottoms,Men,29.9,29.9,False,1,29.9,PayNow
ORC-20260602-0937,3,2026-06-02 20:10:38,Orchard Central,SOK-W-04,Women's Ribbed Crew Socks,SOCKS,Women,5.9,5.9,False,1,5.9,PayNow
BUG-20260602-0181,1,2026-06-02 20:20:07,Bugis,TOP-W-01,Women's Airism Cotton Crew Neck T-Shirt,Tops,Women,14.9,14.9,False,1,14.9,card
PUN-20260602-0519,2,2026-06-02 12:26:16,Punggol,UND-M-08,Men's Airism V-Neck Undershirt,Underwear,Men,9.9,9.9,False,2,19.8,CASH
BUG-20260602-0388,1,2026-06-02 20:26:46,Bugis,BTM-M-08,Men's Relaxed Fit Denim Shorts,Bottoms,Men,22.99,29.9,True,1,22.99,Card
ORC-20260602-0598,2,2026-06-02 20:44:38,Orchard Central,SOK-M-05,Men's Sport Ankle Socks,Socks,Men,5.9,5.9,False,1,5.9,cash
BUG-20260602-0372,2,2026-06-02 20:32:06,Bugis,SOK-M-02,Men's Pile Crew Socks,Socks,Men,5.9,5.9,False,1,5.9,NETS
ORC-20260602-0820,3,2026-06-02 19:57:58,Orchard Central,SOK-W-06,Women's Heattech Socks,SOCKS,women,9.9,9.9,False,1,9.9,card
PUN-20260602-0389,2,2026-06-02 13:34:06,  Punggol  ,SOK-W-03,Women's Airism Low-Cut Socks,Socks,Women,5.9,5.9,False,1,5.9,Card
PUN-20260602-0469,2,2026-06-02 20:30:10,Punggol,TOP-W-04,Women's Heattech Crew Neck Long Sleeve Tee,Tops,Women,14.9,14.9,False,1,14.9,Card
PUN-20260602-0482,2,2026-06-02 17:33:27,PUNGGOL,UND-M-09,Men's Heattech Long Johns,Underwear,men,19.9,19.9,False,1,19.9,Card
ORC-20260602-0962,3,2026-06-02 20:00:53,Orchard Central,BTM-M-02,  Men's Slim Fit Chino Trousers  ,BOTTOMS,Men,29.9,29.9,False,1,29.9,Cash
ORC-20260602-0011,2,2026-06-02 18:45:02,orchard central,SOK-W-03,Women's Airism Low-Cut Socks,Socks,WOMEN,5.9,5.9,False,1,5.9,NETS
ORC-20260602-1080,3,2026-06-02 19:59:12,  Orchard Central  ,TOP-M-04,Men's Oxford Long Sleeve Shirt,Tops,Men,29.9,29.9,False,1,29.9,Card
PUN-20260602-0499,1,2026-06-02 15:28:32,Punggol,SOK-W-04,Women's Ribbed Crew Socks,Socks,Women,5.9,5.9,False,1,5.9,Card
PUN-20260602-0075,2,2026-06-02 21:16:54,Punggol,TOP-W-02,Women's Ribbed Long Sleeve Turtleneck,Tops,Women,19.9,19.9,False,1,19.9,CARD
BUG-20260602-0485,1,2026-06-02 18:07:45,Bugis,TOP-W-04,Women's Heattech Crew Neck Long Sleeve Tee,tops,Women,14.9,14.9,False,1,14.9,NETS
ORC-20260602-0940,3,2026-06-02 17:56:20,Orchard Central,UND-M-03,Men's Airism Mesh Boxer Briefs,Underwear,MEN,14.9,14.9,False,1,14.9,Cash
ORC-20260602-0565,1,2026-06-02 17:33:26,  Orchard Central  ,UND-W-06,Women's Lace Trim Briefs,Underwear,Women,9.9,9.9,False,2,19.8,PayNow
ORC-20260602-1019,1,2026-06-02 11:29:06,Orchard Central,BTM-M-01,Men's Ezy Ankle Pants,Bottoms,Men,29.9,29.9,False,1,29.9,Cash
ORC-20260602-0827,3,2026-06-02 21:55:02,Orchard Central,UND-M-02,Men's Cotton Blend Trunks,Underwear,Men,$14.9,14.9,False,2,29.8,
ORC-20260602-0674,1,2026-06-02 18:00:41,  Orchard Central  ,UND-W-03,Women's Cotton Blend Briefs,Underwear,Women,9.9,9.9,False,2,19.8,paynow
BUG-20260602-0047,2,2026-06-02 20:15:31,Bugis,SOK-W-03,Women's Airism Low-Cut Socks,Socks,WOMEN,5.9,5.9,False,1,5.9,NETS
ORC-20260602-0773,1,2026-06-02 11:56:50,orchard central,SOK-W-02,Women's Pile Crew Socks,Socks,Women,5.9,5.9,False,1,5.9,PAYNOW
BUG-20260602-0137,1,2026-06-02 17:45:37,Bugis,SOK-W-02,Women's Pile Crew Socks,Socks,Women,5.9,5.9,False,1,5.9,Card
ORC-20260602-0372,1,2026-06-02 18:15:17,Orchard Central,UND-M-04,  Men's Cotton Crew Neck Undershirt  ,Underwear,Men,14.9,14.9,False,2,29.8,PayNow
ORC-20260602-0454,1,2026-06-02 20:38:16,Orchard Central,SOK-W-04,Women's Ribbed Crew Socks,Socks,WOMEN,5.9,5.9,False,1,5.9,PayNow
ORC-20260602-0469,1,2026-06-02 19:53:45,orchard central,UND-W-03,Women's Cotton Blend Briefs,Underwear,Women,9.9,9.9,False,1,9.9,PayNow
PUN-20260602-0183,3,2026-06-02 21:12:04,Punggol,SOK-M-03,Men's Airism Low-Cut Socks,Socks,Men,5.9,5.9,False,1,5.9,NETS
ORC-20260602-0124,2,2026-06-02 17:37:12,Orchard Central,TOP-W-04,Women's Heattech Crew Neck Long Sleeve Tee,Tops,Women,14.9,14.9,False,1,14.9,PayNow
BUG-20260602-0794,1,2026-06-02 16:18:17,Bugis,SOK-M-01,Men's Ankle Socks 3-Pack,Socks,Men,14.9,14.9,False,1,14.9,
BUG-20260602-0432,2,2026-06-02 18:43:36,BUGIS,UND-W-01,Women's Airism Bikini Shorts,Underwear,Women,9.9,9.9,False,1,9.9,NETS
PUN-20260602-0021,1,2026-06-02 15:06:40,Punggol,UND-M-01,Men's Airism Boxer Briefs,Underwear,Men,14.9,14.9,False,2,29.8,Card
PUN-20260602-0211,3,2026-06-02 18:54:01,Punggol,SOK-W-02,Women's Pile Crew Socks,Socks,Women,5.9,5.9,False,1,5.9,card
PUN-20260602-0075,3,2026-06-02 21:16:54,Punggol,SOK-W-01,Women's Ankle Socks 3-Pack,Socks,Women,14.9,14.9,False,1,14.9,Card
BUG-20260602-0546,2,2026-06-02 16:57:54,Bugis,SOK-M-02,  Men's Pile Crew Socks  ,SOCKS,Men,5.9,5.9,False,1,5.9,PayNow
PUN-20260602-0108,1,2026-06-02 19:00:20,Punggol,SOK-W-04,Women's Ribbed Crew Socks,Socks,Women,5.9,5.9,False,1,5.9,NETS
PUN-20260602-0525,2,2026-06-02 21:24:40,Punggol,UND-W-03,Women's Cotton Blend Briefs,Underwear,women,9.9,9.9,False,1,9.9,Card
BUG-20260602-0458,2,2026-06-02 19:08:06,Bugis,UND-M-04,Men's Cotton Crew Neck Undershirt,Underwear,Men,14.9,14.9,False,1,14.9,Cash
PUN-20260602-0413,3,2026-06-02 20:16:11,Punggol,UND-W-01,Women's Airism Bikini Shorts,Underwear,Women,9.9,9.9,False,1,9.9,PayNow
BUG-20260602-0316,1,2026-06-02 14:04:27,Bugis,TOP-W-01,  Women's Airism Cotton Crew Neck T-Shirt  ,Tops,WOMEN,14.9,14.9,False,1,14.9,Card
ORC-20260602-0201,1,2026-06-02 19:27:25,Orchard Central,SOK-M-02,Men's Pile Crew Socks,Socks,Men,5.9,5.9,False,1,5.9,NETS
BUG-20260602-0588,2,2026-06-02 11:41:49,Bugis,BTM-W-03,Women's Ezy Ankle Pants,Bottoms,women,29.9,29.9,False,1,29.9,Card
ORC-20260602-0634,1,2026-06-02 15:12:17,ORCHARD CENTRAL,UND-M-04,Men's Cotton Crew Neck Undershirt,Underwear,Men,14.9,14.9,False,1,14.9,CARD
PUN-20260602-0618,1,2026-06-02 20:40:36,Punggol,SOK-W-03,Women's Airism Low-Cut Socks,Socks,Women,5.9,5.9,False,1,5.9,Card
BUG-20260602-0368,2,2026-06-02 18:28:44,Bugis,UND-W-01,Women's Airism Bikini Shorts,Underwear,Women,9.9,9.9,False,2,19.8,Cash
ORC-20260602-0792,2,2026-06-02 11:03:55,orchard central,UND-W-03,Women's Cotton Blend Briefs,Underwear,Women,9.9,9.9,False,1,9.9,PayNow
PUN-20260602-0429,1,2026-06-02 18:01:03,Punggol,SOK-W-03,Women's Airism Low-Cut Socks,Socks,Women,5.9,5.9,False,1,5.9,Card
BUG-20260602-0394,3,2026-06-02 19:55:14,Bugis,UND-M-01,Men's Airism Boxer Briefs,UNDERWEAR,Men,14.9,14.9,False,1,14.9,PayNow
ORC-20260602-0682,3,2026-06-02 16:56:30,Orchard Central,SOK-M-09,Men's No-Show Sneaker Socks,Socks,MEN,4.11,5.9,True,1,4.11,Card
ORC-20260602-1009,1,2026-06-02 13:59:36,Orchard Central,BTM-M-01,Men's Ezy Ankle Pants,Bottoms,Men,29.9,29.9,False,1,29.9,Card
BUG-20260602-0696,1,2026-06-02 20:10:47,Bugis,SOK-M-02,  Men's Pile Crew Socks  ,Socks,Men,5.9,5.9,False,1,5.9,Card
BUG-20260602-0609,2,2026-06-02 20:03:08,Bugis,UND-M-02,Men's Cotton Blend Trunks,Underwear,Men,14.9,14.9,False,1,14.9,Cash
BUG-20260602-0613,2,2026-06-02 20:12:17,Bugis,UND-M-01,Men's Airism Boxer Briefs,Underwear,Men,14.9,14.9,False,1,14.9,NETS
BUG-20260602-0733,1,2026-06-02 16:32:21,Bugis,SOK-W-02,Women's Pile Crew Socks,Socks,women,5.9,5.9,False,1,5.9,Cash
BUG-20260602-0598,2,2026-06-02 19:20:10,Bugis,SOK-M-04,Men's Ribbed Crew Socks,Socks,Men,5.9,5.9,False,1,5.9,PayNow
PUN-20260602-0536,1,2026-06-02 19:32:16,Punggol,SOK-W-03,Women's Airism Low-Cut Socks,SOCKS,Women,5.9,5.9,False,1,5.9,NETS
ORC-20260602-0407,3,2026-06-02 21:37:00,Orchard Central,SOK-M-02,Men's Pile Crew Socks,Socks,Men,5.9,5.9,False,2,11.8,Card
PUN-20260602-0224,2,2026-06-02 12:44:18,Punggol,UND-M-07,Men's Stretch Cotton Boxers,Underwear,Men,14.9,14.9,False,1,14.9,Card
PUN-20260602-0549,2,2026-06-02 22:02:15,Punggol,SOK-M-04,  Men's Ribbed Crew Socks  ,Socks,Men,5.9,5.9,False,1,5.9,
ORC-20260602-0353,1,2026-06-02 20:42:04,Orchard Central,SOK-W-03,Women's Airism Low-Cut Socks,Socks,Women,5.9,5.9,False,1,5.9,PayNow
ORC-20260602-0178,1,2026-06-02 20:20:18,Orchard Central,SOK-W-09,Women's No-Show Sneaker Socks,socks,Women,5.9,5.9,False,2,11.8,Card
PUN-20260602-0645,3,2026-06-02 20:52:08,Punggol,UND-M-01,Men's Airism Boxer Briefs,Underwear,Men,14.9,14.9,False,1,14.9,Cash
BUG-20260602-0521,2,2026-06-02 17:42:07,Bugis,SOK-W-03,Women's Airism Low-Cut Socks,Socks,Women,5.9,5.9,False,2,11.8,Card
PUN-20260602-0339,3,2026-06-02 12:09:50,Punggol,SOK-W-02,Women's Pile Crew Socks,Socks,Women,5.9,5.9,False,1,5.9,Cash
ORC-20260602-1006,3,2026-06-02 19:02:15,Orchard Central,UND-M-03,  Men's Airism Mesh Boxer Briefs  ,Underwear,Men,14.9,14.9,False,1,14.9,Cash
PUN-20260602-0645,1,2026-06-02 20:52:08,  Punggol  ,TOP-M-04,Men's Oxford Long Sleeve Shirt,Tops,Men,29.9,29.9,False,1,29.9,Cash
ORC-20260602-0836,3,2026-06-02 12:44:37,orchard central,SOK-M-01,Men's Ankle Socks 3-Pack,SOCKS,MEN,$14.9,14.9,False,1,14.9,Cash
ORC-20260602-0559,1,2026-06-02 17:24:59,orchard central,SOK-M-09,Men's No-Show Sneaker Socks,Socks,Men,4.11,5.9,True,1,4.11,CASH
BUG-20260602-0042,3,2026-06-02 19:53:44,BUGIS,SOK-W-03,Women's Airism Low-Cut Socks,socks,Women,5.9,5.9,False,1,5.9,paynow
BUG-20260602-0121,2,2026-06-02 21:37:38,BUGIS,BTM-M-04,Men's Dry Stretch Shorts,Bottoms,Men,19.9,19.9,False,1,19.9,Card
PUN-20260602-0688,1,2026-06-02 20:08:51,Punggol,UND-W-01,Women's Airism Bikini Shorts,Underwear,Women,9.9,9.9,False,1,9.9,PayNow
ORC-20260602-0987,2,2026-06-02 22:15:08,Orchard Central,SOK-M-03,Men's Airism Low-Cut Socks,Socks,Men,5.9,5.9,False,1,5.9,Card
ORC-20260602-0005,1,2026-06-02 21:29:06,Orchard Central,BTM-W-01,Women's Ultra Stretch Skinny Jeans,Bottoms,Women,39.9,39.9,False,1,39.9,Card
ORC-20260602-0400,2,2026-06-02 12:54:01,Orchard Central,SOK-M-08,Men's Cotton Blend Dress Socks,Socks,Men,9.9,9.9,False,1,9.9,NETS
PUN-20260602-0372,1,2026-06-02 20:46:31,Punggol,UND-W-01,  Women's Airism Bikini Shorts  ,Underwear,Women,9.9,9.9,False,1,$9.9,PayNow
ORC-20260602-0923,2,2026-06-02 20:07:35,Orchard Central,BTM-W-04,Women's Denim Straight Jeans,Bottoms,Women,49.9,49.9,False,1,49.9,cash
ORC-20260602-0189,1,2026-06-02 17:33:49,ORCHARD CENTRAL,SOK-M-04,Men's Ribbed Crew Socks,Socks,Men,5.9,5.9,False,1,5.9,Card
ORC-20260602-0068,2,2026-06-02 20:17:45,Orchard Central,UND-W-01,Women's Airism Bikini Shorts,Underwear,Women,9.9,9.9,False,1,9.9,Card
PUN-20260602-0044,3,2026-06-02 18:23:15,Punggol,SOK-W-02,Women's Pile Crew Socks,socks,Women,5.9,5.9,False,1,5.9,cash
PUN-20260602-0088,2,2026-06-02 20:33:03,Punggol,TOP-W-01,Women's Airism Cotton Crew Neck T-Shirt,Tops,Women,14.9,14.9,False,1,14.9,NETS
ORC-20260602-1114,1,2026-06-02 17:46:35,Orchard Central,BTM-M-02,Men's Slim Fit Chino Trousers,bottoms,MEN,29.9,29.9,False,1,29.9,Card
PUN-20260602-0261,1,2026-06-02 17:04:19,PUNGGOL,UND-M-01,Men's Airism Boxer Briefs,Underwear,Men,14.9,14.9,False,2,29.8,Card
BUG-20260602-0257,1,2026-06-02 18:21:46,BUGIS,UND-W-03,Women's Cotton Blend Briefs,Underwear,Women,9.9,9.9,False,1,9.9,Card
ORC-20260602-0886,2,2026-06-02 14:33:56,  Orchard Central  ,SOK-M-09,Men's No-Show Sneaker Socks,Socks,Men,4.11,5.9,True,1,4.11,PAYNOW
BUG-20260602-0326,1,2026-06-02 15:51:32,  Bugis  ,TOP-M-03,Men's Dry-EX Crew Neck T-Shirt,Tops,Men,19.9,19.9,False,1,19.9,Cash
PUN-20260602-0497,1,2026-06-02 22:58:47,Punggol,SOK-W-03,Women's Airism Low-Cut Socks,Socks,Women,5.9,5.9,False,1,5.9,Card
PUN-20260602-0691,2,2026-06-02 19:47:03,PUNGGOL,SOK-W-02,Women's Pile Crew Socks,Socks,Women,5.9,5.9,False,1,5.9,PayNow
BUG-20260602-0246,1,2026-06-02 12:29:20,Bugis,SOK-W-04,Women's Ribbed Crew Socks,socks,Women,5.9,5.9,False,1,5.9,Card
BUG-20260602-0795,1,2026-06-02 20:43:29,Bugis,TOP-W-03,Women's Silky Satin Blouse,Tops,Women,39.9,39.9,False,1,39.9,Cash
BUG-20260602-0252,1,2026-06-02 15:42:16,Bugis,BTM-W-01,  Women's Ultra Stretch Skinny Jeans  ,Bottoms,Women,39.9,39.9,False,1,39.9,Cash
ORC-20260602-0742,1,2026-06-02 20:22:16,Orchard Central,SOK-M-03,Men's Airism Low-Cut Socks,Socks,Men,5.9,5.9,False,2,11.8,PayNow
PUN-20260602-0067,2,2026-06-02 12:27:35,Punggol,SOK-M-03,Men's Airism Low-Cut Socks,socks,Men,5.9,5.9,False,1,5.9,Paynow
ORC-20260602-0731,2,2026-06-02 15:45:04,Orchard Central,BTM-M-01,  Men's Ezy Ankle Pants  ,Bottoms,Men,29.9,29.9,False,1,29.9,CARD
ORC-20260602-0868,1,2026-06-02 15:28:39,Orchard Central,SOK-M-02,Men's Pile Crew Socks,Socks,Men,5.9,5.9,False,1,5.9,NETS
ORC-20260602-0530,1,2026-06-02 17:05:34,Orchard Central,SOK-W-06,Women's Heattech Socks,Socks,Women,9.9,9.9,False,1,9.9,Card
BUG-20260602-0010,1,2026-06-02 19:08:41,Bugis,UND-M-02,Men's Cotton Blend Trunks,Underwear,Men,14.9,14.9,False,1,14.9,NETS
ORC-20260602-0395,3,2026-06-02 20:42:33,Orchard Central,UND-W-01,Women's Airism Bikini Shorts,Underwear,WOMEN,9.9,9.9,False,1,9.9,PayNow
BUG-20260602-0568,2,2026-06-02 19:56:41,Bugis,UND-M-02,Men's Cotton Blend Trunks,Underwear,MEN,14.9,14.9,False,1,14.9,card
ORC-20260602-0356,1,2026-06-02 20:53:07,orchard central,UND-M-01,Men's Airism Boxer Briefs,Underwear,Men,$14.9,14.9,False,1,14.9,NETS
ORC-20260602-0160,1,2026-06-02 21:06:37,Orchard Central,UND-W-02,  Women's Wireless Bra  ,underwear,Women,29.9,29.9,False,1,29.9,Card
PUN-20260602-0099,2,2026-06-02 22:58:42,Punggol,SOK-W-03,Women's Airism Low-Cut Socks,Socks,Women,5.9,5.9,False,1,5.9,PayNow
ORC-20260602-0809,1,2026-06-02 12:30:26,  Orchard Central  ,SOK-M-02,Men's Pile Crew Socks,Socks,Men,5.9,5.9,False,1,5.9,Card
BUG-20260602-0204,2,2026-06-02 11:06:22,  Bugis  ,UND-M-02,Men's Cotton Blend Trunks,Underwear,Men,14.9,14.9,False,1,14.9,Card
PUN-20260602-0123,1,2026-06-02 14:58:10,  Punggol  ,UND-W-03,Women's Cotton Blend Briefs,Underwear,Women,9.9,9.9,False,2,19.8,CARD
BUG-20260602-0365,3,2026-06-02 21:14:10,Bugis,SOK-W-03,Women's Airism Low-Cut Socks,Socks,Women,5.9,5.9,False,1,5.9,NETS
PUN-20260602-0664,2,2026-06-02 19:42:13,Punggol,SOK-W-03,Women's Airism Low-Cut Socks,SOCKS,Women,5.9,5.9,False,1,5.9,Cash
ORC-20260602-0399,2,2026-06-02 14:31:55,  Orchard Central  ,SOK-M-02,Men's Pile Crew Socks,Socks,Men,5.9,5.9,False,1,5.9,PayNow
ORC-20260602-0470,3,2026-06-02 21:39:22,Orchard Central,UND-M-03,Men's Airism Mesh Boxer Briefs,Underwear,Men,14.9,14.9,False,1,14.9,Card
PUN-20260602-0569,2,2026-06-02 17:59:12,Punggol,TOP-W-04,Women's Heattech Crew Neck Long Sleeve Tee,Tops,WOMEN,14.9,14.9,False,1,14.9,Card
BUG-20260602-0575,3,2026-06-02 18:34:29,Bugis,SOK-M-04,Men's Ribbed Crew Socks,Socks,Men,5.9,5.9,False,1,$5.9,PayNow
PUN-20260602-0083,1,2026-06-02 13:55:06,Punggol,SOK-W-03,Women's Airism Low-Cut Socks,Socks,Women,5.9,5.9,False,1,5.9,CARD
ORC-20260602-0566,1,2026-06-02 21:34:46,  Orchard Central  ,SOK-W-03,Women's Airism Low-Cut Socks,Socks,women,5.9,5.9,False,1,5.9,PayNow
PUN-20260602-0672,1,2026-06-02 21:41:15,PUNGGOL,SOK-W-03,Women's Airism Low-Cut Socks,Socks,Women,5.9,5.9,False,1,5.9,PayNow
ORC-20260602-0814,1,2026-06-02 20:37:11,Orchard Central,SOK-M-06,Men's Heattech Socks,socks,Men,9.9,9.9,False,1,9.9,NETS
BUG-20260602-0317,1,2026-06-02 19:45:38,Bugis,BTM-M-01,Men's Ezy Ankle Pants,Bottoms,Men,$29.9,29.9,False,1,29.9,PayNow
BUG-20260602-0072,1,2026-06-02 19:44:47,Bugis,TOP-M-03,Men's Dry-EX Crew Neck T-Shirt,Tops,Men,19.9,19.9,False,1,19.9,NETS
ORC-20260602-0597,2,2026-06-02 16:14:51,orchard central,SOK-M-09,Men's No-Show Sneaker Socks,Socks,Men,4.11,5.9,True,1,4.11,PayNow
BUG-20260602-0112,2,2026-06-02 20:29:15,  Bugis  ,TOP-W-01,Women's Airism Cotton Crew Neck T-Shirt,tops,Women,14.9,14.9,False,1,14.9,Card
ORC-20260602-0569,1,2026-06-02 19:34:17,Orchard Central,SOK-M-07,Men's Striped Crew Socks,Socks,men,5.9,5.9,False,1,5.9,Card
ORC-20260602-0101,1,2026-06-02 13:37:33,Orchard Central,TOP-M-03,Men's Dry-EX Crew Neck T-Shirt,Tops,Men,19.9,19.9,False,1,19.9,NETS
ORC-20260602-0284,2,2026-06-02 12:17:10,Orchard Central,SOK-M-07,Men's Striped Crew Socks,Socks,Men,5.9,5.9,False,2,11.8,Card
ORC-20260602-0363,3,2026-06-02 20:52:55,Orchard Central,SOK-M-03,Men's Airism Low-Cut Socks,Socks,Men,5.9,5.9,False,1,5.9,NETS
BUG-20260602-0650,2,2026-06-02 20:06:57,Bugis,TOP-W-01,Women's Airism Cotton Crew Neck T-Shirt,TOPS,WOMEN,14.9,14.9,False,1,14.9,
BUG-20260602-0167,2,2026-06-02 20:29:19,Bugis,SOK-W-03,Women's Airism Low-Cut Socks,Socks,Women,5.9,5.9,False,2,11.8,NETS
PUN-20260602-0689,1,2026-06-02 14:55:11,Punggol,TOP-W-02,Women's Ribbed Long Sleeve Turtleneck,Tops,Women,19.9,19.9,False,1,19.9,Card
PUN-20260602-0424,1,2026-06-02 17:05:39,Punggol,TOP-W-02,  Women's Ribbed Long Sleeve Turtleneck  ,Tops,Women,19.9,19.9,False,1,19.9,NETS
ORC-20260602-0045,1,2026-06-02 19:12:06,Orchard Central,TOP-W-02,Women's Ribbed Long Sleeve Turtleneck,Tops,Women,19.9,19.9,False,1,19.9,
ORC-20260602-0360,1,2026-06-02 19:41:38,Orchard Central,SOK-M-09,Men's No-Show Sneaker Socks,Socks,Men,4.11,5.9,True,2,8.22,NETS
ORC-20260602-0839,1,2026-06-02 11:49:04,Orchard Central,SOK-M-04,Men's Ribbed Crew Socks,Socks,Men,5.9,5.9,False,2,11.8,NETS
BUG-20260602-0043,1,2026-06-02 20:00:36,bugis,SOK-M-04,Men's Ribbed Crew Socks,socks,Men,5.9,5.9,False,1,5.9,NETS
ORC-20260602-0198,2,2026-06-02 13:02:37,Orchard Central,TOP-M-04,Men's Oxford Long Sleeve Shirt,Tops,Men,29.9,29.9,False,1,29.9,PayNow
ORC-20260602-0167,1,2026-06-02 17:43:02,Orchard Central,SOK-M-09,Men's No-Show Sneaker Socks,Socks,Men,4.11,5.9,True,2,8.22,Card
BUG-20260602-0717,1,2026-06-02 20:30:27,Bugis,SOK-W-02,Women's Pile Crew Socks,Socks,Women,5.9,5.9,False,1,5.9,Cash
ORC-20260602-0656,1,2026-06-02 17:52:16,Orchard Central,UND-M-04,Men's Cotton Crew Neck Undershirt,Underwear,Men,14.9,14.9,False,1,14.9,CARD
ORC-20260602-0079,1,2026-06-02 20:16:31,ORCHARD CENTRAL,SOK-M-03,  Men's Airism Low-Cut Socks  ,socks,Men,5.9,5.9,False,1,5.9,Paynow
PUN-20260602-0246,3,2026-06-02 19:54:50,Punggol,SOK-M-01,Men's Ankle Socks 3-Pack,SOCKS,Men,14.9,14.9,False,1,14.9,Card
BUG-20260602-0086,1,2026-06-02 15:30:02,Bugis,UND-W-04,Women's Airism T-Shirt Bra,Underwear,Women,29.9,29.9,False,1,29.9,paynow
ORC-20260602-1012,1,2026-06-02 21:13:29,Orchard Central,SOK-W-06,Women's Heattech Socks,Socks,Women,9.9,9.9,False,1,9.9,Card
ORC-20260602-0824,1,2026-06-02 21:47:48,Orchard Central,SOK-W-02,Women's Pile Crew Socks,socks,Women,5.9,5.9,False,1,5.9,PayNow
BUG-20260602-0165,1,2026-06-02 19:53:16,Bugis,TOP-W-01,Women's Airism Cotton Crew Neck T-Shirt,Tops,Women,14.9,14.9,False,1,14.9,
PUN-20260602-0691,1,2026-06-02 19:47:03,Punggol,TOP-W-07,Women's Fleece Pullover Hoodie,Tops,WOMEN,29.9,29.9,False,1,29.9,PayNow
ORC-20260602-0127,2,2026-06-02 16:09:54,Orchard Central,UND-W-06,  Women's Lace Trim Briefs  ,Underwear,Women,9.9,9.9,False,2,19.8,Card
BUG-20260602-0201,2,2026-06-02 20:28:37,Bugis,SOK-M-02,Men's Pile Crew Socks,Socks,Men,5.9,5.9,False,1,5.9,Card
ORC-20260602-0830,2,2026-06-02 12:22:03,Orchard Central,SOK-W-03,Women's Airism Low-Cut Socks,Socks,Women,5.9,5.9,False,2,11.8,PayNow
BUG-20260602-0277,2,2026-06-02 17:01:10,Bugis,UND-W-03,Women's Cotton Blend Briefs,Underwear,Women,9.9,9.9,False,1,9.9,Cash
BUG-20260602-0330,1,2026-06-02 21:09:56,  Bugis  ,TOP-W-04,Women's Heattech Crew Neck Long Sleeve Tee,Tops,Women,14.9,14.9,False,1,14.9,card
ORC-20260602-0081,1,2026-06-02 12:43:33,Orchard Central,TOP-W-05,Women's Merino Blend Cardigan,Tops,Women,31.36,39.9,True,1,31.36,Card
ORC-20260602-0720,2,2026-06-02 11:28:22,Orchard Central,UND-M-05,Men's Seamless Boxer Briefs,Underwear,Men,14.9,14.9,False,1,14.9,PayNow
PUN-20260602-0499,2,2026-06-02 15:28:32,Punggol,BTM-M-02,Men's Slim Fit Chino Trousers,BOTTOMS,Men,29.9,29.9,False,1,29.9,Card
PUN-20260602-0333,2,2026-06-02 22:58:45,Punggol,UND-W-03,Women's Cotton Blend Briefs,Underwear,WOMEN,9.9,9.9,False,1,9.9,Card
BUG-20260602-0016,1,2026-06-02 19:28:31,Bugis,SOK-M-03,Men's Airism Low-Cut Socks,Socks,Men,5.9,5.9,False,1,5.9,Card
BUG-20260602-0662,1,2026-06-02 11:38:56,BUGIS,SOK-W-04,  Women's Ribbed Crew Socks  ,Socks,Women,5.9,5.9,False,1,5.9,Card
ORC-20260602-0224,3,2026-06-02 15:08:41,Orchard Central,UND-M-08,Men's Airism V-Neck Undershirt,Underwear,Men,9.9,9.9,False,1,9.9,Card
ORC-20260602-0133,3,2026-06-02 20:18:38,Orchard Central,BTM-M-02,Men's Slim Fit Chino Trousers,Bottoms,Men,29.9,29.9,False,1,29.9,Paynow
PUN-20260602-0623,2,2026-06-02 12:43:25,  Punggol  ,UND-W-02,Women's Wireless Bra,Underwear,Women,29.9,29.9,False,1,29.9,NETS
PUN-20260602-0279,1,2026-06-02 19:28:01,Punggol,SOK-W-02,  Women's Pile Crew Socks  ,socks,Women,5.9,5.9,False,1,5.9,PAYNOW
ORC-20260602-0072,1,2026-06-02 22:53:12,Orchard Central,SOK-W-03,Women's Airism Low-Cut Socks,Socks,Women,5.9,5.9,False,1,5.9,Cash
PUN-20260602-0381,2,2026-06-02 12:37:45,Punggol,UND-W-03,Women's Cotton Blend Briefs,Underwear,Women,9.9,9.9,False,1,9.9,Card
BUG-20260602-0516,1,2026-06-02 19:37:20,BUGIS,SOK-W-03,Women's Airism Low-Cut Socks,Socks,Women,5.9,5.9,False,1,5.9,Card
ORC-20260602-1008,3,2026-06-02 14:28:01,Orchard Central,BTM-W-03,Women's Ezy Ankle Pants,Bottoms,Women,29.9,29.9,False,1,29.9,CARD
ORC-20260602-0874,1,2026-06-02 14:37:44,Orchard Central,SOK-M-09,Men's No-Show Sneaker Socks,Socks,Men,4.11,5.9,True,1,4.11,PayNow
ORC-20260602-1099,2,2026-06-02 15:24:38,Orchard Central,SOK-W-02,Women's Pile Crew Socks,Socks,women,5.9,5.9,False,1,5.9,Card
BUG-20260602-0805,2,2026-06-02 16:36:52,Bugis,SOK-M-03,Men's Airism Low-Cut Socks,Socks,Men,5.9,5.9,False,1,5.9,Card
PUN-20260602-0374,1,2026-06-02 16:45:07,Punggol,UND-W-01,Women's Airism Bikini Shorts,Underwear,women,9.9,9.9,False,1,9.9,PAYNOW
BUG-20260602-0175,1,2026-06-02 12:19:11,Bugis,SOK-W-04,  Women's Ribbed Crew Socks  ,Socks,Women,5.9,5.9,False,1,5.9,NETS
ORC-20260602-0521,1,2026-06-02 12:58:35,Orchard Central,TOP-W-03,Women's Silky Satin Blouse,Tops,Women,39.9,39.9,False,1,39.9,Card
BUG-20260602-0636,1,2026-06-02 19:45:22,Bugis,UND-M-01,Men's Airism Boxer Briefs,Underwear,Men,14.9,14.9,False,1,14.9,NETS
BUG-20260602-0416,2,2026-06-02 18:25:38,Bugis,SOK-M-03,Men's Airism Low-Cut Socks,Socks,Men,5.9,5.9,False,1,5.9,PayNow
PUN-20260602-0359,3,2026-06-02 11:28:22,Punggol,TOP-M-01,Men's Airism Cotton Crew Neck T-Shirt,Tops,Men,14.9,14.9,False,1,14.9,Card
BUG-20260602-0254,2,2026-06-02 20:42:34,Bugis,SOK-W-02,Women's Pile Crew Socks,Socks,Women,5.9,5.9,False,1,5.9,Nets
ORC-20260602-0011,1,2026-06-02 18:45:02,Orchard Central,SOK-M-02,Men's Pile Crew Socks,Socks,Men,5.9,5.9,False,1,5.9,NETS
ORC-20260602-0905,1,2026-06-02 20:24:06,ORCHARD CENTRAL,SOK-W-02,Women's Pile Crew Socks,Socks,Women,5.9,5.9,False,1,5.9,NETS
ORC-20260602-0815,1,2026-06-02 18:12:31,Orchard Central,UND-W-01,Women's Airism Bikini Shorts,Underwear,Women,9.9,9.9,False,1,9.9,Card
PUN-20260602-0564,2,2026-06-02 22:33:36,Punggol,SOK-M-03,Men's Airism Low-Cut Socks,Socks,Men,5.9,5.9,False,1,5.9,Card
ORC-20260602-0015,3,2026-06-02 20:25:08,Orchard Central,UND-W-01,Women's Airism Bikini Shorts,Underwear,Women,9.9,9.9,False,1,9.9,Card
ORC-20260602-0320,1,2026-06-02 20:01:31,Orchard Central,TOP-M-01,Men's Airism Cotton Crew Neck T-Shirt,TOPS,Men,14.9,14.9,False,1,14.9,Card
ORC-20260602-0835,3,2026-06-02 18:56:41,Orchard Central,BTM-M-03,Men's Selvedge Regular Fit Jeans,Bottoms,Men,59.9,59.9,False,1,59.9,Card
ORC-20260602-0999,2,2026-06-02 20:44:54,Orchard Central,BTM-W-04,Women's Denim Straight Jeans,Bottoms,Women,49.9,49.9,False,1,49.9,Cash
BUG-20260602-0440,1,2026-06-02 17:09:31,Bugis,TOP-M-03,Men's Dry-EX Crew Neck T-Shirt,TOPS,Men,19.9,19.9,False,1,19.9,card
ORC-20260602-0531,2,2026-06-02 18:20:59,Orchard Central,UND-M-03,Men's Airism Mesh Boxer Briefs,Underwear,Men,14.9,14.9,False,1,14.9,cash
BUG-20260602-0807,1,2026-06-02 12:24:39,Bugis,BTM-M-03,Men's Selvedge Regular Fit Jeans,Bottoms,Men,59.9,59.9,False,1,59.9,Card
BUG-20260602-0684,1,2026-06-02 16:17:13,  BUGIS  ,SOK-W-03,Women's Airism Low-Cut Socks,Socks,Women,5.9,5.9,False,1,5.9,Card
BUG-20260602-0545,1,2026-06-02 19:18:38,Bugis,TOP-M-06,Men's Fleece Full-Zip Hoodie,Tops,Men,39.9,39.9,False,1,39.9,PayNow
ORC-20260602-0047,2,2026-06-02 16:29:33,  Orchard Central  ,SOK-W-03,Women's Airism Low-Cut Socks,Socks,Women,5.9,5.9,False,2,11.8,Cash
BUG-20260602-0379,3,2026-06-02 18:35:20,Bugis,SOK-M-04,Men's Ribbed Crew Socks,Socks,men,5.9,5.9,False,1,5.9,Card
ORC-20260602-0859,1,2026-06-02 17:41:41,Orchard Central,UND-W-01,Women's Airism Bikini Shorts,Underwear,Women,9.9,9.9,False,1,9.9,Cash
BUG-20260602-0539,2,2026-06-02 21:11:17,bugis,BTM-M-04,Men's Dry Stretch Shorts,bottoms,Men,19.9,19.9,False,1,19.9,Card
ORC-20260602-0535,1,2026-06-02 21:45:12,  Orchard Central  ,SOK-W-02,Women's Pile Crew Socks,Socks,Women,5.9,5.9,False,2,11.8,NETS
PUN-20260602-0469,1,2026-06-02 20:30:10,Punggol,TOP-W-04,Women's Heattech Crew Neck Long Sleeve Tee,Tops,Women,14.9,14.9,False,1,14.9,Card
ORC-20260602-1075,1,2026-06-02 16:08:39,Orchard Central,SOK-M-04,Men's Ribbed Crew Socks,socks,MEN,5.9,5.9,False,1,5.9,Card
BUG-20260602-0488,3,2026-06-02 17:57:34,Bugis,TOP-W-03,Women's Silky Satin Blouse,Tops,Women,39.9,39.9,False,1,39.9,Card
BUG-20260602-0089,1,2026-06-02 20:26:56,Bugis,BTM-W-08,Women's Smart Ankle Pants,Bottoms,Women,39.9,39.9,False,1,39.9,NETS
BUG-20260602-0174,1,2026-06-02 12:19:22,Bugis,BTM-W-10,Women's High Waist Denim Shorts,Bottoms,Women,29.9,29.9,False,1,29.9,Card
BUG-20260602-0732,2,2026-06-02 19:16:05,Bugis,TOP-M-04,Men's Oxford Long Sleeve Shirt,Tops,Men,29.9,29.9,False,1,29.9,PayNow
ORC-20260602-0761,2,2026-06-02 18:05:44,Orchard Central,UND-W-09,Women's Cotton Boyshorts,Underwear,Women,9.9,9.9,False,1,9.9,Card
ORC-20260602-0368,2,2026-06-02 20:36:36,orchard central,SOK-M-04,Men's Ribbed Crew Socks,Socks,Men,5.9,5.9,False,1,5.9,Paynow
ORC-20260602-0493,1,2026-06-02 19:37:24,Orchard Central,SOK-M-04,Men's Ribbed Crew Socks,Socks,Men,5.9,5.9,False,1,5.9,NETS
ORC-20260602-0420,1,2026-06-02 13:21:38,Orchard Central,SOK-M-09,Men's No-Show Sneaker Socks,Socks,MEN,4.11,5.9,True,1,4.11,PAYNOW
ORC-20260602-0744,3,2026-06-02 20:20:26,Orchard Central,SOK-W-03,Women's Airism Low-Cut Socks,Socks,Women,5.9,5.9,False,1,5.9,Card
ORC-20260602-0941,1,2026-06-02 11:02:39,Orchard Central,SOK-W-01,Women's Ankle Socks 3-Pack,Socks,Women,14.9,14.9,False,1,14.9,Card
PUN-20260602-0102,1,2026-06-02 17:58:49,PUNGGOL,UND-W-04,Women's Airism T-Shirt Bra,underwear,women,29.9,29.9,False,1,29.9,Card
ORC-20260602-0095,1,2026-06-02 22:24:18,Orchard Central,TOP-W-02,Women's Ribbed Long Sleeve Turtleneck,Tops,Women,19.9,19.9,False,1,19.9,PayNow
PUN-20260602-0633,2,2026-06-02 18:03:49,PUNGGOL,SOK-M-04,Men's Ribbed Crew Socks,Socks,Men,5.9,5.9,False,1,5.9,Card
ORC-20260602-0462,1,2026-06-02 20:26:41,Orchard Central,TOP-M-02,Men's Supima Cotton Polo Shirt,tops,Men,29.9,29.9,False,1,29.9,Card
ORC-20260602-0268,1,2026-06-02 17:24:41,Orchard Central,UND-M-10,Men's Cotton Blend Briefs,underwear,Men,9.9,9.9,False,1,9.9,PayNow
ORC-20260602-0025,2,2026-06-02 13:33:30,Orchard Central,SOK-M-09,Men's No-Show Sneaker Socks,Socks,Men,4.11,5.9,True,1,4.11,CARD
PUN-20260602-0151,3,2026-06-02 22:08:49,Punggol,UND-W-01,Women's Airism Bikini Shorts,Underwear,Women,9.9,9.9,False,1,9.9,nets
BUG-20260602-0272,2,2026-06-02 16:45:51,Bugis,UND-W-03,Women's Cotton Blend Briefs,Underwear,Women,9.9,9.9,False,1,9.9,Card
PUN-20260602-0186,1,2026-06-02 18:25:08,Punggol,TOP-W-01,  Women's Airism Cotton Crew Neck T-Shirt  ,Tops,WOMEN,14.9,14.9,False,1,14.9,Card
ORC-20260602-0449,3,2026-06-02 11:31:05,Orchard Central,UND-M-03,Men's Airism Mesh Boxer Briefs,Underwear,Men,14.9,14.9,False,1,14.9,Card
BUG-20260602-0527,3,2026-06-02 22:14:16,Bugis,SOK-M-02,Men's Pile Crew Socks,Socks,Men,5.9,5.9,False,1,5.9,PayNow
BUG-20260602-0424,2,2026-06-02 16:16:24,Bugis,UND-W-03,Women's Cotton Blend Briefs,underwear,Women,9.9,9.9,False,1,9.9,Paynow
ORC-20260602-0649,1,2026-06-02 19:59:19,Orchard Central,UND-M-04,Men's Cotton Crew Neck Undershirt,Underwear,Men,14.9,14.9,False,1,14.9,Card
BUG-20260602-0368,3,2026-06-02 18:28:44,Bugis,UND-M-02,Men's Cotton Blend Trunks,Underwear,Men,14.9,14.9,False,1,14.9,Cash
ORC-20260602-0043,1,2026-06-02 13:28:40,Orchard Central,BTM-M-01,Men's Ezy Ankle Pants,Bottoms,Men,29.9,29.9,False,1,29.9,Paynow
PUN-20260602-0184,1,2026-06-02 22:14:05,Punggol,TOP-M-01,Men's Airism Cotton Crew Neck T-Shirt,Tops,Men,14.9,14.9,False,1,14.9,NETS
PUN-20260602-0263,2,2026-06-02 12:42:16,Punggol,SOK-M-01,Men's Ankle Socks 3-Pack,Socks,Men,14.9,14.9,False,1,14.9,Cash
BUG-20260602-0477,1,2026-06-02 19:41:01,Bugis,BTM-W-03,Women's Ezy Ankle Pants,Bottoms,Women,29.9,29.9,False,1,29.9,Cash
ORC-20260602-0057,1,2026-06-02 18:59:27,Orchard Central,UND-W-02,Women's Wireless Bra,Underwear,Women,29.9,29.9,False,1,29.9,Card
PUN-20260602-0655,1,2026-06-02 11:04:07,Punggol,TOP-W-02,Women's Ribbed Long Sleeve Turtleneck,Tops,Women,19.9,19.9,False,1,19.9,Card
BUG-20260602-0577,1,2026-06-02 15:38:50,Bugis,TOP-W-01,Women's Airism Cotton Crew Neck T-Shirt,Tops,Women,14.9,14.9,False,1,14.9,NETS
BUG-20260602-0118,3,2026-06-02 20:22:05,BUGIS,UND-M-04,Men's Cotton Crew Neck Undershirt,Underwear,MEN,14.9,14.9,False,1,14.9,NETS
PUN-20260602-0682,2,2026-06-02 19:28:01,punggol,TOP-M-03,Men's Dry-EX Crew Neck T-Shirt,Tops,Men,19.9,19.9,False,1,19.9,NETS
ORC-20260602-0721,3,2026-06-02 20:01:37,Orchard Central,SOK-M-04,Men's Ribbed Crew Socks,Socks,Men,5.9,5.9,False,1,5.9,PayNow
PUN-20260602-0015,1,2026-06-02 21:01:55,Punggol,SOK-M-04,Men's Ribbed Crew Socks,Socks,Men,5.9,5.9,False,1,5.9,Cash
BUG-20260602-0383,2,2026-06-02 16:29:49,Bugis,TOP-M-04,Men's Oxford Long Sleeve Shirt,Tops,Men,29.9,29.9,False,1,29.9,Cash
PUN-20260602-0008,2,2026-06-02 21:50:08,punggol,SOK-W-03,Women's Airism Low-Cut Socks,Socks,Women,5.9,5.9,False,1,5.9,Paynow
BUG-20260602-0157,2,2026-06-02 18:52:01,Bugis,SOK-W-03,Women's Airism Low-Cut Socks,Socks,WOMEN,5.9,5.9,False,1,5.9,card
ORC-20260602-0687,1,2026-06-02 20:49:51,ORCHARD CENTRAL,BTM-W-01,Women's Ultra Stretch Skinny Jeans,Bottoms,Women,39.9,39.9,False,1,39.9,Card
BUG-20260602-0610,2,2026-06-02 21:30:20,Bugis,UND-M-04,Men's Cotton Crew Neck Undershirt,Underwear,Men,14.9,14.9,False,1,14.9,CARD
BUG-20260602-0046,1,2026-06-02 17:48:38,  Bugis  ,SOK-W-03,  Women's Airism Low-Cut Socks  ,Socks,Women,5.9,5.9,False,1,5.9,Card
PUN-20260602-0641,1,2026-06-02 16:29:29,  Punggol  ,TOP-W-01,Women's Airism Cotton Crew Neck T-Shirt,Tops,Women,14.9,14.9,False,1,14.9,NETS
PUN-20260602-0507,2,2026-06-02 14:16:45,PUNGGOL,SOK-W-03,  Women's Airism Low-Cut Socks  ,Socks,Women,5.9,5.9,False,1,5.9,Cash
BUG-20260602-0289,3,2026-06-02 17:17:51,Bugis,SOK-W-03,Women's Airism Low-Cut Socks,Socks,Women,5.9,5.9,False,1,5.9,Card
ORC-20260602-0160,3,2026-06-02 21:06:37,Orchard Central,SOK-M-04,Men's Ribbed Crew Socks,SOCKS,Men,5.9,5.9,False,1,5.9,Card
ORC-20260602-0457,1,2026-06-02 20:26:43,Orchard Central,BTM-W-01,Women's Ultra Stretch Skinny Jeans,Bottoms,WOMEN,39.9,39.9,False,1,39.9,Card
BUG-20260602-0645,1,2026-06-02 22:24:42,Bugis,UND-M-02,Men's Cotton Blend Trunks,Underwear,Men,14.9,14.9,False,1,14.9,Card
PUN-20260602-0587,3,2026-06-02 12:42:37,Punggol,SOK-M-03,Men's Airism Low-Cut Socks,Socks,Men,5.9,5.9,False,1,5.9,Cash
ORC-20260602-0891,2,2026-06-02 19:25:25,Orchard Central,SOK-W-04,  Women's Ribbed Crew Socks  ,Socks,Women,5.9,5.9,False,1,5.9,
BUG-20260602-0240,1,2026-06-02 11:42:19,BUGIS,UND-W-02,Women's Wireless Bra,underwear,women,29.9,29.9,False,1,29.9,Card
ORC-20260602-0029,1,2026-06-02 22:54:19,Orchard Central,TOP-W-01,Women's Airism Cotton Crew Neck T-Shirt,Tops,Women,14.9,14.9,False,1,14.9,PAYNOW
BUG-20260602-0106,1,2026-06-02 18:02:31,Bugis,TOP-W-04,Women's Heattech Crew Neck Long Sleeve Tee,Tops,Women,14.9,14.9,False,1,14.9,Card
BUG-20260602-0523,1,2026-06-02 21:49:29,Bugis,TOP-W-01,Women's Airism Cotton Crew Neck T-Shirt,Tops,Women,14.9,14.9,False,1,14.9,Card
ORC-20260602-1045,1,2026-06-02 19:39:04,orchard central,SOK-W-02,Women's Pile Crew Socks,Socks,Women,5.9,5.9,False,1,5.9,Card
BUG-20260602-0110,1,2026-06-02 19:22:24,Bugis,SOK-W-04,Women's Ribbed Crew Socks,Socks,Women,5.9,5.9,False,1,5.9,card
PUN-20260602-0462,3,2026-06-02 21:38:34,Punggol,UND-M-03,Men's Airism Mesh Boxer Briefs,Underwear,Men,14.9,14.9,False,1,14.9,Card
PUN-20260602-0074,1,2026-06-02 11:33:46,Punggol,SOK-W-06,Women's Heattech Socks,Socks,Women,9.9,9.9,False,1,9.9,PayNow
ORC-20260602-0381,1,2026-06-02 22:17:11,Orchard Central,SOK-M-09,Men's No-Show Sneaker Socks,Socks,men,4.11,5.9,True,1,4.11,PayNow
ORC-20260602-0744,1,2026-06-02 20:20:26,Orchard Central,SOK-W-04,Women's Ribbed Crew Socks,Socks,Women,5.9,5.9,False,1,5.9,Card
ORC-20260602-1098,1,2026-06-02 19:56:52,Orchard Central,TOP-W-04,Women's Heattech Crew Neck Long Sleeve Tee,Tops,Women,14.9,14.9,False,1,14.9,PAYNOW
ORC-20260602-0501,2,2026-06-02 13:44:55,Orchard Central,SOK-W-02,Women's Pile Crew Socks,Socks,Women,5.9,5.9,False,1,$5.9,Card
ORC-20260602-1016,1,2026-06-02 13:51:36,Orchard Central,SOK-W-04,Women's Ribbed Crew Socks,Socks,Women,5.9,5.9,False,1,5.9,Card
PUN-20260602-0268,1,2026-06-02 17:44:51,Punggol,UND-M-01,Men's Airism Boxer Briefs,Underwear,MEN,$14.9,14.9,False,1,14.9,Card
ORC-20260602-0290,1,2026-06-02 18:59:05,Orchard Central,SOK-M-04,Men's Ribbed Crew Socks,Socks,Men,5.9,5.9,False,1,$5.9,Cash
PUN-20260602-0227,2,2026-06-02 12:57:07,Punggol,UND-M-03,Men's Airism Mesh Boxer Briefs,Underwear,MEN,14.9,14.9,False,1,14.9,Card
PUN-20260602-0642,1,2026-06-02 14:22:18,Punggol,SOK-M-04,Men's Ribbed Crew Socks,Socks,MEN,5.9,5.9,False,1,5.9,Card
ORC-20260602-1081,1,2026-06-02 16:46:08,Orchard Central,SOK-M-04,Men's Ribbed Crew Socks,Socks,men,5.9,5.9,False,1,5.9,Card
ORC-20260602-0589,1,2026-06-02 11:12:46,Orchard Central,UND-M-02,Men's Cotton Blend Trunks,underwear,Men,14.9,14.9,False,2,29.8,PayNow
PUN-20260602-0178,1,2026-06-02 21:10:04,punggol,SOK-W-02,Women's Pile Crew Socks,Socks,Women,5.9,5.9,False,1,5.9,Card
ORC-20260602-0146,2,2026-06-02 20:46:33,orchard central,SOK-M-09,Men's No-Show Sneaker Socks,socks,Men,4.11,5.9,True,2,8.22,Cash
ORC-20260602-0383,2,2026-06-02 16:43:42,Orchard Central,UND-M-02,Men's Cotton Blend Trunks,underwear,Men,14.9,14.9,False,1,14.9,Card
ORC-20260602-0062,1,2026-06-02 16:24:41,Orchard Central,TOP-M-05,Men's Heattech Crew Neck Long Sleeve Tee,Tops,Men,11.62,14.9,True,1,11.62,CASH
ORC-20260602-0624,1,2026-06-02 11:03:35,Orchard Central,SOK-M-01,Men's Ankle Socks 3-Pack,Socks,Men,14.9,14.9,False,2,29.8,Card
PUN-20260602-0512,3,2026-06-02 17:59:29,Punggol,UND-M-01,Men's Airism Boxer Briefs,Underwear,Men,14.9,14.9,False,1,14.9,Cash
BUG-20260602-0690,1,2026-06-02 22:50:29,Bugis,UND-W-01,Women's Airism Bikini Shorts,Underwear,Women,9.9,9.9,False,2,19.8,Paynow
PUN-20260602-0466,3,2026-06-02 13:32:21,Punggol,UND-W-01,  Women's Airism Bikini Shorts  ,Underwear,Women,9.9,9.9,False,2,19.8,NETS
PUN-20260602-0451,1,2026-06-02 21:40:35,Punggol,SOK-W-04,Women's Ribbed Crew Socks,Socks,Women,5.9,5.9,False,2,11.8,PayNow
PUN-20260602-0320,1,2026-06-02 21:59:25,Punggol,TOP-W-01,Women's Airism Cotton Crew Neck T-Shirt,Tops,Women,14.9,14.9,False,1,14.9,Card
ORC-20260602-0646,2,2026-06-02 12:04:25,orchard central,TOP-M-09,Men's Flannel Checked Long Sleeve Shirt,tops,Men,29.9,29.9,False,1,29.9,PayNow
ORC-20260602-0128,2,2026-06-02 15:03:26,  Orchard Central  ,UND-W-02,Women's Wireless Bra,Underwear,Women,29.9,29.9,False,1,29.9,Card
PUN-20260602-0159,2,2026-06-02 20:08:12,Punggol,BTM-W-05,Women's Pleated Midi Skirt,Bottoms,Women,29.9,29.9,False,1,29.9,PayNow
BUG-20260602-0604,3,2026-06-02 19:54:54,Bugis,UND-W-04,Women's Airism T-Shirt Bra,Underwear,Women,29.9,29.9,False,1,29.9,Card
ORC-20260602-0125,3,2026-06-02 13:39:28,Orchard Central,TOP-M-02,Men's Supima Cotton Polo Shirt,TOPS,Men,29.9,29.9,False,1,29.9,PayNow
BUG-20260602-0097,2,2026-06-02 11:23:19,  Bugis  ,BTM-W-03,Women's Ezy Ankle Pants,bottoms,Women,29.9,29.9,False,1,29.9,Cash
ORC-20260602-1017,1,2026-06-02 22:01:00,Orchard Central,SOK-M-03,Men's Airism Low-Cut Socks,Socks,Men,5.9,5.9,False,1,5.9,Card
PUN-20260602-0624,1,2026-06-02 21:48:10,Punggol,SOK-M-02,Men's Pile Crew Socks,Socks,Men,5.9,5.9,False,1,5.9,NETS
ORC-20260602-1070,1,2026-06-02 22:03:13,Orchard Central,UND-W-03,Women's Cotton Blend Briefs,Underwear,Women,9.9,9.9,False,1,9.9,PayNow
PUN-20260602-0685,3,2026-06-02 17:48:07,Punggol,SOK-W-03,Women's Airism Low-Cut Socks,Socks,Women,5.9,5.9,False,1,5.9,Card
BUG-20260602-0173,2,2026-06-02 18:23:45,Bugis,SOK-M-04,Men's Ribbed Crew Socks,Socks,Men,5.9,5.9,False,2,11.8,PayNow
ORC-20260602-0312,2,2026-06-02 17:54:55,Orchard Central,TOP-W-01,Women's Airism Cotton Crew Neck T-Shirt,Tops,Women,14.9,14.9,False,1,14.9,PayNow
ORC-20260602-0882,1,2026-06-02 20:55:42,Orchard Central,BTM-M-08,Men's Relaxed Fit Denim Shorts,BOTTOMS,Men,22.99,29.9,True,1,22.99,Cash
PUN-20260602-0653,2,2026-06-02 20:30:29,Punggol,UND-M-03,Men's Airism Mesh Boxer Briefs,Underwear,Men,14.9,14.9,False,1,14.9,NETS
PUN-20260602-0609,3,2026-06-02 18:55:39,Punggol,TOP-M-02,Men's Supima Cotton Polo Shirt,Tops,Men,29.9,29.9,False,1,29.9,CARD
BUG-20260602-0260,1,2026-06-02 19:26:58,Bugis,UND-W-02,Women's Wireless Bra,Underwear,Women,29.9,29.9,False,2,59.8,Card
BUG-20260602-0270,1,2026-06-02 19:35:59,Bugis,SOK-M-01,Men's Ankle Socks 3-Pack,Socks,Men,14.9,14.9,False,2,29.8,paynow
BUG-20260602-0140,2,2026-06-02 17:40:57,Bugis,BTM-M-02,Men's Slim Fit Chino Trousers,Bottoms,Men,29.9,29.9,False,1,29.9,NETS
BUG-20260602-0628,1,2026-06-02 14:50:10,BUGIS,UND-M-04,Men's Cotton Crew Neck Undershirt,Underwear,Men,14.9,14.9,False,1,14.9,PAYNOW
BUG-20260602-0679,3,2026-06-02 19:30:19,Bugis,SOK-M-04,Men's Ribbed Crew Socks,socks,Men,5.9,5.9,False,1,5.9,Cash
PUN-20260602-0405,1,2026-06-02 20:32:37,Punggol,TOP-W-01,Women's Airism Cotton Crew Neck T-Shirt,Tops,Women,14.9,14.9,False,1,14.9,Cash
ORC-20260602-0500,3,2026-06-02 17:24:12,Orchard Central,SOK-M-03,Men's Airism Low-Cut Socks,Socks,Men,5.9,5.9,False,1,5.9,PayNow
PUN-20260602-0614,2,2026-06-02 19:19:14,Punggol,TOP-M-04,Men's Oxford Long Sleeve Shirt,tops,Men,29.9,29.9,False,1,29.9,Card
BUG-20260602-0363,1,2026-06-02 20:52:03,Bugis,TOP-W-04,Women's Heattech Crew Neck Long Sleeve Tee,Tops,Women,14.9,14.9,False,1,14.9,CARD
ORC-20260602-0056,2,2026-06-02 17:56:25,Orchard Central,SOK-W-02,Women's Pile Crew Socks,Socks,Women,5.9,5.9,False,1,5.9,PayNow
BUG-20260602-0671,1,2026-06-02 17:45:05,BUGIS,UND-W-01,  Women's Airism Bikini Shorts  ,Underwear,Women,9.9,9.9,False,2,19.8,PayNow
BUG-20260602-0112,1,2026-06-02 20:29:15,Bugis,UND-M-01,Men's Airism Boxer Briefs,UNDERWEAR,men,14.9,14.9,False,1,14.9,card
ORC-20260602-0020,2,2026-06-02 12:28:51,  Orchard Central  ,SOK-M-01,Men's Ankle Socks 3-Pack,Socks,MEN,14.9,14.9,False,1,14.9,Cash
BUG-20260602-0615,1,2026-06-02 20:52:43,  Bugis  ,BTM-W-03,  Women's Ezy Ankle Pants  ,bottoms,Women,29.9,29.9,False,1,29.9,NETS
ORC-20260602-0482,2,2026-06-02 21:03:03,Orchard Central,BTM-M-03,Men's Selvedge Regular Fit Jeans,Bottoms,Men,59.9,59.9,False,1,59.9,Cash
PUN-20260602-0416,1,2026-06-02 21:38:19,Punggol,TOP-W-01,Women's Airism Cotton Crew Neck T-Shirt,Tops,Women,14.9,14.9,False,1,14.9,Card
PUN-20260602-0363,1,2026-06-02 20:31:32,Punggol,SOK-W-04,Women's Ribbed Crew Socks,Socks,Women,5.9,5.9,False,1,5.9,PayNow
ORC-20260602-0161,1,2026-06-02 15:59:28,Orchard Central,BTM-M-08,Men's Relaxed Fit Denim Shorts,Bottoms,Men,22.99,29.9,True,1,22.99,Card
ORC-20260602-0049,2,2026-06-02 15:41:56,Orchard Central,TOP-W-01,Women's Airism Cotton Crew Neck T-Shirt,Tops,Women,14.9,14.9,False,1,14.9,PayNow
PUN-20260602-0040,3,2026-06-02 15:39:15,Punggol,SOK-W-03,Women's Airism Low-Cut Socks,Socks,Women,5.9,5.9,False,1,5.9,Card
PUN-20260602-0114,3,2026-06-02 18:27:55,PUNGGOL,UND-W-03,Women's Cotton Blend Briefs,Underwear,Women,9.9,9.9,False,1,9.9,Card
ORC-20260602-0035,3,2026-06-02 14:58:06,Orchard Central,SOK-M-02,Men's Pile Crew Socks,SOCKS,Men,5.9,5.9,False,1,5.9,PayNow
PUN-20260602-0467,1,2026-06-02 12:50:40,Punggol,SOK-W-01,Women's Ankle Socks 3-Pack,Socks,Women,14.9,14.9,False,1,14.9,Cash
BUG-20260602-0496,1,2026-06-02 21:50:14,  Bugis  ,TOP-W-01,Women's Airism Cotton Crew Neck T-Shirt,Tops,Women,14.9,14.9,False,1,14.9,Card
ORC-20260602-0700,3,2026-06-02 11:05:53,Orchard Central,BTM-M-01,Men's Ezy Ankle Pants,Bottoms,Men,29.9,29.9,False,1,29.9,Cash
PUN-20260602-0540,1,2026-06-02 21:20:35,Punggol,SOK-W-03,Women's Airism Low-Cut Socks,Socks,Women,5.9,5.9,False,1,5.9,NETS
BUG-20260602-0191,1,2026-06-02 21:56:19,Bugis,UND-W-01,Women's Airism Bikini Shorts,underwear,Women,9.9,9.9,False,1,9.9,PAYNOW
ORC-20260602-0692,1,2026-06-02 19:12:45,Orchard Central,SOK-M-02,Men's Pile Crew Socks,Socks,Men,5.9,5.9,False,1,5.9,Card
ORC-20260602-0696,2,2026-06-02 12:59:03,Orchard Central,SOK-M-09,Men's No-Show Sneaker Socks,Socks,men,4.11,5.9,True,1,4.11,PayNow
ORC-20260602-0961,1,2026-06-02 22:14:06,Orchard Central,SOK-M-03,Men's Airism Low-Cut Socks,Socks,Men,5.9,5.9,False,1,5.9,PayNow
PUN-20260602-0261,3,2026-06-02 17:04:19,Punggol,SOK-M-01,Men's Ankle Socks 3-Pack,Socks,Men,14.9,14.9,False,1,14.9,Card
ORC-20260602-0715,1,2026-06-02 17:56:02,Orchard Central,SOK-W-02,Women's Pile Crew Socks,Socks,Women,5.9,5.9,False,1,5.9,PayNow
ORC-20260602-0324,2,2026-06-02 20:24:16,Orchard Central,UND-M-04,Men's Cotton Crew Neck Undershirt,Underwear,Men,14.9,14.9,False,1,14.9,NETS
PUN-20260602-0502,2,2026-06-02 13:18:20,Punggol,SOK-W-02,Women's Pile Crew Socks,Socks,Women,5.9,5.9,False,1,5.9,Card
PUN-20260602-0265,1,2026-06-02 17:56:44,Punggol,UND-M-07,Men's Stretch Cotton Boxers,Underwear,Men,14.9,14.9,False,1,14.9,Card
BUG-20260602-0570,2,2026-06-02 18:25:50,Bugis,BTM-W-01,Women's Ultra Stretch Skinny Jeans,Bottoms,Women,$39.9,39.9,False,1,39.9,Card
BUG-20260602-0145,2,2026-06-02 21:06:42,Bugis,SOK-W-04,Women's Ribbed Crew Socks,Socks,Women,5.9,5.9,False,1,5.9,Card
PUN-20260602-0677,1,2026-06-02 15:04:51,Punggol,UND-W-03,Women's Cotton Blend Briefs,Underwear,Women,9.9,9.9,False,1,9.9,nets
ORC-20260602-0035,2,2026-06-02 14:58:06,Orchard Central,UND-M-05,Men's Seamless Boxer Briefs,Underwear,Men,14.9,14.9,False,1,14.9,Paynow
ORC-20260602-0036,1,2026-06-02 20:17:09,Orchard Central,TOP-W-02,Women's Ribbed Long Sleeve Turtleneck,Tops,Women,$19.9,19.9,False,1,19.9,NETS
ORC-20260602-0411,2,2026-06-02 19:18:18,Orchard Central,UND-M-04,Men's Cotton Crew Neck Undershirt,Underwear,MEN,14.9,14.9,False,1,14.9,NETS
ORC-20260602-0571,1,2026-06-02 21:24:32,Orchard Central,UND-M-08,Men's Airism V-Neck Undershirt,Underwear,Men,9.9,9.9,False,1,9.9,PayNow
BUG-20260602-0072,2,2026-06-02 19:44:47,Bugis,SOK-M-02,Men's Pile Crew Socks,Socks,Men,5.9,5.9,False,1,5.9,NETS
ORC-20260602-0462,2,2026-06-02 20:26:41,orchard central,UND-M-01,Men's Airism Boxer Briefs,Underwear,Men,14.9,14.9,False,1,14.9,Card
ORC-20260602-0829,3,2026-06-02 13:24:55,Orchard Central,TOP-M-02,Men's Supima Cotton Polo Shirt,Tops,Men,29.9,29.9,False,1,29.9,nets
BUG-20260602-0543,1,2026-06-02 15:14:48,Bugis,SOK-M-04,Men's Ribbed Crew Socks,Socks,MEN,5.9,5.9,False,1,5.9,CASH
ORC-20260602-0383,3,2026-06-02 16:43:42,Orchard Central,SOK-W-04,Women's Ribbed Crew Socks,Socks,Women,5.9,5.9,False,2,11.8,Card
ORC-20260602-0931,1,2026-06-02 20:09:44,orchard central,TOP-W-04,Women's Heattech Crew Neck Long Sleeve Tee,Tops,Women,14.9,14.9,False,1,14.9,
ORC-20260602-0815,3,2026-06-02 18:12:31,Orchard Central,BTM-M-02,Men's Slim Fit Chino Trousers,Bottoms,Men,29.9,29.9,False,1,29.9,Card
PUN-20260602-0587,2,2026-06-02 12:42:37,Punggol,TOP-W-01,Women's Airism Cotton Crew Neck T-Shirt,Tops,women,14.9,14.9,False,1,14.9,Cash
ORC-20260602-0065,1,2026-06-02 19:40:46,Orchard Central,SOK-M-04,Men's Ribbed Crew Socks,Socks,Men,5.9,5.9,False,1,5.9,Card
ORC-20260602-0881,1,2026-06-02 20:47:59,Orchard Central,SOK-W-01,  Women's Ankle Socks 3-Pack  ,Socks,Women,14.9,14.9,False,1,14.9,Card
ORC-20260602-0188,1,2026-06-02 19:22:15,Orchard Central,BTM-M-08,Men's Relaxed Fit Denim Shorts,Bottoms,Men,22.99,29.9,True,1,22.99,Card
ORC-20260602-0949,2,2026-06-02 15:59:05,ORCHARD CENTRAL,SOK-W-03,  Women's Airism Low-Cut Socks  ,Socks,Women,5.9,5.9,False,1,5.9,Card
PUN-20260602-0123,3,2026-06-02 14:58:10,punggol,UND-M-01,Men's Airism Boxer Briefs,Underwear,Men,14.9,14.9,False,1,14.9,Card
BUG-20260602-0268,1,2026-06-02 19:18:40,Bugis,SOK-M-03,Men's Airism Low-Cut Socks,Socks,Men,5.9,5.9,False,1,5.9,PayNow
ORC-20260602-0066,3,2026-06-02 15:15:31,  Orchard Central  ,BTM-W-05,  Women's Pleated Midi Skirt  ,Bottoms,women,29.9,29.9,False,1,29.9,nets
PUN-20260602-0279,3,2026-06-02 19:28:01,PUNGGOL,UND-M-01,Men's Airism Boxer Briefs,Underwear,Men,14.9,14.9,False,1,14.9,PAYNOW
PUN-20260602-0079,1,2026-06-02 21:57:18,Punggol,TOP-M-01,Men's Airism Cotton Crew Neck T-Shirt,TOPS,Men,14.9,14.9,False,1,14.9,Card
PUN-20260602-0516,2,2026-06-02 20:43:53,Punggol,SOK-M-01,Men's Ankle Socks 3-Pack,Socks,Men,14.9,14.9,False,1,14.9,Cash
ORC-20260602-0652,1,2026-06-02 21:32:05,  Orchard Central  ,TOP-M-02,Men's Supima Cotton Polo Shirt,Tops,Men,29.9,29.9,False,1,29.9,PayNow
BUG-20260602-0205,3,2026-06-02 16:38:11,Bugis,TOP-M-01,Men's Airism Cotton Crew Neck T-Shirt,TOPS,Men,14.9,14.9,False,1,14.9,PAYNOW
ORC-20260602-0419,1,2026-06-02 19:09:12,Orchard Central,SOK-W-02,Women's Pile Crew Socks,SOCKS,Women,5.9,5.9,False,1,5.9,Cash
PUN-20260602-0018,2,2026-06-02 18:25:49,Punggol,SOK-M-03,Men's Airism Low-Cut Socks,Socks,Men,5.9,5.9,False,1,5.9,PayNow
PUN-20260602-0684,3,2026-06-02 19:25:08,Punggol,UND-W-01,Women's Airism Bikini Shorts,Underwear,Women,9.9,9.9,False,1,9.9,Cash
PUN-20260602-0173,2,2026-06-02 19:08:24,Punggol,UND-M-04,Men's Cotton Crew Neck Undershirt,Underwear,Men,14.9,14.9,False,1,14.9,CARD
BUG-20260602-0472,1,2026-06-02 16:41:35,Bugis,SOK-M-01,Men's Ankle Socks 3-Pack,Socks,Men,14.9,14.9,False,1,14.9,Card
ORC-20260602-0131,2,2026-06-02 18:37:20,Orchard Central,SOK-W-02,Women's Pile Crew Socks,SOCKS,Women,5.9,5.9,False,1,5.9,Card
PUN-20260602-0460,1,2026-06-02 16:37:23,Punggol,SOK-W-04,Women's Ribbed Crew Socks,Socks,Women,5.9,5.9,False,1,5.9,Cash
BUG-20260602-0686,1,2026-06-02 21:05:06,Bugis,SOK-M-02,Men's Pile Crew Socks,Socks,Men,$5.9,5.9,False,1,5.9,NETS
ORC-20260602-0583,1,2026-06-02 17:55:33,Orchard Central,UND-M-02,Men's Cotton Blend Trunks,UNDERWEAR,Men,14.9,14.9,False,1,14.9,Cash
PUN-20260602-0495,1,2026-06-02 13:21:34,PUNGGOL,UND-W-02,Women's Wireless Bra,Underwear,Women,29.9,29.9,False,1,29.9,NETS
BUG-20260602-0115,3,2026-06-02 18:14:30,Bugis,SOK-M-02,Men's Pile Crew Socks,SOCKS,Men,5.9,5.9,False,1,5.9,Cash
ORC-20260602-0424,1,2026-06-02 19:19:51,Orchard Central,UND-M-02,  Men's Cotton Blend Trunks  ,Underwear,Men,14.9,14.9,False,1,14.9,Card
PUN-20260602-0071,1,2026-06-02 21:27:25,Punggol,UND-M-01,Men's Airism Boxer Briefs,Underwear,Men,14.9,14.9,False,1,14.9,card
PUN-20260602-0128,1,2026-06-02 11:29:02,Punggol,SOK-M-04,Men's Ribbed Crew Socks,Socks,Men,5.9,5.9,False,2,11.8,nets
BUG-20260602-0026,3,2026-06-02 20:37:24,Bugis,SOK-W-02,Women's Pile Crew Socks,Socks,Women,5.9,5.9,False,2,11.8,paynow
