order_id,line_item_id,timestamp,store,product_id,product_name,category,gender,unit_price,original_unit_price,on_offer,quantity,line_total,payment_method
ORC-20260604-1408,1,2026-06-04 16:53:49,  Orchard Central  ,BTM-M-01,Men's Ezy Ankle Pants,Bottoms,Men,29.9,29.9,False,1,29.9,Card
ORC-20260604-1110,3,2026-06-04 15:50:25,orchard central,UND-M-03,Men's Airism Mesh Boxer Briefs,Underwear,Men,14.9,14.9,False,1,14.9,Card
BUG-20260604-0669,1,2026-06-04 22:05:38,BUGIS,TOP-W-01,Women's Airism Cotton Crew Neck T-Shirt,Tops,Women,14.9,14.9,False,1,14.9,Card
PUN-20260604-0282,1,2026-06-04 14:38:28,Punggol,UND-M-04,Men's Cotton Crew Neck Undershirt,UNDERWEAR,MEN,14.9,14.9,False,1,14.9,Card
ORC-20260604-1053,1,2026-06-04 21:31:43,ORCHARD CENTRAL,SOK-W-03,Women's Airism Low-Cut Socks,Socks,women,5.9,5.9,False,1,5.9,
BUG-20260604-0214,1,2026-06-04 19:36:50,Bugis,SOK-W-04,Women's Ribbed Crew Socks,SOCKS,Women,5.9,5.9,False,1,5.9,PayNow
BUG-20260604-0340,1,2026-06-04 20:20:58,Bugis,BTM-W-04,Women's Denim Straight Jeans,Bottoms,women,49.9,49.9,False,1,49.9,paynow
PUN-20260604-0215,2,2026-06-04 14:47:09,Punggol,UND-W-02,Women's Wireless Bra,Underwear,Women,29.9,29.9,False,1,29.9,nets
ORC-20260604-0650,3,2026-06-04 16:54:41,ORCHARD CENTRAL,TOP-W-01,Women's Airism Cotton Crew Neck T-Shirt,Tops,Women,14.9,14.9,False,1,14.9,Cash
ORC-20260604-0531,1,2026-06-04 21:47:07,Orchard Central,BTM-W-02,Women's High-Rise Wide Leg Pants,Bottoms,Women,39.9,39.9,False,1,39.9,NETS
ORC-20260604-1058,2,2026-06-04 20:06:09,orchard central,SOK-W-01,Women's Ankle Socks 3-Pack,Socks,Women,14.9,14.9,False,1,14.9,Cash
ORC-20260604-1135,1,2026-06-04 19:45:21,Orchard Central,UND-M-01,Men's Airism Boxer Briefs,Underwear,Men,14.9,14.9,False,1,14.9,Card
ORC-20260604-0826,1,2026-06-04 19:34:36,Orchard Central,TOP-M-04,Men's Oxford Long Sleeve Shirt,Tops,Men,29.9,29.9,False,1,29.9,Card
ORC-20260604-0360,2,2026-06-04 20:49:17,Orchard Central,SOK-M-04,Men's Ribbed Crew Socks,Socks,Men,5.9,5.9,False,1,5.9,Cash
BUG-20260604-0353,3,2026-06-04 11:23:48,Bugis,SOK-M-05,Men's Sport Ankle Socks,Socks,Men,5.9,5.9,False,1,5.9,Card
PUN-20260604-0109,2,2026-06-04 20:11:51,Punggol,BTM-W-06,Women's Jersey Jogger Pants,Bottoms,Women,21.94,29.9,True,1,21.94,nets
PUN-20260604-0070,1,2026-06-04 12:17:06,Punggol,BTM-M-08,Men's Relaxed Fit Denim Shorts,Bottoms,men,22.99,29.9,True,1,22.99,Card
ORC-20260604-1383,1,2026-06-04 13:03:07,Orchard Central,SOK-M-04,Men's Ribbed Crew Socks,Socks,Men,5.9,5.9,False,1,5.9,Card
PUN-20260604-0513,1,2026-06-04 16:03:42,Punggol,SOK-W-04,Women's Ribbed Crew Socks,SOCKS,Women,5.9,5.9,False,1,5.9,NETS
PUN-20260604-0489,2,2026-06-04 12:47:04,Punggol,UND-M-02,  Men's Cotton Blend Trunks  ,Underwear,Men,14.9,14.9,False,1,14.9,Card
ORC-20260604-0901,2,2026-06-04 22:38:35,orchard central,SOK-M-03,Men's Airism Low-Cut Socks,Socks,Men,5.9,5.9,False,2,11.8,Card
PUN-20260604-0459,1,2026-06-04 21:30:07,punggol,TOP-M-01,Men's Airism Cotton Crew Neck T-Shirt,Tops,Men,14.9,14.9,False,1,14.9,NETS
ORC-20260604-0390,2,2026-06-04 17:39:39,Orchard Central,SOK-W-03,Women's Airism Low-Cut Socks,SOCKS,Women,5.9,5.9,False,2,11.8,Card
BUG-20260604-0566,2,2026-06-04 22:29:11,BUGIS,UND-M-04,Men's Cotton Crew Neck Undershirt,UNDERWEAR,Men,14.9,14.9,False,1,14.9,Card
PUN-20260604-0173,1,2026-06-04 11:26:59,Punggol,SOK-M-02,Men's Pile Crew Socks,Socks,Men,5.9,5.9,False,1,5.9,Cash
ORC-20260604-0985,3,2026-06-04 15:51:03,Orchard Central,SOK-W-03,Women's Airism Low-Cut Socks,Socks,Women,5.9,5.9,False,1,5.9,Cash
BUG-20260604-0380,1,2026-06-04 19:59:16,Bugis,SOK-W-03,Women's Airism Low-Cut Socks,Socks,Women,5.9,5.9,False,1,5.9,NETS
PUN-20260604-0562,1,2026-06-04 13:18:23,Punggol,SOK-M-02,Men's Pile Crew Socks,Socks,Men,5.9,5.9,False,1,5.9,cash
ORC-20260604-1060,2,2026-06-04 17:24:06,Orchard Central,TOP-M-04,Men's Oxford Long Sleeve Shirt,Tops,Men,29.9,29.9,False,1,29.9,PayNow
PUN-20260604-0350,2,2026-06-04 12:54:15,Punggol,TOP-W-01,Women's Airism Cotton Crew Neck T-Shirt,Tops,Women,14.9,14.9,False,1,14.9,
PUN-20260604-0006,2,2026-06-04 15:25:04,  Punggol  ,SOK-M-03,Men's Airism Low-Cut Socks,Socks,Men,5.9,5.9,False,1,5.9,Card
BUG-20260604-0067,2,2026-06-04 20:19:50,Bugis,SOK-M-04,  Men's Ribbed Crew Socks  ,SOCKS,Men,5.9,5.9,False,2,11.8,PayNow
ORC-20260604-1264,1,2026-06-04 13:47:01,Orchard Central,UND-M-04,Men's Cotton Crew Neck Undershirt,Underwear,Men,$14.9,14.9,False,1,14.9,PayNow
BUG-20260604-0596,1,2026-06-04 19:38:33,Bugis,UND-M-04,Men's Cotton Crew Neck Undershirt,Underwear,Men,14.9,14.9,False,1,14.9,PayNow
PUN-20260604-0400,3,2026-06-04 21:49:06,Punggol,SOK-W-02,Women's Pile Crew Socks,Socks,Women,5.9,5.9,False,1,5.9,Card
ORC-20260604-1426,1,2026-06-04 17:08:59,Orchard Central,UND-W-02,Women's Wireless Bra,Underwear,Women,$29.9,29.9,False,2,59.8,PAYNOW
ORC-20260604-0058,1,2026-06-04 19:08:42,Orchard Central,SOK-W-01,Women's Ankle Socks 3-Pack,Socks,Women,14.9,14.9,False,1,14.9,PayNow
ORC-20260604-0691,1,2026-06-04 20:19:16,Orchard Central,TOP-W-01,  Women's Airism Cotton Crew Neck T-Shirt  ,Tops,Women,14.9,14.9,False,1,14.9,
BUG-20260604-0164,2,2026-06-04 22:37:46,Bugis,SOK-W-02,  Women's Pile Crew Socks  ,Socks,Women,5.9,5.9,False,1,5.9,PayNow
BUG-20260604-0685,1,2026-06-04 18:31:07,Bugis,TOP-M-04,Men's Oxford Long Sleeve Shirt,Tops,Men,29.9,29.9,False,1,29.9,Card
BUG-20260604-0498,1,2026-06-04 21:19:16,Bugis,SOK-W-03,Women's Airism Low-Cut Socks,Socks,Women,5.9,5.9,False,1,5.9,Card
BUG-20260604-0280,1,2026-06-04 13:29:35,Bugis,TOP-M-03,Men's Dry-EX Crew Neck T-Shirt,Tops,Men,19.9,19.9,False,1,19.9,Card
BUG-20260604-0060,3,2026-06-04 18:48:31,BUGIS,SOK-M-02,Men's Pile Crew Socks,Socks,Men,5.9,5.9,False,1,5.9,Paynow
ORC-20260604-0641,1,2026-06-04 11:46:14,Orchard Central,SOK-W-08,Women's Lace Trim Ankle Socks,Socks,Women,5.9,5.9,False,1,5.9,Card
BUG-20260604-0436,1,2026-06-04 21:28:04,  Bugis  ,SOK-W-02,Women's Pile Crew Socks,Socks,Women,5.9,5.9,False,1,5.9,PayNow
ORC-20260604-0458,1,2026-06-04 14:08:36,Orchard Central,SOK-M-09,Men's No-Show Sneaker Socks,Socks,Men,4.11,5.9,True,1,4.11,Card
BUG-20260604-0208,3,2026-06-04 21:06:59,Bugis,UND-W-02,Women's Wireless Bra,UNDERWEAR,Women,29.9,29.9,False,1,29.9,Cash
ORC-20260604-0059,2,2026-06-04 16:59:09,Orchard Central,SOK-W-09,Women's No-Show Sneaker Socks,Socks,Women,5.9,5.9,False,1,5.9,NETS
BUG-20260604-0485,1,2026-06-04 20:30:45,Bugis,SOK-W-03,  Women's Airism Low-Cut Socks  ,Socks,Women,5.9,5.9,False,2,11.8,Card
PUN-20260604-0157,1,2026-06-04 14:47:55,Punggol,TOP-M-01,Men's Airism Cotton Crew Neck T-Shirt,Tops,Men,14.9,14.9,False,1,14.9,Card
ORC-20260604-1327,1,2026-06-04 19:15:02,Orchard Central,SOK-M-09,Men's No-Show Sneaker Socks,Socks,Men,4.11,5.9,True,2,8.22,Cash
PUN-20260604-0518,1,2026-06-04 20:57:18,  Punggol  ,TOP-M-03,Men's Dry-EX Crew Neck T-Shirt,Tops,Men,19.9,19.9,False,1,19.9,PayNow
ORC-20260604-0217,2,2026-06-04 13:17:36,Orchard Central,UND-M-02,Men's Cotton Blend Trunks,Underwear,Men,14.9,14.9,False,1,14.9,PayNow
ORC-20260604-1285,1,2026-06-04 20:59:23,Orchard Central,SOK-M-03,Men's Airism Low-Cut Socks,Socks,Men,5.9,5.9,False,2,11.8,cash
BUG-20260604-0061,2,2026-06-04 19:33:30,Bugis,UND-W-03,Women's Cotton Blend Briefs,UNDERWEAR,Women,9.9,9.9,False,2,19.8,Card
BUG-20260604-0071,1,2026-06-04 20:28:09,  Bugis  ,UND-W-01,Women's Airism Bikini Shorts,Underwear,Women,9.9,9.9,False,1,$9.9,NETS
ORC-20260604-0037,1,2026-06-04 11:05:43,Orchard Central,SOK-M-02,  Men's Pile Crew Socks  ,Socks,MEN,5.9,5.9,False,1,5.9,PayNow
ORC-20260604-1399,1,2026-06-04 21:37:13,  Orchard Central  ,SOK-M-09,Men's No-Show Sneaker Socks,Socks,Men,4.11,5.9,True,1,4.11,Card
PUN-20260604-0299,1,2026-06-04 14:05:50,Punggol,UND-M-04,Men's Cotton Crew Neck Undershirt,Underwear,Men,14.9,14.9,False,1,14.9,CASH
BUG-20260604-0578,1,2026-06-04 21:27:29,Bugis,SOK-M-04,Men's Ribbed Crew Socks,Socks,Men,5.9,5.9,False,1,5.9,NETS
ORC-20260604-0196,2,2026-06-04 16:27:32,Orchard Central,SOK-M-02,Men's Pile Crew Socks,Socks,Men,5.9,5.9,False,1,5.9,Card
BUG-20260604-0583,2,2026-06-04 22:01:05,Bugis,TOP-W-02,Women's Ribbed Long Sleeve Turtleneck,Tops,Women,19.9,19.9,False,1,19.9,NETS
BUG-20260604-0369,2,2026-06-04 20:52:50,Bugis,BTM-W-04,Women's Denim Straight Jeans,Bottoms,Women,49.9,49.9,False,1,49.9,PayNow
BUG-20260604-0426,1,2026-06-04 11:25:18,bugis,SOK-M-01,Men's Ankle Socks 3-Pack,Socks,Men,14.9,14.9,False,1,14.9,Cash
ORC-20260604-0961,1,2026-06-04 12:29:46,  Orchard Central  ,SOK-W-03,  Women's Airism Low-Cut Socks  ,Socks,Women,5.9,5.9,False,1,5.9,Card
BUG-20260604-0735,1,2026-06-04 11:29:46,Bugis,BTM-W-03,Women's Ezy Ankle Pants,bottoms,Women,29.9,29.9,False,1,29.9,PayNow
BUG-20260604-0633,2,2026-06-04 20:48:58,Bugis,SOK-W-04,  Women's Ribbed Crew Socks  ,Socks,Women,5.9,5.9,False,1,5.9,PayNow
PUN-20260604-0387,1,2026-06-04 20:58:05,Punggol,UND-W-01,Women's Airism Bikini Shorts,Underwear,Women,9.9,9.9,False,2,$19.8,Card
BUG-20260604-0463,1,2026-06-04 20:04:00,Bugis,SOK-W-02,Women's Pile Crew Socks,Socks,Women,5.9,5.9,False,1,5.9,Cash
PUN-20260604-0192,1,2026-06-04 22:23:11,Punggol,SOK-M-01,Men's Ankle Socks 3-Pack,Socks,Men,14.9,14.9,False,1,14.9,Card
PUN-20260604-0331,1,2026-06-04 19:42:43,  Punggol  ,SOK-W-02,Women's Pile Crew Socks,Socks,Women,5.9,5.9,False,1,5.9,NETS
ORC-20260604-0706,2,2026-06-04 17:40:24,Orchard Central,UND-W-03,  Women's Cotton Blend Briefs  ,Underwear,Women,9.9,9.9,False,1,9.9,Card
PUN-20260604-0185,2,2026-06-04 12:02:21,Punggol,SOK-M-03,Men's Airism Low-Cut Socks,Socks,Men,5.9,5.9,False,1,5.9,Cash
BUG-20260604-0267,3,2026-06-04 14:10:20,Bugis,SOK-M-04,Men's Ribbed Crew Socks,Socks,Men,5.9,5.9,False,1,5.9,Card
ORC-20260604-0674,2,2026-06-04 18:24:30,Orchard Central,SOK-M-01,Men's Ankle Socks 3-Pack,Socks,Men,14.9,14.9,False,1,14.9,NETS
BUG-20260604-0247,1,2026-06-04 16:22:15,Bugis,SOK-W-02,Women's Pile Crew Socks,Socks,Women,5.9,5.9,False,1,5.9,NETS
ORC-20260604-1119,1,2026-06-04 12:38:29,Orchard Central,SOK-M-02,  Men's Pile Crew Socks  ,Socks,men,5.9,5.9,False,1,5.9,Card
ORC-20260604-0025,1,2026-06-04 14:19:19,orchard central,SOK-M-07,  Men's Striped Crew Socks  ,Socks,Men,5.9,5.9,False,1,5.9,NETS
BUG-20260604-0739,3,2026-06-04 20:00:14,Bugis,SOK-W-02,Women's Pile Crew Socks,Socks,Women,5.9,5.9,False,1,5.9,PayNow
ORC-20260604-0895,1,2026-06-04 19:50:34,Orchard Central,UND-W-04,Women's Airism T-Shirt Bra,Underwear,Women,29.9,29.9,False,1,29.9,PayNow
PUN-20260604-0550,1,2026-06-04 18:12:23,Punggol,TOP-W-03,Women's Silky Satin Blouse,TOPS,Women,39.9,39.9,False,1,39.9,Cash
ORC-20260604-1070,2,2026-06-04 18:58:02,Orchard Central,SOK-W-02,Women's Pile Crew Socks,Socks,Women,5.9,5.9,False,1,5.9,Nets
PUN-20260604-0354,3,2026-06-04 16:29:06,Punggol,UND-W-04,Women's Airism T-Shirt Bra,Underwear,Women,29.9,29.9,False,1,29.9,Card
ORC-20260604-0807,3,2026-06-04 20:41:54,  Orchard Central  ,SOK-W-02,Women's Pile Crew Socks,Socks,Women,5.9,5.9,False,1,5.9,Cash
ORC-20260604-1370,2,2026-06-04 18:24:43,Orchard Central,SOK-W-02,Women's Pile Crew Socks,SOCKS,WOMEN,5.9,5.9,False,1,5.9,Card
BUG-20260604-0550,1,2026-06-04 15:09:27,Bugis,SOK-W-03,Women's Airism Low-Cut Socks,Socks,Women,5.9,5.9,False,1,5.9,NETS
BUG-20260604-0023,2,2026-06-04 11:51:11,Bugis,SOK-M-02,  Men's Pile Crew Socks  ,Socks,Men,5.9,5.9,False,2,11.8,Card
BUG-20260604-0677,2,2026-06-04 14:56:13,Bugis,UND-W-01,Women's Airism Bikini Shorts,Underwear,Women,$9.9,9.9,False,2,19.8,NETS
ORC-20260604-1305,3,2026-06-04 22:29:45,  Orchard Central  ,SOK-M-09,Men's No-Show Sneaker Socks,Socks,Men,4.11,5.9,True,1,4.11,NETS
BUG-20260604-0109,2,2026-06-04 19:52:27,Bugis,BTM-W-01,Women's Ultra Stretch Skinny Jeans,Bottoms,Women,39.9,39.9,False,1,39.9,Card
BUG-20260604-0318,1,2026-06-04 21:47:17,Bugis,SOK-W-03,Women's Airism Low-Cut Socks,Socks,Women,5.9,5.9,False,1,5.9,Card
PUN-20260604-0534,1,2026-06-04 18:18:16,Punggol,SOK-M-04,Men's Ribbed Crew Socks,Socks,Men,5.9,5.9,False,1,$5.9,PayNow
BUG-20260604-0592,2,2026-06-04 14:59:50,Bugis,SOK-M-02,Men's Pile Crew Socks,Socks,Men,5.9,5.9,False,1,5.9,PayNow
BUG-20260604-0199,1,2026-06-04 14:00:23,Bugis,UND-M-01,Men's Airism Boxer Briefs,underwear,Men,14.9,14.9,False,1,14.9,Card
ORC-20260604-0140,1,2026-06-04 12:35:05,Orchard Central,TOP-W-01,Women's Airism Cotton Crew Neck T-Shirt,tops,Women,14.9,14.9,False,1,14.9,Card
ORC-20260604-0402,2,2026-06-04 17:22:51,Orchard Central,SOK-M-02,  Men's Pile Crew Socks  ,Socks,MEN,5.9,5.9,False,1,5.9,Card
BUG-20260604-0581,2,2026-06-04 13:39:39,Bugis,SOK-W-04,Women's Ribbed Crew Socks,Socks,Women,5.9,5.9,False,1,5.9,Card
ORC-20260604-0117,2,2026-06-04 19:00:36,orchard central,SOK-M-02,Men's Pile Crew Socks,Socks,Men,5.9,5.9,False,1,5.9,Cash
ORC-20260604-0859,3,2026-06-04 18:44:54,Orchard Central,UND-M-02,Men's Cotton Blend Trunks,Underwear,Men,14.9,14.9,False,1,14.9,NETS
ORC-20260604-1197,3,2026-06-04 19:13:15,Orchard Central,UND-W-03,Women's Cotton Blend Briefs,Underwear,Women,9.9,9.9,False,1,9.9,Cash
ORC-20260604-0963,2,2026-06-04 11:13:18,orchard central,BTM-M-04,Men's Dry Stretch Shorts,Bottoms,Men,19.9,19.9,False,1,19.9,Cash
PUN-20260604-0125,1,2026-06-04 19:36:46,Punggol,SOK-W-01,Women's Ankle Socks 3-Pack,SOCKS,Women,14.9,14.9,False,1,14.9,Card
ORC-20260604-0627,1,2026-06-04 12:39:29,Orchard Central,UND-M-01,Men's Airism Boxer Briefs,Underwear,Men,14.9,14.9,False,1,14.9,Card
PUN-20260604-0574,1,2026-06-04 20:56:25,Punggol,SOK-W-01,Women's Ankle Socks 3-Pack,Socks,Women,14.9,14.9,False,1,14.9,Card
BUG-20260604-0485,2,2026-06-04 20:30:45,Bugis,UND-M-10,Men's Cotton Blend Briefs,Underwear,Men,9.9,9.9,False,1,9.9,CARD
ORC-20260604-0529,3,2026-06-04 16:55:21,Orchard Central,UND-M-04,Men's Cotton Crew Neck Undershirt,Underwear,Men,14.9,14.9,False,1,14.9,PayNow
BUG-20260604-0558,1,2026-06-04 19:23:46,Bugis,SOK-M-07,Men's Striped Crew Socks,SOCKS,Men,5.9,5.9,False,1,5.9,Card
PUN-20260604-0113,1,2026-06-04 12:30:46,Punggol,SOK-W-02,Women's Pile Crew Socks,Socks,Women,5.9,5.9,False,2,11.8,Card
PUN-20260604-0516,2,2026-06-04 16:11:12,Punggol,UND-W-03,Women's Cotton Blend Briefs,Underwear,Women,9.9,9.9,False,1,9.9,card
ORC-20260604-0452,1,2026-06-04 22:28:22,Orchard Central,BTM-W-01,Women's Ultra Stretch Skinny Jeans,BOTTOMS,women,39.9,39.9,False,1,39.9,PayNow
ORC-20260604-1189,2,2026-06-04 17:08:50,Orchard Central,SOK-W-05,Women's Sport Ankle Socks,Socks,Women,5.9,5.9,False,1,5.9,Cash
ORC-20260604-1154,2,2026-06-04 20:35:51,Orchard Central,SOK-M-07,Men's Striped Crew Socks,Socks,Men,5.9,5.9,False,1,5.9,Card
ORC-20260604-0001,2,2026-06-04 18:56:27,Orchard Central,SOK-M-02,Men's Pile Crew Socks,Socks,Men,5.9,5.9,False,1,5.9,PayNow
BUG-20260604-0452,2,2026-06-04 18:03:57,Bugis,SOK-M-02,Men's Pile Crew Socks,Socks,Men,5.9,5.9,False,2,11.8,NETS
BUG-20260604-0649,1,2026-06-04 19:46:49,Bugis,SOK-W-03,Women's Airism Low-Cut Socks,Socks,Women,5.9,5.9,False,1,5.9,Card
ORC-20260604-0350,2,2026-06-04 16:55:28,Orchard Central,TOP-W-01,Women's Airism Cotton Crew Neck T-Shirt,tops,women,14.9,14.9,False,1,14.9,Card
ORC-20260604-0307,1,2026-06-04 12:56:30,Orchard Central,SOK-M-01,Men's Ankle Socks 3-Pack,socks,Men,14.9,14.9,False,1,14.9,Cash
BUG-20260604-0406,2,2026-06-04 21:28:35,Bugis,SOK-M-03,Men's Airism Low-Cut Socks,Socks,Men,5.9,5.9,False,1,5.9,PayNow
ORC-20260604-0313,1,2026-06-04 22:23:47,Orchard Central,SOK-M-09,Men's No-Show Sneaker Socks,Socks,Men,4.11,5.9,True,1,4.11,Card
BUG-20260604-0085,1,2026-06-04 19:59:45,Bugis,TOP-W-03,Women's Silky Satin Blouse,Tops,Women,39.9,39.9,False,1,39.9,Card
ORC-20260604-0930,1,2026-06-04 18:15:44,Orchard Central,SOK-W-03,Women's Airism Low-Cut Socks,Socks,Women,5.9,5.9,False,1,5.9,Cash
BUG-20260604-0386,1,2026-06-04 15:19:59,Bugis,SOK-W-02,Women's Pile Crew Socks,Socks,Women,5.9,5.9,False,1,5.9,Card
BUG-20260604-0311,2,2026-06-04 18:29:06,Bugis,SOK-W-03,Women's Airism Low-Cut Socks,socks,Women,5.9,5.9,False,1,5.9,Cash
ORC-20260604-0375,3,2026-06-04 19:34:38,  Orchard Central  ,BTM-W-04,Women's Denim Straight Jeans,Bottoms,Women,49.9,49.9,False,1,49.9,Card
ORC-20260604-0712,3,2026-06-04 19:18:39,Orchard Central,UND-M-04,Men's Cotton Crew Neck Undershirt,Underwear,MEN,14.9,14.9,False,1,14.9,NETS
PUN-20260604-0367,2,2026-06-04 14:27:03,Punggol,SOK-M-02,Men's Pile Crew Socks,Socks,Men,5.9,5.9,False,1,5.9,Card
ORC-20260604-0590,2,2026-06-04 20:28:58,Orchard Central,SOK-M-09,Men's No-Show Sneaker Socks,Socks,Men,4.11,5.9,True,1,4.11,paynow
PUN-20260604-0512,2,2026-06-04 12:28:32,Punggol,SOK-M-01,Men's Ankle Socks 3-Pack,Socks,Men,14.9,14.9,False,2,29.8,
PUN-20260604-0294,1,2026-06-04 20:33:10,Punggol,UND-W-03,Women's Cotton Blend Briefs,Underwear,Women,9.9,9.9,False,2,19.8,Card
BUG-20260604-0768,1,2026-06-04 22:46:19,Bugis,SOK-W-04,Women's Ribbed Crew Socks,Socks,Women,5.9,5.9,False,1,5.9,Card
BUG-20260604-0732,1,2026-06-04 15:44:46,Bugis,TOP-W-01,Women's Airism Cotton Crew Neck T-Shirt,Tops,Women,14.9,14.9,False,1,14.9,Card
ORC-20260604-0579,2,2026-06-04 15:30:15,Orchard Central,SOK-W-02,Women's Pile Crew Socks,Socks,Women,5.9,5.9,False,1,5.9,NETS
ORC-20260604-0050,1,2026-06-04 19:45:47,Orchard Central,SOK-M-06,Men's Heattech Socks,Socks,MEN,9.9,9.9,False,1,9.9,NETS
ORC-20260604-0560,2,2026-06-04 13:39:11,ORCHARD CENTRAL,BTM-W-03,  Women's Ezy Ankle Pants  ,Bottoms,Women,29.9,29.9,False,1,29.9,NETS
PUN-20260604-0322,2,2026-06-04 20:56:41,  Punggol  ,SOK-W-01,Women's Ankle Socks 3-Pack,Socks,Women,14.9,14.9,False,1,14.9,PayNow
BUG-20260604-0562,1,2026-06-04 17:58:42,  Bugis  ,SOK-W-02,Women's Pile Crew Socks,Socks,Women,5.9,5.9,False,1,5.9,Card
BUG-20260604-0088,1,2026-06-04 20:19:11,  Bugis  ,SOK-M-05,Men's Sport Ankle Socks,Socks,Men,5.9,5.9,False,1,5.9,paynow
ORC-20260604-0779,1,2026-06-04 15:01:06,Orchard Central,UND-W-03,Women's Cotton Blend Briefs,UNDERWEAR,Women,9.9,9.9,False,1,9.9,PayNow
ORC-20260604-0260,3,2026-06-04 17:52:42,Orchard Central,SOK-W-03,Women's Airism Low-Cut Socks,Socks,Women,5.9,5.9,False,1,5.9,Card
PUN-20260604-0318,2,2026-06-04 17:38:27,Punggol,UND-W-03,Women's Cotton Blend Briefs,underwear,Women,9.9,9.9,False,1,9.9,Card
ORC-20260604-0507,2,2026-06-04 18:42:17,Orchard Central,SOK-M-06,Men's Heattech Socks,socks,Men,9.9,9.9,False,1,9.9,Card
ORC-20260604-0235,1,2026-06-04 13:37:32,Orchard Central,SOK-M-09,  Men's No-Show Sneaker Socks  ,Socks,Men,4.11,5.9,True,1,4.11,PayNow
BUG-20260604-0162,3,2026-06-04 21:18:15,  Bugis  ,SOK-W-02,Women's Pile Crew Socks,Socks,Women,5.9,5.9,False,1,5.9,Card
ORC-20260604-0369,2,2026-06-04 13:54:31,Orchard Central,SOK-M-04,Men's Ribbed Crew Socks,Socks,Men,5.9,5.9,False,1,5.9,Card
ORC-20260604-0427,3,2026-06-04 12:46:34,Orchard Central,SOK-W-02,Women's Pile Crew Socks,Socks,Women,5.9,5.9,False,1,5.9,Nets
BUG-20260604-0326,1,2026-06-04 20:04:21,Bugis,UND-W-03,Women's Cotton Blend Briefs,UNDERWEAR,Women,$9.9,9.9,False,2,19.8,PayNow
ORC-20260604-1023,1,2026-06-04 20:46:25,Orchard Central,SOK-M-04,Men's Ribbed Crew Socks,Socks,Men,5.9,5.9,False,2,11.8,Card
BUG-20260604-0519,2,2026-06-04 20:18:14,Bugis,BTM-M-02,Men's Slim Fit Chino Trousers,Bottoms,Men,29.9,29.9,False,1,29.9,Nets
ORC-20260604-0089,2,2026-06-04 19:35:44,Orchard Central,TOP-M-04,Men's Oxford Long Sleeve Shirt,Tops,Men,29.9,29.9,False,1,29.9,PayNow
PUN-20260604-0443,1,2026-06-04 22:05:29,  Punggol  ,UND-W-01,Women's Airism Bikini Shorts,Underwear,women,9.9,9.9,False,1,9.9,Paynow
BUG-20260604-0088,3,2026-06-04 20:19:11,Bugis,SOK-M-01,Men's Ankle Socks 3-Pack,Socks,Men,14.9,14.9,False,1,$14.9,PayNow
ORC-20260604-0212,2,2026-06-04 19:21:18,Orchard Central,UND-M-04,Men's Cotton Crew Neck Undershirt,underwear,Men,14.9,14.9,False,1,14.9,Card
BUG-20260604-0661,2,2026-06-04 17:34:36,Bugis,UND-W-03,Women's Cotton Blend Briefs,Underwear,Women,9.9,9.9,False,1,9.9,Card
ORC-20260604-0743,3,2026-06-04 13:16:58,Orchard Central,SOK-W-02,Women's Pile Crew Socks,Socks,Women,5.9,5.9,False,1,5.9,Card
BUG-20260604-0317,2,2026-06-04 15:44:43,Bugis,TOP-M-01,Men's Airism Cotton Crew Neck T-Shirt,Tops,Men,14.9,14.9,False,1,14.9,PayNow
ORC-20260604-1130,1,2026-06-04 18:41:24,Orchard Central,SOK-M-03,Men's Airism Low-Cut Socks,socks,Men,5.9,5.9,False,1,5.9,Cash
BUG-20260604-0117,3,2026-06-04 19:49:25,Bugis,SOK-M-04,Men's Ribbed Crew Socks,Socks,Men,5.9,5.9,False,1,5.9,PayNow
BUG-20260604-0435,2,2026-06-04 18:04:28,BUGIS,SOK-M-02,Men's Pile Crew Socks,SOCKS,Men,5.9,5.9,False,1,5.9,NETS
PUN-20260604-0062,2,2026-06-04 18:53:47,Punggol,SOK-M-02,Men's Pile Crew Socks,Socks,Men,$5.9,5.9,False,1,5.9,PayNow
ORC-20260604-1361,3,2026-06-04 17:49:52,Orchard Central,SOK-W-02,Women's Pile Crew Socks,Socks,Women,5.9,5.9,False,1,5.9,PayNow
PUN-20260604-0529,2,2026-06-04 18:44:48,Punggol,UND-M-02,Men's Cotton Blend Trunks,Underwear,Men,14.9,14.9,False,2,29.8,Card
ORC-20260604-1160,3,2026-06-04 15:54:12,Orchard Central,UND-M-04,Men's Cotton Crew Neck Undershirt,Underwear,Men,14.9,14.9,False,2,29.8,Card
ORC-20260604-0809,1,2026-06-04 17:05:59,  Orchard Central  ,TOP-W-02,Women's Ribbed Long Sleeve Turtleneck,Tops,Women,19.9,19.9,False,1,19.9,Card
PUN-20260604-0115,3,2026-06-04 19:26:11,Punggol,SOK-W-01,Women's Ankle Socks 3-Pack,Socks,women,14.9,14.9,False,2,29.8,Card
PUN-20260604-0256,1,2026-06-04 20:53:47,Punggol,SOK-M-04,Men's Ribbed Crew Socks,Socks,Men,5.9,5.9,False,1,5.9,PayNow
BUG-20260604-0434,2,2026-06-04 18:51:30,Bugis,UND-W-01,Women's Airism Bikini Shorts,UNDERWEAR,Women,9.9,9.9,False,1,9.9,Cash
BUG-20260604-0678,2,2026-06-04 15:20:03,Bugis,BTM-M-08,Men's Relaxed Fit Denim Shorts,Bottoms,Men,22.99,29.9,True,1,22.99,NETS
ORC-20260604-0188,1,2026-06-04 18:55:27,Orchard Central,SOK-W-02,Women's Pile Crew Socks,Socks,WOMEN,5.9,5.9,False,1,5.9,Card
ORC-20260604-0717,1,2026-06-04 13:40:33,Orchard Central,SOK-W-02,  Women's Pile Crew Socks  ,Socks,Women,$5.9,5.9,False,1,5.9,NETS
ORC-20260604-0846,1,2026-06-04 19:49:12,Orchard Central,SOK-M-03,Men's Airism Low-Cut Socks,Socks,Men,$5.9,5.9,False,1,5.9,PayNow
ORC-20260604-0173,2,2026-06-04 14:35:31,Orchard Central,UND-M-01,Men's Airism Boxer Briefs,Underwear,Men,14.9,14.9,False,1,14.9,Card
ORC-20260604-1140,2,2026-06-04 14:02:37,Orchard Central,SOK-W-02,  Women's Pile Crew Socks  ,Socks,Women,5.9,5.9,False,2,11.8,Card
ORC-20260604-0893,1,2026-06-04 19:48:05,Orchard Central,TOP-M-01,Men's Airism Cotton Crew Neck T-Shirt,Tops,Men,14.9,14.9,False,1,14.9,Card
ORC-20260604-0969,2,2026-06-04 20:49:23,Orchard Central,SOK-M-04,Men's Ribbed Crew Socks,Socks,Men,5.9,5.9,False,1,5.9,NETS
ORC-20260604-1121,2,2026-06-04 12:39:22,ORCHARD CENTRAL,TOP-W-01,Women's Airism Cotton Crew Neck T-Shirt,Tops,Women,$14.9,14.9,False,1,14.9,Card
BUG-20260604-0555,1,2026-06-04 13:53:45,Bugis,SOK-M-07,  Men's Striped Crew Socks  ,Socks,men,5.9,5.9,False,1,5.9,Card
BUG-20260604-0718,1,2026-06-04 16:29:46,Bugis,UND-W-04,Women's Airism T-Shirt Bra,Underwear,WOMEN,29.9,29.9,False,1,29.9,CARD
ORC-20260604-0462,1,2026-06-04 13:27:11,Orchard Central,UND-M-04,Men's Cotton Crew Neck Undershirt,Underwear,Men,14.9,14.9,False,2,29.8,Card
BUG-20260604-0165,1,2026-06-04 13:14:02,BUGIS,TOP-M-02,Men's Supima Cotton Polo Shirt,TOPS,Men,29.9,29.9,False,1,29.9,NETS
ORC-20260604-1213,1,2026-06-04 19:05:05,Orchard Central,UND-W-03,Women's Cotton Blend Briefs,Underwear,Women,9.9,9.9,False,1,9.9,Card
PUN-20260604-0020,3,2026-06-04 17:35:29,Punggol,UND-M-02,  Men's Cotton Blend Trunks  ,Underwear,Men,14.9,14.9,False,1,14.9,Card
ORC-20260604-0566,1,2026-06-04 21:34:44,orchard central,SOK-W-03,Women's Airism Low-Cut Socks,Socks,Women,5.9,5.9,False,1,5.9,PayNow
ORC-20260604-0464,2,2026-06-04 17:32:56,Orchard Central,UND-W-03,Women's Cotton Blend Briefs,Underwear,Women,9.9,9.9,False,2,19.8,CARD
BUG-20260604-0150,1,2026-06-04 21:16:43,Bugis,SOK-W-03,Women's Airism Low-Cut Socks,Socks,Women,5.9,5.9,False,1,$5.9,Card
ORC-20260604-0040,1,2026-06-04 11:34:35,Orchard Central,TOP-M-01,Men's Airism Cotton Crew Neck T-Shirt,Tops,MEN,14.9,14.9,False,1,14.9,NETS
PUN-20260604-0509,1,2026-06-04 20:43:57,Punggol,TOP-M-02,Men's Supima Cotton Polo Shirt,Tops,men,29.9,29.9,False,1,29.9,Card
BUG-20260604-0552,3,2026-06-04 11:03:05,BUGIS,SOK-W-10,Women's Wool Blend Socks,socks,Women,9.9,9.9,False,1,9.9,Card
BUG-20260604-0302,1,2026-06-04 12:54:12,bugis,SOK-W-02,Women's Pile Crew Socks,Socks,Women,5.9,5.9,False,1,5.9,card
BUG-20260604-0176,3,2026-06-04 21:52:35,Bugis,SOK-M-01,Men's Ankle Socks 3-Pack,Socks,Men,14.9,14.9,False,1,14.9,PayNow
ORC-20260604-0808,1,2026-06-04 16:03:26,Orchard Central,SOK-M-03,Men's Airism Low-Cut Socks,Socks,Men,5.9,5.9,False,2,11.8,NETS
BUG-20260604-0220,3,2026-06-04 21:54:31,Bugis,UND-W-01,Women's Airism Bikini Shorts,Underwear,Women,9.9,9.9,False,1,9.9,Card
ORC-20260604-0169,1,2026-06-04 17:39:54,  Orchard Central  ,SOK-M-01,Men's Ankle Socks 3-Pack,Socks,Men,14.9,14.9,False,2,29.8,NETS
ORC-20260604-0502,3,2026-06-04 22:05:16,Orchard Central,BTM-M-02,Men's Slim Fit Chino Trousers,bottoms,Men,29.9,29.9,False,1,29.9,PayNow
BUG-20260604-0099,1,2026-06-04 18:53:56,  Bugis  ,TOP-W-02,Women's Ribbed Long Sleeve Turtleneck,Tops,Women,19.9,19.9,False,1,19.9,Cash
ORC-20260604-0812,1,2026-06-04 19:39:15,Orchard Central,UND-M-04,Men's Cotton Crew Neck Undershirt,underwear,Men,14.9,14.9,False,1,14.9,Card
ORC-20260604-0772,3,2026-06-04 20:07:15,Orchard Central,UND-W-03,Women's Cotton Blend Briefs,Underwear,WOMEN,9.9,9.9,False,1,9.9,PayNow
BUG-20260604-0455,1,2026-06-04 18:49:10,BUGIS,SOK-M-07,  Men's Striped Crew Socks  ,socks,Men,5.9,5.9,False,1,5.9,Card
ORC-20260604-1435,2,2026-06-04 22:26:20,Orchard Central,TOP-M-03,  Men's Dry-EX Crew Neck T-Shirt  ,Tops,Men,19.9,19.9,False,1,19.9,Card
ORC-20260604-1439,2,2026-06-04 12:01:38,Orchard Central,SOK-W-02,Women's Pile Crew Socks,Socks,Women,5.9,5.9,False,1,5.9,Paynow
ORC-20260604-1185,3,2026-06-04 16:19:23,Orchard Central,UND-M-02,Men's Cotton Blend Trunks,Underwear,Men,14.9,14.9,False,1,14.9,Cash
ORC-20260604-0270,1,2026-06-04 18:09:04,Orchard Central,UND-M-04,Men's Cotton Crew Neck Undershirt,Underwear,men,14.9,14.9,False,1,14.9,Card
ORC-20260604-1049,3,2026-06-04 21:28:32,Orchard Central,SOK-W-01,  Women's Ankle Socks 3-Pack  ,SOCKS,WOMEN,14.9,14.9,False,1,14.9,Cash
ORC-20260604-0942,1,2026-06-04 20:58:40,Orchard Central,UND-M-01,Men's Airism Boxer Briefs,underwear,Men,$14.9,14.9,False,1,14.9,Card
ORC-20260604-0492,1,2026-06-04 20:01:43,Orchard Central,TOP-M-02,Men's Supima Cotton Polo Shirt,Tops,Men,29.9,29.9,False,1,29.9,CARD
PUN-20260604-0375,2,2026-06-04 17:39:21,punggol,UND-M-04,Men's Cotton Crew Neck Undershirt,Underwear,Men,14.9,14.9,False,1,14.9,Card
ORC-20260604-0502,1,2026-06-04 22:05:16,Orchard Central,SOK-M-09,Men's No-Show Sneaker Socks,Socks,Men,4.11,5.9,True,2,8.22,PayNow
PUN-20260604-0470,3,2026-06-04 13:49:33,Punggol,SOK-W-08,Women's Lace Trim Ankle Socks,Socks,Women,5.9,5.9,False,1,5.9,Cash
ORC-20260604-1184,1,2026-06-04 21:08:01,Orchard Central,UND-M-02,Men's Cotton Blend Trunks,Underwear,men,14.9,14.9,False,1,14.9,NETS
PUN-20260604-0077,2,2026-06-04 21:04:28,  Punggol  ,SOK-W-03,Women's Airism Low-Cut Socks,Socks,Women,5.9,5.9,False,1,5.9,Card
PUN-20260604-0002,2,2026-06-04 14:14:44,  Punggol  ,UND-M-01,Men's Airism Boxer Briefs,Underwear,Men,14.9,14.9,False,1,14.9,Card
ORC-20260604-1433,1,2026-06-04 17:39:35,Orchard Central,SOK-M-02,  Men's Pile Crew Socks  ,Socks,MEN,5.9,5.9,False,2,11.8,PayNow
BUG-20260604-0304,3,2026-06-04 16:23:20,Bugis,SOK-W-03,Women's Airism Low-Cut Socks,Socks,Women,5.9,5.9,False,1,5.9,Cash
ORC-20260604-1186,2,2026-06-04 21:10:46,  Orchard Central  ,UND-W-03,Women's Cotton Blend Briefs,Underwear,Women,9.9,9.9,False,1,9.9,PayNow
ORC-20260604-0739,1,2026-06-04 22:09:48,ORCHARD CENTRAL,SOK-W-02,Women's Pile Crew Socks,Socks,Women,5.9,5.9,False,1,5.9,PayNow
ORC-20260604-1436,1,2026-06-04 13:11:23,orchard central,BTM-M-07,Men's Smart Ankle Pants,BOTTOMS,Men,39.9,39.9,False,1,39.9,NETS
ORC-20260604-1425,2,2026-06-04 16:22:11,Orchard Central,BTM-M-01,  Men's Ezy Ankle Pants  ,Bottoms,Men,29.9,29.9,False,1,29.9,
ORC-20260604-1338,1,2026-06-04 22:12:45,Orchard Central,BTM-M-02,Men's Slim Fit Chino Trousers,Bottoms,Men,29.9,29.9,False,1,29.9,
PUN-20260604-0584,1,2026-06-04 16:23:59,  Punggol  ,BTM-W-01,  Women's Ultra Stretch Skinny Jeans  ,Bottoms,Women,39.9,39.9,False,1,39.9,Cash
ORC-20260604-0159,2,2026-06-04 16:47:50,Orchard Central,BTM-M-07,Men's Smart Ankle Pants,Bottoms,Men,39.9,39.9,False,1,39.9,NETS
ORC-20260604-0897,3,2026-06-04 19:42:06,Orchard Central,UND-M-02,Men's Cotton Blend Trunks,Underwear,MEN,14.9,14.9,False,1,14.9,Cash
PUN-20260604-0049,2,2026-06-04 19:08:07,Punggol,UND-W-08,Women's Airism Camisole,Underwear,Women,14.9,14.9,False,1,14.9,Cash
BUG-20260604-0527,2,2026-06-04 22:37:38,BUGIS,SOK-W-02,Women's Pile Crew Socks,Socks,Women,5.9,5.9,False,1,5.9,NETS
ORC-20260604-0323,2,2026-06-04 20:20:19,Orchard Central,SOK-M-01,Men's Ankle Socks 3-Pack,Socks,Men,14.9,14.9,False,1,14.9,PayNow
BUG-20260604-0595,1,2026-06-04 11:16:01,Bugis,UND-M-04,Men's Cotton Crew Neck Undershirt,Underwear,Men,14.9,14.9,False,2,29.8,card
BUG-20260604-0671,1,2026-06-04 14:15:08,Bugis,UND-W-01,Women's Airism Bikini Shorts,underwear,Women,9.9,9.9,False,1,9.9,NETS
ORC-20260604-0035,2,2026-06-04 21:11:25,Orchard Central,BTM-M-03,Men's Selvedge Regular Fit Jeans,Bottoms,men,59.9,59.9,False,1,59.9,Card
ORC-20260604-0179,1,2026-06-04 15:23:33,Orchard Central,TOP-M-01,Men's Airism Cotton Crew Neck T-Shirt,Tops,Men,14.9,14.9,False,1,14.9,NETS
ORC-20260604-0642,1,2026-06-04 20:20:46,Orchard Central,SOK-M-02,Men's Pile Crew Socks,Socks,Men,5.9,5.9,False,1,5.9,PayNow
ORC-20260604-1081,2,2026-06-04 16:35:34,Orchard Central,SOK-M-07,Men's Striped Crew Socks,Socks,Men,5.9,5.9,False,1,5.9,NETS
PUN-20260604-0058,2,2026-06-04 11:14:50,Punggol,SOK-W-04,Women's Ribbed Crew Socks,Socks,Women,5.9,5.9,False,1,5.9,Cash
ORC-20260604-0306,1,2026-06-04 19:15:30,ORCHARD CENTRAL,SOK-W-02,Women's Pile Crew Socks,Socks,Women,5.9,5.9,False,2,11.8,PayNow
BUG-20260604-0036,1,2026-06-04 12:34:12,Bugis,UND-W-06,Women's Lace Trim Briefs,UNDERWEAR,WOMEN,9.9,9.9,False,1,9.9,Card
ORC-20260604-1269,3,2026-06-04 19:17:37,Orchard Central,SOK-M-04,Men's Ribbed Crew Socks,Socks,Men,5.9,5.9,False,1,5.9,Cash
BUG-20260604-0384,1,2026-06-04 12:46:23,Bugis,SOK-M-02,Men's Pile Crew Socks,Socks,Men,5.9,5.9,False,1,5.9,Cash
BUG-20260604-0441,3,2026-06-04 15:37:11,Bugis,SOK-W-03,Women's Airism Low-Cut Socks,Socks,women,5.9,5.9,False,2,11.8,PayNow
BUG-20260604-0017,2,2026-06-04 12:10:04,Bugis,SOK-M-02,  Men's Pile Crew Socks  ,Socks,Men,5.9,5.9,False,1,5.9,Card
PUN-20260604-0057,3,2026-06-04 12:50:45,Punggol,UND-M-04,Men's Cotton Crew Neck Undershirt,Underwear,Men,14.9,14.9,False,1,14.9,NETS
ORC-20260604-0308,1,2026-06-04 12:54:02,Orchard Central,SOK-M-09,Men's No-Show Sneaker Socks,socks,Men,4.11,5.9,True,1,4.11,Cash
ORC-20260604-0996,1,2026-06-04 20:27:43,Orchard Central,SOK-M-04,Men's Ribbed Crew Socks,Socks,Men,5.9,5.9,False,1,5.9,CARD
BUG-20260604-0368,2,2026-06-04 18:11:49,bugis,BTM-W-03,Women's Ezy Ankle Pants,Bottoms,women,29.9,29.9,False,1,29.9,Card
ORC-20260604-0465,2,2026-06-04 19:13:04,Orchard Central,TOP-M-01,Men's Airism Cotton Crew Neck T-Shirt,tops,Men,14.9,14.9,False,1,14.9,Cash
BUG-20260604-0246,3,2026-06-04 20:20:19,bugis,TOP-W-06,Women's Linen Blend Short Sleeve Shirt,Tops,women,29.9,29.9,False,1,29.9,Card
BUG-20260604-0781,1,2026-06-04 12:44:48,  Bugis  ,BTM-W-03,  Women's Ezy Ankle Pants  ,Bottoms,Women,29.9,29.9,False,1,29.9,Card
ORC-20260604-0221,1,2026-06-04 20:26:08,Orchard Central,TOP-M-10,Men's Merino Blend V-Neck Sweater,Tops,MEN,39.9,39.9,False,1,39.9,Card
BUG-20260604-0136,2,2026-06-04 14:07:54,Bugis,TOP-W-01,  Women's Airism Cotton Crew Neck T-Shirt  ,Tops,Women,14.9,14.9,False,1,14.9,card
BUG-20260604-0401,1,2026-06-04 12:39:46,Bugis,BTM-M-04,Men's Dry Stretch Shorts,Bottoms,Men,19.9,19.9,False,1,19.9,PayNow
PUN-20260604-0510,2,2026-06-04 18:19:18,Punggol,BTM-M-04,Men's Dry Stretch Shorts,Bottoms,Men,19.9,19.9,False,1,19.9,Card
BUG-20260604-0608,1,2026-06-04 20:27:36,Bugis,BTM-W-03,Women's Ezy Ankle Pants,Bottoms,Women,29.9,29.9,False,1,29.9,PayNow
ORC-20260604-0588,3,2026-06-04 20:36:59,Orchard Central,TOP-M-01,Men's Airism Cotton Crew Neck T-Shirt,Tops,MEN,14.9,14.9,False,1,14.9,Card
BUG-20260604-0806,3,2026-06-04 20:17:23,Bugis,UND-W-02,Women's Wireless Bra,Underwear,Women,29.9,29.9,False,1,29.9,Card
PUN-20260604-0056,2,2026-06-04 11:57:34,  Punggol  ,UND-M-01,Men's Airism Boxer Briefs,Underwear,Men,14.9,14.9,False,1,14.9,Card
ORC-20260604-0124,1,2026-06-04 22:40:50,Orchard Central,UND-M-03,Men's Airism Mesh Boxer Briefs,Underwear,Men,14.9,14.9,False,1,14.9,PayNow
ORC-20260604-1346,1,2026-06-04 20:28:18,Orchard Central,TOP-W-02,Women's Ribbed Long Sleeve Turtleneck,Tops,Women,19.9,19.9,False,1,19.9,Card
BUG-20260604-0416,1,2026-06-04 20:22:53,Bugis,TOP-M-04,Men's Oxford Long Sleeve Shirt,Tops,Men,29.9,29.9,False,1,29.9,PayNow
ORC-20260604-0426,1,2026-06-04 11:47:20,Orchard Central,BTM-M-02,Men's Slim Fit Chino Trousers,Bottoms,Men,29.9,29.9,False,1,29.9,Cash
BUG-20260604-0342,3,2026-06-04 19:25:38,Bugis,SOK-W-03,Women's Airism Low-Cut Socks,Socks,Women,5.9,5.9,False,1,5.9,Cash
BUG-20260604-0473,1,2026-06-04 19:25:41,Bugis,BTM-W-10,Women's High Waist Denim Shorts,bottoms,women,29.9,29.9,False,1,29.9,NETS
ORC-20260604-0755,3,2026-06-04 18:02:01,Orchard Central,TOP-M-02,Men's Supima Cotton Polo Shirt,Tops,Men,29.9,29.9,False,1,29.9,paynow
ORC-20260604-0362,1,2026-06-04 19:54:06,orchard central,UND-M-02,Men's Cotton Blend Trunks,Underwear,Men,14.9,14.9,False,1,14.9,NETS
ORC-20260604-0151,2,2026-06-04 20:22:21,Orchard Central,SOK-M-02,Men's Pile Crew Socks,Socks,Men,5.9,5.9,False,2,11.8,paynow
ORC-20260604-1165,1,2026-06-04 13:47:56,Orchard Central,SOK-W-03,  Women's Airism Low-Cut Socks  ,Socks,Women,5.9,5.9,False,1,5.9,Card
ORC-20260604-0751,3,2026-06-04 21:39:39,Orchard Central,UND-M-01,Men's Airism Boxer Briefs,Underwear,Men,14.9,14.9,False,1,14.9,nets
ORC-20260604-0207,1,2026-06-04 20:22:30,Orchard Central,SOK-M-02,Men's Pile Crew Socks,Socks,Men,5.9,5.9,False,1,5.9,Card
ORC-20260604-0636,1,2026-06-04 22:32:20,Orchard Central,SOK-M-09,Men's No-Show Sneaker Socks,Socks,Men,4.11,5.9,True,1,4.11,Cash
BUG-20260604-0386,3,2026-06-04 15:19:59,Bugis,SOK-W-02,Women's Pile Crew Socks,Socks,Women,5.9,5.9,False,1,5.9,Card
BUG-20260604-0237,1,2026-06-04 21:34:59,Bugis,BTM-M-01,Men's Ezy Ankle Pants,Bottoms,Men,29.9,29.9,False,1,29.9,Cash
ORC-20260604-0412,2,2026-06-04 22:19:58,orchard central,TOP-W-02,Women's Ribbed Long Sleeve Turtleneck,Tops,Women,19.9,19.9,False,1,19.9,Cash
BUG-20260604-0083,1,2026-06-04 21:27:23,Bugis,UND-W-04,Women's Airism T-Shirt Bra,Underwear,Women,29.9,29.9,False,1,29.9,Cash
ORC-20260604-0231,3,2026-06-04 11:20:50,Orchard Central,SOK-W-03,Women's Airism Low-Cut Socks,Socks,WOMEN,5.9,5.9,False,1,5.9,PayNow
ORC-20260604-1365,2,2026-06-04 19:57:54,Orchard Central,SOK-M-01,Men's Ankle Socks 3-Pack,Socks,Men,14.9,14.9,False,1,14.9,Card
ORC-20260604-0035,3,2026-06-04 21:11:25,orchard central,SOK-M-03,Men's Airism Low-Cut Socks,Socks,Men,5.9,5.9,False,1,5.9,card
ORC-20260604-0584,3,2026-06-04 19:13:00,Orchard Central,UND-M-03,Men's Airism Mesh Boxer Briefs,Underwear,Men,14.9,14.9,False,1,14.9,Card
ORC-20260604-0736,2,2026-06-04 19:31:46,  Orchard Central  ,SOK-M-09,Men's No-Show Sneaker Socks,Socks,Men,4.11,5.9,True,1,4.11,Card
PUN-20260604-0003,2,2026-06-04 19:15:44,Punggol,UND-M-03,Men's Airism Mesh Boxer Briefs,Underwear,Men,14.9,14.9,False,1,14.9,Card
ORC-20260604-0153,1,2026-06-04 11:30:01,Orchard Central,SOK-M-04,Men's Ribbed Crew Socks,Socks,Men,5.9,5.9,False,1,5.9,NETS
PUN-20260604-0063,1,2026-06-04 21:03:29,  Punggol  ,SOK-W-01,Women's Ankle Socks 3-Pack,Socks,Women,14.9,14.9,False,1,14.9,Cash
BUG-20260604-0263,2,2026-06-04 16:17:29,Bugis,SOK-M-02,Men's Pile Crew Socks,Socks,Men,5.9,5.9,False,1,5.9,Cash
ORC-20260604-0899,1,2026-06-04 17:05:29,  Orchard Central  ,SOK-W-01,  Women's Ankle Socks 3-Pack  ,Socks,Women,14.9,14.9,False,1,14.9,card
ORC-20260604-0054,2,2026-06-04 15:14:09,ORCHARD CENTRAL,UND-M-01,Men's Airism Boxer Briefs,Underwear,men,14.9,14.9,False,1,14.9,Card
ORC-20260604-0045,3,2026-06-04 20:13:14,Orchard Central,SOK-W-03,Women's Airism Low-Cut Socks,Socks,Women,5.9,5.9,False,1,$5.9,Card
ORC-20260604-0640,1,2026-06-04 20:56:01,ORCHARD CENTRAL,SOK-M-03,Men's Airism Low-Cut Socks,Socks,Men,5.9,5.9,False,2,11.8,Card
ORC-20260604-0330,2,2026-06-04 20:20:39,Orchard Central,UND-M-01,Men's Airism Boxer Briefs,Underwear,MEN,14.9,14.9,False,1,14.9,card
ORC-20260604-0949,2,2026-06-04 20:33:48,Orchard Central,SOK-M-09,Men's No-Show Sneaker Socks,Socks,Men,4.11,5.9,True,1,4.11,PayNow
BUG-20260604-0003,2,2026-06-04 15:03:30,Bugis,UND-W-04,Women's Airism T-Shirt Bra,Underwear,Women,29.9,29.9,False,1,29.9,Card
ORC-20260604-0414,2,2026-06-04 13:12:10,Orchard Central,SOK-M-02,Men's Pile Crew Socks,Socks,Men,5.9,5.9,False,1,5.9,Cash
ORC-20260604-0631,3,2026-06-04 11:33:57,Orchard Central,UND-W-03,Women's Cotton Blend Briefs,Underwear,Women,9.9,9.9,False,1,9.9,NETS
ORC-20260604-0961,2,2026-06-04 12:29:46,Orchard Central,SOK-M-09,Men's No-Show Sneaker Socks,Socks,Men,4.11,5.9,True,1,4.11,Card
ORC-20260604-0917,1,2026-06-04 20:10:59,Orchard Central,SOK-M-03,  Men's Airism Low-Cut Socks  ,Socks,MEN,5.9,5.9,False,1,5.9,card
PUN-20260604-0452,1,2026-06-04 20:51:14,Punggol,TOP-W-01,,Tops,Women,14.9,14.9,False,1,14.9,Card
ORC-20260604-1389,1,2026-06-04 19:44:43,Orchard Central,SOK-M-02,Men's Pile Crew Socks,Socks,MEN,5.9,5.9,False,1,5.9,Card
BUG-20260604-0226,1,2026-06-04 20:52:17,Bugis,UND-W-01,Women's Airism Bikini Shorts,Underwear,Women,9.9,9.9,False,1,9.9,Cash
BUG-20260604-0289,2,2026-06-04 21:39:10,Bugis,UND-W-01,Women's Airism Bikini Shorts,underwear,Women,9.9,9.9,False,1,$9.9,Card
ORC-20260604-0971,2,2026-06-04 16:58:38,orchard central,UND-M-02,Men's Cotton Blend Trunks,Underwear,Men,14.9,14.9,False,1,14.9,NETS
ORC-20260604-1302,1,2026-06-04 14:32:05,  Orchard Central  ,UND-W-03,Women's Cotton Blend Briefs,Underwear,Women,9.9,9.9,False,1,9.9,Card
ORC-20260604-1161,1,2026-06-04 19:35:11,Orchard Central,UND-M-03,Men's Airism Mesh Boxer Briefs,Underwear,Men,14.9,14.9,False,1,14.9,PayNow
BUG-20260604-0840,1,2026-06-04 12:10:21,Bugis,UND-M-01,Men's Airism Boxer Briefs,Underwear,MEN,14.9,14.9,False,1,14.9,PayNow
PUN-20260604-0419,2,2026-06-04 14:55:07,Punggol,BTM-M-01,Men's Ezy Ankle Pants,Bottoms,Men,29.9,29.9,False,1,29.9,Card
PUN-20260604-0295,2,2026-06-04 13:43:55,Punggol,SOK-M-01,Men's Ankle Socks 3-Pack,socks,Men,14.9,14.9,False,1,14.9,Card
PUN-20260604-0264,1,2026-06-04 21:32:01,Punggol,UND-M-04,Men's Cotton Crew Neck Undershirt,Underwear,Men,14.9,14.9,False,1,14.9,NETS
ORC-20260604-1279,1,2026-06-04 20:52:36,ORCHARD CENTRAL,SOK-M-09,  Men's No-Show Sneaker Socks  ,Socks,Men,4.11,5.9,True,1,4.11,Card
ORC-20260604-0746,3,2026-06-04 16:32:20,ORCHARD CENTRAL,BTM-M-04,Men's Dry Stretch Shorts,Bottoms,Men,19.9,19.9,False,1,19.9,NETS
ORC-20260604-0994,1,2026-06-04 14:48:15,ORCHARD CENTRAL,SOK-W-01,Women's Ankle Socks 3-Pack,Socks,Women,14.9,14.9,False,1,14.9,Card
ORC-20260604-0166,2,2026-06-04 20:05:20,Orchard Central,SOK-M-03,  Men's Airism Low-Cut Socks  ,Socks,Men,5.9,5.9,False,1,5.9,NETS
BUG-20260604-0425,2,2026-06-04 11:50:12,Bugis,SOK-M-04,Men's Ribbed Crew Socks,Socks,Men,5.9,5.9,False,1,5.9,PayNow
PUN-20260604-0340,1,2026-06-04 21:38:10,punggol,UND-M-02,Men's Cotton Blend Trunks,Underwear,Men,14.9,14.9,False,1,14.9,Card
BUG-20260604-0876,1,2026-06-04 21:21:59,Bugis,BTM-M-02,Men's Slim Fit Chino Trousers,BOTTOMS,Men,29.9,29.9,False,1,29.9,Card
PUN-20260604-0020,1,2026-06-04 17:35:29,PUNGGOL,SOK-M-07,Men's Striped Crew Socks,Socks,Men,5.9,5.9,False,1,5.9,Card
PUN-20260604-0044,2,2026-06-04 14:16:08,Punggol,UND-W-02,Women's Wireless Bra,Underwear,Women,29.9,29.9,False,1,29.9,NETS
PUN-20260604-0226,1,2026-06-04 21:47:55,Punggol,SOK-W-01,Women's Ankle Socks 3-Pack,Socks,Women,14.9,14.9,False,1,14.9,Card
ORC-20260604-0551,1,2026-06-04 19:56:41,Orchard Central,TOP-M-02,Men's Supima Cotton Polo Shirt,Tops,Men,29.9,29.9,False,1,29.9,Card
ORC-20260604-1333,1,2026-06-04 11:47:31,ORCHARD CENTRAL,SOK-M-02,Men's Pile Crew Socks,Socks,Men,5.9,5.9,False,1,5.9,
BUG-20260604-0589,1,2026-06-04 16:55:39,  bugis  ,SOK-M-01,Men's Ankle Socks 3-Pack,Socks,Men,14.9,14.9,False,1,14.9,Card
ORC-20260604-0976,2,2026-06-04 13:20:23,Orchard Central,TOP-M-01,Men's Airism Cotton Crew Neck T-Shirt,Tops,Men,14.9,14.9,False,1,14.9,Card
BUG-20260604-0754,3,2026-06-04 20:57:19,Bugis,SOK-M-04,  Men's Ribbed Crew Socks  ,Socks,Men,5.9,5.9,False,1,5.9,NETS
BUG-20260604-0804,2,2026-06-04 19:03:09,Bugis,UND-W-03,Women's Cotton Blend Briefs,Underwear,Women,9.9,9.9,False,1,9.9,PayNow
ORC-20260604-0864,2,2026-06-04 21:47:07,Orchard Central,UND-W-02,Women's Wireless Bra,Underwear,Women,29.9,29.9,False,1,29.9,Card
BUG-20260604-0178,1,2026-06-04 19:01:33,Bugis,TOP-W-01,Women's Airism Cotton Crew Neck T-Shirt,Tops,Women,14.9,14.9,False,1,14.9,Cash
ORC-20260604-0652,1,2026-06-04 19:38:27,Orchard Central,UND-M-06,Men's Airism Sleeveless Undershirt,Underwear,Men,9.9,9.9,False,2,19.8,Cash
ORC-20260604-1045,1,2026-06-04 20:59:25,Orchard Central,UND-W-03,Women's Cotton Blend Briefs,Underwear,Women,9.9,9.9,False,1,9.9,PayNow
BUG-20260604-0428,1,2026-06-04 12:27:09,Bugis,SOK-W-04,Women's Ribbed Crew Socks,Socks,Women,5.9,5.9,False,1,5.9,NETS
ORC-20260604-0164,3,2026-06-04 22:21:27,Orchard Central,SOK-M-03,Men's Airism Low-Cut Socks,Socks,MEN,5.9,5.9,False,1,5.9,PayNow
ORC-20260604-0931,3,2026-06-04 20:38:07,ORCHARD CENTRAL,TOP-W-02,  Women's Ribbed Long Sleeve Turtleneck  ,TOPS,Women,19.9,19.9,False,1,19.9,NETS
ORC-20260604-0186,2,2026-06-04 18:36:21,Orchard Central,BTM-M-01,Men's Ezy Ankle Pants,Bottoms,Men,29.9,29.9,False,1,29.9,Card
ORC-20260604-0248,1,2026-06-04 20:36:40,  Orchard Central  ,SOK-W-06,Women's Heattech Socks,Socks,Women,9.9,9.9,False,1,9.9,Card
BUG-20260604-0728,1,2026-06-04 20:13:23,Bugis,UND-W-03,Women's Cotton Blend Briefs,Underwear,women,9.9,9.9,False,1,9.9,NETS
PUN-20260604-0413,1,2026-06-04 20:59:00,Punggol,TOP-W-03,Women's Silky Satin Blouse,tops,Women,39.9,39.9,False,1,$39.9,card
ORC-20260604-1396,1,2026-06-04 20:33:45,Orchard Central,SOK-W-03,Women's Airism Low-Cut Socks,Socks,Women,5.9,5.9,False,1,5.9,Card
PUN-20260604-0364,3,2026-06-04 19:52:16,Punggol,TOP-W-01,Women's Airism Cotton Crew Neck T-Shirt,Tops,Women,14.9,14.9,False,1,14.9,Paynow
PUN-20260604-0408,3,2026-06-04 19:32:15,Punggol,UND-W-05,Women's Seamless Shorts,Underwear,Women,9.9,9.9,False,1,9.9,NETS
BUG-20260604-0068,1,2026-06-04 21:17:23,Bugis,SOK-M-02,Men's Pile Crew Socks,Socks,Men,$5.9,5.9,False,1,5.9,PayNow
ORC-20260604-0553,1,2026-06-04 18:26:47,  Orchard Central  ,UND-M-09,Men's Heattech Long Johns,Underwear,Men,19.9,19.9,False,1,19.9,NETS
ORC-20260604-0276,1,2026-06-04 11:57:01,  Orchard Central  ,TOP-W-01,Women's Airism Cotton Crew Neck T-Shirt,Tops,Women,14.9,14.9,False,1,14.9,PayNow
PUN-20260604-0420,1,2026-06-04 14:34:56,Punggol,SOK-W-08,Women's Lace Trim Ankle Socks,socks,Women,5.9,5.9,False,1,5.9,NETS
ORC-20260604-1422,2,2026-06-04 20:15:23,  Orchard Central  ,SOK-M-09,Men's No-Show Sneaker Socks,SOCKS,Men,4.11,5.9,True,2,8.22,PayNow
PUN-20260604-0504,3,2026-06-04 20:56:57,Punggol,UND-W-01,Women's Airism Bikini Shorts,Underwear,Women,9.9,9.9,False,1,9.9,Card
ORC-20260604-0371,1,2026-06-04 19:22:12,Orchard Central,UND-M-01,Men's Airism Boxer Briefs,Underwear,Men,14.9,14.9,False,1,14.9,card
PUN-20260604-0501,1,2026-06-04 14:41:18,Punggol,SOK-M-04,Men's Ribbed Crew Socks,Socks,Men,5.9,5.9,False,1,5.9,Card
BUG-20260604-0267,2,2026-06-04 14:10:20,Bugis,TOP-M-03,  Men's Dry-EX Crew Neck T-Shirt  ,Tops,men,19.9,19.9,False,1,19.9,Card
BUG-20260604-0542,1,2026-06-04 18:36:58,Bugis,SOK-M-03,Men's Airism Low-Cut Socks,Socks,Men,5.9,5.9,False,1,5.9,Card
PUN-20260604-0416,1,2026-06-04 21:15:14,Punggol,TOP-M-01,Men's Airism Cotton Crew Neck T-Shirt,Tops,Men,14.9,14.9,False,1,14.9,Card
PUN-20260604-0388,1,2026-06-04 19:30:58,  Punggol  ,TOP-M-01,Men's Airism Cotton Crew Neck T-Shirt,Tops,Men,14.9,14.9,False,1,14.9,Card
ORC-20260604-0172,2,2026-06-04 15:27:43,Orchard Central,SOK-M-04,Men's Ribbed Crew Socks,Socks,Men,5.9,5.9,False,1,5.9,Card
BUG-20260604-0046,2,2026-06-04 12:41:03,BUGIS,UND-W-01,Women's Airism Bikini Shorts,Underwear,women,9.9,9.9,False,1,9.9,PayNow
PUN-20260604-0194,1,2026-06-04 20:40:58,Punggol,UND-M-02,Men's Cotton Blend Trunks,Underwear,Men,14.9,14.9,False,1,14.9,card
BUG-20260604-0128,1,2026-06-04 20:39:44,  Bugis  ,SOK-W-03,  Women's Airism Low-Cut Socks  ,Socks,Women,5.9,5.9,False,1,5.9,cash
BUG-20260604-0360,1,2026-06-04 18:40:44,Bugis,TOP-W-03,Women's Silky Satin Blouse,Tops,Women,39.9,39.9,False,1,39.9,Paynow
PUN-20260604-0562,3,2026-06-04 13:18:23,Punggol,UND-M-03,Men's Airism Mesh Boxer Briefs,Underwear,Men,14.9,14.9,False,1,14.9,Cash
BUG-20260604-0820,1,2026-06-04 17:50:19,bugis,SOK-M-04,Men's Ribbed Crew Socks,Socks,Men,5.9,5.9,False,2,11.8,Card
BUG-20260604-0268,3,2026-06-04 17:10:27,  Bugis  ,SOK-W-02,Women's Pile Crew Socks,Socks,Women,5.9,5.9,False,1,5.9,Card
BUG-20260604-0155,2,2026-06-04 22:57:56,Bugis,UND-W-01,Women's Airism Bikini Shorts,Underwear,Women,9.9,9.9,False,1,9.9,Card
BUG-20260604-0125,1,2026-06-04 20:41:57,Bugis,SOK-W-02,Women's Pile Crew Socks,Socks,Women,5.9,5.9,False,1,5.9,NETS
PUN-20260604-0221,3,2026-06-04 16:58:50,Punggol,UND-M-02,Men's Cotton Blend Trunks,Underwear,Men,14.9,14.9,False,1,14.9,Cash
ORC-20260604-1151,3,2026-06-04 20:46:53,Orchard Central,TOP-W-02,Women's Ribbed Long Sleeve Turtleneck,Tops,Women,19.9,19.9,False,1,19.9,Card
PUN-20260604-0519,2,2026-06-04 14:10:08,Punggol,TOP-W-01,Women's Airism Cotton Crew Neck T-Shirt,Tops,WOMEN,14.9,14.9,False,1,14.9,NETS
ORC-20260604-1308,1,2026-06-04 18:59:52,Orchard Central,SOK-M-02,Men's Pile Crew Socks,Socks,Men,5.9,5.9,False,1,5.9,Card
ORC-20260604-0507,1,2026-06-04 18:42:17,Orchard Central,SOK-M-07,Men's Striped Crew Socks,Socks,Men,5.9,5.9,False,1,5.9,Card
ORC-20260604-0501,1,2026-06-04 11:21:01,Orchard Central,SOK-M-02,Men's Pile Crew Socks,Socks,Men,5.9,5.9,False,1,5.9,NETS
ORC-20260604-0965,2,2026-06-04 16:44:35,Orchard Central,SOK-M-02,Men's Pile Crew Socks,Socks,Men,5.9,5.9,False,1,5.9,CARD
PUN-20260604-0260,1,2026-06-04 17:09:16,Punggol,UND-M-03,Men's Airism Mesh Boxer Briefs,Underwear,men,14.9,14.9,False,1,14.9,Card
ORC-20260604-0097,1,2026-06-04 18:58:43,Orchard Central,UND-M-01,Men's Airism Boxer Briefs,Underwear,Men,14.9,14.9,False,1,14.9,NETS
ORC-20260604-0912,2,2026-06-04 20:34:35,Orchard Central,TOP-M-04,Men's Oxford Long Sleeve Shirt,Tops,Men,29.9,29.9,False,1,29.9,Paynow
PUN-20260604-0417,1,2026-06-04 18:41:58,Punggol,UND-W-03,Women's Cotton Blend Briefs,underwear,Women,9.9,9.9,False,1,9.9,NETS
PUN-20260604-0233,3,2026-06-04 14:08:06,Punggol,SOK-M-04,Men's Ribbed Crew Socks,Socks,Men,5.9,5.9,False,1,5.9,PayNow
BUG-20260604-0886,1,2026-06-04 17:21:48,Bugis,SOK-W-02,Women's Pile Crew Socks,Socks,Women,5.9,5.9,False,1,5.9,Card
ORC-20260604-1438,3,2026-06-04 15:40:16,Orchard Central,TOP-W-02,Women's Ribbed Long Sleeve Turtleneck,Tops,Women,19.9,19.9,False,1,19.9,PayNow
PUN-20260604-0273,1,2026-06-04 21:10:28,  Punggol  ,SOK-W-02,Women's Pile Crew Socks,Socks,Women,5.9,5.9,False,1,5.9,Card
BUG-20260604-0175,2,2026-06-04 18:14:28,Bugis,UND-W-01,Women's Airism Bikini Shorts,Underwear,Women,9.9,9.9,False,1,9.9,Card
ORC-20260604-0534,1,2026-06-04 21:12:53,Orchard Central,SOK-M-04,Men's Ribbed Crew Socks,Socks,Men,5.9,5.9,False,2,11.8,Card
PUN-20260604-0013,1,2026-06-04 11:13:28,Punggol,UND-W-01,Women's Airism Bikini Shorts,Underwear,Women,9.9,9.9,False,2,19.8,Card
ORC-20260604-0473,1,2026-06-04 17:23:47,Orchard Central,SOK-W-03,Women's Airism Low-Cut Socks,Socks,Women,5.9,5.9,False,1,5.9,CARD
ORC-20260604-0877,2,2026-06-04 20:50:03,Orchard Central,SOK-M-04,Men's Ribbed Crew Socks,Socks,Men,5.9,5.9,False,1,5.9,Card
BUG-20260604-0504,1,2026-06-04 15:26:38,Bugis,TOP-M-09,Men's Flannel Checked Long Sleeve Shirt,Tops,MEN,29.9,29.9,False,1,29.9,NETS
PUN-20260604-0477,1,2026-06-04 21:09:10,Punggol,UND-M-01,Men's Airism Boxer Briefs,Underwear,Men,14.9,14.9,False,1,14.9,Card
ORC-20260604-0542,1,2026-06-04 17:12:08,Orchard Central,SOK-M-07,Men's Striped Crew Socks,Socks,Men,5.9,5.9,False,1,5.9,Card
BUG-20260604-0554,1,2026-06-04 21:09:19,Bugis,TOP-W-01,Women's Airism Cotton Crew Neck T-Shirt,Tops,Women,14.9,14.9,False,1,14.9,Cash
PUN-20260604-0517,3,2026-06-04 21:00:44,Punggol,SOK-W-03,Women's Airism Low-Cut Socks,Socks,Women,5.9,5.9,False,1,5.9,PayNow
ORC-20260604-0835,2,2026-06-04 18:59:28,Orchard Central,UND-M-01,Men's Airism Boxer Briefs,Underwear,Men,14.9,14.9,False,1,14.9,Card
ORC-20260604-0722,1,2026-06-04 22:34:39,Orchard Central,UND-M-02,Men's Cotton Blend Trunks,Underwear,Men,14.9,14.9,False,1,14.9,PayNow
BUG-20260604-0736,1,2026-06-04 19:37:23,bugis,BTM-M-08,Men's Relaxed Fit Denim Shorts,Bottoms,Men,22.99,29.9,True,1,22.99,Card
PUN-20260604-0445,1,2026-06-04 15:59:54,Punggol,TOP-W-02,Women's Ribbed Long Sleeve Turtleneck,Tops,Women,19.9,19.9,False,1,19.9,NETS
ORC-20260604-0857,1,2026-06-04 13:39:11,Orchard Central,BTM-W-03,Women's Ezy Ankle Pants,Bottoms,Women,29.9,29.9,False,1,$29.9,PayNow
ORC-20260604-0870,1,2026-06-04 19:10:59,Orchard Central,UND-W-05,Women's Seamless Shorts,Underwear,Women,9.9,9.9,False,1,$9.9,Card
ORC-20260604-1443,1,2026-06-04 19:04:29,  Orchard Central  ,SOK-M-09,Men's No-Show Sneaker Socks,Socks,Men,4.11,5.9,True,1,4.11,Card
BUG-20260604-0474,1,2026-06-04 13:24:12,Bugis,SOK-W-01,Women's Ankle Socks 3-Pack,Socks,Women,14.9,14.9,False,1,14.9,NETS
BUG-20260604-0140,1,2026-06-04 16:09:04,bugis,SOK-M-04,Men's Ribbed Crew Socks,Socks,Men,5.9,5.9,False,1,5.9,Cash
ORC-20260604-0230,1,2026-06-04 22:23:05,Orchard Central,UND-W-03,Women's Cotton Blend Briefs,Underwear,Women,9.9,9.9,False,1,9.9,Cash
ORC-20260604-0143,1,2026-06-04 22:18:07,  Orchard Central  ,SOK-M-03,Men's Airism Low-Cut Socks,Socks,Men,5.9,5.9,False,1,5.9,PayNow
ORC-20260604-0873,1,2026-06-04 18:07:48,Orchard Central,SOK-M-02,Men's Pile Crew Socks,Socks,men,5.9,5.9,False,1,$5.9,Card
BUG-20260604-0029,2,2026-06-04 20:31:28,Bugis,TOP-W-01,Women's Airism Cotton Crew Neck T-Shirt,Tops,women,14.9,14.9,False,1,14.9,Card
ORC-20260604-0305,1,2026-06-04 18:34:07,Orchard Central,BTM-M-02,Men's Slim Fit Chino Trousers,Bottoms,Men,29.9,29.9,False,1,29.9,Card
ORC-20260604-0819,1,2026-06-04 20:31:02,Orchard Central,SOK-M-09,Men's No-Show Sneaker Socks,Socks,Men,4.11,5.9,True,1,4.11,PayNow
PUN-20260604-0314,3,2026-06-04 20:52:59,Punggol,TOP-M-01,Men's Airism Cotton Crew Neck T-Shirt,tops,Men,14.9,14.9,False,1,14.9,NETS
BUG-20260604-0112,1,2026-06-04 19:59:36,  Bugis  ,SOK-W-02,Women's Pile Crew Socks,Socks,Women,5.9,5.9,False,1,5.9,PayNow
BUG-20260604-0344,1,2026-06-04 16:57:18,Bugis,BTM-M-04,Men's Dry Stretch Shorts,Bottoms,Men,19.9,19.9,False,1,19.9,Card
ORC-20260604-0805,2,2026-06-04 11:54:22,Orchard Central,TOP-W-01,Women's Airism Cotton Crew Neck T-Shirt,Tops,Women,14.9,14.9,False,1,14.9,NETS
ORC-20260604-0765,1,2026-06-04 20:36:58,Orchard Central,BTM-M-01,Men's Ezy Ankle Pants,Bottoms,Men,29.9,29.9,False,1,29.9,PayNow
ORC-20260604-0258,1,2026-06-04 16:33:37,orchard central,UND-M-04,Men's Cotton Crew Neck Undershirt,Underwear,Men,14.9,14.9,False,2,29.8,Card
ORC-20260604-0372,2,2026-06-04 19:20:16,Orchard Central,UND-M-04,Men's Cotton Crew Neck Undershirt,Underwear,Men,14.9,14.9,False,1,14.9,PayNow
ORC-20260604-1204,2,2026-06-04 19:42:49,Orchard Central,UND-W-03,Women's Cotton Blend Briefs,underwear,Women,9.9,9.9,False,1,9.9,paynow
BUG-20260604-0216,2,2026-06-04 14:31:15,  Bugis  ,SOK-W-03,Women's Airism Low-Cut Socks,Socks,Women,5.9,5.9,False,1,5.9,Card
PUN-20260604-0563,2,2026-06-04 16:50:34,PUNGGOL,BTM-M-02,Men's Slim Fit Chino Trousers,Bottoms,Men,29.9,29.9,False,1,29.9,NETS
PUN-20260604-0514,2,2026-06-04 11:05:08,Punggol,SOK-W-02,Women's Pile Crew Socks,Socks,Women,5.9,5.9,False,1,5.9,PayNow
PUN-20260604-0038,1,2026-06-04 17:35:09,Punggol,UND-M-03,Men's Airism Mesh Boxer Briefs,Underwear,Men,14.9,14.9,False,1,14.9,card
ORC-20260604-0596,1,2026-06-04 15:05:37,Orchard Central,SOK-M-03,Men's Airism Low-Cut Socks,Socks,Men,5.9,5.9,False,1,5.9,Cash
BUG-20260604-0212,1,2026-06-04 22:46:04,bugis,SOK-W-10,Women's Wool Blend Socks,Socks,Women,9.9,9.9,False,1,9.9,NETS
ORC-20260604-0342,1,2026-06-04 20:33:23,orchard central,SOK-W-03,Women's Airism Low-Cut Socks,Socks,Women,5.9,5.9,False,1,$5.9,Cash
PUN-20260604-0003,3,2026-06-04 19:15:44,Punggol,SOK-W-04,Women's Ribbed Crew Socks,Socks,Women,5.9,5.9,False,1,5.9,Card
BUG-20260604-0663,1,2026-06-04 13:03:59,Bugis,SOK-W-04,Women's Ribbed Crew Socks,Socks,Women,5.9,5.9,False,1,$5.9,NETS
BUG-20260604-0045,2,2026-06-04 18:31:48,Bugis,UND-W-01,Women's Airism Bikini Shorts,Underwear,Women,9.9,9.9,False,1,9.9,Cash
ORC-20260604-0353,1,2026-06-04 12:45:10,Orchard Central,BTM-W-02,Women's High-Rise Wide Leg Pants,Bottoms,Women,39.9,39.9,False,1,39.9,NETS
ORC-20260604-0929,3,2026-06-04 13:47:52,Orchard Central,SOK-M-04,Men's Ribbed Crew Socks,Socks,Men,5.9,5.9,False,2,11.8,Card
PUN-20260604-0516,3,2026-06-04 16:11:12,Punggol,SOK-W-01,Women's Ankle Socks 3-Pack,Socks,women,14.9,14.9,False,2,29.8,Card
ORC-20260604-0405,1,2026-06-04 18:57:29,Orchard Central,UND-W-10,Women's Wireless Bralette,UNDERWEAR,Women,29.9,29.9,False,2,59.8,nets
BUG-20260604-0101,1,2026-06-04 20:12:31,Bugis,SOK-M-03,  Men's Airism Low-Cut Socks  ,Socks,Men,5.9,5.9,False,2,11.8,PayNow
ORC-20260604-0219,1,2026-06-04 17:27:32,Orchard Central,SOK-W-02,Women's Pile Crew Socks,SOCKS,Women,5.9,5.9,False,1,5.9,Card
ORC-20260604-1058,3,2026-06-04 20:06:09,Orchard Central,SOK-W-02,Women's Pile Crew Socks,Socks,women,5.9,5.9,False,1,5.9,
ORC-20260604-0693,1,2026-06-04 13:11:47,Orchard Central,SOK-W-02,Women's Pile Crew Socks,socks,Women,5.9,5.9,False,1,5.9,Cash
BUG-20260604-0369,1,2026-06-04 20:52:50,Bugis,SOK-W-10,Women's Wool Blend Socks,socks,Women,9.9,9.9,False,1,$9.9,PayNow
ORC-20260604-0358,1,2026-06-04 16:00:38,Orchard Central,SOK-M-04,Men's Ribbed Crew Socks,Socks,Men,5.9,5.9,False,1,5.9,Paynow
BUG-20260604-0846,2,2026-06-04 21:03:21,  Bugis  ,BTM-W-03,Women's Ezy Ankle Pants,Bottoms,Women,29.9,29.9,False,1,29.9,PayNow
ORC-20260604-0068,2,2026-06-04 15:51:03,Orchard Central,SOK-W-02,Women's Pile Crew Socks,Socks,Women,5.9,5.9,False,1,5.9,Card
BUG-20260604-0305,2,2026-06-04 19:16:51,Bugis,TOP-W-02,Women's Ribbed Long Sleeve Turtleneck,Tops,Women,19.9,19.9,False,1,19.9,Cash
BUG-20260604-0111,1,2026-06-04 18:33:36,Bugis,SOK-M-03,Men's Airism Low-Cut Socks,Socks,Men,5.9,5.9,False,1,5.9,Paynow
ORC-20260604-1335,3,2026-06-04 18:50:46,Orchard Central,BTM-W-04,Women's Denim Straight Jeans,BOTTOMS,Women,49.9,49.9,False,1,49.9,Card
PUN-20260604-0034,1,2026-06-04 13:58:34,Punggol,TOP-W-02,Women's Ribbed Long Sleeve Turtleneck,Tops,Women,19.9,19.9,False,1,19.9,PayNow
BUG-20260604-0887,1,2026-06-04 19:08:10,Bugis,SOK-W-01,Women's Ankle Socks 3-Pack,Socks,women,14.9,14.9,False,1,14.9,Card
PUN-20260604-0036,1,2026-06-04 17:06:28,Punggol,BTM-M-04,Men's Dry Stretch Shorts,bottoms,Men,19.9,19.9,False,1,19.9,Card
BUG-20260604-0271,1,2026-06-04 21:33:53,bugis,UND-M-04,Men's Cotton Crew Neck Undershirt,Underwear,Men,14.9,14.9,False,1,14.9,paynow
BUG-20260604-0444,1,2026-06-04 20:52:53,bugis,SOK-W-01,Women's Ankle Socks 3-Pack,Socks,Women,14.9,14.9,False,1,14.9,Card
PUN-20260604-0309,3,2026-06-04 12:10:11,Punggol,SOK-M-04,Men's Ribbed Crew Socks,Socks,men,5.9,5.9,False,1,5.9,Card
BUG-20260604-0027,3,2026-06-04 18:46:37,Bugis,SOK-M-02,Men's Pile Crew Socks,Socks,Men,5.9,5.9,False,1,5.9,NETS
BUG-20260604-0156,2,2026-06-04 21:00:45,Bugis,UND-W-01,Women's Airism Bikini Shorts,Underwear,Women,9.9,9.9,False,1,9.9,Cash
ORC-20260604-0516,1,2026-06-04 22:13:29,Orchard Central,SOK-W-02,Women's Pile Crew Socks,Socks,Women,5.9,5.9,False,1,5.9,NETS
BUG-20260604-0751,2,2026-06-04 20:02:58,bugis,SOK-W-02,Women's Pile Crew Socks,Socks,Women,5.9,5.9,False,1,$5.9,Card
PUN-20260604-0544,2,2026-06-04 19:30:02,Punggol,UND-W-03,Women's Cotton Blend Briefs,Underwear,Women,$9.9,9.9,False,1,9.9,Card
BUG-20260604-0218,1,2026-06-04 15:23:11,  Bugis  ,UND-M-01,Men's Airism Boxer Briefs,Underwear,Men,14.9,14.9,False,1,14.9,Card
BUG-20260604-0501,1,2026-06-04 20:24:55,Bugis,SOK-W-04,  Women's Ribbed Crew Socks  ,Socks,Women,5.9,5.9,False,1,5.9,NETS
ORC-20260604-0378,1,2026-06-04 21:44:11,Orchard Central,SOK-W-06,Women's Heattech Socks,Socks,Women,9.9,9.9,False,1,9.9,card
BUG-20260604-0370,2,2026-06-04 11:32:10,Bugis,SOK-M-02,Men's Pile Crew Socks,Socks,Men,5.9,5.9,False,1,5.9,Card
BUG-20260604-0339,1,2026-06-04 15:19:59,Bugis,TOP-M-04,Men's Oxford Long Sleeve Shirt,Tops,men,29.9,29.9,False,1,29.9,Card
ORC-20260604-0465,1,2026-06-04 19:13:04,Orchard Central,BTM-M-04,Men's Dry Stretch Shorts,Bottoms,Men,19.9,19.9,False,1,19.9,Cash
ORC-20260604-1451,2,2026-06-04 16:58:23,Orchard Central,SOK-M-01,Men's Ankle Socks 3-Pack,Socks,Men,14.9,14.9,False,1,14.9,nets
BUG-20260604-0432,3,2026-06-04 18:09:38,Bugis,SOK-W-02,Women's Pile Crew Socks,Socks,Women,5.9,5.9,False,2,11.8,Card
ORC-20260604-0456,2,2026-06-04 19:13:38,Orchard Central,SOK-M-01,Men's Ankle Socks 3-Pack,Socks,Men,14.9,14.9,False,1,14.9,paynow
BUG-20260604-0583,3,2026-06-04 22:01:05,Bugis,SOK-W-04,Women's Ribbed Crew Socks,Socks,Women,$5.9,5.9,False,1,5.9,NETS
ORC-20260604-0681,2,2026-06-04 17:48:10,orchard central,TOP-W-01,Women's Airism Cotton Crew Neck T-Shirt,Tops,women,14.9,14.9,False,1,14.9,PayNow
BUG-20260604-0616,1,2026-06-04 21:25:48,Bugis,SOK-M-03,Men's Airism Low-Cut Socks,Socks,Men,5.9,5.9,False,2,11.8,Card
ORC-20260604-1082,1,2026-06-04 18:22:08,  Orchard Central  ,SOK-M-04,Men's Ribbed Crew Socks,Socks,Men,5.9,5.9,False,2,11.8,Card
PUN-20260604-0031,2,2026-06-04 17:13:35,Punggol,SOK-W-04,Women's Ribbed Crew Socks,Socks,Women,5.9,5.9,False,1,5.9,Card
PUN-20260604-0494,1,2026-06-04 19:09:33,Punggol,TOP-M-01,Men's Airism Cotton Crew Neck T-Shirt,Tops,Men,14.9,14.9,False,1,14.9,NETS
PUN-20260604-0121,2,2026-06-04 16:27:23,Punggol,SOK-W-02,Women's Pile Crew Socks,Socks,Women,5.9,5.9,False,1,5.9,PayNow
ORC-20260604-0804,2,2026-06-04 13:39:46,Orchard Central,TOP-M-04,Men's Oxford Long Sleeve Shirt,Tops,men,29.9,29.9,False,1,29.9,Card
PUN-20260604-0298,1,2026-06-04 14:27:29,Punggol,TOP-M-03,Men's Dry-EX Crew Neck T-Shirt,Tops,men,19.9,19.9,False,1,19.9,Card
BUG-20260604-0297,1,2026-06-04 18:24:01,Bugis,BTM-M-04,Men's Dry Stretch Shorts,BOTTOMS,Men,19.9,19.9,False,1,19.9,Card
ORC-20260604-0898,3,2026-06-04 18:35:18,Orchard Central,BTM-W-03,  Women's Ezy Ankle Pants  ,Bottoms,Women,29.9,29.9,False,1,29.9,Card
BUG-20260604-0034,2,2026-06-04 11:18:26,Bugis,SOK-W-04,Women's Ribbed Crew Socks,Socks,WOMEN,5.9,5.9,False,2,$11.8,Card
ORC-20260604-0573,2,2026-06-04 19:44:00,ORCHARD CENTRAL,UND-M-01,Men's Airism Boxer Briefs,Underwear,Men,14.9,14.9,False,1,14.9,PayNow
ORC-20260604-1059,2,2026-06-04 18:33:58,Orchard Central,SOK-M-04,Men's Ribbed Crew Socks,Socks,Men,5.9,5.9,False,1,5.9,Cash
ORC-20260604-0924,1,2026-06-04 20:23:21,Orchard Central,TOP-M-04,Men's Oxford Long Sleeve Shirt,Tops,Men,29.9,29.9,False,1,29.9,PayNow
ORC-20260604-0267,1,2026-06-04 20:17:16,Orchard Central,BTM-W-01,Women's Ultra Stretch Skinny Jeans,Bottoms,women,$39.9,39.9,False,1,39.9,Card
BUG-20260604-0556,2,2026-06-04 16:43:16,Bugis,SOK-W-04,Women's Ribbed Crew Socks,Socks,Women,5.9,5.9,False,2,11.8,Card
ORC-20260604-0732,1,2026-06-04 14:53:01,Orchard Central,SOK-W-03,Women's Airism Low-Cut Socks,Socks,Women,5.9,5.9,False,1,5.9,Card
PUN-20260604-0419,1,2026-06-04 14:55:07,Punggol,BTM-W-06,Women's Jersey Jogger Pants,Bottoms,Women,21.94,29.9,True,1,21.94,Card
PUN-20260604-0348,1,2026-06-04 18:20:23,Punggol,SOK-W-07,Women's Striped Crew Socks,Socks,Women,5.9,5.9,False,1,5.9,Card
PUN-20260604-0554,1,2026-06-04 16:46:39,  Punggol  ,SOK-W-04,Women's Ribbed Crew Socks,Socks,Women,5.9,5.9,False,1,5.9,PAYNOW
BUG-20260604-0160,1,2026-06-04 20:13:31,Bugis,TOP-W-01,  Women's Airism Cotton Crew Neck T-Shirt  ,Tops,Women,14.9,14.9,False,1,14.9,CASH
PUN-20260604-0215,1,2026-06-04 14:47:09,Punggol,SOK-M-03,Men's Airism Low-Cut Socks,Socks,Men,5.9,5.9,False,1,5.9,Nets
BUG-20260604-0644,1,2026-06-04 17:43:47,BUGIS,UND-W-03,Women's Cotton Blend Briefs,Underwear,Women,9.9,9.9,False,1,9.9,Card
ORC-20260604-1080,1,2026-06-04 12:44:37,Orchard Central,BTM-M-04,Men's Dry Stretch Shorts,Bottoms,Men,19.9,19.9,False,1,19.9,PayNow
BUG-20260604-0411,3,2026-06-04 17:28:04,Bugis,TOP-W-02,Women's Ribbed Long Sleeve Turtleneck,TOPS,Women,19.9,19.9,False,1,19.9,Card
ORC-20260604-0671,1,2026-06-04 18:25:14,Orchard Central,UND-M-03,Men's Airism Mesh Boxer Briefs,UNDERWEAR,Men,14.9,14.9,False,1,14.9,PayNow
BUG-20260604-0648,1,2026-06-04 12:13:45,Bugis,SOK-M-02,  Men's Pile Crew Socks  ,Socks,Men,5.9,5.9,False,1,5.9,PayNow
BUG-20260604-0173,1,2026-06-04 18:35:33,Bugis,SOK-M-01,Men's Ankle Socks 3-Pack,Socks,Men,$14.9,14.9,False,2,29.8,Card
BUG-20260604-0470,3,2026-06-04 20:48:10,Bugis,UND-W-01,Women's Airism Bikini Shorts,Underwear,Women,9.9,9.9,False,1,9.9,PayNow
PUN-20260604-0195,3,2026-06-04 17:48:22,Punggol,BTM-W-03,Women's Ezy Ankle Pants,Bottoms,Women,29.9,29.9,False,1,29.9,
PUN-20260604-0116,3,2026-06-04 18:44:02,Punggol,SOK-M-02,Men's Pile Crew Socks,Socks,MEN,5.9,5.9,False,1,5.9,Card
ORC-20260604-0691,2,2026-06-04 20:19:16,Orchard Central,SOK-W-02,Women's Pile Crew Socks,SOCKS,Women,5.9,5.9,False,1,5.9,Card
PUN-20260604-0038,2,2026-06-04 17:35:09,Punggol,SOK-M-04,  Men's Ribbed Crew Socks  ,Socks,Men,5.9,5.9,False,1,5.9,Card
ORC-20260604-1153,2,2026-06-04 11:50:27,Orchard Central,SOK-M-04,Men's Ribbed Crew Socks,SOCKS,Men,5.9,5.9,False,2,11.8,card
ORC-20260604-1315,1,2026-06-04 18:53:09,ORCHARD CENTRAL,SOK-M-02,Men's Pile Crew Socks,Socks,Men,5.9,5.9,False,2,11.8,Card
ORC-20260604-0484,2,2026-06-04 12:28:32,Orchard Central,UND-M-01,Men's Airism Boxer Briefs,Underwear,Men,14.9,14.9,False,2,29.8,Card
ORC-20260604-0087,3,2026-06-04 22:51:53,Orchard Central,UND-M-03,Men's Airism Mesh Boxer Briefs,Underwear,Men,14.9,14.9,False,1,14.9,NETS
ORC-20260604-0100,1,2026-06-04 18:08:38,Orchard Central,TOP-M-02,Men's Supima Cotton Polo Shirt,tops,Men,29.9,29.9,False,1,29.9,Card
ORC-20260604-0808,2,2026-06-04 16:03:26,Orchard Central,TOP-M-02,Men's Supima Cotton Polo Shirt,Tops,Men,29.9,29.9,False,1,29.9,Nets
ORC-20260604-0826,3,2026-06-04 19:34:36,Orchard Central,TOP-M-01,Men's Airism Cotton Crew Neck T-Shirt,Tops,Men,$14.9,14.9,False,1,14.9,Card
ORC-20260604-1433,2,2026-06-04 17:39:35,  Orchard Central  ,SOK-M-04,Men's Ribbed Crew Socks,Socks,Men,5.9,5.9,False,1,5.9,paynow
PUN-20260604-0179,1,2026-06-04 19:00:53,punggol,UND-W-04,Women's Airism T-Shirt Bra,Underwear,WOMEN,29.9,29.9,False,1,29.9,NETS
ORC-20260604-0533,1,2026-06-04 21:43:09,Orchard Central,SOK-M-04,Men's Ribbed Crew Socks,Socks,Men,5.9,5.9,False,2,11.8,Card
BUG-20260604-0275,1,2026-06-04 13:51:55,Bugis,TOP-M-01,Men's Airism Cotton Crew Neck T-Shirt,Tops,Men,14.9,14.9,False,1,14.9,Card
ORC-20260604-1138,2,2026-06-04 21:29:56,Orchard Central,SOK-M-07,Men's Striped Crew Socks,Socks,Men,5.9,5.9,False,1,5.9,PayNow
PUN-20260604-0506,3,2026-06-04 19:23:40,Punggol,SOK-W-04,Women's Ribbed Crew Socks,Socks,Women,5.9,5.9,False,1,5.9,PAYNOW
BUG-20260604-0605,1,2026-06-04 21:21:03,bugis,TOP-W-01,Women's Airism Cotton Crew Neck T-Shirt,Tops,Women,14.9,14.9,False,1,14.9,PayNow
ORC-20260604-1450,2,2026-06-04 16:15:50,orchard central,UND-M-02,Men's Cotton Blend Trunks,Underwear,Men,14.9,14.9,False,1,14.9,Card
ORC-20260604-1278,2,2026-06-04 21:41:37,Orchard Central,UND-M-02,Men's Cotton Blend Trunks,Underwear,men,14.9,14.9,False,1,14.9,NETS
ORC-20260604-1402,1,2026-06-04 19:26:21,Orchard Central,SOK-M-03,Men's Airism Low-Cut Socks,Socks,Men,5.9,5.9,False,1,5.9,NETS
ORC-20260604-0651,1,2026-06-04 19:59:31,Orchard Central,SOK-M-04,Men's Ribbed Crew Socks,SOCKS,men,5.9,5.9,False,1,5.9,Card
BUG-20260604-0312,2,2026-06-04 11:43:27,Bugis,SOK-W-04,Women's Ribbed Crew Socks,Socks,Women,5.9,5.9,False,1,5.9,PayNow
ORC-20260604-1348,1,2026-06-04 20:39:34,Orchard Central,BTM-M-03,Men's Selvedge Regular Fit Jeans,Bottoms,MEN,59.9,59.9,False,1,59.9,Card
ORC-20260604-0737,1,2026-06-04 20:50:43,Orchard Central,UND-M-01,Men's Airism Boxer Briefs,Underwear,Men,14.9,14.9,False,1,14.9,Card
BUG-20260604-0028,2,2026-06-04 11:05:26,Bugis,BTM-M-04,Men's Dry Stretch Shorts,Bottoms,Men,19.9,19.9,False,1,19.9,Card
ORC-20260604-0880,1,2026-06-04 18:21:23,ORCHARD CENTRAL,SOK-W-02,Women's Pile Crew Socks,Socks,Women,5.9,5.9,False,1,5.9,NETS
BUG-20260604-0217,3,2026-06-04 20:05:04,  Bugis  ,TOP-W-03,Women's Silky Satin Blouse,Tops,Women,39.9,39.9,False,1,39.9,Card
BUG-20260604-0453,3,2026-06-04 19:26:17,Bugis,BTM-W-01,Women's Ultra Stretch Skinny Jeans,Bottoms,Women,39.9,39.9,False,1,39.9,Cash
PUN-20260604-0193,3,2026-06-04 18:46:34,Punggol,UND-W-01,Women's Airism Bikini Shorts,Underwear,Women,9.9,9.9,False,1,9.9,card
PUN-20260604-0316,3,2026-06-04 17:01:37,Punggol,SOK-W-07,Women's Striped Crew Socks,Socks,women,5.9,5.9,False,1,5.9,NETS
BUG-20260604-0724,1,2026-06-04 17:54:29,Bugis,UND-M-04,Men's Cotton Crew Neck Undershirt,Underwear,men,14.9,14.9,False,1,14.9,PayNow
ORC-20260604-0932,2,2026-06-04 20:39:12,Orchard Central,SOK-W-09,Women's No-Show Sneaker Socks,Socks,Women,5.9,5.9,False,1,5.9,Card
ORC-20260604-1413,2,2026-06-04 15:47:07,Orchard Central,BTM-W-01,Women's Ultra Stretch Skinny Jeans,Bottoms,Women,39.9,39.9,False,1,39.9,NETS
BUG-20260604-0194,1,2026-06-04 13:48:54,Bugis,SOK-W-04,Women's Ribbed Crew Socks,Socks,Women,5.9,5.9,False,1,5.9,Cash
ORC-20260604-1226,2,2026-06-04 19:37:10,Orchard Central,SOK-M-07,Men's Striped Crew Socks,Socks,Men,5.9,5.9,False,1,5.9,PayNow
BUG-20260604-0348,1,2026-06-04 19:23:41,  BUGIS  ,SOK-W-02,Women's Pile Crew Socks,Socks,WOMEN,5.9,5.9,False,1,5.9,Card
BUG-20260604-0830,1,2026-06-04 19:33:55,Bugis,BTM-M-04,Men's Dry Stretch Shorts,bottoms,Men,19.9,19.9,False,1,19.9,PayNow
ORC-20260604-1254,1,2026-06-04 20:26:14,Orchard Central,TOP-W-01,Women's Airism Cotton Crew Neck T-Shirt,Tops,Women,14.9,14.9,False,1,14.9,Card
ORC-20260604-0056,1,2026-06-04 21:06:12,Orchard Central,TOP-W-02,Women's Ribbed Long Sleeve Turtleneck,TOPS,Women,19.9,19.9,False,1,19.9,Cash
ORC-20260604-1207,3,2026-06-04 20:40:40,Orchard Central,TOP-W-01,Women's Airism Cotton Crew Neck T-Shirt,tops,Women,14.9,14.9,False,1,14.9,CASH
ORC-20260604-1020,1,2026-06-04 13:24:01,Orchard Central,TOP-M-01,Men's Airism Cotton Crew Neck T-Shirt,Tops,Men,14.9,14.9,False,1,14.9,PayNow
BUG-20260604-0523,2,2026-06-04 20:26:17,  Bugis  ,UND-M-03,Men's Airism Mesh Boxer Briefs,Underwear,Men,14.9,14.9,False,1,14.9,Nets
ORC-20260604-1224,1,2026-06-04 20:37:19,ORCHARD CENTRAL,SOK-M-02,Men's Pile Crew Socks,socks,Men,5.9,5.9,False,1,5.9,NETS
BUG-20260604-0566,3,2026-06-04 22:29:11,Bugis,UND-W-01,Women's Airism Bikini Shorts,UNDERWEAR,Women,9.9,9.9,False,2,19.8,Card
PUN-20260604-0509,2,2026-06-04 20:43:57,Punggol,TOP-M-02,Men's Supima Cotton Polo Shirt,Tops,Men,29.9,29.9,False,1,29.9,Card
ORC-20260604-0622,1,2026-06-04 19:30:52,Orchard Central,TOP-M-04,Men's Oxford Long Sleeve Shirt,Tops,MEN,29.9,29.9,False,1,29.9,Card
PUN-20260604-0530,3,2026-06-04 20:51:48,PUNGGOL,BTM-M-01,Men's Ezy Ankle Pants,bottoms,Men,29.9,29.9,False,1,29.9,Card
PUN-20260604-0565,1,2026-06-04 13:12:53,Punggol,TOP-W-03,Women's Silky Satin Blouse,Tops,Women,39.9,39.9,False,1,39.9,NETS
BUG-20260604-0736,2,2026-06-04 19:37:23,Bugis,UND-W-01,  Women's Airism Bikini Shorts  ,Underwear,Women,9.9,9.9,False,1,9.9,Card
ORC-20260604-0357,1,2026-06-04 22:05:40,orchard central,TOP-W-02,Women's Ribbed Long Sleeve Turtleneck,TOPS,Women,19.9,19.9,False,1,19.9,PayNow
ORC-20260604-1133,1,2026-06-04 17:37:41,orchard central,SOK-M-04,Men's Ribbed Crew Socks,Socks,Men,5.9,5.9,False,1,5.9,Card
PUN-20260604-0371,1,2026-06-04 18:49:42,Punggol,SOK-M-01,Men's Ankle Socks 3-Pack,Socks,Men,14.9,14.9,False,1,14.9,Card
BUG-20260604-0883,1,2026-06-04 20:55:23,Bugis,SOK-M-03,Men's Airism Low-Cut Socks,Socks,Men,5.9,5.9,False,1,5.9,Card
BUG-20260604-0261,2,2026-06-04 12:01:58,Bugis,SOK-W-01,Women's Ankle Socks 3-Pack,Socks,women,14.9,14.9,False,1,14.9,Card
ORC-20260604-0753,2,2026-06-04 16:02:25,Orchard Central,UND-M-04,Men's Cotton Crew Neck Undershirt,Underwear,Men,14.9,14.9,False,1,14.9,Card
ORC-20260604-0451,1,2026-06-04 21:25:14,Orchard Central,SOK-M-03,Men's Airism Low-Cut Socks,Socks,Men,5.9,5.9,False,1,5.9,PayNow
PUN-20260604-0095,2,2026-06-04 18:36:06,Punggol,SOK-M-01,Men's Ankle Socks 3-Pack,Socks,MEN,14.9,14.9,False,1,14.9,NETS
ORC-20260604-0083,1,2026-06-04 22:50:56,Orchard Central,BTM-W-02,Women's High-Rise Wide Leg Pants,Bottoms,Women,39.9,39.9,False,1,$39.9,Card
BUG-20260604-0854,2,2026-06-04 20:24:43,Bugis,TOP-W-09,Women's Drape Sleeveless Top,tops,Women,19.9,19.9,False,1,19.9,PayNow
PUN-20260604-0580,2,2026-06-04 18:16:16,Punggol,TOP-W-02,Women's Ribbed Long Sleeve Turtleneck,Tops,Women,19.9,19.9,False,1,19.9,Card
BUG-20260604-0430,1,2026-06-04 21:56:54,Bugis,SOK-W-04,Women's Ribbed Crew Socks,Socks,Women,5.9,5.9,False,1,5.9,PayNow
ORC-20260604-0392,3,2026-06-04 19:03:14,Orchard Central,TOP-M-03,Men's Dry-EX Crew Neck T-Shirt,Tops,Men,19.9,19.9,False,1,19.9,Card
PUN-20260604-0495,2,2026-06-04 21:11:35,Punggol,SOK-W-03,Women's Airism Low-Cut Socks,Socks,Women,5.9,5.9,False,1,5.9,NETS
ORC-20260604-1020,3,2026-06-04 13:24:01,Orchard Central,UND-M-04,Men's Cotton Crew Neck Undershirt,UNDERWEAR,men,14.9,14.9,False,1,14.9,PayNow
ORC-20260604-0978,1,2026-06-04 19:09:27,Orchard Central,SOK-W-03,Women's Airism Low-Cut Socks,socks,Women,5.9,5.9,False,1,5.9,Card
PUN-20260604-0324,1,2026-06-04 21:44:10,Punggol,SOK-W-04,Women's Ribbed Crew Socks,Socks,Women,5.9,5.9,False,1,5.9,NETS
ORC-20260604-0111,2,2026-06-04 17:50:06,Orchard Central,SOK-M-02,Men's Pile Crew Socks,SOCKS,men,5.9,5.9,False,1,5.9,Card
PUN-20260604-0470,2,2026-06-04 13:49:33,Punggol,SOK-W-04,Women's Ribbed Crew Socks,Socks,Women,5.9,5.9,False,1,5.9,Cash
ORC-20260604-0416,1,2026-06-04 16:48:41,ORCHARD CENTRAL,SOK-M-04,Men's Ribbed Crew Socks,Socks,Men,5.9,5.9,False,2,11.8,Card
ORC-20260604-0712,2,2026-06-04 19:18:39,  Orchard Central  ,SOK-M-09,Men's No-Show Sneaker Socks,Socks,Men,4.11,5.9,True,1,4.11,NETS
BUG-20260604-0883,3,2026-06-04 20:55:23,bugis,UND-W-01,Women's Airism Bikini Shorts,underwear,Women,9.9,9.9,False,1,9.9,Card
BUG-20260604-0207,2,2026-06-04 17:58:41,Bugis,SOK-W-03,Women's Airism Low-Cut Socks,Socks,Women,5.9,5.9,False,1,5.9,PayNow
BUG-20260604-0630,1,2026-06-04 11:59:54,Bugis,TOP-M-01,Men's Airism Cotton Crew Neck T-Shirt,Tops,Men,14.9,14.9,False,1,$14.9,Cash
PUN-20260604-0354,2,2026-06-04 16:29:06,Punggol,SOK-M-01,Men's Ankle Socks 3-Pack,Socks,Men,14.9,14.9,False,2,29.8,Card
PUN-20260604-0147,2,2026-06-04 19:05:27,Punggol,SOK-W-01,Women's Ankle Socks 3-Pack,Socks,Women,14.9,14.9,False,1,14.9,Cash
PUN-20260604-0116,2,2026-06-04 18:44:02,punggol,UND-W-03,Women's Cotton Blend Briefs,Underwear,Women,9.9,9.9,False,1,9.9,Card
BUG-20260604-0499,1,2026-06-04 17:51:26,Bugis,SOK-M-03,Men's Airism Low-Cut Socks,Socks,Men,5.9,5.9,False,1,5.9,Card
ORC-20260604-0047,2,2026-06-04 17:01:55,Orchard Central,BTM-M-01,Men's Ezy Ankle Pants,Bottoms,Men,29.9,29.9,False,1,29.9,Card
ORC-20260604-0079,2,2026-06-04 20:42:36,Orchard Central,SOK-M-03,Men's Airism Low-Cut Socks,Socks,Men,5.9,5.9,False,1,5.9,PayNow
ORC-20260604-1113,1,2026-06-04 16:25:44,Orchard Central,SOK-M-02,Men's Pile Crew Socks,Socks,Men,5.9,5.9,False,1,5.9,Card
PUN-20260604-0576,2,2026-06-04 18:29:52,Punggol,SOK-M-01,  Men's Ankle Socks 3-Pack  ,Socks,Men,14.9,14.9,False,1,14.9,PayNow
ORC-20260604-0015,1,2026-06-04 19:13:07,Orchard Central,UND-M-01,Men's Airism Boxer Briefs,Underwear,Men,14.9,14.9,False,1,14.9,Card
BUG-20260604-0303,1,2026-06-04 19:13:15,BUGIS,SOK-W-02,Women's Pile Crew Socks,Socks,Women,5.9,5.9,False,1,5.9,NETS
ORC-20260604-1192,1,2026-06-04 20:38:20,Orchard Central,UND-M-02,  Men's Cotton Blend Trunks  ,Underwear,Men,14.9,14.9,False,1,14.9,
BUG-20260604-0238,1,2026-06-04 18:40:34,Bugis,SOK-W-02,Women's Pile Crew Socks,Socks,Women,$5.9,5.9,False,1,5.9,PayNow
ORC-20260604-1397,2,2026-06-04 20:58:58,Orchard Central,SOK-W-03,Women's Airism Low-Cut Socks,Socks,Women,5.9,5.9,False,1,5.9,
BUG-20260604-0202,1,2026-06-04 18:57:27,Bugis,SOK-W-01,Women's Ankle Socks 3-Pack,Socks,Women,14.9,14.9,False,1,14.9,PAYNOW
ORC-20260604-1424,1,2026-06-04 21:32:50,orchard central,BTM-W-04,Women's Denim Straight Jeans,Bottoms,Women,49.9,49.9,False,1,49.9,Cash
PUN-20260604-0222,3,2026-06-04 20:25:28,Punggol,UND-M-03,  Men's Airism Mesh Boxer Briefs  ,Underwear,men,14.9,14.9,False,1,14.9,NETS
ORC-20260604-0761,1,2026-06-04 20:46:01,Orchard Central,UND-M-03,  Men's Airism Mesh Boxer Briefs  ,Underwear,Men,14.9,14.9,False,1,14.9,NETS
PUN-20260604-0014,2,2026-06-04 16:22:00,Punggol,BTM-W-02,Women's High-Rise Wide Leg Pants,Bottoms,Women,39.9,39.9,False,1,39.9,Card
ORC-20260604-0296,2,2026-06-04 20:49:10,Orchard Central,SOK-W-02,Women's Pile Crew Socks,Socks,Women,5.9,5.9,False,2,11.8,PayNow
BUG-20260604-0117,1,2026-06-04 19:49:25,BUGIS,SOK-W-03,Women's Airism Low-Cut Socks,SOCKS,Women,5.9,5.9,False,1,5.9,PayNow
ORC-20260604-1010,1,2026-06-04 15:34:25,  Orchard Central  ,UND-M-01,Men's Airism Boxer Briefs,Underwear,Men,14.9,14.9,False,1,14.9,Card
ORC-20260604-0020,3,2026-06-04 20:25:58,Orchard Central,UND-M-02,Men's Cotton Blend Trunks,Underwear,Men,14.9,14.9,False,1,14.9,NETS
BUG-20260604-0189,1,2026-06-04 12:54:38,Bugis,BTM-W-02,Women's High-Rise Wide Leg Pants,Bottoms,women,39.9,39.9,False,1,39.9,CASH
PUN-20260604-0321,1,2026-06-04 16:49:11,punggol,SOK-W-03,Women's Airism Low-Cut Socks,Socks,Women,5.9,5.9,False,1,5.9,Card
ORC-20260604-1207,1,2026-06-04 20:40:40,orchard central,SOK-W-05,Women's Sport Ankle Socks,Socks,Women,5.9,5.9,False,1,5.9,Cash
BUG-20260604-0887,2,2026-06-04 19:08:10,Bugis,SOK-W-06,Women's Heattech Socks,SOCKS,Women,9.9,9.9,False,1,9.9,CARD
BUG-20260604-0352,2,2026-06-04 20:50:16,Bugis,BTM-M-01,Men's Ezy Ankle Pants,Bottoms,Men,29.9,29.9,False,1,29.9,Card
ORC-20260604-0090,2,2026-06-04 17:46:50,Orchard Central,BTM-M-02,Men's Slim Fit Chino Trousers,Bottoms,Men,29.9,29.9,False,1,29.9,Card
BUG-20260604-0773,1,2026-06-04 18:44:16,Bugis,TOP-W-01,Women's Airism Cotton Crew Neck T-Shirt,Tops,women,14.9,14.9,False,1,14.9,NETS
ORC-20260604-1384,3,2026-06-04 16:00:27,Orchard Central,UND-W-04,Women's Airism T-Shirt Bra,Underwear,Women,29.9,29.9,False,2,59.8,Card
BUG-20260604-0881,2,2026-06-04 22:19:00,Bugis,SOK-W-04,Women's Ribbed Crew Socks,Socks,Women,5.9,5.9,False,2,11.8,Card
PUN-20260604-0094,3,2026-06-04 17:47:50,  Punggol  ,SOK-W-01,Women's Ankle Socks 3-Pack,Socks,Women,14.9,14.9,False,1,14.9,NETS
BUG-20260604-0534,3,2026-06-04 12:25:05,Bugis,SOK-W-04,Women's Ribbed Crew Socks,Socks,women,5.9,5.9,False,1,5.9,PayNow
ORC-20260604-0934,2,2026-06-04 20:15:55,Orchard Central,TOP-M-01,Men's Airism Cotton Crew Neck T-Shirt,Tops,Men,14.9,14.9,False,1,14.9,Cash
ORC-20260604-1392,2,2026-06-04 13:21:09,Orchard Central,SOK-M-04,Men's Ribbed Crew Socks,Socks,Men,5.9,5.9,False,1,5.9,card
ORC-20260604-0009,2,2026-06-04 17:39:40,ORCHARD CENTRAL,SOK-W-03,Women's Airism Low-Cut Socks,Socks,women,5.9,5.9,False,1,5.9,Cash
BUG-20260604-0187,1,2026-06-04 21:08:39,Bugis,SOK-M-04,Men's Ribbed Crew Socks,SOCKS,Men,5.9,5.9,False,1,5.9,PayNow
PUN-20260604-0429,1,2026-06-04 17:36:13,Punggol,TOP-M-03,Men's Dry-EX Crew Neck T-Shirt,Tops,Men,19.9,19.9,False,1,19.9,PayNow
ORC-20260604-0721,1,2026-06-04 22:55:36,ORCHARD CENTRAL,SOK-W-02,  Women's Pile Crew Socks  ,Socks,Women,5.9,5.9,False,1,5.9,Card
BUG-20260604-0394,1,2026-06-04 19:59:11,BUGIS,UND-W-03,Women's Cotton Blend Briefs,Underwear,Women,9.9,9.9,False,1,9.9,NETS
PUN-20260604-0373,1,2026-06-04 17:50:37,PUNGGOL,SOK-W-07,Women's Striped Crew Socks,Socks,WOMEN,5.9,5.9,False,1,5.9,Card
BUG-20260604-0127,1,2026-06-04 11:02:53,Bugis,SOK-W-02,Women's Pile Crew Socks,socks,Women,5.9,5.9,False,1,5.9,card
ORC-20260604-1087,2,2026-06-04 13:26:54,Orchard Central,SOK-M-02,Men's Pile Crew Socks,SOCKS,men,5.9,5.9,False,1,5.9,Cash
BUG-20260604-0696,1,2026-06-04 14:55:21,  Bugis  ,BTM-M-08,  Men's Relaxed Fit Denim Shorts  ,Bottoms,Men,22.99,29.9,True,1,22.99,NETS
PUN-20260604-0228,2,2026-06-04 20:17:46,PUNGGOL,SOK-M-02,Men's Pile Crew Socks,Socks,Men,5.9,5.9,False,2,11.8,PayNow
BUG-20260604-0799,1,2026-06-04 19:32:36,Bugis,SOK-W-03,Women's Airism Low-Cut Socks,Socks,Women,5.9,5.9,False,1,5.9,NETS
ORC-20260604-0789,2,2026-06-04 16:32:03,  Orchard Central  ,BTM-M-04,Men's Dry Stretch Shorts,Bottoms,MEN,19.9,19.9,False,1,19.9,PayNow
ORC-20260604-1448,3,2026-06-04 19:17:53,Orchard Central,TOP-M-01,Men's Airism Cotton Crew Neck T-Shirt,Tops,Men,14.9,14.9,False,1,14.9,PayNow
BUG-20260604-0245,1,2026-06-04 11:42:07,Bugis,SOK-M-03,Men's Airism Low-Cut Socks,Socks,MEN,5.9,5.9,False,1,5.9,NETS
BUG-20260604-0139,2,2026-06-04 20:40:26,Bugis,SOK-M-02,Men's Pile Crew Socks,Socks,Men,5.9,5.9,False,1,5.9,Cash
ORC-20260604-0647,2,2026-06-04 19:41:57,Orchard Central,TOP-M-04,Men's Oxford Long Sleeve Shirt,Tops,Men,29.9,29.9,False,1,29.9,CARD
ORC-20260604-0962,1,2026-06-04 15:44:38,Orchard Central,SOK-M-03,Men's Airism Low-Cut Socks,Socks,Men,5.9,5.9,False,2,11.8,PayNow
ORC-20260604-0612,2,2026-06-04 18:52:59,  Orchard Central  ,UND-M-05,Men's Seamless Boxer Briefs,Underwear,Men,14.9,14.9,False,1,14.9,PayNow
BUG-20260604-0617,3,2026-06-04 20:48:25,Bugis,SOK-W-02,Women's Pile Crew Socks,Socks,Women,5.9,5.9,False,1,5.9,Card
BUG-20260604-0628,1,2026-06-04 19:19:15,Bugis,BTM-W-01,Women's Ultra Stretch Skinny Jeans,Bottoms,Women,39.9,39.9,False,1,39.9,Card
ORC-20260604-1459,1,2026-06-04 20:31:58,Orchard Central,SOK-M-09,Men's No-Show Sneaker Socks,Socks,MEN,4.11,5.9,True,1,4.11,Card
ORC-20260604-1467,1,2026-06-04 21:24:39,Orchard Central,BTM-M-07,Men's Smart Ankle Pants,Bottoms,Men,39.9,39.9,False,1,$39.9,Cash
ORC-20260604-0580,1,2026-06-04 19:39:09,Orchard Central,SOK-M-01,Men's Ankle Socks 3-Pack,Socks,Men,14.9,14.9,False,1,14.9,Card
BUG-20260604-0703,1,2026-06-04 17:24:38,Bugis,SOK-W-06,Women's Heattech Socks,Socks,Women,9.9,9.9,False,1,9.9,Cash
ORC-20260604-0240,1,2026-06-04 22:54:03,Orchard Central,SOK-M-07,Men's Striped Crew Socks,Socks,Men,5.9,5.9,False,1,5.9,Card
ORC-20260604-0383,2,2026-06-04 17:13:17,Orchard Central,SOK-M-02,  Men's Pile Crew Socks  ,Socks,Men,5.9,5.9,False,1,5.9,Cash
BUG-20260604-0585,2,2026-06-04 17:22:49,Bugis,UND-M-01,  Men's Airism Boxer Briefs  ,Underwear,Men,$14.9,14.9,False,1,14.9,Card
ORC-20260604-0913,1,2026-06-04 20:32:27,  ORCHARD CENTRAL  ,SOK-W-05,Women's Sport Ankle Socks,Socks,Women,5.9,5.9,False,1,5.9,Cash
ORC-20260604-0838,2,2026-06-04 19:33:24,Orchard Central,UND-M-01,  Men's Airism Boxer Briefs  ,underwear,Men,14.9,14.9,False,1,14.9,PayNow
ORC-20260604-1224,2,2026-06-04 20:37:19,orchard central,BTM-W-03,Women's Ezy Ankle Pants,Bottoms,Women,29.9,29.9,False,1,29.9,NETS
BUG-20260604-0161,3,2026-06-04 15:19:09,Bugis,SOK-M-03,Men's Airism Low-Cut Socks,Socks,Men,5.9,5.9,False,1,5.9,Card
ORC-20260604-0865,2,2026-06-04 11:15:28,Orchard Central,SOK-W-01,  Women's Ankle Socks 3-Pack  ,Socks,Women,$14.9,14.9,False,1,14.9,PayNow
ORC-20260604-1449,1,2026-06-04 13:10:17,ORCHARD CENTRAL,SOK-W-02,Women's Pile Crew Socks,Socks,Women,5.9,5.9,False,1,5.9,Card
PUN-20260604-0072,1,2026-06-04 19:26:22,Punggol,UND-W-01,Women's Airism Bikini Shorts,Underwear,Women,9.9,9.9,False,2,19.8,PayNow
BUG-20260604-0230,2,2026-06-04 19:09:14,Bugis,UND-W-03,Women's Cotton Blend Briefs,Underwear,Women,9.9,9.9,False,1,9.9,Card
ORC-20260604-0236,1,2026-06-04 19:26:29,Orchard Central,SOK-W-02,Women's Pile Crew Socks,Socks,Women,5.9,5.9,False,1,$5.9,Cash
BUG-20260604-0543,1,2026-06-04 11:10:18,BUGIS,BTM-W-03,Women's Ezy Ankle Pants,Bottoms,Women,29.9,29.9,False,1,29.9,NETS
BUG-20260604-0288,1,2026-06-04 19:10:22,Bugis,UND-W-03,Women's Cotton Blend Briefs,Underwear,Women,9.9,9.9,False,1,9.9,NETS
ORC-20260604-0397,1,2026-06-04 20:42:28,Orchard Central,UND-M-01,Men's Airism Boxer Briefs,Underwear,Men,14.9,14.9,False,1,14.9,Card
BUG-20260604-0640,2,2026-06-04 11:30:18,Bugis,SOK-W-02,Women's Pile Crew Socks,Socks,Women,5.9,5.9,False,1,5.9,NETS
BUG-20260604-0111,2,2026-06-04 18:33:36,Bugis,UND-M-01,Men's Airism Boxer Briefs,Underwear,men,14.9,14.9,False,1,14.9,PayNow
PUN-20260604-0449,1,2026-06-04 15:32:14,Punggol,BTM-M-07,Men's Smart Ankle Pants,Bottoms,Men,39.9,39.9,False,1,39.9,Card
ORC-20260604-0801,1,2026-06-04 17:48:42,Orchard Central,SOK-M-01,Men's Ankle Socks 3-Pack,Socks,Men,14.9,14.9,False,1,14.9,PayNow
BUG-20260604-0859,3,2026-06-04 19:57:17,Bugis,SOK-W-04,Women's Ribbed Crew Socks,Socks,Women,5.9,5.9,False,1,5.9,Card
BUG-20260604-0323,1,2026-06-04 11:49:55,Bugis,TOP-M-01,Men's Airism Cotton Crew Neck T-Shirt,Tops,Men,14.9,14.9,False,1,14.9,NETS
PUN-20260604-0267,2,2026-06-04 20:40:00,Punggol,SOK-W-01,Women's Ankle Socks 3-Pack,Socks,Women,14.9,14.9,False,1,14.9,Card
ORC-20260604-0059,1,2026-06-04 16:59:09,Orchard Central,SOK-M-04,  Men's Ribbed Crew Socks  ,Socks,Men,5.9,5.9,False,1,5.9,NETS
PUN-20260604-0517,1,2026-06-04 21:00:44,Punggol,SOK-M-04,Men's Ribbed Crew Socks,Socks,Men,5.9,5.9,False,1,5.9,PayNow
PUN-20260604-0384,2,2026-06-04 20:08:12,Punggol,SOK-W-03,Women's Airism Low-Cut Socks,Socks,Women,5.9,5.9,False,1,5.9,Cash
BUG-20260604-0514,1,2026-06-04 19:59:16,Bugis,SOK-M-03,Men's Airism Low-Cut Socks,Socks,Men,5.9,5.9,False,2,11.8,CASH
PUN-20260604-0234,3,2026-06-04 20:25:15,Punggol,UND-W-03,Women's Cotton Blend Briefs,Underwear,Women,9.9,9.9,False,1,9.9,PayNow
ORC-20260604-0121,1,2026-06-04 19:27:38,Orchard Central,TOP-M-01,Men's Airism Cotton Crew Neck T-Shirt,Tops,Men,14.9,14.9,False,1,14.9,Cash
ORC-20260604-0593,2,2026-06-04 17:18:25,Orchard Central,BTM-M-07,Men's Smart Ankle Pants,Bottoms,MEN,39.9,39.9,False,1,39.9,Card
BUG-20260604-0575,2,2026-06-04 13:07:38,Bugis,SOK-M-04,Men's Ribbed Crew Socks,Socks,Men,5.9,5.9,False,1,5.9,cash
ORC-20260604-0991,1,2026-06-04 21:57:04,Orchard Central,SOK-M-09,Men's No-Show Sneaker Socks,Socks,Men,4.11,5.9,True,1,$4.11,Card
ORC-20260604-0481,1,2026-06-04 16:02:36,Orchard Central,SOK-M-09,Men's No-Show Sneaker Socks,Socks,Men,4.11,5.9,True,2,8.22,Card
ORC-20260604-0807,2,2026-06-04 20:41:54,Orchard Central,BTM-W-01,Women's Ultra Stretch Skinny Jeans,Bottoms,Women,39.9,39.9,False,1,39.9,Cash
ORC-20260604-1141,2,2026-06-04 19:07:36,Orchard Central,SOK-M-03,Men's Airism Low-Cut Socks,Socks,Men,5.9,5.9,False,1,5.9,PayNow
ORC-20260604-0447,1,2026-06-04 14:16:00,Orchard Central,UND-M-02,Men's Cotton Blend Trunks,Underwear,men,14.9,14.9,False,1,14.9,Card
BUG-20260604-0274,1,2026-06-04 13:17:06,Bugis,SOK-W-06,Women's Heattech Socks,Socks,Women,9.9,9.9,False,1,9.9,paynow
ORC-20260604-1008,3,2026-06-04 16:27:46,Orchard Central,SOK-W-05,Women's Sport Ankle Socks,Socks,Women,5.9,5.9,False,2,$11.8,Card
PUN-20260604-0308,2,2026-06-04 17:01:35,Punggol,TOP-M-03,Men's Dry-EX Crew Neck T-Shirt,Tops,Men,19.9,19.9,False,1,19.9,NETS
BUG-20260604-0547,1,2026-06-04 14:55:19,Bugis,UND-W-02,Women's Wireless Bra,Underwear,Women,29.9,29.9,False,2,59.8,Card
ORC-20260604-1053,2,2026-06-04 21:31:43,  Orchard Central  ,SOK-W-03,Women's Airism Low-Cut Socks,Socks,WOMEN,5.9,5.9,False,1,5.9,Card
ORC-20260604-0438,1,2026-06-04 19:33:33,Orchard Central,TOP-M-01,Men's Airism Cotton Crew Neck T-Shirt,Tops,Men,14.9,14.9,False,1,14.9,Card
BUG-20260604-0796,3,2026-06-04 20:09:57,Bugis,SOK-M-04,Men's Ribbed Crew Socks,Socks,Men,5.9,5.9,False,1,5.9,NETS
BUG-20260604-0065,2,2026-06-04 20:00:22,Bugis,UND-W-03,  Women's Cotton Blend Briefs  ,Underwear,Women,9.9,9.9,False,1,9.9,Card
ORC-20260604-0650,2,2026-06-04 16:54:41,Orchard Central,SOK-M-09,  Men's No-Show Sneaker Socks  ,Socks,Men,$4.11,5.9,True,1,4.11,Cash
BUG-20260604-0427,1,2026-06-04 15:27:30,BUGIS,TOP-W-02,  Women's Ribbed Long Sleeve Turtleneck  ,Tops,Women,19.9,19.9,False,1,19.9,Card
ORC-20260604-0293,1,2026-06-04 21:54:01,Orchard Central,TOP-M-01,Men's Airism Cotton Crew Neck T-Shirt,TOPS,Men,14.9,14.9,False,1,14.9,Cash
BUG-20260604-0113,3,2026-06-04 14:50:21,Bugis,SOK-W-03,Women's Airism Low-Cut Socks,Socks,Women,5.9,5.9,False,2,11.8,PayNow
PUN-20260604-0489,3,2026-06-04 12:47:04,Punggol,TOP-W-01,Women's Airism Cotton Crew Neck T-Shirt,Tops,Women,14.9,14.9,False,1,14.9,Card
ORC-20260604-0702,2,2026-06-04 16:27:40,  Orchard Central  ,UND-W-04,  Women's Airism T-Shirt Bra  ,Underwear,Women,29.9,29.9,False,1,29.9,Cash
BUG-20260604-0061,1,2026-06-04 19:33:30,Bugis,UND-W-07,Women's Heattech Camisole,Underwear,Women,14.9,14.9,False,2,29.8,Card
ORC-20260604-1256,1,2026-06-04 16:31:25,Orchard Central,SOK-W-05,Women's Sport Ankle Socks,Socks,Women,5.9,5.9,False,1,5.9,
ORC-20260604-1266,1,2026-06-04 20:25:39,Orchard Central,TOP-W-02,Women's Ribbed Long Sleeve Turtleneck,Tops,Women,19.9,19.9,False,1,19.9,PayNow
ORC-20260604-1009,1,2026-06-04 19:11:37,Orchard Central,SOK-M-01,Men's Ankle Socks 3-Pack,Socks,Men,14.9,14.9,False,1,14.9,PayNow
ORC-20260604-1107,3,2026-06-04 21:18:39,  Orchard Central  ,SOK-M-09,Men's No-Show Sneaker Socks,Socks,Men,4.11,5.9,True,2,8.22,Card
ORC-20260604-0677,3,2026-06-04 19:58:20,ORCHARD CENTRAL,SOK-W-03,Women's Airism Low-Cut Socks,Socks,Women,5.9,5.9,False,1,5.9,
ORC-20260604-0829,1,2026-06-04 19:37:05,  Orchard Central  ,BTM-M-04,Men's Dry Stretch Shorts,Bottoms,Men,19.9,19.9,False,1,19.9,Card
PUN-20260604-0469,2,2026-06-04 19:12:59,Punggol,BTM-M-02,  Men's Slim Fit Chino Trousers  ,Bottoms,Men,29.9,29.9,False,1,29.9,Cash
BUG-20260604-0183,1,2026-06-04 20:23:30,  Bugis  ,UND-W-01,Women's Airism Bikini Shorts,Underwear,WOMEN,9.9,9.9,False,1,9.9,PAYNOW
ORC-20260604-0443,1,2026-06-04 17:58:10,Orchard Central,SOK-W-02,Women's Pile Crew Socks,Socks,women,5.9,5.9,False,1,5.9,Card
BUG-20260604-0486,1,2026-06-04 20:50:06,Bugis,SOK-W-01,Women's Ankle Socks 3-Pack,Socks,Women,14.9,14.9,False,1,14.9,PayNow
ORC-20260604-1434,2,2026-06-04 19:16:30,Orchard Central,SOK-M-09,Men's No-Show Sneaker Socks,socks,Men,4.11,5.9,True,1,4.11,card
ORC-20260604-0409,2,2026-06-04 18:27:52,Orchard Central,UND-M-06,Men's Airism Sleeveless Undershirt,underwear,Men,9.9,9.9,False,1,9.9,Card
ORC-20260604-1167,1,2026-06-04 18:06:52,Orchard Central,SOK-M-09,Men's No-Show Sneaker Socks,Socks,Men,4.11,5.9,True,1,4.11,Card
ORC-20260604-0549,2,2026-06-04 18:12:43,Orchard Central,SOK-W-02,Women's Pile Crew Socks,Socks,Women,5.9,5.9,False,2,11.8,CARD
BUG-20260604-0222,3,2026-06-04 18:09:12,Bugis,SOK-M-01,Men's Ankle Socks 3-Pack,Socks,Men,14.9,14.9,False,1,14.9,Cash
BUG-20260604-0217,2,2026-06-04 20:05:04,Bugis,SOK-W-03,Women's Airism Low-Cut Socks,Socks,Women,5.9,5.9,False,2,11.8,
BUG-20260604-0765,1,2026-06-04 20:06:19,Bugis,SOK-W-03,Women's Airism Low-Cut Socks,Socks,Women,5.9,5.9,False,1,$5.9,Card
PUN-20260604-0430,1,2026-06-04 20:04:46,Punggol,SOK-M-02,Men's Pile Crew Socks,Socks,MEN,5.9,5.9,False,1,5.9,Card
ORC-20260604-1027,1,2026-06-04 18:14:38,Orchard Central,UND-M-02,Men's Cotton Blend Trunks,Underwear,MEN,14.9,14.9,False,1,14.9,Card
ORC-20260604-0795,1,2026-06-04 17:47:21,Orchard Central,SOK-M-04,Men's Ribbed Crew Socks,Socks,Men,5.9,5.9,False,1,5.9,PayNow
BUG-20260604-0131,3,2026-06-04 11:34:42,Bugis,UND-M-10,Men's Cotton Blend Briefs,Underwear,Men,9.9,9.9,False,1,9.9,PayNow
BUG-20260604-0445,1,2026-06-04 21:19:16,Bugis,SOK-M-03,Men's Airism Low-Cut Socks,Socks,Men,5.9,5.9,False,1,5.9,Card
ORC-20260604-0524,1,2026-06-04 21:10:56,ORCHARD CENTRAL,UND-W-03,  Women's Cotton Blend Briefs  ,Underwear,Women,9.9,9.9,False,1,9.9,NETS
PUN-20260604-0243,1,2026-06-04 20:15:22,Punggol,UND-W-01,Women's Airism Bikini Shorts,Underwear,women,9.9,9.9,False,1,9.9,Card
ORC-20260604-0335,3,2026-06-04 19:25:34,Orchard Central,TOP-W-01,Women's Airism Cotton Crew Neck T-Shirt,Tops,Women,14.9,14.9,False,1,14.9,Card
ORC-20260604-0782,1,2026-06-04 19:15:49,Orchard Central,SOK-M-09,  Men's No-Show Sneaker Socks  ,Socks,Men,4.11,5.9,True,1,4.11,Card
BUG-20260604-0830,3,2026-06-04 19:33:55,Bugis,SOK-M-03,Men's Airism Low-Cut Socks,Socks,Men,5.9,5.9,False,1,5.9,PayNow
PUN-20260604-0089,3,2026-06-04 21:07:22,  Punggol  ,SOK-M-03,Men's Airism Low-Cut Socks,Socks,Men,5.9,5.9,False,1,5.9,NETS
PUN-20260604-0135,1,2026-06-04 14:10:30,Punggol,UND-W-01,Women's Airism Bikini Shorts,Underwear,women,9.9,9.9,False,1,9.9,PayNow
ORC-20260604-1229,1,2026-06-04 15:22:19,Orchard Central,SOK-M-04,Men's Ribbed Crew Socks,Socks,Men,5.9,5.9,False,1,5.9,Card
BUG-20260604-0559,1,2026-06-04 13:40:11,Bugis,TOP-W-02,Women's Ribbed Long Sleeve Turtleneck,Tops,Women,19.9,19.9,False,1,$19.9,Card
ORC-20260604-0967,1,2026-06-04 21:32:24,Orchard Central,SOK-W-02,Women's Pile Crew Socks,Socks,Women,5.9,5.9,False,2,11.8,card
ORC-20260604-1275,1,2026-06-04 18:53:40,Orchard Central,TOP-M-04,Men's Oxford Long Sleeve Shirt,Tops,Men,29.9,29.9,False,1,29.9,NETS
ORC-20260604-1305,1,2026-06-04 22:29:45,orchard central,UND-M-03,Men's Airism Mesh Boxer Briefs,Underwear,men,14.9,14.9,False,1,14.9,NETS
BUG-20260604-0689,2,2026-06-04 16:45:47,Bugis,SOK-W-04,Women's Ribbed Crew Socks,Socks,Women,5.9,5.9,False,1,5.9,PayNow
BUG-20260604-0230,3,2026-06-04 19:09:14,Bugis,SOK-M-02,Men's Pile Crew Socks,Socks,Men,5.9,5.9,False,2,11.8,Card
PUN-20260604-0493,2,2026-06-04 19:30:41,Punggol,TOP-W-04,Women's Heattech Crew Neck Long Sleeve Tee,Tops,Women,14.9,14.9,False,1,14.9,Cash
ORC-20260604-1463,2,2026-06-04 15:16:05,Orchard Central,BTM-M-02,Men's Slim Fit Chino Trousers,Bottoms,Men,29.9,29.9,False,1,29.9,PayNow
ORC-20260604-1416,1,2026-06-04 21:41:21,Orchard Central,UND-M-03,Men's Airism Mesh Boxer Briefs,Underwear,men,14.9,14.9,False,1,14.9,Cash
BUG-20260604-0326,2,2026-06-04 20:04:21,Bugis,SOK-M-03,Men's Airism Low-Cut Socks,Socks,Men,$5.9,5.9,False,2,11.8,PayNow
PUN-20260604-0121,1,2026-06-04 16:27:23,Punggol,UND-M-01,Men's Airism Boxer Briefs,Underwear,Men,14.9,14.9,False,1,14.9,PayNow
ORC-20260604-1007,1,2026-06-04 22:52:37,Orchard Central,SOK-W-03,Women's Airism Low-Cut Socks,socks,Women,5.9,5.9,False,1,5.9,Card
ORC-20260604-1042,1,2026-06-04 18:50:32,  orchard central  ,UND-W-04,Women's Airism T-Shirt Bra,Underwear,Women,29.9,29.9,False,1,29.9,Cash
ORC-20260604-1310,1,2026-06-04 16:45:32,Orchard Central,UND-W-04,Women's Airism T-Shirt Bra,Underwear,WOMEN,29.9,29.9,False,1,29.9,Card
ORC-20260604-0351,1,2026-06-04 15:05:26,Orchard Central,UND-M-01,Men's Airism Boxer Briefs,Underwear,Men,14.9,14.9,False,1,14.9,Card
PUN-20260604-0041,1,2026-06-04 18:37:30,Punggol,SOK-M-02,Men's Pile Crew Socks,Socks,MEN,5.9,5.9,False,1,5.9,NETS
ORC-20260604-0582,1,2026-06-04 20:26:37,Orchard Central,TOP-W-01,Women's Airism Cotton Crew Neck T-Shirt,Tops,Women,14.9,14.9,False,1,14.9,paynow
ORC-20260604-0051,3,2026-06-04 11:52:01,ORCHARD CENTRAL,SOK-W-02,Women's Pile Crew Socks,Socks,Women,5.9,5.9,False,1,5.9,
BUG-20260604-0310,2,2026-06-04 11:42:05,Bugis,BTM-M-01,Men's Ezy Ankle Pants,Bottoms,Men,29.9,29.9,False,1,29.9,Card
BUG-20260604-0296,3,2026-06-04 18:33:39,Bugis,SOK-W-04,Women's Ribbed Crew Socks,Socks,Women,5.9,5.9,False,1,5.9,NETS
BUG-20260604-0679,2,2026-06-04 19:52:20,Bugis,UND-W-03,Women's Cotton Blend Briefs,Underwear,Women,9.9,9.9,False,1,9.9,NETS
PUN-20260604-0050,2,2026-06-04 22:05:45,Punggol,SOK-W-01,Women's Ankle Socks 3-Pack,Socks,women,14.9,14.9,False,1,14.9,Card
BUG-20260604-0329,2,2026-06-04 20:49:24,  Bugis  ,SOK-W-02,Women's Pile Crew Socks,Socks,Women,5.9,5.9,False,2,11.8,Card
ORC-20260604-1169,1,2026-06-04 19:21:24,Orchard Central,TOP-W-02,Women's Ribbed Long Sleeve Turtleneck,Tops,Women,19.9,19.9,False,1,19.9,PayNow
BUG-20260604-0461,2,2026-06-04 22:03:06,  Bugis  ,SOK-W-03,Women's Airism Low-Cut Socks,Socks,Women,5.9,5.9,False,1,5.9,PayNow
ORC-20260604-1274,2,2026-06-04 21:47:25,Orchard Central,SOK-W-01,Women's Ankle Socks 3-Pack,SOCKS,Women,14.9,14.9,False,1,14.9,
PUN-20260604-0104,1,2026-06-04 17:24:20,Punggol,UND-W-03,Women's Cotton Blend Briefs,Underwear,Women,9.9,9.9,False,1,9.9,NETS
ORC-20260604-0762,1,2026-06-04 21:37:14,Orchard Central,TOP-W-01,Women's Airism Cotton Crew Neck T-Shirt,Tops,Women,14.9,14.9,False,1,14.9,Card
ORC-20260604-0519,2,2026-06-04 13:51:28,Orchard Central,TOP-W-01,Women's Airism Cotton Crew Neck T-Shirt,Tops,Women,14.9,14.9,False,1,14.9,NETS
ORC-20260604-0394,1,2026-06-04 16:06:17,Orchard Central,BTM-W-01,  Women's Ultra Stretch Skinny Jeans  ,Bottoms,Women,39.9,39.9,False,1,39.9,NETS
BUG-20260604-0454,1,2026-06-04 18:26:23,Bugis,TOP-W-01,Women's Airism Cotton Crew Neck T-Shirt,Tops,Women,14.9,14.9,False,1,14.9,Cash
ORC-20260604-0554,1,2026-06-04 18:06:51,Orchard Central,SOK-M-04,Men's Ribbed Crew Socks,Socks,Men,5.9,5.9,False,1,5.9,PayNow
BUG-20260604-0869,1,2026-06-04 21:11:48,Bugis,SOK-W-02,Women's Pile Crew Socks,Socks,Women,5.9,5.9,False,1,5.9,
ORC-20260604-1143,2,2026-06-04 13:32:36,  Orchard Central  ,UND-M-01,  Men's Airism Boxer Briefs  ,Underwear,Men,14.9,14.9,False,1,14.9,PayNow
ORC-20260604-0143,2,2026-06-04 22:18:07,Orchard Central,TOP-W-02,  Women's Ribbed Long Sleeve Turtleneck  ,tops,Women,19.9,19.9,False,1,19.9,PayNow
ORC-20260604-0952,1,2026-06-04 18:19:11,Orchard Central,TOP-W-01,Women's Airism Cotton Crew Neck T-Shirt,Tops,Women,14.9,14.9,False,1,14.9,Cash
PUN-20260604-0532,1,2026-06-04 15:51:18,Punggol,UND-M-01,Men's Airism Boxer Briefs,UNDERWEAR,men,14.9,14.9,False,1,14.9,NETS
PUN-20260604-0349,1,2026-06-04 20:38:03,Punggol,SOK-W-04,Women's Ribbed Crew Socks,Socks,Women,5.9,5.9,False,1,5.9,
ORC-20260604-0296,3,2026-06-04 20:49:10,Orchard Central,UND-M-04,Men's Cotton Crew Neck Undershirt,Underwear,Men,14.9,14.9,False,1,14.9,PayNow
ORC-20260604-1173,2,2026-06-04 21:18:05,Orchard Central,TOP-M-04,Men's Oxford Long Sleeve Shirt,Tops,Men,29.9,29.9,False,1,29.9,PayNow
PUN-20260604-0066,2,2026-06-04 18:09:47,Punggol,SOK-M-03,Men's Airism Low-Cut Socks,Socks,Men,5.9,5.9,False,1,5.9,Cash
ORC-20260604-1380,3,2026-06-04 20:02:44,Orchard Central,UND-W-04,Women's Airism T-Shirt Bra,Underwear,women,29.9,29.9,False,1,29.9,Card
ORC-20260604-0018,3,2026-06-04 13:05:35,Orchard Central,BTM-W-03,Women's Ezy Ankle Pants,BOTTOMS,Women,29.9,29.9,False,1,29.9,Cash
BUG-20260604-0457,2,2026-06-04 21:59:56,Bugis,SOK-W-02,Women's Pile Crew Socks,Socks,Women,5.9,5.9,False,1,5.9,Card
ORC-20260604-1177,1,2026-06-04 14:55:05,Orchard Central,BTM-M-04,  Men's Dry Stretch Shorts  ,Bottoms,Men,19.9,19.9,False,1,19.9,Cash
ORC-20260604-0261,1,2026-06-04 17:16:55,Orchard Central,UND-M-03,Men's Airism Mesh Boxer Briefs,Underwear,MEN,14.9,14.9,False,1,14.9,PayNow
ORC-20260604-0493,2,2026-06-04 21:51:55,Orchard Central,TOP-M-02,Men's Supima Cotton Polo Shirt,Tops,Men,29.9,29.9,False,1,29.9,NETS
BUG-20260604-0752,1,2026-06-04 17:38:11,Bugis,SOK-W-02,Women's Pile Crew Socks,Socks,women,5.9,5.9,False,1,5.9,Card
ORC-20260604-1187,2,2026-06-04 20:31:09,Orchard Central,TOP-W-01,Women's Airism Cotton Crew Neck T-Shirt,Tops,Women,14.9,14.9,False,1,14.9,Cash
PUN-20260604-0554,3,2026-06-04 16:46:39,Punggol,TOP-W-04,Women's Heattech Crew Neck Long Sleeve Tee,tops,Women,14.9,14.9,False,1,14.9,PayNow
ORC-20260604-0347,2,2026-06-04 22:31:42,Orchard Central,SOK-M-01,  Men's Ankle Socks 3-Pack  ,Socks,men,14.9,14.9,False,2,29.8,PayNow
BUG-20260604-0252,1,2026-06-04 20:06:27,BUGIS,SOK-M-05,Men's Sport Ankle Socks,Socks,Men,5.9,5.9,False,1,5.9,card
ORC-20260604-0717,2,2026-06-04 13:40:33,Orchard Central,SOK-M-07,Men's Striped Crew Socks,Socks,men,5.9,5.9,False,1,5.9,NETS
PUN-20260604-0053,3,2026-06-04 20:57:21,Punggol,TOP-W-02,Women's Ribbed Long Sleeve Turtleneck,Tops,Women,19.9,19.9,False,1,19.9,Card
PUN-20260604-0032,1,2026-06-04 20:46:35,Punggol,SOK-W-01,Women's Ankle Socks 3-Pack,Socks,Women,14.9,14.9,False,2,29.8,Card
ORC-20260604-1063,2,2026-06-04 21:12:00,Orchard Central,UND-W-03,Women's Cotton Blend Briefs,Underwear,Women,9.9,9.9,False,1,9.9,PayNow
ORC-20260604-0536,3,2026-06-04 22:01:09,ORCHARD CENTRAL,SOK-W-05,Women's Sport Ankle Socks,Socks,Women,5.9,5.9,False,1,5.9,CARD
PUN-20260604-0010,1,2026-06-04 12:24:51,Punggol,TOP-W-04,  Women's Heattech Crew Neck Long Sleeve Tee  ,Tops,Women,14.9,14.9,False,1,14.9,Card
PUN-20260604-0012,3,2026-06-04 12:15:19,Punggol,SOK-W-02,Women's Pile Crew Socks,Socks,Women,5.9,5.9,False,1,5.9,NETS
BUG-20260604-0377,3,2026-06-04 21:02:09,Bugis,SOK-M-03,Men's Airism Low-Cut Socks,Socks,Men,$5.9,5.9,False,1,5.9,PayNow
ORC-20260604-1016,1,2026-06-04 21:41:38,Orchard Central,SOK-W-03,Women's Airism Low-Cut Socks,socks,Women,5.9,5.9,False,1,5.9,CARD
PUN-20260604-0492,1,2026-06-04 16:52:03,Punggol,TOP-W-04,Women's Heattech Crew Neck Long Sleeve Tee,Tops,WOMEN,14.9,14.9,False,1,14.9,PayNow
ORC-20260604-1074,2,2026-06-04 21:46:35,Orchard Central,UND-M-03,Men's Airism Mesh Boxer Briefs,Underwear,Men,14.9,14.9,False,1,14.9,Cash
ORC-20260604-0251,3,2026-06-04 18:32:16,Orchard Central,UND-M-04,Men's Cotton Crew Neck Undershirt,Underwear,Men,14.9,14.9,False,1,14.9,
PUN-20260604-0269,1,2026-06-04 21:44:58,  Punggol  ,SOK-W-02,Women's Pile Crew Socks,Socks,WOMEN,5.9,5.9,False,1,5.9,PayNow
BUG-20260604-0654,1,2026-06-04 13:08:40,Bugis,TOP-M-01,Men's Airism Cotton Crew Neck T-Shirt,Tops,Men,14.9,14.9,False,1,14.9,PayNow
ORC-20260604-0303,2,2026-06-04 20:19:12,Orchard Central,BTM-W-03,Women's Ezy Ankle Pants,Bottoms,Women,29.9,29.9,False,1,29.9,Card
ORC-20260604-0449,3,2026-06-04 20:50:01,Orchard Central,UND-M-03,Men's Airism Mesh Boxer Briefs,underwear,MEN,14.9,14.9,False,1,14.9,Card
BUG-20260604-0153,1,2026-06-04 21:56:37,Bugis,TOP-M-04,Men's Oxford Long Sleeve Shirt,Tops,Men,29.9,29.9,False,1,29.9,Card
ORC-20260604-1072,1,2026-06-04 18:47:52,Orchard Central,BTM-W-03,Women's Ezy Ankle Pants,Bottoms,Women,29.9,29.9,False,1,29.9,Card
ORC-20260604-0973,1,2026-06-04 19:55:15,Orchard Central,SOK-W-01,Women's Ankle Socks 3-Pack,Socks,Women,14.9,14.9,False,1,14.9,Card
PUN-20260604-0483,1,2026-06-04 20:52:14,Punggol,UND-W-03,Women's Cotton Blend Briefs,Underwear,Women,9.9,9.9,False,2,19.8,Card
BUG-20260604-0588,2,2026-06-04 14:59:47,Bugis,SOK-W-04,Women's Ribbed Crew Socks,socks,Women,$5.9,5.9,False,1,5.9,Card
BUG-20260604-0050,1,2026-06-04 15:00:49,  Bugis  ,SOK-W-03,Women's Airism Low-Cut Socks,Socks,Women,$5.9,5.9,False,2,11.8,PayNow
BUG-20260604-0368,3,2026-06-04 18:11:49,BUGIS,UND-W-01,Women's Airism Bikini Shorts,Underwear,WOMEN,9.9,9.9,False,1,9.9,Card
PUN-20260604-0500,1,2026-06-04 20:29:57,Punggol,SOK-W-04,Women's Ribbed Crew Socks,Socks,Women,5.9,5.9,False,1,5.9,PayNow
ORC-20260604-0129,1,2026-06-04 18:03:57,Orchard Central,SOK-M-04,Men's Ribbed Crew Socks,Socks,Men,5.9,5.9,False,1,5.9,PAYNOW
ORC-20260604-0385,1,2026-06-04 16:02:30,Orchard Central,BTM-M-04,Men's Dry Stretch Shorts,Bottoms,Men,19.9,19.9,False,1,19.9,Card
BUG-20260604-0216,1,2026-06-04 14:31:15,Bugis,SOK-W-02,Women's Pile Crew Socks,Socks,Women,5.9,5.9,False,1,5.9,Card
ORC-20260604-0339,2,2026-06-04 20:17:17,Orchard Central,SOK-W-03,Women's Airism Low-Cut Socks,Socks,Women,5.9,5.9,False,1,5.9,Cash
PUN-20260604-0039,1,2026-06-04 20:23:13,PUNGGOL,SOK-W-04,Women's Ribbed Crew Socks,Socks,Women,$5.9,5.9,False,1,5.9,Card
ORC-20260604-1142,3,2026-06-04 14:37:35,Orchard Central,TOP-M-01,Men's Airism Cotton Crew Neck T-Shirt,Tops,Men,14.9,14.9,False,1,14.9,NETS
ORC-20260604-0537,1,2026-06-04 21:36:40,Orchard Central,TOP-M-04,Men's Oxford Long Sleeve Shirt,Tops,Men,29.9,29.9,False,1,29.9,Card
PUN-20260604-0207,3,2026-06-04 20:12:11,Punggol,TOP-M-01,Men's Airism Cotton Crew Neck T-Shirt,Tops,Men,14.9,14.9,False,1,14.9,Card
BUG-20260604-0129,2,2026-06-04 21:49:41,BUGIS,SOK-W-10,Women's Wool Blend Socks,Socks,Women,9.9,9.9,False,1,9.9,NETS
ORC-20260604-0527,2,2026-06-04 20:08:17,orchard central,SOK-M-02,Men's Pile Crew Socks,Socks,Men,5.9,5.9,False,1,5.9,Card
ORC-20260604-0898,2,2026-06-04 18:35:18,Orchard Central,BTM-W-02,Women's High-Rise Wide Leg Pants,Bottoms,Women,39.9,39.9,False,1,39.9,Card
ORC-20260604-0927,1,2026-06-04 17:04:10,Orchard Central,UND-W-02,  Women's Wireless Bra  ,Underwear,Women,29.9,29.9,False,1,29.9,cash
ORC-20260604-0517,1,2026-06-04 21:06:14,Orchard Central,BTM-M-02,  Men's Slim Fit Chino Trousers  ,Bottoms,Men,$29.9,29.9,False,1,29.9,Card
BUG-20260604-0149,2,2026-06-04 20:26:23,BUGIS,SOK-W-03,Women's Airism Low-Cut Socks,Socks,Women,5.9,5.9,False,1,5.9,PayNow
ORC-20260604-0835,1,2026-06-04 18:59:28,Orchard Central,SOK-M-04,Men's Ribbed Crew Socks,Socks,Men,5.9,5.9,False,2,11.8,Card
ORC-20260604-0171,1,2026-06-04 12:32:33,Orchard Central,SOK-M-04,Men's Ribbed Crew Socks,Socks,Men,5.9,5.9,False,1,5.9,Card
ORC-20260604-1181,1,2026-06-04 18:42:03,ORCHARD CENTRAL,BTM-W-01,Women's Ultra Stretch Skinny Jeans,Bottoms,women,39.9,39.9,False,1,39.9,NETS
ORC-20260604-1320,3,2026-06-04 18:35:23,Orchard Central,TOP-W-02,Women's Ribbed Long Sleeve Turtleneck,Tops,Women,19.9,19.9,False,1,19.9,Card
BUG-20260604-0328,2,2026-06-04 15:36:16,Bugis,BTM-M-04,Men's Dry Stretch Shorts,Bottoms,Men,19.9,19.9,False,1,19.9,PayNow
PUN-20260604-0168,3,2026-06-04 19:22:04,  punggol  ,TOP-W-01,Women's Airism Cotton Crew Neck T-Shirt,Tops,Women,14.9,14.9,False,1,14.9,PayNow
ORC-20260604-0847,2,2026-06-04 18:03:53,Orchard Central,SOK-M-03,Men's Airism Low-Cut Socks,Socks,MEN,5.9,5.9,False,1,5.9,PayNow
BUG-20260604-0808,1,2026-06-04 19:54:11,Bugis,TOP-M-01,Men's Airism Cotton Crew Neck T-Shirt,tops,Men,14.9,14.9,False,1,14.9,NETS
ORC-20260604-0110,2,2026-06-04 15:08:05,Orchard Central,SOK-W-09,Women's No-Show Sneaker Socks,Socks,Women,5.9,5.9,False,2,11.8,Card
BUG-20260604-0365,2,2026-06-04 18:18:40,Bugis,UND-M-04,Men's Cotton Crew Neck Undershirt,underwear,Men,14.9,14.9,False,1,14.9,NETS
ORC-20260604-1360,1,2026-06-04 17:29:43,Orchard Central,UND-W-03,Women's Cotton Blend Briefs,Underwear,Women,9.9,9.9,False,1,9.9,Card
ORC-20260604-0889,1,2026-06-04 21:25:45,  Orchard Central  ,SOK-W-03,Women's Airism Low-Cut Socks,Socks,Women,5.9,5.9,False,1,5.9,Card
ORC-20260604-1022,3,2026-06-04 19:24:39,Orchard Central,TOP-W-02,Women's Ribbed Long Sleeve Turtleneck,TOPS,Women,19.9,19.9,False,1,19.9,Cash
BUG-20260604-0714,3,2026-06-04 21:15:01,Bugis,SOK-M-01,Men's Ankle Socks 3-Pack,Socks,Men,14.9,14.9,False,1,$14.9,PayNow
BUG-20260604-0687,1,2026-06-04 14:45:34,bugis,SOK-W-01,Women's Ankle Socks 3-Pack,Socks,Women,14.9,14.9,False,2,29.8,PayNow
ORC-20260604-1129,2,2026-06-04 20:27:22,Orchard Central,UND-W-04,Women's Airism T-Shirt Bra,Underwear,Women,29.9,29.9,False,1,29.9,Cash
ORC-20260604-1368,2,2026-06-04 20:58:59,Orchard Central,SOK-W-05,Women's Sport Ankle Socks,Socks,women,5.9,5.9,False,1,5.9,PayNow
BUG-20260604-0820,3,2026-06-04 17:50:19,Bugis,SOK-W-02,Women's Pile Crew Socks,Socks,Women,5.9,5.9,False,1,5.9,Card
PUN-20260604-0571,1,2026-06-04 21:51:40,Punggol,SOK-W-04,Women's Ribbed Crew Socks,Socks,Women,5.9,5.9,False,1,5.9,Card
BUG-20260604-0509,3,2026-06-04 16:34:05,Bugis,TOP-W-02,Women's Ribbed Long Sleeve Turtleneck,Tops,Women,19.9,19.9,False,1,19.9,Card
ORC-20260604-0586,1,2026-06-04 18:29:27,  Orchard Central  ,SOK-M-03,Men's Airism Low-Cut Socks,SOCKS,MEN,5.9,5.9,False,2,$11.8,Card
PUN-20260604-0379,3,2026-06-04 21:44:08,Punggol,TOP-W-01,Women's Airism Cotton Crew Neck T-Shirt,Tops,Women,14.9,14.9,False,1,14.9,Cash
BUG-20260604-0704,1,2026-06-04 18:12:12,Bugis,BTM-W-01,Women's Ultra Stretch Skinny Jeans,Bottoms,Women,39.9,39.9,False,1,39.9,Card
ORC-20260604-1149,3,2026-06-04 19:06:01,Orchard Central,UND-M-09,Men's Heattech Long Johns,Underwear,Men,19.9,19.9,False,1,19.9,Card
ORC-20260604-0435,2,2026-06-04 21:54:23,Orchard Central,SOK-M-09,Men's No-Show Sneaker Socks,Socks,Men,4.11,5.9,True,1,4.11,Card
PUN-20260604-0058,1,2026-06-04 11:14:50,Punggol,UND-M-04,Men's Cotton Crew Neck Undershirt,underwear,Men,14.9,14.9,False,1,14.9,Cash
BUG-20260604-0076,3,2026-06-04 20:52:03,bugis,SOK-M-02,Men's Pile Crew Socks,Socks,Men,5.9,5.9,False,1,5.9,CARD
ORC-20260604-0847,1,2026-06-04 18:03:53,Orchard Central,SOK-M-09,Men's No-Show Sneaker Socks,Socks,Men,4.11,5.9,True,1,4.11,PayNow
ORC-20260604-1282,2,2026-06-04 11:46:38,Orchard Central,SOK-M-04,Men's Ribbed Crew Socks,Socks,Men,5.9,5.9,False,1,$5.9,NETS
ORC-20260604-1461,1,2026-06-04 16:01:49,Orchard Central,UND-W-03,Women's Cotton Blend Briefs,Underwear,Women,9.9,9.9,False,1,9.9,NETS
BUG-20260604-0607,2,2026-06-04 18:01:32,Bugis,UND-M-01,Men's Airism Boxer Briefs,Underwear,Men,14.9,14.9,False,1,$14.9,Cash
BUG-20260604-0005,2,2026-06-04 20:08:22,Bugis,UND-W-03,Women's Cotton Blend Briefs,Underwear,Women,9.9,9.9,False,1,9.9,Card
ORC-20260604-0505,2,2026-06-04 18:07:54,  ORCHARD CENTRAL  ,BTM-M-03,Men's Selvedge Regular Fit Jeans,Bottoms,Men,59.9,59.9,False,1,59.9,CASH
ORC-20260604-0791,1,2026-06-04 21:04:37,Orchard Central,UND-M-01,Men's Airism Boxer Briefs,Underwear,Men,14.9,14.9,False,1,14.9,NETS
ORC-20260604-0101,2,2026-06-04 21:39:05,Orchard Central,TOP-W-02,Women's Ribbed Long Sleeve Turtleneck,Tops,Women,19.9,19.9,False,1,19.9,Card
BUG-20260604-0343,3,2026-06-04 13:33:11,Bugis,SOK-M-03,Men's Airism Low-Cut Socks,Socks,men,5.9,5.9,False,1,5.9,NETS
PUN-20260604-0214,2,2026-06-04 18:45:46,Punggol,SOK-W-02,Women's Pile Crew Socks,Socks,women,5.9,5.9,False,1,5.9,Cash
BUG-20260604-0160,2,2026-06-04 20:13:31,bugis,TOP-M-03,Men's Dry-EX Crew Neck T-Shirt,TOPS,Men,19.9,19.9,False,1,19.9,
ORC-20260604-0182,1,2026-06-04 14:06:35,Orchard Central,UND-M-04,Men's Cotton Crew Neck Undershirt,UNDERWEAR,Men,14.9,14.9,False,1,14.9,Card
BUG-20260604-0053,1,2026-06-04 11:21:12,Bugis,SOK-W-04,Women's Ribbed Crew Socks,Socks,Women,5.9,5.9,False,2,11.8,Card
BUG-20260604-0766,2,2026-06-04 14:59:18,BUGIS,SOK-M-04,Men's Ribbed Crew Socks,Socks,Men,5.9,5.9,False,1,5.9,Card
PUN-20260604-0019,2,2026-06-04 15:06:21,PUNGGOL,UND-W-01,Women's Airism Bikini Shorts,Underwear,Women,9.9,9.9,False,1,9.9,PayNow
ORC-20260604-0934,3,2026-06-04 20:15:55,  Orchard Central  ,BTM-M-04,Men's Dry Stretch Shorts,Bottoms,men,19.9,19.9,False,1,19.9,Cash
ORC-20260604-0753,1,2026-06-04 16:02:25,Orchard Central,SOK-W-05,Women's Sport Ankle Socks,socks,Women,5.9,5.9,False,1,5.9,Card
ORC-20260604-0887,2,2026-06-04 20:06:19,orchard central,UND-M-03,Men's Airism Mesh Boxer Briefs,Underwear,Men,14.9,14.9,False,1,14.9,Card
BUG-20260604-0133,2,2026-06-04 21:20:22,Bugis,SOK-W-04,Women's Ribbed Crew Socks,Socks,Women,5.9,5.9,False,2,11.8,PAYNOW
BUG-20260604-0433,1,2026-06-04 20:46:12,Bugis,BTM-M-08,Men's Relaxed Fit Denim Shorts,Bottoms,Men,22.99,29.9,True,1,22.99,Cash
BUG-20260604-0403,2,2026-06-04 20:17:32,Bugis,SOK-M-04,Men's Ribbed Crew Socks,Socks,Men,5.9,5.9,False,1,5.9,Card
PUN-20260604-0033,1,2026-06-04 14:19:55,Punggol,BTM-M-04,Men's Dry Stretch Shorts,Bottoms,Men,19.9,19.9,False,1,19.9,PayNow
ORC-20260604-0656,2,2026-06-04 19:34:50,Orchard Central,TOP-W-02,Women's Ribbed Long Sleeve Turtleneck,Tops,Women,19.9,19.9,False,1,19.9,Cash
PUN-20260604-0061,1,2026-06-04 14:19:26,Punggol,UND-M-02,  Men's Cotton Blend Trunks  ,Underwear,MEN,14.9,14.9,False,1,14.9,PayNow
BUG-20260604-0035,1,2026-06-04 14:07:23,Bugis,SOK-M-03,Men's Airism Low-Cut Socks,Socks,Men,5.9,5.9,False,2,11.8,PayNow
BUG-20260604-0822,3,2026-06-04 19:21:40,Bugis,UND-W-03,Women's Cotton Blend Briefs,Underwear,Women,9.9,9.9,False,2,19.8,PayNow
ORC-20260604-0707,2,2026-06-04 16:20:54,ORCHARD CENTRAL,SOK-M-04,Men's Ribbed Crew Socks,Socks,Men,5.9,5.9,False,2,$11.8,Card
ORC-20260604-0888,2,2026-06-04 21:20:04,Orchard Central,SOK-W-02,Women's Pile Crew Socks,Socks,Women,5.9,5.9,False,1,5.9,Card
BUG-20260604-0793,1,2026-06-04 19:47:33,Bugis,UND-M-03,Men's Airism Mesh Boxer Briefs,Underwear,Men,14.9,14.9,False,2,29.8,Card
PUN-20260604-0507,1,2026-06-04 16:27:30,Punggol,BTM-W-03,  Women's Ezy Ankle Pants  ,Bottoms,Women,29.9,29.9,False,1,29.9,Nets
PUN-20260604-0061,2,2026-06-04 14:19:26,Punggol,SOK-W-02,Women's Pile Crew Socks,Socks,Women,5.9,5.9,False,1,5.9,PayNow
PUN-20260604-0277,1,2026-06-04 20:05:25,Punggol,SOK-W-02,  Women's Pile Crew Socks  ,Socks,Women,5.9,5.9,False,1,5.9,Card
PUN-20260604-0260,2,2026-06-04 17:09:16,Punggol,UND-W-03,Women's Cotton Blend Briefs,underwear,Women,9.9,9.9,False,1,9.9,Card
ORC-20260604-0877,1,2026-06-04 20:50:03,  Orchard Central  ,SOK-W-03,  Women's Airism Low-Cut Socks  ,socks,Women,5.9,5.9,False,2,$11.8,Card
ORC-20260604-0640,3,2026-06-04 20:56:01,Orchard Central,TOP-W-01,Women's Airism Cotton Crew Neck T-Shirt,Tops,Women,14.9,14.9,False,1,14.9,Card
ORC-20260604-0314,1,2026-06-04 20:59:44,Orchard Central,SOK-W-03,Women's Airism Low-Cut Socks,SOCKS,Women,5.9,5.9,False,1,5.9,CASH
ORC-20260604-0463,1,2026-06-04 19:36:01,Orchard Central,SOK-M-02,Men's Pile Crew Socks,Socks,Men,5.9,5.9,False,1,5.9,Card
ORC-20260604-1163,1,2026-06-04 13:36:30,Orchard Central,BTM-W-03,  Women's Ezy Ankle Pants  ,BOTTOMS,Women,29.9,29.9,False,1,29.9,NETS
ORC-20260604-0867,1,2026-06-04 20:01:41,Orchard Central,BTM-W-02,Women's High-Rise Wide Leg Pants,Bottoms,Women,39.9,39.9,False,1,39.9,CARD
ORC-20260604-0427,2,2026-06-04 12:46:34,Orchard Central,SOK-M-03,Men's Airism Low-Cut Socks,Socks,Men,5.9,5.9,False,1,5.9,NETS
ORC-20260604-0720,2,2026-06-04 18:37:56,Orchard Central,TOP-M-03,Men's Dry-EX Crew Neck T-Shirt,TOPS,Men,19.9,19.9,False,1,19.9,PayNow
ORC-20260604-0764,1,2026-06-04 19:43:09,Orchard Central,BTM-W-02,Women's High-Rise Wide Leg Pants,bottoms,Women,39.9,39.9,False,1,39.9,Card
ORC-20260604-1120,1,2026-06-04 18:37:30,Orchard Central,BTM-W-02,  Women's High-Rise Wide Leg Pants  ,Bottoms,Women,39.9,39.9,False,1,39.9,NETS
BUG-20260604-0134,2,2026-06-04 21:52:58,Bugis,SOK-W-03,Women's Airism Low-Cut Socks,Socks,Women,5.9,5.9,False,1,5.9,CARD
ORC-20260604-0546,1,2026-06-04 20:29:41,orchard central,SOK-M-02,Men's Pile Crew Socks,Socks,Men,5.9,5.9,False,1,5.9,Card
BUG-20260604-0035,2,2026-06-04 14:07:23,Bugis,TOP-W-01,  Women's Airism Cotton Crew Neck T-Shirt  ,Tops,Women,14.9,14.9,False,1,14.9,PayNow
ORC-20260604-0292,3,2026-06-04 20:00:44,Orchard Central,SOK-M-04,Men's Ribbed Crew Socks,Socks,men,5.9,5.9,False,1,5.9,cash
ORC-20260604-0852,1,2026-06-04 11:29:06,Orchard Central,SOK-W-02,Women's Pile Crew Socks,Socks,Women,5.9,5.9,False,1,5.9,Card
PUN-20260604-0325,3,2026-06-04 13:59:15,Punggol,BTM-M-01,  Men's Ezy Ankle Pants  ,Bottoms,Men,29.9,29.9,False,1,29.9,Card
PUN-20260604-0501,2,2026-06-04 14:41:18,Punggol,UND-W-01,Women's Airism Bikini Shorts,Underwear,Women,9.9,9.9,False,1,9.9,Card
ORC-20260604-1135,2,2026-06-04 19:45:21,Orchard Central,SOK-W-01,Women's Ankle Socks 3-Pack,Socks,Women,14.9,14.9,False,1,14.9,Card
ORC-20260604-0675,1,2026-06-04 18:04:03,  Orchard Central  ,UND-M-01,Men's Airism Boxer Briefs,Underwear,MEN,14.9,14.9,False,1,14.9,Card
PUN-20260604-0222,1,2026-06-04 20:25:28,Punggol,TOP-M-01,Men's Airism Cotton Crew Neck T-Shirt,Tops,Men,14.9,14.9,False,1,14.9,NETS
ORC-20260604-1403,1,2026-06-04 21:03:41,Orchard Central,TOP-M-01,Men's Airism Cotton Crew Neck T-Shirt,Tops,Men,14.9,14.9,False,1,14.9,PayNow
BUG-20260604-0851,2,2026-06-04 14:59:13,Bugis,SOK-W-02,Women's Pile Crew Socks,Socks,WOMEN,5.9,5.9,False,2,11.8,Card
ORC-20260604-0679,1,2026-06-04 18:02:13,Orchard Central,SOK-M-03,  Men's Airism Low-Cut Socks  ,SOCKS,Men,5.9,5.9,False,1,5.9,Cash
PUN-20260604-0005,3,2026-06-04 18:12:57,Punggol,BTM-W-01,Women's Ultra Stretch Skinny Jeans,Bottoms,WOMEN,39.9,39.9,False,1,39.9,Cash
ORC-20260604-0943,1,2026-06-04 20:31:03,Orchard Central,SOK-W-02,Women's Pile Crew Socks,Socks,Women,5.9,5.9,False,2,11.8,Cash
ORC-20260604-0556,2,2026-06-04 16:15:41,Orchard Central,BTM-W-04,Women's Denim Straight Jeans,Bottoms,Women,49.9,49.9,False,1,49.9,PayNow
ORC-20260604-1087,1,2026-06-04 13:26:54,Orchard Central,UND-M-02,Men's Cotton Blend Trunks,Underwear,Men,14.9,14.9,False,1,14.9,Cash
PUN-20260604-0569,2,2026-06-04 20:29:33,Punggol,TOP-M-03,Men's Dry-EX Crew Neck T-Shirt,Tops,Men,19.9,19.9,False,1,19.9,NETS
PUN-20260604-0386,1,2026-06-04 12:48:58,Punggol,UND-M-03,Men's Airism Mesh Boxer Briefs,Underwear,Men,14.9,14.9,False,1,14.9,Card
PUN-20260604-0056,3,2026-06-04 11:57:34,  Punggol  ,SOK-W-03,Women's Airism Low-Cut Socks,Socks,Women,5.9,5.9,False,1,5.9,Card
ORC-20260604-0259,2,2026-06-04 21:42:25,Orchard Central,SOK-W-05,Women's Sport Ankle Socks,Socks,Women,5.9,5.9,False,1,5.9,PayNow
PUN-20260604-0223,2,2026-06-04 12:18:56,Punggol,BTM-M-01,Men's Ezy Ankle Pants,Bottoms,men,29.9,29.9,False,1,29.9,Cash
PUN-20260604-0368,1,2026-06-04 15:14:57,Punggol,TOP-M-04,Men's Oxford Long Sleeve Shirt,Tops,Men,29.9,29.9,False,1,29.9,Card
ORC-20260604-0529,1,2026-06-04 16:55:21,Orchard Central,SOK-M-02,Men's Pile Crew Socks,SOCKS,MEN,5.9,5.9,False,1,5.9,PayNow
BUG-20260604-0576,1,2026-06-04 19:28:04,bugis,TOP-M-03,Men's Dry-EX Crew Neck T-Shirt,Tops,Men,19.9,19.9,False,1,19.9,Card
ORC-20260604-1174,2,2026-06-04 22:44:45,Orchard Central,SOK-M-03,Men's Airism Low-Cut Socks,Socks,Men,5.9,5.9,False,1,5.9,Card
ORC-20260604-0579,3,2026-06-04 15:30:15,  ORCHARD CENTRAL  ,UND-M-04,Men's Cotton Crew Neck Undershirt,Underwear,Men,14.9,14.9,False,2,29.8,NETS
BUG-20260604-0126,1,2026-06-04 20:35:30,Bugis,SOK-M-03,Men's Airism Low-Cut Socks,Socks,MEN,5.9,5.9,False,1,5.9,Card
BUG-20260604-0378,1,2026-06-04 13:43:54,bugis,SOK-W-04,Women's Ribbed Crew Socks,Socks,Women,5.9,5.9,False,1,5.9,Card
BUG-20260604-0594,1,2026-06-04 20:13:16,Bugis,TOP-M-01,Men's Airism Cotton Crew Neck T-Shirt,Tops,Men,14.9,14.9,False,1,14.9,Card
BUG-20260604-0867,1,2026-06-04 21:06:46,Bugis,SOK-W-01,Women's Ankle Socks 3-Pack,Socks,Women,14.9,14.9,False,1,14.9,Card
ORC-20260604-1436,3,2026-06-04 13:11:23,Orchard Central,UND-W-03,Women's Cotton Blend Briefs,Underwear,Women,9.9,9.9,False,2,19.8,NETS
BUG-20260604-0120,1,2026-06-04 17:44:07,Bugis,SOK-M-02,Men's Pile Crew Socks,Socks,Men,5.9,5.9,False,1,5.9,PayNow
BUG-20260604-0689,3,2026-06-04 16:45:47,Bugis,UND-M-01,Men's Airism Boxer Briefs,Underwear,Men,14.9,14.9,False,1,14.9,PayNow
ORC-20260604-0110,3,2026-06-04 15:08:05,Orchard Central,SOK-M-03,Men's Airism Low-Cut Socks,Socks,Men,5.9,5.9,False,2,11.8,Card
PUN-20260604-0176,1,2026-06-04 20:19:58,Punggol,BTM-M-04,Men's Dry Stretch Shorts,Bottoms,Men,19.9,19.9,False,1,19.9,PayNow
BUG-20260604-0546,2,2026-06-04 18:35:54,Bugis,TOP-W-01,Women's Airism Cotton Crew Neck T-Shirt,Tops,Women,14.9,14.9,False,1,14.9,PAYNOW
ORC-20260604-0388,2,2026-06-04 17:05:15,Orchard Central,UND-M-04,Men's Cotton Crew Neck Undershirt,Underwear,MEN,14.9,14.9,False,1,14.9,Card
ORC-20260604-0459,1,2026-06-04 21:59:55,orchard central,UND-M-06,Men's Airism Sleeveless Undershirt,Underwear,Men,9.9,9.9,False,1,9.9,NETS
BUG-20260604-0555,3,2026-06-04 13:53:45,  Bugis  ,SOK-W-04,Women's Ribbed Crew Socks,Socks,Women,5.9,5.9,False,1,5.9,Card
ORC-20260604-1238,1,2026-06-04 20:34:27,Orchard Central,SOK-M-09,Men's No-Show Sneaker Socks,Socks,Men,4.11,5.9,True,1,4.11,Card
ORC-20260604-1429,3,2026-06-04 15:04:37,Orchard Central,TOP-M-01,Men's Airism Cotton Crew Neck T-Shirt,Tops,Men,14.9,14.9,False,1,14.9,Card
ORC-20260604-0555,1,2026-06-04 17:26:30,Orchard Central,SOK-W-02,Women's Pile Crew Socks,Socks,Women,5.9,5.9,False,1,5.9,Cash
BUG-20260604-0122,2,2026-06-04 11:05:31,Bugis,BTM-M-04,Men's Dry Stretch Shorts,Bottoms,Men,19.9,19.9,False,1,19.9,Card
ORC-20260604-1144,2,2026-06-04 21:29:26,Orchard Central,SOK-M-03,Men's Airism Low-Cut Socks,socks,Men,5.9,5.9,False,2,11.8,PayNow
ORC-20260604-0126,1,2026-06-04 18:17:04,Orchard Central,SOK-M-04,Men's Ribbed Crew Socks,Socks,Men,5.9,5.9,False,1,5.9,PayNow
BUG-20260604-0411,2,2026-06-04 17:28:04,Bugis,UND-W-03,Women's Cotton Blend Briefs,Underwear,Women,9.9,9.9,False,1,9.9,Card
BUG-20260604-0511,2,2026-06-04 20:39:38,Bugis,SOK-W-02,  Women's Pile Crew Socks  ,Socks,Women,5.9,5.9,False,1,5.9,Card
ORC-20260604-0196,1,2026-06-04 16:27:32,Orchard Central,SOK-M-09,Men's No-Show Sneaker Socks,Socks,Men,4.11,5.9,True,1,4.11,Card
PUN-20260604-0100,1,2026-06-04 21:00:19,Punggol,SOK-W-02,Women's Pile Crew Socks,Socks,Women,5.9,5.9,False,1,5.9,Card
PUN-20260604-0531,2,2026-06-04 22:43:05,Punggol,BTM-W-04,Women's Denim Straight Jeans,Bottoms,women,49.9,49.9,False,1,49.9,Card
BUG-20260604-0802,3,2026-06-04 19:57:09,Bugis,UND-W-02,Women's Wireless Bra,Underwear,Women,29.9,29.9,False,1,29.9,nets
ORC-20260604-0278,1,2026-06-04 13:48:23,Orchard Central,BTM-W-03,Women's Ezy Ankle Pants,Bottoms,Women,29.9,29.9,False,1,29.9,PayNow
ORC-20260604-0783,1,2026-06-04 21:22:25,Orchard Central,TOP-M-02,Men's Supima Cotton Polo Shirt,Tops,Men,29.9,29.9,False,1,29.9,NETS
ORC-20260604-0871,1,2026-06-04 20:59:14,orchard central,SOK-W-02,Women's Pile Crew Socks,Socks,Women,$5.9,5.9,False,1,5.9,Card
PUN-20260604-0278,1,2026-06-04 16:20:47,Punggol,SOK-W-03,Women's Airism Low-Cut Socks,Socks,women,5.9,5.9,False,1,5.9,NETS
ORC-20260604-0454,3,2026-06-04 16:15:11,Orchard Central,UND-M-03,Men's Airism Mesh Boxer Briefs,Underwear,Men,14.9,14.9,False,1,14.9,Card
BUG-20260604-0419,3,2026-06-04 20:29:06,Bugis,SOK-M-01,  Men's Ankle Socks 3-Pack  ,Socks,Men,14.9,14.9,False,1,14.9,Card
PUN-20260604-0140,1,2026-06-04 20:36:35,Punggol,TOP-M-01,Men's Airism Cotton Crew Neck T-Shirt,Tops,Men,14.9,14.9,False,1,14.9,Cash
ORC-20260604-0740,2,2026-06-04 21:30:21,  Orchard Central  ,UND-W-03,  Women's Cotton Blend Briefs  ,Underwear,Women,9.9,9.9,False,2,19.8,PayNow
ORC-20260604-1326,2,2026-06-04 15:19:55,orchard central,TOP-W-01,Women's Airism Cotton Crew Neck T-Shirt,Tops,Women,14.9,14.9,False,1,14.9,nets
PUN-20260604-0292,2,2026-06-04 19:07:02,Punggol,SOK-M-08,Men's Cotton Blend Dress Socks,Socks,Men,9.9,9.9,False,1,9.9,NETS
ORC-20260604-0876,2,2026-06-04 20:33:57,Orchard Central,UND-M-01,  Men's Airism Boxer Briefs  ,Underwear,Men,14.9,14.9,False,1,14.9,PayNow
BUG-20260604-0296,2,2026-06-04 18:33:39,Bugis,UND-W-01,Women's Airism Bikini Shorts,underwear,Women,9.9,9.9,False,1,9.9,Nets
PUN-20260604-0256,3,2026-06-04 20:53:47,Punggol,TOP-W-04,Women's Heattech Crew Neck Long Sleeve Tee,Tops,Women,14.9,14.9,False,1,14.9,paynow
ORC-20260604-0277,1,2026-06-04 19:53:46,  Orchard Central  ,SOK-M-09,Men's No-Show Sneaker Socks,Socks,Men,4.11,5.9,True,1,4.11,Card
ORC-20260604-1002,1,2026-06-04 21:31:09,Orchard Central,TOP-W-01,Women's Airism Cotton Crew Neck T-Shirt,Tops,Women,14.9,14.9,False,1,14.9,Card
PUN-20260604-0304,1,2026-06-04 21:31:51,Punggol,TOP-W-07,  Women's Fleece Pullover Hoodie  ,Tops,Women,29.9,29.9,False,1,29.9,NETS
ORC-20260604-1202,3,2026-06-04 20:42:23,Orchard Central,TOP-W-01,Women's Airism Cotton Crew Neck T-Shirt,tops,Women,14.9,14.9,False,1,14.9,Card
PUN-20260604-0307,2,2026-06-04 20:59:14,Punggol,UND-W-01,Women's Airism Bikini Shorts,UNDERWEAR,Women,9.9,9.9,False,1,9.9,Card
PUN-20260604-0180,1,2026-06-04 19:04:33,Punggol,BTM-W-01,Women's Ultra Stretch Skinny Jeans,Bottoms,Women,39.9,39.9,False,1,39.9,Card
ORC-20260604-0687,3,2026-06-04 20:17:55,Orchard Central,TOP-M-01,Men's Airism Cotton Crew Neck T-Shirt,Tops,Men,14.9,14.9,False,1,14.9,Card
PUN-20260604-0378,1,2026-06-04 20:22:23,Punggol,UND-M-02,Men's Cotton Blend Trunks,Underwear,Men,14.9,14.9,False,1,14.9,Card
BUG-20260604-0190,3,2026-06-04 21:16:55,Bugis,SOK-M-03,Men's Airism Low-Cut Socks,SOCKS,Men,5.9,5.9,False,2,11.8,PayNow
ORC-20260604-0730,2,2026-06-04 15:04:27,orchard central,SOK-M-07,Men's Striped Crew Socks,Socks,Men,5.9,5.9,False,1,5.9,Cash
PUN-20260604-0230,1,2026-06-04 20:47:55,Punggol,TOP-W-02,Women's Ribbed Long Sleeve Turtleneck,Tops,Women,19.9,19.9,False,1,19.9,Card
PUN-20260604-0353,3,2026-06-04 18:05:14,Punggol,SOK-M-02,Men's Pile Crew Socks,Socks,men,5.9,5.9,False,1,5.9,Card
ORC-20260604-1227,1,2026-06-04 18:28:05,Orchard Central,SOK-M-02,Men's Pile Crew Socks,Socks,MEN,$5.9,5.9,False,1,5.9,Cash
BUG-20260604-0025,2,2026-06-04 11:58:48,Bugis,BTM-M-02,Men's Slim Fit Chino Trousers,Bottoms,Men,29.9,29.9,False,1,29.9,Card
BUG-20260604-0743,2,2026-06-04 20:17:48,Bugis,UND-W-03,Women's Cotton Blend Briefs,Underwear,Women,9.9,9.9,False,1,9.9,PayNow
ORC-20260604-1435,1,2026-06-04 22:26:20,  ORCHARD CENTRAL  ,UND-M-03,Men's Airism Mesh Boxer Briefs,Underwear,Men,14.9,14.9,False,1,14.9,Card
BUG-20260604-0878,3,2026-06-04 13:10:19,Bugis,BTM-M-02,Men's Slim Fit Chino Trousers,Bottoms,Men,29.9,29.9,False,1,$29.9,PayNow
BUG-20260604-0248,1,2026-06-04 15:35:56,Bugis,BTM-W-02,Women's High-Rise Wide Leg Pants,Bottoms,Women,39.9,39.9,False,1,39.9,PayNow
ORC-20260604-0109,1,2026-06-04 13:22:02,Orchard Central,SOK-M-01,Men's Ankle Socks 3-Pack,Socks,Men,14.9,14.9,False,1,14.9,NETS
BUG-20260604-0106,2,2026-06-04 22:08:13,Bugis,TOP-W-02,Women's Ribbed Long Sleeve Turtleneck,Tops,Women,19.9,19.9,False,1,19.9,CASH
ORC-20260604-0279,2,2026-06-04 21:18:24,  Orchard Central  ,SOK-W-01,Women's Ankle Socks 3-Pack,Socks,Women,14.9,14.9,False,1,14.9,Card
ORC-20260604-0876,3,2026-06-04 20:33:57,Orchard Central,TOP-M-04,Men's Oxford Long Sleeve Shirt,Tops,Men,29.9,29.9,False,1,29.9,PayNow
ORC-20260604-1051,1,2026-06-04 11:26:53,Orchard Central,BTM-M-02,Men's Slim Fit Chino Trousers,bottoms,Men,29.9,29.9,False,1,29.9,Card
BUG-20260604-0692,2,2026-06-04 15:05:30,Bugis,SOK-M-03,Men's Airism Low-Cut Socks,Socks,Men,5.9,5.9,False,1,5.9,NETS
ORC-20260604-0246,2,2026-06-04 20:10:28,Orchard Central,SOK-M-04,Men's Ribbed Crew Socks,Socks,Men,5.9,5.9,False,1,$5.9,Cash
PUN-20260604-0569,1,2026-06-04 20:29:33,Punggol,BTM-M-08,Men's Relaxed Fit Denim Shorts,Bottoms,Men,22.99,29.9,True,1,22.99,NETS
ORC-20260604-1323,1,2026-06-04 14:23:46,Orchard Central,UND-M-03,Men's Airism Mesh Boxer Briefs,Underwear,Men,14.9,14.9,False,1,14.9,Card
ORC-20260604-0263,3,2026-06-04 17:00:39,Orchard Central,TOP-W-02,Women's Ribbed Long Sleeve Turtleneck,Tops,Women,19.9,19.9,False,1,19.9,PayNow
BUG-20260604-0232,2,2026-06-04 15:16:58,Bugis,SOK-W-02,Women's Pile Crew Socks,Socks,Women,5.9,5.9,False,1,5.9,Card
BUG-20260604-0772,1,2026-06-04 17:16:14,Bugis,SOK-M-04,Men's Ribbed Crew Socks,Socks,Men,5.9,5.9,False,2,11.8,PayNow
PUN-20260604-0091,1,2026-06-04 19:34:43,Punggol,BTM-M-08,Men's Relaxed Fit Denim Shorts,Bottoms,Men,22.99,29.9,True,1,22.99,Card
ORC-20260604-0736,1,2026-06-04 19:31:46,Orchard Central,UND-W-04,Women's Airism T-Shirt Bra,underwear,Women,29.9,29.9,False,1,29.9,Card
ORC-20260604-0564,2,2026-06-04 13:35:48,orchard central,UND-M-04,Men's Cotton Crew Neck Undershirt,Underwear,Men,14.9,14.9,False,1,14.9,PayNow
ORC-20260604-0944,1,2026-06-04 20:45:36,Orchard Central,SOK-M-01,Men's Ankle Socks 3-Pack,Socks,men,14.9,14.9,False,1,14.9,Cash
ORC-20260604-1049,2,2026-06-04 21:28:32,orchard central,TOP-M-03,Men's Dry-EX Crew Neck T-Shirt,Tops,Men,19.9,19.9,False,1,19.9,Cash
BUG-20260604-0455,2,2026-06-04 18:49:10,bugis,SOK-W-03,Women's Airism Low-Cut Socks,Socks,Women,5.9,5.9,False,1,5.9,Card
ORC-20260604-0243,1,2026-06-04 16:19:13,ORCHARD CENTRAL,SOK-W-03,Women's Airism Low-Cut Socks,socks,Women,5.9,5.9,False,1,5.9,Cash
ORC-20260604-0018,1,2026-06-04 13:05:35,Orchard Central,UND-M-02,Men's Cotton Blend Trunks,Underwear,men,14.9,14.9,False,1,14.9,Cash
BUG-20260604-0613,3,2026-06-04 19:24:05,Bugis,UND-W-03,Women's Cotton Blend Briefs,underwear,Women,9.9,9.9,False,1,9.9,PayNow
PUN-20260604-0215,3,2026-06-04 14:47:09,  Punggol  ,BTM-W-04,Women's Denim Straight Jeans,Bottoms,Women,49.9,49.9,False,1,49.9,NETS
PUN-20260604-0284,1,2026-06-04 16:21:47,Punggol,BTM-W-03,Women's Ezy Ankle Pants,Bottoms,Women,29.9,29.9,False,1,29.9,Card
PUN-20260604-0093,2,2026-06-04 19:25:36,  Punggol  ,BTM-W-03,Women's Ezy Ankle Pants,Bottoms,Women,29.9,29.9,False,1,29.9,NETS
ORC-20260604-0453,1,2026-06-04 17:34:16,Orchard Central,BTM-M-04,Men's Dry Stretch Shorts,Bottoms,Men,19.9,19.9,False,1,19.9,Card
ORC-20260604-1228,1,2026-06-04 21:33:58,ORCHARD CENTRAL,SOK-W-02,  Women's Pile Crew Socks  ,Socks,Women,5.9,5.9,False,1,5.9,Card
BUG-20260604-0841,2,2026-06-04 18:56:23,Bugis,BTM-W-04,Women's Denim Straight Jeans,Bottoms,Women,49.9,49.9,False,1,49.9,Cash
ORC-20260604-1024,2,2026-06-04 19:41:14,Orchard Central,BTM-M-04,Men's Dry Stretch Shorts,Bottoms,Men,19.9,19.9,False,1,19.9,card
ORC-20260604-1425,1,2026-06-04 16:22:11,Orchard Central,BTM-W-03,Women's Ezy Ankle Pants,Bottoms,WOMEN,29.9,29.9,False,1,29.9,Cash
BUG-20260604-0308,2,2026-06-04 22:15:43,Bugis,BTM-W-10,Women's High Waist Denim Shorts,Bottoms,Women,29.9,29.9,False,1,29.9,Cash
BUG-20260604-0008,1,2026-06-04 20:02:10,Bugis,BTM-W-03,  Women's Ezy Ankle Pants  ,Bottoms,Women,29.9,29.9,False,1,29.9,Card
ORC-20260604-0452,3,2026-06-04 22:28:22,Orchard Central,SOK-W-02,Women's Pile Crew Socks,Socks,Women,5.9,5.9,False,1,5.9,PayNow
ORC-20260604-1382,1,2026-06-04 15:15:19,orchard central,TOP-M-03,Men's Dry-EX Crew Neck T-Shirt,Tops,Men,19.9,19.9,False,1,19.9,PayNow
ORC-20260604-1373,2,2026-06-04 20:42:02,Orchard Central,TOP-M-01,Men's Airism Cotton Crew Neck T-Shirt,Tops,Men,14.9,14.9,False,1,14.9,PayNow
BUG-20260604-0766,1,2026-06-04 14:59:18,BUGIS,BTM-M-04,Men's Dry Stretch Shorts,Bottoms,Men,19.9,19.9,False,1,19.9,Card
BUG-20260604-0510,1,2026-06-04 17:45:22,Bugis,UND-W-03,Women's Cotton Blend Briefs,Underwear,Women,9.9,9.9,False,1,9.9,Cash
BUG-20260604-0155,1,2026-06-04 22:57:56,  bugis  ,SOK-W-01,Women's Ankle Socks 3-Pack,Socks,Women,14.9,14.9,False,1,14.9,Card
ORC-20260604-0908,1,2026-06-04 21:29:09,Orchard Central,TOP-M-04,Men's Oxford Long Sleeve Shirt,Tops,Men,29.9,29.9,False,1,29.9,Cash
BUG-20260604-0888,2,2026-06-04 19:47:00,Bugis,SOK-M-03,Men's Airism Low-Cut Socks,Socks,Men,5.9,5.9,False,1,$5.9,PayNow
ORC-20260604-1364,1,2026-06-04 19:55:22,Orchard Central,TOP-M-04,Men's Oxford Long Sleeve Shirt,Tops,Men,29.9,29.9,False,1,29.9,CARD
ORC-20260604-0638,1,2026-06-04 22:10:03,ORCHARD CENTRAL,TOP-M-02,Men's Supima Cotton Polo Shirt,Tops,Men,29.9,29.9,False,1,29.9,PayNow
BUG-20260604-0291,3,2026-06-04 19:50:09,Bugis,BTM-W-03,Women's Ezy Ankle Pants,bottoms,Women,29.9,29.9,False,1,29.9,PayNow
ORC-20260604-0063,1,2026-06-04 21:17:27,Orchard Central,BTM-M-05,Men's Wide Fit Cargo Pants,Bottoms,Men,39.9,39.9,False,1,39.9,Card
PUN-20260604-0424,2,2026-06-04 21:54:22,Punggol,SOK-W-02,Women's Pile Crew Socks,Socks,Women,5.9,5.9,False,1,5.9,NETS
ORC-20260604-0743,1,2026-06-04 13:16:58,Orchard Central,BTM-M-04,Men's Dry Stretch Shorts,Bottoms,Men,19.9,19.9,False,1,$19.9,Card
ORC-20260604-1393,2,2026-06-04 18:23:18,Orchard Central,SOK-M-02,Men's Pile Crew Socks,socks,Men,5.9,5.9,False,1,5.9,Cash
PUN-20260604-0168,1,2026-06-04 19:22:04,PUNGGOL,SOK-W-03,Women's Airism Low-Cut Socks,Socks,women,5.9,5.9,False,1,5.9,PayNow
ORC-20260604-0838,1,2026-06-04 19:33:24,Orchard Central,SOK-W-03,Women's Airism Low-Cut Socks,Socks,Women,5.9,5.9,False,2,11.8,PayNow
ORC-20260604-0442,2,2026-06-04 13:45:24,Orchard Central,BTM-M-01,Men's Ezy Ankle Pants,Bottoms,Men,29.9,29.9,False,1,29.9,Card
BUG-20260604-0849,2,2026-06-04 11:44:54,Bugis,SOK-M-02,Men's Pile Crew Socks,Socks,Men,5.9,5.9,False,1,5.9,Card
ORC-20260604-0171,3,2026-06-04 12:32:33,orchard central,UND-M-01,Men's Airism Boxer Briefs,Underwear,Men,14.9,14.9,False,1,14.9,Card
PUN-20260604-0586,1,2026-06-04 15:47:12,Punggol,UND-W-03,Women's Cotton Blend Briefs,Underwear,Women,9.9,9.9,False,1,9.9,PayNow
BUG-20260604-0618,1,2026-06-04 13:08:06,Bugis,UND-W-03,Women's Cotton Blend Briefs,Underwear,Women,9.9,9.9,False,1,$9.9,Cash
ORC-20260604-0544,1,2026-06-04 17:10:24,orchard central,SOK-M-09,Men's No-Show Sneaker Socks,Socks,Men,4.11,5.9,True,1,4.11,PayNow
ORC-20260604-0139,1,2026-06-04 20:54:09,Orchard Central,SOK-W-01,Women's Ankle Socks 3-Pack,Socks,Women,14.9,14.9,False,1,14.9,Cash
ORC-20260604-0072,1,2026-06-04 20:05:28,Orchard Central,UND-W-03,Women's Cotton Blend Briefs,Underwear,Women,9.9,9.9,False,1,9.9,NETS
ORC-20260604-1206,1,2026-06-04 20:34:29,Orchard Central,SOK-M-04,Men's Ribbed Crew Socks,Socks,Men,5.9,5.9,False,1,5.9,Card
PUN-20260604-0399,1,2026-06-04 18:04:04,  Punggol  ,SOK-M-01,Men's Ankle Socks 3-Pack,Socks,Men,14.9,14.9,False,1,14.9,PayNow
ORC-20260604-0969,1,2026-06-04 20:49:23,Orchard Central,TOP-W-01,Women's Airism Cotton Crew Neck T-Shirt,Tops,WOMEN,14.9,14.9,False,1,14.9,NETS
PUN-20260604-0168,2,2026-06-04 19:22:04,Punggol,SOK-M-01,Men's Ankle Socks 3-Pack,Socks,Men,14.9,14.9,False,1,14.9,PayNow
PUN-20260604-0186,1,2026-06-04 20:22:57,PUNGGOL,SOK-M-03,  Men's Airism Low-Cut Socks  ,socks,Men,5.9,5.9,False,1,5.9,Card
ORC-20260604-0036,2,2026-06-04 20:00:58,Orchard Central,SOK-M-01,Men's Ankle Socks 3-Pack,Socks,Men,14.9,14.9,False,1,14.9,Card
ORC-20260604-0538,1,2026-06-04 20:15:24,Orchard Central,SOK-W-02,Women's Pile Crew Socks,SOCKS,Women,5.9,5.9,False,1,5.9,PayNow
ORC-20260604-0524,2,2026-06-04 21:10:56,orchard central,SOK-W-02,Women's Pile Crew Socks,Socks,Women,5.9,5.9,False,1,5.9,NETS
PUN-20260604-0444,1,2026-06-04 12:57:38,  Punggol  ,TOP-M-01,Men's Airism Cotton Crew Neck T-Shirt,Tops,Men,14.9,14.9,False,1,14.9,Card
PUN-20260604-0190,3,2026-06-04 17:55:41,Punggol,SOK-M-02,Men's Pile Crew Socks,Socks,Men,5.9,5.9,False,1,5.9,PayNow
ORC-20260604-1083,1,2026-06-04 19:50:22,Orchard Central,TOP-W-01,Women's Airism Cotton Crew Neck T-Shirt,TOPS,Women,14.9,14.9,False,1,14.9,PayNow
PUN-20260604-0090,1,2026-06-04 21:21:43,Punggol,UND-W-02,Women's Wireless Bra,Underwear,Women,29.9,29.9,False,1,29.9,Card
BUG-20260604-0469,2,2026-06-04 16:42:49,Bugis,UND-M-04,Men's Cotton Crew Neck Undershirt,Underwear,MEN,14.9,14.9,False,1,14.9,Card
BUG-20260604-0561,1,2026-06-04 20:24:23,Bugis,UND-M-08,Men's Airism V-Neck Undershirt,Underwear,Men,9.9,9.9,False,1,9.9,Card
PUN-20260604-0549,1,2026-06-04 14:28:18,Punggol,SOK-M-02,Men's Pile Crew Socks,Socks,Men,5.9,5.9,False,1,5.9,NETS
BUG-20260604-0417,2,2026-06-04 22:49:16,Bugis,TOP-M-01,Men's Airism Cotton Crew Neck T-Shirt,Tops,Men,14.9,14.9,False,1,14.9,NETS
ORC-20260604-0897,1,2026-06-04 19:42:06,Orchard Central,SOK-M-03,Men's Airism Low-Cut Socks,Socks,Men,5.9,5.9,False,1,5.9,Cash
BUG-20260604-0672,2,2026-06-04 12:59:27,Bugis,SOK-M-07,Men's Striped Crew Socks,Socks,Men,5.9,5.9,False,1,5.9,Cash
ORC-20260604-1191,1,2026-06-04 21:03:12,ORCHARD CENTRAL,SOK-M-04,  Men's Ribbed Crew Socks  ,Socks,Men,5.9,5.9,False,1,5.9,NETS
ORC-20260604-0940,1,2026-06-04 13:39:11,Orchard Central,SOK-W-02,Women's Pile Crew Socks,Socks,Women,5.9,5.9,False,1,5.9,paynow
BUG-20260604-0775,2,2026-06-04 16:19:31,Bugis,SOK-M-02,Men's Pile Crew Socks,Socks,Men,5.9,5.9,False,1,5.9,Card
BUG-20260604-0213,2,2026-06-04 16:35:42,Bugis,UND-W-02,  Women's Wireless Bra  ,Underwear,Women,29.9,29.9,False,1,29.9,Cash
ORC-20260604-1375,1,2026-06-04 19:24:05,Orchard Central,SOK-W-03,Women's Airism Low-Cut Socks,Socks,Women,5.9,5.9,False,1,5.9,Card
PUN-20260604-0389,2,2026-06-04 21:48:53,Punggol,UND-W-03,Women's Cotton Blend Briefs,Underwear,Women,9.9,9.9,False,1,9.9,Card
ORC-20260604-0141,1,2026-06-04 18:19:31,Orchard Central,UND-M-01,  Men's Airism Boxer Briefs  ,Underwear,Men,14.9,14.9,False,2,29.8,PayNow
BUG-20260604-0716,1,2026-06-04 20:04:22,Bugis,SOK-M-04,Men's Ribbed Crew Socks,socks,Men,5.9,5.9,False,1,5.9,NETS
ORC-20260604-0022,3,2026-06-04 14:07:24,Orchard Central,UND-M-01,Men's Airism Boxer Briefs,Underwear,Men,14.9,14.9,False,1,14.9,Card
ORC-20260604-0006,1,2026-06-04 11:28:43,Orchard Central,TOP-W-01,Women's Airism Cotton Crew Neck T-Shirt,Tops,Women,14.9,14.9,False,1,14.9,Cash
ORC-20260604-1227,2,2026-06-04 18:28:05,Orchard Central,SOK-W-03,Women's Airism Low-Cut Socks,Socks,Women,5.9,5.9,False,1,5.9,Cash
ORC-20260604-0800,1,2026-06-04 15:00:16,Orchard Central,SOK-W-02,Women's Pile Crew Socks,Socks,Women,5.9,5.9,False,1,5.9,PAYNOW
ORC-20260604-0986,3,2026-06-04 20:24:20,Orchard Central,SOK-M-09,Men's No-Show Sneaker Socks,Socks,Men,4.11,5.9,True,1,4.11,Card
ORC-20260604-0834,1,2026-06-04 11:05:56,Orchard Central,BTM-M-02,Men's Slim Fit Chino Trousers,Bottoms,Men,29.9,29.9,False,1,29.9,Card
ORC-20260604-1425,3,2026-06-04 16:22:11,Orchard Central,SOK-M-03,Men's Airism Low-Cut Socks,Socks,Men,$5.9,5.9,False,1,5.9,Cash
ORC-20260604-1380,1,2026-06-04 20:02:44,Orchard Central,SOK-W-02,Women's Pile Crew Socks,socks,women,5.9,5.9,False,1,5.9,Card
BUG-20260604-0580,1,2026-06-04 22:59:09,bugis,SOK-W-03,Women's Airism Low-Cut Socks,Socks,Women,5.9,5.9,False,1,5.9,NETS
ORC-20260604-0784,1,2026-06-04 18:59:10,Orchard Central,SOK-M-03,  Men's Airism Low-Cut Socks  ,Socks,Men,5.9,5.9,False,1,5.9,Card
PUN-20260604-0228,3,2026-06-04 20:17:46,Punggol,SOK-W-02,Women's Pile Crew Socks,Socks,Women,5.9,5.9,False,2,11.8,PayNow
ORC-20260604-1202,1,2026-06-04 20:42:23,Orchard Central,SOK-W-03,Women's Airism Low-Cut Socks,Socks,Women,5.9,5.9,False,1,5.9,Card
ORC-20260604-0233,1,2026-06-04 19:58:58,Orchard Central,SOK-W-02,Women's Pile Crew Socks,Socks,Women,5.9,5.9,False,1,5.9,paynow
ORC-20260604-1187,1,2026-06-04 20:31:09,Orchard Central,TOP-M-03,Men's Dry-EX Crew Neck T-Shirt,Tops,Men,19.9,19.9,False,1,19.9,Cash
ORC-20260604-0460,2,2026-06-04 22:43:24,Orchard Central,TOP-W-01,Women's Airism Cotton Crew Neck T-Shirt,Tops,WOMEN,14.9,14.9,False,1,14.9,Cash
BUG-20260604-0835,2,2026-06-04 15:11:17,Bugis,UND-W-03,Women's Cotton Blend Briefs,UNDERWEAR,Women,9.9,9.9,False,1,9.9,NETS
PUN-20260604-0381,1,2026-06-04 20:19:20,Punggol,UND-M-01,Men's Airism Boxer Briefs,Underwear,Men,14.9,14.9,False,1,14.9,PayNow
ORC-20260604-1458,2,2026-06-04 19:53:10,Orchard Central,UND-M-03,Men's Airism Mesh Boxer Briefs,Underwear,Men,14.9,14.9,False,1,14.9,NETS
ORC-20260604-0494,2,2026-06-04 14:57:51,Orchard Central,SOK-W-02,Women's Pile Crew Socks,Socks,Women,5.9,5.9,False,1,5.9,Card
BUG-20260604-0819,2,2026-06-04 20:55:34,Bugis,UND-W-03,Women's Cotton Blend Briefs,underwear,Women,9.9,9.9,False,1,9.9,NETS
ORC-20260604-1002,2,2026-06-04 21:31:09,ORCHARD CENTRAL,SOK-W-03,Women's Airism Low-Cut Socks,Socks,Women,5.9,5.9,False,1,5.9,CARD
BUG-20260604-0192,1,2026-06-04 19:01:22,Bugis,SOK-W-02,  Women's Pile Crew Socks  ,Socks,Women,5.9,5.9,False,1,5.9,NETS
ORC-20260604-0937,2,2026-06-04 19:24:00,Orchard Central,SOK-W-02,Women's Pile Crew Socks,Socks,Women,5.9,5.9,False,2,11.8,NETS
ORC-20260604-0103,3,2026-06-04 14:29:03,orchard central,SOK-W-02,Women's Pile Crew Socks,Socks,Women,5.9,5.9,False,1,5.9,Card
ORC-20260604-1205,2,2026-06-04 13:23:55,Orchard Central,SOK-M-04,Men's Ribbed Crew Socks,Socks,Men,5.9,5.9,False,1,5.9,PAYNOW
PUN-20260604-0190,1,2026-06-04 17:55:41,Punggol,SOK-W-02,Women's Pile Crew Socks,Socks,Women,5.9,5.9,False,1,5.9,PayNow
BUG-20260604-0606,1,2026-06-04 20:20:33,Bugis,SOK-W-02,Women's Pile Crew Socks,Socks,Women,5.9,5.9,False,1,5.9,NETS
BUG-20260604-0727,2,2026-06-04 18:12:36,Bugis,TOP-M-01,Men's Airism Cotton Crew Neck T-Shirt,Tops,Men,14.9,14.9,False,1,14.9,PAYNOW
ORC-20260604-0665,1,2026-06-04 18:01:09,Orchard Central,SOK-M-07,Men's Striped Crew Socks,Socks,Men,5.9,5.9,False,1,5.9,Card
BUG-20260604-0713,2,2026-06-04 20:43:10,  Bugis  ,SOK-W-02,Women's Pile Crew Socks,Socks,WOMEN,5.9,5.9,False,1,5.9,nets
BUG-20260604-0588,1,2026-06-04 14:59:47,bugis,SOK-M-07,Men's Striped Crew Socks,Socks,Men,5.9,5.9,False,1,5.9,Card
BUG-20260604-0656,1,2026-06-04 22:27:57,Bugis,TOP-W-02,Women's Ribbed Long Sleeve Turtleneck,Tops,Women,19.9,19.9,False,1,19.9,Card
ORC-20260604-0799,1,2026-06-04 20:50:29,Orchard Central,UND-M-04,Men's Cotton Crew Neck Undershirt,Underwear,Men,14.9,14.9,False,2,29.8,PayNow
PUN-20260604-0146,2,2026-06-04 20:20:47,punggol,UND-M-04,Men's Cotton Crew Neck Undershirt,Underwear,Men,14.9,14.9,False,1,14.9,Card
BUG-20260604-0714,1,2026-06-04 21:15:01,bugis,UND-W-03,Women's Cotton Blend Briefs,Underwear,Women,9.9,9.9,False,1,9.9,Paynow
ORC-20260604-1146,1,2026-06-04 19:38:42,Orchard Central,UND-W-03,Women's Cotton Blend Briefs,Underwear,Women,9.9,9.9,False,1,9.9,Card
ORC-20260604-0779,2,2026-06-04 15:01:06,Orchard Central,SOK-M-04,  Men's Ribbed Crew Socks  ,Socks,Men,5.9,5.9,False,1,5.9,PayNow
BUG-20260604-0388,2,2026-06-04 19:01:16,Bugis,BTM-M-08,Men's Relaxed Fit Denim Shorts,Bottoms,Men,22.99,29.9,True,1,22.99,PayNow
ORC-20260604-0964,1,2026-06-04 18:53:07,Orchard Central,SOK-W-02,Women's Pile Crew Socks,Socks,Women,$5.9,5.9,False,2,11.8,NETS
ORC-20260604-1027,3,2026-06-04 18:14:38,Orchard Central,BTM-W-02,Women's High-Rise Wide Leg Pants,bottoms,WOMEN,39.9,39.9,False,1,39.9,Card
ORC-20260604-1167,2,2026-06-04 18:06:52,orchard central,SOK-W-02,Women's Pile Crew Socks,Socks,Women,5.9,5.9,False,1,5.9,Card
BUG-20260604-0366,1,2026-06-04 14:11:33,bugis,SOK-W-02,Women's Pile Crew Socks,Socks,Women,5.9,5.9,False,2,11.8,Card
ORC-20260604-1454,1,2026-06-04 17:30:59,Orchard Central,BTM-W-03,Women's Ezy Ankle Pants,Bottoms,Women,29.9,29.9,False,1,29.9,Card
BUG-20260604-0709,2,2026-06-04 21:07:14,Bugis,SOK-W-04,Women's Ribbed Crew Socks,Socks,Women,5.9,5.9,False,1,5.9,PayNow
BUG-20260604-0650,3,2026-06-04 21:09:30,Bugis,SOK-M-04,Men's Ribbed Crew Socks,Socks,men,5.9,5.9,False,1,5.9,NETS
PUN-20260604-0366,1,2026-06-04 13:31:20,PUNGGOL,UND-W-01,Women's Airism Bikini Shorts,Underwear,Women,9.9,9.9,False,2,19.8,Card
PUN-20260604-0031,1,2026-06-04 17:13:35,Punggol,SOK-M-04,Men's Ribbed Crew Socks,Socks,Men,5.9,5.9,False,2,11.8,Card
ORC-20260604-0178,1,2026-06-04 19:49:23,  Orchard Central  ,TOP-M-02,Men's Supima Cotton Polo Shirt,Tops,Men,29.9,29.9,False,1,29.9,Card
BUG-20260604-0702,1,2026-06-04 18:17:55,Bugis,SOK-W-02,Women's Pile Crew Socks,Socks,women,5.9,5.9,False,1,5.9,PayNow
BUG-20260604-0457,1,2026-06-04 21:59:56,Bugis,SOK-M-04,Men's Ribbed Crew Socks,socks,MEN,5.9,5.9,False,1,5.9,Card
ORC-20260604-0487,1,2026-06-04 21:35:11,  Orchard Central  ,SOK-M-04,Men's Ribbed Crew Socks,SOCKS,Men,5.9,5.9,False,1,5.9,Card
ORC-20260604-1270,1,2026-06-04 20:01:32,Orchard Central,UND-M-01,Men's Airism Boxer Briefs,Underwear,Men,14.9,14.9,False,1,14.9,PayNow
ORC-20260604-0208,1,2026-06-04 20:26:11,Orchard Central,UND-W-02,Women's Wireless Bra,Underwear,Women,29.9,29.9,False,1,29.9,NETS
ORC-20260604-0517,2,2026-06-04 21:06:14,  ORCHARD CENTRAL  ,SOK-W-01,Women's Ankle Socks 3-Pack,Socks,Women,14.9,14.9,False,1,14.9,Card
BUG-20260604-0782,2,2026-06-04 21:50:11,Bugis,TOP-M-03,Men's Dry-EX Crew Neck T-Shirt,Tops,Men,19.9,19.9,False,1,19.9,Card
ORC-20260604-0769,1,2026-06-04 19:42:38,Orchard Central,UND-M-02,Men's Cotton Blend Trunks,underwear,Men,14.9,14.9,False,1,14.9,Card
BUG-20260604-0377,2,2026-06-04 21:02:09,Bugis,BTM-W-03,  Women's Ezy Ankle Pants  ,Bottoms,Women,29.9,29.9,False,1,29.9,PayNow
BUG-20260604-0334,3,2026-06-04 13:47:16,Bugis,SOK-W-04,  Women's Ribbed Crew Socks  ,SOCKS,WOMEN,5.9,5.9,False,1,5.9,Card
ORC-20260604-1354,1,2026-06-04 20:13:59,Orchard Central,SOK-M-04,Men's Ribbed Crew Socks,Socks,Men,5.9,5.9,False,2,11.8,Card
ORC-20260604-0401,2,2026-06-04 18:37:24,Orchard Central,TOP-M-01,Men's Airism Cotton Crew Neck T-Shirt,Tops,Men,14.9,14.9,False,1,14.9,CARD
ORC-20260604-1081,1,2026-06-04 16:35:34,Orchard Central,BTM-M-02,Men's Slim Fit Chino Trousers,Bottoms,Men,29.9,29.9,False,1,29.9,Nets
ORC-20260604-0706,1,2026-06-04 17:40:24,Orchard Central,BTM-M-05,Men's Wide Fit Cargo Pants,Bottoms,Men,39.9,39.9,False,1,39.9,Card
ORC-20260604-0709,1,2026-06-04 15:32:33,Orchard Central,SOK-W-02,Women's Pile Crew Socks,Socks,Women,5.9,5.9,False,1,$5.9,Card
ORC-20260604-1277,1,2026-06-04 16:18:51,Orchard Central,SOK-W-02,Women's Pile Crew Socks,Socks,women,5.9,5.9,False,1,5.9,Card
BUG-20260604-0727,3,2026-06-04 18:12:36,Bugis,SOK-W-04,Women's Ribbed Crew Socks,Socks,Women,5.9,5.9,False,1,5.9,PAYNOW
BUG-20260604-0682,2,2026-06-04 21:08:40,Bugis,UND-M-04,Men's Cotton Crew Neck Undershirt,Underwear,Men,14.9,14.9,False,2,29.8,Card
ORC-20260604-1463,1,2026-06-04 15:16:05,Orchard Central,SOK-W-05,Women's Sport Ankle Socks,Socks,Women,5.9,5.9,False,1,5.9,PayNow
ORC-20260604-1326,1,2026-06-04 15:19:55,Orchard Central,SOK-W-01,Women's Ankle Socks 3-Pack,Socks,Women,14.9,14.9,False,1,14.9,Nets
ORC-20260604-0754,3,2026-06-04 21:54:26,Orchard Central,UND-M-03,Men's Airism Mesh Boxer Briefs,Underwear,Men,14.9,14.9,False,1,14.9,PayNow
BUG-20260604-0332,2,2026-06-04 17:14:08,Bugis,SOK-M-01,Men's Ankle Socks 3-Pack,Socks,Men,14.9,14.9,False,1,14.9,NETS
BUG-20260604-0580,2,2026-06-04 22:59:09,Bugis,SOK-W-02,Women's Pile Crew Socks,Socks,Women,5.9,5.9,False,1,5.9,NETS
ORC-20260604-1264,2,2026-06-04 13:47:01,Orchard Central,SOK-M-04,Men's Ribbed Crew Socks,Socks,Men,5.9,5.9,False,2,11.8,PayNow
PUN-20260604-0119,1,2026-06-04 21:09:25,  Punggol  ,UND-M-02,Men's Cotton Blend Trunks,Underwear,Men,14.9,14.9,False,2,29.8,PayNow
PUN-20260604-0008,1,2026-06-04 15:21:07,Punggol,SOK-M-07,  Men's Striped Crew Socks  ,socks,Men,5.9,5.9,False,1,5.9,PayNow
PUN-20260604-0015,2,2026-06-04 17:35:39,Punggol,BTM-W-02,  Women's High-Rise Wide Leg Pants  ,Bottoms,Women,39.9,39.9,False,1,39.9,PayNow
BUG-20260604-0635,3,2026-06-04 18:26:18,  Bugis  ,TOP-M-03,Men's Dry-EX Crew Neck T-Shirt,Tops,MEN,19.9,19.9,False,1,19.9,Card
ORC-20260604-0229,2,2026-06-04 20:24:30,  Orchard Central  ,SOK-M-03,Men's Airism Low-Cut Socks,Socks,Men,5.9,5.9,False,1,5.9,Cash
ORC-20260604-1429,1,2026-06-04 15:04:37,Orchard Central,SOK-W-03,  Women's Airism Low-Cut Socks  ,Socks,Women,5.9,5.9,False,1,5.9,Card
ORC-20260604-0630,1,2026-06-04 22:16:53,orchard central,UND-M-09,Men's Heattech Long Johns,Underwear,Men,19.9,19.9,False,1,19.9,Card
BUG-20260604-0587,2,2026-06-04 16:19:23,Bugis,SOK-W-03,Women's Airism Low-Cut Socks,Socks,Women,5.9,5.9,False,1,5.9,Card
BUG-20260604-0514,2,2026-06-04 19:59:16,Bugis,SOK-M-02,Men's Pile Crew Socks,Socks,Men,5.9,5.9,False,1,5.9,Cash
BUG-20260604-0784,2,2026-06-04 19:44:46,  BUGIS  ,UND-W-03,Women's Cotton Blend Briefs,Underwear,Women,9.9,9.9,False,2,19.8,Card
ORC-20260604-0547,1,2026-06-04 19:20:48,  Orchard Central  ,TOP-M-03,Men's Dry-EX Crew Neck T-Shirt,Tops,MEN,19.9,19.9,False,1,19.9,Card
BUG-20260604-0152,1,2026-06-04 19:37:35,Bugis,TOP-W-01,  Women's Airism Cotton Crew Neck T-Shirt  ,Tops,Women,14.9,14.9,False,1,14.9,Card
ORC-20260604-0091,2,2026-06-04 14:39:33,Orchard Central,SOK-M-09,Men's No-Show Sneaker Socks,Socks,Men,4.11,5.9,True,1,4.11,CARD
ORC-20260604-1340,1,2026-06-04 21:35:47,Orchard Central,BTM-W-03,Women's Ezy Ankle Pants,Bottoms,WOMEN,29.9,29.9,False,1,29.9,Card
BUG-20260604-0015,1,2026-06-04 16:46:45,Bugis,UND-M-04,Men's Cotton Crew Neck Undershirt,Underwear,men,14.9,14.9,False,1,14.9,Card
BUG-20260604-0538,2,2026-06-04 13:10:54,Bugis,UND-W-03,Women's Cotton Blend Briefs,Underwear,Women,9.9,9.9,False,2,19.8,PayNow
PUN-20260604-0176,2,2026-06-04 20:19:58,Punggol,UND-W-03,Women's Cotton Blend Briefs,Underwear,Women,9.9,9.9,False,1,9.9,PayNow
BUG-20260604-0081,2,2026-06-04 18:58:23,Bugis,TOP-M-01,Men's Airism Cotton Crew Neck T-Shirt,Tops,Men,14.9,14.9,False,1,14.9,Card
BUG-20260604-0576,2,2026-06-04 19:28:04,Bugis,BTM-M-01,Men's Ezy Ankle Pants,bottoms,Men,29.9,29.9,False,1,29.9,Card
ORC-20260604-0785,2,2026-06-04 17:52:56,Orchard Central,SOK-M-02,Men's Pile Crew Socks,Socks,Men,5.9,5.9,False,1,5.9,Card
ORC-20260604-0447,2,2026-06-04 14:16:00,Orchard Central,SOK-M-02,Men's Pile Crew Socks,SOCKS,Men,5.9,5.9,False,1,5.9,Card
ORC-20260604-1305,2,2026-06-04 22:29:45,Orchard Central,TOP-W-02,Women's Ribbed Long Sleeve Turtleneck,Tops,WOMEN,19.9,19.9,False,1,19.9,NETS
ORC-20260604-0489,2,2026-06-04 15:16:45,Orchard Central,TOP-M-03,Men's Dry-EX Crew Neck T-Shirt,Tops,Men,19.9,19.9,False,1,19.9,Card
ORC-20260604-1301,1,2026-06-04 19:24:11,Orchard Central,SOK-W-02,Women's Pile Crew Socks,Socks,Women,5.9,5.9,False,1,5.9,Nets
PUN-20260604-0288,2,2026-06-04 21:05:37,Punggol,TOP-W-02,Women's Ribbed Long Sleeve Turtleneck,Tops,Women,19.9,19.9,False,1,19.9,Card
ORC-20260604-1393,1,2026-06-04 18:23:18,Orchard Central,SOK-W-03,Women's Airism Low-Cut Socks,Socks,Women,5.9,5.9,False,1,5.9,Cash
ORC-20260604-0549,1,2026-06-04 18:12:43,Orchard Central,SOK-M-03,  Men's Airism Low-Cut Socks  ,Socks,Men,5.9,5.9,False,1,5.9,Card
BUG-20260604-0620,1,2026-06-04 18:58:58,Bugis,SOK-W-01,Women's Ankle Socks 3-Pack,Socks,Women,14.9,14.9,False,2,29.8,Card
ORC-20260604-0072,2,2026-06-04 20:05:28,Orchard Central,UND-M-02,Men's Cotton Blend Trunks,Underwear,Men,14.9,14.9,False,2,29.8,Nets
ORC-20260604-0837,2,2026-06-04 17:34:41,Orchard Central,BTM-M-02,Men's Slim Fit Chino Trousers,Bottoms,Men,29.9,29.9,False,1,29.9,Card
PUN-20260604-0142,3,2026-06-04 11:31:57,Punggol,UND-M-04,Men's Cotton Crew Neck Undershirt,underwear,Men,14.9,14.9,False,2,29.8,PayNow
ORC-20260604-0714,1,2026-06-04 18:29:38,Orchard Central,SOK-M-02,Men's Pile Crew Socks,socks,Men,5.9,5.9,False,1,5.9,NETS
ORC-20260604-1152,1,2026-06-04 15:13:38,Orchard Central,TOP-M-04,Men's Oxford Long Sleeve Shirt,Tops,Men,29.9,29.9,False,1,29.9,NETS
BUG-20260604-0281,1,2026-06-04 17:36:19,bugis,TOP-W-01,Women's Airism Cotton Crew Neck T-Shirt,Tops,Women,14.9,14.9,False,1,14.9,Card
PUN-20260604-0167,1,2026-06-04 20:37:11,Punggol,UND-M-01,Men's Airism Boxer Briefs,UNDERWEAR,Men,14.9,14.9,False,1,14.9,NETS
BUG-20260604-0172,3,2026-06-04 15:21:21,Bugis,BTM-W-03,Women's Ezy Ankle Pants,Bottoms,WOMEN,29.9,29.9,False,1,29.9,Card
BUG-20260604-0541,1,2026-06-04 16:34:11,Bugis,UND-W-01,  Women's Airism Bikini Shorts  ,Underwear,Women,9.9,9.9,False,1,9.9,Card
BUG-20260604-0759,1,2026-06-04 19:59:23,Bugis,UND-M-04,Men's Cotton Crew Neck Undershirt,Underwear,Men,14.9,14.9,False,1,14.9,PayNow
BUG-20260604-0480,2,2026-06-04 20:12:15,BUGIS,BTM-M-01,Men's Ezy Ankle Pants,Bottoms,Men,29.9,29.9,False,1,29.9,Cash
ORC-20260604-1330,1,2026-06-04 14:53:50,Orchard Central,UND-M-01,Men's Airism Boxer Briefs,Underwear,Men,14.9,14.9,False,1,14.9,Card
ORC-20260604-0847,3,2026-06-04 18:03:53,Orchard Central,SOK-M-02,Men's Pile Crew Socks,Socks,Men,5.9,5.9,False,1,5.9,PayNow
BUG-20260604-0114,1,2026-06-04 21:59:38,Bugis,UND-W-03,Women's Cotton Blend Briefs,Underwear,WOMEN,9.9,9.9,False,1,9.9,NETS
PUN-20260604-0284,3,2026-06-04 16:21:47,Punggol,BTM-M-04,Men's Dry Stretch Shorts,Bottoms,Men,19.9,19.9,False,1,19.9,Card
ORC-20260604-0218,3,2026-06-04 20:57:54,Orchard Central,UND-M-02,Men's Cotton Blend Trunks,Underwear,Men,14.9,14.9,False,1,14.9,Card
BUG-20260604-0547,3,2026-06-04 14:55:19,Bugis,BTM-W-03,Women's Ezy Ankle Pants,Bottoms,Women,29.9,29.9,False,1,29.9,Card
PUN-20260604-0341,2,2026-06-04 16:24:09,Punggol,SOK-W-04,  Women's Ribbed Crew Socks  ,Socks,Women,5.9,5.9,False,1,5.9,NETS
PUN-20260604-0078,1,2026-06-04 14:27:28,Punggol,SOK-M-04,Men's Ribbed Crew Socks,Socks,Men,5.9,5.9,False,1,$5.9,card
BUG-20260604-0038,1,2026-06-04 13:20:27,Bugis,SOK-M-02,Men's Pile Crew Socks,Socks,Men,5.9,5.9,False,1,5.9,Card
BUG-20260604-0726,1,2026-06-04 21:50:24,Bugis,SOK-W-06,Women's Heattech Socks,Socks,Women,9.9,9.9,False,1,9.9,Card
ORC-20260604-0273,2,2026-06-04 14:33:07,Orchard Central,SOK-W-09,Women's No-Show Sneaker Socks,Socks,Women,5.9,5.9,False,1,5.9,Card
ORC-20260604-0464,2,2026-06-04 17:32:56,Orchard Central,UND-W-03,Women's Cotton Blend Briefs,Underwear,Women,9.9,9.9,False,2,19.8,Card
ORC-20260604-1359,3,2026-06-04 15:17:33,Orchard Central,SOK-W-03,  Women's Airism Low-Cut Socks  ,Socks,Women,5.9,5.9,False,2,11.8,PayNow
PUN-20260604-0303,1,2026-06-04 21:35:03,PUNGGOL,BTM-W-03,Women's Ezy Ankle Pants,Bottoms,Women,29.9,29.9,False,1,29.9,PayNow
ORC-20260604-0023,1,2026-06-04 18:40:42,Orchard Central,SOK-W-01,Women's Ankle Socks 3-Pack,Socks,Women,14.9,14.9,False,1,14.9,Cash
BUG-20260604-0808,2,2026-06-04 19:54:11,Bugis,BTM-M-08,Men's Relaxed Fit Denim Shorts,Bottoms,Men,22.99,29.9,True,1,22.99,NETS
BUG-20260604-0462,1,2026-06-04 20:27:51,Bugis,UND-W-01,Women's Airism Bikini Shorts,Underwear,WOMEN,9.9,9.9,False,1,9.9,card
ORC-20260604-0951,1,2026-06-04 12:06:05,Orchard Central,TOP-W-02,Women's Ribbed Long Sleeve Turtleneck,Tops,women,19.9,19.9,False,1,19.9,Card
BUG-20260604-0779,1,2026-06-04 19:58:56,Bugis,UND-W-06,Women's Lace Trim Briefs,Underwear,Women,9.9,9.9,False,1,9.9,Card
ORC-20260604-1271,1,2026-06-04 13:09:41,  Orchard Central  ,SOK-M-01,Men's Ankle Socks 3-Pack,Socks,Men,14.9,14.9,False,2,29.8,PayNow
ORC-20260604-0245,1,2026-06-04 13:46:43,Orchard Central,UND-M-04,Men's Cotton Crew Neck Undershirt,Underwear,Men,14.9,14.9,False,1,14.9,Card
PUN-20260604-0527,1,2026-06-04 19:57:16,Punggol,TOP-M-02,Men's Supima Cotton Polo Shirt,Tops,Men,29.9,29.9,False,1,29.9,Card
BUG-20260604-0836,1,2026-06-04 11:22:41,Bugis,SOK-W-02,Women's Pile Crew Socks,Socks,women,5.9,5.9,False,1,5.9,Card
ORC-20260604-0471,3,2026-06-04 22:07:37,Orchard Central,SOK-M-09,  Men's No-Show Sneaker Socks  ,Socks,Men,4.11,5.9,True,1,4.11,NETS
PUN-20260604-0141,2,2026-06-04 22:06:01,Punggol,SOK-W-04,  Women's Ribbed Crew Socks  ,Socks,Women,5.9,5.9,False,1,5.9,Card
ORC-20260604-0643,3,2026-06-04 12:12:30,Orchard Central,SOK-W-01,Women's Ankle Socks 3-Pack,Socks,Women,14.9,14.9,False,1,$14.9,Card
BUG-20260604-0847,1,2026-06-04 21:42:02,Bugis,UND-M-04,Men's Cotton Crew Neck Undershirt,Underwear,Men,14.9,14.9,False,1,14.9,Card
PUN-20260604-0218,1,2026-06-04 21:22:07,Punggol,UND-W-01,Women's Airism Bikini Shorts,Underwear,Women,9.9,9.9,False,1,9.9,Card
BUG-20260604-0376,1,2026-06-04 20:38:56,bugis,SOK-W-02,Women's Pile Crew Socks,SOCKS,Women,5.9,5.9,False,1,5.9,card
ORC-20260604-1060,1,2026-06-04 17:24:06,Orchard Central,SOK-M-09,Men's No-Show Sneaker Socks,Socks,Men,4.11,5.9,True,1,4.11,PayNow
BUG-20260604-0697,2,2026-06-04 20:18:29,Bugis,TOP-W-01,Women's Airism Cotton Crew Neck T-Shirt,Tops,WOMEN,14.9,14.9,False,1,$14.9,Cash
ORC-20260604-0036,1,2026-06-04 20:00:58,  Orchard Central  ,UND-W-02,Women's Wireless Bra,underwear,Women,29.9,29.9,False,2,59.8,Card
BUG-20260604-0586,2,2026-06-04 14:10:12,Bugis,SOK-M-01,Men's Ankle Socks 3-Pack,Socks,Men,14.9,14.9,False,1,14.9,Card
ORC-20260604-0069,3,2026-06-04 20:47:59,Orchard Central,SOK-W-03,Women's Airism Low-Cut Socks,Socks,Women,5.9,5.9,False,1,5.9,NETS
ORC-20260604-0480,3,2026-06-04 16:52:33,Orchard Central,SOK-M-09,Men's No-Show Sneaker Socks,Socks,Men,4.11,5.9,True,1,4.11,NETS
PUN-20260604-0431,2,2026-06-04 15:15:42,Punggol,UND-W-01,Women's Airism Bikini Shorts,Underwear,Women,9.9,9.9,False,1,9.9,Card
BUG-20260604-0204,2,2026-06-04 16:44:43,Bugis,UND-W-05,Women's Seamless Shorts,Underwear,Women,9.9,9.9,False,2,19.8,Cash
PUN-20260604-0469,3,2026-06-04 19:12:59,punggol,SOK-M-02,Men's Pile Crew Socks,Socks,Men,5.9,5.9,False,1,5.9,Cash
ORC-20260604-0727,3,2026-06-04 21:31:22,Orchard Central,SOK-W-02,,SOCKS,Women,5.9,5.9,False,1,5.9,CARD
BUG-20260604-0786,1,2026-06-04 20:37:28,Bugis,TOP-W-03,Women's Silky Satin Blouse,Tops,Women,39.9,39.9,False,1,39.9,Card
BUG-20260604-0144,3,2026-06-04 14:38:16,  Bugis  ,TOP-M-02,  Men's Supima Cotton Polo Shirt  ,Tops,Men,29.9,29.9,False,1,29.9,NETS
PUN-20260604-0022,1,2026-06-04 11:52:30,Punggol,UND-M-03,Men's Airism Mesh Boxer Briefs,Underwear,Men,14.9,14.9,False,1,14.9,Card
ORC-20260604-0307,3,2026-06-04 12:56:30,  Orchard Central  ,TOP-M-02,Men's Supima Cotton Polo Shirt,Tops,Men,29.9,29.9,False,1,29.9,Cash
ORC-20260604-0510,1,2026-06-04 21:08:44,Orchard Central,SOK-W-08,Women's Lace Trim Ankle Socks,Socks,Women,5.9,5.9,False,1,5.9,PAYNOW
BUG-20260604-0031,2,2026-06-04 21:53:51,Bugis,SOK-W-03,Women's Airism Low-Cut Socks,Socks,Women,5.9,5.9,False,1,$5.9,PayNow
BUG-20260604-0315,3,2026-06-04 12:21:51,Bugis,BTM-M-04,Men's Dry Stretch Shorts,Bottoms,Men,19.9,19.9,False,1,19.9,PayNow
BUG-20260604-0722,1,2026-06-04 20:33:20,bugis,TOP-M-02,Men's Supima Cotton Polo Shirt,Tops,Men,29.9,29.9,False,1,29.9,PayNow
PUN-20260604-0147,1,2026-06-04 19:05:27,  Punggol  ,TOP-W-02,,Tops,Women,19.9,19.9,False,1,19.9,Cash
ORC-20260604-1203,1,2026-06-04 22:17:51,Orchard Central,SOK-M-02,Men's Pile Crew Socks,Socks,men,5.9,5.9,False,1,5.9,Card
PUN-20260604-0128,1,2026-06-04 20:08:05,PUNGGOL,BTM-W-02,Women's High-Rise Wide Leg Pants,Bottoms,women,39.9,39.9,False,1,39.9,
PUN-20260604-0296,2,2026-06-04 13:38:58,Punggol,SOK-M-03,Men's Airism Low-Cut Socks,SOCKS,Men,5.9,5.9,False,2,11.8,PayNow
BUG-20260604-0240,2,2026-06-04 13:40:15,Bugis,SOK-M-04,Men's Ribbed Crew Socks,Socks,Men,5.9,5.9,False,1,5.9,PayNow
PUN-20260604-0313,1,2026-06-04 22:44:37,punggol,UND-M-01,Men's Airism Boxer Briefs,Underwear,MEN,14.9,14.9,False,1,14.9,Cash
BUG-20260604-0563,2,2026-06-04 22:35:35,Bugis,UND-W-03,Women's Cotton Blend Briefs,Underwear,Women,9.9,9.9,False,1,9.9,PayNow
PUN-20260604-0107,3,2026-06-04 20:22:10,  Punggol  ,UND-M-04,Men's Cotton Crew Neck Undershirt,underwear,Men,14.9,14.9,False,1,14.9,PayNow
ORC-20260604-1267,1,2026-06-04 19:21:02,Orchard Central,UND-M-09,Men's Heattech Long Johns,Underwear,Men,19.9,19.9,False,1,19.9,Card
PUN-20260604-0439,3,2026-06-04 18:04:12,punggol,UND-M-02,Men's Cotton Blend Trunks,Underwear,Men,$14.9,14.9,False,1,14.9,PayNow
ORC-20260604-1148,1,2026-06-04 17:37:31,Orchard Central,TOP-M-04,Men's Oxford Long Sleeve Shirt,Tops,men,29.9,29.9,False,1,29.9,PayNow
ORC-20260604-0674,3,2026-06-04 18:24:30,Orchard Central,BTM-M-01,Men's Ezy Ankle Pants,Bottoms,MEN,29.9,29.9,False,1,29.9,NETS
ORC-20260604-1383,3,2026-06-04 13:03:07,Orchard Central,SOK-M-02,Men's Pile Crew Socks,Socks,Men,5.9,5.9,False,1,5.9,Card
PUN-20260604-0258,1,2026-06-04 20:35:05,Punggol,UND-W-04,Women's Airism T-Shirt Bra,Underwear,Women,29.9,29.9,False,1,29.9,Card
ORC-20260604-0929,1,2026-06-04 13:47:52,Orchard Central,SOK-W-02,Women's Pile Crew Socks,Socks,Women,5.9,5.9,False,2,11.8,Card
ORC-20260604-0442,1,2026-06-04 13:45:24,Orchard Central,SOK-M-09,Men's No-Show Sneaker Socks,socks,Men,4.11,5.9,True,1,4.11,Card
PUN-20260604-0039,2,2026-06-04 20:23:13,Punggol,BTM-M-02,  Men's Slim Fit Chino Trousers  ,Bottoms,men,29.9,29.9,False,1,29.9,Card
BUG-20260604-0571,1,2026-06-04 20:47:10,Bugis,UND-M-01,Men's Airism Boxer Briefs,Underwear,Men,14.9,14.9,False,1,14.9,Card
ORC-20260604-0997,1,2026-06-04 22:31:17,Orchard Central,TOP-W-02,Women's Ribbed Long Sleeve Turtleneck,Tops,Women,19.9,19.9,False,1,19.9,PayNow
ORC-20260604-1378,2,2026-06-04 18:01:59,Orchard Central,BTM-W-02,Women's High-Rise Wide Leg Pants,Bottoms,Women,39.9,39.9,False,1,39.9,Card
BUG-20260604-0516,1,2026-06-04 21:05:42,Bugis,TOP-M-04,Men's Oxford Long Sleeve Shirt,Tops,Men,29.9,29.9,False,1,29.9,NETS
PUN-20260604-0344,1,2026-06-04 20:04:15,Punggol,BTM-W-03,Women's Ezy Ankle Pants,Bottoms,Women,29.9,29.9,False,1,29.9,NETS
ORC-20260604-0103,1,2026-06-04 14:29:03,Orchard Central,BTM-W-02,Women's High-Rise Wide Leg Pants,Bottoms,Women,39.9,39.9,False,1,39.9,Card
BUG-20260604-0473,2,2026-06-04 19:25:41,Bugis,SOK-M-03,Men's Airism Low-Cut Socks,Socks,Men,5.9,5.9,False,1,5.9,NETS
BUG-20260604-0857,3,2026-06-04 22:00:56,Bugis,UND-M-08,Men's Airism V-Neck Undershirt,Underwear,men,9.9,9.9,False,2,19.8,NETS
ORC-20260604-0135,2,2026-06-04 19:43:32,Orchard Central,TOP-M-10,Men's Merino Blend V-Neck Sweater,Tops,Men,39.9,39.9,False,1,39.9,
ORC-20260604-0921,2,2026-06-04 18:59:10,Orchard Central,BTM-M-04,Men's Dry Stretch Shorts,Bottoms,Men,19.9,19.9,False,1,19.9,PayNow
ORC-20260604-1456,1,2026-06-04 20:16:22,Orchard Central,UND-W-02,Women's Wireless Bra,Underwear,Women,29.9,29.9,False,1,29.9,Card
BUG-20260604-0203,2,2026-06-04 11:09:14,Bugis,UND-W-01,Women's Airism Bikini Shorts,Underwear,Women,9.9,9.9,False,1,9.9,Card
BUG-20260604-0036,2,2026-06-04 12:34:12,Bugis,SOK-M-02,Men's Pile Crew Socks,Socks,Men,5.9,5.9,False,1,5.9,Card
BUG-20260604-0565,1,2026-06-04 19:33:53,Bugis,BTM-W-10,Women's High Waist Denim Shorts,Bottoms,Women,29.9,29.9,False,1,29.9,Card
ORC-20260604-0603,1,2026-06-04 12:32:35,Orchard Central,SOK-W-03,Women's Airism Low-Cut Socks,Socks,Women,5.9,5.9,False,2,11.8,Card
ORC-20260604-0506,3,2026-06-04 21:44:45,Orchard Central,BTM-M-07,Men's Smart Ankle Pants,Bottoms,MEN,39.9,39.9,False,1,39.9,PayNow
ORC-20260604-0855,1,2026-06-04 21:08:30,Orchard Central,SOK-M-03,Men's Airism Low-Cut Socks,Socks,Men,5.9,5.9,False,1,5.9,Card
ORC-20260604-1209,2,2026-06-04 20:32:59,Orchard Central,SOK-W-03,Women's Airism Low-Cut Socks,Socks,Women,5.9,5.9,False,1,5.9,Card
ORC-20260604-0598,2,2026-06-04 17:49:34,orchard central,SOK-M-04,Men's Ribbed Crew Socks,Socks,Men,5.9,5.9,False,2,11.8,NETS
BUG-20260604-0430,2,2026-06-04 21:56:54,Bugis,SOK-W-01,Women's Ankle Socks 3-Pack,Socks,Women,14.9,14.9,False,1,14.9,PayNow
BUG-20260604-0490,1,2026-06-04 19:48:59,Bugis,SOK-W-02,Women's Pile Crew Socks,Socks,Women,5.9,5.9,False,2,11.8,Card
ORC-20260604-1151,2,2026-06-04 20:46:53,Orchard Central,SOK-M-09,Men's No-Show Sneaker Socks,socks,Men,4.11,5.9,True,1,4.11,Card
PUN-20260604-0200,1,2026-06-04 16:18:37,Punggol,UND-M-02,Men's Cotton Blend Trunks,Underwear,Men,14.9,14.9,False,1,14.9,Card
ORC-20260604-0157,2,2026-06-04 17:34:10,ORCHARD CENTRAL,SOK-M-04,Men's Ribbed Crew Socks,Socks,Men,5.9,5.9,False,1,5.9,Card
ORC-20260604-0280,1,2026-06-04 16:39:15,Orchard Central,SOK-W-06,Women's Heattech Socks,Socks,Women,9.9,9.9,False,1,9.9,Card
BUG-20260604-0590,2,2026-06-04 21:04:16,Bugis,TOP-W-01,Women's Airism Cotton Crew Neck T-Shirt,Tops,Women,14.9,14.9,False,1,14.9,NETS
PUN-20260604-0549,2,2026-06-04 14:28:18,PUNGGOL,UND-W-01,Women's Airism Bikini Shorts,Underwear,Women,9.9,9.9,False,1,9.9,NETS
BUG-20260604-0799,3,2026-06-04 19:32:36,Bugis,SOK-M-07,Men's Striped Crew Socks,socks,Men,5.9,5.9,False,1,5.9,
PUN-20260604-0457,1,2026-06-04 19:41:26,Punggol,SOK-M-02,Men's Pile Crew Socks,Socks,Men,5.9,5.9,False,1,5.9,Card
ORC-20260604-0162,3,2026-06-04 18:10:57,orchard central,SOK-M-04,Men's Ribbed Crew Socks,Socks,Men,5.9,5.9,False,1,5.9,Paynow
ORC-20260604-0052,1,2026-06-04 12:55:49,Orchard Central,SOK-W-02,Women's Pile Crew Socks,Socks,Women,5.9,5.9,False,1,5.9,PayNow
ORC-20260604-0849,2,2026-06-04 21:01:25,Orchard Central,SOK-M-07,Men's Striped Crew Socks,SOCKS,Men,5.9,5.9,False,1,5.9,PayNow
BUG-20260604-0188,1,2026-06-04 19:19:37,Bugis,BTM-M-01,Men's Ezy Ankle Pants,BOTTOMS,Men,29.9,29.9,False,1,29.9,Card
ORC-20260604-0874,1,2026-06-04 18:07:00,Orchard Central,SOK-W-03,Women's Airism Low-Cut Socks,Socks,Women,5.9,5.9,False,1,5.9,Card
PUN-20260604-0356,1,2026-06-04 21:57:36,Punggol,UND-M-04,  Men's Cotton Crew Neck Undershirt  ,Underwear,Men,14.9,14.9,False,1,14.9,Paynow
PUN-20260604-0439,2,2026-06-04 18:04:12,Punggol,SOK-M-02,Men's Pile Crew Socks,Socks,men,5.9,5.9,False,1,5.9,PayNow
ORC-20260604-0407,3,2026-06-04 22:55:15,  Orchard Central  ,SOK-M-03,Men's Airism Low-Cut Socks,Socks,Men,5.9,5.9,False,1,5.9,Card
ORC-20260604-0629,2,2026-06-04 13:38:05,Orchard Central,UND-W-02,Women's Wireless Bra,Underwear,Women,29.9,29.9,False,2,59.8,Card
PUN-20260604-0143,1,2026-06-04 17:51:36,Punggol,SOK-W-04,Women's Ribbed Crew Socks,Socks,Women,5.9,5.9,False,1,5.9,Card
ORC-20260604-0150,3,2026-06-04 19:56:24,orchard central,SOK-M-09,Men's No-Show Sneaker Socks,Socks,Men,4.11,5.9,True,2,8.22,PayNow
BUG-20260604-0011,1,2026-06-04 12:04:21,Bugis,UND-W-03,Women's Cotton Blend Briefs,Underwear,WOMEN,9.9,9.9,False,2,19.8,NETS
BUG-20260604-0476,1,2026-06-04 15:53:03,Bugis,TOP-M-01,Men's Airism Cotton Crew Neck T-Shirt,Tops,MEN,14.9,14.9,False,1,14.9,Card
BUG-20260604-0652,2,2026-06-04 19:28:10,Bugis,SOK-M-04,Men's Ribbed Crew Socks,SOCKS,Men,5.9,5.9,False,1,5.9,Card
PUN-20260604-0160,2,2026-06-04 21:37:29,Punggol,UND-W-01,Women's Airism Bikini Shorts,Underwear,Women,$9.9,9.9,False,1,9.9,Card
ORC-20260604-1377,1,2026-06-04 19:45:40,orchard central,UND-M-02,Men's Cotton Blend Trunks,Underwear,Men,14.9,14.9,False,1,14.9,Cash
BUG-20260604-0848,2,2026-06-04 21:55:54,Bugis,BTM-W-04,Women's Denim Straight Jeans,BOTTOMS,Women,49.9,49.9,False,1,49.9,CARD
BUG-20260604-0024,2,2026-06-04 19:07:34,Bugis,SOK-W-03,Women's Airism Low-Cut Socks,Socks,Women,5.9,5.9,False,1,5.9,Card
ORC-20260604-0056,2,2026-06-04 21:06:12,Orchard Central,SOK-W-03,Women's Airism Low-Cut Socks,Socks,Women,5.9,5.9,False,2,11.8,Cash
ORC-20260604-1349,1,2026-06-04 19:48:52,Orchard Central,SOK-M-09,Men's No-Show Sneaker Socks,socks,Men,4.11,5.9,True,1,4.11,PayNow
ORC-20260604-0032,2,2026-06-04 13:41:40,Orchard Central,SOK-M-01,Men's Ankle Socks 3-Pack,Socks,Men,14.9,14.9,False,1,14.9,CASH
ORC-20260604-0958,2,2026-06-04 21:25:39,Orchard Central,UND-W-03,Women's Cotton Blend Briefs,Underwear,Women,9.9,9.9,False,2,19.8,Cash
ORC-20260604-1460,1,2026-06-04 20:42:51,Orchard Central,TOP-M-03,Men's Dry-EX Crew Neck T-Shirt,Tops,Men,19.9,19.9,False,1,19.9,Card
BUG-20260604-0710,3,2026-06-04 20:55:42,  Bugis  ,UND-M-01,  Men's Airism Boxer Briefs  ,underwear,Men,14.9,14.9,False,1,14.9,NETS
ORC-20260604-1355,1,2026-06-04 16:41:59,  Orchard Central  ,SOK-W-06,Women's Heattech Socks,Socks,WOMEN,9.9,9.9,False,1,9.9,PayNow
PUN-20260604-0404,2,2026-06-04 20:26:06,Punggol,BTM-M-03,Men's Selvedge Regular Fit Jeans,Bottoms,Men,59.9,59.9,False,1,59.9,Cash
ORC-20260604-0347,1,2026-06-04 22:31:42,Orchard Central,TOP-M-02,Men's Supima Cotton Polo Shirt,Tops,Men,29.9,29.9,False,1,29.9,paynow
BUG-20260604-0098,1,2026-06-04 20:15:14,Bugis,UND-M-08,Men's Airism V-Neck Undershirt,Underwear,Men,9.9,9.9,False,1,9.9,Card
ORC-20260604-0825,1,2026-06-04 14:46:39,Orchard Central,SOK-W-09,Women's No-Show Sneaker Socks,Socks,Women,5.9,5.9,False,1,5.9,Card
PUN-20260604-0264,2,2026-06-04 21:32:01,Punggol,UND-M-04,Men's Cotton Crew Neck Undershirt,Underwear,Men,14.9,14.9,False,1,14.9,NETS
PUN-20260604-0547,2,2026-06-04 15:50:03,Punggol,TOP-M-04,Men's Oxford Long Sleeve Shirt,Tops,Men,29.9,29.9,False,1,29.9,card
BUG-20260604-0668,2,2026-06-04 19:33:33,BUGIS,SOK-M-04,Men's Ribbed Crew Socks,Socks,Men,5.9,5.9,False,1,5.9,PayNow
BUG-20260604-0246,1,2026-06-04 20:20:19,Bugis,SOK-M-01,Men's Ankle Socks 3-Pack,SOCKS,Men,14.9,14.9,False,1,14.9,Card
ORC-20260604-0577,1,2026-06-04 21:22:09,Orchard Central,SOK-M-09,Men's No-Show Sneaker Socks,Socks,men,4.11,5.9,True,1,4.11,
ORC-20260604-0065,1,2026-06-04 14:58:55,Orchard Central,UND-M-03,Men's Airism Mesh Boxer Briefs,Underwear,Men,14.9,14.9,False,1,14.9,PayNow
ORC-20260604-0274,1,2026-06-04 18:51:26,Orchard Central,UND-M-02,Men's Cotton Blend Trunks,Underwear,Men,14.9,14.9,False,1,14.9,Card
ORC-20260604-0392,1,2026-06-04 19:03:14,orchard central,BTM-M-01,Men's Ezy Ankle Pants,Bottoms,Men,29.9,29.9,False,1,29.9,Card
ORC-20260604-0486,2,2026-06-04 11:52:32,Orchard Central,UND-W-03,Women's Cotton Blend Briefs,Underwear,Women,9.9,9.9,False,1,9.9,PAYNOW
ORC-20260604-1004,2,2026-06-04 18:22:54,Orchard Central,TOP-W-01,Women's Airism Cotton Crew Neck T-Shirt,tops,Women,14.9,14.9,False,1,14.9,NETS
BUG-20260604-0095,3,2026-06-04 18:43:14,Bugis,TOP-W-02,Women's Ribbed Long Sleeve Turtleneck,Tops,Women,19.9,19.9,False,1,19.9,Card
BUG-20260604-0775,1,2026-06-04 16:19:31,Bugis,SOK-M-04,Men's Ribbed Crew Socks,Socks,men,5.9,5.9,False,1,5.9,Card
PUN-20260604-0566,3,2026-06-04 18:01:59,Punggol,SOK-M-02,Men's Pile Crew Socks,Socks,Men,5.9,5.9,False,1,5.9,Cash
ORC-20260604-1011,1,2026-06-04 17:17:57,Orchard Central,UND-W-04,Women's Airism T-Shirt Bra,Underwear,Women,29.9,29.9,False,1,29.9,Paynow
ORC-20260604-0644,2,2026-06-04 21:24:00,Orchard Central,SOK-M-09,Men's No-Show Sneaker Socks,Socks,Men,4.11,5.9,True,1,4.11,Card
ORC-20260604-0127,1,2026-06-04 15:37:26,Orchard Central,TOP-M-03,  Men's Dry-EX Crew Neck T-Shirt  ,Tops,MEN,19.9,19.9,False,1,19.9,card
ORC-20260604-0455,2,2026-06-04 19:10:27,Orchard Central,SOK-M-09,  Men's No-Show Sneaker Socks  ,Socks,Men,4.11,5.9,True,1,4.11,Card
ORC-20260604-0515,2,2026-06-04 21:19:45,orchard central,UND-M-04,Men's Cotton Crew Neck Undershirt,Underwear,Men,14.9,14.9,False,1,14.9,CASH
PUN-20260604-0213,1,2026-06-04 20:31:32,  Punggol  ,UND-W-01,Women's Airism Bikini Shorts,Underwear,Women,9.9,9.9,False,1,9.9,card
BUG-20260604-0406,1,2026-06-04 21:28:35,Bugis,UND-W-01,Women's Airism Bikini Shorts,Underwear,Women,9.9,9.9,False,1,9.9,PayNow
ORC-20260604-0790,3,2026-06-04 13:08:11,Orchard Central,SOK-W-05,Women's Sport Ankle Socks,Socks,Women,5.9,5.9,False,1,5.9,NETS
ORC-20260604-1364,2,2026-06-04 19:55:22,Orchard Central,SOK-W-08,Women's Lace Trim Ankle Socks,socks,Women,5.9,5.9,False,1,5.9,Card
ORC-20260604-0694,1,2026-06-04 14:23:17,  Orchard Central  ,SOK-M-03,Men's Airism Low-Cut Socks,Socks,Men,5.9,5.9,False,1,5.9,PayNow
ORC-20260604-0945,1,2026-06-04 18:17:04,Orchard Central,UND-M-04,Men's Cotton Crew Neck Undershirt,Underwear,Men,14.9,14.9,False,1,14.9,Cash
ORC-20260604-1356,1,2026-06-04 14:01:19,Orchard Central,SOK-W-03,Women's Airism Low-Cut Socks,SOCKS,Women,5.9,5.9,False,1,5.9,card
ORC-20260604-0408,3,2026-06-04 22:34:47,Orchard Central,TOP-M-01,Men's Airism Cotton Crew Neck T-Shirt,TOPS,Men,14.9,14.9,False,1,14.9,PayNow
BUG-20260604-0794,2,2026-06-04 20:31:47,Bugis,TOP-M-01,Men's Airism Cotton Crew Neck T-Shirt,Tops,Men,14.9,14.9,False,1,14.9,CARD
PUN-20260604-0157,2,2026-06-04 14:47:55,Punggol,TOP-W-03,Women's Silky Satin Blouse,Tops,Women,39.9,39.9,False,1,39.9,Card
ORC-20260604-0817,2,2026-06-04 11:54:11,Orchard Central,SOK-W-09,Women's No-Show Sneaker Socks,socks,Women,5.9,5.9,False,1,5.9,Paynow
BUG-20260604-0316,2,2026-06-04 22:50:48,Bugis,TOP-M-01,Men's Airism Cotton Crew Neck T-Shirt,Tops,Men,14.9,14.9,False,1,14.9,cash
PUN-20260604-0537,2,2026-06-04 20:53:52,  Punggol  ,SOK-M-07,Men's Striped Crew Socks,Socks,men,5.9,5.9,False,1,5.9,Card
BUG-20260604-0674,2,2026-06-04 20:46:24,Bugis,TOP-M-02,Men's Supima Cotton Polo Shirt,Tops,Men,29.9,29.9,False,1,29.9,
ORC-20260604-0625,1,2026-06-04 19:47:23,Orchard Central,SOK-M-03,Men's Airism Low-Cut Socks,Socks,Men,5.9,5.9,False,1,5.9,Cash
BUG-20260604-0027,2,2026-06-04 18:46:37,  Bugis  ,SOK-M-04,Men's Ribbed Crew Socks,Socks,Men,5.9,5.9,False,1,5.9,NETS
PUN-20260604-0068,2,2026-06-04 13:21:26,Punggol,SOK-M-07,Men's Striped Crew Socks,Socks,Men,5.9,5.9,False,1,5.9,PayNow
ORC-20260604-1423,2,2026-06-04 12:24:24,Orchard Central,TOP-M-01,Men's Airism Cotton Crew Neck T-Shirt,Tops,Men,14.9,14.9,False,1,14.9,PayNow
ORC-20260604-0745,1,2026-06-04 18:31:31,  Orchard Central  ,SOK-M-01,Men's Ankle Socks 3-Pack,Socks,Men,14.9,14.9,False,1,14.9,Card
PUN-20260604-0089,1,2026-06-04 21:07:22,Punggol,UND-M-03,Men's Airism Mesh Boxer Briefs,Underwear,Men,$14.9,14.9,False,1,14.9,
ORC-20260604-0748,3,2026-06-04 18:42:16,Orchard Central,SOK-W-02,Women's Pile Crew Socks,Socks,Women,5.9,5.9,False,1,5.9,PayNow
ORC-20260604-0123,1,2026-06-04 13:13:11,Orchard Central,UND-W-07,Women's Heattech Camisole,Underwear,Women,14.9,14.9,False,1,14.9,Card
PUN-20260604-0276,1,2026-06-04 17:46:25,Punggol,UND-M-01,Men's Airism Boxer Briefs,UNDERWEAR,Men,14.9,14.9,False,1,14.9,NETS
BUG-20260604-0030,2,2026-06-04 19:44:14,Bugis,SOK-W-04,Women's Ribbed Crew Socks,Socks,Women,5.9,5.9,False,1,5.9,PayNow
ORC-20260604-0051,1,2026-06-04 11:52:01,orchard central,SOK-M-01,Men's Ankle Socks 3-Pack,Socks,Men,14.9,14.9,False,1,14.9,Cash
ORC-20260604-0632,3,2026-06-04 19:03:57,Orchard Central,TOP-W-01,Women's Airism Cotton Crew Neck T-Shirt,TOPS,WOMEN,14.9,14.9,False,1,14.9,cash
PUN-20260604-0424,1,2026-06-04 21:54:22,Punggol,SOK-W-03,Women's Airism Low-Cut Socks,Socks,Women,5.9,5.9,False,1,5.9,NETS
PUN-20260604-0561,2,2026-06-04 15:56:35,Punggol,SOK-W-03,Women's Airism Low-Cut Socks,Socks,Women,5.9,5.9,False,1,5.9,Card
BUG-20260604-0010,1,2026-06-04 13:17:58,Bugis,UND-W-04,Women's Airism T-Shirt Bra,Underwear,Women,29.9,29.9,False,2,59.8,Cash
BUG-20260604-0146,1,2026-06-04 14:39:32,bugis,UND-M-04,Men's Cotton Crew Neck Undershirt,Underwear,Men,14.9,14.9,False,1,14.9,PayNow
PUN-20260604-0530,1,2026-06-04 20:51:48,Punggol,BTM-W-06,Women's Jersey Jogger Pants,bottoms,Women,21.94,29.9,True,1,21.94,Card
ORC-20260604-0256,1,2026-06-04 11:47:22,Orchard Central,SOK-M-04,Men's Ribbed Crew Socks,Socks,Men,5.9,5.9,False,1,5.9,Cash
BUG-20260604-0494,1,2026-06-04 16:37:56,Bugis,UND-W-02,Women's Wireless Bra,Underwear,Women,29.9,29.9,False,1,29.9,Card
PUN-20260604-0187,1,2026-06-04 16:33:48,Punggol,UND-W-03,Women's Cotton Blend Briefs,Underwear,Women,9.9,9.9,False,1,9.9,NETS
ORC-20260604-0875,1,2026-06-04 19:21:32,Orchard Central,SOK-W-08,Women's Lace Trim Ankle Socks,Socks,women,$5.9,5.9,False,1,5.9,NETS
ORC-20260604-1343,1,2026-06-04 18:37:39,Orchard Central,BTM-M-02,Men's Slim Fit Chino Trousers,Bottoms,Men,29.9,29.9,False,1,29.9,PayNow
BUG-20260604-0729,1,2026-06-04 17:13:28,Bugis,SOK-W-04,Women's Ribbed Crew Socks,Socks,Women,5.9,5.9,False,1,5.9,Cash
ORC-20260604-0231,1,2026-06-04 11:20:50,  Orchard Central  ,UND-M-01,  Men's Airism Boxer Briefs  ,Underwear,Men,14.9,14.9,False,1,14.9,
ORC-20260604-1434,1,2026-06-04 19:16:30,  Orchard Central  ,SOK-M-04,Men's Ribbed Crew Socks,Socks,Men,5.9,5.9,False,1,5.9,Card
PUN-20260604-0148,2,2026-06-04 22:59:21,PUNGGOL,UND-W-01,Women's Airism Bikini Shorts,Underwear,Women,9.9,9.9,False,1,9.9,Card
PUN-20260604-0187,2,2026-06-04 16:33:48,Punggol,SOK-W-02,Women's Pile Crew Socks,socks,Women,5.9,5.9,False,1,5.9,NETS
ORC-20260604-1136,1,2026-06-04 18:47:56,Orchard Central,SOK-M-09,Men's No-Show Sneaker Socks,Socks,Men,4.11,5.9,True,1,4.11,PayNow
PUN-20260604-0232,1,2026-06-04 17:14:17,Punggol,SOK-M-03,Men's Airism Low-Cut Socks,Socks,Men,5.9,5.9,False,1,$5.9,card
PUN-20260604-0442,1,2026-06-04 21:29:51,punggol,SOK-M-04,Men's Ribbed Crew Socks,Socks,MEN,5.9,5.9,False,1,5.9,PayNow
BUG-20260604-0889,1,2026-06-04 18:39:32,Bugis,TOP-W-06,  Women's Linen Blend Short Sleeve Shirt  ,Tops,women,29.9,29.9,False,1,29.9,PayNow
BUG-20260604-0631,2,2026-06-04 18:50:54,BUGIS,BTM-W-04,Women's Denim Straight Jeans,BOTTOMS,women,49.9,49.9,False,1,49.9,PayNow
ORC-20260604-0402,1,2026-06-04 17:22:51,Orchard Central,SOK-M-03,Men's Airism Low-Cut Socks,Socks,Men,5.9,5.9,False,1,5.9,Card
ORC-20260604-0110,1,2026-06-04 15:08:05,Orchard Central,SOK-M-04,Men's Ribbed Crew Socks,Socks,Men,5.9,5.9,False,1,5.9,Card
BUG-20260604-0817,1,2026-06-04 12:53:48,Bugis,TOP-W-02,Women's Ribbed Long Sleeve Turtleneck,Tops,Women,19.9,19.9,False,1,19.9,Nets
ORC-20260604-1393,3,2026-06-04 18:23:18,Orchard Central,TOP-M-04,Men's Oxford Long Sleeve Shirt,Tops,Men,29.9,29.9,False,1,29.9,Cash
ORC-20260604-0651,2,2026-06-04 19:59:31,Orchard Central,TOP-W-01,Women's Airism Cotton Crew Neck T-Shirt,Tops,Women,14.9,14.9,False,1,14.9,Card
PUN-20260604-0044,1,2026-06-04 14:16:08,Punggol,SOK-W-02,Women's Pile Crew Socks,Socks,Women,5.9,5.9,False,1,5.9,NETS
ORC-20260604-1183,2,2026-06-04 19:00:23,Orchard Central,SOK-M-02,Men's Pile Crew Socks,Socks,Men,5.9,5.9,False,1,5.9,nets
BUG-20260604-0427,2,2026-06-04 15:27:30,Bugis,SOK-M-02,Men's Pile Crew Socks,Socks,Men,5.9,5.9,False,1,5.9,Card
PUN-20260604-0148,1,2026-06-04 22:59:21,Punggol,SOK-W-04,Women's Ribbed Crew Socks,Socks,WOMEN,5.9,5.9,False,1,5.9,Card
ORC-20260604-0201,1,2026-06-04 22:02:03,Orchard Central,SOK-M-02,Men's Pile Crew Socks,Socks,Men,5.9,5.9,False,1,5.9,PayNow
PUN-20260604-0332,2,2026-06-04 22:39:54,Punggol,BTM-W-06,Women's Jersey Jogger Pants,Bottoms,women,21.94,29.9,True,1,21.94,
PUN-20260604-0247,1,2026-06-04 21:46:00,Punggol,TOP-W-02,  Women's Ribbed Long Sleeve Turtleneck  ,Tops,Women,19.9,19.9,False,1,19.9,PayNow
ORC-20260604-1307,1,2026-06-04 11:37:30,Orchard Central,SOK-W-05,  Women's Sport Ankle Socks  ,Socks,Women,5.9,5.9,False,1,5.9,Card
ORC-20260604-0155,1,2026-06-04 15:44:40,Orchard Central,SOK-W-03,Women's Airism Low-Cut Socks,Socks,Women,5.9,5.9,False,1,5.9,PayNow
ORC-20260604-1354,3,2026-06-04 20:13:59,Orchard Central,UND-M-05,Men's Seamless Boxer Briefs,Underwear,Men,14.9,14.9,False,1,14.9,Card
ORC-20260604-0417,3,2026-06-04 19:50:16,Orchard Central,SOK-M-09,Men's No-Show Sneaker Socks,Socks,Men,4.11,5.9,True,1,4.11,PayNow
ORC-20260604-0343,1,2026-06-04 16:21:41,orchard central,TOP-W-02,Women's Ribbed Long Sleeve Turtleneck,Tops,Women,19.9,19.9,False,1,19.9,Card
BUG-20260604-0700,1,2026-06-04 14:15:48,Bugis,BTM-W-01,Women's Ultra Stretch Skinny Jeans,BOTTOMS,Women,39.9,39.9,False,1,39.9,Nets
BUG-20260604-0725,1,2026-06-04 19:12:15,Bugis,UND-M-08,Men's Airism V-Neck Undershirt,Underwear,MEN,9.9,9.9,False,1,9.9,Card
PUN-20260604-0418,3,2026-06-04 17:23:39,  Punggol  ,TOP-M-02,  Men's Supima Cotton Polo Shirt  ,Tops,Men,29.9,29.9,False,1,$29.9,Card
ORC-20260604-0337,1,2026-06-04 19:11:19,Orchard Central,SOK-M-07,Men's Striped Crew Socks,Socks,Men,5.9,5.9,False,1,5.9,
ORC-20260604-0759,3,2026-06-04 21:51:11,Orchard Central,SOK-M-03,Men's Airism Low-Cut Socks,Socks,Men,5.9,5.9,False,1,5.9,NETS
ORC-20260604-0093,1,2026-06-04 21:12:50,Orchard Central,TOP-M-01,Men's Airism Cotton Crew Neck T-Shirt,Tops,Men,14.9,14.9,False,1,14.9,CARD
BUG-20260604-0246,2,2026-06-04 20:20:19,BUGIS,UND-W-01,Women's Airism Bikini Shorts,Underwear,Women,9.9,9.9,False,1,9.9,Card
ORC-20260604-1120,2,2026-06-04 18:37:30,Orchard Central,SOK-M-09,Men's No-Show Sneaker Socks,Socks,Men,4.11,5.9,True,1,4.11,NETS
ORC-20260604-0132,1,2026-06-04 12:11:32,Orchard Central,SOK-M-03,Men's Airism Low-Cut Socks,Socks,Men,5.9,5.9,False,1,5.9,Card
ORC-20260604-1025,1,2026-06-04 21:41:38,Orchard Central,UND-W-02,Women's Wireless Bra,Underwear,Women,29.9,29.9,False,1,29.9,Card
BUG-20260604-0431,2,2026-06-04 21:01:12,Bugis,TOP-M-01,Men's Airism Cotton Crew Neck T-Shirt,Tops,Men,14.9,14.9,False,1,14.9,Card
PUN-20260604-0572,1,2026-06-04 20:33:23,Punggol,SOK-W-02,Women's Pile Crew Socks,Socks,Women,5.9,5.9,False,1,5.9,Card
ORC-20260604-1272,2,2026-06-04 22:37:48,Orchard Central,UND-W-03,Women's Cotton Blend Briefs,Underwear,Women,9.9,9.9,False,1,9.9,Card
PUN-20260604-0125,2,2026-06-04 19:36:46,Punggol,UND-W-04,Women's Airism T-Shirt Bra,Underwear,women,29.9,29.9,False,1,29.9,Card
PUN-20260604-0229,1,2026-06-04 22:39:36,Punggol,BTM-M-02,Men's Slim Fit Chino Trousers,BOTTOMS,Men,29.9,29.9,False,1,29.9,CASH
ORC-20260604-0635,2,2026-06-04 21:13:07,Orchard Central,SOK-M-03,Men's Airism Low-Cut Socks,Socks,Men,5.9,5.9,False,1,5.9,NETS
PUN-20260604-0047,1,2026-06-04 13:41:38,Punggol,UND-M-08,Men's Airism V-Neck Undershirt,Underwear,Men,9.9,9.9,False,1,9.9,Cash
PUN-20260604-0189,2,2026-06-04 18:22:22,Punggol,SOK-M-02,Men's Pile Crew Socks,SOCKS,Men,5.9,5.9,False,1,5.9,nets
ORC-20260604-0304,3,2026-06-04 18:42:12,ORCHARD CENTRAL,SOK-M-02,Men's Pile Crew Socks,Socks,Men,5.9,5.9,False,1,5.9,Card
ORC-20260604-0677,2,2026-06-04 19:58:20,Orchard Central,SOK-M-01,Men's Ankle Socks 3-Pack,Socks,MEN,14.9,14.9,False,1,14.9,NETS
ORC-20260604-1014,2,2026-06-04 12:55:42,Orchard Central,SOK-M-02,Men's Pile Crew Socks,Socks,Men,5.9,5.9,False,2,11.8,Card
BUG-20260604-0854,1,2026-06-04 20:24:43,Bugis,SOK-W-04,Women's Ribbed Crew Socks,Socks,Women,5.9,5.9,False,1,5.9,PAYNOW
ORC-20260604-0283,1,2026-06-04 22:49:38,Orchard Central,UND-M-02,Men's Cotton Blend Trunks,underwear,Men,14.9,14.9,False,1,14.9,PayNow
ORC-20260604-0052,2,2026-06-04 12:55:49,  Orchard Central  ,BTM-M-03,Men's Selvedge Regular Fit Jeans,Bottoms,Men,59.9,59.9,False,1,59.9,PayNow
ORC-20260604-0511,2,2026-06-04 13:37:21,Orchard Central,SOK-M-02,Men's Pile Crew Socks,Socks,Men,5.9,5.9,False,1,5.9,NETS
BUG-20260604-0839,1,2026-06-04 13:35:28,Bugis,SOK-W-02,Women's Pile Crew Socks,Socks,Women,5.9,5.9,False,1,5.9,Card
BUG-20260604-0788,1,2026-06-04 19:35:22,Bugis,TOP-M-01,Men's Airism Cotton Crew Neck T-Shirt,Tops,Men,14.9,14.9,False,1,14.9,Card
BUG-20260604-0082,1,2026-06-04 20:42:43,Bugis,SOK-W-03,Women's Airism Low-Cut Socks,Socks,Women,5.9,5.9,False,2,11.8,Cash
PUN-20260604-0537,1,2026-06-04 20:53:52,Punggol,TOP-M-07,Men's Ultra Light Down Jacket,Tops,Men,79.9,79.9,False,1,79.9,Card
ORC-20260604-0970,2,2026-06-04 18:26:28,ORCHARD CENTRAL,BTM-W-03,Women's Ezy Ankle Pants,Bottoms,Women,29.9,29.9,False,1,29.9,Card
ORC-20260604-0106,1,2026-06-04 22:18:21,orchard central,SOK-M-04,Men's Ribbed Crew Socks,Socks,Men,5.9,5.9,False,1,5.9,NETS
PUN-20260604-0568,1,2026-06-04 17:36:07,Punggol,BTM-M-08,  Men's Relaxed Fit Denim Shorts  ,Bottoms,Men,22.99,29.9,True,1,22.99,NETS
ORC-20260604-1289,2,2026-06-04 18:20:19,Orchard Central,UND-W-07,Women's Heattech Camisole,Underwear,Women,14.9,14.9,False,2,$29.8,Cash
ORC-20260604-1357,1,2026-06-04 15:23:37,Orchard Central,TOP-M-02,Men's Supima Cotton Polo Shirt,Tops,Men,29.9,29.9,False,1,29.9,Card
BUG-20260604-0805,3,2026-06-04 16:29:47,Bugis,SOK-W-02,Women's Pile Crew Socks,Socks,Women,5.9,5.9,False,1,5.9,Cash
PUN-20260604-0376,3,2026-06-04 12:13:26,  Punggol  ,BTM-M-03,Men's Selvedge Regular Fit Jeans,Bottoms,Men,59.9,59.9,False,1,59.9,
ORC-20260604-1313,2,2026-06-04 18:43:34,  Orchard Central  ,UND-W-07,Women's Heattech Camisole,Underwear,Women,14.9,14.9,False,2,29.8,CARD
BUG-20260604-0056,2,2026-06-04 18:42:06,Bugis,UND-W-05,Women's Seamless Shorts,Underwear,WOMEN,9.9,9.9,False,2,19.8,card
BUG-20260604-0643,1,2026-06-04 19:41:31,Bugis,SOK-W-04,Women's Ribbed Crew Socks,Socks,Women,5.9,5.9,False,1,$5.9,NETS
ORC-20260604-0673,1,2026-06-04 14:31:07,Orchard Central,SOK-W-03,Women's Airism Low-Cut Socks,Socks,Women,5.9,5.9,False,1,5.9,NETS
BUG-20260604-0197,3,2026-06-04 12:32:24,bugis,SOK-M-02,Men's Pile Crew Socks,Socks,Men,5.9,5.9,False,1,5.9,Cash
ORC-20260604-0917,2,2026-06-04 20:10:59,Orchard Central,SOK-M-03,Men's Airism Low-Cut Socks,Socks,Men,5.9,5.9,False,1,5.9,Card
ORC-20260604-0286,1,2026-06-04 20:58:50,Orchard Central,UND-W-03,Women's Cotton Blend Briefs,Underwear,Women,9.9,9.9,False,2,19.8,Card
BUG-20260604-0742,1,2026-06-04 21:41:38,BUGIS,SOK-M-02,Men's Pile Crew Socks,Socks,Men,5.9,5.9,False,1,5.9,Card
ORC-20260604-0686,2,2026-06-04 19:02:08,Orchard Central,SOK-W-03,Women's Airism Low-Cut Socks,Socks,Women,5.9,5.9,False,1,5.9,Card
ORC-20260604-1223,1,2026-06-04 16:20:03,Orchard Central,UND-M-03,Men's Airism Mesh Boxer Briefs,Underwear,Men,14.9,14.9,False,1,14.9,PayNow
ORC-20260604-1299,1,2026-06-04 13:15:09,Orchard Central,TOP-W-01,Women's Airism Cotton Crew Neck T-Shirt,Tops,Women,14.9,14.9,False,1,14.9,Card
PUN-20260604-0451,3,2026-06-04 18:13:58,Punggol,TOP-W-02,Women's Ribbed Long Sleeve Turtleneck,Tops,Women,19.9,19.9,False,1,19.9,CARD
PUN-20260604-0175,1,2026-06-04 18:58:57,Punggol,SOK-M-03,Men's Airism Low-Cut Socks,socks,Men,5.9,5.9,False,1,5.9,Cash
ORC-20260604-0699,1,2026-06-04 20:16:29,Orchard Central,SOK-M-09,Men's No-Show Sneaker Socks,Socks,Men,4.11,5.9,True,1,4.11,PayNow
ORC-20260604-1156,1,2026-06-04 20:44:14,Orchard Central,BTM-M-04,Men's Dry Stretch Shorts,BOTTOMS,Men,19.9,19.9,False,1,19.9,PayNow
ORC-20260604-1032,1,2026-06-04 12:03:18,  Orchard Central  ,SOK-M-09,Men's No-Show Sneaker Socks,Socks,Men,4.11,5.9,True,1,4.11,Card
BUG-20260604-0826,2,2026-06-04 16:57:24,Bugis,SOK-W-03,Women's Airism Low-Cut Socks,Socks,Women,5.9,5.9,False,1,5.9,Card
BUG-20260604-0159,2,2026-06-04 19:27:08,Bugis,SOK-W-04,Women's Ribbed Crew Socks,Socks,WOMEN,5.9,5.9,False,1,5.9,PayNow
ORC-20260604-1394,1,2026-06-04 21:20:41,Orchard Central,UND-W-03,Women's Cotton Blend Briefs,Underwear,Women,9.9,9.9,False,2,19.8,paynow
PUN-20260604-0083,2,2026-06-04 21:25:07,Punggol,SOK-M-02,Men's Pile Crew Socks,Socks,men,5.9,5.9,False,2,11.8,NETS
BUG-20260604-0299,1,2026-06-04 15:46:36,Bugis,TOP-W-06,Women's Linen Blend Short Sleeve Shirt,Tops,Women,29.9,29.9,False,1,29.9,NETS
BUG-20260604-0581,1,2026-06-04 13:39:39,Bugis,SOK-M-04,Men's Ribbed Crew Socks,socks,Men,5.9,5.9,False,1,5.9,Card
ORC-20260604-1004,1,2026-06-04 18:22:54,orchard central,SOK-M-09,Men's No-Show Sneaker Socks,Socks,Men,4.11,5.9,True,1,4.11,NETS
BUG-20260604-0860,3,2026-06-04 21:50:12,Bugis,TOP-M-04,Men's Oxford Long Sleeve Shirt,Tops,Men,29.9,29.9,False,1,29.9,Cash
ORC-20260604-0777,2,2026-06-04 21:18:36,Orchard Central,SOK-W-02,  Women's Pile Crew Socks  ,socks,women,5.9,5.9,False,1,5.9,Card
PUN-20260604-0531,1,2026-06-04 22:43:05,Punggol,BTM-M-08,Men's Relaxed Fit Denim Shorts,Bottoms,Men,22.99,29.9,True,1,22.99,Card
ORC-20260604-1342,1,2026-06-04 15:50:51,ORCHARD CENTRAL,UND-M-02,Men's Cotton Blend Trunks,Underwear,Men,14.9,14.9,False,1,14.9,CARD
BUG-20260604-0327,2,2026-06-04 19:39:08,Bugis,SOK-M-03,Men's Airism Low-Cut Socks,Socks,Men,5.9,5.9,False,1,5.9,Card
ORC-20260604-1374,1,2026-06-04 16:05:34,Orchard Central,UND-W-03,  Women's Cotton Blend Briefs  ,Underwear,Women,9.9,9.9,False,1,9.9,Card
PUN-20260604-0312,2,2026-06-04 21:25:37,Punggol,SOK-W-03,  Women's Airism Low-Cut Socks  ,Socks,Women,5.9,5.9,False,1,5.9,PayNow
ORC-20260604-0490,1,2026-06-04 11:05:16,  ORCHARD CENTRAL  ,SOK-M-03,Men's Airism Low-Cut Socks,Socks,Men,5.9,5.9,False,1,5.9,Card
PUN-20260604-0520,1,2026-06-04 21:14:30,Punggol,UND-M-01,Men's Airism Boxer Briefs,Underwear,Men,14.9,14.9,False,1,14.9,PayNow
BUG-20260604-0019,3,2026-06-04 20:13:50,  Bugis  ,UND-W-01,Women's Airism Bikini Shorts,Underwear,Women,9.9,9.9,False,1,9.9,NETS
ORC-20260604-0499,2,2026-06-04 16:36:25,Orchard Central,TOP-W-02,Women's Ribbed Long Sleeve Turtleneck,Tops,Women,19.9,19.9,False,1,$19.9,Card
BUG-20260604-0136,3,2026-06-04 14:07:54,Bugis,UND-M-01,Men's Airism Boxer Briefs,Underwear,Men,14.9,14.9,False,1,14.9,Card
ORC-20260604-1381,1,2026-06-04 13:11:43,Orchard Central,SOK-M-09,Men's No-Show Sneaker Socks,Socks,Men,4.11,5.9,True,1,4.11,NETS
BUG-20260604-0575,1,2026-06-04 13:07:38,Bugis,UND-M-01,Men's Airism Boxer Briefs,UNDERWEAR,Men,14.9,14.9,False,1,14.9,Cash
PUN-20260604-0075,2,2026-06-04 21:19:43,Punggol,SOK-W-02,Women's Pile Crew Socks,Socks,Women,5.9,5.9,False,1,5.9,Card
PUN-20260604-0300,1,2026-06-04 20:23:25,Punggol,BTM-M-04,Men's Dry Stretch Shorts,Bottoms,Men,19.9,19.9,False,1,19.9,Card
PUN-20260604-0456,1,2026-06-04 12:47:04,Punggol,TOP-M-10,Men's Merino Blend V-Neck Sweater,TOPS,Men,39.9,39.9,False,1,39.9,NETS
BUG-20260604-0760,2,2026-06-04 19:51:06,Bugis,TOP-W-02,Women's Ribbed Long Sleeve Turtleneck,Tops,Women,19.9,19.9,False,1,19.9,Card
BUG-20260604-0705,1,2026-06-04 21:52:37,Bugis,UND-M-01,Men's Airism Boxer Briefs,Underwear,Men,14.9,14.9,False,1,14.9,Card
BUG-20260604-0033,2,2026-06-04 21:56:26,Bugis,SOK-M-04,Men's Ribbed Crew Socks,Socks,Men,5.9,5.9,False,1,5.9,PayNow
PUN-20260604-0374,1,2026-06-04 16:01:56,Punggol,SOK-W-03,  Women's Airism Low-Cut Socks  ,Socks,Women,5.9,5.9,False,1,5.9,Cash
BUG-20260604-0557,2,2026-06-04 20:35:49,Bugis,SOK-M-01,Men's Ankle Socks 3-Pack,socks,Men,14.9,14.9,False,1,14.9,PAYNOW
ORC-20260604-1166,2,2026-06-04 15:05:19,Orchard Central,SOK-M-01,Men's Ankle Socks 3-Pack,Socks,Men,14.9,14.9,False,1,14.9,NETS
BUG-20260604-0802,2,2026-06-04 19:57:09,Bugis,UND-W-03,Women's Cotton Blend Briefs,Underwear,Women,9.9,9.9,False,1,9.9,NETS
BUG-20260604-0684,2,2026-06-04 21:42:33,Bugis,BTM-M-04,Men's Dry Stretch Shorts,Bottoms,Men,19.9,19.9,False,1,19.9,Card
BUG-20260604-0018,2,2026-06-04 14:33:17,Bugis,TOP-W-01,Women's Airism Cotton Crew Neck T-Shirt,Tops,Women,14.9,14.9,False,1,14.9,NETS
ORC-20260604-0503,1,2026-06-04 21:09:32,Orchard Central,SOK-W-05,Women's Sport Ankle Socks,Socks,Women,5.9,5.9,False,1,$5.9,
ORC-20260604-0048,1,2026-06-04 13:12:21,orchard central,TOP-M-02,Men's Supima Cotton Polo Shirt,Tops,Men,29.9,29.9,False,1,29.9,Card
ORC-20260604-0575,3,2026-06-04 19:33:02,Orchard Central,SOK-W-05,Women's Sport Ankle Socks,Socks,Women,5.9,5.9,False,1,5.9,PayNow
ORC-20260604-0950,1,2026-06-04 16:48:15,Orchard Central,UND-W-03,Women's Cotton Blend Briefs,Underwear,Women,9.9,9.9,False,2,19.8,Card
BUG-20260604-0392,3,2026-06-04 17:33:58,Bugis,SOK-M-02,Men's Pile Crew Socks,Socks,Men,5.9,5.9,False,1,5.9,Card
ORC-20260604-1321,1,2026-06-04 21:47:01,Orchard Central,SOK-W-02,Women's Pile Crew Socks,Socks,Women,5.9,5.9,False,1,5.9,PayNow
PUN-20260604-0038,3,2026-06-04 17:35:09,Punggol,SOK-W-03,Women's Airism Low-Cut Socks,Socks,Women,5.9,5.9,False,2,11.8,card
BUG-20260604-0790,2,2026-06-04 18:05:10,Bugis,SOK-M-01,Men's Ankle Socks 3-Pack,socks,Men,14.9,14.9,False,1,14.9,PayNow
BUG-20260604-0032,2,2026-06-04 17:45:57,Bugis,BTM-M-02,Men's Slim Fit Chino Trousers,Bottoms,Men,29.9,29.9,False,1,29.9,Card
PUN-20260604-0285,1,2026-06-04 19:48:56,Punggol,SOK-M-01,Men's Ankle Socks 3-Pack,Socks,MEN,14.9,14.9,False,1,14.9,Card
ORC-20260604-0975,1,2026-06-04 19:30:29,Orchard Central,SOK-M-07,Men's Striped Crew Socks,Socks,Men,5.9,5.9,False,1,5.9,PayNow
ORC-20260604-0493,1,2026-06-04 21:51:55,Orchard Central,UND-M-04,Men's Cotton Crew Neck Undershirt,Underwear,Men,14.9,14.9,False,1,14.9,NETS
ORC-20260604-0855,2,2026-06-04 21:08:30,  Orchard Central  ,SOK-M-09,Men's No-Show Sneaker Socks,Socks,Men,4.11,5.9,True,1,4.11,Card
BUG-20260604-0030,1,2026-06-04 19:44:14,Bugis,TOP-M-02,Men's Supima Cotton Polo Shirt,Tops,Men,29.9,29.9,False,1,29.9,PayNow
PUN-20260604-0521,1,2026-06-04 11:31:13,Punggol,BTM-W-02,Women's High-Rise Wide Leg Pants,Bottoms,Women,$39.9,39.9,False,1,39.9,Card
PUN-20260604-0504,2,2026-06-04 20:56:57,Punggol,BTM-W-06,Women's Jersey Jogger Pants,Bottoms,Women,21.94,29.9,True,1,21.94,Card
ORC-20260604-0614,2,2026-06-04 16:08:29,Orchard Central,UND-M-02,Men's Cotton Blend Trunks,Underwear,Men,14.9,14.9,False,1,14.9,NETS
BUG-20260604-0034,1,2026-06-04 11:18:26,Bugis,UND-M-01,Men's Airism Boxer Briefs,Underwear,Men,14.9,14.9,False,1,14.9,card
BUG-20260604-0508,2,2026-06-04 15:15:22,Bugis,UND-W-05,Women's Seamless Shorts,Underwear,women,9.9,9.9,False,1,9.9,PayNow
BUG-20260604-0095,2,2026-06-04 18:43:14,Bugis,SOK-W-01,Women's Ankle Socks 3-Pack,Socks,Women,14.9,14.9,False,1,$14.9,Card
BUG-20260604-0313,1,2026-06-04 21:52:27,Bugis,SOK-W-03,Women's Airism Low-Cut Socks,Socks,Women,5.9,5.9,False,1,5.9,Card
BUG-20260604-0311,3,2026-06-04 18:29:06,Bugis,SOK-W-03,Women's Airism Low-Cut Socks,Socks,Women,5.9,5.9,False,1,5.9,CASH
ORC-20260604-1033,2,2026-06-04 16:46:15,Orchard Central,SOK-M-02,Men's Pile Crew Socks,Socks,Men,5.9,5.9,False,1,5.9,Card
BUG-20260604-0389,1,2026-06-04 20:18:49,Bugis,BTM-M-03,Men's Selvedge Regular Fit Jeans,Bottoms,Men,59.9,59.9,False,1,59.9,Card
ORC-20260604-0856,2,2026-06-04 20:22:42,Orchard Central,SOK-W-01,Women's Ankle Socks 3-Pack,Socks,Women,14.9,14.9,False,1,14.9,NETS
ORC-20260604-1091,2,2026-06-04 21:58:31,Orchard Central,SOK-M-02,Men's Pile Crew Socks,Socks,Men,5.9,5.9,False,2,11.8,PayNow
ORC-20260604-0350,1,2026-06-04 16:55:28,Orchard Central,SOK-M-01,  Men's Ankle Socks 3-Pack  ,Socks,MEN,14.9,14.9,False,1,14.9,Card
ORC-20260604-0474,1,2026-06-04 16:56:45,Orchard Central,UND-W-03,Women's Cotton Blend Briefs,Underwear,Women,9.9,9.9,False,1,9.9,Card
ORC-20260604-1464,2,2026-06-04 12:33:57,ORCHARD CENTRAL,TOP-M-01,Men's Airism Cotton Crew Neck T-Shirt,Tops,Men,14.9,14.9,False,1,14.9,
BUG-20260604-0135,1,2026-06-04 11:09:42,Bugis,UND-M-01,Men's Airism Boxer Briefs,Underwear,Men,14.9,14.9,False,2,29.8,NETS
ORC-20260604-1235,1,2026-06-04 15:24:13,Orchard Central,SOK-W-06,Women's Heattech Socks,Socks,Women,9.9,9.9,False,1,9.9,Card
ORC-20260604-0676,3,2026-06-04 13:36:53,Orchard Central,TOP-M-01,Men's Airism Cotton Crew Neck T-Shirt,Tops,Men,14.9,14.9,False,1,14.9,Card
ORC-20260604-0112,1,2026-06-04 19:07:59,Orchard Central,SOK-W-02,Women's Pile Crew Socks,Socks,Women,5.9,5.9,False,1,5.9,Cash
ORC-20260604-0994,3,2026-06-04 14:48:15,Orchard Central,BTM-W-03,Women's Ezy Ankle Pants,Bottoms,Women,29.9,29.9,False,1,29.9,Card
BUG-20260604-0617,1,2026-06-04 20:48:25,Bugis,UND-W-04,Women's Airism T-Shirt Bra,underwear,Women,29.9,29.9,False,1,29.9,Card
BUG-20260604-0741,3,2026-06-04 16:44:12,Bugis,SOK-W-03,Women's Airism Low-Cut Socks,Socks,Women,5.9,5.9,False,1,5.9,Paynow
ORC-20260604-1073,1,2026-06-04 19:49:50,Orchard Central,BTM-M-01,Men's Ezy Ankle Pants,Bottoms,Men,29.9,29.9,False,1,29.9,paynow
BUG-20260604-0320,1,2026-06-04 13:42:40,Bugis,SOK-W-03,Women's Airism Low-Cut Socks,Socks,Women,5.9,5.9,False,2,11.8,Card
ORC-20260604-0200,3,2026-06-04 15:04:15,  ORCHARD CENTRAL  ,TOP-W-01,Women's Airism Cotton Crew Neck T-Shirt,Tops,Women,14.9,14.9,False,1,14.9,NETS
ORC-20260604-0415,1,2026-06-04 22:28:04,Orchard Central,BTM-M-04,Men's Dry Stretch Shorts,Bottoms,Men,19.9,19.9,False,1,19.9,Card
ORC-20260604-1324,1,2026-06-04 20:52:13,Orchard Central,UND-M-04,Men's Cotton Crew Neck Undershirt,Underwear,MEN,14.9,14.9,False,1,14.9,Cash
ORC-20260604-1005,1,2026-06-04 19:21:22,Orchard Central,UND-M-03,Men's Airism Mesh Boxer Briefs,Underwear,Men,14.9,14.9,False,1,14.9,Card
BUG-20260604-0328,3,2026-06-04 15:36:16,Bugis,SOK-M-04,Men's Ribbed Crew Socks,Socks,Men,5.9,5.9,False,1,5.9,PayNow
PUN-20260604-0314,1,2026-06-04 20:52:59,Punggol,TOP-W-04,Women's Heattech Crew Neck Long Sleeve Tee,Tops,Women,14.9,14.9,False,1,14.9,NETS
PUN-20260604-0173,3,2026-06-04 11:26:59,Punggol,SOK-M-03,  Men's Airism Low-Cut Socks  ,Socks,Men,5.9,5.9,False,1,5.9,Cash
ORC-20260604-0290,1,2026-06-04 11:42:02,Orchard Central,UND-M-02,  Men's Cotton Blend Trunks  ,Underwear,Men,14.9,14.9,False,1,14.9,PayNow
BUG-20260604-0074,1,2026-06-04 18:15:32,Bugis,UND-M-01,Men's Airism Boxer Briefs,Underwear,Men,14.9,14.9,False,2,29.8,Card
BUG-20260604-0353,2,2026-06-04 11:23:48,Bugis,TOP-W-01,Women's Airism Cotton Crew Neck T-Shirt,Tops,Women,14.9,14.9,False,1,14.9,Card
ORC-20260604-0189,1,2026-06-04 18:39:58,Orchard Central,SOK-M-02,Men's Pile Crew Socks,Socks,Men,5.9,5.9,False,2,11.8,Cash
ORC-20260604-0511,1,2026-06-04 13:37:21,Orchard Central,TOP-M-03,Men's Dry-EX Crew Neck T-Shirt,Tops,Men,19.9,19.9,False,1,19.9,NETS
BUG-20260604-0390,1,2026-06-04 21:13:13,Bugis,TOP-W-01,  Women's Airism Cotton Crew Neck T-Shirt  ,Tops,Women,14.9,14.9,False,1,14.9,Card
ORC-20260604-1292,1,2026-06-04 20:55:05,Orchard Central,SOK-M-04,Men's Ribbed Crew Socks,Socks,MEN,5.9,5.9,False,1,5.9,
PUN-20260604-0412,2,2026-06-04 21:47:34,Punggol,SOK-W-03,Women's Airism Low-Cut Socks,Socks,Women,5.9,5.9,False,1,5.9,Cash
PUN-20260604-0334,1,2026-06-04 19:27:41,Punggol,BTM-M-02,Men's Slim Fit Chino Trousers,Bottoms,Men,29.9,29.9,False,1,29.9,Cash
BUG-20260604-0351,2,2026-06-04 21:20:27,Bugis,TOP-M-01,Men's Airism Cotton Crew Neck T-Shirt,Tops,Men,14.9,14.9,False,1,14.9,
ORC-20260604-0815,1,2026-06-04 13:49:33,Orchard Central,SOK-M-04,Men's Ribbed Crew Socks,SOCKS,Men,5.9,5.9,False,1,5.9,Card
ORC-20260604-0860,1,2026-06-04 19:58:01,Orchard Central,SOK-M-09,Men's No-Show Sneaker Socks,Socks,Men,4.11,5.9,True,2,8.22,Card
ORC-20260604-0047,3,2026-06-04 17:01:55,Orchard Central,UND-W-04,Women's Airism T-Shirt Bra,Underwear,Women,29.9,29.9,False,1,29.9,CARD
BUG-20260604-0115,3,2026-06-04 12:39:03,Bugis,TOP-W-01,Women's Airism Cotton Crew Neck T-Shirt,Tops,Women,14.9,14.9,False,1,14.9,PayNow
ORC-20260604-0194,1,2026-06-04 13:41:32,Orchard Central,SOK-M-07,  Men's Striped Crew Socks  ,Socks,MEN,5.9,5.9,False,2,11.8,nets
ORC-20260604-0084,2,2026-06-04 19:37:05,Orchard Central,SOK-M-09,Men's No-Show Sneaker Socks,Socks,Men,4.11,5.9,True,1,4.11,NETS
PUN-20260604-0400,2,2026-06-04 21:49:06,Punggol,UND-M-01,Men's Airism Boxer Briefs,Underwear,MEN,14.9,14.9,False,1,14.9,Card
BUG-20260604-0383,1,2026-06-04 18:12:51,Bugis,UND-W-03,Women's Cotton Blend Briefs,Underwear,Women,9.9,9.9,False,1,9.9,NETS
BUG-20260604-0449,1,2026-06-04 20:16:21,Bugis,SOK-W-02,Women's Pile Crew Socks,Socks,Women,5.9,5.9,False,1,5.9,Card
ORC-20260604-0928,2,2026-06-04 21:30:51,Orchard Central,SOK-W-08,Women's Lace Trim Ankle Socks,Socks,Women,5.9,5.9,False,1,5.9,Card
BUG-20260604-0870,1,2026-06-04 17:30:24,Bugis,TOP-M-01,  Men's Airism Cotton Crew Neck T-Shirt  ,Tops,Men,14.9,14.9,False,1,$14.9,Cash
BUG-20260604-0710,2,2026-06-04 20:55:42,bugis,UND-W-01,Women's Airism Bikini Shorts,Underwear,Women,9.9,9.9,False,1,9.9,NETS
BUG-20260604-0541,2,2026-06-04 16:34:11,Bugis,SOK-M-02,Men's Pile Crew Socks,Socks,Men,5.9,5.9,False,1,5.9,Card
BUG-20260604-0825,3,2026-06-04 21:33:35,Bugis,UND-W-03,Women's Cotton Blend Briefs,Underwear,Women,9.9,9.9,False,1,9.9,PayNow
ORC-20260604-1448,2,2026-06-04 19:17:53,Orchard Central,SOK-M-09,Men's No-Show Sneaker Socks,Socks,Men,4.11,5.9,True,1,4.11,PayNow
ORC-20260604-0407,1,2026-06-04 22:55:15,Orchard Central,TOP-M-04,Men's Oxford Long Sleeve Shirt,Tops,Men,29.9,29.9,False,1,29.9,Card
ORC-20260604-0171,3,2026-06-04 12:32:33,Orchard Central,UND-M-01,Men's Airism Boxer Briefs,Underwear,men,14.9,14.9,False,1,14.9,Card
ORC-20260604-0033,2,2026-06-04 20:37:11,Orchard Central,SOK-M-04,Men's Ribbed Crew Socks,Socks,Men,5.9,5.9,False,1,5.9,Card
PUN-20260604-0280,1,2026-06-04 13:34:58,Punggol,BTM-M-08,Men's Relaxed Fit Denim Shorts,Bottoms,Men,22.99,29.9,True,1,22.99,Cash
ORC-20260604-0118,1,2026-06-04 21:41:18,Orchard Central,SOK-M-09,Men's No-Show Sneaker Socks,Socks,Men,4.11,5.9,True,1,4.11,PayNow
BUG-20260604-0262,1,2026-06-04 20:24:51,Bugis,BTM-M-06,Men's Jersey Jogger Pants,Bottoms,Men,29.9,29.9,False,1,29.9,Card
BUG-20260604-0815,2,2026-06-04 20:20:39,bugis,SOK-M-01,Men's Ankle Socks 3-Pack,SOCKS,Men,14.9,14.9,False,1,14.9,NETS
ORC-20260604-0356,1,2026-06-04 17:09:51,  Orchard Central  ,SOK-W-03,Women's Airism Low-Cut Socks,Socks,Women,5.9,5.9,False,1,5.9,PayNow
BUG-20260604-0116,1,2026-06-04 19:43:14,Bugis,SOK-W-03,Women's Airism Low-Cut Socks,Socks,Women,5.9,5.9,False,2,11.8,Card
BUG-20260604-0367,2,2026-06-04 12:50:19,Bugis,UND-M-01,Men's Airism Boxer Briefs,Underwear,MEN,14.9,14.9,False,2,29.8,PayNow
PUN-20260604-0090,2,2026-06-04 21:21:43,Punggol,TOP-W-01,Women's Airism Cotton Crew Neck T-Shirt,TOPS,Women,14.9,14.9,False,1,14.9,Card
ORC-20260604-0417,2,2026-06-04 19:50:16,Orchard Central,UND-M-03,Men's Airism Mesh Boxer Briefs,UNDERWEAR,Men,14.9,14.9,False,1,14.9,PayNow
BUG-20260604-0231,2,2026-06-04 22:47:27,Bugis,SOK-M-04,Men's Ribbed Crew Socks,Socks,Men,5.9,5.9,False,1,5.9,PayNow
ORC-20260604-1204,1,2026-06-04 19:42:49,orchard central,TOP-M-02,Men's Supima Cotton Polo Shirt,Tops,Men,29.9,29.9,False,1,29.9,paynow
PUN-20260604-0013,2,2026-06-04 11:13:28,Punggol,SOK-W-03,Women's Airism Low-Cut Socks,Socks,Women,5.9,5.9,False,1,5.9,Card
PUN-20260604-0123,1,2026-06-04 21:15:49,Punggol,SOK-M-04,Men's Ribbed Crew Socks,Socks,MEN,5.9,5.9,False,1,5.9,Card
BUG-20260604-0505,2,2026-06-04 20:18:45,Bugis,SOK-M-02,Men's Pile Crew Socks,Socks,Men,5.9,5.9,False,1,5.9,Card
ORC-20260604-0024,1,2026-06-04 20:36:41,Orchard Central,TOP-W-02,Women's Ribbed Long Sleeve Turtleneck,Tops,Women,19.9,19.9,False,1,19.9,PayNow
ORC-20260604-0607,1,2026-06-04 22:39:15,Orchard Central,TOP-M-03,Men's Dry-EX Crew Neck T-Shirt,Tops,Men,19.9,19.9,False,1,19.9,Card
ORC-20260604-0736,3,2026-06-04 19:31:46,orchard central,UND-M-04,Men's Cotton Crew Neck Undershirt,Underwear,Men,14.9,14.9,False,1,14.9,Card
ORC-20260604-0398,2,2026-06-04 21:11:33,Orchard Central,BTM-M-02,Men's Slim Fit Chino Trousers,Bottoms,Men,29.9,29.9,False,1,29.9,Cash
ORC-20260604-1292,2,2026-06-04 20:55:05,Orchard Central,SOK-M-02,Men's Pile Crew Socks,Socks,Men,5.9,5.9,False,1,5.9,Card
ORC-20260604-0048,2,2026-06-04 13:12:21,Orchard Central,SOK-M-09,Men's No-Show Sneaker Socks,Socks,Men,4.11,5.9,True,1,4.11,Card
BUG-20260604-0473,3,2026-06-04 19:25:41,Bugis,SOK-M-04,Men's Ribbed Crew Socks,Socks,Men,5.9,5.9,False,1,5.9,NETS
BUG-20260604-0309,2,2026-06-04 19:23:15,Bugis,TOP-M-01,Men's Airism Cotton Crew Neck T-Shirt,Tops,Men,14.9,14.9,False,1,$14.9,Cash
BUG-20260604-0017,1,2026-06-04 12:10:04,Bugis,BTM-M-01,Men's Ezy Ankle Pants,Bottoms,men,29.9,29.9,False,1,29.9,Card
ORC-20260604-1376,1,2026-06-04 22:04:09,Orchard Central,UND-M-02,Men's Cotton Blend Trunks,underwear,Men,14.9,14.9,False,1,14.9,paynow
ORC-20260604-0723,1,2026-06-04 14:30:19,Orchard Central,SOK-W-01,Women's Ankle Socks 3-Pack,Socks,WOMEN,14.9,14.9,False,1,14.9,PayNow
BUG-20260604-0795,2,2026-06-04 21:06:03,  Bugis  ,TOP-M-02,Men's Supima Cotton Polo Shirt,Tops,Men,29.9,29.9,False,1,29.9,Card
BUG-20260604-0696,3,2026-06-04 14:55:21,Bugis,SOK-M-03,Men's Airism Low-Cut Socks,Socks,men,5.9,5.9,False,1,5.9,NETS
PUN-20260604-0383,1,2026-06-04 20:46:05,Punggol,SOK-M-04,Men's Ribbed Crew Socks,Socks,Men,5.9,5.9,False,1,5.9,PayNow
ORC-20260604-1353,1,2026-06-04 13:11:09,Orchard Central,UND-M-02,Men's Cotton Blend Trunks,Underwear,Men,14.9,14.9,False,1,14.9,paynow
BUG-20260604-0051,1,2026-06-04 21:06:34,Bugis,UND-M-03,Men's Airism Mesh Boxer Briefs,Underwear,Men,14.9,14.9,False,1,14.9,Card
ORC-20260604-1361,2,2026-06-04 17:49:52,Orchard Central,UND-M-03,Men's Airism Mesh Boxer Briefs,Underwear,Men,14.9,14.9,False,2,$29.8,PayNow
BUG-20260604-0787,3,2026-06-04 15:07:55,Bugis,SOK-M-04,Men's Ribbed Crew Socks,Socks,Men,5.9,5.9,False,1,5.9,NETS
BUG-20260604-0498,2,2026-06-04 21:19:16,Bugis,UND-W-03,Women's Cotton Blend Briefs,Underwear,WOMEN,9.9,9.9,False,1,9.9,Card
ORC-20260604-0804,1,2026-06-04 13:39:46,Orchard Central,SOK-M-04,Men's Ribbed Crew Socks,Socks,Men,5.9,5.9,False,2,11.8,Card
BUG-20260604-0712,3,2026-06-04 15:03:12,Bugis,UND-M-04,Men's Cotton Crew Neck Undershirt,underwear,Men,14.9,14.9,False,1,14.9,NETS
ORC-20260604-1066,2,2026-06-04 21:25:09,Orchard Central,UND-M-04,Men's Cotton Crew Neck Undershirt,Underwear,Men,14.9,14.9,False,1,14.9,Card
BUG-20260604-0574,1,2026-06-04 17:21:27,Bugis,SOK-W-01,Women's Ankle Socks 3-Pack,Socks,Women,14.9,14.9,False,1,14.9,PayNow
ORC-20260604-0984,1,2026-06-04 20:18:15,  Orchard Central  ,UND-W-02,Women's Wireless Bra,Underwear,WOMEN,29.9,29.9,False,1,29.9,Cash
BUG-20260604-0773,2,2026-06-04 18:44:16,Bugis,SOK-W-02,Women's Pile Crew Socks,Socks,Women,5.9,5.9,False,1,5.9,NETS
ORC-20260604-1399,3,2026-06-04 21:37:13,Orchard Central,BTM-M-01,Men's Ezy Ankle Pants,Bottoms,Men,29.9,29.9,False,1,29.9,CARD
PUN-20260604-0090,3,2026-06-04 21:21:43,Punggol,SOK-M-01,Men's Ankle Socks 3-Pack,Socks,Men,14.9,14.9,False,2,29.8,Card
BUG-20260604-0084,1,2026-06-04 20:58:43,Bugis,SOK-W-04,Women's Ribbed Crew Socks,Socks,Women,5.9,5.9,False,1,5.9,PayNow
ORC-20260604-0595,2,2026-06-04 20:25:26,Orchard Central,SOK-W-02,Women's Pile Crew Socks,Socks,Women,5.9,5.9,False,2,11.8,Cash
PUN-20260604-0366,2,2026-06-04 13:31:20,punggol,UND-M-04,Men's Cotton Crew Neck Undershirt,Underwear,Men,14.9,14.9,False,1,14.9,Card
PUN-20260604-0369,1,2026-06-04 19:48:10,Punggol,BTM-W-04,Women's Denim Straight Jeans,Bottoms,Women,49.9,49.9,False,1,$49.9,PayNow
ORC-20260604-0666,1,2026-06-04 12:41:40,Orchard Central,SOK-M-09,Men's No-Show Sneaker Socks,socks,Men,4.11,5.9,True,1,4.11,Card
ORC-20260604-0973,2,2026-06-04 19:55:15,ORCHARD CENTRAL,SOK-M-09,Men's No-Show Sneaker Socks,Socks,Men,4.11,5.9,True,2,8.22,Card
BUG-20260604-0890,2,2026-06-04 18:11:37,Bugis,SOK-W-02,Women's Pile Crew Socks,Socks,Women,5.9,5.9,False,1,5.9,PayNow
PUN-20260604-0305,1,2026-06-04 19:17:13,Punggol,TOP-W-02,Women's Ribbed Long Sleeve Turtleneck,Tops,WOMEN,19.9,19.9,False,1,19.9,Card
ORC-20260604-0843,1,2026-06-04 19:33:13,Orchard Central,UND-W-04,Women's Airism T-Shirt Bra,Underwear,Women,29.9,29.9,False,1,29.9,PayNow
ORC-20260604-0232,1,2026-06-04 22:20:00,Orchard Central,SOK-M-02,Men's Pile Crew Socks,Socks,men,5.9,5.9,False,1,5.9,Card
PUN-20260604-0307,1,2026-06-04 20:59:14,Punggol,SOK-M-02,Men's Pile Crew Socks,Socks,Men,5.9,5.9,False,1,5.9,Card
ORC-20260604-0993,1,2026-06-04 19:47:22,Orchard Central,SOK-W-02,Women's Pile Crew Socks,Socks,Women,5.9,5.9,False,1,5.9,Cash
ORC-20260604-0677,1,2026-06-04 19:58:20,Orchard Central,UND-M-02,Men's Cotton Blend Trunks,Underwear,Men,14.9,14.9,False,1,14.9,NETS
PUN-20260604-0237,1,2026-06-04 21:52:40,Punggol,UND-M-04,Men's Cotton Crew Neck Undershirt,Underwear,Men,14.9,14.9,False,1,14.9,PayNow
PUN-20260604-0512,3,2026-06-04 12:28:32,Punggol,SOK-W-04,Women's Ribbed Crew Socks,Socks,Women,5.9,5.9,False,1,5.9,card
ORC-20260604-0986,1,2026-06-04 20:24:20,Orchard Central,SOK-W-03,Women's Airism Low-Cut Socks,Socks,Women,5.9,5.9,False,1,5.9,Card
BUG-20260604-0362,3,2026-06-04 16:59:09,  Bugis  ,SOK-M-04,Men's Ribbed Crew Socks,Socks,Men,5.9,5.9,False,2,11.8,Card
ORC-20260604-1260,2,2026-06-04 13:35:24,Orchard Central,SOK-M-04,Men's Ribbed Crew Socks,Socks,Men,5.9,5.9,False,2,11.8,nets
PUN-20260604-0360,1,2026-06-04 22:41:48,Punggol,UND-W-01,Women's Airism Bikini Shorts,Underwear,Women,9.9,9.9,False,1,9.9,PayNow
BUG-20260604-0018,1,2026-06-04 14:33:17,Bugis,UND-W-01,Women's Airism Bikini Shorts,Underwear,Women,9.9,9.9,False,1,9.9,NETS
ORC-20260604-0828,3,2026-06-04 14:04:36,  ORCHARD CENTRAL  ,SOK-M-01,Men's Ankle Socks 3-Pack,Socks,Men,14.9,14.9,False,1,14.9,Card
BUG-20260604-0774,1,2026-06-04 15:44:15,  Bugis  ,UND-M-04,Men's Cotton Crew Neck Undershirt,Underwear,Men,14.9,14.9,False,1,14.9,CARD
ORC-20260604-1398,1,2026-06-04 20:59:14,Orchard Central,SOK-W-02,Women's Pile Crew Socks,Socks,women,5.9,5.9,False,1,5.9,Card
ORC-20260604-0254,1,2026-06-04 20:36:13,ORCHARD CENTRAL,SOK-M-02,Men's Pile Crew Socks,Socks,Men,5.9,5.9,False,1,5.9,Card
ORC-20260604-0205,1,2026-06-04 17:13:20,Orchard Central,SOK-M-02,Men's Pile Crew Socks,Socks,Men,5.9,5.9,False,1,5.9,card
BUG-20260604-0638,2,2026-06-04 18:17:29,Bugis,BTM-M-03,Men's Selvedge Regular Fit Jeans,Bottoms,Men,59.9,59.9,False,1,59.9,PayNow
ORC-20260604-0526,1,2026-06-04 14:54:08,Orchard Central,BTM-W-01,Women's Ultra Stretch Skinny Jeans,Bottoms,Women,39.9,39.9,False,1,39.9,Cash
ORC-20260604-0076,2,2026-06-04 20:07:07,Orchard Central,BTM-M-02,Men's Slim Fit Chino Trousers,Bottoms,Men,29.9,29.9,False,1,29.9,PayNow
BUG-20260604-0481,3,2026-06-04 18:31:10,Bugis,SOK-W-10,Women's Wool Blend Socks,socks,women,9.9,9.9,False,1,9.9,PayNow
ORC-20260604-0857,3,2026-06-04 13:39:11,Orchard Central,SOK-M-02,Men's Pile Crew Socks,Socks,Men,5.9,5.9,False,1,5.9,PAYNOW
ORC-20260604-0151,1,2026-06-04 20:22:21,Orchard Central,BTM-W-04,  Women's Denim Straight Jeans  ,Bottoms,Women,49.9,49.9,False,1,49.9,
PUN-20260604-0458,3,2026-06-04 17:39:09,Punggol,UND-M-08,Men's Airism V-Neck Undershirt,Underwear,Men,9.9,9.9,False,1,9.9,Card
BUG-20260604-0380,2,2026-06-04 19:59:16,Bugis,SOK-M-03,Men's Airism Low-Cut Socks,Socks,Men,5.9,5.9,False,2,11.8,NETS
PUN-20260604-0224,1,2026-06-04 14:26:44,Punggol,SOK-M-02,  Men's Pile Crew Socks  ,Socks,Men,5.9,5.9,False,1,5.9,Card
PUN-20260604-0465,1,2026-06-04 13:44:34,Punggol,SOK-W-02,Women's Pile Crew Socks,Socks,Women,5.9,5.9,False,1,5.9,Card
BUG-20260604-0415,3,2026-06-04 21:35:32,Bugis,SOK-W-01,Women's Ankle Socks 3-Pack,SOCKS,Women,14.9,14.9,False,1,$14.9,PayNow
PUN-20260604-0381,2,2026-06-04 20:19:20,Punggol,BTM-M-01,Men's Ezy Ankle Pants,Bottoms,MEN,29.9,29.9,False,1,29.9,PayNow
PUN-20260604-0345,1,2026-06-04 21:47:43,Punggol,SOK-M-04,Men's Ribbed Crew Socks,Socks,Men,5.9,5.9,False,1,5.9,Card
BUG-20260604-0363,1,2026-06-04 17:29:16,Bugis,SOK-M-03,Men's Airism Low-Cut Socks,Socks,Men,5.9,5.9,False,1,5.9,Nets
ORC-20260604-0659,2,2026-06-04 15:27:31,Orchard Central,TOP-W-02,Women's Ribbed Long Sleeve Turtleneck,Tops,Women,19.9,19.9,False,1,19.9,Card
PUN-20260604-0410,1,2026-06-04 16:42:31,Punggol,UND-W-04,Women's Airism T-Shirt Bra,Underwear,Women,29.9,29.9,False,1,29.9,Card
PUN-20260604-0471,1,2026-06-04 16:28:34,Punggol,SOK-W-02,  Women's Pile Crew Socks  ,socks,Women,5.9,5.9,False,1,5.9,PayNow
ORC-20260604-1160,1,2026-06-04 15:54:12,Orchard Central,SOK-W-03,Women's Airism Low-Cut Socks,Socks,Women,5.9,5.9,False,1,5.9,Card
BUG-20260604-0161,2,2026-06-04 15:19:09,Bugis,SOK-M-02,Men's Pile Crew Socks,Socks,Men,5.9,5.9,False,1,5.9,Card
BUG-20260604-0680,1,2026-06-04 18:16:08,Bugis,TOP-M-01,Men's Airism Cotton Crew Neck T-Shirt,Tops,Men,14.9,14.9,False,1,14.9,Card
BUG-20260604-0387,3,2026-06-04 22:03:12,Bugis,SOK-W-02,Women's Pile Crew Socks,Socks,Women,5.9,5.9,False,1,5.9,Card
BUG-20260604-0233,2,2026-06-04 20:53:11,BUGIS,SOK-W-03,  Women's Airism Low-Cut Socks  ,Socks,Women,5.9,5.9,False,1,5.9,PayNow
BUG-20260604-0029,3,2026-06-04 20:31:28,Bugis,SOK-M-03,  Men's Airism Low-Cut Socks  ,Socks,Men,5.9,5.9,False,1,5.9,Card
ORC-20260604-1097,1,2026-06-04 22:23:04,Orchard Central,SOK-W-01,Women's Ankle Socks 3-Pack,Socks,Women,14.9,14.9,False,2,29.8,Card
ORC-20260604-0508,2,2026-06-04 18:14:29,Orchard Central,BTM-M-04,Men's Dry Stretch Shorts,Bottoms,Men,19.9,19.9,False,1,19.9,nets
BUG-20260604-0022,1,2026-06-04 13:19:32,  bugis  ,UND-M-01,Men's Airism Boxer Briefs,Underwear,Men,14.9,14.9,False,1,14.9,Cash
ORC-20260604-1460,2,2026-06-04 20:42:51,Orchard Central,UND-W-03,Women's Cotton Blend Briefs,Underwear,Women,9.9,9.9,False,1,9.9,Card
ORC-20260604-0701,1,2026-06-04 17:51:56,Orchard Central,SOK-M-04,Men's Ribbed Crew Socks,Socks,Men,5.9,5.9,False,1,5.9,PayNow
PUN-20260604-0134,1,2026-06-04 18:03:49,Punggol,BTM-W-06,  Women's Jersey Jogger Pants  ,Bottoms,Women,21.94,29.9,True,1,21.94,paynow
ORC-20260604-0602,1,2026-06-04 18:10:40,Orchard Central,SOK-W-02,Women's Pile Crew Socks,Socks,Women,5.9,5.9,False,1,5.9,PayNow
PUN-20260604-0447,2,2026-06-04 18:08:26,Punggol,TOP-M-03,Men's Dry-EX Crew Neck T-Shirt,Tops,Men,19.9,19.9,False,1,19.9,Cash
ORC-20260604-1054,1,2026-06-04 19:45:06,Orchard Central,UND-W-02,  Women's Wireless Bra  ,Underwear,Women,29.9,29.9,False,1,29.9,Card
ORC-20260604-0086,3,2026-06-04 22:28:35,Orchard Central,TOP-W-02,Women's Ribbed Long Sleeve Turtleneck,Tops,Women,19.9,19.9,False,1,19.9,Card
BUG-20260604-0184,2,2026-06-04 11:54:34,Bugis,UND-W-05,Women's Seamless Shorts,Underwear,Women,9.9,9.9,False,1,9.9,Card
PUN-20260604-0094,2,2026-06-04 17:47:50,Punggol,BTM-W-01,Women's Ultra Stretch Skinny Jeans,Bottoms,Women,39.9,39.9,False,1,39.9,NETS
BUG-20260604-0803,1,2026-06-04 13:54:59,Bugis,UND-W-01,Women's Airism Bikini Shorts,Underwear,Women,9.9,9.9,False,1,9.9,Card
ORC-20260604-1175,2,2026-06-04 22:55:49,Orchard Central,SOK-W-02,Women's Pile Crew Socks,Socks,Women,5.9,5.9,False,1,5.9,PayNow
PUN-20260604-0110,1,2026-06-04 14:36:13,Punggol,SOK-M-03,Men's Airism Low-Cut Socks,Socks,Men,5.9,5.9,False,1,5.9,Card
ORC-20260604-0230,2,2026-06-04 22:23:05,Orchard Central,BTM-M-02,Men's Slim Fit Chino Trousers,BOTTOMS,Men,29.9,29.9,False,1,29.9,CASH
BUG-20260604-0066,3,2026-06-04 13:24:55,  bugis  ,SOK-M-02,Men's Pile Crew Socks,SOCKS,Men,5.9,5.9,False,1,5.9,cash
PUN-20260604-0134,2,2026-06-04 18:03:49,Punggol,UND-W-01,  Women's Airism Bikini Shorts  ,Underwear,Women,9.9,9.9,False,1,9.9,PayNow
BUG-20260604-0557,1,2026-06-04 20:35:49,Bugis,UND-W-03,Women's Cotton Blend Briefs,Underwear,Women,9.9,9.9,False,1,9.9,PayNow
ORC-20260604-1341,3,2026-06-04 21:18:09,Orchard Central,UND-W-02,  Women's Wireless Bra  ,Underwear,Women,29.9,29.9,False,1,29.9,card
ORC-20260604-0674,1,2026-06-04 18:24:30,Orchard Central,SOK-W-09,Women's No-Show Sneaker Socks,Socks,Women,5.9,5.9,False,1,5.9,NETS
ORC-20260604-1156,2,2026-06-04 20:44:14,Orchard Central,UND-W-03,Women's Cotton Blend Briefs,Underwear,Women,9.9,9.9,False,1,9.9,PayNow
PUN-20260604-0018,1,2026-06-04 18:56:18,Punggol,SOK-W-02,Women's Pile Crew Socks,Socks,Women,5.9,5.9,False,1,5.9,Card
ORC-20260604-0480,1,2026-06-04 16:52:33,Orchard Central,SOK-M-09,Men's No-Show Sneaker Socks,Socks,Men,4.11,5.9,True,1,4.11,NETS
PUN-20260604-0101,1,2026-06-04 18:10:35,punggol,SOK-W-03,Women's Airism Low-Cut Socks,Socks,Women,5.9,5.9,False,1,5.9,PayNow
PUN-20260604-0425,2,2026-06-04 22:17:06,Punggol,SOK-W-03,Women's Airism Low-Cut Socks,Socks,Women,5.9,5.9,False,1,5.9,PayNow
ORC-20260604-0302,2,2026-06-04 18:23:48,Orchard Central,SOK-M-03,Men's Airism Low-Cut Socks,Socks,Men,5.9,5.9,False,1,5.9,PayNow
BUG-20260604-0229,2,2026-06-04 20:44:13,Bugis,UND-W-03,Women's Cotton Blend Briefs,UNDERWEAR,Women,9.9,9.9,False,1,9.9,Card
ORC-20260604-0664,1,2026-06-04 18:34:27,Orchard Central,SOK-M-09,Men's No-Show Sneaker Socks,Socks,Men,4.11,5.9,True,1,4.11,Card
ORC-20260604-0323,1,2026-06-04 20:20:19,Orchard Central,SOK-W-03,Women's Airism Low-Cut Socks,Socks,Women,5.9,5.9,False,1,5.9,PayNow
PUN-20260604-0321,3,2026-06-04 16:49:11,Punggol,BTM-W-01,Women's Ultra Stretch Skinny Jeans,Bottoms,Women,39.9,39.9,False,1,39.9,Card
PUN-20260604-0030,1,2026-06-04 16:49:09,Punggol,SOK-W-02,  Women's Pile Crew Socks  ,Socks,Women,5.9,5.9,False,1,5.9,Card
BUG-20260604-0835,1,2026-06-04 15:11:17,Bugis,SOK-W-02,Women's Pile Crew Socks,Socks,Women,5.9,5.9,False,1,5.9,Nets
ORC-20260604-0479,3,2026-06-04 19:34:34,Orchard Central,UND-W-03,Women's Cotton Blend Briefs,Underwear,Women,9.9,9.9,False,2,19.8,
ORC-20260604-0594,1,2026-06-04 19:55:13,Orchard Central,SOK-W-03,Women's Airism Low-Cut Socks,socks,Women,5.9,5.9,False,1,5.9,Card
PUN-20260604-0164,1,2026-06-04 19:35:16,Punggol,TOP-W-01,Women's Airism Cotton Crew Neck T-Shirt,Tops,WOMEN,14.9,14.9,False,1,14.9,PayNow
ORC-20260604-1034,1,2026-06-04 11:08:40,Orchard Central,SOK-W-02,Women's Pile Crew Socks,Socks,Women,$5.9,5.9,False,2,11.8,NETS
PUN-20260604-0301,1,2026-06-04 19:18:18,Punggol,SOK-M-03,Men's Airism Low-Cut Socks,socks,Men,5.9,5.9,False,1,5.9,PAYNOW
ORC-20260604-0434,3,2026-06-04 20:45:36,  Orchard Central  ,SOK-W-03,Women's Airism Low-Cut Socks,Socks,Women,5.9,5.9,False,1,5.9,Card
BUG-20260604-0183,2,2026-06-04 20:23:30,Bugis,SOK-W-04,Women's Ribbed Crew Socks,Socks,Women,5.9,5.9,False,1,5.9,PAYNOW
BUG-20260604-0792,1,2026-06-04 11:43:12,Bugis,SOK-W-03,Women's Airism Low-Cut Socks,Socks,Women,5.9,5.9,False,2,11.8,Cash
ORC-20260604-0093,2,2026-06-04 21:12:50,  ORCHARD CENTRAL  ,SOK-M-06,Men's Heattech Socks,Socks,Men,$9.9,9.9,False,1,9.9,Card
BUG-20260604-0213,3,2026-06-04 16:35:42,Bugis,UND-W-03,Women's Cotton Blend Briefs,UNDERWEAR,Women,$9.9,9.9,False,1,9.9,Cash
ORC-20260604-0560,3,2026-06-04 13:39:11,Orchard Central,TOP-W-01,Women's Airism Cotton Crew Neck T-Shirt,tops,WOMEN,14.9,14.9,False,1,14.9,NETS
BUG-20260604-0020,2,2026-06-04 18:23:58,Bugis,TOP-W-01,Women's Airism Cotton Crew Neck T-Shirt,Tops,Women,14.9,14.9,False,1,14.9,Cash
ORC-20260604-0878,3,2026-06-04 11:10:18,Orchard Central,TOP-W-01,Women's Airism Cotton Crew Neck T-Shirt,Tops,Women,14.9,14.9,False,1,14.9,Card
BUG-20260604-0355,3,2026-06-04 20:19:02,Bugis,SOK-W-02,  Women's Pile Crew Socks  ,Socks,women,5.9,5.9,False,2,11.8,NETS
PUN-20260604-0150,2,2026-06-04 19:01:47,Punggol,TOP-W-04,Women's Heattech Crew Neck Long Sleeve Tee,Tops,Women,14.9,14.9,False,1,14.9,PayNow
PUN-20260604-0069,1,2026-06-04 21:19:00,Punggol,SOK-M-02,Men's Pile Crew Socks,Socks,Men,5.9,5.9,False,1,5.9,PayNow
ORC-20260604-0552,1,2026-06-04 18:18:51,Orchard Central,SOK-W-02,Women's Pile Crew Socks,Socks,Women,5.9,5.9,False,1,5.9,Cash
PUN-20260604-0237,3,2026-06-04 21:52:40,Punggol,TOP-M-01,Men's Airism Cotton Crew Neck T-Shirt,Tops,Men,14.9,14.9,False,1,14.9,PayNow
ORC-20260604-1065,1,2026-06-04 20:21:06,Orchard Central,TOP-W-01,Women's Airism Cotton Crew Neck T-Shirt,Tops,WOMEN,14.9,14.9,False,1,14.9,Nets
ORC-20260604-1136,2,2026-06-04 18:47:56,Orchard Central,SOK-M-09,Men's No-Show Sneaker Socks,Socks,men,4.11,5.9,True,1,4.11,PayNow
BUG-20260604-0828,1,2026-06-04 18:42:04,Bugis,TOP-M-03,Men's Dry-EX Crew Neck T-Shirt,Tops,Men,19.9,19.9,False,1,19.9,PayNow
ORC-20260604-0566,2,2026-06-04 21:34:44,Orchard Central,BTM-W-03,Women's Ezy Ankle Pants,bottoms,Women,29.9,29.9,False,1,29.9,PayNow
ORC-20260604-0443,2,2026-06-04 17:58:10,Orchard Central,SOK-M-02,Men's Pile Crew Socks,Socks,Men,5.9,5.9,False,1,5.9,Card
BUG-20260604-0035,3,2026-06-04 14:07:23,bugis,UND-W-01,Women's Airism Bikini Shorts,Underwear,Women,9.9,9.9,False,1,9.9,paynow
ORC-20260604-1127,1,2026-06-04 14:19:31,Orchard Central,BTM-W-03,Women's Ezy Ankle Pants,Bottoms,Women,29.9,29.9,False,1,29.9,Card
PUN-20260604-0020,2,2026-06-04 17:35:29,Punggol,UND-M-04,Men's Cotton Crew Neck Undershirt,Underwear,Men,14.9,14.9,False,1,14.9,Card
BUG-20260604-0564,2,2026-06-04 17:31:01,bugis,SOK-M-04,Men's Ribbed Crew Socks,Socks,MEN,5.9,5.9,False,1,5.9,Card
PUN-20260604-0006,1,2026-06-04 15:25:04,Punggol,SOK-W-01,Women's Ankle Socks 3-Pack,socks,Women,14.9,14.9,False,1,14.9,Card
BUG-20260604-0563,3,2026-06-04 22:35:35,BUGIS,TOP-M-01,Men's Airism Cotton Crew Neck T-Shirt,Tops,Men,14.9,14.9,False,1,14.9,PAYNOW
BUG-20260604-0849,1,2026-06-04 11:44:54,Bugis,UND-W-04,  Women's Airism T-Shirt Bra  ,Underwear,Women,29.9,29.9,False,1,29.9,Card
PUN-20260604-0468,1,2026-06-04 15:46:28,Punggol,SOK-W-01,Women's Ankle Socks 3-Pack,Socks,Women,14.9,14.9,False,1,14.9,NETS
PUN-20260604-0275,2,2026-06-04 19:44:07,  Punggol  ,SOK-W-02,Women's Pile Crew Socks,Socks,Women,5.9,5.9,False,2,11.8,Card
PUN-20260604-0336,1,2026-06-04 19:18:31,Punggol,SOK-M-03,Men's Airism Low-Cut Socks,Socks,Men,5.9,5.9,False,1,5.9,PayNow
PUN-20260604-0234,2,2026-06-04 20:25:15,Punggol,TOP-M-01,Men's Airism Cotton Crew Neck T-Shirt,Tops,Men,14.9,14.9,False,1,14.9,PayNow
ORC-20260604-1247,2,2026-06-04 15:00:10,Orchard Central,TOP-M-03,Men's Dry-EX Crew Neck T-Shirt,Tops,Men,19.9,19.9,False,1,19.9,PayNow
ORC-20260604-0441,2,2026-06-04 17:04:48,Orchard Central,UND-W-03,Women's Cotton Blend Briefs,Underwear,Women,9.9,9.9,False,2,19.8,Card
ORC-20260604-0419,2,2026-06-04 14:47:54,Orchard Central,SOK-M-03,Men's Airism Low-Cut Socks,Socks,Men,5.9,5.9,False,1,5.9,
ORC-20260604-0148,2,2026-06-04 17:31:26,  Orchard Central  ,SOK-M-04,Men's Ribbed Crew Socks,Socks,Men,5.9,5.9,False,1,5.9,paynow
BUG-20260604-0048,1,2026-06-04 12:25:44,Bugis,SOK-M-01,  Men's Ankle Socks 3-Pack  ,Socks,Men,14.9,14.9,False,1,14.9,Paynow
ORC-20260604-0868,3,2026-06-04 17:50:01,Orchard Central,SOK-M-01,Men's Ankle Socks 3-Pack,Socks,Men,14.9,14.9,False,1,14.9,Card
PUN-20260604-0335,1,2026-06-04 20:51:56,Punggol,SOK-M-04,Men's Ribbed Crew Socks,Socks,Men,5.9,5.9,False,1,5.9,Cash
BUG-20260604-0325,1,2026-06-04 12:51:12,Bugis,SOK-W-04,Women's Ribbed Crew Socks,Socks,Women,5.9,5.9,False,1,5.9,PayNow
BUG-20260604-0481,2,2026-06-04 18:31:10,Bugis,SOK-W-01,Women's Ankle Socks 3-Pack,SOCKS,Women,14.9,14.9,False,1,14.9,PayNow
PUN-20260604-0380,1,2026-06-04 16:54:24,Punggol,UND-W-02,Women's Wireless Bra,Underwear,Women,29.9,29.9,False,1,29.9,Cash
BUG-20260604-0544,1,2026-06-04 11:53:30,  Bugis  ,SOK-M-04,Men's Ribbed Crew Socks,Socks,Men,$5.9,5.9,False,1,5.9,Card
ORC-20260604-1283,2,2026-06-04 12:19:34,Orchard Central,SOK-W-02,Women's Pile Crew Socks,Socks,Women,5.9,5.9,False,1,5.9,PAYNOW
PUN-20260604-0205,1,2026-06-04 18:41:05,Punggol,BTM-W-06,Women's Jersey Jogger Pants,Bottoms,Women,21.94,29.9,True,1,21.94,PayNow
BUG-20260604-0864,1,2026-06-04 16:20:50,Bugis,UND-W-03,Women's Cotton Blend Briefs,Underwear,Women,9.9,9.9,False,1,9.9,Card
ORC-20260604-0176,2,2026-06-04 20:34:51,orchard central,UND-W-03,Women's Cotton Blend Briefs,Underwear,Women,9.9,9.9,False,1,9.9,PayNow
ORC-20260604-0030,1,2026-06-04 18:49:59,Orchard Central,UND-M-01,Men's Airism Boxer Briefs,underwear,Men,14.9,14.9,False,1,14.9,Card
BUG-20260604-0371,1,2026-06-04 21:20:47,Bugis,UND-W-04,Women's Airism T-Shirt Bra,Underwear,Women,29.9,29.9,False,1,29.9,PayNow
BUG-20260604-0414,1,2026-06-04 16:53:20,Bugis,BTM-M-01,Men's Ezy Ankle Pants,bottoms,men,29.9,29.9,False,1,29.9,Cash
PUN-20260604-0524,3,2026-06-04 16:32:20,Punggol,TOP-W-02,Women's Ribbed Long Sleeve Turtleneck,tops,Women,19.9,19.9,False,1,19.9,Card
ORC-20260604-1452,1,2026-06-04 16:25:29,  Orchard Central  ,SOK-M-04,Men's Ribbed Crew Socks,Socks,Men,5.9,5.9,False,1,5.9,Card
PUN-20260604-0337,1,2026-06-04 16:51:46,Punggol,BTM-W-03,Women's Ezy Ankle Pants,Bottoms,Women,29.9,29.9,False,1,29.9,Card
ORC-20260604-1126,1,2026-06-04 17:47:29,ORCHARD CENTRAL,SOK-M-04,Men's Ribbed Crew Socks,Socks,Men,5.9,5.9,False,1,5.9,Cash
BUG-20260604-0864,2,2026-06-04 16:20:50,  Bugis  ,SOK-W-04,Women's Ribbed Crew Socks,Socks,Women,5.9,5.9,False,1,5.9,Card
BUG-20260604-0529,1,2026-06-04 19:00:28,Bugis,SOK-W-02,Women's Pile Crew Socks,Socks,women,5.9,5.9,False,1,5.9,Paynow
ORC-20260604-0652,3,2026-06-04 19:38:27,Orchard Central,TOP-M-01,Men's Airism Cotton Crew Neck T-Shirt,Tops,Men,14.9,14.9,False,1,14.9,Cash
ORC-20260604-1243,1,2026-06-04 20:59:29,Orchard Central,SOK-M-09,Men's No-Show Sneaker Socks,socks,MEN,4.11,5.9,True,1,4.11,Card
BUG-20260604-0778,1,2026-06-04 21:27:52,BUGIS,SOK-W-06,Women's Heattech Socks,Socks,Women,9.9,9.9,False,1,$9.9,Card
ORC-20260604-0653,1,2026-06-04 21:23:40,Orchard Central,SOK-W-03,  Women's Airism Low-Cut Socks  ,Socks,Women,5.9,5.9,False,1,5.9,Card
BUG-20260604-0619,2,2026-06-04 20:56:04,Bugis,SOK-W-03,Women's Airism Low-Cut Socks,Socks,Women,5.9,5.9,False,1,$5.9,Cash
ORC-20260604-1251,1,2026-06-04 12:11:02,Orchard Central,UND-M-04,Men's Cotton Crew Neck Undershirt,UNDERWEAR,MEN,14.9,14.9,False,2,$29.8,PayNow
PUN-20260604-0552,1,2026-06-04 19:06:51,  Punggol  ,SOK-W-04,  Women's Ribbed Crew Socks  ,socks,Women,5.9,5.9,False,1,5.9,NETS
ORC-20260604-1331,2,2026-06-04 13:14:14,Orchard Central,BTM-M-04,Men's Dry Stretch Shorts,Bottoms,Men,19.9,19.9,False,1,$19.9,Cash
ORC-20260604-0457,1,2026-06-04 11:24:53,Orchard Central,SOK-M-03,Men's Airism Low-Cut Socks,Socks,Men,5.9,5.9,False,1,5.9,PayNow
BUG-20260604-0233,3,2026-06-04 20:53:11,  Bugis  ,SOK-W-03,Women's Airism Low-Cut Socks,Socks,Women,5.9,5.9,False,1,5.9,PayNow
ORC-20260604-1103,1,2026-06-04 14:20:12,Orchard Central,SOK-M-09,  Men's No-Show Sneaker Socks  ,Socks,men,4.11,5.9,True,1,4.11,PayNow
PUN-20260604-0179,2,2026-06-04 19:00:53,Punggol,SOK-M-04,Men's Ribbed Crew Socks,Socks,Men,5.9,5.9,False,2,11.8,NETS
PUN-20260604-0498,1,2026-06-04 16:05:10,punggol,UND-W-03,Women's Cotton Blend Briefs,Underwear,Women,9.9,9.9,False,1,9.9,Card
ORC-20260604-0519,3,2026-06-04 13:51:28,orchard central,SOK-M-03,Men's Airism Low-Cut Socks,Socks,Men,5.9,5.9,False,1,$5.9,NETS
BUG-20260604-0653,3,2026-06-04 19:06:15,bugis,SOK-W-01,Women's Ankle Socks 3-Pack,Socks,Women,14.9,14.9,False,1,14.9,Card
PUN-20260604-0146,1,2026-06-04 20:20:47,  Punggol  ,SOK-W-02,Women's Pile Crew Socks,socks,Women,5.9,5.9,False,1,5.9,Card
PUN-20260604-0252,1,2026-06-04 11:53:39,  Punggol  ,UND-M-04,Men's Cotton Crew Neck Undershirt,Underwear,Men,14.9,14.9,False,1,14.9,card
ORC-20260604-1048,1,2026-06-04 14:03:37,Orchard Central,SOK-W-01,Women's Ankle Socks 3-Pack,Socks,Women,14.9,14.9,False,2,29.8,Card
BUG-20260604-0265,1,2026-06-04 20:05:29,  Bugis  ,SOK-W-03,Women's Airism Low-Cut Socks,Socks,Women,5.9,5.9,False,1,5.9,Card
PUN-20260604-0270,2,2026-06-04 20:20:45,  Punggol  ,SOK-W-03,Women's Airism Low-Cut Socks,Socks,Women,5.9,5.9,False,1,5.9,NETS
PUN-20260604-0530,2,2026-06-04 20:51:48,  Punggol  ,SOK-W-02,Women's Pile Crew Socks,Socks,Women,5.9,5.9,False,1,5.9,Card
BUG-20260604-0754,1,2026-06-04 20:57:19,bugis,UND-W-03,Women's Cotton Blend Briefs,Underwear,women,9.9,9.9,False,1,9.9,NETS
BUG-20260604-0861,1,2026-06-04 18:17:32,Bugis,TOP-M-02,Men's Supima Cotton Polo Shirt,Tops,Men,29.9,29.9,False,1,29.9,card
PUN-20260604-0167,3,2026-06-04 20:37:11,Punggol,SOK-W-03,Women's Airism Low-Cut Socks,Socks,women,5.9,5.9,False,1,5.9,NETS
ORC-20260604-1148,2,2026-06-04 17:37:31,Orchard Central,SOK-M-02,Men's Pile Crew Socks,Socks,Men,5.9,5.9,False,1,5.9,
ORC-20260604-0944,2,2026-06-04 20:45:36,Orchard Central,SOK-W-02,Women's Pile Crew Socks,Socks,Women,5.9,5.9,False,1,5.9,Cash
PUN-20260604-0399,3,2026-06-04 18:04:04,Punggol,SOK-M-01,Men's Ankle Socks 3-Pack,Socks,men,14.9,14.9,False,2,29.8,paynow
ORC-20260604-1062,1,2026-06-04 16:15:17,Orchard Central,UND-M-04,Men's Cotton Crew Neck Undershirt,Underwear,Men,14.9,14.9,False,1,14.9,Paynow
ORC-20260604-0701,2,2026-06-04 17:51:56,Orchard Central,TOP-M-01,Men's Airism Cotton Crew Neck T-Shirt,Tops,Men,14.9,14.9,False,1,14.9,PayNow
PUN-20260604-0397,2,2026-06-04 12:10:17,Punggol,TOP-M-01,Men's Airism Cotton Crew Neck T-Shirt,Tops,Men,14.9,14.9,False,1,14.9,PayNow
BUG-20260604-0209,2,2026-06-04 20:30:08,  Bugis  ,SOK-M-03,Men's Airism Low-Cut Socks,Socks,Men,5.9,5.9,False,1,5.9,PayNow
BUG-20260604-0706,2,2026-06-04 19:55:23,Bugis,UND-M-04,Men's Cotton Crew Neck Undershirt,Underwear,Men,14.9,14.9,False,1,14.9,PayNow
ORC-20260604-1258,1,2026-06-04 13:26:34,  Orchard Central  ,SOK-W-01,Women's Ankle Socks 3-Pack,Socks,Women,14.9,14.9,False,1,14.9,Card
ORC-20260604-0355,3,2026-06-04 19:22:38,Orchard Central,UND-W-03,  Women's Cotton Blend Briefs  ,Underwear,Women,9.9,9.9,False,1,9.9,Cash
BUG-20260604-0572,1,2026-06-04 20:17:43,Bugis,TOP-M-04,Men's Oxford Long Sleeve Shirt,Tops,Men,29.9,29.9,False,1,29.9,PayNow
PUN-20260604-0499,1,2026-06-04 22:20:05,Punggol,TOP-W-03,Women's Silky Satin Blouse,Tops,Women,39.9,39.9,False,1,39.9,Card
BUG-20260604-0179,2,2026-06-04 17:23:12,Bugis,SOK-W-02,Women's Pile Crew Socks,Socks,Women,5.9,5.9,False,1,5.9,Cash
BUG-20260604-0514,3,2026-06-04 19:59:16,Bugis,BTM-W-02,Women's High-Rise Wide Leg Pants,Bottoms,Women,$39.9,39.9,False,1,39.9,Cash
PUN-20260604-0329,2,2026-06-04 17:22:36,Punggol,UND-W-05,Women's Seamless Shorts,Underwear,Women,9.9,9.9,False,1,9.9,NETS
ORC-20260604-0953,1,2026-06-04 11:17:02,Orchard Central,TOP-M-01,Men's Airism Cotton Crew Neck T-Shirt,Tops,MEN,14.9,14.9,False,1,14.9,PayNow
ORC-20260604-0194,2,2026-06-04 13:41:32,Orchard Central,SOK-M-02,Men's Pile Crew Socks,Socks,Men,5.9,5.9,False,1,5.9,NETS
PUN-20260604-0283,1,2026-06-04 22:07:49,Punggol,SOK-M-01,Men's Ankle Socks 3-Pack,Socks,Men,14.9,14.9,False,1,14.9,PayNow
ORC-20260604-0484,3,2026-06-04 12:28:32,Orchard Central,UND-M-03,  Men's Airism Mesh Boxer Briefs  ,Underwear,Men,14.9,14.9,False,1,14.9,Card
ORC-20260604-0810,2,2026-06-04 22:34:42,ORCHARD CENTRAL,BTM-W-04,Women's Denim Straight Jeans,Bottoms,Women,49.9,49.9,False,1,49.9,CARD
ORC-20260604-0133,2,2026-06-04 21:16:41,Orchard Central,UND-M-03,Men's Airism Mesh Boxer Briefs,Underwear,Men,14.9,14.9,False,1,14.9,Cash
ORC-20260604-0493,3,2026-06-04 21:51:55,ORCHARD CENTRAL,SOK-M-02,Men's Pile Crew Socks,Socks,Men,5.9,5.9,False,1,5.9,NETS
ORC-20260604-1361,1,2026-06-04 17:49:52,Orchard Central,SOK-W-02,Women's Pile Crew Socks,socks,Women,5.9,5.9,False,1,5.9,PayNow
BUG-20260604-0049,2,2026-06-04 22:42:04,Bugis,UND-M-01,Men's Airism Boxer Briefs,Underwear,men,14.9,14.9,False,1,14.9,Card
ORC-20260604-0713,1,2026-06-04 21:18:03,Orchard Central,SOK-M-03,,Socks,Men,5.9,5.9,False,1,5.9,Cash
PUN-20260604-0130,2,2026-06-04 14:45:40,Punggol,TOP-W-04,Women's Heattech Crew Neck Long Sleeve Tee,Tops,Women,14.9,14.9,False,1,14.9,NETS
ORC-20260604-0754,1,2026-06-04 21:54:26,Orchard Central,BTM-W-03,Women's Ezy Ankle Pants,Bottoms,Women,29.9,29.9,False,1,29.9,PayNow
PUN-20260604-0458,2,2026-06-04 17:39:09,PUNGGOL,BTM-M-02,Men's Slim Fit Chino Trousers,Bottoms,Men,29.9,29.9,False,1,29.9,Card
PUN-20260604-0335,2,2026-06-04 20:51:56,Punggol,SOK-W-07,Women's Striped Crew Socks,Socks,Women,5.9,5.9,False,2,11.8,cash
ORC-20260604-0697,1,2026-06-04 12:49:29,Orchard Central,SOK-M-04,Men's Ribbed Crew Socks,Socks,Men,5.9,5.9,False,1,5.9,Card
BUG-20260604-0397,3,2026-06-04 20:05:21,Bugis,TOP-W-03,Women's Silky Satin Blouse,Tops,Women,39.9,39.9,False,1,39.9,Cash
PUN-20260604-0053,1,2026-06-04 20:57:21,Punggol,TOP-M-01,  Men's Airism Cotton Crew Neck T-Shirt  ,Tops,Men,14.9,14.9,False,1,14.9,
PUN-20260604-0074,1,2026-06-04 18:25:50,Punggol,TOP-W-01,Women's Airism Cotton Crew Neck T-Shirt,Tops,Women,14.9,14.9,False,1,14.9,Cash
PUN-20260604-0294,2,2026-06-04 20:33:10,Punggol,BTM-M-08,Men's Relaxed Fit Denim Shorts,BOTTOMS,MEN,22.99,29.9,True,1,22.99,Card
PUN-20260604-0361,2,2026-06-04 12:42:13,Punggol,BTM-W-01,Women's Ultra Stretch Skinny Jeans,bottoms,Women,39.9,39.9,False,1,39.9,PayNow
ORC-20260604-1440,3,2026-06-04 18:00:35,Orchard Central,SOK-M-03,Men's Airism Low-Cut Socks,Socks,Men,5.9,5.9,False,1,$5.9,Card
ORC-20260604-0711,1,2026-06-04 19:32:17,Orchard Central,TOP-M-01,Men's Airism Cotton Crew Neck T-Shirt,Tops,Men,14.9,14.9,False,1,14.9,Cash
BUG-20260604-0229,1,2026-06-04 20:44:13,Bugis,SOK-W-03,Women's Airism Low-Cut Socks,Socks,Women,5.9,5.9,False,1,5.9,Card
ORC-20260604-0839,3,2026-06-04 11:12:25,  Orchard Central  ,UND-M-02,Men's Cotton Blend Trunks,Underwear,Men,14.9,14.9,False,1,14.9,PayNow
ORC-20260604-1174,1,2026-06-04 22:44:45,Orchard Central,SOK-W-02,Women's Pile Crew Socks,Socks,Women,5.9,5.9,False,1,5.9,Card
ORC-20260604-0054,3,2026-06-04 15:14:09,Orchard Central,UND-M-04,  Men's Cotton Crew Neck Undershirt  ,underwear,Men,14.9,14.9,False,1,14.9,Card
BUG-20260604-0347,2,2026-06-04 17:31:13,BUGIS,BTM-M-02,Men's Slim Fit Chino Trousers,Bottoms,Men,29.9,29.9,False,1,29.9,Card
ORC-20260604-1109,3,2026-06-04 22:33:36,  Orchard Central  ,SOK-M-09,Men's No-Show Sneaker Socks,Socks,men,4.11,5.9,True,1,4.11,PAYNOW
ORC-20260604-1298,3,2026-06-04 12:11:22,Orchard Central,BTM-W-02,Women's High-Rise Wide Leg Pants,Bottoms,Women,39.9,39.9,False,1,39.9,PayNow
BUG-20260604-0148,1,2026-06-04 21:32:54,BUGIS,UND-M-03,Men's Airism Mesh Boxer Briefs,Underwear,Men,14.9,14.9,False,1,14.9,NETS
PUN-20260604-0576,3,2026-06-04 18:29:52,PUNGGOL,SOK-W-04,Women's Ribbed Crew Socks,Socks,Women,5.9,5.9,False,2,11.8,PayNow
ORC-20260604-0328,2,2026-06-04 19:11:12,Orchard Central,SOK-W-05,Women's Sport Ankle Socks,Socks,Women,5.9,5.9,False,2,11.8,Cash
ORC-20260604-1260,3,2026-06-04 13:35:24,Orchard Central,SOK-M-09,Men's No-Show Sneaker Socks,Socks,Men,4.11,5.9,True,1,4.11,NETS
PUN-20260604-0165,2,2026-06-04 18:09:09,Punggol,SOK-W-08,Women's Lace Trim Ankle Socks,Socks,Women,5.9,5.9,False,1,5.9,Card
ORC-20260604-0088,1,2026-06-04 11:13:39,Orchard Central,SOK-M-01,  Men's Ankle Socks 3-Pack  ,Socks,Men,14.9,14.9,False,1,14.9,Card
BUG-20260604-0250,1,2026-06-04 17:15:18,bugis,BTM-M-01,Men's Ezy Ankle Pants,Bottoms,Men,29.9,29.9,False,1,29.9,Card
PUN-20260604-0008,2,2026-06-04 15:21:07,Punggol,BTM-W-01,Women's Ultra Stretch Skinny Jeans,Bottoms,Women,39.9,39.9,False,1,39.9,PayNow
PUN-20260604-0123,2,2026-06-04 21:15:49,Punggol,TOP-M-01,Men's Airism Cotton Crew Neck T-Shirt,Tops,men,14.9,14.9,False,1,14.9,card
ORC-20260604-1329,1,2026-06-04 17:47:26,Orchard Central,UND-W-03,Women's Cotton Blend Briefs,Underwear,Women,9.9,9.9,False,1,9.9,Card
PUN-20260604-0196,1,2026-06-04 15:38:13,Punggol,TOP-W-04,Women's Heattech Crew Neck Long Sleeve Tee,Tops,Women,14.9,14.9,False,1,14.9,Card
ORC-20260604-0176,1,2026-06-04 20:34:51,Orchard Central,SOK-M-01,Men's Ankle Socks 3-Pack,Socks,Men,14.9,14.9,False,2,29.8,PayNow
ORC-20260604-1214,1,2026-06-04 14:23:02,Orchard Central,SOK-M-04,Men's Ribbed Crew Socks,SOCKS,Men,5.9,5.9,False,2,11.8,Cash
ORC-20260604-0348,3,2026-06-04 21:06:57,Orchard Central,SOK-M-02,Men's Pile Crew Socks,Socks,Men,5.9,5.9,False,2,11.8,PayNow
ORC-20260604-1300,1,2026-06-04 19:18:23,Orchard Central,SOK-W-09,  Women's No-Show Sneaker Socks  ,Socks,Women,5.9,5.9,False,1,5.9,PayNow
ORC-20260604-1191,2,2026-06-04 21:03:12,Orchard Central,TOP-M-06,Men's Fleece Full-Zip Hoodie,Tops,Men,39.9,39.9,False,1,39.9,NETS
PUN-20260604-0021,1,2026-06-04 22:28:18,punggol,SOK-W-03,Women's Airism Low-Cut Socks,Socks,Women,5.9,5.9,False,1,5.9,Cash
ORC-20260604-1038,1,2026-06-04 19:34:47,Orchard Central,UND-M-02,Men's Cotton Blend Trunks,Underwear,Men,14.9,14.9,False,1,14.9,Card
ORC-20260604-0909,1,2026-06-04 21:16:50,Orchard Central,UND-W-02,Women's Wireless Bra,Underwear,Women,29.9,29.9,False,1,29.9,PayNow
PUN-20260604-0393,1,2026-06-04 13:03:52,Punggol,SOK-W-02,Women's Pile Crew Socks,Socks,Women,5.9,5.9,False,1,$5.9,Card
BUG-20260604-0810,1,2026-06-04 20:06:02,bugis,BTM-M-08,Men's Relaxed Fit Denim Shorts,Bottoms,Men,$22.99,29.9,True,1,22.99,PayNow
ORC-20260604-0244,2,2026-06-04 20:11:06,Orchard Central,UND-W-04,Women's Airism T-Shirt Bra,UNDERWEAR,Women,29.9,29.9,False,1,29.9,Card
BUG-20260604-0508,1,2026-06-04 15:15:22,  BUGIS  ,BTM-W-02,Women's High-Rise Wide Leg Pants,Bottoms,Women,39.9,39.9,False,1,39.9,PayNow
ORC-20260604-0682,1,2026-06-04 20:44:31,Orchard Central,SOK-W-03,Women's Airism Low-Cut Socks,Socks,Women,5.9,5.9,False,2,11.8,PayNow
BUG-20260604-0544,3,2026-06-04 11:53:30,Bugis,UND-W-03,Women's Cotton Blend Briefs,Underwear,Women,9.9,9.9,False,1,9.9,Card
ORC-20260604-0829,2,2026-06-04 19:37:05,Orchard Central,SOK-M-09,Men's No-Show Sneaker Socks,Socks,Men,4.11,5.9,True,1,4.11,Card
PUN-20260604-0544,3,2026-06-04 19:30:02,Punggol,UND-W-02,Women's Wireless Bra,Underwear,Women,$29.9,29.9,False,2,59.8,Card
ORC-20260604-0491,1,2026-06-04 15:52:24,orchard central,SOK-W-02,Women's Pile Crew Socks,Socks,Women,5.9,5.9,False,1,$5.9,Card
ORC-20260604-0899,3,2026-06-04 17:05:29,Orchard Central,BTM-M-01,Men's Ezy Ankle Pants,Bottoms,Men,29.9,29.9,False,1,29.9,Card
ORC-20260604-1196,1,2026-06-04 12:53:02,Orchard Central,SOK-W-06,Women's Heattech Socks,Socks,Women,9.9,9.9,False,2,19.8,Card
ORC-20260604-0694,2,2026-06-04 14:23:17,Orchard Central,TOP-M-03,Men's Dry-EX Crew Neck T-Shirt,TOPS,Men,19.9,19.9,False,1,19.9,Paynow
BUG-20260604-0583,1,2026-06-04 22:01:05,bugis,SOK-W-03,  Women's Airism Low-Cut Socks  ,Socks,Women,5.9,5.9,False,1,5.9,Nets
PUN-20260604-0564,2,2026-06-04 18:46:21,Punggol,SOK-W-04,Women's Ribbed Crew Socks,Socks,Women,5.9,5.9,False,1,5.9,Card
ORC-20260604-1316,3,2026-06-04 11:00:59,  Orchard Central  ,UND-W-10,Women's Wireless Bralette,Underwear,Women,29.9,29.9,False,1,29.9,PayNow
BUG-20260604-0817,2,2026-06-04 12:53:48,Bugis,SOK-M-04,Men's Ribbed Crew Socks,Socks,Men,5.9,5.9,False,1,5.9,NETS
BUG-20260604-0329,1,2026-06-04 20:49:24,Bugis,SOK-W-02,Women's Pile Crew Socks,Socks,Women,5.9,5.9,False,1,5.9,Card
ORC-20260604-0954,1,2026-06-04 13:38:34,Orchard Central,BTM-M-07,Men's Smart Ankle Pants,Bottoms,Men,39.9,39.9,False,1,39.9,NETS
PUN-20260604-0324,3,2026-06-04 21:44:10,Punggol,TOP-W-04,Women's Heattech Crew Neck Long Sleeve Tee,Tops,Women,14.9,14.9,False,1,14.9,NETS
BUG-20260604-0090,1,2026-06-04 21:45:27,Bugis,BTM-M-04,Men's Dry Stretch Shorts,Bottoms,Men,19.9,19.9,False,1,19.9,Card
BUG-20260604-0441,2,2026-06-04 15:37:11,Bugis,SOK-W-02,Women's Pile Crew Socks,Socks,Women,5.9,5.9,False,1,5.9,PayNow
ORC-20260604-0372,1,2026-06-04 19:20:16,Orchard Central,BTM-W-01,Women's Ultra Stretch Skinny Jeans,Bottoms,Women,39.9,39.9,False,1,39.9,PayNow
ORC-20260604-0715,2,2026-06-04 20:34:52,Orchard Central,TOP-M-02,Men's Supima Cotton Polo Shirt,TOPS,Men,29.9,29.9,False,1,29.9,cash
ORC-20260604-0001,1,2026-06-04 18:56:27,  Orchard Central  ,SOK-W-02,Women's Pile Crew Socks,Socks,Women,5.9,5.9,False,1,5.9,PayNow
PUN-20260604-0372,2,2026-06-04 13:59:42,PUNGGOL,BTM-M-01,Men's Ezy Ankle Pants,Bottoms,Men,29.9,29.9,False,1,29.9,Cash
ORC-20260604-0440,1,2026-06-04 20:49:36,Orchard Central,UND-M-01,Men's Airism Boxer Briefs,Underwear,MEN,14.9,14.9,False,1,14.9,card
ORC-20260604-0538,2,2026-06-04 20:15:24,orchard central,TOP-M-01,Men's Airism Cotton Crew Neck T-Shirt,Tops,Men,14.9,14.9,False,1,14.9,PayNow
BUG-20260604-0206,1,2026-06-04 21:48:17,Bugis,SOK-W-03,Women's Airism Low-Cut Socks,Socks,Women,5.9,5.9,False,1,5.9,PayNow
PUN-20260604-0170,1,2026-06-04 20:55:45,Punggol,TOP-M-04,Men's Oxford Long Sleeve Shirt,Tops,Men,29.9,29.9,False,1,29.9,Card
PUN-20260604-0201,1,2026-06-04 19:26:48,  PUNGGOL  ,SOK-W-03,Women's Airism Low-Cut Socks,Socks,Women,5.9,5.9,False,1,5.9,Card
BUG-20260604-0201,2,2026-06-04 18:49:08,Bugis,TOP-W-06,Women's Linen Blend Short Sleeve Shirt,Tops,Women,29.9,29.9,False,1,29.9,Card
PUN-20260604-0240,2,2026-06-04 19:40:26,  Punggol  ,UND-W-03,Women's Cotton Blend Briefs,Underwear,Women,9.9,9.9,False,1,9.9,PayNow
ORC-20260604-0887,1,2026-06-04 20:06:19,Orchard Central,BTM-M-05,Men's Wide Fit Cargo Pants,Bottoms,Men,39.9,39.9,False,1,39.9,Card
PUN-20260604-0151,1,2026-06-04 18:06:40,Punggol,TOP-W-03,Women's Silky Satin Blouse,Tops,Women,39.9,39.9,False,1,39.9,CARD
BUG-20260604-0476,2,2026-06-04 15:53:03,Bugis,SOK-M-03,Men's Airism Low-Cut Socks,Socks,MEN,5.9,5.9,False,1,5.9,Card
ORC-20260604-1077,1,2026-06-04 12:41:55,  Orchard Central  ,UND-M-04,Men's Cotton Crew Neck Undershirt,Underwear,MEN,14.9,14.9,False,1,14.9,Card
ORC-20260604-1226,1,2026-06-04 19:37:10,Orchard Central,TOP-W-01,Women's Airism Cotton Crew Neck T-Shirt,Tops,Women,14.9,14.9,False,1,14.9,PayNow
ORC-20260604-0703,2,2026-06-04 21:56:53,Orchard Central,SOK-M-09,Men's No-Show Sneaker Socks,Socks,Men,4.11,5.9,True,2,8.22,Card
ORC-20260604-0241,1,2026-06-04 13:45:49,Orchard Central,SOK-M-02,Men's Pile Crew Socks,Socks,Men,5.9,5.9,False,1,5.9,NETS
ORC-20260604-1411,1,2026-06-04 22:30:35,Orchard Central,TOP-W-02,Women's Ribbed Long Sleeve Turtleneck,Tops,Women,19.9,19.9,False,1,19.9,
PUN-20260604-0454,1,2026-06-04 20:14:51,punggol,UND-W-04,Women's Airism T-Shirt Bra,Underwear,Women,29.9,29.9,False,1,29.9,Cash
PUN-20260604-0227,2,2026-06-04 21:23:43,punggol,BTM-M-07,Men's Smart Ankle Pants,Bottoms,men,39.9,39.9,False,1,39.9,PayNow
PUN-20260604-0481,1,2026-06-04 17:43:56,Punggol,SOK-M-03,Men's Airism Low-Cut Socks,Socks,Men,5.9,5.9,False,1,5.9,Card
PUN-20260604-0281,1,2026-06-04 12:44:20,Punggol,SOK-W-03,Women's Airism Low-Cut Socks,Socks,Women,5.9,5.9,False,1,5.9,Cash
ORC-20260604-0555,3,2026-06-04 17:26:30,orchard central,TOP-M-04,Men's Oxford Long Sleeve Shirt,Tops,Men,29.9,29.9,False,1,29.9,Cash
BUG-20260604-0856,2,2026-06-04 20:27:19,  Bugis  ,SOK-W-04,Women's Ribbed Crew Socks,Socks,Women,5.9,5.9,False,1,5.9,Card
BUG-20260604-0824,2,2026-06-04 20:12:42,Bugis,UND-W-01,Women's Airism Bikini Shorts,underwear,Women,9.9,9.9,False,1,9.9,NETS
ORC-20260604-1385,1,2026-06-04 19:27:16,orchard central,SOK-W-02,Women's Pile Crew Socks,Socks,Women,5.9,5.9,False,1,5.9,Cash
ORC-20260604-0162,1,2026-06-04 18:10:57,Orchard Central,BTM-M-01,Men's Ezy Ankle Pants,Bottoms,Men,29.9,29.9,False,1,29.9,PayNow
ORC-20260604-0438,2,2026-06-04 19:33:33,Orchard Central,SOK-W-02,Women's Pile Crew Socks,Socks,Women,5.9,5.9,False,1,5.9,Card
BUG-20260604-0656,2,2026-06-04 22:27:57,Bugis,SOK-M-04,Men's Ribbed Crew Socks,Socks,Men,5.9,5.9,False,2,11.8,Card
ORC-20260604-0365,2,2026-06-04 20:14:00,Orchard Central,SOK-M-03,  Men's Airism Low-Cut Socks  ,Socks,Men,5.9,5.9,False,2,11.8,Card
BUG-20260604-0398,3,2026-06-04 18:45:46,Bugis,UND-W-02,Women's Wireless Bra,Underwear,Women,29.9,29.9,False,2,59.8,PayNow
PUN-20260604-0068,1,2026-06-04 13:21:26,Punggol,TOP-W-01,Women's Airism Cotton Crew Neck T-Shirt,Tops,Women,14.9,14.9,False,1,14.9,PayNow
ORC-20260604-1001,1,2026-06-04 20:58:49,Orchard Central,SOK-M-09,Men's No-Show Sneaker Socks,Socks,Men,4.11,5.9,True,1,4.11,PAYNOW
ORC-20260604-0578,3,2026-06-04 14:25:33,Orchard Central,UND-M-04,  Men's Cotton Crew Neck Undershirt  ,Underwear,Men,14.9,14.9,False,1,14.9,Cash
ORC-20260604-0340,1,2026-06-04 18:51:01,Orchard Central,BTM-M-02,Men's Slim Fit Chino Trousers,Bottoms,Men,29.9,29.9,False,1,29.9,Cash
ORC-20260604-1241,1,2026-06-04 21:34:44,Orchard Central,TOP-W-02,Women's Ribbed Long Sleeve Turtleneck,Tops,Women,19.9,19.9,False,1,19.9,PayNow
BUG-20260604-0784,1,2026-06-04 19:44:46,  bugis  ,SOK-M-02,Men's Pile Crew Socks,Socks,Men,5.9,5.9,False,1,5.9,Card
BUG-20260604-0337,2,2026-06-04 22:18:05,  Bugis  ,BTM-W-03,Women's Ezy Ankle Pants,BOTTOMS,Women,29.9,29.9,False,1,29.9,Card
PUN-20260604-0008,3,2026-06-04 15:21:07,Punggol,SOK-W-02,Women's Pile Crew Socks,Socks,WOMEN,5.9,5.9,False,1,5.9,PayNow
BUG-20260604-0120,2,2026-06-04 17:44:07,Bugis,SOK-M-02,Men's Pile Crew Socks,Socks,Men,5.9,5.9,False,1,5.9,PayNow
ORC-20260604-0785,1,2026-06-04 17:52:56,Orchard Central,SOK-W-05,Women's Sport Ankle Socks,socks,Women,5.9,5.9,False,1,5.9,Card
ORC-20260604-1202,2,2026-06-04 20:42:23,orchard central,SOK-M-09,Men's No-Show Sneaker Socks,Socks,Men,4.11,5.9,True,1,4.11,Card
BUG-20260604-0568,2,2026-06-04 12:49:38,Bugis,SOK-W-03,Women's Airism Low-Cut Socks,Socks,Women,5.9,5.9,False,2,11.8,Card
PUN-20260604-0365,2,2026-06-04 19:26:20,Punggol,SOK-W-03,Women's Airism Low-Cut Socks,Socks,Women,5.9,5.9,False,2,11.8,NETS
PUN-20260604-0040,2,2026-06-04 19:48:54,Punggol,SOK-M-07,Men's Striped Crew Socks,Socks,Men,$5.9,5.9,False,1,5.9,Card
ORC-20260604-1077,2,2026-06-04 12:41:55,Orchard Central,SOK-W-06,Women's Heattech Socks,Socks,Women,9.9,9.9,False,1,9.9,CARD
BUG-20260604-0843,1,2026-06-04 13:44:39,bugis,SOK-W-03,Women's Airism Low-Cut Socks,Socks,Women,5.9,5.9,False,1,5.9,Card
PUN-20260604-0430,2,2026-06-04 20:04:46,Punggol,BTM-W-02,Women's High-Rise Wide Leg Pants,Bottoms,Women,39.9,39.9,False,1,39.9,Card
ORC-20260604-0494,1,2026-06-04 14:57:51,Orchard Central,SOK-M-09,Men's No-Show Sneaker Socks,Socks,Men,4.11,5.9,True,1,4.11,Card
BUG-20260604-0882,1,2026-06-04 14:06:30,Bugis,SOK-M-04,Men's Ribbed Crew Socks,Socks,Men,5.9,5.9,False,1,5.9,card
ORC-20260604-0310,1,2026-06-04 20:10:33,  Orchard Central  ,TOP-M-01,Men's Airism Cotton Crew Neck T-Shirt,Tops,Men,14.9,14.9,False,1,14.9,PayNow
BUG-20260604-0567,2,2026-06-04 20:30:05,Bugis,SOK-W-02,Women's Pile Crew Socks,Socks,Women,5.9,5.9,False,1,5.9,NETS
BUG-20260604-0731,1,2026-06-04 15:18:09,BUGIS,SOK-W-04,  Women's Ribbed Crew Socks  ,Socks,Women,5.9,5.9,False,2,11.8,Cash
ORC-20260604-0272,1,2026-06-04 12:29:24,Orchard Central,SOK-W-02,Women's Pile Crew Socks,Socks,Women,5.9,5.9,False,1,5.9,Card
ORC-20260604-0590,3,2026-06-04 20:28:58,Orchard Central,SOK-M-09,Men's No-Show Sneaker Socks,Socks,men,4.11,5.9,True,1,4.11,PayNow
ORC-20260604-0369,1,2026-06-04 13:54:31,Orchard Central,UND-W-03,Women's Cotton Blend Briefs,Underwear,Women,9.9,9.9,False,1,$9.9,Card
ORC-20260604-1084,1,2026-06-04 21:57:26,Orchard Central,UND-M-04,Men's Cotton Crew Neck Undershirt,Underwear,Men,14.9,14.9,False,1,14.9,PayNow
BUG-20260604-0619,1,2026-06-04 20:56:04,Bugis,UND-W-01,Women's Airism Bikini Shorts,Underwear,Women,9.9,9.9,False,2,19.8,Cash
ORC-20260604-1040,2,2026-06-04 14:23:01,Orchard Central,UND-M-02,Men's Cotton Blend Trunks,Underwear,Men,$14.9,14.9,False,1,14.9,PayNow
PUN-20260604-0460,1,2026-06-04 15:59:32,Punggol,SOK-M-04,Men's Ribbed Crew Socks,Socks,Men,5.9,5.9,False,2,11.8,PAYNOW
PUN-20260604-0359,1,2026-06-04 15:56:07,Punggol,SOK-M-08,Men's Cotton Blend Dress Socks,Socks,Men,9.9,9.9,False,1,9.9,Card
BUG-20260604-0133,1,2026-06-04 21:20:22,bugis,SOK-M-03,Men's Airism Low-Cut Socks,Socks,Men,5.9,5.9,False,1,5.9,PayNow
ORC-20260604-0509,1,2026-06-04 16:51:45,  Orchard Central  ,BTM-W-02,Women's High-Rise Wide Leg Pants,Bottoms,Women,39.9,39.9,False,1,39.9,CASH
ORC-20260604-0873,2,2026-06-04 18:07:48,  Orchard Central  ,SOK-M-02,  Men's Pile Crew Socks  ,Socks,Men,5.9,5.9,False,1,5.9,Card
BUG-20260604-0500,2,2026-06-04 19:47:54,Bugis,SOK-M-03,Men's Airism Low-Cut Socks,SOCKS,Men,5.9,5.9,False,1,5.9,NETS
ORC-20260604-0301,1,2026-06-04 20:16:51,Orchard Central,SOK-M-04,Men's Ribbed Crew Socks,Socks,Men,5.9,5.9,False,1,5.9,Cash
ORC-20260604-0779,3,2026-06-04 15:01:06,ORCHARD CENTRAL,TOP-M-02,Men's Supima Cotton Polo Shirt,Tops,Men,29.9,29.9,False,1,29.9,PayNow
BUG-20260604-0475,1,2026-06-04 22:41:26,Bugis,SOK-M-01,Men's Ankle Socks 3-Pack,Socks,Men,14.9,14.9,False,1,14.9,Card
ORC-20260604-1023,3,2026-06-04 20:46:25,Orchard Central,SOK-M-04,Men's Ribbed Crew Socks,Socks,men,5.9,5.9,False,2,11.8,Card
BUG-20260604-0007,1,2026-06-04 19:43:37,Bugis,UND-W-03,Women's Cotton Blend Briefs,Underwear,Women,9.9,9.9,False,1,9.9,
ORC-20260604-0551,2,2026-06-04 19:56:41,Orchard Central,SOK-W-08,Women's Lace Trim Ankle Socks,Socks,Women,5.9,5.9,False,1,5.9,Card
PUN-20260604-0546,2,2026-06-04 14:37:05,punggol,SOK-W-03,Women's Airism Low-Cut Socks,Socks,Women,5.9,5.9,False,1,5.9,PayNow
PUN-20260604-0054,1,2026-06-04 20:05:10,Punggol,SOK-M-02,Men's Pile Crew Socks,Socks,Men,5.9,5.9,False,1,5.9,PayNow
ORC-20260604-0894,1,2026-06-04 20:55:31,Orchard Central,SOK-W-03,Women's Airism Low-Cut Socks,Socks,Women,5.9,5.9,False,1,5.9,Card
ORC-20260604-1419,1,2026-06-04 14:03:22,Orchard Central,UND-M-03,Men's Airism Mesh Boxer Briefs,Underwear,Men,14.9,14.9,False,1,14.9,Cash
ORC-20260604-0755,2,2026-06-04 18:02:01,  Orchard Central  ,SOK-M-01,Men's Ankle Socks 3-Pack,SOCKS,Men,14.9,14.9,False,1,14.9,PayNow
BUG-20260604-0819,3,2026-06-04 20:55:34,Bugis,BTM-W-01,Women's Ultra Stretch Skinny Jeans,Bottoms,Women,39.9,39.9,False,1,$39.9,NETS
BUG-20260604-0108,1,2026-06-04 20:58:29,Bugis,UND-W-01,Women's Airism Bikini Shorts,Underwear,women,9.9,9.9,False,1,9.9,Card
PUN-20260604-0036,2,2026-06-04 17:06:28,Punggol,SOK-M-04,Men's Ribbed Crew Socks,Socks,Men,5.9,5.9,False,1,5.9,Card
ORC-20260604-0535,2,2026-06-04 21:56:35,Orchard Central,SOK-W-09,Women's No-Show Sneaker Socks,Socks,Women,5.9,5.9,False,2,11.8,Cash
BUG-20260604-0569,1,2026-06-04 12:23:37,bugis,SOK-M-04,Men's Ribbed Crew Socks,Socks,Men,5.9,5.9,False,1,5.9,PayNow
BUG-20260604-0816,1,2026-06-04 20:55:13,Bugis,SOK-M-04,Men's Ribbed Crew Socks,Socks,men,5.9,5.9,False,1,5.9,Card
BUG-20260604-0259,1,2026-06-04 13:07:17,bugis,SOK-W-02,Women's Pile Crew Socks,Socks,Women,5.9,5.9,False,2,11.8,NETS
PUN-20260604-0536,1,2026-06-04 14:24:42,punggol,SOK-W-03,Women's Airism Low-Cut Socks,Socks,Women,$5.9,5.9,False,1,5.9,CARD
BUG-20260604-0795,1,2026-06-04 21:06:03,Bugis,SOK-M-03,Men's Airism Low-Cut Socks,Socks,Men,5.9,5.9,False,1,5.9,Card
ORC-20260604-0201,2,2026-06-04 22:02:03,Orchard Central,TOP-W-02,Women's Ribbed Long Sleeve Turtleneck,Tops,Women,19.9,19.9,False,1,19.9,PayNow
ORC-20260604-1313,1,2026-06-04 18:43:34,  Orchard Central  ,UND-W-03,Women's Cotton Blend Briefs,Underwear,WOMEN,9.9,9.9,False,1,9.9,Card
ORC-20260604-0270,2,2026-06-04 18:09:04,Orchard Central,TOP-W-01,  Women's Airism Cotton Crew Neck T-Shirt  ,Tops,Women,14.9,14.9,False,1,14.9,Card
ORC-20260604-0388,1,2026-06-04 17:05:15,Orchard Central,UND-M-02,  Men's Cotton Blend Trunks  ,Underwear,Men,14.9,14.9,False,1,14.9,card
ORC-20260604-1281,1,2026-06-04 20:39:24,Orchard Central,SOK-W-01,Women's Ankle Socks 3-Pack,Socks,Women,14.9,14.9,False,1,14.9,PayNow
ORC-20260604-0595,1,2026-06-04 20:25:26,Orchard Central,BTM-M-02,Men's Slim Fit Chino Trousers,Bottoms,Men,29.9,29.9,False,1,29.9,cash
ORC-20260604-0996,3,2026-06-04 20:27:43,Orchard Central,SOK-W-01,Women's Ankle Socks 3-Pack,Socks,Women,14.9,14.9,False,1,14.9,Card
BUG-20260604-0030,3,2026-06-04 19:44:14,BUGIS,SOK-M-04,Men's Ribbed Crew Socks,Socks,Men,5.9,5.9,False,1,5.9,
ORC-20260604-1205,1,2026-06-04 13:23:55,Orchard Central,SOK-M-09,Men's No-Show Sneaker Socks,Socks,Men,4.11,5.9,True,1,4.11,PayNow
ORC-20260604-0258,2,2026-06-04 16:33:37,Orchard Central,BTM-W-01,Women's Ultra Stretch Skinny Jeans,Bottoms,Women,39.9,39.9,False,1,39.9,Card
BUG-20260604-0598,2,2026-06-04 16:24:40,Bugis,UND-M-01,Men's Airism Boxer Briefs,Underwear,Men,14.9,14.9,False,1,14.9,Cash
ORC-20260604-1201,1,2026-06-04 18:34:22,Orchard Central,SOK-M-09,Men's No-Show Sneaker Socks,Socks,Men,4.11,5.9,True,2,8.22,PayNow
ORC-20260604-0252,1,2026-06-04 14:29:55,Orchard Central,UND-M-03,Men's Airism Mesh Boxer Briefs,underwear,Men,14.9,14.9,False,1,14.9,Card
PUN-20260604-0011,1,2026-06-04 18:11:17,Punggol,UND-W-04,Women's Airism T-Shirt Bra,underwear,Women,29.9,29.9,False,1,29.9,card
BUG-20260604-0355,2,2026-06-04 20:19:02,Bugis,SOK-M-07,Men's Striped Crew Socks,Socks,men,5.9,5.9,False,2,11.8,NETS
BUG-20260604-0853,1,2026-06-04 17:14:05,  Bugis  ,UND-M-03,Men's Airism Mesh Boxer Briefs,Underwear,Men,14.9,14.9,False,1,14.9,Card
PUN-20260604-0212,1,2026-06-04 21:12:58,Punggol,SOK-W-02,Women's Pile Crew Socks,Socks,Women,5.9,5.9,False,1,5.9,Cash
BUG-20260604-0004,2,2026-06-04 16:17:09,Bugis,TOP-M-04,Men's Oxford Long Sleeve Shirt,TOPS,Men,29.9,29.9,False,1,29.9,PayNow
ORC-20260604-0200,2,2026-06-04 15:04:15,Orchard Central,SOK-M-04,Men's Ribbed Crew Socks,socks,Men,5.9,5.9,False,1,5.9,NETS
PUN-20260604-0342,2,2026-06-04 20:42:54,  Punggol  ,TOP-W-07,Women's Fleece Pullover Hoodie,Tops,Women,29.9,29.9,False,1,29.9,Card
ORC-20260604-0367,1,2026-06-04 20:21:34,Orchard Central,SOK-W-03,Women's Airism Low-Cut Socks,Socks,Women,5.9,5.9,False,1,5.9,Cash
ORC-20260604-0374,1,2026-06-04 17:46:52,Orchard Central,SOK-W-01,Women's Ankle Socks 3-Pack,Socks,Women,14.9,14.9,False,1,14.9,PayNow
BUG-20260604-0613,2,2026-06-04 19:24:05,Bugis,UND-M-04,Men's Cotton Crew Neck Undershirt,Underwear,Men,14.9,14.9,False,1,14.9,PayNow
ORC-20260604-0057,1,2026-06-04 21:44:29,  Orchard Central  ,SOK-W-03,Women's Airism Low-Cut Socks,Socks,Women,5.9,5.9,False,2,11.8,Card
PUN-20260604-0073,2,2026-06-04 22:57:04,Punggol,SOK-W-01,Women's Ankle Socks 3-Pack,Socks,Women,14.9,14.9,False,1,14.9,Card
ORC-20260604-1132,2,2026-06-04 19:30:43,ORCHARD CENTRAL,TOP-W-01,  Women's Airism Cotton Crew Neck T-Shirt  ,Tops,women,14.9,14.9,False,1,14.9,PayNow
BUG-20260604-0787,2,2026-06-04 15:07:55,Bugis,SOK-M-04,Men's Ribbed Crew Socks,SOCKS,Men,5.9,5.9,False,1,5.9,nets
PUN-20260604-0378,2,2026-06-04 20:22:23,PUNGGOL,TOP-W-03,  Women's Silky Satin Blouse  ,Tops,Women,39.9,39.9,False,1,39.9,Card
PUN-20260604-0478,1,2026-06-04 19:32:05,PUNGGOL,SOK-W-03,  Women's Airism Low-Cut Socks  ,Socks,Women,5.9,5.9,False,2,11.8,cash
ORC-20260604-0215,3,2026-06-04 17:01:39,Orchard Central,SOK-M-01,Men's Ankle Socks 3-Pack,Socks,Men,14.9,14.9,False,1,14.9,Cash
ORC-20260604-0094,2,2026-06-04 15:07:51,  Orchard Central  ,UND-M-02,Men's Cotton Blend Trunks,UNDERWEAR,Men,14.9,14.9,False,1,14.9,Cash
ORC-20260604-0926,1,2026-06-04 19:44:44,Orchard Central,TOP-M-01,Men's Airism Cotton Crew Neck T-Shirt,tops,Men,14.9,14.9,False,1,14.9,Card
ORC-20260604-1194,1,2026-06-04 19:03:30,Orchard Central,UND-M-04,Men's Cotton Crew Neck Undershirt,Underwear,Men,14.9,14.9,False,2,29.8,Card
BUG-20260604-0130,1,2026-06-04 13:23:58,Bugis,SOK-W-03,Women's Airism Low-Cut Socks,Socks,Women,5.9,5.9,False,1,5.9,Cash
ORC-20260604-0610,1,2026-06-04 21:32:17,Orchard Central,SOK-W-01,Women's Ankle Socks 3-Pack,Socks,Women,14.9,14.9,False,2,29.8,Cash
BUG-20260604-0382,2,2026-06-04 19:56:01,Bugis,TOP-W-01,Women's Airism Cotton Crew Neck T-Shirt,Tops,Women,14.9,14.9,False,1,14.9,
ORC-20260604-0957,3,2026-06-04 16:08:26,Orchard Central,SOK-W-01,Women's Ankle Socks 3-Pack,Socks,Women,14.9,14.9,False,1,14.9,Card
ORC-20260604-0765,3,2026-06-04 20:36:58,Orchard Central,SOK-M-09,Men's No-Show Sneaker Socks,SOCKS,Men,4.11,5.9,True,2,8.22,paynow
PUN-20260604-0545,2,2026-06-04 22:27:12,Punggol,SOK-W-04,Women's Ribbed Crew Socks,Socks,Women,5.9,5.9,False,1,5.9,PayNow
BUG-20260604-0043,1,2026-06-04 19:37:29,Bugis,UND-W-07,Women's Heattech Camisole,Underwear,Women,14.9,14.9,False,1,14.9,Card
ORC-20260604-0474,3,2026-06-04 16:56:45,Orchard Central,SOK-M-01,Men's Ankle Socks 3-Pack,Socks,Men,14.9,14.9,False,2,29.8,card
ORC-20260604-0629,1,2026-06-04 13:38:05,Orchard Central,TOP-W-02,  Women's Ribbed Long Sleeve Turtleneck  ,Tops,Women,19.9,19.9,False,1,19.9,Card
ORC-20260604-0319,1,2026-06-04 17:27:57,Orchard Central,SOK-W-03,Women's Airism Low-Cut Socks,Socks,Women,5.9,5.9,False,1,5.9,Cash
ORC-20260604-1000,1,2026-06-04 16:52:28,Orchard Central,SOK-M-04,Men's Ribbed Crew Socks,Socks,Men,5.9,5.9,False,1,$5.9,Card
ORC-20260604-1418,1,2026-06-04 21:26:47,Orchard Central,SOK-M-09,Men's No-Show Sneaker Socks,SOCKS,Men,4.11,5.9,True,1,4.11,PayNow
ORC-20260604-0365,1,2026-06-04 20:14:00,Orchard Central,SOK-W-02,Women's Pile Crew Socks,Socks,Women,5.9,5.9,False,1,5.9,Card
PUN-20260604-0479,3,2026-06-04 22:50:27,Punggol,SOK-M-03,Men's Airism Low-Cut Socks,Socks,Men,5.9,5.9,False,1,5.9,Card
ORC-20260604-1198,1,2026-06-04 21:55:00,  Orchard Central  ,TOP-M-02,Men's Supima Cotton Polo Shirt,Tops,Men,29.9,29.9,False,1,29.9,
ORC-20260604-0647,3,2026-06-04 19:41:57,Orchard Central,SOK-M-04,Men's Ribbed Crew Socks,Socks,Men,5.9,5.9,False,1,5.9,Card
ORC-20260604-0156,2,2026-06-04 17:37:08,Orchard Central,SOK-W-01,Women's Ankle Socks 3-Pack,Socks,Women,14.9,14.9,False,2,29.8,PayNow
ORC-20260604-0422,1,2026-06-04 22:18:38,orchard central,UND-W-03,Women's Cotton Blend Briefs,Underwear,Women,9.9,9.9,False,1,9.9,PayNow
PUN-20260604-0030,2,2026-06-04 16:49:09,Punggol,SOK-M-01,  Men's Ankle Socks 3-Pack  ,Socks,Men,14.9,14.9,False,1,14.9,Card
BUG-20260604-0470,1,2026-06-04 20:48:10,Bugis,SOK-W-04,  Women's Ribbed Crew Socks  ,Socks,Women,5.9,5.9,False,1,5.9,PayNow
PUN-20260604-0251,2,2026-06-04 19:16:32,Punggol,SOK-W-02,Women's Pile Crew Socks,SOCKS,WOMEN,5.9,5.9,False,1,5.9,Card
PUN-20260604-0045,1,2026-06-04 11:33:51,Punggol,BTM-W-01,  Women's Ultra Stretch Skinny Jeans  ,BOTTOMS,Women,39.9,39.9,False,1,39.9,PAYNOW
BUG-20260604-0880,2,2026-06-04 18:03:25,Bugis,SOK-M-04,Men's Ribbed Crew Socks,Socks,Men,5.9,5.9,False,1,5.9,Nets
BUG-20260604-0660,1,2026-06-04 21:37:41,Bugis,UND-W-02,Women's Wireless Bra,UNDERWEAR,Women,29.9,29.9,False,2,59.8,Nets
BUG-20260604-0086,1,2026-06-04 20:42:53,Bugis,TOP-M-03,Men's Dry-EX Crew Neck T-Shirt,Tops,Men,19.9,19.9,False,1,19.9,PayNow
ORC-20260604-1325,1,2026-06-04 22:15:58,Orchard Central,TOP-M-04,  Men's Oxford Long Sleeve Shirt  ,Tops,Men,29.9,29.9,False,1,29.9,Card
BUG-20260604-0429,1,2026-06-04 11:21:30,Bugis,UND-M-01,Men's Airism Boxer Briefs,Underwear,Men,14.9,14.9,False,1,14.9,NETS
BUG-20260604-0142,2,2026-06-04 21:48:34,Bugis,SOK-W-04,Women's Ribbed Crew Socks,Socks,Women,5.9,5.9,False,2,11.8,nets
BUG-20260604-0460,1,2026-06-04 15:24:01,Bugis,SOK-W-02,Women's Pile Crew Socks,Socks,Women,5.9,5.9,False,1,5.9,card
BUG-20260604-0791,1,2026-06-04 17:31:10,bugis,BTM-M-02,Men's Slim Fit Chino Trousers,Bottoms,Men,29.9,29.9,False,1,29.9,Card
ORC-20260604-0752,1,2026-06-04 19:36:48,ORCHARD CENTRAL,SOK-M-04,Men's Ribbed Crew Socks,Socks,Men,5.9,5.9,False,1,5.9,NETS
ORC-20260604-0982,1,2026-06-04 17:31:53,orchard central,TOP-W-02,Women's Ribbed Long Sleeve Turtleneck,Tops,Women,19.9,19.9,False,1,19.9,Cash
PUN-20260604-0263,1,2026-06-04 20:41:29,Punggol,SOK-M-04,Men's Ribbed Crew Socks,Socks,Men,5.9,5.9,False,1,5.9,NETS
BUG-20260604-0205,1,2026-06-04 19:26:45,Bugis,SOK-M-03,Men's Airism Low-Cut Socks,socks,Men,5.9,5.9,False,2,11.8,Card
PUN-20260604-0356,2,2026-06-04 21:57:36,Punggol,UND-M-04,Men's Cotton Crew Neck Undershirt,Underwear,Men,14.9,14.9,False,1,14.9,PayNow
BUG-20260604-0096,3,2026-06-04 22:20:21,Bugis,UND-W-04,Women's Airism T-Shirt Bra,Underwear,Women,29.9,29.9,False,1,29.9,Card
ORC-20260604-0500,1,2026-06-04 20:46:24,Orchard Central,SOK-W-01,Women's Ankle Socks 3-Pack,Socks,Women,14.9,14.9,False,1,14.9,CARD
ORC-20260604-0327,2,2026-06-04 14:11:30,Orchard Central,UND-W-03,Women's Cotton Blend Briefs,Underwear,Women,9.9,9.9,False,1,9.9,Cash
ORC-20260604-1378,1,2026-06-04 18:01:59,Orchard Central,UND-M-02,Men's Cotton Blend Trunks,Underwear,Men,14.9,14.9,False,1,14.9,Card
ORC-20260604-0869,2,2026-06-04 18:49:33,Orchard Central,SOK-W-02,Women's Pile Crew Socks,Socks,Women,5.9,5.9,False,1,5.9,Card
PUN-20260604-0130,3,2026-06-04 14:45:40,Punggol,TOP-M-04,  Men's Oxford Long Sleeve Shirt  ,Tops,Men,29.9,29.9,False,1,29.9,NETS
ORC-20260604-0604,1,2026-06-04 16:41:35,Orchard Central,UND-M-03,Men's Airism Mesh Boxer Briefs,Underwear,Men,14.9,14.9,False,1,14.9,Cash
BUG-20260604-0172,2,2026-06-04 15:21:21,Bugis,TOP-W-02,Women's Ribbed Long Sleeve Turtleneck,Tops,Women,19.9,19.9,False,1,19.9,Card
ORC-20260604-0648,1,2026-06-04 17:37:07,Orchard Central,SOK-M-04,  Men's Ribbed Crew Socks  ,SOCKS,men,5.9,5.9,False,1,5.9,Cash
BUG-20260604-0176,1,2026-06-04 21:52:35,Bugis,SOK-M-03,Men's Airism Low-Cut Socks,Socks,Men,5.9,5.9,False,1,5.9,PayNow
BUG-20260604-0353,1,2026-06-04 11:23:48,Bugis,BTM-M-01,Men's Ezy Ankle Pants,Bottoms,Men,29.9,29.9,False,1,29.9,Card
BUG-20260604-0167,1,2026-06-04 18:53:14,Bugis,SOK-W-02,Women's Pile Crew Socks,Socks,Women,5.9,5.9,False,1,5.9,NETS
ORC-20260604-1139,2,2026-06-04 11:58:35,Orchard Central,SOK-M-09,Men's No-Show Sneaker Socks,Socks,Men,4.11,5.9,True,1,4.11,NETS
ORC-20260604-0814,1,2026-06-04 17:48:51,Orchard Central,SOK-W-03,Women's Airism Low-Cut Socks,Socks,Women,5.9,5.9,False,1,5.9,Card
ORC-20260604-0553,3,2026-06-04 18:26:47,Orchard Central,UND-W-03,Women's Cotton Blend Briefs,Underwear,Women,9.9,9.9,False,2,19.8,
ORC-20260604-1263,1,2026-06-04 19:11:47,Orchard Central,BTM-M-01,Men's Ezy Ankle Pants,Bottoms,Men,29.9,29.9,False,1,29.9,Card
ORC-20260604-0332,1,2026-06-04 18:15:32,Orchard Central,TOP-W-01,Women's Airism Cotton Crew Neck T-Shirt,TOPS,Women,14.9,14.9,False,1,14.9,PayNow
BUG-20260604-0094,1,2026-06-04 18:53:23,Bugis,UND-M-10,Men's Cotton Blend Briefs,Underwear,Men,9.9,9.9,False,1,9.9,PayNow
ORC-20260604-0217,3,2026-06-04 13:17:36,Orchard Central,SOK-W-01,Women's Ankle Socks 3-Pack,Socks,Women,14.9,14.9,False,1,14.9,PayNow
PUN-20260604-0122,3,2026-06-04 20:22:58,Punggol,SOK-M-01,Men's Ankle Socks 3-Pack,Socks,Men,14.9,14.9,False,1,14.9,NETS
PUN-20260604-0307,3,2026-06-04 20:59:14,Punggol,UND-W-01,Women's Airism Bikini Shorts,Underwear,Women,9.9,9.9,False,1,9.9,Card
ORC-20260604-0318,2,2026-06-04 15:36:38,Orchard Central,SOK-M-09,Men's No-Show Sneaker Socks,Socks,Men,4.11,5.9,True,2,8.22,Cash
ORC-20260604-0556,1,2026-06-04 16:15:41,  Orchard Central  ,SOK-M-09,Men's No-Show Sneaker Socks,Socks,Men,4.11,5.9,True,1,4.11,PayNow
ORC-20260604-0053,1,2026-06-04 22:16:03,Orchard Central,BTM-M-02,Men's Slim Fit Chino Trousers,Bottoms,MEN,29.9,29.9,False,1,29.9,CARD
BUG-20260604-0867,2,2026-06-04 21:06:46,Bugis,UND-M-01,Men's Airism Boxer Briefs,Underwear,men,14.9,14.9,False,1,14.9,Card
ORC-20260604-1298,1,2026-06-04 12:11:22,orchard central,SOK-W-03,Women's Airism Low-Cut Socks,Socks,Women,5.9,5.9,False,2,11.8,PayNow
ORC-20260604-1322,2,2026-06-04 15:36:04,Orchard Central,SOK-W-06,Women's Heattech Socks,Socks,WOMEN,9.9,9.9,False,1,9.9,NETS
PUN-20260604-0402,1,2026-06-04 19:31:50,Punggol,TOP-W-04,Women's Heattech Crew Neck Long Sleeve Tee,Tops,Women,14.9,14.9,False,1,14.9,PAYNOW
ORC-20260604-1358,1,2026-06-04 19:45:12,Orchard Central,UND-W-03,Women's Cotton Blend Briefs,underwear,Women,9.9,9.9,False,1,9.9,PayNow
BUG-20260604-0546,1,2026-06-04 18:35:54,Bugis,TOP-W-01,Women's Airism Cotton Crew Neck T-Shirt,Tops,Women,14.9,14.9,False,1,14.9,PayNow
ORC-20260604-1037,1,2026-06-04 19:00:57,Orchard Central,TOP-W-01,Women's Airism Cotton Crew Neck T-Shirt,Tops,Women,14.9,14.9,False,1,14.9,Cash
ORC-20260604-0283,2,2026-06-04 22:49:38,Orchard Central,SOK-M-03,Men's Airism Low-Cut Socks,Socks,men,5.9,5.9,False,1,5.9,PayNow
ORC-20260604-1394,2,2026-06-04 21:20:41,Orchard Central,TOP-M-04,Men's Oxford Long Sleeve Shirt,Tops,Men,29.9,29.9,False,1,29.9,PayNow
BUG-20260604-0377,1,2026-06-04 21:02:09,Bugis,BTM-M-03,  Men's Selvedge Regular Fit Jeans  ,Bottoms,Men,59.9,59.9,False,1,59.9,PayNow
ORC-20260604-0157,3,2026-06-04 17:34:10,Orchard Central,UND-W-03,Women's Cotton Blend Briefs,UNDERWEAR,Women,9.9,9.9,False,1,9.9,Card
ORC-20260604-1314,1,2026-06-04 19:46:36,Orchard Central,UND-M-04,Men's Cotton Crew Neck Undershirt,UNDERWEAR,Men,14.9,14.9,False,1,14.9,Card
ORC-20260604-0196,3,2026-06-04 16:27:32,Orchard Central,SOK-M-04,  Men's Ribbed Crew Socks  ,Socks,men,5.9,5.9,False,1,5.9,Card
ORC-20260604-0220,1,2026-06-04 20:11:59,Orchard Central,TOP-W-02,Women's Ribbed Long Sleeve Turtleneck,Tops,Women,19.9,19.9,False,1,$19.9,Card
ORC-20260604-1088,2,2026-06-04 14:59:49,Orchard Central,SOK-W-02,Women's Pile Crew Socks,socks,Women,5.9,5.9,False,1,5.9,PayNow
PUN-20260604-0250,1,2026-06-04 11:00:19,Punggol,BTM-M-03,  Men's Selvedge Regular Fit Jeans  ,Bottoms,Men,59.9,59.9,False,1,59.9,
PUN-20260604-0007,1,2026-06-04 17:02:42,Punggol,SOK-M-02,Men's Pile Crew Socks,Socks,Men,5.9,5.9,False,2,11.8,Cash
PUN-20260604-0232,2,2026-06-04 17:14:17,Punggol,BTM-M-01,Men's Ezy Ankle Pants,Bottoms,Men,29.9,29.9,False,1,29.9,Card
BUG-20260604-0338,1,2026-06-04 19:21:33,Bugis,BTM-W-02,Women's High-Rise Wide Leg Pants,Bottoms,Women,39.9,39.9,False,1,39.9,Nets
ORC-20260604-0781,1,2026-06-04 12:37:53,Orchard Central,SOK-W-03,Women's Airism Low-Cut Socks,Socks,Women,5.9,5.9,False,1,5.9,Card
ORC-20260604-0787,1,2026-06-04 19:44:26,orchard central,SOK-W-02,  Women's Pile Crew Socks  ,Socks,Women,5.9,5.9,False,2,11.8,PayNow
ORC-20260604-0399,3,2026-06-04 20:41:11,Orchard Central,SOK-W-09,Women's No-Show Sneaker Socks,Socks,WOMEN,5.9,5.9,False,1,5.9,Card
BUG-20260604-0801,2,2026-06-04 20:27:31,Bugis,SOK-W-10,Women's Wool Blend Socks,Socks,Women,9.9,9.9,False,1,9.9,PayNow
ORC-20260604-1078,1,2026-06-04 14:38:59,Orchard Central,SOK-M-03,Men's Airism Low-Cut Socks,Socks,Men,5.9,5.9,False,1,5.9,Card
ORC-20260604-0390,3,2026-06-04 17:39:39,Orchard Central,SOK-M-02,Men's Pile Crew Socks,Socks,Men,5.9,5.9,False,1,5.9,Card
ORC-20260604-0010,2,2026-06-04 18:57:55,Orchard Central,SOK-W-02,Women's Pile Crew Socks,Socks,Women,5.9,5.9,False,1,5.9,NETS
ORC-20260604-0237,2,2026-06-04 20:59:04,Orchard Central,UND-M-05,  Men's Seamless Boxer Briefs  ,Underwear,men,14.9,14.9,False,1,14.9,Card
ORC-20260604-1061,1,2026-06-04 18:37:51,Orchard Central,SOK-W-01,Women's Ankle Socks 3-Pack,Socks,Women,14.9,14.9,False,1,14.9,Cash
BUG-20260604-0670,1,2026-06-04 20:39:54,Bugis,TOP-W-02,Women's Ribbed Long Sleeve Turtleneck,Tops,Women,19.9,19.9,False,1,19.9,paynow
BUG-20260604-0593,1,2026-06-04 20:33:03,Bugis,TOP-W-02,Women's Ribbed Long Sleeve Turtleneck,Tops,Women,19.9,19.9,False,1,19.9,PayNow
ORC-20260604-0657,1,2026-06-04 21:23:47,Orchard Central,UND-M-03,Men's Airism Mesh Boxer Briefs,Underwear,Men,14.9,14.9,False,1,14.9,Cash
ORC-20260604-0077,2,2026-06-04 17:28:16,Orchard Central,UND-M-02,Men's Cotton Blend Trunks,Underwear,men,14.9,14.9,False,1,14.9,paynow
ORC-20260604-0315,1,2026-06-04 21:47:39,Orchard Central,BTM-M-04,Men's Dry Stretch Shorts,bottoms,MEN,19.9,19.9,False,1,19.9,Card
PUN-20260604-0571,2,2026-06-04 21:51:40,Punggol,SOK-W-02,Women's Pile Crew Socks,Socks,Women,5.9,5.9,False,1,5.9,Card
ORC-20260604-1091,1,2026-06-04 21:58:31,Orchard Central,UND-M-03,Men's Airism Mesh Boxer Briefs,Underwear,Men,14.9,14.9,False,1,14.9,PayNow
ORC-20260604-0061,2,2026-06-04 16:24:01,Orchard Central,SOK-W-03,Women's Airism Low-Cut Socks,Socks,Women,5.9,5.9,False,2,11.8,Card
ORC-20260604-1405,1,2026-06-04 12:52:57,Orchard Central,SOK-M-09,Men's No-Show Sneaker Socks,Socks,Men,4.11,5.9,True,2,8.22,Paynow
BUG-20260604-0264,1,2026-06-04 20:23:45,Bugis,SOK-W-10,Women's Wool Blend Socks,Socks,WOMEN,9.9,9.9,False,1,9.9,NETS
BUG-20260604-0307,1,2026-06-04 15:59:22,Bugis,SOK-W-06,Women's Heattech Socks,Socks,Women,9.9,9.9,False,1,9.9,PayNow
PUN-20260604-0525,2,2026-06-04 20:02:40,Punggol,BTM-W-01,Women's Ultra Stretch Skinny Jeans,Bottoms,Women,39.9,39.9,False,1,39.9,PayNow
BUG-20260604-0204,3,2026-06-04 16:44:43,Bugis,SOK-W-06,Women's Heattech Socks,Socks,Women,9.9,9.9,False,1,9.9,CASH
PUN-20260604-0468,2,2026-06-04 15:46:28,Punggol,SOK-W-04,Women's Ribbed Crew Socks,Socks,Women,5.9,5.9,False,2,11.8,NETS
PUN-20260604-0096,1,2026-06-04 19:29:22,PUNGGOL,BTM-M-04,Men's Dry Stretch Shorts,Bottoms,Men,19.9,19.9,False,1,19.9,CARD
ORC-20260604-0334,2,2026-06-04 19:32:28,Orchard Central,SOK-M-03,Men's Airism Low-Cut Socks,SOCKS,Men,5.9,5.9,False,2,11.8,Cash
ORC-20260604-1178,1,2026-06-04 16:17:20,Orchard Central,SOK-M-03,Men's Airism Low-Cut Socks,socks,Men,5.9,5.9,False,2,11.8,Cash
ORC-20260604-1160,2,2026-06-04 15:54:12,Orchard Central,TOP-M-03,Men's Dry-EX Crew Neck T-Shirt,Tops,MEN,19.9,19.9,False,1,19.9,Card
PUN-20260604-0182,1,2026-06-04 21:10:38,Punggol,SOK-W-03,Women's Airism Low-Cut Socks,Socks,Women,5.9,5.9,False,1,5.9,PayNow
ORC-20260604-0070,3,2026-06-04 21:34:02,orchard central,SOK-W-09,Women's No-Show Sneaker Socks,Socks,Women,5.9,5.9,False,1,5.9,card
ORC-20260604-1427,2,2026-06-04 19:35:19,ORCHARD CENTRAL,TOP-M-01,Men's Airism Cotton Crew Neck T-Shirt,Tops,Men,14.9,14.9,False,1,14.9,Card
BUG-20260604-0093,1,2026-06-04 17:20:54,Bugis,SOK-M-04,Men's Ribbed Crew Socks,Socks,Men,5.9,5.9,False,1,5.9,Card
PUN-20260604-0383,2,2026-06-04 20:46:05,Punggol,TOP-W-10,Women's Ultra Light Down Vest,Tops,Women,59.9,59.9,False,1,59.9,PayNow
BUG-20260604-0853,2,2026-06-04 17:14:05,Bugis,SOK-M-02,Men's Pile Crew Socks,Socks,Men,5.9,5.9,False,1,5.9,Card
ORC-20260604-0892,2,2026-06-04 21:33:53,Orchard Central,SOK-W-03,Women's Airism Low-Cut Socks,Socks,Women,5.9,5.9,False,1,5.9,Nets
ORC-20260604-0940,2,2026-06-04 13:39:11,Orchard Central,TOP-M-01,Men's Airism Cotton Crew Neck T-Shirt,tops,men,14.9,14.9,False,1,14.9,PayNow
ORC-20260604-0212,1,2026-06-04 19:21:18,Orchard Central,SOK-M-02,Men's Pile Crew Socks,Socks,MEN,5.9,5.9,False,2,11.8,Card
BUG-20260604-0287,2,2026-06-04 21:10:18,Bugis,TOP-W-01,Women's Airism Cotton Crew Neck T-Shirt,Tops,Women,14.9,14.9,False,1,14.9,Cash
ORC-20260604-0832,1,2026-06-04 11:54:05,orchard central,SOK-M-06,Men's Heattech Socks,socks,Men,9.9,9.9,False,1,9.9,PayNow
BUG-20260604-0092,1,2026-06-04 20:07:34,BUGIS,BTM-M-02,Men's Slim Fit Chino Trousers,Bottoms,Men,29.9,29.9,False,1,29.9,Cash
PUN-20260604-0418,2,2026-06-04 17:23:39,Punggol,SOK-W-04,Women's Ribbed Crew Socks,Socks,Women,5.9,5.9,False,1,5.9,Card
PUN-20260604-0004,1,2026-06-04 20:06:43,Punggol,TOP-M-04,  Men's Oxford Long Sleeve Shirt  ,Tops,Men,29.9,29.9,False,1,29.9,NETS
BUG-20260604-0633,1,2026-06-04 20:48:58,Bugis,TOP-M-03,Men's Dry-EX Crew Neck T-Shirt,Tops,Men,19.9,19.9,False,1,19.9,
BUG-20260604-0813,1,2026-06-04 12:39:21,Bugis,TOP-W-06,Women's Linen Blend Short Sleeve Shirt,Tops,Women,29.9,29.9,False,1,29.9,CARD
ORC-20260604-1139,1,2026-06-04 11:58:35,Orchard Central,SOK-M-04,Men's Ribbed Crew Socks,Socks,Men,5.9,5.9,False,1,5.9,NETS
BUG-20260604-0834,1,2026-06-04 20:25:16,Bugis,UND-M-01,Men's Airism Boxer Briefs,Underwear,Men,14.9,14.9,False,1,14.9,Card
ORC-20260604-0062,3,2026-06-04 21:30:19,Orchard Central,SOK-M-09,Men's No-Show Sneaker Socks,Socks,Men,4.11,5.9,True,1,$4.11,Card
ORC-20260604-1211,2,2026-06-04 17:51:02,Orchard Central,TOP-W-01,Women's Airism Cotton Crew Neck T-Shirt,Tops,Women,14.9,14.9,False,1,14.9,PayNow
ORC-20260604-0322,2,2026-06-04 22:40:03,Orchard Central,SOK-M-04,Men's Ribbed Crew Socks,Socks,Men,5.9,5.9,False,2,11.8,Card
PUN-20260604-0176,3,2026-06-04 20:19:58,Punggol,SOK-W-03,Women's Airism Low-Cut Socks,Socks,Women,5.9,5.9,False,2,11.8,PayNow
BUG-20260604-0577,1,2026-06-04 22:15:56,bugis,UND-M-04,Men's Cotton Crew Neck Undershirt,Underwear,Men,14.9,14.9,False,1,14.9,PayNow
BUG-20260604-0480,3,2026-06-04 20:12:15,Bugis,SOK-M-03,  Men's Airism Low-Cut Socks  ,Socks,Men,5.9,5.9,False,1,5.9,Cash
ORC-20260604-1445,2,2026-06-04 12:46:12,orchard central,SOK-W-01,Women's Ankle Socks 3-Pack,Socks,Women,14.9,14.9,False,1,14.9,Card
PUN-20260604-0161,1,2026-06-04 12:25:22,Punggol,BTM-W-03,Women's Ezy Ankle Pants,Bottoms,Women,29.9,29.9,False,1,29.9,PayNow
ORC-20260604-0517,3,2026-06-04 21:06:14,Orchard Central,TOP-W-02,Women's Ribbed Long Sleeve Turtleneck,Tops,Women,19.9,19.9,False,1,19.9,Card
ORC-20260604-0911,1,2026-06-04 21:03:25,Orchard Central,SOK-W-01,Women's Ankle Socks 3-Pack,Socks,Women,14.9,14.9,False,1,14.9,Card
ORC-20260604-0711,2,2026-06-04 19:32:17,ORCHARD CENTRAL,TOP-M-02,Men's Supima Cotton Polo Shirt,Tops,Men,29.9,29.9,False,1,29.9,Cash
PUN-20260604-0578,2,2026-06-04 20:36:20,Punggol,SOK-W-01,  Women's Ankle Socks 3-Pack  ,SOCKS,Women,14.9,14.9,False,1,14.9,Cash
BUG-20260604-0002,1,2026-06-04 20:08:14,Bugis,BTM-M-03,Men's Selvedge Regular Fit Jeans,Bottoms,Men,59.9,59.9,False,1,59.9,PayNow
ORC-20260604-0910,1,2026-06-04 21:58:37,Orchard Central,SOK-W-02,Women's Pile Crew Socks,Socks,Women,5.9,5.9,False,1,5.9,Card
BUG-20260604-0279,2,2026-06-04 12:55:20,Bugis,TOP-W-02,Women's Ribbed Long Sleeve Turtleneck,Tops,Women,19.9,19.9,False,1,19.9,PayNow
ORC-20260604-1141,1,2026-06-04 19:07:36,Orchard Central,BTM-M-04,Men's Dry Stretch Shorts,Bottoms,MEN,19.9,19.9,False,1,19.9,PayNow
BUG-20260604-0641,1,2026-06-04 13:14:41,Bugis,SOK-W-01,Women's Ankle Socks 3-Pack,Socks,Women,14.9,14.9,False,1,14.9,NETS
ORC-20260604-1111,1,2026-06-04 20:47:20,Orchard Central,UND-W-04,Women's Airism T-Shirt Bra,Underwear,Women,29.9,29.9,False,1,29.9,PayNow
BUG-20260604-0500,3,2026-06-04 19:47:54,Bugis,UND-M-04,Men's Cotton Crew Neck Undershirt,Underwear,MEN,14.9,14.9,False,1,14.9,NETS
ORC-20260604-1367,3,2026-06-04 21:27:03,orchard central,SOK-M-03,Men's Airism Low-Cut Socks,Socks,Men,5.9,5.9,False,1,5.9,Card
ORC-20260604-0560,1,2026-06-04 13:39:11,Orchard Central,BTM-M-03,Men's Selvedge Regular Fit Jeans,Bottoms,Men,59.9,59.9,False,1,59.9,NETS
BUG-20260604-0487,2,2026-06-04 20:02:14,Bugis,SOK-W-04,Women's Ribbed Crew Socks,Socks,Women,$5.9,5.9,False,1,5.9,CARD
PUN-20260604-0255,1,2026-06-04 19:43:22,Punggol,SOK-W-02,Women's Pile Crew Socks,Socks,Women,5.9,5.9,False,1,5.9,Cash
ORC-20260604-0190,2,2026-06-04 11:55:15,ORCHARD CENTRAL,UND-W-03,Women's Cotton Blend Briefs,Underwear,Women,9.9,9.9,False,1,9.9,Card
ORC-20260604-1242,3,2026-06-04 21:12:11,Orchard Central,UND-W-03,Women's Cotton Blend Briefs,Underwear,Women,9.9,9.9,False,1,9.9,Cash
PUN-20260604-0158,1,2026-06-04 13:59:34,  Punggol  ,BTM-M-07,Men's Smart Ankle Pants,Bottoms,Men,39.9,39.9,False,1,39.9,Card
ORC-20260604-0210,1,2026-06-04 17:21:33,  Orchard Central  ,SOK-W-03,Women's Airism Low-Cut Socks,Socks,Women,5.9,5.9,False,1,5.9,Card
BUG-20260604-0001,2,2026-06-04 22:12:18,Bugis,SOK-W-04,Women's Ribbed Crew Socks,Socks,Women,5.9,5.9,False,2,11.8,Card
ORC-20260604-1096,1,2026-06-04 11:11:12,Orchard Central,SOK-M-02,Men's Pile Crew Socks,Socks,Men,5.9,5.9,False,1,5.9,card
ORC-20260604-0682,2,2026-06-04 20:44:31,Orchard Central,SOK-W-03,Women's Airism Low-Cut Socks,Socks,Women,$5.9,5.9,False,2,11.8,PayNow
ORC-20260604-1092,2,2026-06-04 20:24:37,Orchard Central,SOK-M-09,Men's No-Show Sneaker Socks,Socks,Men,4.11,5.9,True,2,8.22,Card
PUN-20260604-0370,3,2026-06-04 13:20:49,Punggol,SOK-W-02,Women's Pile Crew Socks,SOCKS,Women,5.9,5.9,False,1,5.9,Card
ORC-20260604-1142,1,2026-06-04 14:37:35,Orchard Central,SOK-M-03,Men's Airism Low-Cut Socks,Socks,Men,5.9,5.9,False,1,5.9,NETS
BUG-20260604-0117,2,2026-06-04 19:49:25,bugis,SOK-M-04,Men's Ribbed Crew Socks,Socks,MEN,5.9,5.9,False,2,11.8,PayNow
BUG-20260604-0806,2,2026-06-04 20:17:23,Bugis,SOK-W-02,Women's Pile Crew Socks,Socks,Women,5.9,5.9,False,1,5.9,card
PUN-20260604-0268,1,2026-06-04 20:54:27,Punggol,UND-W-03,Women's Cotton Blend Briefs,Underwear,Women,9.9,9.9,False,1,9.9,Cash
ORC-20260604-0905,1,2026-06-04 14:37:53,orchard central,UND-M-03,Men's Airism Mesh Boxer Briefs,Underwear,Men,14.9,14.9,False,1,14.9,
ORC-20260604-1352,2,2026-06-04 15:33:55,Orchard Central,SOK-M-03,Men's Airism Low-Cut Socks,Socks,Men,5.9,5.9,False,1,5.9,CARD
ORC-20260604-1203,2,2026-06-04 22:17:51,Orchard Central,SOK-W-02,Women's Pile Crew Socks,Socks,WOMEN,5.9,5.9,False,2,11.8,Card
ORC-20260604-1223,2,2026-06-04 16:20:03,ORCHARD CENTRAL,BTM-W-03,Women's Ezy Ankle Pants,Bottoms,Women,29.9,29.9,False,1,29.9,PayNow
BUG-20260604-0620,2,2026-06-04 18:58:58,Bugis,UND-M-01,Men's Airism Boxer Briefs,Underwear,Men,$14.9,14.9,False,1,14.9,Card
BUG-20260604-0179,1,2026-06-04 17:23:12,  Bugis  ,UND-W-03,Women's Cotton Blend Briefs,Underwear,Women,9.9,9.9,False,1,9.9,Cash
ORC-20260604-1344,1,2026-06-04 21:05:34,ORCHARD CENTRAL,UND-M-06,Men's Airism Sleeveless Undershirt,Underwear,Men,9.9,9.9,False,2,19.8,NETS
PUN-20260604-0239,1,2026-06-04 22:54:14,Punggol,TOP-M-04,Men's Oxford Long Sleeve Shirt,Tops,Men,29.9,29.9,False,1,29.9,Card
ORC-20260604-0345,1,2026-06-04 13:00:19,  Orchard Central  ,TOP-M-03,Men's Dry-EX Crew Neck T-Shirt,Tops,Men,19.9,19.9,False,1,19.9,cash
BUG-20260604-0045,1,2026-06-04 18:31:48,Bugis,SOK-W-10,Women's Wool Blend Socks,Socks,WOMEN,9.9,9.9,False,1,9.9,Cash
ORC-20260604-0089,1,2026-06-04 19:35:44,Orchard Central,SOK-M-04,Men's Ribbed Crew Socks,Socks,Men,5.9,5.9,False,1,5.9,PayNow
ORC-20260604-1337,3,2026-06-04 16:59:51,Orchard Central,TOP-M-01,Men's Airism Cotton Crew Neck T-Shirt,TOPS,Men,14.9,14.9,False,1,14.9,Cash
ORC-20260604-0224,1,2026-06-04 13:58:39,Orchard Central,SOK-M-09,Men's No-Show Sneaker Socks,Socks,Men,4.11,5.9,True,1,4.11,NETS
ORC-20260604-0992,2,2026-06-04 19:15:05,Orchard Central,SOK-M-09,Men's No-Show Sneaker Socks,socks,Men,4.11,5.9,True,1,4.11,PayNow
PUN-20260604-0292,3,2026-06-04 19:07:02,Punggol,SOK-W-02,Women's Pile Crew Socks,Socks,Women,5.9,5.9,False,1,5.9,NETS
ORC-20260604-0659,1,2026-06-04 15:27:31,  Orchard Central  ,BTM-M-02,Men's Slim Fit Chino Trousers,Bottoms,Men,29.9,29.9,False,1,29.9,Card
ORC-20260604-0305,3,2026-06-04 18:34:07,Orchard Central,SOK-M-01,Men's Ankle Socks 3-Pack,Socks,Men,14.9,14.9,False,1,14.9,Card
BUG-20260604-0618,2,2026-06-04 13:08:06,Bugis,TOP-M-01,  Men's Airism Cotton Crew Neck T-Shirt  ,Tops,Men,14.9,14.9,False,1,14.9,Cash
ORC-20260604-0329,2,2026-06-04 22:58:10,  Orchard Central  ,BTM-M-05,Men's Wide Fit Cargo Pants,Bottoms,Men,39.9,39.9,False,1,39.9,Cash
ORC-20260604-1296,2,2026-06-04 11:22:22,Orchard Central,BTM-M-04,Men's Dry Stretch Shorts,Bottoms,MEN,19.9,19.9,False,1,19.9,PayNow
ORC-20260604-1036,1,2026-06-04 16:03:35,Orchard Central,SOK-W-02,Women's Pile Crew Socks,Socks,Women,5.9,5.9,False,1,5.9,Card
PUN-20260604-0579,2,2026-06-04 16:33:54,Punggol,BTM-W-02,Women's High-Rise Wide Leg Pants,Bottoms,Women,39.9,39.9,False,1,39.9,Card
ORC-20260604-1401,2,2026-06-04 20:37:38,Orchard Central,SOK-M-01,Men's Ankle Socks 3-Pack,Socks,Men,14.9,14.9,False,1,14.9,Card
PUN-20260604-0152,2,2026-06-04 18:09:03,Punggol,SOK-M-02,Men's Pile Crew Socks,Socks,Men,5.9,5.9,False,1,$5.9,PayNow
ORC-20260604-1021,2,2026-06-04 21:43:45,Orchard Central,SOK-W-02,Women's Pile Crew Socks,Socks,Women,5.9,5.9,False,2,11.8,card
ORC-20260604-1272,3,2026-06-04 22:37:48,orchard central,SOK-W-05,Women's Sport Ankle Socks,socks,Women,5.9,5.9,False,2,11.8,Card
BUG-20260604-0210,1,2026-06-04 17:30:07,Bugis,SOK-M-02,Men's Pile Crew Socks,Socks,Men,5.9,5.9,False,1,5.9,Card
BUG-20260604-0264,2,2026-06-04 20:23:45,Bugis,SOK-M-01,Men's Ankle Socks 3-Pack,Socks,MEN,14.9,14.9,False,2,29.8,NETS
ORC-20260604-0573,1,2026-06-04 19:44:00,Orchard Central,TOP-M-02,Men's Supima Cotton Polo Shirt,Tops,Men,$29.9,29.9,False,1,29.9,PayNow
BUG-20260604-0371,2,2026-06-04 21:20:47,Bugis,SOK-M-07,Men's Striped Crew Socks,Socks,Men,5.9,5.9,False,1,5.9,PayNow
ORC-20260604-1174,3,2026-06-04 22:44:45,Orchard Central,SOK-M-03,Men's Airism Low-Cut Socks,Socks,men,5.9,5.9,False,1,5.9,Card
BUG-20260604-0492,2,2026-06-04 12:27:28,Bugis,SOK-M-02,  Men's Pile Crew Socks  ,Socks,Men,5.9,5.9,False,2,11.8,NETS
ORC-20260604-0114,1,2026-06-04 21:03:20,Orchard Central,SOK-M-02,Men's Pile Crew Socks,Socks,Men,5.9,5.9,False,1,5.9,Cash
BUG-20260604-0598,1,2026-06-04 16:24:40,Bugis,SOK-W-02,Women's Pile Crew Socks,Socks,Women,5.9,5.9,False,1,5.9,Cash
BUG-20260604-0006,2,2026-06-04 19:02:56,Bugis,TOP-M-04,Men's Oxford Long Sleeve Shirt,Tops,Men,29.9,29.9,False,1,29.9,Card
BUG-20260604-0640,1,2026-06-04 11:30:18,BUGIS,SOK-M-02,Men's Pile Crew Socks,Socks,Men,5.9,5.9,False,1,5.9,NETS
ORC-20260604-0920,1,2026-06-04 20:42:02,Orchard Central,SOK-M-02,Men's Pile Crew Socks,Socks,Men,5.9,5.9,False,1,5.9,CARD
ORC-20260604-0773,1,2026-06-04 20:12:18,Orchard Central,BTM-M-01,Men's Ezy Ankle Pants,Bottoms,Men,29.9,29.9,False,1,29.9,Card
PUN-20260604-0207,1,2026-06-04 20:12:11,Punggol,SOK-M-01,Men's Ankle Socks 3-Pack,Socks,men,14.9,14.9,False,1,14.9,Card
ORC-20260604-0888,1,2026-06-04 21:20:04,Orchard Central,TOP-M-01,Men's Airism Cotton Crew Neck T-Shirt,Tops,Men,14.9,14.9,False,1,14.9,Card
BUG-20260604-0549,2,2026-06-04 19:48:40,Bugis,SOK-M-03,Men's Airism Low-Cut Socks,Socks,Men,5.9,5.9,False,1,5.9,CARD
PUN-20260604-0579,1,2026-06-04 16:33:54,Punggol,UND-W-03,Women's Cotton Blend Briefs,Underwear,WOMEN,9.9,9.9,False,1,9.9,Card
BUG-20260604-0059,1,2026-06-04 15:34:28,Bugis,SOK-M-02,Men's Pile Crew Socks,Socks,Men,5.9,5.9,False,2,11.8,Card
ORC-20260604-1105,2,2026-06-04 19:01:17,Orchard Central,UND-M-01,Men's Airism Boxer Briefs,Underwear,Men,14.9,14.9,False,1,14.9,Cash
ORC-20260604-0097,3,2026-06-04 18:58:43,Orchard Central,SOK-W-02,Women's Pile Crew Socks,Socks,Women,5.9,5.9,False,1,5.9,Nets
ORC-20260604-0544,2,2026-06-04 17:10:24,Orchard Central,BTM-W-03,Women's Ezy Ankle Pants,Bottoms,Women,29.9,29.9,False,1,29.9,PayNow
ORC-20260604-0939,1,2026-06-04 17:36:08,Orchard Central,SOK-M-01,Men's Ankle Socks 3-Pack,Socks,men,14.9,14.9,False,1,14.9,Card
ORC-20260604-0449,1,2026-06-04 20:50:01,Orchard Central,SOK-W-02,  Women's Pile Crew Socks  ,Socks,women,5.9,5.9,False,1,5.9,card
BUG-20260604-0748,1,2026-06-04 11:44:42,Bugis,UND-W-01,Women's Airism Bikini Shorts,underwear,Women,9.9,9.9,False,1,9.9,NETS
ORC-20260604-1232,3,2026-06-04 20:32:59,Orchard Central,BTM-M-04,Men's Dry Stretch Shorts,BOTTOMS,Men,19.9,19.9,False,1,19.9,card
ORC-20260604-1372,1,2026-06-04 22:34:54,ORCHARD CENTRAL,BTM-M-04,Men's Dry Stretch Shorts,Bottoms,Men,19.9,19.9,False,1,19.9,PAYNOW
PUN-20260604-0523,2,2026-06-04 19:57:42,Punggol,UND-M-01,Men's Airism Boxer Briefs,Underwear,Men,14.9,14.9,False,1,14.9,Card
BUG-20260604-0669,3,2026-06-04 22:05:38,bugis,TOP-M-01,Men's Airism Cotton Crew Neck T-Shirt,Tops,Men,$14.9,14.9,False,1,14.9,Card
ORC-20260604-1380,2,2026-06-04 20:02:44,Orchard Central,SOK-W-03,Women's Airism Low-Cut Socks,SOCKS,Women,5.9,5.9,False,1,5.9,Card
ORC-20260604-0392,2,2026-06-04 19:03:14,  Orchard Central  ,SOK-W-05,Women's Sport Ankle Socks,Socks,Women,5.9,5.9,False,1,5.9,Card
ORC-20260604-0965,3,2026-06-04 16:44:35,ORCHARD CENTRAL,SOK-M-07,Men's Striped Crew Socks,Socks,Men,5.9,5.9,False,1,5.9,Card
ORC-20260604-0282,1,2026-06-04 20:46:34,  Orchard Central  ,UND-W-02,Women's Wireless Bra,underwear,Women,29.9,29.9,False,1,29.9,Card
PUN-20260604-0446,1,2026-06-04 14:50:21,Punggol,SOK-W-04,Women's Ribbed Crew Socks,Socks,Women,5.9,5.9,False,1,5.9,NETS
BUG-20260604-0666,2,2026-06-04 19:20:00,Bugis,SOK-W-03,Women's Airism Low-Cut Socks,Socks,Women,5.9,5.9,False,2,$11.8,Card
ORC-20260604-0180,1,2026-06-04 17:31:02,orchard central,SOK-M-04,Men's Ribbed Crew Socks,Socks,Men,$5.9,5.9,False,1,5.9,Card
ORC-20260604-1373,1,2026-06-04 20:42:02,Orchard Central,SOK-M-03,Men's Airism Low-Cut Socks,Socks,Men,5.9,5.9,False,1,5.9,PayNow
BUG-20260604-0122,3,2026-06-04 11:05:31,Bugis,BTM-M-08,Men's Relaxed Fit Denim Shorts,Bottoms,Men,22.99,29.9,True,1,22.99,Card
BUG-20260604-0358,1,2026-06-04 22:42:37,Bugis,SOK-M-02,Men's Pile Crew Socks,Socks,Men,5.9,5.9,False,1,5.9,Card
ORC-20260604-0073,1,2026-06-04 22:46:34,Orchard Central,SOK-W-02,Women's Pile Crew Socks,Socks,Women,5.9,5.9,False,1,5.9,card
ORC-20260604-0413,2,2026-06-04 21:35:27,Orchard Central,BTM-M-03,Men's Selvedge Regular Fit Jeans,Bottoms,Men,59.9,59.9,False,1,59.9,Card
BUG-20260604-0706,3,2026-06-04 19:55:23,Bugis,TOP-M-03,Men's Dry-EX Crew Neck T-Shirt,Tops,Men,19.9,19.9,False,1,19.9,PayNow
BUG-20260604-0244,1,2026-06-04 21:54:32,Bugis,TOP-M-09,Men's Flannel Checked Long Sleeve Shirt,Tops,Men,29.9,29.9,False,1,29.9,Card
ORC-20260604-0700,2,2026-06-04 20:50:22,orchard central,TOP-M-01,Men's Airism Cotton Crew Neck T-Shirt,Tops,Men,14.9,14.9,False,1,14.9,Card
BUG-20260604-0281,2,2026-06-04 17:36:19,bugis,SOK-M-03,Men's Airism Low-Cut Socks,Socks,Men,5.9,5.9,False,1,5.9,card
BUG-20260604-0553,3,2026-06-04 21:48:22,Bugis,SOK-M-04,Men's Ribbed Crew Socks,Socks,Men,5.9,5.9,False,1,5.9,Cash
BUG-20260604-0695,2,2026-06-04 11:38:50,Bugis,SOK-W-04,Women's Ribbed Crew Socks,Socks,Women,5.9,5.9,False,1,5.9,PayNow
BUG-20260604-0125,2,2026-06-04 20:41:57,Bugis,UND-W-04,Women's Airism T-Shirt Bra,Underwear,Women,29.9,29.9,False,2,$59.8,NETS
ORC-20260604-0535,1,2026-06-04 21:56:35,Orchard Central,SOK-M-07,Men's Striped Crew Socks,Socks,Men,5.9,5.9,False,1,5.9,Cash
ORC-20260604-1227,3,2026-06-04 18:28:05,Orchard Central,SOK-M-09,Men's No-Show Sneaker Socks,Socks,Men,4.11,5.9,True,1,4.11,Cash
ORC-20260604-1244,1,2026-06-04 19:15:51,  Orchard Central  ,SOK-M-01,Men's Ankle Socks 3-Pack,Socks,Men,14.9,14.9,False,2,$29.8,PayNow
BUG-20260604-0163,2,2026-06-04 20:33:45,Bugis,SOK-W-03,Women's Airism Low-Cut Socks,SOCKS,Women,5.9,5.9,False,1,5.9,PayNow
ORC-20260604-1172,1,2026-06-04 21:30:39,Orchard Central,SOK-M-02,Men's Pile Crew Socks,Socks,Men,5.9,5.9,False,1,5.9,Card
BUG-20260604-0854,3,2026-06-04 20:24:43,Bugis,SOK-W-02,  Women's Pile Crew Socks  ,Socks,Women,5.9,5.9,False,1,5.9,paynow
PUN-20260604-0175,2,2026-06-04 18:58:57,  Punggol  ,TOP-M-02,Men's Supima Cotton Polo Shirt,Tops,Men,29.9,29.9,False,1,29.9,Cash
ORC-20260604-1047,3,2026-06-04 20:37:54,Orchard Central,SOK-M-09,Men's No-Show Sneaker Socks,Socks,Men,4.11,5.9,True,1,4.11,PayNow
BUG-20260604-0256,1,2026-06-04 15:27:50,Bugis,UND-W-03,Women's Cotton Blend Briefs,Underwear,women,9.9,9.9,False,1,9.9,Card
ORC-20260604-0476,2,2026-06-04 18:53:55,Orchard Central,SOK-M-03,Men's Airism Low-Cut Socks,SOCKS,Men,5.9,5.9,False,2,11.8,Card
BUG-20260604-0325,2,2026-06-04 12:51:12,bugis,UND-M-04,Men's Cotton Crew Neck Undershirt,Underwear,Men,14.9,14.9,False,1,14.9,PayNow
ORC-20260604-1098,2,2026-06-04 18:47:25,Orchard Central,BTM-W-03,Women's Ezy Ankle Pants,Bottoms,Women,29.9,29.9,False,1,29.9,PayNow
PUN-20260604-0325,2,2026-06-04 13:59:15,Punggol,TOP-M-01,  Men's Airism Cotton Crew Neck T-Shirt  ,Tops,Men,14.9,14.9,False,1,14.9,Card
BUG-20260604-0552,2,2026-06-04 11:03:05,Bugis,SOK-W-02,Women's Pile Crew Socks,Socks,women,5.9,5.9,False,1,5.9,Card
PUN-20260604-0538,1,2026-06-04 18:11:33,PUNGGOL,TOP-W-01,Women's Airism Cotton Crew Neck T-Shirt,Tops,Women,14.9,14.9,False,1,$14.9,Cash
PUN-20260604-0323,2,2026-06-04 15:15:05,Punggol,SOK-W-03,Women's Airism Low-Cut Socks,Socks,Women,5.9,5.9,False,1,5.9,Card
ORC-20260604-1033,1,2026-06-04 16:46:15,Orchard Central,SOK-W-02,  Women's Pile Crew Socks  ,Socks,Women,$5.9,5.9,False,1,5.9,Card
PUN-20260604-0019,1,2026-06-04 15:06:21,Punggol,SOK-W-03,Women's Airism Low-Cut Socks,Socks,Women,5.9,5.9,False,1,5.9,PayNow
BUG-20260604-0866,1,2026-06-04 15:08:07,BUGIS,SOK-M-03,Men's Airism Low-Cut Socks,Socks,Men,5.9,5.9,False,1,5.9,Card
PUN-20260604-0100,2,2026-06-04 21:00:19,Punggol,SOK-M-04,Men's Ribbed Crew Socks,Socks,Men,5.9,5.9,False,1,5.9,Card
PUN-20260604-0035,1,2026-06-04 20:53:16,Punggol,SOK-W-02,Women's Pile Crew Socks,Socks,Women,5.9,5.9,False,1,5.9,PayNow
BUG-20260604-0019,2,2026-06-04 20:13:50,Bugis,SOK-W-04,  Women's Ribbed Crew Socks  ,Socks,Women,5.9,5.9,False,1,5.9,NETS
ORC-20260604-0756,2,2026-06-04 14:42:51,Orchard Central,TOP-M-03,Men's Dry-EX Crew Neck T-Shirt,Tops,Men,19.9,19.9,False,1,19.9,Paynow
ORC-20260604-0684,2,2026-06-04 15:54:37,Orchard Central,SOK-W-01,Women's Ankle Socks 3-Pack,Socks,Women,14.9,14.9,False,1,14.9,Card
PUN-20260604-0541,1,2026-06-04 14:51:45,punggol,SOK-M-04,Men's Ribbed Crew Socks,SOCKS,Men,5.9,5.9,False,1,5.9,Cash
BUG-20260604-0869,2,2026-06-04 21:11:48,bugis,UND-M-04,  Men's Cotton Crew Neck Undershirt  ,Underwear,Men,14.9,14.9,False,2,29.8,PAYNOW
ORC-20260604-0879,3,2026-06-04 12:42:15,Orchard Central,TOP-M-01,Men's Airism Cotton Crew Neck T-Shirt,Tops,Men,14.9,14.9,False,1,14.9,Card
BUG-20260604-0109,1,2026-06-04 19:52:27,Bugis,SOK-W-06,Women's Heattech Socks,SOCKS,Women,9.9,9.9,False,1,9.9,Card
BUG-20260604-0270,1,2026-06-04 18:01:04,Bugis,SOK-M-04,Men's Ribbed Crew Socks,Socks,Men,5.9,5.9,False,1,5.9,PAYNOW
BUG-20260604-0796,1,2026-06-04 20:09:57,Bugis,UND-M-10,Men's Cotton Blend Briefs,Underwear,Men,9.9,9.9,False,1,9.9,NETS
ORC-20260604-1272,1,2026-06-04 22:37:48,Orchard Central,SOK-W-06,Women's Heattech Socks,Socks,Women,9.9,9.9,False,1,9.9,Card
ORC-20260604-0118,3,2026-06-04 21:41:18,  Orchard Central  ,SOK-W-03,Women's Airism Low-Cut Socks,Socks,WOMEN,5.9,5.9,False,1,5.9,Paynow
ORC-20260604-0586,2,2026-06-04 18:29:27,Orchard Central,SOK-W-09,Women's No-Show Sneaker Socks,socks,Women,5.9,5.9,False,1,5.9,Card
ORC-20260604-1106,1,2026-06-04 21:33:26,Orchard Central,SOK-M-07,Men's Striped Crew Socks,Socks,MEN,5.9,5.9,False,1,5.9,PayNow
BUG-20260604-0441,1,2026-06-04 15:37:11,Bugis,SOK-M-05,Men's Sport Ankle Socks,Socks,Men,5.9,5.9,False,1,5.9,PayNow
ORC-20260604-0069,1,2026-06-04 20:47:59,Orchard Central,SOK-W-01,Women's Ankle Socks 3-Pack,Socks,Women,14.9,14.9,False,1,14.9,NETS
PUN-20260604-0438,2,2026-06-04 21:09:28,Punggol,TOP-M-01,Men's Airism Cotton Crew Neck T-Shirt,Tops,Men,14.9,14.9,False,1,14.9,Card
ORC-20260604-0668,2,2026-06-04 17:17:52,Orchard Central,UND-M-02,Men's Cotton Blend Trunks,Underwear,Men,14.9,14.9,False,1,14.9,Cash
ORC-20260604-0324,1,2026-06-04 20:32:04,orchard central,SOK-M-03,  Men's Airism Low-Cut Socks  ,Socks,Men,5.9,5.9,False,1,5.9,NETS
ORC-20260604-0191,1,2026-06-04 19:41:44,  Orchard Central  ,BTM-M-04,Men's Dry Stretch Shorts,Bottoms,Men,19.9,19.9,False,1,19.9,Card
BUG-20260604-0102,2,2026-06-04 20:38:18,Bugis,BTM-M-02,Men's Slim Fit Chino Trousers,Bottoms,Men,29.9,29.9,False,1,29.9,NETS
ORC-20260604-0561,1,2026-06-04 16:46:08,Orchard Central,SOK-W-01,Women's Ankle Socks 3-Pack,Socks,Women,14.9,14.9,False,1,14.9,Card
BUG-20260604-0393,1,2026-06-04 18:09:38,Bugis,SOK-M-01,Men's Ankle Socks 3-Pack,socks,Men,14.9,14.9,False,2,29.8,Card
ORC-20260604-1057,3,2026-06-04 16:31:36,Orchard Central,SOK-W-02,Women's Pile Crew Socks,Socks,Women,5.9,5.9,False,1,5.9,Card
BUG-20260604-0219,2,2026-06-04 20:40:17,Bugis,UND-W-03,Women's Cotton Blend Briefs,Underwear,Women,9.9,9.9,False,1,9.9,NETS
ORC-20260604-1453,1,2026-06-04 16:57:34,Orchard Central,SOK-W-03,Women's Airism Low-Cut Socks,SOCKS,women,5.9,5.9,False,1,5.9,PayNow
ORC-20260604-0266,1,2026-06-04 17:42:43,Orchard Central,TOP-M-06,Men's Fleece Full-Zip Hoodie,Tops,Men,39.9,39.9,False,1,39.9,Card
ORC-20260604-1149,2,2026-06-04 19:06:01,orchard central,UND-M-04,Men's Cotton Crew Neck Undershirt,UNDERWEAR,Men,14.9,14.9,False,1,14.9,Card
BUG-20260604-0464,1,2026-06-04 22:41:21,Bugis,SOK-W-03,Women's Airism Low-Cut Socks,Socks,Women,5.9,5.9,False,1,5.9,Card
ORC-20260604-1176,1,2026-06-04 12:45:46,Orchard Central,SOK-M-02,Men's Pile Crew Socks,Socks,Men,5.9,5.9,False,1,5.9,NETS
PUN-20260604-0364,1,2026-06-04 19:52:16,Punggol,BTM-M-04,Men's Dry Stretch Shorts,Bottoms,Men,19.9,19.9,False,1,19.9,PayNow
PUN-20260604-0060,1,2026-06-04 19:00:52,Punggol,SOK-W-02,Women's Pile Crew Socks,Socks,Women,5.9,5.9,False,1,5.9,Card
ORC-20260604-0020,2,2026-06-04 20:25:58,Orchard Central,UND-W-03,Women's Cotton Blend Briefs,Underwear,Women,9.9,9.9,False,1,9.9,NETS
ORC-20260604-1344,2,2026-06-04 21:05:34,Orchard Central,SOK-M-01,Men's Ankle Socks 3-Pack,Socks,MEN,14.9,14.9,False,2,29.8,NETS
BUG-20260604-0403,1,2026-06-04 20:17:32,Bugis,SOK-M-03,Men's Airism Low-Cut Socks,SOCKS,Men,5.9,5.9,False,1,5.9,Card
BUG-20260604-0800,1,2026-06-04 14:45:10,Bugis,UND-M-08,Men's Airism V-Neck Undershirt,Underwear,Men,9.9,9.9,False,1,9.9,Card
ORC-20260604-0416,2,2026-06-04 16:48:41,Orchard Central,SOK-M-09,Men's No-Show Sneaker Socks,Socks,Men,$4.11,5.9,True,1,4.11,Card
ORC-20260604-1221,1,2026-06-04 21:20:50,Orchard Central,SOK-W-03,Women's Airism Low-Cut Socks,Socks,Women,5.9,5.9,False,1,5.9,Paynow
ORC-20260604-0325,1,2026-06-04 13:46:31,  Orchard Central  ,TOP-W-01,Women's Airism Cotton Crew Neck T-Shirt,Tops,Women,14.9,14.9,False,1,$14.9,Card
PUN-20260604-0587,2,2026-06-04 19:37:15,Punggol,BTM-M-03,Men's Selvedge Regular Fit Jeans,Bottoms,Men,59.9,59.9,False,1,59.9,Card
ORC-20260604-0958,1,2026-06-04 21:25:39,Orchard Central,UND-M-04,Men's Cotton Crew Neck Undershirt,Underwear,Men,14.9,14.9,False,1,14.9,Cash
BUG-20260604-0635,2,2026-06-04 18:26:18,Bugis,SOK-W-04,  Women's Ribbed Crew Socks  ,Socks,Women,5.9,5.9,False,2,11.8,Card
BUG-20260604-0372,3,2026-06-04 16:35:43,Bugis,TOP-M-01,Men's Airism Cotton Crew Neck T-Shirt,Tops,Men,14.9,14.9,False,1,14.9,NETS
ORC-20260604-1140,3,2026-06-04 14:02:37,Orchard Central,TOP-M-02,Men's Supima Cotton Polo Shirt,Tops,Men,29.9,29.9,False,1,29.9,Card
BUG-20260604-0675,2,2026-06-04 11:44:47,Bugis,SOK-M-01,Men's Ankle Socks 3-Pack,Socks,Men,14.9,14.9,False,1,14.9,Card
BUG-20260604-0332,1,2026-06-04 17:14:08,Bugis,SOK-M-02,Men's Pile Crew Socks,Socks,Men,5.9,5.9,False,1,5.9,Nets
ORC-20260604-1117,2,2026-06-04 19:34:50,Orchard Central,BTM-W-01,Women's Ultra Stretch Skinny Jeans,Bottoms,Women,39.9,39.9,False,1,39.9,Cash
BUG-20260604-0387,1,2026-06-04 22:03:12,Bugis,UND-W-01,Women's Airism Bikini Shorts,Underwear,Women,9.9,9.9,False,1,9.9,Card
BUG-20260604-0182,2,2026-06-04 16:50:13,  Bugis  ,TOP-M-01,Men's Airism Cotton Crew Neck T-Shirt,Tops,Men,14.9,14.9,False,1,14.9,CARD
ORC-20260604-1211,1,2026-06-04 17:51:02,Orchard Central,BTM-M-01,Men's Ezy Ankle Pants,Bottoms,Men,29.9,29.9,False,1,29.9,PayNow
PUN-20260604-0202,3,2026-06-04 20:06:04,Punggol,SOK-M-03,Men's Airism Low-Cut Socks,Socks,Men,5.9,5.9,False,1,5.9,Card
ORC-20260604-0623,1,2026-06-04 21:21:31,Orchard Central,SOK-M-09,Men's No-Show Sneaker Socks,socks,Men,4.11,5.9,True,1,$4.11,card
ORC-20260604-0837,1,2026-06-04 17:34:41,Orchard Central,TOP-M-01,Men's Airism Cotton Crew Neck T-Shirt,Tops,Men,14.9,14.9,False,1,14.9,card
ORC-20260604-0289,2,2026-06-04 12:39:41,Orchard Central,SOK-M-09,Men's No-Show Sneaker Socks,SOCKS,Men,4.11,5.9,True,1,4.11,Card
ORC-20260604-0985,1,2026-06-04 15:51:03,Orchard Central,SOK-W-03,Women's Airism Low-Cut Socks,Socks,Women,5.9,5.9,False,2,11.8,Cash
BUG-20260604-0121,1,2026-06-04 19:51:11,Bugis,SOK-M-04,Men's Ribbed Crew Socks,Socks,Men,5.9,5.9,False,1,5.9,NETS
ORC-20260604-0746,2,2026-06-04 16:32:20,Orchard Central,SOK-M-04,Men's Ribbed Crew Socks,Socks,Men,5.9,5.9,False,1,5.9,NETS
BUG-20260604-0442,1,2026-06-04 16:10:12,Bugis,SOK-M-02,Men's Pile Crew Socks,Socks,Men,5.9,5.9,False,1,5.9,NETS
ORC-20260604-0215,2,2026-06-04 17:01:39,  Orchard Central  ,SOK-M-03,Men's Airism Low-Cut Socks,SOCKS,Men,5.9,5.9,False,1,5.9,Cash
PUN-20260604-0095,1,2026-06-04 18:36:06,Punggol,UND-M-02,  Men's Cotton Blend Trunks  ,Underwear,Men,14.9,14.9,False,1,14.9,NETS
PUN-20260604-0003,1,2026-06-04 19:15:44,Punggol,UND-W-03,Women's Cotton Blend Briefs,Underwear,Women,9.9,9.9,False,1,9.9,Card
ORC-20260604-0966,2,2026-06-04 20:57:59,Orchard Central,SOK-W-05,Women's Sport Ankle Socks,Socks,women,5.9,5.9,False,1,5.9,PAYNOW
BUG-20260604-0118,2,2026-06-04 19:15:18,Bugis,UND-W-03,Women's Cotton Blend Briefs,Underwear,Women,9.9,9.9,False,1,$9.9,paynow
BUG-20260604-0717,3,2026-06-04 11:07:58,Bugis,SOK-W-04,Women's Ribbed Crew Socks,Socks,Women,5.9,5.9,False,1,5.9,PayNow
ORC-20260604-1137,3,2026-06-04 19:48:46,Orchard Central,SOK-W-02,  Women's Pile Crew Socks  ,Socks,Women,5.9,5.9,False,1,5.9,Card
ORC-20260604-0610,3,2026-06-04 21:32:17,  Orchard Central  ,SOK-W-05,Women's Sport Ankle Socks,Socks,Women,5.9,5.9,False,1,5.9,Cash
ORC-20260604-0054,1,2026-06-04 15:14:09,Orchard Central,SOK-W-01,Women's Ankle Socks 3-Pack,Socks,Women,14.9,14.9,False,1,14.9,Card
PUN-20260604-0420,2,2026-06-04 14:34:56,Punggol,BTM-M-02,Men's Slim Fit Chino Trousers,Bottoms,Men,29.9,29.9,False,1,29.9,NETS
ORC-20260604-1454,2,2026-06-04 17:30:59,Orchard Central,TOP-W-02,Women's Ribbed Long Sleeve Turtleneck,TOPS,Women,19.9,19.9,False,1,19.9,Card
PUN-20260604-0257,3,2026-06-04 13:57:07,Punggol,UND-W-01,Women's Airism Bikini Shorts,Underwear,Women,9.9,9.9,False,2,19.8,Card
ORC-20260604-0387,2,2026-06-04 18:57:35,Orchard Central,SOK-M-01,Men's Ankle Socks 3-Pack,Socks,Men,14.9,14.9,False,1,14.9,Card
ORC-20260604-1041,2,2026-06-04 11:52:59,Orchard Central,TOP-M-02,Men's Supima Cotton Polo Shirt,Tops,Men,29.9,29.9,False,1,29.9,Card
PUN-20260604-0443,2,2026-06-04 22:05:29,Punggol,SOK-W-03,Women's Airism Low-Cut Socks,Socks,Women,5.9,5.9,False,1,5.9,PayNow
ORC-20260604-1388,2,2026-06-04 19:11:30,Orchard Central,SOK-M-09,Men's No-Show Sneaker Socks,Socks,Men,4.11,5.9,True,1,4.11,PayNow
ORC-20260604-0775,2,2026-06-04 20:15:31,Orchard Central,TOP-M-01,Men's Airism Cotton Crew Neck T-Shirt,Tops,Men,14.9,14.9,False,1,14.9,Cash
ORC-20260604-1182,1,2026-06-04 19:07:03,Orchard Central,UND-M-01,  Men's Airism Boxer Briefs  ,Underwear,Men,14.9,14.9,False,1,14.9,NETS
BUG-20260604-0395,2,2026-06-04 16:35:17,Bugis,SOK-W-01,Women's Ankle Socks 3-Pack,Socks,women,14.9,14.9,False,1,14.9,Cash
ORC-20260604-0942,2,2026-06-04 20:58:40,  Orchard Central  ,SOK-M-04,Men's Ribbed Crew Socks,Socks,Men,$5.9,5.9,False,1,5.9,card
ORC-20260604-0404,1,2026-06-04 20:56:16,Orchard Central,SOK-W-02,Women's Pile Crew Socks,Socks,Women,5.9,5.9,False,2,11.8,NETS
BUG-20260604-0831,1,2026-06-04 13:26:29,bugis,SOK-M-02,Men's Pile Crew Socks,Socks,Men,5.9,5.9,False,2,11.8,Cash
ORC-20260604-0716,1,2026-06-04 12:27:21,Orchard Central,SOK-W-03,Women's Airism Low-Cut Socks,Socks,WOMEN,5.9,5.9,False,2,11.8,Card
BUG-20260604-0630,2,2026-06-04 11:59:54,Bugis,BTM-W-02,Women's High-Rise Wide Leg Pants,Bottoms,Women,39.9,39.9,False,1,39.9,Cash
PUN-20260604-0393,2,2026-06-04 13:03:52,Punggol,UND-W-01,Women's Airism Bikini Shorts,Underwear,Women,9.9,9.9,False,1,9.9,Card
ORC-20260604-1168,1,2026-06-04 14:41:04,Orchard Central,SOK-M-04,Men's Ribbed Crew Socks,Socks,MEN,5.9,5.9,False,1,5.9,PayNow
BUG-20260604-0280,2,2026-06-04 13:29:35,  BUGIS  ,SOK-W-03,Women's Airism Low-Cut Socks,Socks,Women,5.9,5.9,False,1,5.9,card
BUG-20260604-0637,2,2026-06-04 20:15:19,Bugis,UND-W-07,Women's Heattech Camisole,Underwear,Women,14.9,14.9,False,1,14.9,
BUG-20260604-0740,1,2026-06-04 19:52:52,BUGIS,SOK-M-02,Men's Pile Crew Socks,Socks,Men,5.9,5.9,False,1,5.9,Nets
PUN-20260604-0368,2,2026-06-04 15:14:57,Punggol,BTM-W-02,Women's High-Rise Wide Leg Pants,Bottoms,Women,39.9,39.9,False,1,39.9,Card
ORC-20260604-0019,3,2026-06-04 20:52:36,Orchard Central,TOP-M-01,Men's Airism Cotton Crew Neck T-Shirt,Tops,Men,14.9,14.9,False,1,14.9,Card
PUN-20260604-0487,1,2026-06-04 11:08:58,punggol,UND-M-04,Men's Cotton Crew Neck Undershirt,Underwear,MEN,14.9,14.9,False,1,14.9,Card
ORC-20260604-0913,2,2026-06-04 20:32:27,Orchard Central,SOK-W-02,Women's Pile Crew Socks,Socks,Women,5.9,5.9,False,1,5.9,Cash
BUG-20260604-0251,1,2026-06-04 22:51:25,  Bugis  ,UND-W-01,Women's Airism Bikini Shorts,underwear,Women,9.9,9.9,False,2,19.8,Card
PUN-20260604-0223,3,2026-06-04 12:18:56,Punggol,TOP-W-04,  Women's Heattech Crew Neck Long Sleeve Tee  ,Tops,Women,14.9,14.9,False,1,14.9,Cash
BUG-20260604-0531,1,2026-06-04 20:08:03,Bugis,UND-W-03,Women's Cotton Blend Briefs,underwear,WOMEN,9.9,9.9,False,1,9.9,NETS
ORC-20260604-0548,1,2026-06-04 20:29:30,Orchard Central,BTM-M-04,Men's Dry Stretch Shorts,Bottoms,Men,19.9,19.9,False,1,19.9,PayNow
PUN-20260604-0442,2,2026-06-04 21:29:51,Punggol,TOP-W-01,Women's Airism Cotton Crew Neck T-Shirt,Tops,Women,14.9,14.9,False,1,14.9,PayNow
ORC-20260604-0842,1,2026-06-04 21:13:45,Orchard Central,SOK-M-03,Men's Airism Low-Cut Socks,Socks,Men,5.9,5.9,False,1,5.9,Card
BUG-20260604-0373,1,2026-06-04 19:05:53,Bugis,TOP-M-04,Men's Oxford Long Sleeve Shirt,Tops,Men,29.9,29.9,False,1,29.9,Card
PUN-20260604-0397,1,2026-06-04 12:10:17,Punggol,BTM-M-08,Men's Relaxed Fit Denim Shorts,Bottoms,Men,22.99,29.9,True,1,$22.99,PayNow
ORC-20260604-1216,2,2026-06-04 12:19:36,Orchard Central,UND-W-03,Women's Cotton Blend Briefs,Underwear,Women,9.9,9.9,False,1,9.9,Card
BUG-20260604-0534,2,2026-06-04 12:25:05,Bugis,BTM-W-03,Women's Ezy Ankle Pants,Bottoms,Women,29.9,29.9,False,1,29.9,PayNow
PUN-20260604-0517,2,2026-06-04 21:00:44,Punggol,UND-W-03,Women's Cotton Blend Briefs,Underwear,Women,9.9,9.9,False,1,9.9,PayNow
BUG-20260604-0413,1,2026-06-04 20:29:19,Bugis,BTM-M-04,Men's Dry Stretch Shorts,Bottoms,Men,19.9,19.9,False,1,19.9,PayNow
BUG-20260604-0498,3,2026-06-04 21:19:16,  Bugis  ,SOK-W-02,Women's Pile Crew Socks,SOCKS,women,5.9,5.9,False,1,5.9,Card
BUG-20260604-0309,3,2026-06-04 19:23:15,Bugis,BTM-M-04,Men's Dry Stretch Shorts,bottoms,Men,19.9,19.9,False,1,19.9,Cash
BUG-20260604-0098,3,2026-06-04 20:15:14,Bugis,TOP-M-02,Men's Supima Cotton Polo Shirt,Tops,Men,$29.9,29.9,False,1,29.9,Card
PUN-20260604-0129,1,2026-06-04 16:07:31,Punggol,SOK-W-03,Women's Airism Low-Cut Socks,Socks,Women,5.9,5.9,False,1,5.9,Card
ORC-20260604-1102,1,2026-06-04 20:33:42,Orchard Central,TOP-W-01,Women's Airism Cotton Crew Neck T-Shirt,Tops,Women,14.9,14.9,False,1,$14.9,CARD
ORC-20260604-0463,2,2026-06-04 19:36:01,Orchard Central,TOP-M-02,  Men's Supima Cotton Polo Shirt  ,Tops,Men,29.9,29.9,False,1,29.9,Card
ORC-20260604-0518,1,2026-06-04 12:55:19,Orchard Central,UND-W-03,  Women's Cotton Blend Briefs  ,Underwear,Women,9.9,9.9,False,1,9.9,Card
PUN-20260604-0542,2,2026-06-04 20:10:25,Punggol,TOP-W-02,Women's Ribbed Long Sleeve Turtleneck,Tops,Women,19.9,19.9,False,1,19.9,Card
BUG-20260604-0550,2,2026-06-04 15:09:27,BUGIS,TOP-W-03,Women's Silky Satin Blouse,Tops,Women,39.9,39.9,False,1,39.9,NETS
ORC-20260604-0565,1,2026-06-04 21:56:13,Orchard Central,TOP-M-01,  Men's Airism Cotton Crew Neck T-Shirt  ,Tops,Men,14.9,14.9,False,1,14.9,PayNow
BUG-20260604-0556,1,2026-06-04 16:43:16,Bugis,SOK-W-04,Women's Ribbed Crew Socks,Socks,Women,5.9,5.9,False,1,5.9,Card
ORC-20260604-1144,3,2026-06-04 21:29:26,Orchard Central,UND-W-05,Women's Seamless Shorts,Underwear,Women,9.9,9.9,False,1,9.9,PayNow
BUG-20260604-0446,2,2026-06-04 17:15:33,Bugis,SOK-M-01,Men's Ankle Socks 3-Pack,Socks,Men,14.9,14.9,False,1,14.9,Card
BUG-20260604-0581,3,2026-06-04 13:39:39,Bugis,SOK-M-04,Men's Ribbed Crew Socks,Socks,men,5.9,5.9,False,2,11.8,card
ORC-20260604-0016,2,2026-06-04 13:35:19,Orchard Central,BTM-W-03,Women's Ezy Ankle Pants,BOTTOMS,Women,29.9,29.9,False,1,29.9,PayNow
ORC-20260604-0450,1,2026-06-04 21:09:43,Orchard Central,TOP-W-01,Women's Airism Cotton Crew Neck T-Shirt,Tops,Women,14.9,14.9,False,1,14.9,Card
BUG-20260604-0161,1,2026-06-04 15:19:09,Bugis,SOK-W-10,Women's Wool Blend Socks,Socks,Women,9.9,9.9,False,2,19.8,Card
ORC-20260604-0478,1,2026-06-04 19:06:56,Orchard Central,BTM-W-04,Women's Denim Straight Jeans,Bottoms,Women,49.9,49.9,False,1,49.9,Card
ORC-20260604-0578,2,2026-06-04 14:25:33,Orchard Central,SOK-W-03,Women's Airism Low-Cut Socks,Socks,Women,5.9,5.9,False,1,5.9,Cash
PUN-20260604-0154,2,2026-06-04 15:51:47,Punggol,TOP-W-02,Women's Ribbed Long Sleeve Turtleneck,Tops,Women,19.9,19.9,False,1,19.9,PayNow
BUG-20260604-0319,1,2026-06-04 11:11:25,Bugis,SOK-M-04,Men's Ribbed Crew Socks,Socks,Men,5.9,5.9,False,2,11.8,PayNow
ORC-20260604-0134,1,2026-06-04 17:15:25,  Orchard Central  ,UND-M-03,  Men's Airism Mesh Boxer Briefs  ,Underwear,Men,14.9,14.9,False,1,14.9,paynow
ORC-20260604-0538,3,2026-06-04 20:15:24,Orchard Central,BTM-M-02,Men's Slim Fit Chino Trousers,Bottoms,Men,29.9,29.9,False,1,29.9,paynow
BUG-20260604-0077,1,2026-06-04 15:28:40,Bugis,SOK-M-04,  Men's Ribbed Crew Socks  ,Socks,Men,5.9,5.9,False,1,5.9,Card
ORC-20260604-0092,2,2026-06-04 16:30:44,Orchard Central,BTM-W-03,Women's Ezy Ankle Pants,Bottoms,Women,29.9,29.9,False,1,29.9,Card
PUN-20260604-0570,2,2026-06-04 20:10:14,Punggol,BTM-M-02,Men's Slim Fit Chino Trousers,Bottoms,Men,29.9,29.9,False,1,29.9,CARD
ORC-20260604-1312,2,2026-06-04 19:33:19,Orchard Central,SOK-W-01,Women's Ankle Socks 3-Pack,Socks,Women,14.9,14.9,False,1,14.9,Cash
PUN-20260604-0337,2,2026-06-04 16:51:46,Punggol,UND-M-04,Men's Cotton Crew Neck Undershirt,Underwear,Men,14.9,14.9,False,1,14.9,Card
ORC-20260604-1110,1,2026-06-04 15:50:25,ORCHARD CENTRAL,TOP-M-01,Men's Airism Cotton Crew Neck T-Shirt,Tops,Men,14.9,14.9,False,1,14.9,Card
ORC-20260604-1116,2,2026-06-04 17:58:57,Orchard Central,UND-M-02,Men's Cotton Blend Trunks,Underwear,Men,14.9,14.9,False,1,14.9,PayNow
ORC-20260604-0468,1,2026-06-04 19:40:12,Orchard Central,SOK-M-01,  Men's Ankle Socks 3-Pack  ,socks,Men,14.9,14.9,False,1,14.9,NETS
ORC-20260604-0836,1,2026-06-04 19:42:26,orchard central,SOK-M-09,Men's No-Show Sneaker Socks,socks,Men,4.11,5.9,True,1,4.11,Card
BUG-20260604-0739,2,2026-06-04 20:00:14,Bugis,SOK-M-03,Men's Airism Low-Cut Socks,Socks,Men,5.9,5.9,False,1,5.9,PayNow
ORC-20260604-0778,1,2026-06-04 21:40:16,Orchard Central,SOK-M-02,  Men's Pile Crew Socks  ,Socks,Men,5.9,5.9,False,1,5.9,card
BUG-20260604-0203,1,2026-06-04 11:09:14,Bugis,SOK-W-03,Women's Airism Low-Cut Socks,Socks,Women,5.9,5.9,False,2,11.8,Card
BUG-20260604-0754,2,2026-06-04 20:57:19,Bugis,SOK-M-03,Men's Airism Low-Cut Socks,SOCKS,Men,5.9,5.9,False,2,11.8,NETS
BUG-20260604-0536,2,2026-06-04 17:46:38,Bugis,UND-W-03,Women's Cotton Blend Briefs,Underwear,Women,9.9,9.9,False,1,9.9,PayNow
ORC-20260604-0185,3,2026-06-04 20:46:33,Orchard Central,SOK-M-03,Men's Airism Low-Cut Socks,Socks,Men,5.9,5.9,False,1,5.9,Card
PUN-20260604-0318,1,2026-06-04 17:38:27,Punggol,TOP-W-03,Women's Silky Satin Blouse,Tops,Women,39.9,39.9,False,1,39.9,Card
ORC-20260604-0673,3,2026-06-04 14:31:07,Orchard Central,SOK-W-03,Women's Airism Low-Cut Socks,Socks,Women,5.9,5.9,False,1,5.9,NETS
ORC-20260604-1365,3,2026-06-04 19:57:54,Orchard Central,BTM-M-04,Men's Dry Stretch Shorts,bottoms,Men,19.9,19.9,False,1,19.9,Card
BUG-20260604-0328,1,2026-06-04 15:36:16,Bugis,BTM-W-02,Women's High-Rise Wide Leg Pants,Bottoms,Women,39.9,39.9,False,1,39.9,PAYNOW
BUG-20260604-0425,1,2026-06-04 11:50:12,Bugis,UND-M-04,Men's Cotton Crew Neck Undershirt,Underwear,Men,14.9,14.9,False,1,14.9,PayNow
ORC-20260604-0959,1,2026-06-04 13:14:29,  Orchard Central  ,SOK-W-03,Women's Airism Low-Cut Socks,Socks,Women,5.9,5.9,False,1,5.9,PayNow
BUG-20260604-0521,2,2026-06-04 16:11:39,Bugis,BTM-M-02,Men's Slim Fit Chino Trousers,Bottoms,Men,29.9,29.9,False,1,29.9,Card
BUG-20260604-0115,2,2026-06-04 12:39:03,BUGIS,SOK-W-06,Women's Heattech Socks,Socks,Women,9.9,9.9,False,1,9.9,PayNow
ORC-20260604-1056,2,2026-06-04 21:55:22,Orchard Central,UND-W-03,Women's Cotton Blend Briefs,UNDERWEAR,Women,9.9,9.9,False,2,19.8,PayNow
ORC-20260604-0031,1,2026-06-04 21:45:20,Orchard Central,TOP-M-04,Men's Oxford Long Sleeve Shirt,Tops,Men,29.9,29.9,False,1,29.9,Card
BUG-20260604-0413,2,2026-06-04 20:29:19,Bugis,SOK-M-04,Men's Ribbed Crew Socks,Socks,Men,5.9,5.9,False,1,5.9,PayNow
ORC-20260604-0672,1,2026-06-04 18:38:00,ORCHARD CENTRAL,SOK-M-09,Men's No-Show Sneaker Socks,socks,Men,4.11,5.9,True,1,4.11,NETS
PUN-20260604-0312,3,2026-06-04 21:25:37,Punggol,TOP-M-03,Men's Dry-EX Crew Neck T-Shirt,tops,Men,19.9,19.9,False,1,19.9,PayNow
ORC-20260604-1357,2,2026-06-04 15:23:37,Orchard Central,SOK-W-02,Women's Pile Crew Socks,Socks,Women,5.9,5.9,False,2,11.8,Card
PUN-20260604-0183,1,2026-06-04 18:05:15,  Punggol  ,UND-M-01,Men's Airism Boxer Briefs,Underwear,Men,14.9,14.9,False,1,14.9,CASH
ORC-20260604-0116,3,2026-06-04 20:46:36,Orchard Central,SOK-M-09,Men's No-Show Sneaker Socks,socks,Men,4.11,5.9,True,1,4.11,Card
BUG-20260604-0741,1,2026-06-04 16:44:12,Bugis,UND-W-03,Women's Cotton Blend Briefs,Underwear,Women,9.9,9.9,False,1,9.9,Paynow
BUG-20260604-0269,1,2026-06-04 18:39:51,Bugis,UND-W-03,Women's Cotton Blend Briefs,Underwear,Women,9.9,9.9,False,1,9.9,NETS
ORC-20260604-0638,3,2026-06-04 22:10:03,Orchard Central,SOK-M-02,Men's Pile Crew Socks,SOCKS,Men,5.9,5.9,False,1,5.9,PayNow
BUG-20260604-0141,2,2026-06-04 20:01:17,  Bugis  ,UND-W-02,Women's Wireless Bra,Underwear,Women,29.9,29.9,False,2,59.8,Card
ORC-20260604-1410,1,2026-06-04 21:52:58,Orchard Central,SOK-W-03,  Women's Airism Low-Cut Socks  ,Socks,Women,5.9,5.9,False,1,5.9,Card
PUN-20260604-0099,2,2026-06-04 18:49:54,Punggol,TOP-W-02,Women's Ribbed Long Sleeve Turtleneck,Tops,Women,19.9,19.9,False,1,19.9,Card
BUG-20260604-0712,1,2026-06-04 15:03:12,Bugis,UND-M-03,Men's Airism Mesh Boxer Briefs,Underwear,Men,14.9,14.9,False,1,14.9,NETS
BUG-20260604-0346,2,2026-06-04 20:16:32,Bugis,SOK-W-04,Women's Ribbed Crew Socks,Socks,Women,$5.9,5.9,False,2,11.8,PayNow
PUN-20260604-0093,1,2026-06-04 19:25:36,Punggol,TOP-W-04,Women's Heattech Crew Neck Long Sleeve Tee,Tops,Women,14.9,14.9,False,1,14.9,NETS
ORC-20260604-1297,1,2026-06-04 11:06:19,Orchard Central,UND-W-03,Women's Cotton Blend Briefs,Underwear,Women,9.9,9.9,False,1,9.9,Card
ORC-20260604-0788,1,2026-06-04 15:30:29,Orchard Central,SOK-W-03,  Women's Airism Low-Cut Socks  ,Socks,Women,5.9,5.9,False,1,5.9,Card
PUN-20260604-0366,3,2026-06-04 13:31:20,Punggol,SOK-W-03,Women's Airism Low-Cut Socks,Socks,Women,5.9,5.9,False,1,5.9,Card
ORC-20260604-0457,2,2026-06-04 11:24:53,Orchard Central,SOK-W-06,Women's Heattech Socks,Socks,Women,$9.9,9.9,False,1,9.9,PayNow
ORC-20260604-1218,1,2026-06-04 16:35:12,Orchard Central,SOK-M-09,  Men's No-Show Sneaker Socks  ,Socks,men,4.11,5.9,True,2,8.22,PayNow
ORC-20260604-0718,3,2026-06-04 18:08:38,Orchard Central,BTM-W-04,Women's Denim Straight Jeans,bottoms,Women,49.9,49.9,False,1,49.9,Card
PUN-20260604-0371,2,2026-06-04 18:49:42,Punggol,SOK-M-03,Men's Airism Low-Cut Socks,Socks,Men,5.9,5.9,False,1,5.9,Card
BUG-20260604-0528,1,2026-06-04 16:04:52,Bugis,UND-W-01,Women's Airism Bikini Shorts,Underwear,WOMEN,9.9,9.9,False,2,19.8,PayNow
BUG-20260604-0424,2,2026-06-04 19:21:43,Bugis,SOK-M-04,Men's Ribbed Crew Socks,Socks,Men,5.9,5.9,False,1,5.9,Paynow
ORC-20260604-1413,1,2026-06-04 15:47:07,  Orchard Central  ,UND-M-03,Men's Airism Mesh Boxer Briefs,UNDERWEAR,MEN,14.9,14.9,False,1,14.9,NETS
BUG-20260604-0678,1,2026-06-04 15:20:03,Bugis,SOK-W-02,  Women's Pile Crew Socks  ,Socks,Women,5.9,5.9,False,1,5.9,NETS
PUN-20260604-0341,3,2026-06-04 16:24:09,Punggol,SOK-W-04,Women's Ribbed Crew Socks,Socks,Women,5.9,5.9,False,1,5.9,nets
BUG-20260604-0412,1,2026-06-04 19:21:06,Bugis,SOK-W-06,Women's Heattech Socks,Socks,Women,9.9,9.9,False,2,19.8,PayNow
ORC-20260604-0990,1,2026-06-04 19:23:41,ORCHARD CENTRAL,SOK-M-09,Men's No-Show Sneaker Socks,Socks,Men,4.11,5.9,True,1,4.11,CARD
BUG-20260604-0170,2,2026-06-04 21:19:08,Bugis,BTM-M-01,Men's Ezy Ankle Pants,Bottoms,Men,29.9,29.9,False,1,$29.9,Card
ORC-20260604-0319,2,2026-06-04 17:27:57,Orchard Central,SOK-W-02,  Women's Pile Crew Socks  ,Socks,Women,5.9,5.9,False,1,$5.9,Cash
ORC-20260604-0367,3,2026-06-04 20:21:34,ORCHARD CENTRAL,UND-M-01,Men's Airism Boxer Briefs,Underwear,Men,14.9,14.9,False,1,14.9,Cash
BUG-20260604-0804,1,2026-06-04 19:03:09,Bugis,UND-W-01,Women's Airism Bikini Shorts,Underwear,Women,9.9,9.9,False,1,9.9,PayNow
BUG-20260604-0522,1,2026-06-04 18:30:21,BUGIS,TOP-W-01,Women's Airism Cotton Crew Neck T-Shirt,Tops,Women,14.9,14.9,False,1,14.9,NETS
ORC-20260604-0017,2,2026-06-04 21:56:16,Orchard Central,SOK-M-04,Men's Ribbed Crew Socks,Socks,Men,5.9,5.9,False,1,5.9,Card
ORC-20260604-0555,2,2026-06-04 17:26:30,Orchard Central,TOP-W-01,  Women's Airism Cotton Crew Neck T-Shirt  ,Tops,Women,14.9,14.9,False,1,14.9,Cash
ORC-20260604-0315,2,2026-06-04 21:47:39,  Orchard Central  ,SOK-M-02,Men's Pile Crew Socks,Socks,Men,$5.9,5.9,False,1,5.9,Card
PUN-20260604-0431,1,2026-06-04 15:15:42,Punggol,TOP-M-04,  Men's Oxford Long Sleeve Shirt  ,TOPS,Men,29.9,29.9,False,1,29.9,Card
BUG-20260604-0615,1,2026-06-04 18:07:05,Bugis,SOK-W-04,Women's Ribbed Crew Socks,SOCKS,Women,$5.9,5.9,False,1,5.9,Card
ORC-20260604-0794,1,2026-06-04 20:03:27,Orchard Central,SOK-W-03,Women's Airism Low-Cut Socks,Socks,Women,5.9,5.9,False,1,5.9,Cash
ORC-20260604-0022,2,2026-06-04 14:07:24,orchard central,TOP-M-10,Men's Merino Blend V-Neck Sweater,Tops,Men,39.9,39.9,False,1,39.9,Card
ORC-20260604-1006,1,2026-06-04 21:29:11,Orchard Central,TOP-M-01,Men's Airism Cotton Crew Neck T-Shirt,tops,Men,14.9,14.9,False,1,14.9,nets
BUG-20260604-0192,2,2026-06-04 19:01:22,Bugis,BTM-M-08,Men's Relaxed Fit Denim Shorts,Bottoms,Men,22.99,29.9,True,1,22.99,NETS
BUG-20260604-0645,1,2026-06-04 15:34:59,Bugis,SOK-M-01,Men's Ankle Socks 3-Pack,SOCKS,Men,14.9,14.9,False,1,$14.9,Card
BUG-20260604-0214,2,2026-06-04 19:36:50,Bugis,SOK-W-01,Women's Ankle Socks 3-Pack,Socks,Women,14.9,14.9,False,1,14.9,PayNow
BUG-20260604-0089,1,2026-06-04 12:06:44,  Bugis  ,BTM-W-10,Women's High Waist Denim Shorts,Bottoms,Women,29.9,29.9,False,1,29.9,Card
PUN-20260604-0370,2,2026-06-04 13:20:49,Punggol,TOP-M-10,Men's Merino Blend V-Neck Sweater,TOPS,Men,39.9,39.9,False,1,39.9,Card
ORC-20260604-1183,1,2026-06-04 19:00:23,Orchard Central,SOK-W-03,Women's Airism Low-Cut Socks,socks,Women,5.9,5.9,False,1,5.9,NETS
PUN-20260604-0217,2,2026-06-04 18:00:09,PUNGGOL,UND-M-03,Men's Airism Mesh Boxer Briefs,Underwear,Men,14.9,14.9,False,1,14.9,Card
ORC-20260604-0553,2,2026-06-04 18:26:47,Orchard Central,SOK-W-02,Women's Pile Crew Socks,socks,women,5.9,5.9,False,2,11.8,NETS
ORC-20260604-0565,2,2026-06-04 21:56:13,Orchard Central,SOK-M-09,Men's No-Show Sneaker Socks,socks,Men,4.11,5.9,True,2,8.22,PayNow
ORC-20260604-0461,1,2026-06-04 21:27:54,Orchard Central,SOK-W-01,Women's Ankle Socks 3-Pack,Socks,Women,14.9,14.9,False,1,14.9,Paynow
ORC-20260604-0099,1,2026-06-04 21:16:09,Orchard Central,UND-M-02,Men's Cotton Blend Trunks,Underwear,Men,14.9,14.9,False,1,14.9,PayNow
ORC-20260604-0874,3,2026-06-04 18:07:00,Orchard Central,SOK-W-03,Women's Airism Low-Cut Socks,Socks,Women,5.9,5.9,False,1,5.9,card
ORC-20260604-1125,1,2026-06-04 20:42:50,  Orchard Central  ,SOK-W-02,Women's Pile Crew Socks,Socks,Women,5.9,5.9,False,1,5.9,Cash
BUG-20260604-0622,1,2026-06-04 19:58:24,Bugis,SOK-W-02,Women's Pile Crew Socks,Socks,Women,5.9,5.9,False,1,5.9,Card
PUN-20260604-0362,1,2026-06-04 19:47:01,Punggol,SOK-M-04,Men's Ribbed Crew Socks,Socks,Men,5.9,5.9,False,1,5.9,Card
PUN-20260604-0107,2,2026-06-04 20:22:10,Punggol,UND-M-02,  Men's Cotton Blend Trunks  ,UNDERWEAR,Men,14.9,14.9,False,1,14.9,PayNow
BUG-20260604-0731,2,2026-06-04 15:18:09,Bugis,UND-W-03,Women's Cotton Blend Briefs,Underwear,Women,9.9,9.9,False,1,9.9,Cash
PUN-20260604-0260,3,2026-06-04 17:09:16,Punggol,SOK-W-02,Women's Pile Crew Socks,Socks,Women,5.9,5.9,False,1,5.9,Card
BUG-20260604-0548,3,2026-06-04 19:27:44,Bugis,SOK-W-04,Women's Ribbed Crew Socks,SOCKS,Women,$5.9,5.9,False,1,5.9,PayNow
PUN-20260604-0055,1,2026-06-04 14:14:44,Punggol,UND-M-02,Men's Cotton Blend Trunks,Underwear,Men,14.9,14.9,False,1,14.9,PayNow
ORC-20260604-0263,1,2026-06-04 17:00:39,orchard central,UND-M-02,  Men's Cotton Blend Trunks  ,Underwear,Men,14.9,14.9,False,1,14.9,PayNow
ORC-20260604-1134,2,2026-06-04 18:51:04,Orchard Central,SOK-W-02,Women's Pile Crew Socks,Socks,women,5.9,5.9,False,1,5.9,Card
ORC-20260604-0569,2,2026-06-04 22:04:51,Orchard Central,TOP-M-04,Men's Oxford Long Sleeve Shirt,Tops,Men,29.9,29.9,False,1,29.9,Cash
BUG-20260604-0131,1,2026-06-04 11:34:42,  Bugis  ,SOK-W-04,Women's Ribbed Crew Socks,socks,Women,5.9,5.9,False,1,5.9,PayNow
BUG-20260604-0403,3,2026-06-04 20:17:32,Bugis,TOP-W-01,Women's Airism Cotton Crew Neck T-Shirt,Tops,Women,14.9,14.9,False,1,14.9,Card
ORC-20260604-1350,1,2026-06-04 11:56:09,Orchard Central,SOK-W-03,,Socks,Women,5.9,5.9,False,1,5.9,Card
ORC-20260604-0911,2,2026-06-04 21:03:25,Orchard Central,UND-M-03,Men's Airism Mesh Boxer Briefs,Underwear,Men,14.9,14.9,False,2,29.8,Card
PUN-20260604-0376,1,2026-06-04 12:13:26,Punggol,UND-M-02,Men's Cotton Blend Trunks,UNDERWEAR,Men,14.9,14.9,False,1,14.9,PayNow
PUN-20260604-0238,1,2026-06-04 17:38:44,PUNGGOL,SOK-M-02,Men's Pile Crew Socks,Socks,Men,5.9,5.9,False,1,5.9,Cash
ORC-20260604-0615,1,2026-06-04 13:29:43,Orchard Central,SOK-W-02,Women's Pile Crew Socks,Socks,WOMEN,5.9,5.9,False,1,5.9,Cash
ORC-20260604-0831,2,2026-06-04 18:01:17,Orchard Central,UND-W-03,Women's Cotton Blend Briefs,Underwear,women,9.9,9.9,False,2,19.8,Card
ORC-20260604-0618,1,2026-06-04 18:04:10,Orchard Central,SOK-M-04,Men's Ribbed Crew Socks,Socks,MEN,5.9,5.9,False,1,5.9,Card
ORC-20260604-1213,2,2026-06-04 19:05:05,Orchard Central,SOK-M-02,Men's Pile Crew Socks,Socks,Men,5.9,5.9,False,1,5.9,Card
ORC-20260604-1335,2,2026-06-04 18:50:46,Orchard Central,SOK-M-03,Men's Airism Low-Cut Socks,Socks,MEN,5.9,5.9,False,1,5.9,Card
PUN-20260604-0092,3,2026-06-04 12:45:22,Punggol,BTM-M-02,Men's Slim Fit Chino Trousers,Bottoms,Men,29.9,29.9,False,1,29.9,Card
BUG-20260604-0818,2,2026-06-04 19:14:04,Bugis,UND-W-04,Women's Airism T-Shirt Bra,Underwear,Women,29.9,29.9,False,1,29.9,NETS
ORC-20260604-0419,1,2026-06-04 14:47:54,Orchard Central,SOK-M-09,Men's No-Show Sneaker Socks,Socks,men,4.11,5.9,True,1,4.11,paynow
PUN-20260604-0379,1,2026-06-04 21:44:08,Punggol,SOK-W-04,Women's Ribbed Crew Socks,Socks,Women,5.9,5.9,False,1,5.9,cash
BUG-20260604-0033,1,2026-06-04 21:56:26,Bugis,SOK-W-10,Women's Wool Blend Socks,Socks,Women,9.9,9.9,False,1,9.9,Paynow
ORC-20260604-0279,3,2026-06-04 21:18:24,ORCHARD CENTRAL,SOK-M-04,Men's Ribbed Crew Socks,socks,Men,5.9,5.9,False,1,5.9,Card
ORC-20260604-0286,2,2026-06-04 20:58:50,orchard central,UND-M-02,Men's Cotton Blend Trunks,Underwear,Men,14.9,14.9,False,1,$14.9,Card
ORC-20260604-0424,1,2026-06-04 21:15:19,Orchard Central,SOK-M-09,Men's No-Show Sneaker Socks,Socks,MEN,4.11,5.9,True,1,4.11,Cash
ORC-20260604-1383,2,2026-06-04 13:03:07,  Orchard Central  ,SOK-M-03,Men's Airism Low-Cut Socks,Socks,Men,5.9,5.9,False,1,5.9,Card
BUG-20260604-0614,1,2026-06-04 20:10:15,Bugis,SOK-M-02,Men's Pile Crew Socks,Socks,Men,5.9,5.9,False,1,5.9,NETS
PUN-20260604-0102,3,2026-06-04 17:15:20,Punggol,BTM-W-04,Women's Denim Straight Jeans,Bottoms,Women,49.9,49.9,False,1,49.9,Card
ORC-20260604-1063,1,2026-06-04 21:12:00,Orchard Central,SOK-W-02,Women's Pile Crew Socks,Socks,Women,5.9,5.9,False,1,5.9,PayNow
PUN-20260604-0339,1,2026-06-04 20:24:33,Punggol,UND-W-03,Women's Cotton Blend Briefs,Underwear,Women,9.9,9.9,False,1,9.9,PayNow
ORC-20260604-1400,2,2026-06-04 13:24:56,  Orchard Central  ,BTM-M-04,Men's Dry Stretch Shorts,Bottoms,Men,19.9,19.9,False,1,$19.9,Card
BUG-20260604-0720,2,2026-06-04 15:43:06,Bugis,SOK-W-06,  Women's Heattech Socks  ,socks,Women,9.9,9.9,False,1,9.9,Card
ORC-20260604-0161,1,2026-06-04 18:55:13,Orchard Central,UND-W-03,Women's Cotton Blend Briefs,Underwear,Women,9.9,9.9,False,2,19.8,Card
ORC-20260604-1115,2,2026-06-04 18:54:04,Orchard Central,SOK-M-03,Men's Airism Low-Cut Socks,SOCKS,Men,$5.9,5.9,False,1,5.9,Nets
PUN-20260604-0326,1,2026-06-04 21:47:35,  Punggol  ,SOK-M-04,Men's Ribbed Crew Socks,Socks,Men,5.9,5.9,False,1,5.9,Card
ORC-20260604-0297,1,2026-06-04 15:29:23,Orchard Central,SOK-M-09,Men's No-Show Sneaker Socks,SOCKS,Men,4.11,5.9,True,1,4.11,Cash
ORC-20260604-0437,1,2026-06-04 19:25:52,Orchard Central,UND-M-03,Men's Airism Mesh Boxer Briefs,Underwear,men,14.9,14.9,False,1,14.9,Card
BUG-20260604-0621,1,2026-06-04 15:35:37,bugis,SOK-W-01,Women's Ankle Socks 3-Pack,Socks,Women,14.9,14.9,False,1,14.9,PayNow
ORC-20260604-0150,2,2026-06-04 19:56:24,orchard central,SOK-M-02,Men's Pile Crew Socks,Socks,Men,5.9,5.9,False,1,5.9,Paynow
ORC-20260604-0712,1,2026-06-04 19:18:39,Orchard Central,UND-M-02,Men's Cotton Blend Trunks,underwear,Men,14.9,14.9,False,1,14.9,NETS
PUN-20260604-0338,2,2026-06-04 11:42:02,punggol,TOP-W-02,Women's Ribbed Long Sleeve Turtleneck,Tops,Women,19.9,19.9,False,1,19.9,cash
BUG-20260604-0816,2,2026-06-04 20:55:13,Bugis,SOK-M-04,Men's Ribbed Crew Socks,Socks,Men,5.9,5.9,False,1,5.9,Card
BUG-20260604-0357,2,2026-06-04 19:04:12,Bugis,SOK-M-02,  Men's Pile Crew Socks  ,Socks,Men,5.9,5.9,False,1,5.9,Card
ORC-20260604-1065,3,2026-06-04 20:21:06,Orchard Central,SOK-M-02,Men's Pile Crew Socks,Socks,Men,5.9,5.9,False,1,5.9,NETS
PUN-20260604-0373,2,2026-06-04 17:50:37,Punggol,BTM-W-02,Women's High-Rise Wide Leg Pants,bottoms,Women,39.9,39.9,False,1,39.9,Card
BUG-20260604-0652,1,2026-06-04 19:28:10,bugis,UND-W-04,Women's Airism T-Shirt Bra,Underwear,Women,29.9,29.9,False,1,29.9,Card
ORC-20260604-1366,1,2026-06-04 20:37:31,ORCHARD CENTRAL,TOP-M-04,Men's Oxford Long Sleeve Shirt,Tops,Men,29.9,29.9,False,1,29.9,Card
ORC-20260604-0706,3,2026-06-04 17:40:24,Orchard Central,BTM-W-02,Women's High-Rise Wide Leg Pants,Bottoms,Women,39.9,39.9,False,1,39.9,Card
ORC-20260604-0108,1,2026-06-04 17:33:20,ORCHARD CENTRAL,BTM-M-03,Men's Selvedge Regular Fit Jeans,Bottoms,Men,59.9,59.9,False,1,59.9,Card
PUN-20260604-0158,2,2026-06-04 13:59:34,  Punggol  ,UND-W-01,  Women's Airism Bikini Shorts  ,Underwear,Women,9.9,9.9,False,1,9.9,Card
ORC-20260604-0487,3,2026-06-04 21:35:11,Orchard Central,BTM-W-01,Women's Ultra Stretch Skinny Jeans,bottoms,Women,39.9,39.9,False,1,39.9,Card
ORC-20260604-1186,1,2026-06-04 21:10:46,Orchard Central,SOK-M-09,Men's No-Show Sneaker Socks,Socks,MEN,4.11,5.9,True,2,8.22,PayNow
PUN-20260604-0359,2,2026-06-04 15:56:07,Punggol,UND-W-03,Women's Cotton Blend Briefs,Underwear,Women,9.9,9.9,False,1,9.9,CARD
PUN-20260604-0207,2,2026-06-04 20:12:11,  Punggol  ,SOK-M-04,Men's Ribbed Crew Socks,socks,Men,5.9,5.9,False,1,5.9,card
ORC-20260604-1050,2,2026-06-04 20:40:14,Orchard Central,UND-M-03,Men's Airism Mesh Boxer Briefs,Underwear,Men,14.9,14.9,False,2,29.8,PayNow
ORC-20260604-0581,1,2026-06-04 18:56:06,Orchard Central,UND-W-03,Women's Cotton Blend Briefs,Underwear,Women,9.9,9.9,False,2,19.8,Card
BUG-20260604-0143,1,2026-06-04 14:55:32,Bugis,SOK-W-04,Women's Ribbed Crew Socks,Socks,Women,5.9,5.9,False,1,5.9,NETS
BUG-20260604-0170,1,2026-06-04 21:19:08,Bugis,SOK-W-01,Women's Ankle Socks 3-Pack,Socks,women,14.9,14.9,False,1,14.9,Card
ORC-20260604-1044,1,2026-06-04 21:25:47,Orchard Central,TOP-M-04,Men's Oxford Long Sleeve Shirt,Tops,Men,29.9,29.9,False,1,29.9,PayNow
PUN-20260604-0558,2,2026-06-04 20:24:10,Punggol,UND-W-02,Women's Wireless Bra,Underwear,Women,29.9,29.9,False,1,29.9,card
BUG-20260604-0723,1,2026-06-04 18:10:47,Bugis,BTM-M-01,Men's Ezy Ankle Pants,Bottoms,Men,29.9,29.9,False,1,29.9,NETS
PUN-20260604-0184,1,2026-06-04 15:46:32,Punggol,SOK-W-04,Women's Ribbed Crew Socks,Socks,Women,5.9,5.9,False,1,5.9,Cash
ORC-20260604-0225,1,2026-06-04 20:00:04,Orchard Central,BTM-M-03,Men's Selvedge Regular Fit Jeans,Bottoms,Men,59.9,59.9,False,1,59.9,NETS
ORC-20260604-0837,3,2026-06-04 17:34:41,Orchard Central,SOK-W-02,Women's Pile Crew Socks,Socks,Women,5.9,5.9,False,1,5.9,Card
PUN-20260604-0271,3,2026-06-04 16:09:00,Punggol,SOK-W-03,Women's Airism Low-Cut Socks,Socks,Women,5.9,5.9,False,1,5.9,PayNow
ORC-20260604-1047,2,2026-06-04 20:37:54,ORCHARD CENTRAL,SOK-M-04,Men's Ribbed Crew Socks,Socks,MEN,5.9,5.9,False,1,5.9,PayNow
ORC-20260604-0367,2,2026-06-04 20:21:34,Orchard Central,SOK-M-04,  Men's Ribbed Crew Socks  ,Socks,Men,5.9,5.9,False,1,5.9,cash
BUG-20260604-0222,2,2026-06-04 18:09:12,Bugis,SOK-M-04,Men's Ribbed Crew Socks,Socks,Men,5.9,5.9,False,1,5.9,Cash
BUG-20260604-0180,1,2026-06-04 17:08:20,Bugis,TOP-M-02,Men's Supima Cotton Polo Shirt,Tops,Men,29.9,29.9,False,1,29.9,Card
ORC-20260604-0503,2,2026-06-04 21:09:32,Orchard Central,BTM-M-02,Men's Slim Fit Chino Trousers,Bottoms,Men,29.9,29.9,False,1,29.9,Card
ORC-20260604-0501,3,2026-06-04 11:21:01,Orchard Central,SOK-M-01,Men's Ankle Socks 3-Pack,Socks,Men,14.9,14.9,False,1,14.9,nets
ORC-20260604-0216,1,2026-06-04 19:15:00,Orchard Central,BTM-W-02,Women's High-Rise Wide Leg Pants,BOTTOMS,Women,39.9,39.9,False,1,39.9,Paynow
BUG-20260604-0768,2,2026-06-04 22:46:19,Bugis,SOK-M-04,Men's Ribbed Crew Socks,Socks,Men,5.9,5.9,False,1,5.9,Card
BUG-20260604-0252,2,2026-06-04 20:06:27,Bugis,UND-W-03,Women's Cotton Blend Briefs,Underwear,Women,9.9,9.9,False,1,9.9,card
BUG-20260604-0011,2,2026-06-04 12:04:21,Bugis,UND-W-06,Women's Lace Trim Briefs,Underwear,Women,9.9,9.9,False,1,9.9,nets
ORC-20260604-1358,2,2026-06-04 19:45:12,Orchard Central,SOK-M-03,Men's Airism Low-Cut Socks,Socks,Men,5.9,5.9,False,1,5.9,PayNow
ORC-20260604-0306,2,2026-06-04 19:15:30,Orchard Central,SOK-W-03,Women's Airism Low-Cut Socks,Socks,women,5.9,5.9,False,1,5.9,PAYNOW
ORC-20260604-0688,3,2026-06-04 21:26:14,Orchard Central,UND-M-04,Men's Cotton Crew Neck Undershirt,Underwear,Men,14.9,14.9,False,1,14.9,Card
BUG-20260604-0122,1,2026-06-04 11:05:31,Bugis,SOK-M-03,Men's Airism Low-Cut Socks,Socks,Men,5.9,5.9,False,1,5.9,Card
ORC-20260604-0148,3,2026-06-04 17:31:26,ORCHARD CENTRAL,TOP-M-01,Men's Airism Cotton Crew Neck T-Shirt,Tops,Men,$14.9,14.9,False,1,14.9,PayNow
ORC-20260604-0234,2,2026-06-04 18:54:43,ORCHARD CENTRAL,SOK-M-02,Men's Pile Crew Socks,Socks,Men,5.9,5.9,False,1,5.9,Card
PUN-20260604-0412,1,2026-06-04 21:47:34,Punggol,SOK-M-04,Men's Ribbed Crew Socks,Socks,men,5.9,5.9,False,2,11.8,
ORC-20260604-0408,2,2026-06-04 22:34:47,Orchard Central,SOK-M-03,Men's Airism Low-Cut Socks,Socks,Men,5.9,5.9,False,1,5.9,PayNow
ORC-20260604-0609,2,2026-06-04 20:34:03,Orchard Central,SOK-W-02,  Women's Pile Crew Socks  ,Socks,women,5.9,5.9,False,1,5.9,Cash
PUN-20260604-0259,2,2026-06-04 21:04:21,punggol,BTM-W-03,Women's Ezy Ankle Pants,Bottoms,Women,29.9,29.9,False,1,29.9,PayNow
ORC-20260604-1003,1,2026-06-04 20:54:20,Orchard Central,UND-W-03,Women's Cotton Blend Briefs,Underwear,Women,9.9,9.9,False,1,9.9,NETS
ORC-20260604-0683,1,2026-06-04 17:47:48,Orchard Central,UND-W-03,  Women's Cotton Blend Briefs  ,Underwear,Women,9.9,9.9,False,1,9.9,NETS
BUG-20260604-0555,2,2026-06-04 13:53:45,Bugis,SOK-M-01,Men's Ankle Socks 3-Pack,Socks,Men,14.9,14.9,False,1,14.9,Card
ORC-20260604-1399,2,2026-06-04 21:37:13,Orchard Central,SOK-M-09,Men's No-Show Sneaker Socks,Socks,Men,4.11,5.9,True,1,$4.11,CARD
PUN-20260604-0525,1,2026-06-04 20:02:40,Punggol,SOK-M-02,  Men's Pile Crew Socks  ,Socks,Men,5.9,5.9,False,1,5.9,PayNow
BUG-20260604-0801,1,2026-06-04 20:27:31,Bugis,SOK-W-02,Women's Pile Crew Socks,SOCKS,Women,5.9,5.9,False,1,5.9,PayNow
BUG-20260604-0052,2,2026-06-04 22:54:02,Bugis,UND-W-06,Women's Lace Trim Briefs,Underwear,Women,$9.9,9.9,False,1,9.9,Card
ORC-20260604-1222,1,2026-06-04 13:49:24,Orchard Central,BTM-M-04,Men's Dry Stretch Shorts,Bottoms,Men,19.9,19.9,False,1,19.9,Card
BUG-20260604-0777,1,2026-06-04 17:24:57,Bugis,SOK-M-02,Men's Pile Crew Socks,Socks,Men,5.9,5.9,False,1,5.9,Card
PUN-20260604-0404,3,2026-06-04 20:26:06,Punggol,SOK-W-02,Women's Pile Crew Socks,Socks,Women,5.9,5.9,False,1,5.9,Cash
ORC-20260604-0137,2,2026-06-04 20:20:26,Orchard Central,SOK-M-09,Men's No-Show Sneaker Socks,Socks,Men,4.11,5.9,True,1,4.11,PayNow
ORC-20260604-0465,3,2026-06-04 19:13:04,Orchard Central,SOK-M-09,  Men's No-Show Sneaker Socks  ,Socks,Men,4.11,5.9,True,1,4.11,Cash
ORC-20260604-0842,3,2026-06-04 21:13:45,ORCHARD CENTRAL,SOK-W-03,Women's Airism Low-Cut Socks,Socks,Women,5.9,5.9,False,1,5.9,Card
BUG-20260604-0419,2,2026-06-04 20:29:06,Bugis,UND-W-01,Women's Airism Bikini Shorts,Underwear,Women,9.9,9.9,False,2,19.8,Card
BUG-20260604-0529,2,2026-06-04 19:00:28,Bugis,SOK-M-02,Men's Pile Crew Socks,Socks,Men,5.9,5.9,False,1,$5.9,PayNow
BUG-20260604-0185,1,2026-06-04 21:18:26,Bugis,SOK-M-02,Men's Pile Crew Socks,Socks,Men,5.9,5.9,False,1,5.9,Card
ORC-20260604-0681,1,2026-06-04 17:48:10,Orchard Central,SOK-M-02,Men's Pile Crew Socks,Socks,Men,5.9,5.9,False,1,5.9,paynow
BUG-20260604-0159,1,2026-06-04 19:27:08,BUGIS,SOK-M-04,Men's Ribbed Crew Socks,Socks,Men,5.9,5.9,False,1,5.9,Paynow
BUG-20260604-0728,2,2026-06-04 20:13:23,Bugis,UND-W-05,Women's Seamless Shorts,Underwear,Women,9.9,9.9,False,1,9.9,NETS
ORC-20260604-0845,2,2026-06-04 19:02:42,Orchard Central,SOK-W-08,Women's Lace Trim Ankle Socks,Socks,Women,5.9,5.9,False,1,5.9,NETS
ORC-20260604-0373,3,2026-06-04 15:26:47,  Orchard Central  ,SOK-W-06,  Women's Heattech Socks  ,socks,Women,9.9,9.9,False,1,9.9,PAYNOW
ORC-20260604-0856,3,2026-06-04 20:22:42,Orchard Central,UND-M-02,Men's Cotton Blend Trunks,Underwear,Men,14.9,14.9,False,1,14.9,NETS
ORC-20260604-0633,1,2026-06-04 13:46:31,Orchard Central,SOK-M-03,Men's Airism Low-Cut Socks,Socks,Men,5.9,5.9,False,2,11.8,Card
BUG-20260604-0052,3,2026-06-04 22:54:02,BUGIS,SOK-W-03,Women's Airism Low-Cut Socks,Socks,Women,5.9,5.9,False,2,11.8,Card
ORC-20260604-0195,1,2026-06-04 19:52:12,ORCHARD CENTRAL,SOK-M-02,Men's Pile Crew Socks,Socks,MEN,5.9,5.9,False,1,5.9,CARD
ORC-20260604-1388,1,2026-06-04 19:11:30,orchard central,SOK-M-09,Men's No-Show Sneaker Socks,Socks,Men,4.11,5.9,True,1,4.11,PayNow
BUG-20260604-0274,2,2026-06-04 13:17:06,Bugis,UND-W-03,Women's Cotton Blend Briefs,Underwear,Women,9.9,9.9,False,1,9.9,PayNow
ORC-20260604-0273,3,2026-06-04 14:33:07,Orchard Central,SOK-M-02,Men's Pile Crew Socks,Socks,Men,5.9,5.9,False,1,5.9,Card
PUN-20260604-0423,1,2026-06-04 21:14:46,punggol,BTM-W-03,Women's Ezy Ankle Pants,Bottoms,Women,29.9,29.9,False,1,29.9,Card
ORC-20260604-0826,2,2026-06-04 19:34:36,Orchard Central,SOK-W-02,  Women's Pile Crew Socks  ,Socks,Women,5.9,5.9,False,1,5.9,Card
ORC-20260604-0867,2,2026-06-04 20:01:41,Orchard Central,SOK-W-02,Women's Pile Crew Socks,Socks,Women,5.9,5.9,False,1,5.9,CARD
PUN-20260604-0472,1,2026-06-04 18:44:06,Punggol,UND-M-01,Men's Airism Boxer Briefs,Underwear,Men,14.9,14.9,False,2,29.8,Card
BUG-20260604-0323,2,2026-06-04 11:49:55,Bugis,SOK-W-02,Women's Pile Crew Socks,Socks,Women,5.9,5.9,False,1,5.9,NETS
BUG-20260604-0124,1,2026-06-04 19:22:24,Bugis,UND-W-01,Women's Airism Bikini Shorts,Underwear,Women,9.9,9.9,False,1,9.9,Card
ORC-20260604-0433,2,2026-06-04 18:30:03,Orchard Central,SOK-M-02,Men's Pile Crew Socks,Socks,Men,5.9,5.9,False,1,5.9,NETS
ORC-20260604-0192,2,2026-06-04 21:55:54,Orchard Central,UND-M-04,Men's Cotton Crew Neck Undershirt,underwear,Men,14.9,14.9,False,1,14.9,card
PUN-20260604-0420,3,2026-06-04 14:34:56,Punggol,SOK-M-04,Men's Ribbed Crew Socks,Socks,Men,5.9,5.9,False,2,11.8,
PUN-20260604-0320,1,2026-06-04 13:42:49,Punggol,BTM-M-04,Men's Dry Stretch Shorts,Bottoms,Men,19.9,19.9,False,1,19.9,
BUG-20260604-0571,2,2026-06-04 20:47:10,BUGIS,SOK-M-03,Men's Airism Low-Cut Socks,Socks,Men,5.9,5.9,False,1,5.9,Card
ORC-20260604-0249,2,2026-06-04 16:24:39,  Orchard Central  ,SOK-W-03,Women's Airism Low-Cut Socks,Socks,WOMEN,5.9,5.9,False,1,5.9,
PUN-20260604-0138,2,2026-06-04 20:03:42,Punggol,BTM-M-04,Men's Dry Stretch Shorts,Bottoms,Men,19.9,19.9,False,1,19.9,Cash
ORC-20260604-0279,1,2026-06-04 21:18:24,Orchard Central,SOK-M-04,Men's Ribbed Crew Socks,Socks,Men,5.9,5.9,False,2,11.8,Card
ORC-20260604-0584,1,2026-06-04 19:13:00,Orchard Central,SOK-M-02,Men's Pile Crew Socks,Socks,men,5.9,5.9,False,1,5.9,Card
PUN-20260604-0084,1,2026-06-04 18:33:12,Punggol,UND-W-02,  Women's Wireless Bra  ,Underwear,Women,29.9,29.9,False,1,29.9,paynow
ORC-20260604-0436,2,2026-06-04 12:36:27,Orchard Central,UND-W-03,Women's Cotton Blend Briefs,underwear,Women,9.9,9.9,False,1,9.9,Card
BUG-20260604-0650,2,2026-06-04 21:09:30,Bugis,SOK-W-03,Women's Airism Low-Cut Socks,Socks,Women,5.9,5.9,False,1,5.9,NETS
ORC-20260604-0431,1,2026-06-04 15:26:53,Orchard Central,UND-W-03,Women's Cotton Blend Briefs,Underwear,Women,9.9,9.9,False,1,9.9,Card
BUG-20260604-0191,1,2026-06-04 13:05:20,  Bugis  ,SOK-W-04,Women's Ribbed Crew Socks,Socks,Women,5.9,5.9,False,2,11.8,PayNow
PUN-20260604-0198,1,2026-06-04 20:43:29,PUNGGOL,TOP-M-02,Men's Supima Cotton Polo Shirt,Tops,men,29.9,29.9,False,1,29.9,
ORC-20260604-0950,3,2026-06-04 16:48:15,Orchard Central,UND-M-02,Men's Cotton Blend Trunks,Underwear,Men,14.9,14.9,False,1,14.9,Card
ORC-20260604-0316,1,2026-06-04 17:53:15,Orchard Central,SOK-M-03,  Men's Airism Low-Cut Socks  ,socks,Men,5.9,5.9,False,2,11.8,Card
BUG-20260604-0523,1,2026-06-04 20:26:17,  Bugis  ,SOK-W-10,Women's Wool Blend Socks,SOCKS,Women,9.9,9.9,False,1,9.9,NETS
BUG-20260604-0054,1,2026-06-04 19:03:43,Bugis,UND-M-03,Men's Airism Mesh Boxer Briefs,Underwear,MEN,14.9,14.9,False,1,14.9,PayNow
BUG-20260604-0373,2,2026-06-04 19:05:53,Bugis,BTM-M-08,Men's Relaxed Fit Denim Shorts,Bottoms,Men,22.99,29.9,True,1,22.99,Card
ORC-20260604-0946,1,2026-06-04 20:27:26,Orchard Central,SOK-M-07,Men's Striped Crew Socks,SOCKS,Men,5.9,5.9,False,1,5.9,Card
ORC-20260604-1247,1,2026-06-04 15:00:10,Orchard Central,SOK-M-04,Men's Ribbed Crew Socks,Socks,Men,5.9,5.9,False,1,5.9,PayNow
PUN-20260604-0266,1,2026-06-04 19:28:04,punggol,TOP-M-01,Men's Airism Cotton Crew Neck T-Shirt,Tops,Men,14.9,14.9,False,1,14.9,NETS
ORC-20260604-0956,2,2026-06-04 21:35:09,Orchard Central,TOP-M-03,Men's Dry-EX Crew Neck T-Shirt,Tops,Men,19.9,19.9,False,1,19.9,NETS
ORC-20260604-1173,1,2026-06-04 21:18:05,Orchard Central,TOP-M-03,Men's Dry-EX Crew Neck T-Shirt,tops,Men,19.9,19.9,False,1,19.9,PayNow
ORC-20260604-0233,3,2026-06-04 19:58:58,Orchard Central,BTM-W-02,Women's High-Rise Wide Leg Pants,Bottoms,Women,39.9,39.9,False,1,39.9,
BUG-20260604-0848,1,2026-06-04 21:55:54,Bugis,BTM-W-03,Women's Ezy Ankle Pants,Bottoms,Women,29.9,29.9,False,1,29.9,Card
BUG-20260604-0445,3,2026-06-04 21:19:16,Bugis,BTM-W-03,Women's Ezy Ankle Pants,Bottoms,Women,29.9,29.9,False,1,29.9,
PUN-20260604-0181,1,2026-06-04 11:43:02,Punggol,SOK-M-08,Men's Cotton Blend Dress Socks,SOCKS,Men,9.9,9.9,False,1,9.9,PayNow
BUG-20260604-0046,3,2026-06-04 12:41:03,Bugis,SOK-W-02,Women's Pile Crew Socks,Socks,Women,5.9,5.9,False,1,5.9,PayNow
ORC-20260604-0067,1,2026-06-04 14:25:56,orchard central,SOK-W-09,Women's No-Show Sneaker Socks,Socks,Women,5.9,5.9,False,1,5.9,NETS
BUG-20260604-0110,2,2026-06-04 18:51:59,BUGIS,TOP-W-01,Women's Airism Cotton Crew Neck T-Shirt,Tops,Women,14.9,14.9,False,1,14.9,Card
PUN-20260604-0275,3,2026-06-04 19:44:07,punggol,SOK-W-03,Women's Airism Low-Cut Socks,Socks,Women,5.9,5.9,False,1,5.9,Card
ORC-20260604-0977,1,2026-06-04 17:08:44,  Orchard Central  ,SOK-W-02,Women's Pile Crew Socks,Socks,Women,5.9,5.9,False,1,5.9,NETS
ORC-20260604-0613,1,2026-06-04 12:16:36,Orchard Central,TOP-M-04,Men's Oxford Long Sleeve Shirt,Tops,Men,29.9,29.9,False,1,29.9,PayNow
BUG-20260604-0831,2,2026-06-04 13:26:29,Bugis,TOP-M-03,Men's Dry-EX Crew Neck T-Shirt,Tops,Men,19.9,19.9,False,1,19.9,Cash
BUG-20260604-0465,3,2026-06-04 17:29:02,Bugis,SOK-W-02,Women's Pile Crew Socks,Socks,Women,5.9,5.9,False,1,5.9,Card
BUG-20260604-0495,3,2026-06-04 20:15:41,Bugis,UND-W-01,  Women's Airism Bikini Shorts  ,UNDERWEAR,Women,9.9,9.9,False,1,9.9,CARD
ORC-20260604-0522,1,2026-06-04 11:47:42,Orchard Central,SOK-W-03,Women's Airism Low-Cut Socks,Socks,Women,5.9,5.9,False,2,11.8,Cash
BUG-20260604-0599,1,2026-06-04 20:20:41,Bugis,TOP-M-03,Men's Dry-EX Crew Neck T-Shirt,Tops,Men,19.9,19.9,False,1,19.9,
ORC-20260604-1280,1,2026-06-04 12:15:23,Orchard Central,UND-M-01,Men's Airism Boxer Briefs,Underwear,Men,14.9,14.9,False,2,29.8,NETS
ORC-20260604-0678,3,2026-06-04 17:10:49,Orchard Central,SOK-W-02,Women's Pile Crew Socks,socks,Women,5.9,5.9,False,1,5.9,Card
ORC-20260604-0117,1,2026-06-04 19:00:36,Orchard Central,TOP-M-01,Men's Airism Cotton Crew Neck T-Shirt,Tops,men,14.9,14.9,False,1,14.9,Cash
ORC-20260604-0792,1,2026-06-04 13:28:43,Orchard Central,UND-W-03,Women's Cotton Blend Briefs,Underwear,Women,9.9,9.9,False,2,19.8,Card
BUG-20260604-0042,1,2026-06-04 15:02:45,Bugis,BTM-W-02,Women's High-Rise Wide Leg Pants,Bottoms,Women,39.9,39.9,False,1,39.9,PayNow
ORC-20260604-1007,2,2026-06-04 22:52:37,Orchard Central,UND-M-01,Men's Airism Boxer Briefs,Underwear,Men,14.9,14.9,False,1,14.9,Card
ORC-20260604-0519,1,2026-06-04 13:51:28,Orchard Central,UND-M-09,Men's Heattech Long Johns,Underwear,Men,19.9,19.9,False,1,19.9,NETS
ORC-20260604-1147,1,2026-06-04 20:31:06,Orchard Central,SOK-W-01,  Women's Ankle Socks 3-Pack  ,SOCKS,Women,14.9,14.9,False,1,14.9,PayNow
ORC-20260604-1176,2,2026-06-04 12:45:46,  Orchard Central  ,TOP-W-01,Women's Airism Cotton Crew Neck T-Shirt,Tops,Women,14.9,14.9,False,1,14.9,NETS
PUN-20260604-0001,1,2026-06-04 17:09:00,Punggol,UND-W-01,Women's Airism Bikini Shorts,Underwear,women,9.9,9.9,False,1,9.9,Paynow
ORC-20260604-1294,1,2026-06-04 22:56:51,Orchard Central,TOP-W-01,Women's Airism Cotton Crew Neck T-Shirt,Tops,Women,14.9,14.9,False,1,14.9,PayNow
ORC-20260604-0718,1,2026-06-04 18:08:38,Orchard Central,SOK-W-02,Women's Pile Crew Socks,Socks,Women,5.9,5.9,False,1,5.9,Card
ORC-20260604-0589,1,2026-06-04 19:54:25,Orchard Central,SOK-M-04,Men's Ribbed Crew Socks,SOCKS,Men,5.9,5.9,False,1,5.9,Card
BUG-20260604-0029,1,2026-06-04 20:31:28,Bugis,TOP-M-04,Men's Oxford Long Sleeve Shirt,Tops,Men,29.9,29.9,False,1,29.9,Card
ORC-20260604-1304,2,2026-06-04 17:16:15,Orchard Central,SOK-W-02,Women's Pile Crew Socks,Socks,Women,5.9,5.9,False,1,5.9,Card
ORC-20260604-0299,2,2026-06-04 21:47:27,  Orchard Central  ,SOK-W-02,Women's Pile Crew Socks,Socks,Women,5.9,5.9,False,1,5.9,PayNow
PUN-20260604-0071,1,2026-06-04 19:19:45,PUNGGOL,SOK-W-02,Women's Pile Crew Socks,Socks,Women,5.9,5.9,False,1,5.9,Cash
BUG-20260604-0374,3,2026-06-04 18:19:26,Bugis,TOP-M-04,Men's Oxford Long Sleeve Shirt,Tops,Men,29.9,29.9,False,1,29.9,Card
ORC-20260604-0767,1,2026-06-04 19:53:55,Orchard Central,UND-W-03,Women's Cotton Blend Briefs,Underwear,Women,9.9,9.9,False,1,9.9,paynow
ORC-20260604-1177,2,2026-06-04 14:55:05,Orchard Central,SOK-M-03,Men's Airism Low-Cut Socks,Socks,Men,$5.9,5.9,False,1,5.9,Cash
PUN-20260604-0324,2,2026-06-04 21:44:10,Punggol,UND-W-02,Women's Wireless Bra,Underwear,Women,29.9,29.9,False,1,29.9,NETS
ORC-20260604-0828,2,2026-06-04 14:04:36,orchard central,SOK-M-04,Men's Ribbed Crew Socks,Socks,Men,5.9,5.9,False,1,5.9,Card
ORC-20260604-0680,1,2026-06-04 17:07:13,Orchard Central,UND-M-06,  Men's Airism Sleeveless Undershirt  ,Underwear,Men,9.9,9.9,False,2,19.8,Card
BUG-20260604-0506,2,2026-06-04 18:35:45,Bugis,TOP-W-09,Women's Drape Sleeveless Top,Tops,Women,19.9,19.9,False,1,19.9,Cash
BUG-20260604-0791,2,2026-06-04 17:31:10,BUGIS,SOK-M-07,Men's Striped Crew Socks,Socks,Men,5.9,5.9,False,1,5.9,CARD
ORC-20260604-0363,2,2026-06-04 21:58:46,orchard central,SOK-M-02,Men's Pile Crew Socks,Socks,Men,5.9,5.9,False,1,5.9,PayNow
PUN-20260604-0083,1,2026-06-04 21:25:07,  Punggol  ,SOK-W-02,Women's Pile Crew Socks,Socks,Women,5.9,5.9,False,1,5.9,NETS
ORC-20260604-0381,1,2026-06-04 14:38:02,Orchard Central,BTM-M-01,Men's Ezy Ankle Pants,BOTTOMS,men,29.9,29.9,False,1,29.9,Card
PUN-20260604-0079,1,2026-06-04 18:39:00,Punggol,BTM-M-04,Men's Dry Stretch Shorts,Bottoms,Men,$19.9,19.9,False,1,19.9,CARD
BUG-20260604-0756,1,2026-06-04 19:15:57,Bugis,UND-W-06,Women's Lace Trim Briefs,Underwear,Women,9.9,9.9,False,1,9.9,Card
ORC-20260604-0206,1,2026-06-04 14:31:49,Orchard Central,SOK-M-01,Men's Ankle Socks 3-Pack,Socks,Men,14.9,14.9,False,1,14.9,PayNow
ORC-20260604-0500,3,2026-06-04 20:46:24,Orchard Central,TOP-W-01,Women's Airism Cotton Crew Neck T-Shirt,Tops,Women,14.9,14.9,False,1,14.9,Card
ORC-20260604-1067,1,2026-06-04 13:09:50,Orchard Central,SOK-M-09,Men's No-Show Sneaker Socks,Socks,Men,4.11,5.9,True,1,4.11,Cash
BUG-20260604-0872,2,2026-06-04 21:40:30,Bugis,UND-M-03,Men's Airism Mesh Boxer Briefs,Underwear,Men,14.9,14.9,False,2,29.8,Card
BUG-20260604-0751,3,2026-06-04 20:02:58,Bugis,SOK-M-03,Men's Airism Low-Cut Socks,Socks,Men,5.9,5.9,False,2,11.8,Card
PUN-20260604-0242,2,2026-06-04 19:50:36,Punggol,BTM-W-04,Women's Denim Straight Jeans,Bottoms,Women,49.9,49.9,False,1,49.9,Paynow
ORC-20260604-0263,2,2026-06-04 17:00:39,Orchard Central,UND-M-04,Men's Cotton Crew Neck Undershirt,Underwear,Men,14.9,14.9,False,2,29.8,PAYNOW
ORC-20260604-0611,2,2026-06-04 18:14:20,Orchard Central,UND-W-03,Women's Cotton Blend Briefs,Underwear,Women,9.9,9.9,False,1,9.9,PayNow
ORC-20260604-1363,2,2026-06-04 18:47:49,Orchard Central,BTM-W-02,Women's High-Rise Wide Leg Pants,Bottoms,Women,39.9,39.9,False,1,39.9,NETS
BUG-20260604-0186,1,2026-06-04 20:24:45,Bugis,SOK-M-05,  Men's Sport Ankle Socks  ,Socks,Men,5.9,5.9,False,1,5.9,Cash
ORC-20260604-0376,2,2026-06-04 20:32:45,Orchard Central,BTM-M-04,Men's Dry Stretch Shorts,Bottoms,Men,19.9,19.9,False,1,19.9,NETS
ORC-20260604-0741,2,2026-06-04 20:30:35,Orchard Central,SOK-M-01,Men's Ankle Socks 3-Pack,Socks,Men,14.9,14.9,False,2,29.8,Cash
ORC-20260604-0350,3,2026-06-04 16:55:28,Orchard Central,UND-M-01,Men's Airism Boxer Briefs,Underwear,Men,14.9,14.9,False,1,14.9,card
ORC-20260604-1371,2,2026-06-04 18:05:54,  Orchard Central  ,UND-W-03,Women's Cotton Blend Briefs,Underwear,Women,9.9,9.9,False,1,9.9,Cash
PUN-20260604-0076,3,2026-06-04 19:36:58,Punggol,SOK-M-03,  Men's Airism Low-Cut Socks  ,SOCKS,Men,5.9,5.9,False,1,5.9,Card
ORC-20260604-1464,3,2026-06-04 12:33:57,Orchard Central,SOK-W-08,Women's Lace Trim Ankle Socks,Socks,Women,5.9,5.9,False,2,11.8,Card
PUN-20260604-0440,2,2026-06-04 20:01:54,Punggol,SOK-M-04,  Men's Ribbed Crew Socks  ,Socks,men,5.9,5.9,False,1,5.9,NETS
PUN-20260604-0106,2,2026-06-04 20:23:14,Punggol,SOK-W-01,Women's Ankle Socks 3-Pack,Socks,Women,14.9,14.9,False,1,14.9,Card
BUG-20260604-0821,1,2026-06-04 11:13:59,  Bugis  ,TOP-W-02,Women's Ribbed Long Sleeve Turtleneck,Tops,Women,19.9,19.9,False,1,19.9,CARD
PUN-20260604-0539,1,2026-06-04 20:52:42,Punggol,SOK-W-02,Women's Pile Crew Socks,Socks,Women,5.9,5.9,False,1,5.9,Cash
ORC-20260604-1097,3,2026-06-04 22:23:04,Orchard Central,SOK-W-02,  Women's Pile Crew Socks  ,SOCKS,Women,5.9,5.9,False,1,5.9,
PUN-20260604-0438,1,2026-06-04 21:09:28,Punggol,UND-W-03,Women's Cotton Blend Briefs,Underwear,Women,9.9,9.9,False,1,9.9,Card
ORC-20260604-1112,1,2026-06-04 17:33:11,Orchard Central,BTM-M-02,Men's Slim Fit Chino Trousers,Bottoms,Men,29.9,29.9,False,1,29.9,PayNow
ORC-20260604-1105,1,2026-06-04 19:01:17,ORCHARD CENTRAL,SOK-W-03,Women's Airism Low-Cut Socks,Socks,Women,5.9,5.9,False,1,5.9,Cash
ORC-20260604-1109,2,2026-06-04 22:33:36,Orchard Central,TOP-M-04,Men's Oxford Long Sleeve Shirt,Tops,Men,29.9,29.9,False,1,29.9,PayNow
BUG-20260604-0262,2,2026-06-04 20:24:51,Bugis,SOK-W-02,  Women's Pile Crew Socks  ,Socks,Women,5.9,5.9,False,1,5.9,Card
ORC-20260604-1011,2,2026-06-04 17:17:57,Orchard Central,TOP-W-01,Women's Airism Cotton Crew Neck T-Shirt,TOPS,Women,14.9,14.9,False,1,14.9,PayNow
ORC-20260604-0831,1,2026-06-04 18:01:17,Orchard Central,SOK-M-02,Men's Pile Crew Socks,Socks,Men,5.9,5.9,False,1,5.9,Card
BUG-20260604-0547,2,2026-06-04 14:55:19,Bugis,TOP-W-03,Women's Silky Satin Blouse,Tops,Women,39.9,39.9,False,1,39.9,Card
BUG-20260604-0280,3,2026-06-04 13:29:35,Bugis,UND-W-03,Women's Cotton Blend Briefs,Underwear,Women,9.9,9.9,False,1,9.9,Card
PUN-20260604-0370,1,2026-06-04 13:20:49,Punggol,UND-M-01,Men's Airism Boxer Briefs,Underwear,Men,14.9,14.9,False,1,14.9,Card
PUN-20260604-0172,1,2026-06-04 18:21:19,Punggol,UND-M-02,Men's Cotton Blend Trunks,Underwear,MEN,14.9,14.9,False,1,14.9,NETS
BUG-20260604-0392,1,2026-06-04 17:33:58,Bugis,UND-M-04,Men's Cotton Crew Neck Undershirt,Underwear,Men,14.9,14.9,False,2,29.8,Card
ORC-20260604-1080,2,2026-06-04 12:44:37,Orchard Central,UND-M-01,Men's Airism Boxer Briefs,Underwear,Men,14.9,14.9,False,1,14.9,PayNow
ORC-20260604-0218,2,2026-06-04 20:57:54,Orchard Central,SOK-W-03,Women's Airism Low-Cut Socks,Socks,Women,5.9,5.9,False,1,5.9,Card
ORC-20260604-1149,1,2026-06-04 19:06:01,ORCHARD CENTRAL,SOK-M-07,Men's Striped Crew Socks,Socks,Men,5.9,5.9,False,2,11.8,card
PUN-20260604-0391,2,2026-06-04 21:14:13,PUNGGOL,SOK-W-08,Women's Lace Trim Ankle Socks,Socks,women,5.9,5.9,False,1,5.9,Card
ORC-20260604-1362,1,2026-06-04 20:00:00,Orchard Central,BTM-M-04,Men's Dry Stretch Shorts,Bottoms,Men,19.9,19.9,False,1,19.9,card
ORC-20260604-0955,2,2026-06-04 18:58:50,orchard central,UND-M-01,Men's Airism Boxer Briefs,Underwear,Men,14.9,14.9,False,1,14.9,Card
ORC-20260604-0545,1,2026-06-04 18:07:05,  orchard central  ,TOP-M-03,Men's Dry-EX Crew Neck T-Shirt,Tops,Men,19.9,19.9,False,1,19.9,Cash
BUG-20260604-0172,1,2026-06-04 15:21:21,Bugis,BTM-W-01,Women's Ultra Stretch Skinny Jeans,bottoms,Women,39.9,39.9,False,1,39.9,Card
BUG-20260604-0374,1,2026-06-04 18:19:26,Bugis,SOK-W-02,Women's Pile Crew Socks,Socks,Women,5.9,5.9,False,1,5.9,Card
BUG-20260604-0452,1,2026-06-04 18:03:57,Bugis,TOP-W-02,  Women's Ribbed Long Sleeve Turtleneck  ,TOPS,Women,19.9,19.9,False,1,19.9,NETS
ORC-20260604-0262,2,2026-06-04 16:28:03,Orchard Central,UND-M-02,Men's Cotton Blend Trunks,Underwear,Men,14.9,14.9,False,1,14.9,card
PUN-20260604-0582,2,2026-06-04 16:12:15,Punggol,SOK-M-07,Men's Striped Crew Socks,Socks,Men,5.9,5.9,False,1,5.9,PayNow
ORC-20260604-0491,2,2026-06-04 15:52:24,Orchard Central,SOK-M-07,Men's Striped Crew Socks,Socks,Men,5.9,5.9,False,1,5.9,Card
ORC-20260604-0501,2,2026-06-04 11:21:01,Orchard Central,UND-M-03,Men's Airism Mesh Boxer Briefs,Underwear,Men,14.9,14.9,False,1,14.9,NETS
BUG-20260604-0568,1,2026-06-04 12:49:38,Bugis,BTM-M-04,Men's Dry Stretch Shorts,Bottoms,Men,19.9,19.9,False,1,19.9,Card
BUG-20260604-0177,2,2026-06-04 17:56:31,Bugis,UND-W-06,Women's Lace Trim Briefs,Underwear,Women,9.9,9.9,False,1,9.9,Paynow
ORC-20260604-1216,1,2026-06-04 12:19:36,Orchard Central,UND-W-02,Women's Wireless Bra,Underwear,Women,29.9,29.9,False,1,29.9,Card
ORC-20260604-0189,2,2026-06-04 18:39:58,ORCHARD CENTRAL,BTM-M-04,Men's Dry Stretch Shorts,Bottoms,Men,19.9,19.9,False,1,19.9,Cash
ORC-20260604-1375,2,2026-06-04 19:24:05,Orchard Central,UND-M-03,Men's Airism Mesh Boxer Briefs,Underwear,MEN,14.9,14.9,False,1,14.9,Card
ORC-20260604-0267,2,2026-06-04 20:17:16,Orchard Central,UND-M-01,Men's Airism Boxer Briefs,Underwear,Men,$14.9,14.9,False,1,14.9,Card
ORC-20260604-0861,1,2026-06-04 14:02:09,Orchard Central,TOP-M-02,  Men's Supima Cotton Polo Shirt  ,TOPS,Men,29.9,29.9,False,1,29.9,NETS
BUG-20260604-0733,1,2026-06-04 13:27:11,Bugis,SOK-M-04,Men's Ribbed Crew Socks,Socks,Men,5.9,5.9,False,2,11.8,PayNow
BUG-20260604-0226,2,2026-06-04 20:52:17,Bugis,TOP-W-01,Women's Airism Cotton Crew Neck T-Shirt,Tops,Women,14.9,14.9,False,1,14.9,Cash
BUG-20260604-0881,3,2026-06-04 22:19:00,bugis,SOK-W-04,Women's Ribbed Crew Socks,Socks,Women,5.9,5.9,False,1,5.9,Card
PUN-20260604-0498,2,2026-06-04 16:05:10,Punggol,SOK-W-03,Women's Airism Low-Cut Socks,Socks,Women,5.9,5.9,False,1,5.9,Card
ORC-20260604-0336,2,2026-06-04 12:11:30,Orchard Central,TOP-M-02,Men's Supima Cotton Polo Shirt,Tops,Men,29.9,29.9,False,1,29.9,Card
ORC-20260604-0692,1,2026-06-04 13:02:02,orchard central,UND-W-03,Women's Cotton Blend Briefs,Underwear,Women,9.9,9.9,False,1,9.9,Card
ORC-20260604-0960,1,2026-06-04 22:59:37,Orchard Central,SOK-W-03,Women's Airism Low-Cut Socks,Socks,Women,5.9,5.9,False,1,5.9,PayNow
BUG-20260604-0055,3,2026-06-04 18:56:59,Bugis,UND-W-03,Women's Cotton Blend Briefs,underwear,Women,9.9,9.9,False,1,9.9,Card
ORC-20260604-0302,1,2026-06-04 18:23:48,ORCHARD CENTRAL,BTM-W-02,Women's High-Rise Wide Leg Pants,Bottoms,Women,39.9,39.9,False,1,39.9,Paynow
ORC-20260604-0026,2,2026-06-04 19:12:04,Orchard Central,BTM-W-03,Women's Ezy Ankle Pants,Bottoms,WOMEN,29.9,29.9,False,1,29.9,Cash
BUG-20260604-0097,1,2026-06-04 19:55:29,Bugis,SOK-W-02,Women's Pile Crew Socks,Socks,Women,5.9,5.9,False,1,5.9,CARD
ORC-20260604-0321,2,2026-06-04 19:52:46,Orchard Central,SOK-W-01,Women's Ankle Socks 3-Pack,Socks,Women,14.9,14.9,False,1,14.9,NETS
ORC-20260604-0204,1,2026-06-04 12:24:20,Orchard Central,SOK-M-01,Men's Ankle Socks 3-Pack,Socks,Men,14.9,14.9,False,2,29.8,NETS
ORC-20260604-0320,1,2026-06-04 11:45:10,Orchard Central,UND-M-01,Men's Airism Boxer Briefs,Underwear,Men,14.9,14.9,False,1,14.9,NETS
ORC-20260604-0797,1,2026-06-04 11:08:04,ORCHARD CENTRAL,SOK-M-04,Men's Ribbed Crew Socks,Socks,Men,5.9,5.9,False,2,11.8,Card
BUG-20260604-0304,1,2026-06-04 16:23:20,Bugis,SOK-M-04,Men's Ribbed Crew Socks,Socks,Men,5.9,5.9,False,1,5.9,Cash
ORC-20260604-0824,1,2026-06-04 16:34:43,Orchard Central,TOP-W-02,Women's Ribbed Long Sleeve Turtleneck,Tops,Women,19.9,19.9,False,1,19.9,Card
ORC-20260604-0391,1,2026-06-04 20:24:43,Orchard Central,SOK-W-02,Women's Pile Crew Socks,Socks,Women,5.9,5.9,False,2,11.8,paynow
BUG-20260604-0448,1,2026-06-04 16:16:24,Bugis,SOK-W-04,Women's Ribbed Crew Socks,Socks,Women,5.9,5.9,False,1,5.9,card
ORC-20260604-1296,1,2026-06-04 11:22:22,Orchard Central,BTM-W-04,Women's Denim Straight Jeans,Bottoms,Women,49.9,49.9,False,1,49.9,PayNow
BUG-20260604-0779,3,2026-06-04 19:58:56,Bugis,BTM-M-04,Men's Dry Stretch Shorts,Bottoms,Men,19.9,19.9,False,1,19.9,Card
ORC-20260604-0257,1,2026-06-04 17:18:45,Orchard Central,SOK-W-02,Women's Pile Crew Socks,Socks,women,5.9,5.9,False,1,5.9,Card
BUG-20260604-0704,2,2026-06-04 18:12:12,Bugis,SOK-W-04,Women's Ribbed Crew Socks,Socks,Women,5.9,5.9,False,1,5.9,Card
ORC-20260604-0325,2,2026-06-04 13:46:31,Orchard Central,SOK-M-02,Men's Pile Crew Socks,Socks,MEN,5.9,5.9,False,1,5.9,Card
ORC-20260604-0529,2,2026-06-04 16:55:21,Orchard Central,BTM-M-04,Men's Dry Stretch Shorts,Bottoms,Men,19.9,19.9,False,1,19.9,PayNow
PUN-20260604-0475,2,2026-06-04 19:08:04,Punggol,SOK-W-03,Women's Airism Low-Cut Socks,Socks,women,5.9,5.9,False,2,11.8,Cash
ORC-20260604-0295,2,2026-06-04 20:19:30,Orchard Central,SOK-W-08,Women's Lace Trim Ankle Socks,socks,Women,5.9,5.9,False,1,5.9,CARD
ORC-20260604-0229,1,2026-06-04 20:24:30,Orchard Central,BTM-W-01,Women's Ultra Stretch Skinny Jeans,Bottoms,Women,39.9,39.9,False,1,39.9,Cash
ORC-20260604-0205,2,2026-06-04 17:13:20,Orchard Central,SOK-M-07,Men's Striped Crew Socks,SOCKS,Men,5.9,5.9,False,1,5.9,Card
BUG-20260604-0564,1,2026-06-04 17:31:01,Bugis,SOK-W-03,Women's Airism Low-Cut Socks,Socks,Women,5.9,5.9,False,1,5.9,Card
ORC-20260604-0978,2,2026-06-04 19:09:27,Orchard Central,TOP-W-01,Women's Airism Cotton Crew Neck T-Shirt,Tops,Women,14.9,14.9,False,1,14.9,Card
PUN-20260604-0405,1,2026-06-04 16:51:15,Punggol,UND-M-01,Men's Airism Boxer Briefs,underwear,Men,14.9,14.9,False,1,14.9,NETS
BUG-20260604-0054,2,2026-06-04 19:03:43,Bugis,UND-W-02,Women's Wireless Bra,Underwear,Women,29.9,29.9,False,1,29.9,PayNow
ORC-20260604-0662,2,2026-06-04 17:46:02,Orchard Central,SOK-M-04,Men's Ribbed Crew Socks,SOCKS,Men,5.9,5.9,False,1,5.9,Card
BUG-20260604-0602,3,2026-06-04 13:57:05,Bugis,SOK-M-03,Men's Airism Low-Cut Socks,Socks,Men,5.9,5.9,False,1,5.9,Card
ORC-20260604-0079,3,2026-06-04 20:42:36,  Orchard Central  ,TOP-W-02,Women's Ribbed Long Sleeve Turtleneck,Tops,Women,19.9,19.9,False,1,19.9,PayNow
ORC-20260604-0774,2,2026-06-04 18:46:38,Orchard Central,TOP-M-01,Men's Airism Cotton Crew Neck T-Shirt,Tops,Men,14.9,14.9,False,1,14.9,Card
ORC-20260604-1455,2,2026-06-04 21:37:22,Orchard Central,UND-W-03,Women's Cotton Blend Briefs,Underwear,Women,9.9,9.9,False,1,$9.9,Card
PUN-20260604-0334,2,2026-06-04 19:27:41,Punggol,BTM-W-01,Women's Ultra Stretch Skinny Jeans,Bottoms,Women,39.9,39.9,False,1,39.9,Cash
ORC-20260604-1442,1,2026-06-04 20:47:51,Orchard Central,SOK-M-09,Men's No-Show Sneaker Socks,Socks,Men,4.11,5.9,True,2,8.22,PayNow
ORC-20260604-1035,1,2026-06-04 18:21:22,Orchard Central,SOK-W-02,Women's Pile Crew Socks,Socks,women,5.9,5.9,False,1,5.9,Card
BUG-20260604-0372,1,2026-06-04 16:35:43,Bugis,UND-M-04,Men's Cotton Crew Neck Undershirt,Underwear,Men,14.9,14.9,False,1,14.9,NETS
PUN-20260604-0496,1,2026-06-04 17:54:07,Punggol,SOK-M-01,  Men's Ankle Socks 3-Pack  ,Socks,Men,14.9,14.9,False,1,14.9,NETS
ORC-20260604-0998,2,2026-06-04 20:51:57,Orchard Central,UND-W-03,Women's Cotton Blend Briefs,Underwear,Women,9.9,9.9,False,1,9.9,Card
BUG-20260604-0303,2,2026-06-04 19:13:15,Bugis,SOK-W-04,Women's Ribbed Crew Socks,Socks,Women,5.9,5.9,False,1,5.9,NETS
BUG-20260604-0267,1,2026-06-04 14:10:20,Bugis,TOP-M-03,Men's Dry-EX Crew Neck T-Shirt,TOPS,Men,19.9,19.9,False,1,19.9,Card
BUG-20260604-0634,2,2026-06-04 22:19:35,Bugis,UND-M-04,Men's Cotton Crew Neck Undershirt,Underwear,Men,14.9,14.9,False,1,14.9,PayNow
ORC-20260604-1354,2,2026-06-04 20:13:59,Orchard Central,SOK-M-04,Men's Ribbed Crew Socks,Socks,Men,5.9,5.9,False,1,5.9,Card
ORC-20260604-0427,1,2026-06-04 12:46:34,ORCHARD CENTRAL,SOK-M-02,Men's Pile Crew Socks,SOCKS,Men,5.9,5.9,False,2,11.8,NETS
BUG-20260604-0460,2,2026-06-04 15:24:01,Bugis,TOP-W-03,Women's Silky Satin Blouse,Tops,Women,39.9,39.9,False,1,39.9,Card
PUN-20260604-0315,1,2026-06-04 16:41:42,Punggol,BTM-W-04,Women's Denim Straight Jeans,Bottoms,Women,49.9,49.9,False,1,49.9,Cash
PUN-20260604-0011,2,2026-06-04 18:11:17,Punggol,UND-M-02,Men's Cotton Blend Trunks,Underwear,Men,14.9,14.9,False,1,14.9,Card
ORC-20260604-0166,1,2026-06-04 20:05:20,orchard central,SOK-M-09,Men's No-Show Sneaker Socks,Socks,Men,4.11,5.9,True,1,4.11,NETS
BUG-20260604-0276,1,2026-06-04 14:28:08,Bugis,SOK-W-03,Women's Airism Low-Cut Socks,socks,Women,5.9,5.9,False,1,5.9,NETS
ORC-20260604-0580,2,2026-06-04 19:39:09,Orchard Central,BTM-M-02,Men's Slim Fit Chino Trousers,Bottoms,Men,29.9,29.9,False,1,29.9,Card
BUG-20260604-0489,1,2026-06-04 20:59:55,Bugis,BTM-M-04,Men's Dry Stretch Shorts,Bottoms,Men,19.9,19.9,False,1,19.9,Card
ORC-20260604-1408,2,2026-06-04 16:53:49,Orchard Central,SOK-M-02,Men's Pile Crew Socks,Socks,MEN,5.9,5.9,False,1,5.9,Card
PUN-20260604-0408,1,2026-06-04 19:32:15,Punggol,SOK-W-02,Women's Pile Crew Socks,Socks,Women,5.9,5.9,False,1,5.9,NETS
ORC-20260604-0998,1,2026-06-04 20:51:57,  Orchard Central  ,TOP-W-02,Women's Ribbed Long Sleeve Turtleneck,Tops,women,19.9,19.9,False,1,19.9,Card
BUG-20260604-0115,1,2026-06-04 12:39:03,Bugis,SOK-W-02,Women's Pile Crew Socks,Socks,Women,5.9,5.9,False,2,11.8,PayNow
BUG-20260604-0743,1,2026-06-04 20:17:48,Bugis,TOP-W-01,Women's Airism Cotton Crew Neck T-Shirt,Tops,Women,14.9,14.9,False,1,14.9,PayNow
ORC-20260604-1031,1,2026-06-04 20:06:48,Orchard Central,BTM-W-03,Women's Ezy Ankle Pants,Bottoms,Women,29.9,29.9,False,1,29.9,Cash
ORC-20260604-1323,2,2026-06-04 14:23:46,Orchard Central,SOK-M-04,Men's Ribbed Crew Socks,Socks,Men,5.9,5.9,False,2,11.8,CARD
ORC-20260604-0200,1,2026-06-04 15:04:15,Orchard Central,SOK-M-03,Men's Airism Low-Cut Socks,Socks,Men,5.9,5.9,False,1,5.9,NETS
BUG-20260604-0874,1,2026-06-04 20:18:03,BUGIS,UND-W-01,Women's Airism Bikini Shorts,Underwear,Women,9.9,9.9,False,1,9.9,PayNow
ORC-20260604-0833,1,2026-06-04 12:10:30,Orchard Central,SOK-M-03,Men's Airism Low-Cut Socks,Socks,Men,5.9,5.9,False,1,5.9,PayNow
ORC-20260604-0966,1,2026-06-04 20:57:59,Orchard Central,UND-W-04,Women's Airism T-Shirt Bra,Underwear,Women,29.9,29.9,False,1,29.9,PayNow
ORC-20260604-0281,1,2026-06-04 20:15:13,Orchard Central,UND-M-01,Men's Airism Boxer Briefs,Underwear,Men,14.9,14.9,False,1,$14.9,Cash
ORC-20260604-0078,1,2026-06-04 21:03:44,ORCHARD CENTRAL,UND-M-01,Men's Airism Boxer Briefs,Underwear,Men,14.9,14.9,False,1,14.9,Card
BUG-20260604-0860,1,2026-06-04 21:50:12,Bugis,SOK-M-04,  Men's Ribbed Crew Socks  ,Socks,Men,5.9,5.9,False,1,5.9,Cash
ORC-20260604-1064,1,2026-06-04 17:57:15,Orchard Central,SOK-M-03,  Men's Airism Low-Cut Socks  ,Socks,Men,5.9,5.9,False,1,5.9,Card
ORC-20260604-1355,2,2026-06-04 16:41:59,Orchard Central,BTM-W-01,Women's Ultra Stretch Skinny Jeans,Bottoms,Women,39.9,39.9,False,1,39.9,PayNow
ORC-20260604-1301,2,2026-06-04 19:24:11,Orchard Central,SOK-M-02,Men's Pile Crew Socks,Socks,Men,5.9,5.9,False,1,5.9,NETS
PUN-20260604-0361,1,2026-06-04 12:42:13,Punggol,SOK-W-02,Women's Pile Crew Socks,Socks,Women,5.9,5.9,False,2,11.8,PayNow
BUG-20260604-0330,2,2026-06-04 19:10:30,Bugis,BTM-M-04,Men's Dry Stretch Shorts,Bottoms,Men,19.9,19.9,False,1,19.9,Card
ORC-20260604-0042,1,2026-06-04 14:59:27,Orchard Central,SOK-M-04,Men's Ribbed Crew Socks,Socks,Men,5.9,5.9,False,1,5.9,Cash
BUG-20260604-0450,1,2026-06-04 18:51:18,Bugis,TOP-M-02,Men's Supima Cotton Polo Shirt,Tops,Men,29.9,29.9,False,1,29.9,Card
BUG-20260604-0334,2,2026-06-04 13:47:16,Bugis,SOK-W-02,Women's Pile Crew Socks,Socks,Women,5.9,5.9,False,1,5.9,Card
ORC-20260604-0872,2,2026-06-04 11:08:48,  Orchard Central  ,SOK-W-06,Women's Heattech Socks,Socks,Women,9.9,9.9,False,1,9.9,Card
PUN-20260604-0547,1,2026-06-04 15:50:03,Punggol,SOK-W-02,Women's Pile Crew Socks,Socks,Women,5.9,5.9,False,1,5.9,Card
ORC-20260604-1282,1,2026-06-04 11:46:38,Orchard Central,SOK-M-03,Men's Airism Low-Cut Socks,Socks,Men,5.9,5.9,False,1,5.9,NETS
ORC-20260604-0634,2,2026-06-04 20:04:48,ORCHARD CENTRAL,UND-M-02,Men's Cotton Blend Trunks,Underwear,Men,$14.9,14.9,False,1,14.9,Card
ORC-20260604-0138,1,2026-06-04 11:16:44,Orchard Central,SOK-M-03,Men's Airism Low-Cut Socks,Socks,Men,5.9,5.9,False,1,5.9,Card
PUN-20260604-0231,1,2026-06-04 19:22:02,Punggol,TOP-W-01,Women's Airism Cotton Crew Neck T-Shirt,Tops,Women,14.9,14.9,False,1,14.9,NETS
BUG-20260604-0761,1,2026-06-04 17:43:06,Bugis,TOP-M-01,Men's Airism Cotton Crew Neck T-Shirt,Tops,Men,14.9,14.9,False,1,14.9,Card
PUN-20260604-0087,1,2026-06-04 18:30:05,Punggol,SOK-M-04,Men's Ribbed Crew Socks,Socks,Men,5.9,5.9,False,1,5.9,Card
BUG-20260604-0330,1,2026-06-04 19:10:30,Bugis,UND-W-03,Women's Cotton Blend Briefs,Underwear,women,9.9,9.9,False,1,9.9,Card
BUG-20260604-0653,1,2026-06-04 19:06:15,Bugis,UND-W-02,Women's Wireless Bra,Underwear,Women,29.9,29.9,False,1,29.9,card
ORC-20260604-0896,1,2026-06-04 11:41:37,Orchard Central,UND-M-02,Men's Cotton Blend Trunks,Underwear,Men,14.9,14.9,False,1,14.9,Paynow
ORC-20260604-0885,1,2026-06-04 20:56:47,Orchard Central,UND-W-03,Women's Cotton Blend Briefs,Underwear,Women,9.9,9.9,False,2,19.8,Card
ORC-20260604-0401,1,2026-06-04 18:37:24,Orchard Central,TOP-M-02,Men's Supima Cotton Polo Shirt,Tops,Men,29.9,29.9,False,1,29.9,Card
PUN-20260604-0058,3,2026-06-04 11:14:50,Punggol,SOK-M-03,Men's Airism Low-Cut Socks,Socks,Men,5.9,5.9,False,1,5.9,Cash
ORC-20260604-0827,1,2026-06-04 19:29:18,Orchard Central,SOK-W-09,,Socks,Women,5.9,5.9,False,1,5.9,
ORC-20260604-1459,2,2026-06-04 20:31:58,Orchard Central,SOK-W-01,Women's Ankle Socks 3-Pack,Socks,Women,14.9,14.9,False,1,14.9,Card
ORC-20260604-0086,1,2026-06-04 22:28:35,orchard central,BTM-M-04,Men's Dry Stretch Shorts,BOTTOMS,Men,19.9,19.9,False,1,19.9,Card
ORC-20260604-0793,1,2026-06-04 20:29:24,Orchard Central,SOK-M-09,Men's No-Show Sneaker Socks,Socks,Men,4.11,5.9,True,1,4.11,NETS
ORC-20260604-0016,3,2026-06-04 13:35:19,Orchard Central,SOK-W-02,Women's Pile Crew Socks,Socks,Women,5.9,5.9,False,1,5.9,Paynow
ORC-20260604-0914,1,2026-06-04 18:10:35,Orchard Central,SOK-W-03,Women's Airism Low-Cut Socks,Socks,Women,5.9,5.9,False,1,5.9,Card
PUN-20260604-0364,2,2026-06-04 19:52:16,punggol,TOP-W-01,Women's Airism Cotton Crew Neck T-Shirt,Tops,Women,14.9,14.9,False,1,14.9,PayNow
ORC-20260604-0852,3,2026-06-04 11:29:06,Orchard Central,TOP-M-01,Men's Airism Cotton Crew Neck T-Shirt,Tops,Men,14.9,14.9,False,1,14.9,Card
PUN-20260604-0153,1,2026-06-04 18:55:34,punggol,UND-W-04,Women's Airism T-Shirt Bra,Underwear,Women,29.9,29.9,False,1,29.9,cash
ORC-20260604-0617,2,2026-06-04 21:35:29,Orchard Central,TOP-M-01,Men's Airism Cotton Crew Neck T-Shirt,Tops,Men,14.9,14.9,False,1,14.9,Card
ORC-20260604-0502,2,2026-06-04 22:05:16,Orchard Central,UND-W-02,Women's Wireless Bra,Underwear,Women,29.9,29.9,False,1,29.9,PayNow
ORC-20260604-0046,2,2026-06-04 18:22:30,Orchard Central,BTM-M-04,Men's Dry Stretch Shorts,Bottoms,Men,19.9,19.9,False,1,19.9,Card
PUN-20260604-0246,2,2026-06-04 22:59:44,Punggol,SOK-W-03,Women's Airism Low-Cut Socks,Socks,Women,5.9,5.9,False,1,5.9,Cash
PUN-20260604-0181,2,2026-06-04 11:43:02,Punggol,SOK-W-02,  Women's Pile Crew Socks  ,Socks,women,5.9,5.9,False,1,5.9,PayNow
PUN-20260604-0288,1,2026-06-04 21:05:37,Punggol,SOK-W-03,Women's Airism Low-Cut Socks,Socks,Women,5.9,5.9,False,1,5.9,Card
ORC-20260604-0996,2,2026-06-04 20:27:43,Orchard Central,SOK-W-03,Women's Airism Low-Cut Socks,Socks,Women,5.9,5.9,False,1,5.9,Card
ORC-20260604-0743,2,2026-06-04 13:16:58,Orchard Central,UND-W-03,Women's Cotton Blend Briefs,UNDERWEAR,WOMEN,9.9,9.9,False,1,9.9,Card
ORC-20260604-0497,1,2026-06-04 11:15:36,Orchard Central,BTM-W-01,Women's Ultra Stretch Skinny Jeans,bottoms,Women,39.9,39.9,False,1,39.9,Card
ORC-20260604-1281,2,2026-06-04 20:39:24,Orchard Central,SOK-M-03,Men's Airism Low-Cut Socks,Socks,Men,5.9,5.9,False,1,5.9,PayNow
BUG-20260604-0435,1,2026-06-04 18:04:28,Bugis,SOK-M-05,Men's Sport Ankle Socks,Socks,Men,5.9,5.9,False,1,5.9,NETS
BUG-20260604-0169,3,2026-06-04 20:01:49,Bugis,TOP-M-02,Men's Supima Cotton Polo Shirt,Tops,Men,29.9,29.9,False,1,29.9,Card
ORC-20260604-0100,2,2026-06-04 18:08:38,Orchard Central,BTM-M-04,Men's Dry Stretch Shorts,bottoms,Men,19.9,19.9,False,1,19.9,Card
ORC-20260604-1026,2,2026-06-04 14:12:47,orchard central,BTM-W-02,Women's High-Rise Wide Leg Pants,Bottoms,Women,39.9,39.9,False,1,39.9,Card
BUG-20260604-0677,3,2026-06-04 14:56:13,Bugis,SOK-M-04,Men's Ribbed Crew Socks,socks,Men,5.9,5.9,False,1,5.9,NETS
ORC-20260604-1085,1,2026-06-04 18:24:03,Orchard Central,UND-M-05,Men's Seamless Boxer Briefs,Underwear,Men,14.9,14.9,False,1,14.9,Card
ORC-20260604-1248,1,2026-06-04 18:52:08,Orchard Central,SOK-M-03,Men's Airism Low-Cut Socks,Socks,men,5.9,5.9,False,2,11.8,NETS
PUN-20260604-0406,3,2026-06-04 14:58:00,  Punggol  ,TOP-M-01,  Men's Airism Cotton Crew Neck T-Shirt  ,Tops,Men,14.9,14.9,False,1,14.9,NETS
ORC-20260604-0146,1,2026-06-04 21:43:52,Orchard Central,SOK-W-06,Women's Heattech Socks,Socks,Women,9.9,9.9,False,1,9.9,Card
BUG-20260604-0352,1,2026-06-04 20:50:16,  Bugis  ,TOP-M-03,Men's Dry-EX Crew Neck T-Shirt,Tops,men,19.9,19.9,False,1,19.9,Card
ORC-20260604-0069,2,2026-06-04 20:47:59,Orchard Central,SOK-M-04,Men's Ribbed Crew Socks,Socks,Men,5.9,5.9,False,1,5.9,
ORC-20260604-0116,1,2026-06-04 20:46:36,Orchard Central,SOK-W-03,Women's Airism Low-Cut Socks,Socks,Women,5.9,5.9,False,2,11.8,Card
ORC-20260604-1235,2,2026-06-04 15:24:13,Orchard Central,TOP-M-01,Men's Airism Cotton Crew Neck T-Shirt,Tops,Men,14.9,14.9,False,1,14.9,
ORC-20260604-0448,1,2026-06-04 21:04:37,Orchard Central,SOK-W-02,Women's Pile Crew Socks,Socks,Women,5.9,5.9,False,1,5.9,PayNow
ORC-20260604-0465,3,2026-06-04 19:13:04,Orchard Central,SOK-M-09,Men's No-Show Sneaker Socks,Socks,Men,4.11,5.9,True,1,4.11,cash
ORC-20260604-0802,1,2026-06-04 16:21:04,Orchard Central,SOK-M-02,Men's Pile Crew Socks,Socks,Men,5.9,5.9,False,1,5.9,Card
BUG-20260604-0420,3,2026-06-04 19:35:07,Bugis,UND-W-01,Women's Airism Bikini Shorts,Underwear,Women,9.9,9.9,False,1,9.9,Card
PUN-20260604-0191,2,2026-06-04 22:29:40,Punggol,SOK-W-03,Women's Airism Low-Cut Socks,socks,WOMEN,5.9,5.9,False,1,5.9,Cash
BUG-20260604-0690,2,2026-06-04 17:06:25,Bugis,TOP-M-02,Men's Supima Cotton Polo Shirt,Tops,Men,29.9,29.9,False,1,29.9,PayNow
ORC-20260604-0695,2,2026-06-04 21:27:50,Orchard Central,UND-W-04,Women's Airism T-Shirt Bra,Underwear,Women,29.9,29.9,False,1,29.9,PayNow
BUG-20260604-0107,1,2026-06-04 17:42:06,Bugis,SOK-M-02,Men's Pile Crew Socks,Socks,Men,5.9,5.9,False,1,5.9,CASH
ORC-20260604-1416,2,2026-06-04 21:41:21,Orchard Central,TOP-M-02,Men's Supima Cotton Polo Shirt,Tops,Men,29.9,29.9,False,1,29.9,Cash
ORC-20260604-0758,1,2026-06-04 19:29:26,orchard central,TOP-M-03,Men's Dry-EX Crew Neck T-Shirt,Tops,Men,19.9,19.9,False,1,19.9,paynow
BUG-20260604-0400,2,2026-06-04 11:09:02,Bugis,TOP-M-01,  Men's Airism Cotton Crew Neck T-Shirt  ,Tops,MEN,14.9,14.9,False,1,14.9,PayNow
ORC-20260604-0101,1,2026-06-04 21:39:05,Orchard Central,UND-M-03,Men's Airism Mesh Boxer Briefs,Underwear,Men,14.9,14.9,False,1,14.9,Card
PUN-20260604-0377,1,2026-06-04 17:12:58,Punggol,UND-W-01,Women's Airism Bikini Shorts,Underwear,Women,9.9,9.9,False,2,19.8,PayNow
BUG-20260604-0780,1,2026-06-04 11:31:13,Bugis,UND-M-04,Men's Cotton Crew Neck Undershirt,Underwear,Men,14.9,14.9,False,1,14.9,PayNow
ORC-20260604-0536,2,2026-06-04 22:01:09,Orchard Central,SOK-M-03,Men's Airism Low-Cut Socks,Socks,Men,5.9,5.9,False,1,5.9,Card
PUN-20260604-0528,1,2026-06-04 19:09:43,Punggol,SOK-W-03,Women's Airism Low-Cut Socks,Socks,Women,5.9,5.9,False,1,5.9,NETS
ORC-20260604-0082,2,2026-06-04 16:41:25,Orchard Central,TOP-M-01,Men's Airism Cotton Crew Neck T-Shirt,tops,Men,14.9,14.9,False,1,14.9,Card
ORC-20260604-0726,3,2026-06-04 19:20:21,Orchard Central,TOP-M-01,Men's Airism Cotton Crew Neck T-Shirt,Tops,Men,14.9,14.9,False,1,14.9,NETS
PUN-20260604-0257,1,2026-06-04 13:57:07,PUNGGOL,SOK-W-02,Women's Pile Crew Socks,Socks,Women,5.9,5.9,False,1,5.9,Card
ORC-20260604-1039,3,2026-06-04 19:45:26,Orchard Central,SOK-W-03,Women's Airism Low-Cut Socks,Socks,Women,5.9,5.9,False,1,5.9,PayNow
ORC-20260604-1076,1,2026-06-04 18:44:42,Orchard Central,UND-M-04,Men's Cotton Crew Neck Undershirt,Underwear,Men,14.9,14.9,False,1,14.9,Card
BUG-20260604-0134,1,2026-06-04 21:52:58,Bugis,BTM-M-04,Men's Dry Stretch Shorts,bottoms,Men,19.9,19.9,False,1,19.9,Card
ORC-20260604-0255,1,2026-06-04 12:45:35,Orchard Central,SOK-M-04,  Men's Ribbed Crew Socks  ,Socks,Men,5.9,5.9,False,1,5.9,NETS
PUN-20260604-0037,1,2026-06-04 19:43:34,punggol,TOP-W-01,Women's Airism Cotton Crew Neck T-Shirt,Tops,Women,14.9,14.9,False,1,14.9,CARD
ORC-20260604-1447,1,2026-06-04 18:07:59,Orchard Central,UND-M-01,Men's Airism Boxer Briefs,Underwear,Men,14.9,14.9,False,2,29.8,Card
ORC-20260604-1468,1,2026-06-04 13:34:15,Orchard Central,SOK-M-03,Men's Airism Low-Cut Socks,Socks,Men,5.9,5.9,False,1,$5.9,NETS
ORC-20260604-1178,2,2026-06-04 16:17:20,Orchard Central,SOK-M-03,Men's Airism Low-Cut Socks,Socks,Men,5.9,5.9,False,1,5.9,cash
PUN-20260604-0219,1,2026-06-04 21:07:16,Punggol,TOP-M-02,  Men's Supima Cotton Polo Shirt  ,Tops,MEN,29.9,29.9,False,1,29.9,card
ORC-20260604-0901,1,2026-06-04 22:38:35,Orchard Central,UND-M-03,Men's Airism Mesh Boxer Briefs,Underwear,Men,14.9,14.9,False,1,14.9,Card
PUN-20260604-0484,1,2026-06-04 16:48:19,  Punggol  ,SOK-W-01,Women's Ankle Socks 3-Pack,Socks,Women,14.9,14.9,False,1,14.9,Card
BUG-20260604-0336,1,2026-06-04 17:27:23,Bugis,SOK-W-03,Women's Airism Low-Cut Socks,Socks,Women,5.9,5.9,False,1,5.9,PayNow
ORC-20260604-0184,1,2026-06-04 12:58:46,Orchard Central,SOK-W-03,Women's Airism Low-Cut Socks,Socks,Women,5.9,5.9,False,1,5.9,cash
ORC-20260604-0351,3,2026-06-04 15:05:26,Orchard Central,SOK-M-04,Men's Ribbed Crew Socks,Socks,Men,5.9,5.9,False,1,5.9,Card
BUG-20260604-0105,1,2026-06-04 22:20:12,  Bugis  ,SOK-M-04,Men's Ribbed Crew Socks,Socks,Men,5.9,5.9,False,1,5.9,Card
BUG-20260604-0819,1,2026-06-04 20:55:34,Bugis,SOK-M-04,Men's Ribbed Crew Socks,Socks,Men,5.9,5.9,False,1,5.9,
BUG-20260604-0513,1,2026-06-04 17:04:35,Bugis,BTM-M-06,Men's Jersey Jogger Pants,BOTTOMS,Men,29.9,29.9,False,1,29.9,paynow
ORC-20260604-0943,2,2026-06-04 20:31:03,ORCHARD CENTRAL,UND-W-03,Women's Cotton Blend Briefs,Underwear,Women,9.9,9.9,False,1,$9.9,Cash
ORC-20260604-0794,3,2026-06-04 20:03:27,Orchard Central,SOK-W-02,Women's Pile Crew Socks,Socks,Women,5.9,5.9,False,1,5.9,Cash
ORC-20260604-0514,2,2026-06-04 19:42:26,Orchard Central,SOK-W-06,Women's Heattech Socks,Socks,Women,9.9,9.9,False,2,19.8,Card
ORC-20260604-0505,1,2026-06-04 18:07:54,  Orchard Central  ,SOK-M-09,Men's No-Show Sneaker Socks,Socks,MEN,4.11,5.9,True,1,4.11,Cash
PUN-20260604-0201,2,2026-06-04 19:26:48,Punggol,SOK-W-03,Women's Airism Low-Cut Socks,Socks,Women,5.9,5.9,False,1,5.9,Card
BUG-20260604-0798,1,2026-06-04 15:04:06,Bugis,UND-W-07,Women's Heattech Camisole,underwear,Women,14.9,14.9,False,1,14.9,PayNow
PUN-20260604-0367,1,2026-06-04 14:27:03,Punggol,TOP-W-01,Women's Airism Cotton Crew Neck T-Shirt,tops,Women,14.9,14.9,False,1,14.9,Card
ORC-20260604-0215,1,2026-06-04 17:01:39,Orchard Central,SOK-W-03,Women's Airism Low-Cut Socks,Socks,Women,5.9,5.9,False,2,$11.8,Cash
ORC-20260604-1308,2,2026-06-04 18:59:52,Orchard Central,UND-W-03,Women's Cotton Blend Briefs,Underwear,Women,9.9,9.9,False,1,9.9,Card
ORC-20260604-0865,1,2026-06-04 11:15:28,Orchard Central,SOK-M-07,Men's Striped Crew Socks,Socks,men,5.9,5.9,False,2,11.8,PayNow
BUG-20260604-0841,1,2026-06-04 18:56:23,  Bugis  ,SOK-W-04,Women's Ribbed Crew Socks,Socks,women,$5.9,5.9,False,2,11.8,Cash
BUG-20260604-0294,3,2026-06-04 11:42:59,Bugis,SOK-W-03,Women's Airism Low-Cut Socks,Socks,WOMEN,5.9,5.9,False,2,11.8,Cash
ORC-20260604-0985,2,2026-06-04 15:51:03,Orchard Central,SOK-W-03,Women's Airism Low-Cut Socks,Socks,women,5.9,5.9,False,1,5.9,Cash
PUN-20260604-0475,1,2026-06-04 19:08:04,Punggol,SOK-W-04,Women's Ribbed Crew Socks,Socks,Women,5.9,5.9,False,1,5.9,Cash
BUG-20260604-0197,2,2026-06-04 12:32:24,Bugis,TOP-W-01,  Women's Airism Cotton Crew Neck T-Shirt  ,Tops,Women,14.9,14.9,False,1,14.9,Cash
PUN-20260604-0503,1,2026-06-04 16:21:41,  Punggol  ,SOK-W-08,  Women's Lace Trim Ankle Socks  ,Socks,WOMEN,5.9,5.9,False,1,5.9,Card
BUG-20260604-0494,2,2026-06-04 16:37:56,Bugis,SOK-W-02,Women's Pile Crew Socks,Socks,women,5.9,5.9,False,1,5.9,Card
BUG-20260604-0234,1,2026-06-04 14:07:38,Bugis,BTM-W-03,Women's Ezy Ankle Pants,BOTTOMS,Women,29.9,29.9,False,1,29.9,CARD
BUG-20260604-0596,3,2026-06-04 19:38:33,Bugis,SOK-M-04,Men's Ribbed Crew Socks,Socks,Men,5.9,5.9,False,2,11.8,PayNow
BUG-20260604-0231,3,2026-06-04 22:47:27,Bugis,SOK-W-03,Women's Airism Low-Cut Socks,Socks,WOMEN,5.9,5.9,False,1,5.9,PayNow
ORC-20260604-1431,1,2026-06-04 20:01:12,ORCHARD CENTRAL,SOK-M-04,Men's Ribbed Crew Socks,Socks,Men,5.9,5.9,False,1,5.9,Nets
ORC-20260604-0131,1,2026-06-04 19:27:36,Orchard Central,UND-W-03,Women's Cotton Blend Briefs,Underwear,Women,9.9,9.9,False,1,9.9,PayNow
ORC-20260604-0669,1,2026-06-04 13:28:05,Orchard Central,SOK-W-03,Women's Airism Low-Cut Socks,Socks,Women,5.9,5.9,False,1,5.9,NETS
ORC-20260604-1270,3,2026-06-04 20:01:32,Orchard Central,UND-M-01,Men's Airism Boxer Briefs,Underwear,Men,14.9,14.9,False,1,14.9,PayNow
ORC-20260604-0976,1,2026-06-04 13:20:23,Orchard Central,SOK-W-02,Women's Pile Crew Socks,Socks,Women,5.9,5.9,False,1,5.9,card
PUN-20260604-0202,1,2026-06-04 20:06:04,Punggol,TOP-M-01,  Men's Airism Cotton Crew Neck T-Shirt  ,Tops,Men,$14.9,14.9,False,1,14.9,Card
ORC-20260604-1436,2,2026-06-04 13:11:23,  Orchard Central  ,SOK-W-08,Women's Lace Trim Ankle Socks,Socks,Women,5.9,5.9,False,1,5.9,NETS
ORC-20260604-0385,3,2026-06-04 16:02:30,orchard central,UND-W-04,Women's Airism T-Shirt Bra,Underwear,women,29.9,29.9,False,1,29.9,card
PUN-20260604-0379,2,2026-06-04 21:44:08,Punggol,SOK-M-02,Men's Pile Crew Socks,Socks,Men,5.9,5.9,False,1,5.9,Cash
BUG-20260604-0340,3,2026-06-04 20:20:58,Bugis,UND-M-04,Men's Cotton Crew Neck Undershirt,Underwear,Men,14.9,14.9,False,1,14.9,PayNow
ORC-20260604-0571,1,2026-06-04 19:51:48,Orchard Central,TOP-W-01,Women's Airism Cotton Crew Neck T-Shirt,Tops,Women,14.9,14.9,False,1,14.9,Card
BUG-20260604-0055,1,2026-06-04 18:56:59,bugis,UND-W-01,Women's Airism Bikini Shorts,Underwear,Women,9.9,9.9,False,1,9.9,Card
ORC-20260604-0864,1,2026-06-04 21:47:07,ORCHARD CENTRAL,SOK-M-03,Men's Airism Low-Cut Socks,Socks,Men,5.9,5.9,False,1,5.9,CARD
ORC-20260604-0989,2,2026-06-04 15:04:40,Orchard Central,TOP-M-01,Men's Airism Cotton Crew Neck T-Shirt,Tops,Men,14.9,14.9,False,1,14.9,Card
PUN-20260604-0284,1,2026-06-04 16:21:47,  PUNGGOL  ,BTM-W-03,Women's Ezy Ankle Pants,BOTTOMS,Women,29.9,29.9,False,1,29.9,card
PUN-20260604-0411,1,2026-06-04 17:12:38,Punggol,UND-M-04,Men's Cotton Crew Neck Undershirt,Underwear,Men,14.9,14.9,False,1,14.9,Card
ORC-20260604-0135,3,2026-06-04 19:43:32,Orchard Central,UND-M-04,Men's Cotton Crew Neck Undershirt,Underwear,Men,14.9,14.9,False,1,14.9,NETS
BUG-20260604-0193,3,2026-06-04 20:32:41,Bugis,UND-W-01,Women's Airism Bikini Shorts,Underwear,Women,9.9,9.9,False,2,19.8,Card
PUN-20260604-0240,1,2026-06-04 19:40:26,Punggol,UND-W-07,Women's Heattech Camisole,underwear,women,$14.9,14.9,False,1,14.9,PayNow
BUG-20260604-0657,1,2026-06-04 17:49:54,Bugis,SOK-W-02,Women's Pile Crew Socks,Socks,Women,5.9,5.9,False,2,11.8,Card
ORC-20260604-0294,1,2026-06-04 22:44:57,Orchard Central,TOP-M-02,Men's Supima Cotton Polo Shirt,Tops,Men,29.9,29.9,False,1,29.9,Card
BUG-20260604-0182,3,2026-06-04 16:50:13,BUGIS,SOK-M-03,Men's Airism Low-Cut Socks,Socks,Men,5.9,5.9,False,1,5.9,Card
ORC-20260604-0329,1,2026-06-04 22:58:10,Orchard Central,SOK-M-09,Men's No-Show Sneaker Socks,Socks,Men,4.11,5.9,True,1,4.11,Cash
PUN-20260604-0327,1,2026-06-04 22:25:20,Punggol,UND-M-04,Men's Cotton Crew Neck Undershirt,Underwear,Men,14.9,14.9,False,2,29.8,Card
BUG-20260604-0242,1,2026-06-04 21:02:21,  bugis  ,UND-M-01,Men's Airism Boxer Briefs,Underwear,Men,14.9,14.9,False,1,14.9,Card
BUG-20260604-0867,3,2026-06-04 21:06:46,Bugis,TOP-M-02,Men's Supima Cotton Polo Shirt,Tops,Men,29.9,29.9,False,1,29.9,Card
ORC-20260604-0486,3,2026-06-04 11:52:32,Orchard Central,SOK-M-09,Men's No-Show Sneaker Socks,Socks,Men,4.11,5.9,True,1,4.11,PayNow
ORC-20260604-1007,3,2026-06-04 22:52:37,Orchard Central,TOP-M-10,Men's Merino Blend V-Neck Sweater,Tops,Men,39.9,39.9,False,1,39.9,Card
BUG-20260604-0409,1,2026-06-04 20:35:21,Bugis,BTM-M-03,Men's Selvedge Regular Fit Jeans,Bottoms,Men,59.9,59.9,False,1,59.9,Paynow
BUG-20260604-0355,1,2026-06-04 20:19:02,Bugis,SOK-W-03,Women's Airism Low-Cut Socks,Socks,Women,5.9,5.9,False,2,11.8,NETS
BUG-20260604-0076,2,2026-06-04 20:52:03,Bugis,UND-W-01,Women's Airism Bikini Shorts,Underwear,women,9.9,9.9,False,1,9.9,Card
ORC-20260604-0506,2,2026-06-04 21:44:45,Orchard Central,BTM-M-02,Men's Slim Fit Chino Trousers,Bottoms,Men,29.9,29.9,False,1,29.9,PayNow
ORC-20260604-0726,1,2026-06-04 19:20:21,Orchard Central,UND-W-10,Women's Wireless Bralette,Underwear,Women,29.9,29.9,False,1,29.9,NETS
PUN-20260604-0095,3,2026-06-04 18:36:06,PUNGGOL,TOP-W-02,Women's Ribbed Long Sleeve Turtleneck,Tops,Women,19.9,19.9,False,1,19.9,NETS
BUG-20260604-0833,2,2026-06-04 22:08:23,Bugis,SOK-W-02,Women's Pile Crew Socks,Socks,Women,5.9,5.9,False,1,5.9,Card
ORC-20260604-0687,2,2026-06-04 20:17:55,Orchard Central,UND-W-03,Women's Cotton Blend Briefs,Underwear,Women,9.9,9.9,False,1,9.9,card
ORC-20260604-0774,1,2026-06-04 18:46:38,Orchard Central,SOK-M-03,Men's Airism Low-Cut Socks,Socks,Men,5.9,5.9,False,1,5.9,Card
ORC-20260604-0811,1,2026-06-04 14:10:37,orchard central,SOK-M-09,Men's No-Show Sneaker Socks,Socks,Men,4.11,5.9,True,1,4.11,Cash
ORC-20260604-1161,2,2026-06-04 19:35:11,Orchard Central,UND-M-01,Men's Airism Boxer Briefs,UNDERWEAR,Men,14.9,14.9,False,1,14.9,PayNow
ORC-20260604-0225,2,2026-06-04 20:00:04,Orchard Central,BTM-W-03,Women's Ezy Ankle Pants,Bottoms,Women,29.9,29.9,False,1,29.9,nets
ORC-20260604-0431,2,2026-06-04 15:26:53,Orchard Central,SOK-M-04,Men's Ribbed Crew Socks,socks,Men,5.9,5.9,False,1,5.9,Card
ORC-20260604-0668,1,2026-06-04 17:17:52,Orchard Central,SOK-W-03,Women's Airism Low-Cut Socks,Socks,Women,5.9,5.9,False,1,5.9,Cash
ORC-20260604-1012,1,2026-06-04 21:34:39,Orchard Central,SOK-W-08,Women's Lace Trim Ankle Socks,Socks,Women,5.9,5.9,False,1,5.9,Card
PUN-20260604-0021,3,2026-06-04 22:28:18,Punggol,TOP-W-02,  Women's Ribbed Long Sleeve Turtleneck  ,Tops,Women,19.9,19.9,False,1,19.9,Cash
BUG-20260604-0153,2,2026-06-04 21:56:37,Bugis,SOK-M-02,Men's Pile Crew Socks,SOCKS,Men,5.9,5.9,False,1,5.9,card
BUG-20260604-0262,3,2026-06-04 20:24:51,Bugis,SOK-M-04,Men's Ribbed Crew Socks,Socks,MEN,5.9,5.9,False,1,5.9,CARD
BUG-20260604-0857,2,2026-06-04 22:00:56,  Bugis  ,SOK-W-10,Women's Wool Blend Socks,Socks,Women,9.9,9.9,False,1,9.9,NETS
BUG-20260604-0160,3,2026-06-04 20:13:31,Bugis,UND-W-01,Women's Airism Bikini Shorts,Underwear,Women,9.9,9.9,False,1,9.9,Cash
PUN-20260604-0568,2,2026-06-04 17:36:07,Punggol,SOK-W-03,Women's Airism Low-Cut Socks,Socks,Women,5.9,5.9,False,1,5.9,NETS
BUG-20260604-0291,1,2026-06-04 19:50:09,Bugis,SOK-W-02,Women's Pile Crew Socks,Socks,WOMEN,5.9,5.9,False,1,5.9,PayNow
BUG-20260604-0201,1,2026-06-04 18:49:08,Bugis,SOK-W-04,Women's Ribbed Crew Socks,Socks,Women,5.9,5.9,False,1,5.9,Card
ORC-20260604-0206,2,2026-06-04 14:31:49,Orchard Central,UND-M-02,Men's Cotton Blend Trunks,UNDERWEAR,Men,14.9,14.9,False,1,14.9,PAYNOW
BUG-20260604-0093,2,2026-06-04 17:20:54,Bugis,BTM-W-01,  Women's Ultra Stretch Skinny Jeans  ,Bottoms,Women,39.9,39.9,False,1,39.9,Card
ORC-20260604-1289,1,2026-06-04 18:20:19,Orchard Central,SOK-W-03,Women's Airism Low-Cut Socks,SOCKS,Women,5.9,5.9,False,1,5.9,Cash
BUG-20260604-0776,1,2026-06-04 12:06:52,Bugis,TOP-W-01,Women's Airism Cotton Crew Neck T-Shirt,Tops,Women,14.9,14.9,False,1,14.9,PayNow
PUN-20260604-0209,2,2026-06-04 20:17:52,  Punggol  ,SOK-W-01,Women's Ankle Socks 3-Pack,Socks,Women,14.9,14.9,False,2,29.8,Card
BUG-20260604-0361,1,2026-06-04 16:03:17,BUGIS,SOK-W-03,Women's Airism Low-Cut Socks,Socks,Women,5.9,5.9,False,1,5.9,Cash
ORC-20260604-0307,2,2026-06-04 12:56:30,Orchard Central,SOK-W-03,Women's Airism Low-Cut Socks,Socks,Women,5.9,5.9,False,1,5.9,Cash
BUG-20260604-0151,1,2026-06-04 20:46:52,Bugis,SOK-W-03,Women's Airism Low-Cut Socks,Socks,Women,5.9,5.9,False,1,5.9,Cash
ORC-20260604-1064,2,2026-06-04 17:57:15,Orchard Central,TOP-M-01,Men's Airism Cotton Crew Neck T-Shirt,Tops,Men,14.9,14.9,False,1,14.9,Card
ORC-20260604-1046,1,2026-06-04 12:32:51,  orchard central  ,TOP-M-01,Men's Airism Cotton Crew Neck T-Shirt,Tops,Men,14.9,14.9,False,1,14.9,paynow
PUN-20260604-0025,1,2026-06-04 21:31:31,Punggol,TOP-W-04,Women's Heattech Crew Neck Long Sleeve Tee,Tops,Women,14.9,14.9,False,1,14.9,Cash
ORC-20260604-0760,3,2026-06-04 20:37:33,Orchard Central,SOK-W-01,Women's Ankle Socks 3-Pack,Socks,Women,14.9,14.9,False,1,14.9,PayNow
PUN-20260604-0484,3,2026-06-04 16:48:19,Punggol,SOK-M-04,  Men's Ribbed Crew Socks  ,Socks,Men,5.9,5.9,False,1,5.9,Card
BUG-20260604-0243,1,2026-06-04 15:43:47,Bugis,BTM-M-02,Men's Slim Fit Chino Trousers,Bottoms,men,29.9,29.9,False,1,29.9,CARD
ORC-20260604-0749,1,2026-06-04 21:34:58,Orchard Central,SOK-W-02,Women's Pile Crew Socks,Socks,Women,5.9,5.9,False,1,5.9,Card
ORC-20260604-0348,2,2026-06-04 21:06:57,orchard central,SOK-M-09,Men's No-Show Sneaker Socks,Socks,Men,4.11,5.9,True,2,8.22,Paynow
BUG-20260604-0881,1,2026-06-04 22:19:00,Bugis,UND-M-04,Men's Cotton Crew Neck Undershirt,Underwear,Men,14.9,14.9,False,1,14.9,Card
PUN-20260604-0499,3,2026-06-04 22:20:05,Punggol,BTM-W-02,Women's High-Rise Wide Leg Pants,Bottoms,Women,39.9,39.9,False,1,39.9,CARD
PUN-20260604-0418,1,2026-06-04 17:23:39,  Punggol  ,BTM-M-04,Men's Dry Stretch Shorts,BOTTOMS,MEN,19.9,19.9,False,1,19.9,Card
ORC-20260604-0262,3,2026-06-04 16:28:03,Orchard Central,UND-W-02,Women's Wireless Bra,Underwear,Women,29.9,29.9,False,1,29.9,Card
BUG-20260604-0509,2,2026-06-04 16:34:05,Bugis,SOK-W-01,Women's Ankle Socks 3-Pack,Socks,Women,14.9,14.9,False,1,14.9,Card
BUG-20260604-0145,2,2026-06-04 19:50:32,Bugis,UND-W-01,Women's Airism Bikini Shorts,Underwear,Women,9.9,9.9,False,1,9.9,Card
PUN-20260604-0526,1,2026-06-04 20:48:56,Punggol,UND-M-01,Men's Airism Boxer Briefs,Underwear,Men,14.9,14.9,False,1,14.9,Card
ORC-20260604-1250,2,2026-06-04 15:13:12,Orchard Central,SOK-M-04,Men's Ribbed Crew Socks,Socks,Men,5.9,5.9,False,1,5.9,NETS
ORC-20260604-0346,1,2026-06-04 21:21:42,Orchard Central,SOK-M-09,Men's No-Show Sneaker Socks,socks,Men,4.11,5.9,True,2,8.22,Card
BUG-20260604-0518,1,2026-06-04 21:45:21,Bugis,UND-W-01,  Women's Airism Bikini Shorts  ,Underwear,Women,9.9,9.9,False,1,9.9,PayNow
ORC-20260604-1084,2,2026-06-04 21:57:26,Orchard Central,SOK-W-03,Women's Airism Low-Cut Socks,Socks,WOMEN,5.9,5.9,False,2,11.8,PayNow
ORC-20260604-0073,3,2026-06-04 22:46:34,Orchard Central,TOP-M-03,Men's Dry-EX Crew Neck T-Shirt,TOPS,Men,19.9,19.9,False,1,$19.9,Card
BUG-20260604-0211,3,2026-06-04 13:52:51,Bugis,UND-M-04,Men's Cotton Crew Neck Undershirt,Underwear,Men,14.9,14.9,False,1,14.9,Card
PUN-20260604-0072,2,2026-06-04 19:26:22,Punggol,UND-W-03,Women's Cotton Blend Briefs,Underwear,Women,9.9,9.9,False,2,19.8,PayNow
ORC-20260604-0235,2,2026-06-04 13:37:32,Orchard Central,SOK-M-02,Men's Pile Crew Socks,Socks,Men,5.9,5.9,False,1,5.9,PayNow
BUG-20260604-0502,1,2026-06-04 21:48:12,Bugis,UND-W-01,Women's Airism Bikini Shorts,underwear,Women,9.9,9.9,False,1,9.9,PayNow
BUG-20260604-0708,2,2026-06-04 19:54:11,Bugis,BTM-M-08,Men's Relaxed Fit Denim Shorts,Bottoms,Men,22.99,29.9,True,1,22.99,card
BUG-20260604-0379,1,2026-06-04 22:32:46,Bugis,UND-M-01,Men's Airism Boxer Briefs,underwear,Men,14.9,14.9,False,1,14.9,Card
BUG-20260604-0406,3,2026-06-04 21:28:35,Bugis,SOK-W-02,Women's Pile Crew Socks,Socks,Women,5.9,5.9,False,1,5.9,PayNow
ORC-20260604-0102,3,2026-06-04 12:42:01,  orchard central  ,TOP-M-02,Men's Supima Cotton Polo Shirt,TOPS,Men,29.9,29.9,False,1,29.9,PayNow
PUN-20260604-0274,2,2026-06-04 12:40:13,  Punggol  ,UND-M-02,Men's Cotton Blend Trunks,Underwear,Men,$14.9,14.9,False,1,14.9,Card
ORC-20260604-1104,2,2026-06-04 14:35:23,Orchard Central,SOK-M-03,Men's Airism Low-Cut Socks,Socks,Men,5.9,5.9,False,1,5.9,Card
BUG-20260604-0063,3,2026-06-04 22:57:37,Bugis,SOK-W-04,Women's Ribbed Crew Socks,Socks,WOMEN,5.9,5.9,False,1,5.9,Card
ORC-20260604-0878,1,2026-06-04 11:10:18,Orchard Central,SOK-M-04,  Men's Ribbed Crew Socks  ,Socks,Men,$5.9,5.9,False,1,5.9,Card
BUG-20260604-0170,2,2026-06-04 21:19:08,Bugis,BTM-M-01,Men's Ezy Ankle Pants,Bottoms,Men,29.9,29.9,False,1,29.9,Card
PUN-20260604-0291,2,2026-06-04 15:34:03,Punggol,SOK-W-02,Women's Pile Crew Socks,Socks,Women,5.9,5.9,False,2,11.8,Cash
BUG-20260604-0467,1,2026-06-04 19:03:07,Bugis,BTM-M-02,Men's Slim Fit Chino Trousers,Bottoms,Men,29.9,29.9,False,1,29.9,Card
ORC-20260604-0777,3,2026-06-04 21:18:36,Orchard Central,UND-M-02,Men's Cotton Blend Trunks,Underwear,Men,14.9,14.9,False,1,14.9,Card
BUG-20260604-0744,2,2026-06-04 11:36:36,Bugis,SOK-W-02,Women's Pile Crew Socks,Socks,Women,5.9,5.9,False,1,5.9,NETS
PUN-20260604-0390,2,2026-06-04 22:51:08,Punggol,UND-W-01,Women's Airism Bikini Shorts,Underwear,Women,9.9,9.9,False,1,9.9,Card
PUN-20260604-0400,1,2026-06-04 21:49:06,Punggol,SOK-W-03,Women's Airism Low-Cut Socks,Socks,Women,$5.9,5.9,False,1,$5.9,Card
PUN-20260604-0406,1,2026-06-04 14:58:00,Punggol,UND-M-04,  Men's Cotton Crew Neck Undershirt  ,UNDERWEAR,Men,14.9,14.9,False,2,29.8,NETS
ORC-20260604-1384,1,2026-06-04 16:00:27,Orchard Central,TOP-W-01,  Women's Airism Cotton Crew Neck T-Shirt  ,Tops,Women,14.9,14.9,False,1,14.9,Card
ORC-20260604-0917,3,2026-06-04 20:10:59,Orchard Central,SOK-M-04,Men's Ribbed Crew Socks,Socks,Men,5.9,5.9,False,1,5.9,Card
BUG-20260604-0850,1,2026-06-04 20:59:44,Bugis,SOK-W-01,Women's Ankle Socks 3-Pack,Socks,WOMEN,14.9,14.9,False,1,14.9,Card
ORC-20260604-0292,2,2026-06-04 20:00:44,Orchard Central,TOP-M-03,  Men's Dry-EX Crew Neck T-Shirt  ,tops,MEN,19.9,19.9,False,1,19.9,Cash
ORC-20260604-0471,1,2026-06-04 22:07:37,ORCHARD CENTRAL,SOK-M-07,Men's Striped Crew Socks,Socks,Men,5.9,5.9,False,1,5.9,NETS
ORC-20260604-0539,3,2026-06-04 20:30:51,Orchard Central,BTM-M-02,Men's Slim Fit Chino Trousers,Bottoms,Men,29.9,29.9,False,1,29.9,Card
ORC-20260604-0581,2,2026-06-04 18:56:06,Orchard Central,SOK-M-04,Men's Ribbed Crew Socks,socks,Men,5.9,5.9,False,2,11.8,Card
BUG-20260604-0570,2,2026-06-04 18:29:02,Bugis,BTM-M-04,Men's Dry Stretch Shorts,bottoms,Men,19.9,19.9,False,1,19.9,Cash
BUG-20260604-0265,2,2026-06-04 20:05:29,Bugis,TOP-M-01,Men's Airism Cotton Crew Neck T-Shirt,Tops,Men,14.9,14.9,False,1,14.9,Card
ORC-20260604-1086,3,2026-06-04 13:03:59,Orchard Central,SOK-W-02,Women's Pile Crew Socks,Socks,Women,5.9,5.9,False,1,5.9,Cash
ORC-20260604-0705,1,2026-06-04 14:19:21,Orchard Central,SOK-W-01,Women's Ankle Socks 3-Pack,Socks,Women,14.9,14.9,False,2,$29.8,Card
BUG-20260604-0381,1,2026-06-04 15:15:16,Bugis,UND-W-01,Women's Airism Bikini Shorts,Underwear,Women,9.9,9.9,False,1,9.9,Card
PUN-20260604-0382,2,2026-06-04 21:08:42,Punggol,UND-W-03,Women's Cotton Blend Briefs,Underwear,Women,9.9,9.9,False,1,9.9,Card
ORC-20260604-0533,2,2026-06-04 21:43:09,ORCHARD CENTRAL,BTM-W-02,Women's High-Rise Wide Leg Pants,Bottoms,Women,39.9,39.9,False,1,39.9,Card
BUG-20260604-0431,1,2026-06-04 21:01:12,Bugis,TOP-M-09,Men's Flannel Checked Long Sleeve Shirt,Tops,Men,29.9,29.9,False,1,29.9,Card
BUG-20260604-0326,3,2026-06-04 20:04:21,Bugis,SOK-W-02,Women's Pile Crew Socks,socks,Women,5.9,5.9,False,1,5.9,PayNow
ORC-20260604-0763,3,2026-06-04 21:59:35,Orchard Central,SOK-M-02,Men's Pile Crew Socks,Socks,Men,5.9,5.9,False,1,5.9,NETS
ORC-20260604-0449,2,2026-06-04 20:50:01,  Orchard Central  ,SOK-M-02,Men's Pile Crew Socks,socks,Men,5.9,5.9,False,2,11.8,Card
ORC-20260604-0422,2,2026-06-04 22:18:38,ORCHARD CENTRAL,SOK-M-01,Men's Ankle Socks 3-Pack,Socks,Men,14.9,14.9,False,2,29.8,PayNow
ORC-20260604-0637,2,2026-06-04 18:56:59,Orchard Central,UND-W-03,Women's Cotton Blend Briefs,Underwear,Women,9.9,9.9,False,1,9.9,Card
PUN-20260604-0130,1,2026-06-04 14:45:40,Punggol,SOK-W-03,Women's Airism Low-Cut Socks,Socks,Women,5.9,5.9,False,1,5.9,NETS
ORC-20260604-0822,1,2026-06-04 20:08:08,Orchard Central,BTM-W-03,  Women's Ezy Ankle Pants  ,Bottoms,Women,29.9,29.9,False,1,29.9,Card
ORC-20260604-1055,1,2026-06-04 13:55:11,Orchard Central,TOP-M-03,Men's Dry-EX Crew Neck T-Shirt,Tops,Men,19.9,19.9,False,1,19.9,PAYNOW
ORC-20260604-0988,2,2026-06-04 21:34:43,Orchard Central,SOK-W-02,  Women's Pile Crew Socks  ,Socks,Women,5.9,5.9,False,1,5.9,PayNow
ORC-20260604-1238,3,2026-06-04 20:34:27,Orchard Central,SOK-W-03,Women's Airism Low-Cut Socks,Socks,Women,5.9,5.9,False,1,5.9,Card
BUG-20260604-0517,3,2026-06-04 13:49:02,Bugis,TOP-M-01,Men's Airism Cotton Crew Neck T-Shirt,Tops,Men,14.9,14.9,False,1,14.9,Card
PUN-20260604-0211,1,2026-06-04 21:05:32,Punggol,TOP-M-04,Men's Oxford Long Sleeve Shirt,TOPS,Men,$29.9,29.9,False,1,29.9,PayNow
ORC-20260604-1280,2,2026-06-04 12:15:23,Orchard Central,SOK-M-01,Men's Ankle Socks 3-Pack,Socks,Men,14.9,14.9,False,1,14.9,
BUG-20260604-0327,1,2026-06-04 19:39:08,Bugis,UND-W-07,Women's Heattech Camisole,Underwear,Women,14.9,14.9,False,1,14.9,Card
ORC-20260604-0647,1,2026-06-04 19:41:57,Orchard Central,UND-W-03,Women's Cotton Blend Briefs,Underwear,Women,9.9,9.9,False,1,9.9,Card
PUN-20260604-0040,1,2026-06-04 19:48:54,Punggol,UND-W-04,Women's Airism T-Shirt Bra,Underwear,Women,29.9,29.9,False,1,29.9,Card
PUN-20260604-0357,2,2026-06-04 21:55:39,Punggol,SOK-M-03,Men's Airism Low-Cut Socks,Socks,MEN,5.9,5.9,False,1,5.9,Card
ORC-20260604-0130,1,2026-06-04 12:58:38,  Orchard Central  ,TOP-M-02,Men's Supima Cotton Polo Shirt,Tops,Men,29.9,29.9,False,1,29.9,Card
PUN-20260604-0378,3,2026-06-04 20:22:23,Punggol,TOP-M-01,  Men's Airism Cotton Crew Neck T-Shirt  ,Tops,Men,14.9,14.9,False,1,14.9,Card
PUN-20260604-0044,3,2026-06-04 14:16:08,PUNGGOL,SOK-M-03,Men's Airism Low-Cut Socks,SOCKS,Men,5.9,5.9,False,1,5.9,NETS
ORC-20260604-1027,2,2026-06-04 18:14:38,Orchard Central,BTM-M-02,Men's Slim Fit Chino Trousers,Bottoms,Men,29.9,29.9,False,1,29.9,Card
ORC-20260604-0031,2,2026-06-04 21:45:20,Orchard Central,UND-M-04,Men's Cotton Crew Neck Undershirt,Underwear,Men,14.9,14.9,False,1,14.9,Card
BUG-20260604-0430,3,2026-06-04 21:56:54,BUGIS,SOK-W-03,Women's Airism Low-Cut Socks,Socks,Women,5.9,5.9,False,1,5.9,PayNow
ORC-20260604-1071,1,2026-06-04 20:14:13,Orchard Central,SOK-W-02,Women's Pile Crew Socks,Socks,Women,5.9,5.9,False,1,5.9,card
ORC-20260604-1328,2,2026-06-04 21:37:46,Orchard Central,TOP-M-01,Men's Airism Cotton Crew Neck T-Shirt,Tops,Men,14.9,14.9,False,1,14.9,Card
ORC-20260604-0408,1,2026-06-04 22:34:47,Orchard Central,SOK-M-02,,Socks,Men,5.9,5.9,False,2,11.8,PayNow
BUG-20260604-0103,2,2026-06-04 20:33:55,Bugis,UND-W-03,Women's Cotton Blend Briefs,Underwear,Women,9.9,9.9,False,1,9.9,Card
BUG-20260604-0470,2,2026-06-04 20:48:10,Bugis,SOK-W-02,Women's Pile Crew Socks,Socks,WOMEN,5.9,5.9,False,1,5.9,PayNow
BUG-20260604-0119,1,2026-06-04 19:05:21,Bugis,BTM-W-03,Women's Ezy Ankle Pants,Bottoms,Women,29.9,29.9,False,1,29.9,Cash
BUG-20260604-0762,1,2026-06-04 19:01:43,Bugis,UND-M-03,Men's Airism Mesh Boxer Briefs,Underwear,Men,14.9,14.9,False,1,14.9,Card
BUG-20260604-0538,1,2026-06-04 13:10:54,Bugis,SOK-W-03,Women's Airism Low-Cut Socks,Socks,WOMEN,5.9,5.9,False,1,5.9,PayNow
ORC-20260604-1303,1,2026-06-04 20:14:17,Orchard Central,UND-W-03,Women's Cotton Blend Briefs,Underwear,Women,9.9,9.9,False,1,9.9,Cash
ORC-20260604-0098,1,2026-06-04 21:06:01,Orchard Central,TOP-M-03,Men's Dry-EX Crew Neck T-Shirt,Tops,Men,19.9,19.9,False,1,19.9,PayNow
ORC-20260604-1140,1,2026-06-04 14:02:37,Orchard Central,TOP-M-02,Men's Supima Cotton Polo Shirt,Tops,Men,29.9,29.9,False,1,29.9,card
PUN-20260604-0582,1,2026-06-04 16:12:15,Punggol,UND-M-01,Men's Airism Boxer Briefs,Underwear,Men,14.9,14.9,False,2,29.8,Paynow
PUN-20260604-0509,3,2026-06-04 20:43:57,PUNGGOL,TOP-W-05,Women's Merino Blend Cardigan,Tops,Women,31.36,39.9,True,1,31.36,Card
ORC-20260604-1362,2,2026-06-04 20:00:00,Orchard Central,SOK-M-09,Men's No-Show Sneaker Socks,Socks,Men,4.11,5.9,True,1,4.11,Card
ORC-20260604-0197,1,2026-06-04 22:56:53,Orchard Central,UND-M-02,  Men's Cotton Blend Trunks  ,Underwear,Men,14.9,14.9,False,1,14.9,nets
BUG-20260604-0756,2,2026-06-04 19:15:57,Bugis,UND-M-03,Men's Airism Mesh Boxer Briefs,Underwear,Men,14.9,14.9,False,1,14.9,Card
ORC-20260604-1158,1,2026-06-04 20:13:53,Orchard Central,SOK-W-01,Women's Ankle Socks 3-Pack,socks,Women,14.9,14.9,False,1,14.9,Card
ORC-20260604-0646,1,2026-06-04 20:29:53,Orchard Central,SOK-M-02,Men's Pile Crew Socks,Socks,men,5.9,5.9,False,1,5.9,PayNow
ORC-20260604-1332,1,2026-06-04 19:30:12,Orchard Central,SOK-M-09,Men's No-Show Sneaker Socks,Socks,Men,4.11,5.9,True,1,4.11,PayNow
ORC-20260604-0766,1,2026-06-04 19:26:16,Orchard Central,SOK-W-01,Women's Ankle Socks 3-Pack,Socks,Women,14.9,14.9,False,1,14.9,Card
ORC-20260604-1188,2,2026-06-04 21:39:19,Orchard Central,SOK-M-09,Men's No-Show Sneaker Socks,Socks,men,4.11,5.9,True,1,4.11,Cash
BUG-20260604-0479,2,2026-06-04 12:43:34,Bugis,UND-W-03,Women's Cotton Blend Briefs,Underwear,Women,9.9,9.9,False,1,9.9,Cash
BUG-20260604-0294,2,2026-06-04 11:42:59,Bugis,BTM-M-08,Men's Relaxed Fit Denim Shorts,BOTTOMS,Men,22.99,29.9,True,1,22.99,CASH
ORC-20260604-0454,1,2026-06-04 16:15:11,ORCHARD CENTRAL,BTM-M-02,Men's Slim Fit Chino Trousers,Bottoms,Men,29.9,29.9,False,1,29.9,CARD
BUG-20260604-0261,1,2026-06-04 12:01:58,bugis,TOP-M-04,Men's Oxford Long Sleeve Shirt,tops,Men,29.9,29.9,False,1,29.9,Card
ORC-20260604-0034,1,2026-06-04 19:58:14,  Orchard Central  ,SOK-M-09,Men's No-Show Sneaker Socks,Socks,Men,4.11,5.9,True,1,4.11,card
PUN-20260604-0076,1,2026-06-04 19:36:58,PUNGGOL,UND-W-03,  Women's Cotton Blend Briefs  ,Underwear,Women,9.9,9.9,False,2,19.8,Card
BUG-20260604-0416,2,2026-06-04 20:22:53,Bugis,SOK-W-02,Women's Pile Crew Socks,Socks,Women,5.9,5.9,False,1,5.9,PAYNOW
PUN-20260604-0357,1,2026-06-04 21:55:39,Punggol,BTM-M-02,Men's Slim Fit Chino Trousers,Bottoms,Men,29.9,29.9,False,1,29.9,Card
ORC-20260604-0489,1,2026-06-04 15:16:45,Orchard Central,UND-M-01,Men's Airism Boxer Briefs,UNDERWEAR,Men,14.9,14.9,False,1,14.9,Card
ORC-20260604-0289,1,2026-06-04 12:39:41,  Orchard Central  ,UND-W-04,Women's Airism T-Shirt Bra,Underwear,Women,29.9,29.9,False,1,29.9,Card
BUG-20260604-0118,1,2026-06-04 19:15:18,Bugis,BTM-M-06,Men's Jersey Jogger Pants,Bottoms,Men,29.9,29.9,False,1,29.9,Paynow
BUG-20260604-0824,1,2026-06-04 20:12:42,Bugis,SOK-M-01,Men's Ankle Socks 3-Pack,Socks,Men,14.9,14.9,False,2,29.8,NETS
ORC-20260604-0787,2,2026-06-04 19:44:26,Orchard Central,UND-M-04,Men's Cotton Crew Neck Undershirt,Underwear,Men,14.9,14.9,False,1,14.9,PayNow
PUN-20260604-0287,1,2026-06-04 20:02:03,Punggol,SOK-M-02,Men's Pile Crew Socks,Socks,men,5.9,5.9,False,1,5.9,card
PUN-20260604-0566,2,2026-06-04 18:01:59,Punggol,SOK-W-03,Women's Airism Low-Cut Socks,Socks,Women,5.9,5.9,False,1,5.9,Cash
BUG-20260604-0175,3,2026-06-04 18:14:28,Bugis,SOK-M-04,Men's Ribbed Crew Socks,SOCKS,MEN,5.9,5.9,False,1,5.9,Card
BUG-20260604-0298,1,2026-06-04 11:05:38,Bugis,SOK-W-06,Women's Heattech Socks,Socks,Women,9.9,9.9,False,1,9.9,Card
BUG-20260604-0260,1,2026-06-04 21:53:58,Bugis,BTM-M-02,Men's Slim Fit Chino Trousers,Bottoms,MEN,29.9,29.9,False,1,29.9,PayNow
PUN-20260604-0195,2,2026-06-04 17:48:22,Punggol,UND-W-03,Women's Cotton Blend Briefs,Underwear,Women,9.9,9.9,False,1,9.9,Card
BUG-20260604-0478,2,2026-06-04 13:21:21,Bugis,UND-W-01,Women's Airism Bikini Shorts,Underwear,Women,9.9,9.9,False,1,$9.9,CARD
ORC-20260604-0259,1,2026-06-04 21:42:25,Orchard Central,UND-W-02,Women's Wireless Bra,Underwear,WOMEN,29.9,29.9,False,1,29.9,PayNow
BUG-20260604-0458,1,2026-06-04 21:22:36,Bugis,TOP-M-02,Men's Supima Cotton Polo Shirt,Tops,Men,29.9,29.9,False,1,$29.9,PayNow
ORC-20260604-0990,2,2026-06-04 19:23:41,Orchard Central,SOK-M-03,Men's Airism Low-Cut Socks,Socks,Men,5.9,5.9,False,1,5.9,Card
ORC-20260604-0029,1,2026-06-04 20:47:36,  Orchard Central  ,UND-W-02,Women's Wireless Bra,Underwear,Women,$29.9,29.9,False,1,29.9,PayNow
ORC-20260604-0903,1,2026-06-04 18:24:27,Orchard Central,SOK-W-02,Women's Pile Crew Socks,Socks,Women,5.9,5.9,False,1,5.9,PayNow
PUN-20260604-0391,3,2026-06-04 21:14:13,Punggol,SOK-W-02,Women's Pile Crew Socks,Socks,Women,5.9,5.9,False,1,5.9,Card
ORC-20260604-0592,1,2026-06-04 18:28:44,Orchard Central,UND-W-02,Women's Wireless Bra,Underwear,Women,29.9,29.9,False,1,29.9,PayNow
BUG-20260604-0422,1,2026-06-04 19:39:54,Bugis,TOP-M-04,Men's Oxford Long Sleeve Shirt,Tops,Men,29.9,29.9,False,1,29.9,PayNow
PUN-20260604-0526,2,2026-06-04 20:48:56,Punggol,SOK-M-03,  Men's Airism Low-Cut Socks  ,Socks,Men,5.9,5.9,False,1,5.9,Card
ORC-20260604-0149,2,2026-06-04 14:01:03,Orchard Central,SOK-M-02,Men's Pile Crew Socks,Socks,Men,5.9,5.9,False,1,5.9,card
ORC-20260604-0717,3,2026-06-04 13:40:33,Orchard Central,TOP-W-02,Women's Ribbed Long Sleeve Turtleneck,Tops,Women,19.9,19.9,False,1,19.9,NETS
PUN-20260604-0275,1,2026-06-04 19:44:07,Punggol,TOP-W-01,Women's Airism Cotton Crew Neck T-Shirt,Tops,Women,14.9,14.9,False,1,14.9,Card
BUG-20260604-0890,3,2026-06-04 18:11:37,Bugis,UND-W-01,Women's Airism Bikini Shorts,Underwear,women,9.9,9.9,False,1,9.9,PayNow
BUG-20260604-0836,3,2026-06-04 11:22:41,bugis,SOK-M-02,Men's Pile Crew Socks,socks,Men,5.9,5.9,False,1,5.9,Card
ORC-20260604-0439,1,2026-06-04 21:00:25,orchard central,UND-M-02,Men's Cotton Blend Trunks,Underwear,Men,14.9,14.9,False,1,14.9,Card
ORC-20260604-1336,2,2026-06-04 19:43:23,ORCHARD CENTRAL,SOK-W-02,Women's Pile Crew Socks,Socks,Women,$5.9,5.9,False,1,5.9,Card
PUN-20260604-0077,1,2026-06-04 21:04:28,  Punggol  ,SOK-W-03,Women's Airism Low-Cut Socks,Socks,Women,5.9,5.9,False,1,5.9,
BUG-20260604-0829,2,2026-06-04 20:21:30,Bugis,UND-W-01,Women's Airism Bikini Shorts,underwear,Women,9.9,9.9,False,1,9.9,NETS
BUG-20260604-0731,3,2026-06-04 15:18:09,Bugis,UND-M-03,Men's Airism Mesh Boxer Briefs,Underwear,Men,14.9,14.9,False,1,14.9,Cash
BUG-20260604-0235,3,2026-06-04 19:05:52,Bugis,SOK-M-02,Men's Pile Crew Socks,Socks,Men,5.9,5.9,False,1,5.9,Card
ORC-20260604-0816,1,2026-06-04 14:25:12,ORCHARD CENTRAL,UND-M-01,Men's Airism Boxer Briefs,Underwear,Men,14.9,14.9,False,1,14.9,paynow
BUG-20260604-0701,1,2026-06-04 13:46:04,Bugis,UND-M-08,Men's Airism V-Neck Undershirt,underwear,Men,9.9,9.9,False,2,19.8,Cash
BUG-20260604-0463,2,2026-06-04 20:04:00,Bugis,BTM-W-04,Women's Denim Straight Jeans,Bottoms,Women,49.9,49.9,False,1,49.9,Cash
ORC-20260604-0131,3,2026-06-04 19:27:36,Orchard Central,SOK-W-02,Women's Pile Crew Socks,Socks,Women,5.9,5.9,False,1,5.9,PayNow
ORC-20260604-1181,2,2026-06-04 18:42:03,ORCHARD CENTRAL,SOK-M-09,Men's No-Show Sneaker Socks,Socks,Men,4.11,5.9,True,1,4.11,NETS
BUG-20260604-0603,2,2026-06-04 22:12:48,Bugis,TOP-M-01,,Tops,MEN,14.9,14.9,False,1,14.9,card
BUG-20260604-0846,1,2026-06-04 21:03:21,BUGIS,UND-W-04,Women's Airism T-Shirt Bra,Underwear,Women,29.9,29.9,False,1,29.9,PayNow
BUG-20260604-0037,1,2026-06-04 20:43:34,BUGIS,UND-M-03,Men's Airism Mesh Boxer Briefs,UNDERWEAR,Men,14.9,14.9,False,2,29.8,NETS
PUN-20260604-0584,3,2026-06-04 16:23:59,Punggol,UND-W-03,Women's Cotton Blend Briefs,Underwear,Women,9.9,9.9,False,1,9.9,Cash
PUN-20260604-0358,1,2026-06-04 19:23:14,Punggol,SOK-W-02,Women's Pile Crew Socks,Socks,Women,5.9,5.9,False,1,5.9,Cash
ORC-20260604-0005,1,2026-06-04 12:56:59,ORCHARD CENTRAL,SOK-M-04,Men's Ribbed Crew Socks,socks,Men,5.9,5.9,False,1,5.9,Card
ORC-20260604-0410,1,2026-06-04 16:58:47,Orchard Central,TOP-M-02,Men's Supima Cotton Polo Shirt,Tops,Men,29.9,29.9,False,1,29.9,Card
ORC-20260604-0152,1,2026-06-04 16:06:42,  Orchard Central  ,SOK-M-04,Men's Ribbed Crew Socks,Socks,Men,5.9,5.9,False,1,5.9,PayNow
BUG-20260604-0420,2,2026-06-04 19:35:07,Bugis,SOK-M-04,Men's Ribbed Crew Socks,Socks,Men,5.9,5.9,False,1,5.9,Card
PUN-20260604-0076,2,2026-06-04 19:36:58,Punggol,UND-M-03,Men's Airism Mesh Boxer Briefs,Underwear,MEN,14.9,14.9,False,1,14.9,Card
ORC-20260604-1451,1,2026-06-04 16:58:23,Orchard Central,SOK-W-03,Women's Airism Low-Cut Socks,socks,WOMEN,5.9,5.9,False,1,5.9,NETS
BUG-20260604-0068,3,2026-06-04 21:17:23,BUGIS,TOP-W-03,  Women's Silky Satin Blouse  ,Tops,Women,39.9,39.9,False,1,39.9,PayNow
ORC-20260604-0144,1,2026-06-04 17:36:00,Orchard Central,SOK-M-04,Men's Ribbed Crew Socks,Socks,Men,5.9,5.9,False,1,5.9,Cash
BUG-20260604-0875,1,2026-06-04 19:57:51,  Bugis  ,UND-M-01,Men's Airism Boxer Briefs,Underwear,Men,14.9,14.9,False,2,29.8,Cash
PUN-20260604-0171,2,2026-06-04 16:46:49,Punggol,UND-W-03,Women's Cotton Blend Briefs,Underwear,Women,9.9,9.9,False,1,9.9,Cash
PUN-20260604-0221,1,2026-06-04 16:58:50,Punggol,UND-M-02,Men's Cotton Blend Trunks,Underwear,Men,14.9,14.9,False,1,14.9,Cash
ORC-20260604-0039,1,2026-06-04 20:43:45,Orchard Central,BTM-W-01,  Women's Ultra Stretch Skinny Jeans  ,Bottoms,Women,39.9,39.9,False,1,39.9,Card
ORC-20260604-0383,1,2026-06-04 17:13:17,Orchard Central,UND-M-02,Men's Cotton Blend Trunks,Underwear,Men,14.9,14.9,False,1,14.9,Cash
PUN-20260604-0441,1,2026-06-04 17:04:55,Punggol,SOK-M-04,  Men's Ribbed Crew Socks  ,Socks,Men,5.9,5.9,False,2,11.8,CARD
ORC-20260604-1442,3,2026-06-04 20:47:51,Orchard Central,SOK-W-03,Women's Airism Low-Cut Socks,Socks,Women,5.9,5.9,False,1,5.9,PayNow
ORC-20260604-0162,2,2026-06-04 18:10:57,  Orchard Central  ,SOK-W-03,Women's Airism Low-Cut Socks,Socks,Women,5.9,5.9,False,1,5.9,PayNow
BUG-20260604-0421,3,2026-06-04 17:41:19,Bugis,SOK-M-03,Men's Airism Low-Cut Socks,SOCKS,Men,5.9,5.9,False,1,5.9,PayNow
BUG-20260604-0136,1,2026-06-04 14:07:54,Bugis,SOK-M-02,Men's Pile Crew Socks,socks,Men,5.9,5.9,False,1,5.9,card
ORC-20260604-1059,3,2026-06-04 18:33:58,Orchard Central,UND-M-03,Men's Airism Mesh Boxer Briefs,Underwear,Men,14.9,14.9,False,2,29.8,
ORC-20260604-0380,1,2026-06-04 21:49:08,Orchard Central,TOP-M-04,  Men's Oxford Long Sleeve Shirt  ,Tops,Men,29.9,29.9,False,1,29.9,Cash
BUG-20260604-0870,3,2026-06-04 17:30:24,Bugis,UND-W-03,Women's Cotton Blend Briefs,underwear,Women,9.9,9.9,False,1,9.9,CASH
ORC-20260604-1142,2,2026-06-04 14:37:35,Orchard Central,BTM-W-02,Women's High-Rise Wide Leg Pants,Bottoms,Women,39.9,39.9,False,1,39.9,NETS
BUG-20260604-0515,1,2026-06-04 19:46:13,Bugis,UND-M-03,Men's Airism Mesh Boxer Briefs,Underwear,Men,14.9,14.9,False,1,14.9,Card
BUG-20260604-0871,1,2026-06-04 15:40:33,BUGIS,UND-M-03,Men's Airism Mesh Boxer Briefs,Underwear,Men,14.9,14.9,False,1,14.9,Card
BUG-20260604-0204,1,2026-06-04 16:44:43,Bugis,BTM-M-04,Men's Dry Stretch Shorts,Bottoms,Men,19.9,19.9,False,1,19.9,Cash
BUG-20260604-0507,1,2026-06-04 20:03:57,Bugis,SOK-W-02,Women's Pile Crew Socks,Socks,Women,5.9,5.9,False,1,5.9,cash
BUG-20260604-0446,1,2026-06-04 17:15:33,Bugis,SOK-W-02,Women's Pile Crew Socks,Socks,WOMEN,5.9,5.9,False,2,11.8,Card
BUG-20260604-0526,1,2026-06-04 12:30:58,BUGIS,UND-W-01,Women's Airism Bikini Shorts,UNDERWEAR,Women,9.9,9.9,False,1,9.9,Card
BUG-20260604-0106,1,2026-06-04 22:08:13,Bugis,UND-W-01,Women's Airism Bikini Shorts,UNDERWEAR,Women,9.9,9.9,False,1,9.9,Cash
BUG-20260604-0753,1,2026-06-04 18:35:12,Bugis,TOP-W-02,Women's Ribbed Long Sleeve Turtleneck,Tops,Women,19.9,19.9,False,1,19.9,Card
ORC-20260604-0268,1,2026-06-04 20:48:15,Orchard Central,TOP-W-01,Women's Airism Cotton Crew Neck T-Shirt,Tops,Women,14.9,14.9,False,1,14.9,Card
BUG-20260604-0026,1,2026-06-04 12:50:40,Bugis,BTM-M-08,Men's Relaxed Fit Denim Shorts,Bottoms,men,22.99,29.9,True,1,$22.99,paynow
PUN-20260604-0538,2,2026-06-04 18:11:33,Punggol,UND-W-03,Women's Cotton Blend Briefs,Underwear,Women,9.9,9.9,False,1,9.9,Cash
ORC-20260604-0062,2,2026-06-04 21:30:19,Orchard Central,UND-M-04,Men's Cotton Crew Neck Undershirt,Underwear,Men,$14.9,14.9,False,1,14.9,Card
PUN-20260604-0522,1,2026-06-04 20:38:01,Punggol,SOK-M-03,Men's Airism Low-Cut Socks,Socks,Men,5.9,5.9,False,1,5.9,card
ORC-20260604-0916,1,2026-06-04 20:33:06,Orchard Central,TOP-M-04,Men's Oxford Long Sleeve Shirt,Tops,Men,29.9,29.9,False,1,29.9,NETS
ORC-20260604-1319,1,2026-06-04 18:49:43,Orchard Central,SOK-W-01,Women's Ankle Socks 3-Pack,Socks,WOMEN,14.9,14.9,False,1,14.9,NETS
BUG-20260604-0652,3,2026-06-04 19:28:10,Bugis,TOP-M-01,Men's Airism Cotton Crew Neck T-Shirt,Tops,Men,14.9,14.9,False,1,14.9,Card
ORC-20260604-1121,1,2026-06-04 12:39:22,  Orchard Central  ,UND-W-02,Women's Wireless Bra,Underwear,Women,29.9,29.9,False,2,59.8,Card
BUG-20260604-0663,2,2026-06-04 13:03:59,BUGIS,SOK-W-03,Women's Airism Low-Cut Socks,Socks,Women,5.9,5.9,False,2,11.8,NETS
ORC-20260604-1050,1,2026-06-04 20:40:14,Orchard Central,TOP-M-10,Men's Merino Blend V-Neck Sweater,Tops,Men,39.9,39.9,False,1,39.9,paynow
PUN-20260604-0140,2,2026-06-04 20:36:35,  Punggol  ,SOK-W-04,Women's Ribbed Crew Socks,Socks,Women,5.9,5.9,False,2,11.8,Cash
ORC-20260604-1108,1,2026-06-04 21:58:40,Orchard Central,SOK-M-09,Men's No-Show Sneaker Socks,Socks,Men,4.11,5.9,True,1,4.11,PayNow
BUG-20260604-0604,3,2026-06-04 22:39:36,Bugis,UND-W-06,Women's Lace Trim Briefs,Underwear,Women,9.9,9.9,False,1,9.9,CARD
ORC-20260604-0921,1,2026-06-04 18:59:10,Orchard Central,TOP-M-02,Men's Supima Cotton Polo Shirt,Tops,Men,29.9,29.9,False,1,29.9,PayNow
BUG-20260604-0359,2,2026-06-04 16:41:06,Bugis,UND-W-03,  Women's Cotton Blend Briefs  ,Underwear,Women,9.9,9.9,False,1,9.9,Card
ORC-20260604-0128,1,2026-06-04 20:30:37,Orchard Central,TOP-M-02,Men's Supima Cotton Polo Shirt,Tops,MEN,29.9,29.9,False,1,29.9,PayNow
BUG-20260604-0098,2,2026-06-04 20:15:14,bugis,SOK-W-02,Women's Pile Crew Socks,Socks,WOMEN,5.9,5.9,False,1,5.9,Card
PUN-20260604-0457,2,2026-06-04 19:41:26,Punggol,UND-W-01,Women's Airism Bikini Shorts,underwear,Women,9.9,9.9,False,1,9.9,card
PUN-20260604-0383,3,2026-06-04 20:46:05,Punggol,UND-M-02,Men's Cotton Blend Trunks,Underwear,Men,14.9,14.9,False,1,14.9,PayNow
ORC-20260604-1111,2,2026-06-04 20:47:20,Orchard Central,TOP-M-03,Men's Dry-EX Crew Neck T-Shirt,Tops,men,19.9,19.9,False,1,$19.9,
ORC-20260604-1242,1,2026-06-04 21:12:11,Orchard Central,SOK-W-06,Women's Heattech Socks,Socks,Women,9.9,9.9,False,1,9.9,Cash
ORC-20260604-0026,1,2026-06-04 19:12:04,Orchard Central,BTM-M-04,Men's Dry Stretch Shorts,Bottoms,Men,19.9,19.9,False,1,19.9,CASH
ORC-20260604-1018,1,2026-06-04 19:52:28,Orchard Central,SOK-M-02,Men's Pile Crew Socks,Socks,Men,5.9,5.9,False,1,5.9,PayNow
PUN-20260604-0200,3,2026-06-04 16:18:37,Punggol,SOK-M-07,Men's Striped Crew Socks,Socks,Men,5.9,5.9,False,1,5.9,Card
BUG-20260604-0710,1,2026-06-04 20:55:42,Bugis,UND-W-02,Women's Wireless Bra,Underwear,Women,29.9,29.9,False,1,29.9,NETS
ORC-20260604-0730,1,2026-06-04 15:04:27,Orchard Central,SOK-W-01,Women's Ankle Socks 3-Pack,Socks,Women,14.9,14.9,False,1,14.9,Cash
BUG-20260604-0826,1,2026-06-04 16:57:24,Bugis,BTM-M-02,  Men's Slim Fit Chino Trousers  ,Bottoms,Men,29.9,29.9,False,1,29.9,Card
ORC-20260604-0413,1,2026-06-04 21:35:27,Orchard Central,TOP-M-03,Men's Dry-EX Crew Neck T-Shirt,Tops,Men,19.9,19.9,False,1,19.9,Card
ORC-20260604-1310,2,2026-06-04 16:45:32,Orchard Central,SOK-M-09,Men's No-Show Sneaker Socks,Socks,Men,4.11,5.9,True,2,8.22,Card
ORC-20260604-0317,1,2026-06-04 20:44:45,Orchard Central,SOK-W-05,Women's Sport Ankle Socks,Socks,Women,5.9,5.9,False,2,11.8,Cash
ORC-20260604-1327,2,2026-06-04 19:15:02,Orchard Central,SOK-M-03,Men's Airism Low-Cut Socks,socks,Men,5.9,5.9,False,2,11.8,
ORC-20260604-1235,3,2026-06-04 15:24:13,Orchard Central,BTM-M-04,Men's Dry Stretch Shorts,BOTTOMS,Men,19.9,19.9,False,1,19.9,Card
BUG-20260604-0018,3,2026-06-04 14:33:17,Bugis,SOK-W-02,Women's Pile Crew Socks,Socks,Women,5.9,5.9,False,1,5.9,NETS
ORC-20260604-0660,1,2026-06-04 11:19:04,Orchard Central,SOK-W-02,Women's Pile Crew Socks,Socks,Women,5.9,5.9,False,2,11.8,Card
ORC-20260604-0787,3,2026-06-04 19:44:26,Orchard Central,SOK-M-03,Men's Airism Low-Cut Socks,Socks,Men,5.9,5.9,False,1,5.9,PAYNOW
ORC-20260604-1226,3,2026-06-04 19:37:10,Orchard Central,SOK-M-01,Men's Ankle Socks 3-Pack,Socks,Men,14.9,14.9,False,1,14.9,PayNow
ORC-20260604-0025,2,2026-06-04 14:19:19,Orchard Central,SOK-W-02,Women's Pile Crew Socks,SOCKS,Women,5.9,5.9,False,1,5.9,NETS
ORC-20260604-1462,1,2026-06-04 19:07:58,Orchard Central,SOK-W-03,Women's Airism Low-Cut Socks,socks,Women,5.9,5.9,False,1,5.9,Cash
ORC-20260604-0154,1,2026-06-04 14:21:34,Orchard Central,BTM-W-03,  Women's Ezy Ankle Pants  ,Bottoms,Women,29.9,29.9,False,1,29.9,paynow
BUG-20260604-0278,1,2026-06-04 17:10:51,bugis,TOP-W-01,Women's Airism Cotton Crew Neck T-Shirt,Tops,WOMEN,14.9,14.9,False,1,14.9,Card
BUG-20260604-0266,2,2026-06-04 19:40:53,Bugis,SOK-W-04,Women's Ribbed Crew Socks,Socks,Women,5.9,5.9,False,1,5.9,NETS
ORC-20260604-0450,2,2026-06-04 21:09:43,Orchard Central,SOK-W-03,Women's Airism Low-Cut Socks,socks,Women,5.9,5.9,False,2,11.8,Card
ORC-20260604-0575,2,2026-06-04 19:33:02,Orchard Central,TOP-W-02,Women's Ribbed Long Sleeve Turtleneck,Tops,Women,19.9,19.9,False,1,19.9,PayNow
BUG-20260604-0085,2,2026-06-04 19:59:45,BUGIS,UND-M-04,Men's Cotton Crew Neck Undershirt,Underwear,men,14.9,14.9,False,1,14.9,Card
BUG-20260604-0536,1,2026-06-04 17:46:38,  Bugis  ,BTM-M-04,Men's Dry Stretch Shorts,Bottoms,Men,19.9,19.9,False,1,19.9,paynow
PUN-20260604-0502,1,2026-06-04 19:43:06,Punggol,UND-M-01,Men's Airism Boxer Briefs,Underwear,Men,14.9,14.9,False,1,14.9,Card
BUG-20260604-0562,2,2026-06-04 17:58:42,Bugis,BTM-W-01,Women's Ultra Stretch Skinny Jeans,Bottoms,Women,39.9,39.9,False,1,39.9,Card
ORC-20260604-0813,3,2026-06-04 17:33:18,Orchard Central,SOK-M-04,Men's Ribbed Crew Socks,Socks,Men,5.9,5.9,False,1,5.9,card
BUG-20260604-0221,1,2026-06-04 18:41:43,Bugis,SOK-M-01,Men's Ankle Socks 3-Pack,Socks,Men,14.9,14.9,False,2,29.8,nets
PUN-20260604-0452,2,2026-06-04 20:51:14,Punggol,UND-M-04,Men's Cotton Crew Neck Undershirt,Underwear,Men,14.9,14.9,False,1,14.9,Card
ORC-20260604-0379,2,2026-06-04 16:10:04,Orchard Central,UND-W-07,  Women's Heattech Camisole  ,Underwear,Women,14.9,14.9,False,1,14.9,Card
BUG-20260604-0255,1,2026-06-04 14:49:10,  Bugis  ,TOP-M-03,Men's Dry-EX Crew Neck T-Shirt,tops,Men,19.9,19.9,False,1,19.9,Card
BUG-20260604-0426,2,2026-06-04 11:25:18,Bugis,TOP-W-02,  Women's Ribbed Long Sleeve Turtleneck  ,Tops,Women,19.9,19.9,False,1,19.9,Cash
ORC-20260604-1349,2,2026-06-04 19:48:52,Orchard Central,TOP-M-03,  Men's Dry-EX Crew Neck T-Shirt  ,Tops,Men,19.9,19.9,False,1,19.9,PayNow
ORC-20260604-0382,2,2026-06-04 14:35:06,Orchard Central,UND-M-01,Men's Airism Boxer Briefs,Underwear,Men,14.9,14.9,False,1,14.9,PayNow
PUN-20260604-0399,2,2026-06-04 18:04:04,Punggol,UND-M-04,Men's Cotton Crew Neck Undershirt,Underwear,Men,14.9,14.9,False,1,14.9,PayNow
ORC-20260604-0227,1,2026-06-04 20:17:51,Orchard Central,SOK-M-03,Men's Airism Low-Cut Socks,Socks,Men,5.9,5.9,False,1,5.9,Card
BUG-20260604-0667,2,2026-06-04 21:58:09,Bugis,TOP-M-03,Men's Dry-EX Crew Neck T-Shirt,Tops,Men,19.9,19.9,False,1,19.9,PAYNOW
ORC-20260604-1388,3,2026-06-04 19:11:30,Orchard Central,SOK-M-02,Men's Pile Crew Socks,Socks,Men,5.9,5.9,False,2,11.8,PayNow
BUG-20260604-0693,1,2026-06-04 22:18:49,Bugis,UND-W-03,Women's Cotton Blend Briefs,Underwear,Women,9.9,9.9,False,1,9.9,
ORC-20260604-0233,2,2026-06-04 19:58:58,Orchard Central,TOP-M-01,Men's Airism Cotton Crew Neck T-Shirt,Tops,Men,14.9,14.9,False,1,14.9,PayNow
PUN-20260604-0067,1,2026-06-04 21:09:09,punggol,SOK-M-01,Men's Ankle Socks 3-Pack,Socks,Men,14.9,14.9,False,1,14.9,PayNow
PUN-20260604-0343,2,2026-06-04 12:13:49,Punggol,SOK-M-04,Men's Ribbed Crew Socks,Socks,Men,5.9,5.9,False,2,11.8,Card
BUG-20260604-0482,3,2026-06-04 20:47:51,Bugis,SOK-W-03,Women's Airism Low-Cut Socks,Socks,Women,5.9,5.9,False,1,5.9,Card
BUG-20260604-0056,1,2026-06-04 18:42:06,Bugis,UND-W-02,Women's Wireless Bra,Underwear,women,29.9,29.9,False,1,29.9,card
ORC-20260604-1151,1,2026-06-04 20:46:53,Orchard Central,SOK-W-01,Women's Ankle Socks 3-Pack,Socks,Women,$14.9,14.9,False,1,14.9,Card
PUN-20260604-0401,2,2026-06-04 17:31:44,Punggol,TOP-M-01,Men's Airism Cotton Crew Neck T-Shirt,Tops,Men,14.9,14.9,False,1,14.9,cash
BUG-20260604-0210,3,2026-06-04 17:30:07,Bugis,SOK-W-02,Women's Pile Crew Socks,SOCKS,Women,5.9,5.9,False,1,5.9,CARD
BUG-20260604-0751,1,2026-06-04 20:02:58,Bugis,SOK-M-07,Men's Striped Crew Socks,socks,MEN,5.9,5.9,False,1,5.9,Card
BUG-20260604-0745,3,2026-06-04 21:56:09,Bugis,SOK-W-02,Women's Pile Crew Socks,Socks,Women,5.9,5.9,False,1,5.9,Card
ORC-20260604-1352,1,2026-06-04 15:33:55,orchard central,SOK-M-09,Men's No-Show Sneaker Socks,Socks,Men,4.11,5.9,True,1,4.11,Card
ORC-20260604-0841,2,2026-06-04 21:14:31,Orchard Central,SOK-W-03,Women's Airism Low-Cut Socks,Socks,WOMEN,$5.9,5.9,False,1,5.9,NETS
ORC-20260604-0630,2,2026-06-04 22:16:53,Orchard Central,TOP-M-01,Men's Airism Cotton Crew Neck T-Shirt,Tops,Men,14.9,14.9,False,1,14.9,Card
ORC-20260604-0344,3,2026-06-04 20:27:18,ORCHARD CENTRAL,BTM-M-02,  Men's Slim Fit Chino Trousers  ,Bottoms,Men,29.9,29.9,False,1,29.9,PayNow
ORC-20260604-0170,2,2026-06-04 19:22:37,Orchard Central,UND-W-02,Women's Wireless Bra,Underwear,Women,$29.9,29.9,False,1,29.9,CARD
ORC-20260604-1026,3,2026-06-04 14:12:47,Orchard Central,SOK-M-03,Men's Airism Low-Cut Socks,Socks,Men,5.9,5.9,False,1,5.9,Card
ORC-20260604-0440,2,2026-06-04 20:49:36,Orchard Central,SOK-W-06,Women's Heattech Socks,Socks,Women,9.9,9.9,False,1,9.9,Card
ORC-20260604-0431,3,2026-06-04 15:26:53,  Orchard Central  ,BTM-W-04,  Women's Denim Straight Jeans  ,Bottoms,Women,49.9,49.9,False,1,49.9,Card
BUG-20260604-0034,3,2026-06-04 11:18:26,Bugis,BTM-W-02,Women's High-Rise Wide Leg Pants,Bottoms,Women,39.9,39.9,False,1,39.9,Card
PUN-20260604-0079,2,2026-06-04 18:39:00,Punggol,SOK-W-02,Women's Pile Crew Socks,Socks,Women,5.9,5.9,False,1,5.9,Card
PUN-20260604-0268,2,2026-06-04 20:54:27,Punggol,SOK-M-04,Men's Ribbed Crew Socks,Socks,Men,5.9,5.9,False,1,5.9,Cash
ORC-20260604-1195,1,2026-06-04 19:50:42,Orchard Central,SOK-M-02,  Men's Pile Crew Socks  ,Socks,Men,5.9,5.9,False,1,5.9,Nets
BUG-20260604-0304,2,2026-06-04 16:23:20,Bugis,BTM-M-08,Men's Relaxed Fit Denim Shorts,Bottoms,Men,22.99,29.9,True,1,22.99,Cash
ORC-20260604-1140,2,2026-06-04 14:02:37,Orchard Central,SOK-W-02,Women's Pile Crew Socks,Socks,Women,5.9,5.9,False,2,11.8,Card
ORC-20260604-1210,3,2026-06-04 19:19:13,Orchard Central,UND-M-02,Men's Cotton Blend Trunks,Underwear,men,14.9,14.9,False,1,14.9,Card
PUN-20260604-0189,3,2026-06-04 18:22:22,Punggol,SOK-W-03,Women's Airism Low-Cut Socks,Socks,Women,5.9,5.9,False,1,5.9,Nets
BUG-20260604-0316,3,2026-06-04 22:50:48,Bugis,BTM-W-10,Women's High Waist Denim Shorts,bottoms,Women,29.9,29.9,False,1,29.9,Cash
ORC-20260604-1093,2,2026-06-04 21:57:36,Orchard Central,SOK-W-02,Women's Pile Crew Socks,Socks,Women,5.9,5.9,False,1,5.9,Card
ORC-20260604-0557,3,2026-06-04 18:50:55,Orchard Central,SOK-W-02,Women's Pile Crew Socks,Socks,Women,5.9,5.9,False,1,5.9,PayNow
ORC-20260604-1279,2,2026-06-04 20:52:36,Orchard Central,UND-W-02,Women's Wireless Bra,Underwear,Women,29.9,29.9,False,2,59.8,Card
BUG-20260604-0840,2,2026-06-04 12:10:21,Bugis,TOP-W-02,Women's Ribbed Long Sleeve Turtleneck,Tops,women,19.9,19.9,False,1,19.9,paynow
PUN-20260604-0581,1,2026-06-04 20:58:03,Punggol,SOK-M-03,Men's Airism Low-Cut Socks,Socks,Men,5.9,5.9,False,1,5.9,PayNow
BUG-20260604-0821,3,2026-06-04 11:13:59,  Bugis  ,BTM-W-03,Women's Ezy Ankle Pants,Bottoms,Women,29.9,29.9,False,1,29.9,Card
ORC-20260604-0550,2,2026-06-04 19:44:05,Orchard Central,UND-W-03,Women's Cotton Blend Briefs,Underwear,Women,9.9,9.9,False,1,9.9,Paynow
BUG-20260604-0465,2,2026-06-04 17:29:02,Bugis,TOP-M-04,Men's Oxford Long Sleeve Shirt,Tops,Men,29.9,29.9,False,1,29.9,CARD
BUG-20260604-0770,1,2026-06-04 17:45:26,  Bugis  ,SOK-W-03,Women's Airism Low-Cut Socks,SOCKS,Women,5.9,5.9,False,1,5.9,Card
BUG-20260604-0432,1,2026-06-04 18:09:38,  Bugis  ,UND-M-01,Men's Airism Boxer Briefs,Underwear,Men,14.9,14.9,False,2,29.8,Card
BUG-20260604-0477,1,2026-06-04 20:51:57,Bugis,SOK-M-05,Men's Sport Ankle Socks,Socks,Men,5.9,5.9,False,1,5.9,PayNow
BUG-20260604-0089,2,2026-06-04 12:06:44,Bugis,SOK-M-02,Men's Pile Crew Socks,Socks,Men,5.9,5.9,False,2,11.8,Card
ORC-20260604-0485,3,2026-06-04 17:45:53,Orchard Central,SOK-M-09,Men's No-Show Sneaker Socks,Socks,Men,4.11,5.9,True,1,4.11,NETS
ORC-20260604-0620,2,2026-06-04 13:20:54,ORCHARD CENTRAL,TOP-M-04,Men's Oxford Long Sleeve Shirt,Tops,Men,29.9,29.9,False,1,29.9,CARD
ORC-20260604-0291,2,2026-06-04 12:01:26,Orchard Central,SOK-M-09,Men's No-Show Sneaker Socks,Socks,Men,4.11,5.9,True,1,4.11,NETS
ORC-20260604-0845,3,2026-06-04 19:02:42,Orchard Central,SOK-M-09,Men's No-Show Sneaker Socks,Socks,Men,4.11,5.9,True,1,4.11,NETS
ORC-20260604-0361,1,2026-06-04 15:15:32,Orchard Central,TOP-M-01,Men's Airism Cotton Crew Neck T-Shirt,Tops,Men,14.9,14.9,False,1,14.9,Cash
PUN-20260604-0467,2,2026-06-04 21:06:10,punggol,BTM-W-04,Women's Denim Straight Jeans,Bottoms,Women,$49.9,49.9,False,1,$49.9,paynow
ORC-20260604-1062,2,2026-06-04 16:15:17,Orchard Central,UND-M-05,Men's Seamless Boxer Briefs,Underwear,Men,14.9,14.9,False,1,14.9,PayNow
BUG-20260604-0603,3,2026-06-04 22:12:48,Bugis,BTM-W-02,Women's High-Rise Wide Leg Pants,Bottoms,Women,39.9,39.9,False,1,39.9,Card
ORC-20260604-1013,2,2026-06-04 18:12:39,Orchard Central,SOK-M-04,Men's Ribbed Crew Socks,Socks,Men,5.9,5.9,False,1,5.9,Card
PUN-20260604-0043,1,2026-06-04 20:11:30,punggol,SOK-M-03,Men's Airism Low-Cut Socks,Socks,Men,5.9,5.9,False,1,5.9,NETS
PUN-20260604-0081,2,2026-06-04 13:28:52,Punggol,UND-W-03,Women's Cotton Blend Briefs,Underwear,Women,9.9,9.9,False,1,9.9,Card
ORC-20260604-0268,2,2026-06-04 20:48:15,Orchard Central,TOP-M-01,Men's Airism Cotton Crew Neck T-Shirt,TOPS,Men,14.9,14.9,False,1,14.9,Card
PUN-20260604-0023,1,2026-06-04 20:34:32,Punggol,UND-M-04,Men's Cotton Crew Neck Undershirt,Underwear,Men,14.9,14.9,False,1,14.9,Card
BUG-20260604-0629,1,2026-06-04 15:08:06,Bugis,SOK-M-04,Men's Ribbed Crew Socks,Socks,Men,5.9,5.9,False,1,$5.9,Card
PUN-20260604-0413,2,2026-06-04 20:59:00,Punggol,TOP-W-05,Women's Merino Blend Cardigan,Tops,Women,31.36,39.9,True,1,31.36,Card
PUN-20260604-0403,1,2026-06-04 19:43:02,Punggol,UND-M-01,Men's Airism Boxer Briefs,Underwear,Men,14.9,14.9,False,1,14.9,Card
PUN-20260604-0035,3,2026-06-04 20:53:16,Punggol,SOK-W-04,,Socks,Women,5.9,5.9,False,1,5.9,paynow
PUN-20260604-0246,3,2026-06-04 22:59:44,Punggol,UND-M-01,Men's Airism Boxer Briefs,Underwear,Men,14.9,14.9,False,1,14.9,Cash
ORC-20260604-0164,2,2026-06-04 22:21:27,Orchard Central,SOK-W-02,Women's Pile Crew Socks,Socks,Women,5.9,5.9,False,1,5.9,PayNow
BUG-20260604-0108,2,2026-06-04 20:58:29,Bugis,SOK-W-03,Women's Airism Low-Cut Socks,Socks,Women,5.9,5.9,False,1,5.9,Card
ORC-20260604-0742,1,2026-06-04 20:46:22,Orchard Central,UND-M-06,Men's Airism Sleeveless Undershirt,underwear,Men,9.9,9.9,False,1,9.9,NETS
PUN-20260604-0245,2,2026-06-04 22:08:12,Punggol,SOK-W-04,Women's Ribbed Crew Socks,Socks,Women,5.9,5.9,False,1,$5.9,PayNow
ORC-20260604-1109,1,2026-06-04 22:33:36,Orchard Central,SOK-W-09,Women's No-Show Sneaker Socks,Socks,Women,5.9,5.9,False,1,5.9,paynow
ORC-20260604-0955,1,2026-06-04 18:58:50,Orchard Central,UND-M-04,Men's Cotton Crew Neck Undershirt,Underwear,Men,14.9,14.9,False,1,14.9,Card
ORC-20260604-0727,2,2026-06-04 21:31:22,Orchard Central,SOK-M-09,Men's No-Show Sneaker Socks,Socks,Men,4.11,5.9,True,1,4.11,card
PUN-20260604-0217,1,2026-06-04 18:00:09,punggol,SOK-W-02,Women's Pile Crew Socks,Socks,WOMEN,5.9,5.9,False,1,5.9,card
BUG-20260604-0811,1,2026-06-04 21:35:26,Bugis,UND-W-04,Women's Airism T-Shirt Bra,Underwear,Women,29.9,29.9,False,1,29.9,Card
ORC-20260604-0420,1,2026-06-04 21:56:26,Orchard Central,SOK-M-09,Men's No-Show Sneaker Socks,Socks,Men,4.11,5.9,True,1,4.11,card
BUG-20260604-0634,1,2026-06-04 22:19:35,Bugis,UND-W-01,Women's Airism Bikini Shorts,underwear,Women,9.9,9.9,False,1,9.9,Paynow
PUN-20260604-0167,2,2026-06-04 20:37:11,Punggol,SOK-W-02,Women's Pile Crew Socks,Socks,Women,5.9,5.9,False,1,5.9,NETS
BUG-20260604-0277,2,2026-06-04 17:50:41,Bugis,UND-W-04,Women's Airism T-Shirt Bra,Underwear,Women,29.9,29.9,False,1,29.9,Card
PUN-20260604-0474,2,2026-06-04 20:56:03,Punggol,TOP-W-04,Women's Heattech Crew Neck Long Sleeve Tee,Tops,Women,14.9,14.9,False,1,14.9,Card
ORC-20260604-0169,2,2026-06-04 17:39:54,Orchard Central,BTM-W-03,Women's Ezy Ankle Pants,Bottoms,Women,29.9,29.9,False,1,29.9,NETS
PUN-20260604-0288,3,2026-06-04 21:05:37,Punggol,TOP-M-02,Men's Supima Cotton Polo Shirt,Tops,Men,29.9,29.9,False,1,29.9,Card
PUN-20260604-0467,1,2026-06-04 21:06:10,Punggol,BTM-W-09,Women's Sweat Shorts,Bottoms,Women,19.9,19.9,False,1,19.9,PayNow
BUG-20260604-0351,1,2026-06-04 21:20:27,Bugis,SOK-M-05,Men's Sport Ankle Socks,Socks,Men,$5.9,5.9,False,1,5.9,Card
ORC-20260604-0466,2,2026-06-04 21:06:08,Orchard Central,BTM-M-03,Men's Selvedge Regular Fit Jeans,Bottoms,Men,59.9,59.9,False,1,59.9,PayNow
ORC-20260604-1384,2,2026-06-04 16:00:27,Orchard Central,TOP-M-01,Men's Airism Cotton Crew Neck T-Shirt,Tops,Men,14.9,14.9,False,1,$14.9,Card
PUN-20260604-0251,3,2026-06-04 19:16:32,Punggol,SOK-W-03,Women's Airism Low-Cut Socks,Socks,women,5.9,5.9,False,1,5.9,Card
ORC-20260604-0862,1,2026-06-04 11:23:22,Orchard Central,SOK-W-01,Women's Ankle Socks 3-Pack,Socks,Women,14.9,14.9,False,1,14.9,NETS
ORC-20260604-1387,2,2026-06-04 16:13:42,Orchard Central,UND-W-03,Women's Cotton Blend Briefs,Underwear,Women,9.9,9.9,False,1,9.9,PayNow
BUG-20260604-0696,2,2026-06-04 14:55:21,bugis,UND-M-08,Men's Airism V-Neck Undershirt,Underwear,Men,9.9,9.9,False,1,9.9,NETS
BUG-20260604-0846,3,2026-06-04 21:03:21,Bugis,UND-M-03,Men's Airism Mesh Boxer Briefs,UNDERWEAR,Men,$14.9,14.9,False,1,14.9,PayNow
ORC-20260604-0275,3,2026-06-04 18:45:33,Orchard Central,UND-W-03,  Women's Cotton Blend Briefs  ,underwear,Women,9.9,9.9,False,1,9.9,Card
ORC-20260604-1092,3,2026-06-04 20:24:37,Orchard Central,BTM-M-01,Men's Ezy Ankle Pants,Bottoms,Men,29.9,29.9,False,1,29.9,Card
PUN-20260604-0525,3,2026-06-04 20:02:40,Punggol,TOP-W-01,Women's Airism Cotton Crew Neck T-Shirt,Tops,Women,14.9,14.9,False,1,14.9,PayNow
BUG-20260604-0820,2,2026-06-04 17:50:19,bugis,SOK-W-03,Women's Airism Low-Cut Socks,Socks,Women,5.9,5.9,False,1,5.9,Card
ORC-20260604-0085,2,2026-06-04 19:39:15,Orchard Central,BTM-W-03,Women's Ezy Ankle Pants,Bottoms,WOMEN,29.9,29.9,False,1,29.9,Paynow
BUG-20260604-0231,1,2026-06-04 22:47:27,Bugis,SOK-M-02,Men's Pile Crew Socks,Socks,Men,5.9,5.9,False,1,5.9,PayNow
PUN-20260604-0026,2,2026-06-04 17:41:14,PUNGGOL,SOK-W-01,Women's Ankle Socks 3-Pack,Socks,WOMEN,14.9,14.9,False,1,14.9,Card
ORC-20260604-0435,1,2026-06-04 21:54:23,Orchard Central,UND-W-03,Women's Cotton Blend Briefs,Underwear,Women,9.9,9.9,False,1,9.9,Card
ORC-20260604-1055,3,2026-06-04 13:55:11,Orchard Central,SOK-M-02,Men's Pile Crew Socks,Socks,Men,5.9,5.9,False,1,5.9,PayNow
BUG-20260604-0610,1,2026-06-04 21:59:50,Bugis,BTM-W-03,Women's Ezy Ankle Pants,Bottoms,WOMEN,29.9,29.9,False,1,29.9,NETS
ORC-20260604-1131,1,2026-06-04 20:34:20,Orchard Central,TOP-W-02,Women's Ribbed Long Sleeve Turtleneck,Tops,Women,19.9,19.9,False,1,19.9,PayNow
ORC-20260604-0900,1,2026-06-04 20:59:58,Orchard Central,UND-M-03,Men's Airism Mesh Boxer Briefs,Underwear,Men,14.9,14.9,False,1,14.9,NETS
BUG-20260604-0227,2,2026-06-04 19:57:01,Bugis,SOK-W-02,Women's Pile Crew Socks,socks,Women,5.9,5.9,False,1,5.9,Paynow
ORC-20260604-0038,1,2026-06-04 21:01:31,Orchard Central,SOK-W-03,Women's Airism Low-Cut Socks,Socks,Women,5.9,5.9,False,1,5.9,Cash
BUG-20260604-0591,1,2026-06-04 22:25:25,Bugis,UND-W-01,Women's Airism Bikini Shorts,Underwear,Women,9.9,9.9,False,1,9.9,
BUG-20260604-0612,2,2026-06-04 19:50:38,Bugis,UND-M-01,Men's Airism Boxer Briefs,underwear,Men,14.9,14.9,False,1,14.9,Card
BUG-20260604-0526,2,2026-06-04 12:30:58,Bugis,UND-W-01,Women's Airism Bikini Shorts,Underwear,Women,9.9,9.9,False,1,9.9,Card
PUN-20260604-0165,1,2026-06-04 18:09:09,Punggol,UND-M-03,Men's Airism Mesh Boxer Briefs,Underwear,Men,14.9,14.9,False,1,14.9,Card
ORC-20260604-0271,1,2026-06-04 17:19:35,Orchard Central,UND-W-03,Women's Cotton Blend Briefs,underwear,Women,9.9,9.9,False,1,9.9,Card
BUG-20260604-0044,2,2026-06-04 17:37:21,Bugis,SOK-W-01,Women's Ankle Socks 3-Pack,Socks,Women,14.9,14.9,False,1,14.9,Card
ORC-20260604-0827,2,2026-06-04 19:29:18,Orchard Central,BTM-W-02,Women's High-Rise Wide Leg Pants,Bottoms,Women,39.9,39.9,False,1,39.9,card
PUN-20260604-0365,1,2026-06-04 19:26:20,Punggol,UND-W-01,Women's Airism Bikini Shorts,Underwear,Women,9.9,9.9,False,2,19.8,NETS
BUG-20260604-0627,1,2026-06-04 18:30:37,BUGIS,BTM-M-01,Men's Ezy Ankle Pants,Bottoms,Men,29.9,29.9,False,1,$29.9,Paynow
ORC-20260604-0878,2,2026-06-04 11:10:18,Orchard Central,UND-M-01,Men's Airism Boxer Briefs,Underwear,men,14.9,14.9,False,1,14.9,card
ORC-20260604-0845,1,2026-06-04 19:02:42,Orchard Central,BTM-M-03,Men's Selvedge Regular Fit Jeans,Bottoms,Men,59.9,59.9,False,1,59.9,NETS
BUG-20260604-0198,1,2026-06-04 20:21:16,Bugis,SOK-W-03,,Socks,Women,5.9,5.9,False,1,5.9,PayNow
PUN-20260604-0479,2,2026-06-04 22:50:27,Punggol,SOK-M-04,Men's Ribbed Crew Socks,Socks,Men,5.9,5.9,False,2,11.8,Card
PUN-20260604-0428,1,2026-06-04 21:59:05,Punggol,TOP-W-03,Women's Silky Satin Blouse,Tops,Women,39.9,39.9,False,1,39.9,NETS
ORC-20260604-1391,2,2026-06-04 16:20:45,Orchard Central,BTM-W-03,Women's Ezy Ankle Pants,Bottoms,Women,29.9,29.9,False,1,$29.9,Cash
PUN-20260604-0546,1,2026-06-04 14:37:05,Punggol,TOP-W-02,Women's Ribbed Long Sleeve Turtleneck,Tops,Women,19.9,19.9,False,1,19.9,Paynow
BUG-20260604-0062,1,2026-06-04 12:34:51,Bugis,SOK-W-02,Women's Pile Crew Socks,socks,Women,5.9,5.9,False,1,5.9,NETS
BUG-20260604-0367,1,2026-06-04 12:50:19,Bugis,SOK-W-02,Women's Pile Crew Socks,Socks,Women,5.9,5.9,False,1,5.9,PayNow
ORC-20260604-0330,1,2026-06-04 20:20:39,Orchard Central,SOK-M-09,Men's No-Show Sneaker Socks,Socks,Men,4.11,5.9,True,1,4.11,Card
ORC-20260604-0086,2,2026-06-04 22:28:35,Orchard Central,UND-M-04,Men's Cotton Crew Neck Undershirt,Underwear,Men,14.9,14.9,False,2,29.8,Card
ORC-20260604-0063,2,2026-06-04 21:17:27,  orchard central  ,SOK-M-03,Men's Airism Low-Cut Socks,Socks,Men,5.9,5.9,False,1,5.9,Card
BUG-20260604-0526,3,2026-06-04 12:30:58,Bugis,BTM-M-03,Men's Selvedge Regular Fit Jeans,Bottoms,Men,59.9,59.9,False,1,59.9,Card
ORC-20260604-0280,3,2026-06-04 16:39:15,Orchard Central,SOK-M-03,Men's Airism Low-Cut Socks,socks,Men,5.9,5.9,False,1,5.9,Card
PUN-20260604-0322,1,2026-06-04 20:56:41,Punggol,SOK-W-03,Women's Airism Low-Cut Socks,Socks,Women,5.9,5.9,False,1,5.9,PAYNOW
PUN-20260604-0295,1,2026-06-04 13:43:55,Punggol,SOK-W-03,Women's Airism Low-Cut Socks,Socks,Women,5.9,5.9,False,1,5.9,Card
ORC-20260604-1177,3,2026-06-04 14:55:05,Orchard Central,SOK-M-04,Men's Ribbed Crew Socks,Socks,Men,5.9,5.9,False,2,11.8,Cash
ORC-20260604-1150,2,2026-06-04 19:25:09,Orchard Central,SOK-M-09,Men's No-Show Sneaker Socks,Socks,Men,4.11,5.9,True,1,4.11,NETS
ORC-20260604-0749,3,2026-06-04 21:34:58,orchard central,TOP-W-01,Women's Airism Cotton Crew Neck T-Shirt,tops,Women,14.9,14.9,False,1,14.9,Card
BUG-20260604-0419,1,2026-06-04 20:29:06,Bugis,SOK-W-02,Women's Pile Crew Socks,Socks,Women,5.9,5.9,False,1,5.9,Card
PUN-20260604-0056,1,2026-06-04 11:57:34,Punggol,BTM-W-01,Women's Ultra Stretch Skinny Jeans,Bottoms,Women,39.9,39.9,False,1,39.9,Card
ORC-20260604-0935,1,2026-06-04 18:00:36,Orchard Central,SOK-M-03,Men's Airism Low-Cut Socks,Socks,Men,5.9,5.9,False,2,11.8,Nets
ORC-20260604-0014,1,2026-06-04 21:02:57,Orchard Central,UND-M-02,  Men's Cotton Blend Trunks  ,UNDERWEAR,Men,14.9,14.9,False,1,14.9,Card
ORC-20260604-1090,1,2026-06-04 16:30:29,Orchard Central,SOK-M-09,  Men's No-Show Sneaker Socks  ,Socks,Men,4.11,5.9,True,1,$4.11,Card
ORC-20260604-0094,1,2026-06-04 15:07:51,Orchard Central,UND-W-02,  Women's Wireless Bra  ,UNDERWEAR,Women,29.9,29.9,False,1,29.9,Cash
BUG-20260604-0003,1,2026-06-04 15:03:30,Bugis,UND-W-01,Women's Airism Bikini Shorts,Underwear,Women,9.9,9.9,False,1,9.9,Card
BUG-20260604-0825,2,2026-06-04 21:33:35,Bugis,SOK-M-02,Men's Pile Crew Socks,Socks,Men,5.9,5.9,False,1,5.9,paynow
BUG-20260604-0823,1,2026-06-04 13:07:42,Bugis,SOK-W-02,Women's Pile Crew Socks,Socks,Women,5.9,5.9,False,1,5.9,Card
ORC-20260604-0624,1,2026-06-04 14:31:26,Orchard Central,SOK-M-02,Men's Pile Crew Socks,Socks,men,5.9,5.9,False,1,5.9,Cash
BUG-20260604-0812,1,2026-06-04 15:55:09,  Bugis  ,TOP-M-02,Men's Supima Cotton Polo Shirt,Tops,Men,29.9,29.9,False,1,29.9,Cash
BUG-20260604-0548,1,2026-06-04 19:27:44,Bugis,SOK-W-03,Women's Airism Low-Cut Socks,Socks,Women,5.9,5.9,False,1,5.9,PayNow
PUN-20260604-0398,2,2026-06-04 21:25:14,punggol,TOP-W-03,Women's Silky Satin Blouse,Tops,Women,39.9,39.9,False,1,39.9,NETS
ORC-20260604-1370,1,2026-06-04 18:24:43,Orchard Central,SOK-M-09,Men's No-Show Sneaker Socks,SOCKS,Men,4.11,5.9,True,1,4.11,card
ORC-20260604-0620,1,2026-06-04 13:20:54,Orchard Central,TOP-W-02,Women's Ribbed Long Sleeve Turtleneck,Tops,Women,19.9,19.9,False,1,19.9,Card
BUG-20260604-0396,2,2026-06-04 14:59:02,Bugis,SOK-M-04,Men's Ribbed Crew Socks,Socks,Men,5.9,5.9,False,1,5.9,card
ORC-20260604-0571,3,2026-06-04 19:51:48,Orchard Central,SOK-W-01,Women's Ankle Socks 3-Pack,Socks,Women,14.9,14.9,False,1,14.9,Card
BUG-20260604-0858,1,2026-06-04 20:37:50,Bugis,SOK-W-04,Women's Ribbed Crew Socks,Socks,Women,5.9,5.9,False,1,5.9,NETS
BUG-20260604-0683,2,2026-06-04 19:36:27,Bugis,SOK-M-04,Men's Ribbed Crew Socks,Socks,Men,5.9,5.9,False,1,5.9,Paynow
BUG-20260604-0132,1,2026-06-04 21:18:38,Bugis,SOK-M-02,Men's Pile Crew Socks,Socks,Men,5.9,5.9,False,1,5.9,PayNow
PUN-20260604-0200,2,2026-06-04 16:18:37,Punggol,UND-W-08,Women's Airism Camisole,Underwear,WOMEN,14.9,14.9,False,1,14.9,Card
ORC-20260604-0049,1,2026-06-04 19:11:50,Orchard Central,UND-W-04,Women's Airism T-Shirt Bra,Underwear,Women,29.9,29.9,False,1,29.9,Cash
ORC-20260604-1220,2,2026-06-04 17:12:02,Orchard Central,SOK-W-03,Women's Airism Low-Cut Socks,socks,Women,5.9,5.9,False,1,5.9,PayNow
ORC-20260604-1321,3,2026-06-04 21:47:01,Orchard Central,SOK-W-03,Women's Airism Low-Cut Socks,Socks,Women,5.9,5.9,False,1,5.9,PayNow
BUG-20260604-0727,1,2026-06-04 18:12:36,  Bugis  ,TOP-W-02,Women's Ribbed Long Sleeve Turtleneck,Tops,Women,19.9,19.9,False,1,19.9,PayNow
BUG-20260604-0113,1,2026-06-04 14:50:21,Bugis,UND-M-01,Men's Airism Boxer Briefs,Underwear,MEN,$14.9,14.9,False,1,14.9,PayNow
ORC-20260604-1363,1,2026-06-04 18:47:49,Orchard Central,UND-W-03,Women's Cotton Blend Briefs,Underwear,Women,9.9,9.9,False,1,9.9,NETS
ORC-20260604-0081,1,2026-06-04 14:56:38,Orchard Central,UND-M-01,Men's Airism Boxer Briefs,UNDERWEAR,Men,14.9,14.9,False,1,14.9,Card
BUG-20260604-0286,1,2026-06-04 21:40:42,bugis,BTM-M-02,Men's Slim Fit Chino Trousers,Bottoms,Men,29.9,29.9,False,1,29.9,Card
PUN-20260604-0206,1,2026-06-04 22:58:39,  Punggol  ,SOK-W-02,Women's Pile Crew Socks,Socks,Women,5.9,5.9,False,1,5.9,Cash
BUG-20260604-0723,2,2026-06-04 18:10:47,Bugis,SOK-W-02,Women's Pile Crew Socks,Socks,Women,5.9,5.9,False,1,5.9,NETS
PUN-20260604-0012,1,2026-06-04 12:15:19,punggol,SOK-M-03,Men's Airism Low-Cut Socks,socks,Men,5.9,5.9,False,1,5.9,NETS
BUG-20260604-0398,1,2026-06-04 18:45:46,Bugis,TOP-M-01,Men's Airism Cotton Crew Neck T-Shirt,Tops,Men,14.9,14.9,False,1,14.9,PayNow
PUN-20260604-0586,2,2026-06-04 15:47:12,Punggol,UND-M-08,Men's Airism V-Neck Undershirt,Underwear,Men,9.9,9.9,False,2,19.8,PayNow
PUN-20260604-0107,1,2026-06-04 20:22:10,punggol,TOP-M-03,Men's Dry-EX Crew Neck T-Shirt,TOPS,Men,19.9,19.9,False,1,19.9,PayNow
ORC-20260604-0980,1,2026-06-04 21:44:25,Orchard Central,UND-W-03,Women's Cotton Blend Briefs,Underwear,Women,9.9,9.9,False,1,9.9,Card
BUG-20260604-0600,1,2026-06-04 19:42:46,Bugis,SOK-W-03,Women's Airism Low-Cut Socks,Socks,Women,5.9,5.9,False,1,5.9,Card
BUG-20260604-0293,2,2026-06-04 19:23:04,Bugis,UND-W-04,Women's Airism T-Shirt Bra,Underwear,Women,29.9,29.9,False,2,59.8,Card
PUN-20260604-0488,1,2026-06-04 19:44:12,Punggol,SOK-M-04,Men's Ribbed Crew Socks,Socks,men,5.9,5.9,False,2,11.8,Card
PUN-20260604-0062,3,2026-06-04 18:53:47,Punggol,TOP-W-01,Women's Airism Cotton Crew Neck T-Shirt,Tops,women,14.9,14.9,False,1,14.9,paynow
BUG-20260604-0697,1,2026-06-04 20:18:29,Bugis,SOK-W-06,Women's Heattech Socks,socks,Women,9.9,9.9,False,2,19.8,Cash
ORC-20260604-0375,1,2026-06-04 19:34:38,Orchard Central,UND-W-04,Women's Airism T-Shirt Bra,Underwear,Women,29.9,29.9,False,1,29.9,Card
BUG-20260604-0277,1,2026-06-04 17:50:41,BUGIS,BTM-M-04,Men's Dry Stretch Shorts,Bottoms,Men,19.9,19.9,False,1,19.9,Card
BUG-20260604-0245,2,2026-06-04 11:42:07,Bugis,TOP-W-01,Women's Airism Cotton Crew Neck T-Shirt,Tops,Women,14.9,14.9,False,1,14.9,NETS
BUG-20260604-0099,2,2026-06-04 18:53:56,BUGIS,SOK-M-02,Men's Pile Crew Socks,Socks,Men,5.9,5.9,False,1,5.9,Cash
ORC-20260604-0361,2,2026-06-04 15:15:32,Orchard Central,UND-M-04,Men's Cotton Crew Neck Undershirt,Underwear,Men,14.9,14.9,False,1,14.9,Cash
BUG-20260604-0764,2,2026-06-04 17:17:11,Bugis,UND-M-04,Men's Cotton Crew Neck Undershirt,Underwear,Men,14.9,14.9,False,1,14.9,Cash
ORC-20260604-1336,1,2026-06-04 19:43:23,Orchard Central,TOP-W-01,Women's Airism Cotton Crew Neck T-Shirt,Tops,Women,14.9,14.9,False,1,14.9,Card
BUG-20260604-0224,2,2026-06-04 20:53:58,Bugis,BTM-M-08,Men's Relaxed Fit Denim Shorts,Bottoms,Men,22.99,29.9,True,1,22.99,Cash
PUN-20260604-0127,3,2026-06-04 20:43:06,Punggol,SOK-W-02,Women's Pile Crew Socks,Socks,Women,5.9,5.9,False,1,5.9,Card
ORC-20260604-0331,3,2026-06-04 21:54:20,Orchard Central,TOP-M-03,Men's Dry-EX Crew Neck T-Shirt,Tops,Men,19.9,19.9,False,1,19.9,Card
ORC-20260604-0384,1,2026-06-04 21:32:42,Orchard Central,SOK-W-02,Women's Pile Crew Socks,Socks,Women,5.9,5.9,False,1,5.9,Card
BUG-20260604-0873,3,2026-06-04 19:32:45,Bugis,SOK-W-01,Women's Ankle Socks 3-Pack,Socks,Women,14.9,14.9,False,1,$14.9,NETS
ORC-20260604-0208,2,2026-06-04 20:26:11,Orchard Central,SOK-W-09,  Women's No-Show Sneaker Socks  ,Socks,Women,$5.9,5.9,False,1,5.9,NETS
ORC-20260604-0472,2,2026-06-04 16:09:11,Orchard Central,SOK-M-09,Men's No-Show Sneaker Socks,Socks,Men,4.11,5.9,True,1,4.11,Card
ORC-20260604-0475,1,2026-06-04 14:51:34,Orchard Central,SOK-M-09,Men's No-Show Sneaker Socks,Socks,men,4.11,5.9,True,2,8.22,Card
PUN-20260604-0145,2,2026-06-04 16:14:39,Punggol,BTM-M-08,Men's Relaxed Fit Denim Shorts,Bottoms,Men,22.99,29.9,True,1,22.99,Card
BUG-20260604-0263,1,2026-06-04 16:17:29,Bugis,BTM-W-04,Women's Denim Straight Jeans,bottoms,Women,49.9,49.9,False,1,$49.9,CASH
BUG-20260604-0506,1,2026-06-04 18:35:45,Bugis,SOK-W-03,Women's Airism Low-Cut Socks,Socks,Women,5.9,5.9,False,1,5.9,Cash
BUG-20260604-0859,1,2026-06-04 19:57:17,Bugis,UND-M-01,  Men's Airism Boxer Briefs  ,Underwear,Men,14.9,14.9,False,1,14.9,card
ORC-20260604-0067,2,2026-06-04 14:25:56,Orchard Central,TOP-M-01,  Men's Airism Cotton Crew Neck T-Shirt  ,tops,Men,14.9,14.9,False,1,14.9,Nets
BUG-20260604-0659,1,2026-06-04 17:42:07,Bugis,UND-M-04,Men's Cotton Crew Neck Undershirt,Underwear,Men,14.9,14.9,False,1,14.9,Card
BUG-20260604-0399,1,2026-06-04 20:57:48,Bugis,SOK-M-02,Men's Pile Crew Socks,Socks,Men,5.9,5.9,False,1,5.9,Cash
BUG-20260604-0601,1,2026-06-04 20:12:57,Bugis,TOP-W-01,Women's Airism Cotton Crew Neck T-Shirt,TOPS,women,14.9,14.9,False,1,14.9,NETS
ORC-20260604-0024,2,2026-06-04 20:36:41,Orchard Central,SOK-W-02,Women's Pile Crew Socks,Socks,Women,5.9,5.9,False,1,5.9,PayNow
BUG-20260604-0525,1,2026-06-04 21:00:08,Bugis,SOK-M-04,Men's Ribbed Crew Socks,Socks,Men,5.9,5.9,False,1,5.9,Card
BUG-20260604-0491,1,2026-06-04 15:12:33,  bugis  ,SOK-W-02,Women's Pile Crew Socks,SOCKS,Women,5.9,5.9,False,1,5.9,NETS
ORC-20260604-1261,1,2026-06-04 22:51:13,Orchard Central,SOK-W-01,Women's Ankle Socks 3-Pack,Socks,Women,14.9,14.9,False,1,14.9,Card
ORC-20260604-0931,2,2026-06-04 20:38:07,  Orchard Central  ,SOK-M-07,Men's Striped Crew Socks,Socks,Men,5.9,5.9,False,1,5.9,NETS
BUG-20260604-0437,1,2026-06-04 13:00:41,bugis,SOK-M-04,Men's Ribbed Crew Socks,Socks,Men,5.9,5.9,False,1,5.9,Cash
BUG-20260604-0527,1,2026-06-04 22:37:38,Bugis,UND-M-03,  Men's Airism Mesh Boxer Briefs  ,Underwear,men,14.9,14.9,False,1,14.9,NETS
ORC-20260604-0237,3,2026-06-04 20:59:04,Orchard Central,SOK-W-02,  Women's Pile Crew Socks  ,Socks,Women,5.9,5.9,False,1,5.9,CARD
ORC-20260604-0704,1,2026-06-04 14:49:42,Orchard Central,TOP-M-02,Men's Supima Cotton Polo Shirt,Tops,Men,29.9,29.9,False,1,29.9,Cash
BUG-20260604-0257,1,2026-06-04 20:52:51,  Bugis  ,SOK-W-06,Women's Heattech Socks,Socks,Women,9.9,9.9,False,1,9.9,Card
BUG-20260604-0411,1,2026-06-04 17:28:04,bugis,UND-W-01,Women's Airism Bikini Shorts,Underwear,Women,9.9,9.9,False,1,9.9,Card
PUN-20260604-0421,2,2026-06-04 16:28:30,Punggol,UND-W-03,Women's Cotton Blend Briefs,Underwear,Women,9.9,9.9,False,1,9.9,nets
PUN-20260604-0514,1,2026-06-04 11:05:08,Punggol,BTM-M-03,  Men's Selvedge Regular Fit Jeans  ,bottoms,Men,59.9,59.9,False,1,59.9,PayNow
ORC-20260604-1197,2,2026-06-04 19:13:15,Orchard Central,SOK-M-02,Men's Pile Crew Socks,Socks,Men,5.9,5.9,False,1,5.9,Cash
BUG-20260604-0054,3,2026-06-04 19:03:43,Bugis,SOK-M-01,  Men's Ankle Socks 3-Pack  ,socks,Men,14.9,14.9,False,1,14.9,PayNow
BUG-20260604-0816,3,2026-06-04 20:55:13,Bugis,UND-W-01,Women's Airism Bikini Shorts,Underwear,Women,9.9,9.9,False,1,9.9,Card
BUG-20260604-0543,3,2026-06-04 11:10:18,Bugis,BTM-W-03,Women's Ezy Ankle Pants,Bottoms,WOMEN,29.9,29.9,False,1,29.9,NETS
PUN-20260604-0566,1,2026-06-04 18:01:59,Punggol,TOP-W-04,Women's Heattech Crew Neck Long Sleeve Tee,Tops,Women,14.9,14.9,False,1,14.9,Cash
PUN-20260604-0139,3,2026-06-04 13:28:15,Punggol,SOK-W-03,Women's Airism Low-Cut Socks,Socks,Women,5.9,5.9,False,1,5.9,Card
PUN-20260604-0416,3,2026-06-04 21:15:14,Punggol,SOK-W-01,Women's Ankle Socks 3-Pack,Socks,Women,14.9,14.9,False,1,14.9,Card
ORC-20260604-0720,3,2026-06-04 18:37:56,Orchard Central,UND-W-10,Women's Wireless Bralette,Underwear,Women,29.9,29.9,False,1,29.9,PayNow
PUN-20260604-0488,3,2026-06-04 19:44:12,  Punggol  ,SOK-M-02,Men's Pile Crew Socks,Socks,Men,5.9,5.9,False,1,5.9,Card
PUN-20260604-0451,1,2026-06-04 18:13:58,  Punggol  ,SOK-M-01,Men's Ankle Socks 3-Pack,Socks,MEN,14.9,14.9,False,1,14.9,Card
PUN-20260604-0463,1,2026-06-04 18:55:27,  Punggol  ,UND-M-02,  Men's Cotton Blend Trunks  ,underwear,Men,14.9,14.9,False,1,14.9,Cash
ORC-20260604-0641,2,2026-06-04 11:46:14,Orchard Central,UND-W-03,Women's Cotton Blend Briefs,Underwear,Women,9.9,9.9,False,1,9.9,Card
PUN-20260604-0027,2,2026-06-04 19:35:47,Punggol,SOK-W-02,  Women's Pile Crew Socks  ,Socks,Women,5.9,5.9,False,1,5.9,Card
PUN-20260604-0475,3,2026-06-04 19:08:04,Punggol,TOP-M-04,Men's Oxford Long Sleeve Shirt,TOPS,Men,29.9,29.9,False,1,29.9,Cash
ORC-20260604-0473,3,2026-06-04 17:23:47,Orchard Central,TOP-M-01,Men's Airism Cotton Crew Neck T-Shirt,Tops,Men,14.9,14.9,False,1,14.9,
BUG-20260604-0684,1,2026-06-04 21:42:33,Bugis,SOK-M-02,Men's Pile Crew Socks,Socks,Men,5.9,5.9,False,2,11.8,Card
ORC-20260604-0354,1,2026-06-04 18:47:25,Orchard Central,TOP-M-03,Men's Dry-EX Crew Neck T-Shirt,tops,Men,19.9,19.9,False,1,19.9,Cash
ORC-20260604-1257,1,2026-06-04 19:20:42,Orchard Central,TOP-M-02,Men's Supima Cotton Polo Shirt,Tops,Men,29.9,29.9,False,1,29.9,PayNow
ORC-20260604-0520,1,2026-06-04 20:46:46,Orchard Central,TOP-M-03,Men's Dry-EX Crew Neck T-Shirt,Tops,Men,19.9,19.9,False,1,19.9,Card
PUN-20260604-0289,1,2026-06-04 15:00:49,Punggol,SOK-W-04,Women's Ribbed Crew Socks,Socks,WOMEN,5.9,5.9,False,1,5.9,Card
PUN-20260604-0070,2,2026-06-04 12:17:06,Punggol,SOK-M-03,Men's Airism Low-Cut Socks,Socks,Men,5.9,5.9,False,2,11.8,Card
PUN-20260604-0347,1,2026-06-04 19:53:14,Punggol,UND-W-01,Women's Airism Bikini Shorts,UNDERWEAR,Women,9.9,9.9,False,1,9.9,Card
ORC-20260604-0053,2,2026-06-04 22:16:03,ORCHARD CENTRAL,UND-M-01,Men's Airism Boxer Briefs,Underwear,Men,14.9,14.9,False,1,14.9,Card
ORC-20260604-0653,2,2026-06-04 21:23:40,Orchard Central,TOP-W-02,Women's Ribbed Long Sleeve Turtleneck,Tops,Women,19.9,19.9,False,1,19.9,Card
BUG-20260604-0738,1,2026-06-04 20:27:51,Bugis,UND-W-04,Women's Airism T-Shirt Bra,Underwear,Women,29.9,29.9,False,1,29.9,CARD
BUG-20260604-0208,1,2026-06-04 21:06:59,Bugis,SOK-M-01,  Men's Ankle Socks 3-Pack  ,Socks,Men,14.9,14.9,False,1,14.9,Cash
BUG-20260604-0243,3,2026-06-04 15:43:47,Bugis,UND-W-01,  Women's Airism Bikini Shorts  ,Underwear,women,9.9,9.9,False,1,9.9,Card
BUG-20260604-0324,1,2026-06-04 18:20:44,Bugis,TOP-M-02,Men's Supima Cotton Polo Shirt,Tops,Men,29.9,29.9,False,1,29.9,NETS
ORC-20260604-0557,1,2026-06-04 18:50:55,Orchard Central,UND-M-06,Men's Airism Sleeveless Undershirt,Underwear,men,9.9,9.9,False,1,$9.9,PayNow
ORC-20260604-0150,1,2026-06-04 19:56:24,Orchard Central,SOK-M-03,Men's Airism Low-Cut Socks,Socks,Men,5.9,5.9,False,1,5.9,PayNow
ORC-20260604-1360,2,2026-06-04 17:29:43,Orchard Central,UND-W-03,Women's Cotton Blend Briefs,Underwear,Women,$9.9,9.9,False,1,9.9,Card
ORC-20260604-0173,1,2026-06-04 14:35:31,orchard central,TOP-W-02,  Women's Ribbed Long Sleeve Turtleneck  ,Tops,Women,19.9,19.9,False,1,19.9,Card
BUG-20260604-0829,3,2026-06-04 20:21:30,Bugis,BTM-W-01,Women's Ultra Stretch Skinny Jeans,Bottoms,Women,39.9,39.9,False,1,39.9,Nets
ORC-20260604-0646,3,2026-06-04 20:29:53,Orchard Central,SOK-W-03,Women's Airism Low-Cut Socks,Socks,Women,5.9,5.9,False,1,5.9,PAYNOW
ORC-20260604-1269,2,2026-06-04 19:17:37,Orchard Central,TOP-W-01,Women's Airism Cotton Crew Neck T-Shirt,Tops,Women,14.9,14.9,False,1,14.9,Cash
ORC-20260604-1187,3,2026-06-04 20:31:09,Orchard Central,SOK-M-04,Men's Ribbed Crew Socks,Socks,Men,5.9,5.9,False,1,5.9,Cash
PUN-20260604-0539,2,2026-06-04 20:52:42,Punggol,SOK-W-04,Women's Ribbed Crew Socks,Socks,Women,5.9,5.9,False,2,11.8,CASH
ORC-20260604-1088,1,2026-06-04 14:59:49,Orchard Central,SOK-W-03,Women's Airism Low-Cut Socks,Socks,Women,5.9,5.9,False,1,5.9,PayNow
ORC-20260604-0282,2,2026-06-04 20:46:34,Orchard Central,SOK-M-03,Men's Airism Low-Cut Socks,Socks,Men,5.9,5.9,False,2,11.8,Card
BUG-20260604-0558,3,2026-06-04 19:23:46,Bugis,SOK-W-02,Women's Pile Crew Socks,Socks,Women,5.9,5.9,False,2,11.8,Card
BUG-20260604-0520,1,2026-06-04 20:03:09,Bugis,UND-M-01,Men's Airism Boxer Briefs,Underwear,Men,14.9,14.9,False,2,29.8,PayNow
BUG-20260604-0540,2,2026-06-04 20:16:53,Bugis,SOK-M-04,Men's Ribbed Crew Socks,Socks,Men,5.9,5.9,False,1,5.9,Card
BUG-20260604-0597,3,2026-06-04 18:24:18,Bugis,UND-W-01,Women's Airism Bikini Shorts,Underwear,Women,9.9,9.9,False,1,9.9,Card
BUG-20260604-0789,3,2026-06-04 18:50:06,Bugis,UND-M-01,Men's Airism Boxer Briefs,Underwear,Men,14.9,14.9,False,2,29.8,Card
ORC-20260604-0841,1,2026-06-04 21:14:31,Orchard Central,BTM-M-02,Men's Slim Fit Chino Trousers,Bottoms,Men,29.9,29.9,False,1,29.9,NETS
ORC-20260604-0782,2,2026-06-04 19:15:49,Orchard Central,TOP-M-01,Men's Airism Cotton Crew Neck T-Shirt,Tops,Men,14.9,14.9,False,1,14.9,Card
ORC-20260604-0542,2,2026-06-04 17:12:08,Orchard Central,UND-M-04,Men's Cotton Crew Neck Undershirt,UNDERWEAR,Men,14.9,14.9,False,1,14.9,CARD
BUG-20260604-0626,1,2026-06-04 19:25:27,Bugis,SOK-W-03,Women's Airism Low-Cut Socks,Socks,Women,5.9,5.9,False,1,5.9,NETS
ORC-20260604-1334,1,2026-06-04 17:04:28,Orchard Central,SOK-M-02,Men's Pile Crew Socks,SOCKS,Men,5.9,5.9,False,1,5.9,NETS
ORC-20260604-0939,2,2026-06-04 17:36:08,Orchard Central,SOK-W-03,Women's Airism Low-Cut Socks,Socks,Women,5.9,5.9,False,1,5.9,Card
ORC-20260604-1234,2,2026-06-04 21:54:07,Orchard Central,BTM-W-04,  Women's Denim Straight Jeans  ,Bottoms,Women,49.9,49.9,False,1,49.9,Card
ORC-20260604-1117,1,2026-06-04 19:34:50,Orchard Central,TOP-W-02,Women's Ribbed Long Sleeve Turtleneck,Tops,Women,19.9,19.9,False,1,19.9,Cash
PUN-20260604-0170,2,2026-06-04 20:55:45,punggol,SOK-M-04,Men's Ribbed Crew Socks,Socks,Men,5.9,5.9,False,1,5.9,Card
BUG-20260604-0635,1,2026-06-04 18:26:18,Bugis,SOK-W-03,Women's Airism Low-Cut Socks,socks,Women,5.9,5.9,False,1,5.9,Card
BUG-20260604-0646,2,2026-06-04 19:41:11,Bugis,UND-W-03,Women's Cotton Blend Briefs,Underwear,Women,9.9,9.9,False,1,9.9,Card
ORC-20260604-0806,1,2026-06-04 11:13:40,Orchard Central,SOK-M-04,Men's Ribbed Crew Socks,Socks,MEN,5.9,5.9,False,1,5.9,paynow
ORC-20260604-0231,2,2026-06-04 11:20:50,Orchard Central,BTM-M-01,Men's Ezy Ankle Pants,Bottoms,Men,29.9,29.9,False,1,29.9,PayNow
ORC-20260604-0883,1,2026-06-04 20:14:31,Orchard Central,SOK-M-02,Men's Pile Crew Socks,Socks,Men,5.9,5.9,False,1,5.9,Card
PUN-20260604-0557,1,2026-06-04 22:43:55,Punggol,SOK-M-04,Men's Ribbed Crew Socks,Socks,Men,5.9,5.9,False,1,5.9,PayNow
PUN-20260604-0556,2,2026-06-04 16:11:38,Punggol,TOP-M-01,Men's Airism Cotton Crew Neck T-Shirt,Tops,Men,14.9,14.9,False,1,14.9,Card
ORC-20260604-0631,2,2026-06-04 11:33:57,  orchard central  ,TOP-M-01,Men's Airism Cotton Crew Neck T-Shirt,Tops,Men,14.9,14.9,False,1,14.9,NETS
ORC-20260604-0537,2,2026-06-04 21:36:40,ORCHARD CENTRAL,UND-M-04,Men's Cotton Crew Neck Undershirt,Underwear,Men,$14.9,14.9,False,1,14.9,Card
ORC-20260604-0387,1,2026-06-04 18:57:35,Orchard Central,SOK-M-09,Men's No-Show Sneaker Socks,Socks,Men,4.11,5.9,True,1,4.11,Card
BUG-20260604-0314,1,2026-06-04 12:47:56,Bugis,BTM-W-02,Women's High-Rise Wide Leg Pants,Bottoms,Women,39.9,39.9,False,1,39.9,Cash
BUG-20260604-0468,1,2026-06-04 22:38:15,  Bugis  ,UND-W-03,Women's Cotton Blend Briefs,Underwear,Women,9.9,9.9,False,1,9.9,NETS
ORC-20260604-1293,1,2026-06-04 20:31:24,Orchard Central,SOK-W-02,Women's Pile Crew Socks,Socks,Women,$5.9,5.9,False,1,5.9,NETS
BUG-20260604-0440,1,2026-06-04 22:39:06,Bugis,SOK-M-03,Men's Airism Low-Cut Socks,SOCKS,Men,5.9,5.9,False,1,5.9,NETS
BUG-20260604-0144,1,2026-06-04 14:38:16,Bugis,SOK-W-10,Women's Wool Blend Socks,Socks,Women,9.9,9.9,False,1,9.9,NETS
ORC-20260604-1257,2,2026-06-04 19:20:42,ORCHARD CENTRAL,SOK-M-09,Men's No-Show Sneaker Socks,socks,Men,4.11,5.9,True,1,4.11,PayNow
BUG-20260604-0625,2,2026-06-04 20:49:07,Bugis,BTM-M-04,  Men's Dry Stretch Shorts  ,Bottoms,MEN,19.9,19.9,False,1,19.9,Card
BUG-20260604-0302,2,2026-06-04 12:54:12,  Bugis  ,SOK-W-03,Women's Airism Low-Cut Socks,Socks,Women,5.9,5.9,False,1,5.9,Card
ORC-20260604-1438,1,2026-06-04 15:40:16,Orchard Central,SOK-M-09,Men's No-Show Sneaker Socks,Socks,Men,4.11,5.9,True,1,4.11,Paynow
PUN-20260604-0142,1,2026-06-04 11:31:57,Punggol,TOP-M-10,Men's Merino Blend V-Neck Sweater,tops,Men,39.9,39.9,False,1,39.9,PayNow
ORC-20260604-0932,1,2026-06-04 20:39:12,Orchard Central,TOP-W-02,Women's Ribbed Long Sleeve Turtleneck,Tops,Women,19.9,19.9,False,1,19.9,Card
ORC-20260604-0454,2,2026-06-04 16:15:11,Orchard Central,TOP-M-01,Men's Airism Cotton Crew Neck T-Shirt,Tops,Men,14.9,14.9,False,1,14.9,Card
ORC-20260604-0765,2,2026-06-04 20:36:58,Orchard Central,SOK-W-03,Women's Airism Low-Cut Socks,Socks,Women,5.9,5.9,False,1,5.9,PayNow
ORC-20260604-0185,2,2026-06-04 20:46:33,Orchard Central,SOK-W-02,Women's Pile Crew Socks,Socks,Women,5.9,5.9,False,1,5.9,Card
ORC-20260604-1292,3,2026-06-04 20:55:05,Orchard Central,SOK-W-02,Women's Pile Crew Socks,Socks,Women,5.9,5.9,False,2,11.8,Card
BUG-20260604-0340,2,2026-06-04 20:20:58,Bugis,SOK-W-03,Women's Airism Low-Cut Socks,Socks,Women,5.9,5.9,False,1,5.9,PayNow
ORC-20260604-0982,2,2026-06-04 17:31:53,Orchard Central,SOK-W-02,Women's Pile Crew Socks,Socks,Women,5.9,5.9,False,1,5.9,Cash
BUG-20260604-0602,1,2026-06-04 13:57:05,  Bugis  ,SOK-M-03,Men's Airism Low-Cut Socks,Socks,Men,5.9,5.9,False,1,5.9,card
PUN-20260604-0138,3,2026-06-04 20:03:42,Punggol,UND-W-01,Women's Airism Bikini Shorts,Underwear,Women,9.9,9.9,False,1,9.9,Cash
ORC-20260604-1194,3,2026-06-04 19:03:30,Orchard Central,SOK-W-02,Women's Pile Crew Socks,Socks,Women,5.9,5.9,False,2,11.8,Card
BUG-20260604-0828,2,2026-06-04 18:42:04,Bugis,BTM-W-01,Women's Ultra Stretch Skinny Jeans,Bottoms,Women,39.9,39.9,False,1,39.9,PayNow
ORC-20260604-0963,1,2026-06-04 11:13:18,ORCHARD CENTRAL,SOK-M-09,Men's No-Show Sneaker Socks,SOCKS,Men,4.11,5.9,True,1,4.11,Cash
BUG-20260604-0055,2,2026-06-04 18:56:59,Bugis,BTM-M-04,Men's Dry Stretch Shorts,Bottoms,Men,19.9,19.9,False,1,19.9,Card
ORC-20260604-0708,2,2026-06-04 19:21:42,Orchard Central,UND-M-01,  Men's Airism Boxer Briefs  ,Underwear,MEN,14.9,14.9,False,2,29.8,Card
ORC-20260604-0406,1,2026-06-04 21:50:18,Orchard Central,SOK-M-01,Men's Ankle Socks 3-Pack,Socks,Men,14.9,14.9,False,2,29.8,Card
ORC-20260604-0800,2,2026-06-04 15:00:16,Orchard Central,TOP-M-03,Men's Dry-EX Crew Neck T-Shirt,tops,Men,19.9,19.9,False,1,19.9,PayNow
BUG-20260604-0738,2,2026-06-04 20:27:51,Bugis,UND-M-03,Men's Airism Mesh Boxer Briefs,Underwear,Men,14.9,14.9,False,1,14.9,Card
PUN-20260604-0097,1,2026-06-04 19:51:22,Punggol,SOK-M-02,Men's Pile Crew Socks,Socks,Men,5.9,5.9,False,1,5.9,Card
ORC-20260604-1322,1,2026-06-04 15:36:04,Orchard Central,SOK-W-03,Women's Airism Low-Cut Socks,Socks,Women,5.9,5.9,False,1,5.9,NETS
ORC-20260604-1414,1,2026-06-04 18:42:26,Orchard Central,BTM-W-01,Women's Ultra Stretch Skinny Jeans,Bottoms,WOMEN,39.9,39.9,False,1,39.9,PayNow
BUG-20260604-0789,2,2026-06-04 18:50:06,Bugis,SOK-W-03,  Women's Airism Low-Cut Socks  ,Socks,Women,5.9,5.9,False,2,11.8,Card
ORC-20260604-0902,2,2026-06-04 16:15:21,Orchard Central,UND-M-01,Men's Airism Boxer Briefs,underwear,Men,14.9,14.9,False,1,14.9,card
ORC-20260604-1329,3,2026-06-04 17:47:26,  orchard central  ,SOK-M-04,Men's Ribbed Crew Socks,Socks,Men,5.9,5.9,False,1,5.9,Card
PUN-20260604-0521,2,2026-06-04 11:31:13,Punggol,SOK-W-02,Women's Pile Crew Socks,Socks,Women,5.9,5.9,False,1,5.9,Card
BUG-20260604-0183,3,2026-06-04 20:23:30,  Bugis  ,SOK-W-03,Women's Airism Low-Cut Socks,Socks,Women,5.9,5.9,False,1,5.9,PayNow
ORC-20260604-1019,1,2026-06-04 21:44:27,Orchard Central,SOK-W-01,Women's Ankle Socks 3-Pack,Socks,Women,14.9,14.9,False,1,14.9,Cash
BUG-20260604-0009,1,2026-06-04 21:37:34,Bugis,BTM-M-02,Men's Slim Fit Chino Trousers,Bottoms,Men,29.9,29.9,False,1,29.9,NETS
ORC-20260604-0543,2,2026-06-04 17:50:06,Orchard Central,BTM-M-01,  Men's Ezy Ankle Pants  ,Bottoms,Men,29.9,29.9,False,1,29.9,PayNow
ORC-20260604-1115,1,2026-06-04 18:54:04,Orchard Central,SOK-W-02,Women's Pile Crew Socks,Socks,Women,5.9,5.9,False,1,5.9,nets
BUG-20260604-0070,2,2026-06-04 18:09:38,Bugis,SOK-M-02,Men's Pile Crew Socks,Socks,Men,5.9,5.9,False,1,5.9,PayNow
PUN-20260604-0550,2,2026-06-04 18:12:23,Punggol,UND-M-02,Men's Cotton Blend Trunks,Underwear,Men,14.9,14.9,False,1,14.9,Cash
BUG-20260604-0602,2,2026-06-04 13:57:05,Bugis,SOK-M-02,Men's Pile Crew Socks,Socks,Men,5.9,5.9,False,1,5.9,Card
ORC-20260604-0135,1,2026-06-04 19:43:32,Orchard Central,UND-M-01,Men's Airism Boxer Briefs,Underwear,Men,$14.9,14.9,False,2,29.8,NETS
ORC-20260604-1182,2,2026-06-04 19:07:03,Orchard Central,UND-W-03,Women's Cotton Blend Briefs,Underwear,Women,9.9,9.9,False,1,9.9,nets
PUN-20260604-0094,1,2026-06-04 17:47:50,  Punggol  ,UND-W-01,Women's Airism Bikini Shorts,UNDERWEAR,Women,$9.9,9.9,False,1,9.9,NETS
BUG-20260604-0303,3,2026-06-04 19:13:15,BUGIS,SOK-W-01,Women's Ankle Socks 3-Pack,socks,Women,14.9,14.9,False,1,14.9,NETS
BUG-20260604-0695,3,2026-06-04 11:38:50,  Bugis  ,SOK-W-04,Women's Ribbed Crew Socks,Socks,Women,5.9,5.9,False,1,5.9,PayNow
BUG-20260604-0647,1,2026-06-04 19:06:04,  Bugis  ,SOK-W-02,Women's Pile Crew Socks,Socks,Women,5.9,5.9,False,1,5.9,PayNow
ORC-20260604-0989,1,2026-06-04 15:04:40,Orchard Central,UND-W-03,Women's Cotton Blend Briefs,Underwear,WOMEN,9.9,9.9,False,1,9.9,Card
ORC-20260604-0794,2,2026-06-04 20:03:27,Orchard Central,SOK-W-03,Women's Airism Low-Cut Socks,Socks,Women,5.9,5.9,False,1,5.9,Cash
BUG-20260604-0096,2,2026-06-04 22:20:21,bugis,SOK-W-04,Women's Ribbed Crew Socks,Socks,Women,5.9,5.9,False,1,5.9,Card
PUN-20260604-0309,2,2026-06-04 12:10:11,Punggol,UND-W-04,Women's Airism T-Shirt Bra,Underwear,Women,29.9,29.9,False,1,29.9,Card
ORC-20260604-1057,2,2026-06-04 16:31:36,Orchard Central,TOP-M-04,Men's Oxford Long Sleeve Shirt,Tops,Men,29.9,29.9,False,1,29.9,Card
BUG-20260604-0423,1,2026-06-04 20:45:12,Bugis,UND-M-03,,Underwear,MEN,14.9,14.9,False,1,14.9,Cash
BUG-20260604-0735,2,2026-06-04 11:29:46,Bugis,SOK-W-03,Women's Airism Low-Cut Socks,Socks,Women,5.9,5.9,False,1,5.9,PayNow
BUG-20260604-0069,2,2026-06-04 19:46:37,Bugis,SOK-M-01,Men's Ankle Socks 3-Pack,Socks,Men,14.9,14.9,False,2,29.8,Card
ORC-20260604-0767,2,2026-06-04 19:53:55,Orchard Central,TOP-M-04,Men's Oxford Long Sleeve Shirt,Tops,Men,29.9,29.9,False,1,29.9,PayNow
ORC-20260604-0796,2,2026-06-04 16:10:55,Orchard Central,SOK-M-09,Men's No-Show Sneaker Socks,Socks,Men,4.11,5.9,True,1,4.11,Card
PUN-20260604-0559,2,2026-06-04 20:52:25,Punggol,TOP-W-02,Women's Ribbed Long Sleeve Turtleneck,Tops,Women,19.9,19.9,False,1,19.9,NETS
PUN-20260604-0394,1,2026-06-04 19:27:03,Punggol,SOK-M-04,Men's Ribbed Crew Socks,Socks,Men,5.9,5.9,False,1,5.9,PayNow
BUG-20260604-0481,1,2026-06-04 18:31:10,Bugis,SOK-W-02,Women's Pile Crew Socks,Socks,Women,5.9,5.9,False,2,11.8,PayNow
ORC-20260604-0558,2,2026-06-04 14:42:00,Orchard Central,SOK-M-01,Men's Ankle Socks 3-Pack,Socks,Men,14.9,14.9,False,1,14.9,NETS
BUG-20260604-0290,1,2026-06-04 20:54:28,Bugis,SOK-W-04,Women's Ribbed Crew Socks,Socks,Women,5.9,5.9,False,1,$5.9,paynow
BUG-20260604-0607,1,2026-06-04 18:01:32,Bugis,BTM-W-01,Women's Ultra Stretch Skinny Jeans,Bottoms,Women,39.9,39.9,False,1,39.9,Cash
PUN-20260604-0329,1,2026-06-04 17:22:36,  Punggol  ,SOK-W-03,Women's Airism Low-Cut Socks,Socks,Women,5.9,5.9,False,1,5.9,NETS
ORC-20260604-1372,2,2026-06-04 22:34:54,  Orchard Central  ,BTM-W-01,Women's Ultra Stretch Skinny Jeans,Bottoms,Women,39.9,39.9,False,1,39.9,PayNow
ORC-20260604-0734,1,2026-06-04 14:42:55,Orchard Central,SOK-M-09,Men's No-Show Sneaker Socks,Socks,Men,4.11,5.9,True,1,4.11,Card
BUG-20260604-0690,1,2026-06-04 17:06:25,Bugis,SOK-M-04,Men's Ribbed Crew Socks,Socks,Men,5.9,5.9,False,1,5.9,PayNow
ORC-20260604-0605,1,2026-06-04 17:26:20,Orchard Central,SOK-M-07,Men's Striped Crew Socks,Socks,Men,5.9,5.9,False,1,5.9,Card
ORC-20260604-1413,3,2026-06-04 15:47:07,Orchard Central,SOK-M-09,Men's No-Show Sneaker Socks,Socks,Men,4.11,5.9,True,1,4.11,NETS
ORC-20260604-0382,1,2026-06-04 14:35:06,orchard central,SOK-W-02,  Women's Pile Crew Socks  ,socks,Women,5.9,5.9,False,2,11.8,PayNow
BUG-20260604-0625,1,2026-06-04 20:49:07,  Bugis  ,SOK-M-04,Men's Ribbed Crew Socks,Socks,Men,5.9,5.9,False,1,5.9,Card
ORC-20260604-0747,1,2026-06-04 19:09:32,Orchard Central,UND-W-03,Women's Cotton Blend Briefs,Underwear,Women,9.9,9.9,False,2,19.8,PAYNOW
ORC-20260604-0014,2,2026-06-04 21:02:57,ORCHARD CENTRAL,SOK-W-02,Women's Pile Crew Socks,Socks,Women,5.9,5.9,False,1,5.9,Card
ORC-20260604-1220,1,2026-06-04 17:12:02,Orchard Central,BTM-W-03,Women's Ezy Ankle Pants,Bottoms,Women,29.9,29.9,False,1,29.9,PayNow
PUN-20260604-0024,1,2026-06-04 14:14:07,Punggol,SOK-M-04,  Men's Ribbed Crew Socks  ,Socks,Men,5.9,5.9,False,1,5.9,paynow
BUG-20260604-0139,1,2026-06-04 20:40:26,Bugis,UND-W-03,Women's Cotton Blend Briefs,Underwear,WOMEN,9.9,9.9,False,1,9.9,Cash
ORC-20260604-0201,3,2026-06-04 22:02:03,  Orchard Central  ,UND-W-05,Women's Seamless Shorts,Underwear,Women,9.9,9.9,False,1,9.9,PAYNOW
BUG-20260604-0057,1,2026-06-04 18:14:55,Bugis,TOP-M-01,Men's Airism Cotton Crew Neck T-Shirt,Tops,Men,14.9,14.9,False,1,14.9,Cash
PUN-20260604-0346,1,2026-06-04 11:31:20,Punggol,SOK-W-02,Women's Pile Crew Socks,Socks,women,5.9,5.9,False,1,5.9,NETS
ORC-20260604-1411,2,2026-06-04 22:30:35,orchard central,TOP-M-01,Men's Airism Cotton Crew Neck T-Shirt,Tops,Men,14.9,14.9,False,1,14.9,Card
BUG-20260604-0351,3,2026-06-04 21:20:27,Bugis,BTM-M-02,Men's Slim Fit Chino Trousers,BOTTOMS,Men,29.9,29.9,False,1,29.9,Card
ORC-20260604-0942,3,2026-06-04 20:58:40,Orchard Central,SOK-W-02,Women's Pile Crew Socks,Socks,Women,5.9,5.9,False,1,$5.9,Card
PUN-20260604-0092,2,2026-06-04 12:45:22,Punggol,BTM-M-04,Men's Dry Stretch Shorts,Bottoms,Men,19.9,19.9,False,1,19.9,Card
ORC-20260604-1430,1,2026-06-04 20:40:44,orchard central,TOP-M-02,Men's Supima Cotton Polo Shirt,TOPS,Men,29.9,29.9,False,1,29.9,PayNow
BUG-20260604-0388,1,2026-06-04 19:01:16,Bugis,UND-M-01,Men's Airism Boxer Briefs,Underwear,Men,14.9,14.9,False,1,14.9,PAYNOW
ORC-20260604-0848,1,2026-06-04 20:28:17,Orchard Central,SOK-W-08,Women's Lace Trim Ankle Socks,Socks,women,5.9,5.9,False,1,5.9,Card
ORC-20260604-0334,1,2026-06-04 19:32:28,Orchard Central,SOK-M-04,Men's Ribbed Crew Socks,Socks,Men,5.9,5.9,False,2,11.8,Cash
ORC-20260604-0359,2,2026-06-04 19:50:46,Orchard Central,BTM-W-03,Women's Ezy Ankle Pants,Bottoms,Women,29.9,29.9,False,1,29.9,Card
PUN-20260604-0480,1,2026-06-04 21:59:39,Punggol,SOK-M-03,Men's Airism Low-Cut Socks,Socks,Men,5.9,5.9,False,1,5.9,Card
ORC-20260604-0009,1,2026-06-04 17:39:40,Orchard Central,SOK-M-04,Men's Ribbed Crew Socks,Socks,Men,5.9,5.9,False,1,5.9,Cash
ORC-20260604-0409,3,2026-06-04 18:27:52,Orchard Central,SOK-M-03,Men's Airism Low-Cut Socks,Socks,Men,5.9,5.9,False,1,5.9,Card
PUN-20260604-0493,3,2026-06-04 19:30:41,Punggol,SOK-W-02,Women's Pile Crew Socks,Socks,Women,5.9,5.9,False,2,11.8,Cash
ORC-20260604-0260,2,2026-06-04 17:52:42,Orchard Central,SOK-M-09,Men's No-Show Sneaker Socks,Socks,Men,4.11,5.9,True,1,4.11,CARD
ORC-20260604-0187,1,2026-06-04 19:26:53,Orchard Central,TOP-W-01,Women's Airism Cotton Crew Neck T-Shirt,Tops,Women,14.9,14.9,False,1,14.9,paynow
ORC-20260604-0286,3,2026-06-04 20:58:50,Orchard Central,TOP-W-01,Women's Airism Cotton Crew Neck T-Shirt,Tops,Women,14.9,14.9,False,1,14.9,Card
PUN-20260604-0327,3,2026-06-04 22:25:20,Punggol,TOP-W-02,Women's Ribbed Long Sleeve Turtleneck,tops,Women,19.9,19.9,False,1,19.9,Card
ORC-20260604-0957,2,2026-06-04 16:08:26,Orchard Central,UND-M-04,Men's Cotton Crew Neck Undershirt,Underwear,Men,14.9,14.9,False,1,14.9,Card
PUN-20260604-0421,3,2026-06-04 16:28:30,  Punggol  ,SOK-W-04,Women's Ribbed Crew Socks,Socks,Women,5.9,5.9,False,1,5.9,NETS
ORC-20260604-1439,1,2026-06-04 12:01:38,orchard central,TOP-M-02,Men's Supima Cotton Polo Shirt,tops,Men,29.9,29.9,False,1,29.9,PayNow
BUG-20260604-0709,3,2026-06-04 21:07:14,Bugis,TOP-M-01,Men's Airism Cotton Crew Neck T-Shirt,Tops,Men,14.9,14.9,False,1,14.9,PayNow
ORC-20260604-1317,1,2026-06-04 21:54:40,Orchard Central,SOK-M-03,Men's Airism Low-Cut Socks,Socks,Men,5.9,5.9,False,2,11.8,Card
BUG-20260604-0020,1,2026-06-04 18:23:58,Bugis,UND-M-01,Men's Airism Boxer Briefs,Underwear,MEN,$14.9,14.9,False,1,14.9,Cash
BUG-20260604-0885,1,2026-06-04 15:36:26,bugis,SOK-M-03,Men's Airism Low-Cut Socks,Socks,Men,5.9,5.9,False,1,5.9,Cash
PUN-20260604-0257,2,2026-06-04 13:57:07,Punggol,TOP-M-02,Men's Supima Cotton Polo Shirt,Tops,MEN,29.9,29.9,False,1,29.9,Card
ORC-20260604-1379,1,2026-06-04 18:30:39,ORCHARD CENTRAL,SOK-M-09,Men's No-Show Sneaker Socks,Socks,Men,4.11,5.9,True,1,4.11,Card
ORC-20260604-0585,1,2026-06-04 21:43:46,Orchard Central,TOP-W-02,Women's Ribbed Long Sleeve Turtleneck,Tops,Women,19.9,19.9,False,1,19.9,Card
ORC-20260604-0181,2,2026-06-04 21:19:31,Orchard Central,SOK-W-03,Women's Airism Low-Cut Socks,socks,Women,5.9,5.9,False,1,$5.9,PayNow
ORC-20260604-0020,1,2026-06-04 20:25:58,Orchard Central,UND-W-07,Women's Heattech Camisole,Underwear,Women,14.9,14.9,False,2,29.8,NETS
BUG-20260604-0478,1,2026-06-04 13:21:21,Bugis,UND-W-02,Women's Wireless Bra,Underwear,Women,29.9,29.9,False,1,29.9,Card
ORC-20260604-1450,1,2026-06-04 16:15:50,ORCHARD CENTRAL,BTM-M-01,Men's Ezy Ankle Pants,bottoms,Men,29.9,29.9,False,1,29.9,Card
ORC-20260604-1347,2,2026-06-04 12:08:04,  Orchard Central  ,SOK-W-01,Women's Ankle Socks 3-Pack,Socks,Women,14.9,14.9,False,1,$14.9,Nets
ORC-20260604-0389,1,2026-06-04 13:12:22,Orchard Central,TOP-M-03,Men's Dry-EX Crew Neck T-Shirt,Tops,Men,19.9,19.9,False,1,19.9,Card
ORC-20260604-0639,3,2026-06-04 17:10:22,Orchard Central,UND-M-01,  Men's Airism Boxer Briefs  ,UNDERWEAR,Men,14.9,14.9,False,1,14.9,Card
PUN-20260604-0112,2,2026-06-04 11:12:54,Punggol,TOP-W-02,Women's Ribbed Long Sleeve Turtleneck,Tops,Women,19.9,19.9,False,1,19.9,card
ORC-20260604-0820,2,2026-06-04 13:43:28,Orchard Central,SOK-M-03,Men's Airism Low-Cut Socks,Socks,Men,5.9,5.9,False,1,5.9,Cash
PUN-20260604-0450,2,2026-06-04 20:19:08,Punggol,SOK-M-01,Men's Ankle Socks 3-Pack,Socks,Men,14.9,14.9,False,1,14.9,NETS
BUG-20260604-0147,3,2026-06-04 17:29:05,Bugis,SOK-W-04,Women's Ribbed Crew Socks,Socks,Women,5.9,5.9,False,1,5.9,Card
BUG-20260604-0836,2,2026-06-04 11:22:41,Bugis,SOK-M-03,Men's Airism Low-Cut Socks,Socks,Men,5.9,5.9,False,1,5.9,Card
BUG-20260604-0864,3,2026-06-04 16:20:50,Bugis,TOP-M-01,Men's Airism Cotton Crew Neck T-Shirt,Tops,Men,14.9,14.9,False,1,14.9,Card
BUG-20260604-0085,3,2026-06-04 19:59:45,Bugis,UND-W-01,  Women's Airism Bikini Shorts  ,Underwear,Women,9.9,9.9,False,1,9.9,Card
ORC-20260604-0564,1,2026-06-04 13:35:48,Orchard Central,SOK-M-09,Men's No-Show Sneaker Socks,Socks,men,4.11,5.9,True,2,8.22,PayNow
ORC-20260604-1114,1,2026-06-04 13:12:15,orchard central,TOP-M-01,Men's Airism Cotton Crew Neck T-Shirt,Tops,Men,14.9,14.9,False,1,14.9,Cash
ORC-20260604-0670,2,2026-06-04 15:52:51,Orchard Central,BTM-M-04,  Men's Dry Stretch Shorts  ,Bottoms,Men,19.9,19.9,False,1,19.9,Card
PUN-20260604-0572,2,2026-06-04 20:33:23,Punggol,UND-W-01,Women's Airism Bikini Shorts,Underwear,Women,9.9,9.9,False,1,9.9,Card
ORC-20260604-1262,3,2026-06-04 22:59:40,Orchard Central,SOK-W-01,Women's Ankle Socks 3-Pack,Socks,Women,14.9,14.9,False,1,14.9,PayNow
BUG-20260604-0779,2,2026-06-04 19:58:56,Bugis,SOK-W-02,Women's Pile Crew Socks,Socks,Women,5.9,5.9,False,1,5.9,Card
BUG-20260604-0235,1,2026-06-04 19:05:52,Bugis,UND-W-01,Women's Airism Bikini Shorts,Underwear,Women,9.9,9.9,False,2,19.8,CARD
ORC-20260604-0718,2,2026-06-04 18:08:38,Orchard Central,SOK-M-02,Men's Pile Crew Socks,Socks,Men,5.9,5.9,False,2,11.8,card
ORC-20260604-0708,3,2026-06-04 19:21:42,Orchard Central,SOK-M-03,Men's Airism Low-Cut Socks,Socks,Men,5.9,5.9,False,1,5.9,Card
BUG-20260604-0021,3,2026-06-04 21:22:47,Bugis,SOK-W-02,  Women's Pile Crew Socks  ,Socks,Women,5.9,5.9,False,1,5.9,Card
BUG-20260604-0469,1,2026-06-04 16:42:49,Bugis,SOK-M-02,Men's Pile Crew Socks,Socks,MEN,5.9,5.9,False,1,5.9,Card
ORC-20260604-0165,1,2026-06-04 11:52:04,ORCHARD CENTRAL,UND-M-02,Men's Cotton Blend Trunks,Underwear,Men,14.9,14.9,False,1,14.9,Cash
ORC-20260604-0287,1,2026-06-04 16:44:16,orchard central,SOK-M-09,Men's No-Show Sneaker Socks,Socks,Men,4.11,5.9,True,1,4.11,PayNow
PUN-20260604-0253,1,2026-06-04 11:46:11,Punggol,SOK-W-04,  Women's Ribbed Crew Socks  ,Socks,Women,5.9,5.9,False,1,5.9,Cash
ORC-20260604-0916,2,2026-06-04 20:33:06,Orchard Central,SOK-W-03,  Women's Airism Low-Cut Socks  ,Socks,Women,5.9,5.9,False,1,5.9,NETS
ORC-20260604-1180,1,2026-06-04 11:48:13,Orchard Central,BTM-M-04,Men's Dry Stretch Shorts,Bottoms,Men,19.9,19.9,False,1,19.9,Cash
ORC-20260604-1395,1,2026-06-04 22:56:04,Orchard Central,UND-M-01,Men's Airism Boxer Briefs,Underwear,Men,14.9,14.9,False,1,14.9,Card
ORC-20260604-1157,1,2026-06-04 20:39:48,Orchard Central,SOK-W-02,Women's Pile Crew Socks,Socks,Women,5.9,5.9,False,1,5.9,NETS
ORC-20260604-0551,3,2026-06-04 19:56:41,Orchard Central,UND-M-02,Men's Cotton Blend Trunks,Underwear,Men,14.9,14.9,False,1,14.9,Card
BUG-20260604-0164,1,2026-06-04 22:37:46,Bugis,SOK-W-03,Women's Airism Low-Cut Socks,Socks,Women,5.9,5.9,False,1,5.9,PayNow
ORC-20260604-0238,1,2026-06-04 20:41:14,ORCHARD CENTRAL,UND-W-04,Women's Airism T-Shirt Bra,Underwear,Women,29.9,29.9,False,1,29.9,NETS
PUN-20260604-0081,3,2026-06-04 13:28:52,Punggol,TOP-W-04,Women's Heattech Crew Neck Long Sleeve Tee,tops,Women,14.9,14.9,False,1,14.9,Card
ORC-20260604-0395,2,2026-06-04 12:14:13,Orchard Central,SOK-M-09,  Men's No-Show Sneaker Socks  ,Socks,Men,4.11,5.9,True,1,4.11,Cash
BUG-20260604-0673,3,2026-06-04 16:44:38,Bugis,TOP-M-01,Men's Airism Cotton Crew Neck T-Shirt,Tops,Men,14.9,14.9,False,1,14.9,Paynow
ORC-20260604-0363,3,2026-06-04 21:58:46,  orchard central  ,SOK-W-02,Women's Pile Crew Socks,Socks,WOMEN,5.9,5.9,False,1,5.9,PayNow
ORC-20260604-0485,1,2026-06-04 17:45:53,orchard central,BTM-W-01,Women's Ultra Stretch Skinny Jeans,Bottoms,women,39.9,39.9,False,1,39.9,NETS
PUN-20260604-0302,2,2026-06-04 14:01:02,Punggol,SOK-W-04,Women's Ribbed Crew Socks,Socks,Women,5.9,5.9,False,1,5.9,NETS
BUG-20260604-0421,1,2026-06-04 17:41:19,  Bugis  ,UND-M-04,Men's Cotton Crew Neck Undershirt,Underwear,Men,14.9,14.9,False,1,14.9,PayNow
PUN-20260604-0128,2,2026-06-04 20:08:05,  Punggol  ,SOK-M-04,Men's Ribbed Crew Socks,Socks,Men,5.9,5.9,False,1,5.9,PayNow
PUN-20260604-0293,2,2026-06-04 13:42:44,Punggol,SOK-W-04,Women's Ribbed Crew Socks,Socks,Women,5.9,5.9,False,1,5.9,PayNow
ORC-20260604-1205,3,2026-06-04 13:23:55,Orchard Central,SOK-W-03,Women's Airism Low-Cut Socks,Socks,Women,5.9,5.9,False,2,11.8,Paynow
BUG-20260604-0010,2,2026-06-04 13:17:58,BUGIS,SOK-M-07,Men's Striped Crew Socks,Socks,Men,5.9,5.9,False,1,$5.9,Cash
ORC-20260604-1093,1,2026-06-04 21:57:36,Orchard Central,TOP-M-03,Men's Dry-EX Crew Neck T-Shirt,Tops,Men,19.9,19.9,False,1,19.9,Card
BUG-20260604-0197,1,2026-06-04 12:32:24,  Bugis  ,SOK-M-01,Men's Ankle Socks 3-Pack,Socks,Men,14.9,14.9,False,1,14.9,Cash
PUN-20260604-0513,2,2026-06-04 16:03:42,Punggol,SOK-W-03,Women's Airism Low-Cut Socks,Socks,Women,5.9,5.9,False,1,5.9,NETS
ORC-20260604-1368,1,2026-06-04 20:58:59,Orchard Central,SOK-W-02,Women's Pile Crew Socks,Socks,Women,5.9,5.9,False,1,5.9,PayNow
ORC-20260604-0444,2,2026-06-04 19:03:43,Orchard Central,SOK-M-03,Men's Airism Low-Cut Socks,SOCKS,Men,5.9,5.9,False,1,5.9,NETS
BUG-20260604-0365,1,2026-06-04 18:18:40,Bugis,BTM-M-08,Men's Relaxed Fit Denim Shorts,Bottoms,Men,22.99,29.9,True,1,22.99,NETS
ORC-20260604-0886,1,2026-06-04 22:03:08,Orchard Central,SOK-M-01,Men's Ankle Socks 3-Pack,Socks,Men,14.9,14.9,False,2,29.8,Card
ORC-20260604-0300,1,2026-06-04 19:13:55,Orchard Central,TOP-W-01,Women's Airism Cotton Crew Neck T-Shirt,Tops,Women,14.9,14.9,False,1,14.9,Card
PUN-20260604-0352,1,2026-06-04 16:57:12,PUNGGOL,UND-M-03,Men's Airism Mesh Boxer Briefs,Underwear,Men,14.9,14.9,False,1,14.9,PayNow
ORC-20260604-0180,2,2026-06-04 17:31:02,  Orchard Central  ,UND-M-04,Men's Cotton Crew Neck Undershirt,Underwear,Men,14.9,14.9,False,2,29.8,Card
PUN-20260604-0210,1,2026-06-04 16:35:40,Punggol,TOP-W-01,Women's Airism Cotton Crew Neck T-Shirt,Tops,Women,14.9,14.9,False,1,14.9,NETS
ORC-20260604-0923,2,2026-06-04 13:48:36,Orchard Central,SOK-W-03,Women's Airism Low-Cut Socks,Socks,Women,5.9,5.9,False,1,5.9,PayNow
BUG-20260604-0743,3,2026-06-04 20:17:48,Bugis,UND-M-08,Men's Airism V-Neck Undershirt,Underwear,Men,9.9,9.9,False,1,$9.9,PayNow
ORC-20260604-1367,2,2026-06-04 21:27:03,Orchard Central,SOK-M-09,Men's No-Show Sneaker Socks,socks,Men,4.11,5.9,True,1,4.11,Card
BUG-20260604-0434,1,2026-06-04 18:51:30,BUGIS,BTM-W-04,Women's Denim Straight Jeans,BOTTOMS,Women,49.9,49.9,False,1,49.9,Cash
BUG-20260604-0789,1,2026-06-04 18:50:06,Bugis,SOK-M-02,  Men's Pile Crew Socks  ,Socks,Men,5.9,5.9,False,1,5.9,card
PUN-20260604-0296,1,2026-06-04 13:38:58,Punggol,SOK-W-02,Women's Pile Crew Socks,Socks,Women,5.9,5.9,False,1,5.9,PayNow
BUG-20260604-0025,1,2026-06-04 11:58:48,Bugis,UND-M-04,Men's Cotton Crew Neck Undershirt,Underwear,Men,14.9,14.9,False,1,14.9,Card
ORC-20260604-0824,2,2026-06-04 16:34:43,Orchard Central,SOK-W-02,  Women's Pile Crew Socks  ,Socks,Women,5.9,5.9,False,1,5.9,Card
ORC-20260604-0567,1,2026-06-04 11:08:11,  Orchard Central  ,SOK-W-03,Women's Airism Low-Cut Socks,Socks,WOMEN,5.9,5.9,False,1,5.9,CARD
ORC-20260604-0331,1,2026-06-04 21:54:20,Orchard Central,SOK-M-04,Men's Ribbed Crew Socks,Socks,Men,5.9,5.9,False,1,5.9,Card
BUG-20260604-0230,1,2026-06-04 19:09:14,Bugis,UND-M-01,Men's Airism Boxer Briefs,Underwear,Men,14.9,14.9,False,1,14.9,Card
BUG-20260604-0593,2,2026-06-04 20:33:03,Bugis,TOP-W-01,Women's Airism Cotton Crew Neck T-Shirt,Tops,Women,14.9,14.9,False,1,14.9,PayNow
PUN-20260604-0421,1,2026-06-04 16:28:30,Punggol,SOK-W-02,Women's Pile Crew Socks,Socks,Women,5.9,5.9,False,2,11.8,NETS
ORC-20260604-0818,2,2026-06-04 16:38:01,Orchard Central,SOK-W-02,Women's Pile Crew Socks,Socks,Women,5.9,5.9,False,1,5.9,CASH
ORC-20260604-1128,2,2026-06-04 17:20:53,Orchard Central,SOK-M-03,Men's Airism Low-Cut Socks,SOCKS,Men,5.9,5.9,False,1,5.9,PAYNOW
BUG-20260604-0667,3,2026-06-04 21:58:09,Bugis,SOK-W-02,Women's Pile Crew Socks,Socks,WOMEN,5.9,5.9,False,1,5.9,PayNow
BUG-20260604-0253,1,2026-06-04 17:00:55,Bugis,SOK-W-04,Women's Ribbed Crew Socks,Socks,women,5.9,5.9,False,1,5.9,Card
BUG-20260604-0318,2,2026-06-04 21:47:17,Bugis,UND-M-01,Men's Airism Boxer Briefs,Underwear,Men,14.9,14.9,False,1,14.9,Card
BUG-20260604-0843,2,2026-06-04 13:44:39,  Bugis  ,BTM-W-01,Women's Ultra Stretch Skinny Jeans,Bottoms,women,39.9,39.9,False,1,39.9,Card
PUN-20260604-0005,2,2026-06-04 18:12:57,Punggol,SOK-W-03,Women's Airism Low-Cut Socks,Socks,WOMEN,5.9,5.9,False,1,5.9,Cash
BUG-20260604-0041,1,2026-06-04 19:51:54,Bugis,UND-M-03,Men's Airism Mesh Boxer Briefs,Underwear,Men,14.9,14.9,False,1,14.9,paynow
BUG-20260604-0592,1,2026-06-04 14:59:50,BUGIS,SOK-W-03,Women's Airism Low-Cut Socks,Socks,Women,5.9,5.9,False,1,5.9,PayNow
ORC-20260604-0678,1,2026-06-04 17:10:49,Orchard Central,SOK-M-04,Men's Ribbed Crew Socks,Socks,Men,5.9,5.9,False,1,5.9,Card
BUG-20260604-0100,1,2026-06-04 21:44:19,Bugis,SOK-W-04,Women's Ribbed Crew Socks,Socks,Women,5.9,5.9,False,1,5.9,NETS
ORC-20260604-0798,1,2026-06-04 21:32:41,Orchard Central,SOK-M-09,Men's No-Show Sneaker Socks,Socks,Men,4.11,5.9,True,1,4.11,CARD
BUG-20260604-0396,1,2026-06-04 14:59:02,Bugis,SOK-M-03,Men's Airism Low-Cut Socks,Socks,Men,5.9,5.9,False,1,5.9,Card
ORC-20260604-0518,3,2026-06-04 12:55:19,  ORCHARD CENTRAL  ,UND-W-03,Women's Cotton Blend Briefs,Underwear,Women,9.9,9.9,False,1,9.9,Card
BUG-20260604-0698,1,2026-06-04 17:49:46,Bugis,SOK-W-06,Women's Heattech Socks,Socks,Women,9.9,9.9,False,1,9.9,cash
ORC-20260604-1302,2,2026-06-04 14:32:05,Orchard Central,TOP-M-04,Men's Oxford Long Sleeve Shirt,Tops,Men,29.9,29.9,False,1,29.9,Card
ORC-20260604-1284,2,2026-06-04 19:10:25,Orchard Central,UND-W-04,Women's Airism T-Shirt Bra,Underwear,Women,29.9,29.9,False,1,29.9,Cash
ORC-20260604-0639,2,2026-06-04 17:10:22,Orchard Central,SOK-M-04,  Men's Ribbed Crew Socks  ,Socks,Men,5.9,5.9,False,1,5.9,Card
ORC-20260604-1291,1,2026-06-04 12:52:49,Orchard Central,SOK-W-02,Women's Pile Crew Socks,Socks,Women,5.9,5.9,False,1,5.9,Card
PUN-20260604-0116,1,2026-06-04 18:44:02,Punggol,UND-M-01,Men's Airism Boxer Briefs,Underwear,Men,14.9,14.9,False,1,14.9,Card
ORC-20260604-0637,3,2026-06-04 18:56:59,Orchard Central,BTM-W-02,Women's High-Rise Wide Leg Pants,Bottoms,Women,39.9,39.9,False,1,39.9,Card
PUN-20260604-0274,1,2026-06-04 12:40:13,Punggol,SOK-M-04,Men's Ribbed Crew Socks,Socks,Men,5.9,5.9,False,1,5.9,Card
ORC-20260604-0105,1,2026-06-04 21:48:09,Orchard Central,UND-W-05,  Women's Seamless Shorts  ,Underwear,Women,9.9,9.9,False,1,9.9,Card
ORC-20260604-0203,1,2026-06-04 21:48:50,Orchard Central,UND-W-04,Women's Airism T-Shirt Bra,Underwear,Women,29.9,29.9,False,1,29.9,CARD
BUG-20260604-0211,1,2026-06-04 13:52:51,Bugis,BTM-W-03,Women's Ezy Ankle Pants,Bottoms,Women,29.9,29.9,False,1,29.9,
ORC-20260604-0506,1,2026-06-04 21:44:45,Orchard Central,TOP-W-01,Women's Airism Cotton Crew Neck T-Shirt,tops,Women,14.9,14.9,False,1,14.9,PayNow
ORC-20260604-0629,3,2026-06-04 13:38:05,Orchard Central,SOK-M-02,Men's Pile Crew Socks,Socks,Men,5.9,5.9,False,1,5.9,Card
BUG-20260604-0668,1,2026-06-04 19:33:33,  Bugis  ,SOK-W-01,Women's Ankle Socks 3-Pack,Socks,Women,14.9,14.9,False,1,14.9,PAYNOW
BUG-20260604-0254,1,2026-06-04 15:34:30,Bugis,UND-M-01,Men's Airism Boxer Briefs,underwear,Men,14.9,14.9,False,1,14.9,NETS
BUG-20260604-0412,2,2026-06-04 19:21:06,Bugis,SOK-W-04,Women's Ribbed Crew Socks,Socks,Women,$5.9,5.9,False,1,5.9,PayNow
BUG-20260604-0815,1,2026-06-04 20:20:39,Bugis,BTM-M-01,Men's Ezy Ankle Pants,Bottoms,Men,29.9,29.9,False,1,29.9,NETS
BUG-20260604-0672,1,2026-06-04 12:59:27,Bugis,SOK-W-10,Women's Wool Blend Socks,Socks,Women,9.9,9.9,False,2,19.8,Cash
ORC-20260604-0043,1,2026-06-04 21:56:00,orchard central,SOK-W-02,Women's Pile Crew Socks,Socks,Women,5.9,5.9,False,2,11.8,Card
PUN-20260604-0391,1,2026-06-04 21:14:13,Punggol,SOK-W-03,Women's Airism Low-Cut Socks,Socks,Women,5.9,5.9,False,1,5.9,Card
PUN-20260604-0467,3,2026-06-04 21:06:10,Punggol,TOP-M-02,Men's Supima Cotton Polo Shirt,Tops,Men,29.9,29.9,False,1,29.9,PayNow
BUG-20260604-0617,2,2026-06-04 20:48:25,Bugis,BTM-W-02,Women's High-Rise Wide Leg Pants,Bottoms,Women,39.9,39.9,False,1,39.9,Card
BUG-20260604-0068,2,2026-06-04 21:17:23,Bugis,BTM-W-01,Women's Ultra Stretch Skinny Jeans,Bottoms,Women,39.9,39.9,False,1,39.9,PayNow
ORC-20260604-0175,1,2026-06-04 13:47:48,Orchard Central,TOP-M-01,Men's Airism Cotton Crew Neck T-Shirt,Tops,Men,14.9,14.9,False,1,14.9,Cash
BUG-20260604-0872,1,2026-06-04 21:40:30,Bugis,TOP-M-09,Men's Flannel Checked Long Sleeve Shirt,Tops,Men,29.9,29.9,False,1,29.9,
ORC-20260604-0817,3,2026-06-04 11:54:11,Orchard Central,BTM-M-03,Men's Selvedge Regular Fit Jeans,Bottoms,Men,59.9,59.9,False,1,59.9,PayNow
PUN-20260604-0428,3,2026-06-04 21:59:05,Punggol,UND-M-01,Men's Airism Boxer Briefs,Underwear,MEN,14.9,14.9,False,1,14.9,NETS
ORC-20260604-0473,2,2026-06-04 17:23:47,  orchard central  ,SOK-M-02,Men's Pile Crew Socks,Socks,Men,5.9,5.9,False,1,5.9,card
PUN-20260604-0409,2,2026-06-04 21:49:50,Punggol,SOK-M-07,,SOCKS,Men,5.9,5.9,False,1,5.9,Card
BUG-20260604-0163,1,2026-06-04 20:33:45,BUGIS,SOK-M-04,Men's Ribbed Crew Socks,Socks,Men,5.9,5.9,False,1,5.9,PayNow
BUG-20260604-0177,3,2026-06-04 17:56:31,BUGIS,SOK-M-03,Men's Airism Low-Cut Socks,SOCKS,Men,5.9,5.9,False,1,5.9,PayNow
ORC-20260604-1008,2,2026-06-04 16:27:46,Orchard Central,SOK-M-09,Men's No-Show Sneaker Socks,SOCKS,Men,4.11,5.9,True,1,4.11,card
PUN-20260604-0311,2,2026-06-04 14:21:46,Punggol,SOK-M-03,Men's Airism Low-Cut Socks,socks,Men,5.9,5.9,False,1,5.9,CARD
PUN-20260604-0504,1,2026-06-04 20:56:57,Punggol,SOK-M-01,Men's Ankle Socks 3-Pack,Socks,Men,14.9,14.9,False,1,14.9,Card
PUN-20260604-0505,2,2026-06-04 21:21:52,Punggol,TOP-M-02,Men's Supima Cotton Polo Shirt,Tops,Men,29.9,29.9,False,1,29.9,Card
BUG-20260604-0452,3,2026-06-04 18:03:57,  Bugis  ,UND-M-04,  Men's Cotton Crew Neck Undershirt  ,Underwear,men,14.9,14.9,False,1,14.9,
PUN-20260604-0548,1,2026-06-04 19:56:17,PUNGGOL,SOK-W-04,Women's Ribbed Crew Socks,Socks,Women,5.9,5.9,False,2,11.8,PAYNOW
ORC-20260604-0818,1,2026-06-04 16:38:01,ORCHARD CENTRAL,TOP-M-01,Men's Airism Cotton Crew Neck T-Shirt,Tops,Men,14.9,14.9,False,1,14.9,Cash
BUG-20260604-0468,2,2026-06-04 22:38:15,Bugis,SOK-M-03,Men's Airism Low-Cut Socks,Socks,Men,5.9,5.9,False,1,5.9,NETS
ORC-20260604-1246,1,2026-06-04 20:31:41,Orchard Central,UND-M-02,Men's Cotton Blend Trunks,Underwear,men,14.9,14.9,False,1,14.9,PayNow
BUG-20260604-0799,2,2026-06-04 19:32:36,Bugis,UND-W-01,Women's Airism Bikini Shorts,Underwear,Women,9.9,9.9,False,1,9.9,NETS
ORC-20260604-0854,2,2026-06-04 13:53:38,Orchard Central,UND-M-01,Men's Airism Boxer Briefs,Underwear,Men,14.9,14.9,False,1,14.9,Cash
PUN-20260604-0350,1,2026-06-04 12:54:15,Punggol,SOK-W-02,Women's Pile Crew Socks,Socks,Women,5.9,5.9,False,1,5.9,PayNow
BUG-20260604-0052,1,2026-06-04 22:54:02,Bugis,SOK-M-04,Men's Ribbed Crew Socks,Socks,Men,5.9,5.9,False,1,5.9,Card
ORC-20260604-0695,3,2026-06-04 21:27:50,orchard central,BTM-W-02,Women's High-Rise Wide Leg Pants,Bottoms,WOMEN,39.9,39.9,False,1,39.9,PayNow
ORC-20260604-1017,1,2026-06-04 15:41:57,orchard central,SOK-W-02,Women's Pile Crew Socks,Socks,Women,5.9,5.9,False,1,5.9,PayNow
ORC-20260604-1163,2,2026-06-04 13:36:30,Orchard Central,SOK-W-06,Women's Heattech Socks,Socks,Women,9.9,9.9,False,1,9.9,nets
ORC-20260604-0433,1,2026-06-04 18:30:03,Orchard Central,SOK-M-03,Men's Airism Low-Cut Socks,Socks,Men,5.9,5.9,False,2,11.8,NETS
PUN-20260604-0308,1,2026-06-04 17:01:35,  Punggol  ,SOK-M-03,  Men's Airism Low-Cut Socks  ,Socks,Men,5.9,5.9,False,1,5.9,NETS
BUG-20260604-0137,1,2026-06-04 20:46:02,Bugis,SOK-M-01,Men's Ankle Socks 3-Pack,Socks,Men,14.9,14.9,False,2,29.8,PAYNOW
PUN-20260604-0259,1,2026-06-04 21:04:21,Punggol,TOP-M-04,Men's Oxford Long Sleeve Shirt,Tops,Men,29.9,29.9,False,1,29.9,PayNow
BUG-20260604-0844,2,2026-06-04 22:06:26,bugis,UND-M-04,Men's Cotton Crew Neck Undershirt,Underwear,Men,14.9,14.9,False,1,14.9,NETS
ORC-20260604-0041,1,2026-06-04 16:31:01,Orchard Central,UND-M-04,Men's Cotton Crew Neck Undershirt,Underwear,Men,14.9,14.9,False,1,14.9,Cash
PUN-20260604-0160,1,2026-06-04 21:37:29,Punggol,UND-W-03,Women's Cotton Blend Briefs,underwear,Women,9.9,9.9,False,1,9.9,card
BUG-20260604-0461,1,2026-06-04 22:03:06,Bugis,SOK-W-04,Women's Ribbed Crew Socks,Socks,Women,5.9,5.9,False,1,5.9,PayNow
ORC-20260604-0118,2,2026-06-04 21:41:18,Orchard Central,SOK-M-01,Men's Ankle Socks 3-Pack,Socks,Men,14.9,14.9,False,1,14.9,PayNow
PUN-20260604-0450,1,2026-06-04 20:19:08,Punggol,SOK-M-02,Men's Pile Crew Socks,Socks,Men,5.9,5.9,False,1,5.9,NETS
ORC-20260604-0497,2,2026-06-04 11:15:36,Orchard Central,SOK-W-02,Women's Pile Crew Socks,Socks,Women,5.9,5.9,False,2,11.8,card
BUG-20260604-0415,1,2026-06-04 21:35:32,Bugis,SOK-W-04,Women's Ribbed Crew Socks,SOCKS,WOMEN,5.9,5.9,False,2,11.8,PayNow
BUG-20260604-0151,2,2026-06-04 20:46:52,Bugis,BTM-M-02,Men's Slim Fit Chino Trousers,Bottoms,Men,29.9,29.9,False,1,29.9,Cash
ORC-20260604-0434,3,2026-06-04 20:45:36,Orchard Central,SOK-W-03,Women's Airism Low-Cut Socks,Socks,Women,5.9,5.9,False,1,5.9,Card
PUN-20260604-0142,2,2026-06-04 11:31:57,punggol,BTM-M-01,  Men's Ezy Ankle Pants  ,Bottoms,MEN,29.9,29.9,False,1,29.9,PayNow
ORC-20260604-1299,2,2026-06-04 13:15:09,Orchard Central,TOP-W-01,Women's Airism Cotton Crew Neck T-Shirt,TOPS,Women,14.9,14.9,False,1,14.9,Card
PUN-20260604-0305,2,2026-06-04 19:17:13,Punggol,SOK-W-02,Women's Pile Crew Socks,Socks,Women,5.9,5.9,False,1,5.9,Card
PUN-20260604-0109,1,2026-06-04 20:11:51,Punggol,SOK-M-02,Men's Pile Crew Socks,Socks,Men,5.9,5.9,False,1,5.9,NETS
PUN-20260604-0122,2,2026-06-04 20:22:58,Punggol,SOK-M-03,Men's Airism Low-Cut Socks,Socks,Men,5.9,5.9,False,2,11.8,NETS
ORC-20260604-1217,2,2026-06-04 17:11:11,Orchard Central,UND-M-02,Men's Cotton Blend Trunks,Underwear,Men,14.9,14.9,False,1,14.9,Card
ORC-20260604-0914,2,2026-06-04 18:10:35,Orchard Central,TOP-M-06,Men's Fleece Full-Zip Hoodie,TOPS,Men,39.9,39.9,False,1,39.9,Card
ORC-20260604-1114,3,2026-06-04 13:12:15,Orchard Central,SOK-M-02,,Socks,MEN,5.9,5.9,False,1,5.9,CASH
ORC-20260604-1461,2,2026-06-04 16:01:49,Orchard Central,UND-M-04,Men's Cotton Crew Neck Undershirt,Underwear,Men,14.9,14.9,False,1,14.9,NETS
ORC-20260604-1376,2,2026-06-04 22:04:09,Orchard Central,BTM-M-04,Men's Dry Stretch Shorts,BOTTOMS,Men,19.9,19.9,False,1,19.9,PayNow
BUG-20260604-0110,3,2026-06-04 18:51:59,Bugis,BTM-M-03,Men's Selvedge Regular Fit Jeans,Bottoms,Men,59.9,59.9,False,1,59.9,Card
ORC-20260604-0312,1,2026-06-04 17:13:29,Orchard Central,BTM-M-04,Men's Dry Stretch Shorts,Bottoms,Men,19.9,19.9,False,1,19.9,Paynow
BUG-20260604-0712,2,2026-06-04 15:03:12,Bugis,TOP-M-02,  Men's Supima Cotton Polo Shirt  ,Tops,MEN,29.9,29.9,False,1,29.9,NETS
ORC-20260604-0120,3,2026-06-04 14:02:24,Orchard Central,SOK-M-01,Men's Ankle Socks 3-Pack,Socks,men,14.9,14.9,False,2,29.8,
ORC-20260604-1156,3,2026-06-04 20:44:14,Orchard Central,SOK-M-03,Men's Airism Low-Cut Socks,Socks,Men,5.9,5.9,False,1,5.9,PayNow
ORC-20260604-0866,2,2026-06-04 17:16:17,Orchard Central,TOP-M-01,  Men's Airism Cotton Crew Neck T-Shirt  ,Tops,men,14.9,14.9,False,1,14.9,PayNow
ORC-20260604-0983,1,2026-06-04 19:01:05,Orchard Central,SOK-M-09,Men's No-Show Sneaker Socks,Socks,Men,4.11,5.9,True,1,4.11,Cash
ORC-20260604-0102,2,2026-06-04 12:42:01,Orchard Central,SOK-M-09,Men's No-Show Sneaker Socks,Socks,Men,4.11,5.9,True,1,4.11,PayNow
BUG-20260604-0852,1,2026-06-04 20:16:08,Bugis,SOK-M-04,Men's Ribbed Crew Socks,Socks,Men,5.9,5.9,False,1,5.9,nets
PUN-20260604-0327,2,2026-06-04 22:25:20,Punggol,UND-M-01,Men's Airism Boxer Briefs,Underwear,Men,14.9,14.9,False,1,14.9,Card
BUG-20260604-0852,2,2026-06-04 20:16:08,bugis,BTM-M-08,  Men's Relaxed Fit Denim Shorts  ,Bottoms,Men,22.99,29.9,True,1,22.99,
BUG-20260604-0040,2,2026-06-04 11:47:25,Bugis,BTM-W-02,Women's High-Rise Wide Leg Pants,BOTTOMS,Women,39.9,39.9,False,1,39.9,Cash
ORC-20260604-1194,2,2026-06-04 19:03:30,Orchard Central,SOK-M-09,Men's No-Show Sneaker Socks,SOCKS,Men,$4.11,5.9,True,2,8.22,Card
BUG-20260604-0510,3,2026-06-04 17:45:22,Bugis,TOP-W-01,Women's Airism Cotton Crew Neck T-Shirt,Tops,Women,14.9,14.9,False,1,14.9,Cash
BUG-20260604-0395,1,2026-06-04 16:35:17,Bugis,SOK-W-03,Women's Airism Low-Cut Socks,Socks,Women,5.9,5.9,False,1,5.9,Cash
ORC-20260604-0527,1,2026-06-04 20:08:17,Orchard Central,UND-M-01,  Men's Airism Boxer Briefs  ,Underwear,Men,14.9,14.9,False,1,14.9,Card
PUN-20260604-0214,1,2026-06-04 18:45:46,  Punggol  ,UND-W-01,Women's Airism Bikini Shorts,Underwear,Women,9.9,9.9,False,1,9.9,Cash
ORC-20260604-0152,2,2026-06-04 16:06:42,Orchard Central,BTM-W-01,Women's Ultra Stretch Skinny Jeans,Bottoms,Women,39.9,39.9,False,1,39.9,Paynow
ORC-20260604-0206,3,2026-06-04 14:31:49,Orchard Central,BTM-M-04,Men's Dry Stretch Shorts,Bottoms,Men,19.9,19.9,False,1,19.9,PayNow
ORC-20260604-0660,2,2026-06-04 11:19:04,Orchard Central,SOK-M-04,Men's Ribbed Crew Socks,Socks,Men,5.9,5.9,False,1,5.9,Card
ORC-20260604-1414,2,2026-06-04 18:42:26,Orchard Central,SOK-W-03,Women's Airism Low-Cut Socks,Socks,Women,5.9,5.9,False,1,5.9,PayNow
BUG-20260604-0042,2,2026-06-04 15:02:45,Bugis,SOK-W-02,Women's Pile Crew Socks,Socks,Women,5.9,5.9,False,1,5.9,PAYNOW
BUG-20260604-0306,2,2026-06-04 19:24:43,Bugis,TOP-M-01,Men's Airism Cotton Crew Neck T-Shirt,Tops,Men,14.9,14.9,False,1,14.9,card
ORC-20260604-0872,1,2026-06-04 11:08:48,Orchard Central,SOK-M-09,Men's No-Show Sneaker Socks,Socks,Men,4.11,5.9,True,1,4.11,Card
PUN-20260604-0109,3,2026-06-04 20:11:51,Punggol,TOP-M-03,Men's Dry-EX Crew Neck T-Shirt,Tops,Men,19.9,19.9,False,1,19.9,NETS
PUN-20260604-0102,1,2026-06-04 17:15:20,  Punggol  ,SOK-W-03,Women's Airism Low-Cut Socks,Socks,Women,5.9,5.9,False,1,5.9,Card
BUG-20260604-0553,1,2026-06-04 21:48:22,Bugis,SOK-W-04,Women's Ribbed Crew Socks,Socks,Women,5.9,5.9,False,1,5.9,Cash
PUN-20260604-0564,1,2026-06-04 18:46:21,Punggol,SOK-W-01,Women's Ankle Socks 3-Pack,Socks,Women,14.9,14.9,False,1,14.9,Card
ORC-20260604-0852,2,2026-06-04 11:29:06,Orchard Central,SOK-W-02,  Women's Pile Crew Socks  ,Socks,Women,5.9,5.9,False,1,5.9,Card
BUG-20260604-0587,1,2026-06-04 16:19:23,  Bugis  ,SOK-W-01,Women's Ankle Socks 3-Pack,Socks,Women,14.9,14.9,False,2,29.8,Card
ORC-20260604-0209,2,2026-06-04 13:37:41,ORCHARD CENTRAL,TOP-M-02,Men's Supima Cotton Polo Shirt,Tops,Men,29.9,29.9,False,1,29.9,Card
PUN-20260604-0489,1,2026-06-04 12:47:04,Punggol,UND-W-03,Women's Cotton Blend Briefs,Underwear,women,9.9,9.9,False,1,9.9,Card
ORC-20260604-1199,1,2026-06-04 18:49:09,  ORCHARD CENTRAL  ,SOK-W-03,Women's Airism Low-Cut Socks,Socks,Women,5.9,5.9,False,1,$5.9,NETS
ORC-20260604-0001,3,2026-06-04 18:56:27,Orchard Central,SOK-M-09,Men's No-Show Sneaker Socks,SOCKS,Men,4.11,5.9,True,1,4.11,PayNow
ORC-20260604-1048,3,2026-06-04 14:03:37,Orchard Central,TOP-M-04,Men's Oxford Long Sleeve Shirt,TOPS,MEN,29.9,29.9,False,1,29.9,Card
ORC-20260604-0344,2,2026-06-04 20:27:18,Orchard Central,SOK-W-02,Women's Pile Crew Socks,Socks,Women,5.9,5.9,False,1,5.9,PayNow
ORC-20260604-0452,2,2026-06-04 22:28:22,ORCHARD CENTRAL,TOP-W-01,Women's Airism Cotton Crew Neck T-Shirt,Tops,Women,14.9,14.9,False,1,14.9,PayNow
PUN-20260604-0138,1,2026-06-04 20:03:42,Punggol,UND-W-01,Women's Airism Bikini Shorts,underwear,Women,9.9,9.9,False,1,9.9,Cash
BUG-20260604-0285,1,2026-06-04 20:33:04,bugis,SOK-M-02,Men's Pile Crew Socks,Socks,Men,5.9,5.9,False,1,5.9,CARD
ORC-20260604-1259,3,2026-06-04 11:31:39,Orchard Central,SOK-W-03,Women's Airism Low-Cut Socks,Socks,Women,5.9,5.9,False,2,11.8,NETS
ORC-20260604-1260,1,2026-06-04 13:35:24,Orchard Central,BTM-M-05,Men's Wide Fit Cargo Pants,Bottoms,Men,39.9,39.9,False,1,39.9,NETS
ORC-20260604-0051,2,2026-06-04 11:52:01,orchard central,UND-M-02,Men's Cotton Blend Trunks,underwear,Men,14.9,14.9,False,2,29.8,Cash
PUN-20260604-0162,2,2026-06-04 18:41:13,Punggol,SOK-M-04,Men's Ribbed Crew Socks,Socks,Men,5.9,5.9,False,1,5.9,NETS
ORC-20260604-1210,2,2026-06-04 19:19:13,Orchard Central,BTM-W-01,Women's Ultra Stretch Skinny Jeans,Bottoms,Women,39.9,39.9,False,1,39.9,Card
BUG-20260604-0544,2,2026-06-04 11:53:30,Bugis,SOK-M-03,Men's Airism Low-Cut Socks,Socks,men,5.9,5.9,False,1,5.9,Card
PUN-20260604-0363,1,2026-06-04 17:10:05,Punggol,UND-W-02,Women's Wireless Bra,Underwear,Women,29.9,29.9,False,1,29.9,Card
BUG-20260604-0459,2,2026-06-04 17:49:24,bugis,TOP-W-03,Women's Silky Satin Blouse,Tops,Women,39.9,39.9,False,1,39.9,Card
BUG-20260604-0225,1,2026-06-04 19:14:59,bugis,SOK-W-02,Women's Pile Crew Socks,Socks,WOMEN,5.9,5.9,False,1,5.9,NETS
PUN-20260604-0105,2,2026-06-04 19:37:16,Punggol,BTM-M-04,Men's Dry Stretch Shorts,Bottoms,Men,19.9,19.9,False,1,19.9,Card
PUN-20260604-0395,1,2026-06-04 19:42:24,Punggol,TOP-W-02,Women's Ribbed Long Sleeve Turtleneck,tops,Women,19.9,19.9,False,1,19.9,CARD
PUN-20260604-0556,1,2026-06-04 16:11:38,Punggol,SOK-W-02,Women's Pile Crew Socks,Socks,Women,5.9,5.9,False,1,5.9,Card
PUN-20260604-0204,1,2026-06-04 18:14:49,Punggol,SOK-W-03,Women's Airism Low-Cut Socks,Socks,Women,5.9,5.9,False,1,5.9,PayNow
PUN-20260604-0492,3,2026-06-04 16:52:03,Punggol,BTM-M-02,Men's Slim Fit Chino Trousers,BOTTOMS,Men,29.9,29.9,False,1,29.9,PayNow
PUN-20260604-0569,3,2026-06-04 20:29:33,Punggol,SOK-M-04,Men's Ribbed Crew Socks,Socks,Men,5.9,5.9,False,1,5.9,NETS
ORC-20260604-1236,1,2026-06-04 19:34:32,Orchard Central,UND-W-07,Women's Heattech Camisole,Underwear,Women,14.9,14.9,False,1,14.9,card
ORC-20260604-0933,1,2026-06-04 17:23:11,Orchard Central,SOK-M-02,Men's Pile Crew Socks,Socks,Men,5.9,5.9,False,1,5.9,NETS
ORC-20260604-0388,3,2026-06-04 17:05:15,Orchard Central,TOP-M-01,Men's Airism Cotton Crew Neck T-Shirt,Tops,Men,14.9,14.9,False,1,14.9,card
PUN-20260604-0084,2,2026-06-04 18:33:12,PUNGGOL,UND-M-02,Men's Cotton Blend Trunks,Underwear,Men,14.9,14.9,False,1,14.9,PayNow
ORC-20260604-0411,1,2026-06-04 19:31:39,Orchard Central,UND-M-02,Men's Cotton Blend Trunks,Underwear,men,14.9,14.9,False,1,14.9,PayNow
ORC-20260604-0073,2,2026-06-04 22:46:34,Orchard Central,SOK-M-04,Men's Ribbed Crew Socks,Socks,Men,5.9,5.9,False,2,11.8,Card
BUG-20260604-0081,3,2026-06-04 18:58:23,Bugis,SOK-M-07,Men's Striped Crew Socks,Socks,Men,5.9,5.9,False,2,11.8,Card
ORC-20260604-0113,3,2026-06-04 15:06:36,Orchard Central,TOP-M-01,Men's Airism Cotton Crew Neck T-Shirt,Tops,Men,14.9,14.9,False,1,14.9,PayNow
ORC-20260604-1154,1,2026-06-04 20:35:51,Orchard Central,BTM-M-01,Men's Ezy Ankle Pants,Bottoms,Men,29.9,29.9,False,1,29.9,Card
PUN-20260604-0384,1,2026-06-04 20:08:12,Punggol,SOK-W-04,Women's Ribbed Crew Socks,Socks,Women,5.9,5.9,False,1,5.9,cash
BUG-20260604-0566,1,2026-06-04 22:29:11,  Bugis  ,SOK-W-01,Women's Ankle Socks 3-Pack,Socks,Women,14.9,14.9,False,1,14.9,Card
ORC-20260604-0639,1,2026-06-04 17:10:22,Orchard Central,SOK-M-04,Men's Ribbed Crew Socks,Socks,Men,5.9,5.9,False,1,5.9,CARD
ORC-20260604-1032,2,2026-06-04 12:03:18,Orchard Central,SOK-W-02,Women's Pile Crew Socks,Socks,Women,5.9,5.9,False,1,5.9,Card
PUN-20260604-0281,3,2026-06-04 12:44:20,Punggol,TOP-M-01,Men's Airism Cotton Crew Neck T-Shirt,TOPS,Men,14.9,14.9,False,1,14.9,cash
BUG-20260604-0730,2,2026-06-04 20:01:29,Bugis,SOK-M-03,Men's Airism Low-Cut Socks,Socks,Men,5.9,5.9,False,2,11.8,Cash
BUG-20260604-0643,2,2026-06-04 19:41:31,Bugis,UND-M-03,Men's Airism Mesh Boxer Briefs,Underwear,Men,14.9,14.9,False,2,29.8,NETS
ORC-20260604-0087,1,2026-06-04 22:51:53,Orchard Central,UND-M-01,Men's Airism Boxer Briefs,Underwear,MEN,14.9,14.9,False,1,14.9,nets
ORC-20260604-1262,1,2026-06-04 22:59:40,  ORCHARD CENTRAL  ,BTM-M-01,Men's Ezy Ankle Pants,Bottoms,Men,29.9,29.9,False,1,29.9,PayNow
ORC-20260604-0928,1,2026-06-04 21:30:51,  Orchard Central  ,SOK-W-02,Women's Pile Crew Socks,Socks,Women,5.9,5.9,False,2,11.8,Card
PUN-20260604-0232,3,2026-06-04 17:14:17,PUNGGOL,UND-W-07,Women's Heattech Camisole,Underwear,Women,14.9,14.9,False,1,14.9,Card
ORC-20260604-1212,2,2026-06-04 20:11:44,Orchard Central,UND-M-01,Men's Airism Boxer Briefs,Underwear,Men,14.9,14.9,False,1,14.9,paynow
ORC-20260604-0957,2,2026-06-04 16:08:26,Orchard Central,UND-M-04,Men's Cotton Crew Neck Undershirt,Underwear,Men,14.9,14.9,False,1,14.9,Card
BUG-20260604-0064,2,2026-06-04 12:49:29,Bugis,UND-M-03,Men's Airism Mesh Boxer Briefs,Underwear,Men,14.9,14.9,False,1,14.9,Card
PUN-20260604-0464,1,2026-06-04 16:10:47,Punggol,SOK-M-02,Men's Pile Crew Socks,socks,Men,5.9,5.9,False,1,5.9,NETS
ORC-20260604-1150,1,2026-06-04 19:25:09,Orchard Central,SOK-M-01,  Men's Ankle Socks 3-Pack  ,Socks,Men,14.9,14.9,False,1,14.9,NETS
ORC-20260604-0656,3,2026-06-04 19:34:50,orchard central,SOK-M-07,Men's Striped Crew Socks,Socks,Men,5.9,5.9,False,1,5.9,Cash
ORC-20260604-0016,1,2026-06-04 13:35:19,Orchard Central,UND-M-04,Men's Cotton Crew Neck Undershirt,Underwear,Men,14.9,14.9,False,1,14.9,paynow
BUG-20260604-0315,2,2026-06-04 12:21:51,Bugis,SOK-W-04,Women's Ribbed Crew Socks,SOCKS,Women,5.9,5.9,False,2,11.8,paynow
BUG-20260604-0156,3,2026-06-04 21:00:45,Bugis,TOP-W-01,Women's Airism Cotton Crew Neck T-Shirt,Tops,Women,$14.9,14.9,False,1,14.9,Cash
BUG-20260604-0426,3,2026-06-04 11:25:18,BUGIS,BTM-W-02,  Women's High-Rise Wide Leg Pants  ,Bottoms,Women,39.9,39.9,False,1,39.9,Cash
ORC-20260604-0177,1,2026-06-04 20:56:02,Orchard Central,SOK-M-09,Men's No-Show Sneaker Socks,Socks,Men,4.11,5.9,True,1,4.11,Card
ORC-20260604-0316,3,2026-06-04 17:53:15,orchard central,TOP-W-02,Women's Ribbed Long Sleeve Turtleneck,Tops,Women,19.9,19.9,False,1,19.9,Card
BUG-20260604-0888,3,2026-06-04 19:47:00,Bugis,SOK-M-02,Men's Pile Crew Socks,Socks,Men,5.9,5.9,False,1,5.9,PayNow
BUG-20260604-0292,2,2026-06-04 20:09:02,Bugis,SOK-M-04,Men's Ribbed Crew Socks,Socks,Men,5.9,5.9,False,2,11.8,Card
ORC-20260604-0386,2,2026-06-04 15:24:59,Orchard Central,SOK-W-03,  Women's Airism Low-Cut Socks  ,socks,Women,5.9,5.9,False,1,5.9,Card
ORC-20260604-1091,3,2026-06-04 21:58:31,Orchard Central,SOK-M-03,  Men's Airism Low-Cut Socks  ,Socks,Men,5.9,5.9,False,1,5.9,PayNow
BUG-20260604-0856,3,2026-06-04 20:27:19,Bugis,SOK-M-04,Men's Ribbed Crew Socks,Socks,Men,5.9,5.9,False,1,5.9,Card
ORC-20260604-0117,3,2026-06-04 19:00:36,Orchard Central,UND-W-02,Women's Wireless Bra,Underwear,Women,29.9,29.9,False,2,59.8,Cash
ORC-20260604-1128,3,2026-06-04 17:20:53,Orchard Central,BTM-W-01,Women's Ultra Stretch Skinny Jeans,bottoms,women,39.9,39.9,False,1,39.9,PayNow
BUG-20260604-0192,3,2026-06-04 19:01:22,  Bugis  ,SOK-W-02,Women's Pile Crew Socks,Socks,Women,5.9,5.9,False,1,5.9,NETS
ORC-20260604-1253,1,2026-06-04 16:41:52,Orchard Central,SOK-M-01,Men's Ankle Socks 3-Pack,Socks,Men,14.9,14.9,False,1,14.9,Card
BUG-20260604-0851,1,2026-06-04 14:59:13,Bugis,TOP-W-03,Women's Silky Satin Blouse,Tops,Women,39.9,39.9,False,1,39.9,
PUN-20260604-0448,2,2026-06-04 18:27:27,PUNGGOL,TOP-W-04,Women's Heattech Crew Neck Long Sleeve Tee,Tops,Women,14.9,14.9,False,1,14.9,Card
BUG-20260604-0658,1,2026-06-04 16:04:30,Bugis,UND-W-01,Women's Airism Bikini Shorts,Underwear,Women,$9.9,9.9,False,1,9.9,Card
BUG-20260604-0028,3,2026-06-04 11:05:26,Bugis,BTM-M-04,Men's Dry Stretch Shorts,Bottoms,Men,19.9,19.9,False,1,19.9,Card
ORC-20260604-0632,2,2026-06-04 19:03:57,Orchard Central,SOK-W-02,Women's Pile Crew Socks,Socks,Women,5.9,5.9,False,1,5.9,Cash
ORC-20260604-1463,3,2026-06-04 15:16:05,Orchard Central,SOK-M-09,Men's No-Show Sneaker Socks,Socks,Men,4.11,5.9,True,1,4.11,PayNow
BUG-20260604-0127,3,2026-06-04 11:02:53,bugis,UND-W-06,  Women's Lace Trim Briefs  ,Underwear,Women,9.9,9.9,False,1,9.9,Card
ORC-20260604-0600,1,2026-06-04 19:16:17,  Orchard Central  ,SOK-M-09,Men's No-Show Sneaker Socks,Socks,Men,4.11,5.9,True,1,4.11,cash
ORC-20260604-0288,1,2026-06-04 21:59:03,Orchard Central,SOK-M-09,Men's No-Show Sneaker Socks,socks,Men,4.11,5.9,True,1,4.11,Card
ORC-20260604-0821,2,2026-06-04 19:26:10,Orchard Central,SOK-W-08,Women's Lace Trim Ankle Socks,Socks,Women,5.9,5.9,False,1,5.9,Cash
PUN-20260604-0334,3,2026-06-04 19:27:41,PUNGGOL,SOK-M-08,Men's Cotton Blend Dress Socks,SOCKS,Men,9.9,9.9,False,1,9.9,Cash
BUG-20260604-0065,1,2026-06-04 20:00:22,Bugis,SOK-W-01,Women's Ankle Socks 3-Pack,Socks,Women,14.9,14.9,False,2,29.8,Card
ORC-20260604-0562,2,2026-06-04 20:11:37,Orchard Central,UND-W-10,Women's Wireless Bralette,Underwear,WOMEN,29.9,29.9,False,1,29.9,card
ORC-20260604-0373,1,2026-06-04 15:26:47,Orchard Central,UND-W-04,Women's Airism T-Shirt Bra,underwear,Women,29.9,29.9,False,1,29.9,PayNow
BUG-20260604-0290,2,2026-06-04 20:54:28,  Bugis  ,BTM-M-08,Men's Relaxed Fit Denim Shorts,Bottoms,men,22.99,29.9,True,1,22.99,PayNow
PUN-20260604-0073,1,2026-06-04 22:57:04,Punggol,SOK-W-02,Women's Pile Crew Socks,Socks,WOMEN,5.9,5.9,False,1,5.9,Card
BUG-20260604-0266,1,2026-06-04 19:40:53,Bugis,UND-W-03,Women's Cotton Blend Briefs,Underwear,Women,9.9,9.9,False,2,19.8,NETS
ORC-20260604-0812,2,2026-06-04 19:39:15,  Orchard Central  ,UND-M-02,Men's Cotton Blend Trunks,Underwear,Men,14.9,14.9,False,1,14.9,Card
ORC-20260604-0749,2,2026-06-04 21:34:58,Orchard Central,UND-M-04,Men's Cotton Crew Neck Undershirt,Underwear,Men,14.9,14.9,False,1,14.9,Card
BUG-20260604-0832,1,2026-06-04 16:49:31,Bugis,SOK-W-06,Women's Heattech Socks,Socks,Women,9.9,9.9,False,1,9.9,Cash
ORC-20260604-1185,1,2026-06-04 16:19:23,  Orchard Central  ,SOK-M-03,Men's Airism Low-Cut Socks,Socks,Men,5.9,5.9,False,1,5.9,Cash
PUN-20260604-0133,1,2026-06-04 15:33:28,Punggol,UND-W-01,Women's Airism Bikini Shorts,Underwear,Women,9.9,9.9,False,1,9.9,Card
ORC-20260604-0770,2,2026-06-04 13:26:31,ORCHARD CENTRAL,TOP-M-04,Men's Oxford Long Sleeve Shirt,Tops,Men,29.9,29.9,False,1,29.9,PayNow
ORC-20260604-1110,2,2026-06-04 15:50:25,Orchard Central,TOP-W-02,Women's Ribbed Long Sleeve Turtleneck,Tops,Women,19.9,19.9,False,1,19.9,Card
ORC-20260604-1291,3,2026-06-04 12:52:49,Orchard Central,UND-W-04,Women's Airism T-Shirt Bra,Underwear,Women,29.9,29.9,False,1,29.9,Card
ORC-20260604-1107,1,2026-06-04 21:18:39,  Orchard Central  ,BTM-M-04,  Men's Dry Stretch Shorts  ,Bottoms,Men,19.9,19.9,False,1,19.9,Card
PUN-20260604-0413,3,2026-06-04 20:59:00,Punggol,TOP-M-04,Men's Oxford Long Sleeve Shirt,Tops,Men,29.9,29.9,False,1,29.9,CARD
PUN-20260604-0321,2,2026-06-04 16:49:11,Punggol,SOK-M-03,Men's Airism Low-Cut Socks,Socks,Men,5.9,5.9,False,1,5.9,Card
ORC-20260604-0251,1,2026-06-04 18:32:16,Orchard Central,TOP-M-03,Men's Dry-EX Crew Neck T-Shirt,tops,Men,$19.9,19.9,False,1,19.9,Card
ORC-20260604-0304,1,2026-06-04 18:42:12,Orchard Central,SOK-W-06,Women's Heattech Socks,Socks,WOMEN,9.9,9.9,False,2,19.8,Card
ORC-20260604-0528,1,2026-06-04 13:13:40,Orchard Central,BTM-W-02,Women's High-Rise Wide Leg Pants,Bottoms,Women,39.9,39.9,False,1,39.9,Card
BUG-20260604-0371,3,2026-06-04 21:20:47,Bugis,SOK-W-02,Women's Pile Crew Socks,Socks,Women,5.9,5.9,False,1,5.9,paynow
ORC-20260604-1118,1,2026-06-04 20:24:16,Orchard Central,SOK-M-04,Men's Ribbed Crew Socks,Socks,Men,5.9,5.9,False,1,5.9,NETS
BUG-20260604-0829,1,2026-06-04 20:21:30,Bugis,TOP-M-01,Men's Airism Cotton Crew Neck T-Shirt,Tops,Men,14.9,14.9,False,1,14.9,NETS
PUN-20260604-0035,2,2026-06-04 20:53:16,Punggol,UND-W-03,Women's Cotton Blend Briefs,Underwear,Women,9.9,9.9,False,1,9.9,PayNow
BUG-20260604-0228,1,2026-06-04 14:28:30,Bugis,UND-W-06,Women's Lace Trim Briefs,Underwear,women,9.9,9.9,False,2,19.8,Card
ORC-20260604-1249,1,2026-06-04 19:54:39,  Orchard Central  ,SOK-W-03,Women's Airism Low-Cut Socks,Socks,Women,5.9,5.9,False,1,5.9,PayNow
ORC-20260604-0158,1,2026-06-04 18:25:49,Orchard Central,UND-M-04,Men's Cotton Crew Neck Undershirt,Underwear,MEN,14.9,14.9,False,1,14.9,Card
PUN-20260604-0028,1,2026-06-04 13:34:50,PUNGGOL,BTM-W-03,Women's Ezy Ankle Pants,Bottoms,women,29.9,29.9,False,1,29.9,Card
ORC-20260604-0432,1,2026-06-04 19:36:19,orchard central,SOK-M-04,  Men's Ribbed Crew Socks  ,Socks,Men,5.9,5.9,False,1,5.9,CASH
BUG-20260604-0320,2,2026-06-04 13:42:40,Bugis,SOK-W-04,Women's Ribbed Crew Socks,SOCKS,Women,5.9,5.9,False,2,11.8,card
BUG-20260604-0343,2,2026-06-04 13:33:11,Bugis,TOP-M-04,Men's Oxford Long Sleeve Shirt,Tops,Men,29.9,29.9,False,1,29.9,NETS
ORC-20260604-0119,1,2026-06-04 13:46:17,Orchard Central,SOK-M-03,Men's Airism Low-Cut Socks,Socks,men,5.9,5.9,False,1,5.9,PayNow
PUN-20260604-0127,1,2026-06-04 20:43:06,Punggol,UND-W-01,Women's Airism Bikini Shorts,Underwear,Women,9.9,9.9,False,1,9.9,Card
ORC-20260604-0999,1,2026-06-04 19:50:37,Orchard Central,SOK-M-09,Men's No-Show Sneaker Socks,Socks,Men,4.11,5.9,True,1,4.11,NETS
ORC-20260604-0724,1,2026-06-04 15:14:27,  Orchard Central  ,BTM-M-03,Men's Selvedge Regular Fit Jeans,Bottoms,Men,59.9,59.9,False,1,59.9,PayNow
BUG-20260604-0553,2,2026-06-04 21:48:22,Bugis,SOK-M-04,Men's Ribbed Crew Socks,Socks,Men,5.9,5.9,False,1,5.9,Cash
BUG-20260604-0550,3,2026-06-04 15:09:27,Bugis,SOK-W-10,Women's Wool Blend Socks,Socks,Women,9.9,9.9,False,1,9.9,Nets
ORC-20260604-0398,1,2026-06-04 21:11:33,Orchard Central,BTM-M-03,  Men's Selvedge Regular Fit Jeans  ,Bottoms,Men,59.9,59.9,False,1,59.9,Cash
ORC-20260604-0972,1,2026-06-04 17:23:11,ORCHARD CENTRAL,SOK-M-09,Men's No-Show Sneaker Socks,Socks,Men,4.11,5.9,True,1,4.11,Cash
PUN-20260604-0156,1,2026-06-04 21:00:55,Punggol,BTM-M-04,Men's Dry Stretch Shorts,Bottoms,Men,19.9,19.9,False,1,19.9,CARD
BUG-20260604-0693,2,2026-06-04 22:18:49,Bugis,TOP-W-02,Women's Ribbed Long Sleeve Turtleneck,Tops,Women,19.9,19.9,False,1,19.9,PayNow
BUG-20260604-0102,1,2026-06-04 20:38:18,Bugis,SOK-M-04,Men's Ribbed Crew Socks,Socks,Men,5.9,5.9,False,2,11.8,NETS
BUG-20260604-0364,1,2026-06-04 20:37:51,Bugis,SOK-M-05,Men's Sport Ankle Socks,Socks,Men,5.9,5.9,False,1,5.9,Card
ORC-20260604-0075,1,2026-06-04 14:06:29,Orchard Central,UND-W-04,Women's Airism T-Shirt Bra,Underwear,Women,29.9,29.9,False,2,59.8,Cash
ORC-20260604-0483,1,2026-06-04 17:01:58,Orchard Central,SOK-M-09,Men's No-Show Sneaker Socks,Socks,Men,4.11,5.9,True,1,4.11,PayNow
PUN-20260604-0010,2,2026-06-04 12:24:51,Punggol,TOP-W-04,Women's Heattech Crew Neck Long Sleeve Tee,Tops,Women,14.9,14.9,False,1,14.9,Card
ORC-20260604-0078,2,2026-06-04 21:03:44,Orchard Central,TOP-W-01,Women's Airism Cotton Crew Neck T-Shirt,Tops,Women,14.9,14.9,False,1,14.9,Card
PUN-20260604-0126,2,2026-06-04 19:21:01,Punggol,TOP-W-03,Women's Silky Satin Blouse,Tops,Women,39.9,39.9,False,1,39.9,NETS
BUG-20260604-0877,1,2026-06-04 17:48:40,Bugis,SOK-W-02,Women's Pile Crew Socks,Socks,Women,5.9,5.9,False,1,5.9,Card
PUN-20260604-0216,1,2026-06-04 22:59:09,Punggol,SOK-W-02,Women's Pile Crew Socks,Socks,Women,5.9,5.9,False,1,5.9,NETS
PUN-20260604-0291,1,2026-06-04 15:34:03,Punggol,TOP-W-02,Women's Ribbed Long Sleeve Turtleneck,Tops,Women,19.9,19.9,False,1,19.9,Cash
ORC-20260604-0329,3,2026-06-04 22:58:10,orchard central,SOK-M-07,Men's Striped Crew Socks,Socks,Men,5.9,5.9,False,1,5.9,Cash
ORC-20260604-0203,2,2026-06-04 21:48:50,Orchard Central,SOK-M-04,Men's Ribbed Crew Socks,socks,Men,5.9,5.9,False,1,5.9,Card
ORC-20260604-0686,3,2026-06-04 19:02:08,Orchard Central,SOK-W-03,Women's Airism Low-Cut Socks,Socks,Women,5.9,5.9,False,1,5.9,Card
PUN-20260604-0074,2,2026-06-04 18:25:50,Punggol,UND-W-07,Women's Heattech Camisole,Underwear,Women,14.9,14.9,False,2,29.8,Cash
PUN-20260604-0323,1,2026-06-04 15:15:05,  Punggol  ,SOK-W-03,Women's Airism Low-Cut Socks,Socks,Women,5.9,5.9,False,1,5.9,Card
ORC-20260604-0673,2,2026-06-04 14:31:07,Orchard Central,SOK-M-06,Men's Heattech Socks,Socks,Men,9.9,9.9,False,1,9.9,NETS
ORC-20260604-0966,3,2026-06-04 20:57:59,Orchard Central,BTM-W-04,Women's Denim Straight Jeans,Bottoms,Women,49.9,49.9,False,1,49.9,PayNow
ORC-20260604-0941,2,2026-06-04 18:59:59,Orchard Central,BTM-M-02,Men's Slim Fit Chino Trousers,Bottoms,Men,29.9,29.9,False,1,$29.9,PayNow
BUG-20260604-0695,1,2026-06-04 11:38:50,Bugis,UND-W-03,Women's Cotton Blend Briefs,Underwear,WOMEN,9.9,9.9,False,1,9.9,PayNow
BUG-20260604-0226,3,2026-06-04 20:52:17,Bugis,TOP-W-01,Women's Airism Cotton Crew Neck T-Shirt,Tops,Women,14.9,14.9,False,1,14.9,Cash
ORC-20260604-0571,2,2026-06-04 19:51:48,Orchard Central,SOK-W-02,Women's Pile Crew Socks,Socks,Women,5.9,5.9,False,1,5.9,Card
ORC-20260604-0294,2,2026-06-04 22:44:57,Orchard Central,SOK-M-02,Men's Pile Crew Socks,Socks,Men,5.9,5.9,False,1,5.9,Card
ORC-20260604-1336,3,2026-06-04 19:43:23,Orchard Central,SOK-W-02,Women's Pile Crew Socks,Socks,Women,5.9,5.9,False,1,5.9,Card
ORC-20260604-1269,1,2026-06-04 19:17:37,Orchard Central,SOK-M-07,Men's Striped Crew Socks,Socks,Men,5.9,5.9,False,1,5.9,Cash
ORC-20260604-0021,2,2026-06-04 19:38:41,Orchard Central,SOK-M-09,Men's No-Show Sneaker Socks,Socks,Men,4.11,5.9,True,1,4.11,CARD
ORC-20260604-0830,1,2026-06-04 20:40:19,ORCHARD CENTRAL,SOK-M-07,Men's Striped Crew Socks,Socks,Men,5.9,5.9,False,1,5.9,Card
ORC-20260604-0530,1,2026-06-04 20:18:21,Orchard Central,SOK-M-04,Men's Ribbed Crew Socks,socks,Men,5.9,5.9,False,2,11.8,PayNow
ORC-20260604-1004,3,2026-06-04 18:22:54,Orchard Central,TOP-M-04,Men's Oxford Long Sleeve Shirt,tops,Men,29.9,29.9,False,1,29.9,NETS
ORC-20260604-0928,3,2026-06-04 21:30:51,Orchard Central,SOK-M-09,Men's No-Show Sneaker Socks,Socks,Men,4.11,5.9,True,1,4.11,Card
PUN-20260604-0150,1,2026-06-04 19:01:47,Punggol,TOP-M-03,Men's Dry-EX Crew Neck T-Shirt,Tops,Men,19.9,19.9,False,1,19.9,PayNow
ORC-20260604-0512,2,2026-06-04 19:16:20,Orchard Central,UND-M-04,Men's Cotton Crew Neck Undershirt,Underwear,MEN,14.9,14.9,False,1,14.9,Card
ORC-20260604-0789,3,2026-06-04 16:32:03,orchard central,UND-M-06,Men's Airism Sleeveless Undershirt,Underwear,Men,9.9,9.9,False,1,9.9,PayNow
BUG-20260604-0517,2,2026-06-04 13:49:02,Bugis,TOP-M-01,Men's Airism Cotton Crew Neck T-Shirt,Tops,MEN,14.9,14.9,False,1,14.9,Card
ORC-20260604-0810,1,2026-06-04 22:34:42,Orchard Central,SOK-M-02,Men's Pile Crew Socks,Socks,Men,5.9,5.9,False,1,5.9,CARD
ORC-20260604-0021,1,2026-06-04 19:38:41,orchard central,UND-W-03,Women's Cotton Blend Briefs,Underwear,Women,9.9,9.9,False,1,9.9,Card
ORC-20260604-1287,1,2026-06-04 21:01:32,  Orchard Central  ,TOP-M-02,Men's Supima Cotton Polo Shirt,Tops,Men,29.9,29.9,False,1,29.9,PayNow
PUN-20260604-0081,1,2026-06-04 13:28:52,Punggol,TOP-W-02,Women's Ribbed Long Sleeve Turtleneck,TOPS,Women,19.9,19.9,False,1,$19.9,Card
PUN-20260604-0553,1,2026-06-04 18:13:57,Punggol,TOP-M-01,Men's Airism Cotton Crew Neck T-Shirt,Tops,Men,14.9,14.9,False,1,14.9,Card
PUN-20260604-0267,1,2026-06-04 20:40:00,Punggol,UND-M-01,Men's Airism Boxer Briefs,Underwear,Men,14.9,14.9,False,1,14.9,Card
BUG-20260604-0688,1,2026-06-04 12:21:38,Bugis,UND-M-03,Men's Airism Mesh Boxer Briefs,Underwear,Men,14.9,14.9,False,2,29.8,cash
ORC-20260604-0007,1,2026-06-04 17:00:02,Orchard Central,SOK-W-02,  Women's Pile Crew Socks  ,socks,Women,5.9,5.9,False,1,5.9,PayNow
ORC-20260604-0773,2,2026-06-04 20:12:18,Orchard Central,SOK-W-01,Women's Ankle Socks 3-Pack,SOCKS,Women,14.9,14.9,False,1,14.9,Card
ORC-20260604-0772,1,2026-06-04 20:07:15,Orchard Central,TOP-W-01,Women's Airism Cotton Crew Neck T-Shirt,TOPS,Women,14.9,14.9,False,1,14.9,PayNow
ORC-20260604-0488,2,2026-06-04 21:09:25,Orchard Central,SOK-M-09,Men's No-Show Sneaker Socks,Socks,Men,4.11,5.9,True,2,8.22,Card
BUG-20260604-0234,2,2026-06-04 14:07:38,Bugis,UND-M-08,Men's Airism V-Neck Undershirt,Underwear,Men,9.9,9.9,False,1,9.9,card
ORC-20260604-0115,1,2026-06-04 13:00:02,Orchard Central,UND-W-03,  Women's Cotton Blend Briefs  ,Underwear,Women,9.9,9.9,False,2,19.8,Card
ORC-20260604-0039,2,2026-06-04 20:43:45,ORCHARD CENTRAL,UND-M-04,Men's Cotton Crew Neck Undershirt,Underwear,men,14.9,14.9,False,1,14.9,Card
BUG-20260604-0540,3,2026-06-04 20:16:53,Bugis,SOK-M-02,Men's Pile Crew Socks,Socks,Men,5.9,5.9,False,1,5.9,Card
ORC-20260604-0759,1,2026-06-04 21:51:11,Orchard Central,TOP-W-01,Women's Airism Cotton Crew Neck T-Shirt,Tops,Women,14.9,14.9,False,1,14.9,NETS
PUN-20260604-0401,3,2026-06-04 17:31:44,Punggol,SOK-M-03,  Men's Airism Low-Cut Socks  ,socks,Men,5.9,5.9,False,1,5.9,cash
PUN-20260604-0470,1,2026-06-04 13:49:33,Punggol,BTM-M-01,Men's Ezy Ankle Pants,Bottoms,Men,29.9,29.9,False,1,29.9,Cash
ORC-20260604-0750,1,2026-06-04 20:52:44,Orchard Central,UND-W-03,Women's Cotton Blend Briefs,Underwear,Women,9.9,9.9,False,2,19.8,Card
PUN-20260604-0508,1,2026-06-04 21:08:33,Punggol,SOK-W-02,Women's Pile Crew Socks,Socks,Women,5.9,5.9,False,1,5.9,Card
BUG-20260604-0322,1,2026-06-04 21:10:17,  Bugis  ,TOP-W-02,Women's Ribbed Long Sleeve Turtleneck,Tops,Women,19.9,19.9,False,1,19.9,Cash
PUN-20260604-0017,2,2026-06-04 17:14:35,Punggol,TOP-W-03,Women's Silky Satin Blouse,Tops,Women,39.9,39.9,False,1,39.9,NETS
ORC-20260604-0363,1,2026-06-04 21:58:46,Orchard Central,SOK-W-02,Women's Pile Crew Socks,Socks,Women,5.9,5.9,False,1,5.9,PayNow
BUG-20260604-0579,1,2026-06-04 14:20:21,Bugis,SOK-W-01,Women's Ankle Socks 3-Pack,Socks,Women,14.9,14.9,False,2,29.8,PayNow
ORC-20260604-0343,2,2026-06-04 16:21:41,Orchard Central,SOK-W-06,Women's Heattech Socks,SOCKS,Women,9.9,9.9,False,1,9.9,Card
ORC-20260604-0130,2,2026-06-04 12:58:38,orchard central,TOP-W-02,Women's Ribbed Long Sleeve Turtleneck,Tops,Women,19.9,19.9,False,1,19.9,Card
ORC-20260604-0017,1,2026-06-04 21:56:16,  Orchard Central  ,SOK-W-01,Women's Ankle Socks 3-Pack,Socks,women,14.9,14.9,False,1,14.9,Card
ORC-20260604-0445,3,2026-06-04 18:03:49,Orchard Central,TOP-W-01,Women's Airism Cotton Crew Neck T-Shirt,Tops,Women,14.9,14.9,False,1,14.9,NETS
ORC-20260604-0931,1,2026-06-04 20:38:07,Orchard Central,SOK-M-04,Men's Ribbed Crew Socks,Socks,men,5.9,5.9,False,1,5.9,NETS
PUN-20260604-0141,1,2026-06-04 22:06:01,Punggol,SOK-W-02,Women's Pile Crew Socks,Socks,Women,5.9,5.9,False,1,5.9,
ORC-20260604-0066,3,2026-06-04 16:00:22,  Orchard Central  ,SOK-W-02,Women's Pile Crew Socks,Socks,Women,5.9,5.9,False,1,5.9,card
BUG-20260604-0857,1,2026-06-04 22:00:56,Bugis,TOP-M-02,Men's Supima Cotton Polo Shirt,Tops,Men,29.9,29.9,False,1,29.9,NETS
ORC-20260604-0735,2,2026-06-04 20:06:31,Orchard Central,TOP-W-01,Women's Airism Cotton Crew Neck T-Shirt,Tops,women,14.9,14.9,False,1,14.9,Card
ORC-20260604-0979,1,2026-06-04 17:20:12,Orchard Central,TOP-W-02,Women's Ribbed Long Sleeve Turtleneck,Tops,Women,19.9,19.9,False,1,19.9,Card
ORC-20260604-1192,2,2026-06-04 20:38:20,Orchard Central,UND-W-04,Women's Airism T-Shirt Bra,Underwear,Women,29.9,29.9,False,1,29.9,NETS
ORC-20260604-0163,1,2026-06-04 19:02:33,Orchard Central,UND-M-01,Men's Airism Boxer Briefs,Underwear,Men,14.9,14.9,False,1,14.9,NETS
ORC-20260604-0850,1,2026-06-04 18:01:50,Orchard Central,TOP-W-10,Women's Ultra Light Down Vest,Tops,Women,59.9,59.9,False,1,59.9,NETS
BUG-20260604-0847,3,2026-06-04 21:42:02,Bugis,UND-W-03,Women's Cotton Blend Briefs,UNDERWEAR,Women,9.9,9.9,False,2,19.8,Card
PUN-20260604-0120,1,2026-06-04 20:03:56,Punggol,SOK-W-02,Women's Pile Crew Socks,Socks,Women,5.9,5.9,False,1,5.9,NETS
ORC-20260604-0570,1,2026-06-04 21:12:45,Orchard Central,SOK-W-03,Women's Airism Low-Cut Socks,Socks,Women,5.9,5.9,False,1,5.9,Card
ORC-20260604-1446,1,2026-06-04 20:42:19,Orchard Central,SOK-M-01,Men's Ankle Socks 3-Pack,Socks,Men,14.9,14.9,False,1,14.9,card
ORC-20260604-0559,1,2026-06-04 14:16:32,Orchard Central,TOP-M-03,Men's Dry-EX Crew Neck T-Shirt,Tops,Men,19.9,19.9,False,1,19.9,NETS
PUN-20260604-0353,2,2026-06-04 18:05:14,Punggol,TOP-M-02,Men's Supima Cotton Polo Shirt,Tops,Men,29.9,29.9,False,1,29.9,Card
PUN-20260604-0222,2,2026-06-04 20:25:28,punggol,UND-M-02,Men's Cotton Blend Trunks,Underwear,Men,14.9,14.9,False,1,14.9,NETS
ORC-20260604-0687,1,2026-06-04 20:17:55,orchard central,SOK-M-03,Men's Airism Low-Cut Socks,Socks,Men,5.9,5.9,False,1,5.9,Card
ORC-20260604-1117,3,2026-06-04 19:34:50,  Orchard Central  ,TOP-W-01,Women's Airism Cotton Crew Neck T-Shirt,tops,Women,14.9,14.9,False,1,14.9,Cash
ORC-20260604-0090,1,2026-06-04 17:46:50,Orchard Central,TOP-M-03,Men's Dry-EX Crew Neck T-Shirt,Tops,Men,19.9,19.9,False,1,19.9,Card
ORC-20260604-0805,1,2026-06-04 11:54:22,Orchard Central,SOK-W-03,Women's Airism Low-Cut Socks,Socks,Women,5.9,5.9,False,1,$5.9,NETS
ORC-20260604-1115,3,2026-06-04 18:54:04,Orchard Central,SOK-M-04,  Men's Ribbed Crew Socks  ,Socks,Men,5.9,5.9,False,1,5.9,NETS
ORC-20260604-1030,1,2026-06-04 22:06:22,Orchard Central,UND-W-03,Women's Cotton Blend Briefs,underwear,Women,9.9,9.9,False,1,$9.9,PayNow
BUG-20260604-0037,2,2026-06-04 20:43:34,  Bugis  ,TOP-W-02,Women's Ribbed Long Sleeve Turtleneck,Tops,Women,19.9,19.9,False,1,19.9,NETS
ORC-20260604-0775,1,2026-06-04 20:15:31,Orchard Central,SOK-W-03,Women's Airism Low-Cut Socks,Socks,Women,5.9,5.9,False,2,11.8,cash
PUN-20260604-0005,1,2026-06-04 18:12:57,PUNGGOL,TOP-W-02,Women's Ribbed Long Sleeve Turtleneck,Tops,Women,19.9,19.9,False,1,19.9,Cash
ORC-20260604-1288,2,2026-06-04 16:22:12,Orchard Central,UND-M-04,Men's Cotton Crew Neck Undershirt,Underwear,Men,14.9,14.9,False,1,14.9,NETS
ORC-20260604-0136,1,2026-06-04 18:10:57,  Orchard Central  ,UND-M-02,Men's Cotton Blend Trunks,underwear,Men,14.9,14.9,False,1,14.9,Card
ORC-20260604-0244,1,2026-06-04 20:11:06,Orchard Central,SOK-W-03,Women's Airism Low-Cut Socks,Socks,Women,5.9,5.9,False,1,5.9,Card
BUG-20260604-0667,1,2026-06-04 21:58:09,Bugis,SOK-W-04,Women's Ribbed Crew Socks,Socks,Women,5.9,5.9,False,1,5.9,PayNow
ORC-20260604-0111,2,2026-06-04 17:50:06,orchard central,SOK-M-02,Men's Pile Crew Socks,socks,Men,5.9,5.9,False,1,5.9,Card
ORC-20260604-0606,1,2026-06-04 20:22:53,Orchard Central,UND-W-04,  Women's Airism T-Shirt Bra  ,UNDERWEAR,Women,29.9,29.9,False,2,59.8,Card
ORC-20260604-0190,3,2026-06-04 11:55:15,Orchard Central,SOK-M-09,  Men's No-Show Sneaker Socks  ,SOCKS,Men,4.11,5.9,True,1,4.11,Card
ORC-20260604-0933,3,2026-06-04 17:23:11,Orchard Central,SOK-W-03,Women's Airism Low-Cut Socks,Socks,WOMEN,5.9,5.9,False,1,5.9,
ORC-20260604-1074,1,2026-06-04 21:46:35,Orchard Central,SOK-W-03,  Women's Airism Low-Cut Socks  ,Socks,Women,5.9,5.9,False,1,5.9,Cash
ORC-20260604-0514,3,2026-06-04 19:42:26,Orchard Central,SOK-M-09,Men's No-Show Sneaker Socks,Socks,Men,4.11,5.9,True,1,4.11,Card
BUG-20260604-0752,2,2026-06-04 17:38:11,bugis,SOK-W-02,Women's Pile Crew Socks,Socks,Women,5.9,5.9,False,1,5.9,Card
BUG-20260604-0067,1,2026-06-04 20:19:50,bugis,TOP-M-02,Men's Supima Cotton Polo Shirt,TOPS,Men,29.9,29.9,False,1,29.9,PayNow
ORC-20260604-0790,1,2026-06-04 13:08:11,Orchard Central,TOP-M-04,Men's Oxford Long Sleeve Shirt,tops,Men,29.9,29.9,False,1,29.9,NETS
ORC-20260604-0729,1,2026-06-04 21:23:31,Orchard Central,UND-M-01,Men's Airism Boxer Briefs,Underwear,Men,14.9,14.9,False,1,14.9,paynow
ORC-20260604-1400,1,2026-06-04 13:24:56,Orchard Central,UND-M-04,Men's Cotton Crew Neck Undershirt,Underwear,Men,14.9,14.9,False,1,$14.9,Card
ORC-20260604-0731,1,2026-06-04 19:05:11,Orchard Central,SOK-M-01,Men's Ankle Socks 3-Pack,Socks,Men,14.9,14.9,False,1,14.9,PayNow
ORC-20260604-1386,1,2026-06-04 20:09:06,Orchard Central,SOK-M-03,  Men's Airism Low-Cut Socks  ,socks,Men,5.9,5.9,False,1,5.9,Card
ORC-20260604-1332,2,2026-06-04 19:30:12,Orchard Central,SOK-W-02,Women's Pile Crew Socks,Socks,WOMEN,5.9,5.9,False,1,5.9,PayNow
ORC-20260604-0429,1,2026-06-04 21:24:39,Orchard Central,UND-M-05,Men's Seamless Boxer Briefs,UNDERWEAR,Men,14.9,14.9,False,1,14.9,Cash
BUG-20260604-0272,2,2026-06-04 19:34:41,Bugis,SOK-M-04,Men's Ribbed Crew Socks,Socks,Men,5.9,5.9,False,1,5.9,Cash
BUG-20260604-0703,3,2026-06-04 17:24:38,Bugis,SOK-W-04,Women's Ribbed Crew Socks,Socks,Women,5.9,5.9,False,2,11.8,Cash
ORC-20260604-1440,1,2026-06-04 18:00:35,Orchard Central,SOK-W-03,Women's Airism Low-Cut Socks,SOCKS,Women,5.9,5.9,False,1,5.9,Card
BUG-20260604-0362,1,2026-06-04 16:59:09,Bugis,BTM-M-01,Men's Ezy Ankle Pants,Bottoms,Men,29.9,29.9,False,1,29.9,CARD
ORC-20260604-1291,2,2026-06-04 12:52:49,Orchard Central,SOK-W-01,Women's Ankle Socks 3-Pack,Socks,Women,14.9,14.9,False,1,14.9,Card
PUN-20260604-0292,1,2026-06-04 19:07:02,punggol,SOK-M-04,Men's Ribbed Crew Socks,Socks,Men,5.9,5.9,False,1,5.9,NETS
ORC-20260604-0460,1,2026-06-04 22:43:24,  Orchard Central  ,UND-W-03,Women's Cotton Blend Briefs,Underwear,Women,9.9,9.9,False,1,9.9,Cash
ORC-20260604-0746,1,2026-06-04 16:32:20,Orchard Central,SOK-M-09,Men's No-Show Sneaker Socks,Socks,Men,4.11,5.9,True,1,4.11,NETS
PUN-20260604-0486,1,2026-06-04 18:34:38,Punggol,SOK-W-04,Women's Ribbed Crew Socks,SOCKS,Women,5.9,5.9,False,1,5.9,NETS
ORC-20260604-0193,2,2026-06-04 18:01:20,Orchard Central,UND-M-01,Men's Airism Boxer Briefs,Underwear,Men,14.9,14.9,False,1,14.9,Card
BUG-20260604-0392,2,2026-06-04 17:33:58,Bugis,BTM-W-01,Women's Ultra Stretch Skinny Jeans,Bottoms,Women,39.9,39.9,False,1,$39.9,Card
ORC-20260604-1232,1,2026-06-04 20:32:59,Orchard Central,SOK-M-09,Men's No-Show Sneaker Socks,Socks,Men,4.11,5.9,True,1,4.11,Card
PUN-20260604-0540,2,2026-06-04 14:44:06,Punggol,SOK-M-04,Men's Ribbed Crew Socks,Socks,Men,5.9,5.9,False,1,5.9,Card
PUN-20260604-0009,2,2026-06-04 13:33:30,Punggol,UND-W-02,Women's Wireless Bra,Underwear,Women,29.9,29.9,False,2,59.8,NETS
PUN-20260604-0152,3,2026-06-04 18:09:03,Punggol,SOK-W-02,Women's Pile Crew Socks,Socks,Women,$5.9,5.9,False,2,11.8,PayNow
ORC-20260604-0018,2,2026-06-04 13:05:35,  Orchard Central  ,UND-M-06,Men's Airism Sleeveless Undershirt,Underwear,men,$9.9,9.9,False,1,9.9,Cash
ORC-20260604-0386,1,2026-06-04 15:24:59,Orchard Central,SOK-W-02,Women's Pile Crew Socks,Socks,Women,5.9,5.9,False,1,5.9,Card
BUG-20260604-0764,3,2026-06-04 17:17:11,Bugis,SOK-W-02,Women's Pile Crew Socks,SOCKS,Women,5.9,5.9,False,1,5.9,Cash
ORC-20260604-0696,1,2026-06-04 21:54:35,Orchard Central,SOK-W-02,Women's Pile Crew Socks,Socks,Women,5.9,5.9,False,1,5.9,NETS
BUG-20260604-0337,1,2026-06-04 22:18:05,Bugis,SOK-W-02,Women's Pile Crew Socks,Socks,WOMEN,5.9,5.9,False,2,11.8,Card
ORC-20260604-0224,2,2026-06-04 13:58:39,Orchard Central,UND-M-01,Men's Airism Boxer Briefs,Underwear,Men,14.9,14.9,False,1,14.9,NETS
BUG-20260604-0683,3,2026-06-04 19:36:27,Bugis,SOK-W-02,  Women's Pile Crew Socks  ,socks,Women,5.9,5.9,False,1,5.9,PayNow
BUG-20260604-0745,1,2026-06-04 21:56:09,Bugis,TOP-M-09,Men's Flannel Checked Long Sleeve Shirt,tops,Men,29.9,29.9,False,1,29.9,CARD
ORC-20260604-0656,1,2026-06-04 19:34:50,  Orchard Central  ,UND-W-03,Women's Cotton Blend Briefs,Underwear,Women,9.9,9.9,False,1,9.9,
PUN-20260604-0182,2,2026-06-04 21:10:38,Punggol,SOK-W-02,Women's Pile Crew Socks,Socks,Women,5.9,5.9,False,1,5.9,PayNow
ORC-20260604-1347,3,2026-06-04 12:08:04,Orchard Central,TOP-W-01,Women's Airism Cotton Crew Neck T-Shirt,Tops,WOMEN,14.9,14.9,False,1,14.9,NETS
BUG-20260604-0664,3,2026-06-04 18:44:25,  bugis  ,TOP-W-01,Women's Airism Cotton Crew Neck T-Shirt,Tops,Women,14.9,14.9,False,1,14.9,
PUN-20260604-0382,1,2026-06-04 21:08:42,Punggol,UND-W-01,Women's Airism Bikini Shorts,Underwear,WOMEN,9.9,9.9,False,1,9.9,Card
BUG-20260604-0747,1,2026-06-04 19:29:25,Bugis,SOK-M-01,Men's Ankle Socks 3-Pack,Socks,Men,14.9,14.9,False,1,14.9,Card
BUG-20260604-0293,1,2026-06-04 19:23:04,bugis,SOK-M-03,Men's Airism Low-Cut Socks,Socks,Men,5.9,5.9,False,1,5.9,Card
PUN-20260604-0355,1,2026-06-04 20:34:40,PUNGGOL,BTM-M-02,Men's Slim Fit Chino Trousers,Bottoms,men,29.9,29.9,False,1,29.9,Card
BUG-20260604-0724,1,2026-06-04 17:54:29,Bugis,UND-M-04,Men's Cotton Crew Neck Undershirt,Underwear,Men,14.9,14.9,False,1,14.9,PayNow
BUG-20260604-0496,1,2026-06-04 15:56:56,Bugis,SOK-M-04,Men's Ribbed Crew Socks,Socks,Men,5.9,5.9,False,1,5.9,Cash
ORC-20260604-0855,3,2026-06-04 21:08:30,Orchard Central,UND-W-03,Women's Cotton Blend Briefs,Underwear,WOMEN,9.9,9.9,False,1,9.9,Card
ORC-20260604-1303,2,2026-06-04 20:14:17,orchard central,SOK-W-03,Women's Airism Low-Cut Socks,Socks,Women,5.9,5.9,False,1,5.9,Cash
BUG-20260604-0746,3,2026-06-04 21:17:55,Bugis,BTM-W-01,Women's Ultra Stretch Skinny Jeans,Bottoms,Women,39.9,39.9,False,1,39.9,Card
PUN-20260604-0369,2,2026-06-04 19:48:10,Punggol,SOK-M-03,Men's Airism Low-Cut Socks,SOCKS,Men,5.9,5.9,False,2,11.8,PayNow
ORC-20260604-1457,1,2026-06-04 21:09:56,Orchard Central,SOK-M-02,Men's Pile Crew Socks,Socks,Men,5.9,5.9,False,1,5.9,card
PUN-20260604-0063,3,2026-06-04 21:03:29,Punggol,TOP-M-02,Men's Supima Cotton Polo Shirt,Tops,Men,29.9,29.9,False,1,29.9,Cash
ORC-20260604-0672,2,2026-06-04 18:38:00,Orchard Central,SOK-M-01,Men's Ankle Socks 3-Pack,Socks,MEN,14.9,14.9,False,1,14.9,NETS
BUG-20260604-0149,1,2026-06-04 20:26:23,Bugis,BTM-W-02,Women's High-Rise Wide Leg Pants,Bottoms,Women,39.9,39.9,False,1,39.9,PayNow
ORC-20260604-1184,2,2026-06-04 21:08:01,Orchard Central,SOK-M-09,Men's No-Show Sneaker Socks,Socks,Men,4.11,5.9,True,1,4.11,NETS
ORC-20260604-0811,2,2026-06-04 14:10:37,Orchard Central,SOK-M-09,Men's No-Show Sneaker Socks,SOCKS,MEN,4.11,5.9,True,1,4.11,Cash
PUN-20260604-0314,2,2026-06-04 20:52:59,Punggol,SOK-M-04,Men's Ribbed Crew Socks,Socks,Men,5.9,5.9,False,2,11.8,NETS
ORC-20260604-0542,3,2026-06-04 17:12:08,Orchard Central,SOK-M-02,Men's Pile Crew Socks,Socks,Men,5.9,5.9,False,1,5.9,card
PUN-20260604-0495,1,2026-06-04 21:11:35,Punggol,TOP-M-01,  Men's Airism Cotton Crew Neck T-Shirt  ,Tops,Men,14.9,14.9,False,1,14.9,NETS
ORC-20260604-0868,1,2026-06-04 17:50:01,Orchard Central,SOK-M-09,Men's No-Show Sneaker Socks,Socks,Men,4.11,5.9,True,1,4.11,Card
ORC-20260604-0769,3,2026-06-04 19:42:38,Orchard Central,SOK-W-02,Women's Pile Crew Socks,Socks,Women,5.9,5.9,False,1,5.9,Card
ORC-20260604-0691,3,2026-06-04 20:19:16,Orchard Central,SOK-M-04,Men's Ribbed Crew Socks,Socks,Men,5.9,5.9,False,2,11.8,Card
BUG-20260604-0341,1,2026-06-04 19:26:23,  Bugis  ,SOK-W-04,Women's Ribbed Crew Socks,Socks,Women,5.9,5.9,False,1,5.9,Cash
ORC-20260604-0588,2,2026-06-04 20:36:59,Orchard Central,BTM-W-01,Women's Ultra Stretch Skinny Jeans,BOTTOMS,Women,39.9,39.9,False,1,39.9,Card
PUN-20260604-0473,3,2026-06-04 19:27:11,Punggol,TOP-M-01,Men's Airism Cotton Crew Neck T-Shirt,Tops,Men,14.9,14.9,False,1,14.9,Card
ORC-20260604-1345,1,2026-06-04 20:23:44,Orchard Central,TOP-M-01,Men's Airism Cotton Crew Neck T-Shirt,Tops,Men,14.9,14.9,False,1,14.9,PayNow
ORC-20260604-0074,1,2026-06-04 12:46:27,Orchard Central,TOP-M-03,Men's Dry-EX Crew Neck T-Shirt,Tops,Men,19.9,19.9,False,1,19.9,Card
ORC-20260604-1320,1,2026-06-04 18:35:23,Orchard Central,SOK-M-02,Men's Pile Crew Socks,Socks,Men,5.9,5.9,False,2,11.8,Card
PUN-20260604-0445,2,2026-06-04 15:59:54,Punggol,SOK-W-04,Women's Ribbed Crew Socks,Socks,Women,5.9,5.9,False,1,5.9,NETS
ORC-20260604-1061,2,2026-06-04 18:37:51,  Orchard Central  ,SOK-W-09,Women's No-Show Sneaker Socks,socks,Women,5.9,5.9,False,1,5.9,Cash
ORC-20260604-0511,3,2026-06-04 13:37:21,Orchard Central,SOK-M-09,Men's No-Show Sneaker Socks,Socks,Men,4.11,5.9,True,2,8.22,NETS
PUN-20260604-0433,1,2026-06-04 19:17:23,Punggol,UND-W-01,Women's Airism Bikini Shorts,Underwear,Women,9.9,9.9,False,1,9.9,Cash
ORC-20260604-0344,1,2026-06-04 20:27:18,Orchard Central,SOK-W-02,Women's Pile Crew Socks,Socks,Women,5.9,5.9,False,1,5.9,PayNow
ORC-20260604-0355,1,2026-06-04 19:22:38,Orchard Central,TOP-W-01,Women's Airism Cotton Crew Neck T-Shirt,Tops,Women,14.9,14.9,False,1,14.9,Cash
ORC-20260604-0010,1,2026-06-04 18:57:55,orchard central,SOK-M-04,Men's Ribbed Crew Socks,Socks,Men,5.9,5.9,False,1,5.9,NETS
BUG-20260604-0168,2,2026-06-04 16:36:59,Bugis,SOK-M-04,Men's Ribbed Crew Socks,Socks,Men,5.9,5.9,False,2,11.8,NETS
ORC-20260604-0975,3,2026-06-04 19:30:29,Orchard Central,SOK-W-01,Women's Ankle Socks 3-Pack,Socks,Women,14.9,14.9,False,1,14.9,PayNow
BUG-20260604-0012,1,2026-06-04 19:57:12,Bugis,SOK-M-03,Men's Airism Low-Cut Socks,Socks,Men,5.9,5.9,False,2,11.8,Cash
ORC-20260604-0292,1,2026-06-04 20:00:44,Orchard Central,SOK-M-09,Men's No-Show Sneaker Socks,Socks,Men,4.11,5.9,True,1,4.11,Cash
ORC-20260604-0261,2,2026-06-04 17:16:55,Orchard Central,TOP-W-02,Women's Ribbed Long Sleeve Turtleneck,TOPS,Women,19.9,19.9,False,1,19.9,Paynow
ORC-20260604-0459,2,2026-06-04 21:59:55,Orchard Central,SOK-M-01,Men's Ankle Socks 3-Pack,Socks,MEN,14.9,14.9,False,1,14.9,NETS
BUG-20260604-0717,1,2026-06-04 11:07:58,Bugis,SOK-M-02,Men's Pile Crew Socks,Socks,men,5.9,5.9,False,1,5.9,PayNow
PUN-20260604-0287,3,2026-06-04 20:02:03,Punggol,SOK-M-02,Men's Pile Crew Socks,Socks,Men,5.9,5.9,False,1,5.9,Card
ORC-20260604-0060,1,2026-06-04 12:51:14,  Orchard Central  ,SOK-M-01,Men's Ankle Socks 3-Pack,Socks,Men,14.9,14.9,False,1,14.9,PayNow
PUN-20260604-0535,1,2026-06-04 18:41:14,Punggol,TOP-M-03,Men's Dry-EX Crew Neck T-Shirt,Tops,Men,19.9,19.9,False,1,19.9,Card
PUN-20260604-0102,2,2026-06-04 17:15:20,Punggol,SOK-W-02,Women's Pile Crew Socks,Socks,WOMEN,5.9,5.9,False,2,11.8,Card
ORC-20260604-0594,2,2026-06-04 19:55:13,Orchard Central,BTM-M-03,Men's Selvedge Regular Fit Jeans,bottoms,Men,59.9,59.9,False,1,59.9,Card
BUG-20260604-0510,2,2026-06-04 17:45:22,bugis,SOK-M-04,Men's Ribbed Crew Socks,Socks,Men,5.9,5.9,False,1,5.9,
PUN-20260604-0063,2,2026-06-04 21:03:29,Punggol,SOK-W-01,Women's Ankle Socks 3-Pack,socks,WOMEN,14.9,14.9,False,1,14.9,Cash
ORC-20260604-1088,3,2026-06-04 14:59:49,Orchard Central,SOK-M-09,Men's No-Show Sneaker Socks,Socks,Men,4.11,5.9,True,2,8.22,PAYNOW
ORC-20260604-0223,1,2026-06-04 22:11:04,  Orchard Central  ,UND-W-03,Women's Cotton Blend Briefs,Underwear,Women,9.9,9.9,False,1,9.9,PayNow
PUN-20260604-0195,1,2026-06-04 17:48:22,Punggol,UND-M-04,Men's Cotton Crew Neck Undershirt,Underwear,men,14.9,14.9,False,1,14.9,Card
BUG-20260604-0067,3,2026-06-04 20:19:50,Bugis,SOK-W-04,Women's Ribbed Crew Socks,Socks,Women,5.9,5.9,False,1,5.9,PayNow
BUG-20260604-0699,2,2026-06-04 19:55:53,bugis,UND-M-03,Men's Airism Mesh Boxer Briefs,underwear,Men,14.9,14.9,False,1,14.9,PayNow
BUG-20260604-0807,1,2026-06-04 21:13:47,Bugis,SOK-W-03,Women's Airism Low-Cut Socks,Socks,Women,5.9,5.9,False,1,5.9,paynow
PUN-20260604-0577,1,2026-06-04 21:33:18,PUNGGOL,SOK-W-04,Women's Ribbed Crew Socks,Socks,Women,5.9,5.9,False,1,5.9,Cash
BUG-20260604-0471,1,2026-06-04 19:56:18,Bugis,SOK-W-03,Women's Airism Low-Cut Socks,Socks,Women,5.9,5.9,False,1,5.9,PayNow
BUG-20260604-0421,2,2026-06-04 17:41:19,Bugis,UND-W-03,Women's Cotton Blend Briefs,Underwear,Women,9.9,9.9,False,2,19.8,PayNow
PUN-20260604-0137,2,2026-06-04 12:26:04,Punggol,UND-M-01,Men's Airism Boxer Briefs,UNDERWEAR,Men,14.9,14.9,False,1,14.9,Card
BUG-20260604-0203,3,2026-06-04 11:09:14,Bugis,UND-M-01,Men's Airism Boxer Briefs,Underwear,men,14.9,14.9,False,1,14.9,Card
BUG-20260604-0755,1,2026-06-04 18:00:33,Bugis,BTM-M-03,Men's Selvedge Regular Fit Jeans,bottoms,Men,59.9,59.9,False,1,59.9,Card
ORC-20260604-0295,1,2026-06-04 20:19:30,Orchard Central,UND-M-04,Men's Cotton Crew Neck Undershirt,Underwear,Men,14.9,14.9,False,1,14.9,CARD
ORC-20260604-0879,2,2026-06-04 12:42:15,Orchard Central,UND-W-04,  Women's Airism T-Shirt Bra  ,Underwear,Women,29.9,29.9,False,1,29.9,Card
ORC-20260604-0790,2,2026-06-04 13:08:11,orchard central,BTM-M-03,Men's Selvedge Regular Fit Jeans,Bottoms,MEN,59.9,59.9,False,1,59.9,NETS
BUG-20260604-0771,1,2026-06-04 21:14:12,Bugis,TOP-M-01,Men's Airism Cotton Crew Neck T-Shirt,Tops,Men,14.9,14.9,False,1,14.9,PayNow
BUG-20260604-0063,2,2026-06-04 22:57:37,Bugis,SOK-M-01,Men's Ankle Socks 3-Pack,Socks,Men,14.9,14.9,False,1,14.9,card
PUN-20260604-0188,1,2026-06-04 20:00:04,  PUNGGOL  ,SOK-M-07,Men's Striped Crew Socks,Socks,Men,5.9,5.9,False,1,5.9,PayNow
ORC-20260604-0444,3,2026-06-04 19:03:43,Orchard Central,SOK-W-03,Women's Airism Low-Cut Socks,Socks,Women,5.9,5.9,False,1,5.9,NETS
ORC-20260604-0416,3,2026-06-04 16:48:41,orchard central,UND-W-02,Women's Wireless Bra,Underwear,Women,29.9,29.9,False,1,29.9,Card
PUN-20260604-0181,3,2026-06-04 11:43:02,Punggol,SOK-W-02,Women's Pile Crew Socks,Socks,Women,5.9,5.9,False,1,5.9,paynow
BUG-20260604-0218,2,2026-06-04 15:23:11,Bugis,TOP-M-01,Men's Airism Cotton Crew Neck T-Shirt,Tops,Men,14.9,14.9,False,1,14.9,Card
ORC-20260604-1128,1,2026-06-04 17:20:53,Orchard Central,SOK-M-09,Men's No-Show Sneaker Socks,Socks,Men,4.11,5.9,True,2,8.22,PAYNOW
ORC-20260604-0986,2,2026-06-04 20:24:20,Orchard Central,SOK-W-02,Women's Pile Crew Socks,Socks,Women,5.9,5.9,False,2,11.8,CARD
BUG-20260604-0175,1,2026-06-04 18:14:28,Bugis,UND-W-03,Women's Cotton Blend Briefs,Underwear,Women,9.9,9.9,False,1,9.9,Card
BUG-20260604-0515,2,2026-06-04 19:46:13,  Bugis  ,TOP-M-02,Men's Supima Cotton Polo Shirt,Tops,Men,29.9,29.9,False,1,29.9,Card
ORC-20260604-0137,1,2026-06-04 20:20:26,Orchard Central,TOP-M-01,Men's Airism Cotton Crew Neck T-Shirt,Tops,Men,14.9,14.9,False,1,14.9,PayNow
ORC-20260604-1134,1,2026-06-04 18:51:04,orchard central,UND-W-04,Women's Airism T-Shirt Bra,Underwear,Women,29.9,29.9,False,2,59.8,Card
ORC-20260604-0274,2,2026-06-04 18:51:26,Orchard Central,SOK-M-01,Men's Ankle Socks 3-Pack,Socks,Men,14.9,14.9,False,1,14.9,Card
ORC-20260604-0156,1,2026-06-04 17:37:08,Orchard Central,SOK-M-04,  Men's Ribbed Crew Socks  ,Socks,Men,5.9,5.9,False,1,5.9,PayNow
ORC-20260604-0590,1,2026-06-04 20:28:58,  Orchard Central  ,BTM-M-03,Men's Selvedge Regular Fit Jeans,Bottoms,Men,59.9,59.9,False,1,59.9,PayNow
BUG-20260604-0771,2,2026-06-04 21:14:12,  Bugis  ,BTM-W-01,Women's Ultra Stretch Skinny Jeans,Bottoms,Women,39.9,39.9,False,1,39.9,PayNow
BUG-20260604-0665,1,2026-06-04 13:40:46,Bugis,TOP-W-03,Women's Silky Satin Blouse,Tops,Women,39.9,39.9,False,1,39.9,Card
BUG-20260604-0806,1,2026-06-04 20:17:23,Bugis,BTM-M-01,Men's Ezy Ankle Pants,bottoms,Men,29.9,29.9,False,1,29.9,Card
ORC-20260604-0579,1,2026-06-04 15:30:15,Orchard Central,SOK-M-09,Men's No-Show Sneaker Socks,socks,Men,4.11,5.9,True,1,4.11,NETS
ORC-20260604-0374,2,2026-06-04 17:46:52,Orchard Central,SOK-M-01,Men's Ankle Socks 3-Pack,Socks,Men,14.9,14.9,False,1,14.9,PayNow
ORC-20260604-0976,3,2026-06-04 13:20:23,Orchard Central,BTM-W-01,Women's Ultra Stretch Skinny Jeans,Bottoms,Women,39.9,39.9,False,1,39.9,Card
PUN-20260604-0555,1,2026-06-04 21:58:01,Punggol,TOP-M-04,Men's Oxford Long Sleeve Shirt,Tops,Men,29.9,29.9,False,1,29.9,NETS
BUG-20260604-0397,1,2026-06-04 20:05:21,Bugis,TOP-W-02,Women's Ribbed Long Sleeve Turtleneck,Tops,Women,19.9,19.9,False,1,19.9,Cash
BUG-20260604-0548,2,2026-06-04 19:27:44,  Bugis  ,TOP-W-02,  Women's Ribbed Long Sleeve Turtleneck  ,Tops,Women,19.9,19.9,False,1,19.9,PayNow
PUN-20260604-0499,2,2026-06-04 22:20:05,Punggol,SOK-W-04,Women's Ribbed Crew Socks,Socks,Women,5.9,5.9,False,1,5.9,Card
ORC-20260604-0404,2,2026-06-04 20:56:16,  Orchard Central  ,SOK-M-03,Men's Airism Low-Cut Socks,Socks,Men,5.9,5.9,False,1,5.9,NETS
BUG-20260604-0402,1,2026-06-04 16:09:21,Bugis,TOP-M-01,Men's Airism Cotton Crew Neck T-Shirt,Tops,Men,14.9,14.9,False,1,14.9,NETS
BUG-20260604-0814,1,2026-06-04 20:10:37,Bugis,SOK-W-03,Women's Airism Low-Cut Socks,Socks,Women,5.9,5.9,False,1,5.9,Card
ORC-20260604-0751,2,2026-06-04 21:39:39,Orchard Central,BTM-M-04,,Bottoms,Men,19.9,19.9,False,1,19.9,NETS
BUG-20260604-0109,3,2026-06-04 19:52:27,Bugis,SOK-W-01,Women's Ankle Socks 3-Pack,Socks,Women,14.9,14.9,False,2,29.8,Card
BUG-20260604-0480,1,2026-06-04 20:12:15,Bugis,BTM-M-03,Men's Selvedge Regular Fit Jeans,Bottoms,Men,59.9,59.9,False,1,$59.9,CASH
BUG-20260604-0674,3,2026-06-04 20:46:24,Bugis,SOK-W-02,Women's Pile Crew Socks,Socks,WOMEN,5.9,5.9,False,1,5.9,Card
BUG-20260604-0004,1,2026-06-04 16:17:09,Bugis,TOP-W-01,Women's Airism Cotton Crew Neck T-Shirt,Tops,women,14.9,14.9,False,1,14.9,PayNow
BUG-20260604-0066,1,2026-06-04 13:24:55,bugis,UND-W-04,Women's Airism T-Shirt Bra,Underwear,Women,29.9,29.9,False,1,29.9,Cash
PUN-20260604-0560,1,2026-06-04 20:17:11,Punggol,UND-W-01,Women's Airism Bikini Shorts,underwear,Women,9.9,9.9,False,1,9.9,Card
ORC-20260604-0994,2,2026-06-04 14:48:15,Orchard Central,SOK-M-01,Men's Ankle Socks 3-Pack,Socks,Men,14.9,14.9,False,1,$14.9,Card
PUN-20260604-0067,2,2026-06-04 21:09:09,  Punggol  ,UND-M-01,Men's Airism Boxer Briefs,Underwear,MEN,14.9,14.9,False,1,14.9,PayNow
PUN-20260604-0428,2,2026-06-04 21:59:05,Punggol,SOK-W-02,Women's Pile Crew Socks,Socks,Women,5.9,5.9,False,1,5.9,NETS
PUN-20260604-0065,1,2026-06-04 19:42:32,Punggol,TOP-W-02,Women's Ribbed Long Sleeve Turtleneck,Tops,women,19.9,19.9,False,1,19.9,Card
ORC-20260604-1317,2,2026-06-04 21:54:40,Orchard Central,SOK-W-02,Women's Pile Crew Socks,Socks,Women,5.9,5.9,False,1,5.9,Card
PUN-20260604-0287,2,2026-06-04 20:02:03,Punggol,SOK-W-02,Women's Pile Crew Socks,Socks,Women,5.9,5.9,False,1,5.9,Card
ORC-20260604-0159,1,2026-06-04 16:47:50,Orchard Central,TOP-M-04,Men's Oxford Long Sleeve Shirt,Tops,Men,29.9,29.9,False,1,$29.9,NETS
BUG-20260604-0103,1,2026-06-04 20:33:55,  Bugis  ,SOK-M-03,Men's Airism Low-Cut Socks,Socks,Men,5.9,5.9,False,2,11.8,Card
PUN-20260604-0455,2,2026-06-04 20:44:32,Punggol,SOK-M-02,Men's Pile Crew Socks,Socks,Men,5.9,5.9,False,1,5.9,NETS
ORC-20260604-0038,2,2026-06-04 21:01:31,Orchard Central,SOK-M-01,Men's Ankle Socks 3-Pack,Socks,Men,14.9,14.9,False,1,14.9,Cash
PUN-20260604-0343,1,2026-06-04 12:13:49,Punggol,SOK-W-03,Women's Airism Low-Cut Socks,Socks,Women,5.9,5.9,False,1,5.9,CARD
ORC-20260604-0096,1,2026-06-04 22:28:49,  Orchard Central  ,SOK-W-03,Women's Airism Low-Cut Socks,socks,Women,5.9,5.9,False,1,5.9,Cash
ORC-20260604-0170,1,2026-06-04 19:22:37,Orchard Central,BTM-M-02,Men's Slim Fit Chino Trousers,BOTTOMS,Men,29.9,29.9,False,1,29.9,
PUN-20260604-0245,1,2026-06-04 22:08:12,Punggol,SOK-M-04,Men's Ribbed Crew Socks,Socks,Men,5.9,5.9,False,1,5.9,PayNow
BUG-20260604-0613,1,2026-06-04 19:24:05,Bugis,SOK-M-02,Men's Pile Crew Socks,Socks,Men,5.9,5.9,False,2,11.8,PayNow
ORC-20260604-1013,1,2026-06-04 18:12:39,Orchard Central,SOK-W-02,Women's Pile Crew Socks,Socks,Women,5.9,5.9,False,1,5.9,Card
ORC-20260604-0360,1,2026-06-04 20:49:17,Orchard Central,SOK-W-06,Women's Heattech Socks,Socks,Women,9.9,9.9,False,1,9.9,Cash
BUG-20260604-0104,1,2026-06-04 14:30:21,Bugis,SOK-M-04,Men's Ribbed Crew Socks,Socks,Men,$5.9,5.9,False,1,5.9,Card
ORC-20260604-1466,1,2026-06-04 20:38:37,  orchard central  ,TOP-W-01,  Women's Airism Cotton Crew Neck T-Shirt  ,Tops,Women,$14.9,14.9,False,1,14.9,PayNow
BUG-20260604-0511,1,2026-06-04 20:39:38,Bugis,SOK-W-06,Women's Heattech Socks,Socks,Women,9.9,9.9,False,2,19.8,Card
BUG-20260604-0624,1,2026-06-04 20:42:57,  Bugis  ,SOK-M-02,Men's Pile Crew Socks,Socks,Men,5.9,5.9,False,1,5.9,NETS
PUN-20260604-0127,2,2026-06-04 20:43:06,Punggol,TOP-M-03,Men's Dry-EX Crew Neck T-Shirt,Tops,Men,19.9,19.9,False,1,19.9,card
ORC-20260604-0030,2,2026-06-04 18:49:59,Orchard Central,TOP-M-03,Men's Dry-EX Crew Neck T-Shirt,TOPS,Men,19.9,19.9,False,1,19.9,Card
BUG-20260604-0123,1,2026-06-04 21:07:36,  Bugis  ,SOK-W-03,Women's Airism Low-Cut Socks,Socks,Women,$5.9,5.9,False,1,5.9,PayNow
BUG-20260604-0465,1,2026-06-04 17:29:02,Bugis,SOK-M-01,Men's Ankle Socks 3-Pack,Socks,Men,14.9,14.9,False,1,14.9,Card
BUG-20260604-0275,2,2026-06-04 13:51:55,Bugis,TOP-M-01,Men's Airism Cotton Crew Neck T-Shirt,Tops,Men,14.9,14.9,False,1,14.9,Card
PUN-20260604-0226,2,2026-06-04 21:47:55,Punggol,SOK-M-03,Men's Airism Low-Cut Socks,Socks,Men,5.9,5.9,False,1,5.9,Card
ORC-20260604-0142,2,2026-06-04 18:06:29,Orchard Central,TOP-M-10,Men's Merino Blend V-Neck Sweater,Tops,men,39.9,39.9,False,1,39.9,CARD
BUG-20260604-0478,3,2026-06-04 13:21:21,Bugis,SOK-M-01,Men's Ankle Socks 3-Pack,socks,men,14.9,14.9,False,1,14.9,Card
ORC-20260604-1047,1,2026-06-04 20:37:54,orchard central,TOP-W-02,Women's Ribbed Long Sleeve Turtleneck,Tops,women,19.9,19.9,False,1,19.9,PAYNOW
ORC-20260604-0239,1,2026-06-04 21:09:33,Orchard Central,UND-M-04,Men's Cotton Crew Neck Undershirt,Underwear,Men,14.9,14.9,False,1,14.9,Card
ORC-20260604-0781,2,2026-06-04 12:37:53,Orchard Central,TOP-M-01,Men's Airism Cotton Crew Neck T-Shirt,Tops,Men,14.9,14.9,False,1,14.9,CARD
ORC-20260604-0127,3,2026-06-04 15:37:26,Orchard Central,UND-W-07,Women's Heattech Camisole,Underwear,Women,14.9,14.9,False,1,14.9,Card
ORC-20260604-1250,1,2026-06-04 15:13:12,Orchard Central,SOK-W-06,Women's Heattech Socks,Socks,Women,9.9,9.9,False,1,9.9,NETS
ORC-20260604-0839,1,2026-06-04 11:12:25,Orchard Central,SOK-M-09,Men's No-Show Sneaker Socks,Socks,Men,4.11,5.9,True,1,4.11,PayNow
PUN-20260604-0305,3,2026-06-04 19:17:13,Punggol,SOK-W-04,  Women's Ribbed Crew Socks  ,Socks,Women,5.9,5.9,False,1,5.9,Card
BUG-20260604-0168,1,2026-06-04 16:36:59,Bugis,SOK-M-04,Men's Ribbed Crew Socks,Socks,Men,5.9,5.9,False,1,5.9,NETS
BUG-20260604-0166,1,2026-06-04 19:28:23,Bugis,UND-M-03,Men's Airism Mesh Boxer Briefs,Underwear,Men,14.9,14.9,False,1,$14.9,NETS
ORC-20260604-1405,2,2026-06-04 12:52:57,Orchard Central,SOK-W-01,  Women's Ankle Socks 3-Pack  ,Socks,Women,14.9,14.9,False,1,14.9,PayNow
ORC-20260604-0869,1,2026-06-04 18:49:33,Orchard Central,TOP-M-10,Men's Merino Blend V-Neck Sweater,tops,Men,39.9,39.9,False,1,39.9,Card
PUN-20260604-0155,3,2026-06-04 16:41:53,Punggol,SOK-W-02,Women's Pile Crew Socks,Socks,Women,5.9,5.9,False,1,5.9,NETS
ORC-20260604-0658,1,2026-06-04 19:51:02,Orchard Central,SOK-M-06,Men's Heattech Socks,Socks,Men,9.9,9.9,False,1,9.9,Card
BUG-20260604-0040,1,2026-06-04 11:47:25,Bugis,SOK-M-07,Men's Striped Crew Socks,Socks,Men,5.9,5.9,False,1,5.9,Cash
BUG-20260604-0432,2,2026-06-04 18:09:38,BUGIS,SOK-M-01,Men's Ankle Socks 3-Pack,SOCKS,MEN,14.9,14.9,False,1,14.9,Card
ORC-20260604-1095,1,2026-06-04 13:32:29,Orchard Central,UND-M-02,Men's Cotton Blend Trunks,Underwear,Men,14.9,14.9,False,1,14.9,Card
ORC-20260604-0472,1,2026-06-04 16:09:11,Orchard Central,UND-M-02,  Men's Cotton Blend Trunks  ,Underwear,Men,14.9,14.9,False,1,$14.9,Card
PUN-20260604-0256,2,2026-06-04 20:53:47,punggol,SOK-M-01,  Men's Ankle Socks 3-Pack  ,Socks,Men,14.9,14.9,False,1,14.9,PayNow
ORC-20260604-1295,1,2026-06-04 17:28:52,Orchard Central,SOK-M-04,Men's Ribbed Crew Socks,Socks,Men,5.9,5.9,False,1,5.9,Card
BUG-20260604-0822,2,2026-06-04 19:21:40,Bugis,SOK-W-02,Women's Pile Crew Socks,Socks,Women,5.9,5.9,False,1,5.9,PayNow
BUG-20260604-0493,1,2026-06-04 11:56:21,Bugis,SOK-W-03,Women's Airism Low-Cut Socks,Socks,WOMEN,5.9,5.9,False,1,5.9,Card
BUG-20260604-0664,2,2026-06-04 18:44:25,Bugis,SOK-M-07,Men's Striped Crew Socks,Socks,Men,5.9,5.9,False,1,$5.9,NETS
ORC-20260604-0528,3,2026-06-04 13:13:40,Orchard Central,SOK-W-03,Women's Airism Low-Cut Socks,Socks,Women,5.9,5.9,False,1,5.9,Card
BUG-20260604-0490,3,2026-06-04 19:48:59,BUGIS,SOK-M-01,Men's Ankle Socks 3-Pack,Socks,Men,14.9,14.9,False,1,14.9,Card
BUG-20260604-0410,1,2026-06-04 19:32:07,Bugis,SOK-W-03,Women's Airism Low-Cut Socks,SOCKS,Women,5.9,5.9,False,2,11.8,Card
ORC-20260604-0340,2,2026-06-04 18:51:01,  Orchard Central  ,SOK-W-08,Women's Lace Trim Ankle Socks,Socks,Women,$5.9,5.9,False,1,5.9,
ORC-20260604-0396,1,2026-06-04 20:25:34,Orchard Central,SOK-M-04,Men's Ribbed Crew Socks,Socks,Men,5.9,5.9,False,1,5.9,PayNow
ORC-20260604-0019,1,2026-06-04 20:52:36,Orchard Central,UND-M-02,Men's Cotton Blend Trunks,Underwear,Men,14.9,14.9,False,1,14.9,Card
ORC-20260604-0082,1,2026-06-04 16:41:25,Orchard Central,SOK-W-02,Women's Pile Crew Socks,Socks,Women,5.9,5.9,False,1,5.9,Card
BUG-20260604-0890,1,2026-06-04 18:11:37,Bugis,SOK-M-07,Men's Striped Crew Socks,Socks,MEN,5.9,5.9,False,1,5.9,paynow
BUG-20260604-0717,2,2026-06-04 11:07:58,Bugis,UND-M-04,Men's Cotton Crew Neck Undershirt,Underwear,Men,14.9,14.9,False,1,14.9,PayNow
ORC-20260604-1188,3,2026-06-04 21:39:19,orchard central,BTM-W-04,Women's Denim Straight Jeans,Bottoms,Women,49.9,49.9,False,1,49.9,Cash
PUN-20260604-0310,1,2026-06-04 14:56:26,Punggol,SOK-W-03,  Women's Airism Low-Cut Socks  ,Socks,Women,5.9,5.9,False,1,5.9,Paynow
ORC-20260604-1404,1,2026-06-04 18:51:47,Orchard Central,SOK-W-02,Women's Pile Crew Socks,Socks,Women,5.9,5.9,False,1,5.9,PayNow
ORC-20260604-1252,1,2026-06-04 13:47:37,Orchard Central,SOK-M-09,  Men's No-Show Sneaker Socks  ,Socks,Men,4.11,5.9,True,1,4.11,PayNow
BUG-20260604-0196,1,2026-06-04 19:06:37,Bugis,SOK-M-02,Men's Pile Crew Socks,Socks,Men,5.9,5.9,False,1,5.9,Card
ORC-20260604-0786,1,2026-06-04 17:07:31,ORCHARD CENTRAL,SOK-W-02,  Women's Pile Crew Socks  ,Socks,Women,5.9,5.9,False,1,5.9,
ORC-20260604-1049,1,2026-06-04 21:28:32,Orchard Central,TOP-W-01,Women's Airism Cotton Crew Neck T-Shirt,Tops,Women,$14.9,14.9,False,1,14.9,Cash
ORC-20260604-1175,1,2026-06-04 22:55:49,Orchard Central,TOP-M-02,Men's Supima Cotton Polo Shirt,Tops,Men,29.9,29.9,False,1,29.9,PayNow
PUN-20260604-0436,2,2026-06-04 19:52:48,Punggol,TOP-W-04,Women's Heattech Crew Neck Long Sleeve Tee,Tops,Women,14.9,14.9,False,1,$14.9,Card
ORC-20260604-0978,3,2026-06-04 19:09:27,ORCHARD CENTRAL,TOP-W-01,Women's Airism Cotton Crew Neck T-Shirt,Tops,Women,14.9,14.9,False,1,14.9,Card
BUG-20260604-0475,2,2026-06-04 22:41:26,Bugis,UND-M-04,Men's Cotton Crew Neck Undershirt,Underwear,men,14.9,14.9,False,1,14.9,Card
BUG-20260604-0193,1,2026-06-04 20:32:41,  Bugis  ,SOK-W-03,Women's Airism Low-Cut Socks,Socks,Women,5.9,5.9,False,1,5.9,Card
ORC-20260604-0496,2,2026-06-04 19:35:21,Orchard Central,SOK-W-09,Women's No-Show Sneaker Socks,Socks,Women,5.9,5.9,False,1,5.9,Card
BUG-20260604-0607,3,2026-06-04 18:01:32,Bugis,UND-M-03,  Men's Airism Mesh Boxer Briefs  ,Underwear,Men,14.9,14.9,False,1,14.9,Cash
BUG-20260604-0625,3,2026-06-04 20:49:07,Bugis,SOK-M-04,Men's Ribbed Crew Socks,SOCKS,Men,5.9,5.9,False,1,5.9,Card
ORC-20260604-0882,2,2026-06-04 14:24:44,orchard central,UND-M-04,Men's Cotton Crew Neck Undershirt,Underwear,Men,14.9,14.9,False,1,14.9,PayNow
ORC-20260604-0733,2,2026-06-04 20:08:06,Orchard Central,SOK-M-09,Men's No-Show Sneaker Socks,Socks,men,4.11,5.9,True,1,4.11,Card
BUG-20260604-0884,2,2026-06-04 19:23:39,Bugis,TOP-W-03,Women's Silky Satin Blouse,Tops,Women,39.9,39.9,False,1,39.9,NETS
ORC-20260604-0033,3,2026-06-04 20:37:11,Orchard Central,SOK-M-03,  Men's Airism Low-Cut Socks  ,Socks,Men,5.9,5.9,False,1,5.9,Card
ORC-20260604-0744,1,2026-06-04 17:27:12,Orchard Central,SOK-M-06,Men's Heattech Socks,Socks,Men,9.9,9.9,False,1,9.9,PayNow
ORC-20260604-0253,1,2026-06-04 19:16:21,Orchard Central,TOP-M-03,Men's Dry-EX Crew Neck T-Shirt,Tops,Men,19.9,19.9,False,1,19.9,Cash
ORC-20260604-1113,3,2026-06-04 16:25:44,Orchard Central,BTM-M-02,Men's Slim Fit Chino Trousers,bottoms,Men,29.9,29.9,False,1,29.9,Card
PUN-20260604-0557,2,2026-06-04 22:43:55,Punggol,SOK-W-03,Women's Airism Low-Cut Socks,Socks,Women,5.9,5.9,False,1,5.9,PayNow
BUG-20260604-0697,3,2026-06-04 20:18:29,  bugis  ,TOP-M-04,Men's Oxford Long Sleeve Shirt,Tops,MEN,29.9,29.9,False,1,29.9,Cash
BUG-20260604-0447,1,2026-06-04 19:46:41,Bugis,TOP-W-02,Women's Ribbed Long Sleeve Turtleneck,Tops,WOMEN,19.9,19.9,False,1,19.9,Card
ORC-20260604-0539,2,2026-06-04 20:30:51,Orchard Central,SOK-W-02,Women's Pile Crew Socks,Socks,Women,5.9,5.9,False,1,5.9,Card
PUN-20260604-0466,2,2026-06-04 18:01:43,  PUNGGOL  ,SOK-M-03,Men's Airism Low-Cut Socks,Socks,Men,5.9,5.9,False,1,5.9,Card
BUG-20260604-0838,1,2026-06-04 14:11:27,Bugis,SOK-M-01,  Men's Ankle Socks 3-Pack  ,Socks,Men,14.9,14.9,False,1,14.9,Card
ORC-20260604-1268,1,2026-06-04 21:42:08,Orchard Central,SOK-M-04,Men's Ribbed Crew Socks,Socks,Men,5.9,5.9,False,2,11.8,Card
BUG-20260604-0399,2,2026-06-04 20:57:48,Bugis,SOK-M-01,Men's Ankle Socks 3-Pack,Socks,Men,14.9,14.9,False,1,14.9,Cash
ORC-20260604-0265,2,2026-06-04 20:25:52,orchard central,SOK-W-05,Women's Sport Ankle Socks,Socks,Women,5.9,5.9,False,1,5.9,Cash
BUG-20260604-0793,2,2026-06-04 19:47:33,Bugis,BTM-W-01,Women's Ultra Stretch Skinny Jeans,Bottoms,Women,39.9,39.9,False,1,39.9,Card
BUG-20260604-0015,3,2026-06-04 16:46:45,Bugis,TOP-W-01,Women's Airism Cotton Crew Neck T-Shirt,Tops,women,14.9,14.9,False,1,14.9,Card
ORC-20260604-0700,3,2026-06-04 20:50:22,Orchard Central,SOK-W-01,  Women's Ankle Socks 3-Pack  ,Socks,Women,14.9,14.9,False,1,14.9,Card
BUG-20260604-0891,3,2026-06-04 19:42:35,Bugis,TOP-W-01,Women's Airism Cotton Crew Neck T-Shirt,Tops,Women,14.9,14.9,False,1,14.9,Cash
BUG-20260604-0302,3,2026-06-04 12:54:12,Bugis,TOP-W-01,Women's Airism Cotton Crew Neck T-Shirt,Tops,WOMEN,14.9,14.9,False,1,14.9,Card
PUN-20260604-0473,1,2026-06-04 19:27:11,Punggol,SOK-W-04,Women's Ribbed Crew Socks,Socks,Women,5.9,5.9,False,2,11.8,Card
ORC-20260604-0971,1,2026-06-04 16:58:38,Orchard Central,TOP-W-02,Women's Ribbed Long Sleeve Turtleneck,Tops,Women,19.9,19.9,False,1,19.9,NETS
ORC-20260604-0650,1,2026-06-04 16:54:41,Orchard Central,SOK-M-04,Men's Ribbed Crew Socks,Socks,Men,5.9,5.9,False,1,5.9,Cash
BUG-20260604-0884,1,2026-06-04 19:23:39,Bugis,TOP-M-04,Men's Oxford Long Sleeve Shirt,Tops,men,29.9,29.9,False,1,29.9,NETS
BUG-20260604-0483,1,2026-06-04 16:50:13,BUGIS,SOK-M-03,Men's Airism Low-Cut Socks,Socks,Men,5.9,5.9,False,1,5.9,NETS
PUN-20260604-0435,1,2026-06-04 13:56:45,Punggol,SOK-M-04,Men's Ribbed Crew Socks,Socks,Men,5.9,5.9,False,2,11.8,Card
PUN-20260604-0251,1,2026-06-04 19:16:32,Punggol,TOP-M-03,Men's Dry-EX Crew Neck T-Shirt,Tops,Men,19.9,19.9,False,1,19.9,Card
PUN-20260604-0442,3,2026-06-04 21:29:51,Punggol,SOK-M-01,Men's Ankle Socks 3-Pack,Socks,Men,14.9,14.9,False,1,14.9,PayNow
BUG-20260604-0749,1,2026-06-04 17:24:29,BUGIS,UND-M-01,Men's Airism Boxer Briefs,underwear,Men,14.9,14.9,False,1,14.9,Card
BUG-20260604-0630,2,2026-06-04 11:59:54,Bugis,BTM-W-02,Women's High-Rise Wide Leg Pants,Bottoms,women,39.9,39.9,False,1,39.9,cash
PUN-20260604-0031,3,2026-06-04 17:13:35,  Punggol  ,SOK-W-04,  Women's Ribbed Crew Socks  ,Socks,Women,5.9,5.9,False,1,5.9,Card
PUN-20260604-0404,1,2026-06-04 20:26:06,Punggol,BTM-M-02,  Men's Slim Fit Chino Trousers  ,Bottoms,Men,29.9,29.9,False,1,29.9,Cash
ORC-20260604-1369,3,2026-06-04 15:05:41,ORCHARD CENTRAL,UND-M-03,Men's Airism Mesh Boxer Briefs,Underwear,Men,14.9,14.9,False,1,14.9,NETS
PUN-20260604-0018,2,2026-06-04 18:56:18,punggol,TOP-W-01,Women's Airism Cotton Crew Neck T-Shirt,Tops,Women,14.9,14.9,False,1,14.9,Card
BUG-20260604-0599,2,2026-06-04 20:20:41,Bugis,BTM-M-08,Men's Relaxed Fit Denim Shorts,Bottoms,Men,22.99,29.9,True,1,22.99,Cash
ORC-20260604-1132,1,2026-06-04 19:30:43,Orchard Central,UND-M-01,Men's Airism Boxer Briefs,Underwear,Men,14.9,14.9,False,2,29.8,PayNow
BUG-20260604-0418,1,2026-06-04 20:50:57,Bugis,UND-M-04,Men's Cotton Crew Neck Undershirt,Underwear,Men,14.9,14.9,False,1,14.9,Card
ORC-20260604-1001,2,2026-06-04 20:58:49,Orchard Central,SOK-M-09,Men's No-Show Sneaker Socks,Socks,Men,4.11,5.9,True,1,4.11,PayNow
ORC-20260604-1428,2,2026-06-04 21:10:14,Orchard Central,SOK-W-02,Women's Pile Crew Socks,Socks,WOMEN,5.9,5.9,False,2,11.8,Card
BUG-20260604-0880,1,2026-06-04 18:03:25,Bugis,TOP-M-03,Men's Dry-EX Crew Neck T-Shirt,Tops,Men,19.9,19.9,False,1,19.9,NETS
PUN-20260604-0540,1,2026-06-04 14:44:06,Punggol,TOP-M-01,Men's Airism Cotton Crew Neck T-Shirt,Tops,Men,14.9,14.9,False,1,14.9,Card
ORC-20260604-1209,1,2026-06-04 20:32:59,Orchard Central,SOK-M-04,Men's Ribbed Crew Socks,Socks,Men,5.9,5.9,False,1,5.9,Card
PUN-20260604-0506,2,2026-06-04 19:23:40,Punggol,SOK-M-02,Men's Pile Crew Socks,Socks,Men,5.9,5.9,False,1,5.9,PayNow
ORC-20260604-0127,2,2026-06-04 15:37:26,Orchard Central,SOK-M-04,Men's Ribbed Crew Socks,Socks,Men,5.9,5.9,False,1,5.9,CARD
ORC-20260604-0120,2,2026-06-04 14:02:24,  Orchard Central  ,TOP-M-01,Men's Airism Cotton Crew Neck T-Shirt,TOPS,Men,14.9,14.9,False,1,14.9,PayNow
PUN-20260604-0384,3,2026-06-04 20:08:12,Punggol,UND-W-01,Women's Airism Bikini Shorts,Underwear,Women,9.9,9.9,False,1,9.9,Cash
BUG-20260604-0021,2,2026-06-04 21:22:47,bugis,TOP-W-03,Women's Silky Satin Blouse,Tops,Women,39.9,39.9,False,1,39.9,Card
ORC-20260604-0436,1,2026-06-04 12:36:27,Orchard Central,SOK-W-05,Women's Sport Ankle Socks,Socks,Women,5.9,5.9,False,2,11.8,Card
ORC-20260604-0756,1,2026-06-04 14:42:51,Orchard Central,UND-M-02,Men's Cotton Blend Trunks,Underwear,Men,14.9,14.9,False,1,14.9,PayNow
BUG-20260604-0863,1,2026-06-04 20:30:00,Bugis,SOK-W-04,,Socks,Women,5.9,5.9,False,1,5.9,Nets
ORC-20260604-1038,2,2026-06-04 19:34:47,Orchard Central,SOK-W-02,Women's Pile Crew Socks,Socks,Women,5.9,5.9,False,1,5.9,Card
ORC-20260604-1397,3,2026-06-04 20:58:58,orchard central,SOK-M-09,Men's No-Show Sneaker Socks,Socks,Men,4.11,5.9,True,1,4.11,Cash
ORC-20260604-1240,1,2026-06-04 18:26:41,  Orchard Central  ,BTM-W-01,Women's Ultra Stretch Skinny Jeans,Bottoms,WOMEN,39.9,39.9,False,1,39.9,Card
PUN-20260604-0354,1,2026-06-04 16:29:06,Punggol,SOK-M-01,Men's Ankle Socks 3-Pack,Socks,Men,14.9,14.9,False,1,14.9,Card
PUN-20260604-0080,2,2026-06-04 16:23:18,PUNGGOL,BTM-M-04,  Men's Dry Stretch Shorts  ,Bottoms,Men,19.9,19.9,False,1,19.9,PayNow
ORC-20260604-0902,1,2026-06-04 16:15:21,Orchard Central,TOP-W-01,Women's Airism Cotton Crew Neck T-Shirt,Tops,Women,14.9,14.9,False,1,14.9,Card
ORC-20260604-0842,2,2026-06-04 21:13:45,Orchard Central,UND-W-03,Women's Cotton Blend Briefs,Underwear,Women,9.9,9.9,False,1,9.9,CARD
PUN-20260604-0405,2,2026-06-04 16:51:15,  Punggol  ,UND-W-03,Women's Cotton Blend Briefs,Underwear,Women,9.9,9.9,False,1,9.9,NETS
ORC-20260604-1046,2,2026-06-04 12:32:51,Orchard Central,SOK-W-03,Women's Airism Low-Cut Socks,Socks,Women,5.9,5.9,False,1,5.9,PayNow
ORC-20260604-0428,1,2026-06-04 20:20:47,Orchard Central,SOK-M-03,Men's Airism Low-Cut Socks,Socks,Men,5.9,5.9,False,1,5.9,NETS
BUG-20260604-0709,1,2026-06-04 21:07:14,Bugis,SOK-M-01,Men's Ankle Socks 3-Pack,SOCKS,Men,14.9,14.9,False,1,14.9,PayNow
BUG-20260604-0417,1,2026-06-04 22:49:16,BUGIS,TOP-W-02,Women's Ribbed Long Sleeve Turtleneck,Tops,Women,19.9,19.9,False,1,19.9,NETS
PUN-20260604-0524,1,2026-06-04 16:32:20,Punggol,SOK-M-08,Men's Cotton Blend Dress Socks,Socks,Men,9.9,9.9,False,1,9.9,Card
ORC-20260604-1162,2,2026-06-04 18:00:01,Orchard Central,TOP-M-03,Men's Dry-EX Crew Neck T-Shirt,Tops,Men,19.9,19.9,False,1,19.9,paynow
BUG-20260604-0268,2,2026-06-04 17:10:27,Bugis,TOP-M-03,Men's Dry-EX Crew Neck T-Shirt,Tops,Men,19.9,19.9,False,1,19.9,Card
PUN-20260604-0473,2,2026-06-04 19:27:11,Punggol,TOP-M-04,Men's Oxford Long Sleeve Shirt,Tops,Men,29.9,29.9,False,1,29.9,Card
ORC-20260604-1310,3,2026-06-04 16:45:32,Orchard Central,SOK-W-02,Women's Pile Crew Socks,Socks,Women,5.9,5.9,False,1,5.9,Card
ORC-20260604-0859,2,2026-06-04 18:44:54,ORCHARD CENTRAL,BTM-W-02,Women's High-Rise Wide Leg Pants,Bottoms,Women,39.9,39.9,False,1,39.9,NETS
ORC-20260604-1100,2,2026-06-04 12:13:44,Orchard Central,TOP-W-01,Women's Airism Cotton Crew Neck T-Shirt,Tops,Women,14.9,14.9,False,1,14.9,card
BUG-20260604-0519,3,2026-06-04 20:18:14,Bugis,SOK-M-07,Men's Striped Crew Socks,Socks,Men,5.9,5.9,False,1,5.9,NETS
PUN-20260604-0114,1,2026-06-04 19:44:40,Punggol,UND-M-01,Men's Airism Boxer Briefs,Underwear,Men,14.9,14.9,False,1,14.9,NETS
ORC-20260604-1179,1,2026-06-04 15:33:05,ORCHARD CENTRAL,SOK-M-02,Men's Pile Crew Socks,Socks,Men,5.9,5.9,False,1,5.9,PAYNOW
ORC-20260604-0554,2,2026-06-04 18:06:51,Orchard Central,SOK-M-09,Men's No-Show Sneaker Socks,Socks,Men,4.11,5.9,True,1,4.11,PayNow
BUG-20260604-0539,1,2026-06-04 19:21:23,  Bugis  ,UND-M-03,Men's Airism Mesh Boxer Briefs,Underwear,Men,14.9,14.9,False,1,14.9,Card
PUN-20260604-0392,1,2026-06-04 13:13:26,PUNGGOL,BTM-M-02,Men's Slim Fit Chino Trousers,BOTTOMS,Men,29.9,29.9,False,1,29.9,Card
ORC-20260604-0686,1,2026-06-04 19:02:08,Orchard Central,UND-M-01,Men's Airism Boxer Briefs,Underwear,Men,14.9,14.9,False,2,29.8,Card
BUG-20260604-0453,1,2026-06-04 19:26:17,Bugis,UND-M-03,Men's Airism Mesh Boxer Briefs,Underwear,Men,14.9,14.9,False,1,14.9,Cash
ORC-20260604-1313,3,2026-06-04 18:43:34,ORCHARD CENTRAL,TOP-M-01,Men's Airism Cotton Crew Neck T-Shirt,Tops,Men,$14.9,14.9,False,1,14.9,Card
ORC-20260604-0194,3,2026-06-04 13:41:32,Orchard Central,UND-W-02,Women's Wireless Bra,Underwear,women,29.9,29.9,False,1,29.9,NETS
ORC-20260604-0872,3,2026-06-04 11:08:48,Orchard Central,SOK-W-02,Women's Pile Crew Socks,Socks,Women,5.9,5.9,False,1,5.9,Card
PUN-20260604-0027,1,2026-06-04 19:35:47,punggol,SOK-M-03,Men's Airism Low-Cut Socks,Socks,Men,5.9,5.9,False,2,11.8,Card
BUG-20260604-0079,1,2026-06-04 22:20:07,Bugis,UND-W-01,Women's Airism Bikini Shorts,UNDERWEAR,Women,9.9,9.9,False,2,19.8,Cash
BUG-20260604-0647,3,2026-06-04 19:06:04,Bugis,SOK-M-04,Men's Ribbed Crew Socks,Socks,Men,5.9,5.9,False,1,5.9,PayNow
ORC-20260604-0191,3,2026-06-04 19:41:44,Orchard Central,SOK-M-02,Men's Pile Crew Socks,SOCKS,Men,5.9,5.9,False,1,5.9,Card
PUN-20260604-0146,3,2026-06-04 20:20:47,Punggol,TOP-M-03,Men's Dry-EX Crew Neck T-Shirt,TOPS,Men,19.9,19.9,False,1,19.9,Card
ORC-20260604-0155,2,2026-06-04 15:44:40,Orchard Central,TOP-W-10,Women's Ultra Light Down Vest,Tops,Women,59.9,59.9,False,1,59.9,PayNow
ORC-20260604-0959,2,2026-06-04 13:14:29,Orchard Central,SOK-M-07,Men's Striped Crew Socks,Socks,men,5.9,5.9,False,2,11.8,PAYNOW
PUN-20260604-0372,1,2026-06-04 13:59:42,Punggol,UND-M-04,Men's Cotton Crew Neck Undershirt,UNDERWEAR,Men,14.9,14.9,False,1,14.9,Cash
BUG-20260604-0300,3,2026-06-04 18:52:06,Bugis,SOK-M-07,Men's Striped Crew Socks,Socks,Men,5.9,5.9,False,1,5.9,PayNow
ORC-20260604-0628,1,2026-06-04 17:15:05,Orchard Central,SOK-M-06,  Men's Heattech Socks  ,Socks,Men,9.9,9.9,False,2,19.8,Card
ORC-20260604-0299,1,2026-06-04 21:47:27,Orchard Central,TOP-W-02,Women's Ribbed Long Sleeve Turtleneck,Tops,Women,19.9,19.9,False,1,19.9,PayNow
ORC-20260604-0265,1,2026-06-04 20:25:52,Orchard Central,SOK-W-03,Women's Airism Low-Cut Socks,Socks,Women,5.9,5.9,False,1,5.9,CASH
BUG-20260604-0157,1,2026-06-04 20:01:28,Bugis,UND-M-04,Men's Cotton Crew Neck Undershirt,Underwear,Men,14.9,14.9,False,1,14.9,Paynow
ORC-20260604-0338,1,2026-06-04 21:08:49,Orchard Central,BTM-M-01,Men's Ezy Ankle Pants,BOTTOMS,Men,29.9,29.9,False,1,29.9,Card
PUN-20260604-0254,2,2026-06-04 13:51:42,  Punggol  ,UND-W-05,Women's Seamless Shorts,Underwear,women,9.9,9.9,False,1,9.9,Card
ORC-20260604-1432,2,2026-06-04 20:13:06,Orchard Central,UND-W-03,Women's Cotton Blend Briefs,Underwear,Women,9.9,9.9,False,1,9.9,PayNow
BUG-20260604-0195,1,2026-06-04 19:39:22,  Bugis  ,SOK-W-02,Women's Pile Crew Socks,Socks,WOMEN,5.9,5.9,False,1,5.9,card
BUG-20260604-0495,1,2026-06-04 20:15:41,Bugis,UND-M-01,Men's Airism Boxer Briefs,Underwear,Men,14.9,14.9,False,1,14.9,Card
ORC-20260604-0614,3,2026-06-04 16:08:29,Orchard Central,SOK-M-09,Men's No-Show Sneaker Socks,Socks,Men,4.11,5.9,True,1,4.11,nets
BUG-20260604-0719,1,2026-06-04 15:50:36,Bugis,TOP-M-01,Men's Airism Cotton Crew Neck T-Shirt,TOPS,Men,14.9,14.9,False,1,14.9,Cash
BUG-20260604-0616,2,2026-06-04 21:25:48,Bugis,SOK-M-04,Men's Ribbed Crew Socks,Socks,Men,5.9,5.9,False,1,5.9,Card
PUN-20260604-0097,2,2026-06-04 19:51:22,Punggol,TOP-W-01,Women's Airism Cotton Crew Neck T-Shirt,Tops,Women,14.9,14.9,False,1,14.9,Card
PUN-20260604-0323,3,2026-06-04 15:15:05,Punggol,SOK-M-01,Men's Ankle Socks 3-Pack,Socks,Men,14.9,14.9,False,1,14.9,Card
ORC-20260604-0197,2,2026-06-04 22:56:53,Orchard Central,UND-W-02,Women's Wireless Bra,Underwear,Women,29.9,29.9,False,1,29.9,NETS
ORC-20260604-0214,1,2026-06-04 20:57:49,Orchard Central,SOK-M-01,Men's Ankle Socks 3-Pack,SOCKS,Men,14.9,14.9,False,1,14.9,Card
BUG-20260604-0873,1,2026-06-04 19:32:45,Bugis,SOK-W-02,  Women's Pile Crew Socks  ,socks,Women,5.9,5.9,False,1,5.9,NETS
BUG-20260604-0232,1,2026-06-04 15:16:58,Bugis,UND-W-01,Women's Airism Bikini Shorts,Underwear,Women,9.9,9.9,False,1,9.9,
ORC-20260604-1276,1,2026-06-04 20:24:58,Orchard Central,SOK-M-02,Men's Pile Crew Socks,Socks,Men,5.9,5.9,False,2,11.8,Card
ORC-20260604-1318,1,2026-06-04 11:13:41,Orchard Central,SOK-W-02,  Women's Pile Crew Socks  ,Socks,Women,5.9,5.9,False,1,5.9,Card
BUG-20260604-0139,3,2026-06-04 20:40:26,Bugis,UND-M-01,Men's Airism Boxer Briefs,underwear,Men,14.9,14.9,False,1,14.9,Cash
ORC-20260604-0028,1,2026-06-04 20:19:58,Orchard Central,SOK-M-04,Men's Ribbed Crew Socks,Socks,Men,5.9,5.9,False,1,5.9,Cash
ORC-20260604-1083,3,2026-06-04 19:50:22,Orchard Central,SOK-M-06,Men's Heattech Socks,socks,Men,9.9,9.9,False,1,9.9,PayNow
ORC-20260604-0613,3,2026-06-04 12:16:36,Orchard Central,UND-M-02,Men's Cotton Blend Trunks,UNDERWEAR,Men,14.9,14.9,False,2,29.8,PayNow
ORC-20260604-1442,2,2026-06-04 20:47:51,Orchard Central,UND-M-01,Men's Airism Boxer Briefs,Underwear,Men,14.9,14.9,False,1,14.9,paynow
ORC-20260604-0569,1,2026-06-04 22:04:51,Orchard Central,SOK-M-04,Men's Ribbed Crew Socks,Socks,Men,5.9,5.9,False,2,11.8,Cash
BUG-20260604-0120,3,2026-06-04 17:44:07,Bugis,BTM-M-01,Men's Ezy Ankle Pants,BOTTOMS,Men,29.9,29.9,False,1,29.9,PayNow
BUG-20260604-0492,3,2026-06-04 12:27:28,bugis,SOK-M-04,Men's Ribbed Crew Socks,Socks,Men,5.9,5.9,False,1,5.9,NETS
ORC-20260604-0655,1,2026-06-04 16:34:30,Orchard Central,SOK-W-05,  Women's Sport Ankle Socks  ,Socks,Women,5.9,5.9,False,1,5.9,
ORC-20260604-1062,3,2026-06-04 16:15:17,Orchard Central,TOP-M-10,Men's Merino Blend V-Neck Sweater,Tops,Men,39.9,39.9,False,1,39.9,PayNow
ORC-20260604-0661,1,2026-06-04 20:06:57,Orchard Central,SOK-W-03,Women's Airism Low-Cut Socks,Socks,Women,5.9,5.9,False,1,5.9,Card
ORC-20260604-0809,2,2026-06-04 17:05:59,Orchard Central,SOK-M-03,Men's Airism Low-Cut Socks,Socks,men,5.9,5.9,False,1,5.9,Card
PUN-20260604-0189,1,2026-06-04 18:22:22,Punggol,UND-M-08,Men's Airism V-Neck Undershirt,Underwear,Men,9.9,9.9,False,1,9.9,NETS
ORC-20260604-1040,1,2026-06-04 14:23:01,Orchard Central,SOK-W-01,Women's Ankle Socks 3-Pack,Socks,Women,14.9,14.9,False,1,14.9,PAYNOW
PUN-20260604-0437,1,2026-06-04 18:47:44,Punggol,SOK-M-07,Men's Striped Crew Socks,Socks,Men,5.9,5.9,False,2,11.8,PayNow
ORC-20260604-0164,1,2026-06-04 22:21:27,Orchard Central,SOK-W-02,Women's Pile Crew Socks,Socks,Women,5.9,5.9,False,2,11.8,Paynow
ORC-20260604-0285,2,2026-06-04 22:11:20,Orchard Central,SOK-M-04,Men's Ribbed Crew Socks,Socks,Men,5.9,5.9,False,1,5.9,NETS
ORC-20260604-0446,1,2026-06-04 19:06:16,Orchard Central,SOK-W-02,Women's Pile Crew Socks,Socks,Women,5.9,5.9,False,1,5.9,Card
ORC-20260604-1438,2,2026-06-04 15:40:16,Orchard Central,BTM-W-01,Women's Ultra Stretch Skinny Jeans,Bottoms,Women,$39.9,39.9,False,1,39.9,PayNow
BUG-20260604-0503,1,2026-06-04 19:23:56,Bugis,UND-M-04,Men's Cotton Crew Neck Undershirt,Underwear,Men,14.9,14.9,False,1,14.9,NETS
PUN-20260604-0479,1,2026-06-04 22:50:27,Punggol,SOK-M-01,Men's Ankle Socks 3-Pack,SOCKS,Men,14.9,14.9,False,1,14.9,Card
BUG-20260604-0415,2,2026-06-04 21:35:32,Bugis,SOK-W-03,Women's Airism Low-Cut Socks,Socks,Women,5.9,5.9,False,1,5.9,PayNow
ORC-20260604-0817,1,2026-06-04 11:54:11,Orchard Central,TOP-W-01,Women's Airism Cotton Crew Neck T-Shirt,Tops,Women,14.9,14.9,False,1,$14.9,Paynow
ORC-20260604-0381,3,2026-06-04 14:38:02,  Orchard Central  ,BTM-M-03,Men's Selvedge Regular Fit Jeans,Bottoms,Men,$59.9,59.9,False,1,59.9,Card
PUN-20260604-0002,3,2026-06-04 14:14:44,Punggol,SOK-M-04,Men's Ribbed Crew Socks,Socks,Men,5.9,5.9,False,2,11.8,Card
ORC-20260604-0562,3,2026-06-04 20:11:37,Orchard Central,SOK-M-09,Men's No-Show Sneaker Socks,Socks,MEN,$4.11,5.9,True,1,4.11,Card
ORC-20260604-0653,3,2026-06-04 21:23:40,ORCHARD CENTRAL,SOK-M-03,Men's Airism Low-Cut Socks,Socks,Men,5.9,5.9,False,1,5.9,card
BUG-20260604-0466,1,2026-06-04 20:21:12,Bugis,UND-M-01,Men's Airism Boxer Briefs,Underwear,Men,14.9,14.9,False,1,14.9,PayNow
BUG-20260604-0227,1,2026-06-04 19:57:01,Bugis,SOK-M-04,Men's Ribbed Crew Socks,Socks,MEN,5.9,5.9,False,1,5.9,PAYNOW
ORC-20260604-0610,2,2026-06-04 21:32:17,Orchard Central,TOP-M-04,Men's Oxford Long Sleeve Shirt,Tops,Men,29.9,29.9,False,1,29.9,Cash
BUG-20260604-0841,3,2026-06-04 18:56:23,Bugis,UND-M-01,Men's Airism Boxer Briefs,Underwear,Men,14.9,14.9,False,1,14.9,cash
BUG-20260604-0830,2,2026-06-04 19:33:55,Bugis,TOP-W-03,Women's Silky Satin Blouse,Tops,Women,39.9,39.9,False,1,39.9,PayNow
PUN-20260604-0298,2,2026-06-04 14:27:29,Punggol,BTM-M-01,Men's Ezy Ankle Pants,Bottoms,Men,29.9,29.9,False,1,$29.9,Card
ORC-20260604-1328,1,2026-06-04 21:37:46,Orchard Central,SOK-M-01,Men's Ankle Socks 3-Pack,SOCKS,men,14.9,14.9,False,1,14.9,Card
BUG-20260604-0632,1,2026-06-04 18:58:16,BUGIS,SOK-W-02,Women's Pile Crew Socks,Socks,Women,5.9,5.9,False,1,5.9,
ORC-20260604-0863,1,2026-06-04 22:32:24,ORCHARD CENTRAL,SOK-M-09,Men's No-Show Sneaker Socks,Socks,Men,4.11,5.9,True,1,4.11,Card
BUG-20260604-0404,1,2026-06-04 15:03:22,  Bugis  ,UND-W-05,Women's Seamless Shorts,Underwear,women,9.9,9.9,False,1,9.9,Card
PUN-20260604-0054,2,2026-06-04 20:05:10,Punggol,BTM-M-03,Men's Selvedge Regular Fit Jeans,Bottoms,Men,59.9,59.9,False,1,59.9,PAYNOW
BUG-20260604-0284,3,2026-06-04 17:28:47,Bugis,BTM-W-01,Women's Ultra Stretch Skinny Jeans,Bottoms,Women,39.9,39.9,False,1,39.9,Card
BUG-20260604-0428,3,2026-06-04 12:27:09,Bugis,TOP-M-04,Men's Oxford Long Sleeve Shirt,Tops,Men,29.9,29.9,False,1,29.9,
PUN-20260604-0085,1,2026-06-04 14:28:55,  Punggol  ,UND-W-03,Women's Cotton Blend Briefs,UNDERWEAR,Women,9.9,9.9,False,1,9.9,Cash
ORC-20260604-1285,2,2026-06-04 20:59:23,Orchard Central,SOK-M-01,Men's Ankle Socks 3-Pack,Socks,Men,14.9,14.9,False,1,14.9,Cash
PUN-20260604-0476,1,2026-06-04 19:53:57,Punggol,SOK-M-04,Men's Ribbed Crew Socks,Socks,Men,5.9,5.9,False,1,5.9,cash
BUG-20260604-0310,1,2026-06-04 11:42:05,Bugis,SOK-W-02,  Women's Pile Crew Socks  ,Socks,Women,5.9,5.9,False,1,5.9,Card
BUG-20260604-0066,2,2026-06-04 13:24:55,Bugis,UND-M-04,Men's Cotton Crew Neck Undershirt,UNDERWEAR,Men,14.9,14.9,False,2,29.8,Cash
BUG-20260604-0675,1,2026-06-04 11:44:47,Bugis,SOK-W-03,Women's Airism Low-Cut Socks,socks,Women,5.9,5.9,False,1,5.9,Card
BUG-20260604-0232,3,2026-06-04 15:16:58,Bugis,SOK-W-02,Women's Pile Crew Socks,Socks,Women,5.9,5.9,False,2,11.8,Card
PUN-20260604-0293,1,2026-06-04 13:42:44,PUNGGOL,SOK-W-03,Women's Airism Low-Cut Socks,Socks,Women,5.9,5.9,False,1,5.9,PayNow
PUN-20260604-0338,3,2026-06-04 11:42:02,Punggol,SOK-M-04,Men's Ribbed Crew Socks,Socks,Men,5.9,5.9,False,1,5.9,Cash
PUN-20260604-0227,1,2026-06-04 21:23:43,Punggol,UND-M-01,Men's Airism Boxer Briefs,Underwear,Men,14.9,14.9,False,1,14.9,PayNow
ORC-20260604-0606,2,2026-06-04 20:22:53,Orchard Central,TOP-W-01,Women's Airism Cotton Crew Neck T-Shirt,Tops,Women,14.9,14.9,False,1,14.9,Card
ORC-20260604-0186,1,2026-06-04 18:36:21,Orchard Central,UND-W-03,Women's Cotton Blend Briefs,UNDERWEAR,Women,$9.9,9.9,False,1,9.9,Card
ORC-20260604-0029,2,2026-06-04 20:47:36,Orchard Central,SOK-M-09,Men's No-Show Sneaker Socks,Socks,Men,4.11,5.9,True,1,4.11,PayNow
BUG-20260604-0532,1,2026-06-04 20:35:27,Bugis,TOP-M-03,Men's Dry-EX Crew Neck T-Shirt,Tops,Men,19.9,19.9,False,1,19.9,PayNow
ORC-20260604-1039,2,2026-06-04 19:45:26,Orchard Central,SOK-W-09,Women's No-Show Sneaker Socks,Socks,Women,5.9,5.9,False,1,5.9,PayNow
ORC-20260604-1103,2,2026-06-04 14:20:12,Orchard Central,UND-M-02,Men's Cotton Blend Trunks,Underwear,Men,14.9,14.9,False,1,14.9,PayNow
ORC-20260604-1190,1,2026-06-04 13:49:16,  Orchard Central  ,SOK-W-02,Women's Pile Crew Socks,socks,Women,5.9,5.9,False,2,11.8,PAYNOW
ORC-20260604-1356,2,2026-06-04 14:01:19,Orchard Central,SOK-M-07,Men's Striped Crew Socks,Socks,Men,5.9,5.9,False,1,5.9,card
ORC-20260604-0609,1,2026-06-04 20:34:03,Orchard Central,UND-W-03,Women's Cotton Blend Briefs,Underwear,Women,9.9,9.9,False,1,9.9,Cash
ORC-20260604-1180,2,2026-06-04 11:48:13,Orchard Central,SOK-M-09,Men's No-Show Sneaker Socks,Socks,Men,4.11,5.9,True,1,4.11,Cash
BUG-20260604-0859,2,2026-06-04 19:57:17,Bugis,SOK-W-03,Women's Airism Low-Cut Socks,Socks,Women,5.9,5.9,False,2,11.8,Card
ORC-20260604-0404,3,2026-06-04 20:56:16,Orchard Central,SOK-M-09,Men's No-Show Sneaker Socks,Socks,Men,4.11,5.9,True,1,4.11,NETS
PUN-20260604-0243,2,2026-06-04 20:15:22,Punggol,SOK-W-02,Women's Pile Crew Socks,socks,Women,5.9,5.9,False,1,5.9,Card
ORC-20260604-0418,1,2026-06-04 21:35:09,Orchard Central,SOK-W-02,Women's Pile Crew Socks,Socks,Women,5.9,5.9,False,1,5.9,Paynow
BUG-20260604-0217,1,2026-06-04 20:05:04,Bugis,SOK-W-02,Women's Pile Crew Socks,Socks,Women,5.9,5.9,False,1,5.9,CARD
BUG-20260604-0240,1,2026-06-04 13:40:15,  BUGIS  ,SOK-M-04,Men's Ribbed Crew Socks,Socks,Men,5.9,5.9,False,1,5.9,PayNow
BUG-20260604-0539,2,2026-06-04 19:21:23,Bugis,SOK-M-01,Men's Ankle Socks 3-Pack,Socks,Men,14.9,14.9,False,1,14.9,Card
PUN-20260604-0364,2,2026-06-04 19:52:16,Punggol,TOP-W-01,Women's Airism Cotton Crew Neck T-Shirt,Tops,WOMEN,14.9,14.9,False,1,14.9,PayNow
ORC-20260604-0071,1,2026-06-04 18:34:28,Orchard Central,BTM-M-01,Men's Ezy Ankle Pants,bottoms,Men,29.9,29.9,False,1,29.9,PayNow
ORC-20260604-0085,1,2026-06-04 19:39:15,Orchard Central,SOK-M-04,Men's Ribbed Crew Socks,Socks,Men,5.9,5.9,False,1,5.9,PayNow
ORC-20260604-1264,3,2026-06-04 13:47:01,Orchard Central,UND-M-01,Men's Airism Boxer Briefs,UNDERWEAR,MEN,14.9,14.9,False,1,14.9,PayNow
ORC-20260604-0836,2,2026-06-04 19:42:26,Orchard Central,SOK-M-03,Men's Airism Low-Cut Socks,Socks,Men,5.9,5.9,False,1,5.9,Card
PUN-20260604-0330,1,2026-06-04 11:24:24,Punggol,SOK-W-02,Women's Pile Crew Socks,Socks,Women,5.9,5.9,False,1,5.9,Cash
ORC-20260604-0477,1,2026-06-04 19:04:27,  ORCHARD CENTRAL  ,SOK-W-02,Women's Pile Crew Socks,socks,Women,$5.9,5.9,False,1,5.9,PayNow
ORC-20260604-0813,2,2026-06-04 17:33:18,Orchard Central,UND-W-03,Women's Cotton Blend Briefs,Underwear,Women,9.9,9.9,False,2,19.8,Card
ORC-20260604-0645,1,2026-06-04 16:35:50,Orchard Central,SOK-M-02,Men's Pile Crew Socks,Socks,Men,$5.9,5.9,False,1,5.9,Card
BUG-20260604-0356,1,2026-06-04 20:54:24,Bugis,TOP-M-04,Men's Oxford Long Sleeve Shirt,Tops,Men,29.9,29.9,False,1,29.9,Card
BUG-20260604-0301,1,2026-06-04 21:46:13,Bugis,TOP-M-02,Men's Supima Cotton Polo Shirt,Tops,Men,29.9,29.9,False,1,29.9,Card
PUN-20260604-0519,1,2026-06-04 14:10:08,Punggol,SOK-W-01,Women's Ankle Socks 3-Pack,Socks,Women,14.9,14.9,False,1,14.9,NETS
ORC-20260604-1043,1,2026-06-04 20:33:42,Orchard Central,BTM-M-01,Men's Ezy Ankle Pants,Bottoms,Men,29.9,29.9,False,1,29.9,Card
ORC-20260604-0972,2,2026-06-04 17:23:11,  Orchard Central  ,TOP-M-01,Men's Airism Cotton Crew Neck T-Shirt,Tops,Men,14.9,14.9,False,1,14.9,Cash
ORC-20260604-0952,2,2026-06-04 18:19:11,Orchard Central,TOP-M-10,Men's Merino Blend V-Neck Sweater,Tops,Men,39.9,39.9,False,1,$39.9,Cash
ORC-20260604-0616,1,2026-06-04 15:10:07,ORCHARD CENTRAL,TOP-M-01,Men's Airism Cotton Crew Neck T-Shirt,Tops,Men,14.9,14.9,False,1,14.9,Card
ORC-20260604-0476,1,2026-06-04 18:53:55,Orchard Central,SOK-M-04,Men's Ribbed Crew Socks,Socks,Men,5.9,5.9,False,1,5.9,Card
BUG-20260604-0215,1,2026-06-04 13:45:44,Bugis,BTM-W-04,Women's Denim Straight Jeans,Bottoms,Women,49.9,49.9,False,1,49.9,Cash
ORC-20260604-1121,3,2026-06-04 12:39:22,Orchard Central,SOK-M-09,Men's No-Show Sneaker Socks,Socks,Men,4.11,5.9,True,2,8.22,Card
ORC-20260604-1046,3,2026-06-04 12:32:51,  Orchard Central  ,BTM-M-02,Men's Slim Fit Chino Trousers,Bottoms,Men,29.9,29.9,False,1,29.9,PAYNOW
ORC-20260604-0533,3,2026-06-04 21:43:09,  Orchard Central  ,SOK-M-03,Men's Airism Low-Cut Socks,Socks,Men,5.9,5.9,False,1,5.9,card
ORC-20260604-0584,2,2026-06-04 19:13:00,Orchard Central,SOK-M-09,Men's No-Show Sneaker Socks,Socks,Men,4.11,5.9,True,1,4.11,CARD
ORC-20260604-1124,2,2026-06-04 16:35:28,Orchard Central,UND-M-01,Men's Airism Boxer Briefs,Underwear,Men,14.9,14.9,False,1,14.9,paynow
ORC-20260604-0891,2,2026-06-04 18:19:37,Orchard Central,BTM-M-02,Men's Slim Fit Chino Trousers,Bottoms,men,29.9,29.9,False,1,29.9,Card
BUG-20260604-0796,2,2026-06-04 20:09:57,Bugis,SOK-W-01,Women's Ankle Socks 3-Pack,Socks,Women,14.9,14.9,False,1,14.9,NETS
ORC-20260604-0981,1,2026-06-04 19:23:13,Orchard Central,SOK-W-02,Women's Pile Crew Socks,Socks,Women,5.9,5.9,False,1,5.9,CARD
PUN-20260604-0183,2,2026-06-04 18:05:15,  Punggol  ,TOP-M-04,Men's Oxford Long Sleeve Shirt,Tops,Men,29.9,29.9,False,1,29.9,Cash
ORC-20260604-0965,1,2026-06-04 16:44:35,Orchard Central,TOP-M-01,Men's Airism Cotton Crew Neck T-Shirt,tops,Men,14.9,14.9,False,1,14.9,CARD
PUN-20260604-0574,2,2026-06-04 20:56:25,Punggol,TOP-W-04,Women's Heattech Crew Neck Long Sleeve Tee,Tops,Women,14.9,14.9,False,1,14.9,Card
BUG-20260604-0798,2,2026-06-04 15:04:06,BUGIS,BTM-W-03,Women's Ezy Ankle Pants,Bottoms,WOMEN,29.9,29.9,False,1,29.9,Paynow
ORC-20260604-0488,1,2026-06-04 21:09:25,  Orchard Central  ,SOK-M-04,Men's Ribbed Crew Socks,Socks,Men,5.9,5.9,False,1,5.9,CARD
ORC-20260604-1031,2,2026-06-04 20:06:48,Orchard Central,UND-M-02,Men's Cotton Blend Trunks,Underwear,Men,14.9,14.9,False,1,14.9,Cash
ORC-20260604-1075,1,2026-06-04 19:17:41,Orchard Central,TOP-M-01,Men's Airism Cotton Crew Neck T-Shirt,Tops,Men,14.9,14.9,False,1,14.9,Card
ORC-20260604-0479,1,2026-06-04 19:34:34,orchard central,SOK-W-02,Women's Pile Crew Socks,Socks,Women,5.9,5.9,False,1,5.9,Cash
BUG-20260604-0005,3,2026-06-04 20:08:22,Bugis,TOP-M-03,Men's Dry-EX Crew Neck T-Shirt,Tops,men,19.9,19.9,False,1,19.9,Card
BUG-20260604-0445,2,2026-06-04 21:19:16,Bugis,SOK-W-04,Women's Ribbed Crew Socks,Socks,Women,5.9,5.9,False,1,5.9,Card
PUN-20260604-0137,1,2026-06-04 12:26:04,Punggol,TOP-M-03,Men's Dry-EX Crew Neck T-Shirt,Tops,Men,19.9,19.9,False,1,19.9,Card
ORC-20260604-1055,2,2026-06-04 13:55:11,Orchard Central,SOK-M-03,Men's Airism Low-Cut Socks,Socks,Men,5.9,5.9,False,1,5.9,PayNow
ORC-20260604-0167,1,2026-06-04 17:12:27,Orchard Central,UND-M-04,Men's Cotton Crew Neck Undershirt,Underwear,Men,14.9,14.9,False,1,14.9,Cash
ORC-20260604-0536,1,2026-06-04 22:01:09,Orchard Central,SOK-W-03,Women's Airism Low-Cut Socks,Socks,Women,5.9,5.9,False,1,5.9,Card
BUG-20260604-0317,1,2026-06-04 15:44:43,Bugis,SOK-M-03,Men's Airism Low-Cut Socks,Socks,Men,5.9,5.9,False,1,5.9,Paynow
BUG-20260604-0289,3,2026-06-04 21:39:10,Bugis,TOP-M-03,  Men's Dry-EX Crew Neck T-Shirt  ,Tops,Men,19.9,19.9,False,1,19.9,Card
BUG-20260604-0567,1,2026-06-04 20:30:05,Bugis,SOK-W-04,Women's Ribbed Crew Socks,Socks,Women,5.9,5.9,False,1,5.9,NETS
ORC-20260604-1029,1,2026-06-04 19:19:55,Orchard Central,UND-W-04,Women's Airism T-Shirt Bra,Underwear,Women,29.9,29.9,False,1,29.9,Cash
BUG-20260604-0563,1,2026-06-04 22:35:35,Bugis,SOK-W-04,Women's Ribbed Crew Socks,Socks,Women,5.9,5.9,False,1,5.9,PayNow
ORC-20260604-1139,3,2026-06-04 11:58:35,Orchard Central,SOK-M-09,Men's No-Show Sneaker Socks,Socks,Men,4.11,5.9,True,1,4.11,NETS
ORC-20260604-1112,3,2026-06-04 17:33:11,Orchard Central,UND-W-02,Women's Wireless Bra,Underwear,Women,29.9,29.9,False,1,29.9,
BUG-20260604-0439,1,2026-06-04 13:48:23,Bugis,SOK-M-02,Men's Pile Crew Socks,Socks,Men,5.9,5.9,False,1,5.9,Cash
PUN-20260604-0185,1,2026-06-04 12:02:21,Punggol,SOK-W-03,Women's Airism Low-Cut Socks,SOCKS,Women,5.9,5.9,False,1,5.9,Cash
PUN-20260604-0166,1,2026-06-04 14:29:59,Punggol,UND-M-03,Men's Airism Mesh Boxer Briefs,Underwear,Men,14.9,14.9,False,1,14.9,cash
ORC-20260604-0191,2,2026-06-04 19:41:44,orchard central,SOK-W-02,Women's Pile Crew Socks,Socks,Women,5.9,5.9,False,1,5.9,Card
ORC-20260604-0877,3,2026-06-04 20:50:03,Orchard Central,SOK-M-02,Men's Pile Crew Socks,Socks,Men,5.9,5.9,False,1,5.9,Card
BUG-20260604-0734,1,2026-06-04 20:54:17,Bugis,UND-W-01,Women's Airism Bikini Shorts,Underwear,Women,9.9,9.9,False,2,19.8,PAYNOW
ORC-20260604-1169,2,2026-06-04 19:21:24,Orchard Central,TOP-W-02,Women's Ribbed Long Sleeve Turtleneck,Tops,Women,19.9,19.9,False,1,19.9,Paynow
BUG-20260604-0266,3,2026-06-04 19:40:53,Bugis,SOK-W-02,Women's Pile Crew Socks,Socks,women,5.9,5.9,False,1,5.9,NETS
ORC-20260604-1274,1,2026-06-04 21:47:25,Orchard Central,SOK-W-03,Women's Airism Low-Cut Socks,Socks,Women,5.9,5.9,False,1,$5.9,Cash
ORC-20260604-1401,1,2026-06-04 20:37:38,Orchard Central,SOK-W-02,Women's Pile Crew Socks,Socks,WOMEN,5.9,5.9,False,1,5.9,Card
ORC-20260604-0450,3,2026-06-04 21:09:43,Orchard Central,SOK-M-03,Men's Airism Low-Cut Socks,Socks,Men,5.9,5.9,False,2,11.8,Card
BUG-20260604-0521,1,2026-06-04 16:11:39,BUGIS,SOK-W-10,Women's Wool Blend Socks,Socks,Women,9.9,9.9,False,1,9.9,Card
ORC-20260604-1078,2,2026-06-04 14:38:59,Orchard Central,SOK-M-04,Men's Ribbed Crew Socks,Socks,Men,5.9,5.9,False,1,5.9,Card
PUN-20260604-0433,2,2026-06-04 19:17:23,Punggol,UND-W-01,  Women's Airism Bikini Shorts  ,Underwear,Women,9.9,9.9,False,2,19.8,Cash
BUG-20260604-0171,1,2026-06-04 11:27:07,bugis,SOK-M-03,Men's Airism Low-Cut Socks,Socks,Men,5.9,5.9,False,1,5.9,Cash
ORC-20260604-0725,1,2026-06-04 14:12:40,Orchard Central,SOK-M-09,Men's No-Show Sneaker Socks,SOCKS,Men,4.11,5.9,True,1,4.11,Paynow
PUN-20260604-0375,1,2026-06-04 17:39:21,Punggol,SOK-M-02,Men's Pile Crew Socks,Socks,Men,5.9,5.9,False,1,5.9,CARD
ORC-20260604-1262,2,2026-06-04 22:59:40,  orchard central  ,UND-W-03,Women's Cotton Blend Briefs,Underwear,Women,9.9,9.9,False,1,9.9,Paynow
ORC-20260604-0760,1,2026-06-04 20:37:33,Orchard Central,UND-M-04,Men's Cotton Crew Neck Undershirt,Underwear,Men,14.9,14.9,False,1,14.9,PayNow
ORC-20260604-0948,1,2026-06-04 22:31:16,ORCHARD CENTRAL,UND-M-04,Men's Cotton Crew Neck Undershirt,UNDERWEAR,Men,14.9,14.9,False,2,29.8,Card
BUG-20260604-0518,2,2026-06-04 21:45:21,Bugis,SOK-M-02,Men's Pile Crew Socks,Socks,Men,5.9,5.9,False,1,5.9,PayNow
ORC-20260604-0649,1,2026-06-04 21:43:10,Orchard Central,UND-M-03,Men's Airism Mesh Boxer Briefs,Underwear,Men,14.9,14.9,False,1,$14.9,CARD
PUN-20260604-0171,1,2026-06-04 16:46:49,  punggol  ,SOK-W-04,Women's Ribbed Crew Socks,Socks,Women,5.9,5.9,False,1,$5.9,Cash
BUG-20260604-0720,3,2026-06-04 15:43:06,Bugis,SOK-W-04,Women's Ribbed Crew Socks,Socks,Women,5.9,5.9,False,1,5.9,Card
BUG-20260604-0342,1,2026-06-04 19:25:38,Bugis,SOK-W-04,  Women's Ribbed Crew Socks  ,Socks,Women,5.9,5.9,False,1,$5.9,Cash
ORC-20260604-0080,1,2026-06-04 14:23:07,ORCHARD CENTRAL,SOK-W-03,Women's Airism Low-Cut Socks,Socks,Women,5.9,5.9,False,1,5.9,Card
BUG-20260604-0361,2,2026-06-04 16:03:17,Bugis,SOK-W-03,  Women's Airism Low-Cut Socks  ,Socks,Women,5.9,5.9,False,1,5.9,
BUG-20260604-0459,1,2026-06-04 17:49:24,Bugis,BTM-M-04,Men's Dry Stretch Shorts,BOTTOMS,men,19.9,19.9,False,1,19.9,Card
ORC-20260604-0550,1,2026-06-04 19:44:05,Orchard Central,SOK-W-03,Women's Airism Low-Cut Socks,Socks,Women,5.9,5.9,False,1,5.9,Paynow
ORC-20260604-1238,2,2026-06-04 20:34:27,Orchard Central,SOK-M-03,Men's Airism Low-Cut Socks,SOCKS,Men,5.9,5.9,False,1,5.9,Card
BUG-20260604-0209,1,2026-06-04 20:30:08,Bugis,TOP-M-04,Men's Oxford Long Sleeve Shirt,Tops,Men,29.9,29.9,False,1,29.9,PayNow
PUN-20260604-0510,1,2026-06-04 18:19:18,Punggol,UND-W-03,Women's Cotton Blend Briefs,Underwear,Women,9.9,9.9,False,1,9.9,Card
PUN-20260604-0517,2,2026-06-04 21:00:44,Punggol,UND-W-03,  Women's Cotton Blend Briefs  ,UNDERWEAR,Women,9.9,9.9,False,1,9.9,PayNow
ORC-20260604-0548,3,2026-06-04 20:29:30,orchard central,UND-M-01,Men's Airism Boxer Briefs,UNDERWEAR,MEN,14.9,14.9,False,1,14.9,PAYNOW
ORC-20260604-0217,1,2026-06-04 13:17:36,Orchard Central,BTM-M-02,Men's Slim Fit Chino Trousers,Bottoms,Men,29.9,29.9,False,1,29.9,PayNow
BUG-20260604-0182,3,2026-06-04 16:50:13,  Bugis  ,SOK-M-03,Men's Airism Low-Cut Socks,Socks,Men,5.9,5.9,False,1,5.9,Card
BUG-20260604-0696,3,2026-06-04 14:55:21,Bugis,SOK-M-03,Men's Airism Low-Cut Socks,Socks,Men,5.9,5.9,False,1,5.9,Nets
PUN-20260604-0353,1,2026-06-04 18:05:14,Punggol,UND-W-03,Women's Cotton Blend Briefs,Underwear,Women,9.9,9.9,False,1,9.9,Card
PUN-20260604-0551,2,2026-06-04 21:50:21,Punggol,SOK-M-04,Men's Ribbed Crew Socks,Socks,Men,5.9,5.9,False,1,5.9,card
ORC-20260604-0635,1,2026-06-04 21:13:07,ORCHARD CENTRAL,SOK-M-02,Men's Pile Crew Socks,Socks,Men,5.9,5.9,False,1,5.9,NETS
BUG-20260604-0127,2,2026-06-04 11:02:53,BUGIS,SOK-W-03,Women's Airism Low-Cut Socks,Socks,Women,5.9,5.9,False,1,5.9,Card
BUG-20260604-0574,2,2026-06-04 17:21:27,Bugis,TOP-M-01,Men's Airism Cotton Crew Neck T-Shirt,Tops,Men,14.9,14.9,False,1,14.9,paynow
BUG-20260604-0640,3,2026-06-04 11:30:18,  Bugis  ,TOP-M-01,Men's Airism Cotton Crew Neck T-Shirt,TOPS,Men,14.9,14.9,False,1,14.9,NETS
BUG-20260604-0624,2,2026-06-04 20:42:57,Bugis,SOK-M-02,Men's Pile Crew Socks,Socks,Men,5.9,5.9,False,1,5.9,
BUG-20260604-0769,1,2026-06-04 12:54:14,Bugis,BTM-M-08,Men's Relaxed Fit Denim Shorts,Bottoms,Men,22.99,29.9,True,1,22.99,Card
ORC-20260604-0116,2,2026-06-04 20:46:36,Orchard Central,SOK-M-06,Men's Heattech Socks,Socks,Men,9.9,9.9,False,1,9.9,Card
BUG-20260604-0348,2,2026-06-04 19:23:41,Bugis,UND-M-04,Men's Cotton Crew Neck Undershirt,Underwear,Men,14.9,14.9,False,2,29.8,Card
PUN-20260604-0374,2,2026-06-04 16:01:56,Punggol,SOK-M-04,Men's Ribbed Crew Socks,Socks,MEN,5.9,5.9,False,1,5.9,Cash
BUG-20260604-0031,1,2026-06-04 21:53:51,Bugis,SOK-M-04,Men's Ribbed Crew Socks,Socks,Men,5.9,5.9,False,1,5.9,PayNow
PUN-20260604-0223,1,2026-06-04 12:18:56,Punggol,SOK-W-01,Women's Ankle Socks 3-Pack,Socks,Women,14.9,14.9,False,1,14.9,cash
ORC-20260604-0399,1,2026-06-04 20:41:11,Orchard Central,SOK-M-03,Men's Airism Low-Cut Socks,Socks,Men,5.9,5.9,False,2,11.8,Card
BUG-20260604-0320,3,2026-06-04 13:42:40,Bugis,SOK-M-04,Men's Ribbed Crew Socks,SOCKS,Men,5.9,5.9,False,1,5.9,Card
PUN-20260604-0319,1,2026-06-04 21:37:00,Punggol,SOK-M-04,Men's Ribbed Crew Socks,Socks,Men,5.9,5.9,False,1,5.9,Cash
PUN-20260604-0115,2,2026-06-04 19:26:11,Punggol,SOK-W-03,Women's Airism Low-Cut Socks,Socks,Women,5.9,5.9,False,2,11.8,Card
ORC-20260604-0487,2,2026-06-04 21:35:11,Orchard Central,UND-W-05,Women's Seamless Shorts,UNDERWEAR,Women,9.9,9.9,False,1,9.9,
BUG-20260604-0342,2,2026-06-04 19:25:38,BUGIS,SOK-W-04,Women's Ribbed Crew Socks,Socks,Women,5.9,5.9,False,1,5.9,Cash
BUG-20260604-0582,1,2026-06-04 17:15:38,Bugis,SOK-M-02,Men's Pile Crew Socks,Socks,Men,5.9,5.9,False,1,5.9,PayNow
ORC-20260604-0889,2,2026-06-04 21:25:45,Orchard Central,SOK-W-01,Women's Ankle Socks 3-Pack,Socks,Women,14.9,14.9,False,1,14.9,Card
ORC-20260604-1259,2,2026-06-04 11:31:39,Orchard Central,SOK-W-02,Women's Pile Crew Socks,Socks,Women,5.9,5.9,False,1,5.9,NETS
PUN-20260604-0488,2,2026-06-04 19:44:12,Punggol,SOK-W-02,Women's Pile Crew Socks,Socks,Women,5.9,5.9,False,2,11.8,Card
PUN-20260604-0585,1,2026-06-04 21:37:54,Punggol,UND-M-02,Men's Cotton Blend Trunks,UNDERWEAR,Men,14.9,14.9,False,1,14.9,Card
ORC-20260604-0236,2,2026-06-04 19:26:29,Orchard Central,TOP-W-02,Women's Ribbed Long Sleeve Turtleneck,Tops,Women,19.9,19.9,False,1,19.9,Cash
ORC-20260604-1242,2,2026-06-04 21:12:11,Orchard Central,SOK-M-04,Men's Ribbed Crew Socks,Socks,Men,5.9,5.9,False,1,5.9,cash
PUN-20260604-0270,1,2026-06-04 20:20:45,Punggol,BTM-W-02,Women's High-Rise Wide Leg Pants,BOTTOMS,Women,39.9,39.9,False,1,39.9,NETS
BUG-20260604-0437,2,2026-06-04 13:00:41,BUGIS,TOP-M-04,Men's Oxford Long Sleeve Shirt,Tops,Men,29.9,29.9,False,1,29.9,CASH
ORC-20260604-0325,3,2026-06-04 13:46:31,Orchard Central,SOK-W-02,Women's Pile Crew Socks,Socks,Women,$5.9,5.9,False,2,11.8,Card
PUN-20260604-0328,1,2026-06-04 18:16:26,Punggol,TOP-W-03,Women's Silky Satin Blouse,Tops,Women,39.9,39.9,False,1,39.9,PayNow
ORC-20260604-0646,2,2026-06-04 20:29:53,Orchard Central,SOK-M-03,Men's Airism Low-Cut Socks,Socks,Men,5.9,5.9,False,1,5.9,PayNow
BUG-20260604-0741,2,2026-06-04 16:44:12,Bugis,BTM-M-03,Men's Selvedge Regular Fit Jeans,Bottoms,Men,59.9,59.9,False,1,59.9,PayNow
ORC-20260604-0338,3,2026-06-04 21:08:49,Orchard Central,BTM-M-02,Men's Slim Fit Chino Trousers,Bottoms,Men,29.9,29.9,False,1,29.9,Card
PUN-20260604-0542,1,2026-06-04 20:10:25,Punggol,SOK-W-02,Women's Pile Crew Socks,Socks,Women,5.9,5.9,False,2,11.8,Card
PUN-20260604-0440,1,2026-06-04 20:01:54,Punggol,SOK-W-08,Women's Lace Trim Ankle Socks,Socks,Women,5.9,5.9,False,1,5.9,NETS
ORC-20260604-0004,3,2026-06-04 14:12:14,ORCHARD CENTRAL,SOK-W-03,Women's Airism Low-Cut Socks,Socks,Women,5.9,5.9,False,2,11.8,NETS
PUN-20260604-0115,1,2026-06-04 19:26:11,punggol,SOK-M-03,  Men's Airism Low-Cut Socks  ,Socks,Men,5.9,5.9,False,1,5.9,Card
PUN-20260604-0394,2,2026-06-04 19:27:03,Punggol,BTM-M-02,Men's Slim Fit Chino Trousers,Bottoms,Men,29.9,29.9,False,1,29.9,PayNow
ORC-20260604-0247,1,2026-06-04 16:30:39,  Orchard Central  ,SOK-M-09,Men's No-Show Sneaker Socks,Socks,Men,4.11,5.9,True,1,4.11,Cash
ORC-20260604-0500,2,2026-06-04 20:46:24,Orchard Central,SOK-M-06,Men's Heattech Socks,Socks,Men,9.9,9.9,False,1,9.9,CARD
ORC-20260604-1073,2,2026-06-04 19:49:50,Orchard Central,SOK-M-04,Men's Ribbed Crew Socks,Socks,MEN,5.9,5.9,False,1,5.9,PayNow
ORC-20260604-1021,1,2026-06-04 21:43:45,Orchard Central,SOK-W-02,Women's Pile Crew Socks,Socks,WOMEN,5.9,5.9,False,1,5.9,Card
ORC-20260604-0151,3,2026-06-04 20:22:21,Orchard Central,SOK-M-09,Men's No-Show Sneaker Socks,Socks,Men,4.11,5.9,True,1,4.11,PayNow
PUN-20260604-0369,3,2026-06-04 19:48:10,  Punggol  ,SOK-M-02,Men's Pile Crew Socks,Socks,Men,5.9,5.9,False,1,5.9,PayNow
ORC-20260604-0250,1,2026-06-04 21:07:06,Orchard Central,SOK-W-02,Women's Pile Crew Socks,Socks,Women,5.9,5.9,False,1,5.9,NETS
ORC-20260604-0644,3,2026-06-04 21:24:00,Orchard Central,BTM-M-04,Men's Dry Stretch Shorts,Bottoms,Men,19.9,19.9,False,1,19.9,Card
PUN-20260604-0250,3,2026-06-04 11:00:19,Punggol,SOK-M-02,Men's Pile Crew Socks,Socks,Men,5.9,5.9,False,1,5.9,Card
ORC-20260604-0528,2,2026-06-04 13:13:40,Orchard Central,SOK-M-03,Men's Airism Low-Cut Socks,Socks,Men,5.9,5.9,False,1,5.9,Card
PUN-20260604-0355,2,2026-06-04 20:34:40,Punggol,UND-W-03,Women's Cotton Blend Briefs,Underwear,Women,9.9,9.9,False,2,19.8,Card
ORC-20260604-0412,1,2026-06-04 22:19:58,Orchard Central,SOK-M-07,Men's Striped Crew Socks,Socks,Men,5.9,5.9,False,1,5.9,Cash
ORC-20260604-1411,3,2026-06-04 22:30:35,Orchard Central,SOK-W-02,Women's Pile Crew Socks,Socks,Women,5.9,5.9,False,1,5.9,Card
ORC-20260604-0789,1,2026-06-04 16:32:03,Orchard Central,UND-W-03,Women's Cotton Blend Briefs,Underwear,Women,9.9,9.9,False,1,9.9,PayNow
ORC-20260604-1385,3,2026-06-04 19:27:16,Orchard Central,TOP-W-01,  Women's Airism Cotton Crew Neck T-Shirt  ,Tops,Women,14.9,14.9,False,1,14.9,Cash
BUG-20260604-0621,2,2026-06-04 15:35:37,Bugis,SOK-W-01,Women's Ankle Socks 3-Pack,Socks,Women,14.9,14.9,False,1,14.9,PAYNOW
ORC-20260604-1145,1,2026-06-04 21:24:20,  ORCHARD CENTRAL  ,UND-M-01,Men's Airism Boxer Briefs,Underwear,MEN,14.9,14.9,False,1,14.9,Cash
ORC-20260604-0708,1,2026-06-04 19:21:42,Orchard Central,UND-M-02,Men's Cotton Blend Trunks,Underwear,Men,14.9,14.9,False,1,$14.9,Card
ORC-20260604-0395,1,2026-06-04 12:14:13,  Orchard Central  ,BTM-W-03,Women's Ezy Ankle Pants,BOTTOMS,WOMEN,29.9,29.9,False,1,29.9,Cash
ORC-20260604-1228,2,2026-06-04 21:33:58,Orchard Central,TOP-M-01,Men's Airism Cotton Crew Neck T-Shirt,Tops,men,14.9,14.9,False,1,14.9,Card
ORC-20260604-0032,1,2026-06-04 13:41:40,Orchard Central,SOK-M-09,Men's No-Show Sneaker Socks,Socks,Men,4.11,5.9,True,2,8.22,Cash
BUG-20260604-0233,1,2026-06-04 20:53:11,  Bugis  ,SOK-W-01,Women's Ankle Socks 3-Pack,Socks,Women,14.9,14.9,False,1,14.9,PayNow
BUG-20260604-0653,2,2026-06-04 19:06:15,Bugis,UND-W-03,Women's Cotton Blend Briefs,Underwear,Women,9.9,9.9,False,1,9.9,Card
ORC-20260604-0039,3,2026-06-04 20:43:45,Orchard Central,UND-W-03,  Women's Cotton Blend Briefs  ,Underwear,Women,9.9,9.9,False,1,9.9,CARD
PUN-20260604-0471,2,2026-06-04 16:28:34,Punggol,UND-W-01,Women's Airism Bikini Shorts,Underwear,Women,9.9,9.9,False,1,9.9,PayNow
ORC-20260604-0724,2,2026-06-04 15:14:27,Orchard Central,UND-M-02,Men's Cotton Blend Trunks,Underwear,Men,14.9,14.9,False,1,14.9,PayNow
ORC-20260604-0302,3,2026-06-04 18:23:48,Orchard Central,BTM-M-04,  Men's Dry Stretch Shorts  ,Bottoms,Men,19.9,19.9,False,1,19.9,
ORC-20260604-0721,2,2026-06-04 22:55:36,Orchard Central,SOK-M-04,Men's Ribbed Crew Socks,Socks,Men,5.9,5.9,False,2,11.8,Card
ORC-20260604-0563,2,2026-06-04 22:57:34,ORCHARD CENTRAL,BTM-M-02,Men's Slim Fit Chino Trousers,Bottoms,Men,29.9,29.9,False,1,29.9,NETS
ORC-20260604-0619,2,2026-06-04 17:30:09,Orchard Central,SOK-M-02,Men's Pile Crew Socks,Socks,Men,5.9,5.9,False,1,5.9,PayNow
ORC-20260604-0992,3,2026-06-04 19:15:05,Orchard Central,SOK-M-02,Men's Pile Crew Socks,Socks,Men,5.9,5.9,False,1,5.9,
ORC-20260604-0587,1,2026-06-04 13:44:09,Orchard Central,BTM-M-04,Men's Dry Stretch Shorts,Bottoms,Men,19.9,19.9,False,1,19.9,PayNow
ORC-20260604-0160,1,2026-06-04 20:50:45,Orchard Central,SOK-M-04,Men's Ribbed Crew Socks,Socks,Men,5.9,5.9,False,1,5.9,card
BUG-20260604-0219,1,2026-06-04 20:40:17,Bugis,SOK-M-01,Men's Ankle Socks 3-Pack,Socks,Men,14.9,14.9,False,1,14.9,NETS
BUG-20260604-0307,2,2026-06-04 15:59:22,Bugis,SOK-W-03,Women's Airism Low-Cut Socks,Socks,Women,5.9,5.9,False,1,5.9,PayNow
BUG-20260604-0032,1,2026-06-04 17:45:57,Bugis,SOK-W-04,Women's Ribbed Crew Socks,Socks,Women,5.9,5.9,False,1,5.9,Card
ORC-20260604-0710,1,2026-06-04 19:08:04,  Orchard Central  ,TOP-M-04,Men's Oxford Long Sleeve Shirt,Tops,Men,29.9,29.9,False,1,29.9,Cash
ORC-20260604-1460,3,2026-06-04 20:42:51,  Orchard Central  ,SOK-W-03,  Women's Airism Low-Cut Socks  ,Socks,Women,5.9,5.9,False,2,11.8,Card
PUN-20260604-0564,3,2026-06-04 18:46:21,  Punggol  ,SOK-M-02,Men's Pile Crew Socks,Socks,Men,5.9,5.9,False,1,$5.9,Card
PUN-20260604-0239,2,2026-06-04 22:54:14,Punggol,UND-M-03,Men's Airism Mesh Boxer Briefs,Underwear,Men,14.9,14.9,False,2,29.8,Card
ORC-20260604-0621,1,2026-06-04 15:07:07,Orchard Central,TOP-M-03,Men's Dry-EX Crew Neck T-Shirt,Tops,Men,19.9,19.9,False,1,19.9,
ORC-20260604-0323,3,2026-06-04 20:20:19,Orchard Central,SOK-M-09,Men's No-Show Sneaker Socks,Socks,Men,4.11,5.9,True,1,4.11,PayNow
ORC-20260604-0572,2,2026-06-04 19:57:30,Orchard Central,SOK-W-03,Women's Airism Low-Cut Socks,Socks,WOMEN,5.9,5.9,False,1,5.9,Cash
BUG-20260604-0577,2,2026-06-04 22:15:56,Bugis,UND-M-04,Men's Cotton Crew Neck Undershirt,Underwear,Men,$14.9,14.9,False,1,14.9,PayNow
ORC-20260604-0332,2,2026-06-04 18:15:32,Orchard Central,SOK-M-09,Men's No-Show Sneaker Socks,Socks,Men,4.11,5.9,True,1,4.11,PayNow
BUG-20260604-0655,1,2026-06-04 16:39:35,  Bugis  ,SOK-M-07,Men's Striped Crew Socks,socks,men,5.9,5.9,False,1,5.9,paynow
ORC-20260604-0337,2,2026-06-04 19:11:19,Orchard Central,SOK-M-02,Men's Pile Crew Socks,Socks,Men,5.9,5.9,False,2,11.8,Card
ORC-20260604-0092,3,2026-06-04 16:30:44,Orchard Central,SOK-W-01,  Women's Ankle Socks 3-Pack  ,Socks,Women,14.9,14.9,False,1,$14.9,CARD
BUG-20260604-0623,1,2026-06-04 14:07:56,Bugis,UND-W-01,Women's Airism Bikini Shorts,Underwear,WOMEN,9.9,9.9,False,1,9.9,NETS
ORC-20260604-1212,1,2026-06-04 20:11:44,Orchard Central,TOP-M-02,Men's Supima Cotton Polo Shirt,Tops,Men,29.9,29.9,False,1,29.9,
BUG-20260604-0673,2,2026-06-04 16:44:38,Bugis,SOK-M-02,Men's Pile Crew Socks,Socks,Men,5.9,5.9,False,1,5.9,PayNow
PUN-20260604-0573,1,2026-06-04 14:35:49,punggol,BTM-W-01,Women's Ultra Stretch Skinny Jeans,Bottoms,Women,$39.9,39.9,False,1,39.9,Cash
ORC-20260604-0947,1,2026-06-04 21:50:48,Orchard Central,UND-W-03,Women's Cotton Blend Briefs,Underwear,Women,9.9,9.9,False,1,9.9,Card
ORC-20260604-0851,1,2026-06-04 20:41:19,Orchard Central,SOK-W-02,Women's Pile Crew Socks,Socks,Women,5.9,5.9,False,1,5.9,Card
BUG-20260604-0642,1,2026-06-04 19:09:31,Bugis,UND-W-02,Women's Wireless Bra,UNDERWEAR,Women,29.9,29.9,False,1,29.9,PayNow
BUG-20260604-0345,1,2026-06-04 21:35:33,Bugis,SOK-M-04,Men's Ribbed Crew Socks,Socks,MEN,5.9,5.9,False,1,5.9,PayNow
ORC-20260604-1114,2,2026-06-04 13:12:15,Orchard Central,TOP-W-02,Women's Ribbed Long Sleeve Turtleneck,tops,Women,$19.9,19.9,False,1,19.9,Cash
BUG-20260604-0051,2,2026-06-04 21:06:34,Bugis,UND-M-01,Men's Airism Boxer Briefs,Underwear,Men,14.9,14.9,False,1,14.9,Card
BUG-20260604-0763,1,2026-06-04 21:37:00,bugis,BTM-M-04,Men's Dry Stretch Shorts,Bottoms,Men,19.9,19.9,False,1,19.9,PayNow
BUG-20260604-0862,1,2026-06-04 21:18:34,Bugis,BTM-M-02,Men's Slim Fit Chino Trousers,Bottoms,Men,29.9,29.9,False,1,29.9,PayNow
ORC-20260604-0482,2,2026-06-04 18:46:53,Orchard Central,BTM-M-01,Men's Ezy Ankle Pants,Bottoms,Men,29.9,29.9,False,1,29.9,Cash
PUN-20260604-0561,3,2026-06-04 15:56:35,Punggol,UND-W-01,Women's Airism Bikini Shorts,Underwear,Women,9.9,9.9,False,1,9.9,Card
ORC-20260604-1441,2,2026-06-04 14:14:06,Orchard Central,UND-W-02,Women's Wireless Bra,Underwear,Women,29.9,29.9,False,1,29.9,Nets
PUN-20260604-0263,2,2026-06-04 20:41:29,  Punggol  ,UND-M-02,Men's Cotton Blend Trunks,Underwear,Men,14.9,14.9,False,1,14.9,Nets
ORC-20260604-0498,1,2026-06-04 18:09:31,Orchard Central,UND-M-09,Men's Heattech Long Johns,Underwear,Men,19.9,19.9,False,1,19.9,nets
ORC-20260604-1421,1,2026-06-04 21:17:29,Orchard Central,BTM-M-01,Men's Ezy Ankle Pants,Bottoms,Men,29.9,29.9,False,1,29.9,NETS
ORC-20260604-0326,1,2026-06-04 22:08:36,Orchard Central,SOK-W-03,Women's Airism Low-Cut Socks,Socks,Women,5.9,5.9,False,2,11.8,Card
ORC-20260604-1371,1,2026-06-04 18:05:54,Orchard Central,SOK-W-01,Women's Ankle Socks 3-Pack,Socks,Women,14.9,14.9,False,1,14.9,Cash
BUG-20260604-0572,2,2026-06-04 20:17:43,  BUGIS  ,TOP-W-01,  Women's Airism Cotton Crew Neck T-Shirt  ,Tops,Women,14.9,14.9,False,1,14.9,PayNow
ORC-20260604-1258,2,2026-06-04 13:26:34,Orchard Central,TOP-W-02,Women's Ribbed Long Sleeve Turtleneck,Tops,Women,19.9,19.9,False,1,19.9,card
ORC-20260604-0513,2,2026-06-04 14:02:18,ORCHARD CENTRAL,SOK-W-03,Women's Airism Low-Cut Socks,Socks,Women,5.9,5.9,False,1,5.9,Card
BUG-20260604-0842,2,2026-06-04 14:37:30,Bugis,TOP-M-04,Men's Oxford Long Sleeve Shirt,Tops,Men,29.9,29.9,False,1,29.9,NETS
ORC-20260604-0776,1,2026-06-04 19:28:44,Orchard Central,SOK-W-03,Women's Airism Low-Cut Socks,Socks,Women,5.9,5.9,False,1,5.9,CARD
ORC-20260604-0958,3,2026-06-04 21:25:39,Orchard Central,SOK-M-07,Men's Striped Crew Socks,Socks,Men,5.9,5.9,False,1,5.9,Cash
ORC-20260604-0434,1,2026-06-04 20:45:36,  ORCHARD CENTRAL  ,SOK-M-09,Men's No-Show Sneaker Socks,Socks,Men,4.11,5.9,True,1,4.11,Card
BUG-20260604-0638,1,2026-06-04 18:17:29,Bugis,SOK-W-02,Women's Pile Crew Socks,Socks,Women,5.9,5.9,False,2,11.8,PayNow
BUG-20260604-0200,1,2026-06-04 17:57:17,bugis,BTM-M-01,  Men's Ezy Ankle Pants  ,bottoms,Men,29.9,29.9,False,1,29.9,CARD
BUG-20260604-0825,1,2026-06-04 21:33:35,Bugis,SOK-M-04,Men's Ribbed Crew Socks,Socks,Men,5.9,5.9,False,1,5.9,PayNow
ORC-20260604-0182,2,2026-06-04 14:06:35,Orchard Central,SOK-W-03,  Women's Airism Low-Cut Socks  ,Socks,Women,5.9,5.9,False,2,11.8,card
ORC-20260604-0063,3,2026-06-04 21:17:27,Orchard Central,UND-M-01,Men's Airism Boxer Briefs,Underwear,Men,14.9,14.9,False,1,14.9,Card
PUN-20260604-0118,1,2026-06-04 18:31:11,Punggol,SOK-W-04,Women's Ribbed Crew Socks,Socks,Women,5.9,5.9,False,1,5.9,NETS
BUG-20260604-0689,1,2026-06-04 16:45:47,Bugis,SOK-W-04,Women's Ribbed Crew Socks,Socks,Women,5.9,5.9,False,1,5.9,Paynow
BUG-20260604-0618,3,2026-06-04 13:08:06,Bugis,SOK-W-03,Women's Airism Low-Cut Socks,socks,Women,5.9,5.9,False,1,5.9,Cash
BUG-20260604-0400,3,2026-06-04 11:09:02,Bugis,TOP-W-02,Women's Ribbed Long Sleeve Turtleneck,Tops,Women,19.9,19.9,False,1,19.9,PAYNOW
ORC-20260604-1414,3,2026-06-04 18:42:26,  Orchard Central  ,SOK-W-03,Women's Airism Low-Cut Socks,Socks,Women,5.9,5.9,False,1,5.9,PayNow
BUG-20260604-0309,1,2026-06-04 19:23:15,Bugis,SOK-W-02,Women's Pile Crew Socks,Socks,Women,5.9,5.9,False,1,5.9,Cash
ORC-20260604-0754,2,2026-06-04 21:54:26,  Orchard Central  ,UND-W-03,Women's Cotton Blend Briefs,Underwear,Women,9.9,9.9,False,1,9.9,PayNow
ORC-20260604-0013,3,2026-06-04 20:34:22,Orchard Central,SOK-W-01,Women's Ankle Socks 3-Pack,Socks,Women,14.9,14.9,False,1,14.9,Card
ORC-20260604-0626,1,2026-06-04 17:47:16,Orchard Central,SOK-W-02,Women's Pile Crew Socks,Socks,Women,5.9,5.9,False,1,5.9,Card
ORC-20260604-0970,1,2026-06-04 18:26:28,  Orchard Central  ,UND-M-01,Men's Airism Boxer Briefs,Underwear,Men,14.9,14.9,False,2,29.8,Card
ORC-20260604-0856,1,2026-06-04 20:22:42,Orchard Central,BTM-M-02,Men's Slim Fit Chino Trousers,Bottoms,Men,29.9,29.9,False,1,29.9,NETS
ORC-20260604-0304,2,2026-06-04 18:42:12,Orchard Central,SOK-W-02,Women's Pile Crew Socks,Socks,women,5.9,5.9,False,1,5.9,
BUG-20260604-0811,2,2026-06-04 21:35:26,Bugis,SOK-M-03,Men's Airism Low-Cut Socks,Socks,Men,5.9,5.9,False,1,5.9,card
BUG-20260604-0343,1,2026-06-04 13:33:11,Bugis,UND-W-03,Women's Cotton Blend Briefs,Underwear,WOMEN,9.9,9.9,False,1,9.9,NETS
BUG-20260604-0631,1,2026-06-04 18:50:54,Bugis,TOP-W-02,Women's Ribbed Long Sleeve Turtleneck,Tops,Women,19.9,19.9,False,1,19.9,PayNow
PUN-20260604-0155,1,2026-06-04 16:41:53,Punggol,TOP-W-01,Women's Airism Cotton Crew Neck T-Shirt,TOPS,Women,14.9,14.9,False,1,14.9,NETS
BUG-20260604-0428,2,2026-06-04 12:27:09,Bugis,UND-W-01,Women's Airism Bikini Shorts,Underwear,Women,9.9,9.9,False,1,9.9,NETS
BUG-20260604-0379,2,2026-06-04 22:32:46,Bugis,SOK-W-02,Women's Pile Crew Socks,Socks,Women,5.9,5.9,False,2,11.8,Card
PUN-20260604-0144,1,2026-06-04 21:42:02,  punggol  ,SOK-W-04,Women's Ribbed Crew Socks,Socks,Women,5.9,5.9,False,1,5.9,Card
BUG-20260604-0335,1,2026-06-04 18:53:40,Bugis,UND-W-01,Women's Airism Bikini Shorts,Underwear,Women,9.9,9.9,False,1,9.9,Card
ORC-20260604-0480,2,2026-06-04 16:52:33,  Orchard Central  ,SOK-W-09,  Women's No-Show Sneaker Socks  ,Socks,Women,5.9,5.9,False,1,5.9,NETS
ORC-20260604-0157,1,2026-06-04 17:34:10,Orchard Central,SOK-M-01,Men's Ankle Socks 3-Pack,Socks,Men,14.9,14.9,False,1,14.9,CARD
PUN-20260604-0173,2,2026-06-04 11:26:59,Punggol,SOK-M-04,Men's Ribbed Crew Socks,Socks,Men,5.9,5.9,False,1,5.9,Cash
BUG-20260604-0865,1,2026-06-04 17:44:25,Bugis,UND-W-01,  Women's Airism Bikini Shorts  ,Underwear,Women,9.9,9.9,False,1,9.9,Cash
ORC-20260604-1164,1,2026-06-04 18:56:09,orchard central,BTM-W-01,Women's Ultra Stretch Skinny Jeans,Bottoms,Women,39.9,39.9,False,1,39.9,Card
ORC-20260604-1265,1,2026-06-04 19:52:06,Orchard Central,UND-M-04,Men's Cotton Crew Neck Undershirt,Underwear,Men,14.9,14.9,False,1,14.9,NETS
BUG-20260604-0633,3,2026-06-04 20:48:58,Bugis,UND-W-03,Women's Cotton Blend Briefs,Underwear,Women,9.9,9.9,False,1,9.9,paynow
PUN-20260604-0105,1,2026-06-04 19:37:16,Punggol,UND-W-08,Women's Airism Camisole,Underwear,Women,14.9,14.9,False,1,14.9,Card
ORC-20260604-1359,2,2026-06-04 15:17:33,Orchard Central,UND-M-02,Men's Cotton Blend Trunks,Underwear,Men,14.9,14.9,False,2,29.8,PayNow
ORC-20260604-0521,1,2026-06-04 12:08:12,Orchard Central,SOK-M-04,Men's Ribbed Crew Socks,Socks,Men,5.9,5.9,False,1,5.9,PAYNOW
BUG-20260604-0184,1,2026-06-04 11:54:34,Bugis,BTM-W-03,Women's Ezy Ankle Pants,Bottoms,women,29.9,29.9,False,1,29.9,Card
PUN-20260604-0342,1,2026-06-04 20:42:54,Punggol,SOK-M-04,Men's Ribbed Crew Socks,Socks,Men,5.9,5.9,False,1,5.9,Card
ORC-20260604-0244,3,2026-06-04 20:11:06,Orchard Central,SOK-M-09,Men's No-Show Sneaker Socks,Socks,men,4.11,5.9,True,1,4.11,Card
ORC-20260604-1397,1,2026-06-04 20:58:58,Orchard Central,SOK-W-03,Women's Airism Low-Cut Socks,Socks,Women,5.9,5.9,False,1,5.9,Cash
ORC-20260604-0003,1,2026-06-04 17:15:09,Orchard Central,SOK-M-04,Men's Ribbed Crew Socks,Socks,Men,5.9,5.9,False,1,5.9,Cash
ORC-20260604-0336,3,2026-06-04 12:11:30,Orchard Central,SOK-W-03,Women's Airism Low-Cut Socks,Socks,WOMEN,5.9,5.9,False,1,5.9,Card
PUN-20260604-0300,2,2026-06-04 20:23:25,punggol,UND-W-01,  Women's Airism Bikini Shorts  ,Underwear,Women,9.9,9.9,False,1,9.9,card
ORC-20260604-1420,1,2026-06-04 21:31:32,Orchard Central,SOK-W-05,Women's Sport Ankle Socks,Socks,Women,5.9,5.9,False,1,5.9,PayNow
ORC-20260604-0525,1,2026-06-04 22:54:39,Orchard Central,SOK-W-03,  Women's Airism Low-Cut Socks  ,Socks,WOMEN,5.9,5.9,False,1,5.9,PAYNOW
PUN-20260604-0136,2,2026-06-04 15:03:35,  Punggol  ,SOK-W-04,Women's Ribbed Crew Socks,Socks,Women,5.9,5.9,False,1,5.9,CARD
BUG-20260604-0442,2,2026-06-04 16:10:12,Bugis,UND-W-01,Women's Airism Bikini Shorts,Underwear,Women,9.9,9.9,False,1,9.9,NETS
BUG-20260604-0783,1,2026-06-04 12:14:54,Bugis,SOK-W-02,Women's Pile Crew Socks,Socks,Women,5.9,5.9,False,1,5.9,card
BUG-20260604-0517,1,2026-06-04 13:49:02,Bugis,SOK-W-03,Women's Airism Low-Cut Socks,Socks,Women,5.9,5.9,False,1,5.9,Card
ORC-20260604-1200,2,2026-06-04 21:19:12,Orchard Central,SOK-W-03,Women's Airism Low-Cut Socks,Socks,WOMEN,5.9,5.9,False,1,5.9,Card
ORC-20260604-1188,1,2026-06-04 21:39:19,Orchard Central,TOP-M-02,Men's Supima Cotton Polo Shirt,Tops,men,29.9,29.9,False,1,29.9,cash
ORC-20260604-0667,1,2026-06-04 19:51:46,Orchard Central,SOK-M-07,  Men's Striped Crew Socks  ,Socks,Men,5.9,5.9,False,2,11.8,paynow
BUG-20260604-0025,3,2026-06-04 11:58:48,BUGIS,BTM-M-08,  Men's Relaxed Fit Denim Shorts  ,Bottoms,men,22.99,29.9,True,1,22.99,Card
BUG-20260604-0241,1,2026-06-04 20:36:56,Bugis,SOK-M-02,Men's Pile Crew Socks,Socks,Men,5.9,5.9,False,1,5.9,NETS
BUG-20260604-0391,1,2026-06-04 12:46:24,Bugis,UND-W-03,Women's Cotton Blend Briefs,Underwear,Women,9.9,9.9,False,1,9.9,PayNow
PUN-20260604-0184,2,2026-06-04 15:46:32,PUNGGOL,TOP-M-02,Men's Supima Cotton Polo Shirt,Tops,men,29.9,29.9,False,1,29.9,Cash
BUG-20260604-0805,1,2026-06-04 16:29:47,Bugis,UND-W-01,Women's Airism Bikini Shorts,Underwear,Women,9.9,9.9,False,1,9.9,Cash
ORC-20260604-0573,3,2026-06-04 19:44:00,Orchard Central,SOK-W-06,  Women's Heattech Socks  ,Socks,Women,9.9,9.9,False,1,9.9,PayNow
BUG-20260604-0879,1,2026-06-04 18:38:24,  Bugis  ,SOK-W-03,Women's Airism Low-Cut Socks,Socks,WOMEN,5.9,5.9,False,1,5.9,PayNow
ORC-20260604-1432,1,2026-06-04 20:13:06,  Orchard Central  ,SOK-M-02,Men's Pile Crew Socks,Socks,Men,5.9,5.9,False,1,5.9,paynow
BUG-20260604-0549,1,2026-06-04 19:48:40,Bugis,SOK-W-04,Women's Ribbed Crew Socks,Socks,Women,5.9,5.9,False,1,5.9,Card
ORC-20260604-1148,3,2026-06-04 17:37:31,Orchard Central,SOK-W-03,Women's Airism Low-Cut Socks,Socks,Women,5.9,5.9,False,1,5.9,PayNow
PUN-20260604-0583,1,2026-06-04 22:27:11,Punggol,TOP-W-04,Women's Heattech Crew Neck Long Sleeve Tee,Tops,Women,14.9,14.9,False,1,14.9,Cash
ORC-20260604-0423,1,2026-06-04 22:15:16,Orchard Central,SOK-W-05,Women's Sport Ankle Socks,Socks,Women,5.9,5.9,False,1,5.9,NETS
BUG-20260604-0565,2,2026-06-04 19:33:53,Bugis,SOK-W-02,Women's Pile Crew Socks,Socks,Women,5.9,5.9,False,1,$5.9,Card
ORC-20260604-1153,1,2026-06-04 11:50:27,  ORCHARD CENTRAL  ,SOK-M-09,Men's No-Show Sneaker Socks,Socks,MEN,4.11,5.9,True,1,4.11,card
ORC-20260604-1137,2,2026-06-04 19:48:46,orchard central,BTM-W-03,Women's Ezy Ankle Pants,Bottoms,Women,29.9,29.9,False,1,29.9,Card
PUN-20260604-0190,2,2026-06-04 17:55:41,Punggol,SOK-W-03,Women's Airism Low-Cut Socks,Socks,Women,5.9,5.9,False,1,5.9,PayNow
BUG-20260604-0147,1,2026-06-04 17:29:05,Bugis,UND-M-01,Men's Airism Boxer Briefs,Underwear,Men,14.9,14.9,False,1,14.9,
ORC-20260604-0023,3,2026-06-04 18:40:42,Orchard Central,SOK-M-06,Men's Heattech Socks,Socks,Men,9.9,9.9,False,1,9.9,Cash
ORC-20260604-1335,1,2026-06-04 18:50:46,Orchard Central,UND-W-03,Women's Cotton Blend Briefs,Underwear,women,9.9,9.9,False,2,19.8,Card
ORC-20260604-0801,2,2026-06-04 17:48:42,  orchard central  ,UND-W-05,,UNDERWEAR,Women,9.9,9.9,False,2,19.8,PayNow
PUN-20260604-0041,2,2026-06-04 18:37:30,Punggol,SOK-M-02,Men's Pile Crew Socks,Socks,Men,5.9,5.9,False,1,5.9,NETS
BUG-20260604-0512,1,2026-06-04 21:41:16,Bugis,TOP-W-06,Women's Linen Blend Short Sleeve Shirt,Tops,Women,29.9,29.9,False,1,29.9,PayNow
BUG-20260604-0777,2,2026-06-04 17:24:57,BUGIS,TOP-M-03,Men's Dry-EX Crew Neck T-Shirt,Tops,Men,19.9,19.9,False,1,19.9,Card
PUN-20260604-0228,1,2026-06-04 20:17:46,Punggol,BTM-M-08,Men's Relaxed Fit Denim Shorts,Bottoms,Men,22.99,29.9,True,1,22.99,PayNow
BUG-20260604-0699,1,2026-06-04 19:55:53,Bugis,SOK-M-02,Men's Pile Crew Socks,Socks,Men,$5.9,5.9,False,2,11.8,PayNow
BUG-20260604-0793,2,2026-06-04 19:47:33,Bugis,BTM-W-01,Women's Ultra Stretch Skinny Jeans,Bottoms,Women,39.9,39.9,False,1,39.9,Card
ORC-20260604-1286,1,2026-06-04 14:18:26,Orchard Central,SOK-M-01,Men's Ankle Socks 3-Pack,Socks,Men,14.9,14.9,False,2,29.8,
BUG-20260604-0315,1,2026-06-04 12:21:51,Bugis,SOK-M-04,Men's Ribbed Crew Socks,Socks,Men,5.9,5.9,False,1,5.9,PayNow
ORC-20260604-0617,1,2026-06-04 21:35:29,Orchard Central,UND-W-10,  Women's Wireless Bralette  ,Underwear,Women,29.9,29.9,False,1,29.9,Card
BUG-20260604-0211,2,2026-06-04 13:52:51,Bugis,SOK-M-03,Men's Airism Low-Cut Socks,socks,Men,5.9,5.9,False,1,5.9,Card
BUG-20260604-0537,1,2026-06-04 21:12:46,Bugis,SOK-W-02,Women's Pile Crew Socks,SOCKS,Women,5.9,5.9,False,1,5.9,card
BUG-20260604-0750,1,2026-06-04 17:11:00,Bugis,SOK-W-02,Women's Pile Crew Socks,Socks,Women,5.9,5.9,False,1,5.9,NETS
ORC-20260604-0936,1,2026-06-04 16:07:18,Orchard Central,SOK-W-02,Women's Pile Crew Socks,Socks,Women,5.9,5.9,False,1,5.9,Card
ORC-20260604-0907,1,2026-06-04 19:47:35,orchard central,SOK-W-02,Women's Pile Crew Socks,Socks,Women,5.9,5.9,False,1,5.9,Card
ORC-20260604-0946,2,2026-06-04 20:27:26,orchard central,SOK-W-03,Women's Airism Low-Cut Socks,Socks,Women,5.9,5.9,False,1,5.9,card
BUG-20260604-0608,2,2026-06-04 20:27:36,Bugis,SOK-W-04,Women's Ribbed Crew Socks,Socks,Women,5.9,5.9,False,1,5.9,PAYNOW
BUG-20260604-0818,3,2026-06-04 19:14:04,Bugis,TOP-W-09,Women's Drape Sleeveless Top,Tops,Women,19.9,19.9,False,1,19.9,NETS
BUG-20260604-0077,2,2026-06-04 15:28:40,bugis,BTM-W-03,Women's Ezy Ankle Pants,Bottoms,Women,29.9,29.9,False,1,29.9,Card
BUG-20260604-0349,1,2026-06-04 17:51:29,Bugis,SOK-W-03,Women's Airism Low-Cut Socks,Socks,Women,5.9,5.9,False,2,11.8,Card
ORC-20260604-0094,3,2026-06-04 15:07:51,Orchard Central,UND-W-07,  Women's Heattech Camisole  ,Underwear,Women,14.9,14.9,False,1,14.9,Cash
ORC-20260604-1023,2,2026-06-04 20:46:25,Orchard Central,UND-W-03,Women's Cotton Blend Briefs,Underwear,Women,9.9,9.9,False,1,9.9,Card
PUN-20260604-0180,2,2026-06-04 19:04:33,  Punggol  ,UND-M-02,Men's Cotton Blend Trunks,Underwear,Men,14.9,14.9,False,1,14.9,card
ORC-20260604-0919,1,2026-06-04 19:57:22,Orchard Central,SOK-W-02,Women's Pile Crew Socks,Socks,WOMEN,5.9,5.9,False,1,5.9,Card
BUG-20260604-0424,1,2026-06-04 19:21:43,Bugis,TOP-M-02,Men's Supima Cotton Polo Shirt,Tops,Men,29.9,29.9,False,1,29.9,paynow
ORC-20260604-1273,1,2026-06-04 16:17:35,Orchard Central,SOK-M-09,  Men's No-Show Sneaker Socks  ,Socks,Men,4.11,5.9,True,1,4.11,Card
ORC-20260604-0995,1,2026-06-04 20:16:10,Orchard Central,SOK-M-07,Men's Striped Crew Socks,Socks,Men,5.9,5.9,False,1,5.9,Card
BUG-20260604-0104,2,2026-06-04 14:30:21,Bugis,SOK-W-03,Women's Airism Low-Cut Socks,Socks,Women,5.9,5.9,False,1,5.9,Card
PUN-20260604-0330,2,2026-06-04 11:24:24,punggol,TOP-W-05,Women's Merino Blend Cardigan,Tops,women,31.36,39.9,True,1,31.36,Cash
ORC-20260604-0844,1,2026-06-04 18:14:05,Orchard Central,BTM-M-03,Men's Selvedge Regular Fit Jeans,Bottoms,MEN,59.9,59.9,False,1,59.9,Card
BUG-20260604-0400,1,2026-06-04 11:09:02,Bugis,UND-W-01,Women's Airism Bikini Shorts,Underwear,Women,9.9,9.9,False,1,9.9,
PUN-20260604-0067,2,2026-06-04 21:09:09,Punggol,UND-M-01,Men's Airism Boxer Briefs,Underwear,Men,14.9,14.9,False,1,14.9,PAYNOW
PUN-20260604-0333,1,2026-06-04 20:40:34,Punggol,UND-W-01,Women's Airism Bikini Shorts,Underwear,Women,9.9,9.9,False,1,9.9,Paynow
PUN-20260604-0262,2,2026-06-04 14:06:24,Punggol,SOK-W-03,Women's Airism Low-Cut Socks,Socks,WOMEN,5.9,5.9,False,2,11.8,card
BUG-20260604-0368,1,2026-06-04 18:11:49,Bugis,UND-W-04,Women's Airism T-Shirt Bra,underwear,Women,29.9,29.9,False,1,$29.9,Card
ORC-20260604-1259,1,2026-06-04 11:31:39,  Orchard Central  ,UND-M-03,Men's Airism Mesh Boxer Briefs,Underwear,Men,$14.9,14.9,False,1,14.9,NETS
ORC-20260604-0048,3,2026-06-04 13:12:21,orchard central,TOP-W-02,Women's Ribbed Long Sleeve Turtleneck,Tops,Women,19.9,19.9,False,1,19.9,Card
BUG-20260604-0740,2,2026-06-04 19:52:52,Bugis,TOP-W-01,Women's Airism Cotton Crew Neck T-Shirt,Tops,Women,14.9,14.9,False,1,14.9,NETS
BUG-20260604-0549,3,2026-06-04 19:48:40,Bugis,UND-M-03,Men's Airism Mesh Boxer Briefs,UNDERWEAR,Men,14.9,14.9,False,1,14.9,Card
ORC-20260604-1385,2,2026-06-04 19:27:16,Orchard Central,TOP-M-01,Men's Airism Cotton Crew Neck T-Shirt,Tops,Men,14.9,14.9,False,1,14.9,Cash
ORC-20260604-0108,3,2026-06-04 17:33:20,Orchard Central,SOK-M-02,Men's Pile Crew Socks,Socks,Men,5.9,5.9,False,2,11.8,Card
ORC-20260604-1086,1,2026-06-04 13:03:59,Orchard Central,UND-M-02,Men's Cotton Blend Trunks,Underwear,Men,14.9,14.9,False,1,14.9,Cash
ORC-20260604-0390,1,2026-06-04 17:39:39,Orchard Central,SOK-M-09,Men's No-Show Sneaker Socks,Socks,Men,4.11,5.9,True,2,8.22,Card
BUG-20260604-0845,1,2026-06-04 19:17:43,Bugis,SOK-W-01,Women's Ankle Socks 3-Pack,Socks,Women,14.9,14.9,False,1,14.9,Card
ORC-20260604-0499,1,2026-06-04 16:36:25,Orchard Central,UND-W-05,Women's Seamless Shorts,Underwear,Women,9.9,9.9,False,2,19.8,Card
ORC-20260604-1261,2,2026-06-04 22:51:13,ORCHARD CENTRAL,SOK-M-07,Men's Striped Crew Socks,SOCKS,Men,5.9,5.9,False,1,5.9,Card
ORC-20260604-0280,2,2026-06-04 16:39:15,Orchard Central,SOK-W-03,Women's Airism Low-Cut Socks,SOCKS,Women,5.9,5.9,False,1,5.9,Card
ORC-20260604-0397,2,2026-06-04 20:42:28,Orchard Central,UND-W-02,  Women's Wireless Bra  ,Underwear,Women,29.9,29.9,False,1,29.9,Card
ORC-20260604-1143,1,2026-06-04 13:32:36,Orchard Central,SOK-M-02,Men's Pile Crew Socks,Socks,Men,5.9,5.9,False,1,5.9,PayNow
BUG-20260604-0644,2,2026-06-04 17:43:47,Bugis,SOK-M-07,Men's Striped Crew Socks,Socks,Men,5.9,5.9,False,1,5.9,Card
ORC-20260604-0249,1,2026-06-04 16:24:39,Orchard Central,TOP-M-01,Men's Airism Cotton Crew Neck T-Shirt,Tops,Men,14.9,14.9,False,1,14.9,Card
ORC-20260604-1099,1,2026-06-04 20:23:56,Orchard Central,SOK-M-09,Men's No-Show Sneaker Socks,Socks,Men,4.11,5.9,True,1,4.11,NETS
ORC-20260604-1200,3,2026-06-04 21:19:12,Orchard Central,SOK-M-09,Men's No-Show Sneaker Socks,Socks,Men,4.11,5.9,True,1,4.11,Card
ORC-20260604-1193,1,2026-06-04 20:59:56,orchard central,BTM-W-01,  Women's Ultra Stretch Skinny Jeans  ,Bottoms,Women,39.9,39.9,False,1,39.9,Card
ORC-20260604-0248,3,2026-06-04 20:36:40,Orchard Central,SOK-M-09,Men's No-Show Sneaker Socks,Socks,Men,4.11,5.9,True,1,4.11,Card
ORC-20260604-0142,1,2026-06-04 18:06:29,ORCHARD CENTRAL,TOP-M-02,Men's Supima Cotton Polo Shirt,Tops,Men,29.9,29.9,False,1,29.9,CARD
ORC-20260604-0859,1,2026-06-04 18:44:54,Orchard Central,BTM-W-02,Women's High-Rise Wide Leg Pants,Bottoms,Women,39.9,39.9,False,1,39.9,NETS
ORC-20260604-0597,1,2026-06-04 20:26:26,Orchard Central,UND-M-04,Men's Cotton Crew Neck Undershirt,Underwear,Men,$14.9,14.9,False,2,29.8,Cash
ORC-20260604-1245,1,2026-06-04 19:35:56,Orchard Central,SOK-M-09,Men's No-Show Sneaker Socks,Socks,Men,4.11,5.9,True,1,4.11,PayNow
BUG-20260604-0505,1,2026-06-04 20:18:45,  Bugis  ,TOP-W-02,  Women's Ribbed Long Sleeve Turtleneck  ,Tops,Women,19.9,19.9,False,1,19.9,Card
PUN-20260604-0224,2,2026-06-04 14:26:44,Punggol,TOP-M-03,Men's Dry-EX Crew Neck T-Shirt,Tops,Men,19.9,19.9,False,1,19.9,Card
ORC-20260604-1129,1,2026-06-04 20:27:22,  Orchard Central  ,SOK-W-09,Women's No-Show Sneaker Socks,Socks,Women,5.9,5.9,False,1,5.9,CASH
ORC-20260604-0535,3,2026-06-04 21:56:35,Orchard Central,SOK-W-02,Women's Pile Crew Socks,Socks,women,$5.9,5.9,False,1,5.9,Cash
BUG-20260604-0755,2,2026-06-04 18:00:33,Bugis,BTM-M-03,Men's Selvedge Regular Fit Jeans,Bottoms,Men,59.9,59.9,False,1,59.9,Card
ORC-20260604-0539,1,2026-06-04 20:30:51,Orchard Central,UND-M-02,Men's Cotton Blend Trunks,Underwear,Men,14.9,14.9,False,1,14.9,Card
ORC-20260604-0770,1,2026-06-04 13:26:31,Orchard Central,TOP-W-02,Women's Ribbed Long Sleeve Turtleneck,TOPS,Women,19.9,19.9,False,1,19.9,PAYNOW
BUG-20260604-0483,2,2026-06-04 16:50:13,  bugis  ,SOK-W-10,Women's Wool Blend Socks,Socks,Women,9.9,9.9,False,1,9.9,NETS
ORC-20260604-1032,3,2026-06-04 12:03:18,Orchard Central,SOK-W-03,  Women's Airism Low-Cut Socks  ,Socks,Women,5.9,5.9,False,2,11.8,Card
ORC-20260604-0300,2,2026-06-04 19:13:55,Orchard Central,SOK-M-09,Men's No-Show Sneaker Socks,Socks,Men,4.11,5.9,True,1,4.11,CARD
BUG-20260604-0420,1,2026-06-04 19:35:07,Bugis,SOK-M-02,Men's Pile Crew Socks,Socks,Men,5.9,5.9,False,1,5.9,Card
BUG-20260604-0039,1,2026-06-04 12:42:28,Bugis,UND-W-06,Women's Lace Trim Briefs,Underwear,WOMEN,9.9,9.9,False,1,9.9,NETS
BUG-20260604-0014,1,2026-06-04 20:05:37,Bugis,SOK-W-02,Women's Pile Crew Socks,Socks,Women,5.9,5.9,False,1,$5.9,PayNow
BUG-20260604-0482,2,2026-06-04 20:47:51,  Bugis  ,UND-M-03,Men's Airism Mesh Boxer Briefs,Underwear,Men,14.9,14.9,False,1,14.9,card
PUN-20260604-0054,3,2026-06-04 20:05:10,Punggol,SOK-W-03,Women's Airism Low-Cut Socks,SOCKS,Women,5.9,5.9,False,1,5.9,PAYNOW
BUG-20260604-0745,2,2026-06-04 21:56:09,Bugis,SOK-W-06,Women's Heattech Socks,Socks,Women,9.9,9.9,False,2,19.8,card
PUN-20260604-0587,1,2026-06-04 19:37:15,Punggol,SOK-M-01,Men's Ankle Socks 3-Pack,socks,MEN,14.9,14.9,False,1,14.9,Card
ORC-20260604-0100,3,2026-06-04 18:08:38,  Orchard Central  ,UND-M-04,Men's Cotton Crew Neck Undershirt,Underwear,MEN,14.9,14.9,False,2,29.8,Card
PUN-20260604-0159,1,2026-06-04 18:51:56,Punggol,SOK-W-02,Women's Pile Crew Socks,Socks,Women,5.9,5.9,False,1,5.9,PayNow
ORC-20260604-0107,1,2026-06-04 20:43:43,Orchard Central,SOK-M-09,Men's No-Show Sneaker Socks,Socks,Men,4.11,5.9,True,1,4.11,NETS
BUG-20260604-0006,1,2026-06-04 19:02:56,Bugis,SOK-W-03,Women's Airism Low-Cut Socks,Socks,Women,5.9,5.9,False,1,5.9,Card
ORC-20260604-0467,2,2026-06-04 15:16:22,Orchard Central,TOP-W-02,Women's Ribbed Long Sleeve Turtleneck,Tops,Women,19.9,19.9,False,1,19.9,Card
ORC-20260604-0818,3,2026-06-04 16:38:01,Orchard Central,UND-M-06,Men's Airism Sleeveless Undershirt,UNDERWEAR,Men,9.9,9.9,False,1,9.9,Cash
BUG-20260604-0369,3,2026-06-04 20:52:50,Bugis,UND-M-01,Men's Airism Boxer Briefs,Underwear,Men,14.9,14.9,False,1,14.9,Paynow
ORC-20260604-0844,2,2026-06-04 18:14:05,Orchard Central,BTM-M-01,Men's Ezy Ankle Pants,Bottoms,MEN,29.9,29.9,False,1,29.9,Card
BUG-20260604-0350,2,2026-06-04 17:39:40,Bugis,SOK-W-03,Women's Airism Low-Cut Socks,Socks,Women,5.9,5.9,False,1,5.9,CASH
BUG-20260604-0463,3,2026-06-04 20:04:00,BUGIS,SOK-W-04,Women's Ribbed Crew Socks,Socks,Women,5.9,5.9,False,1,5.9,cash
BUG-20260604-0837,1,2026-06-04 20:55:01,Bugis,SOK-W-02,Women's Pile Crew Socks,socks,WOMEN,5.9,5.9,False,1,$5.9,Card
ORC-20260604-1022,1,2026-06-04 19:24:39,orchard central,SOK-W-03,Women's Airism Low-Cut Socks,Socks,Women,5.9,5.9,False,1,5.9,CASH
ORC-20260604-0751,1,2026-06-04 21:39:39,Orchard Central,SOK-M-09,Men's No-Show Sneaker Socks,Socks,Men,$4.11,5.9,True,1,4.11,NETS
BUG-20260604-0087,1,2026-06-04 16:15:49,Bugis,SOK-W-02,,Socks,Women,5.9,5.9,False,1,5.9,Card
ORC-20260604-0113,2,2026-06-04 15:06:36,Orchard Central,BTM-M-01,Men's Ezy Ankle Pants,Bottoms,Men,29.9,29.9,False,1,29.9,PayNow
BUG-20260604-0844,1,2026-06-04 22:06:26,Bugis,UND-M-03,Men's Airism Mesh Boxer Briefs,Underwear,Men,14.9,14.9,False,1,14.9,nets
BUG-20260604-0863,2,2026-06-04 20:30:00,Bugis,SOK-W-03,Women's Airism Low-Cut Socks,Socks,Women,5.9,5.9,False,1,5.9,NETS
BUG-20260604-0443,1,2026-06-04 18:11:43,Bugis,SOK-W-03,Women's Airism Low-Cut Socks,socks,Women,5.9,5.9,False,1,5.9,
BUG-20260604-0554,2,2026-06-04 21:09:19,BUGIS,TOP-W-01,Women's Airism Cotton Crew Neck T-Shirt,Tops,Women,14.9,14.9,False,1,14.9,Cash
PUN-20260604-0387,2,2026-06-04 20:58:05,Punggol,TOP-M-01,  Men's Airism Cotton Crew Neck T-Shirt  ,Tops,Men,14.9,14.9,False,1,14.9,Card
PUN-20260604-0332,1,2026-06-04 22:39:54,Punggol,UND-W-03,Women's Cotton Blend Briefs,Underwear,women,9.9,9.9,False,1,9.9,Card
ORC-20260604-0869,3,2026-06-04 18:49:33,Orchard Central,SOK-M-04,Men's Ribbed Crew Socks,Socks,Men,5.9,5.9,False,1,5.9,Card
BUG-20260604-0223,1,2026-06-04 12:20:24,Bugis,TOP-W-02,Women's Ribbed Long Sleeve Turtleneck,Tops,Women,$19.9,19.9,False,1,19.9,Card
PUN-20260604-0099,3,2026-06-04 18:49:54,Punggol,SOK-W-04,Women's Ribbed Crew Socks,Socks,Women,5.9,5.9,False,2,11.8,Card
BUG-20260604-0520,2,2026-06-04 20:03:09,  Bugis  ,UND-M-03,Men's Airism Mesh Boxer Briefs,Underwear,MEN,14.9,14.9,False,1,14.9,PayNow
BUG-20260604-0091,1,2026-06-04 15:42:25,Bugis,TOP-M-01,Men's Airism Cotton Crew Neck T-Shirt,Tops,Men,14.9,14.9,False,1,14.9,Card
ORC-20260604-0341,1,2026-06-04 20:47:22,Orchard Central,SOK-M-02,Men's Pile Crew Socks,Socks,Men,5.9,5.9,False,1,5.9,NETS
ORC-20260604-0434,2,2026-06-04 20:45:36,Orchard Central,SOK-M-03,Men's Airism Low-Cut Socks,Socks,Men,5.9,5.9,False,1,5.9,Card
BUG-20260604-0133,3,2026-06-04 21:20:22,Bugis,SOK-W-04,Women's Ribbed Crew Socks,Socks,WOMEN,5.9,5.9,False,1,5.9,PayNow
PUN-20260604-0163,1,2026-06-04 20:08:18,Punggol,SOK-W-04,  Women's Ribbed Crew Socks  ,Socks,Women,5.9,5.9,False,1,5.9,Cash
ORC-20260604-0318,1,2026-06-04 15:36:38,Orchard Central,BTM-W-04,Women's Denim Straight Jeans,bottoms,Women,49.9,49.9,False,1,49.9,Cash
ORC-20260604-0445,2,2026-06-04 18:03:49,Orchard Central,SOK-M-01,Men's Ankle Socks 3-Pack,Socks,Men,14.9,14.9,False,2,29.8,NETS
ORC-20260604-0540,1,2026-06-04 19:24:50,Orchard Central,SOK-W-02,Women's Pile Crew Socks,Socks,Women,5.9,5.9,False,1,5.9,Cash
ORC-20260604-0272,2,2026-06-04 12:29:24,Orchard Central,UND-W-03,Women's Cotton Blend Briefs,Underwear,Women,9.9,9.9,False,1,9.9,card
PUN-20260604-0177,1,2026-06-04 11:09:56,Punggol,SOK-W-07,  Women's Striped Crew Socks  ,Socks,Women,5.9,5.9,False,1,5.9,paynow
BUG-20260604-0827,1,2026-06-04 11:10:31,Bugis,SOK-W-04,Women's Ribbed Crew Socks,Socks,Women,5.9,5.9,False,1,5.9,nets
ORC-20260604-0133,1,2026-06-04 21:16:41,Orchard Central,BTM-M-03,Men's Selvedge Regular Fit Jeans,Bottoms,Men,59.9,59.9,False,1,59.9,Cash
ORC-20260604-0866,1,2026-06-04 17:16:17,Orchard Central,SOK-W-03,  Women's Airism Low-Cut Socks  ,Socks,Women,5.9,5.9,False,1,5.9,PayNow
PUN-20260604-0011,3,2026-06-04 18:11:17,Punggol,UND-W-03,  Women's Cotton Blend Briefs  ,Underwear,WOMEN,9.9,9.9,False,1,9.9,Card
PUN-20260604-0389,1,2026-06-04 21:48:53,punggol,UND-W-04,Women's Airism T-Shirt Bra,underwear,WOMEN,29.9,29.9,False,1,29.9,Card
BUG-20260604-0382,1,2026-06-04 19:56:01,Bugis,UND-W-01,Women's Airism Bikini Shorts,Underwear,Women,9.9,9.9,False,1,$9.9,NETS
BUG-20260604-0196,2,2026-06-04 19:06:37,Bugis,SOK-M-03,Men's Airism Low-Cut Socks,Socks,Men,5.9,5.9,False,1,5.9,Card
ORC-20260604-0021,3,2026-06-04 19:38:41,  ORCHARD CENTRAL  ,BTM-W-01,Women's Ultra Stretch Skinny Jeans,bottoms,Women,39.9,39.9,False,1,39.9,CARD
ORC-20260604-0237,1,2026-06-04 20:59:04,ORCHARD CENTRAL,UND-W-03,Women's Cotton Blend Briefs,Underwear,Women,9.9,9.9,False,1,9.9,Card
ORC-20260604-1207,2,2026-06-04 20:40:40,Orchard Central,SOK-W-08,Women's Lace Trim Ankle Socks,Socks,Women,5.9,5.9,False,1,5.9,Cash
ORC-20260604-0125,2,2026-06-04 19:18:25,Orchard Central,SOK-M-07,Men's Striped Crew Socks,Socks,Men,5.9,5.9,False,1,5.9,Cash
BUG-20260604-0648,2,2026-06-04 12:13:45,Bugis,BTM-M-02,Men's Slim Fit Chino Trousers,BOTTOMS,Men,29.9,29.9,False,1,29.9,PayNow
BUG-20260604-0761,3,2026-06-04 17:43:06,Bugis,SOK-M-02,Men's Pile Crew Socks,Socks,Men,5.9,5.9,False,1,5.9,card
PUN-20260604-0490,3,2026-06-04 13:24:21,punggol,UND-M-03,Men's Airism Mesh Boxer Briefs,Underwear,Men,14.9,14.9,False,1,14.9,NETS
BUG-20260604-0762,2,2026-06-04 19:01:43,Bugis,TOP-M-01,Men's Airism Cotton Crew Neck T-Shirt,Tops,Men,14.9,14.9,False,1,14.9,Card
ORC-20260604-1311,1,2026-06-04 15:41:16,Orchard Central,TOP-M-02,Men's Supima Cotton Polo Shirt,Tops,Men,29.9,29.9,False,1,29.9,PayNow
ORC-20260604-1106,2,2026-06-04 21:33:26,  Orchard Central  ,SOK-W-03,Women's Airism Low-Cut Socks,Socks,Women,5.9,5.9,False,1,5.9,PayNow
PUN-20260604-0558,1,2026-06-04 20:24:10,Punggol,UND-M-08,Men's Airism V-Neck Undershirt,Underwear,Men,9.9,9.9,False,1,$9.9,Card
ORC-20260604-1231,1,2026-06-04 17:50:59,Orchard Central,BTM-W-03,Women's Ezy Ankle Pants,Bottoms,Women,29.9,29.9,False,1,29.9,NETS
ORC-20260604-0349,2,2026-06-04 17:34:45,Orchard Central,SOK-M-03,Men's Airism Low-Cut Socks,Socks,Men,5.9,5.9,False,1,5.9,Card
BUG-20260604-0612,1,2026-06-04 19:50:38,  Bugis  ,TOP-M-04,Men's Oxford Long Sleeve Shirt,Tops,Men,29.9,29.9,False,1,29.9,
ORC-20260604-1070,3,2026-06-04 18:58:02,Orchard Central,BTM-W-01,Women's Ultra Stretch Skinny Jeans,Bottoms,Women,39.9,39.9,False,1,39.9,NETS
ORC-20260604-1309,1,2026-06-04 12:46:19,Orchard Central,SOK-W-03,Women's Airism Low-Cut Socks,Socks,Women,5.9,5.9,False,1,5.9,Card
BUG-20260604-0228,2,2026-06-04 14:28:30,BUGIS,SOK-W-02,Women's Pile Crew Socks,Socks,Women,5.9,5.9,False,1,5.9,CARD
PUN-20260604-0459,2,2026-06-04 21:30:07,Punggol,TOP-W-02,Women's Ribbed Long Sleeve Turtleneck,Tops,Women,19.9,19.9,False,1,19.9,NETS
BUG-20260604-0758,2,2026-06-04 12:59:09,Bugis,SOK-M-03,Men's Airism Low-Cut Socks,Socks,Men,5.9,5.9,False,1,5.9,NETS
ORC-20260604-1039,1,2026-06-04 19:45:26,Orchard Central,TOP-M-02,Men's Supima Cotton Polo Shirt,Tops,MEN,29.9,29.9,False,1,29.9,PayNow
BUG-20260604-0887,3,2026-06-04 19:08:10,  Bugis  ,UND-W-01,Women's Airism Bikini Shorts,Underwear,Women,9.9,9.9,False,1,9.9,Card
ORC-20260604-0238,2,2026-06-04 20:41:14,Orchard Central,SOK-M-03,Men's Airism Low-Cut Socks,Socks,Men,5.9,5.9,False,1,5.9,NETS
PUN-20260604-0376,2,2026-06-04 12:13:26,Punggol,UND-M-03,Men's Airism Mesh Boxer Briefs,Underwear,Men,14.9,14.9,False,2,29.8,PayNow
BUG-20260604-0737,1,2026-06-04 15:03:43,Bugis,SOK-W-10,Women's Wool Blend Socks,Socks,Women,9.9,9.9,False,1,9.9,NETS
BUG-20260604-0243,2,2026-06-04 15:43:47,Bugis,BTM-W-04,Women's Denim Straight Jeans,Bottoms,Women,49.9,49.9,False,1,49.9,Card
BUG-20260604-0790,1,2026-06-04 18:05:10,Bugis,BTM-W-02,Women's High-Rise Wide Leg Pants,Bottoms,Women,39.9,39.9,False,1,39.9,PayNow
PUN-20260604-0064,1,2026-06-04 15:18:21,Punggol,SOK-M-01,  Men's Ankle Socks 3-Pack  ,Socks,Men,14.9,14.9,False,1,14.9,PayNow
ORC-20260604-0598,3,2026-06-04 17:49:34,Orchard Central,SOK-W-01,  Women's Ankle Socks 3-Pack  ,socks,Women,14.9,14.9,False,1,14.9,NETS
ORC-20260604-1316,2,2026-06-04 11:00:59,Orchard Central,UND-M-09,  Men's Heattech Long Johns  ,Underwear,Men,19.9,19.9,False,1,19.9,PayNow
ORC-20260604-0343,3,2026-06-04 16:21:41,Orchard Central,BTM-M-04,Men's Dry Stretch Shorts,Bottoms,Men,19.9,19.9,False,1,19.9,Card
PUN-20260604-0029,1,2026-06-04 17:05:44,Punggol,TOP-M-02,Men's Supima Cotton Polo Shirt,Tops,men,29.9,29.9,False,1,29.9,Card
BUG-20260604-0044,1,2026-06-04 17:37:21,Bugis,BTM-M-01,Men's Ezy Ankle Pants,BOTTOMS,Men,29.9,29.9,False,1,29.9,Card
PUN-20260604-0201,3,2026-06-04 19:26:48,Punggol,SOK-W-01,Women's Ankle Socks 3-Pack,Socks,Women,14.9,14.9,False,1,14.9,card
BUG-20260604-0202,2,2026-06-04 18:57:27,  Bugis  ,TOP-W-03,Women's Silky Satin Blouse,TOPS,WOMEN,39.9,39.9,False,1,39.9,PayNow
BUG-20260604-0681,1,2026-06-04 11:17:16,Bugis,SOK-W-03,Women's Airism Low-Cut Socks,Socks,Women,5.9,5.9,False,1,5.9,
BUG-20260604-0407,1,2026-06-04 17:00:04,Bugis,SOK-W-04,Women's Ribbed Crew Socks,Socks,Women,5.9,5.9,False,2,11.8,Card
BUG-20260604-0584,2,2026-06-04 19:43:28,Bugis,BTM-M-04,  Men's Dry Stretch Shorts  ,Bottoms,Men,19.9,19.9,False,1,19.9,Card
ORC-20260604-0748,2,2026-06-04 18:42:16,  Orchard Central  ,UND-M-03,Men's Airism Mesh Boxer Briefs,Underwear,Men,14.9,14.9,False,2,29.8,PayNow
BUG-20260604-0573,1,2026-06-04 15:16:44,Bugis,SOK-W-03,Women's Airism Low-Cut Socks,Socks,Women,5.9,5.9,False,2,11.8,PayNow
ORC-20260604-1230,2,2026-06-04 15:29:15,orchard central,SOK-M-01,  Men's Ankle Socks 3-Pack  ,Socks,Men,14.9,14.9,False,1,14.9,Card
ORC-20260604-0414,1,2026-06-04 13:12:10,Orchard Central,UND-W-03,Women's Cotton Blend Briefs,Underwear,Women,9.9,9.9,False,2,19.8,Cash
BUG-20260604-0487,1,2026-06-04 20:02:14,bugis,UND-W-01,Women's Airism Bikini Shorts,UNDERWEAR,Women,9.9,9.9,False,1,9.9,Card
ORC-20260604-1304,1,2026-06-04 17:16:15,Orchard Central,SOK-M-09,Men's No-Show Sneaker Socks,Socks,Men,4.11,5.9,True,1,4.11,Card
ORC-20260604-0974,1,2026-06-04 17:10:32,Orchard Central,UND-W-03,Women's Cotton Blend Briefs,UNDERWEAR,Women,9.9,9.9,False,1,9.9,Card
ORC-20260604-1056,1,2026-06-04 21:55:22,Orchard Central,SOK-W-02,Women's Pile Crew Socks,Socks,Women,5.9,5.9,False,1,5.9,PayNow
BUG-20260604-0664,1,2026-06-04 18:44:25,Bugis,UND-M-01,Men's Airism Boxer Briefs,Underwear,Men,14.9,14.9,False,1,14.9,nets
BUG-20260604-0362,2,2026-06-04 16:59:09,Bugis,UND-M-03,Men's Airism Mesh Boxer Briefs,Underwear,MEN,14.9,14.9,False,1,14.9,Card
PUN-20260604-0060,3,2026-06-04 19:00:52,Punggol,BTM-M-08,  Men's Relaxed Fit Denim Shorts  ,bottoms,men,22.99,29.9,True,1,22.99,Card
ORC-20260604-0684,1,2026-06-04 15:54:37,Orchard Central,SOK-W-02,Women's Pile Crew Socks,Socks,Women,5.9,5.9,False,1,5.9,Card
BUG-20260604-0773,3,2026-06-04 18:44:16,Bugis,SOK-W-04,Women's Ribbed Crew Socks,Socks,Women,5.9,5.9,False,1,5.9,NETS
BUG-20260604-0472,1,2026-06-04 16:52:04,Bugis,TOP-M-03,Men's Dry-EX Crew Neck T-Shirt,Tops,men,19.9,19.9,False,1,19.9,cash
PUN-20260604-0088,1,2026-06-04 18:27:20,Punggol,UND-M-04,Men's Cotton Crew Neck Undershirt,Underwear,men,14.9,14.9,False,1,14.9,Paynow
ORC-20260604-1093,3,2026-06-04 21:57:36,Orchard Central,BTM-M-02,Men's Slim Fit Chino Trousers,Bottoms,Men,29.9,29.9,False,1,29.9,Card
ORC-20260604-1089,1,2026-06-04 21:50:02,Orchard Central,UND-M-02,Men's Cotton Blend Trunks,Underwear,Men,14.9,14.9,False,1,14.9,Card
ORC-20260604-0188,2,2026-06-04 18:55:27,Orchard Central,SOK-M-09,Men's No-Show Sneaker Socks,SOCKS,Men,4.11,5.9,True,1,4.11,Card
BUG-20260604-0162,1,2026-06-04 21:18:15,Bugis,SOK-M-04,Men's Ribbed Crew Socks,Socks,Men,5.9,5.9,False,1,5.9,Card
BUG-20260604-0291,2,2026-06-04 19:50:09,Bugis,SOK-M-03,Men's Airism Low-Cut Socks,socks,Men,5.9,5.9,False,1,5.9,PayNow
ORC-20260604-0418,2,2026-06-04 21:35:09,Orchard Central,TOP-W-02,Women's Ribbed Long Sleeve Turtleneck,Tops,Women,19.9,19.9,False,1,19.9,PAYNOW
ORC-20260604-0479,2,2026-06-04 19:34:34,Orchard Central,SOK-W-09,Women's No-Show Sneaker Socks,socks,WOMEN,5.9,5.9,False,2,$11.8,CASH
BUG-20260604-0782,1,2026-06-04 21:50:11,Bugis,SOK-M-04,Men's Ribbed Crew Socks,Socks,Men,5.9,5.9,False,1,5.9,card
ORC-20260604-0771,1,2026-06-04 15:36:19,ORCHARD CENTRAL,SOK-W-02,Women's Pile Crew Socks,Socks,Women,5.9,5.9,False,1,5.9,Card
ORC-20260604-0397,3,2026-06-04 20:42:28,Orchard Central,UND-W-03,  Women's Cotton Blend Briefs  ,underwear,Women,9.9,9.9,False,1,9.9,Card
ORC-20260604-0291,1,2026-06-04 12:01:26,  Orchard Central  ,SOK-M-04,Men's Ribbed Crew Socks,Socks,Men,5.9,5.9,False,1,5.9,NETS
BUG-20260604-0370,1,2026-06-04 11:32:10,  Bugis  ,UND-M-10,Men's Cotton Blend Briefs,Underwear,MEN,9.9,9.9,False,1,9.9,Card
BUG-20260604-0683,1,2026-06-04 19:36:27,  Bugis  ,SOK-W-02,Women's Pile Crew Socks,Socks,Women,5.9,5.9,False,1,5.9,PayNow
BUG-20260604-0644,3,2026-06-04 17:43:47,Bugis,TOP-W-03,Women's Silky Satin Blouse,Tops,Women,39.9,39.9,False,1,39.9,Card
BUG-20260604-0144,2,2026-06-04 14:38:16,Bugis,SOK-M-04,Men's Ribbed Crew Socks,socks,Men,5.9,5.9,False,2,11.8,nets
ORC-20260604-0181,1,2026-06-04 21:19:31,Orchard Central,UND-M-04,Men's Cotton Crew Neck Undershirt,Underwear,Men,14.9,14.9,False,1,14.9,PayNow
ORC-20260604-0028,3,2026-06-04 20:19:58,Orchard Central,UND-W-03,Women's Cotton Blend Briefs,Underwear,Women,9.9,9.9,False,1,9.9,Cash
BUG-20260604-0073,2,2026-06-04 19:24:15,Bugis,SOK-M-03,Men's Airism Low-Cut Socks,Socks,Men,5.9,5.9,False,1,5.9,Card
ORC-20260604-1123,2,2026-06-04 22:07:32,Orchard Central,UND-M-02,Men's Cotton Blend Trunks,Underwear,Men,14.9,14.9,False,1,14.9,NETS
BUG-20260604-0758,1,2026-06-04 12:59:09,Bugis,UND-W-01,Women's Airism Bikini Shorts,Underwear,Women,9.9,9.9,False,2,19.8,NETS
BUG-20260604-0699,3,2026-06-04 19:55:53,Bugis,SOK-M-07,Men's Striped Crew Socks,Socks,Men,5.9,5.9,False,1,5.9,PayNow
ORC-20260604-0572,1,2026-06-04 19:57:30,orchard central,UND-W-03,Women's Cotton Blend Briefs,Underwear,WOMEN,9.9,9.9,False,2,19.8,Cash
BUG-20260604-0453,2,2026-06-04 19:26:17,Bugis,SOK-M-01,Men's Ankle Socks 3-Pack,Socks,Men,14.9,14.9,False,2,29.8,Cash
BUG-20260604-0387,2,2026-06-04 22:03:12,Bugis,SOK-M-07,Men's Striped Crew Socks,Socks,Men,5.9,5.9,False,2,11.8,Card
PUN-20260604-0406,2,2026-06-04 14:58:00,Punggol,TOP-W-04,Women's Heattech Crew Neck Long Sleeve Tee,Tops,Women,14.9,14.9,False,1,14.9,nets
PUN-20260604-0108,1,2026-06-04 22:16:02,Punggol,TOP-M-04,Men's Oxford Long Sleeve Shirt,Tops,Men,29.9,29.9,False,1,29.9,CARD
ORC-20260604-0891,1,2026-06-04 18:19:37,  Orchard Central  ,SOK-W-09,Women's No-Show Sneaker Socks,Socks,Women,5.9,5.9,False,1,5.9,card
PUN-20260604-0046,1,2026-06-04 22:12:01,Punggol,SOK-W-02,Women's Pile Crew Socks,Socks,Women,5.9,5.9,False,1,5.9,Card
BUG-20260604-0321,1,2026-06-04 12:46:45,Bugis,TOP-W-01,Women's Airism Cotton Crew Neck T-Shirt,Tops,Women,14.9,14.9,False,1,14.9,PAYNOW
PUN-20260604-0197,1,2026-06-04 20:08:42,Punggol,SOK-W-01,Women's Ankle Socks 3-Pack,Socks,Women,$14.9,14.9,False,1,$14.9,Card
ORC-20260604-0023,2,2026-06-04 18:40:42,Orchard Central,SOK-M-09,Men's No-Show Sneaker Socks,Socks,Men,4.11,5.9,True,1,4.11,Cash
BUG-20260604-0046,1,2026-06-04 12:41:03,BUGIS,SOK-M-02,Men's Pile Crew Socks,Socks,Men,5.9,5.9,False,1,5.9,
BUG-20260604-0169,1,2026-06-04 20:01:49,Bugis,BTM-W-02,Women's High-Rise Wide Leg Pants,Bottoms,Women,39.9,39.9,False,1,$39.9,CARD
BUG-20260604-0842,3,2026-06-04 14:37:30,bugis,UND-W-03,Women's Cotton Blend Briefs,Underwear,Women,9.9,9.9,False,1,9.9,NETS
PUN-20260604-0233,1,2026-06-04 14:08:06,Punggol,UND-W-01,Women's Airism Bikini Shorts,Underwear,Women,9.9,9.9,False,1,9.9,PayNow
ORC-20260604-0318,1,2026-06-04 15:36:38,Orchard Central,BTM-W-04,Women's Denim Straight Jeans,Bottoms,Women,49.9,49.9,False,1,49.9,Cash
ORC-20260604-0641,3,2026-06-04 11:46:14,Orchard Central,SOK-M-09,Men's No-Show Sneaker Socks,Socks,men,4.11,5.9,True,1,4.11,Card
ORC-20260604-0709,2,2026-06-04 15:32:33,orchard central,SOK-W-03,Women's Airism Low-Cut Socks,Socks,Women,5.9,5.9,False,2,11.8,Card
BUG-20260604-0594,2,2026-06-04 20:13:16,Bugis,BTM-W-04,Women's Denim Straight Jeans,bottoms,Women,49.9,49.9,False,1,49.9,Card
ORC-20260604-0953,2,2026-06-04 11:17:02,Orchard Central,SOK-M-03,Men's Airism Low-Cut Socks,Socks,Men,5.9,5.9,False,1,$5.9,PayNow
PUN-20260604-0059,2,2026-06-04 19:57:15,Punggol,TOP-M-04,Men's Oxford Long Sleeve Shirt,Tops,Men,$29.9,29.9,False,1,29.9,Card
ORC-20260604-0123,2,2026-06-04 13:13:11,Orchard Central,TOP-M-02,Men's Supima Cotton Polo Shirt,Tops,Men,29.9,29.9,False,1,29.9,Card
ORC-20260604-0114,2,2026-06-04 21:03:20,Orchard Central,BTM-W-03,Women's Ezy Ankle Pants,Bottoms,Women,29.9,29.9,False,1,29.9,Cash
PUN-20260604-0057,2,2026-06-04 12:50:45,Punggol,UND-W-01,Women's Airism Bikini Shorts,Underwear,Women,9.9,9.9,False,1,$9.9,NETS
BUG-20260604-0220,2,2026-06-04 21:54:31,Bugis,SOK-M-04,Men's Ribbed Crew Socks,socks,Men,5.9,5.9,False,1,5.9,Card
PUN-20260604-0089,2,2026-06-04 21:07:22,Punggol,SOK-W-02,Women's Pile Crew Socks,Socks,Women,5.9,5.9,False,1,5.9,NETS
BUG-20260604-0651,1,2026-06-04 18:25:13,BUGIS,UND-W-01,Women's Airism Bikini Shorts,UNDERWEAR,Women,9.9,9.9,False,1,9.9,PayNow
BUG-20260604-0284,1,2026-06-04 17:28:47,Bugis,SOK-W-01,Women's Ankle Socks 3-Pack,Socks,Women,14.9,14.9,False,1,14.9,card
ORC-20260604-0004,2,2026-06-04 14:12:14,  Orchard Central  ,SOK-W-03,Women's Airism Low-Cut Socks,Socks,WOMEN,5.9,5.9,False,2,11.8,NETS
PUN-20260604-0106,1,2026-06-04 20:23:14,  Punggol  ,SOK-M-02,Men's Pile Crew Socks,Socks,Men,5.9,5.9,False,1,5.9,Card
ORC-20260604-0448,3,2026-06-04 21:04:37,Orchard Central,UND-M-04,Men's Cotton Crew Neck Undershirt,Underwear,Men,14.9,14.9,False,1,14.9,PayNow
PUN-20260604-0174,2,2026-06-04 19:05:10,Punggol,UND-W-03,Women's Cotton Blend Briefs,Underwear,Women,9.9,9.9,False,1,9.9,Card
ORC-20260604-0102,1,2026-06-04 12:42:01,  Orchard Central  ,TOP-M-01,Men's Airism Cotton Crew Neck T-Shirt,Tops,Men,14.9,14.9,False,1,14.9,PayNow
PUN-20260604-0510,3,2026-06-04 18:19:18,Punggol,TOP-M-01,Men's Airism Cotton Crew Neck T-Shirt,Tops,Men,14.9,14.9,False,1,14.9,Card
PUN-20260604-0258,3,2026-06-04 20:35:05,Punggol,BTM-W-04,Women's Denim Straight Jeans,Bottoms,Women,49.9,49.9,False,1,49.9,Card
ORC-20260604-0008,1,2026-06-04 18:37:25,Orchard Central,UND-M-04,Men's Cotton Crew Neck Undershirt,Underwear,Men,14.9,14.9,False,1,14.9,PayNow
BUG-20260604-0207,1,2026-06-04 17:58:41,bugis,SOK-M-03,Men's Airism Low-Cut Socks,Socks,Men,5.9,5.9,False,1,5.9,PayNow
ORC-20260604-0568,1,2026-06-04 13:06:08,Orchard Central,SOK-W-06,Women's Heattech Socks,Socks,Women,9.9,9.9,False,1,9.9,PayNow
BUG-20260604-0488,1,2026-06-04 19:38:09,Bugis,SOK-M-04,Men's Ribbed Crew Socks,socks,men,5.9,5.9,False,1,5.9,NETS
ORC-20260604-1167,3,2026-06-04 18:06:52,Orchard Central,SOK-M-02,Men's Pile Crew Socks,Socks,Men,5.9,5.9,False,2,11.8,Card
ORC-20260604-0784,3,2026-06-04 18:59:10,Orchard Central,SOK-W-06,Women's Heattech Socks,Socks,Women,9.9,9.9,False,1,9.9,Card
BUG-20260604-0484,1,2026-06-04 16:10:41,Bugis,SOK-M-02,Men's Pile Crew Socks,Socks,Men,5.9,5.9,False,1,5.9,Card
ORC-20260604-0955,3,2026-06-04 18:58:50,  Orchard Central  ,UND-W-04,Women's Airism T-Shirt Bra,Underwear,Women,29.9,29.9,False,1,29.9,Card
ORC-20260604-0601,1,2026-06-04 21:22:55,Orchard Central,SOK-M-02,Men's Pile Crew Socks,Socks,Men,5.9,5.9,False,1,5.9,PayNow
BUG-20260604-0229,3,2026-06-04 20:44:13,Bugis,SOK-W-02,Women's Pile Crew Socks,Socks,Women,5.9,5.9,False,1,5.9,Card
ORC-20260604-1219,2,2026-06-04 11:07:12,Orchard Central,SOK-M-03,  Men's Airism Low-Cut Socks  ,Socks,Men,5.9,5.9,False,2,11.8,NETS
PUN-20260604-0144,2,2026-06-04 21:42:02,Punggol,BTM-M-04,Men's Dry Stretch Shorts,Bottoms,Men,19.9,19.9,False,1,19.9,Card
ORC-20260604-0702,1,2026-06-04 16:27:40,orchard central,SOK-M-02,Men's Pile Crew Socks,Socks,Men,5.9,5.9,False,1,5.9,Cash
BUG-20260604-0856,1,2026-06-04 20:27:19,Bugis,TOP-W-01,Women's Airism Cotton Crew Neck T-Shirt,Tops,Women,14.9,14.9,False,1,14.9,Card
ORC-20260604-0763,1,2026-06-04 21:59:35,Orchard Central,SOK-M-04,Men's Ribbed Crew Socks,Socks,men,5.9,5.9,False,1,5.9,NETS
ORC-20260604-1355,3,2026-06-04 16:41:59,Orchard Central,UND-M-04,  Men's Cotton Crew Neck Undershirt  ,Underwear,Men,14.9,14.9,False,1,14.9,PayNow
PUN-20260604-0261,1,2026-06-04 15:34:22,Punggol,UND-M-02,Men's Cotton Blend Trunks,Underwear,Men,14.9,14.9,False,1,14.9,Paynow
BUG-20260604-0720,1,2026-06-04 15:43:06,Bugis,TOP-M-03,Men's Dry-EX Crew Neck T-Shirt,Tops,Men,19.9,19.9,False,1,19.9,Card
BUG-20260604-0378,2,2026-06-04 13:43:54,  Bugis  ,UND-W-01,Women's Airism Bikini Shorts,Underwear,Women,9.9,9.9,False,1,9.9,Card
PUN-20260604-0152,1,2026-06-04 18:09:03,punggol,SOK-W-03,Women's Airism Low-Cut Socks,SOCKS,Women,5.9,5.9,False,1,5.9,PAYNOW
ORC-20260604-0120,1,2026-06-04 14:02:24,Orchard Central,UND-W-03,Women's Cotton Blend Briefs,Underwear,Women,9.9,9.9,False,1,9.9,PayNow
BUG-20260604-0065,3,2026-06-04 20:00:22,Bugis,UND-M-04,Men's Cotton Crew Neck Undershirt,Underwear,MEN,14.9,14.9,False,1,14.9,Card
ORC-20260604-1360,3,2026-06-04 17:29:43,Orchard Central,SOK-W-02,Women's Pile Crew Socks,Socks,Women,5.9,5.9,False,1,5.9,Card
ORC-20260604-1020,2,2026-06-04 13:24:01,ORCHARD CENTRAL,SOK-M-09,Men's No-Show Sneaker Socks,Socks,Men,4.11,5.9,True,1,$4.11,PayNow
ORC-20260604-0447,3,2026-06-04 14:16:00,Orchard Central,SOK-M-06,Men's Heattech Socks,Socks,Men,9.9,9.9,False,2,19.8,card
ORC-20260604-1167,1,2026-06-04 18:06:52,Orchard Central,SOK-M-09,Men's No-Show Sneaker Socks,Socks,Men,4.11,5.9,True,1,4.11,Card
ORC-20260604-0823,1,2026-06-04 18:49:27,Orchard Central,BTM-W-01,  Women's Ultra Stretch Skinny Jeans  ,Bottoms,Women,39.9,39.9,False,1,39.9,NETS
ORC-20260604-1019,2,2026-06-04 21:44:27,Orchard Central,SOK-W-02,Women's Pile Crew Socks,Socks,Women,5.9,5.9,False,1,5.9,Cash
ORC-20260604-0420,2,2026-06-04 21:56:26,Orchard Central,SOK-M-03,Men's Airism Low-Cut Socks,Socks,Men,5.9,5.9,False,1,5.9,Card
ORC-20260604-0394,3,2026-06-04 16:06:17,Orchard Central,SOK-W-01,Women's Ankle Socks 3-Pack,Socks,Women,14.9,14.9,False,1,14.9,
BUG-20260604-0584,3,2026-06-04 19:43:28,Bugis,SOK-M-01,Men's Ankle Socks 3-Pack,Socks,Men,14.9,14.9,False,1,14.9,Card
ORC-20260604-0827,3,2026-06-04 19:29:18,Orchard Central,UND-W-03,Women's Cotton Blend Briefs,Underwear,Women,9.9,9.9,False,1,9.9,CARD
ORC-20260604-0543,1,2026-06-04 17:50:06,Orchard Central,UND-W-03,Women's Cotton Blend Briefs,Underwear,Women,9.9,9.9,False,1,9.9,PAYNOW
PUN-20260604-0394,3,2026-06-04 19:27:03,Punggol,BTM-W-09,Women's Sweat Shorts,Bottoms,Women,19.9,19.9,False,1,19.9,PayNow
BUG-20260604-0021,1,2026-06-04 21:22:47,Bugis,TOP-W-03,Women's Silky Satin Blouse,Tops,WOMEN,39.9,39.9,False,1,39.9,
PUN-20260604-0092,1,2026-06-04 12:45:22,punggol,SOK-M-02,Men's Pile Crew Socks,Socks,Men,5.9,5.9,False,2,11.8,Card
ORC-20260604-0784,2,2026-06-04 18:59:10,Orchard Central,UND-M-01,Men's Airism Boxer Briefs,Underwear,Men,14.9,14.9,False,2,29.8,Card
PUN-20260604-0026,3,2026-06-04 17:41:14,Punggol,UND-W-03,Women's Cotton Blend Briefs,Underwear,Women,9.9,9.9,False,1,9.9,Card
ORC-20260604-1094,1,2026-06-04 20:41:57,Orchard Central,BTM-M-04,Men's Dry Stretch Shorts,Bottoms,Men,19.9,19.9,False,1,19.9,CASH
BUG-20260604-0284,2,2026-06-04 17:28:47,Bugis,TOP-W-06,Women's Linen Blend Short Sleeve Shirt,Tops,Women,29.9,29.9,False,1,29.9,Card
PUN-20260604-0139,1,2026-06-04 13:28:15,Punggol,BTM-W-05,Women's Pleated Midi Skirt,Bottoms,Women,29.9,29.9,False,1,29.9,Card
PUN-20260604-0576,1,2026-06-04 18:29:52,Punggol,SOK-M-07,Men's Striped Crew Socks,Socks,Men,5.9,5.9,False,1,5.9,
ORC-20260604-1231,2,2026-06-04 17:50:59,Orchard Central,SOK-M-03,Men's Airism Low-Cut Socks,Socks,MEN,5.9,5.9,False,1,5.9,NETS
PUN-20260604-0390,1,2026-06-04 22:51:08,Punggol,BTM-M-04,Men's Dry Stretch Shorts,Bottoms,Men,19.9,19.9,False,1,19.9,Card
PUN-20260604-0453,3,2026-06-04 12:22:41,  Punggol  ,UND-W-03,Women's Cotton Blend Briefs,Underwear,Women,9.9,9.9,False,1,9.9,Card
BUG-20260604-0543,2,2026-06-04 11:10:18,Bugis,SOK-M-03,Men's Airism Low-Cut Socks,Socks,Men,5.9,5.9,False,1,5.9,Nets
ORC-20260604-0455,1,2026-06-04 19:10:27,Orchard Central,SOK-M-07,Men's Striped Crew Socks,Socks,Men,5.9,5.9,False,1,5.9,Card
ORC-20260604-0897,2,2026-06-04 19:42:06,Orchard Central,TOP-M-01,Men's Airism Cotton Crew Neck T-Shirt,Tops,Men,14.9,14.9,False,1,14.9,Cash
ORC-20260604-0321,1,2026-06-04 19:52:46,Orchard Central,BTM-M-01,Men's Ezy Ankle Pants,Bottoms,Men,29.9,29.9,False,1,29.9,NETS
BUG-20260604-0677,1,2026-06-04 14:56:13,Bugis,SOK-W-03,Women's Airism Low-Cut Socks,Socks,Women,5.9,5.9,False,1,5.9,NETS
PUN-20260604-0458,1,2026-06-04 17:39:09,Punggol,UND-M-03,Men's Airism Mesh Boxer Briefs,underwear,Men,14.9,14.9,False,1,14.9,Card
ORC-20260604-0008,2,2026-06-04 18:37:25,Orchard Central,BTM-M-01,Men's Ezy Ankle Pants,Bottoms,Men,29.9,29.9,False,1,29.9,
ORC-20260604-0234,1,2026-06-04 18:54:43,Orchard Central,SOK-M-09,Men's No-Show Sneaker Socks,SOCKS,Men,4.11,5.9,True,2,8.22,Card
ORC-20260604-0569,3,2026-06-04 22:04:51,Orchard Central,UND-M-01,Men's Airism Boxer Briefs,Underwear,MEN,14.9,14.9,False,1,14.9,Cash
BUG-20260604-0880,3,2026-06-04 18:03:25,Bugis,SOK-M-07,Men's Striped Crew Socks,Socks,MEN,5.9,5.9,False,1,5.9,nets
BUG-20260604-0438,1,2026-06-04 14:29:38,Bugis,SOK-M-04,Men's Ribbed Crew Socks,Socks,Men,5.9,5.9,False,1,5.9,Card
ORC-20260604-0516,2,2026-06-04 22:13:29,Orchard Central,SOK-W-02,Women's Pile Crew Socks,Socks,Women,5.9,5.9,False,1,5.9,NETS
PUN-20260604-0134,3,2026-06-04 18:03:49,Punggol,SOK-W-03,Women's Airism Low-Cut Socks,SOCKS,Women,5.9,5.9,False,1,5.9,PayNow
PUN-20260604-0332,3,2026-06-04 22:39:54,Punggol,SOK-M-04,Men's Ribbed Crew Socks,Socks,Men,5.9,5.9,False,1,5.9,Card
PUN-20260604-0017,3,2026-06-04 17:14:35,punggol,SOK-W-07,Women's Striped Crew Socks,socks,Women,5.9,5.9,False,1,5.9,nets
BUG-20260604-0654,2,2026-06-04 13:08:40,bugis,BTM-M-08,Men's Relaxed Fit Denim Shorts,Bottoms,Men,22.99,29.9,True,1,22.99,PayNow
PUN-20260604-0515,1,2026-06-04 20:05:37,Punggol,BTM-W-03,Women's Ezy Ankle Pants,Bottoms,Women,29.9,29.9,False,1,29.9,NETS
PUN-20260604-0497,1,2026-06-04 20:19:29,Punggol,TOP-M-01,Men's Airism Cotton Crew Neck T-Shirt,Tops,Men,14.9,14.9,False,1,14.9,NETS
ORC-20260604-1058,1,2026-06-04 20:06:09,Orchard Central,SOK-M-09,  Men's No-Show Sneaker Socks  ,Socks,Men,4.11,5.9,True,1,4.11,Cash
PUN-20260604-0425,3,2026-06-04 22:17:06,Punggol,SOK-M-03,Men's Airism Low-Cut Socks,Socks,Men,5.9,5.9,False,1,5.9,PayNow
ORC-20260604-0547,2,2026-06-04 19:20:48,Orchard Central,SOK-M-01,Men's Ankle Socks 3-Pack,Socks,Men,14.9,14.9,False,1,14.9,Card
ORC-20260604-1369,1,2026-06-04 15:05:41,Orchard Central,SOK-M-03,Men's Airism Low-Cut Socks,Socks,Men,5.9,5.9,False,1,5.9,NETS
ORC-20260604-0757,1,2026-06-04 15:40:38,Orchard Central,TOP-W-02,Women's Ribbed Long Sleeve Turtleneck,tops,Women,19.9,19.9,False,1,19.9,Card
PUN-20260604-0279,1,2026-06-04 12:22:09,Punggol,UND-M-04,Men's Cotton Crew Neck Undershirt,Underwear,Men,14.9,14.9,False,1,14.9,Card
BUG-20260604-0818,1,2026-06-04 19:14:04,Bugis,UND-W-03,Women's Cotton Blend Briefs,Underwear,Women,9.9,9.9,False,1,$9.9,NETS
ORC-20260604-0987,1,2026-06-04 21:06:52,Orchard Central,SOK-M-09,Men's No-Show Sneaker Socks,Socks,MEN,4.11,5.9,True,1,4.11,Card
BUG-20260604-0552,1,2026-06-04 11:03:05,Bugis,TOP-W-01,Women's Airism Cotton Crew Neck T-Shirt,Tops,Women,14.9,14.9,False,1,14.9,Card
BUG-20260604-0169,2,2026-06-04 20:01:49,Bugis,UND-M-01,Men's Airism Boxer Briefs,Underwear,Men,14.9,14.9,False,2,29.8,Card
ORC-20260604-1138,1,2026-06-04 21:29:56,Orchard Central,SOK-W-03,Women's Airism Low-Cut Socks,Socks,Women,5.9,5.9,False,1,5.9,PayNow
PUN-20260604-0124,1,2026-06-04 15:02:08,Punggol,TOP-M-04,Men's Oxford Long Sleeve Shirt,tops,Men,29.9,29.9,False,1,29.9,card
PUN-20260604-0199,2,2026-06-04 12:57:03,Punggol,TOP-W-02,Women's Ribbed Long Sleeve Turtleneck,Tops,Women,19.9,19.9,False,1,19.9,Card
BUG-20260604-0718,1,2026-06-04 16:29:46,Bugis,UND-W-04,Women's Airism T-Shirt Bra,Underwear,Women,$29.9,29.9,False,1,29.9,Card
ORC-20260604-0276,2,2026-06-04 11:57:01,Orchard Central,UND-W-02,Women's Wireless Bra,Underwear,WOMEN,29.9,29.9,False,1,29.9,PayNow
ORC-20260604-0211,1,2026-06-04 16:15:12,Orchard Central,TOP-M-01,Men's Airism Cotton Crew Neck T-Shirt,Tops,Men,14.9,14.9,False,1,14.9,Cash
ORC-20260604-0720,1,2026-06-04 18:37:56,Orchard Central,SOK-W-02,Women's Pile Crew Socks,Socks,Women,5.9,5.9,False,1,5.9,paynow
PUN-20260604-0450,3,2026-06-04 20:19:08,Punggol,TOP-M-02,Men's Supima Cotton Polo Shirt,Tops,Men,29.9,29.9,False,1,29.9,NETS
ORC-20260604-0981,2,2026-06-04 19:23:13,  Orchard Central  ,SOK-M-09,Men's No-Show Sneaker Socks,Socks,Men,4.11,5.9,True,2,8.22,Card
BUG-20260604-0125,2,2026-06-04 20:41:57,Bugis,UND-W-04,Women's Airism T-Shirt Bra,Underwear,Women,29.9,29.9,False,2,59.8,NETS
PUN-20260604-0245,3,2026-06-04 22:08:12,Punggol,TOP-M-01,  Men's Airism Cotton Crew Neck T-Shirt  ,Tops,men,14.9,14.9,False,1,14.9,PayNow
BUG-20260604-0636,1,2026-06-04 13:12:53,Bugis,TOP-M-02,Men's Supima Cotton Polo Shirt,Tops,MEN,29.9,29.9,False,1,29.9,Card
ORC-20260604-1116,1,2026-06-04 17:58:57,Orchard Central,SOK-M-03,  Men's Airism Low-Cut Socks  ,Socks,Men,5.9,5.9,False,2,11.8,paynow
ORC-20260604-0348,1,2026-06-04 21:06:57,Orchard Central,SOK-W-02,Women's Pile Crew Socks,Socks,Women,5.9,5.9,False,1,5.9,PayNow
BUG-20260604-0131,2,2026-06-04 11:34:42,Bugis,UND-W-03,Women's Cotton Blend Briefs,Underwear,Women,9.9,9.9,False,1,9.9,PayNow
ORC-20260604-0278,2,2026-06-04 13:48:23,Orchard Central,TOP-W-10,Women's Ultra Light Down Vest,Tops,Women,59.9,59.9,False,1,59.9,PayNow
PUN-20260604-0236,1,2026-06-04 18:46:41,Punggol,SOK-M-01,  Men's Ankle Socks 3-Pack  ,Socks,Men,14.9,14.9,False,1,14.9,Card
ORC-20260604-0441,1,2026-06-04 17:04:48,Orchard Central,TOP-M-04,Men's Oxford Long Sleeve Shirt,Tops,men,29.9,29.9,False,1,29.9,Card
ORC-20260604-0745,2,2026-06-04 18:31:31,Orchard Central,UND-M-05,  Men's Seamless Boxer Briefs  ,Underwear,Men,14.9,14.9,False,1,14.9,Card
ORC-20260604-1428,1,2026-06-04 21:10:14,Orchard Central,SOK-M-07,Men's Striped Crew Socks,Socks,Men,5.9,5.9,False,1,5.9,card
ORC-20260604-0929,2,2026-06-04 13:47:52,Orchard Central,UND-M-01,Men's Airism Boxer Briefs,Underwear,Men,14.9,14.9,False,1,14.9,Card
ORC-20260604-1427,1,2026-06-04 19:35:19,Orchard Central,SOK-M-09,  Men's No-Show Sneaker Socks  ,Socks,Men,4.11,5.9,True,1,4.11,Card
ORC-20260604-0631,1,2026-06-04 11:33:57,Orchard Central,UND-M-02,Men's Cotton Blend Trunks,Underwear,Men,14.9,14.9,False,1,14.9,NETS
ORC-20260604-1465,1,2026-06-04 11:43:38,Orchard Central,TOP-M-02,Men's Supima Cotton Polo Shirt,TOPS,Men,29.9,29.9,False,1,29.9,CASH
ORC-20260604-0665,2,2026-06-04 18:01:09,Orchard Central,SOK-W-01,Women's Ankle Socks 3-Pack,Socks,Women,14.9,14.9,False,1,14.9,Card
BUG-20260604-0279,1,2026-06-04 12:55:20,Bugis,SOK-M-01,Men's Ankle Socks 3-Pack,Socks,Men,14.9,14.9,False,1,14.9,PayNow
BUG-20260604-0805,2,2026-06-04 16:29:47,Bugis,SOK-W-02,Women's Pile Crew Socks,Socks,WOMEN,5.9,5.9,False,1,5.9,Cash
ORC-20260604-0318,3,2026-06-04 15:36:38,Orchard Central,TOP-W-01,Women's Airism Cotton Crew Neck T-Shirt,Tops,Women,14.9,14.9,False,1,14.9,Cash
BUG-20260604-0527,3,2026-06-04 22:37:38,Bugis,UND-W-01,,Underwear,Women,9.9,9.9,False,1,9.9,NETS
ORC-20260604-0035,1,2026-06-04 21:11:25,  Orchard Central  ,BTM-M-02,Men's Slim Fit Chino Trousers,Bottoms,Men,29.9,29.9,False,1,29.9,Card
BUG-20260604-0764,1,2026-06-04 17:17:11,Bugis,SOK-W-04,  Women's Ribbed Crew Socks  ,Socks,Women,5.9,5.9,False,1,5.9,Cash
PUN-20260604-0208,1,2026-06-04 18:18:35,Punggol,UND-W-03,Women's Cotton Blend Briefs,Underwear,Women,9.9,9.9,False,2,19.8,Paynow
PUN-20260604-0454,2,2026-06-04 20:14:51,Punggol,SOK-W-02,Women's Pile Crew Socks,Socks,Women,5.9,5.9,False,1,5.9,Cash
ORC-20260604-0663,1,2026-06-04 16:32:41,ORCHARD CENTRAL,SOK-W-03,Women's Airism Low-Cut Socks,Socks,Women,5.9,5.9,False,1,$5.9,Card
BUG-20260604-0110,1,2026-06-04 18:51:59,Bugis,TOP-M-02,Men's Supima Cotton Polo Shirt,Tops,Men,29.9,29.9,False,1,29.9,Card
ORC-20260604-0601,2,2026-06-04 21:22:55,orchard central,TOP-W-02,Women's Ribbed Long Sleeve Turtleneck,Tops,Women,19.9,19.9,False,1,19.9,PayNow
PUN-20260604-0080,1,2026-06-04 16:23:18,Punggol,SOK-W-02,Women's Pile Crew Socks,Socks,Women,5.9,5.9,False,1,5.9,PayNow
BUG-20260604-0272,1,2026-06-04 19:34:41,Bugis,BTM-W-01,Women's Ultra Stretch Skinny Jeans,Bottoms,women,39.9,39.9,False,1,39.9,Cash
ORC-20260604-0728,1,2026-06-04 19:47:55,Orchard Central,SOK-M-02,Men's Pile Crew Socks,SOCKS,Men,5.9,5.9,False,1,5.9,CARD
ORC-20260604-0351,2,2026-06-04 15:05:26,Orchard Central,SOK-W-03,Women's Airism Low-Cut Socks,Socks,Women,5.9,5.9,False,1,5.9,Card
PUN-20260604-0492,2,2026-06-04 16:52:03,Punggol,TOP-W-04,Women's Heattech Crew Neck Long Sleeve Tee,Tops,Women,14.9,14.9,False,1,14.9,PayNow
ORC-20260604-1068,2,2026-06-04 20:46:56,Orchard Central,UND-M-02,Men's Cotton Blend Trunks,Underwear,Men,14.9,14.9,False,1,14.9,Cash
PUN-20260604-0266,2,2026-06-04 19:28:04,Punggol,BTM-M-01,  Men's Ezy Ankle Pants  ,Bottoms,Men,29.9,29.9,False,1,29.9,NETS
BUG-20260604-0611,1,2026-06-04 19:01:21,Bugis,SOK-W-03,Women's Airism Low-Cut Socks,Socks,Women,5.9,5.9,False,1,5.9,CARD
BUG-20260604-0624,3,2026-06-04 20:42:57,Bugis,BTM-M-01,Men's Ezy Ankle Pants,Bottoms,men,29.9,29.9,False,1,29.9,NETS
ORC-20260604-0992,1,2026-06-04 19:15:05,ORCHARD CENTRAL,SOK-W-02,Women's Pile Crew Socks,Socks,Women,5.9,5.9,False,2,11.8,Paynow
ORC-20260604-1127,2,2026-06-04 14:19:31,Orchard Central,BTM-W-04,Women's Denim Straight Jeans,Bottoms,Women,49.9,49.9,False,1,49.9,Card
ORC-20260604-0312,3,2026-06-04 17:13:29,orchard central,UND-W-03,Women's Cotton Blend Briefs,underwear,Women,9.9,9.9,False,2,19.8,PayNow
BUG-20260604-0374,2,2026-06-04 18:19:26,Bugis,TOP-W-03,Women's Silky Satin Blouse,Tops,Women,39.9,39.9,False,1,39.9,card
ORC-20260604-0513,1,2026-06-04 14:02:18,Orchard Central,SOK-W-02,Women's Pile Crew Socks,Socks,Women,5.9,5.9,False,1,5.9,Card
ORC-20260604-0727,1,2026-06-04 21:31:22,Orchard Central,UND-M-04,Men's Cotton Crew Neck Undershirt,Underwear,Men,14.9,14.9,False,1,14.9,Card
ORC-20260604-1066,3,2026-06-04 21:25:09,ORCHARD CENTRAL,BTM-W-03,Women's Ezy Ankle Pants,Bottoms,Women,29.9,29.9,False,1,29.9,Card
ORC-20260604-0642,2,2026-06-04 20:20:46,Orchard Central,SOK-W-02,  Women's Pile Crew Socks  ,Socks,WOMEN,$5.9,5.9,False,2,11.8,PayNow
ORC-20260604-1240,2,2026-06-04 18:26:41,Orchard Central,SOK-M-07,Men's Striped Crew Socks,Socks,Men,5.9,5.9,False,1,5.9,Card
ORC-20260604-1387,1,2026-06-04 16:13:42,Orchard Central,UND-M-04,Men's Cotton Crew Neck Undershirt,UNDERWEAR,Men,14.9,14.9,False,1,14.9,PayNow
ORC-20260604-0202,1,2026-06-04 22:35:35,ORCHARD CENTRAL,SOK-M-09,Men's No-Show Sneaker Socks,Socks,Men,4.11,5.9,True,1,4.11,Card
ORC-20260604-0982,2,2026-06-04 17:31:53,Orchard Central,SOK-W-02,Women's Pile Crew Socks,Socks,Women,5.9,5.9,False,1,5.9,Cash
ORC-20260604-0906,1,2026-06-04 13:57:11,Orchard Central,SOK-M-01,Men's Ankle Socks 3-Pack,Socks,Men,14.9,14.9,False,1,14.9,Card
BUG-20260604-0456,1,2026-06-04 20:10:34,Bugis,UND-W-04,Women's Airism T-Shirt Bra,Underwear,Women,29.9,29.9,False,1,29.9,Cash
ORC-20260604-0284,1,2026-06-04 21:47:44,Orchard Central,SOK-M-09,Men's No-Show Sneaker Socks,Socks,Men,4.11,5.9,True,1,4.11,NETS
ORC-20260604-1040,3,2026-06-04 14:23:01,Orchard Central,TOP-M-04,Men's Oxford Long Sleeve Shirt,Tops,Men,29.9,29.9,False,1,29.9,PayNow
BUG-20260604-0703,2,2026-06-04 17:24:38,Bugis,SOK-W-02,Women's Pile Crew Socks,Socks,Women,5.9,5.9,False,1,5.9,Cash
ORC-20260604-1428,3,2026-06-04 21:10:14,Orchard Central,TOP-W-01,Women's Airism Cotton Crew Neck T-Shirt,Tops,Women,14.9,14.9,False,1,14.9,Card
ORC-20260604-1239,1,2026-06-04 20:20:28,Orchard Central,UND-W-04,Women's Airism T-Shirt Bra,Underwear,Women,29.9,29.9,False,1,29.9,Card
ORC-20260604-0970,3,2026-06-04 18:26:28,orchard central,SOK-M-02,Men's Pile Crew Socks,Socks,Men,5.9,5.9,False,2,11.8,Card
ORC-20260604-0803,1,2026-06-04 20:47:29,Orchard Central,SOK-W-02,Women's Pile Crew Socks,Socks,Women,5.9,5.9,False,1,5.9,NETS
ORC-20260604-1320,2,2026-06-04 18:35:23,Orchard Central,UND-M-01,Men's Airism Boxer Briefs,Underwear,Men,14.9,14.9,False,1,14.9,Card
ORC-20260604-1038,3,2026-06-04 19:34:47,Orchard Central,SOK-W-02,Women's Pile Crew Socks,Socks,Women,5.9,5.9,False,1,5.9,Card
ORC-20260604-0559,2,2026-06-04 14:16:32,Orchard Central,UND-W-03,Women's Cotton Blend Briefs,Underwear,Women,$9.9,9.9,False,1,9.9,NETS
PUN-20260604-0545,1,2026-06-04 22:27:12,Punggol,SOK-W-02,Women's Pile Crew Socks,Socks,Women,5.9,5.9,False,2,11.8,PayNow
BUG-20260604-0746,2,2026-06-04 21:17:55,Bugis,SOK-M-07,Men's Striped Crew Socks,Socks,Men,5.9,5.9,False,1,5.9,Card
ORC-20260604-1278,1,2026-06-04 21:41:37,Orchard Central,SOK-W-02,Women's Pile Crew Socks,Socks,Women,5.9,5.9,False,1,5.9,nets
ORC-20260604-1100,1,2026-06-04 12:13:44,Orchard Central,TOP-W-01,Women's Airism Cotton Crew Neck T-Shirt,Tops,Women,14.9,14.9,False,1,14.9,Card
ORC-20260604-1290,1,2026-06-04 17:01:07,Orchard Central,SOK-M-09,Men's No-Show Sneaker Socks,Socks,Men,4.11,5.9,True,2,8.22,Card
ORC-20260604-1181,1,2026-06-04 18:42:03,Orchard Central,BTM-W-01,Women's Ultra Stretch Skinny Jeans,Bottoms,Women,39.9,39.9,False,1,39.9,NETS
ORC-20260604-1166,1,2026-06-04 15:05:19,ORCHARD CENTRAL,SOK-W-06,Women's Heattech Socks,Socks,Women,9.9,9.9,False,1,9.9,NETS
ORC-20260604-0485,2,2026-06-04 17:45:53,Orchard Central,SOK-M-02,Men's Pile Crew Socks,Socks,Men,5.9,5.9,False,2,11.8,NETS
ORC-20260604-1024,1,2026-06-04 19:41:14,Orchard Central,SOK-M-04,Men's Ribbed Crew Socks,SOCKS,men,5.9,5.9,False,2,11.8,Card
BUG-20260604-0586,1,2026-06-04 14:10:12,Bugis,SOK-W-01,Women's Ankle Socks 3-Pack,Socks,Women,14.9,14.9,False,1,14.9,Card
BUG-20260604-0177,1,2026-06-04 17:56:31,Bugis,SOK-W-02,Women's Pile Crew Socks,socks,WOMEN,5.9,5.9,False,1,5.9,paynow
ORC-20260604-0154,2,2026-06-04 14:21:34,Orchard Central,UND-W-02,  Women's Wireless Bra  ,Underwear,Women,29.9,29.9,False,1,29.9,Paynow
ORC-20260604-1398,2,2026-06-04 20:59:14,Orchard Central,TOP-M-04,Men's Oxford Long Sleeve Shirt,Tops,Men,29.9,29.9,False,1,29.9,Card
ORC-20260604-0273,1,2026-06-04 14:33:07,Orchard Central,SOK-W-05,Women's Sport Ankle Socks,Socks,Women,5.9,5.9,False,1,5.9,Card
ORC-20260604-0760,2,2026-06-04 20:37:33,Orchard Central,SOK-M-09,  Men's No-Show Sneaker Socks  ,SOCKS,Men,4.11,5.9,True,2,8.22,PayNow
ORC-20260604-0722,2,2026-06-04 22:34:39,Orchard Central,SOK-M-01,  Men's Ankle Socks 3-Pack  ,Socks,Men,14.9,14.9,False,1,14.9,Paynow
ORC-20260604-1090,3,2026-06-04 16:30:29,Orchard Central,UND-M-02,Men's Cotton Blend Trunks,Underwear,Men,14.9,14.9,False,1,14.9,Card
ORC-20260604-0614,1,2026-06-04 16:08:29,Orchard Central,SOK-M-04,Men's Ribbed Crew Socks,Socks,MEN,5.9,5.9,False,1,5.9,NETS
ORC-20260604-0937,1,2026-06-04 19:24:00,orchard central,BTM-M-05,Men's Wide Fit Cargo Pants,Bottoms,Men,39.9,39.9,False,1,39.9,NETS
ORC-20260604-0854,1,2026-06-04 13:53:38,Orchard Central,SOK-M-01,Men's Ankle Socks 3-Pack,Socks,MEN,14.9,14.9,False,1,14.9,Cash
ORC-20260604-0464,1,2026-06-04 17:32:56,Orchard Central,UND-M-06,Men's Airism Sleeveless Undershirt,Underwear,Men,9.9,9.9,False,1,9.9,Card
BUG-20260604-0015,2,2026-06-04 16:46:45,Bugis,UND-M-04,Men's Cotton Crew Neck Undershirt,underwear,Men,14.9,14.9,False,1,14.9,Card
ORC-20260604-0632,1,2026-06-04 19:03:57,Orchard Central,UND-W-07,Women's Heattech Camisole,UNDERWEAR,Women,14.9,14.9,False,2,29.8,Cash
ORC-20260604-0923,1,2026-06-04 13:48:36,Orchard Central,UND-M-03,Men's Airism Mesh Boxer Briefs,Underwear,Men,14.9,14.9,False,1,14.9,paynow
PUN-20260604-0544,1,2026-06-04 19:30:02,Punggol,BTM-W-06,Women's Jersey Jogger Pants,Bottoms,Women,21.94,29.9,True,1,21.94,Card
BUG-20260604-0158,2,2026-06-04 18:43:07,Bugis,TOP-W-01,Women's Airism Cotton Crew Neck T-Shirt,Tops,Women,14.9,14.9,False,1,14.9,PayNow
ORC-20260604-0689,2,2026-06-04 11:01:51,Orchard Central,SOK-M-01,Men's Ankle Socks 3-Pack,Socks,Men,14.9,14.9,False,1,14.9,Card
ORC-20260604-1252,2,2026-06-04 13:47:37,Orchard Central,SOK-M-09,Men's No-Show Sneaker Socks,Socks,Men,4.11,5.9,True,1,4.11,
BUG-20260604-0073,1,2026-06-04 19:24:15,Bugis,TOP-W-02,Women's Ribbed Long Sleeve Turtleneck,Tops,Women,19.9,19.9,False,1,19.9,Card
ORC-20260604-0444,1,2026-06-04 19:03:43,Orchard Central,SOK-M-09,Men's No-Show Sneaker Socks,Socks,Men,4.11,5.9,True,1,4.11,NETS
PUN-20260604-0362,2,2026-06-04 19:47:01,Punggol,TOP-W-02,Women's Ribbed Long Sleeve Turtleneck,tops,Women,19.9,19.9,False,1,19.9,Card
BUG-20260604-0669,2,2026-06-04 22:05:38,Bugis,BTM-M-04,Men's Dry Stretch Shorts,bottoms,Men,19.9,19.9,False,1,19.9,Card
ORC-20260604-0988,1,2026-06-04 21:34:43,Orchard Central,SOK-W-05,Women's Sport Ankle Socks,socks,Women,5.9,5.9,False,1,5.9,PayNow
BUG-20260604-0811,3,2026-06-04 21:35:26,Bugis,SOK-W-04,Women's Ribbed Crew Socks,Socks,women,5.9,5.9,False,1,5.9,Card
ORC-20260604-1449,2,2026-06-04 13:10:17,  Orchard Central  ,UND-W-03,Women's Cotton Blend Briefs,UNDERWEAR,Women,9.9,9.9,False,1,9.9,Card
ORC-20260604-0084,1,2026-06-04 19:37:05,Orchard Central,SOK-M-02,Men's Pile Crew Socks,Socks,Men,5.9,5.9,False,1,5.9,NETS
PUN-20260604-0290,1,2026-06-04 19:34:10,Punggol,SOK-M-04,Men's Ribbed Crew Socks,socks,Men,5.9,5.9,False,1,5.9,Card
ORC-20260604-0482,1,2026-06-04 18:46:53,Orchard Central,BTM-W-04,Women's Denim Straight Jeans,Bottoms,WOMEN,49.9,49.9,False,1,49.9,Cash
BUG-20260604-0694,1,2026-06-04 19:16:55,Bugis,UND-W-01,Women's Airism Bikini Shorts,Underwear,Women,9.9,9.9,False,2,19.8,Cash
ORC-20260604-0834,2,2026-06-04 11:05:56,Orchard Central,UND-W-05,Women's Seamless Shorts,Underwear,Women,9.9,9.9,False,1,9.9,Card
PUN-20260604-0516,1,2026-06-04 16:11:12,Punggol,UND-W-01,Women's Airism Bikini Shorts,Underwear,Women,9.9,9.9,False,1,9.9,Card
ORC-20260604-0611,1,2026-06-04 18:14:20,Orchard Central,SOK-W-02,Women's Pile Crew Socks,socks,Women,5.9,5.9,False,1,5.9,PayNow
BUG-20260604-0842,1,2026-06-04 14:37:30,Bugis,SOK-W-04,Women's Ribbed Crew Socks,Socks,Women,5.9,5.9,False,1,5.9,NETS
ORC-20260604-1347,1,2026-06-04 12:08:04,Orchard Central,SOK-M-04,Men's Ribbed Crew Socks,socks,Men,5.9,5.9,False,1,5.9,NETS
ORC-20260604-0262,1,2026-06-04 16:28:03,Orchard Central,TOP-M-06,Men's Fleece Full-Zip Hoodie,Tops,Men,39.9,39.9,False,1,$39.9,card
BUG-20260604-0792,2,2026-06-04 11:43:12,Bugis,TOP-M-04,Men's Oxford Long Sleeve Shirt,Tops,Men,29.9,29.9,False,1,29.9,Cash
ORC-20260604-0768,1,2026-06-04 19:55:13,Orchard Central,SOK-W-03,Women's Airism Low-Cut Socks,Socks,Women,5.9,5.9,False,1,5.9,NETS
PUN-20260604-0241,1,2026-06-04 20:50:54,Punggol,SOK-W-01,Women's Ankle Socks 3-Pack,SOCKS,Women,14.9,14.9,False,1,14.9,NETS
BUG-20260604-0292,1,2026-06-04 20:09:02,Bugis,UND-M-03,Men's Airism Mesh Boxer Briefs,Underwear,Men,14.9,14.9,False,1,14.9,Card
PUN-20260604-0524,2,2026-06-04 16:32:20,Punggol,BTM-M-08,  Men's Relaxed Fit Denim Shorts  ,Bottoms,Men,22.99,29.9,True,1,22.99,CARD
ORC-20260604-0627,2,2026-06-04 12:39:29,Orchard Central,SOK-M-09,Men's No-Show Sneaker Socks,SOCKS,MEN,4.11,5.9,True,1,4.11,Card
PUN-20260604-0316,2,2026-06-04 17:01:37,Punggol,SOK-M-02,Men's Pile Crew Socks,Socks,Men,5.9,5.9,False,1,5.9,NETS
PUN-20260604-0551,1,2026-06-04 21:50:21,Punggol,TOP-M-02,Men's Supima Cotton Polo Shirt,tops,Men,29.9,29.9,False,1,29.9,Card
BUG-20260604-0641,3,2026-06-04 13:14:41,Bugis,SOK-W-04,Women's Ribbed Crew Socks,socks,Women,5.9,5.9,False,2,11.8,NETS
ORC-20260604-0558,1,2026-06-04 14:42:00,  Orchard Central  ,SOK-M-01,Men's Ankle Socks 3-Pack,Socks,Men,14.9,14.9,False,1,14.9,NETS
ORC-20260604-0668,3,2026-06-04 17:17:52,ORCHARD CENTRAL,BTM-W-02,Women's High-Rise Wide Leg Pants,Bottoms,Women,39.9,39.9,False,1,39.9,Cash
ORC-20260604-0113,1,2026-06-04 15:06:36,Orchard Central,UND-W-03,Women's Cotton Blend Briefs,Underwear,Women,9.9,9.9,False,2,19.8,PayNow
ORC-20260604-0591,1,2026-06-04 13:04:35,Orchard Central,UND-W-03,Women's Cotton Blend Briefs,Underwear,Women,9.9,9.9,False,1,9.9,Cash
BUG-20260604-0053,2,2026-06-04 11:21:12,Bugis,TOP-M-03,Men's Dry-EX Crew Neck T-Shirt,Tops,MEN,19.9,19.9,False,1,19.9,CARD
ORC-20260604-0385,2,2026-06-04 16:02:30,Orchard Central,TOP-M-01,Men's Airism Cotton Crew Neck T-Shirt,Tops,Men,14.9,14.9,False,1,14.9,card
ORC-20260604-1392,1,2026-06-04 13:21:09,Orchard Central,SOK-M-09,Men's No-Show Sneaker Socks,Socks,Men,4.11,5.9,True,1,4.11,Card
ORC-20260604-0104,1,2026-06-04 20:44:52,Orchard Central,SOK-M-09,Men's No-Show Sneaker Socks,Socks,men,4.11,5.9,True,1,4.11,Card
BUG-20260604-0891,1,2026-06-04 19:42:35,Bugis,SOK-M-02,Men's Pile Crew Socks,socks,Men,5.9,5.9,False,1,5.9,cash
ORC-20260604-0309,1,2026-06-04 20:42:27,ORCHARD CENTRAL,SOK-W-02,Women's Pile Crew Socks,Socks,Women,5.9,5.9,False,2,11.8,PayNow
ORC-20260604-0894,2,2026-06-04 20:55:31,Orchard Central,SOK-M-04,Men's Ribbed Crew Socks,Socks,Men,5.9,5.9,False,1,5.9,Card
PUN-20260604-0082,2,2026-06-04 20:18:45,Punggol,TOP-W-01,Women's Airism Cotton Crew Neck T-Shirt,tops,Women,14.9,14.9,False,1,14.9,Card
PUN-20260604-0086,1,2026-06-04 22:40:38,Punggol,BTM-M-01,Men's Ezy Ankle Pants,bottoms,MEN,29.9,29.9,False,1,29.9,Card
ORC-20260604-0857,2,2026-06-04 13:39:11,Orchard Central,SOK-W-02,Women's Pile Crew Socks,Socks,Women,5.9,5.9,False,2,11.8,PayNow
BUG-20260604-0346,1,2026-06-04 20:16:32,Bugis,SOK-M-05,Men's Sport Ankle Socks,Socks,Men,5.9,5.9,False,1,5.9,PayNow
BUG-20260604-0609,1,2026-06-04 13:28:16,Bugis,SOK-W-04,Women's Ribbed Crew Socks,Socks,Women,5.9,5.9,False,2,11.8,Cash
ORC-20260604-0359,1,2026-06-04 19:50:46,Orchard Central,TOP-W-01,  Women's Airism Cotton Crew Neck T-Shirt  ,Tops,Women,14.9,14.9,False,1,14.9,Card
ORC-20260604-0945,2,2026-06-04 18:17:04,Orchard Central,SOK-W-02,Women's Pile Crew Socks,Socks,Women,5.9,5.9,False,1,5.9,Cash
PUN-20260604-0016,1,2026-06-04 12:42:58,Punggol,SOK-M-08,Men's Cotton Blend Dress Socks,Socks,Men,9.9,9.9,False,2,19.8,Card
PUN-20260604-0244,1,2026-06-04 14:27:58,Punggol,UND-M-02,Men's Cotton Blend Trunks,Underwear,Men,14.9,14.9,False,1,14.9,NETS
BUG-20260604-0398,2,2026-06-04 18:45:46,Bugis,UND-W-02,  Women's Wireless Bra  ,Underwear,Women,29.9,29.9,False,1,29.9,PayNow
ORC-20260604-0608,1,2026-06-04 17:00:19,Orchard Central,SOK-M-09,Men's No-Show Sneaker Socks,Socks,Men,4.11,5.9,True,1,$4.11,NETS
PUN-20260604-0543,2,2026-06-04 19:42:00,Punggol,SOK-W-02,Women's Pile Crew Socks,Socks,Women,5.9,5.9,False,1,5.9,Card
ORC-20260604-0642,3,2026-06-04 20:20:46,Orchard Central,TOP-W-01,Women's Airism Cotton Crew Neck T-Shirt,Tops,Women,14.9,14.9,False,1,14.9,PayNow
ORC-20260604-0821,1,2026-06-04 19:26:10,Orchard Central,BTM-W-02,  Women's High-Rise Wide Leg Pants  ,Bottoms,Women,39.9,39.9,False,1,39.9,Cash
PUN-20260604-0578,1,2026-06-04 20:36:20,Punggol,SOK-W-02,Women's Pile Crew Socks,Socks,Women,5.9,5.9,False,1,5.9,Cash
PUN-20260604-0513,3,2026-06-04 16:03:42,Punggol,UND-W-03,Women's Cotton Blend Briefs,UNDERWEAR,WOMEN,9.9,9.9,False,1,9.9,NETS
ORC-20260604-0688,2,2026-06-04 21:26:14,Orchard Central,TOP-M-02,Men's Supima Cotton Polo Shirt,Tops,Men,29.9,29.9,False,1,29.9,Card
ORC-20260604-0575,1,2026-06-04 19:33:02,Orchard Central,BTM-W-01,Women's Ultra Stretch Skinny Jeans,Bottoms,Women,39.9,39.9,False,1,39.9,PayNow
BUG-20260604-0802,1,2026-06-04 19:57:09,Bugis,SOK-M-04,Men's Ribbed Crew Socks,socks,Men,5.9,5.9,False,1,5.9,NETS
BUG-20260604-0305,1,2026-06-04 19:16:51,Bugis,BTM-M-03,Men's Selvedge Regular Fit Jeans,Bottoms,Men,59.9,59.9,False,1,59.9,cash
BUG-20260604-0493,2,2026-06-04 11:56:21,BUGIS,UND-W-03,Women's Cotton Blend Briefs,Underwear,Women,9.9,9.9,False,1,9.9,Card
ORC-20260604-0303,1,2026-06-04 20:19:12,Orchard Central,BTM-M-04,Men's Dry Stretch Shorts,Bottoms,Men,19.9,19.9,False,1,19.9,Card
BUG-20260604-0249,1,2026-06-04 22:55:42,Bugis,SOK-M-03,Men's Airism Low-Cut Socks,socks,Men,5.9,5.9,False,1,5.9,NETS
ORC-20260604-1068,1,2026-06-04 20:46:56,Orchard Central,SOK-W-02,Women's Pile Crew Socks,socks,Women,5.9,5.9,False,1,5.9,Cash
PUN-20260604-0103,1,2026-06-04 18:28:32,Punggol,SOK-W-04,Women's Ribbed Crew Socks,Socks,Women,5.9,5.9,False,1,5.9,Card
ORC-20260604-0828,1,2026-06-04 14:04:36,Orchard Central,UND-W-05,  Women's Seamless Shorts  ,Underwear,Women,9.9,9.9,False,1,$9.9,Card
ORC-20260604-0675,2,2026-06-04 18:04:03,Orchard Central,TOP-W-02,Women's Ribbed Long Sleeve Turtleneck,Tops,women,19.9,19.9,False,1,19.9,
PUN-20260604-0462,1,2026-06-04 20:48:53,Punggol,TOP-W-01,Women's Airism Cotton Crew Neck T-Shirt,Tops,Women,14.9,14.9,False,1,14.9,Card
ORC-20260604-0430,1,2026-06-04 21:05:46,Orchard Central,UND-M-01,Men's Airism Boxer Briefs,UNDERWEAR,Men,14.9,14.9,False,1,14.9,Cash
ORC-20260604-1090,2,2026-06-04 16:30:29,Orchard Central,SOK-W-03,Women's Airism Low-Cut Socks,Socks,Women,$5.9,5.9,False,1,5.9,Card
PUN-20260604-0402,2,2026-06-04 19:31:50,  Punggol  ,UND-M-03,Men's Airism Mesh Boxer Briefs,UNDERWEAR,Men,14.9,14.9,False,1,14.9,paynow
ORC-20260604-0071,2,2026-06-04 18:34:28,Orchard Central,TOP-M-03,Men's Dry-EX Crew Neck T-Shirt,Tops,Men,19.9,19.9,False,1,19.9,PAYNOW
BUG-20260604-0878,1,2026-06-04 13:10:19,Bugis,SOK-W-02,Women's Pile Crew Socks,Socks,Women,5.9,5.9,False,1,5.9,PayNow
PUN-20260604-0575,2,2026-06-04 14:06:01,Punggol,SOK-W-04,Women's Ribbed Crew Socks,Socks,Women,5.9,5.9,False,1,5.9,NETS
PUN-20260604-0014,3,2026-06-04 16:22:00,Punggol,BTM-W-06,Women's Jersey Jogger Pants,Bottoms,Women,21.94,29.9,True,1,21.94,Card
BUG-20260604-0208,2,2026-06-04 21:06:59,  Bugis  ,UND-M-04,Men's Cotton Crew Neck Undershirt,Underwear,Men,14.9,14.9,False,2,29.8,Cash
ORC-20260604-0849,1,2026-06-04 21:01:25,Orchard Central,SOK-W-03,Women's Airism Low-Cut Socks,Socks,Women,5.9,5.9,False,2,11.8,PayNow
ORC-20260604-1025,2,2026-06-04 21:41:38,orchard central,SOK-M-01,Men's Ankle Socks 3-Pack,Socks,Men,14.9,14.9,False,1,14.9,Card
PUN-20260604-0262,1,2026-06-04 14:06:24,Punggol,UND-W-03,Women's Cotton Blend Briefs,Underwear,Women,9.9,9.9,False,2,19.8,Card
BUG-20260604-0601,2,2026-06-04 20:12:57,Bugis,BTM-W-03,Women's Ezy Ankle Pants,Bottoms,Women,29.9,29.9,False,1,29.9,NETS
BUG-20260604-0558,2,2026-06-04 19:23:46,Bugis,UND-W-02,Women's Wireless Bra,Underwear,Women,29.9,29.9,False,1,29.9,Card
ORC-20260604-0170,3,2026-06-04 19:22:37,Orchard Central,UND-W-03,Women's Cotton Blend Briefs,underwear,Women,9.9,9.9,False,1,9.9,Card
BUG-20260604-0663,3,2026-06-04 13:03:59,Bugis,SOK-M-01,Men's Ankle Socks 3-Pack,Socks,Men,14.9,14.9,False,1,14.9,Nets
ORC-20260604-1445,1,2026-06-04 12:46:12,Orchard Central,UND-W-03,Women's Cotton Blend Briefs,Underwear,Women,9.9,9.9,False,1,9.9,Card
ORC-20260604-1171,1,2026-06-04 22:02:56,Orchard Central,TOP-W-01,Women's Airism Cotton Crew Neck T-Shirt,Tops,Women,14.9,14.9,False,1,14.9,PayNow
ORC-20260604-1341,2,2026-06-04 21:18:09,Orchard Central,SOK-W-02,Women's Pile Crew Socks,Socks,Women,5.9,5.9,False,1,5.9,Card
BUG-20260604-0844,3,2026-06-04 22:06:26,Bugis,BTM-M-03,  Men's Selvedge Regular Fit Jeans  ,Bottoms,Men,59.9,59.9,False,1,59.9,NETS
ORC-20260604-0213,1,2026-06-04 15:17:52,  Orchard Central  ,SOK-M-03,Men's Airism Low-Cut Socks,Socks,Men,5.9,5.9,False,1,5.9,Card
BUG-20260604-0296,1,2026-06-04 18:33:39,Bugis,SOK-W-02,Women's Pile Crew Socks,Socks,women,5.9,5.9,False,1,$5.9,NETS
ORC-20260604-0417,1,2026-06-04 19:50:16,ORCHARD CENTRAL,SOK-M-01,Men's Ankle Socks 3-Pack,Socks,Men,14.9,14.9,False,1,14.9,PayNow
BUG-20260604-0596,2,2026-06-04 19:38:33,Bugis,SOK-W-03,Women's Airism Low-Cut Socks,socks,Women,5.9,5.9,False,1,5.9,PayNow
BUG-20260604-0097,2,2026-06-04 19:55:29,Bugis,UND-M-04,Men's Cotton Crew Neck Undershirt,Underwear,Men,14.9,14.9,False,1,14.9,Card
BUG-20260604-0190,1,2026-06-04 21:16:55,bugis,BTM-M-02,Men's Slim Fit Chino Trousers,Bottoms,Men,29.9,29.9,False,1,29.9,PayNow
ORC-20260604-0748,1,2026-06-04 18:42:16,  Orchard Central  ,SOK-M-04,Men's Ribbed Crew Socks,Socks,Men,5.9,5.9,False,1,5.9,PAYNOW
BUG-20260604-0516,2,2026-06-04 21:05:42,Bugis,TOP-W-02,Women's Ribbed Long Sleeve Turtleneck,Tops,Women,19.9,19.9,False,1,19.9,NETS
ORC-20260604-1015,1,2026-06-04 19:17:09,Orchard Central,TOP-M-04,Men's Oxford Long Sleeve Shirt,Tops,Men,29.9,29.9,False,1,29.9,Card
BUG-20260604-0797,1,2026-06-04 18:59:25,bugis,TOP-M-02,Men's Supima Cotton Polo Shirt,Tops,MEN,29.9,29.9,False,1,$29.9,PayNow
ORC-20260604-0755,1,2026-06-04 18:02:01,Orchard Central,SOK-M-03,Men's Airism Low-Cut Socks,Socks,Men,5.9,5.9,False,1,5.9,PayNow
PUN-20260604-0531,3,2026-06-04 22:43:05,Punggol,UND-M-02,Men's Cotton Blend Trunks,Underwear,Men,14.9,14.9,False,1,$14.9,card
BUG-20260604-0106,3,2026-06-04 22:08:13,Bugis,UND-M-04,Men's Cotton Crew Neck Undershirt,Underwear,Men,14.9,14.9,False,1,14.9,Cash
ORC-20260604-0109,2,2026-06-04 13:22:02,Orchard Central,TOP-W-01,Women's Airism Cotton Crew Neck T-Shirt,Tops,Women,14.9,14.9,False,1,14.9,NETS
BUG-20260604-0176,2,2026-06-04 21:52:35,Bugis,UND-M-04,Men's Cotton Crew Neck Undershirt,Underwear,Men,14.9,14.9,False,2,29.8,PayNow
PUN-20260604-0085,3,2026-06-04 14:28:55,PUNGGOL,UND-W-03,Women's Cotton Blend Briefs,Underwear,women,9.9,9.9,False,1,9.9,Cash
ORC-20260604-0355,2,2026-06-04 19:22:38,orchard central,BTM-M-04,Men's Dry Stretch Shorts,BOTTOMS,Men,19.9,19.9,False,1,19.9,cash
BUG-20260604-0129,1,2026-06-04 21:49:41,Bugis,SOK-W-10,Women's Wool Blend Socks,Socks,Women,9.9,9.9,False,1,9.9,NETS
BUG-20260604-0298,3,2026-06-04 11:05:38,Bugis,TOP-W-02,Women's Ribbed Long Sleeve Turtleneck,Tops,Women,19.9,19.9,False,1,19.9,Card
PUN-20260604-0254,1,2026-06-04 13:51:42,Punggol,BTM-W-06,Women's Jersey Jogger Pants,Bottoms,Women,21.94,29.9,True,1,21.94,card
ORC-20260604-1048,2,2026-06-04 14:03:37,Orchard Central,SOK-M-09,Men's No-Show Sneaker Socks,Socks,Men,4.11,5.9,True,1,4.11,Card
PUN-20260604-0311,1,2026-06-04 14:21:46,Punggol,UND-W-01,Women's Airism Bikini Shorts,Underwear,Women,9.9,9.9,False,1,9.9,Card
ORC-20260604-0769,2,2026-06-04 19:42:38,Orchard Central,SOK-M-09,Men's No-Show Sneaker Socks,Socks,Men,4.11,5.9,True,1,4.11,Card
ORC-20260604-0242,1,2026-06-04 21:50:58,Orchard Central,SOK-M-02,Men's Pile Crew Socks,Socks,men,5.9,5.9,False,1,5.9,Card
BUG-20260604-0283,1,2026-06-04 17:44:45,Bugis,SOK-W-03,Women's Airism Low-Cut Socks,Socks,Women,5.9,5.9,False,2,11.8,PAYNOW
ORC-20260604-0394,2,2026-06-04 16:06:17,Orchard Central,SOK-M-03,Men's Airism Low-Cut Socks,Socks,Men,5.9,5.9,False,1,5.9,Nets
PUN-20260604-0341,1,2026-06-04 16:24:09,Punggol,SOK-W-04,Women's Ribbed Crew Socks,Socks,Women,5.9,5.9,False,2,11.8,Nets
PUN-20260604-0175,3,2026-06-04 18:58:57,Punggol,SOK-W-07,Women's Striped Crew Socks,Socks,women,5.9,5.9,False,1,5.9,cash
ORC-20260604-1466,2,2026-06-04 20:38:37,ORCHARD CENTRAL,BTM-M-03,Men's Selvedge Regular Fit Jeans,BOTTOMS,Men,59.9,59.9,False,1,59.9,Paynow
BUG-20260604-0533,1,2026-06-04 21:12:28,Bugis,SOK-M-02,Men's Pile Crew Socks,Socks,MEN,5.9,5.9,False,1,5.9,
BUG-20260604-0855,1,2026-06-04 17:20:21,Bugis,SOK-W-04,Women's Ribbed Crew Socks,Socks,Women,5.9,5.9,False,1,5.9,PayNow
ORC-20260604-0251,2,2026-06-04 18:32:16,Orchard Central,SOK-W-06,Women's Heattech Socks,Socks,Women,9.9,9.9,False,1,9.9,Card
PUN-20260604-0302,1,2026-06-04 14:01:02,Punggol,SOK-M-03,Men's Airism Low-Cut Socks,Socks,Men,5.9,5.9,False,1,5.9,NETS
ORC-20260604-0563,1,2026-06-04 22:57:34,  Orchard Central  ,SOK-M-03,Men's Airism Low-Cut Socks,Socks,Men,5.9,5.9,False,1,5.9,NETS
ORC-20260604-1144,1,2026-06-04 21:29:26,ORCHARD CENTRAL,TOP-W-02,Women's Ribbed Long Sleeve Turtleneck,Tops,women,19.9,19.9,False,1,19.9,PAYNOW
PUN-20260604-0415,1,2026-06-04 17:12:24,Punggol,UND-M-04,Men's Cotton Crew Neck Undershirt,Underwear,Men,14.9,14.9,False,1,14.9,NETS
ORC-20260604-0249,3,2026-06-04 16:24:39,Orchard Central,TOP-W-01,Women's Airism Cotton Crew Neck T-Shirt,Tops,women,14.9,14.9,False,1,14.9,Card
ORC-20260604-0466,1,2026-06-04 21:06:08,Orchard Central,UND-W-10,Women's Wireless Bralette,Underwear,Women,29.9,29.9,False,1,29.9,PayNow
ORC-20260604-0605,2,2026-06-04 17:26:20,Orchard Central,UND-W-03,Women's Cotton Blend Briefs,Underwear,Women,9.9,9.9,False,1,9.9,Card
PUN-20260604-0306,1,2026-06-04 15:14:43,Punggol,SOK-W-04,Women's Ribbed Crew Socks,Socks,Women,5.9,5.9,False,1,5.9,PayNow
BUG-20260604-0213,1,2026-06-04 16:35:42,Bugis,SOK-M-01,Men's Ankle Socks 3-Pack,Socks,men,14.9,14.9,False,1,14.9,Cash
ORC-20260604-0379,1,2026-06-04 16:10:04,Orchard Central,BTM-M-01,Men's Ezy Ankle Pants,Bottoms,Men,29.9,29.9,False,1,29.9,Card
PUN-20260604-0203,1,2026-06-04 22:40:26,Punggol,SOK-M-02,Men's Pile Crew Socks,Socks,Men,5.9,5.9,False,2,11.8,Card
ORC-20260604-1137,1,2026-06-04 19:48:46,Orchard Central,UND-M-04,Men's Cotton Crew Neck Undershirt,Underwear,Men,14.9,14.9,False,1,14.9,Card
ORC-20260604-0335,2,2026-06-04 19:25:34,Orchard Central,BTM-W-04,Women's Denim Straight Jeans,Bottoms,Women,49.9,49.9,False,1,49.9,Card
PUN-20260604-0193,2,2026-06-04 18:46:34,Punggol,TOP-W-01,Women's Airism Cotton Crew Neck T-Shirt,Tops,Women,14.9,14.9,False,1,14.9,Card
ORC-20260604-1059,1,2026-06-04 18:33:58,Orchard Central,BTM-M-07,Men's Smart Ankle Pants,Bottoms,Men,39.9,39.9,False,1,39.9,Cash
PUN-20260604-0234,1,2026-06-04 20:25:15,Punggol,UND-W-03,Women's Cotton Blend Briefs,Underwear,Women,9.9,9.9,False,1,9.9,PayNow
ORC-20260604-0255,2,2026-06-04 12:45:35,Orchard Central,SOK-W-01,Women's Ankle Socks 3-Pack,Socks,Women,14.9,14.9,False,1,14.9,NETS
BUG-20260604-0753,2,2026-06-04 18:35:12,Bugis,SOK-W-03,  Women's Airism Low-Cut Socks  ,Socks,Women,5.9,5.9,False,2,$11.8,CARD
ORC-20260604-1029,2,2026-06-04 19:19:55,  Orchard Central  ,SOK-M-09,Men's No-Show Sneaker Socks,Socks,Men,4.11,5.9,True,1,4.11,Cash
PUN-20260604-0427,2,2026-06-04 21:09:54,Punggol,SOK-W-02,Women's Pile Crew Socks,Socks,Women,5.9,5.9,False,1,5.9,Card
ORC-20260604-1309,2,2026-06-04 12:46:19,Orchard Central,SOK-W-02,Women's Pile Crew Socks,Socks,Women,5.9,5.9,False,1,5.9,Card
ORC-20260604-0171,2,2026-06-04 12:32:33,Orchard Central,SOK-W-02,Women's Pile Crew Socks,Socks,Women,5.9,5.9,False,1,5.9,Card
BUG-20260604-0024,1,2026-06-04 19:07:34,Bugis,UND-W-05,Women's Seamless Shorts,Underwear,Women,9.9,9.9,False,1,9.9,Card
PUN-20260604-0085,2,2026-06-04 14:28:55,PUNGGOL,SOK-W-03,Women's Airism Low-Cut Socks,Socks,WOMEN,$5.9,5.9,False,1,5.9,Cash
PUN-20260604-0242,1,2026-06-04 19:50:36,Punggol,SOK-W-03,  Women's Airism Low-Cut Socks  ,socks,Women,5.9,5.9,False,1,5.9,
BUG-20260604-0145,1,2026-06-04 19:50:32,Bugis,SOK-M-04,Men's Ribbed Crew Socks,Socks,Men,5.9,5.9,False,1,5.9,Card
PUN-20260604-0174,3,2026-06-04 19:05:10,Punggol,SOK-W-03,Women's Airism Low-Cut Socks,Socks,Women,5.9,5.9,False,1,5.9,Card
BUG-20260604-0060,1,2026-06-04 18:48:31,Bugis,SOK-W-02,Women's Pile Crew Socks,Socks,Women,$5.9,5.9,False,1,5.9,paynow
ORC-20260604-0619,1,2026-06-04 17:30:09,Orchard Central,UND-W-03,Women's Cotton Blend Briefs,Underwear,Women,9.9,9.9,False,1,9.9,PayNow
BUG-20260604-0294,1,2026-06-04 11:42:59,  bugis  ,SOK-W-02,Women's Pile Crew Socks,Socks,Women,5.9,5.9,False,1,5.9,Cash
ORC-20260604-0163,2,2026-06-04 19:02:33,  Orchard Central  ,UND-M-02,Men's Cotton Blend Trunks,Underwear,Men,14.9,14.9,False,1,14.9,NETS
ORC-20260604-0338,2,2026-06-04 21:08:49,  Orchard Central  ,SOK-M-09,Men's No-Show Sneaker Socks,Socks,Men,4.11,5.9,True,1,4.11,Card
PUN-20260604-0272,1,2026-06-04 20:44:37,Punggol,SOK-M-02,Men's Pile Crew Socks,Socks,Men,$5.9,5.9,False,1,5.9,Card
ORC-20260604-0733,3,2026-06-04 20:08:06,Orchard Central,SOK-W-03,Women's Airism Low-Cut Socks,Socks,Women,5.9,5.9,False,1,5.9,Card
BUG-20260604-0545,2,2026-06-04 18:00:25,Bugis,SOK-W-02,Women's Pile Crew Socks,Socks,Women,5.9,5.9,False,1,5.9,PayNow
ORC-20260604-0306,3,2026-06-04 19:15:30,Orchard Central,BTM-M-05,Men's Wide Fit Cargo Pants,Bottoms,Men,39.9,39.9,False,1,39.9,PayNow
BUG-20260604-0572,3,2026-06-04 20:17:43,Bugis,SOK-W-04,Women's Ribbed Crew Socks,Socks,Women,5.9,5.9,False,1,5.9,PayNow
PUN-20260604-0196,2,2026-06-04 15:38:13,Punggol,SOK-M-03,  Men's Airism Low-Cut Socks  ,Socks,Men,5.9,5.9,False,1,5.9,Card
BUG-20260604-0063,1,2026-06-04 22:57:37,Bugis,SOK-M-03,Men's Airism Low-Cut Socks,Socks,Men,5.9,5.9,False,1,5.9,Card
ORC-20260604-0052,3,2026-06-04 12:55:49,Orchard Central,SOK-W-02,Women's Pile Crew Socks,Socks,Women,5.9,5.9,False,1,5.9,PayNow
ORC-20260604-0667,2,2026-06-04 19:51:46,Orchard Central,SOK-M-09,Men's No-Show Sneaker Socks,Socks,MEN,4.11,5.9,True,1,4.11,PayNow
ORC-20260604-0148,1,2026-06-04 17:31:26,Orchard Central,SOK-M-02,Men's Pile Crew Socks,Socks,Men,5.9,5.9,False,1,5.9,PayNow
ORC-20260604-0218,1,2026-06-04 20:57:54,ORCHARD CENTRAL,BTM-M-03,Men's Selvedge Regular Fit Jeans,Bottoms,Men,59.9,59.9,False,1,59.9,CARD
BUG-20260604-0584,1,2026-06-04 19:43:28,Bugis,SOK-W-01,Women's Ankle Socks 3-Pack,Socks,women,14.9,14.9,False,1,14.9,CARD
ORC-20260604-0759,2,2026-06-04 21:51:11,orchard central,UND-M-04,Men's Cotton Crew Neck Undershirt,Underwear,Men,14.9,14.9,False,2,29.8,NETS
ORC-20260604-0876,1,2026-06-04 20:33:57,ORCHARD CENTRAL,SOK-M-04,Men's Ribbed Crew Socks,SOCKS,men,5.9,5.9,False,1,5.9,PayNow
ORC-20260604-0193,3,2026-06-04 18:01:20,Orchard Central,TOP-M-03,  Men's Dry-EX Crew Neck T-Shirt  ,Tops,Men,19.9,19.9,False,1,19.9,Card
BUG-20260604-0200,2,2026-06-04 17:57:17,Bugis,SOK-M-01,Men's Ankle Socks 3-Pack,Socks,Men,14.9,14.9,False,1,14.9,card
BUG-20260604-0086,2,2026-06-04 20:42:53,bugis,UND-W-03,Women's Cotton Blend Briefs,Underwear,WOMEN,9.9,9.9,False,1,9.9,PayNow
PUN-20260604-0436,1,2026-06-04 19:52:48,Punggol,TOP-W-01,Women's Airism Cotton Crew Neck T-Shirt,Tops,Women,14.9,14.9,False,1,14.9,Card
BUG-20260604-0661,1,2026-06-04 17:34:36,Bugis,TOP-W-01,Women's Airism Cotton Crew Neck T-Shirt,Tops,Women,14.9,14.9,False,1,14.9,Card
ORC-20260604-0799,2,2026-06-04 20:50:29,Orchard Central,SOK-W-02,Women's Pile Crew Socks,socks,Women,5.9,5.9,False,1,5.9,PayNow
ORC-20260604-0546,2,2026-06-04 20:29:41,Orchard Central,SOK-M-09,Men's No-Show Sneaker Socks,Socks,men,$4.11,5.9,True,1,$4.11,Card
ORC-20260604-0922,1,2026-06-04 20:28:46,Orchard Central,SOK-W-06,Women's Heattech Socks,Socks,Women,9.9,9.9,False,1,9.9,Cash
BUG-20260604-0295,2,2026-06-04 22:15:36,bugis,UND-W-03,Women's Cotton Blend Briefs,Underwear,WOMEN,9.9,9.9,False,1,9.9,Card
ORC-20260604-0158,2,2026-06-04 18:25:49,Orchard Central,SOK-M-04,Men's Ribbed Crew Socks,Socks,Men,5.9,5.9,False,1,5.9,CARD
PUN-20260604-0268,3,2026-06-04 20:54:27,Punggol,TOP-W-01,Women's Airism Cotton Crew Neck T-Shirt,Tops,Women,14.9,14.9,False,1,14.9,Cash
PUN-20260604-0559,1,2026-06-04 20:52:25,Punggol,SOK-M-02,Men's Pile Crew Socks,SOCKS,Men,5.9,5.9,False,1,5.9,NETS
ORC-20260604-0715,1,2026-06-04 20:34:52,Orchard Central,SOK-M-01,Men's Ankle Socks 3-Pack,Socks,Men,14.9,14.9,False,1,14.9,Cash
BUG-20260604-0685,2,2026-06-04 18:31:07,Bugis,SOK-W-02,Women's Pile Crew Socks,Socks,Women,5.9,5.9,False,2,11.8,Card
BUG-20260604-0843,3,2026-06-04 13:44:39,BUGIS,SOK-W-04,Women's Ribbed Crew Socks,Socks,Women,5.9,5.9,False,2,$11.8,Card
BUG-20260604-0334,1,2026-06-04 13:47:16,Bugis,SOK-W-02,Women's Pile Crew Socks,Socks,Women,5.9,5.9,False,1,5.9,Card
ORC-20260604-0412,3,2026-06-04 22:19:58,Orchard Central,TOP-W-01,Women's Airism Cotton Crew Neck T-Shirt,tops,Women,14.9,14.9,False,1,14.9,CASH
PUN-20260604-0117,1,2026-06-04 21:55:40,Punggol,SOK-M-08,Men's Cotton Blend Dress Socks,Socks,Men,9.9,9.9,False,1,9.9,Card
BUG-20260604-0604,1,2026-06-04 22:39:36,Bugis,UND-W-03,Women's Cotton Blend Briefs,Underwear,WOMEN,9.9,9.9,False,1,9.9,Card
ORC-20260604-0812,3,2026-06-04 19:39:15,  Orchard Central  ,SOK-W-03,Women's Airism Low-Cut Socks,Socks,Women,5.9,5.9,False,2,11.8,Card
PUN-20260604-0060,2,2026-06-04 19:00:52,punggol,SOK-W-08,Women's Lace Trim Ankle Socks,Socks,Women,5.9,5.9,False,1,5.9,Card
PUN-20260604-0209,1,2026-06-04 20:17:52,  Punggol  ,SOK-M-04,Men's Ribbed Crew Socks,Socks,Men,5.9,5.9,False,1,5.9,Card
ORC-20260604-0066,2,2026-06-04 16:00:22,Orchard Central,BTM-M-03,Men's Selvedge Regular Fit Jeans,Bottoms,Men,$59.9,59.9,False,1,59.9,Card
ORC-20260604-0640,2,2026-06-04 20:56:01,Orchard Central,TOP-W-02,Women's Ribbed Long Sleeve Turtleneck,Tops,Women,19.9,19.9,False,1,19.9,
BUG-20260604-0001,1,2026-06-04 22:12:18,Bugis,UND-W-03,Women's Cotton Blend Briefs,Underwear,Women,9.9,9.9,False,1,9.9,Card
BUG-20260604-0007,2,2026-06-04 19:43:37,Bugis,SOK-M-07,Men's Striped Crew Socks,Socks,Men,5.9,5.9,False,1,5.9,Card
ORC-20260604-1101,1,2026-06-04 14:45:52,Orchard Central,BTM-W-01,Women's Ultra Stretch Skinny Jeans,Bottoms,Women,39.9,39.9,False,1,39.9,Paynow
ORC-20260604-0378,2,2026-06-04 21:44:11,Orchard Central,SOK-M-09,Men's No-Show Sneaker Socks,Socks,Men,4.11,5.9,True,1,4.11,Card
BUG-20260604-0879,2,2026-06-04 18:38:24,Bugis,TOP-M-04,,Tops,Men,29.9,29.9,False,1,29.9,PAYNOW
ORC-20260604-0890,1,2026-06-04 13:20:36,Orchard Central,SOK-M-01,Men's Ankle Socks 3-Pack,Socks,Men,14.9,14.9,False,1,14.9,Card
BUG-20260604-0016,1,2026-06-04 11:59:10,Bugis,SOK-W-02,Women's Pile Crew Socks,Socks,Women,5.9,5.9,False,1,5.9,Card
BUG-20260604-0781,2,2026-06-04 12:44:48,Bugis,BTM-W-04,  Women's Denim Straight Jeans  ,Bottoms,Women,49.9,49.9,False,1,49.9,Card
BUG-20260604-0333,1,2026-06-04 20:00:45,Bugis,SOK-M-05,Men's Sport Ankle Socks,socks,Men,5.9,5.9,False,1,5.9,Card
ORC-20260604-0892,3,2026-06-04 21:33:53,Orchard Central,UND-M-04,Men's Cotton Crew Neck Undershirt,Underwear,Men,14.9,14.9,False,2,29.8,Nets
PUN-20260604-0286,1,2026-06-04 12:24:08,Punggol,SOK-W-04,Women's Ribbed Crew Socks,Socks,women,5.9,5.9,False,1,5.9,Cash
ORC-20260604-0296,1,2026-06-04 20:49:10,Orchard Central,SOK-W-06,Women's Heattech Socks,Socks,WOMEN,9.9,9.9,False,1,9.9,PayNow
PUN-20260604-0283,2,2026-06-04 22:07:49,Punggol,SOK-M-01,Men's Ankle Socks 3-Pack,Socks,Men,14.9,14.9,False,1,14.9,PayNow
ORC-20260604-1307,2,2026-06-04 11:37:30,Orchard Central,SOK-M-04,Men's Ribbed Crew Socks,Socks,Men,5.9,5.9,False,1,5.9,Card
ORC-20260604-1437,1,2026-06-04 18:57:18,Orchard Central,SOK-M-09,Men's No-Show Sneaker Socks,Socks,Men,4.11,5.9,True,1,4.11,PayNow
ORC-20260604-1098,1,2026-06-04 18:47:25,Orchard Central,TOP-M-01,Men's Airism Cotton Crew Neck T-Shirt,Tops,Men,14.9,14.9,False,1,14.9,PayNow
BUG-20260604-0639,1,2026-06-04 19:18:58,Bugis,UND-W-01,Women's Airism Bikini Shorts,Underwear,Women,9.9,9.9,False,1,9.9,Card
ORC-20260604-0402,3,2026-06-04 17:22:51,Orchard Central,UND-W-02,Women's Wireless Bra,Underwear,Women,29.9,29.9,False,1,29.9,Card
PUN-20260604-0469,1,2026-06-04 19:12:59,PUNGGOL,TOP-M-02,Men's Supima Cotton Polo Shirt,Tops,Men,29.9,29.9,False,1,29.9,Cash
BUG-20260604-0545,1,2026-06-04 18:00:25,Bugis,TOP-W-01,  Women's Airism Cotton Crew Neck T-Shirt  ,Tops,WOMEN,14.9,14.9,False,1,14.9,PayNow
ORC-20260604-1152,2,2026-06-04 15:13:38,  Orchard Central  ,SOK-W-02,Women's Pile Crew Socks,Socks,Women,5.9,5.9,False,1,5.9,NETS
ORC-20260604-0099,2,2026-06-04 21:16:09,orchard central,SOK-M-01,Men's Ankle Socks 3-Pack,Socks,Men,14.9,14.9,False,1,14.9,PayNow
BUG-20260604-0753,3,2026-06-04 18:35:12,Bugis,TOP-M-01,Men's Airism Cotton Crew Neck T-Shirt,TOPS,men,14.9,14.9,False,1,14.9,Card
ORC-20260604-1065,2,2026-06-04 20:21:06,Orchard Central,TOP-M-01,Men's Airism Cotton Crew Neck T-Shirt,Tops,Men,14.9,14.9,False,1,14.9,NETS
ORC-20260604-0839,2,2026-06-04 11:12:25,Orchard Central,UND-M-04,Men's Cotton Crew Neck Undershirt,Underwear,Men,14.9,14.9,False,1,14.9,PayNow
BUG-20260604-0597,1,2026-06-04 18:24:18,  bugis  ,TOP-W-02,Women's Ribbed Long Sleeve Turtleneck,Tops,WOMEN,19.9,19.9,False,1,19.9,Card
BUG-20260604-0397,2,2026-06-04 20:05:21,Bugis,TOP-W-02,Women's Ribbed Long Sleeve Turtleneck,Tops,Women,19.9,19.9,False,1,19.9,CASH
BUG-20260604-0408,1,2026-06-04 21:03:35,Bugis,TOP-M-03,Men's Dry-EX Crew Neck T-Shirt,Tops,Men,19.9,19.9,False,1,19.9,paynow
BUG-20260604-0647,2,2026-06-04 19:06:04,Bugis,SOK-W-04,Women's Ribbed Crew Socks,Socks,Women,5.9,5.9,False,1,5.9,PayNow
ORC-20260604-0532,1,2026-06-04 17:26:28,  Orchard Central  ,SOK-M-03,Men's Airism Low-Cut Socks,SOCKS,Men,5.9,5.9,False,1,5.9,Cash
PUN-20260604-0471,3,2026-06-04 16:28:34,Punggol,SOK-M-08,Men's Cotton Blend Dress Socks,Socks,Men,9.9,9.9,False,1,9.9,Paynow
ORC-20260604-0726,2,2026-06-04 19:20:21,Orchard Central,TOP-M-01,Men's Airism Cotton Crew Neck T-Shirt,TOPS,Men,14.9,14.9,False,1,14.9,NETS
ORC-20260604-0591,2,2026-06-04 13:04:35,Orchard Central,SOK-M-09,Men's No-Show Sneaker Socks,Socks,Men,4.11,5.9,True,1,4.11,Cash
ORC-20260604-0174,1,2026-06-04 16:03:55,  Orchard Central  ,SOK-W-09,Women's No-Show Sneaker Socks,Socks,Women,5.9,5.9,False,1,5.9,Nets
ORC-20260604-0275,1,2026-06-04 18:45:33,Orchard Central,UND-M-04,Men's Cotton Crew Neck Undershirt,Underwear,Men,14.9,14.9,False,1,14.9,Card
ORC-20260604-1412,1,2026-06-04 20:49:58,Orchard Central,SOK-W-02,Women's Pile Crew Socks,Socks,Women,5.9,5.9,False,1,5.9,PAYNOW
ORC-20260604-0314,2,2026-06-04 20:59:44,Orchard Central,SOK-M-04,Men's Ribbed Crew Socks,SOCKS,Men,5.9,5.9,False,2,11.8,Cash
ORC-20260604-1026,1,2026-06-04 14:12:47,Orchard Central,SOK-M-04,Men's Ribbed Crew Socks,Socks,Men,5.9,5.9,False,1,5.9,Card
ORC-20260604-1018,2,2026-06-04 19:52:28,Orchard Central,TOP-W-02,Women's Ribbed Long Sleeve Turtleneck,Tops,Women,19.9,19.9,False,1,19.9,PayNow
BUG-20260604-0138,1,2026-06-04 18:48:30,BUGIS,SOK-W-03,Women's Airism Low-Cut Socks,Socks,Women,5.9,5.9,False,1,5.9,PayNow
ORC-20260604-0613,2,2026-06-04 12:16:36,Orchard Central,UND-M-03,Men's Airism Mesh Boxer Briefs,Underwear,Men,14.9,14.9,False,1,14.9,PayNow
PUN-20260604-0398,3,2026-06-04 21:25:14,Punggol,TOP-W-05,Women's Merino Blend Cardigan,TOPS,Women,31.36,39.9,True,1,31.36,nets
BUG-20260604-0002,2,2026-06-04 20:08:14,Bugis,TOP-M-01,Men's Airism Cotton Crew Neck T-Shirt,Tops,Men,14.9,14.9,False,1,14.9,PayNow
ORC-20260604-0912,1,2026-06-04 20:34:35,Orchard Central,BTM-M-02,Men's Slim Fit Chino Trousers,bottoms,Men,$29.9,29.9,False,1,29.9,PayNow
ORC-20260604-1406,1,2026-06-04 16:38:14,Orchard Central,SOK-M-09,Men's No-Show Sneaker Socks,SOCKS,Men,4.11,5.9,True,1,4.11,Card
PUN-20260604-0241,2,2026-06-04 20:50:54,Punggol,SOK-W-04,Women's Ribbed Crew Socks,Socks,Women,5.9,5.9,False,1,5.9,NETS
ORC-20260604-0987,2,2026-06-04 21:06:52,Orchard Central,SOK-M-09,Men's No-Show Sneaker Socks,Socks,Men,4.11,5.9,True,1,4.11,Card
BUG-20260604-0005,1,2026-06-04 20:08:22,Bugis,BTM-W-02,Women's High-Rise Wide Leg Pants,Bottoms,Women,39.9,39.9,False,1,39.9,Card
BUG-20260604-0490,2,2026-06-04 19:48:59,Bugis,TOP-M-01,Men's Airism Cotton Crew Neck T-Shirt,Tops,Men,14.9,14.9,False,1,14.9,card
PUN-20260604-0511,2,2026-06-04 19:50:47,punggol,TOP-W-02,  Women's Ribbed Long Sleeve Turtleneck  ,Tops,Women,19.9,19.9,False,1,19.9,PayNow
ORC-20260604-0389,2,2026-06-04 13:12:22,orchard central,UND-W-03,Women's Cotton Blend Briefs,Underwear,Women,9.9,9.9,False,1,9.9,Card
ORC-20260604-0322,1,2026-06-04 22:40:03,Orchard Central,SOK-W-08,Women's Lace Trim Ankle Socks,Socks,Women,5.9,5.9,False,1,5.9,Card
BUG-20260604-0354,1,2026-06-04 18:18:14,Bugis,TOP-M-03,Men's Dry-EX Crew Neck T-Shirt,Tops,men,19.9,19.9,False,1,19.9,Card
ORC-20260604-0709,3,2026-06-04 15:32:33,Orchard Central,SOK-W-01,Women's Ankle Socks 3-Pack,Socks,Women,14.9,14.9,False,1,14.9,Card
PUN-20260604-0258,2,2026-06-04 20:35:05,  Punggol  ,TOP-W-04,Women's Heattech Crew Neck Long Sleeve Tee,Tops,Women,14.9,14.9,False,1,14.9,Card
ORC-20260604-0681,3,2026-06-04 17:48:10,orchard central,SOK-M-03,Men's Airism Low-Cut Socks,Socks,Men,5.9,5.9,False,1,5.9,PayNow
ORC-20260604-0077,1,2026-06-04 17:28:16,Orchard Central,UND-M-01,Men's Airism Boxer Briefs,Underwear,Men,14.9,14.9,False,2,29.8,Paynow
PUN-20260604-0136,1,2026-06-04 15:03:35,Punggol,SOK-M-03,Men's Airism Low-Cut Socks,SOCKS,Men,5.9,5.9,False,1,5.9,Card
BUG-20260604-0092,2,2026-06-04 20:07:34,Bugis,BTM-M-01,Men's Ezy Ankle Pants,Bottoms,MEN,29.9,29.9,False,1,29.9,Cash
BUG-20260604-0530,1,2026-06-04 11:22:21,Bugis,TOP-M-01,Men's Airism Cotton Crew Neck T-Shirt,Tops,Men,14.9,14.9,False,1,14.9,Card
PUN-20260604-0145,1,2026-06-04 16:14:39,Punggol,TOP-W-01,Women's Airism Cotton Crew Neck T-Shirt,Tops,Women,14.9,14.9,False,1,14.9,Card
BUG-20260604-0479,1,2026-06-04 12:43:34,Bugis,SOK-M-04,Men's Ribbed Crew Socks,Socks,Men,5.9,5.9,False,2,11.8,Cash
PUN-20260604-0388,2,2026-06-04 19:30:58,Punggol,UND-M-02,Men's Cotton Blend Trunks,underwear,men,14.9,14.9,False,1,14.9,Card
ORC-20260604-0700,1,2026-06-04 20:50:22,Orchard Central,SOK-M-04,Men's Ribbed Crew Socks,Socks,Men,5.9,5.9,False,1,5.9,Card
ORC-20260604-1008,1,2026-06-04 16:27:46,Orchard Central,SOK-W-03,Women's Airism Low-Cut Socks,Socks,Women,5.9,5.9,False,1,5.9,Card
BUG-20260604-0476,3,2026-06-04 15:53:03,Bugis,UND-W-02,Women's Wireless Bra,UNDERWEAR,Women,29.9,29.9,False,2,59.8,Card
BUG-20260604-0822,1,2026-06-04 19:21:40,  Bugis  ,BTM-M-02,Men's Slim Fit Chino Trousers,Bottoms,Men,29.9,29.9,False,1,29.9,PayNow
ORC-20260604-1185,2,2026-06-04 16:19:23,Orchard Central,UND-M-03,Men's Airism Mesh Boxer Briefs,Underwear,Men,14.9,14.9,False,1,14.9,Cash
BUG-20260604-0528,2,2026-06-04 16:04:52,Bugis,SOK-W-02,Women's Pile Crew Socks,Socks,Women,5.9,5.9,False,1,5.9,PayNow
PUN-20260604-0131,1,2026-06-04 21:56:41,Punggol,UND-W-01,  Women's Airism Bikini Shorts  ,Underwear,Women,9.9,9.9,False,1,9.9,NETS
PUN-20260604-0271,2,2026-06-04 16:09:00,  Punggol  ,UND-W-04,Women's Airism T-Shirt Bra,Underwear,Women,29.9,29.9,False,1,29.9,PayNow
PUN-20260604-0482,1,2026-06-04 12:32:25,Punggol,TOP-W-01,Women's Airism Cotton Crew Neck T-Shirt,Tops,Women,14.9,14.9,False,1,14.9,PayNow
BUG-20260604-0088,2,2026-06-04 20:19:11,bugis,SOK-W-02,Women's Pile Crew Socks,Socks,Women,5.9,5.9,False,1,5.9,PayNow
ORC-20260604-0407,2,2026-06-04 22:55:15,Orchard Central,SOK-M-03,Men's Airism Low-Cut Socks,Socks,Men,5.9,5.9,False,2,11.8,Card
BUG-20260604-0193,2,2026-06-04 20:32:41,Bugis,SOK-W-01,Women's Ankle Socks 3-Pack,Socks,Women,14.9,14.9,False,2,29.8,Card
PUN-20260604-0558,3,2026-06-04 20:24:10,Punggol,UND-W-03,Women's Cotton Blend Briefs,underwear,Women,9.9,9.9,False,1,9.9,Card
ORC-20260604-0131,2,2026-06-04 19:27:36,Orchard Central,SOK-M-02,Men's Pile Crew Socks,Socks,men,5.9,5.9,False,1,5.9,PayNow
PUN-20260604-0567,1,2026-06-04 19:30:31,PUNGGOL,TOP-W-01,Women's Airism Cotton Crew Neck T-Shirt,Tops,Women,14.9,14.9,False,1,14.9,Card
ORC-20260604-1337,1,2026-06-04 16:59:51,ORCHARD CENTRAL,BTM-M-01,Men's Ezy Ankle Pants,Bottoms,Men,29.9,29.9,False,1,29.9,Cash
ORC-20260604-0311,1,2026-06-04 22:59:20,Orchard Central,SOK-W-03,Women's Airism Low-Cut Socks,Socks,Women,5.9,5.9,False,2,11.8,Card
ORC-20260604-0695,1,2026-06-04 21:27:50,Orchard Central,SOK-W-01,Women's Ankle Socks 3-Pack,Socks,Women,14.9,14.9,False,1,14.9,PayNow
PUN-20260604-0490,2,2026-06-04 13:24:21,  Punggol  ,TOP-M-04,Men's Oxford Long Sleeve Shirt,Tops,Men,29.9,29.9,False,1,29.9,NETS
PUN-20260604-0348,2,2026-06-04 18:20:23,Punggol,SOK-W-04,Women's Ribbed Crew Socks,Socks,Women,5.9,5.9,False,1,5.9,Card
ORC-20260604-0108,2,2026-06-04 17:33:20,Orchard Central,SOK-W-03,Women's Airism Low-Cut Socks,Socks,Women,5.9,5.9,False,1,5.9,CARD
ORC-20260604-0028,2,2026-06-04 20:19:58,Orchard Central,BTM-M-04,Men's Dry Stretch Shorts,Bottoms,Men,19.9,19.9,False,1,19.9,Cash
BUG-20260604-0416,3,2026-06-04 20:22:53,Bugis,UND-W-03,Women's Cotton Blend Briefs,Underwear,Women,9.9,9.9,False,1,9.9,PayNow
ORC-20260604-0471,2,2026-06-04 22:07:37,Orchard Central,SOK-M-03,Men's Airism Low-Cut Socks,socks,Men,5.9,5.9,False,2,11.8,NETS
BUG-20260604-0691,1,2026-06-04 19:31:41,Bugis,SOK-W-06,Women's Heattech Socks,Socks,Women,9.9,9.9,False,1,9.9,PayNow
BUG-20260604-0069,3,2026-06-04 19:46:37,Bugis,BTM-M-04,Men's Dry Stretch Shorts,Bottoms,Men,19.9,19.9,False,1,19.9,
BUG-20260604-0808,3,2026-06-04 19:54:11,Bugis,SOK-W-02,Women's Pile Crew Socks,Socks,Women,5.9,5.9,False,1,5.9,NETS
ORC-20260604-1458,1,2026-06-04 19:53:10,Orchard Central,SOK-W-03,Women's Airism Low-Cut Socks,Socks,Women,5.9,5.9,False,1,5.9,
ORC-20260604-0226,2,2026-06-04 12:36:53,Orchard Central,TOP-M-01,Men's Airism Cotton Crew Neck T-Shirt,Tops,Men,14.9,14.9,False,1,14.9,Card
PUN-20260604-0319,3,2026-06-04 21:37:00,Punggol,SOK-M-03,Men's Airism Low-Cut Socks,Socks,Men,5.9,5.9,False,1,5.9,Cash
BUG-20260604-0868,1,2026-06-04 14:15:24,Bugis,SOK-M-03,Men's Airism Low-Cut Socks,Socks,Men,5.9,5.9,False,1,5.9,NETS
PUN-20260604-0162,1,2026-06-04 18:41:13,Punggol,SOK-W-04,Women's Ribbed Crew Socks,Socks,Women,5.9,5.9,False,1,5.9,Nets
BUG-20260604-0704,3,2026-06-04 18:12:12,Bugis,UND-W-01,Women's Airism Bikini Shorts,Underwear,Women,9.9,9.9,False,1,9.9,Card
ORC-20260604-0741,1,2026-06-04 20:30:35,Orchard Central,SOK-W-03,Women's Airism Low-Cut Socks,Socks,Women,5.9,5.9,False,2,11.8,Cash
PUN-20260604-0453,1,2026-06-04 12:22:41,Punggol,UND-W-04,Women's Airism T-Shirt Bra,Underwear,Women,$29.9,29.9,False,1,29.9,Card
BUG-20260604-0064,1,2026-06-04 12:49:29,Bugis,TOP-M-01,Men's Airism Cotton Crew Neck T-Shirt,Tops,Men,14.9,14.9,False,1,14.9,Card
ORC-20260604-0813,1,2026-06-04 17:33:18,Orchard Central,UND-W-03,Women's Cotton Blend Briefs,Underwear,Women,9.9,9.9,False,1,9.9,CARD
BUG-20260604-0641,2,2026-06-04 13:14:41,Bugis,BTM-M-04,Men's Dry Stretch Shorts,Bottoms,Men,19.9,19.9,False,1,19.9,NETS
BUG-20260604-0121,2,2026-06-04 19:51:11,Bugis,SOK-M-03,Men's Airism Low-Cut Socks,Socks,Men,5.9,5.9,False,1,5.9,NETS
ORC-20260604-0228,1,2026-06-04 17:31:58,Orchard Central,UND-M-09,Men's Heattech Long Johns,Underwear,Men,19.9,19.9,False,1,19.9,Card
ORC-20260604-1369,2,2026-06-04 15:05:41,Orchard Central,TOP-M-02,Men's Supima Cotton Polo Shirt,Tops,Men,29.9,29.9,False,1,29.9,NETS
ORC-20260604-1166,3,2026-06-04 15:05:19,Orchard Central,SOK-W-09,Women's No-Show Sneaker Socks,Socks,Women,5.9,5.9,False,1,5.9,NETS
ORC-20260604-1131,2,2026-06-04 20:34:20,orchard central,TOP-W-01,Women's Airism Cotton Crew Neck T-Shirt,Tops,Women,14.9,14.9,False,1,14.9,PayNow
ORC-20260604-0644,1,2026-06-04 21:24:00,orchard central,TOP-W-01,Women's Airism Cotton Crew Neck T-Shirt,Tops,Women,14.9,14.9,False,1,14.9,CARD
BUG-20260604-0482,1,2026-06-04 20:47:51,Bugis,SOK-W-06,Women's Heattech Socks,Socks,WOMEN,9.9,9.9,False,2,19.8,Card
PUN-20260604-0053,2,2026-06-04 20:57:21,Punggol,SOK-M-03,Men's Airism Low-Cut Socks,Socks,Men,5.9,5.9,False,1,5.9,Card
PUN-20260604-0439,1,2026-06-04 18:04:12,  Punggol  ,UND-M-01,Men's Airism Boxer Briefs,Underwear,Men,14.9,14.9,False,1,14.9,PayNow
ORC-20260604-0088,2,2026-06-04 11:13:39,Orchard Central,UND-M-02,Men's Cotton Blend Trunks,Underwear,Men,14.9,14.9,False,1,14.9,Card
ORC-20260604-0222,1,2026-06-04 17:52:22,Orchard Central,BTM-M-01,Men's Ezy Ankle Pants,Bottoms,Men,29.9,29.9,False,1,29.9,Card
ORC-20260604-0634,1,2026-06-04 20:04:48,  Orchard Central  ,SOK-W-02,Women's Pile Crew Socks,Socks,Women,5.9,5.9,False,2,11.8,Card
BUG-20260604-0058,2,2026-06-04 19:43:33,Bugis,SOK-W-01,Women's Ankle Socks 3-Pack,Socks,women,14.9,14.9,False,2,29.8,Card
ORC-20260604-0816,2,2026-06-04 14:25:12,ORCHARD CENTRAL,UND-W-03,Women's Cotton Blend Briefs,Underwear,Women,9.9,9.9,False,1,9.9,PayNow
BUG-20260604-0367,3,2026-06-04 12:50:19,Bugis,SOK-M-03,Men's Airism Low-Cut Socks,Socks,Men,5.9,5.9,False,1,5.9,PAYNOW
PUN-20260604-0297,1,2026-06-04 21:58:44,Punggol,TOP-W-04,Women's Heattech Crew Neck Long Sleeve Tee,Tops,Women,14.9,14.9,False,1,14.9,Cash
PUN-20260604-0444,2,2026-06-04 12:57:38,punggol,SOK-W-02,Women's Pile Crew Socks,Socks,Women,5.9,5.9,False,1,5.9,Card
BUG-20260604-0004,2,2026-06-04 16:17:09,Bugis,TOP-M-04,Men's Oxford Long Sleeve Shirt,Tops,men,29.9,29.9,False,1,29.9,PayNow
PUN-20260604-0240,3,2026-06-04 19:40:26,Punggol,SOK-M-04,Men's Ribbed Crew Socks,Socks,Men,5.9,5.9,False,1,5.9,PayNow
ORC-20260604-1356,3,2026-06-04 14:01:19,  Orchard Central  ,SOK-W-01,Women's Ankle Socks 3-Pack,Socks,Women,14.9,14.9,False,1,$14.9,Card
ORC-20260604-1337,2,2026-06-04 16:59:51,Orchard Central,SOK-W-03,Women's Airism Low-Cut Socks,Socks,Women,5.9,5.9,False,1,5.9,cash
BUG-20260604-0383,2,2026-06-04 18:12:51,Bugis,UND-M-01,Men's Airism Boxer Briefs,Underwear,Men,14.9,14.9,False,1,14.9,NETS
ORC-20260604-0448,2,2026-06-04 21:04:37,Orchard Central,TOP-W-02,Women's Ribbed Long Sleeve Turtleneck,Tops,Women,19.9,19.9,False,1,19.9,PayNow
PUN-20260604-0422,1,2026-06-04 20:58:49,Punggol,UND-M-03,Men's Airism Mesh Boxer Briefs,underwear,men,14.9,14.9,False,2,29.8,Cash
ORC-20260604-0883,2,2026-06-04 20:14:31,orchard central,BTM-M-04,Men's Dry Stretch Shorts,BOTTOMS,Men,19.9,19.9,False,1,19.9,Card
ORC-20260604-0652,2,2026-06-04 19:38:27,Orchard Central,BTM-W-02,Women's High-Rise Wide Leg Pants,Bottoms,Women,39.9,39.9,False,1,39.9,Cash
ORC-20260604-1200,1,2026-06-04 21:19:12,  Orchard Central  ,TOP-W-01,Women's Airism Cotton Crew Neck T-Shirt,Tops,Women,$14.9,14.9,False,1,14.9,Card
ORC-20260604-0915,1,2026-06-04 17:26:55,Orchard Central,UND-M-01,Men's Airism Boxer Briefs,Underwear,Men,14.9,14.9,False,1,14.9,card
ORC-20260604-0385,3,2026-06-04 16:02:30,orchard central,UND-W-04,Women's Airism T-Shirt Bra,UNDERWEAR,Women,29.9,29.9,False,1,29.9,Card
PUN-20260604-0002,1,2026-06-04 14:14:44,Punggol,BTM-M-08,Men's Relaxed Fit Denim Shorts,Bottoms,Men,22.99,29.9,True,1,22.99,Card
PUN-20260604-0338,1,2026-06-04 11:42:02,Punggol,BTM-M-01,  Men's Ezy Ankle Pants  ,Bottoms,Men,29.9,29.9,False,1,29.9,CASH
ORC-20260604-0012,1,2026-06-04 19:06:29,Orchard Central,BTM-W-02,  Women's High-Rise Wide Leg Pants  ,Bottoms,Women,39.9,39.9,False,1,39.9,PayNow
ORC-20260604-0490,2,2026-06-04 11:05:16,Orchard Central,UND-M-04,  Men's Cotton Crew Neck Undershirt  ,Underwear,Men,14.9,14.9,False,1,14.9,Card
ORC-20260604-0377,1,2026-06-04 22:54:45,Orchard Central,UND-M-04,  Men's Cotton Crew Neck Undershirt  ,Underwear,Men,14.9,14.9,False,1,14.9,Card
BUG-20260604-0788,3,2026-06-04 19:35:22,Bugis,SOK-M-01,Men's Ankle Socks 3-Pack,Socks,Men,14.9,14.9,False,2,29.8,CARD
ORC-20260604-0413,3,2026-06-04 21:35:27,Orchard Central,SOK-W-03,Women's Airism Low-Cut Socks,Socks,Women,5.9,5.9,False,2,11.8,Card
BUG-20260604-0154,1,2026-06-04 18:17:49,BUGIS,TOP-M-01,Men's Airism Cotton Crew Neck T-Shirt,Tops,Men,14.9,14.9,False,1,14.9,nets
PUN-20260604-0086,2,2026-06-04 22:40:38,Punggol,BTM-W-04,Women's Denim Straight Jeans,Bottoms,Women,49.9,49.9,False,1,49.9,CARD
BUG-20260604-0184,3,2026-06-04 11:54:34,Bugis,TOP-M-02,Men's Supima Cotton Polo Shirt,Tops,Men,29.9,29.9,False,1,29.9,Card
ORC-20260604-1464,1,2026-06-04 12:33:57,Orchard Central,SOK-W-06,  Women's Heattech Socks  ,Socks,Women,9.9,9.9,False,2,19.8,Card
ORC-20260604-0469,1,2026-06-04 15:21:10,Orchard Central,SOK-M-09,Men's No-Show Sneaker Socks,Socks,men,4.11,5.9,True,1,$4.11,Card
ORC-20260604-0576,1,2026-06-04 22:25:06,Orchard Central,BTM-M-04,Men's Dry Stretch Shorts,Bottoms,Men,19.9,19.9,False,1,19.9,NETS
ORC-20260604-0033,1,2026-06-04 20:37:11,ORCHARD CENTRAL,SOK-W-03,Women's Airism Low-Cut Socks,Socks,Women,5.9,5.9,False,1,5.9,Card
ORC-20260604-0967,2,2026-06-04 21:32:24,orchard central,SOK-M-04,Men's Ribbed Crew Socks,Socks,Men,5.9,5.9,False,1,5.9,Card
ORC-20260604-0208,3,2026-06-04 20:26:11,Orchard Central,SOK-M-02,Men's Pile Crew Socks,Socks,Men,5.9,5.9,False,1,5.9,NETS
BUG-20260604-0451,2,2026-06-04 21:04:40,BUGIS,TOP-W-01,Women's Airism Cotton Crew Neck T-Shirt,Tops,WOMEN,14.9,14.9,False,1,14.9,Card
PUN-20260604-0452,3,2026-06-04 20:51:14,Punggol,TOP-M-01,Men's Airism Cotton Crew Neck T-Shirt,Tops,Men,14.9,14.9,False,1,14.9,Card
ORC-20260604-1112,2,2026-06-04 17:33:11,orchard central,SOK-M-01,Men's Ankle Socks 3-Pack,Socks,Men,14.9,14.9,False,1,14.9,PayNow
ORC-20260604-0378,3,2026-06-04 21:44:11,Orchard Central,SOK-W-02,  Women's Pile Crew Socks  ,Socks,Women,5.9,5.9,False,1,5.9,Card
ORC-20260604-1283,1,2026-06-04 12:19:34,Orchard Central,SOK-M-09,Men's No-Show Sneaker Socks,Socks,Men,4.11,5.9,True,1,4.11,PayNow
BUG-20260604-0084,2,2026-06-04 20:58:43,BUGIS,BTM-M-02,Men's Slim Fit Chino Trousers,Bottoms,Men,29.9,29.9,False,1,29.9,PAYNOW
ORC-20260604-0589,2,2026-06-04 19:54:25,Orchard Central,TOP-W-01,Women's Airism Cotton Crew Neck T-Shirt,TOPS,Women,14.9,14.9,False,1,14.9,CARD
BUG-20260604-0162,2,2026-06-04 21:18:15,Bugis,SOK-W-04,Women's Ribbed Crew Socks,Socks,Women,5.9,5.9,False,2,11.8,Card
PUN-20260604-0425,1,2026-06-04 22:17:06,Punggol,UND-M-04,Men's Cotton Crew Neck Undershirt,Underwear,Men,14.9,14.9,False,2,29.8,PayNow
ORC-20260604-0934,1,2026-06-04 20:15:55,Orchard Central,UND-M-04,Men's Cotton Crew Neck Undershirt,Underwear,MEN,14.9,14.9,False,2,29.8,Cash
ORC-20260604-0061,1,2026-06-04 16:24:01,Orchard Central,SOK-W-02,Women's Pile Crew Socks,Socks,Women,5.9,5.9,False,1,5.9,
ORC-20260604-0399,2,2026-06-04 20:41:11,Orchard Central,SOK-M-02,Men's Pile Crew Socks,Socks,Men,5.9,5.9,False,1,5.9,Card
BUG-20260604-0852,3,2026-06-04 20:16:08,Bugis,UND-M-04,Men's Cotton Crew Neck Undershirt,Underwear,MEN,14.9,14.9,False,1,14.9,NETS
PUN-20260604-0052,1,2026-06-04 19:27:22,Punggol,SOK-M-02,Men's Pile Crew Socks,socks,Men,5.9,5.9,False,1,5.9,PayNow
ORC-20260604-0612,1,2026-06-04 18:52:59,Orchard Central,SOK-W-09,Women's No-Show Sneaker Socks,Socks,Women,5.9,5.9,False,2,11.8,PayNow
ORC-20260604-0044,1,2026-06-04 22:59:13,Orchard Central,SOK-M-09,Men's No-Show Sneaker Socks,Socks,Men,4.11,5.9,True,1,4.11,PayNow
ORC-20260604-0884,2,2026-06-04 20:18:10,ORCHARD CENTRAL,SOK-W-02,Women's Pile Crew Socks,Socks,Women,5.9,5.9,False,1,5.9,Card
BUG-20260604-0206,2,2026-06-04 21:48:17,Bugis,TOP-W-02,  Women's Ribbed Long Sleeve Turtleneck  ,Tops,Women,19.9,19.9,False,1,19.9,PayNow
PUN-20260604-0444,3,2026-06-04 12:57:38,  Punggol  ,SOK-M-07,Men's Striped Crew Socks,Socks,Men,5.9,5.9,False,2,11.8,Card
PUN-20260604-0178,1,2026-06-04 14:18:49,Punggol,TOP-M-03,Men's Dry-EX Crew Neck T-Shirt,Tops,Men,19.9,19.9,False,1,19.9,card
PUN-20260604-0099,1,2026-06-04 18:49:54,Punggol,TOP-W-04,Women's Heattech Crew Neck Long Sleeve Tee,Tops,women,14.9,14.9,False,1,$14.9,Card
ORC-20260604-0183,1,2026-06-04 16:11:44,Orchard Central,UND-M-02,Men's Cotton Blend Trunks,Underwear,Men,14.9,14.9,False,2,29.8,NETS
PUN-20260604-0174,1,2026-06-04 19:05:10,Punggol,SOK-M-02,  Men's Pile Crew Socks  ,socks,Men,5.9,5.9,False,1,5.9,Card
PUN-20260604-0074,3,2026-06-04 18:25:50,Punggol,UND-M-02,Men's Cotton Blend Trunks,Underwear,MEN,14.9,14.9,False,1,14.9,Cash
ORC-20260604-0654,1,2026-06-04 17:24:14,Orchard Central,TOP-W-01,Women's Airism Cotton Crew Neck T-Shirt,Tops,Women,14.9,14.9,False,1,14.9,Card
PUN-20260604-0250,2,2026-06-04 11:00:19,Punggol,SOK-M-03,Men's Airism Low-Cut Socks,Socks,Men,5.9,5.9,False,1,5.9,Card
ORC-20260604-1306,1,2026-06-04 15:48:28,Orchard Central,SOK-W-08,Women's Lace Trim Ankle Socks,Socks,Women,5.9,5.9,False,2,11.8,
PUN-20260604-0281,2,2026-06-04 12:44:20,punggol,BTM-M-04,Men's Dry Stretch Shorts,Bottoms,Men,19.9,19.9,False,1,19.9,Cash
BUG-20260604-0095,1,2026-06-04 18:43:14,Bugis,UND-W-03,Women's Cotton Blend Briefs,underwear,Women,9.9,9.9,False,1,9.9,Card
ORC-20260604-0386,3,2026-06-04 15:24:59,Orchard Central,SOK-M-01,  Men's Ankle Socks 3-Pack  ,Socks,Men,14.9,14.9,False,1,14.9,Card
ORC-20260604-1288,1,2026-06-04 16:22:12,Orchard Central,SOK-W-06,Women's Heattech Socks,SOCKS,Women,9.9,9.9,False,1,9.9,nets
BUG-20260604-0287,1,2026-06-04 21:10:18,Bugis,SOK-W-01,Women's Ankle Socks 3-Pack,Socks,Women,14.9,14.9,False,1,14.9,Cash
ORC-20260604-0508,1,2026-06-04 18:14:29,Orchard Central,UND-M-03,Men's Airism Mesh Boxer Briefs,Underwear,Men,14.9,14.9,False,1,14.9,NETS
BUG-20260604-0312,1,2026-06-04 11:43:27,Bugis,SOK-M-02,Men's Pile Crew Socks,Socks,Men,5.9,5.9,False,1,5.9,paynow
PUN-20260604-0285,2,2026-06-04 19:48:56,Punggol,SOK-W-02,Women's Pile Crew Socks,Socks,Women,5.9,5.9,False,1,5.9,Card
ORC-20260604-0260,1,2026-06-04 17:52:42,Orchard Central,BTM-M-03,Men's Selvedge Regular Fit Jeans,Bottoms,Men,59.9,59.9,False,1,59.9,Card
ORC-20260604-0676,1,2026-06-04 13:36:53,Orchard Central,UND-M-05,Men's Seamless Boxer Briefs,Underwear,Men,14.9,14.9,False,2,29.8,Card
PUN-20260604-0154,1,2026-06-04 15:51:47,punggol,UND-W-01,Women's Airism Bikini Shorts,Underwear,Women,9.9,9.9,False,1,9.9,PayNow
PUN-20260604-0587,3,2026-06-04 19:37:15,PUNGGOL,UND-W-01,Women's Airism Bikini Shorts,Underwear,Women,9.9,9.9,False,1,9.9,CARD
ORC-20260604-0310,2,2026-06-04 20:10:33,Orchard Central,SOK-M-04,Men's Ribbed Crew Socks,Socks,Men,5.9,5.9,False,1,5.9,PayNow
ORC-20260604-1440,2,2026-06-04 18:00:35,Orchard Central,SOK-W-01,Women's Ankle Socks 3-Pack,Socks,Women,14.9,14.9,False,1,14.9,Card
ORC-20260604-0874,2,2026-06-04 18:07:00,  Orchard Central  ,UND-M-01,Men's Airism Boxer Briefs,Underwear,Men,14.9,14.9,False,1,14.9,Card
ORC-20260604-0957,1,2026-06-04 16:08:26,Orchard Central,UND-M-01,Men's Airism Boxer Briefs,Underwear,men,14.9,14.9,False,1,14.9,Card
ORC-20260604-1104,1,2026-06-04 14:35:23,Orchard Central,SOK-M-04,Men's Ribbed Crew Socks,Socks,men,5.9,5.9,False,1,5.9,Card
ORC-20260604-1359,1,2026-06-04 15:17:33,ORCHARD CENTRAL,BTM-W-04,Women's Denim Straight Jeans,BOTTOMS,WOMEN,49.9,49.9,False,1,$49.9,PayNow
BUG-20260604-0714,2,2026-06-04 21:15:01,  Bugis  ,BTM-M-02,Men's Slim Fit Chino Trousers,Bottoms,Men,29.9,29.9,False,1,29.9,PayNow
BUG-20260604-0585,3,2026-06-04 17:22:49,Bugis,UND-W-03,Women's Cotton Blend Briefs,Underwear,Women,9.9,9.9,False,1,9.9,Card
ORC-20260604-1107,2,2026-06-04 21:18:39,Orchard Central,SOK-W-01,Women's Ankle Socks 3-Pack,Socks,Women,14.9,14.9,False,2,29.8,card
BUG-20260604-0357,1,2026-06-04 19:04:12,Bugis,TOP-M-01,Men's Airism Cotton Crew Neck T-Shirt,Tops,Men,14.9,14.9,False,1,14.9,card
ORC-20260604-1441,1,2026-06-04 14:14:06,Orchard Central,UND-M-01,Men's Airism Boxer Briefs,underwear,men,14.9,14.9,False,2,29.8,NETS
PUN-20260604-0050,1,2026-06-04 22:05:45,Punggol,UND-W-03,Women's Cotton Blend Briefs,Underwear,Women,9.9,9.9,False,1,9.9,Card
ORC-20260604-0537,3,2026-06-04 21:36:40,Orchard Central,TOP-W-02,Women's Ribbed Long Sleeve Turtleneck,Tops,Women,19.9,19.9,False,1,19.9,Card
PUN-20260604-0316,1,2026-06-04 17:01:37,Punggol,UND-W-01,Women's Airism Bikini Shorts,Underwear,Women,9.9,9.9,False,1,9.9,NETS
ORC-20260604-1124,1,2026-06-04 16:35:28,Orchard Central,TOP-W-02,Women's Ribbed Long Sleeve Turtleneck,Tops,Women,19.9,19.9,False,1,19.9,PayNow
ORC-20260604-1122,1,2026-06-04 20:54:35,orchard central,SOK-M-02,Men's Pile Crew Socks,Socks,Men,5.9,5.9,False,2,11.8,Cash
ORC-20260604-1365,1,2026-06-04 19:57:54,Orchard Central,UND-W-03,Women's Cotton Blend Briefs,UNDERWEAR,Women,9.9,9.9,False,1,9.9,Card
BUG-20260604-0350,1,2026-06-04 17:39:40,Bugis,SOK-M-03,Men's Airism Low-Cut Socks,Socks,Men,5.9,5.9,False,1,5.9,Cash
ORC-20260604-1108,2,2026-06-04 21:58:40,Orchard Central,SOK-W-03,  Women's Airism Low-Cut Socks  ,Socks,Women,5.9,5.9,False,1,5.9,PayNow
ORC-20260604-1450,3,2026-06-04 16:15:50,Orchard Central,UND-W-03,Women's Cotton Blend Briefs,Underwear,Women,9.9,9.9,False,1,9.9,Card
PUN-20260604-0265,1,2026-06-04 13:24:44,Punggol,SOK-W-02,Women's Pile Crew Socks,SOCKS,Women,5.9,5.9,False,1,5.9,Cash
ORC-20260604-1286,2,2026-06-04 14:18:26,Orchard Central,SOK-M-02,Men's Pile Crew Socks,Socks,MEN,5.9,5.9,False,1,5.9,Card
ORC-20260604-0599,2,2026-06-04 18:27:15,Orchard Central,UND-M-03,Men's Airism Mesh Boxer Briefs,underwear,Men,14.9,14.9,False,2,29.8,Card
BUG-20260604-0492,1,2026-06-04 12:27:28,Bugis,TOP-W-02,Women's Ribbed Long Sleeve Turtleneck,Tops,Women,19.9,19.9,False,1,19.9,NETS
PUN-20260604-0136,3,2026-06-04 15:03:35,PUNGGOL,UND-W-02,Women's Wireless Bra,Underwear,Women,29.9,29.9,False,1,29.9,
ORC-20260604-0149,1,2026-06-04 14:01:03,Orchard Central,SOK-M-04,  Men's Ribbed Crew Socks  ,Socks,Men,5.9,5.9,False,2,11.8,Card
BUG-20260604-0023,3,2026-06-04 11:51:11,  BUGIS  ,SOK-W-02,Women's Pile Crew Socks,Socks,Women,5.9,5.9,False,1,5.9,Card
ORC-20260604-0567,2,2026-06-04 11:08:11,Orchard Central,SOK-M-09,Men's No-Show Sneaker Socks,Socks,Men,4.11,5.9,True,1,4.11,Card
ORC-20260604-0409,1,2026-06-04 18:27:52,  Orchard Central  ,SOK-W-02,Women's Pile Crew Socks,Socks,Women,5.9,5.9,False,1,5.9,Card
ORC-20260604-0643,2,2026-06-04 12:12:30,Orchard Central,BTM-M-02,Men's Slim Fit Chino Trousers,Bottoms,Men,29.9,29.9,False,1,29.9,Card
ORC-20260604-0096,2,2026-06-04 22:28:49,Orchard Central,SOK-M-09,Men's No-Show Sneaker Socks,socks,Men,4.11,5.9,True,2,8.22,Cash
ORC-20260604-1155,1,2026-06-04 17:18:40,Orchard Central,SOK-M-01,Men's Ankle Socks 3-Pack,socks,Men,14.9,14.9,False,1,14.9,NETS
PUN-20260604-0149,1,2026-06-04 18:28:50,Punggol,TOP-W-04,Women's Heattech Crew Neck Long Sleeve Tee,Tops,Women,14.9,14.9,False,1,14.9,Cash
ORC-20260604-0474,2,2026-06-04 16:56:45,Orchard Central,SOK-M-02,Men's Pile Crew Socks,Socks,men,5.9,5.9,False,1,$5.9,Card
ORC-20260604-1448,1,2026-06-04 19:17:53,Orchard Central,SOK-M-09,Men's No-Show Sneaker Socks,Socks,Men,4.11,5.9,True,1,4.11,paynow
BUG-20260604-0083,2,2026-06-04 21:27:23,Bugis,UND-M-03,Men's Airism Mesh Boxer Briefs,Underwear,Men,14.9,14.9,False,1,14.9,Cash
ORC-20260604-0403,2,2026-06-04 16:55:29,  Orchard Central  ,SOK-M-04,Men's Ribbed Crew Socks,Socks,Men,5.9,5.9,False,1,5.9,Card
ORC-20260604-1127,3,2026-06-04 14:19:31,  Orchard Central  ,UND-W-03,Women's Cotton Blend Briefs,UNDERWEAR,Women,9.9,9.9,False,1,9.9,Card
BUG-20260604-0589,2,2026-06-04 16:55:39,Bugis,SOK-W-02,Women's Pile Crew Socks,Socks,Women,5.9,5.9,False,2,11.8,Card
PUN-20260604-0220,1,2026-06-04 12:00:51,Punggol,SOK-M-03,Men's Airism Low-Cut Socks,Socks,Men,5.9,5.9,False,2,11.8,NETS
BUG-20260604-0039,2,2026-06-04 12:42:28,Bugis,SOK-M-03,Men's Airism Low-Cut Socks,Socks,Men,5.9,5.9,False,1,5.9,NETS
ORC-20260604-0346,2,2026-06-04 21:21:42,Orchard Central,SOK-M-07,Men's Striped Crew Socks,Socks,Men,5.9,5.9,False,1,5.9,Card
BUG-20260604-0372,2,2026-06-04 16:35:43,Bugis,SOK-M-07,Men's Striped Crew Socks,Socks,Men,5.9,5.9,False,1,5.9,nets
PUN-20260604-0082,1,2026-06-04 20:18:45,PUNGGOL,TOP-M-02,Men's Supima Cotton Polo Shirt,Tops,Men,29.9,29.9,False,1,29.9,Card
ORC-20260604-0047,1,2026-06-04 17:01:55,Orchard Central,UND-M-02,Men's Cotton Blend Trunks,Underwear,Men,14.9,14.9,False,2,29.8,card
ORC-20260604-0037,2,2026-06-04 11:05:43,Orchard Central,SOK-M-09,Men's No-Show Sneaker Socks,Socks,Men,4.11,5.9,True,1,4.11,PayNow
BUG-20260604-0308,1,2026-06-04 22:15:43,BUGIS,UND-W-04,Women's Airism T-Shirt Bra,Underwear,Women,29.9,29.9,False,1,29.9,Cash
BUG-20260604-0389,2,2026-06-04 20:18:49,Bugis,UND-M-01,Men's Airism Boxer Briefs,Underwear,Men,14.9,14.9,False,1,14.9,Card
ORC-20260604-0918,1,2026-06-04 21:42:35,Orchard Central,SOK-W-02,Women's Pile Crew Socks,Socks,Women,5.9,5.9,False,1,5.9,PayNow
BUG-20260604-0597,2,2026-06-04 18:24:18,Bugis,TOP-W-02,Women's Ribbed Long Sleeve Turtleneck,Tops,Women,19.9,19.9,False,1,19.9,Card
BUG-20260604-0174,1,2026-06-04 19:26:55,Bugis,UND-W-07,Women's Heattech Camisole,Underwear,Women,14.9,14.9,False,1,14.9,
BUG-20260604-0365,3,2026-06-04 18:18:40,Bugis,SOK-M-03,Men's Airism Low-Cut Socks,Socks,Men,5.9,5.9,False,1,5.9,NETS
BUG-20260604-0560,1,2026-06-04 19:41:42,Bugis,SOK-M-02,Men's Pile Crew Socks,Socks,Men,5.9,5.9,False,1,5.9,Card
BUG-20260604-0220,1,2026-06-04 21:54:31,bugis,SOK-W-02,Women's Pile Crew Socks,Socks,WOMEN,5.9,5.9,False,2,11.8,Card
ORC-20260604-0364,1,2026-06-04 18:33:49,Orchard Central,SOK-M-09,Men's No-Show Sneaker Socks,Socks,Men,4.11,5.9,True,1,4.11,PayNow
ORC-20260604-0470,1,2026-06-04 20:40:58,ORCHARD CENTRAL,SOK-W-02,Women's Pile Crew Socks,Socks,Women,5.9,5.9,False,1,5.9,Card
ORC-20260604-0689,1,2026-06-04 11:01:51,Orchard Central,TOP-M-01,Men's Airism Cotton Crew Neck T-Shirt,Tops,Men,14.9,14.9,False,1,14.9,card
ORC-20260604-0973,3,2026-06-04 19:55:15,Orchard Central,TOP-W-01,Women's Airism Cotton Crew Neck T-Shirt,TOPS,Women,14.9,14.9,False,1,14.9,Card
PUN-20260604-0199,1,2026-06-04 12:57:03,PUNGGOL,SOK-W-01,Women's Ankle Socks 3-Pack,Socks,Women,14.9,14.9,False,1,14.9,Card
ORC-20260604-0688,1,2026-06-04 21:26:14,Orchard Central,TOP-W-02,Women's Ribbed Long Sleeve Turtleneck,Tops,Women,19.9,19.9,False,1,19.9,Card
ORC-20260604-0192,3,2026-06-04 21:55:54,ORCHARD CENTRAL,SOK-M-09,Men's No-Show Sneaker Socks,Socks,Men,4.11,5.9,True,1,4.11,Card
BUG-20260604-0080,1,2026-06-04 20:58:57,Bugis,SOK-W-03,Women's Airism Low-Cut Socks,Socks,Women,5.9,5.9,False,1,5.9,NETS
BUG-20260604-0780,3,2026-06-04 11:31:13,Bugis,SOK-W-02,Women's Pile Crew Socks,Socks,Women,5.9,5.9,False,1,5.9,PayNow
PUN-20260604-0533,1,2026-06-04 17:33:28,Punggol,SOK-M-03,Men's Airism Low-Cut Socks,SOCKS,Men,5.9,5.9,False,1,5.9,Card
PUN-20260604-0561,1,2026-06-04 15:56:35,Punggol,UND-M-03,Men's Airism Mesh Boxer Briefs,Underwear,Men,14.9,14.9,False,1,14.9,Card
BUG-20260604-0666,1,2026-06-04 19:20:00,Bugis,UND-W-01,Women's Airism Bikini Shorts,UNDERWEAR,Women,9.9,9.9,False,1,9.9,Card
BUG-20260604-0519,1,2026-06-04 20:18:14,Bugis,UND-M-08,Men's Airism V-Neck Undershirt,Underwear,Men,9.9,9.9,False,1,9.9,NETS
ORC-20260604-0316,2,2026-06-04 17:53:15,Orchard Central,SOK-W-02,Women's Pile Crew Socks,socks,Women,5.9,5.9,False,1,5.9,Card
ORC-20260604-1444,1,2026-06-04 20:08:12,Orchard Central,SOK-M-09,Men's No-Show Sneaker Socks,Socks,MEN,4.11,5.9,True,1,4.11,PayNow
ORC-20260604-0076,1,2026-06-04 20:07:07,Orchard Central,UND-M-02,Men's Cotton Blend Trunks,Underwear,Men,14.9,14.9,False,1,14.9,PayNow
ORC-20260604-0950,2,2026-06-04 16:48:15,Orchard Central,SOK-M-01,Men's Ankle Socks 3-Pack,Socks,Men,14.9,14.9,False,1,14.9,Card
ORC-20260604-0111,1,2026-06-04 17:50:06,Orchard Central,SOK-M-09,Men's No-Show Sneaker Socks,Socks,Men,4.11,5.9,True,1,4.11,
ORC-20260604-0370,1,2026-06-04 17:49:03,ORCHARD CENTRAL,UND-W-04,Women's Airism T-Shirt Bra,Underwear,WOMEN,29.9,29.9,False,1,29.9,Card
ORC-20260604-0868,2,2026-06-04 17:50:01,  Orchard Central  ,SOK-W-03,Women's Airism Low-Cut Socks,Socks,Women,5.9,5.9,False,2,11.8,Card
ORC-20260604-0168,1,2026-06-04 14:01:15,Orchard Central,SOK-W-01,  Women's Ankle Socks 3-Pack  ,Socks,Women,14.9,14.9,False,1,14.9,NETS
ORC-20260604-0484,1,2026-06-04 12:28:32,ORCHARD CENTRAL,UND-W-07,Women's Heattech Camisole,Underwear,Women,$14.9,14.9,False,1,14.9,Card
BUG-20260604-0190,2,2026-06-04 21:16:55,Bugis,UND-W-06,Women's Lace Trim Briefs,underwear,Women,9.9,9.9,False,2,19.8,PayNow
PUN-20260604-0191,3,2026-06-04 22:29:40,  Punggol  ,BTM-M-04,Men's Dry Stretch Shorts,Bottoms,Men,19.9,19.9,False,1,19.9,CASH
ORC-20260604-0923,3,2026-06-04 13:48:36,Orchard Central,UND-W-03,Women's Cotton Blend Briefs,Underwear,Women,9.9,9.9,False,2,19.8,PayNow
BUG-20260604-0273,1,2026-06-04 13:18:39,Bugis,SOK-M-02,Men's Pile Crew Socks,SOCKS,Men,5.9,5.9,False,1,5.9,Card
BUG-20260604-0424,3,2026-06-04 19:21:43,Bugis,SOK-W-04,Women's Ribbed Crew Socks,SOCKS,Women,5.9,5.9,False,1,5.9,PayNow
ORC-20260604-0014,3,2026-06-04 21:02:57,Orchard Central,SOK-W-02,Women's Pile Crew Socks,Socks,Women,5.9,5.9,False,1,5.9,Card
PUN-20260604-0027,3,2026-06-04 19:35:47,Punggol,SOK-M-02,Men's Pile Crew Socks,Socks,Men,5.9,5.9,False,1,5.9,Card
BUG-20260604-0767,1,2026-06-04 21:32:21,Bugis,SOK-W-01,Women's Ankle Socks 3-Pack,Socks,women,14.9,14.9,False,1,14.9,NETS
BUG-20260604-0224,1,2026-06-04 20:53:58,  Bugis  ,BTM-M-04,Men's Dry Stretch Shorts,Bottoms,Men,19.9,19.9,False,1,19.9,Cash
BUG-20260604-0060,2,2026-06-04 18:48:31,Bugis,UND-M-04,Men's Cotton Crew Neck Undershirt,Underwear,men,14.9,14.9,False,1,14.9,PayNow
ORC-20260604-0146,3,2026-06-04 21:43:52,Orchard Central,UND-W-03,Women's Cotton Blend Briefs,Underwear,Women,9.9,9.9,False,1,9.9,Card
PUN-20260604-0139,2,2026-06-04 13:28:15,Punggol,UND-M-02,Men's Cotton Blend Trunks,Underwear,Men,14.9,14.9,False,2,29.8,Card
ORC-20260604-1210,1,2026-06-04 19:19:13,Orchard Central,SOK-M-07,Men's Striped Crew Socks,Socks,men,5.9,5.9,False,1,5.9,Card
BUG-20260604-0332,3,2026-06-04 17:14:08,Bugis,SOK-M-01,Men's Ankle Socks 3-Pack,Socks,Men,14.9,14.9,False,2,29.8,NETS
PUN-20260604-0454,3,2026-06-04 20:14:51,Punggol,SOK-M-04,Men's Ribbed Crew Socks,Socks,Men,5.9,5.9,False,1,5.9,Cash
BUG-20260604-0785,1,2026-06-04 20:32:45,Bugis,SOK-M-04,Men's Ribbed Crew Socks,Socks,men,5.9,5.9,False,1,5.9,Cash
ORC-20260604-0967,3,2026-06-04 21:32:24,  Orchard Central  ,UND-M-06,Men's Airism Sleeveless Undershirt,Underwear,Men,9.9,9.9,False,1,9.9,Card
ORC-20260604-0070,1,2026-06-04 21:34:02,Orchard Central,UND-M-09,Men's Heattech Long Johns,Underwear,Men,19.9,19.9,False,1,$19.9,Card
ORC-20260604-0077,3,2026-06-04 17:28:16,Orchard Central,SOK-M-09,  Men's No-Show Sneaker Socks  ,Socks,Men,4.11,5.9,True,1,4.11,PayNow
ORC-20260604-0019,2,2026-06-04 20:52:36,Orchard Central,UND-M-01,Men's Airism Boxer Briefs,Underwear,Men,14.9,14.9,False,1,14.9,CARD
PUN-20260604-0455,1,2026-06-04 20:44:32,Punggol,SOK-W-07,Women's Striped Crew Socks,Socks,Women,5.9,5.9,False,2,11.8,NETS
ORC-20260604-0670,3,2026-06-04 15:52:51,Orchard Central,UND-W-03,Women's Cotton Blend Briefs,Underwear,Women,9.9,9.9,False,1,9.9,CARD
BUG-20260604-0833,1,2026-06-04 22:08:23,Bugis,BTM-M-03,Men's Selvedge Regular Fit Jeans,Bottoms,Men,59.9,59.9,False,1,59.9,Card
ORC-20260604-1374,2,2026-06-04 16:05:34,Orchard Central,TOP-W-01,Women's Airism Cotton Crew Neck T-Shirt,Tops,Women,14.9,14.9,False,1,14.9,Card
PUN-20260604-0351,1,2026-06-04 20:18:18,Punggol,SOK-W-02,Women's Pile Crew Socks,SOCKS,Women,5.9,5.9,False,1,5.9,Card
BUG-20260604-0413,3,2026-06-04 20:29:19,Bugis,SOK-M-03,Men's Airism Low-Cut Socks,Socks,Men,5.9,5.9,False,1,5.9,PayNow
PUN-20260604-0429,2,2026-06-04 17:36:13,Punggol,BTM-M-08,Men's Relaxed Fit Denim Shorts,Bottoms,Men,22.99,29.9,True,1,22.99,PayNow
ORC-20260604-1086,2,2026-06-04 13:03:59,Orchard Central,SOK-W-02,Women's Pile Crew Socks,Socks,Women,5.9,5.9,False,2,11.8,Cash
ORC-20260604-0225,3,2026-06-04 20:00:04,Orchard Central,SOK-M-09,Men's No-Show Sneaker Socks,Socks,Men,4.11,5.9,True,1,4.11,NETS
BUG-20260604-0888,1,2026-06-04 19:47:00,Bugis,TOP-W-09,Women's Drape Sleeveless Top,Tops,Women,19.9,19.9,False,1,19.9,PayNow
BUG-20260604-0210,2,2026-06-04 17:30:07,bugis,SOK-W-02,Women's Pile Crew Socks,Socks,Women,5.9,5.9,False,2,11.8,Card
PUN-20260604-0119,2,2026-06-04 21:09:25,Punggol,UND-M-01,Men's Airism Boxer Briefs,UNDERWEAR,Men,14.9,14.9,False,1,14.9,PayNow
BUG-20260604-0027,1,2026-06-04 18:46:37,Bugis,UND-W-01,Women's Airism Bikini Shorts,Underwear,women,9.9,9.9,False,1,9.9,NETS
ORC-20260604-0209,1,2026-06-04 13:37:41,Orchard Central,TOP-M-02,Men's Supima Cotton Polo Shirt,tops,Men,29.9,29.9,False,1,29.9,Card
BUG-20260604-0515,3,2026-06-04 19:46:13,Bugis,TOP-M-01,Men's Airism Cotton Crew Neck T-Shirt,Tops,Men,14.9,14.9,False,1,14.9,Card
ORC-20260604-0578,1,2026-06-04 14:25:33,Orchard Central,SOK-W-01,  Women's Ankle Socks 3-Pack  ,Socks,Women,$14.9,14.9,False,1,14.9,Cash
ORC-20260604-1341,1,2026-06-04 21:18:09,Orchard Central,UND-W-02,Women's Wireless Bra,Underwear,Women,29.9,29.9,False,1,29.9,card
PUN-20260604-0132,1,2026-06-04 19:13:58,punggol,TOP-W-03,Women's Silky Satin Blouse,Tops,Women,39.9,39.9,False,1,39.9,PayNow
BUG-20260604-0821,2,2026-06-04 11:13:59,bugis,SOK-W-02,Women's Pile Crew Socks,Socks,Women,5.9,5.9,False,1,5.9,Card
ORC-20260604-0403,1,2026-06-04 16:55:29,Orchard Central,SOK-M-04,Men's Ribbed Crew Socks,Socks,Men,5.9,5.9,False,1,5.9,Card
BUG-20260604-0164,3,2026-06-04 22:37:46,bugis,SOK-M-04,Men's Ribbed Crew Socks,Socks,Men,5.9,5.9,False,2,11.8,PayNow
ORC-20260604-0075,2,2026-06-04 14:06:29,Orchard Central,SOK-M-04,Men's Ribbed Crew Socks,Socks,Men,5.9,5.9,False,1,5.9,Cash
BUG-20260604-0676,1,2026-06-04 19:11:29,  Bugis  ,UND-W-01,Women's Airism Bikini Shorts,Underwear,Women,9.9,9.9,False,1,9.9,Card
PUN-20260604-0432,1,2026-06-04 14:03:19,Punggol,SOK-M-03,Men's Airism Low-Cut Socks,Socks,Men,5.9,5.9,False,1,5.9,PayNow
ORC-20260604-0130,3,2026-06-04 12:58:38,Orchard Central,SOK-W-01,Women's Ankle Socks 3-Pack,Socks,Women,14.9,14.9,False,1,14.9,Card
ORC-20260604-0011,1,2026-06-04 20:23:07,  Orchard Central  ,UND-M-02,Men's Cotton Blend Trunks,Underwear,MEN,14.9,14.9,False,2,29.8,cash
ORC-20260604-0376,1,2026-06-04 20:32:45,Orchard Central,SOK-W-02,Women's Pile Crew Socks,Socks,Women,5.9,5.9,False,1,5.9,NETS
PUN-20260604-0246,1,2026-06-04 22:59:44,Punggol,BTM-M-03,Men's Selvedge Regular Fit Jeans,BOTTOMS,Men,59.9,59.9,False,1,59.9,Cash
ORC-20260604-0190,1,2026-06-04 11:55:15,Orchard Central,UND-M-01,Men's Airism Boxer Briefs,Underwear,Men,14.9,14.9,False,1,14.9,CARD
BUG-20260604-0058,1,2026-06-04 19:43:33,bugis,TOP-M-01,Men's Airism Cotton Crew Neck T-Shirt,Tops,Men,14.9,14.9,False,1,14.9,Card
BUG-20260604-0028,1,2026-06-04 11:05:26,Bugis,BTM-M-04,Men's Dry Stretch Shorts,Bottoms,Men,19.9,19.9,False,1,19.9,Card
BUG-20260604-0532,3,2026-06-04 20:35:27,Bugis,UND-W-01,Women's Airism Bikini Shorts,Underwear,Women,9.9,9.9,False,2,19.8,PayNow
BUG-20260604-0239,1,2026-06-04 18:00:30,Bugis,SOK-W-03,Women's Airism Low-Cut Socks,Socks,Women,5.9,5.9,False,1,5.9,NETS
BUG-20260604-0565,3,2026-06-04 19:33:53,Bugis,UND-M-01,Men's Airism Boxer Briefs,Underwear,Men,14.9,14.9,False,1,14.9,Card
BUG-20260604-0013,1,2026-06-04 19:15:44,  BUGIS  ,SOK-M-04,Men's Ribbed Crew Socks,Socks,Men,5.9,5.9,False,1,5.9,NETS
ORC-20260604-0719,1,2026-06-04 20:33:19,orchard central,UND-M-02,Men's Cotton Blend Trunks,Underwear,Men,14.9,14.9,False,1,14.9,Card
ORC-20260604-1344,3,2026-06-04 21:05:34,Orchard Central,UND-W-04,Women's Airism T-Shirt Bra,Underwear,Women,29.9,29.9,False,2,59.8,NETS
BUG-20260604-0673,1,2026-06-04 16:44:38,Bugis,UND-W-03,Women's Cotton Blend Briefs,Underwear,Women,9.9,9.9,False,1,9.9,PayNow
BUG-20260604-0738,3,2026-06-04 20:27:51,Bugis,TOP-W-02,  Women's Ribbed Long Sleeve Turtleneck  ,Tops,Women,19.9,19.9,False,1,19.9,Card
ORC-20260604-0820,1,2026-06-04 13:43:28,Orchard Central,SOK-M-04,  Men's Ribbed Crew Socks  ,Socks,Men,5.9,5.9,False,1,5.9,Cash
PUN-20260604-0312,1,2026-06-04 21:25:37,Punggol,BTM-M-01,Men's Ezy Ankle Pants,Bottoms,Men,29.9,29.9,False,1,29.9,PayNow
BUG-20260604-0141,1,2026-06-04 20:01:17,Bugis,BTM-W-04,Women's Denim Straight Jeans,Bottoms,Women,49.9,49.9,False,1,49.9,Card
ORC-20260604-0968,1,2026-06-04 19:45:54,Orchard Central,TOP-M-01,Men's Airism Cotton Crew Neck T-Shirt,Tops,Men,14.9,14.9,False,1,14.9,PayNow
ORC-20260604-1170,1,2026-06-04 19:21:48,Orchard Central,BTM-W-02,Women's High-Rise Wide Leg Pants,Bottoms,Women,39.9,39.9,False,1,39.9,Cash
ORC-20260604-0918,2,2026-06-04 21:42:35,Orchard Central,SOK-W-05,Women's Sport Ankle Socks,Socks,Women,5.9,5.9,False,1,5.9,PayNow
ORC-20260604-0457,3,2026-06-04 11:24:53,Orchard Central,SOK-M-04,Men's Ribbed Crew Socks,SOCKS,Men,5.9,5.9,False,1,$5.9,PayNow
ORC-20260604-0552,3,2026-06-04 18:18:51,Orchard Central,UND-W-03,Women's Cotton Blend Briefs,Underwear,Women,9.9,9.9,False,1,9.9,Cash
PUN-20260604-0521,3,2026-06-04 11:31:13,Punggol,SOK-M-02,Men's Pile Crew Socks,Socks,Men,5.9,5.9,False,2,11.8,card
BUG-20260604-0679,1,2026-06-04 19:52:20,Bugis,UND-W-02,Women's Wireless Bra,Underwear,Women,29.9,29.9,False,1,29.9,NETS
ORC-20260604-0097,2,2026-06-04 18:58:43,Orchard Central,SOK-W-05,Women's Sport Ankle Socks,Socks,Women,5.9,5.9,False,1,5.9,NETS
PUN-20260604-0359,3,2026-06-04 15:56:07,Punggol,TOP-W-04,Women's Heattech Crew Neck Long Sleeve Tee,Tops,Women,14.9,14.9,False,1,14.9,Card
ORC-20260604-0418,3,2026-06-04 21:35:09,Orchard Central,SOK-M-09,Men's No-Show Sneaker Socks,Socks,Men,4.11,5.9,True,1,4.11,PayNow
ORC-20260604-0698,1,2026-06-04 18:25:33,Orchard Central,SOK-W-02,Women's Pile Crew Socks,Socks,Women,5.9,5.9,False,1,5.9,Card
BUG-20260604-0571,3,2026-06-04 20:47:10,bugis,SOK-M-02,Men's Pile Crew Socks,Socks,men,5.9,5.9,False,1,5.9,CARD
PUN-20260604-0072,3,2026-06-04 19:26:22,Punggol,SOK-M-03,Men's Airism Low-Cut Socks,SOCKS,Men,5.9,5.9,False,1,5.9,PayNow
ORC-20260604-1298,2,2026-06-04 12:11:22,Orchard Central,SOK-M-07,Men's Striped Crew Socks,Socks,Men,5.9,5.9,False,1,5.9,PayNow
BUG-20260604-0616,3,2026-06-04 21:25:48,bugis,SOK-W-02,Women's Pile Crew Socks,Socks,Women,5.9,5.9,False,1,5.9,Card
ORC-20260604-0333,1,2026-06-04 22:25:20,Orchard Central,SOK-W-02,Women's Pile Crew Socks,Socks,Women,5.9,5.9,False,1,5.9,PayNow
PUN-20260604-0202,2,2026-06-04 20:06:04,PUNGGOL,SOK-W-04,Women's Ribbed Crew Socks,Socks,WOMEN,5.9,5.9,False,1,5.9,Card
PUN-20260604-0320,2,2026-06-04 13:42:49,Punggol,UND-M-04,  Men's Cotton Crew Neck Undershirt  ,Underwear,Men,14.9,14.9,False,2,29.8,NETS
PUN-20260604-0112,1,2026-06-04 11:12:54,Punggol,SOK-M-07,Men's Striped Crew Socks,Socks,Men,5.9,5.9,False,1,5.9,Card
PUN-20260604-0476,2,2026-06-04 19:53:57,Punggol,UND-W-04,  Women's Airism T-Shirt Bra  ,Underwear,Women,$29.9,29.9,False,2,59.8,cash
ORC-20260604-0495,1,2026-06-04 12:53:05,Orchard Central,UND-M-06,Men's Airism Sleeveless Undershirt,underwear,Men,9.9,9.9,False,1,9.9,Cash
BUG-20260604-0746,1,2026-06-04 21:17:55,  Bugis  ,UND-W-03,Women's Cotton Blend Briefs,underwear,Women,9.9,9.9,False,1,9.9,CARD
PUN-20260604-0448,1,2026-06-04 18:27:27,Punggol,UND-W-03,Women's Cotton Blend Briefs,Underwear,WOMEN,9.9,9.9,False,1,9.9,Card
ORC-20260604-0780,2,2026-06-04 21:04:18,ORCHARD CENTRAL,SOK-W-03,Women's Airism Low-Cut Socks,Socks,Women,$5.9,5.9,False,1,5.9,NETS
ORC-20260604-1455,1,2026-06-04 21:37:22,Orchard Central,TOP-W-02,Women's Ribbed Long Sleeve Turtleneck,Tops,Women,19.9,19.9,False,1,19.9,Card
PUN-20260604-0018,3,2026-06-04 18:56:18,Punggol,BTM-M-03,Men's Selvedge Regular Fit Jeans,Bottoms,Men,59.9,59.9,False,1,59.9,CARD
ORC-20260604-0637,1,2026-06-04 18:56:59,Orchard Central,UND-W-03,Women's Cotton Blend Briefs,Underwear,Women,9.9,9.9,False,2,19.8,Card
ORC-20260604-1415,1,2026-06-04 21:48:13,Orchard Central,UND-M-02,Men's Cotton Blend Trunks,Underwear,Men,14.9,14.9,False,1,14.9,card
BUG-20260604-0242,2,2026-06-04 21:02:21,Bugis,BTM-W-04,Women's Denim Straight Jeans,Bottoms,Women,49.9,49.9,False,1,49.9,Card
PUN-20260604-0474,1,2026-06-04 20:56:03,Punggol,SOK-W-04,Women's Ribbed Crew Socks,Socks,Women,5.9,5.9,False,1,$5.9,Card
PUN-20260604-0466,1,2026-06-04 18:01:43,Punggol,SOK-M-02,Men's Pile Crew Socks,Socks,Men,5.9,5.9,False,1,5.9,CARD
ORC-20260604-1168,3,2026-06-04 14:41:04,Orchard Central,SOK-M-04,Men's Ribbed Crew Socks,Socks,Men,5.9,5.9,False,1,5.9,PayNow
ORC-20260604-0366,1,2026-06-04 11:57:49,Orchard Central,SOK-M-02,Men's Pile Crew Socks,Socks,Men,5.9,5.9,False,1,5.9,NETS
BUG-20260604-0072,1,2026-06-04 18:23:58,Bugis,SOK-W-04,Women's Ribbed Crew Socks,Socks,Women,5.9,5.9,False,1,5.9,cash
BUG-20260604-0551,1,2026-06-04 21:35:40,Bugis,SOK-W-02,Women's Pile Crew Socks,Socks,WOMEN,5.9,5.9,False,1,5.9,Card
ORC-20260604-1067,2,2026-06-04 13:09:50,Orchard Central,BTM-M-01,Men's Ezy Ankle Pants,Bottoms,Men,29.9,29.9,False,1,29.9,Cash
ORC-20260604-0013,2,2026-06-04 20:34:22,Orchard Central,BTM-M-04,Men's Dry Stretch Shorts,Bottoms,Men,19.9,19.9,False,1,19.9,Card
ORC-20260604-0916,3,2026-06-04 20:33:06,Orchard Central,BTM-M-02,Men's Slim Fit Chino Trousers,Bottoms,Men,29.9,29.9,False,1,29.9,nets
ORC-20260604-1316,1,2026-06-04 11:00:59,Orchard Central,SOK-M-04,Men's Ribbed Crew Socks,Socks,Men,5.9,5.9,False,1,5.9,PayNow
BUG-20260604-0068,2,2026-06-04 21:17:23,Bugis,BTM-W-01,Women's Ultra Stretch Skinny Jeans,Bottoms,Women,39.9,39.9,False,1,39.9,PayNow
ORC-20260604-0504,1,2026-06-04 14:46:03,Orchard Central,BTM-M-05,Men's Wide Fit Cargo Pants,Bottoms,Men,39.9,39.9,False,1,39.9,Card
ORC-20260604-0626,2,2026-06-04 17:47:16,Orchard Central,TOP-M-04,Men's Oxford Long Sleeve Shirt,Tops,Men,29.9,29.9,False,1,29.9,
ORC-20260604-0373,2,2026-06-04 15:26:47,Orchard Central,SOK-W-02,,Socks,WOMEN,5.9,5.9,False,2,11.8,PayNow
ORC-20260604-0583,1,2026-06-04 20:46:04,Orchard Central,SOK-W-01,Women's Ankle Socks 3-Pack,Socks,Women,14.9,14.9,False,1,14.9,Card
ORC-20260604-0091,1,2026-06-04 14:39:33,Orchard Central,SOK-W-03,  Women's Airism Low-Cut Socks  ,Socks,Women,5.9,5.9,False,1,5.9,Card
ORC-20260604-0771,2,2026-06-04 15:36:19,Orchard Central,SOK-M-02,Men's Pile Crew Socks,Socks,Men,5.9,5.9,False,2,11.8,Card
ORC-20260604-1143,3,2026-06-04 13:32:36,ORCHARD CENTRAL,SOK-W-06,Women's Heattech Socks,SOCKS,Women,9.9,9.9,False,1,9.9,PayNow
ORC-20260604-0541,1,2026-06-04 20:53:26,Orchard Central,UND-M-02,Men's Cotton Blend Trunks,Underwear,Men,14.9,14.9,False,1,14.9,Card
ORC-20260604-1036,2,2026-06-04 16:03:35,Orchard Central,TOP-M-04,Men's Oxford Long Sleeve Shirt,Tops,Men,29.9,29.9,False,1,29.9,card
ORC-20260604-0938,1,2026-06-04 20:13:27,orchard central,SOK-M-02,Men's Pile Crew Socks,Socks,Men,5.9,5.9,False,2,11.8,Cash
ORC-20260604-0126,2,2026-06-04 18:17:04,Orchard Central,SOK-W-05,Women's Sport Ankle Socks,Socks,WOMEN,5.9,5.9,False,2,11.8,PayNow
ORC-20260604-0125,3,2026-06-04 19:18:25,Orchard Central,SOK-M-09,Men's No-Show Sneaker Socks,Socks,Men,4.11,5.9,True,2,8.22,Cash
ORC-20260604-0638,2,2026-06-04 22:10:03,Orchard Central,UND-M-01,Men's Airism Boxer Briefs,UNDERWEAR,Men,14.9,14.9,False,2,29.8,PayNow
PUN-20260604-0409,1,2026-06-04 21:49:50,Punggol,SOK-W-04,  Women's Ribbed Crew Socks  ,SOCKS,Women,5.9,5.9,False,2,11.8,
ORC-20260604-1334,2,2026-06-04 17:04:28,ORCHARD CENTRAL,SOK-W-03,Women's Airism Low-Cut Socks,Socks,Women,5.9,5.9,False,2,11.8,NETS
BUG-20260604-0405,1,2026-06-04 17:18:17,Bugis,TOP-M-01,  Men's Airism Cotton Crew Neck T-Shirt  ,tops,Men,14.9,14.9,False,1,14.9,Card
ORC-20260604-1321,2,2026-06-04 21:47:01,Orchard Central,TOP-W-02,Women's Ribbed Long Sleeve Turtleneck,TOPS,Women,19.9,19.9,False,1,19.9,PAYNOW
BUG-20260604-0049,1,2026-06-04 22:42:04,Bugis,SOK-M-03,Men's Airism Low-Cut Socks,Socks,Men,5.9,5.9,False,1,5.9,
ORC-20260604-0772,2,2026-06-04 20:07:15,Orchard Central,UND-M-03,Men's Airism Mesh Boxer Briefs,Underwear,Men,14.9,14.9,False,1,14.9,PayNow
BUG-20260604-0706,1,2026-06-04 19:55:23,Bugis,UND-W-03,Women's Cotton Blend Briefs,Underwear,Women,9.9,9.9,False,1,$9.9,PayNow
PUN-20260604-0485,1,2026-06-04 19:41:53,Punggol,SOK-M-07,Men's Striped Crew Socks,Socks,men,5.9,5.9,False,1,5.9,Card
PUN-20260604-0017,1,2026-06-04 17:14:35,Punggol,UND-W-07,,Underwear,WOMEN,14.9,14.9,False,1,14.9,NETS
ORC-20260604-1222,2,2026-06-04 13:49:24,Orchard Central,UND-M-02,Men's Cotton Blend Trunks,Underwear,Men,14.9,14.9,False,1,14.9,Card
ORC-20260604-1197,1,2026-06-04 19:13:15,orchard central,TOP-M-04,  Men's Oxford Long Sleeve Shirt  ,Tops,Men,29.9,29.9,False,1,29.9,Cash
ORC-20260604-1230,1,2026-06-04 15:29:15,Orchard Central,TOP-M-01,Men's Airism Cotton Crew Neck T-Shirt,Tops,MEN,14.9,14.9,False,1,14.9,Card
PUN-20260604-0554,2,2026-06-04 16:46:39,Punggol,SOK-M-02,  Men's Pile Crew Socks  ,Socks,Men,5.9,5.9,False,1,5.9,Paynow
BUG-20260604-0439,2,2026-06-04 13:48:23,Bugis,SOK-W-01,Women's Ankle Socks 3-Pack,Socks,Women,14.9,14.9,False,1,14.9,Cash
ORC-20260604-0183,2,2026-06-04 16:11:44,  Orchard Central  ,SOK-M-01,Men's Ankle Socks 3-Pack,Socks,Men,14.9,14.9,False,1,14.9,NETS
PUN-20260604-0284,2,2026-06-04 16:21:47,Punggol,SOK-W-03,  Women's Airism Low-Cut Socks  ,Socks,Women,5.9,5.9,False,1,5.9,Card
ORC-20260604-0328,1,2026-06-04 19:11:12,Orchard Central,SOK-M-09,Men's No-Show Sneaker Socks,Socks,Men,4.11,5.9,True,2,8.22,Cash
ORC-20260604-1246,2,2026-06-04 20:31:41,Orchard Central,SOK-W-02,Women's Pile Crew Socks,Socks,Women,5.9,5.9,False,1,5.9,PayNow
ORC-20260604-0275,2,2026-06-04 18:45:33,Orchard Central,UND-M-04,Men's Cotton Crew Neck Undershirt,UNDERWEAR,Men,14.9,14.9,False,1,14.9,CARD
BUG-20260604-0142,1,2026-06-04 21:48:34,Bugis,SOK-W-06,Women's Heattech Socks,Socks,Women,9.9,9.9,False,2,19.8,NETS
ORC-20260604-0508,3,2026-06-04 18:14:29,Orchard Central,SOK-M-02,Men's Pile Crew Socks,socks,MEN,5.9,5.9,False,1,5.9,nets
BUG-20260604-0692,1,2026-06-04 15:05:30,Bugis,TOP-W-01,Women's Airism Cotton Crew Neck T-Shirt,Tops,Women,$14.9,14.9,False,1,14.9,NETS
PUN-20260604-0562,2,2026-06-04 13:18:23,Punggol,UND-M-04,Men's Cotton Crew Neck Undershirt,underwear,Men,$14.9,14.9,False,1,14.9,Cash
BUG-20260604-0483,3,2026-06-04 16:50:13,BUGIS,TOP-W-02,Women's Ribbed Long Sleeve Turtleneck,Tops,Women,19.9,19.9,False,1,19.9,NETS
ORC-20260604-1329,2,2026-06-04 17:47:26,Orchard Central,SOK-M-04,Men's Ribbed Crew Socks,Socks,Men,5.9,5.9,False,1,5.9,CARD
ORC-20260604-0199,2,2026-06-04 21:09:45,  Orchard Central  ,UND-W-05,Women's Seamless Shorts,Underwear,Women,9.9,9.9,False,1,9.9,Card
ORC-20260604-0305,2,2026-06-04 18:34:07,ORCHARD CENTRAL,UND-W-03,Women's Cotton Blend Briefs,Underwear,Women,9.9,9.9,False,1,9.9,Card
ORC-20260604-0146,2,2026-06-04 21:43:52,Orchard Central,TOP-W-02,Women's Ribbed Long Sleeve Turtleneck,Tops,Women,19.9,19.9,False,1,19.9,Card
PUN-20260604-0416,2,2026-06-04 21:15:14,Punggol,BTM-W-04,Women's Denim Straight Jeans,Bottoms,Women,49.9,49.9,False,1,49.9,Card
ORC-20260604-1067,3,2026-06-04 13:09:50,orchard central,UND-M-03,Men's Airism Mesh Boxer Briefs,Underwear,Men,14.9,14.9,False,1,14.9,Cash
BUG-20260604-0373,3,2026-06-04 19:05:53,Bugis,TOP-M-04,Men's Oxford Long Sleeve Shirt,Tops,Men,29.9,29.9,False,1,29.9,Card
ORC-20260604-0723,2,2026-06-04 14:30:19,Orchard Central,SOK-M-03,  Men's Airism Low-Cut Socks  ,Socks,Men,5.9,5.9,False,1,5.9,PayNow
ORC-20260604-1012,3,2026-06-04 21:34:39,Orchard Central,UND-M-04,Men's Cotton Crew Neck Undershirt,Underwear,Men,14.9,14.9,False,1,14.9,Card
PUN-20260604-0098,1,2026-06-04 22:07:55,Punggol,BTM-M-04,Men's Dry Stretch Shorts,Bottoms,Men,19.9,19.9,False,1,19.9,Card
ORC-20260604-0027,1,2026-06-04 15:57:28,Orchard Central,BTM-W-03,Women's Ezy Ankle Pants,Bottoms,Women,29.9,29.9,False,1,29.9,Card
ORC-20260604-0393,2,2026-06-04 13:28:22,Orchard Central,TOP-M-02,Men's Supima Cotton Polo Shirt,Tops,MEN,29.9,29.9,False,1,29.9,PayNow
BUG-20260604-0281,3,2026-06-04 17:36:19,Bugis,SOK-M-03,Men's Airism Low-Cut Socks,Socks,Men,5.9,5.9,False,1,5.9,Card
BUG-20260604-0757,1,2026-06-04 19:50:49,BUGIS,SOK-W-04,Women's Ribbed Crew Socks,Socks,WOMEN,5.9,5.9,False,1,5.9,NETS
PUN-20260604-0493,1,2026-06-04 19:30:41,Punggol,UND-M-04,Men's Cotton Crew Neck Undershirt,underwear,Men,14.9,14.9,False,2,29.8,Cash
ORC-20260604-0738,1,2026-06-04 20:19:53,Orchard Central,SOK-M-09,Men's No-Show Sneaker Socks,SOCKS,Men,4.11,5.9,True,1,4.11,PayNow
ORC-20260604-0312,2,2026-06-04 17:13:29,Orchard Central,BTM-W-03,Women's Ezy Ankle Pants,Bottoms,Women,29.9,29.9,False,1,29.9,PayNow
ORC-20260604-0690,1,2026-06-04 20:30:12,Orchard Central,SOK-M-04,Men's Ribbed Crew Socks,Socks,Men,5.9,5.9,False,1,5.9,paynow
PUN-20260604-0111,1,2026-06-04 20:51:01,Punggol,SOK-W-03,Women's Airism Low-Cut Socks,Socks,Women,5.9,5.9,False,1,5.9,Card
ORC-20260604-0400,1,2026-06-04 13:07:42,Orchard Central,SOK-M-04,Men's Ribbed Crew Socks,Socks,Men,5.9,5.9,False,1,5.9,Card
BUG-20260604-0744,1,2026-06-04 11:36:36,Bugis,SOK-W-02,Women's Pile Crew Socks,Socks,Women,5.9,5.9,False,1,5.9,NETS
ORC-20260604-1255,1,2026-06-04 20:30:20,Orchard Central,SOK-W-03,Women's Airism Low-Cut Socks,Socks,Women,5.9,5.9,False,2,11.8,NETS
ORC-20260604-0339,1,2026-06-04 20:17:17,Orchard Central,SOK-M-02,Men's Pile Crew Socks,Socks,Men,5.9,5.9,False,1,5.9,Cash
BUG-20260604-0847,2,2026-06-04 21:42:02,Bugis,SOK-M-03,Men's Airism Low-Cut Socks,Socks,Men,5.9,5.9,False,1,5.9,Card
PUN-20260604-0306,2,2026-06-04 15:14:43,Punggol,SOK-M-08,Men's Cotton Blend Dress Socks,Socks,Men,9.9,9.9,False,1,9.9,PayNow
ORC-20260604-1423,1,2026-06-04 12:24:24,Orchard Central,SOK-W-03,Women's Airism Low-Cut Socks,Socks,Women,5.9,5.9,False,1,5.9,PayNow
ORC-20260604-0445,1,2026-06-04 18:03:49,Orchard Central,BTM-W-04,Women's Denim Straight Jeans,Bottoms,Women,49.9,49.9,False,1,49.9,NETS
BUG-20260604-0686,1,2026-06-04 19:10:13,Bugis,SOK-W-04,Women's Ribbed Crew Socks,Socks,Women,5.9,5.9,False,1,5.9,Cash
ORC-20260604-0046,1,2026-06-04 18:22:30,Orchard Central,BTM-M-01,  Men's Ezy Ankle Pants  ,Bottoms,Men,29.9,29.9,False,1,29.9,Card
ORC-20260604-0956,1,2026-06-04 21:35:09,ORCHARD CENTRAL,UND-W-03,Women's Cotton Blend Briefs,Underwear,Women,9.9,9.9,False,1,9.9,Nets
BUG-20260604-0849,3,2026-06-04 11:44:54,Bugis,BTM-M-02,Men's Slim Fit Chino Trousers,Bottoms,Men,29.9,29.9,False,1,29.9,Card
BUG-20260604-0047,1,2026-06-04 15:39:12,Bugis,TOP-M-04,Men's Oxford Long Sleeve Shirt,Tops,Men,29.9,29.9,False,1,29.9,Cash
BUG-20260604-0662,1,2026-06-04 18:13:15,Bugis,UND-W-01,Women's Airism Bikini Shorts,Underwear,Women,9.9,9.9,False,1,9.9,PayNow
ORC-20260604-1225,1,2026-06-04 17:01:20,Orchard Central,SOK-M-02,Men's Pile Crew Socks,Socks,Men,5.9,5.9,False,2,11.8,Card
BUG-20260604-0360,2,2026-06-04 18:40:44,Bugis,SOK-W-04,Women's Ribbed Crew Socks,Socks,Women,5.9,5.9,False,1,5.9,PayNow
ORC-20260604-0601,3,2026-06-04 21:22:55,Orchard Central,UND-W-03,Women's Cotton Blend Briefs,Underwear,Women,9.9,9.9,False,1,9.9,PayNow
PUN-20260604-0426,1,2026-06-04 19:11:50,Punggol,UND-M-04,Men's Cotton Crew Neck Undershirt,Underwear,Men,14.9,14.9,False,1,$14.9,Card
BUG-20260604-0439,3,2026-06-04 13:48:23,Bugis,SOK-M-02,Men's Pile Crew Socks,SOCKS,Men,5.9,5.9,False,1,5.9,Cash
ORC-20260604-1162,3,2026-06-04 18:00:01,Orchard Central,SOK-W-02,Women's Pile Crew Socks,Socks,women,5.9,5.9,False,1,5.9,PayNow
PUN-20260604-0221,2,2026-06-04 16:58:50,  Punggol  ,SOK-W-02,Women's Pile Crew Socks,Socks,Women,5.9,5.9,False,1,5.9,Cash
ORC-20260604-0264,2,2026-06-04 13:29:31,Orchard Central,SOK-M-02,Men's Pile Crew Socks,Socks,men,5.9,5.9,False,1,5.9,NETS
ORC-20260604-0860,2,2026-06-04 19:58:01,Orchard Central,SOK-W-02,Women's Pile Crew Socks,Socks,Women,5.9,5.9,False,1,5.9,Card
BUG-20260604-0682,1,2026-06-04 21:08:40,Bugis,UND-M-04,Men's Cotton Crew Neck Undershirt,Underwear,Men,14.9,14.9,False,1,14.9,Card
PUN-20260604-0062,1,2026-06-04 18:53:47,PUNGGOL,TOP-M-01,Men's Airism Cotton Crew Neck T-Shirt,Tops,Men,14.9,14.9,False,1,14.9,PayNow
ORC-20260604-0975,2,2026-06-04 19:30:29,Orchard Central,SOK-M-09,Men's No-Show Sneaker Socks,Socks,Men,4.11,5.9,True,2,8.22,PayNow
PUN-20260604-0512,1,2026-06-04 12:28:32,Punggol,BTM-W-02,Women's High-Rise Wide Leg Pants,bottoms,Women,39.9,39.9,False,1,39.9,Card
BUG-20260604-0630,3,2026-06-04 11:59:54,Bugis,UND-M-01,Men's Airism Boxer Briefs,Underwear,Men,14.9,14.9,False,1,$14.9,cash
BUG-20260604-0258,1,2026-06-04 19:48:29,Bugis,UND-M-08,Men's Airism V-Neck Undershirt,Underwear,Men,9.9,9.9,False,2,19.8,Card
ORC-20260604-1214,2,2026-06-04 14:23:02,Orchard Central,TOP-W-01,Women's Airism Cotton Crew Neck T-Shirt,Tops,Women,14.9,14.9,False,1,14.9,Cash
BUG-20260604-0524,1,2026-06-04 22:15:08,Bugis,UND-W-03,Women's Cotton Blend Briefs,Underwear,Women,9.9,9.9,False,1,9.9,Card
BUG-20260604-0794,1,2026-06-04 20:31:47,Bugis,TOP-W-01,Women's Airism Cotton Crew Neck T-Shirt,Tops,Women,14.9,14.9,False,1,14.9,Card
ORC-20260604-1217,1,2026-06-04 17:11:11,Orchard Central,SOK-M-09,Men's No-Show Sneaker Socks,Socks,Men,4.11,5.9,True,1,4.11,Card
BUG-20260604-0809,1,2026-06-04 19:06:23,Bugis,SOK-W-02,Women's Pile Crew Socks,Socks,Women,5.9,5.9,False,1,5.9,Card
BUG-20260604-0707,1,2026-06-04 18:58:51,Bugis,TOP-W-02,Women's Ribbed Long Sleeve Turtleneck,Tops,Women,19.9,19.9,False,1,19.9,PayNow
ORC-20260604-0562,1,2026-06-04 20:11:37,Orchard Central,TOP-W-02,Women's Ribbed Long Sleeve Turtleneck,tops,Women,19.9,19.9,False,1,19.9,card
ORC-20260604-0115,2,2026-06-04 13:00:02,Orchard Central,SOK-M-03,Men's Airism Low-Cut Socks,Socks,Men,5.9,5.9,False,1,5.9,card
ORC-20260604-0087,2,2026-06-04 22:51:53,Orchard Central,UND-W-07,Women's Heattech Camisole,Underwear,Women,14.9,14.9,False,1,14.9,nets
PUN-20260604-0015,1,2026-06-04 17:35:39,Punggol,SOK-M-02,Men's Pile Crew Socks,Socks,Men,5.9,5.9,False,1,5.9,PayNow
BUG-20260604-0165,2,2026-06-04 13:14:02,  Bugis  ,SOK-M-03,Men's Airism Low-Cut Socks,Socks,Men,5.9,5.9,False,2,11.8,NETS
ORC-20260604-1239,2,2026-06-04 20:20:28,orchard central,BTM-W-03,Women's Ezy Ankle Pants,Bottoms,Women,29.9,29.9,False,1,29.9,Card
ORC-20260604-0192,1,2026-06-04 21:55:54,Orchard Central,UND-M-02,Men's Cotton Blend Trunks,Underwear,Men,14.9,14.9,False,1,14.9,card
ORC-20260604-0198,1,2026-06-04 19:19:05,Orchard Central,SOK-W-05,Women's Sport Ankle Socks,socks,Women,5.9,5.9,False,1,5.9,Nets
ORC-20260604-1350,2,2026-06-04 11:56:09,Orchard Central,SOK-W-03,Women's Airism Low-Cut Socks,Socks,Women,5.9,5.9,False,1,5.9,Card
PUN-20260604-0563,1,2026-06-04 16:50:34,Punggol,BTM-M-01,Men's Ezy Ankle Pants,Bottoms,Men,29.9,29.9,False,1,29.9,NETS
ORC-20260604-1041,1,2026-06-04 11:52:59,Orchard Central,SOK-M-03,Men's Airism Low-Cut Socks,socks,Men,5.9,5.9,False,1,5.9,Card
BUG-20260604-0278,2,2026-06-04 17:10:51,Bugis,BTM-W-02,Women's High-Rise Wide Leg Pants,Bottoms,Women,39.9,39.9,False,1,39.9,card
PUN-20260604-0511,3,2026-06-04 19:50:47,Punggol,UND-W-03,Women's Cotton Blend Briefs,Underwear,women,9.9,9.9,False,1,9.9,PAYNOW
ORC-20260604-1319,2,2026-06-04 18:49:43,Orchard Central,UND-M-02,Men's Cotton Blend Trunks,Underwear,MEN,14.9,14.9,False,1,14.9,NETS
ORC-20260604-0840,1,2026-06-04 20:43:16,Orchard Central,SOK-W-02,Women's Pile Crew Socks,Socks,Women,5.9,5.9,False,1,5.9,PayNow
ORC-20260604-0071,3,2026-06-04 18:34:28,Orchard Central,UND-M-01,Men's Airism Boxer Briefs,Underwear,MEN,14.9,14.9,False,1,14.9,PayNow
ORC-20260604-1304,3,2026-06-04 17:16:15,Orchard Central,BTM-M-07,Men's Smart Ankle Pants,Bottoms,men,39.9,39.9,False,1,39.9,Card
PUN-20260604-0137,3,2026-06-04 12:26:04,Punggol,UND-W-05,Women's Seamless Shorts,Underwear,Women,9.9,9.9,False,1,9.9,Card
BUG-20260604-0873,2,2026-06-04 19:32:45,Bugis,UND-M-10,Men's Cotton Blend Briefs,Underwear,Men,9.9,9.9,False,1,9.9,NETS
ORC-20260604-0582,2,2026-06-04 20:26:37,Orchard Central,BTM-W-03,Women's Ezy Ankle Pants,Bottoms,Women,29.9,29.9,False,1,29.9,PayNow
PUN-20260604-0408,2,2026-06-04 19:32:15,Punggol,SOK-M-04,Men's Ribbed Crew Socks,Socks,Men,5.9,5.9,False,2,11.8,nets
ORC-20260604-0548,2,2026-06-04 20:29:30,Orchard Central,UND-W-03,Women's Cotton Blend Briefs,Underwear,Women,9.9,9.9,False,1,9.9,PayNow
BUG-20260604-0241,2,2026-06-04 20:36:56,  Bugis  ,SOK-M-01,Men's Ankle Socks 3-Pack,Socks,Men,14.9,14.9,False,1,14.9,NETS
BUG-20260604-0181,1,2026-06-04 11:47:43,Bugis,BTM-M-01,Men's Ezy Ankle Pants,BOTTOMS,Men,29.9,29.9,False,1,29.9,NETS
ORC-20260604-1060,3,2026-06-04 17:24:06,Orchard Central,BTM-W-04,Women's Denim Straight Jeans,bottoms,Women,49.9,49.9,False,1,49.9,PayNow
BUG-20260604-0730,1,2026-06-04 20:01:29,Bugis,BTM-M-04,Men's Dry Stretch Shorts,BOTTOMS,Men,19.9,19.9,False,1,19.9,Cash
ORC-20260604-0925,1,2026-06-04 21:29:44,Orchard Central,SOK-M-02,Men's Pile Crew Socks,Socks,MEN,5.9,5.9,False,1,5.9,NETS
BUG-20260604-0827,3,2026-06-04 11:10:31,Bugis,SOK-M-04,Men's Ribbed Crew Socks,Socks,MEN,5.9,5.9,False,2,11.8,NETS
ORC-20260604-0678,2,2026-06-04 17:10:49,Orchard Central,BTM-W-03,Women's Ezy Ankle Pants,Bottoms,Women,29.9,29.9,False,1,29.9,Card
ORC-20260604-0122,1,2026-06-04 20:24:03,Orchard Central,SOK-W-08,Women's Lace Trim Ankle Socks,Socks,Women,5.9,5.9,False,2,11.8,PayNow
PUN-20260604-0319,2,2026-06-04 21:37:00,Punggol,UND-M-02,Men's Cotton Blend Trunks,Underwear,Men,14.9,14.9,False,2,29.8,Cash
BUG-20260604-0222,1,2026-06-04 18:09:12,Bugis,UND-W-03,Women's Cotton Blend Briefs,Underwear,Women,9.9,9.9,False,1,9.9,Cash
ORC-20260604-0680,3,2026-06-04 17:07:13,Orchard Central,SOK-M-02,Men's Pile Crew Socks,Socks,Men,5.9,5.9,False,1,5.9,Card
ORC-20260604-0881,1,2026-06-04 13:58:41,Orchard Central,SOK-W-08,Women's Lace Trim Ankle Socks,Socks,Women,5.9,5.9,False,2,11.8,PayNow
ORC-20260604-1390,1,2026-06-04 18:25:57,  ORCHARD CENTRAL  ,SOK-M-02,Men's Pile Crew Socks,Socks,MEN,5.9,5.9,False,1,5.9,Card
ORC-20260604-0680,2,2026-06-04 17:07:13,  Orchard Central  ,UND-M-01,Men's Airism Boxer Briefs,Underwear,Men,$14.9,14.9,False,1,14.9,card
BUG-20260604-0459,1,2026-06-04 17:49:24,Bugis,BTM-M-04,Men's Dry Stretch Shorts,Bottoms,Men,19.9,19.9,False,1,19.9,Card
ORC-20260604-0807,1,2026-06-04 20:41:54,ORCHARD CENTRAL,SOK-W-02,Women's Pile Crew Socks,Socks,Women,5.9,5.9,False,2,11.8,Cash
ORC-20260604-1195,2,2026-06-04 19:50:42,Orchard Central,SOK-M-03,  Men's Airism Low-Cut Socks  ,Socks,Men,5.9,5.9,False,1,5.9,NETS
PUN-20260604-0233,2,2026-06-04 14:08:06,Punggol,BTM-W-02,Women's High-Rise Wide Leg Pants,Bottoms,Women,39.9,39.9,False,1,39.9,PayNow
ORC-20260604-0598,1,2026-06-04 17:49:34,Orchard Central,TOP-W-01,Women's Airism Cotton Crew Neck T-Shirt,Tops,Women,14.9,14.9,False,1,14.9,NETS
BUG-20260604-0534,1,2026-06-04 12:25:05,Bugis,SOK-W-02,Women's Pile Crew Socks,Socks,Women,5.9,5.9,False,1,5.9,PayNow
ORC-20260604-0059,3,2026-06-04 16:59:09,Orchard Central,SOK-W-02,Women's Pile Crew Socks,Socks,Women,5.9,5.9,False,1,5.9,NETS
BUG-20260604-0586,3,2026-06-04 14:10:12,Bugis,UND-W-01,Women's Airism Bikini Shorts,Underwear,Women,9.9,9.9,False,1,9.9,Card
ORC-20260604-1219,3,2026-06-04 11:07:12,Orchard Central,SOK-M-01,Men's Ankle Socks 3-Pack,Socks,Men,14.9,14.9,False,1,14.9,NETS
BUG-20260604-0147,2,2026-06-04 17:29:05,Bugis,UND-W-04,Women's Airism T-Shirt Bra,Underwear,Women,29.9,29.9,False,1,29.9,card
BUG-20260604-0612,3,2026-06-04 19:50:38,Bugis,TOP-M-04,Men's Oxford Long Sleeve Shirt,Tops,Men,29.9,29.9,False,1,29.9,Card
PUN-20260604-0237,2,2026-06-04 21:52:40,Punggol,BTM-M-03,Men's Selvedge Regular Fit Jeans,Bottoms,Men,59.9,59.9,False,1,59.9,PayNow
ORC-20260604-0478,2,2026-06-04 19:06:56,Orchard Central,SOK-M-09,Men's No-Show Sneaker Socks,Socks,Men,4.11,5.9,True,2,8.22,Card
BUG-20260604-0289,1,2026-06-04 21:39:10,Bugis,SOK-W-02,  Women's Pile Crew Socks  ,Socks,Women,5.9,5.9,False,1,5.9,Card
ORC-20260604-0795,2,2026-06-04 17:47:21,Orchard Central,UND-M-02,Men's Cotton Blend Trunks,Underwear,Men,14.9,14.9,False,1,$14.9,PayNow
BUG-20260604-0311,1,2026-06-04 18:29:06,Bugis,SOK-W-03,Women's Airism Low-Cut Socks,Socks,Women,5.9,5.9,False,1,5.9,Cash
BUG-20260604-0153,3,2026-06-04 21:56:37,Bugis,SOK-M-04,Men's Ribbed Crew Socks,Socks,Men,5.9,5.9,False,1,5.9,Card
ORC-20260604-1219,1,2026-06-04 11:07:12,ORCHARD CENTRAL,BTM-W-01,  Women's Ultra Stretch Skinny Jeans  ,Bottoms,Women,39.9,39.9,False,1,39.9,NETS
PUN-20260604-0433,3,2026-06-04 19:17:23,Punggol,UND-W-01,Women's Airism Bikini Shorts,Underwear,Women,9.9,9.9,False,1,9.9,Cash
ORC-20260604-0603,2,2026-06-04 12:32:35,Orchard Central,TOP-W-02,Women's Ribbed Long Sleeve Turtleneck,Tops,women,19.9,19.9,False,1,19.9,card
ORC-20260604-1159,1,2026-06-04 14:53:32,Orchard Central,UND-M-04,Men's Cotton Crew Neck Undershirt,Underwear,Men,14.9,14.9,False,1,14.9,Card
ORC-20260604-0774,3,2026-06-04 18:46:38,Orchard Central,UND-M-02,Men's Cotton Blend Trunks,Underwear,Men,14.9,14.9,False,1,14.9,Card
BUG-20260604-0650,1,2026-06-04 21:09:30,Bugis,UND-W-04,  Women's Airism T-Shirt Bra  ,Underwear,women,29.9,29.9,False,1,29.9,NETS
ORC-20260604-1422,1,2026-06-04 20:15:23,Orchard Central,SOK-M-03,Men's Airism Low-Cut Socks,Socks,Men,5.9,5.9,False,2,11.8,PayNow
ORC-20260604-0287,2,2026-06-04 16:44:16,ORCHARD CENTRAL,SOK-W-02,Women's Pile Crew Socks,Socks,Women,5.9,5.9,False,1,5.9,PayNow
ORC-20260604-0106,2,2026-06-04 22:18:21,Orchard Central,SOK-W-02,Women's Pile Crew Socks,socks,Women,5.9,5.9,False,1,5.9,NETS
ORC-20260604-1122,2,2026-06-04 20:54:35,Orchard Central,UND-M-04,Men's Cotton Crew Neck Undershirt,Underwear,Men,14.9,14.9,False,1,14.9,Cash
ORC-20260604-0846,2,2026-06-04 19:49:12,Orchard Central,UND-M-01,Men's Airism Boxer Briefs,Underwear,Men,14.9,14.9,False,1,14.9,PayNow
BUG-20260604-0786,2,2026-06-04 20:37:28,Bugis,UND-W-02,Women's Wireless Bra,Underwear,Women,29.9,29.9,False,1,29.9,Card
BUG-20260604-0570,1,2026-06-04 18:29:02,Bugis,UND-W-06,  Women's Lace Trim Briefs  ,Underwear,women,9.9,9.9,False,1,9.9,Cash
PUN-20260604-0396,1,2026-06-04 18:53:22,Punggol,SOK-W-04,Women's Ribbed Crew Socks,Socks,Women,5.9,5.9,False,1,$5.9,NETS
BUG-20260604-0878,2,2026-06-04 13:10:19,Bugis,SOK-M-01,Men's Ankle Socks 3-Pack,Socks,Men,14.9,14.9,False,1,14.9,PayNow
ORC-20260604-0375,2,2026-06-04 19:34:38,Orchard Central,SOK-W-02,Women's Pile Crew Socks,Socks,Women,5.9,5.9,False,1,5.9,CARD
BUG-20260604-0780,2,2026-06-04 11:31:13,Bugis,TOP-W-01,Women's Airism Cotton Crew Neck T-Shirt,Tops,Women,14.9,14.9,False,1,14.9,PayNow
BUG-20260604-0708,1,2026-06-04 19:54:11,Bugis,SOK-W-01,Women's Ankle Socks 3-Pack,Socks,Women,14.9,14.9,False,1,14.9,Card
BUG-20260604-0094,2,2026-06-04 18:53:23,Bugis,SOK-M-03,Men's Airism Low-Cut Socks,Socks,Men,5.9,5.9,False,1,5.9,PayNow
BUG-20260604-0883,2,2026-06-04 20:55:23,Bugis,SOK-W-03,Women's Airism Low-Cut Socks,Socks,Women,5.9,5.9,False,1,5.9,Card
BUG-20260604-0603,1,2026-06-04 22:12:48,Bugis,UND-M-04,  Men's Cotton Crew Neck Undershirt  ,Underwear,Men,14.9,14.9,False,2,29.8,Card
ORC-20260604-1317,3,2026-06-04 21:54:40,  Orchard Central  ,SOK-W-03,Women's Airism Low-Cut Socks,Socks,Women,5.9,5.9,False,1,5.9,Card
ORC-20260604-0309,2,2026-06-04 20:42:27,  Orchard Central  ,SOK-M-09,Men's No-Show Sneaker Socks,Socks,Men,4.11,5.9,True,2,8.22,PayNow
ORC-20260604-1220,3,2026-06-04 17:12:02,Orchard Central,SOK-W-09,Women's No-Show Sneaker Socks,Socks,Women,5.9,5.9,False,1,5.9,PayNow
ORC-20260604-1417,1,2026-06-04 20:10:14,orchard central,SOK-M-04,Men's Ribbed Crew Socks,Socks,Men,5.9,5.9,False,2,11.8,PayNow
PUN-20260604-0238,2,2026-06-04 17:38:44,Punggol,BTM-W-01,Women's Ultra Stretch Skinny Jeans,Bottoms,WOMEN,39.9,39.9,False,1,39.9,Cash
BUG-20260604-0268,1,2026-06-04 17:10:27,Bugis,TOP-W-01,Women's Airism Cotton Crew Neck T-Shirt,Tops,Women,14.9,14.9,False,1,14.9,Card
ORC-20260604-0145,1,2026-06-04 20:32:48,Orchard Central,SOK-M-09,Men's No-Show Sneaker Socks,Socks,Men,4.11,5.9,True,1,4.11,nets
ORC-20260604-0335,1,2026-06-04 19:25:34,Orchard Central,SOK-W-06,Women's Heattech Socks,Socks,Women,9.9,9.9,False,1,9.9,Card
PUN-20260604-0506,1,2026-06-04 19:23:40,punggol,SOK-M-01,Men's Ankle Socks 3-Pack,Socks,Men,14.9,14.9,False,2,29.8,PayNow
PUN-20260604-0185,3,2026-06-04 12:02:21,Punggol,BTM-W-09,Women's Sweat Shorts,Bottoms,Women,19.9,19.9,False,1,19.9,Cash
BUG-20260604-0637,1,2026-06-04 20:15:19,Bugis,TOP-W-03,Women's Silky Satin Blouse,Tops,Women,39.9,39.9,False,1,39.9,NETS
PUN-20260604-0317,1,2026-06-04 20:07:49,Punggol,SOK-M-03,Men's Airism Low-Cut Socks,SOCKS,Men,5.9,5.9,False,1,5.9,Card
ORC-20260604-1162,1,2026-06-04 18:00:01,Orchard Central,BTM-M-04,  Men's Dry Stretch Shorts  ,bottoms,Men,19.9,19.9,False,1,19.9,PayNow
BUG-20260604-0761,2,2026-06-04 17:43:06,Bugis,SOK-M-02,Men's Pile Crew Socks,Socks,Men,5.9,5.9,False,1,$5.9,Card
ORC-20260604-0357,2,2026-06-04 22:05:40,ORCHARD CENTRAL,SOK-M-09,Men's No-Show Sneaker Socks,Socks,Men,4.11,5.9,True,1,4.11,PayNow
BUG-20260604-0182,1,2026-06-04 16:50:13,Bugis,SOK-M-01,Men's Ankle Socks 3-Pack,Socks,Men,14.9,14.9,False,1,14.9,Card
ORC-20260604-0523,1,2026-06-04 19:41:53,Orchard Central,TOP-W-02,Women's Ribbed Long Sleeve Turtleneck,Tops,women,19.9,19.9,False,1,19.9,Card
ORC-20260604-0022,1,2026-06-04 14:07:24,ORCHARD CENTRAL,SOK-W-02,  Women's Pile Crew Socks  ,socks,Women,5.9,5.9,False,1,5.9,Card
ORC-20260604-0670,1,2026-06-04 15:52:51,Orchard Central,UND-W-03,Women's Cotton Blend Briefs,Underwear,Women,9.9,9.9,False,2,19.8,card
ORC-20260604-1012,2,2026-06-04 21:34:39,Orchard Central,UND-M-04,Men's Cotton Crew Neck Undershirt,Underwear,Men,14.9,14.9,False,2,29.8,Card
ORC-20260604-0285,1,2026-06-04 22:11:20,Orchard Central,SOK-M-04,Men's Ribbed Crew Socks,Socks,men,5.9,5.9,False,1,5.9,nets
BUG-20260604-0389,3,2026-06-04 20:18:49,Bugis,SOK-M-07,Men's Striped Crew Socks,Socks,Men,5.9,5.9,False,1,5.9,card
BUG-20260604-0578,2,2026-06-04 21:27:29,bugis,SOK-W-04,Women's Ribbed Crew Socks,Socks,Women,5.9,5.9,False,1,5.9,NETS
ORC-20260604-0340,3,2026-06-04 18:51:01,Orchard Central,SOK-M-09,Men's No-Show Sneaker Socks,socks,Men,4.11,5.9,True,1,4.11,Cash
ORC-20260604-1097,2,2026-06-04 22:23:04,Orchard Central,SOK-W-02,Women's Pile Crew Socks,Socks,Women,5.9,5.9,False,1,5.9,Card
BUG-20260604-0347,1,2026-06-04 17:31:13,  Bugis  ,SOK-W-01,Women's Ankle Socks 3-Pack,Socks,Women,14.9,14.9,False,2,$29.8,Card
BUG-20260604-0505,3,2026-06-04 20:18:45,Bugis,BTM-M-02,Men's Slim Fit Chino Trousers,Bottoms,Men,29.9,29.9,False,1,29.9,Card
ORC-20260604-0246,1,2026-06-04 20:10:28,Orchard Central,SOK-M-04,Men's Ribbed Crew Socks,socks,men,5.9,5.9,False,1,5.9,Cash
ORC-20260604-0045,2,2026-06-04 20:13:14,orchard central,SOK-W-02,Women's Pile Crew Socks,Socks,Women,5.9,5.9,False,1,5.9,Card
PUN-20260604-0523,1,2026-06-04 19:57:42,Punggol,TOP-W-01,Women's Airism Cotton Crew Neck T-Shirt,Tops,Women,14.9,14.9,False,1,14.9,Card
ORC-20260604-0393,1,2026-06-04 13:28:22,ORCHARD CENTRAL,SOK-W-02,Women's Pile Crew Socks,Socks,WOMEN,5.9,5.9,False,2,11.8,PayNow
BUG-20260604-0474,2,2026-06-04 13:24:12,bugis,SOK-W-03,Women's Airism Low-Cut Socks,Socks,Women,5.9,5.9,False,1,5.9,NETS
BUG-20260604-0306,1,2026-06-04 19:24:43,Bugis,TOP-M-02,  Men's Supima Cotton Polo Shirt  ,Tops,Men,29.9,29.9,False,1,29.9,Card
PUN-20260604-0047,2,2026-06-04 13:41:38,Punggol,UND-M-02,Men's Cotton Blend Trunks,Underwear,Men,14.9,14.9,False,1,14.9,cash
ORC-20260604-1378,3,2026-06-04 18:01:59,Orchard Central,SOK-W-02,Women's Pile Crew Socks,Socks,WOMEN,5.9,5.9,False,1,5.9,Card
PUN-20260604-0358,2,2026-06-04 19:23:14,PUNGGOL,SOK-M-03,Men's Airism Low-Cut Socks,Socks,Men,5.9,5.9,False,1,5.9,Cash
ORC-20260604-1401,3,2026-06-04 20:37:38,Orchard Central,SOK-M-03,Men's Airism Low-Cut Socks,Socks,Men,5.9,5.9,False,1,5.9,Card
PUN-20260604-0464,2,2026-06-04 16:10:47,Punggol,TOP-M-01,  Men's Airism Cotton Crew Neck T-Shirt  ,Tops,Men,14.9,14.9,False,1,14.9,NETS
PUN-20260604-0057,1,2026-06-04 12:50:45,Punggol,SOK-W-01,Women's Ankle Socks 3-Pack,Socks,Women,14.9,14.9,False,1,14.9,NETS
ORC-20260604-0002,1,2026-06-04 20:12:12,Orchard Central,SOK-W-03,Women's Airism Low-Cut Socks,Socks,Women,5.9,5.9,False,1,5.9,Cash
ORC-20260604-0703,1,2026-06-04 21:56:53,Orchard Central,UND-M-04,Men's Cotton Crew Neck Undershirt,Underwear,Men,14.9,14.9,False,1,14.9,Card
BUG-20260604-0156,1,2026-06-04 21:00:45,Bugis,UND-M-04,Men's Cotton Crew Neck Undershirt,Underwear,Men,14.9,14.9,False,1,14.9,Cash
ORC-20260604-0331,2,2026-06-04 21:54:20,orchard central,SOK-M-09,Men's No-Show Sneaker Socks,Socks,Men,4.11,5.9,True,1,4.11,card
ORC-20260604-0095,1,2026-06-04 18:02:23,Orchard Central,SOK-M-04,Men's Ribbed Crew Socks,Socks,Men,5.9,5.9,False,1,5.9,Card
ORC-20260604-0858,1,2026-06-04 20:34:10,  Orchard Central  ,UND-W-07,Women's Heattech Camisole,Underwear,Women,14.9,14.9,False,1,$14.9,PayNow
ORC-20260604-0496,1,2026-06-04 19:35:21,Orchard Central,SOK-W-03,Women's Airism Low-Cut Socks,Socks,Women,5.9,5.9,False,2,11.8,Card
ORC-20260604-0884,1,2026-06-04 20:18:10,orchard central,UND-M-02,Men's Cotton Blend Trunks,Underwear,Men,14.9,14.9,False,1,$14.9,Card
BUG-20260604-0713,1,2026-06-04 20:43:10,  Bugis  ,UND-W-03,  Women's Cotton Blend Briefs  ,Underwear,Women,9.9,9.9,False,2,19.8,NETS
BUG-20260604-0405,2,2026-06-04 17:18:17,Bugis,SOK-W-04,Women's Ribbed Crew Socks,Socks,Women,5.9,5.9,False,1,5.9,CARD
ORC-20260604-0381,2,2026-06-04 14:38:02,Orchard Central,BTM-M-02,Men's Slim Fit Chino Trousers,Bottoms,Men,29.9,29.9,False,1,29.9,Card
ORC-20260604-0068,1,2026-06-04 15:51:03,Orchard Central,UND-M-04,Men's Cotton Crew Neck Undershirt,Underwear,Men,14.9,14.9,False,1,14.9,Card
ORC-20260604-0602,2,2026-06-04 18:10:40,Orchard Central,UND-M-03,Men's Airism Mesh Boxer Briefs,Underwear,Men,$14.9,14.9,False,1,14.9,Paynow
BUG-20260604-0827,2,2026-06-04 11:10:31,Bugis,TOP-W-02,  Women's Ribbed Long Sleeve Turtleneck  ,Tops,Women,19.9,19.9,False,1,19.9,NETS
BUG-20260604-0359,1,2026-06-04 16:41:06,Bugis,SOK-W-03,Women's Airism Low-Cut Socks,Socks,Women,5.9,5.9,False,1,$5.9,CARD
ORC-20260604-0849,3,2026-06-04 21:01:25,Orchard Central,SOK-W-02,Women's Pile Crew Socks,Socks,Women,5.9,5.9,False,1,5.9,PayNow
ORC-20260604-0892,1,2026-06-04 21:33:53,Orchard Central,SOK-M-03,Men's Airism Low-Cut Socks,Socks,Men,5.9,5.9,False,1,5.9,NETS
ORC-20260604-0604,2,2026-06-04 16:41:35,Orchard Central,TOP-W-02,Women's Ribbed Long Sleeve Turtleneck,Tops,Women,19.9,19.9,False,1,19.9,Cash
ORC-20260604-0464,3,2026-06-04 17:32:56,Orchard Central,BTM-W-04,Women's Denim Straight Jeans,Bottoms,Women,49.9,49.9,False,1,49.9,
ORC-20260604-1407,1,2026-06-04 20:10:51,Orchard Central,SOK-W-05,  Women's Sport Ankle Socks  ,Socks,Women,5.9,5.9,False,1,5.9,NETS
ORC-20260604-1057,1,2026-06-04 16:31:36,Orchard Central,SOK-W-02,  Women's Pile Crew Socks  ,Socks,Women,5.9,5.9,False,1,5.9,Card
ORC-20260604-0066,1,2026-06-04 16:00:22,Orchard Central,SOK-M-07,  Men's Striped Crew Socks  ,Socks,Men,5.9,5.9,False,1,5.9,Card
PUN-20260604-0059,1,2026-06-04 19:57:15,Punggol,BTM-W-03,Women's Ezy Ankle Pants,Bottoms,WOMEN,29.9,29.9,False,1,29.9,Card
PUN-20260604-0511,1,2026-06-04 19:50:47,PUNGGOL,SOK-M-02,Men's Pile Crew Socks,Socks,Men,5.9,5.9,False,1,5.9,
BUG-20260604-0298,2,2026-06-04 11:05:38,Bugis,SOK-M-03,Men's Airism Low-Cut Socks,Socks,Men,5.9,5.9,False,1,5.9,card
PUN-20260604-0461,1,2026-06-04 19:08:19,Punggol,SOK-M-04,Men's Ribbed Crew Socks,Socks,Men,$5.9,5.9,False,1,5.9,Card
PUN-20260604-0490,1,2026-06-04 13:24:21,Punggol,UND-W-02,Women's Wireless Bra,Underwear,Women,29.9,29.9,False,2,59.8,NETS
BUG-20260604-0308,3,2026-06-04 22:15:43,Bugis,TOP-M-01,Men's Airism Cotton Crew Neck T-Shirt,Tops,Men,14.9,14.9,False,1,14.9,Cash
ORC-20260604-1070,1,2026-06-04 18:58:02,Orchard Central,SOK-M-04,Men's Ribbed Crew Socks,Socks,Men,5.9,5.9,False,1,5.9,NETS
PUN-20260604-0434,1,2026-06-04 21:53:37,Punggol,UND-W-01,Women's Airism Bikini Shorts,Underwear,Women,9.9,9.9,False,1,9.9,NETS
ORC-20260604-0080,2,2026-06-04 14:23:07,Orchard Central,SOK-W-03,Women's Airism Low-Cut Socks,Socks,Women,5.9,5.9,False,1,5.9,Card
BUG-20260604-0837,2,2026-06-04 20:55:01,Bugis,SOK-W-06,Women's Heattech Socks,Socks,Women,9.9,9.9,False,1,9.9,Card
ORC-20260604-0469,2,2026-06-04 15:21:10,Orchard Central,TOP-W-01,Women's Airism Cotton Crew Neck T-Shirt,Tops,Women,14.9,14.9,False,1,14.9,Card
ORC-20260604-0248,2,2026-06-04 20:36:40,  Orchard Central  ,SOK-W-02,Women's Pile Crew Socks,Socks,Women,$5.9,5.9,False,2,11.8,Card
ORC-20260604-0045,1,2026-06-04 20:13:14,  Orchard Central  ,SOK-W-03,Women's Airism Low-Cut Socks,Socks,Women,5.9,5.9,False,1,5.9,card
ORC-20260604-0004,1,2026-06-04 14:12:14,Orchard Central,TOP-W-01,Women's Airism Cotton Crew Neck T-Shirt,Tops,Women,14.9,14.9,False,1,14.9,NETS
PUN-20260604-0429,3,2026-06-04 17:36:13,Punggol,BTM-W-03,  Women's Ezy Ankle Pants  ,Bottoms,Women,29.9,29.9,False,1,29.9,PayNow
ORC-20260604-1083,2,2026-06-04 19:50:22,Orchard Central,UND-M-04,Men's Cotton Crew Neck Undershirt,Underwear,Men,14.9,14.9,False,1,14.9,PayNow
ORC-20260604-0662,1,2026-06-04 17:46:02,Orchard Central,SOK-M-04,  Men's Ribbed Crew Socks  ,Socks,Men,5.9,5.9,False,1,5.9,Card
BUG-20260604-0019,1,2026-06-04 20:13:50,BUGIS,UND-W-01,Women's Airism Bikini Shorts,Underwear,Women,9.9,9.9,False,2,19.8,NETS
PUN-20260604-0584,2,2026-06-04 16:23:59,Punggol,TOP-W-01,Women's Airism Cotton Crew Neck T-Shirt,Tops,Women,14.9,14.9,False,1,14.9,Cash
BUG-20260604-0674,1,2026-06-04 20:46:24,Bugis,SOK-W-02,Women's Pile Crew Socks,Socks,Women,5.9,5.9,False,1,5.9,Card
PUN-20260604-0401,1,2026-06-04 17:31:44,  Punggol  ,BTM-W-03,Women's Ezy Ankle Pants,Bottoms,Women,29.9,29.9,False,1,29.9,Cash
BUG-20260604-0672,3,2026-06-04 12:59:27,  Bugis  ,SOK-W-01,  Women's Ankle Socks 3-Pack  ,SOCKS,Women,14.9,14.9,False,1,14.9,Cash
BUG-20260604-0255,2,2026-06-04 14:49:10,Bugis,SOK-M-02,Men's Pile Crew Socks,Socks,Men,5.9,5.9,False,1,5.9,Card
ORC-20260604-1022,2,2026-06-04 19:24:39,Orchard Central,SOK-M-09,Men's No-Show Sneaker Socks,Socks,Men,4.11,5.9,True,1,4.11,Cash
ORC-20260604-1461,3,2026-06-04 16:01:49,ORCHARD CENTRAL,SOK-W-02,Women's Pile Crew Socks,Socks,Women,5.9,5.9,False,1,5.9,NETS
ORC-20260604-1208,1,2026-06-04 18:23:59,Orchard Central,SOK-W-03,Women's Airism Low-Cut Socks,Socks,Women,5.9,5.9,False,1,5.9,NETS
ORC-20260604-1102,2,2026-06-04 20:33:42,Orchard Central,UND-W-04,Women's Airism T-Shirt Bra,UNDERWEAR,Women,29.9,29.9,False,1,29.9,CARD
PUN-20260604-0193,1,2026-06-04 18:46:34,Punggol,UND-M-01,Men's Airism Boxer Briefs,Underwear,Men,14.9,14.9,False,1,14.9,Card
ORC-20260604-0092,1,2026-06-04 16:30:44,Orchard Central,SOK-W-02,Women's Pile Crew Socks,Socks,Women,5.9,5.9,False,1,5.9,Card
ORC-20260604-1153,3,2026-06-04 11:50:27,Orchard Central,BTM-M-01,Men's Ezy Ankle Pants,Bottoms,Men,29.9,29.9,False,1,29.9,Card
PUN-20260604-0014,1,2026-06-04 16:22:00,Punggol,UND-W-01,Women's Airism Bikini Shorts,Underwear,Women,9.9,9.9,False,1,9.9,card
ORC-20260604-0330,3,2026-06-04 20:20:39,Orchard Central,SOK-W-03,Women's Airism Low-Cut Socks,Socks,Women,5.9,5.9,False,1,5.9,Card
BUG-20260604-0590,1,2026-06-04 21:04:16,Bugis,TOP-W-02,Women's Ribbed Long Sleeve Turtleneck,Tops,Women,19.9,19.9,False,1,19.9,NETS
ORC-20260604-1367,1,2026-06-04 21:27:03,Orchard Central,BTM-W-04,Women's Denim Straight Jeans,bottoms,Women,49.9,49.9,False,1,49.9,
BUG-20260604-0495,2,2026-06-04 20:15:41,Bugis,SOK-M-05,Men's Sport Ankle Socks,Socks,Men,5.9,5.9,False,1,5.9,card
ORC-20260604-0804,3,2026-06-04 13:39:46,Orchard Central,TOP-M-01,Men's Airism Cotton Crew Neck T-Shirt,Tops,Men,14.9,14.9,False,1,14.9,CARD
BUG-20260604-0532,2,2026-06-04 20:35:27,  Bugis  ,UND-W-02,Women's Wireless Bra,Underwear,Women,29.9,29.9,False,1,29.9,PayNow
ORC-20260604-0062,1,2026-06-04 21:30:19,Orchard Central,SOK-M-03,  Men's Airism Low-Cut Socks  ,Socks,Men,5.9,5.9,False,1,5.9,Card
PUN-20260604-0529,1,2026-06-04 18:44:48,Punggol,TOP-W-05,Women's Merino Blend Cardigan,Tops,Women,31.36,39.9,True,1,31.36,Card
ORC-20260604-1351,1,2026-06-04 20:20:26,Orchard Central,SOK-W-08,Women's Lace Trim Ankle Socks,Socks,Women,5.9,5.9,False,1,$5.9,paynow
PUN-20260604-0075,1,2026-06-04 21:19:43,Punggol,SOK-W-04,Women's Ribbed Crew Socks,Socks,Women,5.9,5.9,False,1,5.9,Card
PUN-20260604-0009,1,2026-06-04 13:33:30,Punggol,SOK-W-02,Women's Pile Crew Socks,Socks,Women,5.9,5.9,False,1,5.9,NETS
ORC-20260604-0421,1,2026-06-04 16:51:39,Orchard Central,SOK-W-01,Women's Ankle Socks 3-Pack,Socks,Women,14.9,14.9,False,1,14.9,Card
ORC-20260604-0466,3,2026-06-04 21:06:08,Orchard Central,BTM-M-04,Men's Dry Stretch Shorts,Bottoms,Men,$19.9,19.9,False,1,19.9,paynow
ORC-20260604-1391,2,2026-06-04 16:20:45,Orchard Central,BTM-W-03,Women's Ezy Ankle Pants,Bottoms,Women,29.9,29.9,False,1,29.9,Cash
PUN-20260604-0575,1,2026-06-04 14:06:01,  Punggol  ,SOK-M-02,Men's Pile Crew Socks,Socks,men,5.9,5.9,False,1,5.9,NETS
BUG-20260604-0277,3,2026-06-04 17:50:41,Bugis,BTM-M-01,  Men's Ezy Ankle Pants  ,Bottoms,Men,29.9,29.9,False,1,29.9,Card
PUN-20260604-0407,1,2026-06-04 20:06:06,Punggol,UND-M-02,Men's Cotton Blend Trunks,UNDERWEAR,Men,14.9,14.9,False,1,14.9,Card
BUG-20260604-0385,1,2026-06-04 20:17:22,Bugis,SOK-W-04,Women's Ribbed Crew Socks,Socks,Women,5.9,5.9,False,2,11.8,PayNow
ORC-20260604-0676,2,2026-06-04 13:36:53,Orchard Central,BTM-M-04,Men's Dry Stretch Shorts,Bottoms,Men,19.9,19.9,False,1,19.9,Card
ORC-20260604-0941,1,2026-06-04 18:59:59,Orchard Central,SOK-M-03,Men's Airism Low-Cut Socks,Socks,Men,5.9,5.9,False,1,5.9,PayNow
PUN-20260604-0426,2,2026-06-04 19:11:50,Punggol,UND-W-07,Women's Heattech Camisole,Underwear,Women,14.9,14.9,False,1,14.9,Card
ORC-20260604-0222,2,2026-06-04 17:52:22,Orchard Central,SOK-W-02,Women's Pile Crew Socks,Socks,Women,5.9,5.9,False,2,11.8,Card
ORC-20260604-0374,3,2026-06-04 17:46:52,Orchard Central,SOK-W-03,Women's Airism Low-Cut Socks,Socks,women,5.9,5.9,False,1,5.9,PayNow
BUG-20260604-0316,1,2026-06-04 22:50:48,Bugis,SOK-W-03,Women's Airism Low-Cut Socks,Socks,Women,5.9,5.9,False,1,5.9,Cash
ORC-20260604-0900,2,2026-06-04 20:59:58,Orchard Central,SOK-W-03,Women's Airism Low-Cut Socks,Socks,women,5.9,5.9,False,1,5.9,NETS
ORC-20260604-1028,1,2026-06-04 14:01:32,Orchard Central,UND-M-02,Men's Cotton Blend Trunks,Underwear,Men,14.9,14.9,False,1,14.9,PayNow
ORC-20260604-1189,1,2026-06-04 17:08:50,Orchard Central,SOK-W-06,  Women's Heattech Socks  ,Socks,Women,9.9,9.9,False,1,$9.9,
PUN-20260604-0126,1,2026-06-04 19:21:01,Punggol,SOK-M-03,Men's Airism Low-Cut Socks,Socks,Men,5.9,5.9,False,1,5.9,NETS
BUG-20260604-0715,1,2026-06-04 12:29:05,Bugis,SOK-W-02,Women's Pile Crew Socks,Socks,Women,5.9,5.9,False,2,11.8,PayNow
ORC-20260604-1233,1,2026-06-04 20:05:08,Orchard Central,SOK-M-01,Men's Ankle Socks 3-Pack,socks,Men,14.9,14.9,False,1,$14.9,Card
BUG-20260604-0803,2,2026-06-04 13:54:59,Bugis,SOK-M-02,Men's Pile Crew Socks,Socks,Men,5.9,5.9,False,1,5.9,Card
ORC-20260604-0456,1,2026-06-04 19:13:38,Orchard Central,UND-M-09,Men's Heattech Long Johns,Underwear,Men,19.9,19.9,False,1,19.9,PayNow
ORC-20260604-1092,1,2026-06-04 20:24:37,Orchard Central,UND-W-04,Women's Airism T-Shirt Bra,Underwear,Women,29.9,29.9,False,2,59.8,Card
ORC-20260604-1145,2,2026-06-04 21:24:20,orchard central,SOK-M-04,Men's Ribbed Crew Socks,Socks,Men,5.9,5.9,False,1,5.9,Cash
ORC-20260604-0879,1,2026-06-04 12:42:15,orchard central,TOP-M-01,Men's Airism Cotton Crew Neck T-Shirt,Tops,Men,14.9,14.9,False,1,14.9,card
ORC-20260604-1073,3,2026-06-04 19:49:50,ORCHARD CENTRAL,UND-W-04,Women's Airism T-Shirt Bra,Underwear,Women,29.9,29.9,False,1,$29.9,Paynow
ORC-20260604-0512,1,2026-06-04 19:16:20,Orchard Central,SOK-M-02,Men's Pile Crew Socks,SOCKS,Men,5.9,5.9,False,1,5.9,Card
ORC-20260604-0740,1,2026-06-04 21:30:21,Orchard Central,SOK-M-04,Men's Ribbed Crew Socks,Socks,Men,5.9,5.9,False,2,11.8,PayNow
PUN-20260604-0478,2,2026-06-04 19:32:05,PUNGGOL,TOP-W-05,Women's Merino Blend Cardigan,Tops,Women,31.36,39.9,True,1,31.36,Cash
ORC-20260604-0621,2,2026-06-04 15:07:07,Orchard Central,SOK-M-04,Men's Ribbed Crew Socks,Socks,Men,5.9,5.9,False,1,5.9,Card
ORC-20260604-0904,1,2026-06-04 15:30:39,Orchard Central,SOK-W-02,Women's Pile Crew Socks,Socks,WOMEN,5.9,5.9,False,1,5.9,Card
BUG-20260604-0488,2,2026-06-04 19:38:09,Bugis,TOP-W-03,Women's Silky Satin Blouse,Tops,WOMEN,39.9,39.9,False,1,39.9,NETS
PUN-20260604-0111,2,2026-06-04 20:51:01,Punggol,SOK-M-07,Men's Striped Crew Socks,Socks,Men,5.9,5.9,False,2,11.8,Card
BUG-20260604-0739,1,2026-06-04 20:00:14,Bugis,SOK-M-01,Men's Ankle Socks 3-Pack,Socks,Men,14.9,14.9,False,1,14.9,PayNow
ORC-20260604-0064,1,2026-06-04 16:17:23,Orchard Central,TOP-M-06,Men's Fleece Full-Zip Hoodie,tops,Men,39.9,39.9,False,1,39.9,Card
BUG-20260604-0451,1,2026-06-04 21:04:40,Bugis,TOP-W-02,Women's Ribbed Long Sleeve Turtleneck,Tops,Women,19.9,19.9,False,1,19.9,CARD
ORC-20260604-0882,1,2026-06-04 14:24:44,Orchard Central,SOK-W-02,Women's Pile Crew Socks,Socks,Women,5.9,5.9,False,1,5.9,PayNow
PUN-20260604-0570,1,2026-06-04 20:10:14,Punggol,SOK-M-08,Men's Cotton Blend Dress Socks,Socks,MEN,9.9,9.9,False,1,9.9,Card
BUG-20260604-0833,3,2026-06-04 22:08:23,Bugis,SOK-M-03,Men's Airism Low-Cut Socks,SOCKS,Men,5.9,5.9,False,1,5.9,Card
ORC-20260604-0898,1,2026-06-04 18:35:18,Orchard Central,SOK-W-03,Women's Airism Low-Cut Socks,Socks,Women,5.9,5.9,False,1,5.9,Card
ORC-20260604-0013,1,2026-06-04 20:34:22,orchard central,SOK-M-09,Men's No-Show Sneaker Socks,Socks,men,4.11,5.9,True,1,4.11,CARD
ORC-20260604-0599,1,2026-06-04 18:27:15,Orchard Central,BTM-W-03,Women's Ezy Ankle Pants,Bottoms,Women,29.9,29.9,False,1,29.9,Card
ORC-20260604-0327,3,2026-06-04 14:11:30,Orchard Central,SOK-M-02,Men's Pile Crew Socks,Socks,Men,5.9,5.9,False,1,5.9,Cash
BUG-20260604-0870,2,2026-06-04 17:30:24,Bugis,TOP-M-02,Men's Supima Cotton Polo Shirt,Tops,Men,29.9,29.9,False,1,29.9,Cash
ORC-20260604-0518,2,2026-06-04 12:55:19,Orchard Central,UND-M-04,Men's Cotton Crew Neck Undershirt,Underwear,men,14.9,14.9,False,1,14.9,Card
PUN-20260604-0579,3,2026-06-04 16:33:54,Punggol,TOP-W-01,Women's Airism Cotton Crew Neck T-Shirt,Tops,Women,14.9,14.9,False,1,14.9,Card
ORC-20260604-1014,1,2026-06-04 12:55:42,Orchard Central,SOK-W-02,Women's Pile Crew Socks,Socks,Women,5.9,5.9,False,1,5.9,
PUN-20260604-0271,1,2026-06-04 16:09:00,  Punggol  ,SOK-W-04,Women's Ribbed Crew Socks,Socks,Women,5.9,5.9,False,2,11.8,PayNow
ORC-20260604-1192,3,2026-06-04 20:38:20,Orchard Central,UND-M-01,Men's Airism Boxer Briefs,Underwear,Men,14.9,14.9,False,1,14.9,NETS
ORC-20260604-1391,1,2026-06-04 16:20:45,ORCHARD CENTRAL,TOP-W-01,Women's Airism Cotton Crew Neck T-Shirt,Tops,Women,14.9,14.9,False,1,14.9,Cash
PUN-20260604-0447,1,2026-06-04 18:08:26,Punggol,SOK-M-03,Men's Airism Low-Cut Socks,Socks,Men,5.9,5.9,False,2,11.8,Cash
ORC-20260604-0298,1,2026-06-04 14:18:29,Orchard Central,TOP-W-02,  Women's Ribbed Long Sleeve Turtleneck  ,Tops,Women,19.9,19.9,False,1,19.9,Card
ORC-20260604-0309,3,2026-06-04 20:42:27,orchard central,SOK-M-09,Men's No-Show Sneaker Socks,SOCKS,Men,4.11,5.9,True,1,4.11,PayNow
BUG-20260604-0023,1,2026-06-04 11:51:11,Bugis,BTM-M-02,Men's Slim Fit Chino Trousers,bottoms,Men,29.9,29.9,False,1,29.9,Card
BUG-20260604-0113,2,2026-06-04 14:50:21,Bugis,SOK-W-01,  Women's Ankle Socks 3-Pack  ,Socks,Women,14.9,14.9,False,1,14.9,Paynow
ORC-20260604-0336,1,2026-06-04 12:11:30,Orchard Central,SOK-W-09,  Women's No-Show Sneaker Socks  ,Socks,Women,5.9,5.9,False,1,5.9,Card
PUN-20260604-0191,1,2026-06-04 22:29:40,Punggol,UND-M-03,Men's Airism Mesh Boxer Briefs,Underwear,Men,14.9,14.9,False,1,$14.9,Cash
BUG-20260604-0306,3,2026-06-04 19:24:43,Bugis,TOP-W-03,Women's Silky Satin Blouse,Tops,Women,39.9,39.9,False,1,39.9,Card
PUN-20260604-0491,1,2026-06-04 16:26:41,Punggol,BTM-W-03,Women's Ezy Ankle Pants,Bottoms,Women,29.9,29.9,False,1,29.9,Card
PUN-20260604-0049,1,2026-06-04 19:08:07,Punggol,SOK-W-02,Women's Pile Crew Socks,Socks,Women,5.9,5.9,False,1,5.9,Cash
ORC-20260604-1232,2,2026-06-04 20:32:59,Orchard Central,BTM-W-04,Women's Denim Straight Jeans,bottoms,Women,49.9,49.9,False,1,49.9,Card
ORC-20260604-1330,2,2026-06-04 14:53:50,orchard central,BTM-W-02,Women's High-Rise Wide Leg Pants,BOTTOMS,Women,39.9,39.9,False,1,39.9,Card
PUN-20260604-0446,2,2026-06-04 14:50:21,Punggol,SOK-M-02,Men's Pile Crew Socks,Socks,Men,5.9,5.9,False,1,5.9,NETS
PUN-20260604-0155,2,2026-06-04 16:41:53,Punggol,SOK-W-02,Women's Pile Crew Socks,Socks,WOMEN,5.9,5.9,False,2,11.8,NETS
ORC-20260604-1429,2,2026-06-04 15:04:37,Orchard Central,BTM-M-02,Men's Slim Fit Chino Trousers,Bottoms,Men,29.9,29.9,False,1,29.9,Card
ORC-20260604-0101,3,2026-06-04 21:39:05,Orchard Central,UND-M-02,Men's Cotton Blend Trunks,Underwear,Men,14.9,14.9,False,1,14.9,Card
ORC-20260604-1237,1,2026-06-04 20:12:23,ORCHARD CENTRAL,SOK-M-04,Men's Ribbed Crew Socks,Socks,Men,5.9,5.9,False,1,5.9,cash
BUG-20260604-0070,1,2026-06-04 18:09:38,Bugis,BTM-M-01,Men's Ezy Ankle Pants,Bottoms,men,29.9,29.9,False,1,29.9,PayNow
PUN-20260604-0505,1,2026-06-04 21:21:52,PUNGGOL,UND-W-01,Women's Airism Bikini Shorts,Underwear,Women,9.9,9.9,False,1,9.9,Card
ORC-20260604-0055,1,2026-06-04 18:58:45,Orchard Central,SOK-W-02,Women's Pile Crew Socks,SOCKS,Women,5.9,5.9,False,2,11.8,Card
BUG-20260604-0507,2,2026-06-04 20:03:57,Bugis,UND-W-07,Women's Heattech Camisole,Underwear,Women,14.9,14.9,False,1,14.9,Cash
ORC-20260604-0193,1,2026-06-04 18:01:20,Orchard Central,SOK-M-02,Men's Pile Crew Socks,Socks,Men,5.9,5.9,False,1,5.9,Card
BUG-20260604-0711,1,2026-06-04 14:38:56,Bugis,BTM-M-04,Men's Dry Stretch Shorts,Bottoms,Men,19.9,19.9,False,1,19.9,NETS
PUN-20260604-0494,2,2026-06-04 19:09:33,Punggol,UND-M-08,Men's Airism V-Neck Undershirt,Underwear,Men,9.9,9.9,False,1,9.9,NETS
PUN-20260604-0325,1,2026-06-04 13:59:15,Punggol,SOK-M-07,Men's Striped Crew Socks,Socks,Men,5.9,5.9,False,1,5.9,Card
ORC-20260604-0557,2,2026-06-04 18:50:55,  Orchard Central  ,SOK-M-01,Men's Ankle Socks 3-Pack,Socks,Men,14.9,14.9,False,1,14.9,Paynow
ORC-20260604-0147,1,2026-06-04 12:50:14,Orchard Central,UND-M-04,Men's Cotton Crew Neck Undershirt,Underwear,Men,14.9,14.9,False,2,29.8,Card
PUN-20260604-0066,1,2026-06-04 18:09:47,Punggol,SOK-M-04,Men's Ribbed Crew Socks,Socks,Men,5.9,5.9,False,1,5.9,Cash
ORC-20260604-0552,2,2026-06-04 18:18:51,Orchard Central,SOK-M-04,Men's Ribbed Crew Socks,Socks,Men,5.9,5.9,False,1,5.9,Cash
ORC-20260604-0459,3,2026-06-04 21:59:55,Orchard Central,SOK-W-02,Women's Pile Crew Socks,Socks,Women,5.9,5.9,False,1,5.9,NETS
PUN-20260604-0370,2,2026-06-04 13:20:49,Punggol,TOP-M-10,Men's Merino Blend V-Neck Sweater,TOPS,Men,39.9,39.9,False,1,39.9,Card
PUN-20260604-0248,1,2026-06-04 21:46:24,Punggol,UND-W-04,Women's Airism T-Shirt Bra,UNDERWEAR,Women,29.9,29.9,False,1,29.9,Paynow
ORC-20260604-0763,2,2026-06-04 21:59:35,Orchard Central,SOK-M-06,Men's Heattech Socks,Socks,Men,9.9,9.9,False,2,19.8,NETS
ORC-20260604-0049,2,2026-06-04 19:11:50,Orchard Central,SOK-W-01,Women's Ankle Socks 3-Pack,Socks,Women,14.9,14.9,False,1,14.9,Cash
PUN-20260604-0012,2,2026-06-04 12:15:19,Punggol,SOK-M-04,Men's Ribbed Crew Socks,Socks,Men,5.9,5.9,False,1,5.9,NETS
ORC-20260604-1214,3,2026-06-04 14:23:02,Orchard Central,UND-W-04,Women's Airism T-Shirt Bra,Underwear,Women,29.9,29.9,False,1,29.9,Cash
ORC-20260604-0858,2,2026-06-04 20:34:10,Orchard Central,UND-M-02,Men's Cotton Blend Trunks,Underwear,Men,14.9,14.9,False,1,14.9,PayNow
ORC-20260604-0125,1,2026-06-04 19:18:25,Orchard Central,UND-W-03,Women's Cotton Blend Briefs,Underwear,Women,9.9,9.9,False,1,9.9,Cash
ORC-20260604-0618,2,2026-06-04 18:04:10,  Orchard Central  ,BTM-M-03,Men's Selvedge Regular Fit Jeans,Bottoms,Men,59.9,59.9,False,1,59.9,Card
ORC-20260604-0308,3,2026-06-04 12:54:02,Orchard Central,BTM-W-01,Women's Ultra Stretch Skinny Jeans,Bottoms,Women,39.9,39.9,False,1,39.9,Cash
BUG-20260604-0073,3,2026-06-04 19:24:15,Bugis,BTM-M-03,Men's Selvedge Regular Fit Jeans,Bottoms,Men,59.9,59.9,False,1,59.9,Card
ORC-20260604-0308,2,2026-06-04 12:54:02,ORCHARD CENTRAL,SOK-M-01,Men's Ankle Socks 3-Pack,Socks,Men,14.9,14.9,False,1,14.9,Cash
ORC-20260604-0138,2,2026-06-04 11:16:44,Orchard Central,SOK-M-02,Men's Pile Crew Socks,Socks,Men,5.9,5.9,False,1,5.9,Card
BUG-20260604-0394,2,2026-06-04 19:59:11,Bugis,SOK-W-02,Women's Pile Crew Socks,Socks,Women,5.9,5.9,False,1,5.9,NETS
ORC-20260604-0514,1,2026-06-04 19:42:26,Orchard Central,UND-M-02,Men's Cotton Blend Trunks,Underwear,Men,14.9,14.9,False,1,14.9,card
ORC-20260604-0593,1,2026-06-04 17:18:25,Orchard Central,SOK-W-02,Women's Pile Crew Socks,Socks,Women,5.9,5.9,False,2,11.8,Card
ORC-20260604-1339,1,2026-06-04 21:02:44,  Orchard Central  ,SOK-M-04,Men's Ribbed Crew Socks,Socks,Men,5.9,5.9,False,1,5.9,Card
ORC-20260604-0935,2,2026-06-04 18:00:36,Orchard Central,SOK-W-03,Women's Airism Low-Cut Socks,Socks,Women,5.9,5.9,False,1,5.9,NETS
ORC-20260604-0470,2,2026-06-04 20:40:58,Orchard Central,SOK-M-02,Men's Pile Crew Socks,Socks,MEN,5.9,5.9,False,1,5.9,Card
PUN-20260604-0453,2,2026-06-04 12:22:41,Punggol,TOP-M-01,Men's Airism Cotton Crew Neck T-Shirt,Tops,Men,14.9,14.9,False,1,14.9,Card
ORC-20260604-1419,2,2026-06-04 14:03:22,Orchard Central,SOK-M-02,Men's Pile Crew Socks,Socks,Men,5.9,5.9,False,2,11.8,Cash
ORC-20260604-0806,2,2026-06-04 11:13:40,Orchard Central,SOK-M-02,Men's Pile Crew Socks,Socks,Men,5.9,5.9,False,1,5.9,Paynow
PUN-20260604-0398,1,2026-06-04 21:25:14,Punggol,SOK-W-02,Women's Pile Crew Socks,Socks,WOMEN,5.9,5.9,False,1,5.9,NETS
PUN-20260604-0126,3,2026-06-04 19:21:01,Punggol,SOK-M-04,Men's Ribbed Crew Socks,Socks,Men,5.9,5.9,False,1,5.9,NETS
ORC-20260604-0425,1,2026-06-04 14:31:45,Orchard Central,SOK-M-09,Men's No-Show Sneaker Socks,SOCKS,Men,4.11,5.9,True,2,8.22,Card
ORC-20260604-0685,1,2026-06-04 18:58:06,  Orchard Central  ,SOK-W-09,Women's No-Show Sneaker Socks,Socks,Women,5.9,5.9,False,1,5.9,Cash
ORC-20260604-0430,2,2026-06-04 21:05:46,Orchard Central,SOK-W-03,Women's Airism Low-Cut Socks,Socks,women,5.9,5.9,False,1,5.9,Cash
ORC-20260604-0070,2,2026-06-04 21:34:02,Orchard Central,SOK-W-02,Women's Pile Crew Socks,Socks,Women,5.9,5.9,False,1,5.9,card
BUG-20260604-0535,1,2026-06-04 20:59:08,Bugis,UND-W-03,Women's Cotton Blend Briefs,Underwear,Women,9.9,9.9,False,2,19.8,Cash
BUG-20260604-0585,1,2026-06-04 17:22:49,Bugis,BTM-M-02,  Men's Slim Fit Chino Trousers  ,Bottoms,Men,29.9,29.9,False,1,29.9,Card
BUG-20260604-0742,2,2026-06-04 21:41:38,Bugis,UND-W-03,Women's Cotton Blend Briefs,Underwear,Women,9.9,9.9,False,1,9.9,Card
PUN-20260604-0249,1,2026-06-04 18:50:48,Punggol,SOK-M-03,Men's Airism Low-Cut Socks,socks,men,5.9,5.9,False,2,11.8,PayNow
PUN-20260604-0484,2,2026-06-04 16:48:19,Punggol,SOK-M-01,Men's Ankle Socks 3-Pack,SOCKS,Men,14.9,14.9,False,1,14.9,Card
BUG-20260604-0158,1,2026-06-04 18:43:07,Bugis,UND-W-06,Women's Lace Trim Briefs,Underwear,women,9.9,9.9,False,1,9.9,PayNow
ORC-20260604-0853,1,2026-06-04 18:39:24,Orchard Central,TOP-W-02,Women's Ribbed Long Sleeve Turtleneck,Tops,Women,19.9,19.9,False,1,19.9,NETS
ORC-20260604-0588,1,2026-06-04 20:36:59,Orchard Central,TOP-W-02,Women's Ribbed Long Sleeve Turtleneck,Tops,Women,19.9,19.9,False,1,19.9,Card
BUG-20260604-0551,2,2026-06-04 21:35:40,Bugis,TOP-M-01,Men's Airism Cotton Crew Neck T-Shirt,Tops,Men,14.9,14.9,False,1,14.9,Card
BUG-20260604-0350,3,2026-06-04 17:39:40,Bugis,BTM-W-04,Women's Denim Straight Jeans,Bottoms,Women,49.9,49.9,False,1,49.9,Cash
ORC-20260604-0606,3,2026-06-04 20:22:53,Orchard Central,SOK-W-05,Women's Sport Ankle Socks,Socks,Women,5.9,5.9,False,1,5.9,Card
BUG-20260604-0375,1,2026-06-04 20:17:16,Bugis,SOK-M-03,Men's Airism Low-Cut Socks,socks,Men,5.9,5.9,False,1,$5.9,Card
ORC-20260604-0103,2,2026-06-04 14:29:03,Orchard Central,SOK-W-03,  Women's Airism Low-Cut Socks  ,Socks,Women,5.9,5.9,False,1,5.9,Card
ORC-20260604-1069,1,2026-06-04 20:08:16,Orchard Central,SOK-M-04,Men's Ribbed Crew Socks,Socks,Men,5.9,5.9,False,2,11.8,Cash
BUG-20260604-0876,2,2026-06-04 21:21:59,Bugis,SOK-M-01,  Men's Ankle Socks 3-Pack  ,Socks,Men,$14.9,14.9,False,1,14.9,Card
BUG-20260604-0468,3,2026-06-04 22:38:15,BUGIS,SOK-M-03,Men's Airism Low-Cut Socks,Socks,Men,5.9,5.9,False,1,5.9,NETS
PUN-20260604-0026,1,2026-06-04 17:41:14,Punggol,UND-M-04,Men's Cotton Crew Neck Undershirt,Underwear,Men,14.9,14.9,False,1,14.9,Card
BUG-20260604-0407,2,2026-06-04 17:00:04,Bugis,BTM-W-01,Women's Ultra Stretch Skinny Jeans,Bottoms,Women,39.9,39.9,False,1,39.9,CARD
ORC-20260604-1173,3,2026-06-04 21:18:05,Orchard Central,SOK-W-02,Women's Pile Crew Socks,Socks,Women,5.9,5.9,False,2,11.8,PayNow
ORC-20260604-0185,1,2026-06-04 20:46:33,Orchard Central,SOK-W-05,Women's Sport Ankle Socks,Socks,Women,5.9,5.9,False,1,5.9,Card
ORC-20260604-0349,1,2026-06-04 17:34:45,Orchard Central,TOP-M-04,Men's Oxford Long Sleeve Shirt,Tops,Men,29.9,29.9,False,1,29.9,Card
ORC-20260604-0467,1,2026-06-04 15:16:22,Orchard Central,SOK-W-06,Women's Heattech Socks,Socks,Women,9.9,9.9,False,1,9.9,Card
ORC-20260604-0311,2,2026-06-04 22:59:20,Orchard Central,UND-W-04,Women's Airism T-Shirt Bra,Underwear,Women,29.9,29.9,False,1,29.9,Card
BUG-20260604-0487,3,2026-06-04 20:02:14,Bugis,SOK-M-07,Men's Striped Crew Socks,Socks,Men,5.9,5.9,False,1,5.9,Card
ORC-20260604-1215,1,2026-06-04 17:06:52,Orchard Central,UND-M-05,Men's Seamless Boxer Briefs,Underwear,Men,14.9,14.9,False,1,14.9,PayNow
ORC-20260604-0733,1,2026-06-04 20:08:06,Orchard Central,SOK-M-09,Men's No-Show Sneaker Socks,Socks,Men,4.11,5.9,True,1,4.11,Card
BUG-20260604-0500,1,2026-06-04 19:47:54,Bugis,TOP-M-02,Men's Supima Cotton Polo Shirt,tops,Men,29.9,29.9,False,1,29.9,NETS
ORC-20260604-0327,1,2026-06-04 14:11:30,Orchard Central,SOK-M-09,Men's No-Show Sneaker Socks,Socks,Men,4.11,5.9,True,1,4.11,Cash
PUN-20260604-0386,2,2026-06-04 12:48:58,punggol,UND-M-01,Men's Airism Boxer Briefs,Underwear,Men,14.9,14.9,False,1,14.9,Card
BUG-20260604-0341,2,2026-06-04 19:26:23,Bugis,UND-M-04,Men's Cotton Crew Neck Undershirt,Underwear,Men,14.9,14.9,False,1,$14.9,Cash
BUG-20260604-0860,2,2026-06-04 21:50:12,Bugis,SOK-W-04,Women's Ribbed Crew Socks,Socks,Women,5.9,5.9,False,1,5.9,Cash
ORC-20260604-1431,2,2026-06-04 20:01:12,Orchard Central,SOK-M-09,  Men's No-Show Sneaker Socks  ,Socks,men,4.11,5.9,True,1,4.11,Nets
BUG-20260604-0801,3,2026-06-04 20:27:31,  Bugis  ,UND-W-01,Women's Airism Bikini Shorts,Underwear,Women,9.9,9.9,False,1,9.9,PayNow
PUN-20260604-0184,3,2026-06-04 15:46:32,Punggol,UND-M-01,Men's Airism Boxer Briefs,Underwear,Men,14.9,14.9,False,1,14.9,Cash
BUG-20260604-0150,2,2026-06-04 21:16:43,  Bugis  ,BTM-W-03,Women's Ezy Ankle Pants,Bottoms,Women,29.9,29.9,False,1,29.9,Card
PUN-20260604-0451,2,2026-06-04 18:13:58,Punggol,SOK-W-02,Women's Pile Crew Socks,Socks,Women,5.9,5.9,False,2,11.8,Card
ORC-20260604-0515,1,2026-06-04 21:19:45,Orchard Central,SOK-W-03,Women's Airism Low-Cut Socks,Socks,Women,5.9,5.9,False,1,5.9,Cash
PUN-20260604-0169,1,2026-06-04 11:43:20,Punggol,TOP-W-04,Women's Heattech Crew Neck Long Sleeve Tee,Tops,Women,14.9,14.9,False,1,14.9,Card
BUG-20260604-0300,2,2026-06-04 18:52:06,Bugis,SOK-M-02,Men's Pile Crew Socks,Socks,Men,5.9,5.9,False,1,5.9,PayNow
ORC-20260604-1284,1,2026-06-04 19:10:25,Orchard Central,UND-M-04,  Men's Cotton Crew Neck Undershirt  ,Underwear,Men,14.9,14.9,False,2,29.8,Cash
ORC-20260604-1382,2,2026-06-04 15:15:19,ORCHARD CENTRAL,BTM-W-04,Women's Denim Straight Jeans,Bottoms,Women,49.9,49.9,False,1,49.9,paynow
ORC-20260604-0643,1,2026-06-04 12:12:30,Orchard Central,UND-W-03,Women's Cotton Blend Briefs,Underwear,Women,9.9,9.9,False,2,19.8,Card
PUN-20260604-0309,1,2026-06-04 12:10:11,  Punggol  ,BTM-M-02,Men's Slim Fit Chino Trousers,Bottoms,Men,29.9,29.9,False,1,29.9,Card
ORC-20260604-0486,1,2026-06-04 11:52:32,Orchard Central,SOK-W-03,Women's Airism Low-Cut Socks,Socks,Women,5.9,5.9,False,1,5.9,
ORC-20260604-0079,1,2026-06-04 20:42:36,Orchard Central,SOK-M-09,  Men's No-Show Sneaker Socks  ,Socks,Men,4.11,5.9,True,1,4.11,PayNow
PUN-20260604-0042,1,2026-06-04 12:24:31,Punggol,SOK-W-04,Women's Ribbed Crew Socks,Socks,Women,5.9,5.9,False,1,5.9,Card
ORC-20260604-0558,3,2026-06-04 14:42:00,Orchard Central,SOK-W-02,Women's Pile Crew Socks,Socks,WOMEN,5.9,5.9,False,1,5.9,nets
ORC-20260604-0933,2,2026-06-04 17:23:11,Orchard Central,SOK-M-09,  Men's No-Show Sneaker Socks  ,socks,Men,4.11,5.9,True,1,4.11,NETS
BUG-20260604-0821,3,2026-06-04 11:13:59,bugis,BTM-W-03,  Women's Ezy Ankle Pants  ,Bottoms,Women,29.9,29.9,False,1,29.9,
PUN-20260604-0330,3,2026-06-04 11:24:24,Punggol,SOK-M-04,  Men's Ribbed Crew Socks  ,Socks,Men,5.9,5.9,False,1,5.9,Cash
BUG-20260604-0331,1,2026-06-04 18:29:11,Bugis,BTM-W-03,Women's Ezy Ankle Pants,Bottoms,WOMEN,29.9,29.9,False,1,$29.9,CARD
PUN-20260604-0486,2,2026-06-04 18:34:38,Punggol,SOK-W-02,Women's Pile Crew Socks,Socks,Women,5.9,5.9,False,1,5.9,NETS
ORC-20260604-1168,2,2026-06-04 14:41:04,Orchard Central,UND-M-02,Men's Cotton Blend Trunks,Underwear,Men,14.9,14.9,False,1,14.9,PayNow
BUG-20260604-0081,1,2026-06-04 18:58:23,Bugis,TOP-M-02,Men's Supima Cotton Polo Shirt,Tops,Men,29.9,29.9,False,1,29.9,Card
ORC-20260604-0796,1,2026-06-04 16:10:55,orchard central,BTM-W-03,Women's Ezy Ankle Pants,Bottoms,Women,29.9,29.9,False,1,29.9,Card
BUG-20260604-0707,2,2026-06-04 18:58:51,Bugis,SOK-W-02,  Women's Pile Crew Socks  ,Socks,Women,5.9,5.9,False,1,5.9,PayNow
BUG-20260604-0540,1,2026-06-04 20:16:53,  Bugis  ,UND-W-04,Women's Airism T-Shirt Bra,Underwear,Women,29.9,29.9,False,1,29.9,card
ORC-20260604-0133,3,2026-06-04 21:16:41,orchard central,SOK-W-03,Women's Airism Low-Cut Socks,Socks,Women,5.9,5.9,False,1,5.9,Cash
BUG-20260604-0234,3,2026-06-04 14:07:38,bugis,UND-W-03,Women's Cotton Blend Briefs,Underwear,Women,9.9,9.9,False,1,9.9,Card
BUG-20260604-0295,1,2026-06-04 22:15:36,BUGIS,SOK-W-02,Women's Pile Crew Socks,Socks,Women,5.9,5.9,False,2,11.8,Card
PUN-20260604-0414,1,2026-06-04 18:22:57,Punggol,UND-M-02,Men's Cotton Blend Trunks,Underwear,Men,14.9,14.9,False,1,14.9,CARD
BUG-20260604-0646,1,2026-06-04 19:41:11,BUGIS,UND-M-01,Men's Airism Boxer Briefs,Underwear,Men,14.9,14.9,False,1,14.9,Card
BUG-20260604-0069,1,2026-06-04 19:46:37,Bugis,SOK-W-03,  Women's Airism Low-Cut Socks  ,Socks,Women,$5.9,5.9,False,2,11.8,Card
ORC-20260604-0199,1,2026-06-04 21:09:45,Orchard Central,SOK-M-01,  Men's Ankle Socks 3-Pack  ,Socks,Men,14.9,14.9,False,1,14.9,Card
BUG-20260604-0075,1,2026-06-04 20:33:58,Bugis,SOK-M-04,Men's Ribbed Crew Socks,Socks,Men,5.9,5.9,False,1,$5.9,PAYNOW
ORC-20260604-1377,2,2026-06-04 19:45:40,ORCHARD CENTRAL,SOK-W-05,Women's Sport Ankle Socks,Socks,Women,5.9,5.9,False,1,5.9,Cash
PUN-20260604-0048,2,2026-06-04 19:52:41,Punggol,SOK-M-04,Men's Ribbed Crew Socks,Socks,Men,5.9,5.9,False,2,11.8,Card
ORC-20260604-1331,1,2026-06-04 13:14:14,Orchard Central,TOP-W-02,Women's Ribbed Long Sleeve Turtleneck,Tops,Women,19.9,19.9,False,1,$19.9,Cash
PUN-20260604-0122,1,2026-06-04 20:22:58,Punggol,UND-W-03,Women's Cotton Blend Briefs,Underwear,Women,9.9,9.9,False,2,19.8,NETS
BUG-20260604-0236,1,2026-06-04 19:28:04,Bugis,SOK-M-04,Men's Ribbed Crew Socks,Socks,Men,5.9,5.9,False,1,$5.9,Card
ORC-20260604-1409,1,2026-06-04 21:03:52,orchard central,SOK-W-02,Women's Pile Crew Socks,SOCKS,WOMEN,5.9,5.9,False,1,5.9,Cash
ORC-20260604-0899,2,2026-06-04 17:05:29,Orchard Central,SOK-W-02,Women's Pile Crew Socks,Socks,Women,5.9,5.9,False,1,5.9,Card
ORC-20260604-1427,3,2026-06-04 19:35:19,Orchard Central,BTM-W-04,Women's Denim Straight Jeans,Bottoms,Women,$49.9,49.9,False,1,49.9,Card
ORC-20260604-0189,3,2026-06-04 18:39:58,Orchard Central,UND-M-01,Men's Airism Boxer Briefs,Underwear,Men,14.9,14.9,False,1,14.9,Cash
BUG-20260604-0787,1,2026-06-04 15:07:55,Bugis,UND-W-06,Women's Lace Trim Briefs,underwear,Women,9.9,9.9,False,1,9.9,NETS
ORC-20260604-0949,1,2026-06-04 20:33:48,Orchard Central,BTM-M-02,Men's Slim Fit Chino Trousers,Bottoms,Men,29.9,29.9,False,1,29.9,PayNow
PUN-20260604-0225,1,2026-06-04 18:39:36,Punggol,SOK-M-07,Men's Striped Crew Socks,Socks,Men,5.9,5.9,False,2,11.8,card
PUN-20260604-0071,2,2026-06-04 19:19:45,Punggol,SOK-W-04,Women's Ribbed Crew Socks,Socks,WOMEN,5.9,5.9,False,1,5.9,Cash
ORC-20260604-0264,1,2026-06-04 13:29:31,Orchard Central,SOK-M-01,Men's Ankle Socks 3-Pack,Socks,Men,14.9,14.9,False,1,14.9,NETS
ORC-20260604-1066,1,2026-06-04 21:25:09,Orchard Central,SOK-W-01,Women's Ankle Socks 3-Pack,Socks,Women,14.9,14.9,False,2,29.8,Card
PUN-20260604-0427,1,2026-06-04 21:09:54,  Punggol  ,SOK-M-04,Men's Ribbed Crew Socks,Socks,MEN,5.9,5.9,False,2,11.8,Card
BUG-20260604-0132,2,2026-06-04 21:18:38,bugis,SOK-W-03,Women's Airism Low-Cut Socks,Socks,Women,5.9,5.9,False,1,5.9,PayNow
BUG-20260604-0386,2,2026-06-04 15:19:59,Bugis,SOK-W-01,Women's Ankle Socks 3-Pack,Socks,Women,14.9,14.9,False,1,14.9,card
ORC-20260604-0777,1,2026-06-04 21:18:36,Orchard Central,TOP-M-03,Men's Dry-EX Crew Neck T-Shirt,Tops,men,19.9,19.9,False,1,19.9,Card
ORC-20260604-0352,1,2026-06-04 19:12:19,  Orchard Central  ,SOK-M-09,Men's No-Show Sneaker Socks,Socks,Men,4.11,5.9,True,1,4.11,Card
ORC-20260604-1287,2,2026-06-04 21:01:32,Orchard Central,SOK-W-01,Women's Ankle Socks 3-Pack,Socks,Women,14.9,14.9,False,2,$29.8,Paynow
ORC-20260604-0226,1,2026-06-04 12:36:53,Orchard Central,UND-M-03,Men's Airism Mesh Boxer Briefs,Underwear,men,14.9,14.9,False,1,14.9,Card
BUG-20260604-0078,1,2026-06-04 20:08:17,Bugis,TOP-W-02,  Women's Ribbed Long Sleeve Turtleneck  ,Tops,Women,19.9,19.9,False,1,19.9,Card
ORC-20260604-0240,2,2026-06-04 22:54:03,Orchard Central,SOK-W-05,Women's Sport Ankle Socks,Socks,Women,5.9,5.9,False,1,5.9,Card
PUN-20260604-0048,1,2026-06-04 19:52:41,Punggol,UND-W-01,Women's Airism Bikini Shorts,Underwear,Women,9.9,9.9,False,1,9.9,Card
ORC-20260604-1113,2,2026-06-04 16:25:44,Orchard Central,UND-W-03,  Women's Cotton Blend Briefs  ,Underwear,Women,9.9,9.9,False,1,9.9,Card
PUN-20260604-0360,2,2026-06-04 22:41:48,Punggol,BTM-W-03,Women's Ezy Ankle Pants,Bottoms,Women,29.9,29.9,False,1,29.9,PayNow
PUN-20260604-0021,2,2026-06-04 22:28:18,Punggol,SOK-M-04,Men's Ribbed Crew Socks,Socks,Men,5.9,5.9,False,1,5.9,
ORC-20260604-0574,1,2026-06-04 22:52:05,Orchard Central,SOK-W-05,Women's Sport Ankle Socks,SOCKS,WOMEN,5.9,5.9,False,1,5.9,PayNow
PUN-20260604-0329,3,2026-06-04 17:22:36,Punggol,SOK-W-04,Women's Ribbed Crew Socks,Socks,Women,5.9,5.9,False,1,5.9,NETS
ORC-20260604-1312,1,2026-06-04 19:33:19,Orchard Central,UND-W-05,Women's Seamless Shorts,underwear,Women,9.9,9.9,False,1,9.9,Cash
ORC-20260604-0172,1,2026-06-04 15:27:43,Orchard Central,BTM-W-03,  Women's Ezy Ankle Pants  ,Bottoms,Women,29.9,29.9,False,1,29.9,CARD
PUN-20260604-0235,1,2026-06-04 19:51:19,PUNGGOL,BTM-M-02,Men's Slim Fit Chino Trousers,BOTTOMS,Men,29.9,29.9,False,1,29.9,Card
BUG-20260604-0604,2,2026-06-04 22:39:36,Bugis,UND-M-01,Men's Airism Boxer Briefs,Underwear,Men,14.9,14.9,False,1,14.9,card
PUN-20260604-0051,1,2026-06-04 21:34:05,Punggol,SOK-W-03,Women's Airism Low-Cut Socks,Socks,Women,5.9,5.9,False,1,5.9,Card
ORC-20260604-1052,1,2026-06-04 22:24:45,Orchard Central,UND-M-03,Men's Airism Mesh Boxer Briefs,Underwear,Men,$14.9,14.9,False,1,14.9,Card
ORC-20260604-1307,3,2026-06-04 11:37:30,Orchard Central,SOK-M-03,Men's Airism Low-Cut Socks,Socks,Men,5.9,5.9,False,1,5.9,CARD
BUG-20260604-0891,2,2026-06-04 19:42:35,Bugis,UND-M-10,Men's Cotton Blend Briefs,Underwear,Men,9.9,9.9,False,1,9.9,Cash
ORC-20260604-1079,1,2026-06-04 15:12:39,Orchard Central,UND-M-02,Men's Cotton Blend Trunks,Underwear,Men,14.9,14.9,False,2,29.8,Card
PUN-20260604-0385,1,2026-06-04 21:42:40,Punggol,SOK-M-04,Men's Ribbed Crew Socks,Socks,Men,5.9,5.9,False,1,5.9,Card
BUG-20260604-0760,1,2026-06-04 19:51:06,Bugis,TOP-W-02,Women's Ribbed Long Sleeve Turtleneck,Tops,women,19.9,19.9,False,1,19.9,Card
ORC-20260604-1146,2,2026-06-04 19:38:42,Orchard Central,SOK-M-04,Men's Ribbed Crew Socks,Socks,Men,5.9,5.9,False,1,5.9,CARD
BUG-20260604-0354,3,2026-06-04 18:18:14,Bugis,UND-M-01,  Men's Airism Boxer Briefs  ,Underwear,Men,14.9,14.9,False,1,14.9,CARD
ORC-20260604-1234,1,2026-06-04 21:54:07,Orchard Central,SOK-W-02,Women's Pile Crew Socks,SOCKS,Women,5.9,5.9,False,2,$11.8,card
PUN-20260604-0543,1,2026-06-04 19:42:00,Punggol,TOP-W-01,Women's Airism Cotton Crew Neck T-Shirt,Tops,Women,14.9,14.9,False,1,14.9,Card
PUN-20260604-0455,3,2026-06-04 20:44:32,  PUNGGOL  ,UND-W-02,Women's Wireless Bra,Underwear,Women,29.9,29.9,False,1,29.9,NETS
ORC-20260604-0707,1,2026-06-04 16:20:54,Orchard Central,BTM-M-01,  Men's Ezy Ankle Pants  ,Bottoms,Men,29.9,29.9,False,1,29.9,card
BUG-20260604-0721,1,2026-06-04 21:25:40,Bugis,SOK-W-03,Women's Airism Low-Cut Socks,Socks,Women,5.9,5.9,False,2,11.8,Card
BUG-20260604-0788,2,2026-06-04 19:35:22,Bugis,TOP-W-01,  Women's Airism Cotton Crew Neck T-Shirt  ,Tops,Women,14.9,14.9,False,1,14.9,Card
ORC-20260604-1270,2,2026-06-04 20:01:32,Orchard Central,SOK-M-09,Men's No-Show Sneaker Socks,Socks,Men,4.11,5.9,True,1,4.11,PayNow
PUN-20260604-0580,1,2026-06-04 18:16:16,Punggol,SOK-W-02,Women's Pile Crew Socks,SOCKS,Women,5.9,5.9,False,2,11.8,
BUG-20260604-0798,3,2026-06-04 15:04:06,Bugis,TOP-M-02,Men's Supima Cotton Polo Shirt,Tops,Men,29.9,29.9,False,1,29.9,PayNow
BUG-20260604-0354,2,2026-06-04 18:18:14,Bugis,SOK-W-03,Women's Airism Low-Cut Socks,Socks,Women,5.9,5.9,False,1,5.9,Card
ORC-20260604-0371,2,2026-06-04 19:22:12,Orchard Central,UND-W-03,Women's Cotton Blend Briefs,Underwear,Women,9.9,9.9,False,1,9.9,Card
BUG-20260604-0509,1,2026-06-04 16:34:05,bugis,UND-M-04,Men's Cotton Crew Neck Undershirt,Underwear,Men,14.9,14.9,False,1,$14.9,CARD
ORC-20260604-0780,1,2026-06-04 21:04:18,Orchard Central,SOK-M-07,Men's Striped Crew Socks,Socks,Men,5.9,5.9,False,1,5.9,NETS
ORC-20260604-0269,1,2026-06-04 17:31:41,Orchard Central,SOK-W-06,Women's Heattech Socks,Socks,Women,9.9,9.9,False,2,19.8,Card
BUG-20260604-0479,3,2026-06-04 12:43:34,Bugis,UND-W-03,Women's Cotton Blend Briefs,Underwear,women,9.9,9.9,False,1,9.9,Cash
BUG-20260604-0235,2,2026-06-04 19:05:52,Bugis,SOK-W-10,Women's Wool Blend Socks,Socks,Women,9.9,9.9,False,2,19.8,Card
BUG-20260604-0497,1,2026-06-04 19:46:40,Bugis,SOK-M-07,Men's Striped Crew Socks,Socks,Men,5.9,5.9,False,1,5.9,Cash
BUG-20260604-0096,1,2026-06-04 22:20:21,Bugis,SOK-M-04,Men's Ribbed Crew Socks,Socks,Men,5.9,5.9,False,1,5.9,Card
ORC-20260604-0368,1,2026-06-04 11:52:41,Orchard Central,SOK-W-02,Women's Pile Crew Socks,Socks,Women,5.9,5.9,False,1,5.9,NETS
ORC-20260604-1123,1,2026-06-04 22:07:32,Orchard Central,UND-W-03,Women's Cotton Blend Briefs,Underwear,Women,9.9,9.9,False,1,9.9,NETS
PUN-20260604-0368,3,2026-06-04 15:14:57,Punggol,UND-M-08,Men's Airism V-Neck Undershirt,underwear,Men,9.9,9.9,False,1,9.9,Card
ORC-20260604-0735,1,2026-06-04 20:06:31,ORCHARD CENTRAL,BTM-M-01,Men's Ezy Ankle Pants,Bottoms,Men,29.9,29.9,False,1,29.9,Card
ORC-20260604-0036,3,2026-06-04 20:00:58,Orchard Central,UND-W-03,Women's Cotton Blend Briefs,Underwear,Women,9.9,9.9,False,1,9.9,Card
BUG-20260604-0282,1,2026-06-04 13:17:56,  bugis  ,SOK-W-03,Women's Airism Low-Cut Socks,Socks,women,5.9,5.9,False,2,11.8,PayNow
BUG-20260604-0076,1,2026-06-04 20:52:03,Bugis,UND-M-04,Men's Cotton Crew Neck Undershirt,Underwear,MEN,14.9,14.9,False,1,14.9,Card
ORC-20260604-1082,2,2026-06-04 18:22:08,Orchard Central,BTM-M-03,Men's Selvedge Regular Fit Jeans,Bottoms,Men,59.9,59.9,False,1,59.9,Card
BUG-20260604-0300,1,2026-06-04 18:52:06,Bugis,UND-W-04,Women's Airism T-Shirt Bra,Underwear,Women,29.9,29.9,False,1,29.9,PayNow
