order_id,line_item_id,timestamp,store,product_id,product_name,category,gender,unit_price,original_unit_price,on_offer,quantity,line_total,payment_method
BUG-20260601-0700,2,2026-06-01 17:18:41,Bugis,SOK-W-02,  Women's Pile Crew Socks  ,Socks,Women,5.9,5.9,False,1,5.9,NETS
BUG-20260601-0416,1,2026-06-01 20:11:52,  BUGIS  ,BTM-W-06,Women's Jersey Jogger Pants,Bottoms,Women,21.94,29.9,True,1,21.94,NETS
ORC-20260601-1057,3,2026-06-01 22:56:31,Orchard Central,UND-M-02,Men's Cotton Blend Trunks,Underwear,Men,14.9,14.9,False,1,14.9,paynow
ORC-20260601-0308,2,2026-06-01 20:05:19,Orchard Central,SOK-W-02,Women's Pile Crew Socks,SOCKS,Women,5.9,5.9,False,1,5.9,Cash
PUN-20260601-0486,3,2026-06-01 22:52:45,  Punggol  ,SOK-M-03,Men's Airism Low-Cut Socks,Socks,Men,$5.9,5.9,False,1,5.9,Card
ORC-20260601-0350,3,2026-06-01 20:13:49,Orchard Central,TOP-M-04,  Men's Oxford Long Sleeve Shirt  ,TOPS,Men,29.9,29.9,False,1,29.9,Cash
ORC-20260601-0014,2,2026-06-01 20:15:42,Orchard Central,SOK-M-02,Men's Pile Crew Socks,socks,Men,5.9,5.9,False,1,$5.9,cash
PUN-20260601-0066,3,2026-06-01 11:26:24,punggol,UND-W-01,Women's Airism Bikini Shorts,Underwear,Women,9.9,9.9,False,1,9.9,PayNow
ORC-20260601-0262,1,2026-06-01 22:57:25,Orchard Central,UND-M-01,Men's Airism Boxer Briefs,Underwear,Men,14.9,14.9,False,1,14.9,NETS
PUN-20260601-0120,1,2026-06-01 17:42:17,Punggol,UND-W-01,Women's Airism Bikini Shorts,Underwear,Women,9.9,9.9,False,1,9.9,Card
ORC-20260601-0975,1,2026-06-01 15:40:32,Orchard Central,SOK-W-04,Women's Ribbed Crew Socks,Socks,Women,5.9,5.9,False,1,5.9,Cash
BUG-20260601-0396,2,2026-06-01 20:43:17,Bugis,TOP-W-02,Women's Ribbed Long Sleeve Turtleneck,Tops,Women,19.9,19.9,False,1,19.9,Card
BUG-20260601-0075,2,2026-06-01 17:18:53,Bugis,SOK-W-03,Women's Airism Low-Cut Socks,Socks,Women,5.9,5.9,False,1,5.9,Cash
ORC-20260601-0881,2,2026-06-01 20:37:06,  Orchard Central  ,UND-M-07,Men's Stretch Cotton Boxers,Underwear,Men,14.9,14.9,False,1,14.9,Cash
BUG-20260601-0409,1,2026-06-01 18:18:11,Bugis,BTM-W-03,Women's Ezy Ankle Pants,Bottoms,Women,29.9,29.9,False,1,29.9,Cash
PUN-20260601-0015,3,2026-06-01 20:43:10,Punggol,SOK-W-03,Women's Airism Low-Cut Socks,Socks,women,5.9,5.9,False,1,5.9,PayNow
ORC-20260601-0464,2,2026-06-01 17:42:07,Orchard Central,SOK-W-02,Women's Pile Crew Socks,Socks,Women,5.9,5.9,False,1,$5.9,PayNow
ORC-20260601-1014,1,2026-06-01 20:15:21,ORCHARD CENTRAL,SOK-M-02,  Men's Pile Crew Socks  ,Socks,Men,5.9,5.9,False,1,5.9,Cash
PUN-20260601-0205,1,2026-06-01 18:52:43,Punggol,SOK-M-08,Men's Cotton Blend Dress Socks,Socks,men,9.9,9.9,False,1,9.9,Card
ORC-20260601-0466,1,2026-06-01 18:20:36,Orchard Central,SOK-M-03,  Men's Airism Low-Cut Socks  ,Socks,MEN,5.9,5.9,False,2,11.8,PayNow
PUN-20260601-0027,1,2026-06-01 12:03:45,punggol,TOP-M-01,Men's Airism Cotton Crew Neck T-Shirt,Tops,Men,14.9,14.9,False,1,14.9,Card
BUG-20260601-0796,3,2026-06-01 21:20:09,Bugis,BTM-W-02,Women's High-Rise Wide Leg Pants,Bottoms,WOMEN,39.9,39.9,False,1,39.9,NETS
ORC-20260601-0573,2,2026-06-01 22:26:40,  Orchard Central  ,UND-W-03,Women's Cotton Blend Briefs,Underwear,Women,9.9,9.9,False,1,9.9,PayNow
PUN-20260601-0261,2,2026-06-01 21:32:40,Punggol,UND-M-02,Men's Cotton Blend Trunks,Underwear,Men,14.9,14.9,False,1,14.9,NETS
BUG-20260601-0402,1,2026-06-01 18:16:07,bugis,UND-M-07,Men's Stretch Cotton Boxers,Underwear,Men,14.9,14.9,False,2,29.8,Cash
PUN-20260601-0428,2,2026-06-01 17:44:58,Punggol,SOK-M-04,Men's Ribbed Crew Socks,Socks,Men,5.9,5.9,False,1,5.9,PayNow
BUG-20260601-0225,1,2026-06-01 22:09:11,Bugis,TOP-W-04,Women's Heattech Crew Neck Long Sleeve Tee,Tops,Women,14.9,14.9,False,1,14.9,PayNow
ORC-20260601-0134,1,2026-06-01 21:21:12,  Orchard Central  ,UND-M-03,  Men's Airism Mesh Boxer Briefs  ,Underwear,Men,14.9,14.9,False,1,14.9,Card
BUG-20260601-0836,1,2026-06-01 12:48:57,Bugis,UND-M-04,Men's Cotton Crew Neck Undershirt,Underwear,Men,14.9,14.9,False,1,14.9,Card
ORC-20260601-0001,1,2026-06-01 20:01:58,Orchard Central,SOK-W-02,Women's Pile Crew Socks,Socks,Women,5.9,5.9,False,1,5.9,PayNow
ORC-20260601-0806,1,2026-06-01 17:06:31,Orchard Central,SOK-M-01,Men's Ankle Socks 3-Pack,Socks,men,14.9,14.9,False,2,29.8,card
PUN-20260601-0421,1,2026-06-01 17:06:18,Punggol,TOP-W-03,Women's Silky Satin Blouse,Tops,Women,39.9,39.9,False,1,39.9,Card
PUN-20260601-0531,1,2026-06-01 13:30:51,Punggol,BTM-W-04,  Women's Denim Straight Jeans  ,Bottoms,Women,49.9,49.9,False,1,49.9,card
BUG-20260601-0694,2,2026-06-01 11:32:09,Bugis,TOP-M-04,Men's Oxford Long Sleeve Shirt,Tops,Men,29.9,29.9,False,1,29.9,PayNow
ORC-20260601-1130,2,2026-06-01 20:07:50,Orchard Central,TOP-W-01,Women's Airism Cotton Crew Neck T-Shirt,Tops,Women,14.9,14.9,False,1,14.9,Cash
ORC-20260601-0476,3,2026-06-01 20:05:25,Orchard Central,SOK-W-02,Women's Pile Crew Socks,Socks,Women,5.9,5.9,False,1,5.9,Card
BUG-20260601-0749,1,2026-06-01 13:34:40,Bugis,SOK-W-03,Women's Airism Low-Cut Socks,Socks,Women,5.9,5.9,False,1,5.9,PayNow
ORC-20260601-0873,1,2026-06-01 19:12:23,Orchard Central,SOK-M-02,Men's Pile Crew Socks,Socks,Men,5.9,5.9,False,2,11.8,Card
PUN-20260601-0556,3,2026-06-01 18:05:57,Punggol,UND-W-03,Women's Cotton Blend Briefs,Underwear,Women,9.9,9.9,False,1,9.9,Cash
ORC-20260601-0558,2,2026-06-01 18:23:44,Orchard Central,SOK-W-04,Women's Ribbed Crew Socks,Socks,Women,5.9,5.9,False,1,5.9,PayNow
BUG-20260601-0499,2,2026-06-01 17:16:29,Bugis,UND-W-01,Women's Airism Bikini Shorts,Underwear,Women,9.9,9.9,False,1,9.9,Card
BUG-20260601-0206,2,2026-06-01 20:20:17,bugis,SOK-M-10,Men's Wool Blend Socks,Socks,Men,9.9,9.9,False,1,9.9,Card
PUN-20260601-0053,1,2026-06-01 14:29:54,  PUNGGOL  ,UND-W-02,Women's Wireless Bra,underwear,Women,29.9,29.9,False,1,29.9,PayNow
ORC-20260601-0750,1,2026-06-01 14:11:51,Orchard Central,SOK-W-10,Women's Wool Blend Socks,Socks,Women,9.9,9.9,False,1,9.9,PayNow
BUG-20260601-0149,3,2026-06-01 21:29:15,Bugis,UND-W-01,Women's Airism Bikini Shorts,Underwear,WOMEN,9.9,9.9,False,1,9.9,Card
ORC-20260601-0748,2,2026-06-01 20:12:44,orchard central,SOK-W-04,  Women's Ribbed Crew Socks  ,Socks,Women,5.9,5.9,False,1,5.9,Cash
BUG-20260601-0745,2,2026-06-01 21:19:34,Bugis,BTM-M-04,Men's Dry Stretch Shorts,Bottoms,Men,19.9,19.9,False,1,19.9,CARD
ORC-20260601-1037,1,2026-06-01 18:03:40,Orchard Central,TOP-M-04,Men's Oxford Long Sleeve Shirt,Tops,Men,$29.9,29.9,False,1,29.9,Cash
BUG-20260601-0732,1,2026-06-01 19:40:46,Bugis,SOK-W-04,Women's Ribbed Crew Socks,Socks,Women,$5.9,5.9,False,1,5.9,Cash
ORC-20260601-0186,1,2026-06-01 13:55:00,Orchard Central,UND-M-02,Men's Cotton Blend Trunks,Underwear,Men,14.9,14.9,False,1,14.9,paynow
ORC-20260601-0572,1,2026-06-01 21:15:58,Orchard Central,UND-W-03,Women's Cotton Blend Briefs,UNDERWEAR,Women,9.9,9.9,False,1,9.9,
BUG-20260601-0538,1,2026-06-01 14:16:49,Bugis,BTM-M-02,Men's Slim Fit Chino Trousers,BOTTOMS,Men,29.9,29.9,False,1,29.9,PayNow
BUG-20260601-0425,1,2026-06-01 20:29:25,Bugis,BTM-W-02,Women's High-Rise Wide Leg Pants,Bottoms,Women,39.9,39.9,False,1,$39.9,card
ORC-20260601-0424,2,2026-06-01 20:46:46,Orchard Central,TOP-W-01,Women's Airism Cotton Crew Neck T-Shirt,Tops,Women,14.9,14.9,False,1,14.9,Cash
BUG-20260601-0704,3,2026-06-01 18:33:50,Bugis,TOP-W-02,Women's Ribbed Long Sleeve Turtleneck,Tops,Women,19.9,19.9,False,1,19.9,NETS
PUN-20260601-0038,2,2026-06-01 20:06:37,Punggol,BTM-W-03,Women's Ezy Ankle Pants,Bottoms,Women,29.9,29.9,False,1,29.9,PayNow
ORC-20260601-0435,2,2026-06-01 18:33:43,Orchard Central,SOK-W-03,Women's Airism Low-Cut Socks,Socks,Women,5.9,5.9,False,1,5.9,Cash
ORC-20260601-0486,3,2026-06-01 21:05:28,Orchard Central,TOP-W-03,Women's Silky Satin Blouse,Tops,Women,39.9,39.9,False,1,39.9,PayNow
BUG-20260601-0434,2,2026-06-01 21:36:19,Bugis,SOK-W-03,Women's Airism Low-Cut Socks,Socks,Women,5.9,5.9,False,1,5.9,paynow
ORC-20260601-0925,1,2026-06-01 17:48:47,  Orchard Central  ,UND-M-01,Men's Airism Boxer Briefs,Underwear,Men,14.9,14.9,False,1,14.9,Card
ORC-20260601-1071,1,2026-06-01 19:45:44,Orchard Central,SOK-W-04,Women's Ribbed Crew Socks,Socks,Women,5.9,5.9,False,1,5.9,PayNow
ORC-20260601-0170,2,2026-06-01 16:33:27,Orchard Central,SOK-W-09,Women's No-Show Sneaker Socks,Socks,Women,5.9,5.9,False,1,5.9,Cash
ORC-20260601-0548,3,2026-06-01 19:39:13,Orchard Central,TOP-W-02,Women's Ribbed Long Sleeve Turtleneck,Tops,Women,19.9,19.9,False,1,19.9,Card
ORC-20260601-0303,2,2026-06-01 18:33:24,Orchard Central,TOP-M-03,Men's Dry-EX Crew Neck T-Shirt,Tops,Men,19.9,19.9,False,1,19.9,Card
ORC-20260601-0391,1,2026-06-01 20:06:36,Orchard Central,TOP-M-02,Men's Supima Cotton Polo Shirt,tops,Men,29.9,29.9,False,1,29.9,PayNow
ORC-20260601-0296,3,2026-06-01 21:19:32,Orchard Central,UND-M-03,Men's Airism Mesh Boxer Briefs,Underwear,Men,14.9,14.9,False,1,14.9,Card
ORC-20260601-0724,2,2026-06-01 20:15:13,Orchard Central,UND-M-04,Men's Cotton Crew Neck Undershirt,Underwear,Men,14.9,14.9,False,2,29.8,PayNow
ORC-20260601-0084,2,2026-06-01 15:38:53,Orchard Central,SOK-M-04,Men's Ribbed Crew Socks,Socks,Men,5.9,5.9,False,1,5.9,Card
ORC-20260601-0596,1,2026-06-01 11:55:50,Orchard Central,SOK-W-02,Women's Pile Crew Socks,Socks,Women,5.9,5.9,False,1,5.9,Card
PUN-20260601-0551,2,2026-06-01 19:32:12,PUNGGOL,SOK-M-02,Men's Pile Crew Socks,Socks,Men,5.9,5.9,False,1,5.9,NETS
PUN-20260601-0045,3,2026-06-01 16:02:32,Punggol,SOK-W-04,  Women's Ribbed Crew Socks  ,Socks,WOMEN,5.9,5.9,False,1,5.9,PayNow
PUN-20260601-0033,1,2026-06-01 15:44:08,Punggol,SOK-W-02,Women's Pile Crew Socks,Socks,WOMEN,5.9,5.9,False,2,11.8,CARD
ORC-20260601-0592,1,2026-06-01 16:47:42,orchard central,SOK-W-03,Women's Airism Low-Cut Socks,Socks,women,5.9,5.9,False,1,5.9,Card
ORC-20260601-0451,1,2026-06-01 19:49:04,Orchard Central,UND-W-03,Women's Cotton Blend Briefs,UNDERWEAR,Women,9.9,9.9,False,1,9.9,NETS
PUN-20260601-0358,1,2026-06-01 19:50:46,Punggol,SOK-W-02,Women's Pile Crew Socks,Socks,Women,5.9,5.9,False,1,5.9,NETS
PUN-20260601-0481,1,2026-06-01 19:34:53,Punggol,SOK-M-06,Men's Heattech Socks,Socks,Men,9.9,9.9,False,2,19.8,PayNow
BUG-20260601-0377,1,2026-06-01 17:46:41,Bugis,UND-W-01,  Women's Airism Bikini Shorts  ,underwear,Women,9.9,9.9,False,2,19.8,Card
ORC-20260601-0383,1,2026-06-01 20:24:24,Orchard Central,SOK-M-04,Men's Ribbed Crew Socks,Socks,MEN,5.9,5.9,False,1,5.9,Card
PUN-20260601-0459,1,2026-06-01 21:13:15,punggol,SOK-W-02,Women's Pile Crew Socks,Socks,Women,5.9,5.9,False,1,5.9,Cash
ORC-20260601-0107,1,2026-06-01 22:19:42,Orchard Central,SOK-M-04,Men's Ribbed Crew Socks,Socks,Men,5.9,5.9,False,1,5.9,PayNow
BUG-20260601-0593,3,2026-06-01 18:16:57,Bugis,SOK-M-04,  Men's Ribbed Crew Socks  ,Socks,Men,5.9,5.9,False,1,5.9,PayNow
BUG-20260601-0573,1,2026-06-01 21:17:38,Bugis,SOK-M-04,Men's Ribbed Crew Socks,Socks,Men,5.9,5.9,False,1,5.9,Cash
ORC-20260601-0903,3,2026-06-01 17:27:25,orchard central,SOK-W-02,Women's Pile Crew Socks,Socks,Women,5.9,5.9,False,1,5.9,Cash
ORC-20260601-0951,1,2026-06-01 20:43:38,Orchard Central,SOK-W-02,Women's Pile Crew Socks,Socks,Women,5.9,5.9,False,1,5.9,PayNow
ORC-20260601-0004,2,2026-06-01 22:25:36,  Orchard Central  ,SOK-M-03,Men's Airism Low-Cut Socks,socks,Men,5.9,5.9,False,2,11.8,Card
ORC-20260601-0465,1,2026-06-01 11:51:22,Orchard Central,SOK-M-03,Men's Airism Low-Cut Socks,Socks,Men,$5.9,5.9,False,1,5.9,NETS
ORC-20260601-0698,1,2026-06-01 20:26:38,Orchard Central,SOK-W-04,Women's Ribbed Crew Socks,Socks,Women,5.9,5.9,False,1,5.9,PayNow
ORC-20260601-0208,2,2026-06-01 11:08:27,Orchard Central,UND-W-03,Women's Cotton Blend Briefs,Underwear,Women,9.9,9.9,False,1,9.9,PayNow
PUN-20260601-0173,2,2026-06-01 19:18:42,Punggol,UND-W-02,Women's Wireless Bra,Underwear,Women,29.9,29.9,False,2,59.8,Cash
ORC-20260601-0814,2,2026-06-01 19:11:39,Orchard Central,SOK-W-06,Women's Heattech Socks,SOCKS,Women,9.9,9.9,False,1,9.9,Cash
BUG-20260601-0023,1,2026-06-01 15:40:56,Bugis,UND-W-03,Women's Cotton Blend Briefs,UNDERWEAR,Women,9.9,9.9,False,1,9.9,nets
BUG-20260601-0630,1,2026-06-01 19:56:17,Bugis,UND-M-04,Men's Cotton Crew Neck Undershirt,Underwear,Men,14.9,14.9,False,1,14.9,Card
BUG-20260601-0382,1,2026-06-01 13:47:32,Bugis,SOK-M-04,Men's Ribbed Crew Socks,Socks,Men,5.9,5.9,False,1,5.9,Card
ORC-20260601-0054,3,2026-06-01 18:01:14,Orchard Central,SOK-W-02,Women's Pile Crew Socks,Socks,Women,5.9,5.9,False,1,5.9,PayNow
ORC-20260601-0843,1,2026-06-01 12:02:20,Orchard Central,SOK-W-02,Women's Pile Crew Socks,Socks,WOMEN,5.9,5.9,False,1,5.9,Card
PUN-20260601-0221,3,2026-06-01 12:59:57,  Punggol  ,SOK-W-02,Women's Pile Crew Socks,Socks,Women,5.9,5.9,False,1,5.9,Cash
BUG-20260601-0448,1,2026-06-01 22:12:17,Bugis,SOK-W-01,Women's Ankle Socks 3-Pack,Socks,Women,14.9,14.9,False,1,14.9,NETS
PUN-20260601-0211,1,2026-06-01 18:21:23,Punggol,SOK-W-03,Women's Airism Low-Cut Socks,SOCKS,Women,5.9,5.9,False,1,$5.9,Card
BUG-20260601-0152,3,2026-06-01 18:28:06,Bugis,SOK-M-03,Men's Airism Low-Cut Socks,Socks,Men,5.9,5.9,False,1,5.9,Cash
BUG-20260601-0292,3,2026-06-01 19:23:29,Bugis,TOP-W-07,Women's Fleece Pullover Hoodie,Tops,Women,29.9,29.9,False,1,29.9,Card
BUG-20260601-0314,2,2026-06-01 19:46:01,Bugis,SOK-W-03,Women's Airism Low-Cut Socks,Socks,Women,5.9,5.9,False,1,5.9,NETS
PUN-20260601-0436,1,2026-06-01 18:23:39,  Punggol  ,SOK-W-04,Women's Ribbed Crew Socks,Socks,Women,5.9,5.9,False,1,5.9,Card
ORC-20260601-0227,3,2026-06-01 20:38:01,Orchard Central,SOK-W-03,  Women's Airism Low-Cut Socks  ,Socks,Women,5.9,5.9,False,1,5.9,Card
ORC-20260601-0976,2,2026-06-01 20:52:34,Orchard Central,SOK-W-02,Women's Pile Crew Socks,Socks,Women,5.9,5.9,False,1,5.9,PayNow
BUG-20260601-0230,1,2026-06-01 16:52:04,Bugis,TOP-M-03,Men's Dry-EX Crew Neck T-Shirt,Tops,Men,19.9,19.9,False,1,19.9,NETS
PUN-20260601-0012,1,2026-06-01 18:54:16,Punggol,UND-W-01,Women's Airism Bikini Shorts,Underwear,Women,9.9,9.9,False,1,9.9,PayNow
BUG-20260601-0064,1,2026-06-01 20:55:15,Bugis,SOK-W-02,Women's Pile Crew Socks,Socks,Women,5.9,5.9,False,1,5.9,Card
ORC-20260601-1058,1,2026-06-01 15:58:55,Orchard Central,UND-W-02,Women's Wireless Bra,Underwear,Women,29.9,29.9,False,2,59.8,Card
PUN-20260601-0575,1,2026-06-01 18:19:30,Punggol,TOP-M-01,Men's Airism Cotton Crew Neck T-Shirt,Tops,Men,14.9,14.9,False,1,14.9,Card
BUG-20260601-0697,1,2026-06-01 20:31:44,  bugis  ,SOK-W-03,  Women's Airism Low-Cut Socks  ,Socks,Women,5.9,5.9,False,2,11.8,Card
PUN-20260601-0142,1,2026-06-01 21:19:20,Punggol,SOK-W-06,Women's Heattech Socks,socks,Women,9.9,9.9,False,1,9.9,CARD
ORC-20260601-0711,1,2026-06-01 18:22:40,Orchard Central,UND-M-04,Men's Cotton Crew Neck Undershirt,Underwear,Men,14.9,14.9,False,1,14.9,PayNow
BUG-20260601-0188,1,2026-06-01 21:37:25,Bugis,UND-M-03,Men's Airism Mesh Boxer Briefs,Underwear,Men,14.9,14.9,False,1,14.9,cash
BUG-20260601-0761,1,2026-06-01 20:32:35,Bugis,TOP-W-04,Women's Heattech Crew Neck Long Sleeve Tee,TOPS,Women,14.9,14.9,False,1,14.9,PayNow
ORC-20260601-1056,3,2026-06-01 21:12:18,Orchard Central,UND-W-01,Women's Airism Bikini Shorts,Underwear,Women,9.9,9.9,False,1,9.9,Nets
ORC-20260601-0209,1,2026-06-01 21:36:38,orchard central,BTM-M-08,Men's Relaxed Fit Denim Shorts,Bottoms,Men,22.99,29.9,True,1,22.99,PayNow
ORC-20260601-0203,2,2026-06-01 17:12:34,  Orchard Central  ,UND-W-03,Women's Cotton Blend Briefs,Underwear,Women,9.9,9.9,False,1,9.9,Card
ORC-20260601-0182,1,2026-06-01 17:35:32,Orchard Central,BTM-W-03,Women's Ezy Ankle Pants,Bottoms,Women,29.9,29.9,False,1,29.9,NETS
ORC-20260601-0858,1,2026-06-01 16:44:46,Orchard Central,UND-W-03,Women's Cotton Blend Briefs,Underwear,Women,9.9,9.9,False,1,9.9,Card
ORC-20260601-0690,3,2026-06-01 20:52:49,orchard central,TOP-W-01,Women's Airism Cotton Crew Neck T-Shirt,Tops,Women,14.9,14.9,False,1,14.9,Card
BUG-20260601-0036,1,2026-06-01 22:09:24,Bugis,UND-W-04,Women's Airism T-Shirt Bra,Underwear,WOMEN,29.9,29.9,False,1,29.9,NETS
PUN-20260601-0477,1,2026-06-01 12:59:56,Punggol,SOK-W-03,Women's Airism Low-Cut Socks,Socks,Women,5.9,5.9,False,1,5.9,PayNow
ORC-20260601-0050,2,2026-06-01 21:00:32,Orchard Central,SOK-M-04,Men's Ribbed Crew Socks,Socks,MEN,5.9,5.9,False,1,5.9,Cash
BUG-20260601-0759,1,2026-06-01 12:24:29,Bugis,BTM-M-01,Men's Ezy Ankle Pants,Bottoms,Men,29.9,29.9,False,1,29.9,Card
PUN-20260601-0413,1,2026-06-01 18:25:29,Punggol,SOK-W-03,Women's Airism Low-Cut Socks,Socks,Women,5.9,5.9,False,1,$5.9,Card
ORC-20260601-0498,3,2026-06-01 18:12:15,Orchard Central,UND-W-01,Women's Airism Bikini Shorts,Underwear,Women,9.9,9.9,False,2,19.8,Card
BUG-20260601-0455,3,2026-06-01 17:45:50,bugis,SOK-W-02,Women's Pile Crew Socks,Socks,women,$5.9,5.9,False,2,11.8,Card
PUN-20260601-0338,2,2026-06-01 20:23:45,Punggol,UND-M-01,Men's Airism Boxer Briefs,Underwear,Men,14.9,14.9,False,1,14.9,Card
PUN-20260601-0119,2,2026-06-01 19:06:35,punggol,BTM-M-04,Men's Dry Stretch Shorts,Bottoms,Men,19.9,19.9,False,1,19.9,Card
ORC-20260601-0395,1,2026-06-01 20:29:42,Orchard Central,SOK-W-04,Women's Ribbed Crew Socks,Socks,Women,5.9,5.9,False,1,5.9,Card
ORC-20260601-0742,2,2026-06-01 11:27:50,Orchard Central,UND-M-03,Men's Airism Mesh Boxer Briefs,Underwear,Men,14.9,14.9,False,1,14.9,Cash
PUN-20260601-0562,3,2026-06-01 19:55:56,Punggol,SOK-W-04,Women's Ribbed Crew Socks,Socks,Women,5.9,5.9,False,1,$5.9,CARD
BUG-20260601-0744,2,2026-06-01 19:28:37,Bugis,SOK-M-02,Men's Pile Crew Socks,Socks,Men,5.9,5.9,False,1,5.9,Card
ORC-20260601-0226,2,2026-06-01 14:09:48,orchard central,SOK-W-10,Women's Wool Blend Socks,Socks,Women,9.9,9.9,False,2,19.8,Card
ORC-20260601-0151,3,2026-06-01 19:09:45,Orchard Central,UND-W-01,Women's Airism Bikini Shorts,Underwear,Women,9.9,9.9,False,2,19.8,PayNow
ORC-20260601-0968,1,2026-06-01 20:45:29,Orchard Central,TOP-M-02,Men's Supima Cotton Polo Shirt,Tops,Men,29.9,29.9,False,1,29.9,NETS
ORC-20260601-0063,3,2026-06-01 22:05:39,Orchard Central,SOK-W-02,  Women's Pile Crew Socks  ,Socks,Women,5.9,5.9,False,1,5.9,PayNow
BUG-20260601-0388,1,2026-06-01 13:51:19,bugis,TOP-W-02,Women's Ribbed Long Sleeve Turtleneck,Tops,Women,19.9,19.9,False,1,19.9,Card
ORC-20260601-0612,2,2026-06-01 19:50:36,Orchard Central,TOP-M-03,Men's Dry-EX Crew Neck T-Shirt,Tops,Men,19.9,19.9,False,1,19.9,NETS
ORC-20260601-0780,2,2026-06-01 15:00:12,Orchard Central,SOK-W-03,Women's Airism Low-Cut Socks,Socks,Women,5.9,5.9,False,1,5.9,Card
ORC-20260601-1051,2,2026-06-01 21:26:26,Orchard Central,TOP-W-01,Women's Airism Cotton Crew Neck T-Shirt,Tops,Women,14.9,14.9,False,1,14.9,PayNow
ORC-20260601-1042,1,2026-06-01 13:29:05,Orchard Central,BTM-M-08,Men's Relaxed Fit Denim Shorts,Bottoms,Men,22.99,29.9,True,1,22.99,CARD
PUN-20260601-0522,2,2026-06-01 19:06:20,Punggol,UND-M-02,Men's Cotton Blend Trunks,Underwear,men,14.9,14.9,False,1,14.9,Card
BUG-20260601-0402,2,2026-06-01 18:16:07,Bugis,BTM-M-01,Men's Ezy Ankle Pants,Bottoms,Men,29.9,29.9,False,1,29.9,Cash
PUN-20260601-0024,2,2026-06-01 21:33:21,Punggol,SOK-W-02,Women's Pile Crew Socks,Socks,Women,5.9,5.9,False,1,5.9,NETS
PUN-20260601-0085,2,2026-06-01 19:08:25,PUNGGOL,UND-M-03,Men's Airism Mesh Boxer Briefs,underwear,Men,14.9,14.9,False,1,14.9,Card
BUG-20260601-0796,2,2026-06-01 21:20:09,Bugis,SOK-M-04,Men's Ribbed Crew Socks,Socks,MEN,5.9,5.9,False,1,5.9,NETS
ORC-20260601-0097,1,2026-06-01 20:55:14,Orchard Central,TOP-M-02,Men's Supima Cotton Polo Shirt,Tops,Men,29.9,29.9,False,1,29.9,PAYNOW
PUN-20260601-0230,3,2026-06-01 20:40:06,  Punggol  ,TOP-W-02,Women's Ribbed Long Sleeve Turtleneck,Tops,Women,19.9,19.9,False,1,19.9,Cash
PUN-20260601-0294,1,2026-06-01 20:41:46,Punggol,SOK-M-03,Men's Airism Low-Cut Socks,Socks,Men,5.9,5.9,False,1,5.9,Card
PUN-20260601-0040,1,2026-06-01 19:36:38,Punggol,SOK-W-02,Women's Pile Crew Socks,Socks,Women,5.9,5.9,False,2,11.8,Card
BUG-20260601-0336,1,2026-06-01 19:25:48,Bugis,TOP-W-04,Women's Heattech Crew Neck Long Sleeve Tee,TOPS,Women,14.9,14.9,False,1,14.9,nets
ORC-20260601-0164,1,2026-06-01 17:05:53,Orchard Central,UND-W-02,Women's Wireless Bra,Underwear,Women,29.9,29.9,False,2,59.8,Card
BUG-20260601-0295,1,2026-06-01 21:21:36,Bugis,SOK-W-02,  Women's Pile Crew Socks  ,SOCKS,Women,5.9,5.9,False,2,$11.8,Card
ORC-20260601-1054,2,2026-06-01 16:09:49,Orchard Central,SOK-M-04,Men's Ribbed Crew Socks,Socks,men,5.9,5.9,False,1,5.9,Card
PUN-20260601-0333,1,2026-06-01 15:18:39,Punggol,SOK-M-02,Men's Pile Crew Socks,Socks,Men,$5.9,5.9,False,1,5.9,NETS
BUG-20260601-0333,1,2026-06-01 13:32:07,Bugis,SOK-M-03,Men's Airism Low-Cut Socks,socks,Men,5.9,5.9,False,2,11.8,Card
ORC-20260601-0059,1,2026-06-01 19:59:55,Orchard Central,SOK-W-04,Women's Ribbed Crew Socks,Socks,Women,5.9,5.9,False,2,11.8,PAYNOW
ORC-20260601-0824,2,2026-06-01 16:35:32,Orchard Central,TOP-M-01,  Men's Airism Cotton Crew Neck T-Shirt  ,Tops,Men,14.9,14.9,False,1,14.9,Card
PUN-20260601-0198,2,2026-06-01 13:38:59,Punggol,UND-W-03,  Women's Cotton Blend Briefs  ,UNDERWEAR,Women,9.9,9.9,False,1,9.9,PayNow
ORC-20260601-1070,3,2026-06-01 15:08:17,Orchard Central,UND-M-04,Men's Cotton Crew Neck Undershirt,Underwear,Men,14.9,14.9,False,1,14.9,Card
PUN-20260601-0393,2,2026-06-01 22:00:40,Punggol,UND-M-02,Men's Cotton Blend Trunks,Underwear,Men,14.9,14.9,False,1,14.9,PayNow
BUG-20260601-0607,3,2026-06-01 21:00:00,Bugis,UND-W-03,Women's Cotton Blend Briefs,underwear,Women,9.9,9.9,False,1,9.9,PayNow
BUG-20260601-0397,2,2026-06-01 20:39:12,Bugis,SOK-M-03,Men's Airism Low-Cut Socks,Socks,Men,5.9,5.9,False,2,11.8,Card
BUG-20260601-0342,1,2026-06-01 15:17:40,Bugis,UND-W-01,Women's Airism Bikini Shorts,Underwear,Women,9.9,9.9,False,1,9.9,Card
PUN-20260601-0204,3,2026-06-01 14:39:54,Punggol,UND-W-01,Women's Airism Bikini Shorts,underwear,Women,9.9,9.9,False,1,9.9,NETS
ORC-20260601-0312,2,2026-06-01 20:04:17,Orchard Central,SOK-M-01,  Men's Ankle Socks 3-Pack  ,Socks,Men,14.9,14.9,False,1,14.9,Cash
BUG-20260601-0164,3,2026-06-01 21:27:13,Bugis,SOK-M-04,Men's Ribbed Crew Socks,Socks,Men,5.9,5.9,False,2,11.8,Card
BUG-20260601-0007,1,2026-06-01 17:34:56,Bugis,SOK-W-04,Women's Ribbed Crew Socks,Socks,Women,5.9,5.9,False,1,5.9,CASH
ORC-20260601-0327,1,2026-06-01 18:29:05,Orchard Central,SOK-W-02,Women's Pile Crew Socks,Socks,Women,5.9,5.9,False,1,5.9,CARD
ORC-20260601-0265,2,2026-06-01 12:29:38,  ORCHARD CENTRAL  ,UND-M-02,Men's Cotton Blend Trunks,Underwear,men,14.9,14.9,False,1,14.9,Card
BUG-20260601-0308,1,2026-06-01 18:53:08,  Bugis  ,UND-M-04,Men's Cotton Crew Neck Undershirt,UNDERWEAR,Men,14.9,14.9,False,1,14.9,Card
PUN-20260601-0209,1,2026-06-01 13:31:24,Punggol,UND-W-01,Women's Airism Bikini Shorts,Underwear,Women,9.9,9.9,False,1,9.9,Card
ORC-20260601-0403,1,2026-06-01 20:56:15,Orchard Central,SOK-M-04,Men's Ribbed Crew Socks,Socks,Men,5.9,5.9,False,1,5.9,
BUG-20260601-0422,2,2026-06-01 20:47:08,  Bugis  ,TOP-W-06,Women's Linen Blend Short Sleeve Shirt,Tops,Women,29.9,29.9,False,1,29.9,Card
ORC-20260601-0158,1,2026-06-01 22:46:01,orchard central,SOK-M-04,Men's Ribbed Crew Socks,Socks,Men,5.9,5.9,False,1,5.9,NETS
ORC-20260601-0940,3,2026-06-01 17:52:58,Orchard Central,UND-W-01,Women's Airism Bikini Shorts,underwear,Women,9.9,9.9,False,1,9.9,PayNow
BUG-20260601-0042,1,2026-06-01 14:24:15,Bugis,SOK-W-01,Women's Ankle Socks 3-Pack,Socks,Women,14.9,14.9,False,1,14.9,Card
PUN-20260601-0119,1,2026-06-01 19:06:35,Punggol,BTM-M-02,Men's Slim Fit Chino Trousers,bottoms,Men,29.9,29.9,False,1,29.9,Card
BUG-20260601-0017,2,2026-06-01 19:52:27,Bugis,SOK-W-02,Women's Pile Crew Socks,Socks,Women,5.9,5.9,False,2,11.8,NETS
ORC-20260601-0453,2,2026-06-01 20:38:31,  Orchard Central  ,SOK-M-03,Men's Airism Low-Cut Socks,Socks,Men,5.9,5.9,False,1,5.9,NETS
ORC-20260601-0138,2,2026-06-01 20:07:11,Orchard Central,SOK-M-04,Men's Ribbed Crew Socks,Socks,Men,5.9,5.9,False,1,5.9,NETS
PUN-20260601-0510,1,2026-06-01 17:01:48,PUNGGOL,TOP-W-02,Women's Ribbed Long Sleeve Turtleneck,Tops,Women,19.9,19.9,False,1,19.9,Cash
BUG-20260601-0062,1,2026-06-01 12:24:45,Bugis,TOP-W-02,Women's Ribbed Long Sleeve Turtleneck,Tops,Women,19.9,19.9,False,1,$19.9,Card
ORC-20260601-0131,1,2026-06-01 13:34:45,Orchard Central,SOK-W-02,Women's Pile Crew Socks,Socks,Women,5.9,5.9,False,2,11.8,PayNow
ORC-20260601-0652,1,2026-06-01 18:50:47,Orchard Central,SOK-W-02,Women's Pile Crew Socks,Socks,Women,5.9,5.9,False,1,5.9,PayNow
BUG-20260601-0817,2,2026-06-01 13:10:32,bugis,UND-M-02,Men's Cotton Blend Trunks,Underwear,Men,14.9,14.9,False,1,14.9,Card
ORC-20260601-0036,1,2026-06-01 18:09:13,orchard central,TOP-M-01,Men's Airism Cotton Crew Neck T-Shirt,Tops,Men,14.9,14.9,False,1,14.9,Card
ORC-20260601-0325,2,2026-06-01 19:36:08,Orchard Central,SOK-M-02,Men's Pile Crew Socks,Socks,Men,5.9,5.9,False,1,5.9,PayNow
ORC-20260601-0449,1,2026-06-01 20:56:09,Orchard Central,SOK-W-04,Women's Ribbed Crew Socks,Socks,Women,5.9,5.9,False,1,5.9,Card
BUG-20260601-0702,2,2026-06-01 17:01:00,Bugis,SOK-M-03,  Men's Airism Low-Cut Socks  ,Socks,Men,5.9,5.9,False,1,5.9,NETS
PUN-20260601-0009,2,2026-06-01 18:43:52,  Punggol  ,TOP-W-01,Women's Airism Cotton Crew Neck T-Shirt,Tops,Women,14.9,14.9,False,1,14.9,Nets
ORC-20260601-0145,1,2026-06-01 21:28:54,Orchard Central,BTM-M-02,Men's Slim Fit Chino Trousers,Bottoms,Men,29.9,29.9,False,1,29.9,PayNow
ORC-20260601-0549,1,2026-06-01 22:31:23,  Orchard Central  ,SOK-W-04,Women's Ribbed Crew Socks,Socks,Women,5.9,5.9,False,1,5.9,Card
ORC-20260601-0649,2,2026-06-01 20:08:27,Orchard Central,SOK-W-03,Women's Airism Low-Cut Socks,Socks,Women,5.9,5.9,False,1,5.9,NETS
PUN-20260601-0411,2,2026-06-01 11:40:33,Punggol,TOP-W-02,Women's Ribbed Long Sleeve Turtleneck,Tops,Women,19.9,19.9,False,1,19.9,Card
BUG-20260601-0420,2,2026-06-01 15:51:58,Bugis,BTM-W-02,  Women's High-Rise Wide Leg Pants  ,BOTTOMS,Women,39.9,39.9,False,1,39.9,PayNow
BUG-20260601-0591,1,2026-06-01 12:10:35,Bugis,TOP-M-03,  Men's Dry-EX Crew Neck T-Shirt  ,Tops,Men,19.9,19.9,False,1,19.9,NETS
PUN-20260601-0291,2,2026-06-01 14:03:17,Punggol,SOK-W-01,Women's Ankle Socks 3-Pack,Socks,Women,14.9,14.9,False,1,14.9,Cash
BUG-20260601-0805,1,2026-06-01 16:14:38,Bugis,UND-M-02,Men's Cotton Blend Trunks,Underwear,Men,14.9,14.9,False,1,14.9,cash
ORC-20260601-0226,1,2026-06-01 14:09:48,Orchard Central,UND-M-06,Men's Airism Sleeveless Undershirt,Underwear,Men,$9.9,9.9,False,1,9.9,card
BUG-20260601-0029,1,2026-06-01 17:48:33,Bugis,UND-W-01,Women's Airism Bikini Shorts,Underwear,Women,9.9,9.9,False,2,19.8,Card
ORC-20260601-0416,1,2026-06-01 16:52:18,Orchard Central,TOP-M-01,Men's Airism Cotton Crew Neck T-Shirt,Tops,Men,14.9,14.9,False,1,14.9,Card
ORC-20260601-0584,2,2026-06-01 17:53:09,Orchard Central,BTM-M-02,Men's Slim Fit Chino Trousers,Bottoms,Men,29.9,29.9,False,1,29.9,Card
BUG-20260601-0612,1,2026-06-01 11:03:05,Bugis,TOP-W-05,Women's Merino Blend Cardigan,Tops,Women,31.36,39.9,True,1,31.36,Cash
BUG-20260601-0349,1,2026-06-01 14:46:19,Bugis,UND-M-03,Men's Airism Mesh Boxer Briefs,Underwear,Men,14.9,14.9,False,1,14.9,Card
ORC-20260601-0867,2,2026-06-01 13:02:49,Orchard Central,SOK-W-03,Women's Airism Low-Cut Socks,Socks,Women,5.9,5.9,False,1,$5.9,PayNow
PUN-20260601-0216,3,2026-06-01 15:36:55,Punggol,UND-W-03,Women's Cotton Blend Briefs,Underwear,WOMEN,$9.9,9.9,False,1,9.9,NETS
ORC-20260601-0627,2,2026-06-01 16:57:20,ORCHARD CENTRAL,TOP-W-02,,Tops,Women,19.9,19.9,False,1,19.9,PayNow
PUN-20260601-0481,2,2026-06-01 19:34:53,  Punggol  ,SOK-M-04,Men's Ribbed Crew Socks,Socks,men,5.9,5.9,False,1,5.9,PayNow
BUG-20260601-0324,2,2026-06-01 15:44:10,Bugis,SOK-W-02,Women's Pile Crew Socks,Socks,Women,5.9,5.9,False,2,11.8,PayNow
ORC-20260601-0354,2,2026-06-01 20:03:54,ORCHARD CENTRAL,SOK-W-02,Women's Pile Crew Socks,Socks,Women,5.9,5.9,False,2,11.8,PayNow
BUG-20260601-0372,1,2026-06-01 20:21:38,Bugis,SOK-M-03,Men's Airism Low-Cut Socks,Socks,Men,5.9,5.9,False,1,5.9,PayNow
BUG-20260601-0405,1,2026-06-01 22:53:21,bugis,BTM-M-04,Men's Dry Stretch Shorts,bottoms,men,19.9,19.9,False,1,19.9,PayNow
ORC-20260601-0545,1,2026-06-01 18:28:14,Orchard Central,SOK-W-02,Women's Pile Crew Socks,Socks,Women,5.9,5.9,False,1,5.9,Card
PUN-20260601-0122,1,2026-06-01 18:38:51,Punggol,UND-M-04,Men's Cotton Crew Neck Undershirt,Underwear,Men,14.9,14.9,False,1,14.9,PayNow
ORC-20260601-0140,2,2026-06-01 17:49:07,Orchard Central,UND-M-01,Men's Airism Boxer Briefs,Underwear,Men,14.9,14.9,False,1,$14.9,Cash
PUN-20260601-0056,1,2026-06-01 13:45:21,Punggol,SOK-W-03,Women's Airism Low-Cut Socks,Socks,WOMEN,5.9,5.9,False,1,5.9,PayNow
ORC-20260601-0981,1,2026-06-01 15:10:28,Orchard Central,TOP-W-04,  Women's Heattech Crew Neck Long Sleeve Tee  ,Tops,Women,14.9,14.9,False,1,14.9,Card
ORC-20260601-0328,2,2026-06-01 18:24:39,Orchard Central,SOK-W-04,Women's Ribbed Crew Socks,Socks,Women,5.9,5.9,False,1,5.9,PayNow
BUG-20260601-0331,1,2026-06-01 20:14:29,bugis,UND-W-10,Women's Wireless Bralette,Underwear,Women,29.9,29.9,False,2,59.8,nets
ORC-20260601-0924,1,2026-06-01 19:25:20,Orchard Central,UND-W-01,Women's Airism Bikini Shorts,Underwear,Women,9.9,9.9,False,1,9.9,NETS
BUG-20260601-0234,1,2026-06-01 17:57:20,  Bugis  ,BTM-W-06,Women's Jersey Jogger Pants,Bottoms,Women,21.94,29.9,True,1,21.94,Card
BUG-20260601-0014,2,2026-06-01 20:28:23,  Bugis  ,SOK-W-03,Women's Airism Low-Cut Socks,SOCKS,Women,5.9,5.9,False,1,5.9,Cash
BUG-20260601-0685,2,2026-06-01 20:31:29,Bugis,SOK-W-04,Women's Ribbed Crew Socks,socks,Women,5.9,5.9,False,1,5.9,Card
ORC-20260601-0532,2,2026-06-01 20:33:00,orchard central,BTM-M-04,Men's Dry Stretch Shorts,Bottoms,MEN,19.9,19.9,False,1,19.9,Card
BUG-20260601-0090,2,2026-06-01 18:03:00,Bugis,BTM-W-01,Women's Ultra Stretch Skinny Jeans,bottoms,WOMEN,39.9,39.9,False,1,39.9,Cash
BUG-20260601-0220,1,2026-06-01 18:30:39,Bugis,SOK-W-02,  Women's Pile Crew Socks  ,Socks,Women,5.9,5.9,False,1,5.9,PayNow
BUG-20260601-0266,1,2026-06-01 20:16:48,Bugis,SOK-W-04,Women's Ribbed Crew Socks,Socks,women,5.9,5.9,False,1,5.9,Card
BUG-20260601-0557,1,2026-06-01 17:15:01,Bugis,SOK-W-02,Women's Pile Crew Socks,Socks,WOMEN,5.9,5.9,False,1,5.9,Card
PUN-20260601-0155,1,2026-06-01 19:24:32,Punggol,TOP-M-01,Men's Airism Cotton Crew Neck T-Shirt,Tops,Men,14.9,14.9,False,1,14.9,PayNow
BUG-20260601-0012,1,2026-06-01 20:07:18,BUGIS,TOP-W-01,Women's Airism Cotton Crew Neck T-Shirt,Tops,Women,14.9,14.9,False,1,14.9,Paynow
ORC-20260601-0370,1,2026-06-01 19:57:44,Orchard Central,UND-W-01,  Women's Airism Bikini Shorts  ,Underwear,women,9.9,9.9,False,1,9.9,Card
ORC-20260601-0564,1,2026-06-01 22:49:11,Orchard Central,TOP-W-03,Women's Silky Satin Blouse,Tops,WOMEN,$39.9,39.9,False,1,39.9,card
ORC-20260601-0006,2,2026-06-01 22:09:43,Orchard Central,SOK-W-01,Women's Ankle Socks 3-Pack,Socks,Women,14.9,14.9,False,1,14.9,paynow
BUG-20260601-0595,1,2026-06-01 12:23:54,Bugis,TOP-W-06,Women's Linen Blend Short Sleeve Shirt,Tops,Women,29.9,29.9,False,1,29.9,CASH
BUG-20260601-0510,1,2026-06-01 20:06:35,bugis,UND-W-03,Women's Cotton Blend Briefs,Underwear,WOMEN,9.9,9.9,False,1,9.9,Card
ORC-20260601-0435,1,2026-06-01 18:33:43,Orchard Central,BTM-M-04,Men's Dry Stretch Shorts,Bottoms,Men,19.9,19.9,False,1,19.9,Cash
ORC-20260601-0789,2,2026-06-01 16:16:55,Orchard Central,SOK-M-03,Men's Airism Low-Cut Socks,Socks,Men,5.9,5.9,False,2,11.8,NETS
ORC-20260601-0583,1,2026-06-01 13:40:34,Orchard Central,SOK-M-03,Men's Airism Low-Cut Socks,Socks,Men,5.9,5.9,False,1,5.9,Card
ORC-20260601-0089,2,2026-06-01 19:25:11,Orchard Central,UND-W-01,Women's Airism Bikini Shorts,Underwear,Women,9.9,9.9,False,1,9.9,Cash
PUN-20260601-0002,2,2026-06-01 17:32:39,Punggol,SOK-M-03,Men's Airism Low-Cut Socks,Socks,Men,5.9,5.9,False,2,11.8,NETS
ORC-20260601-0193,1,2026-06-01 19:37:38,Orchard Central,SOK-W-10,Women's Wool Blend Socks,Socks,Women,9.9,9.9,False,1,9.9,Card
PUN-20260601-0228,2,2026-06-01 21:53:55,Punggol,UND-M-02,Men's Cotton Blend Trunks,Underwear,Men,14.9,14.9,False,1,14.9,Card
ORC-20260601-0552,1,2026-06-01 19:38:21,Orchard Central,BTM-M-04,Men's Dry Stretch Shorts,Bottoms,Men,19.9,19.9,False,1,19.9,Card
BUG-20260601-0553,2,2026-06-01 19:50:44,BUGIS,UND-W-03,  Women's Cotton Blend Briefs  ,Underwear,Women,9.9,9.9,False,1,9.9,Cash
BUG-20260601-0315,1,2026-06-01 20:58:46,Bugis,BTM-M-01,Men's Ezy Ankle Pants,BOTTOMS,Men,29.9,29.9,False,1,29.9,Card
BUG-20260601-0800,2,2026-06-01 16:48:06,Bugis,BTM-M-04,Men's Dry Stretch Shorts,Bottoms,Men,19.9,19.9,False,1,19.9,cash
PUN-20260601-0034,2,2026-06-01 19:51:43,Punggol,SOK-W-03,Women's Airism Low-Cut Socks,Socks,Women,5.9,5.9,False,1,5.9,Card
BUG-20260601-0669,1,2026-06-01 19:25:28,Bugis,SOK-M-03,Men's Airism Low-Cut Socks,Socks,Men,5.9,5.9,False,1,5.9,Cash
ORC-20260601-0962,3,2026-06-01 19:11:35,Orchard Central,SOK-W-02,Women's Pile Crew Socks,Socks,Women,5.9,5.9,False,1,$5.9,Card
ORC-20260601-1029,1,2026-06-01 17:36:49,Orchard Central,SOK-M-04,Men's Ribbed Crew Socks,Socks,Men,5.9,5.9,False,1,5.9,Cash
PUN-20260601-0402,2,2026-06-01 20:02:20,  Punggol  ,SOK-W-07,Women's Striped Crew Socks,Socks,Women,5.9,5.9,False,1,5.9,Card
BUG-20260601-0586,2,2026-06-01 17:58:56,Bugis,UND-W-02,Women's Wireless Bra,Underwear,Women,29.9,29.9,False,1,29.9,paynow
BUG-20260601-0129,1,2026-06-01 22:19:26,Bugis,UND-M-02,Men's Cotton Blend Trunks,Underwear,Men,14.9,14.9,False,1,14.9,PayNow
BUG-20260601-0738,3,2026-06-01 19:39:53,  Bugis  ,SOK-M-10,Men's Wool Blend Socks,Socks,Men,9.9,9.9,False,1,9.9,Card
BUG-20260601-0130,2,2026-06-01 14:38:50,Bugis,BTM-M-01,Men's Ezy Ankle Pants,Bottoms,Men,29.9,29.9,False,1,29.9,Card
ORC-20260601-0073,1,2026-06-01 21:26:45,Orchard Central,UND-M-01,Men's Airism Boxer Briefs,Underwear,Men,14.9,14.9,False,1,14.9,paynow
ORC-20260601-0609,2,2026-06-01 20:32:39,Orchard Central,SOK-M-01,Men's Ankle Socks 3-Pack,Socks,Men,14.9,14.9,False,1,14.9,Card
ORC-20260601-0170,1,2026-06-01 16:33:27,ORCHARD CENTRAL,UND-M-03,Men's Airism Mesh Boxer Briefs,Underwear,MEN,14.9,14.9,False,1,14.9,Cash
ORC-20260601-0058,1,2026-06-01 17:52:17,orchard central,BTM-M-01,  Men's Ezy Ankle Pants  ,Bottoms,Men,29.9,29.9,False,1,29.9,Card
BUG-20260601-0452,2,2026-06-01 13:28:54,Bugis,SOK-M-10,Men's Wool Blend Socks,Socks,Men,9.9,9.9,False,1,9.9,Cash
ORC-20260601-0779,1,2026-06-01 20:57:51,Orchard Central,SOK-M-01,Men's Ankle Socks 3-Pack,Socks,Men,14.9,14.9,False,2,29.8,Card
ORC-20260601-0213,1,2026-06-01 22:22:40,Orchard Central,UND-W-04,  Women's Airism T-Shirt Bra  ,Underwear,Women,29.9,29.9,False,2,59.8,Card
ORC-20260601-0763,1,2026-06-01 22:07:39,Orchard Central,SOK-M-04,Men's Ribbed Crew Socks,SOCKS,Men,5.9,5.9,False,2,11.8,Card
PUN-20260601-0107,1,2026-06-01 20:10:45,PUNGGOL,SOK-W-03,Women's Airism Low-Cut Socks,Socks,Women,5.9,5.9,False,2,11.8,PAYNOW
BUG-20260601-0312,2,2026-06-01 15:51:00,Bugis,SOK-W-02,Women's Pile Crew Socks,Socks,Women,5.9,5.9,False,2,$11.8,PayNow
PUN-20260601-0562,1,2026-06-01 19:55:56,Punggol,TOP-M-02,Men's Supima Cotton Polo Shirt,Tops,Men,29.9,29.9,False,1,29.9,Card
ORC-20260601-0698,2,2026-06-01 20:26:38,Orchard Central,SOK-W-01,Women's Ankle Socks 3-Pack,Socks,Women,14.9,14.9,False,2,$29.8,PayNow
PUN-20260601-0148,1,2026-06-01 11:07:08,Punggol,SOK-W-03,Women's Airism Low-Cut Socks,SOCKS,Women,5.9,5.9,False,1,5.9,PayNow
BUG-20260601-0311,2,2026-06-01 19:48:59,Bugis,UND-M-03,Men's Airism Mesh Boxer Briefs,Underwear,Men,14.9,14.9,False,1,14.9,PayNow
ORC-20260601-0137,3,2026-06-01 18:21:43,Orchard Central,TOP-W-02,Women's Ribbed Long Sleeve Turtleneck,tops,Women,19.9,19.9,False,1,19.9,PayNow
BUG-20260601-0423,3,2026-06-01 12:25:24,Bugis,SOK-W-04,  Women's Ribbed Crew Socks  ,Socks,Women,5.9,5.9,False,1,5.9,Card
ORC-20260601-0019,2,2026-06-01 21:44:17,Orchard Central,BTM-W-03,Women's Ezy Ankle Pants,Bottoms,Women,29.9,29.9,False,1,29.9,Card
BUG-20260601-0569,1,2026-06-01 20:17:18,Bugis,SOK-M-03,Men's Airism Low-Cut Socks,Socks,Men,5.9,5.9,False,1,5.9,Cash
ORC-20260601-0528,2,2026-06-01 19:27:26,Orchard Central,TOP-W-04,Women's Heattech Crew Neck Long Sleeve Tee,Tops,Women,$14.9,14.9,False,1,14.9,paynow
ORC-20260601-0731,2,2026-06-01 11:04:36,Orchard Central,TOP-W-04,Women's Heattech Crew Neck Long Sleeve Tee,Tops,Women,14.9,14.9,False,1,14.9,Card
ORC-20260601-1056,2,2026-06-01 21:12:18,  Orchard Central  ,SOK-W-06,Women's Heattech Socks,Socks,WOMEN,9.9,9.9,False,1,9.9,NETS
ORC-20260601-0892,1,2026-06-01 21:37:54,Orchard Central,UND-W-01,Women's Airism Bikini Shorts,underwear,Women,9.9,9.9,False,1,9.9,PayNow
BUG-20260601-0270,3,2026-06-01 18:40:29,Bugis,SOK-M-02,Men's Pile Crew Socks,Socks,Men,5.9,5.9,False,1,5.9,Card
BUG-20260601-0160,1,2026-06-01 20:13:10,Bugis,UND-M-04,Men's Cotton Crew Neck Undershirt,Underwear,Men,14.9,14.9,False,2,29.8,card
BUG-20260601-0159,1,2026-06-01 15:06:35,Bugis,TOP-W-02,Women's Ribbed Long Sleeve Turtleneck,Tops,Women,19.9,19.9,False,1,19.9,PayNow
ORC-20260601-1053,2,2026-06-01 21:17:20,Orchard Central,UND-M-05,Men's Seamless Boxer Briefs,Underwear,MEN,14.9,14.9,False,1,14.9,PayNow
BUG-20260601-0788,1,2026-06-01 17:05:07,Bugis,UND-W-03,Women's Cotton Blend Briefs,Underwear,Women,9.9,9.9,False,1,9.9,Card
ORC-20260601-1127,2,2026-06-01 21:04:20,Orchard Central,SOK-W-02,Women's Pile Crew Socks,Socks,Women,5.9,5.9,False,1,5.9,NETS
ORC-20260601-0834,1,2026-06-01 11:56:52,Orchard Central,SOK-M-03,Men's Airism Low-Cut Socks,Socks,Men,5.9,5.9,False,1,5.9,Card
ORC-20260601-0497,2,2026-06-01 17:45:53,Orchard Central,SOK-W-02,Women's Pile Crew Socks,Socks,Women,5.9,5.9,False,1,5.9,PayNow
PUN-20260601-0297,2,2026-06-01 22:40:00,Punggol,SOK-W-04,  Women's Ribbed Crew Socks  ,Socks,women,5.9,5.9,False,2,11.8,Cash
ORC-20260601-1013,1,2026-06-01 22:11:38,Orchard Central,BTM-M-02,Men's Slim Fit Chino Trousers,Bottoms,MEN,29.9,29.9,False,1,29.9,Cash
ORC-20260601-1136,1,2026-06-01 11:04:51,Orchard Central,UND-W-01,Women's Airism Bikini Shorts,Underwear,Women,9.9,9.9,False,1,9.9,Card
BUG-20260601-0416,2,2026-06-01 20:11:52,Bugis,UND-W-09,Women's Cotton Boyshorts,Underwear,Women,9.9,9.9,False,1,$9.9,NETS
ORC-20260601-0704,1,2026-06-01 18:43:36,Orchard Central,BTM-W-03,Women's Ezy Ankle Pants,Bottoms,Women,29.9,29.9,False,1,29.9,CARD
ORC-20260601-0172,1,2026-06-01 21:40:09,Orchard Central,TOP-W-01,Women's Airism Cotton Crew Neck T-Shirt,tops,Women,14.9,14.9,False,1,14.9,PayNow
PUN-20260601-0094,1,2026-06-01 20:36:19,Punggol,UND-M-04,Men's Cotton Crew Neck Undershirt,Underwear,Men,$14.9,14.9,False,1,14.9,Card
PUN-20260601-0022,1,2026-06-01 14:42:39,Punggol,TOP-W-02,Women's Ribbed Long Sleeve Turtleneck,Tops,Women,19.9,19.9,False,1,19.9,Card
BUG-20260601-0563,3,2026-06-01 18:30:11,Bugis,SOK-M-03,Men's Airism Low-Cut Socks,Socks,Men,5.9,5.9,False,1,5.9,Card
ORC-20260601-1060,1,2026-06-01 15:06:13,  Orchard Central  ,SOK-M-03,Men's Airism Low-Cut Socks,Socks,Men,5.9,5.9,False,2,11.8,NETS
BUG-20260601-0459,1,2026-06-01 17:22:56,Bugis,SOK-W-03,Women's Airism Low-Cut Socks,Socks,Women,5.9,5.9,False,1,5.9,PayNow
ORC-20260601-0212,2,2026-06-01 18:45:17,Orchard Central,BTM-M-04,Men's Dry Stretch Shorts,Bottoms,Men,19.9,19.9,False,1,19.9,Card
ORC-20260601-0692,1,2026-06-01 19:30:06,Orchard Central,SOK-W-01,Women's Ankle Socks 3-Pack,socks,Women,14.9,14.9,False,1,14.9,Card
ORC-20260601-0612,1,2026-06-01 19:50:36,Orchard Central,SOK-W-09,Women's No-Show Sneaker Socks,Socks,Women,5.9,5.9,False,2,11.8,NETS
ORC-20260601-0883,2,2026-06-01 16:47:41,Orchard Central,SOK-M-03,Men's Airism Low-Cut Socks,Socks,Men,5.9,5.9,False,1,$5.9,NETS
ORC-20260601-1013,2,2026-06-01 22:11:38,Orchard Central,SOK-W-10,Women's Wool Blend Socks,Socks,Women,9.9,9.9,False,1,9.9,Cash
PUN-20260601-0176,3,2026-06-01 18:54:46,Punggol,BTM-W-03,Women's Ezy Ankle Pants,Bottoms,Women,29.9,29.9,False,1,29.9,PayNow
BUG-20260601-0814,3,2026-06-01 21:04:58,Bugis,UND-M-02,Men's Cotton Blend Trunks,Underwear,Men,14.9,14.9,False,2,29.8,Card
ORC-20260601-0095,3,2026-06-01 14:11:07,Orchard Central,SOK-W-10,Women's Wool Blend Socks,Socks,Women,9.9,9.9,False,1,9.9,PayNow
PUN-20260601-0452,1,2026-06-01 21:39:57,punggol,TOP-M-01,Men's Airism Cotton Crew Neck T-Shirt,Tops,Men,14.9,14.9,False,1,14.9,NETS
ORC-20260601-0933,1,2026-06-01 12:44:14,  Orchard Central  ,SOK-M-02,  Men's Pile Crew Socks  ,Socks,Men,5.9,5.9,False,2,11.8,Card
ORC-20260601-0124,1,2026-06-01 18:44:14,Orchard Central,SOK-W-02,Women's Pile Crew Socks,Socks,Women,5.9,5.9,False,1,5.9,Card
ORC-20260601-0610,1,2026-06-01 20:13:38,  Orchard Central  ,UND-W-01,Women's Airism Bikini Shorts,Underwear,Women,9.9,9.9,False,1,9.9,Card
PUN-20260601-0426,2,2026-06-01 18:28:50,Punggol,SOK-W-01,Women's Ankle Socks 3-Pack,Socks,Women,14.9,14.9,False,1,14.9,Cash
ORC-20260601-1101,1,2026-06-01 19:13:04,Orchard Central,SOK-M-08,Men's Cotton Blend Dress Socks,Socks,Men,9.9,9.9,False,1,9.9,PayNow
ORC-20260601-0619,3,2026-06-01 22:23:35,Orchard Central,SOK-W-03,Women's Airism Low-Cut Socks,Socks,women,5.9,5.9,False,1,5.9,
ORC-20260601-0495,2,2026-06-01 21:08:59,Orchard Central,TOP-W-02,Women's Ribbed Long Sleeve Turtleneck,Tops,Women,19.9,19.9,False,1,19.9,PayNow
PUN-20260601-0365,3,2026-06-01 17:34:16,Punggol,UND-W-01,Women's Airism Bikini Shorts,Underwear,Women,9.9,9.9,False,1,9.9,Card
ORC-20260601-1030,1,2026-06-01 13:27:16,Orchard Central,UND-W-03,Women's Cotton Blend Briefs,Underwear,Women,9.9,9.9,False,1,9.9,Card
BUG-20260601-0420,3,2026-06-01 15:51:58,Bugis,TOP-W-02,Women's Ribbed Long Sleeve Turtleneck,Tops,Women,19.9,19.9,False,1,19.9,paynow
ORC-20260601-0178,3,2026-06-01 19:30:58,Orchard Central,UND-M-04,Men's Cotton Crew Neck Undershirt,Underwear,Men,14.9,14.9,False,2,29.8,PayNow
ORC-20260601-0891,1,2026-06-01 19:56:39,Orchard Central,UND-W-02,Women's Wireless Bra,Underwear,WOMEN,29.9,29.9,False,1,29.9,Card
PUN-20260601-0414,2,2026-06-01 14:07:56,Punggol,SOK-W-01,  Women's Ankle Socks 3-Pack  ,Socks,Women,14.9,14.9,False,1,14.9,NETS
PUN-20260601-0154,1,2026-06-01 11:45:35,Punggol,UND-M-03,Men's Airism Mesh Boxer Briefs,Underwear,Men,14.9,14.9,False,1,14.9,NETS
ORC-20260601-0756,3,2026-06-01 11:20:37,Orchard Central,SOK-W-06,Women's Heattech Socks,Socks,Women,9.9,9.9,False,1,9.9,Card
BUG-20260601-0596,1,2026-06-01 16:04:00,Bugis,SOK-M-03,Men's Airism Low-Cut Socks,Socks,Men,5.9,5.9,False,1,5.9,PayNow
BUG-20260601-0192,1,2026-06-01 21:59:08,  Bugis  ,TOP-W-04,Women's Heattech Crew Neck Long Sleeve Tee,Tops,women,14.9,14.9,False,1,14.9,PayNow
PUN-20260601-0106,1,2026-06-01 12:16:01,Punggol,UND-W-01,Women's Airism Bikini Shorts,Underwear,Women,9.9,9.9,False,1,9.9,card
ORC-20260601-0604,3,2026-06-01 20:23:45,Orchard Central,UND-W-01,Women's Airism Bikini Shorts,Underwear,women,9.9,9.9,False,1,9.9,Card
ORC-20260601-0104,1,2026-06-01 18:23:27,Orchard Central,SOK-W-04,Women's Ribbed Crew Socks,Socks,WOMEN,5.9,5.9,False,1,5.9,PAYNOW
ORC-20260601-0687,1,2026-06-01 19:37:42,Orchard Central,BTM-W-02,Women's High-Rise Wide Leg Pants,Bottoms,Women,39.9,39.9,False,1,39.9,PayNow
PUN-20260601-0135,2,2026-06-01 20:45:40,  PUNGGOL  ,SOK-W-04,Women's Ribbed Crew Socks,Socks,Women,5.9,5.9,False,2,11.8,NETS
ORC-20260601-0204,1,2026-06-01 19:15:56,Orchard Central,TOP-M-03,Men's Dry-EX Crew Neck T-Shirt,Tops,Men,19.9,19.9,False,1,19.9,CARD
BUG-20260601-0109,2,2026-06-01 16:44:24,Bugis,SOK-M-04,Men's Ribbed Crew Socks,Socks,Men,5.9,5.9,False,1,5.9,Cash
ORC-20260601-0666,1,2026-06-01 19:22:50,Orchard Central,SOK-M-03,Men's Airism Low-Cut Socks,SOCKS,Men,5.9,5.9,False,1,5.9,Cash
ORC-20260601-0748,3,2026-06-01 20:12:44,Orchard Central,UND-M-02,Men's Cotton Blend Trunks,Underwear,Men,14.9,14.9,False,2,29.8,Cash
PUN-20260601-0447,3,2026-06-01 17:59:44,punggol,SOK-W-03,Women's Airism Low-Cut Socks,SOCKS,Women,5.9,5.9,False,1,5.9,CARD
BUG-20260601-0490,1,2026-06-01 13:39:53,Bugis,TOP-W-01,Women's Airism Cotton Crew Neck T-Shirt,Tops,Women,14.9,14.9,False,1,14.9,PayNow
PUN-20260601-0128,1,2026-06-01 15:50:37,punggol,SOK-W-03,Women's Airism Low-Cut Socks,socks,Women,5.9,5.9,False,1,5.9,Card
ORC-20260601-0546,2,2026-06-01 17:07:50,ORCHARD CENTRAL,BTM-M-01,Men's Ezy Ankle Pants,BOTTOMS,Men,29.9,29.9,False,1,29.9,Card
BUG-20260601-0164,2,2026-06-01 21:27:13,Bugis,TOP-W-01,Women's Airism Cotton Crew Neck T-Shirt,Tops,WOMEN,14.9,14.9,False,1,14.9,Card
PUN-20260601-0141,2,2026-06-01 19:04:40,  Punggol  ,BTM-M-04,Men's Dry Stretch Shorts,Bottoms,Men,19.9,19.9,False,1,19.9,PayNow
BUG-20260601-0754,2,2026-06-01 19:19:36,bugis,UND-M-06,Men's Airism Sleeveless Undershirt,Underwear,Men,9.9,9.9,False,1,9.9,Card
BUG-20260601-0222,2,2026-06-01 18:15:06,Bugis,BTM-M-03,Men's Selvedge Regular Fit Jeans,Bottoms,Men,59.9,59.9,False,1,59.9,Cash
ORC-20260601-0315,2,2026-06-01 20:40:07,Orchard Central,BTM-M-02,Men's Slim Fit Chino Trousers,Bottoms,Men,29.9,29.9,False,1,29.9,Card
PUN-20260601-0139,1,2026-06-01 17:57:43,PUNGGOL,TOP-M-04,Men's Oxford Long Sleeve Shirt,tops,Men,29.9,29.9,False,1,29.9,Card
PUN-20260601-0238,1,2026-06-01 21:54:21,Punggol,UND-M-01,Men's Airism Boxer Briefs,underwear,Men,14.9,14.9,False,1,14.9,PayNow
BUG-20260601-0662,1,2026-06-01 21:00:22,Bugis,SOK-W-02,Women's Pile Crew Socks,Socks,Women,5.9,5.9,False,1,5.9,PayNow
BUG-20260601-0485,1,2026-06-01 21:01:27,Bugis,SOK-M-04,Men's Ribbed Crew Socks,Socks,Men,5.9,5.9,False,1,5.9,Card
PUN-20260601-0085,3,2026-06-01 19:08:25,Punggol,SOK-M-03,Men's Airism Low-Cut Socks,Socks,Men,5.9,5.9,False,2,$11.8,Card
PUN-20260601-0079,1,2026-06-01 22:17:24,PUNGGOL,SOK-W-02,Women's Pile Crew Socks,SOCKS,Women,5.9,5.9,False,1,5.9,PayNow
BUG-20260601-0162,1,2026-06-01 18:32:40,Bugis,SOK-W-01,Women's Ankle Socks 3-Pack,Socks,Women,14.9,14.9,False,1,14.9,Card
PUN-20260601-0127,2,2026-06-01 12:05:07,Punggol,SOK-M-02,Men's Pile Crew Socks,Socks,Men,5.9,5.9,False,2,11.8,Card
PUN-20260601-0164,2,2026-06-01 21:47:45,Punggol,SOK-W-02,Women's Pile Crew Socks,Socks,Women,5.9,5.9,False,1,5.9,Cash
PUN-20260601-0494,3,2026-06-01 18:52:02,Punggol,UND-M-01,Men's Airism Boxer Briefs,Underwear,Men,14.9,14.9,False,1,14.9,Card
BUG-20260601-0104,2,2026-06-01 20:11:16,Bugis,TOP-W-03,Women's Silky Satin Blouse,Tops,Women,39.9,39.9,False,1,39.9,Cash
BUG-20260601-0148,1,2026-06-01 19:33:24,Bugis,UND-M-02,  Men's Cotton Blend Trunks  ,Underwear,Men,14.9,14.9,False,1,14.9,PayNow
BUG-20260601-0586,1,2026-06-01 17:58:56,Bugis,TOP-W-01,Women's Airism Cotton Crew Neck T-Shirt,Tops,Women,14.9,14.9,False,1,14.9,PayNow
ORC-20260601-0386,2,2026-06-01 22:38:09,Orchard Central,SOK-W-01,Women's Ankle Socks 3-Pack,Socks,Women,14.9,14.9,False,2,29.8,Card
ORC-20260601-1002,1,2026-06-01 22:45:44,Orchard Central,BTM-W-02,Women's High-Rise Wide Leg Pants,Bottoms,Women,39.9,39.9,False,1,39.9,Card
PUN-20260601-0159,1,2026-06-01 20:42:20,Punggol,UND-M-03,Men's Airism Mesh Boxer Briefs,Underwear,Men,14.9,14.9,False,1,14.9,Card
ORC-20260601-0894,2,2026-06-01 18:05:39,Orchard Central,SOK-W-02,Women's Pile Crew Socks,Socks,Women,5.9,5.9,False,1,5.9,Cash
ORC-20260601-0625,1,2026-06-01 13:35:12,Orchard Central,TOP-W-09,Women's Drape Sleeveless Top,Tops,Women,19.9,19.9,False,1,19.9,Card
ORC-20260601-0597,2,2026-06-01 18:41:26,Orchard Central,UND-W-01,Women's Airism Bikini Shorts,Underwear,Women,9.9,9.9,False,1,9.9,PayNow
ORC-20260601-0969,2,2026-06-01 20:36:22,Orchard Central,UND-W-01,  Women's Airism Bikini Shorts  ,Underwear,Women,9.9,9.9,False,1,9.9,PayNow
BUG-20260601-0071,2,2026-06-01 19:53:34,Bugis,SOK-W-03,Women's Airism Low-Cut Socks,Socks,Women,5.9,5.9,False,1,5.9,NETS
BUG-20260601-0369,2,2026-06-01 11:25:11,Bugis,SOK-M-01,Men's Ankle Socks 3-Pack,Socks,men,14.9,14.9,False,1,14.9,Cash
BUG-20260601-0244,2,2026-06-01 20:58:31,Bugis,SOK-W-04,Women's Ribbed Crew Socks,Socks,WOMEN,5.9,5.9,False,1,5.9,Card
ORC-20260601-0344,1,2026-06-01 20:47:36,Orchard Central,SOK-M-04,Men's Ribbed Crew Socks,Socks,MEN,5.9,5.9,False,1,5.9,Card
ORC-20260601-0909,1,2026-06-01 17:33:38,  Orchard Central  ,UND-W-02,Women's Wireless Bra,Underwear,Women,29.9,29.9,False,1,29.9,PayNow
BUG-20260601-0512,2,2026-06-01 20:21:34,Bugis,TOP-M-03,  Men's Dry-EX Crew Neck T-Shirt  ,Tops,Men,19.9,19.9,False,1,19.9,Card
BUG-20260601-0258,3,2026-06-01 14:43:11,Bugis,BTM-W-03,Women's Ezy Ankle Pants,Bottoms,Women,29.9,29.9,False,1,29.9,NETS
PUN-20260601-0126,1,2026-06-01 19:37:35,  Punggol  ,UND-M-03,Men's Airism Mesh Boxer Briefs,Underwear,Men,14.9,14.9,False,1,14.9,Cash
BUG-20260601-0361,2,2026-06-01 19:41:51,Bugis,TOP-W-01,Women's Airism Cotton Crew Neck T-Shirt,Tops,Women,14.9,14.9,False,1,14.9,Card
BUG-20260601-0756,2,2026-06-01 12:28:33,Bugis,SOK-M-01,Men's Ankle Socks 3-Pack,Socks,Men,14.9,14.9,False,1,14.9,Card
PUN-20260601-0261,1,2026-06-01 21:32:40,Punggol,TOP-M-01,Men's Airism Cotton Crew Neck T-Shirt,Tops,Men,14.9,14.9,False,1,14.9,NETS
ORC-20260601-0964,1,2026-06-01 21:25:47,Orchard Central,UND-M-04,Men's Cotton Crew Neck Undershirt,Underwear,Men,$14.9,14.9,False,1,14.9,Card
PUN-20260601-0052,1,2026-06-01 12:48:37,Punggol,UND-W-01,  Women's Airism Bikini Shorts  ,Underwear,Women,9.9,9.9,False,1,9.9,Nets
ORC-20260601-0861,2,2026-06-01 12:49:45,  Orchard Central  ,SOK-W-02,Women's Pile Crew Socks,Socks,Women,5.9,5.9,False,1,5.9,NETS
BUG-20260601-0554,1,2026-06-01 13:03:40,Bugis,BTM-M-03,Men's Selvedge Regular Fit Jeans,Bottoms,Men,59.9,59.9,False,1,59.9,NETS
PUN-20260601-0151,1,2026-06-01 20:17:33,Punggol,TOP-W-02,Women's Ribbed Long Sleeve Turtleneck,TOPS,Women,19.9,19.9,False,1,19.9,Card
BUG-20260601-0801,1,2026-06-01 20:20:34,Bugis,TOP-W-03,Women's Silky Satin Blouse,Tops,Women,39.9,39.9,False,1,39.9,Card
ORC-20260601-0497,3,2026-06-01 17:45:53,Orchard Central,SOK-W-02,Women's Pile Crew Socks,Socks,Women,5.9,5.9,False,1,5.9,PayNow
ORC-20260601-0737,3,2026-06-01 18:41:19,  Orchard Central  ,SOK-W-02,Women's Pile Crew Socks,Socks,Women,5.9,5.9,False,1,5.9,NETS
ORC-20260601-1091,1,2026-06-01 14:37:57,Orchard Central,UND-M-04,Men's Cotton Crew Neck Undershirt,Underwear,Men,14.9,14.9,False,1,14.9,NETS
PUN-20260601-0300,1,2026-06-01 21:19:27,Punggol,UND-W-01,Women's Airism Bikini Shorts,Underwear,Women,9.9,9.9,False,1,9.9,Card
ORC-20260601-0568,1,2026-06-01 20:03:45,Orchard Central,SOK-W-02,Women's Pile Crew Socks,Socks,Women,$5.9,5.9,False,1,5.9,Card
BUG-20260601-0760,3,2026-06-01 18:52:15,Bugis,BTM-M-01,  Men's Ezy Ankle Pants  ,Bottoms,Men,29.9,29.9,False,1,29.9,Card
ORC-20260601-0823,2,2026-06-01 21:08:52,Orchard Central,UND-W-03,Women's Cotton Blend Briefs,Underwear,Women,9.9,9.9,False,2,19.8,Cash
ORC-20260601-0864,3,2026-06-01 19:34:09,  Orchard Central  ,UND-W-04,Women's Airism T-Shirt Bra,Underwear,WOMEN,29.9,29.9,False,1,29.9,Card
BUG-20260601-0633,2,2026-06-01 20:05:11,Bugis,BTM-M-02,Men's Slim Fit Chino Trousers,Bottoms,Men,29.9,29.9,False,1,29.9,Cash
PUN-20260601-0083,2,2026-06-01 12:27:45,Punggol,SOK-W-03,Women's Airism Low-Cut Socks,Socks,Women,5.9,5.9,False,1,5.9,Card
BUG-20260601-0341,2,2026-06-01 16:45:29,Bugis,SOK-M-02,Men's Pile Crew Socks,Socks,Men,5.9,5.9,False,1,5.9,Cash
BUG-20260601-0172,1,2026-06-01 20:32:49,Bugis,SOK-M-01,Men's Ankle Socks 3-Pack,Socks,men,14.9,14.9,False,1,14.9,Card
ORC-20260601-0582,1,2026-06-01 20:37:52,Orchard Central,SOK-M-02,Men's Pile Crew Socks,Socks,Men,5.9,5.9,False,1,5.9,PayNow
PUN-20260601-0202,1,2026-06-01 21:01:16,Punggol,SOK-W-04,  Women's Ribbed Crew Socks  ,Socks,Women,5.9,5.9,False,2,11.8,Card
ORC-20260601-0549,2,2026-06-01 22:31:23,  Orchard Central  ,TOP-W-04,Women's Heattech Crew Neck Long Sleeve Tee,Tops,Women,14.9,14.9,False,1,14.9,
BUG-20260601-0665,1,2026-06-01 20:51:23,Bugis,SOK-M-05,Men's Sport Ankle Socks,socks,Men,5.9,5.9,False,2,11.8,NETS
ORC-20260601-0847,1,2026-06-01 17:30:05,orchard central,BTM-W-03,  Women's Ezy Ankle Pants  ,Bottoms,Women,29.9,29.9,False,1,29.9,Card
ORC-20260601-0835,1,2026-06-01 19:08:05,Orchard Central,TOP-W-06,Women's Linen Blend Short Sleeve Shirt,Tops,Women,29.9,29.9,False,1,29.9,NETS
BUG-20260601-0742,1,2026-06-01 12:30:36,Bugis,SOK-M-04,Men's Ribbed Crew Socks,Socks,Men,5.9,5.9,False,1,5.9,NETS
BUG-20260601-0227,2,2026-06-01 20:22:47,Bugis,SOK-M-02,Men's Pile Crew Socks,Socks,Men,5.9,5.9,False,1,5.9,Cash
ORC-20260601-0723,2,2026-06-01 18:23:10,Orchard Central,TOP-W-01,Women's Airism Cotton Crew Neck T-Shirt,Tops,Women,14.9,14.9,False,1,14.9,Card
BUG-20260601-0227,1,2026-06-01 20:22:47,Bugis,SOK-M-03,Men's Airism Low-Cut Socks,Socks,men,5.9,5.9,False,1,5.9,Cash
ORC-20260601-0667,2,2026-06-01 18:39:13,Orchard Central,SOK-W-03,Women's Airism Low-Cut Socks,Socks,Women,5.9,5.9,False,1,5.9,PayNow
ORC-20260601-0414,1,2026-06-01 12:39:58,Orchard Central,UND-W-01,Women's Airism Bikini Shorts,underwear,Women,$9.9,9.9,False,1,9.9,NETS
ORC-20260601-1134,1,2026-06-01 12:11:32,Orchard Central,UND-M-02,  Men's Cotton Blend Trunks  ,Underwear,MEN,14.9,14.9,False,1,14.9,Cash
BUG-20260601-0047,3,2026-06-01 22:10:50,Bugis,SOK-W-02,Women's Pile Crew Socks,Socks,Women,5.9,5.9,False,1,5.9,Paynow
ORC-20260601-1076,1,2026-06-01 19:15:41,Orchard Central,BTM-M-03,Men's Selvedge Regular Fit Jeans,Bottoms,Men,59.9,59.9,False,1,59.9,Card
PUN-20260601-0100,2,2026-06-01 19:56:17,Punggol,BTM-M-02,Men's Slim Fit Chino Trousers,Bottoms,Men,29.9,29.9,False,1,29.9,PayNow
BUG-20260601-0496,2,2026-06-01 12:40:08,Bugis,SOK-M-04,Men's Ribbed Crew Socks,Socks,Men,$5.9,5.9,False,1,5.9,Card
ORC-20260601-0271,2,2026-06-01 19:41:29,Orchard Central,BTM-W-05,Women's Pleated Midi Skirt,bottoms,Women,29.9,29.9,False,1,29.9,nets
PUN-20260601-0428,1,2026-06-01 17:44:58,Punggol,UND-W-04,Women's Airism T-Shirt Bra,Underwear,WOMEN,29.9,29.9,False,1,29.9,Paynow
BUG-20260601-0251,1,2026-06-01 20:20:07,Bugis,UND-M-04,Men's Cotton Crew Neck Undershirt,UNDERWEAR,Men,14.9,14.9,False,1,14.9,PayNow
ORC-20260601-0245,1,2026-06-01 11:11:04,Orchard Central,SOK-W-02,Women's Pile Crew Socks,Socks,Women,5.9,5.9,False,1,5.9,PayNow
PUN-20260601-0461,3,2026-06-01 12:36:50,Punggol,SOK-M-02,Men's Pile Crew Socks,socks,Men,5.9,5.9,False,2,11.8,PAYNOW
BUG-20260601-0630,2,2026-06-01 19:56:17,  Bugis  ,TOP-M-03,Men's Dry-EX Crew Neck T-Shirt,Tops,men,19.9,19.9,False,1,19.9,Card
BUG-20260601-0274,1,2026-06-01 13:04:33,bugis,UND-M-02,Men's Cotton Blend Trunks,Underwear,Men,14.9,14.9,False,1,14.9,NETS
BUG-20260601-0236,2,2026-06-01 19:05:09,  Bugis  ,SOK-W-03,Women's Airism Low-Cut Socks,Socks,Women,5.9,5.9,False,1,5.9,Card
BUG-20260601-0306,1,2026-06-01 20:36:15,Bugis,UND-W-03,Women's Cotton Blend Briefs,Underwear,Women,9.9,9.9,False,1,9.9,cash
BUG-20260601-0405,3,2026-06-01 22:53:21,BUGIS,SOK-M-10,Men's Wool Blend Socks,Socks,Men,9.9,9.9,False,1,9.9,PayNow
BUG-20260601-0627,3,2026-06-01 19:53:42,Bugis,UND-W-01,Women's Airism Bikini Shorts,Underwear,Women,9.9,9.9,False,1,9.9,Card
BUG-20260601-0502,1,2026-06-01 14:49:13,  Bugis  ,TOP-W-02,Women's Ribbed Long Sleeve Turtleneck,Tops,Women,19.9,19.9,False,1,19.9,PayNow
ORC-20260601-0159,3,2026-06-01 16:30:53,Orchard Central,BTM-M-01,Men's Ezy Ankle Pants,bottoms,Men,29.9,29.9,False,1,29.9,CASH
PUN-20260601-0546,3,2026-06-01 20:31:04,Punggol,SOK-M-03,Men's Airism Low-Cut Socks,Socks,Men,5.9,5.9,False,2,11.8,
ORC-20260601-0513,1,2026-06-01 19:21:28,Orchard Central,SOK-M-04,Men's Ribbed Crew Socks,Socks,Men,5.9,5.9,False,1,5.9,NETS
ORC-20260601-0906,1,2026-06-01 18:26:26,Orchard Central,UND-W-01,Women's Airism Bikini Shorts,Underwear,Women,9.9,9.9,False,1,9.9,CASH
PUN-20260601-0400,2,2026-06-01 17:03:39,Punggol,SOK-W-02,Women's Pile Crew Socks,Socks,Women,5.9,5.9,False,2,11.8,Card
BUG-20260601-0813,1,2026-06-01 20:22:38,Bugis,SOK-M-04,Men's Ribbed Crew Socks,Socks,Men,5.9,5.9,False,1,5.9,Cash
ORC-20260601-0200,1,2026-06-01 12:22:50,Orchard Central,UND-M-04,Men's Cotton Crew Neck Undershirt,Underwear,Men,14.9,14.9,False,1,14.9,PayNow
ORC-20260601-1027,1,2026-06-01 13:44:42,Orchard Central,SOK-M-01,Men's Ankle Socks 3-Pack,Socks,men,14.9,14.9,False,1,14.9,NETS
PUN-20260601-0475,3,2026-06-01 21:13:48,Punggol,SOK-W-02,Women's Pile Crew Socks,Socks,Women,5.9,5.9,False,1,5.9,Card
ORC-20260601-0545,2,2026-06-01 18:28:14,Orchard Central,SOK-W-06,Women's Heattech Socks,Socks,Women,9.9,9.9,False,1,9.9,CARD
BUG-20260601-0443,1,2026-06-01 16:35:56,Bugis,UND-W-03,Women's Cotton Blend Briefs,Underwear,women,9.9,9.9,False,1,9.9,PayNow
PUN-20260601-0319,2,2026-06-01 19:57:00,Punggol,SOK-W-04,  Women's Ribbed Crew Socks  ,Socks,Women,5.9,5.9,False,2,11.8,card
PUN-20260601-0544,1,2026-06-01 15:30:11,Punggol,UND-W-03,  Women's Cotton Blend Briefs  ,Underwear,Women,9.9,9.9,False,1,9.9,Card
BUG-20260601-0418,3,2026-06-01 21:37:13,Bugis,SOK-W-02,Women's Pile Crew Socks,Socks,Women,5.9,5.9,False,1,5.9,PAYNOW
BUG-20260601-0408,1,2026-06-01 19:46:15,Bugis,SOK-W-03,Women's Airism Low-Cut Socks,Socks,Women,5.9,5.9,False,1,5.9,card
PUN-20260601-0015,2,2026-06-01 20:43:10,  Punggol  ,SOK-M-03,Men's Airism Low-Cut Socks,SOCKS,Men,5.9,5.9,False,2,11.8,PayNow
BUG-20260601-0363,3,2026-06-01 21:43:11,Bugis,BTM-M-02,Men's Slim Fit Chino Trousers,Bottoms,Men,29.9,29.9,False,1,29.9,PayNow
PUN-20260601-0337,1,2026-06-01 21:30:46,Punggol,UND-M-10,Men's Cotton Blend Briefs,Underwear,MEN,9.9,9.9,False,1,9.9,cash
ORC-20260601-0914,1,2026-06-01 16:46:36,Orchard Central,TOP-M-01,Men's Airism Cotton Crew Neck T-Shirt,Tops,MEN,14.9,14.9,False,1,14.9,PayNow
ORC-20260601-0761,1,2026-06-01 18:30:25,Orchard Central,SOK-W-02,  Women's Pile Crew Socks  ,Socks,Women,5.9,5.9,False,1,5.9,PayNow
ORC-20260601-0198,1,2026-06-01 14:43:07,  Orchard Central  ,SOK-M-02,Men's Pile Crew Socks,Socks,Men,5.9,5.9,False,2,11.8,Card
PUN-20260601-0021,2,2026-06-01 20:57:33,Punggol,UND-M-04,Men's Cotton Crew Neck Undershirt,Underwear,Men,14.9,14.9,False,1,14.9,Card
BUG-20260601-0325,2,2026-06-01 17:19:04,  Bugis  ,BTM-M-02,Men's Slim Fit Chino Trousers,Bottoms,Men,29.9,29.9,False,1,29.9,Card
ORC-20260601-0266,2,2026-06-01 20:37:20,Orchard Central,UND-W-01,Women's Airism Bikini Shorts,Underwear,Women,9.9,9.9,False,1,9.9,Cash
BUG-20260601-0742,3,2026-06-01 12:30:36,Bugis,SOK-W-02,Women's Pile Crew Socks,Socks,women,5.9,5.9,False,1,5.9,NETS
PUN-20260601-0260,2,2026-06-01 20:50:21,Punggol,BTM-W-03,  Women's Ezy Ankle Pants  ,Bottoms,Women,29.9,29.9,False,1,29.9,NETS
ORC-20260601-0823,1,2026-06-01 21:08:52,Orchard Central,SOK-W-02,Women's Pile Crew Socks,Socks,women,5.9,5.9,False,1,5.9,Cash
ORC-20260601-0767,1,2026-06-01 19:44:55,  Orchard Central  ,SOK-W-02,Women's Pile Crew Socks,Socks,Women,5.9,5.9,False,1,5.9,Card
BUG-20260601-0509,2,2026-06-01 20:36:12,Bugis,SOK-M-03,Men's Airism Low-Cut Socks,Socks,Men,5.9,5.9,False,1,5.9,Cash
BUG-20260601-0049,2,2026-06-01 18:25:35,Bugis,UND-W-03,Women's Cotton Blend Briefs,Underwear,Women,9.9,9.9,False,1,9.9,Card
ORC-20260601-0760,1,2026-06-01 21:32:10,Orchard Central,SOK-W-09,Women's No-Show Sneaker Socks,Socks,women,5.9,5.9,False,1,5.9,Card
ORC-20260601-0921,2,2026-06-01 20:04:05,  orchard central  ,UND-M-03,Men's Airism Mesh Boxer Briefs,Underwear,Men,14.9,14.9,False,1,14.9,Card
BUG-20260601-0269,1,2026-06-01 17:52:46,Bugis,SOK-W-01,Women's Ankle Socks 3-Pack,Socks,Women,14.9,14.9,False,1,14.9,NETS
ORC-20260601-0416,2,2026-06-01 16:52:18,Orchard Central,BTM-W-04,Women's Denim Straight Jeans,Bottoms,Women,49.9,49.9,False,1,49.9,card
BUG-20260601-0097,1,2026-06-01 13:22:16,Bugis,SOK-W-01,Women's Ankle Socks 3-Pack,Socks,Women,14.9,14.9,False,1,14.9,PayNow
BUG-20260601-0740,1,2026-06-01 21:37:39,Bugis,UND-W-01,Women's Airism Bikini Shorts,Underwear,Women,9.9,9.9,False,1,9.9,Card
ORC-20260601-0668,1,2026-06-01 18:27:14,  Orchard Central  ,SOK-M-01,Men's Ankle Socks 3-Pack,SOCKS,Men,14.9,14.9,False,1,14.9,Paynow
BUG-20260601-0653,2,2026-06-01 20:29:21,Bugis,SOK-M-04,Men's Ribbed Crew Socks,Socks,Men,5.9,5.9,False,2,11.8,CARD
BUG-20260601-0128,2,2026-06-01 17:05:05,  Bugis  ,SOK-M-02,Men's Pile Crew Socks,Socks,Men,5.9,5.9,False,1,5.9,Cash
ORC-20260601-0898,1,2026-06-01 20:57:22,Orchard Central,SOK-W-02,Women's Pile Crew Socks,Socks,Women,5.9,5.9,False,2,11.8,card
ORC-20260601-0941,1,2026-06-01 20:07:27,Orchard Central,SOK-W-02,Women's Pile Crew Socks,Socks,Women,5.9,5.9,False,2,$11.8,cash
BUG-20260601-0723,1,2026-06-01 19:14:47,Bugis,UND-W-09,Women's Cotton Boyshorts,Underwear,Women,9.9,9.9,False,1,9.9,Paynow
PUN-20260601-0165,2,2026-06-01 17:44:27,Punggol,SOK-W-04,Women's Ribbed Crew Socks,Socks,women,5.9,5.9,False,1,5.9,NETS
ORC-20260601-0237,1,2026-06-01 15:39:58,Orchard Central,UND-W-02,Women's Wireless Bra,Underwear,Women,29.9,29.9,False,1,29.9,NETS
ORC-20260601-0623,2,2026-06-01 14:29:17,  Orchard Central  ,BTM-W-03,Women's Ezy Ankle Pants,Bottoms,Women,29.9,29.9,False,1,29.9,Card
ORC-20260601-0428,2,2026-06-01 14:31:18,  orchard central  ,SOK-W-04,Women's Ribbed Crew Socks,Socks,Women,5.9,5.9,False,2,11.8,nets
BUG-20260601-0629,3,2026-06-01 18:53:45,Bugis,UND-W-02,Women's Wireless Bra,Underwear,WOMEN,29.9,29.9,False,2,59.8,PayNow
BUG-20260601-0284,2,2026-06-01 19:51:45,Bugis,SOK-W-02,  Women's Pile Crew Socks  ,Socks,Women,5.9,5.9,False,1,5.9,
ORC-20260601-0502,2,2026-06-01 15:47:42,Orchard Central,UND-W-03,Women's Cotton Blend Briefs,Underwear,Women,9.9,9.9,False,1,9.9,paynow
BUG-20260601-0243,2,2026-06-01 21:00:13,Bugis,SOK-M-06,Men's Heattech Socks,Socks,Men,9.9,9.9,False,1,9.9,Cash
PUN-20260601-0410,1,2026-06-01 20:36:37,Punggol,TOP-M-04,Men's Oxford Long Sleeve Shirt,Tops,Men,29.9,29.9,False,1,29.9,PayNow
ORC-20260601-0456,2,2026-06-01 21:00:42,Orchard Central,TOP-M-02,Men's Supima Cotton Polo Shirt,Tops,MEN,29.9,29.9,False,1,29.9,Card
PUN-20260601-0245,2,2026-06-01 21:19:52,Punggol,TOP-W-02,Women's Ribbed Long Sleeve Turtleneck,Tops,Women,19.9,19.9,False,1,19.9,PayNow
PUN-20260601-0005,3,2026-06-01 20:48:32,Punggol,SOK-W-02,Women's Pile Crew Socks,Socks,Women,$5.9,5.9,False,1,5.9,NETS
ORC-20260601-0485,1,2026-06-01 21:40:30,ORCHARD CENTRAL,SOK-W-03,Women's Airism Low-Cut Socks,Socks,Women,5.9,5.9,False,2,11.8,PayNow
ORC-20260601-0488,1,2026-06-01 19:23:56,Orchard Central,UND-M-02,Men's Cotton Blend Trunks,Underwear,Men,$14.9,14.9,False,1,14.9,Card
BUG-20260601-0471,2,2026-06-01 19:36:12,BUGIS,SOK-W-02,Women's Pile Crew Socks,Socks,Women,5.9,5.9,False,1,$5.9,Card
ORC-20260601-0087,3,2026-06-01 16:12:55,orchard central,UND-W-03,Women's Cotton Blend Briefs,Underwear,Women,$9.9,9.9,False,1,9.9,PayNow
ORC-20260601-0055,1,2026-06-01 20:28:52,Orchard Central,TOP-W-01,Women's Airism Cotton Crew Neck T-Shirt,Tops,Women,14.9,14.9,False,1,14.9,NETS
ORC-20260601-0838,1,2026-06-01 11:43:58,Orchard Central,BTM-M-01,Men's Ezy Ankle Pants,Bottoms,Men,29.9,29.9,False,1,$29.9,paynow
PUN-20260601-0006,3,2026-06-01 17:14:21,Punggol,SOK-W-04,Women's Ribbed Crew Socks,Socks,Women,5.9,5.9,False,1,5.9,Card
BUG-20260601-0232,1,2026-06-01 19:43:13,Bugis,SOK-M-01,Men's Ankle Socks 3-Pack,Socks,Men,14.9,14.9,False,1,14.9,Cash
PUN-20260601-0354,1,2026-06-01 11:43:54,PUNGGOL,SOK-M-02,Men's Pile Crew Socks,SOCKS,Men,5.9,5.9,False,1,5.9,Card
ORC-20260601-0727,1,2026-06-01 16:07:19,Orchard Central,UND-W-01,Women's Airism Bikini Shorts,Underwear,women,9.9,9.9,False,1,9.9,Card
ORC-20260601-0230,2,2026-06-01 15:29:56,orchard central,SOK-W-02,Women's Pile Crew Socks,Socks,Women,5.9,5.9,False,2,11.8,Card
BUG-20260601-0322,1,2026-06-01 16:58:20,Bugis,SOK-M-01,Men's Ankle Socks 3-Pack,Socks,Men,14.9,14.9,False,1,14.9,Card
BUG-20260601-0108,3,2026-06-01 20:41:54,Bugis,SOK-W-04,Women's Ribbed Crew Socks,Socks,Women,5.9,5.9,False,1,5.9,
PUN-20260601-0024,3,2026-06-01 21:33:21,  Punggol  ,TOP-M-01,Men's Airism Cotton Crew Neck T-Shirt,Tops,men,14.9,14.9,False,1,14.9,NETS
ORC-20260601-0306,1,2026-06-01 13:26:07,Orchard Central,UND-M-04,Men's Cotton Crew Neck Undershirt,Underwear,men,14.9,14.9,False,1,14.9,PayNow
ORC-20260601-0187,2,2026-06-01 22:41:25,Orchard Central,SOK-W-04,Women's Ribbed Crew Socks,Socks,Women,5.9,5.9,False,1,5.9,PayNow
BUG-20260601-0588,2,2026-06-01 17:16:57,Bugis,TOP-W-02,Women's Ribbed Long Sleeve Turtleneck,Tops,Women,19.9,19.9,False,1,19.9,NETS
BUG-20260601-0564,1,2026-06-01 17:17:14,Bugis,UND-M-07,Men's Stretch Cotton Boxers,Underwear,Men,14.9,14.9,False,1,14.9,nets
BUG-20260601-0320,3,2026-06-01 18:53:14,Bugis,SOK-W-01,Women's Ankle Socks 3-Pack,Socks,Women,14.9,14.9,False,1,14.9,Card
ORC-20260601-0699,1,2026-06-01 16:07:08,orchard central,TOP-W-02,Women's Ribbed Long Sleeve Turtleneck,TOPS,Women,19.9,19.9,False,1,19.9,Card
ORC-20260601-0075,1,2026-06-01 12:29:23,Orchard Central,SOK-W-09,Women's No-Show Sneaker Socks,Socks,Women,5.9,5.9,False,1,5.9,Card
BUG-20260601-0717,3,2026-06-01 21:22:46,Bugis,BTM-W-06,Women's Jersey Jogger Pants,Bottoms,Women,21.94,29.9,True,1,21.94,CARD
PUN-20260601-0268,1,2026-06-01 21:59:33,Punggol,BTM-M-03,Men's Selvedge Regular Fit Jeans,Bottoms,Men,59.9,59.9,False,1,59.9,NETS
BUG-20260601-0714,3,2026-06-01 18:59:54,Bugis,TOP-M-02,Men's Supima Cotton Polo Shirt,Tops,Men,29.9,29.9,False,1,29.9,PAYNOW
BUG-20260601-0406,2,2026-06-01 19:26:40,  Bugis  ,SOK-W-03,Women's Airism Low-Cut Socks,Socks,Women,5.9,5.9,False,1,5.9,PayNow
PUN-20260601-0267,3,2026-06-01 19:24:25,Punggol,UND-M-01,Men's Airism Boxer Briefs,underwear,Men,14.9,14.9,False,1,14.9,Card
ORC-20260601-1082,2,2026-06-01 16:08:19,Orchard Central,TOP-W-01,Women's Airism Cotton Crew Neck T-Shirt,Tops,Women,14.9,14.9,False,1,14.9,Card
ORC-20260601-0470,1,2026-06-01 21:11:50,orchard central,UND-W-01,Women's Airism Bikini Shorts,Underwear,Women,9.9,9.9,False,1,9.9,card
ORC-20260601-0707,1,2026-06-01 14:51:08,Orchard Central,SOK-M-04,Men's Ribbed Crew Socks,Socks,Men,5.9,5.9,False,1,5.9,NETS
ORC-20260601-0518,1,2026-06-01 16:38:56,Orchard Central,UND-M-02,Men's Cotton Blend Trunks,Underwear,Men,14.9,14.9,False,1,14.9,Cash
BUG-20260601-0211,3,2026-06-01 18:37:30,Bugis,TOP-W-01,Women's Airism Cotton Crew Neck T-Shirt,Tops,Women,14.9,14.9,False,1,14.9,Card
PUN-20260601-0055,1,2026-06-01 14:14:08,Punggol,TOP-W-04,Women's Heattech Crew Neck Long Sleeve Tee,Tops,Women,14.9,14.9,False,1,14.9,NETS
ORC-20260601-0430,1,2026-06-01 20:44:54,Orchard Central,UND-M-04,Men's Cotton Crew Neck Undershirt,Underwear,Men,14.9,14.9,False,1,14.9,Card
ORC-20260601-1117,1,2026-06-01 20:28:35,Orchard Central,UND-M-01,Men's Airism Boxer Briefs,Underwear,Men,14.9,14.9,False,2,29.8,Cash
PUN-20260601-0552,1,2026-06-01 20:33:22,Punggol,TOP-M-01,Men's Airism Cotton Crew Neck T-Shirt,Tops,Men,14.9,14.9,False,1,14.9,PayNow
BUG-20260601-0124,1,2026-06-01 16:21:23,Bugis,SOK-W-04,Women's Ribbed Crew Socks,Socks,Women,5.9,5.9,False,1,5.9,NETS
ORC-20260601-0763,2,2026-06-01 22:07:39,Orchard Central,UND-W-01,Women's Airism Bikini Shorts,Underwear,Women,9.9,9.9,False,1,9.9,Card
BUG-20260601-0764,1,2026-06-01 12:49:26,  Bugis  ,BTM-M-02,Men's Slim Fit Chino Trousers,Bottoms,Men,29.9,29.9,False,1,29.9,PayNow
BUG-20260601-0596,2,2026-06-01 16:04:00,Bugis,SOK-W-01,Women's Ankle Socks 3-Pack,Socks,women,14.9,14.9,False,1,14.9,paynow
ORC-20260601-1041,2,2026-06-01 16:53:27,  Orchard Central  ,UND-M-01,Men's Airism Boxer Briefs,UNDERWEAR,Men,14.9,14.9,False,1,14.9,Card
BUG-20260601-0132,3,2026-06-01 22:27:52,Bugis,SOK-M-10,Men's Wool Blend Socks,Socks,men,9.9,9.9,False,1,9.9,Card
BUG-20260601-0486,2,2026-06-01 16:13:25,Bugis,UND-W-01,Women's Airism Bikini Shorts,Underwear,Women,9.9,9.9,False,1,9.9,NETS
PUN-20260601-0233,3,2026-06-01 18:45:44,Punggol,UND-M-02,Men's Cotton Blend Trunks,UNDERWEAR,men,$14.9,14.9,False,1,14.9,Nets
PUN-20260601-0362,2,2026-06-01 19:49:24,Punggol,TOP-M-03,Men's Dry-EX Crew Neck T-Shirt,Tops,Men,19.9,19.9,False,1,19.9,PayNow
ORC-20260601-0261,2,2026-06-01 20:48:58,  Orchard Central  ,UND-W-04,Women's Airism T-Shirt Bra,Underwear,Women,29.9,29.9,False,1,29.9,Card
ORC-20260601-1113,1,2026-06-01 22:53:16,Orchard Central,BTM-M-02,Men's Slim Fit Chino Trousers,Bottoms,Men,29.9,29.9,False,1,29.9,NETS
BUG-20260601-0525,2,2026-06-01 19:08:19,Bugis,UND-W-03,Women's Cotton Blend Briefs,Underwear,Women,9.9,9.9,False,1,9.9,Cash
ORC-20260601-0412,3,2026-06-01 16:23:31,Orchard Central,BTM-M-04,Men's Dry Stretch Shorts,bottoms,men,19.9,19.9,False,1,19.9,Card
BUG-20260601-0686,1,2026-06-01 16:06:46,Bugis,SOK-M-03,Men's Airism Low-Cut Socks,Socks,Men,5.9,5.9,False,2,11.8,PayNow
BUG-20260601-0326,1,2026-06-01 19:49:11,Bugis,SOK-M-01,  Men's Ankle Socks 3-Pack  ,Socks,Men,14.9,14.9,False,1,14.9,Cash
BUG-20260601-0402,3,2026-06-01 18:16:07,Bugis,BTM-M-02,Men's Slim Fit Chino Trousers,Bottoms,Men,29.9,29.9,False,1,29.9,Cash
ORC-20260601-1044,2,2026-06-01 18:57:39,Orchard Central,SOK-M-02,Men's Pile Crew Socks,Socks,Men,5.9,5.9,False,1,5.9,Nets
BUG-20260601-0297,1,2026-06-01 17:07:53,Bugis,UND-W-03,Women's Cotton Blend Briefs,Underwear,Women,9.9,9.9,False,1,9.9,Card
BUG-20260601-0204,1,2026-06-01 20:44:07,Bugis,SOK-M-04,Men's Ribbed Crew Socks,Socks,Men,$5.9,5.9,False,1,5.9,NETS
PUN-20260601-0365,1,2026-06-01 17:34:16,Punggol,UND-M-03,Men's Airism Mesh Boxer Briefs,Underwear,Men,14.9,14.9,False,1,14.9,Card
BUG-20260601-0019,2,2026-06-01 20:00:31,BUGIS,UND-M-04,Men's Cotton Crew Neck Undershirt,underwear,Men,14.9,14.9,False,1,14.9,NETS
ORC-20260601-0541,2,2026-06-01 20:52:44,  Orchard Central  ,TOP-M-04,Men's Oxford Long Sleeve Shirt,Tops,Men,29.9,29.9,False,1,29.9,PayNow
ORC-20260601-0443,3,2026-06-01 17:31:04,Orchard Central,BTM-M-08,Men's Relaxed Fit Denim Shorts,Bottoms,Men,22.99,29.9,True,1,22.99,Card
BUG-20260601-0334,1,2026-06-01 20:22:37,Bugis,SOK-M-02,Men's Pile Crew Socks,Socks,Men,5.9,5.9,False,1,5.9,nets
ORC-20260601-1062,1,2026-06-01 20:09:29,Orchard Central,SOK-W-03,Women's Airism Low-Cut Socks,Socks,Women,5.9,5.9,False,1,5.9,
BUG-20260601-0050,1,2026-06-01 21:10:01,Bugis,UND-M-04,Men's Cotton Crew Neck Undershirt,Underwear,Men,14.9,14.9,False,1,14.9,Card
ORC-20260601-0397,2,2026-06-01 14:10:16,Orchard Central,SOK-W-04,Women's Ribbed Crew Socks,socks,Women,5.9,5.9,False,1,5.9,PayNow
PUN-20260601-0243,3,2026-06-01 17:03:05,  Punggol  ,SOK-W-03,Women's Airism Low-Cut Socks,socks,Women,5.9,5.9,False,1,5.9,Card
BUG-20260601-0650,1,2026-06-01 21:03:33,Bugis,UND-M-02,Men's Cotton Blend Trunks,Underwear,Men,14.9,14.9,False,1,14.9,Card
ORC-20260601-0644,2,2026-06-01 16:39:45,Orchard Central,SOK-W-02,Women's Pile Crew Socks,socks,Women,5.9,5.9,False,1,5.9,PayNow
ORC-20260601-0645,3,2026-06-01 17:49:07,Orchard Central,SOK-W-02,Women's Pile Crew Socks,Socks,Women,5.9,5.9,False,2,11.8,Card
PUN-20260601-0526,1,2026-06-01 18:53:52,Punggol,SOK-W-01,  Women's Ankle Socks 3-Pack  ,socks,WOMEN,14.9,14.9,False,1,14.9,Card
ORC-20260601-0177,1,2026-06-01 11:38:44,ORCHARD CENTRAL,SOK-M-04,Men's Ribbed Crew Socks,Socks,Men,5.9,5.9,False,1,5.9,Card
ORC-20260601-1069,1,2026-06-01 17:43:36,ORCHARD CENTRAL,UND-W-01,  Women's Airism Bikini Shorts  ,Underwear,Women,9.9,9.9,False,1,9.9,Cash
BUG-20260601-0022,1,2026-06-01 19:42:49,  Bugis  ,SOK-W-03,Women's Airism Low-Cut Socks,Socks,Women,5.9,5.9,False,1,5.9,Card
PUN-20260601-0073,3,2026-06-01 19:09:31,Punggol,SOK-M-01,Men's Ankle Socks 3-Pack,Socks,Men,14.9,14.9,False,1,14.9,Card
ORC-20260601-0461,1,2026-06-01 19:28:51,Orchard Central,SOK-M-04,Men's Ribbed Crew Socks,Socks,Men,5.9,5.9,False,1,5.9,Card
BUG-20260601-0508,1,2026-06-01 22:15:57,Bugis,SOK-W-03,Women's Airism Low-Cut Socks,Socks,Women,5.9,5.9,False,1,5.9,NETS
BUG-20260601-0293,1,2026-06-01 17:48:23,bugis,TOP-M-02,Men's Supima Cotton Polo Shirt,Tops,Men,29.9,29.9,False,1,29.9,NETS
BUG-20260601-0831,3,2026-06-01 17:39:38,Bugis,SOK-M-04,Men's Ribbed Crew Socks,Socks,Men,5.9,5.9,False,1,5.9,NETS
BUG-20260601-0575,2,2026-06-01 17:28:35,Bugis,BTM-M-04,Men's Dry Stretch Shorts,Bottoms,Men,19.9,19.9,False,1,19.9,PayNow
BUG-20260601-0461,3,2026-06-01 20:23:42,Bugis,BTM-W-03,Women's Ezy Ankle Pants,Bottoms,Women,29.9,29.9,False,1,29.9,PayNow
PUN-20260601-0333,3,2026-06-01 15:18:39,Punggol,SOK-M-04,Men's Ribbed Crew Socks,Socks,Men,5.9,5.9,False,1,5.9,NETS
ORC-20260601-0369,2,2026-06-01 13:21:08,Orchard Central,UND-W-01,Women's Airism Bikini Shorts,underwear,WOMEN,9.9,9.9,False,1,9.9,Card
ORC-20260601-0478,2,2026-06-01 16:44:41,Orchard Central,SOK-M-01,Men's Ankle Socks 3-Pack,Socks,Men,14.9,14.9,False,1,14.9,Cash
ORC-20260601-0701,1,2026-06-01 16:28:10,Orchard Central,UND-W-02,Women's Wireless Bra,Underwear,Women,29.9,29.9,False,1,29.9,Card
BUG-20260601-0458,1,2026-06-01 19:25:13,Bugis,TOP-W-07,Women's Fleece Pullover Hoodie,Tops,Women,29.9,29.9,False,1,29.9,Cash
ORC-20260601-0734,2,2026-06-01 21:49:38,Orchard Central,TOP-W-03,Women's Silky Satin Blouse,TOPS,Women,39.9,39.9,False,1,39.9,NETS
BUG-20260601-0063,1,2026-06-01 20:32:35,Bugis,TOP-W-01,Women's Airism Cotton Crew Neck T-Shirt,Tops,Women,14.9,14.9,False,1,14.9,NETS
BUG-20260601-0769,2,2026-06-01 19:07:54,Bugis,BTM-M-04,Men's Dry Stretch Shorts,Bottoms,Men,19.9,19.9,False,1,19.9,NETS
PUN-20260601-0161,2,2026-06-01 22:05:37,  Punggol  ,TOP-M-03,Men's Dry-EX Crew Neck T-Shirt,Tops,Men,19.9,19.9,False,1,19.9,NETS
ORC-20260601-0963,2,2026-06-01 18:42:23,ORCHARD CENTRAL,SOK-W-03,Women's Airism Low-Cut Socks,Socks,WOMEN,5.9,5.9,False,1,5.9,PayNow
ORC-20260601-0253,1,2026-06-01 19:32:41,Orchard Central,SOK-M-03,Men's Airism Low-Cut Socks,Socks,Men,5.9,5.9,False,1,5.9,Card
PUN-20260601-0158,2,2026-06-01 20:52:03,Punggol,SOK-W-04,Women's Ribbed Crew Socks,Socks,Women,5.9,5.9,False,1,5.9,Cash
BUG-20260601-0600,1,2026-06-01 21:40:31,Bugis,SOK-W-03,Women's Airism Low-Cut Socks,Socks,Women,5.9,5.9,False,1,5.9,Card
BUG-20260601-0015,3,2026-06-01 19:57:03,Bugis,SOK-W-02,Women's Pile Crew Socks,Socks,Women,5.9,5.9,False,1,5.9,Card
ORC-20260601-0038,2,2026-06-01 11:33:21,Orchard Central,TOP-M-01,Men's Airism Cotton Crew Neck T-Shirt,tops,Men,14.9,14.9,False,1,14.9,Card
BUG-20260601-0658,2,2026-06-01 19:51:41,Bugis,SOK-W-02,Women's Pile Crew Socks,Socks,Women,5.9,5.9,False,1,5.9,NETS
PUN-20260601-0185,1,2026-06-01 17:40:28,  Punggol  ,SOK-M-04,Men's Ribbed Crew Socks,SOCKS,Men,5.9,5.9,False,1,5.9,Cash
ORC-20260601-0714,1,2026-06-01 12:47:41,Orchard Central,UND-M-01,Men's Airism Boxer Briefs,Underwear,Men,14.9,14.9,False,1,14.9,Card
BUG-20260601-0427,3,2026-06-01 15:51:51,Bugis,BTM-M-04,Men's Dry Stretch Shorts,Bottoms,Men,19.9,19.9,False,1,19.9,card
BUG-20260601-0526,2,2026-06-01 18:21:17,Bugis,UND-W-01,Women's Airism Bikini Shorts,UNDERWEAR,women,9.9,9.9,False,1,9.9,Card
BUG-20260601-0143,2,2026-06-01 18:02:11,Bugis,UND-W-03,Women's Cotton Blend Briefs,Underwear,Women,9.9,9.9,False,2,19.8,Card
ORC-20260601-0310,1,2026-06-01 20:44:18,Orchard Central,UND-W-01,  Women's Airism Bikini Shorts  ,UNDERWEAR,Women,9.9,9.9,False,1,9.9,Card
PUN-20260601-0166,2,2026-06-01 22:50:37,Punggol,SOK-W-02,  Women's Pile Crew Socks  ,Socks,Women,5.9,5.9,False,1,5.9,Card
PUN-20260601-0283,2,2026-06-01 20:55:30,Punggol,SOK-M-02,Men's Pile Crew Socks,Socks,Men,5.9,5.9,False,1,5.9,Card
PUN-20260601-0410,3,2026-06-01 20:36:37,Punggol,UND-W-01,Women's Airism Bikini Shorts,Underwear,Women,9.9,9.9,False,1,9.9,PayNow
ORC-20260601-0095,1,2026-06-01 14:11:07,  Orchard Central  ,SOK-M-01,Men's Ankle Socks 3-Pack,Socks,Men,14.9,14.9,False,1,14.9,PayNow
BUG-20260601-0738,1,2026-06-01 19:39:53,  Bugis  ,TOP-M-03,Men's Dry-EX Crew Neck T-Shirt,Tops,Men,19.9,19.9,False,1,19.9,Card
BUG-20260601-0192,3,2026-06-01 21:59:08,Bugis,SOK-W-03,Women's Airism Low-Cut Socks,Socks,Women,5.9,5.9,False,1,5.9,PayNow
ORC-20260601-0601,1,2026-06-01 20:43:54,Orchard Central,SOK-W-02,Women's Pile Crew Socks,Socks,Women,5.9,5.9,False,1,5.9,Cash
ORC-20260601-0326,1,2026-06-01 13:29:46,Orchard Central,UND-M-03,Men's Airism Mesh Boxer Briefs,Underwear,Men,14.9,14.9,False,1,14.9,Card
BUG-20260601-0778,1,2026-06-01 18:46:34,Bugis,UND-W-08,Women's Airism Camisole,Underwear,WOMEN,14.9,14.9,False,1,14.9,PayNow
ORC-20260601-0026,1,2026-06-01 21:09:39,Orchard Central,SOK-W-03,Women's Airism Low-Cut Socks,Socks,Women,5.9,5.9,False,1,5.9,CASH
BUG-20260601-0161,1,2026-06-01 15:23:30,BUGIS,TOP-W-01,Women's Airism Cotton Crew Neck T-Shirt,Tops,Women,14.9,14.9,False,1,14.9,Cash
ORC-20260601-0878,2,2026-06-01 11:57:33,  ORCHARD CENTRAL  ,BTM-M-04,Men's Dry Stretch Shorts,Bottoms,Men,$19.9,19.9,False,1,19.9,NETS
BUG-20260601-0217,2,2026-06-01 21:39:53,Bugis,SOK-M-01,Men's Ankle Socks 3-Pack,Socks,Men,14.9,14.9,False,1,14.9,Cash
ORC-20260601-0890,2,2026-06-01 18:01:21,Orchard Central,SOK-W-03,Women's Airism Low-Cut Socks,socks,Women,5.9,5.9,False,1,5.9,
ORC-20260601-0024,1,2026-06-01 18:22:39,Orchard Central,SOK-M-03,Men's Airism Low-Cut Socks,Socks,Men,5.9,5.9,False,1,$5.9,Card
BUG-20260601-0572,1,2026-06-01 19:12:44,  Bugis  ,TOP-M-06,Men's Fleece Full-Zip Hoodie,Tops,men,39.9,39.9,False,1,39.9,Cash
BUG-20260601-0223,2,2026-06-01 17:01:44,BUGIS,BTM-W-09,Women's Sweat Shorts,Bottoms,women,19.9,19.9,False,1,19.9,Cash
BUG-20260601-0059,1,2026-06-01 14:08:48,Bugis,SOK-M-04,  Men's Ribbed Crew Socks  ,Socks,Men,5.9,5.9,False,1,5.9,Card
PUN-20260601-0084,1,2026-06-01 18:48:21,Punggol,SOK-W-01,Women's Ankle Socks 3-Pack,Socks,Women,14.9,14.9,False,2,29.8,Card
PUN-20260601-0263,1,2026-06-01 18:41:31,Punggol,UND-W-03,Women's Cotton Blend Briefs,Underwear,Women,9.9,9.9,False,1,9.9,Cash
PUN-20260601-0448,2,2026-06-01 18:14:57,Punggol,SOK-W-04,Women's Ribbed Crew Socks,Socks,Women,5.9,5.9,False,1,5.9,Card
ORC-20260601-0294,2,2026-06-01 17:59:31,Orchard Central,SOK-W-03,Women's Airism Low-Cut Socks,Socks,Women,5.9,5.9,False,2,11.8,card
PUN-20260601-0279,3,2026-06-01 19:04:06,Punggol,UND-M-02,Men's Cotton Blend Trunks,underwear,men,14.9,14.9,False,1,14.9,Card
PUN-20260601-0045,1,2026-06-01 16:02:32,Punggol,UND-W-03,Women's Cotton Blend Briefs,Underwear,Women,9.9,9.9,False,1,9.9,PayNow
PUN-20260601-0429,1,2026-06-01 20:49:24,Punggol,SOK-W-04,  Women's Ribbed Crew Socks  ,Socks,Women,5.9,5.9,False,1,$5.9,Card
BUG-20260601-0756,1,2026-06-01 12:28:33,Bugis,SOK-W-04,Women's Ribbed Crew Socks,Socks,WOMEN,5.9,5.9,False,1,5.9,Card
BUG-20260601-0087,2,2026-06-01 20:33:28,Bugis,SOK-W-04,Women's Ribbed Crew Socks,Socks,Women,5.9,5.9,False,1,5.9,Cash
ORC-20260601-1115,3,2026-06-01 21:54:35,Orchard Central,SOK-M-02,Men's Pile Crew Socks,Socks,Men,5.9,5.9,False,1,5.9,PayNow
BUG-20260601-0461,2,2026-06-01 20:23:42,  BUGIS  ,SOK-M-02,  Men's Pile Crew Socks  ,SOCKS,Men,5.9,5.9,False,1,5.9,PayNow
ORC-20260601-1034,1,2026-06-01 13:04:47,orchard central,SOK-M-04,Men's Ribbed Crew Socks,Socks,MEN,5.9,5.9,False,1,5.9,Card
ORC-20260601-0254,2,2026-06-01 20:23:30,Orchard Central,UND-M-07,Men's Stretch Cotton Boxers,Underwear,Men,14.9,14.9,False,1,14.9,
BUG-20260601-0176,1,2026-06-01 14:40:56,Bugis,TOP-W-02,Women's Ribbed Long Sleeve Turtleneck,Tops,Women,19.9,19.9,False,1,19.9,CARD
ORC-20260601-0432,2,2026-06-01 19:59:35,ORCHARD CENTRAL,BTM-M-01,Men's Ezy Ankle Pants,Bottoms,Men,29.9,29.9,False,1,29.9,PayNow
BUG-20260601-0460,1,2026-06-01 20:15:32,Bugis,SOK-W-02,Women's Pile Crew Socks,Socks,Women,5.9,5.9,False,1,5.9,Card
PUN-20260601-0240,1,2026-06-01 18:12:14,Punggol,SOK-W-07,Women's Striped Crew Socks,Socks,Women,5.9,5.9,False,1,5.9,NETS
ORC-20260601-0614,1,2026-06-01 18:04:30,Orchard Central,BTM-W-01,Women's Ultra Stretch Skinny Jeans,Bottoms,Women,39.9,39.9,False,1,39.9,PayNow
BUG-20260601-0322,3,2026-06-01 16:58:20,Bugis,TOP-W-03,Women's Silky Satin Blouse,Tops,Women,39.9,39.9,False,1,39.9,Card
ORC-20260601-0386,1,2026-06-01 22:38:09,Orchard Central,UND-W-06,Women's Lace Trim Briefs,Underwear,Women,9.9,9.9,False,1,9.9,Card
BUG-20260601-0343,3,2026-06-01 17:29:50,Bugis,UND-M-04,Men's Cotton Crew Neck Undershirt,Underwear,Men,14.9,14.9,False,1,14.9,Card
BUG-20260601-0624,1,2026-06-01 21:16:25,Bugis,UND-W-01,  Women's Airism Bikini Shorts  ,Underwear,Women,9.9,9.9,False,1,9.9,
PUN-20260601-0123,1,2026-06-01 19:19:20,Punggol,TOP-W-02,Women's Ribbed Long Sleeve Turtleneck,Tops,Women,19.9,19.9,False,1,19.9,NETS
BUG-20260601-0556,2,2026-06-01 22:30:25,Bugis,UND-W-03,Women's Cotton Blend Briefs,Underwear,Women,9.9,9.9,False,1,9.9,Nets
ORC-20260601-0908,2,2026-06-01 19:08:33,Orchard Central,UND-M-01,Men's Airism Boxer Briefs,Underwear,Men,14.9,14.9,False,1,14.9,PayNow
ORC-20260601-0319,2,2026-06-01 18:11:01,Orchard Central,SOK-M-01,Men's Ankle Socks 3-Pack,Socks,Men,14.9,14.9,False,1,14.9,NETS
ORC-20260601-0812,1,2026-06-01 12:00:44,Orchard Central,SOK-W-09,Women's No-Show Sneaker Socks,Socks,Women,5.9,5.9,False,1,5.9,
BUG-20260601-0669,3,2026-06-01 19:25:28,Bugis,SOK-M-04,Men's Ribbed Crew Socks,Socks,Men,5.9,5.9,False,1,5.9,Cash
ORC-20260601-0309,1,2026-06-01 15:25:26,Orchard Central,SOK-M-02,Men's Pile Crew Socks,Socks,Men,5.9,5.9,False,1,5.9,Card
ORC-20260601-0196,1,2026-06-01 21:44:56,Orchard Central,TOP-M-02,Men's Supima Cotton Polo Shirt,TOPS,Men,29.9,29.9,False,1,29.9,NETS
BUG-20260601-0671,1,2026-06-01 11:23:13,Bugis,SOK-M-01,Men's Ankle Socks 3-Pack,Socks,Men,14.9,14.9,False,1,14.9,PayNow
ORC-20260601-0288,1,2026-06-01 13:56:39,Orchard Central,SOK-M-03,Men's Airism Low-Cut Socks,Socks,Men,5.9,5.9,False,1,5.9,Card
PUN-20260601-0473,3,2026-06-01 16:10:57,Punggol,BTM-W-02,Women's High-Rise Wide Leg Pants,Bottoms,women,39.9,39.9,False,1,39.9,CASH
PUN-20260601-0062,1,2026-06-01 21:10:33,Punggol,BTM-W-05,Women's Pleated Midi Skirt,Bottoms,Women,$29.9,29.9,False,1,29.9,Card
BUG-20260601-0329,2,2026-06-01 19:17:47,Bugis,SOK-M-04,Men's Ribbed Crew Socks,Socks,Men,5.9,5.9,False,1,5.9,NETS
PUN-20260601-0469,1,2026-06-01 18:18:06,Punggol,SOK-W-02,Women's Pile Crew Socks,Socks,Women,5.9,5.9,False,1,5.9,Card
ORC-20260601-1028,1,2026-06-01 22:57:50,Orchard Central,TOP-M-02,Men's Supima Cotton Polo Shirt,Tops,Men,29.9,29.9,False,1,29.9,Card
BUG-20260601-0809,1,2026-06-01 21:26:15,Bugis,UND-W-03,  Women's Cotton Blend Briefs  ,Underwear,Women,9.9,9.9,False,1,9.9,Cash
ORC-20260601-0779,2,2026-06-01 20:57:51,Orchard Central,SOK-M-03,Men's Airism Low-Cut Socks,Socks,Men,5.9,5.9,False,1,5.9,
BUG-20260601-0283,1,2026-06-01 22:16:03,Bugis,TOP-W-03,Women's Silky Satin Blouse,TOPS,Women,39.9,39.9,False,1,39.9,Card
PUN-20260601-0312,2,2026-06-01 12:01:50,Punggol,UND-M-04,Men's Cotton Crew Neck Undershirt,Underwear,Men,14.9,14.9,False,2,29.8,PayNow
PUN-20260601-0323,1,2026-06-01 11:24:03,Punggol,BTM-M-02,Men's Slim Fit Chino Trousers,Bottoms,Men,29.9,29.9,False,1,29.9,PayNow
ORC-20260601-0840,1,2026-06-01 20:53:16,Orchard Central,BTM-M-01,Men's Ezy Ankle Pants,Bottoms,Men,29.9,29.9,False,1,29.9,Nets
ORC-20260601-1084,1,2026-06-01 17:12:41,Orchard Central,TOP-W-02,Women's Ribbed Long Sleeve Turtleneck,TOPS,Women,19.9,19.9,False,1,19.9,CASH
PUN-20260601-0037,1,2026-06-01 15:42:02,  Punggol  ,SOK-W-03,  Women's Airism Low-Cut Socks  ,Socks,Women,5.9,5.9,False,1,5.9,Card
BUG-20260601-0553,1,2026-06-01 19:50:44,Bugis,UND-M-02,Men's Cotton Blend Trunks,Underwear,Men,14.9,14.9,False,1,14.9,Cash
BUG-20260601-0053,1,2026-06-01 14:25:13,Bugis,UND-M-02,Men's Cotton Blend Trunks,Underwear,Men,14.9,14.9,False,1,14.9,Card
BUG-20260601-0529,2,2026-06-01 13:03:06,Bugis,TOP-W-02,Women's Ribbed Long Sleeve Turtleneck,Tops,Women,19.9,19.9,False,1,19.9,PayNow
ORC-20260601-0853,1,2026-06-01 15:05:10,  Orchard Central  ,BTM-W-04,Women's Denim Straight Jeans,Bottoms,Women,49.9,49.9,False,1,49.9,Card
PUN-20260601-0388,1,2026-06-01 16:27:41,punggol,SOK-M-02,Men's Pile Crew Socks,Socks,Men,5.9,5.9,False,1,5.9,Cash
BUG-20260601-0153,2,2026-06-01 19:38:32,Bugis,UND-M-03,Men's Airism Mesh Boxer Briefs,Underwear,Men,14.9,14.9,False,1,14.9,Cash
PUN-20260601-0405,3,2026-06-01 22:51:25,Punggol,UND-W-03,Women's Cotton Blend Briefs,underwear,Women,9.9,9.9,False,1,9.9,Cash
ORC-20260601-0538,3,2026-06-01 21:13:01,Orchard Central,SOK-W-02,Women's Pile Crew Socks,Socks,Women,5.9,5.9,False,1,5.9,Card
PUN-20260601-0049,1,2026-06-01 22:41:04,Punggol,SOK-W-02,Women's Pile Crew Socks,Socks,Women,5.9,5.9,False,1,5.9,PayNow
ORC-20260601-0247,2,2026-06-01 19:57:59,Orchard Central,SOK-W-01,  Women's Ankle Socks 3-Pack  ,Socks,Women,14.9,14.9,False,1,14.9,PayNow
ORC-20260601-1032,1,2026-06-01 20:55:45,Orchard Central,UND-M-02,Men's Cotton Blend Trunks,Underwear,Men,14.9,14.9,False,2,29.8,CASH
BUG-20260601-0113,1,2026-06-01 20:07:41,  Bugis  ,SOK-M-04,Men's Ribbed Crew Socks,Socks,Men,5.9,5.9,False,1,5.9,Cash
ORC-20260601-0167,2,2026-06-01 14:46:37,Orchard Central,BTM-M-02,Men's Slim Fit Chino Trousers,Bottoms,Men,29.9,29.9,False,1,29.9,NETS
ORC-20260601-0267,2,2026-06-01 14:20:50,Orchard Central,BTM-M-03,Men's Selvedge Regular Fit Jeans,Bottoms,Men,59.9,59.9,False,1,59.9,NETS
ORC-20260601-0084,1,2026-06-01 15:38:53,Orchard Central,SOK-M-04,  Men's Ribbed Crew Socks  ,Socks,Men,5.9,5.9,False,1,5.9,Card
PUN-20260601-0544,2,2026-06-01 15:30:11,Punggol,SOK-M-03,Men's Airism Low-Cut Socks,Socks,Men,5.9,5.9,False,1,5.9,CARD
ORC-20260601-0265,1,2026-06-01 12:29:38,Orchard Central,SOK-M-02,Men's Pile Crew Socks,Socks,Men,5.9,5.9,False,1,5.9,Card
BUG-20260601-0786,1,2026-06-01 20:16:59,Bugis,TOP-W-01,Women's Airism Cotton Crew Neck T-Shirt,Tops,Women,14.9,14.9,False,1,14.9,PayNow
ORC-20260601-0082,1,2026-06-01 18:06:33,Orchard Central,UND-M-04,Men's Cotton Crew Neck Undershirt,Underwear,MEN,14.9,14.9,False,1,14.9,PayNow
PUN-20260601-0503,1,2026-06-01 21:21:36,Punggol,SOK-M-01,Men's Ankle Socks 3-Pack,Socks,Men,14.9,14.9,False,1,14.9,PayNow
ORC-20260601-0147,3,2026-06-01 15:03:06,orchard central,BTM-W-03,Women's Ezy Ankle Pants,Bottoms,Women,29.9,29.9,False,1,29.9,PayNow
ORC-20260601-0479,1,2026-06-01 12:05:10,Orchard Central,TOP-W-01,Women's Airism Cotton Crew Neck T-Shirt,Tops,Women,14.9,14.9,False,1,14.9,Card
ORC-20260601-1115,2,2026-06-01 21:54:35,  Orchard Central  ,BTM-M-04,Men's Dry Stretch Shorts,Bottoms,Men,19.9,19.9,False,1,19.9,PayNow
ORC-20260601-0397,1,2026-06-01 14:10:16,Orchard Central,BTM-M-02,Men's Slim Fit Chino Trousers,Bottoms,Men,29.9,29.9,False,1,29.9,PayNow
ORC-20260601-0591,1,2026-06-01 18:39:25,Orchard Central,UND-W-03,Women's Cotton Blend Briefs,Underwear,Women,9.9,9.9,False,1,9.9,Cash
BUG-20260601-0057,3,2026-06-01 17:33:06,Bugis,TOP-W-05,Women's Merino Blend Cardigan,Tops,Women,31.36,39.9,True,1,31.36,NETS
PUN-20260601-0457,2,2026-06-01 12:41:53,Punggol,UND-W-02,Women's Wireless Bra,Underwear,WOMEN,29.9,29.9,False,1,29.9,Cash
ORC-20260601-0343,1,2026-06-01 16:56:43,Orchard Central,SOK-M-03,Men's Airism Low-Cut Socks,Socks,Men,5.9,5.9,False,1,5.9,Card
ORC-20260601-0624,1,2026-06-01 17:11:25,  Orchard Central  ,SOK-M-04,,Socks,Men,5.9,5.9,False,1,5.9,PayNow
ORC-20260601-0368,2,2026-06-01 20:27:46,Orchard Central,SOK-W-03,Women's Airism Low-Cut Socks,Socks,Women,5.9,5.9,False,1,5.9,Card
BUG-20260601-0304,1,2026-06-01 20:19:44,Bugis,UND-M-03,Men's Airism Mesh Boxer Briefs,Underwear,Men,14.9,14.9,False,1,14.9,Card
PUN-20260601-0403,2,2026-06-01 20:23:27,Punggol,SOK-W-04,Women's Ribbed Crew Socks,Socks,Women,5.9,5.9,False,1,5.9,Card
ORC-20260601-0292,1,2026-06-01 20:28:19,Orchard Central,SOK-M-02,Men's Pile Crew Socks,Socks,Men,5.9,5.9,False,2,11.8,Card
BUG-20260601-0357,3,2026-06-01 15:18:02,Bugis,SOK-W-01,Women's Ankle Socks 3-Pack,Socks,Women,14.9,14.9,False,1,14.9,NETS
BUG-20260601-0486,3,2026-06-01 16:13:25,Bugis,UND-M-03,Men's Airism Mesh Boxer Briefs,Underwear,Men,14.9,14.9,False,1,14.9,Nets
BUG-20260601-0413,1,2026-06-01 18:26:47,Bugis,BTM-M-04,Men's Dry Stretch Shorts,Bottoms,Men,19.9,19.9,False,1,19.9,NETS
PUN-20260601-0550,3,2026-06-01 20:39:46,Punggol,TOP-W-01,Women's Airism Cotton Crew Neck T-Shirt,Tops,Women,14.9,14.9,False,1,14.9,Cash
PUN-20260601-0417,1,2026-06-01 18:48:28,Punggol,SOK-W-04,Women's Ribbed Crew Socks,Socks,Women,5.9,5.9,False,1,5.9,Card
ORC-20260601-0402,3,2026-06-01 18:29:52,ORCHARD CENTRAL,UND-W-01,Women's Airism Bikini Shorts,Underwear,Women,9.9,9.9,False,1,9.9,PayNow
PUN-20260601-0072,2,2026-06-01 18:22:00,Punggol,UND-W-03,Women's Cotton Blend Briefs,Underwear,women,9.9,9.9,False,1,9.9,Card
BUG-20260601-0166,3,2026-06-01 19:37:17,Bugis,SOK-W-03,Women's Airism Low-Cut Socks,Socks,Women,5.9,5.9,False,1,5.9,CARD
ORC-20260601-0091,1,2026-06-01 18:41:09,Orchard Central,UND-W-08,Women's Airism Camisole,Underwear,Women,14.9,14.9,False,1,14.9,Cash
BUG-20260601-0389,2,2026-06-01 21:31:05,Bugis,SOK-W-01,Women's Ankle Socks 3-Pack,Socks,Women,14.9,14.9,False,1,14.9,NETS
BUG-20260601-0581,2,2026-06-01 14:48:10,Bugis,SOK-W-04,Women's Ribbed Crew Socks,Socks,Women,5.9,5.9,False,1,5.9,Card
ORC-20260601-0762,1,2026-06-01 12:04:59,ORCHARD CENTRAL,BTM-M-01,Men's Ezy Ankle Pants,Bottoms,Men,29.9,29.9,False,1,29.9,PayNow
PUN-20260601-0005,2,2026-06-01 20:48:32,Punggol,SOK-M-03,Men's Airism Low-Cut Socks,Socks,Men,5.9,5.9,False,1,5.9,NETS
BUG-20260601-0165,2,2026-06-01 21:20:44,Bugis,SOK-W-02,Women's Pile Crew Socks,Socks,Women,5.9,5.9,False,1,5.9,Card
PUN-20260601-0562,2,2026-06-01 19:55:56,Punggol,TOP-W-01,Women's Airism Cotton Crew Neck T-Shirt,TOPS,Women,14.9,14.9,False,1,14.9,Card
BUG-20260601-0065,2,2026-06-01 21:28:33,BUGIS,BTM-M-01,Men's Ezy Ankle Pants,Bottoms,men,29.9,29.9,False,1,29.9,PayNow
ORC-20260601-0729,3,2026-06-01 20:41:03,Orchard Central,UND-M-01,Men's Airism Boxer Briefs,Underwear,Men,14.9,14.9,False,1,14.9,Card
ORC-20260601-0352,2,2026-06-01 22:35:01,Orchard Central,SOK-M-04,Men's Ribbed Crew Socks,Socks,Men,5.9,5.9,False,2,11.8,CARD
ORC-20260601-0576,3,2026-06-01 20:10:13,Orchard Central,TOP-M-03,Men's Dry-EX Crew Neck T-Shirt,Tops,Men,19.9,19.9,False,1,19.9,Card
BUG-20260601-0119,3,2026-06-01 19:08:07,Bugis,BTM-W-06,Women's Jersey Jogger Pants,bottoms,Women,21.94,29.9,True,1,21.94,Card
BUG-20260601-0567,3,2026-06-01 15:20:35,Bugis,BTM-W-01,Women's Ultra Stretch Skinny Jeans,Bottoms,Women,39.9,39.9,False,1,39.9,PayNow
PUN-20260601-0332,1,2026-06-01 19:48:28,Punggol,SOK-W-02,Women's Pile Crew Socks,Socks,Women,5.9,5.9,False,1,5.9,card
PUN-20260601-0231,1,2026-06-01 18:19:59,Punggol,SOK-W-04,Women's Ribbed Crew Socks,Socks,Women,5.9,5.9,False,1,5.9,PayNow
ORC-20260601-1084,2,2026-06-01 17:12:41,Orchard Central,SOK-W-04,Women's Ribbed Crew Socks,Socks,Women,5.9,5.9,False,1,5.9,Cash
BUG-20260601-0817,1,2026-06-01 13:10:32,Bugis,SOK-M-03,Men's Airism Low-Cut Socks,Socks,Men,5.9,5.9,False,1,5.9,Card
ORC-20260601-0887,2,2026-06-01 20:39:33,Orchard Central,SOK-M-04,Men's Ribbed Crew Socks,Socks,Men,5.9,5.9,False,1,5.9,Card
ORC-20260601-0333,1,2026-06-01 22:06:35,Orchard Central,SOK-M-04,Men's Ribbed Crew Socks,Socks,Men,5.9,5.9,False,1,5.9,PayNow
PUN-20260601-0001,1,2026-06-01 11:28:29,Punggol,UND-W-01,Women's Airism Bikini Shorts,Underwear,Women,9.9,9.9,False,1,9.9,NETS
PUN-20260601-0153,3,2026-06-01 19:20:50,punggol,TOP-M-04,Men's Oxford Long Sleeve Shirt,Tops,Men,$29.9,29.9,False,1,29.9,NETS
ORC-20260601-0958,2,2026-06-01 13:41:31,Orchard Central,TOP-W-02,Women's Ribbed Long Sleeve Turtleneck,Tops,Women,$19.9,19.9,False,1,19.9,Card
ORC-20260601-0705,1,2026-06-01 12:14:11,Orchard Central,UND-W-03,Women's Cotton Blend Briefs,Underwear,Women,9.9,9.9,False,2,19.8,NETS
ORC-20260601-0671,2,2026-06-01 21:44:42,Orchard Central,UND-M-07,  Men's Stretch Cotton Boxers  ,underwear,Men,14.9,14.9,False,2,29.8,PayNow
PUN-20260601-0479,1,2026-06-01 18:15:52,punggol,UND-M-01,Men's Airism Boxer Briefs,Underwear,MEN,14.9,14.9,False,1,14.9,PayNow
BUG-20260601-0321,1,2026-06-01 20:45:55,Bugis,TOP-M-02,Men's Supima Cotton Polo Shirt,Tops,Men,29.9,29.9,False,1,29.9,PayNow
BUG-20260601-0404,3,2026-06-01 21:12:45,Bugis,SOK-M-04,Men's Ribbed Crew Socks,Socks,Men,5.9,5.9,False,1,5.9,Cash
ORC-20260601-0996,1,2026-06-01 13:44:49,  Orchard Central  ,SOK-W-01,Women's Ankle Socks 3-Pack,socks,Women,14.9,14.9,False,1,14.9,PayNow
ORC-20260601-0528,3,2026-06-01 19:27:26,Orchard Central,BTM-M-03,Men's Selvedge Regular Fit Jeans,Bottoms,Men,59.9,59.9,False,1,59.9,PayNow
BUG-20260601-0039,1,2026-06-01 15:24:54,Bugis,UND-M-02,Men's Cotton Blend Trunks,Underwear,MEN,14.9,14.9,False,1,14.9,card
BUG-20260601-0231,1,2026-06-01 14:38:07,BUGIS,UND-W-04,Women's Airism T-Shirt Bra,Underwear,Women,29.9,29.9,False,1,29.9,PayNow
ORC-20260601-0004,1,2026-06-01 22:25:36,Orchard Central,SOK-W-03,Women's Airism Low-Cut Socks,Socks,Women,5.9,5.9,False,1,5.9,Card
BUG-20260601-0637,1,2026-06-01 19:12:09,BUGIS,SOK-W-02,Women's Pile Crew Socks,Socks,Women,5.9,5.9,False,1,5.9,NETS
ORC-20260601-0332,1,2026-06-01 15:14:16,Orchard Central,TOP-W-02,Women's Ribbed Long Sleeve Turtleneck,Tops,Women,19.9,19.9,False,1,19.9,Card
BUG-20260601-0261,1,2026-06-01 20:07:52,BUGIS,UND-W-04,Women's Airism T-Shirt Bra,Underwear,Women,29.9,29.9,False,1,29.9,Card
ORC-20260601-0463,1,2026-06-01 15:26:51,Orchard Central,SOK-W-02,Women's Pile Crew Socks,Socks,Women,5.9,5.9,False,1,$5.9,Card
BUG-20260601-0704,2,2026-06-01 18:33:50,Bugis,UND-W-02,Women's Wireless Bra,Underwear,Women,29.9,29.9,False,1,29.9,NETS
BUG-20260601-0558,3,2026-06-01 21:24:56,Bugis,SOK-M-04,Men's Ribbed Crew Socks,Socks,Men,5.9,5.9,False,1,5.9,Cash
ORC-20260601-0051,2,2026-06-01 14:51:57,Orchard Central,TOP-W-04,Women's Heattech Crew Neck Long Sleeve Tee,Tops,Women,14.9,14.9,False,1,14.9,Card
PUN-20260601-0179,1,2026-06-01 16:53:24,Punggol,SOK-M-01,Men's Ankle Socks 3-Pack,Socks,Men,14.9,14.9,False,1,14.9,card
BUG-20260601-0777,1,2026-06-01 14:08:50,Bugis,UND-W-03,Women's Cotton Blend Briefs,Underwear,Women,9.9,9.9,False,1,9.9,Cash
ORC-20260601-0148,1,2026-06-01 19:54:50,orchard central,TOP-M-01,Men's Airism Cotton Crew Neck T-Shirt,Tops,Men,14.9,14.9,False,1,14.9,CASH
PUN-20260601-0291,1,2026-06-01 14:03:17,PUNGGOL,SOK-W-02,Women's Pile Crew Socks,Socks,Women,5.9,5.9,False,2,11.8,Cash
PUN-20260601-0535,1,2026-06-01 21:38:49,Punggol,UND-W-03,Women's Cotton Blend Briefs,Underwear,WOMEN,9.9,9.9,False,2,19.8,Card
ORC-20260601-0995,1,2026-06-01 11:03:18,Orchard Central,UND-W-01,Women's Airism Bikini Shorts,Underwear,women,9.9,9.9,False,1,9.9,cash
ORC-20260601-0461,2,2026-06-01 19:28:51,Orchard Central,UND-W-02,Women's Wireless Bra,Underwear,Women,29.9,29.9,False,1,29.9,Card
ORC-20260601-1131,1,2026-06-01 14:13:38,Orchard Central,UND-W-02,Women's Wireless Bra,UNDERWEAR,Women,29.9,29.9,False,1,$29.9,PayNow
BUG-20260601-0047,1,2026-06-01 22:10:50,Bugis,UND-W-03,Women's Cotton Blend Briefs,Underwear,Women,9.9,9.9,False,1,9.9,PAYNOW
BUG-20260601-0687,2,2026-06-01 13:51:20,Bugis,SOK-M-03,Men's Airism Low-Cut Socks,Socks,Men,5.9,5.9,False,1,5.9,Card
BUG-20260601-0418,1,2026-06-01 21:37:13,bugis,SOK-M-04,Men's Ribbed Crew Socks,Socks,Men,5.9,5.9,False,1,5.9,PayNow
PUN-20260601-0326,2,2026-06-01 20:28:12,Punggol,UND-M-02,Men's Cotton Blend Trunks,Underwear,Men,14.9,14.9,False,1,14.9,CARD
BUG-20260601-0075,1,2026-06-01 17:18:53,Bugis,SOK-W-04,Women's Ribbed Crew Socks,Socks,WOMEN,5.9,5.9,False,1,5.9,Cash
ORC-20260601-0700,1,2026-06-01 20:20:41,Orchard Central,SOK-W-03,Women's Airism Low-Cut Socks,Socks,Women,5.9,5.9,False,2,11.8,
BUG-20260601-0540,1,2026-06-01 14:56:14,Bugis,UND-W-01,Women's Airism Bikini Shorts,Underwear,Women,9.9,9.9,False,1,9.9,nets
BUG-20260601-0117,1,2026-06-01 18:08:26,Bugis,BTM-W-02,  Women's High-Rise Wide Leg Pants  ,Bottoms,women,39.9,39.9,False,1,39.9,Card
BUG-20260601-0439,1,2026-06-01 16:44:00,Bugis,BTM-W-03,  Women's Ezy Ankle Pants  ,Bottoms,women,29.9,29.9,False,1,29.9,PayNow
BUG-20260601-0155,2,2026-06-01 20:43:05,Bugis,SOK-M-04,Men's Ribbed Crew Socks,Socks,Men,5.9,5.9,False,1,5.9,Card
ORC-20260601-0582,2,2026-06-01 20:37:52,Orchard Central,BTM-W-03,Women's Ezy Ankle Pants,Bottoms,Women,29.9,29.9,False,1,29.9,PayNow
BUG-20260601-0734,2,2026-06-01 22:00:46,Bugis,SOK-M-02,Men's Pile Crew Socks,Socks,Men,5.9,5.9,False,1,5.9,PayNow
ORC-20260601-0845,1,2026-06-01 18:43:26,Orchard Central,BTM-W-01,Women's Ultra Stretch Skinny Jeans,Bottoms,Women,39.9,39.9,False,1,$39.9,Paynow
ORC-20260601-0152,1,2026-06-01 19:38:45,Orchard Central,SOK-W-04,Women's Ribbed Crew Socks,Socks,Women,5.9,5.9,False,1,5.9,Card
ORC-20260601-1041,1,2026-06-01 16:53:27,Orchard Central,SOK-W-04,Women's Ribbed Crew Socks,SOCKS,Women,5.9,5.9,False,1,5.9,Card
PUN-20260601-0077,2,2026-06-01 21:54:11,Punggol,BTM-W-04,Women's Denim Straight Jeans,Bottoms,Women,49.9,49.9,False,1,49.9,PayNow
BUG-20260601-0364,2,2026-06-01 20:08:15,Bugis,BTM-W-02,Women's High-Rise Wide Leg Pants,bottoms,Women,39.9,39.9,False,1,39.9,CARD
PUN-20260601-0193,1,2026-06-01 21:05:08,Punggol,SOK-M-04,Men's Ribbed Crew Socks,Socks,Men,5.9,5.9,False,1,5.9,Nets
PUN-20260601-0504,3,2026-06-01 13:32:28,Punggol,UND-W-03,Women's Cotton Blend Briefs,Underwear,women,9.9,9.9,False,2,19.8,PayNow
ORC-20260601-0417,2,2026-06-01 20:54:14,Orchard Central,UND-W-01,Women's Airism Bikini Shorts,Underwear,women,9.9,9.9,False,1,9.9,Card
PUN-20260601-0073,1,2026-06-01 19:09:31,Punggol,SOK-W-02,Women's Pile Crew Socks,Socks,Women,5.9,5.9,False,1,5.9,Card
ORC-20260601-0481,1,2026-06-01 17:20:12,Orchard Central,TOP-M-01,Men's Airism Cotton Crew Neck T-Shirt,Tops,Men,14.9,14.9,False,1,14.9,PayNow
PUN-20260601-0540,3,2026-06-01 17:57:33,Punggol,UND-M-01,Men's Airism Boxer Briefs,Underwear,Men,14.9,14.9,False,1,14.9,Card
PUN-20260601-0372,2,2026-06-01 21:29:06,  Punggol  ,UND-W-01,Women's Airism Bikini Shorts,Underwear,Women,9.9,9.9,False,1,9.9,Cash
BUG-20260601-0675,2,2026-06-01 20:29:42,Bugis,SOK-W-03,Women's Airism Low-Cut Socks,Socks,Women,5.9,5.9,False,1,5.9,paynow
ORC-20260601-0702,3,2026-06-01 17:22:33,Orchard Central,TOP-M-04,Men's Oxford Long Sleeve Shirt,Tops,Men,29.9,29.9,False,1,29.9,PayNow
BUG-20260601-0399,2,2026-06-01 19:00:50,BUGIS,BTM-M-02,Men's Slim Fit Chino Trousers,bottoms,Men,29.9,29.9,False,1,29.9,PayNow
PUN-20260601-0014,2,2026-06-01 17:53:46,Punggol,SOK-M-02,Men's Pile Crew Socks,Socks,Men,5.9,5.9,False,1,$5.9,
PUN-20260601-0087,1,2026-06-01 21:18:25,Punggol,SOK-M-04,Men's Ribbed Crew Socks,Socks,Men,5.9,5.9,False,1,5.9,Nets
PUN-20260601-0428,3,2026-06-01 17:44:58,Punggol,SOK-W-02,  Women's Pile Crew Socks  ,SOCKS,Women,5.9,5.9,False,2,11.8,PAYNOW
ORC-20260601-0490,1,2026-06-01 17:59:30,Orchard Central,UND-W-01,Women's Airism Bikini Shorts,Underwear,Women,9.9,9.9,False,1,9.9,NETS
ORC-20260601-0693,1,2026-06-01 11:16:06,Orchard Central,SOK-M-04,Men's Ribbed Crew Socks,Socks,Men,5.9,5.9,False,2,$11.8,Card
BUG-20260601-0120,1,2026-06-01 17:16:42,BUGIS,UND-M-03,Men's Airism Mesh Boxer Briefs,Underwear,Men,14.9,14.9,False,1,14.9,Card
BUG-20260601-0214,2,2026-06-01 13:04:49,Bugis,SOK-M-04,Men's Ribbed Crew Socks,Socks,Men,5.9,5.9,False,1,5.9,Card
ORC-20260601-0297,2,2026-06-01 21:13:03,Orchard Central,SOK-M-02,Men's Pile Crew Socks,Socks,Men,5.9,5.9,False,2,11.8,Cash
BUG-20260601-0653,1,2026-06-01 20:29:21,Bugis,SOK-W-02,Women's Pile Crew Socks,Socks,Women,5.9,5.9,False,1,5.9,Card
BUG-20260601-0812,2,2026-06-01 16:23:27,BUGIS,SOK-M-01,Men's Ankle Socks 3-Pack,Socks,Men,14.9,14.9,False,1,14.9,NETS
PUN-20260601-0469,2,2026-06-01 18:18:06,Punggol,SOK-M-02,Men's Pile Crew Socks,Socks,MEN,5.9,5.9,False,1,5.9,
BUG-20260601-0025,2,2026-06-01 19:17:09,Bugis,SOK-W-02,Women's Pile Crew Socks,Socks,Women,5.9,5.9,False,1,5.9,Card
PUN-20260601-0438,1,2026-06-01 16:31:02,PUNGGOL,UND-M-01,Men's Airism Boxer Briefs,Underwear,Men,14.9,14.9,False,1,14.9,Card
PUN-20260601-0483,1,2026-06-01 19:30:57,PUNGGOL,TOP-M-01,Men's Airism Cotton Crew Neck T-Shirt,Tops,Men,14.9,14.9,False,1,14.9,PayNow
ORC-20260601-0232,1,2026-06-01 22:30:22,Orchard Central,TOP-W-01,Women's Airism Cotton Crew Neck T-Shirt,Tops,Women,14.9,14.9,False,1,14.9,Cash
BUG-20260601-0224,3,2026-06-01 21:35:15,Bugis,UND-M-04,Men's Cotton Crew Neck Undershirt,Underwear,Men,14.9,14.9,False,1,14.9,NETS
BUG-20260601-0496,1,2026-06-01 12:40:08,Bugis,TOP-M-02,Men's Supima Cotton Polo Shirt,Tops,Men,29.9,29.9,False,1,29.9,Card
BUG-20260601-0332,3,2026-06-01 12:28:23,Bugis,UND-W-01,Women's Airism Bikini Shorts,Underwear,Women,9.9,9.9,False,1,9.9,Nets
PUN-20260601-0034,1,2026-06-01 19:51:43,Punggol,SOK-W-02,Women's Pile Crew Socks,Socks,Women,5.9,5.9,False,1,5.9,Card
ORC-20260601-0121,1,2026-06-01 15:26:04,Orchard Central,BTM-M-03,Men's Selvedge Regular Fit Jeans,Bottoms,Men,59.9,59.9,False,1,59.9,NETS
ORC-20260601-0248,1,2026-06-01 16:55:44,Orchard Central,TOP-M-04,Men's Oxford Long Sleeve Shirt,Tops,Men,$29.9,29.9,False,1,29.9,Paynow
PUN-20260601-0431,1,2026-06-01 19:48:09,Punggol,SOK-M-01,Men's Ankle Socks 3-Pack,Socks,Men,14.9,14.9,False,2,$29.8,CASH
ORC-20260601-0421,1,2026-06-01 14:27:08,Orchard Central,SOK-W-03,Women's Airism Low-Cut Socks,Socks,Women,5.9,5.9,False,1,5.9,Card
ORC-20260601-0721,3,2026-06-01 20:40:21,Orchard Central,SOK-M-04,  Men's Ribbed Crew Socks  ,Socks,Men,5.9,5.9,False,1,5.9,Cash
PUN-20260601-0576,2,2026-06-01 11:20:47,Punggol,UND-W-04,Women's Airism T-Shirt Bra,Underwear,Women,29.9,29.9,False,1,29.9,Cash
PUN-20260601-0466,2,2026-06-01 16:54:09,Punggol,SOK-W-04,Women's Ribbed Crew Socks,socks,Women,5.9,5.9,False,1,5.9,Card
BUG-20260601-0611,1,2026-06-01 18:05:12,Bugis,SOK-M-03,  Men's Airism Low-Cut Socks  ,Socks,Men,5.9,5.9,False,1,5.9,PAYNOW
ORC-20260601-0523,1,2026-06-01 15:17:39,Orchard Central,UND-M-02,Men's Cotton Blend Trunks,Underwear,Men,14.9,14.9,False,1,14.9,Card
BUG-20260601-0498,2,2026-06-01 18:04:21,Bugis,SOK-M-02,Men's Pile Crew Socks,Socks,Men,5.9,5.9,False,1,5.9,card
PUN-20260601-0322,1,2026-06-01 21:41:42,Punggol,SOK-W-06,Women's Heattech Socks,Socks,Women,9.9,9.9,False,1,9.9,Card
ORC-20260601-0086,1,2026-06-01 19:53:36,Orchard Central,UND-W-03,Women's Cotton Blend Briefs,Underwear,Women,9.9,9.9,False,1,9.9,Card
PUN-20260601-0444,1,2026-06-01 18:08:06,Punggol,TOP-W-04,Women's Heattech Crew Neck Long Sleeve Tee,Tops,Women,14.9,14.9,False,1,14.9,NETS
PUN-20260601-0252,2,2026-06-01 19:22:24,Punggol,SOK-W-04,Women's Ribbed Crew Socks,socks,Women,5.9,5.9,False,2,11.8,Card
ORC-20260601-0252,2,2026-06-01 12:21:36,Orchard Central,SOK-M-01,Men's Ankle Socks 3-Pack,Socks,MEN,14.9,14.9,False,2,29.8,NETS
ORC-20260601-0068,1,2026-06-01 17:58:39,Orchard Central,BTM-M-01,Men's Ezy Ankle Pants,Bottoms,Men,29.9,29.9,False,1,29.9,Cash
BUG-20260601-0177,2,2026-06-01 11:18:15,Bugis,SOK-W-02,Women's Pile Crew Socks,socks,Women,5.9,5.9,False,2,11.8,PayNow
ORC-20260601-0773,1,2026-06-01 20:36:51,orchard central,SOK-M-01,Men's Ankle Socks 3-Pack,Socks,Men,14.9,14.9,False,1,14.9,Card
ORC-20260601-0378,2,2026-06-01 19:51:12,Orchard Central,SOK-W-02,Women's Pile Crew Socks,Socks,Women,5.9,5.9,False,1,5.9,Cash
PUN-20260601-0145,2,2026-06-01 20:50:45,Punggol,SOK-M-01,Men's Ankle Socks 3-Pack,socks,Men,14.9,14.9,False,1,14.9,NETS
PUN-20260601-0473,1,2026-06-01 16:10:57,Punggol,SOK-M-08,Men's Cotton Blend Dress Socks,Socks,Men,9.9,9.9,False,2,19.8,Cash
ORC-20260601-0942,1,2026-06-01 19:11:52,Orchard Central,SOK-W-04,Women's Ribbed Crew Socks,socks,Women,5.9,5.9,False,1,5.9,Card
ORC-20260601-0918,2,2026-06-01 21:25:07,Orchard Central,TOP-M-02,Men's Supima Cotton Polo Shirt,Tops,Men,29.9,29.9,False,1,29.9,PayNow
ORC-20260601-0495,1,2026-06-01 21:08:59,orchard central,SOK-W-02,  Women's Pile Crew Socks  ,Socks,Women,5.9,5.9,False,1,5.9,PayNow
ORC-20260601-0641,2,2026-06-01 22:58:07,Orchard Central,SOK-M-08,Men's Cotton Blend Dress Socks,Socks,Men,9.9,9.9,False,1,9.9,PayNow
BUG-20260601-0288,1,2026-06-01 18:58:28,Bugis,SOK-W-02,Women's Pile Crew Socks,Socks,WOMEN,5.9,5.9,False,1,5.9,card
ORC-20260601-0645,1,2026-06-01 17:49:07,Orchard Central,BTM-M-08,Men's Relaxed Fit Denim Shorts,Bottoms,Men,22.99,29.9,True,1,22.99,Card
PUN-20260601-0550,1,2026-06-01 20:39:46,punggol,SOK-W-01,Women's Ankle Socks 3-Pack,Socks,Women,14.9,14.9,False,1,14.9,Cash
BUG-20260601-0574,3,2026-06-01 15:03:43,bugis,TOP-M-02,Men's Supima Cotton Polo Shirt,Tops,Men,29.9,29.9,False,1,29.9,Card
ORC-20260601-0825,3,2026-06-01 13:11:51,Orchard Central,TOP-M-04,Men's Oxford Long Sleeve Shirt,Tops,Men,29.9,29.9,False,1,29.9,Card
PUN-20260601-0374,2,2026-06-01 20:51:55,PUNGGOL,SOK-M-04,Men's Ribbed Crew Socks,Socks,Men,5.9,5.9,False,1,5.9,NETS
ORC-20260601-0787,3,2026-06-01 20:26:11,Orchard Central,SOK-W-02,Women's Pile Crew Socks,Socks,Women,5.9,5.9,False,2,11.8,Card
BUG-20260601-0203,3,2026-06-01 21:01:56,Bugis,TOP-W-04,Women's Heattech Crew Neck Long Sleeve Tee,Tops,women,14.9,14.9,False,1,14.9,Cash
ORC-20260601-0413,1,2026-06-01 16:57:26,Orchard Central,SOK-M-02,Men's Pile Crew Socks,Socks,Men,5.9,5.9,False,1,5.9,Cash
ORC-20260601-0688,1,2026-06-01 15:35:11,Orchard Central,SOK-M-03,Men's Airism Low-Cut Socks,Socks,Men,5.9,5.9,False,1,5.9,Card
BUG-20260601-0406,1,2026-06-01 19:26:40,Bugis,SOK-W-02,Women's Pile Crew Socks,socks,Women,5.9,5.9,False,2,11.8,PayNow
BUG-20260601-0389,3,2026-06-01 21:31:05,Bugis,TOP-W-06,Women's Linen Blend Short Sleeve Shirt,tops,Women,29.9,29.9,False,1,29.9,NETS
PUN-20260601-0094,3,2026-06-01 20:36:19,Punggol,TOP-W-04,Women's Heattech Crew Neck Long Sleeve Tee,Tops,Women,14.9,14.9,False,1,14.9,Card
ORC-20260601-0911,1,2026-06-01 22:11:10,Orchard Central,SOK-W-04,Women's Ribbed Crew Socks,Socks,women,5.9,5.9,False,1,5.9,PayNow
BUG-20260601-0471,3,2026-06-01 19:36:12,BUGIS,BTM-M-02,Men's Slim Fit Chino Trousers,Bottoms,Men,29.9,29.9,False,1,29.9,Card
BUG-20260601-0133,2,2026-06-01 16:58:01,Bugis,SOK-M-03,Men's Airism Low-Cut Socks,Socks,men,5.9,5.9,False,1,5.9,NETS
ORC-20260601-0615,2,2026-06-01 16:58:32,Orchard Central,SOK-M-03,Men's Airism Low-Cut Socks,Socks,Men,5.9,5.9,False,1,5.9,PAYNOW
ORC-20260601-1127,3,2026-06-01 21:04:20,Orchard Central,SOK-W-02,  Women's Pile Crew Socks  ,Socks,Women,5.9,5.9,False,2,11.8,NETS
ORC-20260601-0527,3,2026-06-01 20:34:31,Orchard Central,SOK-W-02,Women's Pile Crew Socks,Socks,Women,5.9,5.9,False,1,5.9,Card
ORC-20260601-0511,1,2026-06-01 18:25:56,Orchard Central,BTM-M-04,Men's Dry Stretch Shorts,BOTTOMS,Men,19.9,19.9,False,1,19.9,PayNow
PUN-20260601-0087,3,2026-06-01 21:18:25,Punggol,SOK-M-04,Men's Ribbed Crew Socks,Socks,Men,5.9,5.9,False,1,5.9,NETS
ORC-20260601-0292,3,2026-06-01 20:28:19,Orchard Central,UND-W-03,Women's Cotton Blend Briefs,Underwear,Women,9.9,9.9,False,2,19.8,Card
PUN-20260601-0087,2,2026-06-01 21:18:25,Punggol,SOK-W-03,Women's Airism Low-Cut Socks,Socks,Women,5.9,5.9,False,1,5.9,NETS
PUN-20260601-0252,1,2026-06-01 19:22:24,PUNGGOL,UND-M-02,Men's Cotton Blend Trunks,Underwear,Men,14.9,14.9,False,1,14.9,Card
ORC-20260601-0081,1,2026-06-01 13:35:37,Orchard Central,UND-M-06,Men's Airism Sleeveless Undershirt,UNDERWEAR,Men,9.9,9.9,False,1,$9.9,PayNow
BUG-20260601-0390,2,2026-06-01 22:42:07,Bugis,UND-W-03,Women's Cotton Blend Briefs,Underwear,Women,9.9,9.9,False,1,9.9,Cash
ORC-20260601-0928,2,2026-06-01 20:24:26,Orchard Central,BTM-W-03,Women's Ezy Ankle Pants,Bottoms,women,29.9,29.9,False,1,29.9,PayNow
PUN-20260601-0430,1,2026-06-01 13:27:26,Punggol,SOK-W-04,Women's Ribbed Crew Socks,Socks,WOMEN,5.9,5.9,False,1,5.9,PAYNOW
PUN-20260601-0243,1,2026-06-01 17:03:05,Punggol,SOK-M-04,Men's Ribbed Crew Socks,Socks,Men,5.9,5.9,False,2,11.8,Card
BUG-20260601-0237,1,2026-06-01 21:18:19,Bugis,BTM-M-03,Men's Selvedge Regular Fit Jeans,Bottoms,MEN,59.9,59.9,False,1,59.9,NETS
BUG-20260601-0622,3,2026-06-01 22:38:04,Bugis,SOK-W-02,Women's Pile Crew Socks,Socks,Women,5.9,5.9,False,1,5.9,paynow
ORC-20260601-0380,3,2026-06-01 17:07:37,  Orchard Central  ,SOK-W-03,Women's Airism Low-Cut Socks,Socks,Women,5.9,5.9,False,1,5.9,card
ORC-20260601-0781,1,2026-06-01 21:36:39,Orchard Central,TOP-W-09,Women's Drape Sleeveless Top,tops,Women,19.9,19.9,False,1,19.9,PayNow
BUG-20260601-0581,3,2026-06-01 14:48:10,Bugis,SOK-M-06,Men's Heattech Socks,Socks,Men,9.9,9.9,False,1,9.9,Card
BUG-20260601-0818,2,2026-06-01 19:38:19,Bugis,SOK-W-03,Women's Airism Low-Cut Socks,Socks,Women,5.9,5.9,False,1,5.9,NETS
ORC-20260601-0432,1,2026-06-01 19:59:35,Orchard Central,SOK-M-03,Men's Airism Low-Cut Socks,Socks,Men,5.9,5.9,False,1,5.9,PayNow
BUG-20260601-0347,1,2026-06-01 21:23:47,Bugis,SOK-W-03,Women's Airism Low-Cut Socks,socks,Women,5.9,5.9,False,1,5.9,PayNow
PUN-20260601-0127,1,2026-06-01 12:05:07,Punggol,SOK-M-02,Men's Pile Crew Socks,Socks,Men,5.9,5.9,False,1,5.9,Card
BUG-20260601-0706,1,2026-06-01 17:36:42,Bugis,SOK-W-03,Women's Airism Low-Cut Socks,SOCKS,Women,5.9,5.9,False,1,5.9,PayNow
PUN-20260601-0554,1,2026-06-01 17:50:54,Punggol,SOK-W-04,Women's Ribbed Crew Socks,Socks,Women,5.9,5.9,False,1,5.9,Card
BUG-20260601-0713,2,2026-06-01 22:58:58,Bugis,UND-M-02,Men's Cotton Blend Trunks,Underwear,Men,14.9,14.9,False,1,14.9,Card
PUN-20260601-0150,1,2026-06-01 15:30:13,Punggol,UND-W-03,Women's Cotton Blend Briefs,Underwear,Women,9.9,9.9,False,1,9.9,PayNow
BUG-20260601-0332,2,2026-06-01 12:28:23,Bugis,SOK-M-03,Men's Airism Low-Cut Socks,Socks,Men,5.9,5.9,False,1,5.9,NETS
BUG-20260601-0814,2,2026-06-01 21:04:58,Bugis,SOK-W-02,Women's Pile Crew Socks,Socks,Women,$5.9,5.9,False,1,5.9,Card
ORC-20260601-0117,2,2026-06-01 18:19:57,orchard central,TOP-M-01,Men's Airism Cotton Crew Neck T-Shirt,Tops,Men,14.9,14.9,False,1,14.9,Card
ORC-20260601-0854,2,2026-06-01 18:51:08,ORCHARD CENTRAL,UND-W-01,Women's Airism Bikini Shorts,Underwear,Women,9.9,9.9,False,2,19.8,Card
ORC-20260601-1098,2,2026-06-01 20:57:10,Orchard Central,UND-W-01,Women's Airism Bikini Shorts,Underwear,women,9.9,9.9,False,1,9.9,Card
ORC-20260601-1008,3,2026-06-01 21:37:49,Orchard Central,BTM-W-01,Women's Ultra Stretch Skinny Jeans,Bottoms,women,39.9,39.9,False,1,39.9,PayNow
PUN-20260601-0173,3,2026-06-01 19:18:42,punggol,SOK-W-04,Women's Ribbed Crew Socks,Socks,Women,5.9,5.9,False,1,5.9,Cash
ORC-20260601-0530,1,2026-06-01 21:28:06,Orchard Central,TOP-W-02,Women's Ribbed Long Sleeve Turtleneck,Tops,Women,19.9,19.9,False,1,19.9,
PUN-20260601-0299,1,2026-06-01 17:43:23,punggol,SOK-W-02,Women's Pile Crew Socks,Socks,Women,5.9,5.9,False,1,5.9,PayNow
ORC-20260601-0021,2,2026-06-01 18:34:33,Orchard Central,SOK-W-10,Women's Wool Blend Socks,Socks,Women,9.9,9.9,False,1,9.9,Card
ORC-20260601-1128,2,2026-06-01 20:31:34,Orchard Central,SOK-W-03,Women's Airism Low-Cut Socks,Socks,Women,5.9,5.9,False,1,5.9,PayNow
ORC-20260601-1111,2,2026-06-01 18:13:52,Orchard Central,UND-M-01,Men's Airism Boxer Briefs,Underwear,Men,14.9,14.9,False,1,14.9,Cash
PUN-20260601-0563,3,2026-06-01 20:10:11,Punggol,SOK-W-04,Women's Ribbed Crew Socks,Socks,women,5.9,5.9,False,1,5.9,CARD
PUN-20260601-0167,2,2026-06-01 20:45:48,Punggol,SOK-M-02,  Men's Pile Crew Socks  ,Socks,Men,5.9,5.9,False,1,5.9,Card
ORC-20260601-0342,2,2026-06-01 11:52:47,orchard central,BTM-M-01,Men's Ezy Ankle Pants,Bottoms,Men,29.9,29.9,False,1,29.9,NETS
ORC-20260601-1090,2,2026-06-01 22:29:22,Orchard Central,SOK-W-03,Women's Airism Low-Cut Socks,Socks,Women,5.9,5.9,False,1,5.9,PayNow
ORC-20260601-0894,1,2026-06-01 18:05:39,orchard central,SOK-M-04,Men's Ribbed Crew Socks,Socks,Men,5.9,5.9,False,1,5.9,Cash
ORC-20260601-0051,3,2026-06-01 14:51:57,Orchard Central,SOK-W-02,  Women's Pile Crew Socks  ,Socks,Women,5.9,5.9,False,1,5.9,Card
ORC-20260601-1042,2,2026-06-01 13:29:05,Orchard Central,BTM-W-03,Women's Ezy Ankle Pants,bottoms,women,29.9,29.9,False,1,29.9,Card
ORC-20260601-0003,2,2026-06-01 21:36:21,  Orchard Central  ,SOK-W-02,Women's Pile Crew Socks,Socks,Women,5.9,5.9,False,1,5.9,Card
ORC-20260601-0182,3,2026-06-01 17:35:32,Orchard Central,SOK-W-04,Women's Ribbed Crew Socks,Socks,Women,5.9,5.9,False,1,5.9,NETS
ORC-20260601-0181,1,2026-06-01 21:29:01,Orchard Central,SOK-M-01,Men's Ankle Socks 3-Pack,Socks,Men,14.9,14.9,False,1,14.9,Card
PUN-20260601-0219,1,2026-06-01 20:38:39,Punggol,UND-W-03,Women's Cotton Blend Briefs,Underwear,Women,9.9,9.9,False,1,9.9,PayNow
BUG-20260601-0456,1,2026-06-01 16:33:25,BUGIS,SOK-M-04,Men's Ribbed Crew Socks,Socks,MEN,5.9,5.9,False,1,5.9,Card
ORC-20260601-0875,1,2026-06-01 15:06:03,Orchard Central,SOK-W-02,  Women's Pile Crew Socks  ,Socks,women,5.9,5.9,False,2,11.8,CASH
PUN-20260601-0245,1,2026-06-01 21:19:52,Punggol,TOP-W-01,Women's Airism Cotton Crew Neck T-Shirt,Tops,Women,14.9,14.9,False,1,14.9,PayNow
PUN-20260601-0516,1,2026-06-01 12:44:08,  Punggol  ,SOK-W-02,Women's Pile Crew Socks,Socks,Women,5.9,5.9,False,2,11.8,Card
ORC-20260601-0907,1,2026-06-01 19:18:12,Orchard Central,SOK-M-01,  Men's Ankle Socks 3-Pack  ,Socks,Men,14.9,14.9,False,1,14.9,PayNow
PUN-20260601-0137,1,2026-06-01 19:20:59,Punggol,TOP-M-02,Men's Supima Cotton Polo Shirt,Tops,Men,29.9,29.9,False,1,29.9,Cash
ORC-20260601-0109,1,2026-06-01 21:50:08,Orchard Central,TOP-M-01,Men's Airism Cotton Crew Neck T-Shirt,Tops,Men,14.9,14.9,False,1,14.9,PAYNOW
PUN-20260601-0373,1,2026-06-01 18:58:29,Punggol,UND-M-10,Men's Cotton Blend Briefs,Underwear,Men,9.9,9.9,False,1,9.9,Card
BUG-20260601-0611,3,2026-06-01 18:05:12,Bugis,UND-W-03,Women's Cotton Blend Briefs,Underwear,Women,9.9,9.9,False,1,9.9,PayNow
ORC-20260601-0346,1,2026-06-01 11:58:29,Orchard Central,BTM-W-03,Women's Ezy Ankle Pants,Bottoms,Women,29.9,29.9,False,1,29.9,PayNow
ORC-20260601-0941,2,2026-06-01 20:07:27,Orchard Central,TOP-W-04,Women's Heattech Crew Neck Long Sleeve Tee,Tops,Women,14.9,14.9,False,1,14.9,Cash
BUG-20260601-0827,1,2026-06-01 20:00:37,BUGIS,SOK-W-01,Women's Ankle Socks 3-Pack,Socks,Women,14.9,14.9,False,1,14.9,NETS
ORC-20260601-0030,2,2026-06-01 22:58:33,Orchard Central,SOK-W-02,Women's Pile Crew Socks,Socks,Women,5.9,5.9,False,1,5.9,Card
BUG-20260601-0420,1,2026-06-01 15:51:58,bugis,UND-M-03,Men's Airism Mesh Boxer Briefs,Underwear,Men,14.9,14.9,False,1,14.9,PayNow
ORC-20260601-1026,1,2026-06-01 19:20:17,Orchard Central,UND-M-01,Men's Airism Boxer Briefs,Underwear,Men,14.9,14.9,False,1,14.9,NETS
ORC-20260601-0425,1,2026-06-01 20:28:34,Orchard Central,BTM-M-09,Men's Linen Blend Trousers,Bottoms,Men,39.9,39.9,False,1,39.9,Card
ORC-20260601-1112,1,2026-06-01 19:46:14,Orchard Central,UND-W-03,Women's Cotton Blend Briefs,underwear,Women,9.9,9.9,False,1,9.9,Card
ORC-20260601-0148,3,2026-06-01 19:54:50,orchard central,BTM-M-02,Men's Slim Fit Chino Trousers,Bottoms,Men,29.9,29.9,False,1,29.9,
BUG-20260601-0762,1,2026-06-01 20:56:38,  Bugis  ,SOK-W-02,Women's Pile Crew Socks,Socks,WOMEN,5.9,5.9,False,1,5.9,PayNow
ORC-20260601-1072,3,2026-06-01 21:26:22,Orchard Central,BTM-M-04,  Men's Dry Stretch Shorts  ,Bottoms,Men,19.9,19.9,False,1,19.9,PayNow
ORC-20260601-0199,2,2026-06-01 21:19:41,  Orchard Central  ,SOK-M-04,Men's Ribbed Crew Socks,Socks,Men,5.9,5.9,False,1,5.9,Card
ORC-20260601-0928,3,2026-06-01 20:24:26,  Orchard Central  ,SOK-W-03,Women's Airism Low-Cut Socks,Socks,Women,5.9,5.9,False,1,5.9,PayNow
ORC-20260601-0384,2,2026-06-01 19:49:23,Orchard Central,UND-W-04,Women's Airism T-Shirt Bra,Underwear,Women,29.9,29.9,False,2,59.8,Cash
PUN-20260601-0266,3,2026-06-01 13:21:52,Punggol,SOK-W-02,  Women's Pile Crew Socks  ,Socks,Women,5.9,5.9,False,1,5.9,PayNow
BUG-20260601-0300,3,2026-06-01 12:57:03,Bugis,SOK-M-04,Men's Ribbed Crew Socks,SOCKS,Men,5.9,5.9,False,1,5.9,PayNow
BUG-20260601-0743,3,2026-06-01 21:46:20,Bugis,UND-M-02,Men's Cotton Blend Trunks,Underwear,men,14.9,14.9,False,1,14.9,Card
ORC-20260601-0250,2,2026-06-01 20:48:04,Orchard Central,UND-W-03,Women's Cotton Blend Briefs,Underwear,Women,9.9,9.9,False,1,9.9,Card
PUN-20260601-0211,2,2026-06-01 18:21:23,Punggol,SOK-M-02,Men's Pile Crew Socks,Socks,Men,5.9,5.9,False,1,5.9,
BUG-20260601-0179,1,2026-06-01 13:03:35,  Bugis  ,UND-M-02,Men's Cotton Blend Trunks,Underwear,Men,14.9,14.9,False,1,14.9,Card
BUG-20260601-0590,2,2026-06-01 19:38:43,Bugis,SOK-M-03,Men's Airism Low-Cut Socks,Socks,Men,5.9,5.9,False,2,11.8,NETS
BUG-20260601-0764,2,2026-06-01 12:49:26,  Bugis  ,UND-W-01,  Women's Airism Bikini Shorts  ,underwear,Women,9.9,9.9,False,1,9.9,paynow
BUG-20260601-0470,1,2026-06-01 18:51:48,Bugis,TOP-M-04,Men's Oxford Long Sleeve Shirt,Tops,Men,29.9,29.9,False,1,29.9,NETS
BUG-20260601-0568,1,2026-06-01 18:05:40,BUGIS,SOK-W-04,  Women's Ribbed Crew Socks  ,Socks,Women,5.9,5.9,False,2,11.8,Card
PUN-20260601-0561,1,2026-06-01 15:14:43,Punggol,TOP-M-04,Men's Oxford Long Sleeve Shirt,Tops,Men,29.9,29.9,False,1,29.9,Card
BUG-20260601-0526,1,2026-06-01 18:21:17,Bugis,TOP-W-04,Women's Heattech Crew Neck Long Sleeve Tee,Tops,WOMEN,14.9,14.9,False,1,14.9,Card
ORC-20260601-0050,1,2026-06-01 21:00:32,ORCHARD CENTRAL,SOK-M-04,  Men's Ribbed Crew Socks  ,Socks,Men,5.9,5.9,False,1,5.9,Cash
ORC-20260601-0741,3,2026-06-01 20:25:45,Orchard Central,UND-M-03,Men's Airism Mesh Boxer Briefs,Underwear,MEN,14.9,14.9,False,1,14.9,Card
BUG-20260601-0248,2,2026-06-01 21:59:48,  Bugis  ,UND-W-01,Women's Airism Bikini Shorts,Underwear,Women,9.9,9.9,False,1,9.9,Card
BUG-20260601-0354,1,2026-06-01 19:05:26,Bugis,SOK-M-05,Men's Sport Ankle Socks,Socks,Men,5.9,5.9,False,1,5.9,CARD
ORC-20260601-0169,2,2026-06-01 15:43:15,Orchard Central,UND-M-01,Men's Airism Boxer Briefs,Underwear,Men,14.9,14.9,False,1,14.9,NETS
BUG-20260601-0725,1,2026-06-01 15:10:25,Bugis,SOK-W-02,Women's Pile Crew Socks,Socks,Women,5.9,5.9,False,1,5.9,PayNow
PUN-20260601-0128,2,2026-06-01 15:50:37,Punggol,SOK-M-04,Men's Ribbed Crew Socks,Socks,Men,5.9,5.9,False,1,5.9,Card
BUG-20260601-0467,1,2026-06-01 19:20:53,Bugis,TOP-W-05,Women's Merino Blend Cardigan,Tops,Women,31.36,39.9,True,1,31.36,PayNow
PUN-20260601-0367,1,2026-06-01 21:56:25,PUNGGOL,SOK-W-03,Women's Airism Low-Cut Socks,socks,Women,5.9,5.9,False,1,5.9,Card
PUN-20260601-0283,1,2026-06-01 20:55:30,Punggol,UND-M-02,Men's Cotton Blend Trunks,Underwear,Men,14.9,14.9,False,1,14.9,Card
BUG-20260601-0211,2,2026-06-01 18:37:30,Bugis,SOK-M-03,Men's Airism Low-Cut Socks,Socks,Men,5.9,5.9,False,1,5.9,Card
BUG-20260601-0547,2,2026-06-01 18:19:52,Bugis,SOK-W-04,Women's Ribbed Crew Socks,Socks,Women,5.9,5.9,False,1,5.9,
PUN-20260601-0191,1,2026-06-01 20:19:42,Punggol,SOK-M-04,Men's Ribbed Crew Socks,Socks,Men,5.9,5.9,False,1,5.9,NETS
BUG-20260601-0417,1,2026-06-01 12:50:08,Bugis,UND-W-09,Women's Cotton Boyshorts,Underwear,Women,9.9,9.9,False,1,9.9,Card
PUN-20260601-0321,2,2026-06-01 14:43:23,Punggol,BTM-M-03,Men's Selvedge Regular Fit Jeans,Bottoms,Men,59.9,59.9,False,1,59.9,PayNow
ORC-20260601-0162,1,2026-06-01 22:12:06,Orchard Central,SOK-W-03,Women's Airism Low-Cut Socks,Socks,Women,5.9,5.9,False,1,5.9,Card
PUN-20260601-0427,1,2026-06-01 19:48:12,Punggol,UND-M-04,Men's Cotton Crew Neck Undershirt,Underwear,Men,14.9,14.9,False,1,$14.9,Card
ORC-20260601-0088,1,2026-06-01 18:30:15,Orchard Central,BTM-M-01,Men's Ezy Ankle Pants,Bottoms,Men,29.9,29.9,False,1,29.9,card
ORC-20260601-0872,1,2026-06-01 16:33:19,Orchard Central,TOP-M-03,Men's Dry-EX Crew Neck T-Shirt,Tops,Men,19.9,19.9,False,1,19.9,card
ORC-20260601-0919,2,2026-06-01 20:20:58,Orchard Central,BTM-W-02,Women's High-Rise Wide Leg Pants,Bottoms,Women,39.9,39.9,False,1,39.9,Card
ORC-20260601-0932,1,2026-06-01 21:44:32,Orchard Central,TOP-M-04,Men's Oxford Long Sleeve Shirt,TOPS,Men,29.9,29.9,False,1,29.9,Nets
ORC-20260601-0452,2,2026-06-01 13:26:51,Orchard Central,SOK-W-04,Women's Ribbed Crew Socks,Socks,Women,5.9,5.9,False,1,5.9,card
ORC-20260601-0116,1,2026-06-01 12:52:18,Orchard Central,TOP-W-04,Women's Heattech Crew Neck Long Sleeve Tee,TOPS,WOMEN,14.9,14.9,False,1,14.9,CARD
PUN-20260601-0112,3,2026-06-01 18:20:48,Punggol,UND-W-03,Women's Cotton Blend Briefs,Underwear,Women,9.9,9.9,False,2,19.8,CARD
ORC-20260601-0011,1,2026-06-01 11:25:59,Orchard Central,TOP-W-03,Women's Silky Satin Blouse,Tops,Women,39.9,39.9,False,1,39.9,Card
BUG-20260601-0424,2,2026-06-01 20:17:51,Bugis,UND-W-03,Women's Cotton Blend Briefs,Underwear,Women,9.9,9.9,False,1,9.9,PayNow
PUN-20260601-0416,2,2026-06-01 12:57:08,Punggol,UND-M-04,Men's Cotton Crew Neck Undershirt,underwear,Men,14.9,14.9,False,1,14.9,nets
ORC-20260601-1124,1,2026-06-01 19:37:59,Orchard Central,UND-M-02,  Men's Cotton Blend Trunks  ,UNDERWEAR,Men,14.9,14.9,False,1,14.9,Card
ORC-20260601-0676,1,2026-06-01 15:57:39,Orchard Central,BTM-W-01,Women's Ultra Stretch Skinny Jeans,Bottoms,Women,39.9,39.9,False,1,39.9,NETS
PUN-20260601-0514,1,2026-06-01 19:59:04,Punggol,SOK-W-03,Women's Airism Low-Cut Socks,Socks,Women,5.9,5.9,False,1,5.9,NETS
BUG-20260601-0182,1,2026-06-01 21:31:04,Bugis,TOP-W-02,Women's Ribbed Long Sleeve Turtleneck,Tops,Women,19.9,19.9,False,1,19.9,PayNow
BUG-20260601-0542,1,2026-06-01 21:51:48,Bugis,BTM-W-03,Women's Ezy Ankle Pants,Bottoms,Women,29.9,29.9,False,1,29.9,Card
BUG-20260601-0376,2,2026-06-01 19:16:24,Bugis,SOK-M-04,Men's Ribbed Crew Socks,Socks,Men,5.9,5.9,False,2,11.8,Cash
BUG-20260601-0372,2,2026-06-01 20:21:38,Bugis,SOK-W-02,Women's Pile Crew Socks,Socks,Women,5.9,5.9,False,1,$5.9,PayNow
ORC-20260601-0638,2,2026-06-01 19:08:47,ORCHARD CENTRAL,SOK-W-04,Women's Ribbed Crew Socks,Socks,Women,5.9,5.9,False,1,5.9,CARD
BUG-20260601-0446,2,2026-06-01 19:21:21,Bugis,SOK-M-01,Men's Ankle Socks 3-Pack,Socks,Men,14.9,14.9,False,1,14.9,Card
ORC-20260601-0617,2,2026-06-01 13:11:02,ORCHARD CENTRAL,BTM-M-03,  Men's Selvedge Regular Fit Jeans  ,Bottoms,Men,$59.9,59.9,False,1,59.9,Card
PUN-20260601-0405,2,2026-06-01 22:51:25,Punggol,UND-M-04,Men's Cotton Crew Neck Undershirt,Underwear,Men,14.9,14.9,False,1,14.9,Cash
ORC-20260601-1069,2,2026-06-01 17:43:36,Orchard Central,UND-M-03,Men's Airism Mesh Boxer Briefs,Underwear,MEN,14.9,14.9,False,1,14.9,Cash
PUN-20260601-0098,2,2026-06-01 19:54:52,Punggol,SOK-W-04,Women's Ribbed Crew Socks,socks,Women,5.9,5.9,False,1,5.9,Card
ORC-20260601-0811,1,2026-06-01 21:50:11,Orchard Central,TOP-W-02,Women's Ribbed Long Sleeve Turtleneck,Tops,WOMEN,19.9,19.9,False,1,19.9,Card
ORC-20260601-0040,1,2026-06-01 18:58:43,Orchard Central,SOK-M-02,Men's Pile Crew Socks,SOCKS,Men,5.9,5.9,False,1,5.9,CARD
BUG-20260601-0049,1,2026-06-01 18:25:35,BUGIS,SOK-M-01,Men's Ankle Socks 3-Pack,Socks,Men,14.9,14.9,False,1,14.9,Card
PUN-20260601-0053,3,2026-06-01 14:29:54,Punggol,SOK-W-04,  Women's Ribbed Crew Socks  ,Socks,Women,5.9,5.9,False,1,5.9,PayNow
PUN-20260601-0304,1,2026-06-01 19:03:22,Punggol,UND-M-02,Men's Cotton Blend Trunks,Underwear,MEN,14.9,14.9,False,1,14.9,
BUG-20260601-0313,1,2026-06-01 21:31:32,Bugis,UND-W-03,Women's Cotton Blend Briefs,UNDERWEAR,Women,9.9,9.9,False,1,9.9,Card
BUG-20260601-0696,2,2026-06-01 13:09:28,Bugis,TOP-M-04,Men's Oxford Long Sleeve Shirt,Tops,Men,29.9,29.9,False,1,29.9,CASH
PUN-20260601-0391,2,2026-06-01 18:04:55,Punggol,BTM-M-03,Men's Selvedge Regular Fit Jeans,Bottoms,Men,59.9,59.9,False,1,59.9,PayNow
ORC-20260601-1116,1,2026-06-01 21:20:46,Orchard Central,TOP-W-02,Women's Ribbed Long Sleeve Turtleneck,tops,Women,19.9,19.9,False,1,19.9,PayNow
PUN-20260601-0138,1,2026-06-01 15:54:39,Punggol,TOP-M-01,Men's Airism Cotton Crew Neck T-Shirt,Tops,Men,14.9,14.9,False,1,14.9,Cash
PUN-20260601-0313,1,2026-06-01 20:08:13,Punggol,SOK-M-04,  Men's Ribbed Crew Socks  ,SOCKS,Men,5.9,5.9,False,1,5.9,PayNow
ORC-20260601-0879,1,2026-06-01 19:41:16,Orchard Central,BTM-W-04,Women's Denim Straight Jeans,Bottoms,Women,49.9,49.9,False,1,49.9,Cash
ORC-20260601-0379,2,2026-06-01 19:39:59,Orchard Central,UND-M-06,Men's Airism Sleeveless Undershirt,Underwear,Men,9.9,9.9,False,2,19.8,Card
BUG-20260601-0771,3,2026-06-01 16:12:39,Bugis,SOK-W-03,Women's Airism Low-Cut Socks,Socks,Women,5.9,5.9,False,1,5.9,Card
PUN-20260601-0083,1,2026-06-01 12:27:45,Punggol,UND-W-01,Women's Airism Bikini Shorts,Underwear,Women,9.9,9.9,False,1,9.9,card
PUN-20260601-0545,1,2026-06-01 21:21:56,Punggol,TOP-M-01,Men's Airism Cotton Crew Neck T-Shirt,Tops,MEN,14.9,14.9,False,1,14.9,NETS
ORC-20260601-0802,2,2026-06-01 22:38:50,Orchard Central,SOK-M-02,Men's Pile Crew Socks,Socks,men,5.9,5.9,False,1,5.9,Paynow
ORC-20260601-1074,3,2026-06-01 19:12:05,Orchard Central,SOK-M-04,Men's Ribbed Crew Socks,Socks,Men,5.9,5.9,False,1,5.9,nets
ORC-20260601-0910,2,2026-06-01 17:54:09,  Orchard Central  ,TOP-W-04,Women's Heattech Crew Neck Long Sleeve Tee,Tops,WOMEN,14.9,14.9,False,1,14.9,
BUG-20260601-0504,1,2026-06-01 18:06:17,Bugis,SOK-W-03,Women's Airism Low-Cut Socks,socks,WOMEN,5.9,5.9,False,1,5.9,PayNow
PUN-20260601-0013,2,2026-06-01 20:27:33,Punggol,SOK-W-03,Women's Airism Low-Cut Socks,SOCKS,Women,5.9,5.9,False,1,5.9,Card
PUN-20260601-0210,3,2026-06-01 17:01:31,Punggol,SOK-W-04,Women's Ribbed Crew Socks,Socks,Women,5.9,5.9,False,2,11.8,
BUG-20260601-0215,2,2026-06-01 20:03:25,  Bugis  ,SOK-W-03,Women's Airism Low-Cut Socks,Socks,Women,5.9,5.9,False,1,5.9,Cash
PUN-20260601-0460,2,2026-06-01 18:35:18,Punggol,TOP-W-03,Women's Silky Satin Blouse,Tops,women,39.9,39.9,False,1,39.9,Card
BUG-20260601-0825,1,2026-06-01 17:31:55,Bugis,SOK-M-04,Men's Ribbed Crew Socks,Socks,men,5.9,5.9,False,2,11.8,Cash
ORC-20260601-1095,1,2026-06-01 11:33:45,Orchard Central,UND-W-01,Women's Airism Bikini Shorts,underwear,Women,9.9,9.9,False,1,9.9,
BUG-20260601-0015,2,2026-06-01 19:57:03,Bugis,TOP-M-04,Men's Oxford Long Sleeve Shirt,Tops,Men,29.9,29.9,False,1,29.9,Card
ORC-20260601-0078,1,2026-06-01 17:14:52,Orchard Central,SOK-W-03,Women's Airism Low-Cut Socks,Socks,Women,5.9,5.9,False,1,5.9,Card
ORC-20260601-0043,3,2026-06-01 20:06:21,Orchard Central,SOK-M-08,Men's Cotton Blend Dress Socks,Socks,Men,9.9,9.9,False,1,9.9,Paynow
PUN-20260601-0406,1,2026-06-01 12:50:02,Punggol,SOK-W-04,Women's Ribbed Crew Socks,socks,Women,5.9,5.9,False,1,5.9,CARD
BUG-20260601-0404,2,2026-06-01 21:12:45,Bugis,SOK-W-04,Women's Ribbed Crew Socks,Socks,Women,5.9,5.9,False,1,5.9,Cash
BUG-20260601-0257,1,2026-06-01 18:38:31,  BUGIS  ,UND-M-02,Men's Cotton Blend Trunks,Underwear,Men,14.9,14.9,False,1,14.9,Cash
BUG-20260601-0594,1,2026-06-01 12:02:14,bugis,UND-W-01,Women's Airism Bikini Shorts,Underwear,Women,9.9,9.9,False,1,9.9,PayNow
BUG-20260601-0384,2,2026-06-01 19:52:58,  Bugis  ,UND-M-08,Men's Airism V-Neck Undershirt,Underwear,Men,9.9,9.9,False,1,9.9,NETS
BUG-20260601-0463,1,2026-06-01 18:19:05,Bugis,SOK-M-03,Men's Airism Low-Cut Socks,Socks,Men,$5.9,5.9,False,1,$5.9,PayNow
ORC-20260601-1064,2,2026-06-01 11:51:41,Orchard Central,BTM-M-03,Men's Selvedge Regular Fit Jeans,Bottoms,Men,59.9,59.9,False,1,59.9,card
PUN-20260601-0474,1,2026-06-01 19:33:29,Punggol,SOK-W-02,Women's Pile Crew Socks,Socks,Women,5.9,5.9,False,1,5.9,Cash
PUN-20260601-0500,1,2026-06-01 20:13:24,punggol,SOK-W-02,Women's Pile Crew Socks,Socks,Women,$5.9,5.9,False,2,11.8,Card
ORC-20260601-0948,2,2026-06-01 12:27:21,Orchard Central,SOK-W-03,Women's Airism Low-Cut Socks,Socks,women,5.9,5.9,False,2,$11.8,PayNow
BUG-20260601-0011,3,2026-06-01 22:25:48,Bugis,SOK-M-02,Men's Pile Crew Socks,Socks,Men,5.9,5.9,False,1,5.9,NETS
ORC-20260601-0437,1,2026-06-01 19:51:30,Orchard Central,TOP-W-03,Women's Silky Satin Blouse,Tops,Women,39.9,39.9,False,1,39.9,Cash
ORC-20260601-0313,1,2026-06-01 21:17:56,  Orchard Central  ,BTM-M-02,Men's Slim Fit Chino Trousers,Bottoms,Men,29.9,29.9,False,1,29.9,Card
ORC-20260601-0109,3,2026-06-01 21:50:08,Orchard Central,SOK-W-03,Women's Airism Low-Cut Socks,socks,Women,5.9,5.9,False,1,5.9,Paynow
PUN-20260601-0061,2,2026-06-01 17:00:23,  Punggol  ,SOK-M-04,Men's Ribbed Crew Socks,Socks,Men,5.9,5.9,False,1,5.9,Cash
ORC-20260601-0923,3,2026-06-01 20:22:56,  Orchard Central  ,SOK-M-02,Men's Pile Crew Socks,Socks,men,5.9,5.9,False,1,5.9,Card
ORC-20260601-0095,2,2026-06-01 14:11:07,Orchard Central,SOK-M-02,Men's Pile Crew Socks,Socks,men,5.9,5.9,False,1,5.9,PayNow
BUG-20260601-0757,1,2026-06-01 12:38:27,Bugis,SOK-W-02,Women's Pile Crew Socks,Socks,Women,$5.9,5.9,False,1,5.9,Card
ORC-20260601-0974,1,2026-06-01 19:59:49,Orchard Central,TOP-W-03,Women's Silky Satin Blouse,TOPS,Women,39.9,39.9,False,1,39.9,Card
PUN-20260601-0237,1,2026-06-01 20:50:49,  Punggol  ,BTM-M-02,Men's Slim Fit Chino Trousers,Bottoms,Men,29.9,29.9,False,1,29.9,PayNow
ORC-20260601-0899,2,2026-06-01 20:45:12,  Orchard Central  ,TOP-W-01,Women's Airism Cotton Crew Neck T-Shirt,Tops,women,14.9,14.9,False,1,14.9,PAYNOW
PUN-20260601-0279,2,2026-06-01 19:04:06,Punggol,TOP-M-01,Men's Airism Cotton Crew Neck T-Shirt,Tops,Men,14.9,14.9,False,1,14.9,Card
PUN-20260601-0331,2,2026-06-01 20:11:00,Punggol,UND-W-02,  Women's Wireless Bra  ,Underwear,Women,$29.9,29.9,False,1,29.9,NETS
ORC-20260601-0426,1,2026-06-01 18:33:31,Orchard Central,SOK-W-04,Women's Ribbed Crew Socks,Socks,Women,5.9,5.9,False,1,5.9,PayNow
ORC-20260601-0920,2,2026-06-01 20:36:49,Orchard Central,UND-W-02,Women's Wireless Bra,Underwear,Women,29.9,29.9,False,2,59.8,Card
BUG-20260601-0048,2,2026-06-01 12:48:56,Bugis,BTM-M-02,Men's Slim Fit Chino Trousers,Bottoms,Men,29.9,29.9,False,1,29.9,paynow
PUN-20260601-0376,1,2026-06-01 17:38:00,Punggol,UND-M-02,Men's Cotton Blend Trunks,Underwear,Men,14.9,14.9,False,1,14.9,NETS
PUN-20260601-0504,2,2026-06-01 13:32:28,Punggol,SOK-W-04,Women's Ribbed Crew Socks,SOCKS,Women,5.9,5.9,False,1,5.9,PayNow
ORC-20260601-0294,1,2026-06-01 17:59:31,Orchard Central,TOP-W-01,Women's Airism Cotton Crew Neck T-Shirt,Tops,Women,14.9,14.9,False,1,14.9,Card
ORC-20260601-0562,1,2026-06-01 18:46:40,Orchard Central,UND-M-02,Men's Cotton Blend Trunks,Underwear,Men,14.9,14.9,False,1,14.9,Card
ORC-20260601-0751,1,2026-06-01 21:18:11,Orchard Central,BTM-W-09,Women's Sweat Shorts,Bottoms,Women,19.9,19.9,False,1,19.9,Card
ORC-20260601-0067,1,2026-06-01 20:35:41,Orchard Central,UND-M-02,Men's Cotton Blend Trunks,Underwear,Men,14.9,14.9,False,1,14.9,Card
BUG-20260601-0451,2,2026-06-01 13:31:05,Bugis,TOP-W-04,  Women's Heattech Crew Neck Long Sleeve Tee  ,Tops,Women,14.9,14.9,False,1,14.9,Card
BUG-20260601-0116,2,2026-06-01 15:59:14,Bugis,TOP-M-03,Men's Dry-EX Crew Neck T-Shirt,Tops,Men,19.9,19.9,False,1,19.9,NETS
BUG-20260601-0068,1,2026-06-01 12:14:46,Bugis,SOK-W-04,Women's Ribbed Crew Socks,Socks,Women,5.9,5.9,False,1,5.9,PayNow
BUG-20260601-0435,2,2026-06-01 19:19:58,Bugis,SOK-W-02,Women's Pile Crew Socks,Socks,Women,5.9,5.9,False,2,11.8,NETS
ORC-20260601-0508,2,2026-06-01 12:01:17,Orchard Central,TOP-W-04,Women's Heattech Crew Neck Long Sleeve Tee,Tops,Women,14.9,14.9,False,1,14.9,Card
ORC-20260601-0153,2,2026-06-01 20:03:52,Orchard Central,SOK-W-02,Women's Pile Crew Socks,Socks,Women,5.9,5.9,False,1,5.9,PayNow
ORC-20260601-0097,2,2026-06-01 20:55:14,Orchard Central,SOK-M-02,  Men's Pile Crew Socks  ,Socks,Men,5.9,5.9,False,1,5.9,PayNow
BUG-20260601-0057,1,2026-06-01 17:33:06,BUGIS,SOK-W-03,Women's Airism Low-Cut Socks,Socks,Women,5.9,5.9,False,2,11.8,NETS
ORC-20260601-0913,2,2026-06-01 13:21:57,Orchard Central,SOK-M-02,Men's Pile Crew Socks,socks,Men,5.9,5.9,False,1,5.9,Card
ORC-20260601-0655,2,2026-06-01 12:30:14,Orchard Central,SOK-M-03,Men's Airism Low-Cut Socks,Socks,Men,5.9,5.9,False,1,5.9,Card
BUG-20260601-0389,1,2026-06-01 21:31:05,Bugis,SOK-W-04,Women's Ribbed Crew Socks,SOCKS,Women,5.9,5.9,False,1,5.9,NETS
ORC-20260601-0304,3,2026-06-01 20:52:05,Orchard Central,SOK-M-04,Men's Ribbed Crew Socks,Socks,Men,5.9,5.9,False,1,5.9,cash
ORC-20260601-0276,2,2026-06-01 16:24:49,Orchard Central,TOP-W-01,Women's Airism Cotton Crew Neck T-Shirt,Tops,Women,14.9,14.9,False,1,14.9,Card
ORC-20260601-0618,1,2026-06-01 19:23:24,  Orchard Central  ,TOP-M-01,Men's Airism Cotton Crew Neck T-Shirt,Tops,Men,14.9,14.9,False,1,14.9,Card
ORC-20260601-0950,1,2026-06-01 18:25:27,Orchard Central,UND-W-03,Women's Cotton Blend Briefs,underwear,Women,9.9,9.9,False,1,9.9,Card
ORC-20260601-0070,1,2026-06-01 18:34:06,Orchard Central,UND-M-01,  Men's Airism Boxer Briefs  ,Underwear,Men,14.9,14.9,False,1,14.9,Card
BUG-20260601-0146,2,2026-06-01 18:49:28,Bugis,TOP-M-02,Men's Supima Cotton Polo Shirt,Tops,Men,29.9,29.9,False,1,29.9,Cash
ORC-20260601-0211,3,2026-06-01 19:51:17,Orchard Central,SOK-W-09,Women's No-Show Sneaker Socks,Socks,women,5.9,5.9,False,1,5.9,Card
ORC-20260601-0392,3,2026-06-01 18:19:10,Orchard Central,SOK-W-03,Women's Airism Low-Cut Socks,Socks,Women,5.9,5.9,False,1,5.9,Card
PUN-20260601-0223,1,2026-06-01 21:12:16,Punggol,UND-M-01,  Men's Airism Boxer Briefs  ,Underwear,MEN,14.9,14.9,False,1,14.9,Card
ORC-20260601-0105,1,2026-06-01 17:13:32,orchard central,TOP-M-03,Men's Dry-EX Crew Neck T-Shirt,Tops,MEN,19.9,19.9,False,1,19.9,Cash
BUG-20260601-0803,1,2026-06-01 13:10:10,Bugis,SOK-W-03,Women's Airism Low-Cut Socks,Socks,Women,5.9,5.9,False,2,11.8,CARD
BUG-20260601-0185,3,2026-06-01 17:43:07,Bugis,UND-W-09,Women's Cotton Boyshorts,Underwear,women,9.9,9.9,False,1,9.9,NETS
PUN-20260601-0021,3,2026-06-01 20:57:33,Punggol,SOK-W-02,Women's Pile Crew Socks,Socks,Women,5.9,5.9,False,1,5.9,CARD
ORC-20260601-0018,2,2026-06-01 20:19:58,Orchard Central,UND-W-04,Women's Airism T-Shirt Bra,Underwear,Women,29.9,29.9,False,1,29.9,Card
PUN-20260601-0277,1,2026-06-01 19:13:56,Punggol,TOP-W-01,  Women's Airism Cotton Crew Neck T-Shirt  ,Tops,Women,14.9,14.9,False,1,14.9,PayNow
BUG-20260601-0209,2,2026-06-01 11:27:03,Bugis,UND-M-08,Men's Airism V-Neck Undershirt,Underwear,Men,9.9,9.9,False,1,9.9,Cash
BUG-20260601-0342,3,2026-06-01 15:17:40,Bugis,SOK-W-03,Women's Airism Low-Cut Socks,Socks,women,5.9,5.9,False,1,5.9,Card
ORC-20260601-0781,2,2026-06-01 21:36:39,  Orchard Central  ,SOK-W-04,Women's Ribbed Crew Socks,Socks,Women,5.9,5.9,False,2,11.8,PayNow
BUG-20260601-0566,3,2026-06-01 14:01:34,Bugis,TOP-W-04,Women's Heattech Crew Neck Long Sleeve Tee,Tops,Women,14.9,14.9,False,1,14.9,
ORC-20260601-1080,1,2026-06-01 20:24:04,Orchard Central,SOK-W-04,Women's Ribbed Crew Socks,Socks,Women,5.9,5.9,False,2,11.8,PayNow
PUN-20260601-0540,1,2026-06-01 17:57:33,Punggol,BTM-M-01,Men's Ezy Ankle Pants,bottoms,Men,29.9,29.9,False,1,29.9,Card
PUN-20260601-0505,2,2026-06-01 15:07:48,Punggol,BTM-W-01,Women's Ultra Stretch Skinny Jeans,Bottoms,Women,39.9,39.9,False,1,39.9,Card
ORC-20260601-0008,2,2026-06-01 11:41:46,Orchard Central,SOK-W-10,  Women's Wool Blend Socks  ,Socks,Women,9.9,9.9,False,1,9.9,PayNow
ORC-20260601-1059,2,2026-06-01 16:59:11,Orchard Central,SOK-W-04,Women's Ribbed Crew Socks,Socks,Women,5.9,5.9,False,1,5.9,Card
BUG-20260601-0098,1,2026-06-01 20:46:42,Bugis,UND-W-01,Women's Airism Bikini Shorts,Underwear,women,9.9,9.9,False,1,9.9,Paynow
ORC-20260601-0450,2,2026-06-01 21:04:51,Orchard Central,UND-W-02,Women's Wireless Bra,Underwear,Women,29.9,29.9,False,1,29.9,cash
ORC-20260601-0509,2,2026-06-01 15:06:38,Orchard Central,SOK-M-03,Men's Airism Low-Cut Socks,Socks,Men,5.9,5.9,False,1,5.9,CASH
ORC-20260601-0932,2,2026-06-01 21:44:32,Orchard Central,SOK-W-06,Women's Heattech Socks,Socks,Women,9.9,9.9,False,1,9.9,NETS
BUG-20260601-0062,2,2026-06-01 12:24:45,Bugis,TOP-M-02,Men's Supima Cotton Polo Shirt,Tops,MEN,29.9,29.9,False,1,$29.9,Card
PUN-20260601-0207,3,2026-06-01 18:19:22,Punggol,SOK-M-03,Men's Airism Low-Cut Socks,Socks,Men,5.9,5.9,False,1,5.9,
BUG-20260601-0511,1,2026-06-01 18:40:39,  Bugis  ,SOK-W-01,Women's Ankle Socks 3-Pack,Socks,Women,14.9,14.9,False,1,14.9,NETS
ORC-20260601-0424,1,2026-06-01 20:46:46,  Orchard Central  ,SOK-M-03,Men's Airism Low-Cut Socks,Socks,Men,5.9,5.9,False,2,11.8,Cash
BUG-20260601-0311,1,2026-06-01 19:48:59,Bugis,UND-W-01,Women's Airism Bikini Shorts,Underwear,Women,9.9,9.9,False,1,9.9,PAYNOW
BUG-20260601-0626,1,2026-06-01 19:28:00,Bugis,UND-W-03,Women's Cotton Blend Briefs,Underwear,Women,9.9,9.9,False,1,9.9,NETS
ORC-20260601-0915,3,2026-06-01 20:39:03,Orchard Central,SOK-W-10,Women's Wool Blend Socks,Socks,Women,9.9,9.9,False,1,9.9,nets
ORC-20260601-0963,1,2026-06-01 18:42:23,Orchard Central,UND-M-06,Men's Airism Sleeveless Undershirt,Underwear,Men,9.9,9.9,False,1,9.9,PAYNOW
PUN-20260601-0331,3,2026-06-01 20:11:00,Punggol,SOK-W-01,Women's Ankle Socks 3-Pack,Socks,Women,14.9,14.9,False,1,$14.9,nets
ORC-20260601-0743,1,2026-06-01 21:34:41,Orchard Central,SOK-M-01,Men's Ankle Socks 3-Pack,Socks,Men,14.9,14.9,False,1,14.9,Card
ORC-20260601-0983,1,2026-06-01 14:17:17,Orchard Central,UND-M-03,Men's Airism Mesh Boxer Briefs,Underwear,Men,14.9,14.9,False,1,14.9,Card
ORC-20260601-0599,3,2026-06-01 15:29:43,Orchard Central,TOP-W-04,Women's Heattech Crew Neck Long Sleeve Tee,tops,Women,14.9,14.9,False,1,14.9,NETS
ORC-20260601-0180,1,2026-06-01 13:22:45,Orchard Central,TOP-M-04,Men's Oxford Long Sleeve Shirt,Tops,Men,29.9,29.9,False,1,29.9,Card
BUG-20260601-0606,3,2026-06-01 19:16:47,Bugis,UND-M-03,  Men's Airism Mesh Boxer Briefs  ,Underwear,Men,$14.9,14.9,False,1,14.9,CASH
BUG-20260601-0629,1,2026-06-01 18:53:45,Bugis,UND-M-07,Men's Stretch Cotton Boxers,Underwear,Men,14.9,14.9,False,1,14.9,
ORC-20260601-0695,1,2026-06-01 13:36:01,Orchard Central,UND-M-01,Men's Airism Boxer Briefs,Underwear,men,14.9,14.9,False,1,14.9,Paynow
BUG-20260601-0206,3,2026-06-01 20:20:17,  Bugis  ,SOK-W-01,Women's Ankle Socks 3-Pack,Socks,Women,14.9,14.9,False,1,14.9,Card
BUG-20260601-0792,2,2026-06-01 16:18:30,Bugis,SOK-M-02,Men's Pile Crew Socks,Socks,Men,5.9,5.9,False,1,5.9,Card
ORC-20260601-0913,3,2026-06-01 13:21:57,Orchard Central,UND-M-03,Men's Airism Mesh Boxer Briefs,Underwear,MEN,14.9,14.9,False,1,14.9,Card
BUG-20260601-0698,3,2026-06-01 19:17:22,Bugis,UND-W-03,Women's Cotton Blend Briefs,Underwear,Women,9.9,9.9,False,1,9.9,Card
BUG-20260601-0142,3,2026-06-01 12:05:43,Bugis,SOK-M-03,Men's Airism Low-Cut Socks,Socks,Men,5.9,5.9,False,2,11.8,Card
ORC-20260601-0010,3,2026-06-01 21:31:23,orchard central,SOK-W-06,Women's Heattech Socks,Socks,Women,9.9,9.9,False,2,19.8,Cash
PUN-20260601-0146,1,2026-06-01 20:34:40,punggol,UND-W-01,Women's Airism Bikini Shorts,Underwear,Women,9.9,9.9,False,1,9.9,Card
ORC-20260601-0668,3,2026-06-01 18:27:14,Orchard Central,TOP-M-01,Men's Airism Cotton Crew Neck T-Shirt,Tops,Men,14.9,14.9,False,1,14.9,PayNow
ORC-20260601-0761,2,2026-06-01 18:30:25,Orchard Central,SOK-W-03,Women's Airism Low-Cut Socks,Socks,Women,5.9,5.9,False,1,5.9,
BUG-20260601-0557,3,2026-06-01 17:15:01,Bugis,SOK-W-04,Women's Ribbed Crew Socks,Socks,Women,5.9,5.9,False,1,5.9,Card
PUN-20260601-0380,1,2026-06-01 21:23:13,Punggol,SOK-M-02,Men's Pile Crew Socks,Socks,Men,5.9,5.9,False,1,5.9,PayNow
BUG-20260601-0566,2,2026-06-01 14:01:34,Bugis,BTM-W-01,Women's Ultra Stretch Skinny Jeans,Bottoms,Women,39.9,39.9,False,1,39.9,PAYNOW
ORC-20260601-0584,1,2026-06-01 17:53:09,  Orchard Central  ,TOP-M-01,Men's Airism Cotton Crew Neck T-Shirt,Tops,Men,14.9,14.9,False,1,14.9,Card
ORC-20260601-0201,1,2026-06-01 16:11:18,  Orchard Central  ,BTM-M-04,Men's Dry Stretch Shorts,Bottoms,Men,19.9,19.9,False,1,19.9,Card
BUG-20260601-0048,1,2026-06-01 12:48:56,  Bugis  ,TOP-W-02,Women's Ribbed Long Sleeve Turtleneck,Tops,Women,19.9,19.9,False,1,19.9,PayNow
ORC-20260601-0783,1,2026-06-01 18:00:58,Orchard Central,SOK-W-03,Women's Airism Low-Cut Socks,Socks,Women,5.9,5.9,False,2,11.8,PayNow
ORC-20260601-0885,1,2026-06-01 19:46:08,Orchard Central,SOK-M-04,Men's Ribbed Crew Socks,socks,men,5.9,5.9,False,1,5.9,Nets
ORC-20260601-1022,1,2026-06-01 21:30:58,Orchard Central,SOK-M-03,Men's Airism Low-Cut Socks,Socks,Men,5.9,5.9,False,1,5.9,Card
BUG-20260601-0268,2,2026-06-01 17:43:03,bugis,SOK-M-02,Men's Pile Crew Socks,Socks,Men,5.9,5.9,False,2,11.8,NETS
ORC-20260601-0694,2,2026-06-01 15:52:05,Orchard Central,UND-M-02,Men's Cotton Blend Trunks,UNDERWEAR,Men,14.9,14.9,False,1,14.9,PayNow
ORC-20260601-1100,1,2026-06-01 20:01:25,Orchard Central,TOP-W-01,Women's Airism Cotton Crew Neck T-Shirt,Tops,Women,14.9,14.9,False,1,14.9,Card
PUN-20260601-0397,1,2026-06-01 20:15:18,Punggol,TOP-M-01,Men's Airism Cotton Crew Neck T-Shirt,Tops,Men,14.9,14.9,False,1,14.9,Card
BUG-20260601-0195,2,2026-06-01 21:04:39,Bugis,SOK-W-03,Women's Airism Low-Cut Socks,Socks,Women,5.9,5.9,False,1,5.9,CASH
BUG-20260601-0189,3,2026-06-01 18:11:49,Bugis,SOK-W-03,Women's Airism Low-Cut Socks,Socks,Women,5.9,5.9,False,2,11.8,Card
BUG-20260601-0352,2,2026-06-01 18:35:50,Bugis,TOP-M-03,Men's Dry-EX Crew Neck T-Shirt,TOPS,Men,19.9,19.9,False,1,19.9,
PUN-20260601-0493,1,2026-06-01 21:56:20,Punggol,SOK-W-06,Women's Heattech Socks,Socks,Women,9.9,9.9,False,1,9.9,Cash
BUG-20260601-0551,1,2026-06-01 20:07:38,Bugis,SOK-W-03,Women's Airism Low-Cut Socks,Socks,Women,5.9,5.9,False,1,5.9,paynow
ORC-20260601-0232,2,2026-06-01 22:30:22,  Orchard Central  ,SOK-W-04,Women's Ribbed Crew Socks,SOCKS,Women,5.9,5.9,False,2,11.8,Cash
BUG-20260601-0116,1,2026-06-01 15:59:14,Bugis,SOK-M-10,Men's Wool Blend Socks,Socks,Men,9.9,9.9,False,1,9.9,NETS
BUG-20260601-0808,2,2026-06-01 11:49:18,Bugis,UND-W-03,Women's Cotton Blend Briefs,Underwear,Women,9.9,9.9,False,1,9.9,Cash
BUG-20260601-0682,1,2026-06-01 13:12:57,bugis,UND-W-01,Women's Airism Bikini Shorts,Underwear,Women,9.9,9.9,False,2,19.8,Card
BUG-20260601-0115,3,2026-06-01 17:33:37,  Bugis  ,UND-W-04,Women's Airism T-Shirt Bra,Underwear,WOMEN,29.9,29.9,False,1,29.9,Card
ORC-20260601-0535,1,2026-06-01 21:16:04,ORCHARD CENTRAL,SOK-W-02,Women's Pile Crew Socks,Socks,WOMEN,5.9,5.9,False,1,5.9,Cash
PUN-20260601-0525,2,2026-06-01 11:59:21,punggol,TOP-W-01,Women's Airism Cotton Crew Neck T-Shirt,Tops,Women,14.9,14.9,False,1,14.9,PayNow
ORC-20260601-0836,1,2026-06-01 19:45:42,Orchard Central,UND-M-04,Men's Cotton Crew Neck Undershirt,Underwear,Men,14.9,14.9,False,1,14.9,Card
ORC-20260601-0263,1,2026-06-01 20:35:02,Orchard Central,UND-M-01,  Men's Airism Boxer Briefs  ,Underwear,Men,14.9,14.9,False,2,29.8,paynow
PUN-20260601-0501,1,2026-06-01 11:03:15,Punggol,UND-M-02,Men's Cotton Blend Trunks,Underwear,Men,14.9,14.9,False,1,14.9,CARD
ORC-20260601-0985,3,2026-06-01 19:56:30,Orchard Central,UND-W-03,Women's Cotton Blend Briefs,UNDERWEAR,Women,9.9,9.9,False,1,9.9,Cash
ORC-20260601-0129,2,2026-06-01 19:51:56,  Orchard Central  ,UND-W-01,Women's Airism Bikini Shorts,underwear,Women,9.9,9.9,False,1,9.9,NETS
BUG-20260601-0550,1,2026-06-01 19:18:38,Bugis,BTM-M-04,Men's Dry Stretch Shorts,Bottoms,Men,$19.9,19.9,False,1,19.9,Card
BUG-20260601-0095,2,2026-06-01 17:07:10,Bugis,SOK-W-03,Women's Airism Low-Cut Socks,Socks,Women,5.9,5.9,False,1,5.9,Card
PUN-20260601-0511,1,2026-06-01 14:22:43,Punggol,BTM-M-04,Men's Dry Stretch Shorts,bottoms,Men,19.9,19.9,False,1,19.9,PayNow
ORC-20260601-0742,1,2026-06-01 11:27:50,orchard central,TOP-W-04,Women's Heattech Crew Neck Long Sleeve Tee,Tops,Women,14.9,14.9,False,1,14.9,Cash
BUG-20260601-0423,2,2026-06-01 12:25:24,Bugis,UND-W-01,Women's Airism Bikini Shorts,Underwear,Women,9.9,9.9,False,1,9.9,Card
ORC-20260601-0515,1,2026-06-01 19:50:19,Orchard Central,BTM-M-02,Men's Slim Fit Chino Trousers,Bottoms,men,29.9,29.9,False,1,29.9,NETS
ORC-20260601-1011,1,2026-06-01 17:38:54,  Orchard Central  ,SOK-W-01,Women's Ankle Socks 3-Pack,Socks,Women,14.9,14.9,False,1,14.9,Cash
ORC-20260601-0415,1,2026-06-01 20:36:38,Orchard Central,SOK-M-03,Men's Airism Low-Cut Socks,Socks,Men,5.9,5.9,False,1,5.9,Cash
PUN-20260601-0092,1,2026-06-01 19:23:09,Punggol,BTM-M-01,Men's Ezy Ankle Pants,Bottoms,Men,29.9,29.9,False,1,29.9,Card
BUG-20260601-0412,1,2026-06-01 22:38:16,Bugis,SOK-W-02,Women's Pile Crew Socks,Socks,Women,5.9,5.9,False,1,5.9,PayNow
PUN-20260601-0281,1,2026-06-01 17:50:47,Punggol,UND-M-04,Men's Cotton Crew Neck Undershirt,Underwear,MEN,14.9,14.9,False,1,14.9,Card
BUG-20260601-0719,1,2026-06-01 21:08:49,Bugis,SOK-W-02,Women's Pile Crew Socks,Socks,Women,5.9,5.9,False,1,5.9,Card
BUG-20260601-0608,2,2026-06-01 15:00:46,Bugis,SOK-W-04,Women's Ribbed Crew Socks,Socks,Women,5.9,5.9,False,1,5.9,NETS
BUG-20260601-0057,2,2026-06-01 17:33:06,Bugis,SOK-W-04,Women's Ribbed Crew Socks,Socks,women,5.9,5.9,False,1,5.9,nets
ORC-20260601-0995,3,2026-06-01 11:03:18,Orchard Central,UND-M-01,Men's Airism Boxer Briefs,Underwear,Men,14.9,14.9,False,1,14.9,Cash
BUG-20260601-0517,1,2026-06-01 12:19:29,Bugis,SOK-M-02,Men's Pile Crew Socks,Socks,Men,5.9,5.9,False,1,5.9,PayNow
ORC-20260601-1096,1,2026-06-01 20:34:41,Orchard Central,UND-W-01,Women's Airism Bikini Shorts,Underwear,Women,9.9,9.9,False,1,9.9,nets
ORC-20260601-0019,3,2026-06-01 21:44:17,Orchard Central,TOP-M-01,  Men's Airism Cotton Crew Neck T-Shirt  ,Tops,Men,14.9,14.9,False,1,14.9,Card
BUG-20260601-0632,1,2026-06-01 15:07:49,Bugis,UND-M-04,Men's Cotton Crew Neck Undershirt,Underwear,Men,$14.9,14.9,False,1,14.9,Card
ORC-20260601-0654,2,2026-06-01 19:09:33,Orchard Central,UND-M-06,Men's Airism Sleeveless Undershirt,Underwear,Men,9.9,9.9,False,1,$9.9,Card
ORC-20260601-0074,1,2026-06-01 11:54:45,Orchard Central,TOP-M-02,Men's Supima Cotton Polo Shirt,Tops,men,29.9,29.9,False,1,29.9,NETS
ORC-20260601-0881,1,2026-06-01 20:37:06,Orchard Central,SOK-W-03,Women's Airism Low-Cut Socks,Socks,Women,5.9,5.9,False,1,5.9,cash
ORC-20260601-0477,3,2026-06-01 22:32:31,Orchard Central,UND-M-02,Men's Cotton Blend Trunks,Underwear,Men,14.9,14.9,False,1,14.9,Cash
BUG-20260601-0142,1,2026-06-01 12:05:43,bugis,BTM-M-01,Men's Ezy Ankle Pants,Bottoms,Men,29.9,29.9,False,1,29.9,Card
ORC-20260601-0483,1,2026-06-01 18:49:18,Orchard Central,TOP-W-01,Women's Airism Cotton Crew Neck T-Shirt,Tops,Women,14.9,14.9,False,1,14.9,Card
BUG-20260601-0104,3,2026-06-01 20:11:16,Bugis,BTM-M-01,Men's Ezy Ankle Pants,Bottoms,Men,29.9,29.9,False,1,29.9,Cash
ORC-20260601-1050,3,2026-06-01 21:26:38,orchard central,TOP-W-02,Women's Ribbed Long Sleeve Turtleneck,Tops,Women,$19.9,19.9,False,1,19.9,Card
PUN-20260601-0456,1,2026-06-01 18:53:39,Punggol,UND-M-04,  Men's Cotton Crew Neck Undershirt  ,UNDERWEAR,Men,14.9,14.9,False,2,29.8,NETS
BUG-20260601-0142,2,2026-06-01 12:05:43,Bugis,SOK-W-03,  Women's Airism Low-Cut Socks  ,Socks,Women,5.9,5.9,False,1,5.9,Card
ORC-20260601-0378,1,2026-06-01 19:51:12,Orchard Central,SOK-M-04,Men's Ribbed Crew Socks,Socks,MEN,5.9,5.9,False,1,5.9,Cash
ORC-20260601-0363,3,2026-06-01 16:05:44,Orchard Central,SOK-M-01,Men's Ankle Socks 3-Pack,Socks,Men,14.9,14.9,False,1,14.9,Card
ORC-20260601-0418,1,2026-06-01 20:37:16,  Orchard Central  ,UND-W-04,Women's Airism T-Shirt Bra,Underwear,Women,29.9,29.9,False,1,29.9,Card
ORC-20260601-0174,1,2026-06-01 12:53:10,ORCHARD CENTRAL,SOK-M-04,Men's Ribbed Crew Socks,Socks,MEN,5.9,5.9,False,1,5.9,
ORC-20260601-0693,2,2026-06-01 11:16:06,Orchard Central,TOP-W-04,Women's Heattech Crew Neck Long Sleeve Tee,tops,Women,14.9,14.9,False,1,14.9,Card
ORC-20260601-0246,2,2026-06-01 21:43:06,orchard central,SOK-W-02,  Women's Pile Crew Socks  ,Socks,WOMEN,5.9,5.9,False,1,5.9,Cash
PUN-20260601-0010,1,2026-06-01 20:35:11,Punggol,SOK-W-02,Women's Pile Crew Socks,Socks,Women,5.9,5.9,False,1,5.9,Cash
PUN-20260601-0312,1,2026-06-01 12:01:50,Punggol,SOK-W-03,Women's Airism Low-Cut Socks,Socks,Women,5.9,5.9,False,1,$5.9,PayNow
ORC-20260601-0033,3,2026-06-01 20:23:46,Orchard Central,UND-M-03,Men's Airism Mesh Boxer Briefs,UNDERWEAR,Men,14.9,14.9,False,1,14.9,CARD
BUG-20260601-0753,1,2026-06-01 21:17:31,BUGIS,SOK-M-02,Men's Pile Crew Socks,Socks,Men,5.9,5.9,False,1,5.9,Card
BUG-20260601-0069,1,2026-06-01 21:40:13,Bugis,SOK-M-02,Men's Pile Crew Socks,Socks,Men,5.9,5.9,False,2,11.8,
PUN-20260601-0484,1,2026-06-01 18:39:43,Punggol,SOK-W-03,Women's Airism Low-Cut Socks,SOCKS,Women,5.9,5.9,False,1,5.9,Card
ORC-20260601-0531,2,2026-06-01 17:03:09,Orchard Central,SOK-W-06,Women's Heattech Socks,Socks,Women,9.9,9.9,False,1,9.9,Card
BUG-20260601-0676,2,2026-06-01 17:41:46,Bugis,TOP-M-04,Men's Oxford Long Sleeve Shirt,tops,Men,29.9,29.9,False,1,29.9,Cash
PUN-20260601-0329,1,2026-06-01 21:16:24,PUNGGOL,SOK-M-03,Men's Airism Low-Cut Socks,Socks,men,5.9,5.9,False,1,$5.9,PayNow
ORC-20260601-0694,3,2026-06-01 15:52:05,Orchard Central,BTM-M-01,Men's Ezy Ankle Pants,Bottoms,Men,29.9,29.9,False,1,29.9,PayNow
ORC-20260601-0231,3,2026-06-01 12:42:32,Orchard Central,SOK-W-02,Women's Pile Crew Socks,Socks,Women,5.9,5.9,False,1,5.9,Card
BUG-20260601-0296,1,2026-06-01 13:52:26,Bugis,TOP-W-01,Women's Airism Cotton Crew Neck T-Shirt,Tops,Women,14.9,14.9,False,1,14.9,Card
PUN-20260601-0490,2,2026-06-01 18:32:12,Punggol,BTM-W-02,Women's High-Rise Wide Leg Pants,Bottoms,Women,39.9,39.9,False,1,39.9,PayNow
ORC-20260601-0246,1,2026-06-01 21:43:06,Orchard Central,SOK-W-03,  Women's Airism Low-Cut Socks  ,Socks,Women,5.9,5.9,False,1,5.9,Cash
ORC-20260601-1010,1,2026-06-01 19:52:18,Orchard Central,TOP-M-01,Men's Airism Cotton Crew Neck T-Shirt,Tops,Men,14.9,14.9,False,1,14.9,Cash
BUG-20260601-0174,1,2026-06-01 16:58:10,Bugis,SOK-M-04,Men's Ribbed Crew Socks,Socks,Men,5.9,5.9,False,1,5.9,PayNow
ORC-20260601-0185,1,2026-06-01 18:51:24,Orchard Central,SOK-M-03,Men's Airism Low-Cut Socks,socks,Men,5.9,5.9,False,1,5.9,Card
ORC-20260601-0207,1,2026-06-01 14:43:39,ORCHARD CENTRAL,SOK-M-01,Men's Ankle Socks 3-Pack,Socks,Men,14.9,14.9,False,1,14.9,NETS
PUN-20260601-0058,1,2026-06-01 20:06:11,Punggol,BTM-W-04,Women's Denim Straight Jeans,Bottoms,WOMEN,49.9,49.9,False,1,49.9,PayNow
ORC-20260601-0726,1,2026-06-01 15:27:35,Orchard Central,UND-M-04,  Men's Cotton Crew Neck Undershirt  ,underwear,Men,14.9,14.9,False,1,$14.9,Cash
PUN-20260601-0046,1,2026-06-01 21:41:50,Punggol,SOK-M-02,  Men's Pile Crew Socks  ,Socks,Men,5.9,5.9,False,1,5.9,Card
ORC-20260601-0064,2,2026-06-01 18:44:33,Orchard Central,SOK-M-04,Men's Ribbed Crew Socks,Socks,Men,5.9,5.9,False,1,5.9,Card
ORC-20260601-0352,1,2026-06-01 22:35:01,Orchard Central,TOP-W-01,Women's Airism Cotton Crew Neck T-Shirt,Tops,Women,14.9,14.9,False,1,14.9,CARD
BUG-20260601-0635,3,2026-06-01 17:08:25,Bugis,BTM-W-02,Women's High-Rise Wide Leg Pants,Bottoms,Women,39.9,39.9,False,1,39.9,PayNow
ORC-20260601-0389,2,2026-06-01 15:45:58,Orchard Central,SOK-W-02,Women's Pile Crew Socks,Socks,Women,5.9,5.9,False,1,5.9,NETS
ORC-20260601-0952,2,2026-06-01 18:20:48,Orchard Central,UND-W-03,Women's Cotton Blend Briefs,Underwear,Women,9.9,9.9,False,1,9.9,NETS
BUG-20260601-0754,1,2026-06-01 19:19:36,Bugis,TOP-W-01,Women's Airism Cotton Crew Neck T-Shirt,Tops,WOMEN,14.9,14.9,False,1,14.9,Card
ORC-20260601-0586,1,2026-06-01 20:07:30,ORCHARD CENTRAL,UND-W-01,Women's Airism Bikini Shorts,Underwear,Women,9.9,9.9,False,1,9.9,PayNow
PUN-20260601-0374,1,2026-06-01 20:51:55,Punggol,TOP-M-01,Men's Airism Cotton Crew Neck T-Shirt,Tops,Men,14.9,14.9,False,1,14.9,NETS
BUG-20260601-0125,1,2026-06-01 21:49:49,Bugis,SOK-W-03,Women's Airism Low-Cut Socks,Socks,Women,5.9,5.9,False,1,5.9,Paynow
ORC-20260601-0359,1,2026-06-01 18:33:25,Orchard Central,SOK-M-03,Men's Airism Low-Cut Socks,Socks,MEN,5.9,5.9,False,1,5.9,Card
ORC-20260601-0548,2,2026-06-01 19:39:13,Orchard Central,SOK-W-04,Women's Ribbed Crew Socks,Socks,Women,5.9,5.9,False,1,5.9,Card
BUG-20260601-0659,1,2026-06-01 18:17:47,Bugis,TOP-M-04,Men's Oxford Long Sleeve Shirt,Tops,Men,29.9,29.9,False,1,29.9,paynow
ORC-20260601-0319,1,2026-06-01 18:11:01,Orchard Central,SOK-W-02,Women's Pile Crew Socks,Socks,Women,5.9,5.9,False,1,5.9,
BUG-20260601-0367,1,2026-06-01 18:11:55,Bugis,SOK-M-03,Men's Airism Low-Cut Socks,Socks,Men,5.9,5.9,False,2,11.8,cash
BUG-20260601-0300,1,2026-06-01 12:57:03,Bugis,SOK-M-03,Men's Airism Low-Cut Socks,Socks,Men,5.9,5.9,False,1,5.9,PayNow
ORC-20260601-1018,2,2026-06-01 21:06:55,Orchard Central,UND-W-03,Women's Cotton Blend Briefs,UNDERWEAR,Women,9.9,9.9,False,1,9.9,Paynow
BUG-20260601-0401,1,2026-06-01 19:38:56,Bugis,UND-W-02,Women's Wireless Bra,Underwear,Women,29.9,29.9,False,1,29.9,Card
PUN-20260601-0394,2,2026-06-01 20:52:22,Punggol,SOK-M-04,Men's Ribbed Crew Socks,Socks,Men,5.9,5.9,False,1,5.9,Cash
BUG-20260601-0629,2,2026-06-01 18:53:45,Bugis,TOP-W-02,Women's Ribbed Long Sleeve Turtleneck,tops,Women,19.9,19.9,False,1,19.9,PayNow
BUG-20260601-0235,3,2026-06-01 22:13:17,Bugis,SOK-M-02,Men's Pile Crew Socks,Socks,Men,$5.9,5.9,False,2,11.8,PayNow
ORC-20260601-0009,1,2026-06-01 13:38:55,Orchard Central,SOK-M-03,Men's Airism Low-Cut Socks,Socks,Men,5.9,5.9,False,1,5.9,Cash
PUN-20260601-0387,1,2026-06-01 20:58:17,PUNGGOL,SOK-W-04,  Women's Ribbed Crew Socks  ,Socks,Women,5.9,5.9,False,1,$5.9,PayNow
BUG-20260601-0770,2,2026-06-01 20:13:51,Bugis,SOK-W-02,Women's Pile Crew Socks,Socks,Women,5.9,5.9,False,1,5.9,CASH
ORC-20260601-0958,1,2026-06-01 13:41:31,Orchard Central,UND-M-02,Men's Cotton Blend Trunks,Underwear,Men,14.9,14.9,False,1,14.9,Card
BUG-20260601-0159,2,2026-06-01 15:06:35,bugis,SOK-M-03,Men's Airism Low-Cut Socks,Socks,Men,5.9,5.9,False,1,5.9,PayNow
ORC-20260601-0068,1,2026-06-01 17:58:39,ORCHARD CENTRAL,BTM-M-01,Men's Ezy Ankle Pants,Bottoms,Men,29.9,29.9,False,1,29.9,Cash
ORC-20260601-1023,1,2026-06-01 14:29:45,Orchard Central,SOK-M-03,Men's Airism Low-Cut Socks,Socks,Men,5.9,5.9,False,1,5.9,Card
PUN-20260601-0225,3,2026-06-01 12:29:37,Punggol,TOP-W-04,Women's Heattech Crew Neck Long Sleeve Tee,Tops,Women,14.9,14.9,False,1,14.9,PAYNOW
ORC-20260601-0311,1,2026-06-01 14:29:38,Orchard Central,BTM-M-04,Men's Dry Stretch Shorts,Bottoms,Men,19.9,19.9,False,1,19.9,NETS
ORC-20260601-0455,1,2026-06-01 12:21:43,Orchard Central,UND-W-01,Women's Airism Bikini Shorts,Underwear,Women,9.9,9.9,False,1,9.9,Card
BUG-20260601-0241,1,2026-06-01 12:36:12,Bugis,SOK-W-03,Women's Airism Low-Cut Socks,Socks,Women,5.9,5.9,False,1,5.9,Card
BUG-20260601-0733,1,2026-06-01 20:15:19,bugis,SOK-M-03,Men's Airism Low-Cut Socks,Socks,Men,5.9,5.9,False,1,5.9,PayNow
PUN-20260601-0412,1,2026-06-01 18:07:01,Punggol,UND-M-04,Men's Cotton Crew Neck Undershirt,Underwear,Men,14.9,14.9,False,1,14.9,NETS
BUG-20260601-0510,3,2026-06-01 20:06:35,Bugis,TOP-W-04,Women's Heattech Crew Neck Long Sleeve Tee,Tops,Women,14.9,14.9,False,1,14.9,card
ORC-20260601-0502,1,2026-06-01 15:47:42,Orchard Central,SOK-M-02,Men's Pile Crew Socks,Socks,Men,5.9,5.9,False,1,5.9,paynow
BUG-20260601-0008,3,2026-06-01 16:59:11,Bugis,BTM-W-01,Women's Ultra Stretch Skinny Jeans,Bottoms,Women,39.9,39.9,False,1,39.9,paynow
BUG-20260601-0732,2,2026-06-01 19:40:46,Bugis,UND-W-09,Women's Cotton Boyshorts,Underwear,women,9.9,9.9,False,1,9.9,Cash
ORC-20260601-0064,1,2026-06-01 18:44:33,Orchard Central,UND-M-04,Men's Cotton Crew Neck Undershirt,Underwear,Men,14.9,14.9,False,1,14.9,Card
PUN-20260601-0485,1,2026-06-01 15:30:56,Punggol,TOP-M-06,Men's Fleece Full-Zip Hoodie,Tops,Men,39.9,39.9,False,1,39.9,
ORC-20260601-0099,2,2026-06-01 21:46:44,Orchard Central,BTM-M-04,Men's Dry Stretch Shorts,Bottoms,Men,19.9,19.9,False,1,19.9,paynow
BUG-20260601-0235,1,2026-06-01 22:13:17,Bugis,UND-M-04,Men's Cotton Crew Neck Undershirt,Underwear,Men,14.9,14.9,False,1,14.9,PayNow
BUG-20260601-0256,1,2026-06-01 20:46:04,Bugis,SOK-M-03,Men's Airism Low-Cut Socks,Socks,Men,5.9,5.9,False,1,5.9,Card
BUG-20260601-0149,2,2026-06-01 21:29:15,Bugis,SOK-W-04,Women's Ribbed Crew Socks,Socks,Women,5.9,5.9,False,1,5.9,Card
BUG-20260601-0587,2,2026-06-01 16:04:57,BUGIS,UND-W-03,Women's Cotton Blend Briefs,underwear,women,9.9,9.9,False,1,9.9,PayNow
ORC-20260601-0074,2,2026-06-01 11:54:45,Orchard Central,SOK-M-01,Men's Ankle Socks 3-Pack,SOCKS,Men,14.9,14.9,False,1,14.9,Nets
BUG-20260601-0322,2,2026-06-01 16:58:20,BUGIS,UND-M-04,  Men's Cotton Crew Neck Undershirt  ,UNDERWEAR,Men,14.9,14.9,False,1,14.9,Card
BUG-20260601-0213,2,2026-06-01 14:31:31,  BUGIS  ,UND-M-03,Men's Airism Mesh Boxer Briefs,Underwear,Men,14.9,14.9,False,1,14.9,NETS
PUN-20260601-0442,1,2026-06-01 19:06:11,Punggol,TOP-W-02,Women's Ribbed Long Sleeve Turtleneck,Tops,Women,19.9,19.9,False,1,19.9,Card
PUN-20260601-0546,2,2026-06-01 20:31:04,Punggol,TOP-W-04,Women's Heattech Crew Neck Long Sleeve Tee,Tops,Women,14.9,14.9,False,1,14.9,PayNow
BUG-20260601-0670,1,2026-06-01 20:39:33,Bugis,SOK-M-04,Men's Ribbed Crew Socks,Socks,Men,5.9,5.9,False,2,11.8,Cash
ORC-20260601-0223,3,2026-06-01 13:04:21,Orchard Central,TOP-W-04,Women's Heattech Crew Neck Long Sleeve Tee,Tops,Women,14.9,14.9,False,1,14.9,
ORC-20260601-0386,3,2026-06-01 22:38:09,Orchard Central,TOP-M-04,Men's Oxford Long Sleeve Shirt,Tops,Men,29.9,29.9,False,1,29.9,Card
ORC-20260601-0447,2,2026-06-01 20:26:32,Orchard Central,TOP-W-02,Women's Ribbed Long Sleeve Turtleneck,Tops,Women,19.9,19.9,False,1,19.9,PayNow
ORC-20260601-0382,2,2026-06-01 17:21:14,Orchard Central,UND-W-03,Women's Cotton Blend Briefs,Underwear,WOMEN,9.9,9.9,False,1,9.9,PayNow
PUN-20260601-0174,2,2026-06-01 14:54:07,Punggol,UND-M-02,  Men's Cotton Blend Trunks  ,Underwear,Men,14.9,14.9,False,1,14.9,Card
ORC-20260601-0622,1,2026-06-01 20:19:08,Orchard Central,SOK-M-02,Men's Pile Crew Socks,Socks,Men,5.9,5.9,False,1,5.9,PayNow
BUG-20260601-0211,1,2026-06-01 18:37:30,Bugis,BTM-M-03,Men's Selvedge Regular Fit Jeans,Bottoms,Men,59.9,59.9,False,1,59.9,Card
ORC-20260601-1046,2,2026-06-01 18:02:41,ORCHARD CENTRAL,UND-M-01,  Men's Airism Boxer Briefs  ,UNDERWEAR,Men,14.9,14.9,False,1,14.9,Card
ORC-20260601-0398,1,2026-06-01 20:09:38,Orchard Central,SOK-W-04,Women's Ribbed Crew Socks,Socks,Women,5.9,5.9,False,1,5.9,Card
BUG-20260601-0201,1,2026-06-01 21:32:18,Bugis,TOP-M-08,  Men's Linen Blend Short Sleeve Shirt  ,Tops,Men,29.9,29.9,False,1,29.9,PayNow
ORC-20260601-0962,2,2026-06-01 19:11:35,orchard central,SOK-W-03,  Women's Airism Low-Cut Socks  ,Socks,Women,5.9,5.9,False,1,5.9,Card
ORC-20260601-0242,2,2026-06-01 19:00:34,Orchard Central,UND-W-08,Women's Airism Camisole,UNDERWEAR,Women,14.9,14.9,False,1,14.9,PayNow
ORC-20260601-0680,1,2026-06-01 20:15:32,Orchard Central,SOK-W-02,Women's Pile Crew Socks,Socks,WOMEN,5.9,5.9,False,1,5.9,Card
ORC-20260601-0566,1,2026-06-01 19:00:05,orchard central,UND-W-03,Women's Cotton Blend Briefs,Underwear,Women,9.9,9.9,False,1,9.9,Cash
ORC-20260601-0283,1,2026-06-01 19:56:01,Orchard Central,SOK-W-03,Women's Airism Low-Cut Socks,SOCKS,Women,5.9,5.9,False,1,5.9,Card
ORC-20260601-0489,1,2026-06-01 17:13:26,Orchard Central,BTM-W-01,Women's Ultra Stretch Skinny Jeans,Bottoms,Women,39.9,39.9,False,1,39.9,PayNow
ORC-20260601-0113,1,2026-06-01 22:25:10,Orchard Central,TOP-W-03,Women's Silky Satin Blouse,Tops,Women,39.9,39.9,False,1,39.9,Card
PUN-20260601-0406,2,2026-06-01 12:50:02,Punggol,BTM-W-04,Women's Denim Straight Jeans,Bottoms,Women,49.9,49.9,False,1,49.9,Card
ORC-20260601-0963,3,2026-06-01 18:42:23,orchard central,SOK-M-08,Men's Cotton Blend Dress Socks,Socks,Men,$9.9,9.9,False,1,9.9,paynow
ORC-20260601-0576,1,2026-06-01 20:10:13,Orchard Central,SOK-W-02,Women's Pile Crew Socks,Socks,WOMEN,5.9,5.9,False,1,5.9,Card
ORC-20260601-0007,1,2026-06-01 21:35:17,Orchard Central,TOP-W-01,  Women's Airism Cotton Crew Neck T-Shirt  ,Tops,Women,14.9,14.9,False,1,14.9,Card
ORC-20260601-1097,2,2026-06-01 19:38:31,Orchard Central,SOK-W-02,Women's Pile Crew Socks,Socks,Women,5.9,5.9,False,1,5.9,CARD
BUG-20260601-0422,1,2026-06-01 20:47:08,Bugis,SOK-M-02,Men's Pile Crew Socks,SOCKS,Men,5.9,5.9,False,1,5.9,Card
PUN-20260601-0049,2,2026-06-01 22:41:04,Punggol,TOP-M-01,Men's Airism Cotton Crew Neck T-Shirt,Tops,Men,14.9,14.9,False,1,14.9,PayNow
BUG-20260601-0360,1,2026-06-01 22:08:08,Bugis,BTM-W-03,Women's Ezy Ankle Pants,Bottoms,Women,29.9,29.9,False,1,29.9,NETS
BUG-20260601-0375,3,2026-06-01 21:25:56,Bugis,TOP-M-03,Men's Dry-EX Crew Neck T-Shirt,Tops,Men,19.9,19.9,False,1,19.9,PayNow
PUN-20260601-0344,2,2026-06-01 21:08:53,Punggol,SOK-W-02,Women's Pile Crew Socks,Socks,Women,5.9,5.9,False,1,5.9,Cash
PUN-20260601-0289,3,2026-06-01 12:35:25,Punggol,SOK-W-02,  Women's Pile Crew Socks  ,Socks,Women,5.9,5.9,False,1,5.9,NETS
ORC-20260601-0102,2,2026-06-01 19:20:24,Orchard Central,SOK-W-03,Women's Airism Low-Cut Socks,Socks,Women,5.9,5.9,False,2,11.8,Card
BUG-20260601-0668,3,2026-06-01 19:43:11,bugis,TOP-W-02,Women's Ribbed Long Sleeve Turtleneck,Tops,Women,19.9,19.9,False,1,19.9,Card
ORC-20260601-1105,1,2026-06-01 19:23:54,orchard central,SOK-W-03,Women's Airism Low-Cut Socks,Socks,Women,5.9,5.9,False,1,5.9,Card
BUG-20260601-0779,2,2026-06-01 20:36:14,Bugis,SOK-W-02,Women's Pile Crew Socks,Socks,Women,$5.9,5.9,False,1,5.9,PayNow
PUN-20260601-0104,1,2026-06-01 19:47:26,Punggol,UND-W-01,Women's Airism Bikini Shorts,Underwear,Women,9.9,9.9,False,1,9.9,PayNow
ORC-20260601-0118,1,2026-06-01 16:03:02,Orchard Central,UND-W-01,Women's Airism Bikini Shorts,UNDERWEAR,Women,9.9,9.9,False,1,9.9,PayNow
ORC-20260601-1007,1,2026-06-01 21:40:28,Orchard Central,SOK-W-06,Women's Heattech Socks,Socks,Women,9.9,9.9,False,1,9.9,PayNow
PUN-20260601-0381,2,2026-06-01 12:09:59,Punggol,SOK-W-04,Women's Ribbed Crew Socks,Socks,Women,5.9,5.9,False,1,5.9,Card
PUN-20260601-0574,3,2026-06-01 13:48:17,Punggol,SOK-W-04,Women's Ribbed Crew Socks,Socks,Women,5.9,5.9,False,1,5.9,Cash
ORC-20260601-0765,1,2026-06-01 20:37:40,Orchard Central,SOK-M-04,Men's Ribbed Crew Socks,Socks,Men,5.9,5.9,False,2,11.8,Card
ORC-20260601-0256,2,2026-06-01 14:28:07,ORCHARD CENTRAL,UND-M-01,Men's Airism Boxer Briefs,Underwear,Men,14.9,14.9,False,2,29.8,Card
PUN-20260601-0381,2,2026-06-01 12:09:59,Punggol,SOK-W-04,Women's Ribbed Crew Socks,Socks,Women,5.9,5.9,False,1,5.9,Card
ORC-20260601-1036,1,2026-06-01 18:01:12,Orchard Central,SOK-M-03,Men's Airism Low-Cut Socks,Socks,Men,5.9,5.9,False,1,5.9,Card
ORC-20260601-0040,2,2026-06-01 18:58:43,Orchard Central,SOK-W-02,Women's Pile Crew Socks,Socks,Women,5.9,5.9,False,1,5.9,Card
BUG-20260601-0385,1,2026-06-01 11:39:00,Bugis,BTM-M-04,Men's Dry Stretch Shorts,Bottoms,Men,19.9,19.9,False,1,19.9,CASH
PUN-20260601-0158,1,2026-06-01 20:52:03,Punggol,BTM-W-01,Women's Ultra Stretch Skinny Jeans,Bottoms,Women,39.9,39.9,False,1,39.9,Cash
BUG-20260601-0589,2,2026-06-01 21:15:04,Bugis,UND-W-03,  Women's Cotton Blend Briefs  ,Underwear,Women,9.9,9.9,False,1,9.9,Card
PUN-20260601-0144,2,2026-06-01 19:50:16,Punggol,TOP-M-04,  Men's Oxford Long Sleeve Shirt  ,Tops,Men,29.9,29.9,False,1,29.9,PayNow
ORC-20260601-0857,1,2026-06-01 19:35:49,Orchard Central,BTM-W-03,Women's Ezy Ankle Pants,BOTTOMS,women,29.9,29.9,False,1,29.9,NETS
BUG-20260601-0655,3,2026-06-01 22:38:32,Bugis,UND-W-09,Women's Cotton Boyshorts,Underwear,Women,9.9,9.9,False,1,9.9,PayNow
BUG-20260601-0678,1,2026-06-01 17:25:06,bugis,TOP-W-01,Women's Airism Cotton Crew Neck T-Shirt,Tops,Women,14.9,14.9,False,1,14.9,Cash
BUG-20260601-0684,1,2026-06-01 16:46:31,Bugis,TOP-W-04,Women's Heattech Crew Neck Long Sleeve Tee,Tops,Women,14.9,14.9,False,1,14.9,Card
PUN-20260601-0423,2,2026-06-01 13:40:16,Punggol,TOP-M-01,Men's Airism Cotton Crew Neck T-Shirt,Tops,Men,14.9,14.9,False,1,14.9,PayNow
PUN-20260601-0031,2,2026-06-01 19:56:26,Punggol,UND-M-02,Men's Cotton Blend Trunks,Underwear,men,14.9,14.9,False,1,14.9,NETS
ORC-20260601-0577,1,2026-06-01 19:09:48,Orchard Central,TOP-W-04,Women's Heattech Crew Neck Long Sleeve Tee,Tops,Women,14.9,14.9,False,1,$14.9,Card
BUG-20260601-0788,2,2026-06-01 17:05:07,BUGIS,SOK-W-03,Women's Airism Low-Cut Socks,Socks,Women,5.9,5.9,False,1,5.9,Card
BUG-20260601-0130,3,2026-06-01 14:38:50,BUGIS,SOK-M-04,Men's Ribbed Crew Socks,Socks,Men,5.9,5.9,False,1,5.9,Card
ORC-20260601-0268,1,2026-06-01 20:29:19,Orchard Central,SOK-W-03,Women's Airism Low-Cut Socks,Socks,Women,5.9,5.9,False,2,11.8,PayNow
PUN-20260601-0116,1,2026-06-01 14:57:22,Punggol,UND-M-02,Men's Cotton Blend Trunks,Underwear,MEN,14.9,14.9,False,1,14.9,NETS
BUG-20260601-0335,1,2026-06-01 22:10:19,Bugis,SOK-W-02,  Women's Pile Crew Socks  ,Socks,Women,5.9,5.9,False,2,11.8,Cash
BUG-20260601-0825,2,2026-06-01 17:31:55,Bugis,BTM-W-01,Women's Ultra Stretch Skinny Jeans,Bottoms,Women,39.9,39.9,False,1,39.9,Cash
BUG-20260601-0051,1,2026-06-01 15:29:49,Bugis,SOK-W-03,Women's Airism Low-Cut Socks,Socks,Women,5.9,5.9,False,1,5.9,Card
BUG-20260601-0502,2,2026-06-01 14:49:13,BUGIS,TOP-W-01,Women's Airism Cotton Crew Neck T-Shirt,Tops,Women,14.9,14.9,False,1,14.9,PayNow
BUG-20260601-0365,2,2026-06-01 16:58:36,Bugis,BTM-M-02,Men's Slim Fit Chino Trousers,Bottoms,Men,29.9,29.9,False,1,29.9,NETS
ORC-20260601-0849,2,2026-06-01 22:11:07,Orchard Central,SOK-M-04,Men's Ribbed Crew Socks,Socks,Men,5.9,5.9,False,1,5.9,
BUG-20260601-0769,1,2026-06-01 19:07:54,  BUGIS  ,BTM-M-04,Men's Dry Stretch Shorts,bottoms,Men,19.9,19.9,False,1,19.9,NETS
PUN-20260601-0236,1,2026-06-01 18:24:28,Punggol,SOK-M-02,Men's Pile Crew Socks,Socks,Men,5.9,5.9,False,1,5.9,Card
PUN-20260601-0317,1,2026-06-01 21:53:05,Punggol,UND-M-01,Men's Airism Boxer Briefs,UNDERWEAR,Men,14.9,14.9,False,1,14.9,PayNow
ORC-20260601-0243,2,2026-06-01 14:20:06,Orchard Central,SOK-M-02,Men's Pile Crew Socks,Socks,Men,5.9,5.9,False,1,5.9,Cash
PUN-20260601-0184,1,2026-06-01 17:14:22,Punggol,TOP-M-01,Men's Airism Cotton Crew Neck T-Shirt,Tops,Men,14.9,14.9,False,1,14.9,Cash
BUG-20260601-0123,2,2026-06-01 19:35:18,Bugis,UND-W-03,Women's Cotton Blend Briefs,Underwear,Women,9.9,9.9,False,2,19.8,PayNow
ORC-20260601-1135,3,2026-06-01 21:57:44,Orchard Central,TOP-M-01,  Men's Airism Cotton Crew Neck T-Shirt  ,Tops,Men,14.9,14.9,False,1,14.9,PayNow
ORC-20260601-0573,1,2026-06-01 22:26:40,Orchard Central,SOK-W-02,Women's Pile Crew Socks,Socks,Women,5.9,5.9,False,1,5.9,PayNow
PUN-20260601-0014,1,2026-06-01 17:53:46,Punggol,UND-W-01,Women's Airism Bikini Shorts,Underwear,Women,9.9,9.9,False,1,9.9,Cash
PUN-20260601-0078,2,2026-06-01 19:58:38,punggol,TOP-W-04,Women's Heattech Crew Neck Long Sleeve Tee,Tops,Women,14.9,14.9,False,1,14.9,Card
ORC-20260601-0662,2,2026-06-01 21:41:34,Orchard Central,TOP-M-02,Men's Supima Cotton Polo Shirt,Tops,Men,29.9,29.9,False,1,29.9,Cash
ORC-20260601-0030,1,2026-06-01 22:58:33,Orchard Central,SOK-W-01,Women's Ankle Socks 3-Pack,Socks,Women,14.9,14.9,False,1,14.9,Card
ORC-20260601-0323,2,2026-06-01 18:59:56,Orchard Central,UND-M-02,Men's Cotton Blend Trunks,Underwear,Men,14.9,14.9,False,1,14.9,Card
PUN-20260601-0081,2,2026-06-01 13:55:44,Punggol,TOP-M-01,Men's Airism Cotton Crew Neck T-Shirt,Tops,MEN,14.9,14.9,False,1,14.9,Nets
BUG-20260601-0609,1,2026-06-01 13:43:22,bugis,SOK-M-05,Men's Sport Ankle Socks,SOCKS,Men,5.9,5.9,False,1,5.9,Cash
ORC-20260601-0154,1,2026-06-01 13:16:18,Orchard Central,SOK-W-02,Women's Pile Crew Socks,socks,Women,5.9,5.9,False,1,5.9,NETS
BUG-20260601-0041,3,2026-06-01 11:05:51,Bugis,SOK-M-04,Men's Ribbed Crew Socks,Socks,Men,5.9,5.9,False,1,5.9,PAYNOW
ORC-20260601-0440,1,2026-06-01 19:12:17,Orchard Central,SOK-M-08,Men's Cotton Blend Dress Socks,Socks,Men,9.9,9.9,False,1,9.9,Cash
BUG-20260601-0804,1,2026-06-01 17:15:01,Bugis,UND-M-02,Men's Cotton Blend Trunks,Underwear,Men,14.9,14.9,False,1,14.9,Nets
BUG-20260601-0342,2,2026-06-01 15:17:40,Bugis,BTM-M-04,Men's Dry Stretch Shorts,Bottoms,Men,19.9,19.9,False,1,19.9,Card
BUG-20260601-0744,1,2026-06-01 19:28:37,Bugis,UND-W-04,Women's Airism T-Shirt Bra,Underwear,Women,29.9,29.9,False,1,29.9,Card
ORC-20260601-1043,1,2026-06-01 21:01:41,Orchard Central,UND-M-07,  Men's Stretch Cotton Boxers  ,underwear,Men,14.9,14.9,False,1,14.9,NETS
ORC-20260601-0107,2,2026-06-01 22:19:42,Orchard Central,SOK-M-04,Men's Ribbed Crew Socks,Socks,Men,$5.9,5.9,False,1,5.9,paynow
BUG-20260601-0740,2,2026-06-01 21:37:39,Bugis,TOP-M-03,Men's Dry-EX Crew Neck T-Shirt,TOPS,Men,19.9,19.9,False,1,19.9,CARD
BUG-20260601-0809,2,2026-06-01 21:26:15,Bugis,TOP-W-01,Women's Airism Cotton Crew Neck T-Shirt,Tops,Women,14.9,14.9,False,1,14.9,Cash
ORC-20260601-0179,1,2026-06-01 13:45:23,Orchard Central,TOP-W-02,Women's Ribbed Long Sleeve Turtleneck,Tops,Women,19.9,19.9,False,1,19.9,nets
ORC-20260601-0637,3,2026-06-01 12:44:24,Orchard Central,TOP-W-02,Women's Ribbed Long Sleeve Turtleneck,Tops,Women,19.9,19.9,False,1,19.9,Card
BUG-20260601-0348,2,2026-06-01 19:12:00,Bugis,SOK-M-05,Men's Sport Ankle Socks,Socks,MEN,5.9,5.9,False,1,5.9,Card
ORC-20260601-0094,1,2026-06-01 20:03:56,Orchard Central,SOK-W-03,Women's Airism Low-Cut Socks,socks,Women,5.9,5.9,False,1,5.9,PAYNOW
ORC-20260601-0046,1,2026-06-01 21:04:01,orchard central,SOK-M-01,Men's Ankle Socks 3-Pack,Socks,Men,14.9,14.9,False,1,14.9,Cash
BUG-20260601-0434,1,2026-06-01 21:36:19,Bugis,UND-M-02,Men's Cotton Blend Trunks,Underwear,Men,14.9,14.9,False,1,14.9,PayNow
ORC-20260601-0424,3,2026-06-01 20:46:46,Orchard Central,UND-M-01,Men's Airism Boxer Briefs,Underwear,Men,14.9,14.9,False,1,14.9,Cash
ORC-20260601-0276,1,2026-06-01 16:24:49,Orchard Central,UND-W-03,Women's Cotton Blend Briefs,Underwear,Women,9.9,9.9,False,2,19.8,Card
BUG-20260601-0030,2,2026-06-01 22:37:08,Bugis,SOK-W-02,  Women's Pile Crew Socks  ,Socks,Women,5.9,5.9,False,1,5.9,Cash
PUN-20260601-0549,1,2026-06-01 18:36:14,Punggol,TOP-W-03,  Women's Silky Satin Blouse  ,tops,Women,39.9,39.9,False,1,39.9,Cash
ORC-20260601-0418,2,2026-06-01 20:37:16,Orchard Central,UND-W-04,Women's Airism T-Shirt Bra,Underwear,Women,29.9,29.9,False,1,29.9,Card
PUN-20260601-0199,1,2026-06-01 22:51:51,Punggol,UND-M-04,Men's Cotton Crew Neck Undershirt,Underwear,Men,14.9,14.9,False,1,14.9,Cash
ORC-20260601-0961,3,2026-06-01 20:31:12,Orchard Central,SOK-W-03,Women's Airism Low-Cut Socks,Socks,Women,5.9,5.9,False,1,5.9,PayNow
ORC-20260601-0758,2,2026-06-01 19:27:15,Orchard Central,TOP-M-03,Men's Dry-EX Crew Neck T-Shirt,Tops,Men,19.9,19.9,False,1,19.9,card
BUG-20260601-0819,1,2026-06-01 21:35:42,bugis,UND-M-04,Men's Cotton Crew Neck Undershirt,Underwear,Men,14.9,14.9,False,2,29.8,Card
ORC-20260601-1114,2,2026-06-01 14:56:28,Orchard Central,SOK-M-03,  Men's Airism Low-Cut Socks  ,Socks,Men,5.9,5.9,False,1,5.9,Card
BUG-20260601-0728,1,2026-06-01 13:54:08,Bugis,SOK-W-03,Women's Airism Low-Cut Socks,Socks,Women,5.9,5.9,False,1,5.9,Card
ORC-20260601-1127,1,2026-06-01 21:04:20,Orchard Central,BTM-M-01,Men's Ezy Ankle Pants,Bottoms,Men,29.9,29.9,False,1,29.9,NETS
ORC-20260601-0919,1,2026-06-01 20:20:58,Orchard Central,TOP-W-04,Women's Heattech Crew Neck Long Sleeve Tee,tops,Women,14.9,14.9,False,1,14.9,Card
ORC-20260601-0485,3,2026-06-01 21:40:30,Orchard Central,SOK-M-04,Men's Ribbed Crew Socks,Socks,Men,5.9,5.9,False,1,5.9,PayNow
ORC-20260601-1120,1,2026-06-01 20:36:55,Orchard Central,SOK-W-03,Women's Airism Low-Cut Socks,Socks,Women,5.9,5.9,False,1,5.9,Card
ORC-20260601-0242,3,2026-06-01 19:00:34,Orchard Central,SOK-W-02,Women's Pile Crew Socks,Socks,Women,5.9,5.9,False,1,5.9,PayNow
ORC-20260601-0178,1,2026-06-01 19:30:58,Orchard Central,UND-W-06,Women's Lace Trim Briefs,Underwear,Women,9.9,9.9,False,1,9.9,PayNow
ORC-20260601-0569,3,2026-06-01 22:36:31,Orchard Central,UND-M-02,Men's Cotton Blend Trunks,UNDERWEAR,men,14.9,14.9,False,2,29.8,NETS
BUG-20260601-0034,1,2026-06-01 13:22:03,bugis,BTM-W-01,Women's Ultra Stretch Skinny Jeans,Bottoms,Women,39.9,39.9,False,1,39.9,PayNow
ORC-20260601-1096,2,2026-06-01 20:34:41,Orchard Central,SOK-M-03,Men's Airism Low-Cut Socks,Socks,Men,5.9,5.9,False,1,5.9,
PUN-20260601-0126,2,2026-06-01 19:37:35,Punggol,TOP-M-02,Men's Supima Cotton Polo Shirt,Tops,Men,29.9,29.9,False,1,29.9,Cash
ORC-20260601-0754,1,2026-06-01 19:44:53,Orchard Central,UND-M-01,  Men's Airism Boxer Briefs  ,UNDERWEAR,Men,14.9,14.9,False,1,14.9,Card
ORC-20260601-0354,3,2026-06-01 20:03:54,Orchard Central,SOK-M-04,  Men's Ribbed Crew Socks  ,Socks,Men,5.9,5.9,False,1,5.9,PayNow
PUN-20260601-0107,3,2026-06-01 20:10:45,punggol,BTM-M-04,Men's Dry Stretch Shorts,Bottoms,Men,19.9,19.9,False,1,19.9,PayNow
PUN-20260601-0225,2,2026-06-01 12:29:37,Punggol,SOK-M-04,Men's Ribbed Crew Socks,Socks,Men,5.9,5.9,False,1,5.9,PayNow
ORC-20260601-0223,2,2026-06-01 13:04:21,Orchard Central,BTM-M-02,Men's Slim Fit Chino Trousers,Bottoms,Men,29.9,29.9,False,1,29.9,PayNow
BUG-20260601-0503,1,2026-06-01 20:01:07,Bugis,BTM-W-02,Women's High-Rise Wide Leg Pants,Bottoms,Women,39.9,39.9,False,1,39.9,Card
ORC-20260601-0166,1,2026-06-01 15:07:34,Orchard Central,SOK-W-04,Women's Ribbed Crew Socks,Socks,Women,5.9,5.9,False,1,5.9,PayNow
PUN-20260601-0259,1,2026-06-01 11:33:29,punggol,SOK-M-04,Men's Ribbed Crew Socks,Socks,Men,5.9,5.9,False,1,5.9,PayNow
PUN-20260601-0499,1,2026-06-01 20:59:54,Punggol,UND-W-03,Women's Cotton Blend Briefs,underwear,Women,9.9,9.9,False,1,9.9,Card
ORC-20260601-0430,2,2026-06-01 20:44:54,  orchard central  ,SOK-M-04,Men's Ribbed Crew Socks,Socks,Men,5.9,5.9,False,1,5.9,Card
BUG-20260601-0013,1,2026-06-01 15:57:12,BUGIS,UND-W-03,Women's Cotton Blend Briefs,underwear,Women,9.9,9.9,False,1,9.9,Cash
PUN-20260601-0305,2,2026-06-01 17:39:55,Punggol,SOK-W-03,Women's Airism Low-Cut Socks,Socks,Women,5.9,5.9,False,1,5.9,Card
ORC-20260601-0578,1,2026-06-01 15:53:53,Orchard Central,SOK-M-03,Men's Airism Low-Cut Socks,SOCKS,Men,5.9,5.9,False,1,5.9,Cash
PUN-20260601-0348,3,2026-06-01 21:27:14,Punggol,SOK-W-01,Women's Ankle Socks 3-Pack,socks,Women,14.9,14.9,False,1,14.9,card
BUG-20260601-0413,3,2026-06-01 18:26:47,BUGIS,UND-W-09,Women's Cotton Boyshorts,Underwear,Women,9.9,9.9,False,2,19.8,NETS
BUG-20260601-0788,3,2026-06-01 17:05:07,Bugis,SOK-W-04,Women's Ribbed Crew Socks,Socks,Women,5.9,5.9,False,1,5.9,CARD
ORC-20260601-0822,2,2026-06-01 20:31:19,Orchard Central,SOK-M-03,Men's Airism Low-Cut Socks,Socks,Men,5.9,5.9,False,1,5.9,Card
ORC-20260601-0768,1,2026-06-01 13:19:23,Orchard Central,TOP-W-04,Women's Heattech Crew Neck Long Sleeve Tee,Tops,Women,14.9,14.9,False,1,14.9,Card
BUG-20260601-0327,2,2026-06-01 18:30:15,Bugis,SOK-M-10,Men's Wool Blend Socks,socks,Men,9.9,9.9,False,1,9.9,Card
BUG-20260601-0443,3,2026-06-01 16:35:56,Bugis,SOK-M-05,Men's Sport Ankle Socks,Socks,men,5.9,5.9,False,1,5.9,PayNow
BUG-20260601-0138,1,2026-06-01 21:00:40,Bugis,TOP-W-04,Women's Heattech Crew Neck Long Sleeve Tee,Tops,Women,14.9,14.9,False,1,14.9,Card
PUN-20260601-0271,2,2026-06-01 12:34:15,PUNGGOL,BTM-W-04,  Women's Denim Straight Jeans  ,Bottoms,Women,49.9,49.9,False,1,49.9,PAYNOW
BUG-20260601-0232,3,2026-06-01 19:43:13,Bugis,UND-M-04,Men's Cotton Crew Neck Undershirt,Underwear,Men,14.9,14.9,False,2,29.8,Cash
PUN-20260601-0582,1,2026-06-01 19:58:23,  Punggol  ,TOP-W-04,Women's Heattech Crew Neck Long Sleeve Tee,tops,Women,14.9,14.9,False,1,14.9,Card
BUG-20260601-0763,1,2026-06-01 18:01:57,bugis,SOK-M-04,Men's Ribbed Crew Socks,Socks,Men,5.9,5.9,False,1,5.9,Card
BUG-20260601-0584,1,2026-06-01 21:13:04,Bugis,SOK-M-01,Men's Ankle Socks 3-Pack,Socks,Men,14.9,14.9,False,1,14.9,PayNow
PUN-20260601-0206,2,2026-06-01 20:12:45,Punggol,BTM-W-01,Women's Ultra Stretch Skinny Jeans,Bottoms,Women,39.9,39.9,False,1,39.9,Card
PUN-20260601-0419,1,2026-06-01 18:43:40,Punggol,SOK-M-02,Men's Pile Crew Socks,Socks,Men,5.9,5.9,False,2,11.8,PayNow
ORC-20260601-0270,2,2026-06-01 15:21:29,Orchard Central,TOP-M-04,Men's Oxford Long Sleeve Shirt,Tops,Men,29.9,29.9,False,1,29.9,PayNow
ORC-20260601-0991,1,2026-06-01 16:37:59,Orchard Central,UND-W-01,  Women's Airism Bikini Shorts  ,Underwear,Women,9.9,9.9,False,1,9.9,CARD
ORC-20260601-1004,1,2026-06-01 14:43:51,Orchard Central,UND-W-01,Women's Airism Bikini Shorts,Underwear,Women,9.9,9.9,False,1,9.9,Card
BUG-20260601-0446,1,2026-06-01 19:21:21,  Bugis  ,UND-M-02,Men's Cotton Blend Trunks,Underwear,Men,14.9,14.9,False,1,$14.9,Card
BUG-20260601-0313,3,2026-06-01 21:31:32,Bugis,UND-W-01,Women's Airism Bikini Shorts,Underwear,WOMEN,$9.9,9.9,False,2,19.8,Card
ORC-20260601-0672,1,2026-06-01 21:55:26,Orchard Central,SOK-W-01,Women's Ankle Socks 3-Pack,Socks,Women,14.9,14.9,False,1,14.9,NETS
PUN-20260601-0306,1,2026-06-01 19:18:10,Punggol,UND-W-03,  Women's Cotton Blend Briefs  ,Underwear,Women,9.9,9.9,False,1,9.9,Card
ORC-20260601-0440,2,2026-06-01 19:12:17,Orchard Central,SOK-M-02,Men's Pile Crew Socks,Socks,Men,5.9,5.9,False,1,5.9,Cash
PUN-20260601-0328,2,2026-06-01 20:12:49,PUNGGOL,SOK-W-04,Women's Ribbed Crew Socks,Socks,Women,5.9,5.9,False,1,5.9,PayNow
BUG-20260601-0265,1,2026-06-01 16:32:58,Bugis,UND-W-01,Women's Airism Bikini Shorts,Underwear,Women,9.9,9.9,False,1,9.9,Cash
PUN-20260601-0263,3,2026-06-01 18:41:31,PUNGGOL,SOK-M-04,Men's Ribbed Crew Socks,Socks,Men,5.9,5.9,False,1,5.9,Cash
BUG-20260601-0365,3,2026-06-01 16:58:36,Bugis,SOK-W-02,Women's Pile Crew Socks,Socks,Women,5.9,5.9,False,1,5.9,NETS
ORC-20260601-0846,1,2026-06-01 21:50:38,Orchard Central,SOK-M-04,Men's Ribbed Crew Socks,Socks,Men,5.9,5.9,False,1,5.9,CARD
BUG-20260601-0073,2,2026-06-01 17:59:06,Bugis,SOK-W-04,  Women's Ribbed Crew Socks  ,Socks,Women,5.9,5.9,False,1,$5.9,Cash
ORC-20260601-0045,1,2026-06-01 12:04:41,Orchard Central,SOK-W-04,Women's Ribbed Crew Socks,socks,Women,5.9,5.9,False,1,5.9,NETS
PUN-20260601-0163,1,2026-06-01 18:28:09,Punggol,SOK-W-01,Women's Ankle Socks 3-Pack,Socks,Women,14.9,14.9,False,1,14.9,PayNow
PUN-20260601-0342,1,2026-06-01 19:29:35,Punggol,SOK-M-03,Men's Airism Low-Cut Socks,Socks,Men,5.9,5.9,False,1,5.9,Card
ORC-20260601-0212,3,2026-06-01 18:45:17,ORCHARD CENTRAL,SOK-M-01,Men's Ankle Socks 3-Pack,SOCKS,Men,14.9,14.9,False,1,14.9,Card
BUG-20260601-0524,1,2026-06-01 18:28:37,Bugis,UND-W-02,Women's Wireless Bra,Underwear,Women,29.9,29.9,False,1,29.9,Card
ORC-20260601-0978,2,2026-06-01 18:17:32,Orchard Central,TOP-W-01,Women's Airism Cotton Crew Neck T-Shirt,Tops,Women,14.9,14.9,False,1,14.9,Card
PUN-20260601-0030,1,2026-06-01 16:31:24,Punggol,BTM-W-04,Women's Denim Straight Jeans,Bottoms,Women,49.9,49.9,False,1,49.9,Card
ORC-20260601-0556,3,2026-06-01 21:36:19,Orchard Central,BTM-W-03,Women's Ezy Ankle Pants,Bottoms,WOMEN,29.9,29.9,False,1,29.9,Cash
ORC-20260601-0427,2,2026-06-01 18:22:06,  Orchard Central  ,SOK-W-04,Women's Ribbed Crew Socks,Socks,Women,5.9,5.9,False,1,5.9,Card
BUG-20260601-0497,2,2026-06-01 15:33:40,Bugis,SOK-W-02,Women's Pile Crew Socks,Socks,Women,5.9,5.9,False,1,5.9,Cash
ORC-20260601-0093,3,2026-06-01 19:41:44,Orchard Central,UND-M-04,Men's Cotton Crew Neck Undershirt,Underwear,Men,14.9,14.9,False,1,$14.9,
PUN-20260601-0476,3,2026-06-01 19:28:02,Punggol,SOK-W-02,Women's Pile Crew Socks,Socks,Women,5.9,5.9,False,1,5.9,Card
PUN-20260601-0433,2,2026-06-01 12:54:34,Punggol,SOK-W-02,Women's Pile Crew Socks,Socks,Women,5.9,5.9,False,1,5.9,PayNow
BUG-20260601-0616,2,2026-06-01 18:31:46,Bugis,BTM-W-09,  Women's Sweat Shorts  ,BOTTOMS,Women,19.9,19.9,False,1,19.9,PayNow
ORC-20260601-0694,1,2026-06-01 15:52:05,orchard central,BTM-M-08,Men's Relaxed Fit Denim Shorts,Bottoms,Men,22.99,29.9,True,1,22.99,PayNow
ORC-20260601-0201,3,2026-06-01 16:11:18,Orchard Central,SOK-W-02,Women's Pile Crew Socks,Socks,Women,5.9,5.9,False,1,5.9,Card
PUN-20260601-0238,2,2026-06-01 21:54:21,Punggol,BTM-W-03,Women's Ezy Ankle Pants,Bottoms,Women,29.9,29.9,False,1,29.9,Paynow
BUG-20260601-0353,1,2026-06-01 18:26:57,Bugis,SOK-W-02,Women's Pile Crew Socks,Socks,Women,5.9,5.9,False,1,5.9,paynow
ORC-20260601-0915,1,2026-06-01 20:39:03,Orchard Central,TOP-M-02,Men's Supima Cotton Polo Shirt,tops,men,29.9,29.9,False,1,29.9,NETS
ORC-20260601-0218,2,2026-06-01 14:21:43,Orchard Central,BTM-W-04,Women's Denim Straight Jeans,Bottoms,Women,49.9,49.9,False,1,49.9,NETS
PUN-20260601-0240,2,2026-06-01 18:12:14,Punggol,SOK-M-02,  Men's Pile Crew Socks  ,Socks,Men,5.9,5.9,False,1,5.9,NETS
ORC-20260601-0393,2,2026-06-01 16:20:06,Orchard Central,TOP-W-02,Women's Ribbed Long Sleeve Turtleneck,Tops,WOMEN,19.9,19.9,False,1,19.9,PayNow
BUG-20260601-0252,1,2026-06-01 13:34:38,Bugis,UND-M-03,Men's Airism Mesh Boxer Briefs,Underwear,MEN,14.9,14.9,False,1,14.9,NETS
ORC-20260601-0543,2,2026-06-01 17:31:22,Orchard Central,SOK-W-01,  Women's Ankle Socks 3-Pack  ,Socks,Women,14.9,14.9,False,1,14.9,Card
ORC-20260601-0883,1,2026-06-01 16:47:41,Orchard Central,SOK-W-04,Women's Ribbed Crew Socks,Socks,Women,5.9,5.9,False,1,5.9,NETS
BUG-20260601-0563,1,2026-06-01 18:30:11,bugis,UND-W-03,Women's Cotton Blend Briefs,UNDERWEAR,Women,9.9,9.9,False,1,9.9,Card
BUG-20260601-0146,1,2026-06-01 18:49:28,Bugis,TOP-W-04,Women's Heattech Crew Neck Long Sleeve Tee,Tops,Women,14.9,14.9,False,1,14.9,Cash
ORC-20260601-0738,2,2026-06-01 19:29:49,Orchard Central,TOP-W-06,Women's Linen Blend Short Sleeve Shirt,Tops,Women,29.9,29.9,False,1,29.9,Card
BUG-20260601-0648,1,2026-06-01 18:48:33,Bugis,SOK-M-05,Men's Sport Ankle Socks,Socks,Men,5.9,5.9,False,1,5.9,Card
ORC-20260601-0650,2,2026-06-01 12:16:32,orchard central,SOK-W-01,Women's Ankle Socks 3-Pack,Socks,Women,14.9,14.9,False,1,14.9,Card
BUG-20260601-0584,2,2026-06-01 21:13:04,Bugis,UND-W-03,Women's Cotton Blend Briefs,Underwear,Women,9.9,9.9,False,1,9.9,PayNow
ORC-20260601-0608,1,2026-06-01 20:14:57,Orchard Central,BTM-M-02,Men's Slim Fit Chino Trousers,Bottoms,Men,29.9,29.9,False,1,29.9,Cash
PUN-20260601-0404,1,2026-06-01 14:23:33,Punggol,SOK-M-03,Men's Airism Low-Cut Socks,Socks,Men,5.9,5.9,False,1,5.9,PayNow
ORC-20260601-1066,1,2026-06-01 19:08:31,Orchard Central,UND-W-01,Women's Airism Bikini Shorts,Underwear,Women,9.9,9.9,False,1,$9.9,Cash
PUN-20260601-0207,2,2026-06-01 18:19:22,punggol,TOP-M-01,Men's Airism Cotton Crew Neck T-Shirt,Tops,Men,14.9,14.9,False,1,14.9,Cash
ORC-20260601-0147,2,2026-06-01 15:03:06,Orchard Central,SOK-M-03,  Men's Airism Low-Cut Socks  ,Socks,Men,5.9,5.9,False,1,5.9,PayNow
BUG-20260601-0134,2,2026-06-01 17:36:02,bugis,SOK-W-04,Women's Ribbed Crew Socks,Socks,Women,5.9,5.9,False,1,5.9,Cash
ORC-20260601-0986,1,2026-06-01 20:06:23,Orchard Central,SOK-W-09,  Women's No-Show Sneaker Socks  ,Socks,Women,5.9,5.9,False,1,5.9,NETS
ORC-20260601-0820,3,2026-06-01 17:51:40,Orchard Central,UND-W-01,Women's Airism Bikini Shorts,Underwear,women,9.9,9.9,False,1,9.9,Card
PUN-20260601-0272,1,2026-06-01 18:59:53,Punggol,UND-W-03,Women's Cotton Blend Briefs,Underwear,Women,9.9,9.9,False,1,9.9,NETS
BUG-20260601-0815,3,2026-06-01 20:56:56,BUGIS,SOK-W-04,Women's Ribbed Crew Socks,Socks,Women,5.9,5.9,False,1,5.9,NETS
ORC-20260601-0365,1,2026-06-01 12:33:48,  Orchard Central  ,BTM-W-04,Women's Denim Straight Jeans,Bottoms,Women,49.9,49.9,False,1,49.9,Card
ORC-20260601-0830,2,2026-06-01 17:53:41,Orchard Central,TOP-M-01,Men's Airism Cotton Crew Neck T-Shirt,Tops,men,14.9,14.9,False,1,14.9,Card
BUG-20260601-0291,2,2026-06-01 20:43:47,Bugis,TOP-M-02,Men's Supima Cotton Polo Shirt,Tops,Men,29.9,29.9,False,1,29.9,Cash
ORC-20260601-0980,1,2026-06-01 19:52:08,Orchard Central,SOK-W-02,Women's Pile Crew Socks,Socks,Women,5.9,5.9,False,1,5.9,Card
ORC-20260601-0770,2,2026-06-01 12:17:09,Orchard Central,BTM-W-01,Women's Ultra Stretch Skinny Jeans,Bottoms,Women,39.9,39.9,False,1,39.9,Cash
ORC-20260601-0619,2,2026-06-01 22:23:35,Orchard Central,SOK-M-03,Men's Airism Low-Cut Socks,Socks,Men,5.9,5.9,False,1,5.9,Card
PUN-20260601-0503,2,2026-06-01 21:21:36,  Punggol  ,SOK-M-03,Men's Airism Low-Cut Socks,SOCKS,Men,5.9,5.9,False,1,5.9,PayNow
ORC-20260601-0856,2,2026-06-01 20:04:34,Orchard Central,UND-M-04,Men's Cotton Crew Neck Undershirt,Underwear,Men,14.9,14.9,False,1,$14.9,Card
PUN-20260601-0262,1,2026-06-01 19:31:08,Punggol,UND-M-03,Men's Airism Mesh Boxer Briefs,Underwear,men,14.9,14.9,False,1,14.9,Card
PUN-20260601-0522,1,2026-06-01 19:06:20,Punggol,TOP-M-03,Men's Dry-EX Crew Neck T-Shirt,Tops,Men,19.9,19.9,False,1,19.9,Card
BUG-20260601-0184,1,2026-06-01 18:58:35,Bugis,SOK-M-02,Men's Pile Crew Socks,Socks,Men,5.9,5.9,False,2,11.8,PayNow
PUN-20260601-0413,3,2026-06-01 18:25:29,Punggol,SOK-M-01,Men's Ankle Socks 3-Pack,SOCKS,Men,14.9,14.9,False,1,14.9,Card
BUG-20260601-0363,2,2026-06-01 21:43:11,Bugis,BTM-M-02,Men's Slim Fit Chino Trousers,Bottoms,Men,29.9,29.9,False,1,29.9,PayNow
ORC-20260601-0664,1,2026-06-01 19:28:52,Orchard Central,UND-W-01,Women's Airism Bikini Shorts,Underwear,Women,9.9,9.9,False,1,9.9,Cash
ORC-20260601-0029,1,2026-06-01 15:14:28,Orchard Central,SOK-W-03,Women's Airism Low-Cut Socks,socks,Women,5.9,5.9,False,1,5.9,PayNow
ORC-20260601-1070,1,2026-06-01 15:08:17,Orchard Central,UND-M-03,Men's Airism Mesh Boxer Briefs,Underwear,Men,14.9,14.9,False,1,14.9,Card
PUN-20260601-0036,1,2026-06-01 12:24:32,punggol,TOP-W-02,Women's Ribbed Long Sleeve Turtleneck,Tops,Women,19.9,19.9,False,1,19.9,Cash
PUN-20260601-0147,2,2026-06-01 16:06:38,  Punggol  ,UND-W-01,Women's Airism Bikini Shorts,Underwear,Women,9.9,9.9,False,2,19.8,Card
PUN-20260601-0175,1,2026-06-01 12:27:15,Punggol,TOP-M-01,Men's Airism Cotton Crew Neck T-Shirt,Tops,Men,14.9,14.9,False,1,14.9,NETS
BUG-20260601-0014,3,2026-06-01 20:28:23,Bugis,TOP-W-01,Women's Airism Cotton Crew Neck T-Shirt,Tops,Women,14.9,14.9,False,1,14.9,Cash
ORC-20260601-0132,1,2026-06-01 13:49:19,Orchard Central,UND-M-04,Men's Cotton Crew Neck Undershirt,Underwear,Men,14.9,14.9,False,1,14.9,PayNow
BUG-20260601-0415,1,2026-06-01 20:24:31,Bugis,TOP-M-04,Men's Oxford Long Sleeve Shirt,Tops,Men,29.9,29.9,False,1,29.9,PAYNOW
PUN-20260601-0249,3,2026-06-01 18:12:37,Punggol,SOK-W-02,Women's Pile Crew Socks,Socks,Women,5.9,5.9,False,1,5.9,PayNow
ORC-20260601-1039,2,2026-06-01 22:56:01,orchard central,TOP-M-01,Men's Airism Cotton Crew Neck T-Shirt,Tops,MEN,14.9,14.9,False,1,14.9,PayNow
ORC-20260601-1122,2,2026-06-01 18:54:28,  ORCHARD CENTRAL  ,SOK-W-02,Women's Pile Crew Socks,Socks,Women,5.9,5.9,False,1,5.9,Cash
BUG-20260601-0726,1,2026-06-01 20:29:37,Bugis,SOK-W-04,Women's Ribbed Crew Socks,Socks,Women,5.9,5.9,False,1,5.9,PayNow
ORC-20260601-0994,2,2026-06-01 18:36:49,Orchard Central,TOP-W-01,Women's Airism Cotton Crew Neck T-Shirt,tops,Women,14.9,14.9,False,1,14.9,Cash
BUG-20260601-0387,1,2026-06-01 12:49:42,Bugis,UND-W-01,Women's Airism Bikini Shorts,Underwear,Women,9.9,9.9,False,1,9.9,PayNow
BUG-20260601-0696,1,2026-06-01 13:09:28,Bugis,UND-W-04,Women's Airism T-Shirt Bra,underwear,Women,29.9,29.9,False,1,29.9,Cash
ORC-20260601-0665,2,2026-06-01 12:41:43,Orchard Central,BTM-M-08,Men's Relaxed Fit Denim Shorts,Bottoms,Men,22.99,29.9,True,1,22.99,nets
ORC-20260601-0111,2,2026-06-01 15:03:10,Orchard Central,UND-W-04,Women's Airism T-Shirt Bra,Underwear,Women,29.9,29.9,False,1,29.9,PayNow
BUG-20260601-0537,1,2026-06-01 16:35:24,Bugis,SOK-W-04,Women's Ribbed Crew Socks,Socks,Women,5.9,5.9,False,1,5.9,NETS
ORC-20260601-0599,1,2026-06-01 15:29:43,Orchard Central,SOK-M-02,Men's Pile Crew Socks,Socks,Men,5.9,5.9,False,1,5.9,NETS
ORC-20260601-0444,1,2026-06-01 20:31:23,ORCHARD CENTRAL,SOK-W-04,Women's Ribbed Crew Socks,Socks,Women,5.9,5.9,False,1,5.9,Cash
PUN-20260601-0465,1,2026-06-01 19:53:59,Punggol,SOK-M-02,Men's Pile Crew Socks,Socks,MEN,5.9,5.9,False,1,5.9,Card
BUG-20260601-0469,1,2026-06-01 11:58:40,Bugis,TOP-W-02,Women's Ribbed Long Sleeve Turtleneck,tops,Women,19.9,19.9,False,1,19.9,Card
ORC-20260601-1073,1,2026-06-01 19:33:43,Orchard Central,UND-M-03,Men's Airism Mesh Boxer Briefs,Underwear,Men,14.9,14.9,False,2,29.8,Card
PUN-20260601-0118,1,2026-06-01 17:42:22,PUNGGOL,SOK-W-02,Women's Pile Crew Socks,Socks,Women,5.9,5.9,False,1,5.9,Card
BUG-20260601-0060,3,2026-06-01 18:36:01,Bugis,SOK-W-04,Women's Ribbed Crew Socks,Socks,Women,5.9,5.9,False,1,5.9,Cash
ORC-20260601-0065,1,2026-06-01 21:26:46,  Orchard Central  ,SOK-M-02,Men's Pile Crew Socks,Socks,Men,5.9,5.9,False,2,11.8,NETS
ORC-20260601-0016,2,2026-06-01 13:08:23,Orchard Central,UND-M-01,Men's Airism Boxer Briefs,Underwear,Men,14.9,14.9,False,1,14.9,Card
ORC-20260601-0925,2,2026-06-01 17:48:47,Orchard Central,BTM-M-02,Men's Slim Fit Chino Trousers,Bottoms,men,$29.9,29.9,False,1,29.9,Card
BUG-20260601-0284,1,2026-06-01 19:51:45,Bugis,TOP-M-04,Men's Oxford Long Sleeve Shirt,Tops,Men,29.9,29.9,False,1,29.9,Card
PUN-20260601-0176,2,2026-06-01 18:54:46,Punggol,UND-M-01,Men's Airism Boxer Briefs,Underwear,Men,14.9,14.9,False,1,14.9,PayNow
ORC-20260601-0183,1,2026-06-01 21:58:38,Orchard Central,UND-W-04,Women's Airism T-Shirt Bra,UNDERWEAR,Women,29.9,29.9,False,1,29.9,Card
ORC-20260601-0646,1,2026-06-01 18:06:32,Orchard Central,SOK-M-04,Men's Ribbed Crew Socks,Socks,Men,5.9,5.9,False,2,$11.8,Cash
BUG-20260601-0145,1,2026-06-01 20:13:28,Bugis,SOK-W-04,Women's Ribbed Crew Socks,Socks,women,5.9,5.9,False,1,5.9,PayNow
ORC-20260601-0153,1,2026-06-01 20:03:52,Orchard Central,BTM-W-04,Women's Denim Straight Jeans,Bottoms,Women,49.9,49.9,False,1,49.9,PayNow
PUN-20260601-0467,1,2026-06-01 16:35:53,Punggol,UND-W-01,Women's Airism Bikini Shorts,Underwear,Women,9.9,9.9,False,1,9.9,NETS
PUN-20260601-0340,1,2026-06-01 12:00:53,Punggol,SOK-W-03,Women's Airism Low-Cut Socks,Socks,Women,5.9,5.9,False,1,$5.9,Card
ORC-20260601-0266,1,2026-06-01 20:37:20,Orchard Central,UND-M-02,Men's Cotton Blend Trunks,Underwear,Men,14.9,14.9,False,1,14.9,Cash
ORC-20260601-0434,2,2026-06-01 22:20:13,Orchard Central,SOK-M-03,  Men's Airism Low-Cut Socks  ,Socks,Men,5.9,5.9,False,1,5.9,NETS
BUG-20260601-0037,3,2026-06-01 21:02:15,Bugis,SOK-M-02,Men's Pile Crew Socks,Socks,Men,5.9,5.9,False,2,11.8,PayNow
ORC-20260601-0348,3,2026-06-01 22:16:35,Orchard Central,UND-W-03,  Women's Cotton Blend Briefs  ,Underwear,women,9.9,9.9,False,1,9.9,Card
BUG-20260601-0514,1,2026-06-01 20:30:10,Bugis,SOK-W-02,Women's Pile Crew Socks,Socks,Women,5.9,5.9,False,1,5.9,Card
ORC-20260601-0387,3,2026-06-01 20:43:04,Orchard Central,SOK-W-02,Women's Pile Crew Socks,Socks,Women,5.9,5.9,False,2,11.8,CARD
ORC-20260601-0505,1,2026-06-01 20:31:37,Orchard Central,TOP-W-02,Women's Ribbed Long Sleeve Turtleneck,Tops,women,19.9,19.9,False,1,19.9,
BUG-20260601-0439,3,2026-06-01 16:44:00,Bugis,BTM-W-03,Women's Ezy Ankle Pants,bottoms,Women,29.9,29.9,False,1,29.9,PayNow
ORC-20260601-0461,3,2026-06-01 19:28:51,Orchard Central,BTM-M-03,Men's Selvedge Regular Fit Jeans,Bottoms,Men,59.9,59.9,False,1,59.9,Card
PUN-20260601-0464,3,2026-06-01 21:05:44,Punggol,UND-W-03,Women's Cotton Blend Briefs,Underwear,Women,9.9,9.9,False,2,19.8,Cash
BUG-20260601-0031,2,2026-06-01 19:57:52,Bugis,SOK-M-01,Men's Ankle Socks 3-Pack,Socks,Men,14.9,14.9,False,2,29.8,Card
BUG-20260601-0146,3,2026-06-01 18:49:28,Bugis,TOP-W-01,Women's Airism Cotton Crew Neck T-Shirt,Tops,Women,14.9,14.9,False,1,14.9,Cash
ORC-20260601-0962,1,2026-06-01 19:11:35,Orchard Central,BTM-M-01,Men's Ezy Ankle Pants,Bottoms,MEN,29.9,29.9,False,1,29.9,Card
BUG-20260601-0534,1,2026-06-01 19:07:50,Bugis,UND-M-03,Men's Airism Mesh Boxer Briefs,Underwear,Men,14.9,14.9,False,1,14.9,Card
PUN-20260601-0276,2,2026-06-01 19:17:07,Punggol,UND-M-02,Men's Cotton Blend Trunks,Underwear,MEN,14.9,14.9,False,2,29.8,Card
BUG-20260601-0386,1,2026-06-01 19:36:09,Bugis,SOK-M-01,Men's Ankle Socks 3-Pack,Socks,Men,14.9,14.9,False,1,14.9,CARD
PUN-20260601-0503,3,2026-06-01 21:21:36,PUNGGOL,SOK-W-02,Women's Pile Crew Socks,Socks,Women,5.9,5.9,False,1,5.9,PayNow
BUG-20260601-0168,1,2026-06-01 20:12:43,bugis,SOK-M-03,Men's Airism Low-Cut Socks,Socks,Men,5.9,5.9,False,1,5.9,NETS
PUN-20260601-0357,1,2026-06-01 20:20:20,Punggol,SOK-M-03,Men's Airism Low-Cut Socks,Socks,Men,5.9,5.9,False,1,5.9,Paynow
PUN-20260601-0385,2,2026-06-01 22:08:07,Punggol,UND-M-01,Men's Airism Boxer Briefs,Underwear,Men,14.9,14.9,False,1,14.9,Card
BUG-20260601-0718,3,2026-06-01 19:56:54,  Bugis  ,SOK-M-02,Men's Pile Crew Socks,Socks,Men,5.9,5.9,False,1,5.9,Card
ORC-20260601-0080,1,2026-06-01 22:13:14,Orchard Central,SOK-W-02,Women's Pile Crew Socks,Socks,women,5.9,5.9,False,1,5.9,Card
ORC-20260601-0215,2,2026-06-01 21:22:57,Orchard Central,SOK-M-02,Men's Pile Crew Socks,Socks,Men,5.9,5.9,False,1,5.9,Card
ORC-20260601-0400,3,2026-06-01 20:59:21,Orchard Central,TOP-W-04,Women's Heattech Crew Neck Long Sleeve Tee,Tops,Women,14.9,14.9,False,1,14.9,PayNow
ORC-20260601-0689,3,2026-06-01 19:48:19,Orchard Central,UND-M-05,Men's Seamless Boxer Briefs,UNDERWEAR,Men,14.9,14.9,False,1,14.9,Card
PUN-20260601-0324,1,2026-06-01 16:53:12,Punggol,SOK-W-01,Women's Ankle Socks 3-Pack,Socks,Women,14.9,14.9,False,1,14.9,Card
PUN-20260601-0224,1,2026-06-01 22:48:04,Punggol,UND-W-02,Women's Wireless Bra,Underwear,Women,29.9,29.9,False,1,$29.9,NETS
PUN-20260601-0189,1,2026-06-01 21:17:59,Punggol,SOK-M-04,Men's Ribbed Crew Socks,Socks,Men,5.9,5.9,False,1,5.9,Card
BUG-20260601-0604,2,2026-06-01 20:33:22,Bugis,TOP-W-03,Women's Silky Satin Blouse,Tops,Women,39.9,39.9,False,1,39.9,Card
ORC-20260601-0732,1,2026-06-01 19:13:11,Orchard Central,BTM-W-02,Women's High-Rise Wide Leg Pants,Bottoms,Women,39.9,39.9,False,1,39.9,Card
PUN-20260601-0004,2,2026-06-01 16:04:07,punggol,SOK-M-01,Men's Ankle Socks 3-Pack,Socks,Men,14.9,14.9,False,1,14.9,Cash
ORC-20260601-1099,1,2026-06-01 19:02:56,Orchard Central,SOK-W-03,Women's Airism Low-Cut Socks,Socks,Women,5.9,5.9,False,2,$11.8,Card
PUN-20260601-0204,1,2026-06-01 14:39:54,punggol,SOK-W-02,Women's Pile Crew Socks,Socks,Women,5.9,5.9,False,1,5.9,NETS
ORC-20260601-0929,2,2026-06-01 19:56:00,Orchard Central,SOK-W-10,Women's Wool Blend Socks,Socks,WOMEN,9.9,9.9,False,1,9.9,NETS
ORC-20260601-1106,1,2026-06-01 16:15:05,Orchard Central,SOK-M-01,Men's Ankle Socks 3-Pack,Socks,Men,14.9,14.9,False,1,14.9,Card
PUN-20260601-0467,2,2026-06-01 16:35:53,Punggol,SOK-W-02,Women's Pile Crew Socks,SOCKS,Women,5.9,5.9,False,1,5.9,NETS
ORC-20260601-0054,1,2026-06-01 18:01:14,Orchard Central,SOK-W-09,Women's No-Show Sneaker Socks,Socks,Women,5.9,5.9,False,2,11.8,PayNow
PUN-20260601-0198,3,2026-06-01 13:38:59,Punggol,SOK-W-03,Women's Airism Low-Cut Socks,Socks,Women,5.9,5.9,False,1,5.9,PayNow
ORC-20260601-0470,2,2026-06-01 21:11:50,Orchard Central,SOK-W-04,Women's Ribbed Crew Socks,Socks,Women,5.9,5.9,False,1,5.9,Card
BUG-20260601-0531,1,2026-06-01 16:37:58,bugis,SOK-M-02,Men's Pile Crew Socks,Socks,Men,5.9,5.9,False,1,5.9,Cash
ORC-20260601-0088,3,2026-06-01 18:30:15,Orchard Central,UND-W-06,  Women's Lace Trim Briefs  ,UNDERWEAR,Women,9.9,9.9,False,1,9.9,Card
BUG-20260601-0525,1,2026-06-01 19:08:19,Bugis,UND-W-10,Women's Wireless Bralette,UNDERWEAR,Women,29.9,29.9,False,1,29.9,cash
BUG-20260601-0549,1,2026-06-01 13:06:55,  Bugis  ,UND-W-03,Women's Cotton Blend Briefs,Underwear,Women,9.9,9.9,False,1,9.9,CARD
ORC-20260601-0391,2,2026-06-01 20:06:36,Orchard Central,UND-M-02,Men's Cotton Blend Trunks,Underwear,men,14.9,14.9,False,1,14.9,PayNow
ORC-20260601-0271,3,2026-06-01 19:41:29,Orchard Central,BTM-W-09,Women's Sweat Shorts,Bottoms,Women,19.9,19.9,False,1,19.9,NETS
BUG-20260601-0568,2,2026-06-01 18:05:40,Bugis,SOK-W-02,  Women's Pile Crew Socks  ,Socks,Women,5.9,5.9,False,1,5.9,Card
ORC-20260601-0090,3,2026-06-01 16:59:01,Orchard Central,TOP-W-01,Women's Airism Cotton Crew Neck T-Shirt,Tops,Women,14.9,14.9,False,1,14.9,Card
ORC-20260601-0978,3,2026-06-01 18:17:32,Orchard Central,SOK-M-02,Men's Pile Crew Socks,Socks,Men,5.9,5.9,False,1,5.9,Card
ORC-20260601-0349,1,2026-06-01 19:36:03,Orchard Central,TOP-M-01,Men's Airism Cotton Crew Neck T-Shirt,Tops,Men,14.9,14.9,False,1,14.9,Cash
ORC-20260601-1103,1,2026-06-01 19:35:26,Orchard Central,SOK-W-06,Women's Heattech Socks,Socks,Women,9.9,9.9,False,1,9.9,Card
PUN-20260601-0378,2,2026-06-01 11:42:06,Punggol,UND-W-01,Women's Airism Bikini Shorts,Underwear,Women,9.9,9.9,False,2,19.8,NETS
ORC-20260601-0506,1,2026-06-01 18:57:46,Orchard Central,SOK-M-04,Men's Ribbed Crew Socks,Socks,Men,5.9,5.9,False,1,5.9,Card
ORC-20260601-0762,2,2026-06-01 12:04:59,Orchard Central,BTM-M-02,Men's Slim Fit Chino Trousers,Bottoms,Men,29.9,29.9,False,1,29.9,PayNow
ORC-20260601-0120,1,2026-06-01 16:21:04,ORCHARD CENTRAL,SOK-W-01,Women's Ankle Socks 3-Pack,Socks,Women,14.9,14.9,False,1,14.9,Card
ORC-20260601-0258,1,2026-06-01 12:56:31,Orchard Central,SOK-W-06,Women's Heattech Socks,Socks,Women,9.9,9.9,False,1,9.9,Cash
ORC-20260601-0597,3,2026-06-01 18:41:26,Orchard Central,UND-M-02,Men's Cotton Blend Trunks,Underwear,MEN,$14.9,14.9,False,1,14.9,PayNow
ORC-20260601-0213,2,2026-06-01 22:22:40,  Orchard Central  ,TOP-M-01,Men's Airism Cotton Crew Neck T-Shirt,Tops,Men,14.9,14.9,False,1,14.9,Card
ORC-20260601-0100,3,2026-06-01 21:38:44,Orchard Central,UND-W-03,  Women's Cotton Blend Briefs  ,Underwear,women,9.9,9.9,False,1,9.9,Card
ORC-20260601-0062,3,2026-06-01 18:02:37,Orchard Central,SOK-M-03,Men's Airism Low-Cut Socks,socks,Men,5.9,5.9,False,1,5.9,NETS
BUG-20260601-0698,2,2026-06-01 19:17:22,Bugis,BTM-M-01,Men's Ezy Ankle Pants,Bottoms,Men,29.9,29.9,False,1,29.9,Card
ORC-20260601-0110,1,2026-06-01 17:46:21,Orchard Central,TOP-M-04,Men's Oxford Long Sleeve Shirt,Tops,Men,29.9,29.9,False,1,29.9,paynow
PUN-20260601-0352,1,2026-06-01 12:16:31,Punggol,BTM-W-01,Women's Ultra Stretch Skinny Jeans,Bottoms,Women,39.9,39.9,False,1,39.9,NETS
BUG-20260601-0438,2,2026-06-01 22:39:43,Bugis,SOK-W-04,Women's Ribbed Crew Socks,Socks,Women,5.9,5.9,False,1,5.9,PayNow
ORC-20260601-0217,1,2026-06-01 20:55:10,Orchard Central,UND-M-07,Men's Stretch Cotton Boxers,UNDERWEAR,Men,14.9,14.9,False,1,$14.9,Card
ORC-20260601-0401,1,2026-06-01 17:22:44,Orchard Central,BTM-M-04,Men's Dry Stretch Shorts,Bottoms,Men,19.9,19.9,False,1,19.9,Card
BUG-20260601-0681,1,2026-06-01 20:08:17,Bugis,SOK-M-06,Men's Heattech Socks,Socks,Men,9.9,9.9,False,2,19.8,PayNow
PUN-20260601-0325,1,2026-06-01 18:03:45,Punggol,UND-W-04,Women's Airism T-Shirt Bra,Underwear,Women,29.9,29.9,False,1,29.9,PayNow
BUG-20260601-0370,1,2026-06-01 17:07:40,Bugis,BTM-W-01,Women's Ultra Stretch Skinny Jeans,Bottoms,women,39.9,39.9,False,1,39.9,Card
ORC-20260601-0897,2,2026-06-01 17:55:32,Orchard Central,UND-W-01,Women's Airism Bikini Shorts,Underwear,Women,9.9,9.9,False,2,19.8,PAYNOW
PUN-20260601-0472,2,2026-06-01 18:25:08,punggol,SOK-W-03,Women's Airism Low-Cut Socks,Socks,Women,5.9,5.9,False,1,5.9,NETS
BUG-20260601-0787,1,2026-06-01 12:12:04,Bugis,SOK-M-01,Men's Ankle Socks 3-Pack,Socks,Men,14.9,14.9,False,1,14.9,Card
ORC-20260601-1090,3,2026-06-01 22:29:22,Orchard Central,TOP-M-01,Men's Airism Cotton Crew Neck T-Shirt,Tops,Men,14.9,14.9,False,1,14.9,PayNow
PUN-20260601-0071,2,2026-06-01 16:19:37,Punggol,UND-W-03,Women's Cotton Blend Briefs,Underwear,Women,9.9,9.9,False,1,9.9,Cash
ORC-20260601-0833,1,2026-06-01 18:23:06,Orchard Central,SOK-M-04,Men's Ribbed Crew Socks,Socks,men,5.9,5.9,False,1,5.9,Cash
PUN-20260601-0069,1,2026-06-01 20:00:05,PUNGGOL,SOK-M-03,Men's Airism Low-Cut Socks,Socks,Men,5.9,5.9,False,1,5.9,NETS
BUG-20260601-0610,1,2026-06-01 14:05:19,Bugis,UND-W-03,Women's Cotton Blend Briefs,underwear,Women,9.9,9.9,False,1,9.9,
PUN-20260601-0491,1,2026-06-01 20:28:24,  Punggol  ,SOK-W-02,Women's Pile Crew Socks,Socks,Women,5.9,5.9,False,2,11.8,NETS
ORC-20260601-0973,1,2026-06-01 12:31:22,Orchard Central,SOK-M-02,Men's Pile Crew Socks,Socks,Men,5.9,5.9,False,1,5.9,Card
PUN-20260601-0196,1,2026-06-01 21:51:02,  Punggol  ,BTM-W-03,Women's Ezy Ankle Pants,BOTTOMS,Women,29.9,29.9,False,1,29.9,PayNow
ORC-20260601-0136,3,2026-06-01 18:02:52,Orchard Central,BTM-M-04,Men's Dry Stretch Shorts,Bottoms,MEN,19.9,19.9,False,1,$19.9,PayNow
PUN-20260601-0241,2,2026-06-01 20:31:59,Punggol,BTM-W-01,Women's Ultra Stretch Skinny Jeans,Bottoms,Women,39.9,39.9,False,1,39.9,NETS
BUG-20260601-0242,1,2026-06-01 14:49:42,Bugis,UND-W-01,Women's Airism Bikini Shorts,UNDERWEAR,Women,9.9,9.9,False,1,9.9,PayNow
PUN-20260601-0546,1,2026-06-01 20:31:04,Punggol,UND-M-04,Men's Cotton Crew Neck Undershirt,Underwear,Men,14.9,14.9,False,1,14.9,Paynow
ORC-20260601-0536,1,2026-06-01 18:34:42,Orchard Central,UND-M-04,Men's Cotton Crew Neck Undershirt,Underwear,Men,14.9,14.9,False,1,14.9,CARD
ORC-20260601-0749,2,2026-06-01 12:57:22,Orchard Central,SOK-W-04,Women's Ribbed Crew Socks,Socks,Women,5.9,5.9,False,1,5.9,Card
ORC-20260601-0380,1,2026-06-01 17:07:37,  Orchard Central  ,SOK-M-03,Men's Airism Low-Cut Socks,Socks,Men,5.9,5.9,False,1,5.9,Card
PUN-20260601-0281,2,2026-06-01 17:50:47,Punggol,TOP-W-03,Women's Silky Satin Blouse,TOPS,Women,39.9,39.9,False,1,39.9,Card
ORC-20260601-1014,2,2026-06-01 20:15:21,orchard central,UND-W-01,Women's Airism Bikini Shorts,Underwear,Women,9.9,9.9,False,1,9.9,Cash
ORC-20260601-0048,2,2026-06-01 21:24:16,Orchard Central,SOK-W-03,Women's Airism Low-Cut Socks,Socks,WOMEN,5.9,5.9,False,1,5.9,Card
PUN-20260601-0462,1,2026-06-01 16:59:13,Punggol,SOK-M-01,Men's Ankle Socks 3-Pack,Socks,Men,14.9,14.9,False,1,14.9,Card
BUG-20260601-0328,1,2026-06-01 16:54:13,Bugis,SOK-M-04,Men's Ribbed Crew Socks,Socks,MEN,5.9,5.9,False,1,5.9,PayNow
PUN-20260601-0325,2,2026-06-01 18:03:45,Punggol,SOK-W-03,Women's Airism Low-Cut Socks,Socks,WOMEN,5.9,5.9,False,2,11.8,PAYNOW
ORC-20260601-0012,3,2026-06-01 14:23:02,Orchard Central,SOK-M-03,Men's Airism Low-Cut Socks,Socks,Men,5.9,5.9,False,1,5.9,Card
PUN-20260601-0099,2,2026-06-01 20:51:10,Punggol,TOP-M-02,Men's Supima Cotton Polo Shirt,Tops,Men,29.9,29.9,False,1,29.9,Card
PUN-20260601-0460,1,2026-06-01 18:35:18,Punggol,UND-M-10,Men's Cotton Blend Briefs,Underwear,Men,9.9,9.9,False,1,9.9,Card
PUN-20260601-0434,1,2026-06-01 18:22:38,Punggol,UND-W-07,Women's Heattech Camisole,Underwear,Women,14.9,14.9,False,2,29.8,Card
PUN-20260601-0214,2,2026-06-01 19:23:15,  Punggol  ,TOP-W-01,Women's Airism Cotton Crew Neck T-Shirt,Tops,Women,14.9,14.9,False,1,14.9,Cash
BUG-20260601-0704,1,2026-06-01 18:33:50,Bugis,SOK-M-04,Men's Ribbed Crew Socks,Socks,Men,5.9,5.9,False,1,5.9,NETS
ORC-20260601-0462,1,2026-06-01 18:05:10,Orchard Central,SOK-W-04,Women's Ribbed Crew Socks,Socks,Women,5.9,5.9,False,1,$5.9,Card
ORC-20260601-0238,1,2026-06-01 13:32:14,Orchard Central,UND-M-04,Men's Cotton Crew Neck Undershirt,Underwear,Men,14.9,14.9,False,2,29.8,PayNow
PUN-20260601-0147,3,2026-06-01 16:06:38,Punggol,SOK-M-04,Men's Ribbed Crew Socks,Socks,Men,$5.9,5.9,False,1,5.9,Card
ORC-20260601-0509,1,2026-06-01 15:06:38,Orchard Central,SOK-W-04,Women's Ribbed Crew Socks,SOCKS,women,5.9,5.9,False,1,$5.9,Cash
ORC-20260601-0353,1,2026-06-01 13:30:28,orchard central,SOK-M-04,Men's Ribbed Crew Socks,Socks,Men,$5.9,5.9,False,1,5.9,PayNow
ORC-20260601-0920,3,2026-06-01 20:36:49,Orchard Central,SOK-M-02,Men's Pile Crew Socks,Socks,Men,$5.9,5.9,False,1,5.9,Card
ORC-20260601-1035,1,2026-06-01 14:45:40,orchard central,SOK-W-02,Women's Pile Crew Socks,Socks,Women,5.9,5.9,False,1,5.9,PayNow
ORC-20260601-0967,3,2026-06-01 20:09:16,Orchard Central,BTM-M-03,Men's Selvedge Regular Fit Jeans,Bottoms,MEN,59.9,59.9,False,1,59.9,NETS
PUN-20260601-0246,2,2026-06-01 19:04:06,  Punggol  ,UND-M-02,Men's Cotton Blend Trunks,Underwear,Men,14.9,14.9,False,1,14.9,Card
ORC-20260601-1097,1,2026-06-01 19:38:31,Orchard Central,BTM-M-01,Men's Ezy Ankle Pants,Bottoms,men,29.9,29.9,False,1,29.9,Card
ORC-20260601-0945,3,2026-06-01 20:47:09,Orchard Central,TOP-M-01,Men's Airism Cotton Crew Neck T-Shirt,Tops,Men,14.9,14.9,False,1,14.9,PayNow
PUN-20260601-0280,1,2026-06-01 13:17:09,Punggol,SOK-M-03,Men's Airism Low-Cut Socks,Socks,Men,5.9,5.9,False,1,5.9,NETS
BUG-20260601-0590,1,2026-06-01 19:38:43,Bugis,UND-M-04,Men's Cotton Crew Neck Undershirt,UNDERWEAR,MEN,14.9,14.9,False,1,14.9,NETS
BUG-20260601-0680,1,2026-06-01 12:50:51,BUGIS,TOP-M-04,Men's Oxford Long Sleeve Shirt,Tops,Men,29.9,29.9,False,1,29.9,PayNow
BUG-20260601-0482,1,2026-06-01 18:07:22,bugis,BTM-W-09,Women's Sweat Shorts,Bottoms,Women,19.9,19.9,False,1,19.9,Cash
BUG-20260601-0835,1,2026-06-01 20:35:54,Bugis,SOK-W-02,Women's Pile Crew Socks,Socks,Women,5.9,5.9,False,1,5.9,Card
ORC-20260601-0665,1,2026-06-01 12:41:43,Orchard Central,UND-M-03,  Men's Airism Mesh Boxer Briefs  ,Underwear,Men,14.9,14.9,False,1,14.9,NETS
ORC-20260601-0648,1,2026-06-01 22:37:52,Orchard Central,UND-W-03,Women's Cotton Blend Briefs,Underwear,Women,9.9,9.9,False,1,9.9,NETS
ORC-20260601-0774,2,2026-06-01 14:00:13,  Orchard Central  ,UND-W-01,  Women's Airism Bikini Shorts  ,Underwear,Women,$9.9,9.9,False,1,9.9,Card
ORC-20260601-0811,2,2026-06-01 21:50:11,Orchard Central,UND-W-03,Women's Cotton Blend Briefs,Underwear,Women,9.9,9.9,False,1,9.9,Card
PUN-20260601-0371,2,2026-06-01 21:26:31,punggol,SOK-M-02,Men's Pile Crew Socks,Socks,Men,5.9,5.9,False,1,5.9,PayNow
PUN-20260601-0089,2,2026-06-01 19:05:57,Punggol,UND-M-01,Men's Airism Boxer Briefs,Underwear,Men,14.9,14.9,False,1,14.9,NETS
ORC-20260601-0374,3,2026-06-01 19:50:08,Orchard Central,SOK-M-04,Men's Ribbed Crew Socks,Socks,MEN,5.9,5.9,False,1,5.9,PayNow
ORC-20260601-0025,1,2026-06-01 16:15:58,Orchard Central,TOP-W-02,,Tops,Women,19.9,19.9,False,1,19.9,PayNow
BUG-20260601-0735,1,2026-06-01 20:30:29,  Bugis  ,SOK-M-02,Men's Pile Crew Socks,Socks,men,5.9,5.9,False,1,5.9,Card
ORC-20260601-0556,2,2026-06-01 21:36:19,ORCHARD CENTRAL,UND-M-02,  Men's Cotton Blend Trunks  ,Underwear,men,14.9,14.9,False,1,14.9,
ORC-20260601-0685,1,2026-06-01 19:48:15,  Orchard Central  ,UND-W-01,Women's Airism Bikini Shorts,Underwear,Women,9.9,9.9,False,1,9.9,PayNow
ORC-20260601-0034,1,2026-06-01 20:49:34,Orchard Central,SOK-M-02,Men's Pile Crew Socks,Socks,Men,5.9,5.9,False,1,5.9,Card
BUG-20260601-0129,2,2026-06-01 22:19:26,Bugis,TOP-W-01,Women's Airism Cotton Crew Neck T-Shirt,Tops,women,14.9,14.9,False,1,14.9,PayNow
BUG-20260601-0655,1,2026-06-01 22:38:32,Bugis,TOP-M-04,Men's Oxford Long Sleeve Shirt,TOPS,Men,29.9,29.9,False,1,29.9,PayNow
BUG-20260601-0798,2,2026-06-01 16:27:28,Bugis,SOK-W-03,Women's Airism Low-Cut Socks,Socks,Women,5.9,5.9,False,2,11.8,Card
ORC-20260601-0897,1,2026-06-01 17:55:32,  Orchard Central  ,UND-W-01,Women's Airism Bikini Shorts,Underwear,Women,9.9,9.9,False,1,9.9,
PUN-20260601-0117,1,2026-06-01 14:48:20,Punggol,TOP-W-02,Women's Ribbed Long Sleeve Turtleneck,Tops,Women,19.9,19.9,False,1,19.9,PayNow
ORC-20260601-0637,1,2026-06-01 12:44:24,Orchard Central,SOK-W-06,Women's Heattech Socks,Socks,Women,9.9,9.9,False,1,9.9,Card
BUG-20260601-0444,3,2026-06-01 19:21:13,Bugis,UND-W-04,Women's Airism T-Shirt Bra,Underwear,Women,29.9,29.9,False,1,29.9,Card
ORC-20260601-0072,1,2026-06-01 22:26:20,Orchard Central,SOK-W-06,Women's Heattech Socks,Socks,Women,9.9,9.9,False,1,9.9,Card
PUN-20260601-0094,2,2026-06-01 20:36:19,Punggol,UND-W-03,Women's Cotton Blend Briefs,Underwear,Women,9.9,9.9,False,1,9.9,Card
BUG-20260601-0820,1,2026-06-01 18:07:53,bugis,SOK-W-03,Women's Airism Low-Cut Socks,Socks,Women,5.9,5.9,False,1,5.9,CARD
BUG-20260601-0359,2,2026-06-01 20:09:10,bugis,UND-W-02,Women's Wireless Bra,underwear,Women,29.9,29.9,False,1,29.9,Card
BUG-20260601-0245,1,2026-06-01 13:36:21,Bugis,TOP-W-04,Women's Heattech Crew Neck Long Sleeve Tee,Tops,Women,14.9,14.9,False,1,14.9,Cash
BUG-20260601-0045,2,2026-06-01 17:02:06,Bugis,UND-W-01,Women's Airism Bikini Shorts,Underwear,Women,9.9,9.9,False,1,9.9,Card
BUG-20260601-0712,3,2026-06-01 19:21:46,Bugis,SOK-M-01,Men's Ankle Socks 3-Pack,Socks,Men,14.9,14.9,False,1,14.9,NETS
ORC-20260601-1019,1,2026-06-01 19:45:10,Orchard Central,UND-M-01,Men's Airism Boxer Briefs,Underwear,Men,$14.9,14.9,False,1,14.9,Cash
ORC-20260601-0351,1,2026-06-01 17:05:52,Orchard Central,BTM-W-03,Women's Ezy Ankle Pants,Bottoms,Women,29.9,29.9,False,1,29.9,Card
ORC-20260601-0438,2,2026-06-01 13:28:49,Orchard Central,SOK-W-04,Women's Ribbed Crew Socks,socks,women,5.9,5.9,False,2,11.8,PayNow
ORC-20260601-0235,1,2026-06-01 14:55:33,Orchard Central,BTM-M-08,Men's Relaxed Fit Denim Shorts,Bottoms,Men,22.99,29.9,True,1,22.99,PayNow
ORC-20260601-0558,1,2026-06-01 18:23:44,Orchard Central,TOP-M-01,Men's Airism Cotton Crew Neck T-Shirt,Tops,Men,14.9,14.9,False,1,14.9,PayNow
BUG-20260601-0376,1,2026-06-01 19:16:24,Bugis,SOK-W-02,Women's Pile Crew Socks,Socks,Women,5.9,5.9,False,1,5.9,Cash
BUG-20260601-0710,1,2026-06-01 19:37:59,Bugis,SOK-W-04,Women's Ribbed Crew Socks,Socks,WOMEN,5.9,5.9,False,1,5.9,Paynow
ORC-20260601-0083,3,2026-06-01 15:17:21,Orchard Central,UND-W-03,Women's Cotton Blend Briefs,Underwear,Women,9.9,9.9,False,1,9.9,Cash
PUN-20260601-0461,1,2026-06-01 12:36:50,Punggol,UND-W-05,Women's Seamless Shorts,Underwear,Women,9.9,9.9,False,1,9.9,PayNow
ORC-20260601-0540,3,2026-06-01 20:32:39,Orchard Central,SOK-M-04,Men's Ribbed Crew Socks,Socks,Men,5.9,5.9,False,1,5.9,Card
ORC-20260601-0286,1,2026-06-01 14:17:39,Orchard Central,SOK-W-02,Women's Pile Crew Socks,Socks,Women,5.9,5.9,False,1,5.9,Cash
ORC-20260601-0259,1,2026-06-01 19:45:37,Orchard Central,SOK-W-02,Women's Pile Crew Socks,Socks,Women,5.9,5.9,False,1,5.9,Paynow
PUN-20260601-0292,1,2026-06-01 20:12:17,Punggol,UND-M-02,  Men's Cotton Blend Trunks  ,Underwear,Men,14.9,14.9,False,1,14.9,Card
BUG-20260601-0513,1,2026-06-01 20:17:58,Bugis,TOP-W-01,Women's Airism Cotton Crew Neck T-Shirt,Tops,Women,14.9,14.9,False,1,14.9,Card
ORC-20260601-0285,2,2026-06-01 17:58:08,Orchard Central,UND-M-02,Men's Cotton Blend Trunks,Underwear,Men,14.9,14.9,False,1,14.9,card
PUN-20260601-0543,1,2026-06-01 11:54:28,Punggol,SOK-M-04,Men's Ribbed Crew Socks,SOCKS,Men,5.9,5.9,False,1,5.9,Paynow
ORC-20260601-1017,1,2026-06-01 18:32:47,Orchard Central,SOK-W-10,Women's Wool Blend Socks,Socks,Women,9.9,9.9,False,1,9.9,NETS
BUG-20260601-0779,1,2026-06-01 20:36:14,Bugis,UND-M-04,Men's Cotton Crew Neck Undershirt,Underwear,Men,14.9,14.9,False,1,14.9,PayNow
ORC-20260601-0155,3,2026-06-01 14:52:55,Orchard Central,SOK-M-04,Men's Ribbed Crew Socks,Socks,Men,5.9,5.9,False,1,5.9,PayNow
ORC-20260601-0468,2,2026-06-01 18:33:29,orchard central,BTM-M-04,  Men's Dry Stretch Shorts  ,Bottoms,men,19.9,19.9,False,1,19.9,Card
BUG-20260601-0419,1,2026-06-01 20:22:53,Bugis,SOK-M-04,Men's Ribbed Crew Socks,Socks,Men,5.9,5.9,False,1,5.9,Card
ORC-20260601-0197,1,2026-06-01 19:40:32,  Orchard Central  ,UND-W-03,  Women's Cotton Blend Briefs  ,Underwear,Women,9.9,9.9,False,1,9.9,Cash
ORC-20260601-0911,3,2026-06-01 22:11:10,Orchard Central,SOK-W-01,Women's Ankle Socks 3-Pack,Socks,Women,14.9,14.9,False,1,14.9,PayNow
ORC-20260601-0179,2,2026-06-01 13:45:23,Orchard Central,UND-W-03,Women's Cotton Blend Briefs,Underwear,Women,9.9,9.9,False,1,9.9,NETS
ORC-20260601-0096,1,2026-06-01 20:41:20,Orchard Central,UND-W-04,Women's Airism T-Shirt Bra,Underwear,Women,29.9,29.9,False,1,29.9,PayNow
BUG-20260601-0677,1,2026-06-01 20:33:53,bugis,UND-M-02,Men's Cotton Blend Trunks,Underwear,Men,14.9,14.9,False,1,14.9,Cash
ORC-20260601-0402,1,2026-06-01 18:29:52,Orchard Central,SOK-M-03,Men's Airism Low-Cut Socks,Socks,MEN,5.9,5.9,False,1,5.9,PayNow
BUG-20260601-0151,1,2026-06-01 18:07:33,Bugis,SOK-W-02,Women's Pile Crew Socks,Socks,women,5.9,5.9,False,1,5.9,PayNow
ORC-20260601-0383,2,2026-06-01 20:24:24,Orchard Central,SOK-M-02,Men's Pile Crew Socks,Socks,Men,5.9,5.9,False,1,5.9,CARD
ORC-20260601-0869,1,2026-06-01 22:43:30,Orchard Central,SOK-W-10,Women's Wool Blend Socks,Socks,WOMEN,9.9,9.9,False,1,9.9,Cash
BUG-20260601-0122,2,2026-06-01 20:43:05,Bugis,TOP-W-01,Women's Airism Cotton Crew Neck T-Shirt,tops,Women,14.9,14.9,False,1,14.9,Card
ORC-20260601-0357,1,2026-06-01 18:06:27,Orchard Central,UND-W-01,Women's Airism Bikini Shorts,Underwear,Women,9.9,9.9,False,1,9.9,Card
PUN-20260601-0498,1,2026-06-01 21:08:30,Punggol,UND-W-01,Women's Airism Bikini Shorts,Underwear,Women,9.9,9.9,False,1,9.9,paynow
PUN-20260601-0153,1,2026-06-01 19:20:50,Punggol,SOK-M-02,Men's Pile Crew Socks,Socks,Men,5.9,5.9,False,1,5.9,NETS
ORC-20260601-0750,2,2026-06-01 14:11:51,ORCHARD CENTRAL,UND-M-04,Men's Cotton Crew Neck Undershirt,Underwear,Men,14.9,14.9,False,2,29.8,PayNow
ORC-20260601-0806,2,2026-06-01 17:06:31,Orchard Central,SOK-W-03,Women's Airism Low-Cut Socks,Socks,Women,5.9,5.9,False,2,11.8,Card
PUN-20260601-0075,2,2026-06-01 14:24:42,Punggol,SOK-M-03,Men's Airism Low-Cut Socks,Socks,Men,5.9,5.9,False,1,5.9,Card
BUG-20260601-0046,1,2026-06-01 17:16:31,Bugis,SOK-M-03,Men's Airism Low-Cut Socks,Socks,Men,5.9,5.9,False,1,5.9,Card
ORC-20260601-0734,1,2026-06-01 21:49:38,orchard central,TOP-W-01,Women's Airism Cotton Crew Neck T-Shirt,tops,Women,14.9,14.9,False,1,14.9,NETS
ORC-20260601-0279,1,2026-06-01 17:31:25,  Orchard Central  ,SOK-W-02,Women's Pile Crew Socks,Socks,women,5.9,5.9,False,1,5.9,Cash
ORC-20260601-0969,1,2026-06-01 20:36:22,  Orchard Central  ,BTM-M-02,Men's Slim Fit Chino Trousers,bottoms,Men,29.9,29.9,False,1,29.9,PayNow
BUG-20260601-0317,3,2026-06-01 20:55:21,Bugis,SOK-M-10,Men's Wool Blend Socks,Socks,Men,9.9,9.9,False,2,19.8,PayNow
ORC-20260601-0903,1,2026-06-01 17:27:25,Orchard Central,SOK-M-02,Men's Pile Crew Socks,Socks,Men,5.9,5.9,False,2,11.8,Cash
BUG-20260601-0032,3,2026-06-01 17:00:11,Bugis,BTM-M-04,Men's Dry Stretch Shorts,Bottoms,Men,19.9,19.9,False,1,19.9,card
ORC-20260601-0797,2,2026-06-01 20:11:12,Orchard Central,SOK-M-03,Men's Airism Low-Cut Socks,Socks,Men,5.9,5.9,False,1,5.9,Cash
ORC-20260601-0722,2,2026-06-01 15:44:14,Orchard Central,SOK-M-08,Men's Cotton Blend Dress Socks,socks,Men,9.9,9.9,False,1,9.9,PayNow
ORC-20260601-0473,3,2026-06-01 21:18:24,Orchard Central,UND-W-02,Women's Wireless Bra,Underwear,women,29.9,29.9,False,1,29.9,NETS
PUN-20260601-0511,2,2026-06-01 14:22:43,Punggol,SOK-W-04,Women's Ribbed Crew Socks,Socks,Women,5.9,5.9,False,1,5.9,PayNow
PUN-20260601-0286,1,2026-06-01 11:54:01,Punggol,UND-W-03,Women's Cotton Blend Briefs,Underwear,Women,9.9,9.9,False,1,9.9,Card
ORC-20260601-0487,2,2026-06-01 18:29:26,Orchard Central,BTM-M-04,Men's Dry Stretch Shorts,Bottoms,Men,19.9,19.9,False,1,19.9,
ORC-20260601-0635,1,2026-06-01 18:22:11,  orchard central  ,BTM-M-08,Men's Relaxed Fit Denim Shorts,Bottoms,Men,22.99,29.9,True,1,22.99,Card
BUG-20260601-0720,2,2026-06-01 18:43:31,Bugis,UND-W-04,Women's Airism T-Shirt Bra,Underwear,Women,29.9,29.9,False,1,$29.9,NETS
ORC-20260601-0835,3,2026-06-01 19:08:05,Orchard Central,TOP-W-04,Women's Heattech Crew Neck Long Sleeve Tee,Tops,Women,14.9,14.9,False,1,14.9,NETS
BUG-20260601-0255,1,2026-06-01 18:10:13,  BUGIS  ,SOK-W-04,Women's Ribbed Crew Socks,Socks,Women,5.9,5.9,False,1,5.9,Card
ORC-20260601-0267,3,2026-06-01 14:20:50,Orchard Central,BTM-W-02,Women's High-Rise Wide Leg Pants,Bottoms,Women,39.9,39.9,False,1,39.9,NETS
PUN-20260601-0201,1,2026-06-01 14:54:01,Punggol,TOP-M-04,Men's Oxford Long Sleeve Shirt,Tops,Men,29.9,29.9,False,1,29.9,Card
ORC-20260601-0005,1,2026-06-01 12:42:24,Orchard Central,SOK-W-03,Women's Airism Low-Cut Socks,Socks,Women,5.9,5.9,False,1,5.9,Card
BUG-20260601-0582,1,2026-06-01 19:28:51,  Bugis  ,SOK-W-03,Women's Airism Low-Cut Socks,Socks,Women,5.9,5.9,False,1,5.9,Card
ORC-20260601-0501,1,2026-06-01 21:36:44,Orchard Central,SOK-M-02,Men's Pile Crew Socks,Socks,Men,5.9,5.9,False,1,$5.9,Card
ORC-20260601-1128,1,2026-06-01 20:31:34,Orchard Central,TOP-M-01,Men's Airism Cotton Crew Neck T-Shirt,Tops,Men,14.9,14.9,False,1,14.9,PAYNOW
PUN-20260601-0172,1,2026-06-01 12:23:38,  Punggol  ,TOP-W-03,Women's Silky Satin Blouse,Tops,Women,39.9,39.9,False,1,39.9,Paynow
ORC-20260601-0720,1,2026-06-01 13:55:06,Orchard Central,TOP-M-02,Men's Supima Cotton Polo Shirt,tops,Men,29.9,29.9,False,1,29.9,PayNow
ORC-20260601-0163,3,2026-06-01 21:34:18,Orchard Central,BTM-W-03,Women's Ezy Ankle Pants,Bottoms,Women,29.9,29.9,False,1,29.9,Card
BUG-20260601-0314,1,2026-06-01 19:46:01,Bugis,BTM-M-04,Men's Dry Stretch Shorts,Bottoms,Men,19.9,19.9,False,1,19.9,NETS
ORC-20260601-0760,2,2026-06-01 21:32:10,Orchard Central,UND-W-03,Women's Cotton Blend Briefs,Underwear,Women,9.9,9.9,False,1,9.9,Card
PUN-20260601-0082,1,2026-06-01 14:35:24,Punggol,SOK-W-02,Women's Pile Crew Socks,Socks,Women,5.9,5.9,False,1,5.9,PayNow
BUG-20260601-0672,1,2026-06-01 13:09:43,Bugis,TOP-W-05,Women's Merino Blend Cardigan,Tops,Women,31.36,39.9,True,1,$31.36,Card
PUN-20260601-0536,3,2026-06-01 15:57:13,Punggol,SOK-W-03,Women's Airism Low-Cut Socks,Socks,Women,5.9,5.9,False,1,5.9,Card
ORC-20260601-0893,2,2026-06-01 20:03:22,Orchard Central,BTM-W-03,Women's Ezy Ankle Pants,BOTTOMS,Women,29.9,29.9,False,1,29.9,cash
BUG-20260601-0096,1,2026-06-01 22:24:23,Bugis,SOK-W-01,Women's Ankle Socks 3-Pack,Socks,Women,14.9,14.9,False,1,14.9,NETS
BUG-20260601-0208,2,2026-06-01 19:15:56,Bugis,SOK-M-04,  Men's Ribbed Crew Socks  ,SOCKS,Men,5.9,5.9,False,1,5.9,Card
PUN-20260601-0489,1,2026-06-01 12:53:01,Punggol,UND-M-04,Men's Cotton Crew Neck Undershirt,Underwear,Men,14.9,14.9,False,1,14.9,NETS
ORC-20260601-0850,2,2026-06-01 12:16:10,Orchard Central,SOK-M-03,Men's Airism Low-Cut Socks,SOCKS,Men,5.9,5.9,False,2,11.8,Card
PUN-20260601-0114,1,2026-06-01 18:58:24,Punggol,SOK-M-04,  Men's Ribbed Crew Socks  ,Socks,Men,5.9,5.9,False,1,5.9,Cash
BUG-20260601-0671,3,2026-06-01 11:23:13,Bugis,TOP-M-03,Men's Dry-EX Crew Neck T-Shirt,Tops,MEN,19.9,19.9,False,1,19.9,PayNow
BUG-20260601-0038,3,2026-06-01 15:52:22,Bugis,SOK-W-04,Women's Ribbed Crew Socks,Socks,women,5.9,5.9,False,1,5.9,Card
PUN-20260601-0269,1,2026-06-01 18:10:19,punggol,TOP-W-01,Women's Airism Cotton Crew Neck T-Shirt,Tops,Women,14.9,14.9,False,1,14.9,Card
ORC-20260601-0418,3,2026-06-01 20:37:16,Orchard Central,TOP-M-03,Men's Dry-EX Crew Neck T-Shirt,tops,Men,19.9,19.9,False,1,19.9,Card
ORC-20260601-0268,2,2026-06-01 20:29:19,  Orchard Central  ,TOP-W-04,Women's Heattech Crew Neck Long Sleeve Tee,Tops,Women,14.9,14.9,False,1,14.9,PayNow
PUN-20260601-0021,1,2026-06-01 20:57:33,  Punggol  ,UND-W-03,Women's Cotton Blend Briefs,UNDERWEAR,Women,9.9,9.9,False,1,9.9,Card
BUG-20260601-0772,1,2026-06-01 22:14:25,Bugis,SOK-M-04,Men's Ribbed Crew Socks,SOCKS,Men,5.9,5.9,False,1,5.9,PayNow
ORC-20260601-1051,1,2026-06-01 21:26:26,Orchard Central,SOK-W-04,Women's Ribbed Crew Socks,Socks,Women,5.9,5.9,False,1,5.9,PayNow
ORC-20260601-0028,2,2026-06-01 17:42:05,Orchard Central,UND-M-04,Men's Cotton Crew Neck Undershirt,Underwear,Men,14.9,14.9,False,1,14.9,NETS
BUG-20260601-0028,2,2026-06-01 21:00:48,Bugis,SOK-W-02,  Women's Pile Crew Socks  ,Socks,Women,5.9,5.9,False,2,11.8,PayNow
BUG-20260601-0081,1,2026-06-01 12:22:37,Bugis,TOP-W-04,Women's Heattech Crew Neck Long Sleeve Tee,Tops,Women,14.9,14.9,False,1,14.9,PayNow
ORC-20260601-0732,2,2026-06-01 19:13:11,Orchard Central,TOP-W-01,Women's Airism Cotton Crew Neck T-Shirt,Tops,Women,14.9,14.9,False,1,14.9,Card
ORC-20260601-0467,2,2026-06-01 18:39:28,  Orchard Central  ,SOK-W-03,Women's Airism Low-Cut Socks,socks,Women,5.9,5.9,False,1,5.9,Cash
PUN-20260601-0298,3,2026-06-01 19:22:37,Punggol,TOP-W-04,Women's Heattech Crew Neck Long Sleeve Tee,Tops,Women,14.9,14.9,False,1,14.9,Card
ORC-20260601-0160,1,2026-06-01 14:03:28,Orchard Central,SOK-W-01,Women's Ankle Socks 3-Pack,Socks,Women,14.9,14.9,False,1,14.9,Card
BUG-20260601-0632,2,2026-06-01 15:07:49,Bugis,SOK-M-03,Men's Airism Low-Cut Socks,Socks,MEN,5.9,5.9,False,1,5.9,Card
ORC-20260601-0950,3,2026-06-01 18:25:27,Orchard Central,UND-W-01,Women's Airism Bikini Shorts,Underwear,Women,9.9,9.9,False,1,9.9,Card
BUG-20260601-0490,3,2026-06-01 13:39:53,  BUGIS  ,UND-M-04,Men's Cotton Crew Neck Undershirt,Underwear,Men,14.9,14.9,False,1,14.9,PayNow
ORC-20260601-0982,3,2026-06-01 19:09:19,Orchard Central,SOK-W-02,Women's Pile Crew Socks,Socks,Women,5.9,5.9,False,1,5.9,NETS
ORC-20260601-0730,2,2026-06-01 20:20:47,  Orchard Central  ,UND-M-04,  Men's Cotton Crew Neck Undershirt  ,Underwear,Men,14.9,14.9,False,1,$14.9,PayNow
PUN-20260601-0106,2,2026-06-01 12:16:01,Punggol,SOK-W-02,Women's Pile Crew Socks,Socks,Women,5.9,5.9,False,1,5.9,Card
ORC-20260601-0599,2,2026-06-01 15:29:43,Orchard Central,SOK-W-04,Women's Ribbed Crew Socks,Socks,women,5.9,5.9,False,1,5.9,
BUG-20260601-0229,1,2026-06-01 16:12:58,Bugis,SOK-M-03,Men's Airism Low-Cut Socks,Socks,MEN,5.9,5.9,False,2,11.8,Card
PUN-20260601-0512,2,2026-06-01 20:13:56,Punggol,UND-M-03,Men's Airism Mesh Boxer Briefs,Underwear,men,14.9,14.9,False,2,29.8,NETS
ORC-20260601-1104,1,2026-06-01 12:50:52,  Orchard Central  ,TOP-M-04,Men's Oxford Long Sleeve Shirt,Tops,Men,29.9,29.9,False,1,$29.9,Card
PUN-20260601-0165,3,2026-06-01 17:44:27,Punggol,SOK-M-01,  Men's Ankle Socks 3-Pack  ,SOCKS,Men,14.9,14.9,False,1,14.9,NETS
BUG-20260601-0090,1,2026-06-01 18:03:00,Bugis,SOK-M-01,Men's Ankle Socks 3-Pack,Socks,Men,14.9,14.9,False,1,14.9,Cash
ORC-20260601-1086,2,2026-06-01 18:47:29,Orchard Central,BTM-M-01,Men's Ezy Ankle Pants,Bottoms,Men,29.9,29.9,False,1,29.9,Card
PUN-20260601-0260,3,2026-06-01 20:50:21,Punggol,SOK-W-04,Women's Ribbed Crew Socks,Socks,Women,5.9,5.9,False,1,5.9,NETS
PUN-20260601-0555,1,2026-06-01 16:49:19,Punggol,SOK-W-04,Women's Ribbed Crew Socks,SOCKS,Women,5.9,5.9,False,1,5.9,Cash
ORC-20260601-0087,1,2026-06-01 16:12:55,orchard central,UND-M-02,  Men's Cotton Blend Trunks  ,UNDERWEAR,Men,14.9,14.9,False,1,14.9,PayNow
ORC-20260601-0798,2,2026-06-01 14:04:32,Orchard Central,SOK-M-03,  Men's Airism Low-Cut Socks  ,Socks,Men,5.9,5.9,False,1,5.9,NETS
PUN-20260601-0412,2,2026-06-01 18:07:01,  Punggol  ,BTM-W-02,Women's High-Rise Wide Leg Pants,bottoms,Women,39.9,39.9,False,1,39.9,NETS
BUG-20260601-0053,2,2026-06-01 14:25:13,Bugis,TOP-M-03,Men's Dry-EX Crew Neck T-Shirt,Tops,Men,19.9,19.9,False,1,19.9,
ORC-20260601-0938,1,2026-06-01 16:22:02,orchard central,SOK-M-04,Men's Ribbed Crew Socks,Socks,Men,5.9,5.9,False,1,5.9,paynow
BUG-20260601-0028,1,2026-06-01 21:00:48,Bugis,UND-M-06,Men's Airism Sleeveless Undershirt,Underwear,Men,9.9,9.9,False,1,9.9,PayNow
PUN-20260601-0086,2,2026-06-01 19:12:41,Punggol,UND-W-01,Women's Airism Bikini Shorts,underwear,Women,9.9,9.9,False,1,9.9,Card
BUG-20260601-0783,2,2026-06-01 20:48:09,Bugis,UND-M-03,Men's Airism Mesh Boxer Briefs,Underwear,Men,14.9,14.9,False,2,29.8,Card
ORC-20260601-0368,1,2026-06-01 20:27:46,Orchard Central,SOK-W-02,Women's Pile Crew Socks,Socks,Women,5.9,5.9,False,1,5.9,Card
PUN-20260601-0282,1,2026-06-01 19:13:22,  Punggol  ,UND-M-01,Men's Airism Boxer Briefs,UNDERWEAR,Men,14.9,14.9,False,1,14.9,Card
BUG-20260601-0169,2,2026-06-01 20:04:46,Bugis,UND-M-08,Men's Airism V-Neck Undershirt,Underwear,Men,9.9,9.9,False,1,9.9,Card
ORC-20260601-1041,3,2026-06-01 16:53:27,orchard central,UND-M-01,Men's Airism Boxer Briefs,Underwear,Men,14.9,14.9,False,1,14.9,Card
ORC-20260601-0879,3,2026-06-01 19:41:16,  Orchard Central  ,BTM-M-01,Men's Ezy Ankle Pants,Bottoms,Men,29.9,29.9,False,1,29.9,Cash
ORC-20260601-0013,1,2026-06-01 16:25:25,  Orchard Central  ,UND-M-01,Men's Airism Boxer Briefs,Underwear,Men,14.9,14.9,False,1,14.9,Card
PUN-20260601-0560,1,2026-06-01 19:32:10,Punggol,UND-W-08,Women's Airism Camisole,Underwear,Women,14.9,14.9,False,1,14.9,PayNow
ORC-20260601-0459,2,2026-06-01 19:57:48,Orchard Central,TOP-W-02,Women's Ribbed Long Sleeve Turtleneck,Tops,Women,19.9,19.9,False,1,19.9,PayNow
BUG-20260601-0213,1,2026-06-01 14:31:31,Bugis,UND-W-09,  Women's Cotton Boyshorts  ,Underwear,Women,9.9,9.9,False,1,9.9,nets
BUG-20260601-0139,1,2026-06-01 19:39:16,Bugis,SOK-W-02,  Women's Pile Crew Socks  ,socks,Women,5.9,5.9,False,1,5.9,Card
ORC-20260601-0970,1,2026-06-01 13:54:27,Orchard Central,SOK-M-02,Men's Pile Crew Socks,Socks,Men,5.9,5.9,False,1,$5.9,Cash
ORC-20260601-0326,2,2026-06-01 13:29:46,Orchard Central,UND-W-01,Women's Airism Bikini Shorts,Underwear,WOMEN,9.9,9.9,False,1,9.9,Card
ORC-20260601-0849,3,2026-06-01 22:11:07,Orchard Central,UND-W-03,Women's Cotton Blend Briefs,UNDERWEAR,Women,9.9,9.9,False,1,9.9,Card
BUG-20260601-0076,1,2026-06-01 20:19:27,Bugis,SOK-M-03,Men's Airism Low-Cut Socks,SOCKS,Men,5.9,5.9,False,1,5.9,CARD
ORC-20260601-0947,3,2026-06-01 20:31:27,Orchard Central,SOK-M-04,Men's Ribbed Crew Socks,Socks,Men,5.9,5.9,False,1,5.9,CASH
BUG-20260601-0261,2,2026-06-01 20:07:52,Bugis,BTM-W-02,Women's High-Rise Wide Leg Pants,bottoms,WOMEN,39.9,39.9,False,1,39.9,Card
BUG-20260601-0634,3,2026-06-01 20:51:02,Bugis,TOP-W-02,Women's Ribbed Long Sleeve Turtleneck,Tops,Women,19.9,19.9,False,1,19.9,Card
ORC-20260601-0533,2,2026-06-01 20:23:35,ORCHARD CENTRAL,TOP-M-01,Men's Airism Cotton Crew Neck T-Shirt,Tops,Men,14.9,14.9,False,1,14.9,NETS
BUG-20260601-0185,1,2026-06-01 17:43:07,  Bugis  ,UND-M-04,Men's Cotton Crew Neck Undershirt,Underwear,Men,14.9,14.9,False,2,29.8,nets
ORC-20260601-0994,3,2026-06-01 18:36:49,Orchard Central,SOK-W-04,Women's Ribbed Crew Socks,Socks,Women,5.9,5.9,False,1,5.9,Cash
ORC-20260601-0429,2,2026-06-01 19:06:49,Orchard Central,SOK-W-04,Women's Ribbed Crew Socks,Socks,Women,5.9,5.9,False,1,5.9,PayNow
BUG-20260601-0279,2,2026-06-01 14:35:32,Bugis,SOK-W-02,Women's Pile Crew Socks,Socks,Women,5.9,5.9,False,2,11.8,Cash
BUG-20260601-0626,3,2026-06-01 19:28:00,bugis,SOK-M-04,Men's Ribbed Crew Socks,Socks,MEN,5.9,5.9,False,1,5.9,NETS
BUG-20260601-0131,2,2026-06-01 11:51:51,Bugis,SOK-M-05,Men's Sport Ankle Socks,Socks,Men,5.9,5.9,False,1,5.9,Card
BUG-20260601-0790,1,2026-06-01 17:51:26,BUGIS,UND-M-06,Men's Airism Sleeveless Undershirt,Underwear,Men,9.9,9.9,False,1,9.9,Card
ORC-20260601-1074,2,2026-06-01 19:12:05,Orchard Central,BTM-M-03,Men's Selvedge Regular Fit Jeans,Bottoms,men,59.9,59.9,False,1,59.9,NETS
BUG-20260601-0645,1,2026-06-01 17:30:18,BUGIS,SOK-M-03,  Men's Airism Low-Cut Socks  ,Socks,Men,5.9,5.9,False,2,11.8,Card
ORC-20260601-0199,3,2026-06-01 21:19:41,Orchard Central,UND-W-03,Women's Cotton Blend Briefs,Underwear,Women,9.9,9.9,False,1,9.9,CARD
PUN-20260601-0574,1,2026-06-01 13:48:17,  Punggol  ,SOK-W-03,Women's Airism Low-Cut Socks,Socks,Women,5.9,5.9,False,1,$5.9,Cash
ORC-20260601-0932,3,2026-06-01 21:44:32,Orchard Central,TOP-M-03,Men's Dry-EX Crew Neck T-Shirt,Tops,Men,19.9,19.9,False,1,19.9,NETS
PUN-20260601-0268,2,2026-06-01 21:59:33,Punggol,UND-W-03,Women's Cotton Blend Briefs,Underwear,Women,9.9,9.9,False,2,19.8,NETS
BUG-20260601-0181,1,2026-06-01 20:22:29,Bugis,SOK-W-03,  Women's Airism Low-Cut Socks  ,Socks,Women,5.9,5.9,False,2,11.8,PayNow
ORC-20260601-0740,2,2026-06-01 17:11:56,Orchard Central,SOK-W-02,Women's Pile Crew Socks,Socks,Women,5.9,5.9,False,2,11.8,Card
ORC-20260601-0979,3,2026-06-01 12:01:14,Orchard Central,BTM-M-03,Men's Selvedge Regular Fit Jeans,bottoms,Men,59.9,59.9,False,1,59.9,paynow
ORC-20260601-0168,1,2026-06-01 19:13:43,Orchard Central,SOK-W-04,Women's Ribbed Crew Socks,Socks,Women,5.9,5.9,False,1,5.9,Card
ORC-20260601-0308,1,2026-06-01 20:05:19,Orchard Central,UND-W-02,Women's Wireless Bra,Underwear,Women,29.9,29.9,False,1,29.9,Cash
BUG-20260601-0327,1,2026-06-01 18:30:15,Bugis,TOP-W-03,Women's Silky Satin Blouse,Tops,Women,39.9,39.9,False,1,39.9,card
ORC-20260601-0865,1,2026-06-01 14:51:43,Orchard Central,UND-W-03,Women's Cotton Blend Briefs,Underwear,Women,9.9,9.9,False,1,9.9,Cash
BUG-20260601-0165,1,2026-06-01 21:20:44,Bugis,UND-M-02,Men's Cotton Blend Trunks,Underwear,Men,14.9,14.9,False,1,14.9,Card
ORC-20260601-0043,2,2026-06-01 20:06:21,Orchard Central,SOK-M-01,Men's Ankle Socks 3-Pack,Socks,Men,14.9,14.9,False,1,14.9,PayNow
ORC-20260601-0085,2,2026-06-01 22:28:24,Orchard Central,UND-M-04,Men's Cotton Crew Neck Undershirt,Underwear,Men,14.9,14.9,False,1,14.9,NETS
ORC-20260601-0267,1,2026-06-01 14:20:50,ORCHARD CENTRAL,TOP-M-04,Men's Oxford Long Sleeve Shirt,Tops,Men,29.9,29.9,False,1,29.9,NETS
BUG-20260601-0828,1,2026-06-01 21:24:48,  Bugis  ,SOK-W-04,Women's Ribbed Crew Socks,Socks,Women,5.9,5.9,False,2,11.8,NETS
PUN-20260601-0023,1,2026-06-01 20:45:53,Punggol,TOP-M-03,Men's Dry-EX Crew Neck T-Shirt,tops,Men,19.9,19.9,False,1,19.9,PayNow
ORC-20260601-0703,1,2026-06-01 19:02:15,Orchard Central,SOK-M-04,Men's Ribbed Crew Socks,socks,Men,5.9,5.9,False,2,11.8,PayNow
BUG-20260601-0148,3,2026-06-01 19:33:24,Bugis,SOK-W-03,Women's Airism Low-Cut Socks,Socks,Women,5.9,5.9,False,1,5.9,paynow
BUG-20260601-0068,2,2026-06-01 12:14:46,Bugis,UND-W-03,Women's Cotton Blend Briefs,Underwear,Women,9.9,9.9,False,1,$9.9,PayNow
BUG-20260601-0394,1,2026-06-01 17:06:20,Bugis,SOK-W-02,Women's Pile Crew Socks,Socks,Women,5.9,5.9,False,1,5.9,PayNow
BUG-20260601-0682,2,2026-06-01 13:12:57,Bugis,SOK-W-03,Women's Airism Low-Cut Socks,Socks,Women,5.9,5.9,False,1,5.9,Card
PUN-20260601-0228,1,2026-06-01 21:53:55,Punggol,TOP-W-01,Women's Airism Cotton Crew Neck T-Shirt,Tops,Women,14.9,14.9,False,1,14.9,Card
BUG-20260601-0697,2,2026-06-01 20:31:44,Bugis,BTM-W-03,Women's Ezy Ankle Pants,Bottoms,Women,29.9,29.9,False,1,29.9,Card
ORC-20260601-0473,1,2026-06-01 21:18:24,  Orchard Central  ,BTM-M-01,Men's Ezy Ankle Pants,Bottoms,Men,29.9,29.9,False,1,29.9,NETS
ORC-20260601-0228,2,2026-06-01 20:43:26,Orchard Central,TOP-W-03,Women's Silky Satin Blouse,TOPS,Women,39.9,39.9,False,1,39.9,Card
ORC-20260601-0146,1,2026-06-01 12:20:17,Orchard Central,TOP-W-03,Women's Silky Satin Blouse,Tops,women,39.9,39.9,False,1,39.9,PayNow
ORC-20260601-0061,2,2026-06-01 18:10:08,ORCHARD CENTRAL,UND-M-02,Men's Cotton Blend Trunks,Underwear,Men,14.9,14.9,False,1,14.9,PayNow
ORC-20260601-1022,2,2026-06-01 21:30:58,Orchard Central,UND-W-01,Women's Airism Bikini Shorts,Underwear,Women,9.9,9.9,False,1,9.9,Card
ORC-20260601-0469,1,2026-06-01 19:41:09,Orchard Central,UND-M-05,Men's Seamless Boxer Briefs,UNDERWEAR,men,14.9,14.9,False,1,14.9,Cash
PUN-20260601-0124,1,2026-06-01 19:09:21,Punggol,UND-M-04,Men's Cotton Crew Neck Undershirt,Underwear,MEN,14.9,14.9,False,1,14.9,PayNow
PUN-20260601-0130,2,2026-06-01 16:25:47,Punggol,SOK-M-01,Men's Ankle Socks 3-Pack,SOCKS,Men,14.9,14.9,False,1,14.9,Cash
ORC-20260601-0137,2,2026-06-01 18:21:43,Orchard Central,SOK-W-04,Women's Ribbed Crew Socks,Socks,Women,$5.9,5.9,False,1,5.9,Paynow
ORC-20260601-0120,3,2026-06-01 16:21:04,Orchard Central,UND-W-03,Women's Cotton Blend Briefs,Underwear,Women,9.9,9.9,False,1,9.9,Card
BUG-20260601-0766,3,2026-06-01 20:50:06,Bugis,TOP-W-04,Women's Heattech Crew Neck Long Sleeve Tee,tops,Women,14.9,14.9,False,1,14.9,NETS
PUN-20260601-0533,1,2026-06-01 20:40:54,Punggol,SOK-W-02,Women's Pile Crew Socks,Socks,Women,5.9,5.9,False,1,5.9,NETS
BUG-20260601-0093,2,2026-06-01 21:51:56,Bugis,TOP-W-01,Women's Airism Cotton Crew Neck T-Shirt,Tops,Women,14.9,14.9,False,1,14.9,PayNow
BUG-20260601-0331,2,2026-06-01 20:14:29,Bugis,TOP-W-03,Women's Silky Satin Blouse,Tops,Women,39.9,39.9,False,1,$39.9,NETS
PUN-20260601-0031,3,2026-06-01 19:56:26,Punggol,BTM-M-03,Men's Selvedge Regular Fit Jeans,Bottoms,Men,59.9,59.9,False,1,59.9,Nets
BUG-20260601-0180,3,2026-06-01 19:33:59,Bugis,SOK-W-02,Women's Pile Crew Socks,Socks,WOMEN,5.9,5.9,False,1,5.9,paynow
PUN-20260601-0057,1,2026-06-01 11:12:50,Punggol,SOK-W-04,Women's Ribbed Crew Socks,SOCKS,Women,5.9,5.9,False,1,5.9,NETS
BUG-20260601-0312,1,2026-06-01 15:51:00,Bugis,SOK-W-02,Women's Pile Crew Socks,Socks,Women,5.9,5.9,False,1,5.9,PayNow
BUG-20260601-0499,1,2026-06-01 17:16:29,Bugis,SOK-W-02,Women's Pile Crew Socks,Socks,Women,5.9,5.9,False,2,11.8,Card
ORC-20260601-0609,1,2026-06-01 20:32:39,Orchard Central,SOK-M-02,Men's Pile Crew Socks,Socks,Men,5.9,5.9,False,1,5.9,Card
ORC-20260601-0011,2,2026-06-01 11:25:59,ORCHARD CENTRAL,SOK-W-02,Women's Pile Crew Socks,Socks,Women,5.9,5.9,False,2,$11.8,Card
ORC-20260601-0793,1,2026-06-01 22:32:45,Orchard Central,SOK-W-10,Women's Wool Blend Socks,Socks,Women,9.9,9.9,False,1,9.9,Card
BUG-20260601-0107,2,2026-06-01 19:10:43,  Bugis  ,SOK-M-02,  Men's Pile Crew Socks  ,Socks,Men,5.9,5.9,False,2,11.8,NETS
ORC-20260601-0531,1,2026-06-01 17:03:09,Orchard Central,UND-M-02,Men's Cotton Blend Trunks,UNDERWEAR,Men,14.9,14.9,False,1,14.9,Card
BUG-20260601-0819,2,2026-06-01 21:35:42,Bugis,UND-W-03,Women's Cotton Blend Briefs,Underwear,Women,9.9,9.9,False,1,9.9,Card
BUG-20260601-0373,1,2026-06-01 20:54:31,Bugis,UND-M-04,Men's Cotton Crew Neck Undershirt,underwear,Men,14.9,14.9,False,1,14.9,NETS
ORC-20260601-1081,1,2026-06-01 13:56:31,ORCHARD CENTRAL,BTM-W-03,Women's Ezy Ankle Pants,Bottoms,Women,29.9,29.9,False,1,29.9,Cash
ORC-20260601-0537,1,2026-06-01 16:19:40,ORCHARD CENTRAL,TOP-W-04,Women's Heattech Crew Neck Long Sleeve Tee,Tops,women,14.9,14.9,False,1,14.9,NETS
ORC-20260601-0747,3,2026-06-01 19:40:46,  Orchard Central  ,UND-W-06,Women's Lace Trim Briefs,Underwear,Women,9.9,9.9,False,1,9.9,CASH
PUN-20260601-0166,1,2026-06-01 22:50:37,PUNGGOL,SOK-M-03,Men's Airism Low-Cut Socks,Socks,Men,5.9,5.9,False,1,5.9,Card
PUN-20260601-0373,3,2026-06-01 18:58:29,PUNGGOL,UND-M-03,Men's Airism Mesh Boxer Briefs,Underwear,Men,14.9,14.9,False,2,29.8,Card
ORC-20260601-0848,1,2026-06-01 20:18:51,Orchard Central,SOK-W-04,Women's Ribbed Crew Socks,SOCKS,Women,5.9,5.9,False,1,5.9,Cash
ORC-20260601-0541,2,2026-06-01 20:52:44,Orchard Central,TOP-M-04,Men's Oxford Long Sleeve Shirt,Tops,Men,29.9,29.9,False,1,29.9,PayNow
ORC-20260601-0561,3,2026-06-01 21:52:57,Orchard Central,SOK-W-02,Women's Pile Crew Socks,socks,Women,5.9,5.9,False,1,5.9,NETS
ORC-20260601-0433,2,2026-06-01 19:57:25,Orchard Central,SOK-W-02,Women's Pile Crew Socks,socks,Women,5.9,5.9,False,1,5.9,paynow
BUG-20260601-0303,1,2026-06-01 17:12:22,Bugis,BTM-W-01,Women's Ultra Stretch Skinny Jeans,bottoms,Women,39.9,39.9,False,1,39.9,PayNow
PUN-20260601-0069,2,2026-06-01 20:00:05,Punggol,SOK-W-02,Women's Pile Crew Socks,Socks,Women,5.9,5.9,False,1,5.9,NETS
BUG-20260601-0084,1,2026-06-01 18:44:36,Bugis,TOP-M-02,Men's Supima Cotton Polo Shirt,Tops,Men,29.9,29.9,False,1,29.9,NETS
ORC-20260601-0946,2,2026-06-01 12:12:00,Orchard Central,SOK-W-02,Women's Pile Crew Socks,Socks,Women,$5.9,5.9,False,1,5.9,Card
ORC-20260601-0450,1,2026-06-01 21:04:51,Orchard Central,TOP-M-04,Men's Oxford Long Sleeve Shirt,Tops,Men,29.9,29.9,False,1,29.9,Cash
BUG-20260601-0350,1,2026-06-01 22:01:13,Bugis,SOK-W-01,Women's Ankle Socks 3-Pack,Socks,Women,14.9,14.9,False,1,14.9,PayNow
ORC-20260601-0197,2,2026-06-01 19:40:32,Orchard Central,SOK-M-04,Men's Ribbed Crew Socks,Socks,Men,5.9,5.9,False,1,5.9,Cash
ORC-20260601-0679,3,2026-06-01 18:12:06,Orchard Central,TOP-W-01,Women's Airism Cotton Crew Neck T-Shirt,Tops,Women,14.9,14.9,False,1,14.9,Cash
ORC-20260601-0131,2,2026-06-01 13:34:45,Orchard Central,TOP-M-01,Men's Airism Cotton Crew Neck T-Shirt,Tops,Men,14.9,14.9,False,1,14.9,PayNow
ORC-20260601-0429,1,2026-06-01 19:06:49,Orchard Central,UND-W-03,Women's Cotton Blend Briefs,Underwear,Women,9.9,9.9,False,1,9.9,PayNow
ORC-20260601-0778,2,2026-06-01 20:12:47,Orchard Central,BTM-W-09,Women's Sweat Shorts,Bottoms,Women,19.9,19.9,False,1,19.9,PayNow
BUG-20260601-0288,2,2026-06-01 18:58:28,Bugis,SOK-M-03,Men's Airism Low-Cut Socks,socks,men,5.9,5.9,False,1,5.9,Card
ORC-20260601-0653,1,2026-06-01 22:51:40,orchard central,TOP-M-01,  Men's Airism Cotton Crew Neck T-Shirt  ,tops,Men,14.9,14.9,False,1,14.9,NETS
ORC-20260601-1132,1,2026-06-01 17:39:19,Orchard Central,SOK-W-01,  Women's Ankle Socks 3-Pack  ,Socks,Women,14.9,14.9,False,1,14.9,Card
PUN-20260601-0452,3,2026-06-01 21:39:57,Punggol,SOK-M-01,Men's Ankle Socks 3-Pack,Socks,Men,14.9,14.9,False,1,14.9,NETS
ORC-20260601-0341,1,2026-06-01 20:19:31,Orchard Central,BTM-W-01,Women's Ultra Stretch Skinny Jeans,Bottoms,Women,39.9,39.9,False,1,39.9,PayNow
ORC-20260601-0804,1,2026-06-01 11:03:39,Orchard Central,SOK-W-03,Women's Airism Low-Cut Socks,socks,Women,5.9,5.9,False,2,11.8,Card
PUN-20260601-0517,1,2026-06-01 21:18:27,Punggol,SOK-M-04,Men's Ribbed Crew Socks,Socks,Men,5.9,5.9,False,2,11.8,Card
ORC-20260601-0928,1,2026-06-01 20:24:26,Orchard Central,BTM-M-04,Men's Dry Stretch Shorts,Bottoms,men,$19.9,19.9,False,1,19.9,PayNow
BUG-20260601-0428,3,2026-06-01 20:41:45,Bugis,UND-M-02,Men's Cotton Blend Trunks,Underwear,Men,14.9,14.9,False,1,14.9,Card
BUG-20260601-0633,1,2026-06-01 20:05:11,Bugis,UND-M-02,Men's Cotton Blend Trunks,Underwear,Men,14.9,14.9,False,1,14.9,Cash
ORC-20260601-0250,1,2026-06-01 20:48:04,Orchard Central,TOP-W-04,Women's Heattech Crew Neck Long Sleeve Tee,Tops,Women,14.9,14.9,False,1,14.9,Card
PUN-20260601-0154,2,2026-06-01 11:45:35,Punggol,UND-W-03,Women's Cotton Blend Briefs,Underwear,Women,9.9,9.9,False,1,9.9,NETS
ORC-20260601-0112,1,2026-06-01 14:29:31,Orchard Central,UND-W-03,Women's Cotton Blend Briefs,Underwear,Women,9.9,9.9,False,1,9.9,Card
PUN-20260601-0288,3,2026-06-01 19:15:53,Punggol,BTM-M-04,Men's Dry Stretch Shorts,Bottoms,men,19.9,19.9,False,1,19.9,Card
BUG-20260601-0317,2,2026-06-01 20:55:21,Bugis,BTM-W-02,Women's High-Rise Wide Leg Pants,Bottoms,Women,39.9,39.9,False,1,39.9,PayNow
PUN-20260601-0454,2,2026-06-01 16:49:49,Punggol,SOK-W-02,Women's Pile Crew Socks,Socks,Women,5.9,5.9,False,1,5.9,Card
BUG-20260601-0400,1,2026-06-01 12:35:19,Bugis,UND-M-02,  Men's Cotton Blend Trunks  ,underwear,Men,14.9,14.9,False,1,14.9,Cash
BUG-20260601-0539,2,2026-06-01 20:48:28,Bugis,SOK-W-02,Women's Pile Crew Socks,Socks,Women,5.9,5.9,False,1,5.9,PayNow
BUG-20260601-0194,1,2026-06-01 17:34:22,Bugis,TOP-W-02,  Women's Ribbed Long Sleeve Turtleneck  ,Tops,women,19.9,19.9,False,1,19.9,NETS
BUG-20260601-0488,2,2026-06-01 18:47:50,  BUGIS  ,SOK-W-02,Women's Pile Crew Socks,socks,women,5.9,5.9,False,1,5.9,Card
BUG-20260601-0004,1,2026-06-01 19:24:38,Bugis,TOP-W-03,Women's Silky Satin Blouse,Tops,Women,39.9,39.9,False,1,39.9,Cash
BUG-20260601-0330,2,2026-06-01 17:29:07,Bugis,TOP-W-05,Women's Merino Blend Cardigan,Tops,Women,31.36,39.9,True,1,31.36,Card
PUN-20260601-0443,1,2026-06-01 13:35:07,  Punggol  ,SOK-W-02,Women's Pile Crew Socks,Socks,Women,5.9,5.9,False,1,5.9,Cash
PUN-20260601-0433,3,2026-06-01 12:54:34,  Punggol  ,SOK-M-04,Men's Ribbed Crew Socks,Socks,Men,5.9,5.9,False,1,5.9,PayNow
PUN-20260601-0529,2,2026-06-01 21:52:34,Punggol,SOK-W-03,Women's Airism Low-Cut Socks,socks,Women,5.9,5.9,False,1,5.9,Card
ORC-20260601-0703,2,2026-06-01 19:02:15,Orchard Central,UND-W-03,Women's Cotton Blend Briefs,Underwear,Women,9.9,9.9,False,1,9.9,
BUG-20260601-0833,1,2026-06-01 15:50:27,  Bugis  ,SOK-M-01,  Men's Ankle Socks 3-Pack  ,socks,Men,14.9,14.9,False,1,14.9,CARD
BUG-20260601-0510,2,2026-06-01 20:06:35,Bugis,UND-M-02,Men's Cotton Blend Trunks,Underwear,Men,14.9,14.9,False,1,14.9,Card
ORC-20260601-0670,2,2026-06-01 20:40:52,Orchard Central,SOK-M-01,Men's Ankle Socks 3-Pack,Socks,Men,14.9,14.9,False,1,14.9,Cash
ORC-20260601-0099,1,2026-06-01 21:46:44,Orchard Central,UND-W-03,  Women's Cotton Blend Briefs  ,Underwear,Women,9.9,9.9,False,1,9.9,paynow
ORC-20260601-0334,1,2026-06-01 12:45:45,Orchard Central,SOK-W-04,Women's Ribbed Crew Socks,Socks,Women,5.9,5.9,False,1,5.9,Paynow
BUG-20260601-0189,2,2026-06-01 18:11:49,Bugis,SOK-M-03,Men's Airism Low-Cut Socks,Socks,Men,5.9,5.9,False,1,5.9,Card
BUG-20260601-0247,1,2026-06-01 19:46:40,Bugis,SOK-W-04,  Women's Ribbed Crew Socks  ,Socks,women,5.9,5.9,False,1,5.9,Card
PUN-20260601-0178,1,2026-06-01 17:00:46,Punggol,SOK-M-06,Men's Heattech Socks,SOCKS,Men,9.9,9.9,False,1,9.9,Cash
PUN-20260601-0314,1,2026-06-01 20:32:36,Punggol,SOK-M-01,  Men's Ankle Socks 3-Pack  ,Socks,Men,14.9,14.9,False,1,14.9,card
BUG-20260601-0149,1,2026-06-01 21:29:15,Bugis,UND-W-01,Women's Airism Bikini Shorts,Underwear,Women,9.9,9.9,False,2,19.8,CARD
PUN-20260601-0553,2,2026-06-01 21:09:01,Punggol,SOK-W-02,Women's Pile Crew Socks,Socks,Women,$5.9,5.9,False,2,11.8,PAYNOW
BUG-20260601-0374,1,2026-06-01 19:43:34,Bugis,SOK-M-04,Men's Ribbed Crew Socks,socks,Men,5.9,5.9,False,1,5.9,PayNow
BUG-20260601-0067,1,2026-06-01 21:59:30,Bugis,TOP-M-03,Men's Dry-EX Crew Neck T-Shirt,Tops,Men,19.9,19.9,False,1,19.9,
ORC-20260601-0244,1,2026-06-01 17:33:26,Orchard Central,SOK-W-03,Women's Airism Low-Cut Socks,Socks,Women,5.9,5.9,False,1,5.9,Cash
ORC-20260601-0115,2,2026-06-01 13:48:27,Orchard Central,SOK-W-02,Women's Pile Crew Socks,Socks,Women,5.9,5.9,False,2,11.8,Cash
ORC-20260601-0405,1,2026-06-01 20:11:00,orchard central,UND-M-05,Men's Seamless Boxer Briefs,Underwear,men,14.9,14.9,False,1,14.9,Card
ORC-20260601-0603,1,2026-06-01 20:39:49,Orchard Central,TOP-W-04,Women's Heattech Crew Neck Long Sleeve Tee,Tops,Women,14.9,14.9,False,1,14.9,card
ORC-20260601-0667,1,2026-06-01 18:39:13,Orchard Central,SOK-M-04,Men's Ribbed Crew Socks,Socks,Men,5.9,5.9,False,1,5.9,PayNow
PUN-20260601-0487,1,2026-06-01 18:35:11,Punggol,UND-W-01,  Women's Airism Bikini Shorts  ,Underwear,Women,9.9,9.9,False,2,19.8,Cash
BUG-20260601-0274,3,2026-06-01 13:04:33,Bugis,BTM-W-02,Women's High-Rise Wide Leg Pants,Bottoms,Women,39.9,39.9,False,1,39.9,NETS
ORC-20260601-0396,2,2026-06-01 22:16:53,  ORCHARD CENTRAL  ,TOP-M-01,  Men's Airism Cotton Crew Neck T-Shirt  ,Tops,Men,14.9,14.9,False,1,14.9,PayNow
PUN-20260601-0157,3,2026-06-01 21:26:54,Punggol,SOK-W-03,Women's Airism Low-Cut Socks,Socks,Women,5.9,5.9,False,1,5.9,Card
ORC-20260601-0830,1,2026-06-01 17:53:41,Orchard Central,TOP-W-01,  Women's Airism Cotton Crew Neck T-Shirt  ,Tops,Women,14.9,14.9,False,1,14.9,Card
BUG-20260601-0393,1,2026-06-01 19:53:03,Bugis,SOK-W-02,Women's Pile Crew Socks,socks,Women,5.9,5.9,False,2,11.8,Cash
ORC-20260601-0287,3,2026-06-01 11:07:31,  Orchard Central  ,TOP-W-01,Women's Airism Cotton Crew Neck T-Shirt,Tops,Women,14.9,14.9,False,1,14.9,
BUG-20260601-0018,2,2026-06-01 20:55:44,Bugis,UND-W-01,Women's Airism Bikini Shorts,UNDERWEAR,Women,9.9,9.9,False,1,9.9,Card
ORC-20260601-0683,2,2026-06-01 20:48:57,Orchard Central,SOK-W-04,Women's Ribbed Crew Socks,Socks,Women,5.9,5.9,False,1,5.9,Card
BUG-20260601-0193,1,2026-06-01 22:48:02,Bugis,SOK-W-02,Women's Pile Crew Socks,Socks,Women,5.9,5.9,False,1,5.9,PayNow
BUG-20260601-0419,2,2026-06-01 20:22:53,  BUGIS  ,SOK-M-03,Men's Airism Low-Cut Socks,Socks,Men,5.9,5.9,False,1,5.9,Card
ORC-20260601-0902,1,2026-06-01 14:34:27,  Orchard Central  ,UND-W-01,Women's Airism Bikini Shorts,Underwear,Women,9.9,9.9,False,1,9.9,PayNow
ORC-20260601-0415,2,2026-06-01 20:36:38,Orchard Central,UND-M-01,Men's Airism Boxer Briefs,UNDERWEAR,Men,14.9,14.9,False,2,29.8,Cash
ORC-20260601-0329,2,2026-06-01 17:01:54,Orchard Central,BTM-M-04,Men's Dry Stretch Shorts,Bottoms,Men,19.9,19.9,False,1,19.9,Cash
PUN-20260601-0449,1,2026-06-01 16:28:38,Punggol,UND-W-02,Women's Wireless Bra,Underwear,Women,29.9,29.9,False,1,29.9,PayNow
ORC-20260601-0807,2,2026-06-01 16:57:06,Orchard Central,TOP-W-01,  Women's Airism Cotton Crew Neck T-Shirt  ,Tops,Women,14.9,14.9,False,1,14.9,Card
BUG-20260601-0115,2,2026-06-01 17:33:37,BUGIS,TOP-M-02,Men's Supima Cotton Polo Shirt,Tops,Men,29.9,29.9,False,1,29.9,Card
BUG-20260601-0699,1,2026-06-01 17:26:14,Bugis,UND-M-04,Men's Cotton Crew Neck Undershirt,UNDERWEAR,Men,14.9,14.9,False,2,29.8,NETS
BUG-20260601-0051,3,2026-06-01 15:29:49,Bugis,SOK-M-02,Men's Pile Crew Socks,Socks,Men,5.9,5.9,False,1,5.9,CARD
ORC-20260601-0455,3,2026-06-01 12:21:43,Orchard Central,UND-M-04,Men's Cotton Crew Neck Undershirt,Underwear,Men,14.9,14.9,False,1,14.9,Card
BUG-20260601-0254,3,2026-06-01 17:22:48,  BUGIS  ,BTM-W-02,  Women's High-Rise Wide Leg Pants  ,Bottoms,Women,39.9,39.9,False,1,39.9,NETS
PUN-20260601-0556,2,2026-06-01 18:05:57,punggol,BTM-M-09,Men's Linen Blend Trousers,Bottoms,Men,39.9,39.9,False,1,39.9,cash
ORC-20260601-0856,1,2026-06-01 20:04:34,Orchard Central,UND-M-01,Men's Airism Boxer Briefs,Underwear,Men,14.9,14.9,False,1,14.9,Card
PUN-20260601-0344,3,2026-06-01 21:08:53,Punggol,SOK-W-03,  Women's Airism Low-Cut Socks  ,Socks,Women,5.9,5.9,False,1,5.9,Cash
ORC-20260601-0982,2,2026-06-01 19:09:19,ORCHARD CENTRAL,UND-W-01,Women's Airism Bikini Shorts,Underwear,Women,9.9,9.9,False,1,9.9,NETS
ORC-20260601-0901,1,2026-06-01 18:46:17,Orchard Central,BTM-M-02,Men's Slim Fit Chino Trousers,Bottoms,Men,29.9,29.9,False,1,29.9,Cash
PUN-20260601-0193,2,2026-06-01 21:05:08,Punggol,UND-W-03,Women's Cotton Blend Briefs,Underwear,Women,9.9,9.9,False,1,$9.9,NETS
PUN-20260601-0079,2,2026-06-01 22:17:24,Punggol,SOK-W-03,Women's Airism Low-Cut Socks,Socks,Women,5.9,5.9,False,1,5.9,PayNow
ORC-20260601-0274,1,2026-06-01 21:05:46,Orchard Central,SOK-W-02,Women's Pile Crew Socks,Socks,Women,5.9,5.9,False,1,5.9,Card
BUG-20260601-0001,1,2026-06-01 19:13:28,Bugis,UND-W-09,Women's Cotton Boyshorts,Underwear,Women,9.9,9.9,False,2,19.8,NETS
BUG-20260601-0628,1,2026-06-01 13:32:24,Bugis,SOK-M-04,Men's Ribbed Crew Socks,SOCKS,Men,5.9,5.9,False,1,5.9,
ORC-20260601-0100,2,2026-06-01 21:38:44,Orchard Central,SOK-M-01,Men's Ankle Socks 3-Pack,SOCKS,men,14.9,14.9,False,1,14.9,Card
PUN-20260601-0047,1,2026-06-01 21:46:59,Punggol,BTM-W-02,Women's High-Rise Wide Leg Pants,Bottoms,Women,39.9,39.9,False,1,39.9,nets
BUG-20260601-0396,1,2026-06-01 20:43:17,Bugis,TOP-W-01,Women's Airism Cotton Crew Neck T-Shirt,Tops,Women,14.9,14.9,False,1,14.9,Card
ORC-20260601-0218,1,2026-06-01 14:21:43,Orchard Central,TOP-W-04,Women's Heattech Crew Neck Long Sleeve Tee,tops,Women,14.9,14.9,False,1,14.9,NETS
PUN-20260601-0180,3,2026-06-01 22:49:50,Punggol,SOK-W-02,  Women's Pile Crew Socks  ,Socks,Women,5.9,5.9,False,2,11.8,Card
BUG-20260601-0283,3,2026-06-01 22:16:03,Bugis,TOP-M-02,Men's Supima Cotton Polo Shirt,Tops,Men,29.9,29.9,False,1,29.9,Card
PUN-20260601-0267,1,2026-06-01 19:24:25,  Punggol  ,SOK-W-06,Women's Heattech Socks,Socks,Women,9.9,9.9,False,1,9.9,card
PUN-20260601-0221,1,2026-06-01 12:59:57,Punggol,TOP-M-04,Men's Oxford Long Sleeve Shirt,Tops,Men,29.9,29.9,False,1,29.9,cash
ORC-20260601-0308,3,2026-06-01 20:05:19,ORCHARD CENTRAL,SOK-M-08,Men's Cotton Blend Dress Socks,Socks,Men,9.9,9.9,False,2,19.8,Cash
ORC-20260601-0335,1,2026-06-01 20:25:43,Orchard Central,SOK-M-08,Men's Cotton Blend Dress Socks,Socks,Men,9.9,9.9,False,1,9.9,PayNow
ORC-20260601-0895,1,2026-06-01 12:32:34,Orchard Central,SOK-M-03,Men's Airism Low-Cut Socks,Socks,Men,5.9,5.9,False,1,5.9,PayNow
ORC-20260601-0278,1,2026-06-01 18:08:43,Orchard Central,UND-W-06,Women's Lace Trim Briefs,Underwear,Women,9.9,9.9,False,1,9.9,PayNow
PUN-20260601-0253,2,2026-06-01 18:42:16,  Punggol  ,BTM-M-01,Men's Ezy Ankle Pants,Bottoms,Men,29.9,29.9,False,1,29.9,NETS
BUG-20260601-0166,1,2026-06-01 19:37:17,Bugis,UND-M-07,Men's Stretch Cotton Boxers,Underwear,Men,14.9,14.9,False,1,14.9,Card
PUN-20260601-0213,1,2026-06-01 21:56:43,PUNGGOL,TOP-W-01,Women's Airism Cotton Crew Neck T-Shirt,Tops,Women,14.9,14.9,False,1,14.9,card
ORC-20260601-0579,1,2026-06-01 20:43:20,Orchard Central,SOK-W-01,Women's Ankle Socks 3-Pack,Socks,Women,14.9,14.9,False,1,$14.9,Cash
PUN-20260601-0292,3,2026-06-01 20:12:17,Punggol,UND-M-01,Men's Airism Boxer Briefs,Underwear,Men,14.9,14.9,False,1,14.9,Card
PUN-20260601-0516,2,2026-06-01 12:44:08,Punggol,SOK-M-08,Men's Cotton Blend Dress Socks,Socks,Men,9.9,9.9,False,1,9.9,Card
BUG-20260601-0364,1,2026-06-01 20:08:15,Bugis,SOK-W-04,Women's Ribbed Crew Socks,Socks,Women,5.9,5.9,False,1,5.9,Card
ORC-20260601-0974,2,2026-06-01 19:59:49,  Orchard Central  ,UND-M-04,Men's Cotton Crew Neck Undershirt,Underwear,Men,14.9,14.9,False,1,14.9,Card
ORC-20260601-0448,1,2026-06-01 14:01:27,Orchard Central,SOK-W-03,  Women's Airism Low-Cut Socks  ,Socks,Women,5.9,5.9,False,1,5.9,Cash
BUG-20260601-0494,2,2026-06-01 22:13:05,Bugis,SOK-M-01,Men's Ankle Socks 3-Pack,Socks,Men,14.9,14.9,False,1,14.9,card
PUN-20260601-0339,1,2026-06-01 14:31:00,Punggol,SOK-W-03,Women's Airism Low-Cut Socks,Socks,Women,5.9,5.9,False,1,$5.9,Card
ORC-20260601-0481,2,2026-06-01 17:20:12,Orchard Central,TOP-W-02,Women's Ribbed Long Sleeve Turtleneck,Tops,women,19.9,19.9,False,1,19.9,PayNow
BUG-20260601-0247,2,2026-06-01 19:46:40,BUGIS,TOP-M-04,Men's Oxford Long Sleeve Shirt,Tops,Men,29.9,29.9,False,1,29.9,Card
PUN-20260601-0558,1,2026-06-01 18:11:21,Punggol,TOP-W-02,Women's Ribbed Long Sleeve Turtleneck,Tops,Women,19.9,19.9,False,1,19.9,Cash
PUN-20260601-0298,1,2026-06-01 19:22:37,Punggol,SOK-W-04,Women's Ribbed Crew Socks,Socks,Women,5.9,5.9,False,1,5.9,Card
ORC-20260601-0863,2,2026-06-01 21:14:21,Orchard Central,SOK-W-01,Women's Ankle Socks 3-Pack,socks,Women,14.9,14.9,False,1,14.9,Card
BUG-20260601-0172,3,2026-06-01 20:32:49,Bugis,TOP-M-08,  Men's Linen Blend Short Sleeve Shirt  ,Tops,Men,29.9,29.9,False,1,29.9,
ORC-20260601-0003,1,2026-06-01 21:36:21,Orchard Central,UND-W-01,Women's Airism Bikini Shorts,Underwear,Women,9.9,9.9,False,1,9.9,Card
BUG-20260601-0193,3,2026-06-01 22:48:02,Bugis,SOK-W-04,Women's Ribbed Crew Socks,Socks,Women,5.9,5.9,False,2,11.8,PayNow
BUG-20260601-0082,1,2026-06-01 20:09:12,Bugis,SOK-W-04,Women's Ribbed Crew Socks,Socks,Women,5.9,5.9,False,1,5.9,CARD
ORC-20260601-1092,2,2026-06-01 15:49:00,Orchard Central,SOK-W-01,Women's Ankle Socks 3-Pack,Socks,Women,14.9,14.9,False,1,14.9,
ORC-20260601-0844,2,2026-06-01 19:36:41,Orchard Central,TOP-W-01,Women's Airism Cotton Crew Neck T-Shirt,Tops,Women,14.9,14.9,False,1,14.9,paynow
BUG-20260601-0722,3,2026-06-01 21:46:58,Bugis,TOP-W-02,Women's Ribbed Long Sleeve Turtleneck,Tops,Women,19.9,19.9,False,1,19.9,Paynow
ORC-20260601-0201,2,2026-06-01 16:11:18,orchard central,BTM-M-08,  Men's Relaxed Fit Denim Shorts  ,Bottoms,Men,22.99,29.9,True,1,22.99,Card
ORC-20260601-0735,1,2026-06-01 22:16:08,ORCHARD CENTRAL,UND-M-06,Men's Airism Sleeveless Undershirt,Underwear,men,9.9,9.9,False,1,9.9,PayNow
BUG-20260601-0780,1,2026-06-01 12:28:21,Bugis,BTM-W-06,  Women's Jersey Jogger Pants  ,Bottoms,Women,21.94,29.9,True,1,21.94,Card
ORC-20260601-0500,1,2026-06-01 16:28:29,Orchard Central,TOP-M-03,Men's Dry-EX Crew Neck T-Shirt,Tops,Men,19.9,19.9,False,1,19.9,Card
BUG-20260601-0631,1,2026-06-01 13:22:42,Bugis,SOK-W-01,Women's Ankle Socks 3-Pack,Socks,Women,14.9,14.9,False,2,29.8,NETS
PUN-20260601-0512,1,2026-06-01 20:13:56,PUNGGOL,TOP-W-04,Women's Heattech Crew Neck Long Sleeve Tee,Tops,Women,14.9,14.9,False,1,14.9,NETS
ORC-20260601-0037,2,2026-06-01 20:23:12,Orchard Central,UND-M-02,Men's Cotton Blend Trunks,UNDERWEAR,Men,14.9,14.9,False,1,14.9,Card
BUG-20260601-0489,1,2026-06-01 20:02:30,Bugis,SOK-M-01,Men's Ankle Socks 3-Pack,Socks,Men,14.9,14.9,False,1,14.9,PayNow
BUG-20260601-0174,2,2026-06-01 16:58:10,Bugis,SOK-W-01,Women's Ankle Socks 3-Pack,Socks,Women,14.9,14.9,False,2,29.8,PayNow
PUN-20260601-0400,1,2026-06-01 17:03:39,Punggol,TOP-W-04,Women's Heattech Crew Neck Long Sleeve Tee,Tops,Women,14.9,14.9,False,1,14.9,Card
PUN-20260601-0245,3,2026-06-01 21:19:52,Punggol,SOK-M-04,Men's Ribbed Crew Socks,Socks,Men,5.9,5.9,False,1,5.9,PayNow
PUN-20260601-0564,1,2026-06-01 19:13:58,Punggol,TOP-M-02,Men's Supima Cotton Polo Shirt,Tops,Men,29.9,29.9,False,1,29.9,PayNow
PUN-20260601-0369,1,2026-06-01 16:56:06,Punggol,SOK-M-08,Men's Cotton Blend Dress Socks,Socks,MEN,9.9,9.9,False,1,9.9,Card
PUN-20260601-0519,2,2026-06-01 15:49:36,Punggol,UND-W-05,Women's Seamless Shorts,Underwear,Women,9.9,9.9,False,1,9.9,Card
BUG-20260601-0012,3,2026-06-01 20:07:18,Bugis,SOK-W-02,  Women's Pile Crew Socks  ,Socks,Women,5.9,5.9,False,1,5.9,paynow
ORC-20260601-0860,2,2026-06-01 18:39:19,Orchard Central,SOK-M-02,Men's Pile Crew Socks,Socks,men,5.9,5.9,False,1,5.9,Cash
PUN-20260601-0310,2,2026-06-01 11:45:42,Punggol,TOP-W-03,Women's Silky Satin Blouse,Tops,women,39.9,39.9,False,1,39.9,Cash
BUG-20260601-0504,2,2026-06-01 18:06:17,  Bugis  ,UND-M-02,  Men's Cotton Blend Trunks  ,underwear,Men,14.9,14.9,False,1,14.9,paynow
ORC-20260601-0900,1,2026-06-01 17:48:52,Orchard Central,BTM-W-01,Women's Ultra Stretch Skinny Jeans,Bottoms,Women,39.9,39.9,False,1,39.9,Card
ORC-20260601-0876,1,2026-06-01 12:24:29,Orchard Central,SOK-M-03,Men's Airism Low-Cut Socks,SOCKS,men,5.9,5.9,False,1,5.9,CARD
ORC-20260601-0733,1,2026-06-01 19:16:49,Orchard Central,SOK-M-02,Men's Pile Crew Socks,Socks,men,5.9,5.9,False,1,5.9,NETS
BUG-20260601-0605,1,2026-06-01 16:00:34,Bugis,BTM-W-06,Women's Jersey Jogger Pants,Bottoms,WOMEN,21.94,29.9,True,1,21.94,Card
ORC-20260601-0791,2,2026-06-01 16:03:23,Orchard Central,SOK-W-04,Women's Ribbed Crew Socks,Socks,Women,5.9,5.9,False,2,11.8,PayNow
ORC-20260601-0350,1,2026-06-01 20:13:49,orchard central,SOK-W-04,  Women's Ribbed Crew Socks  ,Socks,Women,5.9,5.9,False,1,5.9,Cash
PUN-20260601-0345,1,2026-06-01 18:22:33,Punggol,TOP-M-01,Men's Airism Cotton Crew Neck T-Shirt,Tops,MEN,14.9,14.9,False,1,14.9,Card
ORC-20260601-0508,1,2026-06-01 12:01:17,Orchard Central,UND-M-02,Men's Cotton Blend Trunks,UNDERWEAR,Men,14.9,14.9,False,1,14.9,Card
ORC-20260601-0907,3,2026-06-01 19:18:12,Orchard Central,SOK-M-03,Men's Airism Low-Cut Socks,SOCKS,Men,5.9,5.9,False,1,5.9,PayNow
ORC-20260601-0281,3,2026-06-01 16:32:31,Orchard Central,SOK-W-04,Women's Ribbed Crew Socks,Socks,WOMEN,5.9,5.9,False,1,5.9,PayNow
BUG-20260601-0542,3,2026-06-01 21:51:48,  Bugis  ,SOK-W-01,Women's Ankle Socks 3-Pack,Socks,Women,14.9,14.9,False,1,14.9,Card
ORC-20260601-0667,3,2026-06-01 18:39:13,Orchard Central,SOK-M-01,Men's Ankle Socks 3-Pack,Socks,Men,14.9,14.9,False,1,14.9,Paynow
PUN-20260601-0232,1,2026-06-01 18:40:36,Punggol,SOK-W-03,Women's Airism Low-Cut Socks,Socks,Women,5.9,5.9,False,1,$5.9,Card
ORC-20260601-0878,1,2026-06-01 11:57:33,Orchard Central,SOK-W-03,Women's Airism Low-Cut Socks,Socks,Women,5.9,5.9,False,1,5.9,Nets
ORC-20260601-0252,3,2026-06-01 12:21:36,Orchard Central,TOP-M-03,Men's Dry-EX Crew Neck T-Shirt,Tops,Men,19.9,19.9,False,1,19.9,NETS
ORC-20260601-1050,1,2026-06-01 21:26:38,Orchard Central,SOK-M-03,Men's Airism Low-Cut Socks,SOCKS,Men,5.9,5.9,False,1,5.9,Card
BUG-20260601-0699,2,2026-06-01 17:26:14,  Bugis  ,SOK-M-01,Men's Ankle Socks 3-Pack,Socks,Men,14.9,14.9,False,1,14.9,nets
PUN-20260601-0579,1,2026-06-01 20:02:49,Punggol,BTM-W-03,Women's Ezy Ankle Pants,bottoms,Women,29.9,29.9,False,1,29.9,Card
ORC-20260601-1085,3,2026-06-01 21:16:39,Orchard Central,TOP-W-01,Women's Airism Cotton Crew Neck T-Shirt,TOPS,WOMEN,14.9,14.9,False,1,14.9,Card
ORC-20260601-0583,2,2026-06-01 13:40:34,Orchard Central,SOK-M-03,Men's Airism Low-Cut Socks,Socks,MEN,5.9,5.9,False,1,5.9,CARD
ORC-20260601-0961,1,2026-06-01 20:31:12,Orchard Central,SOK-M-04,Men's Ribbed Crew Socks,Socks,Men,5.9,5.9,False,2,11.8,Paynow
PUN-20260601-0266,1,2026-06-01 13:21:52,Punggol,SOK-W-06,Women's Heattech Socks,Socks,Women,9.9,9.9,False,1,9.9,PayNow
BUG-20260601-0569,2,2026-06-01 20:17:18,Bugis,UND-M-04,Men's Cotton Crew Neck Undershirt,Underwear,Men,14.9,14.9,False,1,14.9,Cash
BUG-20260601-0757,2,2026-06-01 12:38:27,Bugis,SOK-W-01,Women's Ankle Socks 3-Pack,Socks,Women,14.9,14.9,False,1,14.9,Card
ORC-20260601-0230,1,2026-06-01 15:29:56,Orchard Central,SOK-M-03,Men's Airism Low-Cut Socks,socks,Men,5.9,5.9,False,1,5.9,Card
BUG-20260601-0187,1,2026-06-01 12:39:30,Bugis,BTM-M-02,Men's Slim Fit Chino Trousers,Bottoms,Men,29.9,29.9,False,1,29.9,Card
ORC-20260601-0553,2,2026-06-01 13:58:54,Orchard Central,UND-W-03,Women's Cotton Blend Briefs,Underwear,Women,9.9,9.9,False,1,9.9,CASH
ORC-20260601-0033,2,2026-06-01 20:23:46,Orchard Central,SOK-W-04,Women's Ribbed Crew Socks,Socks,Women,5.9,5.9,False,2,11.8,Card
BUG-20260601-0506,1,2026-06-01 16:36:18,Bugis,SOK-W-02,  Women's Pile Crew Socks  ,Socks,Women,5.9,5.9,False,2,11.8,Cash
ORC-20260601-0380,2,2026-06-01 17:07:37,Orchard Central,SOK-W-02,Women's Pile Crew Socks,Socks,Women,5.9,5.9,False,1,5.9,Card
ORC-20260601-0673,2,2026-06-01 16:42:32,Orchard Central,UND-W-03,Women's Cotton Blend Briefs,Underwear,Women,9.9,9.9,False,1,9.9,Cash
ORC-20260601-0228,1,2026-06-01 20:43:26,Orchard Central,TOP-M-03,Men's Dry-EX Crew Neck T-Shirt,Tops,Men,$19.9,19.9,False,1,19.9,Card
ORC-20260601-0256,1,2026-06-01 14:28:07,Orchard Central,UND-M-03,Men's Airism Mesh Boxer Briefs,Underwear,Men,14.9,14.9,False,1,14.9,CARD
ORC-20260601-0350,2,2026-06-01 20:13:49,Orchard Central,UND-M-04,Men's Cotton Crew Neck Undershirt,Underwear,MEN,14.9,14.9,False,1,14.9,Cash
ORC-20260601-0452,1,2026-06-01 13:26:51,Orchard Central,BTM-M-02,Men's Slim Fit Chino Trousers,Bottoms,MEN,$29.9,29.9,False,1,29.9,Card
ORC-20260601-0423,2,2026-06-01 14:34:37,Orchard Central,SOK-W-03,Women's Airism Low-Cut Socks,Socks,Women,5.9,5.9,False,1,5.9,Cash
ORC-20260601-1009,1,2026-06-01 22:06:20,Orchard Central,UND-W-01,Women's Airism Bikini Shorts,Underwear,Women,9.9,9.9,False,2,19.8,Card
ORC-20260601-0546,3,2026-06-01 17:07:50,  ORCHARD CENTRAL  ,BTM-W-02,Women's High-Rise Wide Leg Pants,Bottoms,Women,39.9,39.9,False,1,39.9,Card
ORC-20260601-0857,3,2026-06-01 19:35:49,Orchard Central,SOK-M-03,Men's Airism Low-Cut Socks,Socks,Men,5.9,5.9,False,1,5.9,NETS
PUN-20260601-0170,1,2026-06-01 20:27:47,Punggol,UND-W-03,Women's Cotton Blend Briefs,Underwear,Women,9.9,9.9,False,1,9.9,Cash
ORC-20260601-0363,1,2026-06-01 16:05:44,Orchard Central,SOK-M-02,Men's Pile Crew Socks,Socks,Men,5.9,5.9,False,2,11.8,Card
ORC-20260601-0953,3,2026-06-01 11:59:10,ORCHARD CENTRAL,UND-M-07,Men's Stretch Cotton Boxers,Underwear,Men,14.9,14.9,False,1,14.9,NETS
ORC-20260601-1111,1,2026-06-01 18:13:52,Orchard Central,UND-M-04,Men's Cotton Crew Neck Undershirt,Underwear,Men,14.9,14.9,False,1,14.9,Cash
PUN-20260601-0185,2,2026-06-01 17:40:28,Punggol,SOK-M-01,Men's Ankle Socks 3-Pack,Socks,Men,$14.9,14.9,False,1,14.9,Cash
BUG-20260601-0320,1,2026-06-01 18:53:14,Bugis,TOP-W-01,Women's Airism Cotton Crew Neck T-Shirt,Tops,WOMEN,14.9,14.9,False,1,$14.9,Card
ORC-20260601-0151,2,2026-06-01 19:09:45,  ORCHARD CENTRAL  ,UND-W-04,Women's Airism T-Shirt Bra,underwear,Women,29.9,29.9,False,1,29.9,PAYNOW
BUG-20260601-0203,2,2026-06-01 21:01:56,Bugis,TOP-W-02,Women's Ribbed Long Sleeve Turtleneck,Tops,Women,19.9,19.9,False,1,19.9,cash
ORC-20260601-0821,1,2026-06-01 20:35:04,Orchard Central,UND-M-02,Men's Cotton Blend Trunks,Underwear,Men,14.9,14.9,False,1,14.9,Card
PUN-20260601-0359,1,2026-06-01 11:46:03,  Punggol  ,UND-M-02,Men's Cotton Blend Trunks,Underwear,Men,14.9,14.9,False,1,14.9,Card
BUG-20260601-0198,2,2026-06-01 18:49:08,Bugis,SOK-W-04,Women's Ribbed Crew Socks,Socks,Women,5.9,5.9,False,1,5.9,NETS
ORC-20260601-1047,3,2026-06-01 19:57:45,Orchard Central,SOK-W-04,Women's Ribbed Crew Socks,SOCKS,Women,5.9,5.9,False,1,5.9,Cash
PUN-20260601-0125,2,2026-06-01 14:43:55,Punggol,BTM-M-04,Men's Dry Stretch Shorts,Bottoms,Men,19.9,19.9,False,1,19.9,PayNow
ORC-20260601-0224,2,2026-06-01 22:32:29,Orchard Central,TOP-W-02,Women's Ribbed Long Sleeve Turtleneck,Tops,Women,19.9,19.9,False,1,19.9,Card
ORC-20260601-0957,1,2026-06-01 19:12:06,Orchard Central,UND-M-04,Men's Cotton Crew Neck Undershirt,UNDERWEAR,Men,14.9,14.9,False,1,14.9,PayNow
ORC-20260601-0504,1,2026-06-01 19:24:56,Orchard Central,BTM-W-01,Women's Ultra Stretch Skinny Jeans,Bottoms,Women,39.9,39.9,False,1,39.9,PayNow
PUN-20260601-0007,1,2026-06-01 20:10:18,Punggol,SOK-W-06,Women's Heattech Socks,Socks,Women,9.9,9.9,False,1,9.9,Card
BUG-20260601-0080,1,2026-06-01 15:27:48,Bugis,SOK-W-02,Women's Pile Crew Socks,Socks,Women,5.9,5.9,False,1,5.9,Card
PUN-20260601-0147,1,2026-06-01 16:06:38,Punggol,SOK-W-02,Women's Pile Crew Socks,Socks,Women,5.9,5.9,False,1,5.9,CARD
PUN-20260601-0063,1,2026-06-01 14:45:18,Punggol,TOP-W-04,Women's Heattech Crew Neck Long Sleeve Tee,Tops,Women,14.9,14.9,False,1,14.9,Card
ORC-20260601-0372,1,2026-06-01 19:32:56,Orchard Central,SOK-M-04,  Men's Ribbed Crew Socks  ,Socks,Men,5.9,5.9,False,1,5.9,Card
BUG-20260601-0760,1,2026-06-01 18:52:15,bugis,TOP-W-03,Women's Silky Satin Blouse,Tops,women,39.9,39.9,False,1,39.9,Card
BUG-20260601-0445,2,2026-06-01 11:41:46,Bugis,SOK-M-02,Men's Pile Crew Socks,Socks,Men,5.9,5.9,False,1,5.9,PayNow
ORC-20260601-0547,1,2026-06-01 19:11:43,ORCHARD CENTRAL,TOP-W-01,Women's Airism Cotton Crew Neck T-Shirt,Tops,Women,14.9,14.9,False,1,14.9,PayNow
PUN-20260601-0393,1,2026-06-01 22:00:40,Punggol,SOK-M-01,  Men's Ankle Socks 3-Pack  ,Socks,Men,14.9,14.9,False,1,14.9,paynow
ORC-20260601-0662,1,2026-06-01 21:41:34,Orchard Central,BTM-W-02,Women's High-Rise Wide Leg Pants,Bottoms,Women,39.9,39.9,False,1,39.9,cash
ORC-20260601-1039,1,2026-06-01 22:56:01,Orchard Central,SOK-M-04,Men's Ribbed Crew Socks,SOCKS,Men,5.9,5.9,False,2,11.8,PayNow
BUG-20260601-0705,2,2026-06-01 21:35:52,Bugis,SOK-W-02,Women's Pile Crew Socks,Socks,Women,5.9,5.9,False,1,5.9,Cash
BUG-20260601-0070,1,2026-06-01 15:01:59,BUGIS,SOK-M-02,Men's Pile Crew Socks,Socks,Men,5.9,5.9,False,2,11.8,Card
BUG-20260601-0656,1,2026-06-01 20:35:56,Bugis,UND-W-02,Women's Wireless Bra,Underwear,Women,29.9,29.9,False,1,$29.9,Card
BUG-20260601-0256,2,2026-06-01 20:46:04,  Bugis  ,SOK-M-02,Men's Pile Crew Socks,Socks,men,5.9,5.9,False,1,5.9,Card
PUN-20260601-0161,1,2026-06-01 22:05:37,Punggol,TOP-M-03,Men's Dry-EX Crew Neck T-Shirt,Tops,Men,19.9,19.9,False,1,19.9,NETS
ORC-20260601-1080,2,2026-06-01 20:24:04,Orchard Central,TOP-M-02,Men's Supima Cotton Polo Shirt,Tops,Men,29.9,29.9,False,1,29.9,PayNow
BUG-20260601-0106,1,2026-06-01 20:39:40,Bugis,SOK-W-03,Women's Airism Low-Cut Socks,socks,Women,5.9,5.9,False,1,5.9,card
ORC-20260601-0257,1,2026-06-01 15:19:49,Orchard Central,TOP-W-01,Women's Airism Cotton Crew Neck T-Shirt,Tops,Women,14.9,14.9,False,1,14.9,Cash
PUN-20260601-0157,1,2026-06-01 21:26:54,Punggol,SOK-W-02,Women's Pile Crew Socks,socks,Women,5.9,5.9,False,1,5.9,CARD
PUN-20260601-0197,1,2026-06-01 21:22:48,Punggol,SOK-M-03,Men's Airism Low-Cut Socks,Socks,Men,5.9,5.9,False,2,11.8,Cash
PUN-20260601-0445,2,2026-06-01 21:50:52,Punggol,BTM-M-02,Men's Slim Fit Chino Trousers,Bottoms,Men,29.9,29.9,False,1,29.9,Card
PUN-20260601-0102,3,2026-06-01 22:31:41,punggol,SOK-W-04,Women's Ribbed Crew Socks,Socks,Women,5.9,5.9,False,1,5.9,Cash
ORC-20260601-0347,2,2026-06-01 12:39:27,ORCHARD CENTRAL,TOP-M-04,Men's Oxford Long Sleeve Shirt,Tops,Men,29.9,29.9,False,1,29.9,CARD
ORC-20260601-0567,1,2026-06-01 19:44:55,  Orchard Central  ,UND-M-04,Men's Cotton Crew Neck Undershirt,Underwear,Men,14.9,14.9,False,1,14.9,NETS
ORC-20260601-0600,1,2026-06-01 14:22:19,Orchard Central,UND-M-01,  Men's Airism Boxer Briefs  ,UNDERWEAR,Men,14.9,14.9,False,1,14.9,NETS
ORC-20260601-0747,1,2026-06-01 19:40:46,Orchard Central,UND-W-01,Women's Airism Bikini Shorts,Underwear,Women,9.9,9.9,False,1,9.9,Cash
BUG-20260601-0335,2,2026-06-01 22:10:19,Bugis,TOP-W-04,Women's Heattech Crew Neck Long Sleeve Tee,Tops,women,14.9,14.9,False,1,14.9,Cash
ORC-20260601-0570,1,2026-06-01 19:03:12,Orchard Central,SOK-W-04,  Women's Ribbed Crew Socks  ,Socks,Women,5.9,5.9,False,1,5.9,Cash
ORC-20260601-0288,2,2026-06-01 13:56:39,Orchard Central,TOP-W-01,Women's Airism Cotton Crew Neck T-Shirt,Tops,Women,14.9,14.9,False,1,14.9,Card
ORC-20260601-0813,3,2026-06-01 19:59:44,Orchard Central,UND-W-04,Women's Airism T-Shirt Bra,Underwear,Women,29.9,29.9,False,1,29.9,Card
ORC-20260601-0830,3,2026-06-01 17:53:41,Orchard Central,SOK-M-03,Men's Airism Low-Cut Socks,Socks,Men,5.9,5.9,False,1,5.9,Card
PUN-20260601-0037,3,2026-06-01 15:42:02,punggol,TOP-W-03,Women's Silky Satin Blouse,Tops,Women,39.9,39.9,False,1,39.9,Card
BUG-20260601-0091,2,2026-06-01 19:44:55,Bugis,UND-W-01,Women's Airism Bikini Shorts,Underwear,Women,9.9,9.9,False,1,9.9,Card
BUG-20260601-0752,3,2026-06-01 15:22:38,BUGIS,UND-M-04,Men's Cotton Crew Neck Undershirt,Underwear,Men,14.9,14.9,False,1,$14.9,CARD
ORC-20260601-1095,2,2026-06-01 11:33:45,Orchard Central,TOP-M-02,Men's Supima Cotton Polo Shirt,Tops,Men,29.9,29.9,False,1,29.9,PayNow
PUN-20260601-0248,2,2026-06-01 21:33:54,Punggol,SOK-W-04,  Women's Ribbed Crew Socks  ,Socks,Women,5.9,5.9,False,1,5.9,Card
PUN-20260601-0447,2,2026-06-01 17:59:44,  Punggol  ,SOK-M-01,Men's Ankle Socks 3-Pack,Socks,Men,14.9,14.9,False,1,14.9,Card
ORC-20260601-0517,2,2026-06-01 19:05:40,Orchard Central,SOK-M-04,Men's Ribbed Crew Socks,Socks,Men,5.9,5.9,False,1,5.9,Cash
BUG-20260601-0641,2,2026-06-01 13:19:21,Bugis,UND-W-03,Women's Cotton Blend Briefs,Underwear,Women,9.9,9.9,False,1,9.9,Card
BUG-20260601-0821,1,2026-06-01 19:35:45,Bugis,SOK-W-02,Women's Pile Crew Socks,Socks,WOMEN,5.9,5.9,False,1,5.9,Card
PUN-20260601-0318,1,2026-06-01 14:18:26,Punggol,BTM-M-03,Men's Selvedge Regular Fit Jeans,Bottoms,Men,$59.9,59.9,False,1,59.9,PayNow
ORC-20260601-0899,1,2026-06-01 20:45:12,ORCHARD CENTRAL,SOK-W-03,Women's Airism Low-Cut Socks,Socks,Women,5.9,5.9,False,1,5.9,Paynow
ORC-20260601-0354,1,2026-06-01 20:03:54,Orchard Central,TOP-W-02,Women's Ribbed Long Sleeve Turtleneck,Tops,Women,19.9,19.9,False,1,19.9,PayNow
BUG-20260601-0652,1,2026-06-01 19:47:02,Bugis,SOK-W-04,Women's Ribbed Crew Socks,Socks,Women,5.9,5.9,False,1,5.9,Card
ORC-20260601-0433,1,2026-06-01 19:57:25,Orchard Central,UND-M-02,Men's Cotton Blend Trunks,Underwear,Men,14.9,14.9,False,1,$14.9,PayNow
ORC-20260601-0276,3,2026-06-01 16:24:49,Orchard Central,SOK-M-02,Men's Pile Crew Socks,Socks,Men,5.9,5.9,False,1,5.9,CARD
PUN-20260601-0373,2,2026-06-01 18:58:29,Punggol,UND-M-01,  Men's Airism Boxer Briefs  ,Underwear,Men,14.9,14.9,False,1,14.9,Card
ORC-20260601-0624,2,2026-06-01 17:11:25,Orchard Central,UND-W-04,Women's Airism T-Shirt Bra,Underwear,Women,29.9,29.9,False,1,29.9,PayNow
PUN-20260601-0088,2,2026-06-01 12:27:22,Punggol,UND-W-03,Women's Cotton Blend Briefs,Underwear,Women,9.9,9.9,False,1,9.9,Nets
ORC-20260601-1121,1,2026-06-01 20:26:56,Orchard Central,SOK-M-02,Men's Pile Crew Socks,Socks,Men,5.9,5.9,False,1,5.9,NETS
ORC-20260601-0056,1,2026-06-01 20:23:15,  Orchard Central  ,TOP-W-02,Women's Ribbed Long Sleeve Turtleneck,Tops,Women,19.9,19.9,False,1,19.9,PayNow
BUG-20260601-0303,2,2026-06-01 17:12:22,Bugis,SOK-M-03,Men's Airism Low-Cut Socks,Socks,Men,5.9,5.9,False,1,5.9,PAYNOW
BUG-20260601-0088,3,2026-06-01 13:34:17,Bugis,SOK-M-03,Men's Airism Low-Cut Socks,Socks,Men,5.9,5.9,False,1,5.9,NETS
ORC-20260601-0229,1,2026-06-01 11:57:08,Orchard Central,SOK-W-10,Women's Wool Blend Socks,Socks,Women,9.9,9.9,False,1,9.9,Card
PUN-20260601-0517,2,2026-06-01 21:18:27,Punggol,SOK-W-07,  Women's Striped Crew Socks  ,Socks,Women,5.9,5.9,False,2,11.8,Card
PUN-20260601-0541,1,2026-06-01 18:38:42,Punggol,SOK-W-03,Women's Airism Low-Cut Socks,Socks,Women,5.9,5.9,False,1,5.9,Card
ORC-20260601-0340,2,2026-06-01 17:24:05,Orchard Central,SOK-M-04,Men's Ribbed Crew Socks,Socks,Men,5.9,5.9,False,2,11.8,cash
PUN-20260601-0361,1,2026-06-01 21:32:28,Punggol,UND-M-02,Men's Cotton Blend Trunks,Underwear,Men,14.9,14.9,False,1,14.9,Card
PUN-20260601-0230,1,2026-06-01 20:40:06,Punggol,TOP-W-04,Women's Heattech Crew Neck Long Sleeve Tee,Tops,Women,14.9,14.9,False,1,14.9,Cash
ORC-20260601-1098,3,2026-06-01 20:57:10,Orchard Central,UND-W-01,Women's Airism Bikini Shorts,Underwear,women,9.9,9.9,False,1,9.9,Card
ORC-20260601-1027,3,2026-06-01 13:44:42,Orchard Central,SOK-W-02,Women's Pile Crew Socks,Socks,Women,5.9,5.9,False,1,5.9,NETS
PUN-20260601-0533,2,2026-06-01 20:40:54,Punggol,UND-W-08,  Women's Airism Camisole  ,Underwear,Women,14.9,14.9,False,1,14.9,NETS
PUN-20260601-0149,1,2026-06-01 21:50:35,Punggol,SOK-W-02,Women's Pile Crew Socks,Socks,Women,5.9,5.9,False,1,5.9,NETS
BUG-20260601-0577,1,2026-06-01 22:47:46,Bugis,SOK-W-03,Women's Airism Low-Cut Socks,Socks,Women,5.9,5.9,False,1,5.9,Cash
PUN-20260601-0372,1,2026-06-01 21:29:06,Punggol,SOK-M-01,Men's Ankle Socks 3-Pack,Socks,Men,14.9,14.9,False,2,29.8,Cash
ORC-20260601-0467,1,2026-06-01 18:39:28,Orchard Central,SOK-W-02,Women's Pile Crew Socks,Socks,Women,5.9,5.9,False,1,5.9,
BUG-20260601-0308,2,2026-06-01 18:53:08,bugis,SOK-M-03,Men's Airism Low-Cut Socks,Socks,Men,5.9,5.9,False,1,5.9,Card
BUG-20260601-0152,2,2026-06-01 18:28:06,Bugis,UND-M-03,Men's Airism Mesh Boxer Briefs,Underwear,Men,14.9,14.9,False,1,14.9,Cash
ORC-20260601-0809,1,2026-06-01 22:01:00,Orchard Central,SOK-M-04,  Men's Ribbed Crew Socks  ,Socks,Men,5.9,5.9,False,1,5.9,Card
PUN-20260601-0017,2,2026-06-01 21:00:49,Punggol,UND-W-03,Women's Cotton Blend Briefs,Underwear,Women,9.9,9.9,False,1,9.9,Card
BUG-20260601-0282,2,2026-06-01 11:05:23,Bugis,BTM-W-02,Women's High-Rise Wide Leg Pants,Bottoms,Women,39.9,39.9,False,1,$39.9,PayNow
BUG-20260601-0042,2,2026-06-01 14:24:15,Bugis,SOK-W-03,Women's Airism Low-Cut Socks,Socks,Women,5.9,5.9,False,1,5.9,Card
ORC-20260601-0409,1,2026-06-01 21:58:28,Orchard Central,UND-W-03,Women's Cotton Blend Briefs,underwear,Women,9.9,9.9,False,1,9.9,Card
BUG-20260601-0415,3,2026-06-01 20:24:31,BUGIS,UND-W-09,Women's Cotton Boyshorts,Underwear,Women,9.9,9.9,False,1,9.9,PayNow
ORC-20260601-0134,2,2026-06-01 21:21:12,Orchard Central,SOK-W-03,Women's Airism Low-Cut Socks,Socks,Women,5.9,5.9,False,1,5.9,Card
ORC-20260601-0525,1,2026-06-01 17:37:34,Orchard Central,UND-M-06,Men's Airism Sleeveless Undershirt,UNDERWEAR,Men,9.9,9.9,False,1,9.9,Cash
ORC-20260601-0190,2,2026-06-01 19:41:06,Orchard Central,SOK-M-02,,Socks,Men,5.9,5.9,False,1,5.9,Cash
BUG-20260601-0209,1,2026-06-01 11:27:03,Bugis,SOK-W-02,Women's Pile Crew Socks,Socks,Women,5.9,5.9,False,1,$5.9,Cash
PUN-20260601-0173,1,2026-06-01 19:18:42,Punggol,TOP-W-02,Women's Ribbed Long Sleeve Turtleneck,Tops,Women,19.9,19.9,False,1,19.9,Cash
ORC-20260601-0115,1,2026-06-01 13:48:27,Orchard Central,TOP-M-02,Men's Supima Cotton Polo Shirt,Tops,Men,29.9,29.9,False,1,29.9,Cash
PUN-20260601-0468,1,2026-06-01 16:56:08,Punggol,BTM-W-02,Women's High-Rise Wide Leg Pants,Bottoms,Women,39.9,39.9,False,1,39.9,Card
PUN-20260601-0309,2,2026-06-01 19:12:07,Punggol,UND-W-05,Women's Seamless Shorts,Underwear,women,9.9,9.9,False,1,9.9,Card
BUG-20260601-0490,2,2026-06-01 13:39:53,BUGIS,SOK-W-03,Women's Airism Low-Cut Socks,Socks,Women,5.9,5.9,False,1,5.9,PayNow
BUG-20260601-0009,1,2026-06-01 16:48:10,  Bugis  ,UND-W-01,Women's Airism Bikini Shorts,Underwear,Women,9.9,9.9,False,1,9.9,Card
BUG-20260601-0372,3,2026-06-01 20:21:38,Bugis,UND-W-02,  Women's Wireless Bra  ,Underwear,Women,29.9,29.9,False,1,29.9,PayNow
ORC-20260601-0619,1,2026-06-01 22:23:35,Orchard Central,TOP-W-02,Women's Ribbed Long Sleeve Turtleneck,Tops,Women,19.9,19.9,False,1,19.9,card
BUG-20260601-0623,1,2026-06-01 17:54:19,Bugis,BTM-W-06,Women's Jersey Jogger Pants,Bottoms,Women,21.94,29.9,True,1,21.94,PAYNOW
PUN-20260601-0549,2,2026-06-01 18:36:14,Punggol,SOK-M-04,Men's Ribbed Crew Socks,SOCKS,Men,5.9,5.9,False,1,5.9,CASH
BUG-20260601-0693,3,2026-06-01 21:22:01,Bugis,SOK-W-02,Women's Pile Crew Socks,Socks,Women,5.9,5.9,False,1,5.9,
BUG-20260601-0611,2,2026-06-01 18:05:12,Bugis,SOK-W-03,Women's Airism Low-Cut Socks,Socks,Women,5.9,5.9,False,1,5.9,PayNow
ORC-20260601-0184,2,2026-06-01 13:42:48,ORCHARD CENTRAL,TOP-M-01,Men's Airism Cotton Crew Neck T-Shirt,Tops,Men,14.9,14.9,False,1,14.9,card
BUG-20260601-0302,1,2026-06-01 17:41:21,Bugis,UND-M-04,Men's Cotton Crew Neck Undershirt,Underwear,Men,14.9,14.9,False,1,14.9,PayNow
ORC-20260601-0183,2,2026-06-01 21:58:38,Orchard Central,UND-W-03,Women's Cotton Blend Briefs,Underwear,Women,9.9,9.9,False,1,9.9,Card
PUN-20260601-0288,1,2026-06-01 19:15:53,Punggol,SOK-W-02,Women's Pile Crew Socks,SOCKS,Women,5.9,5.9,False,2,11.8,Card
BUG-20260601-0150,2,2026-06-01 21:02:54,Bugis,UND-W-04,Women's Airism T-Shirt Bra,Underwear,Women,29.9,29.9,False,2,59.8,PayNow
ORC-20260601-0540,2,2026-06-01 20:32:39,orchard central,SOK-W-04,Women's Ribbed Crew Socks,Socks,Women,5.9,5.9,False,1,5.9,
BUG-20260601-0123,1,2026-06-01 19:35:18,Bugis,TOP-W-02,Women's Ribbed Long Sleeve Turtleneck,Tops,Women,19.9,19.9,False,1,19.9,PayNow
BUG-20260601-0203,1,2026-06-01 21:01:56,Bugis,UND-W-09,Women's Cotton Boyshorts,Underwear,Women,9.9,9.9,False,1,9.9,Cash
BUG-20260601-0249,1,2026-06-01 22:01:37,Bugis,SOK-W-03,Women's Airism Low-Cut Socks,SOCKS,Women,5.9,5.9,False,1,5.9,Cash
PUN-20260601-0201,2,2026-06-01 14:54:01,  Punggol  ,TOP-M-03,Men's Dry-EX Crew Neck T-Shirt,Tops,Men,19.9,19.9,False,1,19.9,Card
PUN-20260601-0583,2,2026-06-01 20:09:16,Punggol,SOK-M-04,  Men's Ribbed Crew Socks  ,Socks,Men,5.9,5.9,False,1,5.9,Card
ORC-20260601-0346,2,2026-06-01 11:58:29,Orchard Central,TOP-M-04,Men's Oxford Long Sleeve Shirt,Tops,Men,29.9,29.9,False,1,29.9,PayNow
ORC-20260601-0479,2,2026-06-01 12:05:10,  ORCHARD CENTRAL  ,SOK-W-09,Women's No-Show Sneaker Socks,SOCKS,Women,5.9,5.9,False,2,11.8,Card
ORC-20260601-0178,2,2026-06-01 19:30:58,Orchard Central,SOK-W-02,Women's Pile Crew Socks,Socks,Women,5.9,5.9,False,1,5.9,PayNow
PUN-20260601-0530,1,2026-06-01 13:19:05,Punggol,TOP-W-03,Women's Silky Satin Blouse,Tops,Women,39.9,39.9,False,1,39.9,PayNow
BUG-20260601-0228,1,2026-06-01 15:01:46,Bugis,TOP-W-01,  Women's Airism Cotton Crew Neck T-Shirt  ,Tops,Women,14.9,14.9,False,1,14.9,Card
PUN-20260601-0242,1,2026-06-01 13:29:25,Punggol,SOK-W-01,  Women's Ankle Socks 3-Pack  ,Socks,Women,14.9,14.9,False,1,14.9,PayNow
ORC-20260601-1082,1,2026-06-01 16:08:19,Orchard Central,BTM-M-04,Men's Dry Stretch Shorts,Bottoms,Men,19.9,19.9,False,1,19.9,Card
PUN-20260601-0039,1,2026-06-01 20:02:41,Punggol,SOK-W-02,Women's Pile Crew Socks,Socks,Women,5.9,5.9,False,1,5.9,PayNow
ORC-20260601-0269,1,2026-06-01 15:14:36,orchard central,BTM-W-03,Women's Ezy Ankle Pants,Bottoms,Women,29.9,29.9,False,1,29.9,NETS
PUN-20260601-0151,3,2026-06-01 20:17:33,Punggol,UND-W-03,Women's Cotton Blend Briefs,Underwear,Women,9.9,9.9,False,1,9.9,Card
BUG-20260601-0823,2,2026-06-01 17:54:10,Bugis,SOK-W-03,Women's Airism Low-Cut Socks,Socks,Women,5.9,5.9,False,2,11.8,Card
BUG-20260601-0535,2,2026-06-01 20:44:56,Bugis,SOK-W-02,Women's Pile Crew Socks,Socks,Women,5.9,5.9,False,1,5.9,Card
ORC-20260601-0261,2,2026-06-01 20:48:58,Orchard Central,UND-W-04,Women's Airism T-Shirt Bra,Underwear,WOMEN,29.9,29.9,False,1,29.9,Card
ORC-20260601-0757,2,2026-06-01 21:26:48,Orchard Central,TOP-W-02,Women's Ribbed Long Sleeve Turtleneck,Tops,Women,19.9,19.9,False,1,19.9,CARD
ORC-20260601-0583,3,2026-06-01 13:40:34,Orchard Central,UND-M-03,Men's Airism Mesh Boxer Briefs,Underwear,Men,14.9,14.9,False,1,14.9,Card
PUN-20260601-0009,1,2026-06-01 18:43:52,PUNGGOL,SOK-M-02,Men's Pile Crew Socks,Socks,Men,5.9,5.9,False,1,5.9,NETS
ORC-20260601-0303,1,2026-06-01 18:33:24,ORCHARD CENTRAL,UND-W-03,Women's Cotton Blend Briefs,Underwear,Women,$9.9,9.9,False,1,9.9,Card
BUG-20260601-0477,3,2026-06-01 20:48:59,  Bugis  ,SOK-M-02,Men's Pile Crew Socks,Socks,Men,5.9,5.9,False,1,5.9,PayNow
ORC-20260601-0489,2,2026-06-01 17:13:26,Orchard Central,SOK-W-04,Women's Ribbed Crew Socks,Socks,Women,5.9,5.9,False,1,5.9,PayNow
BUG-20260601-0060,2,2026-06-01 18:36:01,Bugis,TOP-M-02,Men's Supima Cotton Polo Shirt,Tops,Men,29.9,29.9,False,1,29.9,Cash
ORC-20260601-0408,1,2026-06-01 15:08:43,Orchard Central,TOP-M-04,Men's Oxford Long Sleeve Shirt,TOPS,Men,29.9,29.9,False,1,29.9,PAYNOW
PUN-20260601-0210,2,2026-06-01 17:01:31,Punggol,TOP-W-04,Women's Heattech Crew Neck Long Sleeve Tee,Tops,Women,14.9,14.9,False,1,14.9,Card
ORC-20260601-0141,2,2026-06-01 20:38:31,  Orchard Central  ,BTM-M-03,Men's Selvedge Regular Fit Jeans,Bottoms,Men,59.9,59.9,False,1,59.9,NETS
BUG-20260601-0735,2,2026-06-01 20:30:29,Bugis,UND-M-07,Men's Stretch Cotton Boxers,underwear,Men,$14.9,14.9,False,1,14.9,Card
ORC-20260601-0404,1,2026-06-01 20:12:18,Orchard Central,TOP-W-02,Women's Ribbed Long Sleeve Turtleneck,Tops,Women,19.9,19.9,False,1,19.9,PayNow
BUG-20260601-0695,2,2026-06-01 21:59:50,Bugis,TOP-W-04,Women's Heattech Crew Neck Long Sleeve Tee,Tops,Women,14.9,14.9,False,1,14.9,Card
ORC-20260601-0062,2,2026-06-01 18:02:37,Orchard Central,UND-W-01,  Women's Airism Bikini Shorts  ,Underwear,Women,9.9,9.9,False,1,9.9,nets
ORC-20260601-0691,1,2026-06-01 14:30:50,Orchard Central,BTM-W-04,Women's Denim Straight Jeans,Bottoms,Women,49.9,49.9,False,1,49.9,Card
ORC-20260601-0515,2,2026-06-01 19:50:19,Orchard Central,SOK-M-01,Men's Ankle Socks 3-Pack,Socks,Men,14.9,14.9,False,1,14.9,NETS
BUG-20260601-0269,2,2026-06-01 17:52:46,Bugis,SOK-W-01,Women's Ankle Socks 3-Pack,Socks,Women,14.9,14.9,False,1,14.9,NETS
ORC-20260601-0199,1,2026-06-01 21:19:41,Orchard Central,UND-M-01,Men's Airism Boxer Briefs,Underwear,Men,14.9,14.9,False,1,14.9,Card
ORC-20260601-0488,2,2026-06-01 19:23:56,Orchard Central,UND-W-03,Women's Cotton Blend Briefs,UNDERWEAR,Women,9.9,9.9,False,1,9.9,Card
ORC-20260601-0575,1,2026-06-01 17:38:22,  Orchard Central  ,SOK-M-03,Men's Airism Low-Cut Socks,Socks,Men,5.9,5.9,False,1,5.9,Card
PUN-20260601-0410,2,2026-06-01 20:36:37,Punggol,TOP-W-03,Women's Silky Satin Blouse,Tops,Women,39.9,39.9,False,1,39.9,PayNow
BUG-20260601-0196,1,2026-06-01 17:21:12,BUGIS,SOK-W-02,Women's Pile Crew Socks,Socks,Women,5.9,5.9,False,1,5.9,CARD
ORC-20260601-0623,1,2026-06-01 14:29:17,ORCHARD CENTRAL,SOK-W-02,Women's Pile Crew Socks,socks,Women,5.9,5.9,False,1,5.9,Card
BUG-20260601-0731,3,2026-06-01 13:13:52,BUGIS,SOK-W-03,Women's Airism Low-Cut Socks,socks,Women,5.9,5.9,False,1,5.9,PayNow
ORC-20260601-0760,3,2026-06-01 21:32:10,Orchard Central,BTM-M-09,Men's Linen Blend Trousers,Bottoms,Men,39.9,39.9,False,1,39.9,Card
ORC-20260601-0299,2,2026-06-01 19:40:06,Orchard Central,TOP-W-01,Women's Airism Cotton Crew Neck T-Shirt,Tops,Women,14.9,14.9,False,1,14.9,PayNow
BUG-20260601-0746,2,2026-06-01 20:41:25,Bugis,SOK-M-04,Men's Ribbed Crew Socks,Socks,Men,5.9,5.9,False,2,11.8,Cash
PUN-20260601-0024,1,2026-06-01 21:33:21,Punggol,UND-W-01,Women's Airism Bikini Shorts,Underwear,Women,9.9,9.9,False,2,19.8,NETS
BUG-20260601-0455,2,2026-06-01 17:45:50,Bugis,TOP-W-01,Women's Airism Cotton Crew Neck T-Shirt,Tops,Women,14.9,14.9,False,1,$14.9,Card
BUG-20260601-0320,2,2026-06-01 18:53:14,bugis,SOK-W-04,Women's Ribbed Crew Socks,Socks,Women,5.9,5.9,False,1,5.9,Card
BUG-20260601-0003,3,2026-06-01 14:49:19,Bugis,BTM-M-04,Men's Dry Stretch Shorts,Bottoms,MEN,19.9,19.9,False,1,19.9,Cash
PUN-20260601-0393,3,2026-06-01 22:00:40,Punggol,SOK-M-02,Men's Pile Crew Socks,Socks,Men,5.9,5.9,False,1,5.9,Paynow
BUG-20260601-0226,2,2026-06-01 18:59:24,Bugis,UND-M-04,Men's Cotton Crew Neck Undershirt,Underwear,Men,14.9,14.9,False,2,29.8,Card
ORC-20260601-0149,2,2026-06-01 21:14:14,Orchard Central,SOK-M-02,  Men's Pile Crew Socks  ,Socks,Men,5.9,5.9,False,1,5.9,PayNow
ORC-20260601-0290,1,2026-06-01 20:23:20,Orchard Central,BTM-M-02,Men's Slim Fit Chino Trousers,BOTTOMS,Men,29.9,29.9,False,1,29.9,NETS
ORC-20260601-0447,1,2026-06-01 20:26:32,Orchard Central,SOK-W-01,Women's Ankle Socks 3-Pack,Socks,Women,14.9,14.9,False,2,29.8,PayNow
BUG-20260601-0169,1,2026-06-01 20:04:46,Bugis,TOP-W-02,Women's Ribbed Long Sleeve Turtleneck,Tops,Women,19.9,19.9,False,1,19.9,card
ORC-20260601-0258,2,2026-06-01 12:56:31,  Orchard Central  ,UND-M-04,Men's Cotton Crew Neck Undershirt,Underwear,Men,14.9,14.9,False,1,14.9,Cash
ORC-20260601-0598,1,2026-06-01 17:43:54,Orchard Central,TOP-W-04,Women's Heattech Crew Neck Long Sleeve Tee,Tops,women,14.9,14.9,False,1,14.9,paynow
BUG-20260601-0236,1,2026-06-01 19:05:09,Bugis,SOK-M-03,Men's Airism Low-Cut Socks,socks,Men,5.9,5.9,False,1,5.9,Card
BUG-20260601-0450,3,2026-06-01 14:50:55,Bugis,SOK-M-04,Men's Ribbed Crew Socks,Socks,MEN,5.9,5.9,False,2,11.8,Card
BUG-20260601-0260,1,2026-06-01 13:02:17,Bugis,TOP-W-02,Women's Ribbed Long Sleeve Turtleneck,Tops,Women,19.9,19.9,False,1,19.9,NETS
ORC-20260601-0428,1,2026-06-01 14:31:18,Orchard Central,UND-M-03,Men's Airism Mesh Boxer Briefs,UNDERWEAR,Men,14.9,14.9,False,1,14.9,NETS
BUG-20260601-0091,1,2026-06-01 19:44:55,Bugis,SOK-W-03,Women's Airism Low-Cut Socks,Socks,Women,5.9,5.9,False,1,5.9,Card
ORC-20260601-0866,1,2026-06-01 12:00:21,ORCHARD CENTRAL,SOK-W-02,Women's Pile Crew Socks,socks,Women,5.9,5.9,False,1,5.9,Card
PUN-20260601-0390,1,2026-06-01 16:58:54,Punggol,SOK-W-04,Women's Ribbed Crew Socks,Socks,Women,5.9,5.9,False,1,5.9,PayNow
ORC-20260601-0142,2,2026-06-01 16:24:00,Orchard Central,SOK-W-04,Women's Ribbed Crew Socks,Socks,Women,5.9,5.9,False,1,5.9,Cash
ORC-20260601-0803,2,2026-06-01 13:18:15,Orchard Central,BTM-M-01,Men's Ezy Ankle Pants,Bottoms,Men,29.9,29.9,False,1,29.9,Card
PUN-20260601-0103,1,2026-06-01 18:48:04,Punggol,SOK-W-02,Women's Pile Crew Socks,Socks,Women,5.9,5.9,False,1,5.9,Cash
BUG-20260601-0806,2,2026-06-01 12:46:04,Bugis,SOK-W-03,Women's Airism Low-Cut Socks,Socks,Women,5.9,5.9,False,1,5.9,PayNow
ORC-20260601-0636,1,2026-06-01 12:56:17,Orchard Central,SOK-W-03,Women's Airism Low-Cut Socks,Socks,WOMEN,5.9,5.9,False,2,11.8,Nets
PUN-20260601-0117,3,2026-06-01 14:48:20,Punggol,TOP-M-04,Men's Oxford Long Sleeve Shirt,Tops,Men,29.9,29.9,False,1,29.9,PAYNOW
ORC-20260601-0360,1,2026-06-01 12:34:59,Orchard Central,SOK-M-04,Men's Ribbed Crew Socks,Socks,Men,5.9,5.9,False,1,5.9,NETS
ORC-20260601-0390,1,2026-06-01 12:17:20,Orchard Central,BTM-M-04,Men's Dry Stretch Shorts,Bottoms,Men,19.9,19.9,False,1,19.9,CARD
ORC-20260601-0717,2,2026-06-01 18:23:06,Orchard Central,TOP-W-06,Women's Linen Blend Short Sleeve Shirt,Tops,Women,29.9,29.9,False,1,29.9,CARD
ORC-20260601-0362,1,2026-06-01 14:19:51,Orchard Central,SOK-W-03,Women's Airism Low-Cut Socks,socks,women,5.9,5.9,False,1,5.9,Card
PUN-20260601-0476,2,2026-06-01 19:28:02,Punggol,SOK-W-02,Women's Pile Crew Socks,Socks,Women,5.9,5.9,False,1,$5.9,card
ORC-20260601-0955,2,2026-06-01 12:27:28,  Orchard Central  ,SOK-M-04,Men's Ribbed Crew Socks,Socks,Men,5.9,5.9,False,1,5.9,Card
PUN-20260601-0129,2,2026-06-01 19:24:14,Punggol,SOK-W-02,  Women's Pile Crew Socks  ,Socks,Women,$5.9,5.9,False,1,5.9,CARD
BUG-20260601-0657,1,2026-06-01 20:54:07,bugis,TOP-W-03,Women's Silky Satin Blouse,Tops,Women,39.9,39.9,False,1,39.9,Card
PUN-20260601-0402,3,2026-06-01 20:02:20,Punggol,SOK-W-04,Women's Ribbed Crew Socks,Socks,Women,5.9,5.9,False,2,11.8,Card
ORC-20260601-0017,1,2026-06-01 20:56:44,Orchard Central,TOP-W-03,Women's Silky Satin Blouse,Tops,Women,39.9,39.9,False,1,39.9,CARD
ORC-20260601-1129,2,2026-06-01 20:03:51,Orchard Central,SOK-W-01,Women's Ankle Socks 3-Pack,Socks,WOMEN,14.9,14.9,False,1,14.9,Cash
ORC-20260601-0787,1,2026-06-01 20:26:11,  Orchard Central  ,SOK-W-04,Women's Ribbed Crew Socks,Socks,Women,5.9,5.9,False,1,5.9,Card
PUN-20260601-0370,1,2026-06-01 19:27:05,Punggol,SOK-M-03,Men's Airism Low-Cut Socks,Socks,Men,5.9,5.9,False,1,5.9,Card
PUN-20260601-0188,1,2026-06-01 18:27:54,  Punggol  ,SOK-M-04,  Men's Ribbed Crew Socks  ,Socks,Men,5.9,5.9,False,1,5.9,Card
BUG-20260601-0311,3,2026-06-01 19:48:59,Bugis,BTM-M-04,,Bottoms,Men,19.9,19.9,False,1,19.9,PayNow
ORC-20260601-0221,1,2026-06-01 18:41:32,Orchard Central,SOK-M-02,Men's Pile Crew Socks,Socks,Men,5.9,5.9,False,2,11.8,CARD
ORC-20260601-0075,2,2026-06-01 12:29:23,Orchard Central,SOK-M-03,Men's Airism Low-Cut Socks,Socks,Men,5.9,5.9,False,1,5.9,Card
BUG-20260601-0177,3,2026-06-01 11:18:15,Bugis,SOK-W-04,Women's Ribbed Crew Socks,Socks,Women,5.9,5.9,False,1,5.9,PayNow
ORC-20260601-0633,2,2026-06-01 22:22:33,Orchard Central,UND-M-04,Men's Cotton Crew Neck Undershirt,Underwear,Men,14.9,14.9,False,1,14.9,Card
PUN-20260601-0475,2,2026-06-01 21:13:48,  Punggol  ,SOK-M-02,Men's Pile Crew Socks,Socks,Men,5.9,5.9,False,1,5.9,CARD
ORC-20260601-0965,1,2026-06-01 12:15:08,Orchard Central,TOP-M-01,Men's Airism Cotton Crew Neck T-Shirt,Tops,Men,14.9,14.9,False,1,14.9,Card
ORC-20260601-0972,1,2026-06-01 20:28:14,Orchard Central,UND-W-03,Women's Cotton Blend Briefs,Underwear,Women,9.9,9.9,False,2,19.8,Card
PUN-20260601-0226,1,2026-06-01 20:37:53,Punggol,SOK-W-03,Women's Airism Low-Cut Socks,Socks,women,5.9,5.9,False,1,5.9,CASH
ORC-20260601-0012,2,2026-06-01 14:23:02,Orchard Central,SOK-W-04,  Women's Ribbed Crew Socks  ,Socks,Women,5.9,5.9,False,1,5.9,Card
ORC-20260601-0328,1,2026-06-01 18:24:39,Orchard Central,TOP-M-01,Men's Airism Cotton Crew Neck T-Shirt,TOPS,Men,14.9,14.9,False,1,14.9,PayNow
PUN-20260601-0022,2,2026-06-01 14:42:39,Punggol,TOP-W-04,Women's Heattech Crew Neck Long Sleeve Tee,Tops,Women,14.9,14.9,False,1,14.9,Card
ORC-20260601-0535,2,2026-06-01 21:16:04,Orchard Central,SOK-W-03,Women's Airism Low-Cut Socks,Socks,Women,5.9,5.9,False,1,5.9,Cash
ORC-20260601-0420,2,2026-06-01 21:12:28,Orchard Central,SOK-W-03,Women's Airism Low-Cut Socks,Socks,Women,5.9,5.9,False,1,5.9,Cash
PUN-20260601-0121,2,2026-06-01 16:01:38,Punggol,SOK-M-04,Men's Ribbed Crew Socks,Socks,Men,5.9,5.9,False,2,11.8,Card
ORC-20260601-0877,2,2026-06-01 20:21:08,Orchard Central,UND-W-01,Women's Airism Bikini Shorts,Underwear,Women,9.9,9.9,False,1,9.9,Card
BUG-20260601-0598,1,2026-06-01 15:18:38,Bugis,TOP-M-02,Men's Supima Cotton Polo Shirt,Tops,Men,29.9,29.9,False,1,29.9,NETS
ORC-20260601-0993,1,2026-06-01 17:49:23,Orchard Central,SOK-W-03,Women's Airism Low-Cut Socks,Socks,Women,5.9,5.9,False,1,5.9,Card
ORC-20260601-0957,2,2026-06-01 19:12:06,  Orchard Central  ,UND-M-01,Men's Airism Boxer Briefs,underwear,Men,14.9,14.9,False,2,29.8,PayNow
ORC-20260601-0324,1,2026-06-01 22:47:06,Orchard Central,BTM-M-04,Men's Dry Stretch Shorts,Bottoms,Men,19.9,19.9,False,1,19.9,Cash
BUG-20260601-0730,3,2026-06-01 13:27:40,Bugis,SOK-M-04,Men's Ribbed Crew Socks,Socks,Men,5.9,5.9,False,1,5.9,Card
ORC-20260601-0059,2,2026-06-01 19:59:55,  Orchard Central  ,SOK-W-06,Women's Heattech Socks,Socks,Women,9.9,9.9,False,2,19.8,
PUN-20260601-0513,2,2026-06-01 18:54:49,Punggol,SOK-W-02,Women's Pile Crew Socks,SOCKS,Women,5.9,5.9,False,2,11.8,Paynow
BUG-20260601-0580,1,2026-06-01 20:11:23,Bugis,UND-M-04,Men's Cotton Crew Neck Undershirt,Underwear,Men,14.9,14.9,False,1,14.9,Card
BUG-20260601-0599,1,2026-06-01 20:32:41,Bugis,SOK-W-04,Women's Ribbed Crew Socks,Socks,Women,5.9,5.9,False,1,5.9,PAYNOW
BUG-20260601-0259,2,2026-06-01 18:43:58,Bugis,TOP-W-04,Women's Heattech Crew Neck Long Sleeve Tee,Tops,Women,14.9,14.9,False,1,14.9,Card
PUN-20260601-0251,1,2026-06-01 20:51:22,Punggol,SOK-W-02,Women's Pile Crew Socks,Socks,Women,5.9,5.9,False,1,5.9,Cash
ORC-20260601-0419,1,2026-06-01 19:52:54,  Orchard Central  ,SOK-W-02,Women's Pile Crew Socks,Socks,Women,5.9,5.9,False,1,5.9,PAYNOW
ORC-20260601-1124,2,2026-06-01 19:37:59,orchard central,SOK-M-03,Men's Airism Low-Cut Socks,Socks,Men,$5.9,5.9,False,2,11.8,CARD
PUN-20260601-0101,1,2026-06-01 17:31:53,Punggol,TOP-M-02,  Men's Supima Cotton Polo Shirt  ,Tops,Men,29.9,29.9,False,1,29.9,NETS
ORC-20260601-0287,2,2026-06-01 11:07:31,Orchard Central,SOK-W-04,Women's Ribbed Crew Socks,Socks,women,5.9,5.9,False,1,5.9,NETS
PUN-20260601-0327,2,2026-06-01 15:11:53,Punggol,SOK-W-01,Women's Ankle Socks 3-Pack,Socks,Women,14.9,14.9,False,1,14.9,Card
ORC-20260601-0192,1,2026-06-01 11:42:52,Orchard Central,BTM-M-01,Men's Ezy Ankle Pants,Bottoms,Men,29.9,29.9,False,1,29.9,cash
PUN-20260601-0295,1,2026-06-01 15:04:36,Punggol,SOK-W-04,Women's Ribbed Crew Socks,Socks,Women,5.9,5.9,False,1,5.9,cash
BUG-20260601-0567,1,2026-06-01 15:20:35,Bugis,SOK-M-04,Men's Ribbed Crew Socks,Socks,Men,5.9,5.9,False,1,5.9,PayNow
ORC-20260601-1085,2,2026-06-01 21:16:39,Orchard Central,SOK-M-03,Men's Airism Low-Cut Socks,Socks,Men,5.9,5.9,False,1,5.9,Card
PUN-20260601-0125,1,2026-06-01 14:43:55,Punggol,TOP-W-04,Women's Heattech Crew Neck Long Sleeve Tee,Tops,Women,14.9,14.9,False,1,14.9,PayNow
BUG-20260601-0464,2,2026-06-01 17:34:29,Bugis,TOP-M-04,Men's Oxford Long Sleeve Shirt,Tops,Men,29.9,29.9,False,1,29.9,Card
PUN-20260601-0015,1,2026-06-01 20:43:10,Punggol,SOK-M-04,Men's Ribbed Crew Socks,SOCKS,Men,5.9,5.9,False,1,5.9,PAYNOW
BUG-20260601-0214,3,2026-06-01 13:04:49,Bugis,SOK-W-02,Women's Pile Crew Socks,Socks,Women,5.9,5.9,False,1,5.9,Card
ORC-20260601-0138,1,2026-06-01 20:07:11,Orchard Central,TOP-W-02,Women's Ribbed Long Sleeve Turtleneck,Tops,Women,19.9,19.9,False,1,19.9,NETS
ORC-20260601-0704,2,2026-06-01 18:43:36,Orchard Central,SOK-M-08,Men's Cotton Blend Dress Socks,Socks,Men,9.9,9.9,False,2,19.8,Card
ORC-20260601-0855,1,2026-06-01 16:06:27,Orchard Central,TOP-W-01,Women's Airism Cotton Crew Neck T-Shirt,Tops,Women,14.9,14.9,False,1,14.9,NETS
ORC-20260601-0660,1,2026-06-01 20:10:57,Orchard Central,SOK-W-02,Women's Pile Crew Socks,Socks,Women,5.9,5.9,False,1,5.9,Card
PUN-20260601-0567,1,2026-06-01 17:08:43,Punggol,UND-M-04,  Men's Cotton Crew Neck Undershirt  ,Underwear,Men,14.9,14.9,False,1,14.9,Paynow
ORC-20260601-0870,2,2026-06-01 15:44:33,Orchard Central,SOK-W-03,Women's Airism Low-Cut Socks,Socks,Women,5.9,5.9,False,1,5.9,nets
ORC-20260601-0911,2,2026-06-01 22:11:10,Orchard Central,BTM-W-02,Women's High-Rise Wide Leg Pants,Bottoms,Women,39.9,39.9,False,1,39.9,paynow
PUN-20260601-0343,2,2026-06-01 21:24:55,Punggol,UND-W-04,  Women's Airism T-Shirt Bra  ,Underwear,Women,29.9,29.9,False,1,29.9,PayNow
BUG-20260601-0224,1,2026-06-01 21:35:15,Bugis,TOP-W-01,Women's Airism Cotton Crew Neck T-Shirt,Tops,Women,14.9,14.9,False,1,14.9,NETS
ORC-20260601-0756,1,2026-06-01 11:20:37,orchard central,SOK-M-01,Men's Ankle Socks 3-Pack,Socks,Men,14.9,14.9,False,1,14.9,Card
PUN-20260601-0139,2,2026-06-01 17:57:43,Punggol,SOK-M-03,Men's Airism Low-Cut Socks,Socks,Men,5.9,5.9,False,1,5.9,Card
BUG-20260601-0591,2,2026-06-01 12:10:35,BUGIS,BTM-M-02,Men's Slim Fit Chino Trousers,Bottoms,Men,29.9,29.9,False,1,29.9,NETS
PUN-20260601-0290,1,2026-06-01 21:30:55,Punggol,TOP-M-04,Men's Oxford Long Sleeve Shirt,Tops,Men,29.9,29.9,False,1,29.9,Card
BUG-20260601-0155,1,2026-06-01 20:43:05,Bugis,SOK-W-02,Women's Pile Crew Socks,Socks,Women,5.9,5.9,False,1,5.9,Card
BUG-20260601-0542,2,2026-06-01 21:51:48,Bugis,BTM-W-06,Women's Jersey Jogger Pants,Bottoms,women,21.94,29.9,True,1,21.94,Card
BUG-20260601-0770,1,2026-06-01 20:13:51,Bugis,UND-W-04,Women's Airism T-Shirt Bra,Underwear,Women,29.9,29.9,False,2,59.8,Cash
PUN-20260601-0420,2,2026-06-01 13:14:37,Punggol,UND-M-03,Men's Airism Mesh Boxer Briefs,Underwear,Men,14.9,14.9,False,1,$14.9,Cash
PUN-20260601-0326,1,2026-06-01 20:28:12,Punggol,SOK-M-04,Men's Ribbed Crew Socks,socks,Men,5.9,5.9,False,1,5.9,Card
BUG-20260601-0361,1,2026-06-01 19:41:51,Bugis,UND-W-01,Women's Airism Bikini Shorts,Underwear,Women,9.9,9.9,False,1,9.9,Card
ORC-20260601-0223,1,2026-06-01 13:04:21,Orchard Central,TOP-M-01,Men's Airism Cotton Crew Neck T-Shirt,Tops,Men,14.9,14.9,False,1,14.9,paynow
ORC-20260601-0544,1,2026-06-01 15:28:57,  Orchard Central  ,SOK-M-03,  Men's Airism Low-Cut Socks  ,Socks,Men,5.9,5.9,False,1,5.9,Cash
BUG-20260601-0263,1,2026-06-01 21:32:39,Bugis,UND-W-01,Women's Airism Bikini Shorts,Underwear,WOMEN,9.9,9.9,False,1,9.9,Nets
PUN-20260601-0364,1,2026-06-01 12:29:17,Punggol,SOK-W-04,Women's Ribbed Crew Socks,Socks,Women,5.9,5.9,False,2,11.8,PayNow
ORC-20260601-0420,1,2026-06-01 21:12:28,Orchard Central,UND-W-02,  Women's Wireless Bra  ,Underwear,Women,29.9,29.9,False,1,29.9,Cash
ORC-20260601-1004,2,2026-06-01 14:43:51,Orchard Central,TOP-W-04,Women's Heattech Crew Neck Long Sleeve Tee,Tops,Women,14.9,14.9,False,1,14.9,Card
ORC-20260601-0889,3,2026-06-01 15:53:33,Orchard Central,BTM-M-04,Men's Dry Stretch Shorts,Bottoms,Men,19.9,19.9,False,1,19.9,Card
PUN-20260601-0457,1,2026-06-01 12:41:53,Punggol,BTM-M-01,Men's Ezy Ankle Pants,Bottoms,Men,29.9,29.9,False,1,29.9,cash
ORC-20260601-0236,1,2026-06-01 15:44:31,Orchard Central,SOK-W-06,Women's Heattech Socks,socks,Women,9.9,9.9,False,1,9.9,NETS
BUG-20260601-0390,3,2026-06-01 22:42:07,Bugis,TOP-W-07,Women's Fleece Pullover Hoodie,tops,Women,29.9,29.9,False,1,29.9,Cash
PUN-20260601-0398,1,2026-06-01 14:03:34,Punggol,SOK-W-03,Women's Airism Low-Cut Socks,Socks,Women,5.9,5.9,False,1,5.9,nets
ORC-20260601-0413,2,2026-06-01 16:57:26,  Orchard Central  ,BTM-M-08,Men's Relaxed Fit Denim Shorts,Bottoms,men,22.99,29.9,True,1,22.99,cash
ORC-20260601-0010,1,2026-06-01 21:31:23,orchard central,SOK-W-02,Women's Pile Crew Socks,Socks,WOMEN,5.9,5.9,False,1,5.9,Cash
ORC-20260601-0225,1,2026-06-01 13:00:36,Orchard Central,SOK-W-03,Women's Airism Low-Cut Socks,Socks,Women,5.9,5.9,False,1,$5.9,Card
BUG-20260601-0131,1,2026-06-01 11:51:51,Bugis,UND-M-03,Men's Airism Mesh Boxer Briefs,Underwear,Men,14.9,14.9,False,2,29.8,Card
PUN-20260601-0248,3,2026-06-01 21:33:54,  Punggol  ,TOP-W-04,Women's Heattech Crew Neck Long Sleeve Tee,Tops,Women,14.9,14.9,False,1,14.9,Card
BUG-20260601-0827,2,2026-06-01 20:00:37,Bugis,SOK-W-02,Women's Pile Crew Socks,Socks,Women,5.9,5.9,False,1,5.9,NETS
ORC-20260601-0112,2,2026-06-01 14:29:31,Orchard Central,BTM-M-03,Men's Selvedge Regular Fit Jeans,Bottoms,Men,59.9,59.9,False,1,59.9,Card
ORC-20260601-0133,2,2026-06-01 17:49:43,  orchard central  ,SOK-M-04,Men's Ribbed Crew Socks,socks,Men,5.9,5.9,False,1,5.9,NETS
BUG-20260601-0548,1,2026-06-01 19:22:58,  bugis  ,BTM-W-01,  Women's Ultra Stretch Skinny Jeans  ,Bottoms,Women,39.9,39.9,False,1,39.9,CARD
ORC-20260601-0125,1,2026-06-01 12:13:55,Orchard Central,BTM-M-04,Men's Dry Stretch Shorts,Bottoms,Men,19.9,19.9,False,1,19.9,paynow
ORC-20260601-0814,3,2026-06-01 19:11:39,Orchard Central,SOK-M-08,Men's Cotton Blend Dress Socks,Socks,Men,9.9,9.9,False,1,9.9,cash
PUN-20260601-0426,1,2026-06-01 18:28:50,Punggol,TOP-W-01,Women's Airism Cotton Crew Neck T-Shirt,Tops,Women,14.9,14.9,False,1,14.9,Cash
ORC-20260601-0127,1,2026-06-01 20:41:40,Orchard Central,TOP-M-01,Men's Airism Cotton Crew Neck T-Shirt,Tops,men,14.9,14.9,False,1,14.9,Card
ORC-20260601-0882,1,2026-06-01 19:23:10,Orchard Central,SOK-W-04,Women's Ribbed Crew Socks,SOCKS,Women,5.9,5.9,False,1,5.9,Card
BUG-20260601-0198,1,2026-06-01 18:49:08,Bugis,SOK-M-04,Men's Ribbed Crew Socks,socks,Men,5.9,5.9,False,1,5.9,NETS
ORC-20260601-0472,2,2026-06-01 12:07:22,Orchard Central,SOK-M-03,Men's Airism Low-Cut Socks,Socks,MEN,5.9,5.9,False,1,5.9,PayNow
ORC-20260601-0844,1,2026-06-01 19:36:41,Orchard Central,SOK-W-02,Women's Pile Crew Socks,Socks,Women,5.9,5.9,False,2,11.8,PayNow
ORC-20260601-0356,1,2026-06-01 16:47:58,Orchard Central,SOK-W-02,Women's Pile Crew Socks,Socks,Women,5.9,5.9,False,1,5.9,Paynow
ORC-20260601-0867,1,2026-06-01 13:02:49,ORCHARD CENTRAL,UND-W-03,Women's Cotton Blend Briefs,Underwear,women,9.9,9.9,False,1,9.9,PayNow
BUG-20260601-0292,2,2026-06-01 19:23:29,Bugis,SOK-W-03,Women's Airism Low-Cut Socks,Socks,Women,5.9,5.9,False,1,5.9,Card
PUN-20260601-0214,3,2026-06-01 19:23:15,Punggol,SOK-W-03,Women's Airism Low-Cut Socks,Socks,Women,5.9,5.9,False,1,5.9,Cash
BUG-20260601-0635,2,2026-06-01 17:08:25,bugis,SOK-M-02,Men's Pile Crew Socks,Socks,Men,5.9,5.9,False,1,5.9,PayNow
ORC-20260601-0639,1,2026-06-01 22:49:11,Orchard Central,SOK-W-01,Women's Ankle Socks 3-Pack,Socks,Women,14.9,14.9,False,1,14.9,CARD
ORC-20260601-0324,3,2026-06-01 22:47:06,Orchard Central,SOK-M-01,Men's Ankle Socks 3-Pack,Socks,Men,14.9,14.9,False,1,14.9,Cash
BUG-20260601-0564,2,2026-06-01 17:17:14,Bugis,UND-W-03,  Women's Cotton Blend Briefs  ,Underwear,Women,9.9,9.9,False,1,9.9,NETS
BUG-20260601-0782,2,2026-06-01 18:06:02,Bugis,SOK-W-04,Women's Ribbed Crew Socks,Socks,Women,5.9,5.9,False,1,5.9,Cash
PUN-20260601-0566,1,2026-06-01 20:49:09,Punggol,SOK-W-04,Women's Ribbed Crew Socks,Socks,women,5.9,5.9,False,1,5.9,PayNow
BUG-20260601-0043,2,2026-06-01 20:45:49,Bugis,BTM-W-03,Women's Ezy Ankle Pants,Bottoms,Women,29.9,29.9,False,1,29.9,Cash
PUN-20260601-0066,2,2026-06-01 11:26:24,Punggol,TOP-W-01,Women's Airism Cotton Crew Neck T-Shirt,Tops,Women,$14.9,14.9,False,1,14.9,PayNow
ORC-20260601-0671,1,2026-06-01 21:44:42,Orchard Central,SOK-M-01,Men's Ankle Socks 3-Pack,Socks,Men,14.9,14.9,False,1,14.9,PayNow
PUN-20260601-0508,1,2026-06-01 13:28:24,Punggol,SOK-M-01,Men's Ankle Socks 3-Pack,Socks,Men,14.9,14.9,False,1,14.9,Card
ORC-20260601-0800,2,2026-06-01 11:25:18,Orchard Central,SOK-W-02,Women's Pile Crew Socks,Socks,Women,5.9,5.9,False,1,5.9,PayNow
PUN-20260601-0381,3,2026-06-01 12:09:59,Punggol,SOK-W-03,Women's Airism Low-Cut Socks,Socks,Women,5.9,5.9,False,1,5.9,Card
ORC-20260601-0790,1,2026-06-01 17:29:09,Orchard Central,UND-W-06,Women's Lace Trim Briefs,Underwear,WOMEN,9.9,9.9,False,1,9.9,card
PUN-20260601-0524,1,2026-06-01 13:44:37,Punggol,SOK-W-02,Women's Pile Crew Socks,Socks,Women,5.9,5.9,False,1,5.9,PayNow
ORC-20260601-1088,1,2026-06-01 19:33:42,orchard central,SOK-M-02,Men's Pile Crew Socks,Socks,Men,5.9,5.9,False,1,5.9,NETS
BUG-20260601-0300,2,2026-06-01 12:57:03,Bugis,SOK-W-04,Women's Ribbed Crew Socks,Socks,Women,5.9,5.9,False,1,5.9,PayNow
ORC-20260601-0060,2,2026-06-01 22:25:23,Orchard Central,BTM-M-01,  Men's Ezy Ankle Pants  ,Bottoms,Men,29.9,29.9,False,1,29.9,Card
ORC-20260601-1038,1,2026-06-01 15:23:47,ORCHARD CENTRAL,SOK-W-03,Women's Airism Low-Cut Socks,Socks,Women,5.9,5.9,False,1,5.9,card
PUN-20260601-0145,1,2026-06-01 20:50:45,Punggol,TOP-W-02,Women's Ribbed Long Sleeve Turtleneck,TOPS,Women,19.9,19.9,False,1,19.9,NETS
BUG-20260601-0094,1,2026-06-01 22:51:59,  Bugis  ,TOP-M-03,Men's Dry-EX Crew Neck T-Shirt,Tops,Men,19.9,19.9,False,1,19.9,Cash
BUG-20260601-0313,2,2026-06-01 21:31:32,Bugis,TOP-W-04,Women's Heattech Crew Neck Long Sleeve Tee,Tops,women,14.9,14.9,False,1,14.9,Card
BUG-20260601-0359,1,2026-06-01 20:09:10,bugis,SOK-M-03,Men's Airism Low-Cut Socks,SOCKS,Men,5.9,5.9,False,1,5.9,Card
PUN-20260601-0073,2,2026-06-01 19:09:31,Punggol,SOK-M-02,Men's Pile Crew Socks,socks,Men,5.9,5.9,False,1,5.9,Card
ORC-20260601-0859,2,2026-06-01 19:28:09,Orchard Central,SOK-W-09,Women's No-Show Sneaker Socks,socks,Women,5.9,5.9,False,2,11.8,Card
BUG-20260601-0676,1,2026-06-01 17:41:46,Bugis,TOP-M-04,Men's Oxford Long Sleeve Shirt,Tops,Men,29.9,29.9,False,1,29.9,
ORC-20260601-0837,1,2026-06-01 19:13:23,Orchard Central,SOK-W-03,  Women's Airism Low-Cut Socks  ,socks,Women,5.9,5.9,False,1,5.9,PayNow
ORC-20260601-0789,3,2026-06-01 16:16:55,Orchard Central,TOP-W-04,Women's Heattech Crew Neck Long Sleeve Tee,Tops,Women,14.9,14.9,False,1,14.9,NETS
PUN-20260601-0444,2,2026-06-01 18:08:06,Punggol,UND-W-03,Women's Cotton Blend Briefs,Underwear,Women,9.9,9.9,False,1,9.9,NETS
ORC-20260601-0804,3,2026-06-01 11:03:39,Orchard Central,SOK-W-09,Women's No-Show Sneaker Socks,Socks,Women,$5.9,5.9,False,1,5.9,Card
BUG-20260601-0018,1,2026-06-01 20:55:44,Bugis,SOK-W-02,Women's Pile Crew Socks,Socks,Women,5.9,5.9,False,1,5.9,Card
ORC-20260601-1108,1,2026-06-01 16:30:09,Orchard Central,SOK-W-10,Women's Wool Blend Socks,socks,Women,9.9,9.9,False,1,9.9,CARD
ORC-20260601-0585,2,2026-06-01 19:35:34,  Orchard Central  ,UND-M-02,Men's Cotton Blend Trunks,underwear,Men,14.9,14.9,False,1,14.9,Cash
PUN-20260601-0165,1,2026-06-01 17:44:27,Punggol,SOK-W-06,Women's Heattech Socks,Socks,women,9.9,9.9,False,1,9.9,NETS
BUG-20260601-0428,1,2026-06-01 20:41:45,Bugis,SOK-M-01,Men's Ankle Socks 3-Pack,Socks,Men,14.9,14.9,False,1,14.9,Card
BUG-20260601-0718,1,2026-06-01 19:56:54,  Bugis  ,UND-M-03,Men's Airism Mesh Boxer Briefs,Underwear,Men,14.9,14.9,False,1,14.9,Card
PUN-20260601-0074,1,2026-06-01 11:17:24,Punggol,BTM-W-01,Women's Ultra Stretch Skinny Jeans,bottoms,Women,39.9,39.9,False,1,39.9,PayNow
ORC-20260601-1114,1,2026-06-01 14:56:28,Orchard Central,SOK-W-04,Women's Ribbed Crew Socks,Socks,Women,5.9,5.9,False,1,5.9,Card
BUG-20260601-0729,1,2026-06-01 21:58:27,Bugis,UND-M-04,Men's Cotton Crew Neck Undershirt,Underwear,Men,14.9,14.9,False,1,14.9,paynow
BUG-20260601-0479,1,2026-06-01 21:14:35,Bugis,TOP-M-02,Men's Supima Cotton Polo Shirt,Tops,men,29.9,29.9,False,1,29.9,PayNow
BUG-20260601-0556,1,2026-06-01 22:30:25,  Bugis  ,SOK-W-03,Women's Airism Low-Cut Socks,Socks,Women,5.9,5.9,False,1,5.9,nets
PUN-20260601-0097,2,2026-06-01 19:39:40,  punggol  ,BTM-W-04,Women's Denim Straight Jeans,Bottoms,Women,49.9,49.9,False,1,$49.9,PayNow
BUG-20260601-0267,1,2026-06-01 19:02:39,Bugis,UND-M-02,Men's Cotton Blend Trunks,Underwear,Men,14.9,14.9,False,1,14.9,Card
ORC-20260601-0820,2,2026-06-01 17:51:40,Orchard Central,UND-W-04,Women's Airism T-Shirt Bra,Underwear,Women,29.9,29.9,False,1,29.9,Card
ORC-20260601-0229,2,2026-06-01 11:57:08,Orchard Central,BTM-W-02,Women's High-Rise Wide Leg Pants,Bottoms,WOMEN,39.9,39.9,False,1,39.9,Card
ORC-20260601-0717,1,2026-06-01 18:23:06,orchard central,BTM-W-03,Women's Ezy Ankle Pants,Bottoms,Women,29.9,29.9,False,1,29.9,Card
BUG-20260601-0532,1,2026-06-01 19:25:41,Bugis,TOP-M-03,Men's Dry-EX Crew Neck T-Shirt,Tops,Men,19.9,19.9,False,1,19.9,Cash
ORC-20260601-0664,2,2026-06-01 19:28:52,Orchard Central,SOK-W-03,Women's Airism Low-Cut Socks,Socks,Women,5.9,5.9,False,1,5.9,Cash
ORC-20260601-0669,1,2026-06-01 19:58:23,ORCHARD CENTRAL,TOP-W-02,Women's Ribbed Long Sleeve Turtleneck,Tops,Women,19.9,19.9,False,1,19.9,Card
PUN-20260601-0143,1,2026-06-01 20:58:04,Punggol,UND-W-03,Women's Cotton Blend Briefs,Underwear,Women,9.9,9.9,False,1,9.9,Card
ORC-20260601-1047,1,2026-06-01 19:57:45,ORCHARD CENTRAL,SOK-W-04,Women's Ribbed Crew Socks,Socks,Women,5.9,5.9,False,1,5.9,Cash
ORC-20260601-0286,2,2026-06-01 14:17:39,Orchard Central,SOK-M-02,Men's Pile Crew Socks,SOCKS,Men,5.9,5.9,False,1,5.9,Cash
ORC-20260601-0339,1,2026-06-01 13:51:05,Orchard Central,UND-W-01,Women's Airism Bikini Shorts,Underwear,Women,9.9,9.9,False,2,19.8,PayNow
ORC-20260601-0302,1,2026-06-01 15:48:50,Orchard Central,SOK-M-01,Men's Ankle Socks 3-Pack,Socks,Men,14.9,14.9,False,1,14.9,Card
ORC-20260601-0690,2,2026-06-01 20:52:49,Orchard Central,BTM-M-08,Men's Relaxed Fit Denim Shorts,Bottoms,Men,22.99,29.9,True,1,22.99,Card
ORC-20260601-0794,1,2026-06-01 14:21:53,Orchard Central,SOK-M-03,Men's Airism Low-Cut Socks,Socks,Men,5.9,5.9,False,1,5.9,Card
ORC-20260601-0384,1,2026-06-01 19:49:23,Orchard Central,SOK-M-01,Men's Ankle Socks 3-Pack,Socks,Men,14.9,14.9,False,1,14.9,Cash
BUG-20260601-0604,1,2026-06-01 20:33:22,Bugis,SOK-W-02,Women's Pile Crew Socks,Socks,Women,$5.9,5.9,False,1,5.9,Card
BUG-20260601-0528,1,2026-06-01 11:01:29,Bugis,TOP-W-05,Women's Merino Blend Cardigan,Tops,Women,31.36,39.9,True,1,31.36,NETS
ORC-20260601-0967,2,2026-06-01 20:09:16,Orchard Central,SOK-W-01,Women's Ankle Socks 3-Pack,Socks,Women,14.9,14.9,False,1,14.9,NETS
PUN-20260601-0051,1,2026-06-01 17:23:51,Punggol,UND-M-01,Men's Airism Boxer Briefs,Underwear,Men,14.9,14.9,False,1,14.9,PayNow
BUG-20260601-0675,3,2026-06-01 20:29:42,Bugis,SOK-W-04,Women's Ribbed Crew Socks,Socks,Women,5.9,5.9,False,1,5.9,PayNow
BUG-20260601-0572,2,2026-06-01 19:12:44,Bugis,UND-W-03,Women's Cotton Blend Briefs,Underwear,Women,9.9,9.9,False,1,9.9,Cash
BUG-20260601-0514,3,2026-06-01 20:30:10,Bugis,SOK-W-04,Women's Ribbed Crew Socks,Socks,Women,5.9,5.9,False,1,5.9,Card
BUG-20260601-0695,3,2026-06-01 21:59:50,Bugis,TOP-W-04,Women's Heattech Crew Neck Long Sleeve Tee,Tops,Women,$14.9,14.9,False,1,14.9,Card
PUN-20260601-0519,3,2026-06-01 15:49:36,Punggol,SOK-M-03,Men's Airism Low-Cut Socks,Socks,Men,5.9,5.9,False,2,11.8,Card
BUG-20260601-0544,1,2026-06-01 12:39:43,bugis,TOP-W-04,Women's Heattech Crew Neck Long Sleeve Tee,tops,Women,14.9,14.9,False,1,14.9,Cash
BUG-20260601-0418,2,2026-06-01 21:37:13,Bugis,SOK-M-02,Men's Pile Crew Socks,Socks,Men,5.9,5.9,False,1,5.9,PayNow
ORC-20260601-0987,2,2026-06-01 21:06:48,Orchard Central,UND-M-04,Men's Cotton Crew Neck Undershirt,underwear,Men,14.9,14.9,False,1,14.9,Card
BUG-20260601-0081,3,2026-06-01 12:22:37,Bugis,UND-W-03,Women's Cotton Blend Briefs,Underwear,Women,9.9,9.9,False,1,9.9,
BUG-20260601-0589,1,2026-06-01 21:15:04,bugis,SOK-M-01,  Men's Ankle Socks 3-Pack  ,Socks,Men,14.9,14.9,False,2,29.8,Card
BUG-20260601-0773,2,2026-06-01 20:30:39,Bugis,UND-W-04,Women's Airism T-Shirt Bra,Underwear,Women,29.9,29.9,False,1,$29.9,PayNow
ORC-20260601-0597,1,2026-06-01 18:41:26,Orchard Central,UND-W-01,Women's Airism Bikini Shorts,Underwear,Women,9.9,9.9,False,2,19.8,
ORC-20260601-1009,2,2026-06-01 22:06:20,Orchard Central,TOP-W-02,Women's Ribbed Long Sleeve Turtleneck,Tops,Women,19.9,19.9,False,1,19.9,Card
PUN-20260601-0112,1,2026-06-01 18:20:48,punggol,BTM-M-02,Men's Slim Fit Chino Trousers,Bottoms,Men,29.9,29.9,False,1,29.9,CARD
PUN-20260601-0553,3,2026-06-01 21:09:01,Punggol,SOK-W-02,Women's Pile Crew Socks,Socks,Women,5.9,5.9,False,1,5.9,PayNow
ORC-20260601-0025,3,2026-06-01 16:15:58,orchard central,SOK-M-02,Men's Pile Crew Socks,Socks,Men,5.9,5.9,False,1,5.9,PayNow
ORC-20260601-0549,3,2026-06-01 22:31:23,Orchard Central,SOK-W-04,Women's Ribbed Crew Socks,Socks,Women,5.9,5.9,False,1,5.9,Card
BUG-20260601-0173,2,2026-06-01 14:26:49,Bugis,UND-W-01,Women's Airism Bikini Shorts,Underwear,women,9.9,9.9,False,1,9.9,PAYNOW
ORC-20260601-0419,2,2026-06-01 19:52:54,Orchard Central,UND-W-01,  Women's Airism Bikini Shorts  ,Underwear,Women,9.9,9.9,False,1,9.9,PayNow
ORC-20260601-0142,3,2026-06-01 16:24:00,  Orchard Central  ,SOK-W-10,  Women's Wool Blend Socks  ,Socks,Women,9.9,9.9,False,1,9.9,CASH
ORC-20260601-0710,3,2026-06-01 14:01:05,Orchard Central,SOK-W-06,Women's Heattech Socks,Socks,Women,9.9,9.9,False,1,9.9,Cash
ORC-20260601-0563,2,2026-06-01 20:11:36,Orchard Central,SOK-W-02,Women's Pile Crew Socks,Socks,Women,5.9,5.9,False,2,11.8,Cash
BUG-20260601-0258,2,2026-06-01 14:43:11,Bugis,SOK-M-02,Men's Pile Crew Socks,Socks,men,5.9,5.9,False,1,5.9,NETS
BUG-20260601-0205,1,2026-06-01 21:11:03,Bugis,SOK-M-03,Men's Airism Low-Cut Socks,Socks,Men,5.9,5.9,False,1,5.9,Cash
ORC-20260601-0254,1,2026-06-01 20:23:30,Orchard Central,SOK-M-04,Men's Ribbed Crew Socks,Socks,Men,5.9,5.9,False,1,5.9,Card
BUG-20260601-0639,2,2026-06-01 21:56:01,Bugis,TOP-W-01,Women's Airism Cotton Crew Neck T-Shirt,Tops,Women,14.9,14.9,False,1,14.9,Card
PUN-20260601-0378,1,2026-06-01 11:42:06,  Punggol  ,SOK-W-03,Women's Airism Low-Cut Socks,Socks,Women,5.9,5.9,False,1,5.9,NETS
PUN-20260601-0180,2,2026-06-01 22:49:50,Punggol,SOK-M-01,Men's Ankle Socks 3-Pack,SOCKS,Men,14.9,14.9,False,2,29.8,CARD
ORC-20260601-0797,3,2026-06-01 20:11:12,  Orchard Central  ,SOK-W-04,Women's Ribbed Crew Socks,Socks,Women,5.9,5.9,False,1,5.9,cash
PUN-20260601-0395,2,2026-06-01 18:02:42,Punggol,UND-W-03,Women's Cotton Blend Briefs,Underwear,Women,9.9,9.9,False,1,9.9,Cash
ORC-20260601-0722,1,2026-06-01 15:44:14,ORCHARD CENTRAL,SOK-W-02,Women's Pile Crew Socks,Socks,Women,5.9,5.9,False,1,5.9,PayNow
PUN-20260601-0568,1,2026-06-01 20:56:41,Punggol,BTM-M-01,Men's Ezy Ankle Pants,Bottoms,men,29.9,29.9,False,1,29.9,Card
BUG-20260601-0776,1,2026-06-01 18:55:52,  Bugis  ,SOK-M-01,Men's Ankle Socks 3-Pack,Socks,Men,14.9,14.9,False,1,14.9,PayNow
PUN-20260601-0409,1,2026-06-01 19:58:35,Punggol,TOP-W-01,Women's Airism Cotton Crew Neck T-Shirt,Tops,Women,14.9,14.9,False,1,14.9,Card
BUG-20260601-0140,3,2026-06-01 19:34:49,Bugis,SOK-M-01,Men's Ankle Socks 3-Pack,Socks,Men,14.9,14.9,False,1,14.9,Nets
PUN-20260601-0179,3,2026-06-01 16:53:24,  Punggol  ,BTM-M-02,  Men's Slim Fit Chino Trousers  ,Bottoms,MEN,29.9,29.9,False,1,29.9,Card
BUG-20260601-0238,2,2026-06-01 17:22:57,Bugis,TOP-W-01,Women's Airism Cotton Crew Neck T-Shirt,Tops,Women,14.9,14.9,False,1,14.9,Card
BUG-20260601-0164,1,2026-06-01 21:27:13,Bugis,UND-M-02,Men's Cotton Blend Trunks,Underwear,Men,14.9,14.9,False,1,14.9,Card
ORC-20260601-0434,1,2026-06-01 22:20:13,Orchard Central,SOK-W-02,Women's Pile Crew Socks,Socks,Women,5.9,5.9,False,1,5.9,NETS
BUG-20260601-0587,1,2026-06-01 16:04:57,  Bugis  ,BTM-M-01,Men's Ezy Ankle Pants,Bottoms,Men,29.9,29.9,False,1,29.9,PayNow
BUG-20260601-0121,1,2026-06-01 21:27:09,Bugis,TOP-M-02,Men's Supima Cotton Polo Shirt,Tops,Men,29.9,29.9,False,1,29.9,Card
ORC-20260601-0822,1,2026-06-01 20:31:19,Orchard Central,SOK-M-02,  Men's Pile Crew Socks  ,Socks,Men,5.9,5.9,False,1,5.9,CARD
BUG-20260601-0265,2,2026-06-01 16:32:58,BUGIS,BTM-M-01,Men's Ezy Ankle Pants,Bottoms,Men,29.9,29.9,False,1,29.9,Cash
ORC-20260601-1015,1,2026-06-01 13:27:36,Orchard Central,SOK-M-03,Men's Airism Low-Cut Socks,Socks,Men,5.9,5.9,False,2,11.8,Card
ORC-20260601-0895,2,2026-06-01 12:32:34,Orchard Central,UND-W-03,Women's Cotton Blend Briefs,Underwear,women,9.9,9.9,False,1,9.9,PayNow
PUN-20260601-0146,2,2026-06-01 20:34:40,Punggol,SOK-M-02,Men's Pile Crew Socks,Socks,Men,5.9,5.9,False,2,11.8,
ORC-20260601-0243,3,2026-06-01 14:20:06,Orchard Central,SOK-M-02,Men's Pile Crew Socks,Socks,Men,5.9,5.9,False,1,5.9,Cash
ORC-20260601-0489,3,2026-06-01 17:13:26,Orchard Central,TOP-W-01,  Women's Airism Cotton Crew Neck T-Shirt  ,Tops,Women,14.9,14.9,False,1,14.9,PayNow
PUN-20260601-0466,1,2026-06-01 16:54:09,Punggol,UND-M-02,Men's Cotton Blend Trunks,Underwear,Men,14.9,14.9,False,1,14.9,Card
PUN-20260601-0224,3,2026-06-01 22:48:04,Punggol,SOK-W-03,Women's Airism Low-Cut Socks,Socks,Women,5.9,5.9,False,1,5.9,NETS
PUN-20260601-0502,1,2026-06-01 19:41:07,Punggol,UND-W-01,Women's Airism Bikini Shorts,UNDERWEAR,Women,9.9,9.9,False,1,9.9,Card
ORC-20260601-0561,2,2026-06-01 21:52:57,Orchard Central,UND-M-01,Men's Airism Boxer Briefs,Underwear,Men,$14.9,14.9,False,1,14.9,NETS
ORC-20260601-0006,3,2026-06-01 22:09:43,Orchard Central,BTM-M-02,Men's Slim Fit Chino Trousers,Bottoms,Men,29.9,29.9,False,1,29.9,PayNow
PUN-20260601-0284,1,2026-06-01 17:44:55,PUNGGOL,UND-W-04,Women's Airism T-Shirt Bra,UNDERWEAR,Women,29.9,29.9,False,1,29.9,CARD
PUN-20260601-0551,1,2026-06-01 19:32:12,Punggol,BTM-W-02,  Women's High-Rise Wide Leg Pants  ,Bottoms,Women,39.9,39.9,False,1,39.9,NETS
PUN-20260601-0088,1,2026-06-01 12:27:22,Punggol,SOK-M-03,Men's Airism Low-Cut Socks,Socks,men,$5.9,5.9,False,1,5.9,NETS
ORC-20260601-0037,1,2026-06-01 20:23:12,Orchard Central,TOP-W-01,Women's Airism Cotton Crew Neck T-Shirt,Tops,Women,14.9,14.9,False,1,14.9,Card
BUG-20260601-0533,1,2026-06-01 18:53:08,Bugis,TOP-W-02,Women's Ribbed Long Sleeve Turtleneck,Tops,Women,19.9,19.9,False,1,19.9,card
BUG-20260601-0677,2,2026-06-01 20:33:53,Bugis,SOK-W-04,Women's Ribbed Crew Socks,Socks,Women,5.9,5.9,False,1,5.9,Cash
ORC-20260601-0107,3,2026-06-01 22:19:42,ORCHARD CENTRAL,SOK-W-04,Women's Ribbed Crew Socks,Socks,Women,5.9,5.9,False,1,5.9,PayNow
BUG-20260601-0375,1,2026-06-01 21:25:56,Bugis,SOK-W-03,  Women's Airism Low-Cut Socks  ,SOCKS,Women,5.9,5.9,False,1,5.9,PayNow
ORC-20260601-0611,3,2026-06-01 19:30:38,Orchard Central,TOP-W-02,Women's Ribbed Long Sleeve Turtleneck,Tops,WOMEN,19.9,19.9,False,1,19.9,Card
ORC-20260601-0948,3,2026-06-01 12:27:21,Orchard Central,TOP-M-03,Men's Dry-EX Crew Neck T-Shirt,TOPS,Men,$19.9,19.9,False,1,19.9,PayNow
ORC-20260601-0933,2,2026-06-01 12:44:14,ORCHARD CENTRAL,SOK-W-03,Women's Airism Low-Cut Socks,Socks,women,5.9,5.9,False,1,5.9,Card
BUG-20260601-0689,2,2026-06-01 14:42:48,Bugis,BTM-W-03,Women's Ezy Ankle Pants,Bottoms,Women,29.9,29.9,False,1,29.9,paynow
ORC-20260601-0248,2,2026-06-01 16:55:44,Orchard Central,SOK-M-03,  Men's Airism Low-Cut Socks  ,Socks,Men,5.9,5.9,False,2,11.8,PayNow
BUG-20260601-0055,1,2026-06-01 13:16:21,Bugis,SOK-W-04,Women's Ribbed Crew Socks,SOCKS,Women,5.9,5.9,False,1,5.9,card
PUN-20260601-0102,1,2026-06-01 22:31:41,Punggol,SOK-W-01,Women's Ankle Socks 3-Pack,Socks,Women,14.9,14.9,False,1,14.9,Cash
ORC-20260601-0640,3,2026-06-01 19:09:51,Orchard Central,UND-M-04,Men's Cotton Crew Neck Undershirt,Underwear,men,14.9,14.9,False,1,14.9,Card
PUN-20260601-0347,1,2026-06-01 15:39:59,Punggol,SOK-W-04,Women's Ribbed Crew Socks,Socks,Women,5.9,5.9,False,1,5.9,PayNow
BUG-20260601-0602,2,2026-06-01 20:30:24,Bugis,SOK-W-03,Women's Airism Low-Cut Socks,Socks,Women,5.9,5.9,False,1,5.9,Cash
PUN-20260601-0070,1,2026-06-01 12:04:15,PUNGGOL,SOK-W-03,Women's Airism Low-Cut Socks,Socks,Women,5.9,5.9,False,1,5.9,Card
ORC-20260601-0493,1,2026-06-01 19:38:18,Orchard Central,TOP-W-02,Women's Ribbed Long Sleeve Turtleneck,Tops,Women,19.9,19.9,False,1,19.9,Card
ORC-20260601-0402,2,2026-06-01 18:29:52,Orchard Central,SOK-W-03,Women's Airism Low-Cut Socks,Socks,Women,5.9,5.9,False,1,5.9,PayNow
PUN-20260601-0294,2,2026-06-01 20:41:46,Punggol,SOK-M-01,Men's Ankle Socks 3-Pack,Socks,Men,14.9,14.9,False,1,14.9,Card
ORC-20260601-0514,1,2026-06-01 20:02:16,Orchard Central,UND-W-01,Women's Airism Bikini Shorts,Underwear,Women,9.9,9.9,False,1,9.9,NETS
ORC-20260601-1036,2,2026-06-01 18:01:12,  Orchard Central  ,UND-W-03,Women's Cotton Blend Briefs,Underwear,Women,9.9,9.9,False,1,9.9,Card
PUN-20260601-0394,1,2026-06-01 20:52:22,PUNGGOL,UND-W-01,Women's Airism Bikini Shorts,Underwear,women,9.9,9.9,False,1,9.9,Cash
BUG-20260601-0494,3,2026-06-01 22:13:05,Bugis,UND-M-03,Men's Airism Mesh Boxer Briefs,Underwear,men,14.9,14.9,False,1,14.9,Card
ORC-20260601-0640,1,2026-06-01 19:09:51,Orchard Central,TOP-W-04,Women's Heattech Crew Neck Long Sleeve Tee,Tops,WOMEN,14.9,14.9,False,1,14.9,
ORC-20260601-0877,3,2026-06-01 20:21:08,Orchard Central,UND-M-06,Men's Airism Sleeveless Undershirt,Underwear,Men,9.9,9.9,False,1,9.9,Card
PUN-20260601-0032,1,2026-06-01 20:21:47,Punggol,SOK-W-04,Women's Ribbed Crew Socks,Socks,Women,5.9,5.9,False,1,5.9,Card
BUG-20260601-0592,2,2026-06-01 21:51:06,BUGIS,SOK-W-03,Women's Airism Low-Cut Socks,Socks,Women,5.9,5.9,False,1,5.9,Card
BUG-20260601-0351,1,2026-06-01 12:53:59,Bugis,UND-W-09,Women's Cotton Boyshorts,Underwear,Women,9.9,9.9,False,2,19.8,Card
ORC-20260601-0713,1,2026-06-01 13:47:27,Orchard Central,SOK-W-04,  Women's Ribbed Crew Socks  ,Socks,Women,5.9,5.9,False,1,5.9,NETS
PUN-20260601-0248,1,2026-06-01 21:33:54,  Punggol  ,TOP-M-02,Men's Supima Cotton Polo Shirt,tops,Men,29.9,29.9,False,1,29.9,Card
BUG-20260601-0714,1,2026-06-01 18:59:54,Bugis,SOK-M-02,  Men's Pile Crew Socks  ,Socks,MEN,5.9,5.9,False,1,5.9,PayNow
ORC-20260601-1087,2,2026-06-01 22:32:37,orchard central,TOP-M-01,Men's Airism Cotton Crew Neck T-Shirt,tops,Men,14.9,14.9,False,1,14.9,Cash
ORC-20260601-0678,2,2026-06-01 19:40:52,ORCHARD CENTRAL,SOK-W-03,Women's Airism Low-Cut Socks,Socks,Women,5.9,5.9,False,1,5.9,Card
BUG-20260601-0257,2,2026-06-01 18:38:31,Bugis,SOK-W-01,Women's Ankle Socks 3-Pack,Socks,Women,14.9,14.9,False,1,14.9,Cash
PUN-20260601-0322,3,2026-06-01 21:41:42,  punggol  ,SOK-M-06,Men's Heattech Socks,Socks,Men,9.9,9.9,False,1,9.9,Card
PUN-20260601-0167,1,2026-06-01 20:45:48,Punggol,SOK-W-02,Women's Pile Crew Socks,Socks,Women,$5.9,5.9,False,1,5.9,Card
PUN-20260601-0041,1,2026-06-01 16:44:51,Punggol,SOK-W-03,Women's Airism Low-Cut Socks,Socks,Women,5.9,5.9,False,2,11.8,PayNow
ORC-20260601-0666,2,2026-06-01 19:22:50,Orchard Central,SOK-W-04,  Women's Ribbed Crew Socks  ,Socks,Women,5.9,5.9,False,1,5.9,Cash
BUG-20260601-0318,1,2026-06-01 18:52:16,Bugis,UND-M-02,Men's Cotton Blend Trunks,Underwear,MEN,14.9,14.9,False,1,14.9,cash
BUG-20260601-0357,2,2026-06-01 15:18:02,Bugis,UND-W-10,Women's Wireless Bralette,underwear,Women,29.9,29.9,False,2,59.8,NETS
BUG-20260601-0287,1,2026-06-01 20:23:56,  Bugis  ,SOK-M-04,Men's Ribbed Crew Socks,Socks,Men,5.9,5.9,False,1,5.9,Cash
ORC-20260601-0183,3,2026-06-01 21:58:38,Orchard Central,SOK-M-04,Men's Ribbed Crew Socks,Socks,Men,5.9,5.9,False,1,5.9,Card
BUG-20260601-0268,3,2026-06-01 17:43:03,bugis,TOP-W-01,Women's Airism Cotton Crew Neck T-Shirt,Tops,Women,14.9,14.9,False,1,14.9,NETS
ORC-20260601-0286,3,2026-06-01 14:17:39,Orchard Central,SOK-M-03,Men's Airism Low-Cut Socks,Socks,Men,5.9,5.9,False,1,5.9,Cash
PUN-20260601-0397,2,2026-06-01 20:15:18,punggol,SOK-W-03,Women's Airism Low-Cut Socks,Socks,Women,$5.9,5.9,False,1,5.9,Card
ORC-20260601-1001,1,2026-06-01 16:57:12,Orchard Central,SOK-M-04,Men's Ribbed Crew Socks,Socks,Men,5.9,5.9,False,1,5.9,PAYNOW
ORC-20260601-0043,1,2026-06-01 20:06:21,Orchard Central,SOK-W-02,Women's Pile Crew Socks,socks,Women,5.9,5.9,False,1,5.9,PayNow
PUN-20260601-0548,1,2026-06-01 12:59:27,Punggol,SOK-W-01,Women's Ankle Socks 3-Pack,Socks,Women,14.9,14.9,False,1,14.9,Card
PUN-20260601-0363,3,2026-06-01 15:55:17,Punggol,BTM-M-02,Men's Slim Fit Chino Trousers,Bottoms,Men,29.9,29.9,False,1,29.9,Card
ORC-20260601-0136,1,2026-06-01 18:02:52,Orchard Central,BTM-M-04,Men's Dry Stretch Shorts,Bottoms,Men,19.9,19.9,False,1,19.9,PayNow
ORC-20260601-0663,2,2026-06-01 20:51:44,Orchard Central,TOP-M-03,Men's Dry-EX Crew Neck T-Shirt,Tops,Men,19.9,19.9,False,1,19.9,Cash
PUN-20260601-0351,2,2026-06-01 16:42:49,Punggol,BTM-M-01,Men's Ezy Ankle Pants,Bottoms,Men,29.9,29.9,False,1,29.9,Cash
BUG-20260601-0180,2,2026-06-01 19:33:59,Bugis,TOP-M-03,Men's Dry-EX Crew Neck T-Shirt,Tops,Men,19.9,19.9,False,1,19.9,
PUN-20260601-0461,2,2026-06-01 12:36:50,  Punggol  ,TOP-M-04,Men's Oxford Long Sleeve Shirt,Tops,Men,29.9,29.9,False,1,29.9,PayNow
BUG-20260601-0200,2,2026-06-01 11:00:43,Bugis,TOP-M-04,  Men's Oxford Long Sleeve Shirt  ,Tops,Men,29.9,29.9,False,1,29.9,Card
ORC-20260601-0019,1,2026-06-01 21:44:17,Orchard Central,SOK-W-04,Women's Ribbed Crew Socks,Socks,Women,5.9,5.9,False,1,5.9,Card
ORC-20260601-0574,1,2026-06-01 16:12:42,ORCHARD CENTRAL,SOK-M-01,Men's Ankle Socks 3-Pack,Socks,Men,14.9,14.9,False,1,14.9,PayNow
ORC-20260601-0588,1,2026-06-01 18:03:46,Orchard Central,SOK-W-04,  Women's Ribbed Crew Socks  ,Socks,Women,5.9,5.9,False,1,5.9,Card
BUG-20260601-0038,2,2026-06-01 15:52:22,BUGIS,UND-W-01,Women's Airism Bikini Shorts,Underwear,Women,9.9,9.9,False,1,9.9,Card
BUG-20260601-0615,1,2026-06-01 16:34:04,Bugis,SOK-M-02,Men's Pile Crew Socks,Socks,Men,5.9,5.9,False,1,5.9,paynow
ORC-20260601-0484,1,2026-06-01 15:32:48,Orchard Central,SOK-M-01,Men's Ankle Socks 3-Pack,Socks,Men,14.9,14.9,False,1,14.9,PayNow
BUG-20260601-0747,2,2026-06-01 13:45:01,Bugis,UND-W-01,Women's Airism Bikini Shorts,UNDERWEAR,women,9.9,9.9,False,1,9.9,NETS
BUG-20260601-0358,2,2026-06-01 12:40:38,Bugis,UND-W-08,Women's Airism Camisole,Underwear,Women,14.9,14.9,False,1,14.9,Cash
ORC-20260601-0520,1,2026-06-01 15:33:56,Orchard Central,SOK-W-02,Women's Pile Crew Socks,Socks,WOMEN,5.9,5.9,False,1,5.9,cash
ORC-20260601-0745,1,2026-06-01 14:32:57,Orchard Central,TOP-M-03,Men's Dry-EX Crew Neck T-Shirt,Tops,Men,$19.9,19.9,False,1,19.9,Card
BUG-20260601-0306,2,2026-06-01 20:36:15,Bugis,TOP-W-01,Women's Airism Cotton Crew Neck T-Shirt,tops,Women,14.9,14.9,False,1,14.9,Cash
PUN-20260601-0093,1,2026-06-01 11:55:26,Punggol,SOK-W-03,Women's Airism Low-Cut Socks,Socks,Women,5.9,5.9,False,1,5.9,card
BUG-20260601-0008,2,2026-06-01 16:59:11,Bugis,TOP-W-04,Women's Heattech Crew Neck Long Sleeve Tee,Tops,WOMEN,14.9,14.9,False,1,14.9,PayNow
BUG-20260601-0104,1,2026-06-01 20:11:16,Bugis,SOK-W-04,Women's Ribbed Crew Socks,Socks,Women,5.9,5.9,False,1,5.9,Cash
PUN-20260601-0400,3,2026-06-01 17:03:39,  Punggol  ,SOK-W-01,Women's Ankle Socks 3-Pack,Socks,Women,14.9,14.9,False,1,14.9,Card
PUN-20260601-0132,3,2026-06-01 19:25:34,Punggol,BTM-W-03,Women's Ezy Ankle Pants,bottoms,Women,29.9,29.9,False,1,$29.9,NETS
ORC-20260601-1008,1,2026-06-01 21:37:49,Orchard Central,SOK-W-02,Women's Pile Crew Socks,SOCKS,WOMEN,5.9,5.9,False,1,5.9,PayNow
BUG-20260601-0101,2,2026-06-01 22:59:11,bugis,TOP-W-02,Women's Ribbed Long Sleeve Turtleneck,Tops,Women,19.9,19.9,False,1,19.9,Card
BUG-20260601-0316,1,2026-06-01 19:17:17,bugis,SOK-W-03,Women's Airism Low-Cut Socks,Socks,Women,5.9,5.9,False,1,5.9,card
PUN-20260601-0396,1,2026-06-01 20:23:19,Punggol,UND-M-03,  Men's Airism Mesh Boxer Briefs  ,Underwear,Men,14.9,14.9,False,2,29.8,NETS
BUG-20260601-0746,1,2026-06-01 20:41:25,Bugis,SOK-M-03,Men's Airism Low-Cut Socks,Socks,Men,5.9,5.9,False,1,5.9,Cash
BUG-20260601-0686,3,2026-06-01 16:06:46,Bugis,UND-W-03,Women's Cotton Blend Briefs,Underwear,Women,9.9,9.9,False,1,$9.9,Paynow
ORC-20260601-0260,2,2026-06-01 21:39:54,Orchard Central,UND-W-02,Women's Wireless Bra,Underwear,Women,29.9,29.9,False,1,29.9,Card
BUG-20260601-0178,2,2026-06-01 14:36:17,Bugis,UND-W-03,Women's Cotton Blend Briefs,Underwear,Women,9.9,9.9,False,1,9.9,Card
ORC-20260601-0643,1,2026-06-01 20:02:22,Orchard Central,UND-M-02,Men's Cotton Blend Trunks,Underwear,men,14.9,14.9,False,1,14.9,Card
BUG-20260601-0575,3,2026-06-01 17:28:35,Bugis,UND-M-04,Men's Cotton Crew Neck Undershirt,Underwear,Men,14.9,14.9,False,1,14.9,PayNow
ORC-20260601-0150,2,2026-06-01 21:11:11,Orchard Central,BTM-M-04,Men's Dry Stretch Shorts,Bottoms,Men,19.9,19.9,False,1,19.9,Card
ORC-20260601-0300,1,2026-06-01 22:35:21,ORCHARD CENTRAL,BTM-M-02,Men's Slim Fit Chino Trousers,Bottoms,Men,29.9,29.9,False,1,29.9,PayNow
ORC-20260601-0480,1,2026-06-01 13:59:41,Orchard Central,SOK-W-03,Women's Airism Low-Cut Socks,Socks,Women,5.9,5.9,False,1,5.9,CARD
BUG-20260601-0460,2,2026-06-01 20:15:32,Bugis,SOK-W-02,Women's Pile Crew Socks,Socks,Women,5.9,5.9,False,1,5.9,Card
ORC-20260601-0298,1,2026-06-01 19:36:25,Orchard Central,TOP-M-01,Men's Airism Cotton Crew Neck T-Shirt,Tops,Men,14.9,14.9,False,1,14.9,PayNow
ORC-20260601-1046,3,2026-06-01 18:02:41,ORCHARD CENTRAL,UND-M-03,  Men's Airism Mesh Boxer Briefs  ,Underwear,Men,14.9,14.9,False,1,14.9,Card
PUN-20260601-0375,3,2026-06-01 20:06:07,PUNGGOL,UND-W-03,Women's Cotton Blend Briefs,Underwear,Women,9.9,9.9,False,1,9.9,PayNow
ORC-20260601-0476,1,2026-06-01 20:05:25,Orchard Central,SOK-M-02,Men's Pile Crew Socks,Socks,Men,5.9,5.9,False,1,5.9,Card
ORC-20260601-0826,1,2026-06-01 20:04:12,  Orchard Central  ,SOK-W-03,Women's Airism Low-Cut Socks,SOCKS,Women,5.9,5.9,False,1,5.9,Card
PUN-20260601-0504,1,2026-06-01 13:32:28,Punggol,SOK-W-02,Women's Pile Crew Socks,Socks,Women,5.9,5.9,False,1,5.9,PayNow
PUN-20260601-0418,1,2026-06-01 21:26:50,Punggol,SOK-W-01,Women's Ankle Socks 3-Pack,Socks,Women,14.9,14.9,False,1,14.9,Card
ORC-20260601-1126,1,2026-06-01 14:46:30,ORCHARD CENTRAL,SOK-M-04,Men's Ribbed Crew Socks,Socks,MEN,5.9,5.9,False,1,5.9,PayNow
BUG-20260601-0130,1,2026-06-01 14:38:50,Bugis,TOP-M-04,Men's Oxford Long Sleeve Shirt,Tops,Men,29.9,29.9,False,1,29.9,
ORC-20260601-0148,2,2026-06-01 19:54:50,Orchard Central,SOK-M-08,Men's Cotton Blend Dress Socks,Socks,MEN,9.9,9.9,False,1,9.9,Cash
ORC-20260601-0322,1,2026-06-01 17:32:40,Orchard Central,SOK-W-02,Women's Pile Crew Socks,Socks,Women,5.9,5.9,False,2,11.8,paynow
PUN-20260601-0150,2,2026-06-01 15:30:13,Punggol,SOK-M-02,Men's Pile Crew Socks,Socks,Men,5.9,5.9,False,1,$5.9,PayNow
PUN-20260601-0489,2,2026-06-01 12:53:01,Punggol,SOK-W-02,  Women's Pile Crew Socks  ,SOCKS,Women,5.9,5.9,False,1,5.9,NETS
PUN-20260601-0362,1,2026-06-01 19:49:24,Punggol,SOK-M-04,Men's Ribbed Crew Socks,Socks,Men,$5.9,5.9,False,1,5.9,PayNow
BUG-20260601-0667,1,2026-06-01 20:28:36,Bugis,SOK-M-04,Men's Ribbed Crew Socks,Socks,Men,5.9,5.9,False,1,5.9,card
BUG-20260601-0088,1,2026-06-01 13:34:17,Bugis,TOP-W-02,Women's Ribbed Long Sleeve Turtleneck,Tops,Women,19.9,19.9,False,1,19.9,NETS
ORC-20260601-0744,1,2026-06-01 21:22:36,ORCHARD CENTRAL,BTM-W-04,Women's Denim Straight Jeans,Bottoms,Women,49.9,49.9,False,1,49.9,PayNow
BUG-20260601-0127,1,2026-06-01 21:59:06,Bugis,TOP-W-01,Women's Airism Cotton Crew Neck T-Shirt,Tops,Women,$14.9,14.9,False,1,14.9,PayNow
PUN-20260601-0092,2,2026-06-01 19:23:09,Punggol,SOK-W-02,Women's Pile Crew Socks,Socks,Women,5.9,5.9,False,1,5.9,Card
ORC-20260601-0845,3,2026-06-01 18:43:26,Orchard Central,SOK-M-04,Men's Ribbed Crew Socks,Socks,Men,5.9,5.9,False,1,5.9,paynow
ORC-20260601-0010,2,2026-06-01 21:31:23,Orchard Central,TOP-W-02,Women's Ribbed Long Sleeve Turtleneck,tops,Women,19.9,19.9,False,1,19.9,CASH
PUN-20260601-0333,2,2026-06-01 15:18:39,Punggol,SOK-M-03,Men's Airism Low-Cut Socks,Socks,Men,5.9,5.9,False,1,5.9,nets
PUN-20260601-0217,1,2026-06-01 14:29:47,PUNGGOL,BTM-M-04,Men's Dry Stretch Shorts,Bottoms,Men,19.9,19.9,False,1,19.9,Card
BUG-20260601-0818,1,2026-06-01 19:38:19,Bugis,SOK-M-04,Men's Ribbed Crew Socks,Socks,Men,5.9,5.9,False,1,5.9,nets
BUG-20260601-0424,1,2026-06-01 20:17:51,Bugis,TOP-W-04,Women's Heattech Crew Neck Long Sleeve Tee,TOPS,Women,14.9,14.9,False,1,14.9,PayNow
ORC-20260601-1053,3,2026-06-01 21:17:20,Orchard Central,UND-W-03,Women's Cotton Blend Briefs,Underwear,Women,9.9,9.9,False,1,9.9,PayNow
ORC-20260601-0212,1,2026-06-01 18:45:17,Orchard Central,UND-W-03,Women's Cotton Blend Briefs,Underwear,Women,9.9,9.9,False,1,9.9,CARD
ORC-20260601-0852,2,2026-06-01 21:34:09,  Orchard Central  ,BTM-M-03,Men's Selvedge Regular Fit Jeans,Bottoms,Men,59.9,59.9,False,1,59.9,NETS
BUG-20260601-0802,1,2026-06-01 15:21:15,Bugis,SOK-M-04,Men's Ribbed Crew Socks,Socks,Men,5.9,5.9,False,1,5.9,Card
ORC-20260601-0315,1,2026-06-01 20:40:07,Orchard Central,SOK-W-03,Women's Airism Low-Cut Socks,socks,Women,5.9,5.9,False,1,5.9,Card
BUG-20260601-0167,1,2026-06-01 14:33:22,Bugis,SOK-W-03,Women's Airism Low-Cut Socks,SOCKS,Women,5.9,5.9,False,1,5.9,CARD
BUG-20260601-0565,1,2026-06-01 19:06:16,  Bugis  ,UND-W-03,Women's Cotton Blend Briefs,Underwear,Women,9.9,9.9,False,1,9.9,PayNow
BUG-20260601-0049,3,2026-06-01 18:25:35,Bugis,TOP-W-01,Women's Airism Cotton Crew Neck T-Shirt,Tops,Women,14.9,14.9,False,1,14.9,Card
ORC-20260601-0392,2,2026-06-01 18:19:10,Orchard Central,UND-M-01,Men's Airism Boxer Briefs,Underwear,Men,14.9,14.9,False,1,14.9,Card
ORC-20260601-0633,1,2026-06-01 22:22:33,Orchard Central,UND-M-02,Men's Cotton Blend Trunks,Underwear,Men,14.9,14.9,False,1,14.9,Card
ORC-20260601-0798,1,2026-06-01 14:04:32,  ORCHARD CENTRAL  ,BTM-M-04,Men's Dry Stretch Shorts,Bottoms,Men,19.9,19.9,False,1,19.9,NETS
BUG-20260601-0188,3,2026-06-01 21:37:25,Bugis,SOK-M-03,Men's Airism Low-Cut Socks,Socks,Men,5.9,5.9,False,1,5.9,Cash
PUN-20260601-0296,3,2026-06-01 19:14:05,Punggol,SOK-W-04,Women's Ribbed Crew Socks,Socks,Women,5.9,5.9,False,1,5.9,Paynow
ORC-20260601-0912,1,2026-06-01 13:46:15,Orchard Central,TOP-W-02,Women's Ribbed Long Sleeve Turtleneck,Tops,WOMEN,19.9,19.9,False,1,19.9,Card
BUG-20260601-0442,1,2026-06-01 21:50:58,Bugis,SOK-W-01,Women's Ankle Socks 3-Pack,Socks,Women,14.9,14.9,False,1,14.9,PayNow
ORC-20260601-0647,2,2026-06-01 13:04:48,Orchard Central,UND-W-01,Women's Airism Bikini Shorts,Underwear,Women,9.9,9.9,False,2,19.8,NETS
PUN-20260601-0156,1,2026-06-01 20:39:48,Punggol,SOK-M-04,Men's Ribbed Crew Socks,Socks,Men,5.9,5.9,False,1,5.9,Card
BUG-20260601-0126,1,2026-06-01 20:11:16,Bugis,SOK-M-04,  Men's Ribbed Crew Socks  ,Socks,Men,5.9,5.9,False,1,5.9,Cash
ORC-20260601-0239,1,2026-06-01 13:35:50,Orchard Central,TOP-M-01,Men's Airism Cotton Crew Neck T-Shirt,Tops,men,14.9,14.9,False,1,14.9,Card
ORC-20260601-1008,2,2026-06-01 21:37:49,Orchard Central,UND-W-02,Women's Wireless Bra,Underwear,Women,29.9,29.9,False,2,59.8,paynow
BUG-20260601-0197,1,2026-06-01 17:35:14,Bugis,TOP-M-03,Men's Dry-EX Crew Neck T-Shirt,Tops,men,19.9,19.9,False,1,19.9,PayNow
PUN-20260601-0133,1,2026-06-01 20:05:36,punggol,BTM-M-01,Men's Ezy Ankle Pants,Bottoms,Men,29.9,29.9,False,1,29.9,Cash
PUN-20260601-0113,1,2026-06-01 19:32:58,Punggol,SOK-M-04,Men's Ribbed Crew Socks,Socks,Men,5.9,5.9,False,1,5.9,NETS
BUG-20260601-0233,1,2026-06-01 20:38:27,Bugis,UND-M-02,Men's Cotton Blend Trunks,Underwear,Men,14.9,14.9,False,1,14.9,Card
ORC-20260601-0336,1,2026-06-01 11:12:09,Orchard Central,SOK-W-02,Women's Pile Crew Socks,Socks,Women,5.9,5.9,False,1,5.9,PayNow
PUN-20260601-0233,1,2026-06-01 18:45:44,Punggol,SOK-M-03,  Men's Airism Low-Cut Socks  ,Socks,Men,5.9,5.9,False,1,5.9,NETS
PUN-20260601-0195,1,2026-06-01 20:26:34,Punggol,TOP-W-03,Women's Silky Satin Blouse,Tops,Women,39.9,39.9,False,1,39.9,CASH
PUN-20260601-0334,3,2026-06-01 20:11:18,Punggol,TOP-M-03,Men's Dry-EX Crew Neck T-Shirt,Tops,Men,19.9,19.9,False,1,19.9,NETS
BUG-20260601-0277,1,2026-06-01 20:39:46,Bugis,SOK-M-03,Men's Airism Low-Cut Socks,Socks,Men,5.9,5.9,False,1,5.9,Card
PUN-20260601-0467,3,2026-06-01 16:35:53,Punggol,SOK-W-03,Women's Airism Low-Cut Socks,Socks,Women,5.9,5.9,False,1,5.9,NETS
BUG-20260601-0140,1,2026-06-01 19:34:49,Bugis,UND-M-03,Men's Airism Mesh Boxer Briefs,Underwear,men,14.9,14.9,False,1,14.9,NETS
ORC-20260601-0624,3,2026-06-01 17:11:25,Orchard Central,SOK-M-04,Men's Ribbed Crew Socks,Socks,Men,5.9,5.9,False,1,5.9,PayNow
PUN-20260601-0203,1,2026-06-01 18:56:43,Punggol,UND-M-04,Men's Cotton Crew Neck Undershirt,UNDERWEAR,Men,14.9,14.9,False,1,14.9,NETS
PUN-20260601-0463,1,2026-06-01 13:17:45,  Punggol  ,UND-W-01,  Women's Airism Bikini Shorts  ,UNDERWEAR,Women,9.9,9.9,False,1,9.9,Card
ORC-20260601-0295,1,2026-06-01 16:39:30,Orchard Central,BTM-M-01,Men's Ezy Ankle Pants,Bottoms,Men,29.9,29.9,False,1,29.9,Paynow
BUG-20260601-0119,2,2026-06-01 19:08:07,Bugis,UND-W-03,Women's Cotton Blend Briefs,Underwear,Women,9.9,9.9,False,1,9.9,Card
ORC-20260601-0785,1,2026-06-01 21:49:43,Orchard Central,UND-W-01,Women's Airism Bikini Shorts,Underwear,Women,9.9,9.9,False,1,9.9,NETS
PUN-20260601-0405,1,2026-06-01 22:51:25,Punggol,SOK-W-03,Women's Airism Low-Cut Socks,Socks,Women,5.9,5.9,False,1,5.9,CASH
ORC-20260601-0242,1,2026-06-01 19:00:34,Orchard Central,UND-W-02,Women's Wireless Bra,Underwear,Women,29.9,29.9,False,1,29.9,PayNow
ORC-20260601-0616,1,2026-06-01 20:21:55,Orchard Central,TOP-M-03,Men's Dry-EX Crew Neck T-Shirt,Tops,Men,19.9,19.9,False,1,19.9,PayNow
PUN-20260601-0505,1,2026-06-01 15:07:48,  Punggol  ,SOK-M-04,Men's Ribbed Crew Socks,Socks,Men,5.9,5.9,False,1,5.9,Card
ORC-20260601-0634,2,2026-06-01 18:46:04,Orchard Central,UND-M-04,Men's Cotton Crew Neck Undershirt,Underwear,Men,14.9,14.9,False,1,14.9,Card
ORC-20260601-0766,1,2026-06-01 13:44:34,Orchard Central,TOP-W-03,Women's Silky Satin Blouse,Tops,Women,39.9,39.9,False,1,39.9,Card
BUG-20260601-0403,1,2026-06-01 20:46:37,Bugis,SOK-W-04,Women's Ribbed Crew Socks,Socks,Women,5.9,5.9,False,1,5.9,NETS
PUN-20260601-0303,2,2026-06-01 20:14:09,  Punggol  ,SOK-M-02,Men's Pile Crew Socks,Socks,Men,5.9,5.9,False,1,$5.9,Cash
BUG-20260601-0369,1,2026-06-01 11:25:11,Bugis,BTM-W-03,Women's Ezy Ankle Pants,bottoms,Women,29.9,29.9,False,1,29.9,Cash
PUN-20260601-0583,1,2026-06-01 20:09:16,Punggol,SOK-W-03,Women's Airism Low-Cut Socks,Socks,Women,5.9,5.9,False,1,5.9,Card
ORC-20260601-0158,2,2026-06-01 22:46:01,Orchard Central,TOP-M-03,Men's Dry-EX Crew Neck T-Shirt,TOPS,Men,19.9,19.9,False,1,19.9,NETS
PUN-20260601-0080,3,2026-06-01 18:19:02,Punggol,BTM-W-07,Women's Linen Blend Wide Pants,Bottoms,Women,39.9,39.9,False,1,39.9,PayNow
PUN-20260601-0572,1,2026-06-01 21:53:46,punggol,UND-M-04,Men's Cotton Crew Neck Undershirt,Underwear,Men,$14.9,14.9,False,1,14.9,Card
ORC-20260601-0913,1,2026-06-01 13:21:57,Orchard Central,TOP-W-01,Women's Airism Cotton Crew Neck T-Shirt,Tops,Women,14.9,14.9,False,1,14.9,Card
BUG-20260601-0410,1,2026-06-01 14:38:01,Bugis,BTM-M-03,  Men's Selvedge Regular Fit Jeans  ,Bottoms,Men,59.9,59.9,False,1,$59.9,NETS
PUN-20260601-0192,1,2026-06-01 22:02:42,PUNGGOL,SOK-W-02,Women's Pile Crew Socks,Socks,Women,5.9,5.9,False,2,11.8,Card
ORC-20260601-0728,1,2026-06-01 21:16:36,Orchard Central,BTM-W-03,Women's Ezy Ankle Pants,Bottoms,Women,29.9,29.9,False,1,29.9,Card
PUN-20260601-0581,1,2026-06-01 19:11:17,  Punggol  ,UND-M-03,Men's Airism Mesh Boxer Briefs,Underwear,Men,14.9,14.9,False,1,14.9,Card
ORC-20260601-0559,1,2026-06-01 15:38:20,Orchard Central,BTM-W-02,  Women's High-Rise Wide Leg Pants  ,Bottoms,Women,39.9,39.9,False,1,39.9,NETS
BUG-20260601-0294,1,2026-06-01 18:32:47,Bugis,TOP-M-03,Men's Dry-EX Crew Neck T-Shirt,Tops,Men,19.9,19.9,False,1,19.9,Cash
BUG-20260601-0218,2,2026-06-01 19:44:39,BUGIS,SOK-W-01,Women's Ankle Socks 3-Pack,Socks,Women,14.9,14.9,False,2,29.8,Card
BUG-20260601-0210,2,2026-06-01 16:36:51,Bugis,SOK-W-02,Women's Pile Crew Socks,Socks,Women,$5.9,5.9,False,1,5.9,CARD
BUG-20260601-0030,1,2026-06-01 22:37:08,Bugis,SOK-M-03,Men's Airism Low-Cut Socks,Socks,Men,5.9,5.9,False,1,5.9,Cash
ORC-20260601-0604,1,2026-06-01 20:23:45,Orchard Central,TOP-M-01,Men's Airism Cotton Crew Neck T-Shirt,Tops,Men,14.9,14.9,False,1,14.9,card
PUN-20260601-0375,1,2026-06-01 20:06:07,Punggol,TOP-M-04,Men's Oxford Long Sleeve Shirt,Tops,Men,29.9,29.9,False,1,29.9,PayNow
PUN-20260601-0301,1,2026-06-01 11:36:21,  Punggol  ,BTM-W-01,Women's Ultra Stretch Skinny Jeans,Bottoms,Women,39.9,39.9,False,1,39.9,Card
BUG-20260601-0221,2,2026-06-01 19:55:52,Bugis,UND-M-06,Men's Airism Sleeveless Undershirt,Underwear,men,9.9,9.9,False,1,9.9,CARD
ORC-20260601-0233,1,2026-06-01 18:43:49,ORCHARD CENTRAL,SOK-W-02,Women's Pile Crew Socks,Socks,Women,5.9,5.9,False,1,5.9,Card
PUN-20260601-0014,3,2026-06-01 17:53:46,Punggol,SOK-W-02,Women's Pile Crew Socks,socks,women,5.9,5.9,False,1,5.9,Cash
ORC-20260601-0841,1,2026-06-01 20:19:59,Orchard Central,TOP-W-01,Women's Airism Cotton Crew Neck T-Shirt,Tops,Women,14.9,14.9,False,1,14.9,Card
ORC-20260601-0052,1,2026-06-01 20:46:44,Orchard Central,BTM-M-04,Men's Dry Stretch Shorts,Bottoms,Men,19.9,19.9,False,1,19.9,Card
ORC-20260601-0710,2,2026-06-01 14:01:05,orchard central,UND-W-01,Women's Airism Bikini Shorts,underwear,Women,9.9,9.9,False,1,9.9,Cash
BUG-20260601-0268,1,2026-06-01 17:43:03,Bugis,SOK-M-10,  Men's Wool Blend Socks  ,Socks,Men,9.9,9.9,False,1,9.9,NETS
BUG-20260601-0270,2,2026-06-01 18:40:29,Bugis,TOP-M-04,Men's Oxford Long Sleeve Shirt,tops,Men,29.9,29.9,False,1,29.9,Card
ORC-20260601-0340,3,2026-06-01 17:24:05,Orchard Central,TOP-W-01,Women's Airism Cotton Crew Neck T-Shirt,Tops,Women,14.9,14.9,False,1,14.9,Cash
BUG-20260601-0019,1,2026-06-01 20:00:31,Bugis,SOK-M-04,Men's Ribbed Crew Socks,Socks,Men,5.9,5.9,False,2,11.8,NETS
BUG-20260601-0476,1,2026-06-01 20:45:37,Bugis,TOP-W-03,Women's Silky Satin Blouse,Tops,Women,39.9,39.9,False,1,39.9,nets
PUN-20260601-0160,1,2026-06-01 12:31:17,Punggol,UND-M-04,Men's Cotton Crew Neck Undershirt,Underwear,Men,14.9,14.9,False,1,14.9,NETS
ORC-20260601-0542,2,2026-06-01 20:39:15,  Orchard Central  ,BTM-M-08,Men's Relaxed Fit Denim Shorts,Bottoms,Men,22.99,29.9,True,1,22.99,Card
PUN-20260601-0174,1,2026-06-01 14:54:07,Punggol,UND-M-04,Men's Cotton Crew Neck Undershirt,Underwear,Men,14.9,14.9,False,1,14.9,Card
BUG-20260601-0272,1,2026-06-01 15:34:31,Bugis,TOP-W-01,Women's Airism Cotton Crew Neck T-Shirt,Tops,Women,14.9,14.9,False,1,14.9,Card
BUG-20260601-0774,1,2026-06-01 19:18:31,Bugis,BTM-M-01,Men's Ezy Ankle Pants,Bottoms,Men,29.9,29.9,False,1,29.9,Card
BUG-20260601-0089,2,2026-06-01 22:15:26,Bugis,BTM-M-01,Men's Ezy Ankle Pants,Bottoms,Men,29.9,29.9,False,1,29.9,Card
BUG-20260601-0060,1,2026-06-01 18:36:01,Bugis,SOK-M-02,Men's Pile Crew Socks,Socks,Men,5.9,5.9,False,1,5.9,Cash
ORC-20260601-1020,2,2026-06-01 16:09:45,Orchard Central,SOK-M-08,Men's Cotton Blend Dress Socks,socks,Men,9.9,9.9,False,1,9.9,Card
BUG-20260601-0794,1,2026-06-01 21:25:24,BUGIS,SOK-M-01,Men's Ankle Socks 3-Pack,Socks,Men,14.9,14.9,False,1,14.9,Card
BUG-20260601-0339,2,2026-06-01 17:51:48,Bugis,TOP-M-02,Men's Supima Cotton Polo Shirt,Tops,Men,29.9,29.9,False,1,29.9,Card
BUG-20260601-0341,1,2026-06-01 16:45:29,Bugis,SOK-W-04,Women's Ribbed Crew Socks,Socks,Women,5.9,5.9,False,1,5.9,Cash
ORC-20260601-1130,1,2026-06-01 20:07:50,Orchard Central,SOK-M-02,Men's Pile Crew Socks,Socks,Men,5.9,5.9,False,2,11.8,CASH
ORC-20260601-0195,2,2026-06-01 21:43:26,ORCHARD CENTRAL,BTM-W-04,Women's Denim Straight Jeans,Bottoms,Women,49.9,49.9,False,1,49.9,NETS
ORC-20260601-0150,3,2026-06-01 21:11:11,Orchard Central,SOK-W-03,Women's Airism Low-Cut Socks,Socks,Women,5.9,5.9,False,1,5.9,Card
ORC-20260601-0236,2,2026-06-01 15:44:31,Orchard Central,TOP-W-04,Women's Heattech Crew Neck Long Sleeve Tee,tops,Women,14.9,14.9,False,1,14.9,NETS
ORC-20260601-0556,1,2026-06-01 21:36:19,  Orchard Central  ,UND-W-01,Women's Airism Bikini Shorts,Underwear,Women,9.9,9.9,False,1,9.9,Cash
ORC-20260601-0801,1,2026-06-01 19:34:42,Orchard Central,SOK-W-02,Women's Pile Crew Socks,Socks,WOMEN,5.9,5.9,False,1,5.9,Cash
BUG-20260601-0103,3,2026-06-01 21:11:25,Bugis,TOP-W-01,Women's Airism Cotton Crew Neck T-Shirt,TOPS,women,14.9,14.9,False,1,14.9,PayNow
BUG-20260601-0003,1,2026-06-01 14:49:19,Bugis,SOK-M-04,Men's Ribbed Crew Socks,Socks,Men,5.9,5.9,False,1,5.9,Cash
PUN-20260601-0016,2,2026-06-01 20:11:28,Punggol,SOK-W-06,Women's Heattech Socks,Socks,Women,9.9,9.9,False,1,9.9,PayNow
PUN-20260601-0416,3,2026-06-01 12:57:08,Punggol,TOP-W-04,Women's Heattech Crew Neck Long Sleeve Tee,Tops,Women,14.9,14.9,False,1,14.9,NETS
BUG-20260601-0607,1,2026-06-01 21:00:00,Bugis,UND-M-03,Men's Airism Mesh Boxer Briefs,Underwear,Men,$14.9,14.9,False,1,14.9,PayNow
ORC-20260601-0251,2,2026-06-01 18:20:53,Orchard Central,SOK-M-01,Men's Ankle Socks 3-Pack,Socks,Men,14.9,14.9,False,2,29.8,Card
ORC-20260601-0348,1,2026-06-01 22:16:35,Orchard Central,SOK-M-03,Men's Airism Low-Cut Socks,Socks,Men,5.9,5.9,False,1,5.9,Card
ORC-20260601-0195,1,2026-06-01 21:43:26,Orchard Central,UND-W-03,Women's Cotton Blend Briefs,UNDERWEAR,Women,9.9,9.9,False,1,9.9,NETS
BUG-20260601-0229,3,2026-06-01 16:12:58,Bugis,SOK-M-04,  Men's Ribbed Crew Socks  ,Socks,Men,5.9,5.9,False,1,5.9,Card
PUN-20260601-0334,2,2026-06-01 20:11:18,Punggol,SOK-W-01,Women's Ankle Socks 3-Pack,Socks,Women,14.9,14.9,False,2,29.8,NETS
ORC-20260601-0782,2,2026-06-01 22:12:38,Orchard Central,BTM-M-04,Men's Dry Stretch Shorts,Bottoms,Men,19.9,19.9,False,1,19.9,Card
ORC-20260601-0759,2,2026-06-01 21:24:05,Orchard Central,UND-M-03,Men's Airism Mesh Boxer Briefs,Underwear,Men,14.9,14.9,False,1,14.9,PayNow
ORC-20260601-0621,2,2026-06-01 11:04:08,Orchard Central,SOK-M-03,Men's Airism Low-Cut Socks,Socks,Men,5.9,5.9,False,1,5.9,PAYNOW
ORC-20260601-0645,2,2026-06-01 17:49:07,Orchard Central,TOP-M-04,Men's Oxford Long Sleeve Shirt,Tops,Men,29.9,29.9,False,1,29.9,Card
PUN-20260601-0306,3,2026-06-01 19:18:10,Punggol,SOK-M-03,Men's Airism Low-Cut Socks,Socks,Men,5.9,5.9,False,1,5.9,card
BUG-20260601-0555,1,2026-06-01 19:01:44,BUGIS,UND-W-04,Women's Airism T-Shirt Bra,Underwear,Women,29.9,29.9,False,1,29.9,PayNow
ORC-20260601-0609,3,2026-06-01 20:32:39,Orchard Central,TOP-W-02,Women's Ribbed Long Sleeve Turtleneck,Tops,Women,19.9,19.9,False,1,19.9,Card
BUG-20260601-0188,2,2026-06-01 21:37:25,Bugis,UND-W-09,Women's Cotton Boyshorts,Underwear,WOMEN,9.9,9.9,False,1,9.9,Cash
ORC-20260601-0967,1,2026-06-01 20:09:16,Orchard Central,SOK-M-02,Men's Pile Crew Socks,SOCKS,Men,5.9,5.9,False,1,$5.9,NETS
BUG-20260601-0505,1,2026-06-01 18:49:12,Bugis,TOP-W-01,Women's Airism Cotton Crew Neck T-Shirt,Tops,Women,14.9,14.9,False,1,14.9,NETS
ORC-20260601-0580,1,2026-06-01 15:53:27,ORCHARD CENTRAL,SOK-W-02,Women's Pile Crew Socks,Socks,Women,5.9,5.9,False,1,5.9,Card
BUG-20260601-0219,2,2026-06-01 13:14:48,Bugis,TOP-W-01,Women's Airism Cotton Crew Neck T-Shirt,Tops,Women,14.9,14.9,False,1,14.9,Cash
PUN-20260601-0496,1,2026-06-01 20:00:21,Punggol,UND-W-02,Women's Wireless Bra,Underwear,Women,29.9,29.9,False,1,29.9,Cash
PUN-20260601-0532,1,2026-06-01 22:49:44,Punggol,SOK-W-02,Women's Pile Crew Socks,Socks,Women,5.9,5.9,False,1,5.9,Cash
BUG-20260601-0343,1,2026-06-01 17:29:50,Bugis,SOK-W-03,Women's Airism Low-Cut Socks,Socks,Women,5.9,5.9,False,1,5.9,Card
ORC-20260601-0348,2,2026-06-01 22:16:35,  Orchard Central  ,SOK-W-01,Women's Ankle Socks 3-Pack,socks,Women,14.9,14.9,False,2,29.8,CARD
ORC-20260601-0422,2,2026-06-01 22:22:12,Orchard Central,SOK-W-01,Women's Ankle Socks 3-Pack,Socks,Women,14.9,14.9,False,1,14.9,PayNow
PUN-20260601-0002,3,2026-06-01 17:32:39,PUNGGOL,UND-W-03,Women's Cotton Blend Briefs,Underwear,Women,9.9,9.9,False,1,9.9,NETS
PUN-20260601-0190,1,2026-06-01 11:15:39,Punggol,SOK-W-03,Women's Airism Low-Cut Socks,socks,WOMEN,5.9,5.9,False,1,5.9,Card
ORC-20260601-0756,2,2026-06-01 11:20:37,  Orchard Central  ,TOP-M-01,Men's Airism Cotton Crew Neck T-Shirt,Tops,Men,14.9,14.9,False,1,14.9,Card
BUG-20260601-0574,1,2026-06-01 15:03:43,Bugis,SOK-W-03,Women's Airism Low-Cut Socks,Socks,women,5.9,5.9,False,1,5.9,Card
ORC-20260601-0116,2,2026-06-01 12:52:18,Orchard Central,SOK-W-04,Women's Ribbed Crew Socks,socks,Women,5.9,5.9,False,1,5.9,Card
ORC-20260601-0939,2,2026-06-01 18:32:43,Orchard Central,SOK-M-03,  Men's Airism Low-Cut Socks  ,Socks,Men,5.9,5.9,False,1,5.9,Card
BUG-20260601-0690,1,2026-06-01 13:49:56,BUGIS,SOK-W-02,Women's Pile Crew Socks,Socks,Women,5.9,5.9,False,1,5.9,Cash
ORC-20260601-0031,1,2026-06-01 14:58:29,Orchard Central,SOK-M-04,Men's Ribbed Crew Socks,Socks,Men,5.9,5.9,False,1,5.9,Card
ORC-20260601-1078,2,2026-06-01 19:52:12,Orchard Central,UND-M-07,Men's Stretch Cotton Boxers,Underwear,Men,14.9,14.9,False,1,14.9,Paynow
BUG-20260601-0771,1,2026-06-01 16:12:39,Bugis,TOP-W-04,Women's Heattech Crew Neck Long Sleeve Tee,Tops,Women,14.9,14.9,False,1,14.9,Card
BUG-20260601-0033,3,2026-06-01 22:05:57,Bugis,SOK-M-02,Men's Pile Crew Socks,Socks,Men,5.9,5.9,False,1,5.9,PayNow
BUG-20260601-0472,2,2026-06-01 12:39:23,Bugis,BTM-W-06,Women's Jersey Jogger Pants,Bottoms,Women,21.94,29.9,True,1,21.94,PAYNOW
PUN-20260601-0249,1,2026-06-01 18:12:37,Punggol,TOP-M-03,Men's Dry-EX Crew Neck T-Shirt,Tops,Men,19.9,19.9,False,1,19.9,paynow
BUG-20260601-0796,1,2026-06-01 21:20:09,Bugis,SOK-W-01,Women's Ankle Socks 3-Pack,socks,Women,14.9,14.9,False,1,14.9,NETS
ORC-20260601-0886,1,2026-06-01 18:18:38,Orchard Central,SOK-W-03,Women's Airism Low-Cut Socks,Socks,Women,5.9,5.9,False,1,5.9,PayNow
BUG-20260601-0834,1,2026-06-01 12:24:25,  Bugis  ,BTM-M-02,Men's Slim Fit Chino Trousers,Bottoms,Men,29.9,29.9,False,1,29.9,Cash
BUG-20260601-0246,1,2026-06-01 21:33:21,  BUGIS  ,SOK-M-06,Men's Heattech Socks,Socks,Men,9.9,9.9,False,1,9.9,Cash
BUG-20260601-0624,2,2026-06-01 21:16:25,Bugis,SOK-M-04,Men's Ribbed Crew Socks,Socks,Men,5.9,5.9,False,1,5.9,Card
BUG-20260601-0501,1,2026-06-01 19:05:50,Bugis,SOK-W-04,Women's Ribbed Crew Socks,SOCKS,Women,5.9,5.9,False,1,5.9,PayNow
BUG-20260601-0644,1,2026-06-01 21:12:30,Bugis,SOK-M-03,Men's Airism Low-Cut Socks,Socks,men,5.9,5.9,False,1,5.9,NETS
PUN-20260601-0010,2,2026-06-01 20:35:11,Punggol,SOK-W-03,Women's Airism Low-Cut Socks,SOCKS,Women,5.9,5.9,False,1,5.9,Cash
ORC-20260601-0886,2,2026-06-01 18:18:38,Orchard Central,SOK-W-09,Women's No-Show Sneaker Socks,Socks,Women,5.9,5.9,False,1,5.9,PayNow
ORC-20260601-0002,1,2026-06-01 21:10:06,Orchard Central,UND-W-03,Women's Cotton Blend Briefs,underwear,Women,9.9,9.9,False,1,9.9,NETS
ORC-20260601-0726,2,2026-06-01 15:27:35,Orchard Central,SOK-M-02,Men's Pile Crew Socks,socks,Men,5.9,5.9,False,2,11.8,Cash
BUG-20260601-0715,1,2026-06-01 11:38:33,Bugis,BTM-M-04,Men's Dry Stretch Shorts,Bottoms,Men,19.9,19.9,False,1,19.9,Card
BUG-20260601-0492,2,2026-06-01 16:34:11,Bugis,TOP-W-01,Women's Airism Cotton Crew Neck T-Shirt,Tops,Women,14.9,14.9,False,1,14.9,paynow
ORC-20260601-0340,1,2026-06-01 17:24:05,Orchard Central,BTM-W-01,Women's Ultra Stretch Skinny Jeans,Bottoms,Women,39.9,39.9,False,1,39.9,Cash
BUG-20260601-0024,1,2026-06-01 22:33:07,Bugis,UND-W-01,Women's Airism Bikini Shorts,Underwear,Women,9.9,9.9,False,2,19.8,NETS
BUG-20260601-0482,3,2026-06-01 18:07:22,Bugis,UND-M-02,Men's Cotton Blend Trunks,Underwear,Men,14.9,14.9,False,1,14.9,Cash
ORC-20260601-0425,2,2026-06-01 20:28:34,Orchard Central,TOP-W-04,Women's Heattech Crew Neck Long Sleeve Tee,Tops,Women,14.9,14.9,False,1,14.9,Card
ORC-20260601-0930,1,2026-06-01 17:17:03,Orchard Central,BTM-W-03,Women's Ezy Ankle Pants,Bottoms,Women,29.9,29.9,False,1,29.9,NETS
BUG-20260601-0832,1,2026-06-01 12:59:17,Bugis,SOK-M-02,  Men's Pile Crew Socks  ,SOCKS,Men,5.9,5.9,False,1,5.9,card
BUG-20260601-0763,2,2026-06-01 18:01:57,bugis,UND-M-02,Men's Cotton Blend Trunks,Underwear,men,$14.9,14.9,False,1,14.9,CARD
ORC-20260601-1033,1,2026-06-01 18:41:54,Orchard Central,BTM-W-04,  Women's Denim Straight Jeans  ,Bottoms,Women,49.9,49.9,False,1,49.9,PayNow
ORC-20260601-0979,2,2026-06-01 12:01:14,orchard central,UND-W-03,Women's Cotton Blend Briefs,Underwear,Women,9.9,9.9,False,1,9.9,PayNow
BUG-20260601-0276,1,2026-06-01 21:04:57,Bugis,UND-W-01,Women's Airism Bikini Shorts,Underwear,Women,9.9,9.9,False,2,19.8,NETS
ORC-20260601-0392,1,2026-06-01 18:19:10,Orchard Central,SOK-M-04,Men's Ribbed Crew Socks,Socks,Men,5.9,5.9,False,1,5.9,Card
BUG-20260601-0248,1,2026-06-01 21:59:48,Bugis,UND-M-02,Men's Cotton Blend Trunks,Underwear,men,14.9,14.9,False,1,14.9,Card
BUG-20260601-0401,1,2026-06-01 19:38:56,Bugis,UND-W-02,Women's Wireless Bra,underwear,Women,29.9,29.9,False,1,29.9,Card
ORC-20260601-1105,2,2026-06-01 19:23:54,Orchard Central,UND-W-03,Women's Cotton Blend Briefs,Underwear,Women,9.9,9.9,False,1,9.9,Card
BUG-20260601-0696,1,2026-06-01 13:09:28,Bugis,UND-W-04,Women's Airism T-Shirt Bra,UNDERWEAR,Women,29.9,29.9,False,1,29.9,Cash
ORC-20260601-0439,1,2026-06-01 20:17:39,Orchard Central,SOK-M-04,Men's Ribbed Crew Socks,Socks,Men,5.9,5.9,False,2,11.8,NETS
ORC-20260601-0339,2,2026-06-01 13:51:05,Orchard Central,UND-W-01,Women's Airism Bikini Shorts,Underwear,Women,9.9,9.9,False,1,9.9,paynow
ORC-20260601-0180,2,2026-06-01 13:22:45,Orchard Central,SOK-M-01,Men's Ankle Socks 3-Pack,Socks,Men,14.9,14.9,False,1,14.9,Card
ORC-20260601-1101,2,2026-06-01 19:13:04,Orchard Central,TOP-W-03,Women's Silky Satin Blouse,Tops,Women,39.9,39.9,False,1,39.9,PayNow
ORC-20260601-0966,1,2026-06-01 12:40:28,Orchard Central,UND-W-01,Women's Airism Bikini Shorts,Underwear,Women,9.9,9.9,False,1,9.9,NETS
ORC-20260601-0024,2,2026-06-01 18:22:39,Orchard Central,SOK-W-03,Women's Airism Low-Cut Socks,Socks,Women,5.9,5.9,False,1,5.9,Card
PUN-20260601-0186,1,2026-06-01 20:03:14,Punggol,UND-W-04,Women's Airism T-Shirt Bra,Underwear,Women,29.9,29.9,False,1,29.9,PayNow
BUG-20260601-0514,2,2026-06-01 20:30:10,bugis,SOK-M-02,Men's Pile Crew Socks,Socks,Men,5.9,5.9,False,1,5.9,Card
ORC-20260601-0538,1,2026-06-01 21:13:01,Orchard Central,TOP-M-01,Men's Airism Cotton Crew Neck T-Shirt,TOPS,Men,14.9,14.9,False,1,14.9,Card
BUG-20260601-0686,2,2026-06-01 16:06:46,Bugis,SOK-W-02,Women's Pile Crew Socks,Socks,Women,5.9,5.9,False,1,5.9,PayNow
ORC-20260601-0467,3,2026-06-01 18:39:28,Orchard Central,UND-M-02,Men's Cotton Blend Trunks,Underwear,men,14.9,14.9,False,1,14.9,Cash
ORC-20260601-0992,1,2026-06-01 19:35:41,Orchard Central,UND-W-03,Women's Cotton Blend Briefs,Underwear,Women,9.9,9.9,False,1,9.9,Card
ORC-20260601-0214,1,2026-06-01 20:25:22,Orchard Central,BTM-W-03,Women's Ezy Ankle Pants,Bottoms,Women,29.9,29.9,False,1,29.9,paynow
PUN-20260601-0258,1,2026-06-01 20:44:16,Punggol,TOP-M-03,Men's Dry-EX Crew Neck T-Shirt,Tops,Men,19.9,19.9,False,1,19.9,PayNow
ORC-20260601-0876,2,2026-06-01 12:24:29,Orchard Central,SOK-M-02,Men's Pile Crew Socks,Socks,Men,5.9,5.9,False,1,$5.9,Card
ORC-20260601-0358,2,2026-06-01 14:21:55,Orchard Central,SOK-M-01,Men's Ankle Socks 3-Pack,Socks,Men,14.9,14.9,False,1,14.9,
PUN-20260601-0536,2,2026-06-01 15:57:13,Punggol,TOP-M-03,Men's Dry-EX Crew Neck T-Shirt,Tops,Men,19.9,19.9,False,1,19.9,Card
PUN-20260601-0076,1,2026-06-01 19:28:01,Punggol,SOK-W-02,Women's Pile Crew Socks,Socks,Women,5.9,5.9,False,1,5.9,PayNow
ORC-20260601-0684,1,2026-06-01 16:13:11,Orchard Central,TOP-W-03,Women's Silky Satin Blouse,Tops,Women,39.9,39.9,False,1,39.9,Card
PUN-20260601-0441,2,2026-06-01 13:07:01,Punggol,SOK-W-01,Women's Ankle Socks 3-Pack,SOCKS,Women,14.9,14.9,False,1,14.9,Card
ORC-20260601-1129,1,2026-06-01 20:03:51,  Orchard Central  ,SOK-W-01,Women's Ankle Socks 3-Pack,Socks,Women,14.9,14.9,False,1,14.9,Cash
PUN-20260601-0558,2,2026-06-01 18:11:21,Punggol,UND-W-03,Women's Cotton Blend Briefs,Underwear,Women,9.9,9.9,False,1,9.9,Cash
ORC-20260601-0910,3,2026-06-01 17:54:09,Orchard Central,SOK-M-01,Men's Ankle Socks 3-Pack,SOCKS,Men,14.9,14.9,False,2,29.8,PayNow
PUN-20260601-0108,1,2026-06-01 21:03:28,Punggol,SOK-W-02,Women's Pile Crew Socks,Socks,Women,5.9,5.9,False,1,5.9,Cash
ORC-20260601-0508,3,2026-06-01 12:01:17,Orchard Central,UND-W-03,Women's Cotton Blend Briefs,Underwear,Women,9.9,9.9,False,1,9.9,Card
ORC-20260601-0817,2,2026-06-01 20:39:42,Orchard Central,UND-M-02,Men's Cotton Blend Trunks,underwear,Men,14.9,14.9,False,1,14.9,Card
PUN-20260601-0110,3,2026-06-01 21:35:54,Punggol,UND-M-01,Men's Airism Boxer Briefs,Underwear,Men,14.9,14.9,False,1,14.9,Cash
PUN-20260601-0038,1,2026-06-01 20:06:37,Punggol,SOK-W-04,Women's Ribbed Crew Socks,Socks,Women,5.9,5.9,False,2,11.8,PayNow
BUG-20260601-0056,1,2026-06-01 14:46:27,Bugis,SOK-M-10,Men's Wool Blend Socks,Socks,Men,9.9,9.9,False,2,19.8,Nets
ORC-20260601-0557,1,2026-06-01 14:38:23,Orchard Central,TOP-W-02,Women's Ribbed Long Sleeve Turtleneck,Tops,Women,19.9,19.9,False,1,19.9,NETS
BUG-20260601-0377,2,2026-06-01 17:46:41,Bugis,BTM-M-03,Men's Selvedge Regular Fit Jeans,bottoms,MEN,59.9,59.9,False,1,59.9,Card
BUG-20260601-0190,1,2026-06-01 15:56:55,Bugis,UND-W-02,Women's Wireless Bra,Underwear,Women,29.9,29.9,False,1,29.9,Card
PUN-20260601-0515,1,2026-06-01 19:46:27,PUNGGOL,UND-W-01,  Women's Airism Bikini Shorts  ,UNDERWEAR,Women,9.9,9.9,False,1,9.9,PAYNOW
BUG-20260601-0205,2,2026-06-01 21:11:03,BUGIS,UND-W-01,Women's Airism Bikini Shorts,Underwear,Women,9.9,9.9,False,1,9.9,Cash
ORC-20260601-0544,2,2026-06-01 15:28:57,Orchard Central,TOP-W-01,Women's Airism Cotton Crew Neck T-Shirt,Tops,WOMEN,14.9,14.9,False,1,14.9,Cash
BUG-20260601-0289,2,2026-06-01 19:33:45,Bugis,SOK-W-02,Women's Pile Crew Socks,Socks,Women,5.9,5.9,False,1,5.9,Cash
ORC-20260601-1090,1,2026-06-01 22:29:22,Orchard Central,SOK-W-03,Women's Airism Low-Cut Socks,Socks,Women,5.9,5.9,False,1,5.9,paynow
BUG-20260601-0675,1,2026-06-01 20:29:42,bugis,SOK-M-02,Men's Pile Crew Socks,Socks,Men,5.9,5.9,False,1,5.9,PayNow
ORC-20260601-0710,1,2026-06-01 14:01:05,Orchard Central,TOP-W-04,Women's Heattech Crew Neck Long Sleeve Tee,Tops,Women,14.9,14.9,False,1,14.9,Cash
ORC-20260601-0023,2,2026-06-01 21:32:27,orchard central,SOK-M-04,Men's Ribbed Crew Socks,socks,Men,5.9,5.9,False,2,11.8,Cash
ORC-20260601-0566,2,2026-06-01 19:00:05,Orchard Central,TOP-W-01,Women's Airism Cotton Crew Neck T-Shirt,Tops,Women,14.9,14.9,False,1,14.9,Cash
ORC-20260601-0371,1,2026-06-01 21:52:16,Orchard Central,TOP-W-01,  Women's Airism Cotton Crew Neck T-Shirt  ,Tops,Women,14.9,14.9,False,1,14.9,Card
PUN-20260601-0500,2,2026-06-01 20:13:24,Punggol,BTM-W-03,Women's Ezy Ankle Pants,bottoms,Women,29.9,29.9,False,1,29.9,CARD
BUG-20260601-0296,2,2026-06-01 13:52:26,Bugis,SOK-W-04,Women's Ribbed Crew Socks,Socks,Women,5.9,5.9,False,1,5.9,Card
ORC-20260601-1067,2,2026-06-01 21:28:40,orchard central,SOK-W-02,Women's Pile Crew Socks,Socks,WOMEN,5.9,5.9,False,1,5.9,Card
BUG-20260601-0338,3,2026-06-01 16:11:10,Bugis,SOK-M-10,Men's Wool Blend Socks,Socks,Men,9.9,9.9,False,1,9.9,Cash
ORC-20260601-0307,3,2026-06-01 18:07:26,Orchard Central,TOP-M-04,Men's Oxford Long Sleeve Shirt,Tops,Men,29.9,29.9,False,1,29.9,Card
BUG-20260601-0768,1,2026-06-01 19:41:31,Bugis,SOK-W-01,Women's Ankle Socks 3-Pack,Socks,Women,$14.9,14.9,False,1,14.9,NETS
PUN-20260601-0100,1,2026-06-01 19:56:17,Punggol,TOP-M-04,Men's Oxford Long Sleeve Shirt,TOPS,Men,29.9,29.9,False,1,29.9,PayNow
ORC-20260601-0864,1,2026-06-01 19:34:09,Orchard Central,UND-W-01,Women's Airism Bikini Shorts,Underwear,Women,9.9,9.9,False,1,9.9,Card
BUG-20260601-0636,1,2026-06-01 20:54:05,Bugis,SOK-W-03,Women's Airism Low-Cut Socks,Socks,Women,5.9,5.9,False,1,5.9,Card
BUG-20260601-0440,1,2026-06-01 19:51:11,Bugis,SOK-W-02,Women's Pile Crew Socks,Socks,Women,5.9,5.9,False,1,5.9,NETS
BUG-20260601-0340,2,2026-06-01 18:16:00,Bugis,SOK-M-04,Men's Ribbed Crew Socks,Socks,MEN,5.9,5.9,False,1,5.9,Card
ORC-20260601-0060,1,2026-06-01 22:25:23,Orchard Central,UND-W-06,Women's Lace Trim Briefs,underwear,Women,9.9,9.9,False,1,9.9,Card
ORC-20260601-0097,3,2026-06-01 20:55:14,Orchard Central,BTM-W-02,Women's High-Rise Wide Leg Pants,Bottoms,Women,39.9,39.9,False,1,39.9,PayNow
ORC-20260601-0674,1,2026-06-01 11:05:16,Orchard Central,SOK-W-02,Women's Pile Crew Socks,SOCKS,Women,5.9,5.9,False,2,11.8,Card
PUN-20260601-0431,2,2026-06-01 19:48:09,Punggol,SOK-M-02,  Men's Pile Crew Socks  ,Socks,MEN,5.9,5.9,False,1,5.9,Cash
ORC-20260601-1044,1,2026-06-01 18:57:39,Orchard Central,TOP-M-04,Men's Oxford Long Sleeve Shirt,Tops,Men,29.9,29.9,False,1,29.9,Nets
BUG-20260601-0262,1,2026-06-01 19:12:57,Bugis,BTM-W-01,Women's Ultra Stretch Skinny Jeans,Bottoms,WOMEN,39.9,39.9,False,1,39.9,Cash
ORC-20260601-0990,1,2026-06-01 16:10:26,Orchard Central,SOK-M-03,Men's Airism Low-Cut Socks,Socks,Men,5.9,5.9,False,2,11.8,card
PUN-20260601-0415,3,2026-06-01 22:15:10,Punggol,SOK-W-03,Women's Airism Low-Cut Socks,Socks,Women,5.9,5.9,False,1,5.9,PayNow
PUN-20260601-0441,1,2026-06-01 13:07:01,Punggol,UND-W-01,Women's Airism Bikini Shorts,Underwear,WOMEN,9.9,9.9,False,1,9.9,Card
BUG-20260601-0368,1,2026-06-01 16:26:37,Bugis,SOK-W-03,  Women's Airism Low-Cut Socks  ,Socks,Women,5.9,5.9,False,1,5.9,card
BUG-20260601-0005,2,2026-06-01 18:35:40,Bugis,TOP-W-02,Women's Ribbed Long Sleeve Turtleneck,Tops,Women,19.9,19.9,False,1,19.9,NETS
ORC-20260601-0324,2,2026-06-01 22:47:06,ORCHARD CENTRAL,SOK-W-02,Women's Pile Crew Socks,Socks,Women,5.9,5.9,False,1,5.9,Cash
ORC-20260601-0480,2,2026-06-01 13:59:41,Orchard Central,UND-M-03,  Men's Airism Mesh Boxer Briefs  ,underwear,Men,14.9,14.9,False,1,$14.9,card
PUN-20260601-0250,1,2026-06-01 20:57:28,Punggol,BTM-M-04,Men's Dry Stretch Shorts,Bottoms,Men,19.9,19.9,False,1,19.9,PayNow
BUG-20260601-0247,3,2026-06-01 19:46:40,Bugis,UND-W-03,Women's Cotton Blend Briefs,Underwear,Women,9.9,9.9,False,2,19.8,Card
PUN-20260601-0485,3,2026-06-01 15:30:56,Punggol,TOP-W-03,Women's Silky Satin Blouse,Tops,Women,39.9,39.9,False,1,39.9,PayNow
BUG-20260601-0025,2,2026-06-01 19:17:09,Bugis,SOK-W-02,  Women's Pile Crew Socks  ,Socks,Women,5.9,5.9,False,1,5.9,Card
PUN-20260601-0446,1,2026-06-01 17:27:53,Punggol,UND-W-01,Women's Airism Bikini Shorts,Underwear,Women,9.9,9.9,False,1,9.9,Nets
BUG-20260601-0202,1,2026-06-01 17:31:09,Bugis,SOK-W-03,Women's Airism Low-Cut Socks,Socks,Women,5.9,5.9,False,1,5.9,Card
BUG-20260601-0043,1,2026-06-01 20:45:49,Bugis,SOK-M-04,Men's Ribbed Crew Socks,Socks,MEN,5.9,5.9,False,1,5.9,Cash
PUN-20260601-0206,1,2026-06-01 20:12:45,Punggol,SOK-M-04,Men's Ribbed Crew Socks,Socks,Men,5.9,5.9,False,1,5.9,Card
ORC-20260601-0706,1,2026-06-01 14:17:37,Orchard Central,SOK-W-01,Women's Ankle Socks 3-Pack,socks,Women,14.9,14.9,False,1,14.9,PayNow
PUN-20260601-0205,2,2026-06-01 18:52:43,Punggol,SOK-M-02,Men's Pile Crew Socks,Socks,MEN,5.9,5.9,False,1,5.9,Card
ORC-20260601-0322,3,2026-06-01 17:32:40,  Orchard Central  ,UND-M-03,Men's Airism Mesh Boxer Briefs,Underwear,Men,14.9,14.9,False,1,14.9,PayNow
ORC-20260601-0040,3,2026-06-01 18:58:43,Orchard Central,TOP-M-02,Men's Supima Cotton Polo Shirt,tops,Men,29.9,29.9,False,1,29.9,Card
PUN-20260601-0181,1,2026-06-01 19:33:10,Punggol,UND-W-01,Women's Airism Bikini Shorts,Underwear,Women,9.9,9.9,False,1,$9.9,Card
BUG-20260601-0241,2,2026-06-01 12:36:12,Bugis,SOK-M-04,Men's Ribbed Crew Socks,Socks,Men,5.9,5.9,False,1,$5.9,Card
ORC-20260601-0192,2,2026-06-01 11:42:52,Orchard Central,SOK-W-01,Women's Ankle Socks 3-Pack,Socks,Women,14.9,14.9,False,1,14.9,Cash
ORC-20260601-1056,1,2026-06-01 21:12:18,Orchard Central,SOK-W-02,Women's Pile Crew Socks,Socks,Women,5.9,5.9,False,1,$5.9,NETS
BUG-20260601-0449,1,2026-06-01 19:02:25,BUGIS,UND-M-04,Men's Cotton Crew Neck Undershirt,Underwear,Men,14.9,14.9,False,1,14.9,PayNow
PUN-20260601-0490,1,2026-06-01 18:32:12,Punggol,SOK-W-07,Women's Striped Crew Socks,Socks,Women,5.9,5.9,False,1,5.9,PAYNOW
PUN-20260601-0031,1,2026-06-01 19:56:26,Punggol,UND-M-03,Men's Airism Mesh Boxer Briefs,Underwear,Men,14.9,14.9,False,1,14.9,Nets
BUG-20260601-0570,2,2026-06-01 15:27:33,Bugis,SOK-M-02,Men's Pile Crew Socks,Socks,Men,5.9,5.9,False,1,5.9,Card
BUG-20260601-0543,3,2026-06-01 19:52:00,Bugis,UND-W-01,Women's Airism Bikini Shorts,Underwear,Women,9.9,9.9,False,1,9.9,Card
ORC-20260601-0874,2,2026-06-01 20:44:30,Orchard Central,SOK-W-03,Women's Airism Low-Cut Socks,Socks,Women,5.9,5.9,False,1,5.9,Card
ORC-20260601-0709,1,2026-06-01 18:17:23,Orchard Central,SOK-W-04,Women's Ribbed Crew Socks,Socks,WOMEN,5.9,5.9,False,1,5.9,NETS
BUG-20260601-0541,2,2026-06-01 19:20:29,Bugis,SOK-W-02,Women's Pile Crew Socks,Socks,Women,5.9,5.9,False,1,5.9,NETS
ORC-20260601-0748,1,2026-06-01 20:12:44,Orchard Central,SOK-W-02,Women's Pile Crew Socks,Socks,Women,5.9,5.9,False,1,5.9,Cash
ORC-20260601-1094,1,2026-06-01 19:03:13,ORCHARD CENTRAL,SOK-W-02,Women's Pile Crew Socks,Socks,Women,5.9,5.9,False,2,11.8,PayNow
ORC-20260601-0539,3,2026-06-01 20:06:48,Orchard Central,UND-W-08,Women's Airism Camisole,Underwear,Women,14.9,14.9,False,1,14.9,PayNow
BUG-20260601-0771,2,2026-06-01 16:12:39,Bugis,BTM-W-02,Women's High-Rise Wide Leg Pants,Bottoms,Women,39.9,39.9,False,1,39.9,Card
BUG-20260601-0058,1,2026-06-01 15:22:23,  bugis  ,SOK-M-01,Men's Ankle Socks 3-Pack,Socks,Men,14.9,14.9,False,1,14.9,Card
BUG-20260601-0286,3,2026-06-01 18:48:45,Bugis,BTM-W-02,Women's High-Rise Wide Leg Pants,Bottoms,Women,39.9,39.9,False,1,39.9,Card
ORC-20260601-0239,2,2026-06-01 13:35:50,Orchard Central,SOK-M-04,Men's Ribbed Crew Socks,Socks,Men,5.9,5.9,False,1,5.9,Card
BUG-20260601-0251,3,2026-06-01 20:20:07,Bugis,TOP-W-03,Women's Silky Satin Blouse,Tops,Women,39.9,39.9,False,1,39.9,PayNow
ORC-20260601-0343,2,2026-06-01 16:56:43,ORCHARD CENTRAL,TOP-W-03,Women's Silky Satin Blouse,Tops,WOMEN,39.9,39.9,False,1,39.9,CARD
ORC-20260601-0522,2,2026-06-01 16:02:43,  Orchard Central  ,SOK-M-02,Men's Pile Crew Socks,Socks,Men,5.9,5.9,False,1,5.9,Card
BUG-20260601-0250,2,2026-06-01 19:40:26,Bugis,SOK-W-04,Women's Ribbed Crew Socks,Socks,Women,5.9,5.9,False,1,5.9,CARD
BUG-20260601-0464,3,2026-06-01 17:34:29,Bugis,BTM-M-02,Men's Slim Fit Chino Trousers,Bottoms,Men,29.9,29.9,False,1,29.9,Card
BUG-20260601-0371,1,2026-06-01 20:26:38,Bugis,SOK-W-02,Women's Pile Crew Socks,Socks,Women,5.9,5.9,False,2,11.8,Card
ORC-20260601-0366,2,2026-06-01 11:24:16,Orchard Central,SOK-W-01,Women's Ankle Socks 3-Pack,socks,Women,14.9,14.9,False,1,14.9,Card
BUG-20260601-0154,1,2026-06-01 12:28:52,Bugis,SOK-W-02,Women's Pile Crew Socks,SOCKS,WOMEN,5.9,5.9,False,1,5.9,Cash
BUG-20260601-0137,1,2026-06-01 18:05:36,Bugis,SOK-M-03,Men's Airism Low-Cut Socks,Socks,Men,5.9,5.9,False,1,5.9,Cash
ORC-20260601-0076,1,2026-06-01 11:38:16,Orchard Central,BTM-M-02,Men's Slim Fit Chino Trousers,Bottoms,men,29.9,29.9,False,1,29.9,NETS
PUN-20260601-0130,1,2026-06-01 16:25:47,Punggol,UND-W-03,Women's Cotton Blend Briefs,Underwear,Women,9.9,9.9,False,1,9.9,Cash
ORC-20260601-0688,2,2026-06-01 15:35:11,Orchard Central,UND-W-01,Women's Airism Bikini Shorts,UNDERWEAR,Women,9.9,9.9,False,2,$19.8,Card
PUN-20260601-0342,2,2026-06-01 19:29:35,PUNGGOL,UND-M-01,Men's Airism Boxer Briefs,Underwear,Men,14.9,14.9,False,2,29.8,Card
BUG-20260601-0486,1,2026-06-01 16:13:25,Bugis,SOK-M-03,Men's Airism Low-Cut Socks,Socks,men,5.9,5.9,False,1,5.9,NETS
ORC-20260601-0079,1,2026-06-01 20:09:12,orchard central,SOK-M-04,  Men's Ribbed Crew Socks  ,Socks,Men,5.9,5.9,False,2,11.8,Card
ORC-20260601-0270,1,2026-06-01 15:21:29,Orchard Central,SOK-W-02,Women's Pile Crew Socks,socks,WOMEN,5.9,5.9,False,1,5.9,PayNow
BUG-20260601-0678,2,2026-06-01 17:25:06,Bugis,UND-M-04,Men's Cotton Crew Neck Undershirt,Underwear,Men,14.9,14.9,False,2,29.8,cash
BUG-20260601-0741,3,2026-06-01 21:58:21,Bugis,TOP-W-02,Women's Ribbed Long Sleeve Turtleneck,Tops,Women,19.9,19.9,False,1,19.9,Card
BUG-20260601-0824,1,2026-06-01 21:12:20,Bugis,SOK-M-03,Men's Airism Low-Cut Socks,Socks,Men,5.9,5.9,False,2,11.8,Card
ORC-20260601-0951,2,2026-06-01 20:43:38,Orchard Central,TOP-M-03,Men's Dry-EX Crew Neck T-Shirt,Tops,Men,19.9,19.9,False,1,19.9,PayNow
ORC-20260601-0325,1,2026-06-01 19:36:08,Orchard Central,TOP-M-01,Men's Airism Cotton Crew Neck T-Shirt,tops,Men,14.9,14.9,False,1,14.9,PayNow
ORC-20260601-0227,2,2026-06-01 20:38:01,Orchard Central,TOP-W-02,Women's Ribbed Long Sleeve Turtleneck,TOPS,Women,19.9,19.9,False,1,19.9,CARD
ORC-20260601-1072,2,2026-06-01 21:26:22,Orchard Central,SOK-M-04,Men's Ribbed Crew Socks,Socks,Men,5.9,5.9,False,1,5.9,Paynow
ORC-20260601-0110,2,2026-06-01 17:46:21,Orchard Central,UND-W-03,Women's Cotton Blend Briefs,Underwear,Women,9.9,9.9,False,1,9.9,paynow
BUG-20260601-0309,1,2026-06-01 16:54:55,  Bugis  ,UND-W-09,Women's Cotton Boyshorts,Underwear,women,9.9,9.9,False,2,19.8,Cash
ORC-20260601-0642,1,2026-06-01 18:18:10,Orchard Central,SOK-W-01,Women's Ankle Socks 3-Pack,Socks,WOMEN,14.9,14.9,False,1,14.9,Card
PUN-20260601-0273,1,2026-06-01 16:48:42,Punggol,UND-W-02,Women's Wireless Bra,Underwear,Women,29.9,29.9,False,1,29.9,Card
ORC-20260601-0930,2,2026-06-01 17:17:03,Orchard Central,SOK-W-02,Women's Pile Crew Socks,Socks,Women,5.9,5.9,False,1,$5.9,NETS
PUN-20260601-0081,1,2026-06-01 13:55:44,Punggol,SOK-M-08,Men's Cotton Blend Dress Socks,Socks,Men,9.9,9.9,False,1,9.9,NETS
ORC-20260601-0129,1,2026-06-01 19:51:56,Orchard Central,SOK-W-02,Women's Pile Crew Socks,Socks,Women,5.9,5.9,False,2,11.8,NETS
BUG-20260601-0698,1,2026-06-01 19:17:22,Bugis,SOK-W-02,Women's Pile Crew Socks,Socks,Women,5.9,5.9,False,1,5.9,Card
BUG-20260601-0274,2,2026-06-01 13:04:33,Bugis,BTM-W-01,Women's Ultra Stretch Skinny Jeans,Bottoms,Women,39.9,39.9,False,1,39.9,NETS
ORC-20260601-1109,1,2026-06-01 17:30:59,  Orchard Central  ,UND-W-08,Women's Airism Camisole,Underwear,Women,14.9,14.9,False,1,14.9,NETS
PUN-20260601-0560,3,2026-06-01 19:32:10,Punggol,SOK-M-03,Men's Airism Low-Cut Socks,Socks,Men,5.9,5.9,False,1,5.9,paynow
PUN-20260601-0228,3,2026-06-01 21:53:55,Punggol,TOP-W-01,Women's Airism Cotton Crew Neck T-Shirt,TOPS,Women,14.9,14.9,False,1,14.9,Card
ORC-20260601-0612,3,2026-06-01 19:50:36,Orchard Central,UND-M-03,Men's Airism Mesh Boxer Briefs,Underwear,Men,14.9,14.9,False,2,29.8,NETS
BUG-20260601-0705,3,2026-06-01 21:35:52,Bugis,TOP-W-03,Women's Silky Satin Blouse,Tops,Women,39.9,39.9,False,1,39.9,Cash
BUG-20260601-0173,1,2026-06-01 14:26:49,  Bugis  ,UND-W-03,Women's Cotton Blend Briefs,Underwear,Women,9.9,9.9,False,1,9.9,PayNow
PUN-20260601-0004,3,2026-06-01 16:04:07,Punggol,UND-M-04,Men's Cotton Crew Neck Undershirt,Underwear,Men,14.9,14.9,False,2,29.8,Cash
PUN-20260601-0448,1,2026-06-01 18:14:57,Punggol,BTM-M-03,Men's Selvedge Regular Fit Jeans,Bottoms,Men,59.9,59.9,False,1,59.9,Card
ORC-20260601-0813,2,2026-06-01 19:59:44,Orchard Central,SOK-M-03,Men's Airism Low-Cut Socks,Socks,Men,5.9,5.9,False,1,5.9,Card
ORC-20260601-0746,1,2026-06-01 20:52:55,Orchard Central,TOP-W-04,,Tops,Women,14.9,14.9,False,1,14.9,PayNow
BUG-20260601-0014,1,2026-06-01 20:28:23,Bugis,BTM-M-02,Men's Slim Fit Chino Trousers,Bottoms,Men,29.9,29.9,False,1,29.9,Cash
PUN-20260601-0507,1,2026-06-01 20:24:41,Punggol,UND-W-07,Women's Heattech Camisole,Underwear,Women,14.9,14.9,False,1,14.9,Card
BUG-20260601-0767,1,2026-06-01 17:11:59,Bugis,UND-W-03,Women's Cotton Blend Briefs,Underwear,Women,$9.9,9.9,False,1,9.9,Card
BUG-20260601-0369,3,2026-06-01 11:25:11,Bugis,BTM-W-09,Women's Sweat Shorts,Bottoms,Women,$19.9,19.9,False,1,19.9,cash
BUG-20260601-0289,1,2026-06-01 19:33:45,Bugis,SOK-W-03,Women's Airism Low-Cut Socks,SOCKS,Women,5.9,5.9,False,1,5.9,Cash
ORC-20260601-0320,2,2026-06-01 15:07:02,Orchard Central,SOK-M-03,Men's Airism Low-Cut Socks,Socks,Men,5.9,5.9,False,1,5.9,Card
BUG-20260601-0443,2,2026-06-01 16:35:56,Bugis,UND-W-03,Women's Cotton Blend Briefs,Underwear,Women,9.9,9.9,False,1,9.9,PayNow
BUG-20260601-0354,2,2026-06-01 19:05:26,Bugis,SOK-W-02,Women's Pile Crew Socks,socks,women,5.9,5.9,False,1,$5.9,Card
ORC-20260601-0561,1,2026-06-01 21:52:57,Orchard Central,UND-M-01,Men's Airism Boxer Briefs,UNDERWEAR,Men,14.9,14.9,False,1,14.9,NETS
ORC-20260601-0519,1,2026-06-01 14:48:26,Orchard Central,BTM-W-03,  Women's Ezy Ankle Pants  ,BOTTOMS,Women,29.9,29.9,False,1,29.9,PayNow
PUN-20260601-0478,1,2026-06-01 19:44:20,Punggol,TOP-M-01,Men's Airism Cotton Crew Neck T-Shirt,Tops,Men,14.9,14.9,False,1,14.9,Card
BUG-20260601-0110,2,2026-06-01 17:37:55,Bugis,BTM-W-03,Women's Ezy Ankle Pants,Bottoms,Women,29.9,29.9,False,1,29.9,cash
BUG-20260601-0212,2,2026-06-01 13:50:43,Bugis,SOK-W-04,Women's Ribbed Crew Socks,Socks,Women,5.9,5.9,False,1,5.9,Cash
BUG-20260601-0350,2,2026-06-01 22:01:13,Bugis,SOK-W-01,Women's Ankle Socks 3-Pack,socks,Women,$14.9,14.9,False,1,14.9,PayNow
BUG-20260601-0105,1,2026-06-01 19:54:28,Bugis,TOP-W-02,Women's Ribbed Long Sleeve Turtleneck,Tops,Women,19.9,19.9,False,1,$19.9,Card
PUN-20260601-0451,2,2026-06-01 21:59:39,Punggol,SOK-W-02,Women's Pile Crew Socks,Socks,Women,5.9,5.9,False,1,5.9,PayNow
ORC-20260601-0126,1,2026-06-01 15:55:05,Orchard Central,TOP-M-02,Men's Supima Cotton Polo Shirt,Tops,Men,29.9,29.9,False,1,29.9,Card
ORC-20260601-0735,3,2026-06-01 22:16:08,Orchard Central,UND-M-04,Men's Cotton Crew Neck Undershirt,Underwear,Men,14.9,14.9,False,1,14.9,Paynow
ORC-20260601-0677,1,2026-06-01 12:43:04,Orchard Central,BTM-W-04,Women's Denim Straight Jeans,Bottoms,Women,49.9,49.9,False,1,49.9,Card
ORC-20260601-0675,1,2026-06-01 13:42:35,Orchard Central,SOK-W-02,Women's Pile Crew Socks,Socks,Women,5.9,5.9,False,1,5.9,Cash
ORC-20260601-0189,1,2026-06-01 20:55:31,Orchard Central,SOK-W-02,Women's Pile Crew Socks,Socks,Women,5.9,5.9,False,1,5.9,Card
BUG-20260601-0290,2,2026-06-01 16:50:57,Bugis,SOK-M-03,Men's Airism Low-Cut Socks,Socks,Men,5.9,5.9,False,1,5.9,PayNow
BUG-20260601-0170,1,2026-06-01 19:54:57,Bugis,BTM-M-02,  Men's Slim Fit Chino Trousers  ,Bottoms,Men,29.9,29.9,False,1,29.9,Card
ORC-20260601-0336,2,2026-06-01 11:12:09,Orchard Central,UND-W-08,Women's Airism Camisole,Underwear,Women,14.9,14.9,False,1,14.9,PayNow
ORC-20260601-0054,2,2026-06-01 18:01:14,Orchard Central,UND-M-01,Men's Airism Boxer Briefs,Underwear,Men,14.9,14.9,False,1,14.9,PayNow
ORC-20260601-0851,1,2026-06-01 18:02:28,Orchard Central,UND-M-04,Men's Cotton Crew Neck Undershirt,Underwear,Men,14.9,14.9,False,1,14.9,PayNow
ORC-20260601-1107,1,2026-06-01 21:26:43,Orchard Central,TOP-W-02,Women's Ribbed Long Sleeve Turtleneck,Tops,Women,19.9,19.9,False,1,19.9,
ORC-20260601-1024,1,2026-06-01 18:31:17,Orchard Central,SOK-M-01,Men's Ankle Socks 3-Pack,Socks,Men,14.9,14.9,False,1,14.9,CASH
BUG-20260601-0453,3,2026-06-01 14:18:33,Bugis,TOP-W-04,Women's Heattech Crew Neck Long Sleeve Tee,Tops,Women,14.9,14.9,False,1,14.9,
BUG-20260601-0808,1,2026-06-01 11:49:18,Bugis,BTM-W-03,Women's Ezy Ankle Pants,Bottoms,Women,29.9,29.9,False,1,29.9,CASH
ORC-20260601-0280,1,2026-06-01 20:38:07,Orchard Central,SOK-M-04,Men's Ribbed Crew Socks,Socks,Men,5.9,5.9,False,1,5.9,Card
PUN-20260601-0513,1,2026-06-01 18:54:49,Punggol,UND-M-01,Men's Airism Boxer Briefs,Underwear,Men,14.9,14.9,False,1,14.9,PayNow
PUN-20260601-0470,1,2026-06-01 20:35:16,Punggol,TOP-W-02,Women's Ribbed Long Sleeve Turtleneck,tops,women,19.9,19.9,False,1,19.9,PayNow
BUG-20260601-0731,2,2026-06-01 13:13:52,  Bugis  ,TOP-W-06,Women's Linen Blend Short Sleeve Shirt,tops,Women,29.9,29.9,False,1,29.9,PayNow
PUN-20260601-0256,3,2026-06-01 20:21:19,Punggol,BTM-W-04,  Women's Denim Straight Jeans  ,Bottoms,WOMEN,49.9,49.9,False,1,49.9,PayNow
ORC-20260601-0604,2,2026-06-01 20:23:45,Orchard Central,BTM-M-03,Men's Selvedge Regular Fit Jeans,Bottoms,Men,59.9,59.9,False,1,59.9,Card
BUG-20260601-0454,1,2026-06-01 17:58:07,Bugis,UND-M-07,Men's Stretch Cotton Boxers,Underwear,Men,14.9,14.9,False,2,29.8,NETS
ORC-20260601-0523,2,2026-06-01 15:17:39,Orchard Central,BTM-M-04,Men's Dry Stretch Shorts,Bottoms,Men,19.9,19.9,False,1,19.9,Card
PUN-20260601-0058,3,2026-06-01 20:06:11,Punggol,SOK-W-04,  Women's Ribbed Crew Socks  ,Socks,Women,5.9,5.9,False,1,$5.9,PayNow
PUN-20260601-0315,3,2026-06-01 21:47:35,Punggol,TOP-M-01,Men's Airism Cotton Crew Neck T-Shirt,Tops,Men,14.9,14.9,False,1,14.9,nets
ORC-20260601-1063,1,2026-06-01 20:56:47,Orchard Central,TOP-M-01,Men's Airism Cotton Crew Neck T-Shirt,Tops,MEN,14.9,14.9,False,1,14.9,NETS
PUN-20260601-0308,2,2026-06-01 16:31:47,Punggol,SOK-M-02,Men's Pile Crew Socks,Socks,Men,5.9,5.9,False,1,5.9,Cash
ORC-20260601-0431,1,2026-06-01 20:40:57,orchard central,SOK-M-03,Men's Airism Low-Cut Socks,Socks,Men,5.9,5.9,False,1,5.9,Card
ORC-20260601-1046,1,2026-06-01 18:02:41,Orchard Central,SOK-M-04,Men's Ribbed Crew Socks,Socks,Men,5.9,5.9,False,2,11.8,Card
PUN-20260601-0089,1,2026-06-01 19:05:57,Punggol,UND-M-04,Men's Cotton Crew Neck Undershirt,Underwear,Men,14.9,14.9,False,1,14.9,NETS
PUN-20260601-0186,2,2026-06-01 20:03:14,Punggol,UND-W-02,Women's Wireless Bra,UNDERWEAR,Women,29.9,29.9,False,1,29.9,PayNow
ORC-20260601-0660,2,2026-06-01 20:10:57,Orchard Central,TOP-M-03,Men's Dry-EX Crew Neck T-Shirt,tops,Men,19.9,19.9,False,1,19.9,Card
ORC-20260601-1003,1,2026-06-01 20:54:46,Orchard Central,SOK-W-03,Women's Airism Low-Cut Socks,Socks,Women,5.9,5.9,False,2,11.8,Card
BUG-20260601-0567,2,2026-06-01 15:20:35,Bugis,TOP-M-03,  Men's Dry-EX Crew Neck T-Shirt  ,Tops,Men,19.9,19.9,False,1,19.9,PayNow
ORC-20260601-0706,3,2026-06-01 14:17:37,Orchard Central,SOK-W-02,Women's Pile Crew Socks,Socks,Women,5.9,5.9,False,2,11.8,PayNow
PUN-20260601-0349,1,2026-06-01 20:46:17,  Punggol  ,SOK-M-04,Men's Ribbed Crew Socks,Socks,Men,5.9,5.9,False,2,11.8,Card
BUG-20260601-0366,1,2026-06-01 14:19:24,Bugis,SOK-M-03,Men's Airism Low-Cut Socks,Socks,Men,5.9,5.9,False,1,5.9,NETS
ORC-20260601-0422,1,2026-06-01 22:22:12,Orchard Central,BTM-M-04,Men's Dry Stretch Shorts,Bottoms,Men,19.9,19.9,False,1,19.9,PayNow
ORC-20260601-0088,2,2026-06-01 18:30:15,Orchard Central,SOK-W-01,Women's Ankle Socks 3-Pack,Socks,Women,14.9,14.9,False,1,14.9,Card
ORC-20260601-0555,1,2026-06-01 15:57:09,Orchard Central,SOK-M-03,Men's Airism Low-Cut Socks,Socks,MEN,5.9,5.9,False,1,5.9,PayNow
BUG-20260601-0709,2,2026-06-01 19:28:00,Bugis,SOK-W-02,Women's Pile Crew Socks,Socks,Women,5.9,5.9,False,1,5.9,CARD
BUG-20260601-0822,1,2026-06-01 20:06:48,Bugis,SOK-W-02,Women's Pile Crew Socks,Socks,Women,5.9,5.9,False,1,5.9,Card
BUG-20260601-0541,1,2026-06-01 19:20:29,Bugis,TOP-M-02,Men's Supima Cotton Polo Shirt,Tops,Men,29.9,29.9,False,1,29.9,NETS
PUN-20260601-0229,1,2026-06-01 18:41:44,Punggol,SOK-W-01,Women's Ankle Socks 3-Pack,Socks,WOMEN,14.9,14.9,False,1,14.9,Card
BUG-20260601-0812,1,2026-06-01 16:23:27,Bugis,SOK-W-01,Women's Ankle Socks 3-Pack,Socks,Women,14.9,14.9,False,1,14.9,NETS
ORC-20260601-0791,1,2026-06-01 16:03:23,Orchard Central,SOK-M-08,Men's Cotton Blend Dress Socks,Socks,Men,9.9,9.9,False,1,9.9,PayNow
BUG-20260601-0135,1,2026-06-01 18:56:00,Bugis,SOK-M-03,Men's Airism Low-Cut Socks,SOCKS,Men,5.9,5.9,False,1,5.9,card
BUG-20260601-0561,1,2026-06-01 17:17:44,Bugis,BTM-W-01,Women's Ultra Stretch Skinny Jeans,Bottoms,Women,39.9,39.9,False,1,39.9,Card
BUG-20260601-0508,2,2026-06-01 22:15:57,bugis,SOK-M-03,Men's Airism Low-Cut Socks,Socks,Men,5.9,5.9,False,1,5.9,NETS
ORC-20260601-0897,3,2026-06-01 17:55:32,Orchard Central,BTM-M-01,Men's Ezy Ankle Pants,bottoms,Men,29.9,29.9,False,1,29.9,PayNow
PUN-20260601-0576,3,2026-06-01 11:20:47,  Punggol  ,SOK-W-01,Women's Ankle Socks 3-Pack,Socks,Women,14.9,14.9,False,1,14.9,Cash
BUG-20260601-0241,3,2026-06-01 12:36:12,  Bugis  ,SOK-W-02,Women's Pile Crew Socks,Socks,Women,5.9,5.9,False,2,11.8,Card
BUG-20260601-0619,1,2026-06-01 19:16:57,Bugis,SOK-M-02,Men's Pile Crew Socks,Socks,Men,5.9,5.9,False,1,$5.9,Card
ORC-20260601-0773,2,2026-06-01 20:36:51,Orchard Central,SOK-W-04,Women's Ribbed Crew Socks,Socks,Women,5.9,5.9,False,1,5.9,CARD
BUG-20260601-0041,1,2026-06-01 11:05:51,Bugis,SOK-W-04,Women's Ribbed Crew Socks,socks,Women,5.9,5.9,False,1,5.9,PayNow
PUN-20260601-0579,3,2026-06-01 20:02:49,Punggol,SOK-W-04,  Women's Ribbed Crew Socks  ,Socks,Women,5.9,5.9,False,1,5.9,Card
BUG-20260601-0627,1,2026-06-01 19:53:42,Bugis,SOK-W-03,Women's Airism Low-Cut Socks,Socks,Women,5.9,5.9,False,1,5.9,Card
BUG-20260601-0692,2,2026-06-01 16:59:30,Bugis,UND-W-03,  Women's Cotton Blend Briefs  ,Underwear,Women,9.9,9.9,False,1,9.9,Card
BUG-20260601-0476,2,2026-06-01 20:45:37,Bugis,BTM-M-04,Men's Dry Stretch Shorts,Bottoms,Men,19.9,19.9,False,1,19.9,NETS
ORC-20260601-0293,2,2026-06-01 22:34:52,Orchard Central,SOK-M-04,Men's Ribbed Crew Socks,Socks,men,5.9,5.9,False,1,5.9,PayNow
BUG-20260601-0415,2,2026-06-01 20:24:31,Bugis,SOK-M-10,Men's Wool Blend Socks,Socks,Men,9.9,9.9,False,1,9.9,PayNow
ORC-20260601-0235,3,2026-06-01 14:55:33,Orchard Central,TOP-M-01,Men's Airism Cotton Crew Neck T-Shirt,Tops,Men,14.9,14.9,False,1,14.9,PayNow
BUG-20260601-0038,1,2026-06-01 15:52:22,BUGIS,UND-M-04,Men's Cotton Crew Neck Undershirt,Underwear,Men,14.9,14.9,False,1,14.9,CARD
PUN-20260601-0285,1,2026-06-01 20:37:32,Punggol,SOK-W-01,Women's Ankle Socks 3-Pack,Socks,Women,14.9,14.9,False,1,14.9,Cash
BUG-20260601-0538,3,2026-06-01 14:16:49,Bugis,SOK-M-02,Men's Pile Crew Socks,Socks,Men,5.9,5.9,False,1,5.9,PayNow
ORC-20260601-0999,2,2026-06-01 21:22:57,Orchard Central,BTM-M-02,Men's Slim Fit Chino Trousers,Bottoms,Men,29.9,29.9,False,1,29.9,CARD
PUN-20260601-0048,2,2026-06-01 17:15:12,Punggol,TOP-W-02,Women's Ribbed Long Sleeve Turtleneck,Tops,Women,19.9,19.9,False,1,19.9,NETS
BUG-20260601-0734,1,2026-06-01 22:00:46,Bugis,SOK-M-04,Men's Ribbed Crew Socks,Socks,Men,5.9,5.9,False,1,5.9,PayNow
PUN-20260601-0091,1,2026-06-01 12:25:16,Punggol,BTM-W-03,Women's Ezy Ankle Pants,Bottoms,WOMEN,29.9,29.9,False,1,29.9,NETS
ORC-20260601-0055,3,2026-06-01 20:28:52,Orchard Central,TOP-W-03,Women's Silky Satin Blouse,Tops,WOMEN,39.9,39.9,False,1,39.9,NETS
ORC-20260601-0539,1,2026-06-01 20:06:48,ORCHARD CENTRAL,UND-W-04,Women's Airism T-Shirt Bra,Underwear,Women,29.9,29.9,False,1,29.9,PayNow
PUN-20260601-0271,1,2026-06-01 12:34:15,Punggol,BTM-M-09,Men's Linen Blend Trousers,Bottoms,Men,39.9,39.9,False,1,39.9,PayNow
BUG-20260601-0377,3,2026-06-01 17:46:41,BUGIS,SOK-W-03,Women's Airism Low-Cut Socks,Socks,Women,5.9,5.9,False,1,5.9,Card
PUN-20260601-0110,2,2026-06-01 21:35:54,Punggol,SOK-W-04,Women's Ribbed Crew Socks,Socks,WOMEN,5.9,5.9,False,1,5.9,Cash
PUN-20260601-0239,1,2026-06-01 21:02:06,punggol,TOP-M-01,Men's Airism Cotton Crew Neck T-Shirt,Tops,Men,14.9,14.9,False,1,14.9,NETS
ORC-20260601-0391,3,2026-06-01 20:06:36,Orchard Central,BTM-W-03,Women's Ezy Ankle Pants,Bottoms,Women,29.9,29.9,False,1,29.9,PayNow
PUN-20260601-0171,2,2026-06-01 20:57:19,Punggol,TOP-M-03,  Men's Dry-EX Crew Neck T-Shirt  ,Tops,Men,19.9,19.9,False,1,19.9,Cash
ORC-20260601-0142,1,2026-06-01 16:24:00,  Orchard Central  ,SOK-M-04,Men's Ribbed Crew Socks,Socks,Men,$5.9,5.9,False,1,5.9,Cash
ORC-20260601-0986,2,2026-06-01 20:06:23,Orchard Central,TOP-W-02,Women's Ribbed Long Sleeve Turtleneck,Tops,Women,19.9,19.9,False,1,19.9,NETS
BUG-20260601-0080,2,2026-06-01 15:27:48,Bugis,SOK-W-01,Women's Ankle Socks 3-Pack,Socks,Women,14.9,14.9,False,2,29.8,Card
ORC-20260601-0408,3,2026-06-01 15:08:43,Orchard Central,SOK-W-03,Women's Airism Low-Cut Socks,Socks,Women,5.9,5.9,False,1,5.9,PayNow
ORC-20260601-0027,1,2026-06-01 19:48:01,  Orchard Central  ,SOK-M-02,Men's Pile Crew Socks,Socks,men,5.9,5.9,False,1,5.9,PayNow
ORC-20260601-0318,2,2026-06-01 18:01:44,Orchard Central,SOK-W-04,Women's Ribbed Crew Socks,Socks,Women,5.9,5.9,False,1,5.9,Card
PUN-20260601-0208,2,2026-06-01 14:55:40,Punggol,BTM-W-01,Women's Ultra Stretch Skinny Jeans,Bottoms,Women,39.9,39.9,False,1,39.9,CARD
BUG-20260601-0081,2,2026-06-01 12:22:37,Bugis,TOP-M-03,Men's Dry-EX Crew Neck T-Shirt,Tops,Men,19.9,19.9,False,1,19.9,PayNow
PUN-20260601-0321,1,2026-06-01 14:43:23,Punggol,SOK-M-01,Men's Ankle Socks 3-Pack,Socks,Men,14.9,14.9,False,2,29.8,Paynow
ORC-20260601-0155,2,2026-06-01 14:52:55,Orchard Central,UND-M-04,Men's Cotton Crew Neck Undershirt,Underwear,Men,14.9,14.9,False,1,14.9,paynow
BUG-20260601-0576,2,2026-06-01 18:55:51,Bugis,SOK-W-02,Women's Pile Crew Socks,Socks,Women,5.9,5.9,False,1,5.9,cash
BUG-20260601-0259,1,2026-06-01 18:43:58,BUGIS,BTM-M-01,Men's Ezy Ankle Pants,Bottoms,Men,29.9,29.9,False,1,29.9,Card
PUN-20260601-0322,2,2026-06-01 21:41:42,Punggol,SOK-M-02,Men's Pile Crew Socks,Socks,Men,5.9,5.9,False,2,11.8,Card
BUG-20260601-0666,1,2026-06-01 21:13:03,Bugis,UND-M-02,Men's Cotton Blend Trunks,Underwear,Men,14.9,14.9,False,1,14.9,Card
ORC-20260601-0697,1,2026-06-01 16:22:09,orchard central,TOP-W-02,Women's Ribbed Long Sleeve Turtleneck,Tops,Women,19.9,19.9,False,1,19.9,Card
BUG-20260601-0450,2,2026-06-01 14:50:55,Bugis,TOP-M-03,Men's Dry-EX Crew Neck T-Shirt,Tops,Men,19.9,19.9,False,1,19.9,Card
BUG-20260601-0646,1,2026-06-01 17:34:29,Bugis,SOK-W-04,Women's Ribbed Crew Socks,Socks,Women,5.9,5.9,False,1,5.9,Card
PUN-20260601-0144,1,2026-06-01 19:50:16,  punggol  ,UND-W-02,Women's Wireless Bra,Underwear,women,29.9,29.9,False,1,29.9,PayNow
BUG-20260601-0807,1,2026-06-01 15:18:55,Bugis,BTM-M-03,Men's Selvedge Regular Fit Jeans,Bottoms,Men,59.9,59.9,False,1,59.9,PAYNOW
ORC-20260601-0712,1,2026-06-01 17:50:56,Orchard Central,SOK-M-02,Men's Pile Crew Socks,Socks,Men,5.9,5.9,False,1,5.9,Cash
BUG-20260601-0466,1,2026-06-01 21:02:42,Bugis,TOP-W-01,Women's Airism Cotton Crew Neck T-Shirt,Tops,Women,14.9,14.9,False,1,14.9,Card
BUG-20260601-0127,2,2026-06-01 21:59:06,Bugis,TOP-M-04,Men's Oxford Long Sleeve Shirt,TOPS,Men,29.9,29.9,False,1,29.9,PayNow
ORC-20260601-0417,1,2026-06-01 20:54:14,ORCHARD CENTRAL,SOK-W-04,Women's Ribbed Crew Socks,Socks,Women,5.9,5.9,False,1,5.9,card
PUN-20260601-0068,2,2026-06-01 14:13:15,punggol,TOP-W-03,Women's Silky Satin Blouse,Tops,Women,39.9,39.9,False,1,39.9,Card
BUG-20260601-0706,2,2026-06-01 17:36:42,BUGIS,UND-W-03,Women's Cotton Blend Briefs,Underwear,Women,9.9,9.9,False,1,9.9,PayNow
BUG-20260601-0047,2,2026-06-01 22:10:50,Bugis,SOK-W-04,Women's Ribbed Crew Socks,Socks,Women,5.9,5.9,False,1,5.9,paynow
BUG-20260601-0643,2,2026-06-01 17:06:17,Bugis,TOP-M-02,Men's Supima Cotton Polo Shirt,Tops,Men,29.9,29.9,False,1,29.9,PayNow
ORC-20260601-0954,1,2026-06-01 20:17:58,Orchard Central,UND-W-03,Women's Cotton Blend Briefs,Underwear,Women,9.9,9.9,False,1,9.9,PayNow
ORC-20260601-0139,2,2026-06-01 17:38:58,Orchard Central,TOP-M-03,  Men's Dry-EX Crew Neck T-Shirt  ,TOPS,men,19.9,19.9,False,1,19.9,NETS
PUN-20260601-0029,1,2026-06-01 20:29:58,Punggol,SOK-M-04,Men's Ribbed Crew Socks,Socks,Men,5.9,5.9,False,1,5.9,paynow
PUN-20260601-0220,1,2026-06-01 21:53:19,Punggol,SOK-M-02,Men's Pile Crew Socks,socks,Men,5.9,5.9,False,1,5.9,NETS
BUG-20260601-0727,1,2026-06-01 11:27:11,Bugis,SOK-W-02,Women's Pile Crew Socks,Socks,Women,5.9,5.9,False,2,11.8,PayNow
PUN-20260601-0392,1,2026-06-01 20:49:43,Punggol,SOK-M-04,Men's Ribbed Crew Socks,Socks,Men,5.9,5.9,False,1,5.9,CARD
BUG-20260601-0621,1,2026-06-01 21:09:56,Bugis,SOK-M-04,Men's Ribbed Crew Socks,Socks,Men,5.9,5.9,False,1,5.9,Card
PUN-20260601-0031,2,2026-06-01 19:56:26,Punggol,UND-M-02,Men's Cotton Blend Trunks,Underwear,Men,14.9,14.9,False,1,14.9,NETS
ORC-20260601-0317,1,2026-06-01 20:25:00,Orchard Central,SOK-W-02,Women's Pile Crew Socks,Socks,Women,5.9,5.9,False,1,5.9,Cash
BUG-20260601-0602,1,2026-06-01 20:30:24,  Bugis  ,SOK-M-01,Men's Ankle Socks 3-Pack,Socks,Men,14.9,14.9,False,1,14.9,Cash
BUG-20260601-0775,1,2026-06-01 13:22:08,Bugis,SOK-W-04,Women's Ribbed Crew Socks,Socks,Women,5.9,5.9,False,1,5.9,NETS
ORC-20260601-0282,1,2026-06-01 20:54:07,Orchard Central,BTM-M-02,Men's Slim Fit Chino Trousers,Bottoms,Men,29.9,29.9,False,1,29.9,CARD
PUN-20260601-0042,1,2026-06-01 19:13:18,  Punggol  ,UND-M-01,Men's Airism Boxer Briefs,Underwear,Men,14.9,14.9,False,1,$14.9,PayNow
ORC-20260601-0641,1,2026-06-01 22:58:07,Orchard Central,BTM-M-01,  Men's Ezy Ankle Pants  ,Bottoms,Men,29.9,29.9,False,1,29.9,PayNow
BUG-20260601-0248,3,2026-06-01 21:59:48,bugis,TOP-W-04,Women's Heattech Crew Neck Long Sleeve Tee,Tops,Women,14.9,14.9,False,1,14.9,Card
ORC-20260601-0920,1,2026-06-01 20:36:49,orchard central,SOK-M-04,Men's Ribbed Crew Socks,Socks,Men,5.9,5.9,False,1,5.9,Card
BUG-20260601-0583,1,2026-06-01 17:44:59,Bugis,BTM-M-02,Men's Slim Fit Chino Trousers,bottoms,Men,29.9,29.9,False,1,29.9,Card
ORC-20260601-0041,1,2026-06-01 19:17:09,Orchard Central,BTM-M-04,Men's Dry Stretch Shorts,bottoms,men,19.9,19.9,False,1,19.9,NETS
BUG-20260601-0627,2,2026-06-01 19:53:42,Bugis,TOP-M-02,  Men's Supima Cotton Polo Shirt  ,Tops,Men,29.9,29.9,False,1,29.9,Card
PUN-20260601-0074,2,2026-06-01 11:17:24,Punggol,SOK-W-02,Women's Pile Crew Socks,Socks,Women,5.9,5.9,False,1,5.9,PayNow
BUG-20260601-0484,1,2026-06-01 20:00:06,Bugis,UND-W-04,Women's Airism T-Shirt Bra,underwear,WOMEN,29.9,29.9,False,1,29.9,PayNow
ORC-20260601-0796,1,2026-06-01 16:35:43,Orchard Central,UND-W-01,Women's Airism Bikini Shorts,Underwear,Women,9.9,9.9,False,1,9.9,Card
ORC-20260601-0524,3,2026-06-01 19:38:16,Orchard Central,SOK-W-01,Women's Ankle Socks 3-Pack,Socks,Women,14.9,14.9,False,1,14.9,Card
PUN-20260601-0244,2,2026-06-01 18:57:29,punggol,BTM-M-01,Men's Ezy Ankle Pants,Bottoms,Men,29.9,29.9,False,1,29.9,Card
ORC-20260601-0047,2,2026-06-01 16:44:04,Orchard Central,UND-W-03,Women's Cotton Blend Briefs,Underwear,Women,9.9,9.9,False,2,19.8,NETS
BUG-20260601-0663,3,2026-06-01 20:23:49,bugis,SOK-M-02,Men's Pile Crew Socks,Socks,Men,5.9,5.9,False,1,5.9,PayNow
BUG-20260601-0201,2,2026-06-01 21:32:18,Bugis,UND-M-03,Men's Airism Mesh Boxer Briefs,Underwear,Men,14.9,14.9,False,1,14.9,PayNow
ORC-20260601-0187,1,2026-06-01 22:41:25,Orchard Central,SOK-W-09,  Women's No-Show Sneaker Socks  ,Socks,Women,5.9,5.9,False,1,5.9,PayNow
BUG-20260601-0570,1,2026-06-01 15:27:33,Bugis,UND-W-03,Women's Cotton Blend Briefs,Underwear,Women,9.9,9.9,False,1,9.9,Card
ORC-20260601-0764,1,2026-06-01 21:20:42,Orchard Central,BTM-M-08,Men's Relaxed Fit Denim Shorts,Bottoms,MEN,22.99,29.9,True,1,22.99,Card
ORC-20260601-0825,2,2026-06-01 13:11:51,Orchard Central,SOK-W-02,Women's Pile Crew Socks,Socks,Women,5.9,5.9,False,1,5.9,Card
PUN-20260601-0571,1,2026-06-01 17:40:39,Punggol,SOK-W-02,Women's Pile Crew Socks,Socks,Women,5.9,5.9,False,1,5.9,Card
ORC-20260601-0407,3,2026-06-01 21:59:43,Orchard Central,SOK-M-01,Men's Ankle Socks 3-Pack,Socks,Men,14.9,14.9,False,1,14.9,cash
PUN-20260601-0243,2,2026-06-01 17:03:05,PUNGGOL,UND-M-03,Men's Airism Mesh Boxer Briefs,UNDERWEAR,Men,14.9,14.9,False,2,29.8,Card
ORC-20260601-0879,2,2026-06-01 19:41:16,Orchard Central,SOK-M-03,  Men's Airism Low-Cut Socks  ,Socks,MEN,5.9,5.9,False,1,$5.9,Cash
BUG-20260601-0087,1,2026-06-01 20:33:28,  Bugis  ,UND-W-04,Women's Airism T-Shirt Bra,Underwear,Women,29.9,29.9,False,2,59.8,
PUN-20260601-0509,1,2026-06-01 19:27:38,Punggol,UND-M-04,  Men's Cotton Crew Neck Undershirt  ,Underwear,Men,14.9,14.9,False,1,14.9,PayNow
BUG-20260601-0673,1,2026-06-01 12:30:06,  Bugis  ,TOP-W-03,Women's Silky Satin Blouse,Tops,Women,39.9,39.9,False,1,39.9,Card
ORC-20260601-0296,2,2026-06-01 21:19:32,Orchard Central,TOP-M-02,  Men's Supima Cotton Polo Shirt  ,Tops,Men,29.9,29.9,False,1,29.9,Card
PUN-20260601-0328,3,2026-06-01 20:12:49,Punggol,BTM-W-02,Women's High-Rise Wide Leg Pants,Bottoms,Women,39.9,39.9,False,1,39.9,PayNow
BUG-20260601-0173,3,2026-06-01 14:26:49,  Bugis  ,UND-M-03,  Men's Airism Mesh Boxer Briefs  ,Underwear,Men,14.9,14.9,False,1,14.9,Paynow
ORC-20260601-0716,1,2026-06-01 18:28:03,Orchard Central,SOK-W-02,Women's Pile Crew Socks,Socks,Women,5.9,5.9,False,1,5.9,Card
ORC-20260601-0143,2,2026-06-01 20:12:50,Orchard Central,SOK-W-02,Women's Pile Crew Socks,Socks,Women,5.9,5.9,False,1,5.9,PayNow
ORC-20260601-0194,1,2026-06-01 20:53:08,Orchard Central,SOK-W-01,Women's Ankle Socks 3-Pack,socks,women,14.9,14.9,False,1,14.9,PAYNOW
ORC-20260601-0184,1,2026-06-01 13:42:48,Orchard Central,SOK-W-04,Women's Ribbed Crew Socks,Socks,Women,5.9,5.9,False,1,5.9,Card
ORC-20260601-1018,3,2026-06-01 21:06:55,Orchard Central,SOK-M-01,Men's Ankle Socks 3-Pack,Socks,men,14.9,14.9,False,1,14.9,PayNow
ORC-20260601-0031,2,2026-06-01 14:58:29,Orchard Central,UND-M-01,Men's Airism Boxer Briefs,Underwear,Men,14.9,14.9,False,1,14.9,Card
BUG-20260601-0761,2,2026-06-01 20:32:35,Bugis,SOK-W-01,  Women's Ankle Socks 3-Pack  ,Socks,Women,14.9,14.9,False,1,14.9,PayNow
ORC-20260601-0216,2,2026-06-01 20:58:24,Orchard Central,BTM-W-01,Women's Ultra Stretch Skinny Jeans,Bottoms,Women,39.9,39.9,False,1,39.9,NETS
ORC-20260601-1132,2,2026-06-01 17:39:19,Orchard Central,TOP-M-01,Men's Airism Cotton Crew Neck T-Shirt,Tops,Men,14.9,14.9,False,1,14.9,Card
ORC-20260601-0047,1,2026-06-01 16:44:04,  Orchard Central  ,TOP-W-02,Women's Ribbed Long Sleeve Turtleneck,tops,Women,19.9,19.9,False,1,19.9,Nets
PUN-20260601-0310,3,2026-06-01 11:45:42,  punggol  ,SOK-M-08,Men's Cotton Blend Dress Socks,Socks,Men,9.9,9.9,False,1,9.9,Cash
BUG-20260601-0795,1,2026-06-01 20:53:56,Bugis,TOP-W-01,Women's Airism Cotton Crew Neck T-Shirt,tops,Women,14.9,14.9,False,1,14.9,Card
BUG-20260601-0005,1,2026-06-01 18:35:40,Bugis,SOK-W-02,Women's Pile Crew Socks,Socks,Women,5.9,5.9,False,1,5.9,NETS
BUG-20260601-0441,1,2026-06-01 22:11:30,Bugis,SOK-W-04,Women's Ribbed Crew Socks,Socks,Women,5.9,5.9,False,1,5.9,card
PUN-20260601-0542,1,2026-06-01 11:19:09,Punggol,TOP-W-01,Women's Airism Cotton Crew Neck T-Shirt,Tops,Women,14.9,14.9,False,1,14.9,PayNow
ORC-20260601-0711,3,2026-06-01 18:22:40,Orchard Central,UND-W-06,Women's Lace Trim Briefs,underwear,Women,9.9,9.9,False,1,9.9,PayNow
PUN-20260601-0068,1,2026-06-01 14:13:15,Punggol,UND-W-05,  Women's Seamless Shorts  ,Underwear,Women,9.9,9.9,False,1,9.9,Card
ORC-20260601-0707,2,2026-06-01 14:51:08,Orchard Central,SOK-M-02,Men's Pile Crew Socks,Socks,Men,5.9,5.9,False,1,5.9,NETS
BUG-20260601-0528,2,2026-06-01 11:01:29,Bugis,UND-M-02,Men's Cotton Blend Trunks,Underwear,Men,14.9,14.9,False,1,14.9,NETS
PUN-20260601-0289,2,2026-06-01 12:35:25,Punggol,SOK-M-04,Men's Ribbed Crew Socks,Socks,Men,5.9,5.9,False,2,11.8,NETS
BUG-20260601-0156,2,2026-06-01 14:17:24,Bugis,SOK-W-03,Women's Airism Low-Cut Socks,Socks,women,5.9,5.9,False,1,5.9,PayNow
BUG-20260601-0200,1,2026-06-01 11:00:43,  Bugis  ,SOK-W-01,Women's Ankle Socks 3-Pack,socks,Women,14.9,14.9,False,1,14.9,Card
BUG-20260601-0145,2,2026-06-01 20:13:28,Bugis,SOK-W-04,Women's Ribbed Crew Socks,Socks,women,5.9,5.9,False,2,11.8,PayNow
PUN-20260601-0013,1,2026-06-01 20:27:33,Punggol,UND-W-03,Women's Cotton Blend Briefs,Underwear,Women,9.9,9.9,False,1,9.9,card
BUG-20260601-0210,1,2026-06-01 16:36:51,Bugis,UND-W-01,  Women's Airism Bikini Shorts  ,Underwear,Women,9.9,9.9,False,1,9.9,Card
ORC-20260601-0436,1,2026-06-01 21:10:59,Orchard Central,BTM-M-08,Men's Relaxed Fit Denim Shorts,Bottoms,Men,22.99,29.9,True,1,22.99,Card
ORC-20260601-1045,1,2026-06-01 12:52:51,ORCHARD CENTRAL,TOP-W-01,Women's Airism Cotton Crew Neck T-Shirt,Tops,WOMEN,14.9,14.9,False,1,14.9,PayNow
PUN-20260601-0138,2,2026-06-01 15:54:39,PUNGGOL,BTM-M-04,Men's Dry Stretch Shorts,Bottoms,Men,19.9,19.9,False,1,19.9,Cash
PUN-20260601-0402,1,2026-06-01 20:02:20,PUNGGOL,TOP-W-04,Women's Heattech Crew Neck Long Sleeve Tee,Tops,Women,14.9,14.9,False,1,14.9,Card
BUG-20260601-0240,3,2026-06-01 21:52:18,Bugis,SOK-W-02,Women's Pile Crew Socks,SOCKS,Women,5.9,5.9,False,1,5.9,paynow
ORC-20260601-0721,2,2026-06-01 20:40:21,Orchard Central,SOK-W-02,Women's Pile Crew Socks,Socks,Women,5.9,5.9,False,1,5.9,Cash
BUG-20260601-0033,1,2026-06-01 22:05:57,Bugis,TOP-W-04,Women's Heattech Crew Neck Long Sleeve Tee,tops,Women,14.9,14.9,False,1,14.9,PayNow
ORC-20260601-0851,2,2026-06-01 18:02:28,Orchard Central,UND-W-01,Women's Airism Bikini Shorts,Underwear,Women,9.9,9.9,False,1,9.9,PayNow
BUG-20260601-0357,1,2026-06-01 15:18:02,Bugis,SOK-W-04,  Women's Ribbed Crew Socks  ,SOCKS,Women,5.9,5.9,False,1,5.9,NETS
ORC-20260601-0521,1,2026-06-01 14:19:49,Orchard Central,UND-M-04,Men's Cotton Crew Neck Undershirt,Underwear,Men,14.9,14.9,False,1,14.9,Card
ORC-20260601-0015,1,2026-06-01 20:15:37,Orchard Central,SOK-W-02,  Women's Pile Crew Socks  ,Socks,WOMEN,5.9,5.9,False,1,5.9,Card
PUN-20260601-0446,2,2026-06-01 17:27:53,Punggol,SOK-W-02,Women's Pile Crew Socks,Socks,Women,5.9,5.9,False,1,5.9,NETS
PUN-20260601-0382,1,2026-06-01 12:56:52,Punggol,SOK-M-04,Men's Ribbed Crew Socks,Socks,Men,5.9,5.9,False,1,5.9,Cash
ORC-20260601-0778,1,2026-06-01 20:12:47,orchard central,SOK-M-04,Men's Ribbed Crew Socks,SOCKS,Men,5.9,5.9,False,1,$5.9,PayNow
BUG-20260601-0395,1,2026-06-01 19:08:06,Bugis,BTM-W-01,Women's Ultra Stretch Skinny Jeans,Bottoms,Women,39.9,39.9,False,1,39.9,PayNow
BUG-20260601-0530,1,2026-06-01 22:07:59,Bugis,UND-W-08,Women's Airism Camisole,Underwear,Women,14.9,14.9,False,1,14.9,PayNow
ORC-20260601-0357,2,2026-06-01 18:06:27,Orchard Central,SOK-W-03,Women's Airism Low-Cut Socks,Socks,Women,5.9,5.9,False,1,5.9,Card
ORC-20260601-0788,2,2026-06-01 22:02:34,Orchard Central,SOK-W-03,Women's Airism Low-Cut Socks,Socks,Women,5.9,5.9,False,1,5.9,NETS
ORC-20260601-1111,3,2026-06-01 18:13:52,Orchard Central,SOK-M-04,Men's Ribbed Crew Socks,Socks,Men,$5.9,5.9,False,1,5.9,Cash
PUN-20260601-0574,2,2026-06-01 13:48:17,Punggol,UND-W-01,Women's Airism Bikini Shorts,Underwear,Women,9.9,9.9,False,1,9.9,Cash
PUN-20260601-0297,1,2026-06-01 22:40:00,Punggol,SOK-W-02,Women's Pile Crew Socks,Socks,Women,5.9,5.9,False,1,5.9,Cash
PUN-20260601-0309,1,2026-06-01 19:12:07,  Punggol  ,SOK-W-02,Women's Pile Crew Socks,Socks,Women,5.9,5.9,False,1,5.9,
PUN-20260601-0002,1,2026-06-01 17:32:39,Punggol,SOK-W-03,Women's Airism Low-Cut Socks,Socks,Women,5.9,5.9,False,1,5.9,Nets
ORC-20260601-0222,2,2026-06-01 19:42:07,Orchard Central,TOP-M-01,Men's Airism Cotton Crew Neck T-Shirt,Tops,Men,14.9,14.9,False,1,14.9,NETS
ORC-20260601-0757,1,2026-06-01 21:26:48,Orchard Central,TOP-W-06,  Women's Linen Blend Short Sleeve Shirt  ,Tops,Women,29.9,29.9,False,1,$29.9,Card
BUG-20260601-0043,3,2026-06-01 20:45:49,Bugis,BTM-M-03,Men's Selvedge Regular Fit Jeans,Bottoms,Men,59.9,59.9,False,1,59.9,Cash
PUN-20260601-0442,2,2026-06-01 19:06:11,Punggol,UND-M-03,Men's Airism Mesh Boxer Briefs,Underwear,men,14.9,14.9,False,1,14.9,Card
ORC-20260601-0406,2,2026-06-01 17:41:01,Orchard Central,SOK-W-02,Women's Pile Crew Socks,Socks,women,5.9,5.9,False,1,5.9,card
BUG-20260601-0792,1,2026-06-01 16:18:30,BUGIS,SOK-W-02,Women's Pile Crew Socks,Socks,Women,5.9,5.9,False,1,5.9,Card
PUN-20260601-0477,2,2026-06-01 12:59:56,Punggol,UND-M-02,Men's Cotton Blend Trunks,Underwear,Men,14.9,14.9,False,2,29.8,PayNow
ORC-20260601-0792,1,2026-06-01 21:39:31,Orchard Central,UND-M-03,Men's Airism Mesh Boxer Briefs,Underwear,Men,14.9,14.9,False,1,14.9,Nets
PUN-20260601-0397,3,2026-06-01 20:15:18,Punggol,SOK-W-04,  Women's Ribbed Crew Socks  ,Socks,WOMEN,5.9,5.9,False,1,5.9,Card
BUG-20260601-0775,2,2026-06-01 13:22:08,bugis,SOK-W-01,Women's Ankle Socks 3-Pack,SOCKS,Women,14.9,14.9,False,2,29.8,NETS
BUG-20260601-0481,1,2026-06-01 20:32:40,Bugis,UND-W-01,Women's Airism Bikini Shorts,Underwear,Women,9.9,9.9,False,1,9.9,Card
ORC-20260601-0080,2,2026-06-01 22:13:14,Orchard Central,SOK-M-02,Men's Pile Crew Socks,socks,Men,5.9,5.9,False,1,5.9,Card
BUG-20260601-0529,3,2026-06-01 13:03:06,  Bugis  ,UND-M-02,Men's Cotton Blend Trunks,Underwear,Men,14.9,14.9,False,1,14.9,PayNow
PUN-20260601-0202,2,2026-06-01 21:01:16,Punggol,TOP-M-01,Men's Airism Cotton Crew Neck T-Shirt,Tops,Men,14.9,14.9,False,1,14.9,Card
PUN-20260601-0514,2,2026-06-01 19:59:04,Punggol,BTM-W-01,Women's Ultra Stretch Skinny Jeans,Bottoms,Women,39.9,39.9,False,1,39.9,NETS
PUN-20260601-0413,2,2026-06-01 18:25:29,Punggol,SOK-M-04,Men's Ribbed Crew Socks,socks,men,5.9,5.9,False,1,5.9,
BUG-20260601-0745,1,2026-06-01 21:19:34,Bugis,TOP-W-02,Women's Ribbed Long Sleeve Turtleneck,Tops,Women,19.9,19.9,False,1,19.9,Card
ORC-20260601-0888,1,2026-06-01 19:31:33,Orchard Central,UND-M-01,  Men's Airism Boxer Briefs  ,Underwear,Men,14.9,14.9,False,1,14.9,Card
PUN-20260601-0334,1,2026-06-01 20:11:18,Punggol,TOP-M-02,  Men's Supima Cotton Polo Shirt  ,tops,men,29.9,29.9,False,1,29.9,
BUG-20260601-0590,3,2026-06-01 19:38:43,Bugis,SOK-M-06,Men's Heattech Socks,Socks,Men,9.9,9.9,False,2,19.8,NETS
ORC-20260601-1017,3,2026-06-01 18:32:47,  Orchard Central  ,SOK-M-01,Men's Ankle Socks 3-Pack,Socks,Men,14.9,14.9,False,2,29.8,NETS
PUN-20260601-0529,1,2026-06-01 21:52:34,  PUNGGOL  ,SOK-M-04,  Men's Ribbed Crew Socks  ,Socks,Men,5.9,5.9,False,1,5.9,Card
BUG-20260601-0560,1,2026-06-01 18:42:16,Bugis,UND-M-02,Men's Cotton Blend Trunks,Underwear,Men,14.9,14.9,False,1,14.9,Cash
ORC-20260601-0820,3,2026-06-01 17:51:40,Orchard Central,UND-W-01,Women's Airism Bikini Shorts,Underwear,Women,9.9,9.9,False,1,9.9,card
PUN-20260601-0009,3,2026-06-01 18:43:52,  Punggol  ,SOK-M-02,Men's Pile Crew Socks,Socks,Men,5.9,5.9,False,1,5.9,NETS
BUG-20260601-0635,1,2026-06-01 17:08:25,  Bugis  ,SOK-M-02,Men's Pile Crew Socks,Socks,Men,5.9,5.9,False,1,5.9,PayNow
PUN-20260601-0143,2,2026-06-01 20:58:04,Punggol,SOK-W-02,Women's Pile Crew Socks,Socks,Women,5.9,5.9,False,1,5.9,Card
ORC-20260601-0475,1,2026-06-01 19:25:18,Orchard Central,SOK-W-02,Women's Pile Crew Socks,Socks,Women,5.9,5.9,False,1,5.9,Cash
PUN-20260601-0152,1,2026-06-01 15:51:47,  Punggol  ,TOP-W-01,Women's Airism Cotton Crew Neck T-Shirt,Tops,Women,14.9,14.9,False,1,14.9,Card
BUG-20260601-0515,1,2026-06-01 16:02:43,Bugis,TOP-W-04,Women's Heattech Crew Neck Long Sleeve Tee,Tops,Women,14.9,14.9,False,1,14.9,Cash
PUN-20260601-0425,1,2026-06-01 12:00:17,Punggol,UND-M-01,Men's Airism Boxer Briefs,Underwear,Men,14.9,14.9,False,1,14.9,Card
PUN-20260601-0077,1,2026-06-01 21:54:11,Punggol,SOK-W-02,Women's Pile Crew Socks,socks,Women,5.9,5.9,False,1,5.9,PayNow
ORC-20260601-0758,1,2026-06-01 19:27:15,  Orchard Central  ,UND-W-04,Women's Airism T-Shirt Bra,Underwear,Women,29.9,29.9,False,1,29.9,Card
BUG-20260601-0107,1,2026-06-01 19:10:43,Bugis,TOP-M-03,Men's Dry-EX Crew Neck T-Shirt,Tops,Men,19.9,19.9,False,1,19.9,NETS
ORC-20260601-1011,2,2026-06-01 17:38:54,Orchard Central,SOK-W-03,Women's Airism Low-Cut Socks,Socks,Women,5.9,5.9,False,1,5.9,Cash
ORC-20260601-0497,1,2026-06-01 17:45:53,Orchard Central,UND-W-04,Women's Airism T-Shirt Bra,Underwear,Women,29.9,29.9,False,1,29.9,PayNow
ORC-20260601-1068,2,2026-06-01 12:47:16,Orchard Central,UND-W-03,Women's Cotton Blend Briefs,Underwear,Women,9.9,9.9,False,1,9.9,PayNow
ORC-20260601-0193,3,2026-06-01 19:37:38,Orchard Central,SOK-M-03,Men's Airism Low-Cut Socks,Socks,Men,$5.9,5.9,False,1,5.9,Card
ORC-20260601-0440,3,2026-06-01 19:12:17,orchard central,SOK-W-04,Women's Ribbed Crew Socks,Socks,Women,5.9,5.9,False,2,11.8,Cash
BUG-20260601-0435,1,2026-06-01 19:19:58,Bugis,SOK-W-04,Women's Ribbed Crew Socks,Socks,Women,5.9,5.9,False,1,$5.9,NETS
PUN-20260601-0117,2,2026-06-01 14:48:20,Punggol,SOK-W-04,Women's Ribbed Crew Socks,Socks,Women,5.9,5.9,False,1,5.9,PayNow
BUG-20260601-0641,1,2026-06-01 13:19:21,Bugis,SOK-M-04,Men's Ribbed Crew Socks,Socks,Men,5.9,5.9,False,1,5.9,CARD
BUG-20260601-0606,1,2026-06-01 19:16:47,bugis,SOK-W-02,Women's Pile Crew Socks,Socks,Women,5.9,5.9,False,1,5.9,Cash
PUN-20260601-0536,1,2026-06-01 15:57:13,Punggol,UND-W-02,Women's Wireless Bra,Underwear,Women,29.9,29.9,False,1,29.9,Card
PUN-20260601-0114,2,2026-06-01 18:58:24,punggol,SOK-W-07,Women's Striped Crew Socks,Socks,Women,5.9,5.9,False,2,11.8,Cash
PUN-20260601-0149,2,2026-06-01 21:50:35,Punggol,BTM-M-02,Men's Slim Fit Chino Trousers,Bottoms,Men,29.9,29.9,False,1,29.9,NETS
ORC-20260601-0092,1,2026-06-01 18:16:54,Orchard Central,BTM-W-03,  Women's Ezy Ankle Pants  ,Bottoms,Women,29.9,29.9,False,1,29.9,NETS
PUN-20260601-0226,3,2026-06-01 20:37:53,Punggol,SOK-W-02,Women's Pile Crew Socks,Socks,Women,5.9,5.9,False,1,5.9,Cash
PUN-20260601-0066,1,2026-06-01 11:26:24,Punggol,BTM-W-03,Women's Ezy Ankle Pants,Bottoms,Women,29.9,29.9,False,1,29.9,PayNow
ORC-20260601-1006,1,2026-06-01 18:04:45,Orchard Central,TOP-M-03,Men's Dry-EX Crew Neck T-Shirt,Tops,Men,19.9,19.9,False,1,19.9,PayNow
ORC-20260601-0349,2,2026-06-01 19:36:03,orchard central,UND-M-02,Men's Cotton Blend Trunks,Underwear,Men,14.9,14.9,False,2,29.8,Cash
ORC-20260601-1033,2,2026-06-01 18:41:54,Orchard Central,UND-W-01,Women's Airism Bikini Shorts,Underwear,WOMEN,9.9,9.9,False,2,19.8,PayNow
ORC-20260601-0098,2,2026-06-01 11:26:29,Orchard Central,SOK-M-01,Men's Ankle Socks 3-Pack,Socks,Men,14.9,14.9,False,1,14.9,NETS
BUG-20260601-0523,1,2026-06-01 16:22:19,Bugis,UND-W-01,Women's Airism Bikini Shorts,Underwear,Women,9.9,9.9,False,1,9.9,Card
PUN-20260601-0423,3,2026-06-01 13:40:16,Punggol,SOK-M-01,Men's Ankle Socks 3-Pack,Socks,Men,14.9,14.9,False,1,14.9,PayNow
ORC-20260601-0845,2,2026-06-01 18:43:26,Orchard Central,UND-M-01,Men's Airism Boxer Briefs,Underwear,Men,14.9,14.9,False,1,14.9,PayNow
PUN-20260601-0247,1,2026-06-01 13:45:56,Punggol,UND-W-01,Women's Airism Bikini Shorts,Underwear,Women,9.9,9.9,False,1,9.9,Card
BUG-20260601-0803,2,2026-06-01 13:10:10,Bugis,SOK-M-04,Men's Ribbed Crew Socks,Socks,Men,5.9,5.9,False,1,5.9,Card
PUN-20260601-0209,3,2026-06-01 13:31:24,Punggol,SOK-M-04,Men's Ribbed Crew Socks,Socks,Men,5.9,5.9,False,1,5.9,CARD
ORC-20260601-0299,3,2026-06-01 19:40:06,ORCHARD CENTRAL,TOP-M-02,Men's Supima Cotton Polo Shirt,Tops,men,29.9,29.9,False,1,29.9,PayNow
ORC-20260601-0057,2,2026-06-01 15:54:01,Orchard Central,UND-W-03,Women's Cotton Blend Briefs,Underwear,Women,9.9,9.9,False,2,19.8,Card
PUN-20260601-0058,2,2026-06-01 20:06:11,Punggol,SOK-M-04,Men's Ribbed Crew Socks,SOCKS,Men,5.9,5.9,False,1,5.9,PayNow
BUG-20260601-0536,1,2026-06-01 19:17:19,Bugis,SOK-W-02,Women's Pile Crew Socks,Socks,Women,5.9,5.9,False,1,5.9,PayNow
PUN-20260601-0422,1,2026-06-01 19:52:29,Punggol,UND-W-01,Women's Airism Bikini Shorts,Underwear,Women,9.9,9.9,False,1,9.9,PAYNOW
PUN-20260601-0105,2,2026-06-01 20:53:10,Punggol,UND-W-01,Women's Airism Bikini Shorts,Underwear,Women,9.9,9.9,False,1,9.9,Card
ORC-20260601-0974,3,2026-06-01 19:59:49,Orchard Central,UND-M-04,  Men's Cotton Crew Neck Undershirt  ,Underwear,Men,14.9,14.9,False,1,14.9,Card
ORC-20260601-0656,2,2026-06-01 18:20:28,Orchard Central,TOP-W-01,Women's Airism Cotton Crew Neck T-Shirt,Tops,Women,14.9,14.9,False,1,14.9,Card
BUG-20260601-0282,1,2026-06-01 11:05:23,Bugis,UND-W-09,Women's Cotton Boyshorts,Underwear,Women,9.9,9.9,False,1,9.9,PayNow
PUN-20260601-0565,1,2026-06-01 18:12:28,Punggol,SOK-M-03,Men's Airism Low-Cut Socks,Socks,Men,5.9,5.9,False,1,5.9,Cash
BUG-20260601-0191,2,2026-06-01 20:56:20,Bugis,SOK-W-02,Women's Pile Crew Socks,Socks,Women,5.9,5.9,False,1,5.9,card
BUG-20260601-0731,1,2026-06-01 13:13:52,Bugis,SOK-W-01,Women's Ankle Socks 3-Pack,Socks,Women,14.9,14.9,False,1,14.9,PayNow
ORC-20260601-1021,1,2026-06-01 21:19:59,Orchard Central,SOK-W-01,Women's Ankle Socks 3-Pack,Socks,Women,14.9,14.9,False,1,14.9,Card
ORC-20260601-0904,3,2026-06-01 22:25:38,Orchard Central,SOK-M-04,Men's Ribbed Crew Socks,Socks,Men,5.9,5.9,False,1,5.9,NETS
ORC-20260601-0920,1,2026-06-01 20:36:49,Orchard Central,SOK-M-04,Men's Ribbed Crew Socks,Socks,Men,5.9,5.9,False,1,5.9,Card
PUN-20260601-0558,3,2026-06-01 18:11:21,Punggol,BTM-W-03,Women's Ezy Ankle Pants,Bottoms,Women,29.9,29.9,False,1,29.9,Cash
ORC-20260601-0982,1,2026-06-01 19:09:19,Orchard Central,SOK-W-01,Women's Ankle Socks 3-Pack,Socks,Women,14.9,14.9,False,1,14.9,NETS
BUG-20260601-0527,1,2026-06-01 18:53:28,Bugis,TOP-W-04,Women's Heattech Crew Neck Long Sleeve Tee,Tops,Women,14.9,14.9,False,1,14.9,PayNow
PUN-20260601-0272,2,2026-06-01 18:59:53,Punggol,TOP-W-01,Women's Airism Cotton Crew Neck T-Shirt,Tops,Women,14.9,14.9,False,1,14.9,NETS
ORC-20260601-0594,2,2026-06-01 18:37:14,Orchard Central,UND-W-01,  Women's Airism Bikini Shorts  ,Underwear,Women,9.9,9.9,False,1,9.9,Card
BUG-20260601-0805,2,2026-06-01 16:14:38,Bugis,TOP-M-03,  Men's Dry-EX Crew Neck T-Shirt  ,Tops,Men,19.9,19.9,False,1,19.9,Cash
ORC-20260601-0025,2,2026-06-01 16:15:58,Orchard Central,UND-M-03,Men's Airism Mesh Boxer Briefs,UNDERWEAR,Men,14.9,14.9,False,1,14.9,PAYNOW
ORC-20260601-0119,3,2026-06-01 12:27:39,  Orchard Central  ,SOK-M-03,Men's Airism Low-Cut Socks,Socks,Men,5.9,5.9,False,1,5.9,NETS
ORC-20260601-0855,2,2026-06-01 16:06:27,Orchard Central,SOK-W-02,Women's Pile Crew Socks,Socks,Women,5.9,5.9,False,1,5.9,NETS
PUN-20260601-0289,1,2026-06-01 12:35:25,Punggol,SOK-M-03,Men's Airism Low-Cut Socks,SOCKS,Men,5.9,5.9,False,1,$5.9,NETS
PUN-20260601-0002,3,2026-06-01 17:32:39,Punggol,UND-W-03,Women's Cotton Blend Briefs,Underwear,women,9.9,9.9,False,1,9.9,NETS
BUG-20260601-0647,2,2026-06-01 15:31:41,Bugis,BTM-W-07,  Women's Linen Blend Wide Pants  ,Bottoms,Women,$39.9,39.9,False,1,39.9,NETS
ORC-20260601-0787,2,2026-06-01 20:26:11,Orchard Central,SOK-W-03,Women's Airism Low-Cut Socks,Socks,Women,5.9,5.9,False,1,5.9,Card
ORC-20260601-0741,1,2026-06-01 20:25:45,Orchard Central,BTM-M-08,Men's Relaxed Fit Denim Shorts,bottoms,Men,22.99,29.9,True,1,22.99,card
BUG-20260601-0693,1,2026-06-01 21:22:01,Bugis,UND-W-01,Women's Airism Bikini Shorts,Underwear,Women,9.9,9.9,False,1,9.9,PayNow
BUG-20260601-0006,1,2026-06-01 17:04:10,Bugis,SOK-M-02,Men's Pile Crew Socks,Socks,MEN,5.9,5.9,False,1,5.9,Cash
ORC-20260601-0746,2,2026-06-01 20:52:55,Orchard Central,SOK-W-04,Women's Ribbed Crew Socks,socks,Women,5.9,5.9,False,1,5.9,PayNow
BUG-20260601-0691,1,2026-06-01 13:26:24,Bugis,UND-M-03,Men's Airism Mesh Boxer Briefs,Underwear,Men,14.9,14.9,False,1,14.9,PayNow
ORC-20260601-0665,3,2026-06-01 12:41:43,Orchard Central,SOK-M-04,Men's Ribbed Crew Socks,SOCKS,Men,5.9,5.9,False,1,5.9,NETS
ORC-20260601-0904,1,2026-06-01 22:25:38,ORCHARD CENTRAL,TOP-W-03,Women's Silky Satin Blouse,tops,Women,39.9,39.9,False,1,39.9,NETS
ORC-20260601-0950,2,2026-06-01 18:25:27,  Orchard Central  ,BTM-W-04,Women's Denim Straight Jeans,Bottoms,Women,49.9,49.9,False,1,$49.9,Card
PUN-20260601-0246,3,2026-06-01 19:04:06,Punggol,UND-M-04,Men's Cotton Crew Neck Undershirt,Underwear,Men,$14.9,14.9,False,1,14.9,card
ORC-20260601-0921,1,2026-06-01 20:04:05,Orchard Central,SOK-W-04,Women's Ribbed Crew Socks,Socks,Women,5.9,5.9,False,2,11.8,Card
ORC-20260601-0407,1,2026-06-01 21:59:43,Orchard Central,SOK-M-02,Men's Pile Crew Socks,Socks,Men,5.9,5.9,False,1,5.9,CASH
BUG-20260601-0457,1,2026-06-01 20:46:06,Bugis,BTM-M-01,  Men's Ezy Ankle Pants  ,bottoms,Men,29.9,29.9,False,1,29.9,PAYNOW
BUG-20260601-0683,2,2026-06-01 12:21:02,Bugis,SOK-W-03,Women's Airism Low-Cut Socks,Socks,Women,5.9,5.9,False,2,$11.8,NETS
BUG-20260601-0171,1,2026-06-01 20:52:59,Bugis,SOK-W-04,Women's Ribbed Crew Socks,Socks,Women,5.9,5.9,False,2,11.8,card
BUG-20260601-0685,1,2026-06-01 20:31:29,Bugis,UND-W-03,Women's Cotton Blend Briefs,Underwear,women,9.9,9.9,False,2,19.8,Card
ORC-20260601-1129,3,2026-06-01 20:03:51,Orchard Central,TOP-M-01,Men's Airism Cotton Crew Neck T-Shirt,Tops,Men,14.9,14.9,False,1,14.9,Cash
BUG-20260601-0684,2,2026-06-01 16:46:31,  Bugis  ,TOP-M-08,Men's Linen Blend Short Sleeve Shirt,tops,Men,29.9,29.9,False,1,29.9,Card
ORC-20260601-1054,1,2026-06-01 16:09:49,ORCHARD CENTRAL,SOK-M-04,Men's Ribbed Crew Socks,Socks,Men,5.9,5.9,False,1,5.9,Card
BUG-20260601-0478,1,2026-06-01 19:44:06,BUGIS,BTM-M-04,Men's Dry Stretch Shorts,Bottoms,Men,19.9,19.9,False,1,19.9,NETS
ORC-20260601-1053,1,2026-06-01 21:17:20,Orchard Central,BTM-M-03,Men's Selvedge Regular Fit Jeans,Bottoms,Men,59.9,59.9,False,1,59.9,PayNow
BUG-20260601-0799,1,2026-06-01 19:06:47,Bugis,TOP-W-02,Women's Ribbed Long Sleeve Turtleneck,Tops,Women,19.9,19.9,False,1,19.9,Card
PUN-20260601-0336,1,2026-06-01 20:09:37,Punggol,UND-W-02,Women's Wireless Bra,underwear,Women,29.9,29.9,False,1,29.9,Card
ORC-20260601-0937,1,2026-06-01 21:37:07,Orchard Central,UND-W-01,Women's Airism Bikini Shorts,Underwear,Women,9.9,9.9,False,1,9.9,PayNow
PUN-20260601-0240,3,2026-06-01 18:12:14,Punggol,TOP-M-01,Men's Airism Cotton Crew Neck T-Shirt,Tops,Men,14.9,14.9,False,1,14.9,NETS
BUG-20260601-0346,3,2026-06-01 16:30:29,Bugis,UND-W-04,Women's Airism T-Shirt Bra,UNDERWEAR,Women,29.9,29.9,False,2,59.8,PayNow
BUG-20260601-0088,2,2026-06-01 13:34:17,Bugis,UND-W-02,Women's Wireless Bra,Underwear,Women,29.9,29.9,False,1,29.9,NETS
ORC-20260601-1047,2,2026-06-01 19:57:45,Orchard Central,SOK-W-02,Women's Pile Crew Socks,Socks,Women,5.9,5.9,False,2,11.8,Cash
BUG-20260601-0387,2,2026-06-01 12:49:42,Bugis,SOK-M-04,Men's Ribbed Crew Socks,Socks,Men,5.9,5.9,False,1,5.9,PAYNOW
PUN-20260601-0011,1,2026-06-01 19:31:38,Punggol,UND-M-04,Men's Cotton Crew Neck Undershirt,Underwear,Men,14.9,14.9,False,2,29.8,Card
ORC-20260601-0137,1,2026-06-01 18:21:43,Orchard Central,SOK-W-03,Women's Airism Low-Cut Socks,Socks,Women,5.9,5.9,False,2,11.8,PayNow
ORC-20260601-0683,3,2026-06-01 20:48:57,Orchard Central,UND-W-03,  Women's Cotton Blend Briefs  ,Underwear,WOMEN,9.9,9.9,False,1,9.9,CARD
PUN-20260601-0187,1,2026-06-01 14:34:49,Punggol,SOK-M-03,Men's Airism Low-Cut Socks,Socks,Men,5.9,5.9,False,1,5.9,Cash
BUG-20260601-0798,1,2026-06-01 16:27:28,Bugis,TOP-W-07,Women's Fleece Pullover Hoodie,Tops,WOMEN,29.9,29.9,False,1,29.9,Card
ORC-20260601-0378,3,2026-06-01 19:51:12,Orchard Central,UND-M-02,Men's Cotton Blend Trunks,Underwear,Men,14.9,14.9,False,1,14.9,Cash
BUG-20260601-0378,3,2026-06-01 19:50:05,Bugis,SOK-W-04,Women's Ribbed Crew Socks,Socks,Women,5.9,5.9,False,1,5.9,CARD
BUG-20260601-0800,3,2026-06-01 16:48:06,Bugis,UND-W-01,Women's Airism Bikini Shorts,Underwear,Women,9.9,9.9,False,1,9.9,Cash
ORC-20260601-0534,1,2026-06-01 17:06:53,orchard central,UND-W-04,Women's Airism T-Shirt Bra,UNDERWEAR,Women,29.9,29.9,False,1,29.9,PayNow
ORC-20260601-0103,1,2026-06-01 15:37:44,Orchard Central,SOK-W-03,Women's Airism Low-Cut Socks,Socks,WOMEN,5.9,5.9,False,1,5.9,Card
ORC-20260601-0587,1,2026-06-01 21:13:34,Orchard Central,SOK-M-02,Men's Pile Crew Socks,Socks,Men,5.9,5.9,False,1,5.9,Cash
BUG-20260601-0096,2,2026-06-01 22:24:23,Bugis,SOK-W-03,Women's Airism Low-Cut Socks,Socks,Women,5.9,5.9,False,1,5.9,NETS
BUG-20260601-0831,2,2026-06-01 17:39:38,Bugis,SOK-M-01,Men's Ankle Socks 3-Pack,Socks,Men,14.9,14.9,False,1,14.9,NETS
ORC-20260601-0379,1,2026-06-01 19:39:59,Orchard Central,UND-W-01,Women's Airism Bikini Shorts,Underwear,Women,9.9,9.9,False,1,9.9,Card
BUG-20260601-0717,2,2026-06-01 21:22:46,Bugis,SOK-M-03,Men's Airism Low-Cut Socks,Socks,Men,5.9,5.9,False,2,11.8,Card
ORC-20260601-0915,2,2026-06-01 20:39:03,Orchard Central,SOK-W-03,Women's Airism Low-Cut Socks,Socks,women,5.9,5.9,False,1,5.9,NETS
BUG-20260601-0714,2,2026-06-01 18:59:54,  Bugis  ,UND-M-06,Men's Airism Sleeveless Undershirt,Underwear,Men,9.9,9.9,False,1,9.9,PayNow
BUG-20260601-0651,1,2026-06-01 20:37:14,Bugis,SOK-M-01,Men's Ankle Socks 3-Pack,SOCKS,Men,14.9,14.9,False,1,14.9,Card
BUG-20260601-0178,3,2026-06-01 14:36:17,BUGIS,BTM-M-01,Men's Ezy Ankle Pants,Bottoms,Men,29.9,29.9,False,1,29.9,Card
PUN-20260601-0311,1,2026-06-01 19:03:51,Punggol,TOP-M-04,Men's Oxford Long Sleeve Shirt,Tops,Men,29.9,29.9,False,1,29.9,Card
ORC-20260601-0406,1,2026-06-01 17:41:01,Orchard Central,UND-M-01,Men's Airism Boxer Briefs,Underwear,Men,14.9,14.9,False,1,14.9,Card
ORC-20260601-0408,2,2026-06-01 15:08:43,Orchard Central,TOP-M-02,Men's Supima Cotton Polo Shirt,Tops,Men,29.9,29.9,False,1,29.9,PayNow
PUN-20260601-0110,1,2026-06-01 21:35:54,Punggol,SOK-W-02,Women's Pile Crew Socks,Socks,Women,5.9,5.9,False,1,$5.9,Cash
ORC-20260601-0105,2,2026-06-01 17:13:32,orchard central,UND-M-04,Men's Cotton Crew Neck Undershirt,Underwear,MEN,14.9,14.9,False,1,14.9,Cash
ORC-20260601-0443,1,2026-06-01 17:31:04,Orchard Central,BTM-W-05,Women's Pleated Midi Skirt,Bottoms,Women,29.9,29.9,False,1,29.9,Card
ORC-20260601-1093,3,2026-06-01 19:26:30,Orchard Central,SOK-W-06,Women's Heattech Socks,SOCKS,Women,$9.9,9.9,False,1,9.9,Cash
PUN-20260601-0343,1,2026-06-01 21:24:55,punggol,TOP-W-01,Women's Airism Cotton Crew Neck T-Shirt,Tops,Women,14.9,14.9,False,1,14.9,Paynow
BUG-20260601-0734,3,2026-06-01 22:00:46,Bugis,SOK-W-02,  Women's Pile Crew Socks  ,Socks,Women,5.9,5.9,False,1,5.9,PayNow
BUG-20260601-0175,1,2026-06-01 20:33:19,Bugis,UND-W-02,Women's Wireless Bra,Underwear,WOMEN,29.9,29.9,False,1,29.9,PayNow
PUN-20260601-0044,1,2026-06-01 20:15:36,Punggol,SOK-M-01,Men's Ankle Socks 3-Pack,Socks,Men,14.9,14.9,False,1,14.9,PayNow
ORC-20260601-0284,1,2026-06-01 19:52:56,Orchard Central,SOK-W-02,Women's Pile Crew Socks,Socks,Women,5.9,5.9,False,1,5.9,PayNow
ORC-20260601-0325,3,2026-06-01 19:36:08,Orchard Central,SOK-W-09,Women's No-Show Sneaker Socks,Socks,Women,5.9,5.9,False,1,5.9,PayNow
BUG-20260601-0144,3,2026-06-01 15:02:24,Bugis,TOP-W-02,Women's Ribbed Long Sleeve Turtleneck,Tops,Women,19.9,19.9,False,1,19.9,Cash
ORC-20260601-0182,2,2026-06-01 17:35:32,Orchard Central,UND-W-03,Women's Cotton Blend Briefs,Underwear,Women,9.9,9.9,False,1,9.9,NETS
BUG-20260601-0032,2,2026-06-01 17:00:11,Bugis,SOK-W-02,Women's Pile Crew Socks,Socks,Women,5.9,5.9,False,1,5.9,Card
PUN-20260601-0102,2,2026-06-01 22:31:41,Punggol,SOK-M-03,Men's Airism Low-Cut Socks,Socks,Men,5.9,5.9,False,1,5.9,cash
BUG-20260601-0732,3,2026-06-01 19:40:46,Bugis,SOK-W-04,,Socks,Women,5.9,5.9,False,1,5.9,cash
ORC-20260601-1067,1,2026-06-01 21:28:40,Orchard Central,BTM-W-02,Women's High-Rise Wide Leg Pants,Bottoms,women,39.9,39.9,False,1,39.9,Card
ORC-20260601-0648,2,2026-06-01 22:37:52,Orchard Central,SOK-W-02,Women's Pile Crew Socks,Socks,Women,5.9,5.9,False,2,11.8,NETS
PUN-20260601-0555,2,2026-06-01 16:49:19,Punggol,BTM-W-02,Women's High-Rise Wide Leg Pants,Bottoms,Women,39.9,39.9,False,1,39.9,Cash
BUG-20260601-0381,1,2026-06-01 17:16:24,Bugis,SOK-M-01,Men's Ankle Socks 3-Pack,Socks,Men,14.9,14.9,False,2,29.8,
PUN-20260601-0267,2,2026-06-01 19:24:25,Punggol,BTM-M-04,Men's Dry Stretch Shorts,Bottoms,Men,19.9,19.9,False,1,19.9,Card
PUN-20260601-0534,1,2026-06-01 20:31:20,Punggol,UND-W-01,Women's Airism Bikini Shorts,Underwear,Women,9.9,9.9,False,1,9.9,Card
ORC-20260601-0951,3,2026-06-01 20:43:38,Orchard Central,SOK-W-03,  Women's Airism Low-Cut Socks  ,Socks,Women,5.9,5.9,False,1,5.9,Paynow
PUN-20260601-0164,1,2026-06-01 21:47:45,Punggol,TOP-M-04,Men's Oxford Long Sleeve Shirt,Tops,MEN,29.9,29.9,False,1,29.9,Cash
ORC-20260601-0347,1,2026-06-01 12:39:27,Orchard Central,BTM-W-02,Women's High-Rise Wide Leg Pants,BOTTOMS,Women,39.9,39.9,False,1,39.9,Card
ORC-20260601-0363,2,2026-06-01 16:05:44,orchard central,UND-W-06,Women's Lace Trim Briefs,Underwear,Women,9.9,9.9,False,1,9.9,Card
ORC-20260601-0659,1,2026-06-01 21:18:47,Orchard Central,BTM-M-02,Men's Slim Fit Chino Trousers,Bottoms,Men,29.9,29.9,False,1,29.9,NETS
PUN-20260601-0148,3,2026-06-01 11:07:08,Punggol,UND-W-03,Women's Cotton Blend Briefs,Underwear,Women,9.9,9.9,False,1,9.9,PayNow
ORC-20260601-0703,3,2026-06-01 19:02:15,Orchard Central,UND-M-01,Men's Airism Boxer Briefs,Underwear,men,14.9,14.9,False,1,14.9,PayNow
ORC-20260601-0727,2,2026-06-01 16:07:19,Orchard Central,SOK-W-03,Women's Airism Low-Cut Socks,Socks,Women,5.9,5.9,False,1,5.9,Card
PUN-20260601-0424,1,2026-06-01 18:15:03,Punggol,SOK-M-03,Men's Airism Low-Cut Socks,Socks,Men,5.9,5.9,False,1,5.9,Card
ORC-20260601-0109,2,2026-06-01 21:50:08,Orchard Central,UND-M-02,Men's Cotton Blend Trunks,Underwear,Men,14.9,14.9,False,1,14.9,PayNow
BUG-20260601-0730,1,2026-06-01 13:27:40,Bugis,UND-M-04,Men's Cotton Crew Neck Undershirt,Underwear,Men,14.9,14.9,False,2,29.8,Card
BUG-20260601-0217,1,2026-06-01 21:39:53,Bugis,SOK-W-03,Women's Airism Low-Cut Socks,Socks,Women,5.9,5.9,False,1,5.9,Cash
PUN-20260601-0115,1,2026-06-01 17:29:03,Punggol,UND-M-01,  Men's Airism Boxer Briefs  ,Underwear,Men,14.9,14.9,False,1,14.9,Card
ORC-20260601-0157,2,2026-06-01 20:54:33,Orchard Central,TOP-M-03,Men's Dry-EX Crew Neck T-Shirt,Tops,Men,19.9,19.9,False,1,19.9,PayNow
PUN-20260601-0301,2,2026-06-01 11:36:21,Punggol,TOP-W-01,Women's Airism Cotton Crew Neck T-Shirt,Tops,Women,14.9,14.9,False,1,14.9,Card
ORC-20260601-1011,3,2026-06-01 17:38:54,Orchard Central,UND-W-01,Women's Airism Bikini Shorts,Underwear,Women,9.9,9.9,False,1,9.9,Cash
PUN-20260601-0287,1,2026-06-01 12:56:40,Punggol,SOK-W-03,Women's Airism Low-Cut Socks,Socks,Women,5.9,5.9,False,1,5.9,NETS
ORC-20260601-0133,1,2026-06-01 17:49:43,Orchard Central,SOK-W-03,Women's Airism Low-Cut Socks,Socks,Women,5.9,5.9,False,1,5.9,NETS
BUG-20260601-0074,1,2026-06-01 21:50:06,Bugis,SOK-W-04,Women's Ribbed Crew Socks,Socks,Women,5.9,5.9,False,1,5.9,Card
ORC-20260601-0923,2,2026-06-01 20:22:56,orchard central,SOK-W-02,Women's Pile Crew Socks,Socks,Women,5.9,5.9,False,1,5.9,CARD
ORC-20260601-0749,1,2026-06-01 12:57:22,Orchard Central,TOP-M-04,Men's Oxford Long Sleeve Shirt,Tops,Men,29.9,29.9,False,1,29.9,Card
ORC-20260601-0173,1,2026-06-01 13:16:31,Orchard Central,UND-W-04,Women's Airism T-Shirt Bra,Underwear,Women,29.9,29.9,False,1,29.9,Card
BUG-20260601-0465,3,2026-06-01 18:43:05,Bugis,SOK-W-03,Women's Airism Low-Cut Socks,Socks,Women,5.9,5.9,False,1,5.9,Card
BUG-20260601-0755,1,2026-06-01 20:54:30,Bugis,UND-M-03,Men's Airism Mesh Boxer Briefs,Underwear,Men,14.9,14.9,False,1,14.9,Cash
BUG-20260601-0760,2,2026-06-01 18:52:15,Bugis,SOK-M-01,Men's Ankle Socks 3-Pack,Socks,Men,14.9,14.9,False,1,14.9,Card
PUN-20260601-0053,2,2026-06-01 14:29:54,Punggol,BTM-W-07,Women's Linen Blend Wide Pants,Bottoms,Women,39.9,39.9,False,1,39.9,PayNow
ORC-20260601-0903,2,2026-06-01 17:27:25,Orchard Central,SOK-W-02,Women's Pile Crew Socks,Socks,Women,5.9,5.9,False,1,5.9,Cash
PUN-20260601-0518,2,2026-06-01 22:46:39,Punggol,TOP-W-03,Women's Silky Satin Blouse,Tops,Women,39.9,39.9,False,1,39.9,NETS
ORC-20260601-0507,1,2026-06-01 16:43:11,Orchard Central,UND-M-01,Men's Airism Boxer Briefs,Underwear,men,14.9,14.9,False,1,14.9,PayNow
ORC-20260601-0529,3,2026-06-01 12:39:59,Orchard Central,SOK-W-01,Women's Ankle Socks 3-Pack,Socks,Women,14.9,14.9,False,1,14.9,Card
ORC-20260601-0215,1,2026-06-01 21:22:57,Orchard Central,SOK-W-01,Women's Ankle Socks 3-Pack,Socks,Women,14.9,14.9,False,1,14.9,Card
BUG-20260601-0180,1,2026-06-01 19:33:59,Bugis,BTM-W-02,Women's High-Rise Wide Leg Pants,Bottoms,Women,39.9,39.9,False,1,39.9,PayNow
PUN-20260601-0186,3,2026-06-01 20:03:14,Punggol,TOP-W-02,Women's Ribbed Long Sleeve Turtleneck,Tops,Women,19.9,19.9,False,1,19.9,PayNow
ORC-20260601-0093,2,2026-06-01 19:41:44,  Orchard Central  ,SOK-W-04,Women's Ribbed Crew Socks,Socks,Women,5.9,5.9,False,1,5.9,Card
ORC-20260601-0931,3,2026-06-01 21:46:50,Orchard Central,SOK-W-02,Women's Pile Crew Socks,Socks,Women,5.9,5.9,False,1,5.9,Card
ORC-20260601-0409,2,2026-06-01 21:58:28,Orchard Central,SOK-W-03,Women's Airism Low-Cut Socks,Socks,Women,5.9,5.9,False,1,5.9,Card
ORC-20260601-0946,1,2026-06-01 12:12:00,Orchard Central,TOP-M-03,Men's Dry-EX Crew Neck T-Shirt,Tops,Men,19.9,19.9,False,1,19.9,
BUG-20260601-0330,3,2026-06-01 17:29:07,Bugis,BTM-W-03,Women's Ezy Ankle Pants,Bottoms,Women,29.9,29.9,False,1,29.9,Card
PUN-20260601-0296,2,2026-06-01 19:14:05,  Punggol  ,SOK-M-02,Men's Pile Crew Socks,Socks,Men,5.9,5.9,False,1,5.9,PayNow
ORC-20260601-0486,2,2026-06-01 21:05:28,Orchard Central,UND-M-02,Men's Cotton Blend Trunks,Underwear,Men,$14.9,14.9,False,1,14.9,paynow
BUG-20260601-0712,1,2026-06-01 19:21:46,  Bugis  ,BTM-W-01,Women's Ultra Stretch Skinny Jeans,Bottoms,Women,39.9,39.9,False,1,39.9,
BUG-20260601-0473,2,2026-06-01 21:35:56,Bugis,SOK-W-03,Women's Airism Low-Cut Socks,socks,Women,5.9,5.9,False,1,5.9,NETS
PUN-20260601-0003,1,2026-06-01 12:20:02,Punggol,BTM-M-01,  Men's Ezy Ankle Pants  ,Bottoms,Men,29.9,29.9,False,1,29.9,Card
BUG-20260601-0608,3,2026-06-01 15:00:46,Bugis,UND-W-03,Women's Cotton Blend Briefs,Underwear,Women,9.9,9.9,False,2,19.8,NETS
ORC-20260601-0374,1,2026-06-01 19:50:08,Orchard Central,TOP-W-04,Women's Heattech Crew Neck Long Sleeve Tee,Tops,Women,14.9,14.9,False,1,14.9,PayNow
PUN-20260601-0080,1,2026-06-01 18:19:02,Punggol,BTM-M-04,Men's Dry Stretch Shorts,Bottoms,MEN,19.9,19.9,False,1,19.9,PayNow
ORC-20260601-0927,1,2026-06-01 19:57:54,Orchard Central,UND-M-06,Men's Airism Sleeveless Undershirt,Underwear,Men,9.9,9.9,False,1,9.9,Card
PUN-20260601-0580,1,2026-06-01 21:17:27,Punggol,SOK-M-02,Men's Pile Crew Socks,Socks,Men,5.9,5.9,False,1,5.9,Card
ORC-20260601-0251,1,2026-06-01 18:20:53,Orchard Central,SOK-M-04,  Men's Ribbed Crew Socks  ,Socks,men,5.9,5.9,False,1,5.9,Card
ORC-20260601-0864,2,2026-06-01 19:34:09,  ORCHARD CENTRAL  ,UND-W-01,Women's Airism Bikini Shorts,Underwear,Women,$9.9,9.9,False,2,19.8,Card
BUG-20260601-0229,2,2026-06-01 16:12:58,Bugis,UND-W-04,Women's Airism T-Shirt Bra,Underwear,Women,29.9,29.9,False,1,29.9,Card
BUG-20260601-0001,3,2026-06-01 19:13:28,  Bugis  ,SOK-W-03,  Women's Airism Low-Cut Socks  ,socks,Women,5.9,5.9,False,1,5.9,NETS
ORC-20260601-0670,3,2026-06-01 20:40:52,Orchard Central,SOK-M-02,Men's Pile Crew Socks,Socks,Men,5.9,5.9,False,2,11.8,Cash
ORC-20260601-1064,3,2026-06-01 11:51:41,Orchard Central,TOP-W-04,Women's Heattech Crew Neck Long Sleeve Tee,TOPS,Women,14.9,14.9,False,1,14.9,Card
ORC-20260601-0342,1,2026-06-01 11:52:47,Orchard Central,UND-W-01,Women's Airism Bikini Shorts,underwear,Women,9.9,9.9,False,1,9.9,nets
BUG-20260601-0344,3,2026-06-01 14:04:47,Bugis,UND-M-08,Men's Airism V-Neck Undershirt,UNDERWEAR,Men,9.9,9.9,False,1,9.9,Card
BUG-20260601-0834,3,2026-06-01 12:24:25,bugis,UND-W-03,Women's Cotton Blend Briefs,underwear,Women,9.9,9.9,False,1,9.9,Cash
PUN-20260601-0052,2,2026-06-01 12:48:37,Punggol,SOK-M-04,Men's Ribbed Crew Socks,Socks,MEN,5.9,5.9,False,1,$5.9,NETS
PUN-20260601-0099,1,2026-06-01 20:51:10,Punggol,BTM-M-05,Men's Wide Fit Cargo Pants,Bottoms,Men,39.9,39.9,False,1,39.9,Card
ORC-20260601-0318,3,2026-06-01 18:01:44,Orchard Central,UND-M-01,Men's Airism Boxer Briefs,Underwear,men,14.9,14.9,False,2,29.8,Card
ORC-20260601-0795,2,2026-06-01 20:07:12,Orchard Central,UND-M-02,  Men's Cotton Blend Trunks  ,UNDERWEAR,men,14.9,14.9,False,1,14.9,Card
ORC-20260601-0634,3,2026-06-01 18:46:04,Orchard Central,UND-M-02,Men's Cotton Blend Trunks,Underwear,Men,14.9,14.9,False,1,14.9,card
ORC-20260601-0165,1,2026-06-01 20:39:34,Orchard Central,TOP-W-06,Women's Linen Blend Short Sleeve Shirt,Tops,Women,29.9,29.9,False,1,29.9,Card
PUN-20260601-0293,1,2026-06-01 15:52:00,PUNGGOL,SOK-W-02,Women's Pile Crew Socks,Socks,Women,5.9,5.9,False,1,5.9,Cash
BUG-20260601-0789,3,2026-06-01 21:16:50,Bugis,UND-W-03,Women's Cotton Blend Briefs,underwear,Women,9.9,9.9,False,1,9.9,PayNow
ORC-20260601-1114,3,2026-06-01 14:56:28,Orchard Central,SOK-M-04,Men's Ribbed Crew Socks,Socks,Men,5.9,5.9,False,1,5.9,Card
ORC-20260601-0807,1,2026-06-01 16:57:06,Orchard Central,BTM-W-02,Women's High-Rise Wide Leg Pants,Bottoms,Women,39.9,39.9,False,1,39.9,Card
BUG-20260601-0195,1,2026-06-01 21:04:39,Bugis,SOK-M-02,Men's Pile Crew Socks,Socks,Men,5.9,5.9,False,1,5.9,Cash
ORC-20260601-0128,1,2026-06-01 12:53:47,Orchard Central,UND-W-01,  Women's Airism Bikini Shorts  ,Underwear,Women,9.9,9.9,False,1,9.9,PayNow
BUG-20260601-0623,3,2026-06-01 17:54:19,Bugis,UND-W-04,Women's Airism T-Shirt Bra,Underwear,Women,29.9,29.9,False,1,29.9,Paynow
ORC-20260601-0191,1,2026-06-01 19:28:32,Orchard Central,UND-M-01,Men's Airism Boxer Briefs,Underwear,Men,14.9,14.9,False,1,14.9,Card
ORC-20260601-0890,1,2026-06-01 18:01:21,Orchard Central,SOK-W-01,  Women's Ankle Socks 3-Pack  ,Socks,WOMEN,14.9,14.9,False,1,14.9,Card
PUN-20260601-0355,2,2026-06-01 20:54:19,Punggol,UND-W-04,Women's Airism T-Shirt Bra,Underwear,Women,29.9,29.9,False,1,29.9,Cash
ORC-20260601-0682,1,2026-06-01 12:00:27,Orchard Central,SOK-W-02,Women's Pile Crew Socks,Socks,Women,5.9,5.9,False,1,5.9,Card
BUG-20260601-0355,1,2026-06-01 21:49:35,BUGIS,UND-W-01,Women's Airism Bikini Shorts,underwear,Women,9.9,9.9,False,1,9.9,NETS
PUN-20260601-0270,1,2026-06-01 20:42:59,Punggol,SOK-M-02,Men's Pile Crew Socks,Socks,MEN,5.9,5.9,False,1,5.9,Cash
PUN-20260601-0105,1,2026-06-01 20:53:10,Punggol,UND-M-02,Men's Cotton Blend Trunks,Underwear,Men,14.9,14.9,False,1,14.9,Card
PUN-20260601-0348,1,2026-06-01 21:27:14,punggol,UND-M-01,Men's Airism Boxer Briefs,Underwear,Men,14.9,14.9,False,1,14.9,Card
PUN-20260601-0183,1,2026-06-01 14:13:32,Punggol,TOP-W-02,Women's Ribbed Long Sleeve Turtleneck,Tops,Women,19.9,19.9,False,1,19.9,Card
PUN-20260601-0384,1,2026-06-01 21:14:03,punggol,SOK-M-02,Men's Pile Crew Socks,Socks,Men,5.9,5.9,False,1,5.9,CARD
PUN-20260601-0345,2,2026-06-01 18:22:33,Punggol,SOK-W-02,Women's Pile Crew Socks,Socks,Women,5.9,5.9,False,1,5.9,Card
BUG-20260601-0101,1,2026-06-01 22:59:11,Bugis,UND-W-03,Women's Cotton Blend Briefs,Underwear,Women,9.9,9.9,False,1,9.9,Card
PUN-20260601-0096,1,2026-06-01 20:46:35,Punggol,TOP-M-04,  Men's Oxford Long Sleeve Shirt  ,Tops,Men,29.9,29.9,False,1,29.9,Card
ORC-20260601-0459,1,2026-06-01 19:57:48,Orchard Central,TOP-W-01,Women's Airism Cotton Crew Neck T-Shirt,Tops,Women,14.9,14.9,False,1,14.9,PayNow
BUG-20260601-0277,3,2026-06-01 20:39:46,Bugis,UND-M-02,Men's Cotton Blend Trunks,Underwear,Men,14.9,14.9,False,1,14.9,Card
ORC-20260601-0527,1,2026-06-01 20:34:31,Orchard Central,UND-W-03,Women's Cotton Blend Briefs,Underwear,Women,9.9,9.9,False,2,19.8,card
BUG-20260601-0036,2,2026-06-01 22:09:24,Bugis,UND-W-03,Women's Cotton Blend Briefs,Underwear,Women,9.9,9.9,False,1,9.9,NETS
BUG-20260601-0793,1,2026-06-01 11:20:16,Bugis,SOK-M-04,Men's Ribbed Crew Socks,Socks,Men,5.9,5.9,False,1,5.9,Cash
ORC-20260601-0674,3,2026-06-01 11:05:16,ORCHARD CENTRAL,TOP-M-01,  Men's Airism Cotton Crew Neck T-Shirt  ,Tops,Men,14.9,14.9,False,1,14.9,Card
BUG-20260601-0299,1,2026-06-01 19:22:15,  Bugis  ,UND-M-07,Men's Stretch Cotton Boxers,Underwear,men,14.9,14.9,False,1,14.9,Card
PUN-20260601-0494,1,2026-06-01 18:52:02,Punggol,UND-M-02,Men's Cotton Blend Trunks,Underwear,Men,14.9,14.9,False,1,14.9,Card
BUG-20260601-0452,1,2026-06-01 13:28:54,Bugis,TOP-W-01,Women's Airism Cotton Crew Neck T-Shirt,Tops,Women,14.9,14.9,False,1,14.9,Cash
PUN-20260601-0225,1,2026-06-01 12:29:37,Punggol,SOK-M-04,Men's Ribbed Crew Socks,socks,Men,$5.9,5.9,False,1,5.9,PayNow
PUN-20260601-0026,1,2026-06-01 17:16:14,Punggol,SOK-W-07,Women's Striped Crew Socks,Socks,Women,5.9,5.9,False,1,5.9,Card
PUN-20260601-0253,1,2026-06-01 18:42:16,Punggol,BTM-M-04,Men's Dry Stretch Shorts,Bottoms,Men,19.9,19.9,False,1,19.9,NETS
ORC-20260601-0260,3,2026-06-01 21:39:54,Orchard Central,UND-M-03,Men's Airism Mesh Boxer Briefs,Underwear,Men,14.9,14.9,False,1,14.9,Card
BUG-20260601-0392,1,2026-06-01 12:41:24,Bugis,TOP-M-06,  Men's Fleece Full-Zip Hoodie  ,Tops,men,39.9,39.9,False,1,39.9,Card
ORC-20260601-0593,2,2026-06-01 20:59:51,Orchard Central,UND-W-03,Women's Cotton Blend Briefs,Underwear,Women,9.9,9.9,False,2,19.8,Card
BUG-20260601-0184,2,2026-06-01 18:58:35,Bugis,SOK-M-03,Men's Airism Low-Cut Socks,Socks,MEN,5.9,5.9,False,2,11.8,PayNow
ORC-20260601-0218,3,2026-06-01 14:21:43,Orchard Central,TOP-W-01,Women's Airism Cotton Crew Neck T-Shirt,tops,Women,14.9,14.9,False,1,14.9,NETS
PUN-20260601-0071,1,2026-06-01 16:19:37,  Punggol  ,BTM-M-02,Men's Slim Fit Chino Trousers,Bottoms,Men,29.9,29.9,False,1,29.9,Cash
PUN-20260601-0485,2,2026-06-01 15:30:56,Punggol,BTM-M-03,Men's Selvedge Regular Fit Jeans,Bottoms,Men,59.9,59.9,False,1,59.9,PayNow
ORC-20260601-0459,3,2026-06-01 19:57:48,Orchard Central,TOP-W-01,Women's Airism Cotton Crew Neck T-Shirt,Tops,WOMEN,14.9,14.9,False,1,14.9,PAYNOW
ORC-20260601-0657,2,2026-06-01 20:52:35,Orchard Central,UND-W-03,Women's Cotton Blend Briefs,Underwear,Women,9.9,9.9,False,2,19.8,Card
BUG-20260601-0593,1,2026-06-01 18:16:57,Bugis,UND-W-01,Women's Airism Bikini Shorts,Underwear,Women,$9.9,9.9,False,1,9.9,PayNow
ORC-20260601-0953,1,2026-06-01 11:59:10,Orchard Central,BTM-W-01,Women's Ultra Stretch Skinny Jeans,Bottoms,Women,39.9,39.9,False,1,39.9,Nets
BUG-20260601-0687,1,2026-06-01 13:51:20,Bugis,SOK-W-02,Women's Pile Crew Socks,Socks,Women,5.9,5.9,False,2,$11.8,Card
ORC-20260601-0720,2,2026-06-01 13:55:06,Orchard Central,SOK-W-02,  Women's Pile Crew Socks  ,SOCKS,Women,5.9,5.9,False,2,11.8,PayNow
BUG-20260601-0288,3,2026-06-01 18:58:28,Bugis,SOK-M-02,Men's Pile Crew Socks,Socks,Men,5.9,5.9,False,1,$5.9,Card
BUG-20260601-0713,1,2026-06-01 22:58:58,Bugis,UND-W-03,Women's Cotton Blend Briefs,Underwear,Women,9.9,9.9,False,1,9.9,Card
ORC-20260601-0189,2,2026-06-01 20:55:31,ORCHARD CENTRAL,SOK-W-03,Women's Airism Low-Cut Socks,Socks,Women,5.9,5.9,False,1,5.9,Card
PUN-20260601-0112,2,2026-06-01 18:20:48,Punggol,SOK-M-03,Men's Airism Low-Cut Socks,Socks,MEN,5.9,5.9,False,1,5.9,Card
ORC-20260601-0529,2,2026-06-01 12:39:59,Orchard Central,SOK-W-09,Women's No-Show Sneaker Socks,Socks,WOMEN,5.9,5.9,False,1,5.9,Card
ORC-20260601-1077,1,2026-06-01 19:29:00,Orchard Central,TOP-M-01,Men's Airism Cotton Crew Neck T-Shirt,Tops,men,14.9,14.9,False,1,14.9,NETS
ORC-20260601-0569,1,2026-06-01 22:36:31,Orchard Central,SOK-W-02,Women's Pile Crew Socks,Socks,Women,5.9,5.9,False,1,5.9,NETS
PUN-20260601-0320,1,2026-06-01 20:38:22,Punggol,UND-M-04,Men's Cotton Crew Neck Undershirt,UNDERWEAR,Men,14.9,14.9,False,2,29.8,card
BUG-20260601-0404,1,2026-06-01 21:12:45,Bugis,TOP-W-02,Women's Ribbed Long Sleeve Turtleneck,Tops,Women,19.9,19.9,False,1,19.9,CASH
ORC-20260601-0235,2,2026-06-01 14:55:33,  Orchard Central  ,SOK-M-04,  Men's Ribbed Crew Socks  ,Socks,Men,5.9,5.9,False,1,5.9,PayNow
BUG-20260601-0725,2,2026-06-01 15:10:25,bugis,SOK-W-01,Women's Ankle Socks 3-Pack,Socks,Women,14.9,14.9,False,1,14.9,PayNow
ORC-20260601-0551,1,2026-06-01 21:37:05,Orchard Central,SOK-W-04,  Women's Ribbed Crew Socks  ,Socks,Women,5.9,5.9,False,1,5.9,Card
PUN-20260601-0255,1,2026-06-01 19:04:50,Punggol,SOK-W-03,Women's Airism Low-Cut Socks,socks,Women,5.9,5.9,False,1,5.9,PAYNOW
ORC-20260601-1006,2,2026-06-01 18:04:45,Orchard Central,UND-W-01,Women's Airism Bikini Shorts,Underwear,Women,9.9,9.9,False,1,$9.9,PayNow
PUN-20260601-0403,1,2026-06-01 20:23:27,Punggol,TOP-M-02,Men's Supima Cotton Polo Shirt,tops,Men,29.9,29.9,False,1,29.9,Card
PUN-20260601-0247,3,2026-06-01 13:45:56,Punggol,UND-W-01,  Women's Airism Bikini Shorts  ,Underwear,Women,9.9,9.9,False,1,9.9,Card
BUG-20260601-0468,1,2026-06-01 20:59:13,Bugis,SOK-M-04,Men's Ribbed Crew Socks,Socks,Men,5.9,5.9,False,1,5.9,Card
ORC-20260601-0777,1,2026-06-01 19:32:45,Orchard Central,SOK-W-03,Women's Airism Low-Cut Socks,Socks,Women,5.9,5.9,False,1,5.9,NETS
BUG-20260601-0280,1,2026-06-01 13:55:47,Bugis,SOK-M-03,Men's Airism Low-Cut Socks,Socks,Men,5.9,5.9,False,2,11.8,Card
ORC-20260601-1052,2,2026-06-01 21:26:20,Orchard Central,BTM-M-02,Men's Slim Fit Chino Trousers,Bottoms,Men,29.9,29.9,False,1,29.9,Card
BUG-20260601-0781,1,2026-06-01 19:17:11,Bugis,UND-W-01,Women's Airism Bikini Shorts,Underwear,Women,9.9,9.9,False,1,9.9,Card
ORC-20260601-0055,2,2026-06-01 20:28:52,Orchard Central,BTM-M-08,Men's Relaxed Fit Denim Shorts,Bottoms,Men,22.99,29.9,True,1,22.99,NETS
BUG-20260601-0375,2,2026-06-01 21:25:56,Bugis,TOP-W-01,Women's Airism Cotton Crew Neck T-Shirt,Tops,Women,14.9,14.9,False,1,14.9,PayNow
ORC-20260601-0510,1,2026-06-01 11:40:09,Orchard Central,SOK-M-03,Men's Airism Low-Cut Socks,Socks,Men,5.9,5.9,False,1,5.9,paynow
ORC-20260601-0655,1,2026-06-01 12:30:14,Orchard Central,SOK-W-01,Women's Ankle Socks 3-Pack,Socks,Women,$14.9,14.9,False,1,14.9,Card
BUG-20260601-0447,1,2026-06-01 20:04:12,Bugis,BTM-M-02,Men's Slim Fit Chino Trousers,Bottoms,Men,29.9,29.9,False,1,29.9,Card
ORC-20260601-0149,1,2026-06-01 21:14:14,orchard central,UND-M-01,Men's Airism Boxer Briefs,underwear,Men,14.9,14.9,False,1,14.9,PayNow
ORC-20260601-0644,1,2026-06-01 16:39:45,Orchard Central,UND-W-01,Women's Airism Bikini Shorts,Underwear,Women,9.9,9.9,False,1,9.9,PayNow
PUN-20260601-0256,2,2026-06-01 20:21:19,Punggol,TOP-M-04,Men's Oxford Long Sleeve Shirt,Tops,Men,29.9,29.9,False,1,29.9,PayNow
BUG-20260601-0349,2,2026-06-01 14:46:19,Bugis,TOP-M-03,,Tops,Men,19.9,19.9,False,1,19.9,Card
BUG-20260601-0828,2,2026-06-01 21:24:48,Bugis,SOK-W-03,Women's Airism Low-Cut Socks,Socks,Women,5.9,5.9,False,1,5.9,NETS
PUN-20260601-0230,2,2026-06-01 20:40:06,Punggol,BTM-W-01,Women's Ultra Stretch Skinny Jeans,Bottoms,Women,39.9,39.9,False,1,39.9,Cash
ORC-20260601-0607,2,2026-06-01 21:49:04,Orchard Central,SOK-W-02,Women's Pile Crew Socks,Socks,WOMEN,5.9,5.9,False,1,5.9,Card
ORC-20260601-0590,1,2026-06-01 12:28:50,Orchard Central,UND-M-03,Men's Airism Mesh Boxer Briefs,Underwear,Men,14.9,14.9,False,1,14.9,cash
ORC-20260601-0554,1,2026-06-01 16:15:47,Orchard Central,SOK-W-02,Women's Pile Crew Socks,Socks,Women,5.9,5.9,False,1,5.9,NETS
ORC-20260601-0786,1,2026-06-01 17:17:31,Orchard Central,UND-M-02,Men's Cotton Blend Trunks,Underwear,Men,14.9,14.9,False,1,14.9,NETS
ORC-20260601-0281,2,2026-06-01 16:32:31,Orchard Central,SOK-W-02,Women's Pile Crew Socks,Socks,Women,$5.9,5.9,False,1,5.9,PayNow
BUG-20260601-0830,3,2026-06-01 19:52:49,Bugis,SOK-W-02,Women's Pile Crew Socks,Socks,Women,5.9,5.9,False,2,11.8,Card
BUG-20260601-0815,2,2026-06-01 20:56:56,Bugis,SOK-W-02,Women's Pile Crew Socks,Socks,Women,5.9,5.9,False,1,5.9,NETS
BUG-20260601-0441,3,2026-06-01 22:11:30,Bugis,SOK-M-01,Men's Ankle Socks 3-Pack,Socks,Men,14.9,14.9,False,1,14.9,Card
ORC-20260601-0953,2,2026-06-01 11:59:10,ORCHARD CENTRAL,TOP-W-02,  Women's Ribbed Long Sleeve Turtleneck  ,Tops,Women,19.9,19.9,False,1,$19.9,NETS
PUN-20260601-0121,1,2026-06-01 16:01:38,  Punggol  ,BTM-M-01,Men's Ezy Ankle Pants,Bottoms,Men,29.9,29.9,False,1,29.9,Card
ORC-20260601-0718,1,2026-06-01 20:54:29,Orchard Central,TOP-M-03,  Men's Dry-EX Crew Neck T-Shirt  ,tops,Men,19.9,19.9,False,1,19.9,PayNow
PUN-20260601-0553,1,2026-06-01 21:09:01,Punggol,SOK-W-04,Women's Ribbed Crew Socks,socks,Women,5.9,5.9,False,1,5.9,PayNow
BUG-20260601-0239,2,2026-06-01 20:37:51,Bugis,TOP-M-02,Men's Supima Cotton Polo Shirt,Tops,Men,29.9,29.9,False,1,29.9,nets
PUN-20260601-0447,1,2026-06-01 17:59:44,Punggol,SOK-W-02,Women's Pile Crew Socks,Socks,Women,5.9,5.9,False,1,5.9,Card
ORC-20260601-0297,1,2026-06-01 21:13:03,Orchard Central,SOK-W-03,Women's Airism Low-Cut Socks,Socks,Women,5.9,5.9,False,1,5.9,
BUG-20260601-0756,3,2026-06-01 12:28:33,bugis,BTM-W-06,Women's Jersey Jogger Pants,BOTTOMS,women,21.94,29.9,True,1,21.94,Card
ORC-20260601-0175,1,2026-06-01 21:46:57,ORCHARD CENTRAL,UND-W-03,Women's Cotton Blend Briefs,Underwear,Women,9.9,9.9,False,1,9.9,Card
BUG-20260601-0358,1,2026-06-01 12:40:38,Bugis,TOP-W-02,Women's Ribbed Long Sleeve Turtleneck,Tops,Women,$19.9,19.9,False,1,19.9,Cash
PUN-20260601-0280,3,2026-06-01 13:17:09,  PUNGGOL  ,TOP-W-02,Women's Ribbed Long Sleeve Turtleneck,Tops,Women,19.9,19.9,False,1,19.9,NETS
PUN-20260601-0145,3,2026-06-01 20:50:45,Punggol,SOK-W-03,Women's Airism Low-Cut Socks,Socks,women,5.9,5.9,False,1,5.9,nets
PUN-20260601-0150,3,2026-06-01 15:30:13,Punggol,TOP-W-02,  Women's Ribbed Long Sleeve Turtleneck  ,Tops,WOMEN,19.9,19.9,False,1,19.9,PayNow
BUG-20260601-0343,2,2026-06-01 17:29:50,Bugis,BTM-M-04,Men's Dry Stretch Shorts,Bottoms,Men,19.9,19.9,False,1,19.9,CARD
ORC-20260601-0478,1,2026-06-01 16:44:41,Orchard Central,SOK-W-03,Women's Airism Low-Cut Socks,Socks,Women,5.9,5.9,False,1,5.9,Cash
PUN-20260601-0407,1,2026-06-01 16:33:45,punggol,UND-W-01,Women's Airism Bikini Shorts,Underwear,Women,9.9,9.9,False,1,9.9,PayNow
BUG-20260601-0491,2,2026-06-01 14:45:29,Bugis,UND-W-04,Women's Airism T-Shirt Bra,UNDERWEAR,Women,29.9,29.9,False,1,29.9,Card
PUN-20260601-0582,2,2026-06-01 19:58:23,Punggol,UND-W-01,Women's Airism Bikini Shorts,Underwear,Women,9.9,9.9,False,1,9.9,Card
ORC-20260601-0595,1,2026-06-01 18:10:02,Orchard Central,SOK-M-04,Men's Ribbed Crew Socks,SOCKS,Men,5.9,5.9,False,1,5.9,Paynow
ORC-20260601-0328,3,2026-06-01 18:24:39,Orchard Central,UND-W-01,Women's Airism Bikini Shorts,Underwear,WOMEN,9.9,9.9,False,1,9.9,PayNow
BUG-20260601-0346,2,2026-06-01 16:30:29,Bugis,BTM-W-07,Women's Linen Blend Wide Pants,Bottoms,Women,39.9,39.9,False,1,39.9,PayNow
ORC-20260601-0822,3,2026-06-01 20:31:19,Orchard Central,SOK-M-02,Men's Pile Crew Socks,socks,Men,5.9,5.9,False,1,5.9,Card
BUG-20260601-0465,1,2026-06-01 18:43:05,  Bugis  ,SOK-W-02,Women's Pile Crew Socks,Socks,Women,5.9,5.9,False,1,5.9,Card
BUG-20260601-0244,1,2026-06-01 20:58:31,Bugis,SOK-M-02,Men's Pile Crew Socks,socks,Men,5.9,5.9,False,1,5.9,Card
ORC-20260601-0292,2,2026-06-01 20:28:19,ORCHARD CENTRAL,SOK-M-08,Men's Cotton Blend Dress Socks,Socks,Men,9.9,9.9,False,1,9.9,Card
ORC-20260601-0485,2,2026-06-01 21:40:30,Orchard Central,SOK-W-09,Women's No-Show Sneaker Socks,Socks,Women,5.9,5.9,False,1,5.9,PayNow
BUG-20260601-0588,1,2026-06-01 17:16:57,bugis,UND-W-03,Women's Cotton Blend Briefs,Underwear,Women,9.9,9.9,False,1,9.9,NETS
BUG-20260601-0566,1,2026-06-01 14:01:34,Bugis,TOP-M-02,Men's Supima Cotton Polo Shirt,Tops,Men,29.9,29.9,False,1,29.9,paynow
BUG-20260601-0083,1,2026-06-01 17:05:26,Bugis,SOK-W-04,Women's Ribbed Crew Socks,Socks,Women,5.9,5.9,False,1,5.9,NETS
BUG-20260601-0250,1,2026-06-01 19:40:26,Bugis,SOK-M-10,Men's Wool Blend Socks,Socks,Men,9.9,9.9,False,1,9.9,Card
ORC-20260601-0829,1,2026-06-01 16:36:18,Orchard Central,SOK-W-09,Women's No-Show Sneaker Socks,SOCKS,Women,5.9,5.9,False,1,5.9,PayNow
BUG-20260601-0361,3,2026-06-01 19:41:51,Bugis,UND-W-04,Women's Airism T-Shirt Bra,Underwear,Women,29.9,29.9,False,2,59.8,Card
BUG-20260601-0758,1,2026-06-01 14:14:48,Bugis,SOK-M-01,Men's Ankle Socks 3-Pack,Socks,Men,14.9,14.9,False,1,14.9,nets
BUG-20260601-0663,1,2026-06-01 20:23:49,Bugis,BTM-W-07,Women's Linen Blend Wide Pants,Bottoms,Women,39.9,39.9,False,1,39.9,
BUG-20260601-0391,3,2026-06-01 20:39:05,Bugis,TOP-W-02,Women's Ribbed Long Sleeve Turtleneck,Tops,Women,19.9,19.9,False,1,19.9,Cash
BUG-20260601-0603,1,2026-06-01 17:20:20,Bugis,SOK-W-01,Women's Ankle Socks 3-Pack,Socks,WOMEN,14.9,14.9,False,1,14.9,Card
ORC-20260601-0011,3,2026-06-01 11:25:59,Orchard Central,UND-W-01,Women's Airism Bikini Shorts,Underwear,women,9.9,9.9,False,1,9.9,CARD
ORC-20260601-0736,1,2026-06-01 14:50:48,Orchard Central,SOK-W-06,Women's Heattech Socks,Socks,women,9.9,9.9,False,1,9.9,PayNow
PUN-20260601-0385,1,2026-06-01 22:08:07,Punggol,SOK-M-01,Men's Ankle Socks 3-Pack,Socks,Men,14.9,14.9,False,2,29.8,Card
BUG-20260601-0382,2,2026-06-01 13:47:32,Bugis,UND-W-01,Women's Airism Bikini Shorts,Underwear,Women,9.9,9.9,False,1,9.9,Card
BUG-20260601-0725,3,2026-06-01 15:10:25,Bugis,UND-M-02,Men's Cotton Blend Trunks,Underwear,Men,14.9,14.9,False,1,14.9,PayNow
BUG-20260601-0815,1,2026-06-01 20:56:56,Bugis,TOP-M-02,Men's Supima Cotton Polo Shirt,Tops,Men,29.9,29.9,False,1,29.9,Nets
BUG-20260601-0558,1,2026-06-01 21:24:56,Bugis,SOK-W-01,Women's Ankle Socks 3-Pack,Socks,Women,14.9,14.9,False,1,14.9,Cash
PUN-20260601-0479,3,2026-06-01 18:15:52,Punggol,TOP-W-02,Women's Ribbed Long Sleeve Turtleneck,TOPS,Women,19.9,19.9,False,1,19.9,PayNow
ORC-20260601-1061,1,2026-06-01 19:21:15,Orchard Central,UND-W-01,Women's Airism Bikini Shorts,UNDERWEAR,Women,9.9,9.9,False,2,19.8,PayNow
BUG-20260601-0220,2,2026-06-01 18:30:39,Bugis,SOK-M-04,Men's Ribbed Crew Socks,Socks,Men,5.9,5.9,False,2,11.8,PayNow
BUG-20260601-0069,2,2026-06-01 21:40:13,Bugis,SOK-M-04,Men's Ribbed Crew Socks,Socks,Men,5.9,5.9,False,1,5.9,PayNow
ORC-20260601-0833,2,2026-06-01 18:23:06,Orchard Central,SOK-W-03,Women's Airism Low-Cut Socks,Socks,Women,5.9,5.9,False,1,5.9,Cash
BUG-20260601-0285,1,2026-06-01 22:26:57,Bugis,SOK-W-03,  Women's Airism Low-Cut Socks  ,Socks,Women,5.9,5.9,False,1,5.9,PayNow
ORC-20260601-1035,2,2026-06-01 14:45:40,Orchard Central,SOK-M-03,Men's Airism Low-Cut Socks,Socks,Men,5.9,5.9,False,1,5.9,PayNow
PUN-20260601-0378,2,2026-06-01 11:42:06,Punggol,UND-W-01,  Women's Airism Bikini Shorts  ,Underwear,Women,9.9,9.9,False,2,19.8,NETS
ORC-20260601-0531,3,2026-06-01 17:03:09,Orchard Central,UND-M-03,Men's Airism Mesh Boxer Briefs,Underwear,Men,14.9,14.9,False,1,14.9,Card
PUN-20260601-0303,1,2026-06-01 20:14:09,Punggol,UND-M-10,Men's Cotton Blend Briefs,Underwear,Men,9.9,9.9,False,1,9.9,Cash
ORC-20260601-0945,1,2026-06-01 20:47:09,Orchard Central,SOK-M-02,Men's Pile Crew Socks,Socks,MEN,5.9,5.9,False,1,5.9,PayNow
ORC-20260601-0724,1,2026-06-01 20:15:13,Orchard Central,SOK-M-02,Men's Pile Crew Socks,Socks,Men,5.9,5.9,False,1,5.9,PayNow
ORC-20260601-0939,1,2026-06-01 18:32:43,Orchard Central,UND-M-02,Men's Cotton Blend Trunks,Underwear,Men,14.9,14.9,False,1,14.9,Card
ORC-20260601-0884,1,2026-06-01 16:40:46,Orchard Central,TOP-W-06,Women's Linen Blend Short Sleeve Shirt,tops,Women,29.9,29.9,False,1,29.9,PayNow
ORC-20260601-0602,1,2026-06-01 19:48:35,ORCHARD CENTRAL,SOK-W-04,Women's Ribbed Crew Socks,Socks,Women,5.9,5.9,False,1,5.9,PayNow
PUN-20260601-0101,2,2026-06-01 17:31:53,Punggol,SOK-M-02,Men's Pile Crew Socks,Socks,Men,5.9,5.9,False,1,5.9,nets
PUN-20260601-0371,1,2026-06-01 21:26:31,Punggol,SOK-W-03,Women's Airism Low-Cut Socks,Socks,Women,5.9,5.9,False,1,5.9,PayNow
ORC-20260601-0075,3,2026-06-01 12:29:23,Orchard Central,SOK-M-04,Men's Ribbed Crew Socks,Socks,Men,5.9,5.9,False,1,5.9,Card
ORC-20260601-0934,1,2026-06-01 20:13:13,Orchard Central,SOK-W-04,Women's Ribbed Crew Socks,Socks,Women,5.9,5.9,False,1,5.9,Cash
ORC-20260601-0976,1,2026-06-01 20:52:34,Orchard Central,SOK-W-04,Women's Ribbed Crew Socks,Socks,WOMEN,5.9,5.9,False,1,5.9,Paynow
PUN-20260601-0527,1,2026-06-01 22:49:10,Punggol,SOK-W-02,Women's Pile Crew Socks,Socks,WOMEN,5.9,5.9,False,1,5.9,card
ORC-20260601-0053,2,2026-06-01 14:30:29,Orchard Central,TOP-M-02,Men's Supima Cotton Polo Shirt,Tops,Men,29.9,29.9,False,1,29.9,PayNow
ORC-20260601-0157,1,2026-06-01 20:54:33,orchard central,SOK-M-04,Men's Ribbed Crew Socks,Socks,Men,5.9,5.9,False,1,5.9,PayNow
ORC-20260601-0457,3,2026-06-01 20:52:09,Orchard Central,SOK-M-03,Men's Airism Low-Cut Socks,Socks,Men,5.9,5.9,False,1,5.9,Card
PUN-20260601-0140,2,2026-06-01 17:56:57,Punggol,SOK-W-02,Women's Pile Crew Socks,Socks,Women,5.9,5.9,False,1,5.9,Cash
ORC-20260601-0755,1,2026-06-01 22:53:41,Orchard Central,UND-M-01,Men's Airism Boxer Briefs,Underwear,Men,14.9,14.9,False,1,14.9,Card
BUG-20260601-0390,1,2026-06-01 22:42:07,Bugis,UND-W-03,Women's Cotton Blend Briefs,Underwear,Women,$9.9,9.9,False,1,9.9,Cash
BUG-20260601-0835,2,2026-06-01 20:35:54,Bugis,SOK-M-03,Men's Airism Low-Cut Socks,Socks,Men,5.9,5.9,False,1,5.9,CARD
ORC-20260601-0303,3,2026-06-01 18:33:24,Orchard Central,BTM-W-03,Women's Ezy Ankle Pants,bottoms,WOMEN,$29.9,29.9,False,1,29.9,Card
ORC-20260601-0647,1,2026-06-01 13:04:48,orchard central,SOK-W-10,Women's Wool Blend Socks,Socks,Women,9.9,9.9,False,1,9.9,NETS
PUN-20260601-0063,2,2026-06-01 14:45:18,Punggol,TOP-M-02,Men's Supima Cotton Polo Shirt,Tops,Men,29.9,29.9,False,1,29.9,Card
BUG-20260601-0445,3,2026-06-01 11:41:46,Bugis,SOK-W-03,Women's Airism Low-Cut Socks,Socks,Women,5.9,5.9,False,1,5.9,paynow
PUN-20260601-0449,2,2026-06-01 16:28:38,Punggol,UND-M-01,Men's Airism Boxer Briefs,Underwear,Men,14.9,14.9,False,2,29.8,PayNow
PUN-20260601-0575,3,2026-06-01 18:19:30,Punggol,UND-W-01,Women's Airism Bikini Shorts,Underwear,Women,9.9,9.9,False,1,9.9,Card
BUG-20260601-0153,1,2026-06-01 19:38:32,Bugis,SOK-W-02,Women's Pile Crew Socks,Socks,Women,5.9,5.9,False,2,11.8,Cash
ORC-20260601-0007,2,2026-06-01 21:35:17,Orchard Central,TOP-W-01,Women's Airism Cotton Crew Neck T-Shirt,Tops,Women,14.9,14.9,False,1,14.9,CARD
ORC-20260601-0660,3,2026-06-01 20:10:57,Orchard Central,SOK-W-04,Women's Ribbed Crew Socks,Socks,Women,5.9,5.9,False,1,5.9,Card
ORC-20260601-0668,2,2026-06-01 18:27:14,Orchard Central,SOK-M-02,Men's Pile Crew Socks,Socks,Men,5.9,5.9,False,1,5.9,PayNow
PUN-20260601-0415,1,2026-06-01 22:15:10,Punggol,TOP-M-01,Men's Airism Cotton Crew Neck T-Shirt,Tops,Men,14.9,14.9,False,1,14.9,PayNow
ORC-20260601-0290,2,2026-06-01 20:23:20,Orchard Central,SOK-W-04,Women's Ribbed Crew Socks,socks,Women,5.9,5.9,False,1,5.9,NETS
PUN-20260601-0564,2,2026-06-01 19:13:58,Punggol,TOP-W-02,Women's Ribbed Long Sleeve Turtleneck,Tops,Women,19.9,19.9,False,1,19.9,PayNow
BUG-20260601-0031,1,2026-06-01 19:57:52,Bugis,UND-W-01,Women's Airism Bikini Shorts,underwear,Women,9.9,9.9,False,1,9.9,Card
ORC-20260601-0813,1,2026-06-01 19:59:44,Orchard Central,SOK-W-02,Women's Pile Crew Socks,Socks,Women,5.9,5.9,False,1,5.9,CARD
BUG-20260601-0692,1,2026-06-01 16:59:30,Bugis,SOK-M-03,Men's Airism Low-Cut Socks,Socks,MEN,5.9,5.9,False,1,5.9,Card
ORC-20260601-0476,2,2026-06-01 20:05:25,Orchard Central,SOK-W-09,Women's No-Show Sneaker Socks,Socks,Women,5.9,5.9,False,1,5.9,Card
BUG-20260601-0298,1,2026-06-01 11:14:58,Bugis,SOK-M-04,Men's Ribbed Crew Socks,Socks,Men,5.9,5.9,False,2,11.8,Card
ORC-20260601-0275,1,2026-06-01 20:30:41,Orchard Central,TOP-M-01,Men's Airism Cotton Crew Neck T-Shirt,Tops,men,14.9,14.9,False,1,14.9,PayNow
BUG-20260601-0077,1,2026-06-01 18:30:08,Bugis,SOK-M-03,Men's Airism Low-Cut Socks,Socks,Men,5.9,5.9,False,2,11.8,Cash
BUG-20260601-0365,1,2026-06-01 16:58:36,  Bugis  ,SOK-W-02,  Women's Pile Crew Socks  ,Socks,Women,5.9,5.9,False,1,5.9,NETS
PUN-20260601-0157,2,2026-06-01 21:26:54,Punggol,TOP-W-01,Women's Airism Cotton Crew Neck T-Shirt,Tops,women,14.9,14.9,False,1,14.9,Card
BUG-20260601-0238,1,2026-06-01 17:22:57,Bugis,SOK-M-02,Men's Pile Crew Socks,Socks,men,5.9,5.9,False,1,5.9,Card
PUN-20260601-0310,1,2026-06-01 11:45:42,Punggol,UND-W-01,Women's Airism Bikini Shorts,Underwear,Women,9.9,9.9,False,1,9.9,Cash
ORC-20260601-0123,2,2026-06-01 20:46:04,Orchard Central,UND-W-04,Women's Airism T-Shirt Bra,Underwear,Women,$29.9,29.9,False,1,29.9,PayNow
ORC-20260601-1052,3,2026-06-01 21:26:20,Orchard Central,BTM-M-04,Men's Dry Stretch Shorts,Bottoms,Men,19.9,19.9,False,1,19.9,Card
ORC-20260601-0679,2,2026-06-01 18:12:06,Orchard Central,TOP-M-02,Men's Supima Cotton Polo Shirt,Tops,men,29.9,29.9,False,1,29.9,CASH
PUN-20260601-0307,1,2026-06-01 20:21:15,  Punggol  ,TOP-M-03,  Men's Dry-EX Crew Neck T-Shirt  ,Tops,Men,19.9,19.9,False,1,19.9,Card
BUG-20260601-0469,2,2026-06-01 11:58:40,  Bugis  ,SOK-W-04,Women's Ribbed Crew Socks,socks,WOMEN,5.9,5.9,False,1,5.9,Card
BUG-20260601-0702,1,2026-06-01 17:01:00,Bugis,UND-W-01,Women's Airism Bikini Shorts,Underwear,Women,9.9,9.9,False,1,9.9,NETS
ORC-20260601-0304,2,2026-06-01 20:52:05,Orchard Central,TOP-W-04,Women's Heattech Crew Neck Long Sleeve Tee,Tops,Women,14.9,14.9,False,1,14.9,Cash
PUN-20260601-0067,1,2026-06-01 22:01:30,Punggol,BTM-M-04,Men's Dry Stretch Shorts,Bottoms,Men,19.9,19.9,False,1,19.9,NETS
ORC-20260601-0285,1,2026-06-01 17:58:08,Orchard Central,UND-M-02,  Men's Cotton Blend Trunks  ,Underwear,Men,14.9,14.9,False,1,14.9,card
PUN-20260601-0363,1,2026-06-01 15:55:17,Punggol,SOK-W-03,Women's Airism Low-Cut Socks,Socks,Women,5.9,5.9,False,1,5.9,CARD
BUG-20260601-0565,2,2026-06-01 19:06:16,Bugis,UND-W-03,  Women's Cotton Blend Briefs  ,Underwear,Women,9.9,9.9,False,1,9.9,PayNow
ORC-20260601-0153,3,2026-06-01 20:03:52,Orchard Central,BTM-M-04,  Men's Dry Stretch Shorts  ,Bottoms,Men,19.9,19.9,False,1,19.9,PayNow
ORC-20260601-0910,1,2026-06-01 17:54:09,Orchard Central,TOP-W-01,Women's Airism Cotton Crew Neck T-Shirt,Tops,Women,14.9,14.9,False,1,14.9,paynow
ORC-20260601-1026,3,2026-06-01 19:20:17,Orchard Central,TOP-W-04,Women's Heattech Crew Neck Long Sleeve Tee,Tops,Women,14.9,14.9,False,1,14.9,NETS
BUG-20260601-0547,3,2026-06-01 18:19:52,Bugis,SOK-W-02,Women's Pile Crew Socks,socks,Women,5.9,5.9,False,1,5.9,NETS
PUN-20260601-0547,1,2026-06-01 19:01:51,Punggol,BTM-W-01,Women's Ultra Stretch Skinny Jeans,Bottoms,Women,39.9,39.9,False,1,39.9,Card
BUG-20260601-0321,2,2026-06-01 20:45:55,BUGIS,UND-W-03,Women's Cotton Blend Briefs,Underwear,Women,$9.9,9.9,False,1,9.9,PayNow
BUG-20260601-0507,1,2026-06-01 17:41:16,Bugis,SOK-W-04,  Women's Ribbed Crew Socks  ,SOCKS,Women,5.9,5.9,False,1,5.9,Card
ORC-20260601-0682,2,2026-06-01 12:00:27,Orchard Central,SOK-W-01,Women's Ankle Socks 3-Pack,Socks,Women,14.9,14.9,False,1,14.9,Card
BUG-20260601-0519,3,2026-06-01 18:55:02,Bugis,UND-W-10,Women's Wireless Bralette,Underwear,Women,29.9,29.9,False,1,29.9,Card
PUN-20260601-0545,2,2026-06-01 21:21:56,Punggol,SOK-M-02,Men's Pile Crew Socks,Socks,men,5.9,5.9,False,1,5.9,nets
ORC-20260601-0924,2,2026-06-01 19:25:20,ORCHARD CENTRAL,TOP-M-02,Men's Supima Cotton Polo Shirt,Tops,Men,29.9,29.9,False,1,29.9,NETS
PUN-20260601-0523,2,2026-06-01 18:30:17,Punggol,SOK-W-02,Women's Pile Crew Socks,Socks,Women,5.9,5.9,False,2,11.8,Card
BUG-20260601-0679,2,2026-06-01 20:01:57,Bugis,SOK-W-02,Women's Pile Crew Socks,Socks,Women,5.9,5.9,False,1,5.9,NETS
BUG-20260601-0770,3,2026-06-01 20:13:51,Bugis,SOK-W-03,Women's Airism Low-Cut Socks,Socks,women,5.9,5.9,False,2,11.8,Cash
ORC-20260601-0069,1,2026-06-01 21:42:35,Orchard Central,SOK-W-06,Women's Heattech Socks,socks,Women,9.9,9.9,False,1,9.9,PAYNOW
BUG-20260601-0421,1,2026-06-01 18:41:08,BUGIS,BTM-W-06,Women's Jersey Jogger Pants,Bottoms,Women,21.94,29.9,True,1,21.94,NETS
ORC-20260601-0518,2,2026-06-01 16:38:56,Orchard Central,TOP-M-04,  Men's Oxford Long Sleeve Shirt  ,Tops,Men,29.9,29.9,False,1,29.9,Cash
ORC-20260601-1005,1,2026-06-01 19:21:18,Orchard Central,UND-M-01,Men's Airism Boxer Briefs,Underwear,Men,14.9,14.9,False,1,14.9,Card
PUN-20260601-0550,2,2026-06-01 20:39:46,PUNGGOL,TOP-W-04,  Women's Heattech Crew Neck Long Sleeve Tee  ,TOPS,Women,14.9,14.9,False,1,14.9,Cash
BUG-20260601-0599,2,2026-06-01 20:32:41,Bugis,TOP-W-04,Women's Heattech Crew Neck Long Sleeve Tee,tops,Women,14.9,14.9,False,1,14.9,PayNow
BUG-20260601-0432,1,2026-06-01 20:05:47,Bugis,UND-M-08,Men's Airism V-Neck Undershirt,Underwear,Men,9.9,9.9,False,1,9.9,Card
BUG-20260601-0046,2,2026-06-01 17:16:31,Bugis,SOK-M-01,Men's Ankle Socks 3-Pack,SOCKS,Men,14.9,14.9,False,1,14.9,Card
PUN-20260601-0404,2,2026-06-01 14:23:33,Punggol,SOK-M-01,  Men's Ankle Socks 3-Pack  ,SOCKS,Men,14.9,14.9,False,1,14.9,PayNow
ORC-20260601-1040,1,2026-06-01 13:17:35,ORCHARD CENTRAL,SOK-M-04,Men's Ribbed Crew Socks,Socks,Men,5.9,5.9,False,1,5.9,Card
ORC-20260601-0321,1,2026-06-01 13:07:00,Orchard Central,UND-W-03,Women's Cotton Blend Briefs,Underwear,Women,9.9,9.9,False,1,9.9,PayNow
ORC-20260601-0763,3,2026-06-01 22:07:39,orchard central,SOK-M-01,Men's Ankle Socks 3-Pack,Socks,MEN,14.9,14.9,False,2,29.8,Card
ORC-20260601-1005,3,2026-06-01 19:21:18,Orchard Central,UND-W-01,Women's Airism Bikini Shorts,UNDERWEAR,Women,9.9,9.9,False,1,9.9,Card
ORC-20260601-0588,2,2026-06-01 18:03:46,Orchard Central,UND-M-04,Men's Cotton Crew Neck Undershirt,Underwear,Men,14.9,14.9,False,1,14.9,Card
BUG-20260601-0092,2,2026-06-01 20:01:58,Bugis,TOP-W-02,Women's Ribbed Long Sleeve Turtleneck,Tops,Women,19.9,19.9,False,1,19.9,CARD
ORC-20260601-0569,2,2026-06-01 22:36:31,Orchard Central,UND-M-02,Men's Cotton Blend Trunks,Underwear,Men,14.9,14.9,False,1,14.9,Nets
BUG-20260601-0109,1,2026-06-01 16:44:24,Bugis,SOK-M-01,Men's Ankle Socks 3-Pack,Socks,men,14.9,14.9,False,2,29.8,Cash
BUG-20260601-0051,2,2026-06-01 15:29:49,BUGIS,SOK-M-04,Men's Ribbed Crew Socks,Socks,Men,5.9,5.9,False,1,5.9,Card
BUG-20260601-0720,1,2026-06-01 18:43:31,Bugis,BTM-W-03,Women's Ezy Ankle Pants,Bottoms,Women,29.9,29.9,False,1,29.9,NETS
ORC-20260601-0771,1,2026-06-01 13:02:13,Orchard Central,UND-M-02,Men's Cotton Blend Trunks,Underwear,Men,14.9,14.9,False,1,14.9,NETS
BUG-20260601-0665,2,2026-06-01 20:51:23,Bugis,TOP-W-03,Women's Silky Satin Blouse,Tops,Women,39.9,39.9,False,1,39.9,NETS
ORC-20260601-1075,1,2026-06-01 18:19:52,Orchard Central,TOP-M-03,Men's Dry-EX Crew Neck T-Shirt,Tops,Men,19.9,19.9,False,1,19.9,Card
ORC-20260601-0931,1,2026-06-01 21:46:50,orchard central,SOK-M-01,Men's Ankle Socks 3-Pack,Socks,Men,14.9,14.9,False,2,29.8,Card
ORC-20260601-0949,1,2026-06-01 21:29:51,Orchard Central,SOK-W-04,Women's Ribbed Crew Socks,Socks,Women,5.9,5.9,False,1,5.9,Card
ORC-20260601-0514,2,2026-06-01 20:02:16,Orchard Central,SOK-M-04,Men's Ribbed Crew Socks,Socks,Men,5.9,5.9,False,1,5.9,NETS
ORC-20260601-0828,2,2026-06-01 20:39:30,Orchard Central,SOK-M-02,Men's Pile Crew Socks,socks,Men,5.9,5.9,False,1,5.9,Cash
BUG-20260601-0216,2,2026-06-01 14:05:48,Bugis,SOK-M-04,Men's Ribbed Crew Socks,Socks,Men,5.9,5.9,False,1,5.9,Cash
PUN-20260601-0068,3,2026-06-01 14:13:15,punggol,UND-M-03,Men's Airism Mesh Boxer Briefs,underwear,Men,14.9,14.9,False,1,14.9,Card
ORC-20260601-0839,1,2026-06-01 18:29:47,orchard central,SOK-W-03,Women's Airism Low-Cut Socks,Socks,Women,5.9,5.9,False,1,5.9,CARD
ORC-20260601-0723,1,2026-06-01 18:23:10,Orchard Central,UND-M-01,Men's Airism Boxer Briefs,Underwear,Men,14.9,14.9,False,2,29.8,Card
BUG-20260601-0110,1,2026-06-01 17:37:55,Bugis,TOP-W-01,Women's Airism Cotton Crew Neck T-Shirt,Tops,Women,14.9,14.9,False,1,14.9,Cash
ORC-20260601-0231,2,2026-06-01 12:42:32,Orchard Central,BTM-M-03,Men's Selvedge Regular Fit Jeans,Bottoms,Men,59.9,59.9,False,1,59.9,Card
BUG-20260601-0264,1,2026-06-01 17:38:53,  Bugis  ,UND-W-01,Women's Airism Bikini Shorts,Underwear,women,9.9,9.9,False,1,9.9,PayNow
PUN-20260601-0184,2,2026-06-01 17:14:22,Punggol,SOK-M-01,Men's Ankle Socks 3-Pack,Socks,Men,14.9,14.9,False,2,29.8,Cash
PUN-20260601-0411,3,2026-06-01 11:40:33,Punggol,SOK-W-04,  Women's Ribbed Crew Socks  ,Socks,Women,5.9,5.9,False,1,5.9,Card
ORC-20260601-0831,1,2026-06-01 18:47:27,  Orchard Central  ,SOK-M-04,Men's Ribbed Crew Socks,SOCKS,Men,5.9,5.9,False,1,5.9,Card
BUG-20260601-0325,1,2026-06-01 17:19:04,Bugis,SOK-W-01,Women's Ankle Socks 3-Pack,Socks,Women,14.9,14.9,False,1,14.9,card
ORC-20260601-0453,3,2026-06-01 20:38:31,Orchard Central,BTM-M-02,  Men's Slim Fit Chino Trousers  ,Bottoms,Men,29.9,29.9,False,1,29.9,NETS
ORC-20260601-0877,1,2026-06-01 20:21:08,Orchard Central,UND-M-01,Men's Airism Boxer Briefs,Underwear,Men,14.9,14.9,False,1,14.9,Card
ORC-20260601-0513,2,2026-06-01 19:21:28,  Orchard Central  ,SOK-M-03,Men's Airism Low-Cut Socks,socks,Men,5.9,5.9,False,1,5.9,NETS
ORC-20260601-0755,2,2026-06-01 22:53:41,Orchard Central,SOK-W-02,Women's Pile Crew Socks,Socks,Women,$5.9,5.9,False,2,11.8,Card
ORC-20260601-0094,2,2026-06-01 20:03:56,Orchard Central,SOK-M-03,Men's Airism Low-Cut Socks,Socks,Men,5.9,5.9,False,1,5.9,PayNow
ORC-20260601-0108,1,2026-06-01 21:55:21,Orchard Central,TOP-M-01,Men's Airism Cotton Crew Neck T-Shirt,Tops,Men,14.9,14.9,False,1,14.9,Card
ORC-20260601-0964,2,2026-06-01 21:25:47,Orchard Central,BTM-W-03,Women's Ezy Ankle Pants,Bottoms,Women,29.9,29.9,False,1,29.9,Card
PUN-20260601-0184,3,2026-06-01 17:14:22,  Punggol  ,UND-M-01,Men's Airism Boxer Briefs,Underwear,MEN,14.9,14.9,False,1,14.9,Cash
ORC-20260601-0780,3,2026-06-01 15:00:12,Orchard Central,TOP-M-01,Men's Airism Cotton Crew Neck T-Shirt,Tops,Men,14.9,14.9,False,1,14.9,card
PUN-20260601-0545,3,2026-06-01 21:21:56,Punggol,SOK-M-01,Men's Ankle Socks 3-Pack,Socks,Men,14.9,14.9,False,1,$14.9,NETS
ORC-20260601-0576,2,2026-06-01 20:10:13,Orchard Central,SOK-W-02,Women's Pile Crew Socks,Socks,Women,5.9,5.9,False,1,5.9,Card
ORC-20260601-0349,3,2026-06-01 19:36:03,Orchard Central,UND-W-03,Women's Cotton Blend Briefs,Underwear,Women,9.9,9.9,False,1,9.9,Cash
BUG-20260601-0111,1,2026-06-01 19:33:23,Bugis,UND-M-03,Men's Airism Mesh Boxer Briefs,Underwear,Men,14.9,14.9,False,1,14.9,Card
ORC-20260601-0312,1,2026-06-01 20:04:17,Orchard Central,SOK-M-02,Men's Pile Crew Socks,Socks,Men,5.9,5.9,False,2,11.8,Cash
BUG-20260601-0035,1,2026-06-01 14:59:24,Bugis,SOK-W-04,Women's Ribbed Crew Socks,Socks,Women,5.9,5.9,False,1,5.9,Card
ORC-20260601-0654,3,2026-06-01 19:09:33,Orchard Central,SOK-W-02,Women's Pile Crew Socks,Socks,Women,5.9,5.9,False,1,5.9,Card
ORC-20260601-0493,2,2026-06-01 19:38:18,Orchard Central,SOK-M-03,Men's Airism Low-Cut Socks,Socks,Men,5.9,5.9,False,1,5.9,Card
BUG-20260601-0186,2,2026-06-01 15:46:01,Bugis,SOK-M-04,Men's Ribbed Crew Socks,Socks,Men,5.9,5.9,False,1,$5.9,PayNow
PUN-20260601-0453,1,2026-06-01 19:46:24,Punggol,UND-W-04,Women's Airism T-Shirt Bra,Underwear,Women,29.9,29.9,False,1,29.9,PayNow
BUG-20260601-0317,1,2026-06-01 20:55:21,Bugis,UND-M-04,Men's Cotton Crew Neck Undershirt,Underwear,MEN,14.9,14.9,False,1,14.9,PayNow
BUG-20260601-0048,3,2026-06-01 12:48:56,Bugis,UND-M-02,Men's Cotton Blend Trunks,Underwear,Men,14.9,14.9,False,2,29.8,PayNow
BUG-20260601-0412,2,2026-06-01 22:38:16,Bugis,SOK-M-02,Men's Pile Crew Socks,Socks,Men,5.9,5.9,False,2,11.8,PAYNOW
BUG-20260601-0759,2,2026-06-01 12:24:29,Bugis,UND-M-04,  Men's Cotton Crew Neck Undershirt  ,Underwear,Men,14.9,14.9,False,1,$14.9,Card
ORC-20260601-0820,1,2026-06-01 17:51:40,Orchard Central,SOK-M-04,  Men's Ribbed Crew Socks  ,Socks,Men,5.9,5.9,False,1,5.9,Card
ORC-20260601-0013,1,2026-06-01 16:25:25,Orchard Central,UND-M-01,Men's Airism Boxer Briefs,Underwear,Men,14.9,14.9,False,1,14.9,Card
ORC-20260601-0764,2,2026-06-01 21:20:42,orchard central,UND-M-01,Men's Airism Boxer Briefs,Underwear,Men,14.9,14.9,False,1,14.9,card
BUG-20260601-0150,1,2026-06-01 21:02:54,Bugis,BTM-M-04,Men's Dry Stretch Shorts,Bottoms,Men,19.9,19.9,False,1,19.9,PayNow
BUG-20260601-0612,3,2026-06-01 11:03:05,Bugis,UND-W-01,Women's Airism Bikini Shorts,Underwear,Women,9.9,9.9,False,1,9.9,cash
PUN-20260601-0486,2,2026-06-01 22:52:45,  Punggol  ,UND-W-08,Women's Airism Camisole,UNDERWEAR,Women,14.9,14.9,False,1,14.9,card
BUG-20260601-0103,1,2026-06-01 21:11:25,  Bugis  ,UND-M-02,Men's Cotton Blend Trunks,Underwear,Men,14.9,14.9,False,1,14.9,PayNow
BUG-20260601-0221,3,2026-06-01 19:55:52,Bugis,SOK-M-02,Men's Pile Crew Socks,Socks,Men,$5.9,5.9,False,1,5.9,Card
BUG-20260601-0640,1,2026-06-01 18:29:03,Bugis,UND-W-01,Women's Airism Bikini Shorts,Underwear,Women,$9.9,9.9,False,2,19.8,
ORC-20260601-0445,1,2026-06-01 20:39:50,Orchard Central,UND-W-03,Women's Cotton Blend Briefs,Underwear,Women,9.9,9.9,False,1,9.9,Cash
ORC-20260601-0553,3,2026-06-01 13:58:54,Orchard Central,SOK-W-02,Women's Pile Crew Socks,Socks,Women,5.9,5.9,False,1,5.9,Cash
ORC-20260601-0176,2,2026-06-01 20:44:07,Orchard Central,SOK-W-03,Women's Airism Low-Cut Socks,Socks,Women,5.9,5.9,False,1,5.9,Card
BUG-20260601-0711,1,2026-06-01 18:38:28,Bugis,SOK-M-04,Men's Ribbed Crew Socks,Socks,Men,5.9,5.9,False,2,11.8,card
ORC-20260601-0738,1,2026-06-01 19:29:49,Orchard Central,UND-M-01,Men's Airism Boxer Briefs,Underwear,Men,14.9,14.9,False,1,14.9,Card
PUN-20260601-0107,2,2026-06-01 20:10:45,Punggol,SOK-M-03,  Men's Airism Low-Cut Socks  ,Socks,Men,5.9,5.9,False,1,5.9,PayNow
BUG-20260601-0487,1,2026-06-01 15:17:47,Bugis,UND-W-03,Women's Cotton Blend Briefs,Underwear,Women,9.9,9.9,False,1,9.9,PayNow
ORC-20260601-0606,1,2026-06-01 18:12:29,Orchard Central,UND-M-04,Men's Cotton Crew Neck Undershirt,Underwear,men,14.9,14.9,False,1,14.9,PayNow
ORC-20260601-0100,1,2026-06-01 21:38:44,Orchard Central,UND-M-04,Men's Cotton Crew Neck Undershirt,Underwear,Men,14.9,14.9,False,2,29.8,Card
PUN-20260601-0096,2,2026-06-01 20:46:35,Punggol,SOK-M-01,Men's Ankle Socks 3-Pack,Socks,MEN,14.9,14.9,False,2,29.8,Card
ORC-20260601-0442,3,2026-06-01 18:28:09,Orchard Central,TOP-W-01,  Women's Airism Cotton Crew Neck T-Shirt  ,Tops,Women,14.9,14.9,False,1,14.9,paynow
ORC-20260601-0129,3,2026-06-01 19:51:56,Orchard Central,SOK-M-01,  Men's Ankle Socks 3-Pack  ,Socks,men,14.9,14.9,False,1,14.9,NETS
ORC-20260601-1023,2,2026-06-01 14:29:45,Orchard Central,UND-W-03,Women's Cotton Blend Briefs,Underwear,Women,9.9,9.9,False,1,9.9,Card
ORC-20260601-0985,2,2026-06-01 19:56:30,Orchard Central,SOK-M-01,Men's Ankle Socks 3-Pack,Socks,Men,14.9,14.9,False,1,14.9,Cash
PUN-20260601-0440,3,2026-06-01 20:34:44,Punggol,TOP-M-01,  Men's Airism Cotton Crew Neck T-Shirt  ,TOPS,Men,14.9,14.9,False,1,14.9,Card
PUN-20260601-0191,2,2026-06-01 20:19:42,Punggol,TOP-M-02,Men's Supima Cotton Polo Shirt,Tops,Men,29.9,29.9,False,1,29.9,NETS
PUN-20260601-0559,1,2026-06-01 17:42:42,Punggol,UND-M-04,Men's Cotton Crew Neck Undershirt,underwear,Men,14.9,14.9,False,2,29.8,NETS
ORC-20260601-1049,1,2026-06-01 21:22:42,Orchard Central,SOK-W-09,Women's No-Show Sneaker Socks,Socks,Women,5.9,5.9,False,1,5.9,Card
PUN-20260601-0052,3,2026-06-01 12:48:37,  Punggol  ,UND-W-04,Women's Airism T-Shirt Bra,Underwear,Women,29.9,29.9,False,1,29.9,NETS
ORC-20260601-0444,2,2026-06-01 20:31:23,Orchard Central,SOK-W-01,Women's Ankle Socks 3-Pack,SOCKS,Women,14.9,14.9,False,1,14.9,Cash
PUN-20260601-0005,1,2026-06-01 20:48:32,Punggol,TOP-M-02,Men's Supima Cotton Polo Shirt,Tops,Men,29.9,29.9,False,1,29.9,NETS
PUN-20260601-0210,1,2026-06-01 17:01:31,Punggol,SOK-M-02,Men's Pile Crew Socks,Socks,Men,5.9,5.9,False,1,5.9,Card
BUG-20260601-0791,3,2026-06-01 16:25:04,Bugis,TOP-M-04,Men's Oxford Long Sleeve Shirt,Tops,Men,29.9,29.9,False,1,29.9,card
BUG-20260601-0450,1,2026-06-01 14:50:55,Bugis,SOK-W-02,Women's Pile Crew Socks,Socks,Women,5.9,5.9,False,1,5.9,Card
BUG-20260601-0558,2,2026-06-01 21:24:56,bugis,SOK-W-02,Women's Pile Crew Socks,Socks,Women,5.9,5.9,False,1,5.9,Cash
ORC-20260601-0167,1,2026-06-01 14:46:37,  Orchard Central  ,SOK-W-04,Women's Ribbed Crew Socks,Socks,Women,5.9,5.9,False,1,5.9,NETS
ORC-20260601-0656,1,2026-06-01 18:20:28,ORCHARD CENTRAL,UND-W-01,Women's Airism Bikini Shorts,Underwear,Women,9.9,9.9,False,1,9.9,card
BUG-20260601-0089,1,2026-06-01 22:15:26,Bugis,UND-W-03,Women's Cotton Blend Briefs,Underwear,WOMEN,9.9,9.9,False,1,9.9,Card
BUG-20260601-0457,2,2026-06-01 20:46:06,Bugis,TOP-W-04,Women's Heattech Crew Neck Long Sleeve Tee,Tops,Women,14.9,14.9,False,1,14.9,PayNow
ORC-20260601-0947,2,2026-06-01 20:31:27,Orchard Central,SOK-W-04,Women's Ribbed Crew Socks,SOCKS,Women,5.9,5.9,False,2,11.8,CASH
PUN-20260601-0131,3,2026-06-01 18:50:43,Punggol,SOK-W-02,  Women's Pile Crew Socks  ,Socks,Women,5.9,5.9,False,1,5.9,NETS
BUG-20260601-0066,1,2026-06-01 19:19:54,Bugis,UND-M-04,Men's Cotton Crew Neck Undershirt,Underwear,men,14.9,14.9,False,2,29.8,Cash
BUG-20260601-0190,2,2026-06-01 15:56:55,Bugis,SOK-M-04,Men's Ribbed Crew Socks,Socks,Men,5.9,5.9,False,2,11.8,Card
BUG-20260601-0622,2,2026-06-01 22:38:04,Bugis,UND-W-01,Women's Airism Bikini Shorts,Underwear,Women,9.9,9.9,False,1,9.9,PayNow
BUG-20260601-0488,1,2026-06-01 18:47:50,Bugis,UND-M-04,Men's Cotton Crew Neck Undershirt,Underwear,Men,14.9,14.9,False,1,14.9,card
ORC-20260601-0063,1,2026-06-01 22:05:39,  Orchard Central  ,TOP-M-03,Men's Dry-EX Crew Neck T-Shirt,Tops,men,19.9,19.9,False,1,19.9,Paynow
BUG-20260601-0383,1,2026-06-01 15:21:03,Bugis,TOP-M-04,Men's Oxford Long Sleeve Shirt,TOPS,Men,29.9,29.9,False,1,29.9,NETS
ORC-20260601-0492,1,2026-06-01 16:40:37,Orchard Central,TOP-W-03,Women's Silky Satin Blouse,TOPS,WOMEN,39.9,39.9,False,1,39.9,Cash
ORC-20260601-0249,2,2026-06-01 20:05:21,Orchard Central,TOP-M-02,Men's Supima Cotton Polo Shirt,Tops,Men,29.9,29.9,False,1,29.9,Card
PUN-20260601-0241,1,2026-06-01 20:31:59,Punggol,TOP-W-01,  Women's Airism Cotton Crew Neck T-Shirt  ,Tops,Women,14.9,14.9,False,1,14.9,NETS
ORC-20260601-0832,1,2026-06-01 20:13:33,Orchard Central,SOK-W-02,Women's Pile Crew Socks,Socks,Women,5.9,5.9,False,1,5.9,Card
ORC-20260601-1057,1,2026-06-01 22:56:31,Orchard Central,SOK-W-04,Women's Ribbed Crew Socks,Socks,Women,5.9,5.9,False,1,5.9,PayNow
BUG-20260601-0592,1,2026-06-01 21:51:06,Bugis,UND-M-04,Men's Cotton Crew Neck Undershirt,Underwear,Men,14.9,14.9,False,1,14.9,Card
ORC-20260601-0772,1,2026-06-01 19:55:47,Orchard Central,UND-M-02,Men's Cotton Blend Trunks,Underwear,men,14.9,14.9,False,1,14.9,Card
ORC-20260601-0464,1,2026-06-01 17:42:07,orchard central,TOP-W-03,Women's Silky Satin Blouse,Tops,Women,$39.9,39.9,False,1,39.9,PayNow
ORC-20260601-0403,2,2026-06-01 20:56:15,Orchard Central,SOK-M-04,Men's Ribbed Crew Socks,SOCKS,Men,5.9,5.9,False,1,5.9,CASH
ORC-20260601-1064,1,2026-06-01 11:51:41,Orchard Central,SOK-W-01,Women's Ankle Socks 3-Pack,Socks,women,14.9,14.9,False,1,14.9,Card
ORC-20260601-0824,3,2026-06-01 16:35:32,Orchard Central,SOK-M-08,Men's Cotton Blend Dress Socks,SOCKS,men,9.9,9.9,False,1,9.9,Card
ORC-20260601-0397,3,2026-06-01 14:10:16,orchard central,SOK-M-04,Men's Ribbed Crew Socks,Socks,Men,5.9,5.9,False,1,5.9,PayNow
ORC-20260601-0169,1,2026-06-01 15:43:15,Orchard Central,TOP-M-01,Men's Airism Cotton Crew Neck T-Shirt,tops,Men,14.9,14.9,False,1,14.9,NETS
PUN-20260601-0386,1,2026-06-01 21:42:33,Punggol,UND-W-07,  Women's Heattech Camisole  ,Underwear,women,14.9,14.9,False,1,14.9,cash
ORC-20260601-1074,1,2026-06-01 19:12:05,Orchard Central,SOK-W-03,Women's Airism Low-Cut Socks,SOCKS,Women,5.9,5.9,False,1,5.9,NETS
PUN-20260601-0578,1,2026-06-01 20:43:43,  Punggol  ,BTM-M-02,Men's Slim Fit Chino Trousers,Bottoms,Men,29.9,29.9,False,1,29.9,Card
BUG-20260601-0324,3,2026-06-01 15:44:10,Bugis,UND-M-04,Men's Cotton Crew Neck Undershirt,underwear,Men,14.9,14.9,False,1,14.9,PayNow
ORC-20260601-0956,1,2026-06-01 18:21:57,ORCHARD CENTRAL,UND-W-04,Women's Airism T-Shirt Bra,Underwear,Women,29.9,29.9,False,1,29.9,PayNow
BUG-20260601-0384,1,2026-06-01 19:52:58,Bugis,UND-W-03,Women's Cotton Blend Briefs,Underwear,Women,$9.9,9.9,False,1,$9.9,NETS
PUN-20260601-0351,1,2026-06-01 16:42:49,Punggol,UND-W-01,Women's Airism Bikini Shorts,Underwear,Women,9.9,9.9,False,1,9.9,CASH
ORC-20260601-0935,1,2026-06-01 13:51:06,Orchard Central,SOK-M-03,Men's Airism Low-Cut Socks,Socks,Men,5.9,5.9,False,1,5.9,Card
ORC-20260601-0696,1,2026-06-01 21:46:20,Orchard Central,SOK-M-04,Men's Ribbed Crew Socks,Socks,Men,5.9,5.9,False,1,5.9,NETS
ORC-20260601-0395,2,2026-06-01 20:29:42,Orchard Central,BTM-W-03,Women's Ezy Ankle Pants,Bottoms,Women,29.9,29.9,False,1,29.9,Card
ORC-20260601-0679,1,2026-06-01 18:12:06,Orchard Central,SOK-W-02,Women's Pile Crew Socks,Socks,Women,5.9,5.9,False,1,5.9,Cash
ORC-20260601-0776,1,2026-06-01 21:18:39,Orchard Central,UND-M-02,Men's Cotton Blend Trunks,Underwear,Men,14.9,14.9,False,1,14.9,Card
PUN-20260601-0375,2,2026-06-01 20:06:07,Punggol,TOP-M-02,  Men's Supima Cotton Polo Shirt  ,Tops,Men,29.9,29.9,False,1,29.9,PayNow
PUN-20260601-0008,1,2026-06-01 19:02:42,Punggol,UND-W-03,Women's Cotton Blend Briefs,Underwear,Women,9.9,9.9,False,1,9.9,Card
ORC-20260601-1023,3,2026-06-01 14:29:45,Orchard Central,TOP-W-04,Women's Heattech Crew Neck Long Sleeve Tee,tops,women,14.9,14.9,False,1,14.9,Card
BUG-20260601-0430,1,2026-06-01 18:21:57,Bugis,SOK-W-03,Women's Airism Low-Cut Socks,Socks,Women,5.9,5.9,False,1,5.9,PayNow
BUG-20260601-0132,2,2026-06-01 22:27:52,Bugis,SOK-W-02,Women's Pile Crew Socks,Socks,Women,5.9,5.9,False,1,5.9,Card
ORC-20260601-0227,1,2026-06-01 20:38:01,orchard central,BTM-W-02,  Women's High-Rise Wide Leg Pants  ,Bottoms,Women,39.9,39.9,False,1,39.9,Card
BUG-20260601-0020,1,2026-06-01 19:38:14,Bugis,UND-W-01,Women's Airism Bikini Shorts,Underwear,WOMEN,9.9,9.9,False,1,9.9,PayNow
ORC-20260601-0061,1,2026-06-01 18:10:08,Orchard Central,UND-M-04,Men's Cotton Crew Neck Undershirt,Underwear,Men,14.9,14.9,False,1,14.9,paynow
PUN-20260601-0064,1,2026-06-01 13:53:07,punggol,TOP-M-02,Men's Supima Cotton Polo Shirt,Tops,Men,29.9,29.9,False,1,29.9,Cash
ORC-20260601-0936,2,2026-06-01 14:27:08,  Orchard Central  ,BTM-W-01,Women's Ultra Stretch Skinny Jeans,Bottoms,women,39.9,39.9,False,1,39.9,Cash
ORC-20260601-0498,2,2026-06-01 18:12:15,Orchard Central,BTM-M-03,Men's Selvedge Regular Fit Jeans,Bottoms,MEN,59.9,59.9,False,1,59.9,Card
BUG-20260601-0480,2,2026-06-01 18:03:23,Bugis,TOP-W-06,Women's Linen Blend Short Sleeve Shirt,Tops,Women,29.9,29.9,False,1,29.9,Cash
BUG-20260601-0436,2,2026-06-01 17:30:09,  Bugis  ,SOK-W-03,  Women's Airism Low-Cut Socks  ,Socks,Women,5.9,5.9,False,1,5.9,Card
ORC-20260601-0387,2,2026-06-01 20:43:04,Orchard Central,SOK-W-03,Women's Airism Low-Cut Socks,Socks,Women,5.9,5.9,False,2,11.8,Card
BUG-20260601-0041,2,2026-06-01 11:05:51,Bugis,SOK-W-02,Women's Pile Crew Socks,Socks,Women,5.9,5.9,False,2,11.8,PayNow
BUG-20260601-0410,2,2026-06-01 14:38:01,Bugis,SOK-W-02,Women's Pile Crew Socks,Socks,Women,5.9,5.9,False,2,11.8,NETS
BUG-20260601-0724,1,2026-06-01 19:31:29,bugis,TOP-W-02,Women's Ribbed Long Sleeve Turtleneck,Tops,Women,19.9,19.9,False,1,19.9,NETS
ORC-20260601-1081,2,2026-06-01 13:56:31,Orchard Central,SOK-W-01,Women's Ankle Socks 3-Pack,Socks,Women,14.9,14.9,False,1,14.9,Cash
BUG-20260601-0128,1,2026-06-01 17:05:05,BUGIS,BTM-W-02,  Women's High-Rise Wide Leg Pants  ,Bottoms,Women,39.9,39.9,False,1,39.9,Cash
ORC-20260601-0902,2,2026-06-01 14:34:27,Orchard Central,SOK-M-04,Men's Ribbed Crew Socks,Socks,Men,5.9,5.9,False,1,5.9,PayNow
PUN-20260601-0473,2,2026-06-01 16:10:57,Punggol,SOK-M-04,Men's Ribbed Crew Socks,Socks,men,$5.9,5.9,False,1,5.9,Cash
BUG-20260601-0555,2,2026-06-01 19:01:44,Bugis,TOP-W-01,Women's Airism Cotton Crew Neck T-Shirt,Tops,Women,14.9,14.9,False,1,14.9,PayNow
ORC-20260601-0362,2,2026-06-01 14:19:51,  ORCHARD CENTRAL  ,UND-W-02,Women's Wireless Bra,Underwear,Women,29.9,29.9,False,1,29.9,Card
BUG-20260601-0222,1,2026-06-01 18:15:06,Bugis,TOP-M-04,Men's Oxford Long Sleeve Shirt,Tops,Men,29.9,29.9,False,1,29.9,CASH
ORC-20260601-0824,1,2026-06-01 16:35:32,Orchard Central,UND-M-01,Men's Airism Boxer Briefs,Underwear,Men,14.9,14.9,False,1,14.9,Card
ORC-20260601-1043,2,2026-06-01 21:01:41,  Orchard Central  ,UND-W-03,  Women's Cotton Blend Briefs  ,Underwear,Women,9.9,9.9,False,1,9.9,NETS
ORC-20260601-1098,1,2026-06-01 20:57:10,orchard central,SOK-W-06,Women's Heattech Socks,Socks,Women,9.9,9.9,False,1,9.9,Card
PUN-20260601-0411,1,2026-06-01 11:40:33,punggol,SOK-W-02,Women's Pile Crew Socks,Socks,Women,5.9,5.9,False,2,11.8,Card
PUN-20260601-0212,1,2026-06-01 20:30:29,Punggol,UND-M-02,Men's Cotton Blend Trunks,Underwear,Men,14.9,14.9,False,1,14.9,Card
ORC-20260601-0870,3,2026-06-01 15:44:33,orchard central,SOK-W-03,Women's Airism Low-Cut Socks,Socks,Women,5.9,5.9,False,1,5.9,NETS
BUG-20260601-0625,1,2026-06-01 22:54:08,Bugis,UND-M-02,Men's Cotton Blend Trunks,Underwear,Men,14.9,14.9,False,1,14.9,Card
BUG-20260601-0212,1,2026-06-01 13:50:43,Bugis,SOK-M-03,Men's Airism Low-Cut Socks,Socks,Men,5.9,5.9,False,1,5.9,Cash
BUG-20260601-0422,3,2026-06-01 20:47:08,Bugis,SOK-W-04,Women's Ribbed Crew Socks,Socks,Women,5.9,5.9,False,1,5.9,Card
BUG-20260601-0537,2,2026-06-01 16:35:24,Bugis,SOK-W-03,Women's Airism Low-Cut Socks,SOCKS,women,$5.9,5.9,False,2,11.8,NETS
BUG-20260601-0644,3,2026-06-01 21:12:30,Bugis,SOK-M-02,  Men's Pile Crew Socks  ,Socks,Men,5.9,5.9,False,1,5.9,NETS
PUN-20260601-0180,1,2026-06-01 22:49:50,Punggol,SOK-W-02,Women's Pile Crew Socks,Socks,Women,5.9,5.9,False,1,5.9,card
ORC-20260601-0797,1,2026-06-01 20:11:12,Orchard Central,SOK-W-02,Women's Pile Crew Socks,Socks,Women,5.9,5.9,False,2,11.8,Cash
ORC-20260601-0654,1,2026-06-01 19:09:33,Orchard Central,SOK-M-02,Men's Pile Crew Socks,Socks,Men,5.9,5.9,False,1,5.9,Card
BUG-20260601-0433,1,2026-06-01 21:31:38,Bugis,TOP-W-04,Women's Heattech Crew Neck Long Sleeve Tee,Tops,Women,14.9,14.9,False,1,14.9,PayNow
PUN-20260601-0141,1,2026-06-01 19:04:40,Punggol,SOK-M-02,Men's Pile Crew Socks,Socks,Men,5.9,5.9,False,1,5.9,PAYNOW
ORC-20260601-0701,2,2026-06-01 16:28:10,Orchard Central,SOK-M-02,Men's Pile Crew Socks,Socks,Men,5.9,5.9,False,1,5.9,Card
ORC-20260601-0220,1,2026-06-01 15:14:13,Orchard Central,UND-W-02,Women's Wireless Bra,Underwear,WOMEN,29.9,29.9,False,2,59.8,NETS
BUG-20260601-0789,1,2026-06-01 21:16:50,Bugis,SOK-M-02,Men's Pile Crew Socks,socks,Men,5.9,5.9,False,1,5.9,PayNow
BUG-20260601-0622,1,2026-06-01 22:38:04,Bugis,BTM-M-04,  Men's Dry Stretch Shorts  ,Bottoms,Men,19.9,19.9,False,1,19.9,PayNow
BUG-20260601-0233,2,2026-06-01 20:38:27,  bugis  ,SOK-W-03,Women's Airism Low-Cut Socks,Socks,Women,5.9,5.9,False,1,5.9,Card
BUG-20260601-0544,2,2026-06-01 12:39:43,Bugis,BTM-W-03,Women's Ezy Ankle Pants,Bottoms,Women,29.9,29.9,False,1,29.9,CASH
BUG-20260601-0471,1,2026-06-01 19:36:12,Bugis,TOP-W-05,Women's Merino Blend Cardigan,Tops,Women,31.36,39.9,True,1,31.36,Card
ORC-20260601-0594,1,2026-06-01 18:37:14,Orchard Central,UND-M-04,Men's Cotton Crew Neck Undershirt,Underwear,Men,14.9,14.9,False,2,29.8,CARD
ORC-20260601-0320,1,2026-06-01 15:07:02,Orchard Central,BTM-W-04,Women's Denim Straight Jeans,Bottoms,Women,49.9,49.9,False,1,49.9,Card
BUG-20260601-0278,1,2026-06-01 16:31:10,Bugis,SOK-M-04,Men's Ribbed Crew Socks,Socks,Men,5.9,5.9,False,1,5.9,Card
BUG-20260601-0099,2,2026-06-01 17:57:07,Bugis,SOK-W-02,Women's Pile Crew Socks,Socks,Women,5.9,5.9,False,1,5.9,Card
ORC-20260601-0345,1,2026-06-01 17:26:27,Orchard Central,UND-W-03,Women's Cotton Blend Briefs,Underwear,Women,9.9,9.9,False,2,19.8,PayNow
BUG-20260601-0618,3,2026-06-01 11:21:30,BUGIS,UND-W-01,Women's Airism Bikini Shorts,Underwear,Women,9.9,9.9,False,2,19.8,NETS
ORC-20260601-0771,2,2026-06-01 13:02:13,Orchard Central,SOK-W-04,Women's Ribbed Crew Socks,Socks,Women,5.9,5.9,False,1,5.9,Nets
ORC-20260601-1093,2,2026-06-01 19:26:30,ORCHARD CENTRAL,SOK-M-02,Men's Pile Crew Socks,Socks,Men,5.9,5.9,False,1,5.9,Cash
BUG-20260601-0642,1,2026-06-01 13:04:01,  Bugis  ,UND-M-03,Men's Airism Mesh Boxer Briefs,Underwear,MEN,14.9,14.9,False,1,14.9,Card
ORC-20260601-0905,2,2026-06-01 18:15:25,Orchard Central,SOK-M-01,Men's Ankle Socks 3-Pack,Socks,Men,14.9,14.9,False,1,14.9,card
ORC-20260601-0399,1,2026-06-01 22:52:59,Orchard Central,SOK-M-01,Men's Ankle Socks 3-Pack,Socks,Men,14.9,14.9,False,1,14.9,PayNow
ORC-20260601-0979,1,2026-06-01 12:01:14,ORCHARD CENTRAL,UND-M-02,Men's Cotton Blend Trunks,Underwear,men,14.9,14.9,False,1,14.9,Paynow
PUN-20260601-0569,1,2026-06-01 17:39:41,  punggol  ,SOK-M-03,Men's Airism Low-Cut Socks,Socks,Men,5.9,5.9,False,1,5.9,NETS
ORC-20260601-0686,1,2026-06-01 12:43:11,Orchard Central,UND-M-04,Men's Cotton Crew Neck Undershirt,Underwear,Men,14.9,14.9,False,2,29.8,Card
BUG-20260601-0392,2,2026-06-01 12:41:24,Bugis,SOK-M-05,Men's Sport Ankle Socks,Socks,men,5.9,5.9,False,1,5.9,Card
PUN-20260601-0132,1,2026-06-01 19:25:34,Punggol,SOK-M-08,  Men's Cotton Blend Dress Socks  ,Socks,Men,9.9,9.9,False,1,9.9,NETS
ORC-20260601-0752,1,2026-06-01 14:39:07,Orchard Central,SOK-M-04,Men's Ribbed Crew Socks,Socks,Men,5.9,5.9,False,1,5.9,Card
ORC-20260601-0147,1,2026-06-01 15:03:06,Orchard Central,SOK-W-06,Women's Heattech Socks,Socks,Women,9.9,9.9,False,1,9.9,PAYNOW
ORC-20260601-0997,1,2026-06-01 20:45:17,Orchard Central,TOP-W-04,Women's Heattech Crew Neck Long Sleeve Tee,Tops,WOMEN,14.9,14.9,False,1,14.9,Card
PUN-20260601-0414,1,2026-06-01 14:07:56,Punggol,TOP-W-04,Women's Heattech Crew Neck Long Sleeve Tee,Tops,Women,14.9,14.9,False,1,14.9,NETS
ORC-20260601-0450,3,2026-06-01 21:04:51,Orchard Central,SOK-M-02,Men's Pile Crew Socks,Socks,Men,5.9,5.9,False,1,5.9,Cash
BUG-20260601-0206,1,2026-06-01 20:20:17,Bugis,SOK-M-03,  Men's Airism Low-Cut Socks  ,Socks,Men,5.9,5.9,False,1,5.9,Card
BUG-20260601-0509,1,2026-06-01 20:36:12,Bugis,TOP-W-04,Women's Heattech Crew Neck Long Sleeve Tee,Tops,Women,14.9,14.9,False,1,14.9,Cash
BUG-20260601-0516,1,2026-06-01 15:01:24,bugis,UND-M-02,Men's Cotton Blend Trunks,Underwear,Men,14.9,14.9,False,1,14.9,NETS
BUG-20260601-0453,1,2026-06-01 14:18:33,Bugis,SOK-W-02,Women's Pile Crew Socks,Socks,Women,5.9,5.9,False,1,5.9,NETS
PUN-20260601-0115,2,2026-06-01 17:29:03,PUNGGOL,TOP-W-02,Women's Ribbed Long Sleeve Turtleneck,Tops,Women,19.9,19.9,False,1,19.9,Card
ORC-20260601-0063,2,2026-06-01 22:05:39,Orchard Central,UND-W-04,Women's Airism T-Shirt Bra,Underwear,Women,29.9,29.9,False,1,29.9,PAYNOW
ORC-20260601-0715,3,2026-06-01 17:20:39,orchard central,UND-W-02,Women's Wireless Bra,Underwear,Women,29.9,29.9,False,1,29.9,Card
ORC-20260601-0615,1,2026-06-01 16:58:32,Orchard Central,BTM-W-01,Women's Ultra Stretch Skinny Jeans,Bottoms,Women,39.9,39.9,False,1,39.9,PayNow
PUN-20260601-0254,1,2026-06-01 17:26:58,Punggol,UND-W-04,Women's Airism T-Shirt Bra,UNDERWEAR,Women,29.9,29.9,False,1,29.9,Card
ORC-20260601-0222,1,2026-06-01 19:42:07,Orchard Central,TOP-W-01,Women's Airism Cotton Crew Neck T-Shirt,tops,Women,$14.9,14.9,False,1,14.9,NETS
BUG-20260601-0685,3,2026-06-01 20:31:29,Bugis,TOP-W-04,Women's Heattech Crew Neck Long Sleeve Tee,Tops,WOMEN,14.9,14.9,False,1,14.9,Card
BUG-20260601-0153,3,2026-06-01 19:38:32,Bugis,TOP-W-01,Women's Airism Cotton Crew Neck T-Shirt,Tops,WOMEN,14.9,14.9,False,1,14.9,Cash
PUN-20260601-0011,3,2026-06-01 19:31:38,Punggol,SOK-M-02,Men's Pile Crew Socks,Socks,MEN,5.9,5.9,False,1,5.9,Card
BUG-20260601-0784,1,2026-06-01 21:26:03,Bugis,SOK-M-03,Men's Airism Low-Cut Socks,Socks,Men,$5.9,5.9,False,1,5.9,NETS
ORC-20260601-0020,1,2026-06-01 18:48:27,Orchard Central,TOP-W-04,Women's Heattech Crew Neck Long Sleeve Tee,tops,Women,14.9,14.9,False,1,14.9,NETS
PUN-20260601-0276,1,2026-06-01 19:17:07,Punggol,SOK-M-04,Men's Ribbed Crew Socks,Socks,Men,5.9,5.9,False,1,5.9,Card
BUG-20260601-0428,2,2026-06-01 20:41:45,Bugis,BTM-W-09,Women's Sweat Shorts,Bottoms,Women,$19.9,19.9,False,1,19.9,Card
ORC-20260601-1032,2,2026-06-01 20:55:45,Orchard Central,TOP-M-01,  Men's Airism Cotton Crew Neck T-Shirt  ,Tops,Men,14.9,14.9,False,1,14.9,Cash
PUN-20260601-0576,1,2026-06-01 11:20:47,PUNGGOL,SOK-M-01,Men's Ankle Socks 3-Pack,Socks,Men,14.9,14.9,False,1,14.9,Cash
BUG-20260601-0323,2,2026-06-01 18:25:08,Bugis,SOK-W-02,Women's Pile Crew Socks,Socks,Women,5.9,5.9,False,1,5.9,card
ORC-20260601-0092,2,2026-06-01 18:16:54,  Orchard Central  ,SOK-W-02,Women's Pile Crew Socks,Socks,Women,5.9,5.9,False,1,5.9,NETS
BUG-20260601-0021,1,2026-06-01 21:37:31,Bugis,UND-W-01,Women's Airism Bikini Shorts,UNDERWEAR,Women,9.9,9.9,False,1,9.9,Cash
BUG-20260601-0306,3,2026-06-01 20:36:15,Bugis,SOK-M-02,Men's Pile Crew Socks,Socks,Men,5.9,5.9,False,1,5.9,Cash
ORC-20260601-0898,2,2026-06-01 20:57:22,orchard central,TOP-M-01,Men's Airism Cotton Crew Neck T-Shirt,tops,Men,14.9,14.9,False,1,14.9,Card
BUG-20260601-0336,2,2026-06-01 19:25:48,Bugis,TOP-W-03,Women's Silky Satin Blouse,Tops,Women,39.9,39.9,False,1,39.9,NETS
ORC-20260601-0674,2,2026-06-01 11:05:16,Orchard Central,UND-W-03,Women's Cotton Blend Briefs,Underwear,Women,9.9,9.9,False,2,19.8,Card
ORC-20260601-0600,2,2026-06-01 14:22:19,Orchard Central,UND-W-01,Women's Airism Bikini Shorts,Underwear,Women,9.9,9.9,False,1,9.9,NETS
ORC-20260601-0486,1,2026-06-01 21:05:28,orchard central,TOP-W-04,Women's Heattech Crew Neck Long Sleeve Tee,Tops,Women,14.9,14.9,False,1,14.9,PayNow
PUN-20260601-0302,3,2026-06-01 15:15:23,Punggol,SOK-W-03,Women's Airism Low-Cut Socks,Socks,Women,5.9,5.9,False,1,5.9,Cash
ORC-20260601-0628,1,2026-06-01 20:44:56,Orchard Central,SOK-W-04,Women's Ribbed Crew Socks,Socks,WOMEN,5.9,5.9,False,1,5.9,Card
ORC-20260601-0211,2,2026-06-01 19:51:17,Orchard Central,SOK-W-01,Women's Ankle Socks 3-Pack,Socks,Women,14.9,14.9,False,2,29.8,Card
PUN-20260601-0151,2,2026-06-01 20:17:33,Punggol,SOK-W-03,Women's Airism Low-Cut Socks,Socks,Women,5.9,5.9,False,1,5.9,Card
BUG-20260601-0413,2,2026-06-01 18:26:47,Bugis,TOP-M-02,Men's Supima Cotton Polo Shirt,Tops,Men,29.9,29.9,False,1,29.9,NETS
PUN-20260601-0538,2,2026-06-01 14:30:48,Punggol,BTM-M-04,Men's Dry Stretch Shorts,Bottoms,Men,19.9,19.9,False,1,19.9,Card
PUN-20260601-0514,3,2026-06-01 19:59:04,Punggol,BTM-M-04,Men's Dry Stretch Shorts,Bottoms,Men,19.9,19.9,False,1,19.9,NETS
ORC-20260601-0632,3,2026-06-01 17:13:40,Orchard Central,SOK-M-02,Men's Pile Crew Socks,Socks,Men,5.9,5.9,False,1,5.9,card
PUN-20260601-0329,2,2026-06-01 21:16:24,Punggol,SOK-M-03,Men's Airism Low-Cut Socks,Socks,Men,5.9,5.9,False,2,11.8,
BUG-20260601-0585,1,2026-06-01 20:41:38,Bugis,SOK-M-03,Men's Airism Low-Cut Socks,Socks,Men,5.9,5.9,False,2,11.8,PayNow
ORC-20260601-0840,2,2026-06-01 20:53:16,Orchard Central,SOK-M-04,Men's Ribbed Crew Socks,Socks,Men,5.9,5.9,False,1,5.9,NETS
PUN-20260601-0163,2,2026-06-01 18:28:09,Punggol,SOK-M-04,Men's Ribbed Crew Socks,Socks,men,5.9,5.9,False,1,5.9,PayNow
BUG-20260601-0331,3,2026-06-01 20:14:29,  Bugis  ,SOK-W-03,Women's Airism Low-Cut Socks,Socks,Women,5.9,5.9,False,1,5.9,NETS
ORC-20260601-0553,1,2026-06-01 13:58:54,ORCHARD CENTRAL,TOP-W-04,Women's Heattech Crew Neck Long Sleeve Tee,Tops,Women,14.9,14.9,False,1,14.9,Cash
BUG-20260601-0405,2,2026-06-01 22:53:21,  Bugis  ,SOK-M-04,Men's Ribbed Crew Socks,Socks,Men,5.9,5.9,False,1,5.9,PayNow
ORC-20260601-0052,2,2026-06-01 20:46:44,Orchard Central,SOK-W-02,Women's Pile Crew Socks,Socks,Women,5.9,5.9,False,1,5.9,Card
ORC-20260601-0490,2,2026-06-01 17:59:30,  Orchard Central  ,UND-W-06,Women's Lace Trim Briefs,Underwear,Women,9.9,9.9,False,1,9.9,NETS
BUG-20260601-0039,2,2026-06-01 15:24:54,Bugis,UND-W-01,Women's Airism Bikini Shorts,Underwear,Women,9.9,9.9,False,1,9.9,Card
PUN-20260601-0573,1,2026-06-01 11:10:25,Punggol,UND-W-07,Women's Heattech Camisole,Underwear,Women,14.9,14.9,False,1,14.9,Cash
ORC-20260601-0066,1,2026-06-01 21:06:16,Orchard Central,SOK-W-03,Women's Airism Low-Cut Socks,Socks,Women,5.9,5.9,False,1,5.9,NETS
ORC-20260601-1089,3,2026-06-01 20:30:13,Orchard Central,TOP-W-01,Women's Airism Cotton Crew Neck T-Shirt,TOPS,Women,14.9,14.9,False,1,14.9,Card
PUN-20260601-0288,2,2026-06-01 19:15:53,Punggol,UND-M-02,  Men's Cotton Blend Trunks  ,Underwear,Men,14.9,14.9,False,1,14.9,Card
PUN-20260601-0455,1,2026-06-01 20:29:14,Punggol,SOK-M-04,  Men's Ribbed Crew Socks  ,Socks,Men,5.9,5.9,False,1,5.9,PayNow
ORC-20260601-0124,2,2026-06-01 18:44:14,Orchard Central,SOK-M-02,Men's Pile Crew Socks,Socks,Men,5.9,5.9,False,1,5.9,Card
BUG-20260601-0746,3,2026-06-01 20:41:25,Bugis,UND-W-02,Women's Wireless Bra,Underwear,Women,29.9,29.9,False,1,29.9,cash
ORC-20260601-0330,1,2026-06-01 16:05:59,  Orchard Central  ,TOP-W-09,Women's Drape Sleeveless Top,Tops,Women,19.9,19.9,False,1,19.9,Card
BUG-20260601-0362,1,2026-06-01 21:43:26,BUGIS,SOK-M-02,  Men's Pile Crew Socks  ,Socks,MEN,5.9,5.9,False,1,5.9,NETS
ORC-20260601-0381,1,2026-06-01 18:45:25,Orchard Central,TOP-M-04,Men's Oxford Long Sleeve Shirt,Tops,MEN,29.9,29.9,False,1,29.9,CARD
BUG-20260601-0253,1,2026-06-01 21:29:17,  Bugis  ,UND-M-08,Men's Airism V-Neck Undershirt,Underwear,Men,9.9,9.9,False,1,9.9,Cash
PUN-20260601-0200,1,2026-06-01 15:56:56,PUNGGOL,SOK-W-03,Women's Airism Low-Cut Socks,Socks,Women,5.9,5.9,False,1,5.9,nets
ORC-20260601-0589,1,2026-06-01 21:54:19,Orchard Central,SOK-W-01,  Women's Ankle Socks 3-Pack  ,Socks,Women,14.9,14.9,False,1,14.9,Card
ORC-20260601-0984,1,2026-06-01 13:18:23,ORCHARD CENTRAL,UND-W-01,  Women's Airism Bikini Shorts  ,underwear,Women,9.9,9.9,False,1,9.9,Card
ORC-20260601-0014,3,2026-06-01 20:15:42,Orchard Central,UND-M-07,Men's Stretch Cotton Boxers,Underwear,Men,14.9,14.9,False,1,14.9,
BUG-20260601-0337,1,2026-06-01 19:05:04,Bugis,SOK-M-04,Men's Ribbed Crew Socks,Socks,Men,5.9,5.9,False,1,5.9,Cash
BUG-20260601-0307,2,2026-06-01 18:02:48,Bugis,BTM-W-03,  Women's Ezy Ankle Pants  ,BOTTOMS,Women,29.9,29.9,False,1,29.9,NETS
ORC-20260601-0427,1,2026-06-01 18:22:06,Orchard Central,SOK-W-04,Women's Ribbed Crew Socks,Socks,Women,5.9,5.9,False,1,5.9,Card
ORC-20260601-0922,2,2026-06-01 15:41:55,Orchard Central,TOP-W-04,Women's Heattech Crew Neck Long Sleeve Tee,tops,Women,14.9,14.9,False,1,14.9,Card
BUG-20260601-0700,1,2026-06-01 17:18:41,  Bugis  ,TOP-W-01,Women's Airism Cotton Crew Neck T-Shirt,tops,Women,14.9,14.9,False,1,14.9,NETS
ORC-20260601-0635,2,2026-06-01 18:22:11,Orchard Central,TOP-W-01,Women's Airism Cotton Crew Neck T-Shirt,Tops,Women,14.9,14.9,False,1,14.9,Card
BUG-20260601-0688,1,2026-06-01 15:32:03,Bugis,UND-W-01,Women's Airism Bikini Shorts,Underwear,Women,9.9,9.9,False,2,19.8,Card
PUN-20260601-0255,2,2026-06-01 19:04:50,Punggol,UND-M-01,Men's Airism Boxer Briefs,Underwear,Men,14.9,14.9,False,1,14.9,PayNow
BUG-20260601-0054,1,2026-06-01 18:31:30,Bugis,SOK-M-02,Men's Pile Crew Socks,Socks,Men,5.9,5.9,False,1,5.9,PayNow
PUN-20260601-0027,2,2026-06-01 12:03:45,Punggol,SOK-M-08,Men's Cotton Blend Dress Socks,Socks,Men,9.9,9.9,False,1,9.9,Card
PUN-20260601-0177,1,2026-06-01 20:34:23,Punggol,SOK-W-03,Women's Airism Low-Cut Socks,socks,Women,5.9,5.9,False,1,5.9,Card
PUN-20260601-0131,1,2026-06-01 18:50:43,Punggol,SOK-W-01,  Women's Ankle Socks 3-Pack  ,Socks,Women,14.9,14.9,False,2,29.8,NETS
PUN-20260601-0020,1,2026-06-01 20:59:15,Punggol,SOK-W-03,Women's Airism Low-Cut Socks,Socks,Women,5.9,5.9,False,1,5.9,Card
PUN-20260601-0425,2,2026-06-01 12:00:17,Punggol,TOP-W-04,Women's Heattech Crew Neck Long Sleeve Tee,Tops,Women,14.9,14.9,False,1,14.9,Card
BUG-20260601-0070,2,2026-06-01 15:01:59,  Bugis  ,SOK-W-02,Women's Pile Crew Socks,Socks,Women,5.9,5.9,False,1,5.9,Card
BUG-20260601-0562,2,2026-06-01 20:36:20,Bugis,TOP-M-02,  Men's Supima Cotton Polo Shirt  ,Tops,MEN,29.9,29.9,False,1,$29.9,Card
ORC-20260601-0875,2,2026-06-01 15:06:03,Orchard Central,SOK-M-04,Men's Ribbed Crew Socks,Socks,Men,5.9,5.9,False,1,5.9,cash
PUN-20260601-0518,1,2026-06-01 22:46:39,  Punggol  ,SOK-M-03,Men's Airism Low-Cut Socks,Socks,Men,5.9,5.9,False,1,5.9,
ORC-20260601-1121,2,2026-06-01 20:26:56,Orchard Central,SOK-W-02,Women's Pile Crew Socks,Socks,WOMEN,5.9,5.9,False,1,5.9,NETS
ORC-20260601-0409,3,2026-06-01 21:58:28,Orchard Central,SOK-M-03,  Men's Airism Low-Cut Socks  ,Socks,Men,5.9,5.9,False,1,5.9,Card
ORC-20260601-0389,1,2026-06-01 15:45:58,Orchard Central,SOK-M-04,Men's Ribbed Crew Socks,Socks,Men,5.9,5.9,False,1,5.9,NETS
BUG-20260601-0555,3,2026-06-01 19:01:44,  Bugis  ,UND-W-01,Women's Airism Bikini Shorts,Underwear,Women,9.9,9.9,False,1,9.9,PayNow
ORC-20260601-1065,1,2026-06-01 19:31:19,Orchard Central,SOK-M-03,  Men's Airism Low-Cut Socks  ,Socks,Men,5.9,5.9,False,1,5.9,PAYNOW
BUG-20260601-0739,1,2026-06-01 20:22:38,Bugis,TOP-M-08,Men's Linen Blend Short Sleeve Shirt,Tops,Men,29.9,29.9,False,1,29.9,Card
PUN-20260601-0052,1,2026-06-01 12:48:37,Punggol,UND-W-01,Women's Airism Bikini Shorts,Underwear,Women,9.9,9.9,False,1,9.9,NETS
PUN-20260601-0391,1,2026-06-01 18:04:55,Punggol,SOK-W-02,Women's Pile Crew Socks,Socks,Women,5.9,5.9,False,1,5.9,PayNow
BUG-20260601-0147,1,2026-06-01 22:20:28,Bugis,TOP-M-03,Men's Dry-EX Crew Neck T-Shirt,Tops,Men,19.9,19.9,False,1,19.9,
BUG-20260601-0689,1,2026-06-01 14:42:48,Bugis,SOK-W-02,Women's Pile Crew Socks,Socks,Women,5.9,5.9,False,1,5.9,PayNow
BUG-20260601-0451,1,2026-06-01 13:31:05,Bugis,SOK-M-03,Men's Airism Low-Cut Socks,Socks,Men,5.9,5.9,False,1,5.9,Card
PUN-20260601-0440,2,2026-06-01 20:34:44,Punggol,UND-W-01,Women's Airism Bikini Shorts,Underwear,Women,9.9,9.9,False,1,9.9,Card
ORC-20260601-0216,1,2026-06-01 20:58:24,Orchard Central,UND-W-03,Women's Cotton Blend Briefs,Underwear,WOMEN,9.9,9.9,False,1,9.9,nets
BUG-20260601-0559,3,2026-06-01 20:23:11,Bugis,UND-W-02,Women's Wireless Bra,Underwear,Women,29.9,29.9,False,1,29.9,CARD
PUN-20260601-0572,2,2026-06-01 21:53:46,Punggol,UND-M-04,Men's Cotton Crew Neck Undershirt,Underwear,Men,14.9,14.9,False,1,14.9,Card
PUN-20260601-0454,1,2026-06-01 16:49:49,Punggol,TOP-W-04,Women's Heattech Crew Neck Long Sleeve Tee,Tops,Women,14.9,14.9,False,1,14.9,Card
ORC-20260601-0678,1,2026-06-01 19:40:52,Orchard Central,SOK-M-03,Men's Airism Low-Cut Socks,Socks,Men,5.9,5.9,False,1,5.9,Card
ORC-20260601-0231,1,2026-06-01 12:42:32,Orchard Central,UND-M-04,Men's Cotton Crew Neck Undershirt,Underwear,Men,14.9,14.9,False,2,29.8,Card
BUG-20260601-0807,2,2026-06-01 15:18:55,Bugis,SOK-W-01,Women's Ankle Socks 3-Pack,Socks,Women,14.9,14.9,False,1,14.9,paynow
ORC-20260601-0725,2,2026-06-01 21:27:21,Orchard Central,UND-M-02,Men's Cotton Blend Trunks,Underwear,men,14.9,14.9,False,1,14.9,Card
ORC-20260601-0815,1,2026-06-01 19:36:04,  Orchard Central  ,SOK-W-03,Women's Airism Low-Cut Socks,Socks,Women,5.9,5.9,False,2,11.8,Card
PUN-20260601-0464,2,2026-06-01 21:05:44,punggol,TOP-M-04,Men's Oxford Long Sleeve Shirt,Tops,Men,29.9,29.9,False,1,29.9,Cash
ORC-20260601-0017,3,2026-06-01 20:56:44,Orchard Central,TOP-M-01,Men's Airism Cotton Crew Neck T-Shirt,Tops,Men,14.9,14.9,False,1,14.9,Card
PUN-20260601-0501,2,2026-06-01 11:03:15,Punggol,SOK-W-04,Women's Ribbed Crew Socks,Socks,Women,5.9,5.9,False,1,5.9,Card
ORC-20260601-0904,2,2026-06-01 22:25:38,Orchard Central,TOP-W-04,Women's Heattech Crew Neck Long Sleeve Tee,Tops,Women,14.9,14.9,False,1,14.9,NETS
ORC-20260601-0611,1,2026-06-01 19:30:38,Orchard Central,UND-M-04,Men's Cotton Crew Neck Undershirt,Underwear,Men,14.9,14.9,False,1,14.9,Card
ORC-20260601-0936,1,2026-06-01 14:27:08,Orchard Central,UND-W-03,Women's Cotton Blend Briefs,Underwear,Women,9.9,9.9,False,1,9.9,cash
BUG-20260601-0668,1,2026-06-01 19:43:11,Bugis,BTM-W-01,Women's Ultra Stretch Skinny Jeans,Bottoms,Women,39.9,39.9,False,1,39.9,Card
ORC-20260601-0239,1,2026-06-01 13:35:50,Orchard Central,TOP-M-01,Men's Airism Cotton Crew Neck T-Shirt,Tops,Men,14.9,14.9,False,1,14.9,Card
BUG-20260601-0715,2,2026-06-01 11:38:33,Bugis,TOP-M-04,Men's Oxford Long Sleeve Shirt,Tops,Men,29.9,29.9,False,1,29.9,Card
ORC-20260601-0708,1,2026-06-01 18:37:52,Orchard Central,SOK-M-02,Men's Pile Crew Socks,Socks,Men,5.9,5.9,False,1,5.9,Card
ORC-20260601-0375,2,2026-06-01 19:08:49,Orchard Central,UND-M-05,  Men's Seamless Boxer Briefs  ,Underwear,Men,14.9,14.9,False,1,14.9,cash
BUG-20260601-0657,2,2026-06-01 20:54:07,Bugis,UND-W-09,Women's Cotton Boyshorts,Underwear,Women,9.9,9.9,False,1,9.9,
BUG-20260601-0344,2,2026-06-01 14:04:47,Bugis,BTM-W-03,Women's Ezy Ankle Pants,Bottoms,Women,29.9,29.9,False,1,29.9,card
ORC-20260601-0916,1,2026-06-01 12:20:30,Orchard Central,UND-W-03,Women's Cotton Blend Briefs,Underwear,Women,9.9,9.9,False,1,9.9,card
BUG-20260601-0085,2,2026-06-01 12:17:29,Bugis,SOK-W-04,Women's Ribbed Crew Socks,Socks,Women,5.9,5.9,False,2,11.8,Card
BUG-20260601-0079,2,2026-06-01 17:25:13,BUGIS,UND-M-04,Men's Cotton Crew Neck Undershirt,Underwear,men,14.9,14.9,False,1,14.9,PayNow
PUN-20260601-0042,2,2026-06-01 19:13:18,Punggol,UND-M-01,Men's Airism Boxer Briefs,Underwear,Men,14.9,14.9,False,1,14.9,PayNow
PUN-20260601-0302,2,2026-06-01 15:15:23,Punggol,SOK-M-03,Men's Airism Low-Cut Socks,Socks,Men,5.9,5.9,False,2,$11.8,Cash
BUG-20260601-0791,2,2026-06-01 16:25:04,  Bugis  ,SOK-M-06,Men's Heattech Socks,Socks,Men,9.9,9.9,False,1,9.9,card
PUN-20260601-0275,2,2026-06-01 18:32:26,Punggol,SOK-W-06,Women's Heattech Socks,Socks,Women,9.9,9.9,False,1,9.9,NETS
BUG-20260601-0279,1,2026-06-01 14:35:32,Bugis,UND-W-03,Women's Cotton Blend Briefs,Underwear,Women,9.9,9.9,False,2,19.8,Cash
PUN-20260601-0216,1,2026-06-01 15:36:55,Punggol,SOK-M-03,Men's Airism Low-Cut Socks,Socks,Men,5.9,5.9,False,1,5.9,NETS
PUN-20260601-0471,2,2026-06-01 18:54:27,punggol,UND-W-03,Women's Cotton Blend Briefs,Underwear,Women,9.9,9.9,False,1,9.9,PayNow
PUN-20260601-0296,1,2026-06-01 19:14:05,  Punggol  ,TOP-M-03,Men's Dry-EX Crew Neck T-Shirt,Tops,Men,19.9,19.9,False,1,19.9,PayNow
BUG-20260601-0741,1,2026-06-01 21:58:21,Bugis,UND-W-01,Women's Airism Bikini Shorts,Underwear,Women,$9.9,9.9,False,1,9.9,Card
BUG-20260601-0563,2,2026-06-01 18:30:11,Bugis,SOK-W-03,Women's Airism Low-Cut Socks,socks,Women,5.9,5.9,False,1,5.9,card
ORC-20260601-0816,2,2026-06-01 12:20:13,Orchard Central,UND-M-01,Men's Airism Boxer Briefs,Underwear,Men,14.9,14.9,False,1,14.9,nets
BUG-20260601-0174,3,2026-06-01 16:58:10,Bugis,SOK-W-02,Women's Pile Crew Socks,Socks,Women,5.9,5.9,False,1,5.9,PayNow
ORC-20260601-0931,2,2026-06-01 21:46:50,Orchard Central,SOK-W-03,Women's Airism Low-Cut Socks,Socks,Women,5.9,5.9,False,1,5.9,Card
ORC-20260601-0024,3,2026-06-01 18:22:39,Orchard Central,SOK-W-04,Women's Ribbed Crew Socks,SOCKS,Women,5.9,5.9,False,1,5.9,Card
ORC-20260601-0901,2,2026-06-01 18:46:17,Orchard Central,SOK-W-03,Women's Airism Low-Cut Socks,Socks,WOMEN,5.9,5.9,False,2,11.8,Cash
ORC-20260601-0909,2,2026-06-01 17:33:38,Orchard Central,SOK-W-01,Women's Ankle Socks 3-Pack,Socks,Women,14.9,14.9,False,1,14.9,PayNow
PUN-20260601-0346,1,2026-06-01 17:57:57,  Punggol  ,SOK-M-08,Men's Cotton Blend Dress Socks,socks,men,9.9,9.9,False,1,9.9,PayNow
ORC-20260601-0028,1,2026-06-01 17:42:05,Orchard Central,SOK-W-01,Women's Ankle Socks 3-Pack,Socks,Women,14.9,14.9,False,1,14.9,NETS
ORC-20260601-0039,1,2026-06-01 17:10:45,orchard central,SOK-W-02,Women's Pile Crew Socks,Socks,Women,5.9,5.9,False,1,5.9,CARD
ORC-20260601-0880,3,2026-06-01 20:44:43,Orchard Central,TOP-W-04,Women's Heattech Crew Neck Long Sleeve Tee,Tops,WOMEN,14.9,14.9,False,1,14.9,Card
PUN-20260601-0356,1,2026-06-01 18:41:18,Punggol,UND-W-04,Women's Airism T-Shirt Bra,UNDERWEAR,Women,29.9,29.9,False,1,29.9,PAYNOW
PUN-20260601-0539,1,2026-06-01 11:50:57,Punggol,SOK-W-04,Women's Ribbed Crew Socks,Socks,Women,5.9,5.9,False,1,5.9,NETS
BUG-20260601-0482,2,2026-06-01 18:07:22,Bugis,TOP-W-04,Women's Heattech Crew Neck Long Sleeve Tee,Tops,women,14.9,14.9,False,1,14.9,Cash
BUG-20260601-0290,1,2026-06-01 16:50:57,Bugis,SOK-W-04,Women's Ribbed Crew Socks,Socks,Women,5.9,5.9,False,1,5.9,PayNow
ORC-20260601-0214,2,2026-06-01 20:25:22,Orchard Central,TOP-W-02,Women's Ribbed Long Sleeve Turtleneck,Tops,Women,19.9,19.9,False,1,19.9,PayNow
BUG-20260601-0712,2,2026-06-01 19:21:46,Bugis,SOK-M-03,Men's Airism Low-Cut Socks,Socks,Men,5.9,5.9,False,1,5.9,NETS
PUN-20260601-0091,2,2026-06-01 12:25:16,PUNGGOL,SOK-W-03,Women's Airism Low-Cut Socks,Socks,WOMEN,5.9,5.9,False,1,5.9,NETS
ORC-20260601-0193,2,2026-06-01 19:37:38,Orchard Central,SOK-W-02,Women's Pile Crew Socks,Socks,Women,5.9,5.9,False,1,5.9,Card
BUG-20260601-0329,1,2026-06-01 19:17:47,bugis,BTM-W-02,Women's High-Rise Wide Leg Pants,BOTTOMS,Women,39.9,39.9,False,1,39.9,NETS
ORC-20260601-0670,1,2026-06-01 20:40:52,Orchard Central,BTM-W-04,Women's Denim Straight Jeans,Bottoms,Women,49.9,49.9,False,1,49.9,Cash
ORC-20260601-0793,2,2026-06-01 22:32:45,Orchard Central,UND-W-03,Women's Cotton Blend Briefs,Underwear,Women,9.9,9.9,False,1,9.9,Card
PUN-20260601-0353,2,2026-06-01 16:04:44,punggol,UND-M-02,Men's Cotton Blend Trunks,Underwear,Men,14.9,14.9,False,1,14.9,Card
BUG-20260601-0546,1,2026-06-01 19:50:26,Bugis,BTM-M-04,Men's Dry Stretch Shorts,Bottoms,Men,19.9,19.9,False,1,19.9,PayNow
PUN-20260601-0331,1,2026-06-01 20:11:00,Punggol,BTM-M-04,Men's Dry Stretch Shorts,Bottoms,men,19.9,19.9,False,1,19.9,NETS
ORC-20260601-0032,3,2026-06-01 18:42:47,Orchard Central,UND-W-01,Women's Airism Bikini Shorts,Underwear,Women,9.9,9.9,False,1,9.9,NETS
PUN-20260601-0088,3,2026-06-01 12:27:22,Punggol,TOP-M-03,Men's Dry-EX Crew Neck T-Shirt,Tops,MEN,19.9,19.9,False,1,19.9,Nets
PUN-20260601-0317,2,2026-06-01 21:53:05,Punggol,SOK-M-03,Men's Airism Low-Cut Socks,Socks,Men,5.9,5.9,False,1,5.9,PayNow
BUG-20260601-0083,3,2026-06-01 17:05:26,Bugis,BTM-M-03,Men's Selvedge Regular Fit Jeans,Bottoms,Men,59.9,59.9,False,1,59.9,NETS
PUN-20260601-0200,3,2026-06-01 15:56:56,punggol,UND-M-04,Men's Cotton Crew Neck Undershirt,Underwear,Men,14.9,14.9,False,2,29.8,NETS
PUN-20260601-0471,1,2026-06-01 18:54:27,Punggol,SOK-W-02,Women's Pile Crew Socks,Socks,WOMEN,5.9,5.9,False,1,5.9,PayNow
BUG-20260601-0380,1,2026-06-01 14:08:44,  Bugis  ,SOK-W-03,  Women's Airism Low-Cut Socks  ,Socks,WOMEN,5.9,5.9,False,1,5.9,Card
ORC-20260601-0423,1,2026-06-01 14:34:37,Orchard Central,UND-M-04,Men's Cotton Crew Neck Undershirt,Underwear,Men,14.9,14.9,False,1,14.9,Cash
ORC-20260601-0152,2,2026-06-01 19:38:45,Orchard Central,BTM-W-04,Women's Denim Straight Jeans,Bottoms,Women,49.9,49.9,False,1,49.9,Card
ORC-20260601-1042,3,2026-06-01 13:29:05,Orchard Central,SOK-W-06,Women's Heattech Socks,Socks,Women,9.9,9.9,False,1,9.9,Card
BUG-20260601-0061,2,2026-06-01 21:09:12,Bugis,SOK-W-02,Women's Pile Crew Socks,Socks,Women,5.9,5.9,False,2,11.8,paynow
ORC-20260601-0894,3,2026-06-01 18:05:39,Orchard Central,SOK-M-01,Men's Ankle Socks 3-Pack,Socks,Men,14.9,14.9,False,1,14.9,Cash
PUN-20260601-0463,3,2026-06-01 13:17:45,Punggol,TOP-W-04,Women's Heattech Crew Neck Long Sleeve Tee,Tops,Women,14.9,14.9,False,1,14.9,Card
BUG-20260601-0234,2,2026-06-01 17:57:20,Bugis,UND-M-04,Men's Cotton Crew Neck Undershirt,Underwear,Men,14.9,14.9,False,1,14.9,card
BUG-20260601-0034,2,2026-06-01 13:22:03,  BUGIS  ,SOK-M-04,Men's Ribbed Crew Socks,Socks,Men,5.9,5.9,False,1,5.9,PayNow
BUG-20260601-0255,3,2026-06-01 18:10:13,  Bugis  ,TOP-W-04,Women's Heattech Crew Neck Long Sleeve Tee,Tops,Women,14.9,14.9,False,1,14.9,Card
ORC-20260601-0914,3,2026-06-01 16:46:36,Orchard Central,SOK-M-02,  Men's Pile Crew Socks  ,Socks,Men,5.9,5.9,False,2,11.8,PAYNOW
PUN-20260601-0017,1,2026-06-01 21:00:49,punggol,SOK-M-04,Men's Ribbed Crew Socks,Socks,Men,5.9,5.9,False,1,5.9,Card
PUN-20260601-0421,2,2026-06-01 17:06:18,Punggol,TOP-M-01,Men's Airism Cotton Crew Neck T-Shirt,Tops,Men,14.9,14.9,False,1,14.9,Card
BUG-20260601-0100,1,2026-06-01 18:36:33,Bugis,TOP-W-02,Women's Ribbed Long Sleeve Turtleneck,TOPS,Women,19.9,19.9,False,1,19.9,PayNow
PUN-20260601-0488,1,2026-06-01 19:19:24,Punggol,SOK-W-01,Women's Ankle Socks 3-Pack,SOCKS,Women,14.9,14.9,False,1,14.9,Card
BUG-20260601-0786,2,2026-06-01 20:16:59,Bugis,SOK-W-03,  Women's Airism Low-Cut Socks  ,Socks,Women,5.9,5.9,False,1,5.9,PayNow
BUG-20260601-0140,2,2026-06-01 19:34:49,Bugis,SOK-M-04,Men's Ribbed Crew Socks,Socks,Men,5.9,5.9,False,1,5.9,NETS
PUN-20260601-0076,2,2026-06-01 19:28:01,punggol,SOK-W-03,Women's Airism Low-Cut Socks,SOCKS,Women,5.9,5.9,False,1,5.9,PayNow
BUG-20260601-0091,3,2026-06-01 19:44:55,Bugis,SOK-W-02,Women's Pile Crew Socks,Socks,Women,5.9,5.9,False,1,5.9,Card
ORC-20260601-0562,2,2026-06-01 18:46:40,Orchard Central,SOK-M-04,  Men's Ribbed Crew Socks  ,SOCKS,MEN,5.9,5.9,False,1,5.9,card
ORC-20260601-0783,2,2026-06-01 18:00:58,Orchard Central,SOK-W-10,Women's Wool Blend Socks,Socks,Women,9.9,9.9,False,1,9.9,PAYNOW
PUN-20260601-0425,3,2026-06-01 12:00:17,Punggol,SOK-W-03,Women's Airism Low-Cut Socks,Socks,Women,5.9,5.9,False,1,5.9,Card
ORC-20260601-0834,2,2026-06-01 11:56:52,Orchard Central,SOK-M-03,Men's Airism Low-Cut Socks,Socks,Men,5.9,5.9,False,1,5.9,Card
ORC-20260601-1055,1,2026-06-01 18:33:19,  Orchard Central  ,SOK-W-03,Women's Airism Low-Cut Socks,Socks,WOMEN,5.9,5.9,False,1,5.9,PayNow
PUN-20260601-0517,3,2026-06-01 21:18:27,Punggol,SOK-W-02,Women's Pile Crew Socks,Socks,Women,5.9,5.9,False,1,5.9,Card
BUG-20260601-0033,2,2026-06-01 22:05:57,Bugis,UND-W-01,Women's Airism Bikini Shorts,Underwear,WOMEN,9.9,9.9,False,1,9.9,PayNow
ORC-20260601-0301,1,2026-06-01 11:58:14,Orchard Central,UND-M-02,Men's Cotton Blend Trunks,Underwear,Men,14.9,14.9,False,1,14.9,PayNow
BUG-20260601-0163,1,2026-06-01 20:09:32,Bugis,SOK-M-01,Men's Ankle Socks 3-Pack,Socks,Men,14.9,14.9,False,1,14.9,PayNow
ORC-20260601-1089,2,2026-06-01 20:30:13,Orchard Central,UND-M-03,Men's Airism Mesh Boxer Briefs,Underwear,Men,14.9,14.9,False,1,14.9,Card
PUN-20260601-0209,2,2026-06-01 13:31:24,Punggol,TOP-W-01,Women's Airism Cotton Crew Neck T-Shirt,Tops,Women,14.9,14.9,False,1,14.9,Card
PUN-20260601-0275,1,2026-06-01 18:32:26,Punggol,UND-M-01,Men's Airism Boxer Briefs,Underwear,Men,14.9,14.9,False,1,14.9,NETS
BUG-20260601-0607,2,2026-06-01 21:00:00,Bugis,SOK-M-10,Men's Wool Blend Socks,SOCKS,Men,9.9,9.9,False,1,9.9,
PUN-20260601-0472,1,2026-06-01 18:25:08,Punggol,TOP-W-02,Women's Ribbed Long Sleeve Turtleneck,Tops,Women,19.9,19.9,False,1,19.9,NETS
ORC-20260601-0952,1,2026-06-01 18:20:48,ORCHARD CENTRAL,SOK-M-02,Men's Pile Crew Socks,Socks,Men,5.9,5.9,False,1,$5.9,Nets
BUG-20260601-0226,1,2026-06-01 18:59:24,Bugis,UND-W-03,Women's Cotton Blend Briefs,Underwear,Women,9.9,9.9,False,2,19.8,
BUG-20260601-0100,2,2026-06-01 18:36:33,  Bugis  ,SOK-W-03,Women's Airism Low-Cut Socks,Socks,Women,5.9,5.9,False,1,5.9,PayNow
BUG-20260601-0113,2,2026-06-01 20:07:41,Bugis,SOK-M-04,Men's Ribbed Crew Socks,SOCKS,Men,5.9,5.9,False,1,5.9,Cash
ORC-20260601-0542,3,2026-06-01 20:39:15,Orchard Central,TOP-M-01,Men's Airism Cotton Crew Neck T-Shirt,Tops,Men,14.9,14.9,False,1,14.9,Card
BUG-20260601-0310,1,2026-06-01 17:20:06,Bugis,SOK-M-04,Men's Ribbed Crew Socks,Socks,Men,5.9,5.9,False,1,5.9,PayNow
ORC-20260601-0949,3,2026-06-01 21:29:51,Orchard Central,SOK-W-03,Women's Airism Low-Cut Socks,Socks,Women,5.9,5.9,False,1,5.9,Card
BUG-20260601-0044,1,2026-06-01 20:15:33,Bugis,SOK-M-03,Men's Airism Low-Cut Socks,socks,Men,5.9,5.9,False,1,5.9,Card
ORC-20260601-0922,1,2026-06-01 15:41:55,orchard central,TOP-W-04,Women's Heattech Crew Neck Long Sleeve Tee,Tops,WOMEN,14.9,14.9,False,1,14.9,Card
BUG-20260601-0751,1,2026-06-01 21:04:19,Bugis,BTM-W-06,Women's Jersey Jogger Pants,bottoms,Women,21.94,29.9,True,1,21.94,Card
ORC-20260601-0690,1,2026-06-01 20:52:49,Orchard Central,UND-W-03,Women's Cotton Blend Briefs,Underwear,Women,9.9,9.9,False,2,19.8,Card
BUG-20260601-0512,3,2026-06-01 20:21:34,  Bugis  ,BTM-M-03,Men's Selvedge Regular Fit Jeans,Bottoms,Men,59.9,59.9,False,1,59.9,Card
BUG-20260601-0521,1,2026-06-01 17:04:43,BUGIS,SOK-M-02,Men's Pile Crew Socks,Socks,Men,5.9,5.9,False,1,5.9,CARD
ORC-20260601-0630,2,2026-06-01 19:54:03,  Orchard Central  ,UND-W-03,Women's Cotton Blend Briefs,Underwear,Women,9.9,9.9,False,1,9.9,PAYNOW
ORC-20260601-0874,1,2026-06-01 20:44:30,Orchard Central,SOK-M-02,Men's Pile Crew Socks,Socks,Men,5.9,5.9,False,1,5.9,Card
PUN-20260601-0492,2,2026-06-01 12:34:58,Punggol,BTM-W-03,Women's Ezy Ankle Pants,BOTTOMS,Women,29.9,29.9,False,1,29.9,cash
BUG-20260601-0642,2,2026-06-01 13:04:01,Bugis,BTM-W-03,Women's Ezy Ankle Pants,Bottoms,Women,29.9,29.9,False,1,29.9,Card
ORC-20260601-0940,1,2026-06-01 17:52:58,orchard central,SOK-W-03,  Women's Airism Low-Cut Socks  ,Socks,Women,5.9,5.9,False,1,5.9,PayNow
BUG-20260601-0693,2,2026-06-01 21:22:01,BUGIS,UND-M-04,Men's Cotton Crew Neck Undershirt,Underwear,Men,14.9,14.9,False,1,14.9,PayNow
PUN-20260601-0085,1,2026-06-01 19:08:25,  Punggol  ,SOK-W-06,Women's Heattech Socks,Socks,Women,9.9,9.9,False,2,19.8,Card
BUG-20260601-0236,3,2026-06-01 19:05:09,Bugis,BTM-M-04,Men's Dry Stretch Shorts,Bottoms,Men,19.9,19.9,False,1,19.9,Card
ORC-20260601-0375,3,2026-06-01 19:08:49,Orchard Central,UND-W-01,Women's Airism Bikini Shorts,Underwear,Women,9.9,9.9,False,1,9.9,Cash
ORC-20260601-0666,3,2026-06-01 19:22:50,Orchard Central,TOP-M-02,Men's Supima Cotton Polo Shirt,Tops,Men,29.9,29.9,False,1,29.9,Cash
BUG-20260601-0571,1,2026-06-01 14:24:51,Bugis,UND-M-02,Men's Cotton Blend Trunks,Underwear,Men,14.9,14.9,False,1,14.9,Paynow
BUG-20260601-0393,2,2026-06-01 19:53:03,  Bugis  ,SOK-M-03,Men's Airism Low-Cut Socks,Socks,Men,5.9,5.9,False,1,5.9,CASH
ORC-20260601-0140,1,2026-06-01 17:49:07,  Orchard Central  ,SOK-W-03,Women's Airism Low-Cut Socks,Socks,Women,5.9,5.9,False,2,11.8,Cash
ORC-20260601-0988,2,2026-06-01 21:43:48,orchard central,BTM-W-02,Women's High-Rise Wide Leg Pants,Bottoms,Women,39.9,39.9,False,1,39.9,PayNow
ORC-20260601-0171,1,2026-06-01 21:38:59,Orchard Central,SOK-M-04,Men's Ribbed Crew Socks,SOCKS,Men,5.9,5.9,False,2,11.8,CASH
PUN-20260601-0218,1,2026-06-01 11:16:31,Punggol,SOK-W-04,Women's Ribbed Crew Socks,Socks,Women,5.9,5.9,False,1,5.9,NETS
ORC-20260601-0524,1,2026-06-01 19:38:16,Orchard Central,SOK-M-08,Men's Cotton Blend Dress Socks,Socks,Men,9.9,9.9,False,1,9.9,CARD
ORC-20260601-0639,2,2026-06-01 22:49:11,Orchard Central,TOP-M-01,Men's Airism Cotton Crew Neck T-Shirt,Tops,Men,14.9,14.9,False,1,14.9,Card
BUG-20260601-0674,1,2026-06-01 17:08:53,Bugis,SOK-W-03,Women's Airism Low-Cut Socks,Socks,Women,5.9,5.9,False,1,5.9,Card
PUN-20260601-0065,1,2026-06-01 20:52:26,Punggol,SOK-M-04,Men's Ribbed Crew Socks,Socks,Men,5.9,5.9,False,1,5.9,Card
BUG-20260601-0093,1,2026-06-01 21:51:56,Bugis,SOK-W-04,Women's Ribbed Crew Socks,Socks,Women,5.9,5.9,False,1,5.9,PayNow
ORC-20260601-0300,2,2026-06-01 22:35:21,Orchard Central,SOK-W-02,  Women's Pile Crew Socks  ,Socks,Women,5.9,5.9,False,1,5.9,
ORC-20260601-1059,1,2026-06-01 16:59:11,  Orchard Central  ,TOP-M-01,Men's Airism Cotton Crew Neck T-Shirt,Tops,Men,14.9,14.9,False,1,14.9,CARD
ORC-20260601-0356,2,2026-06-01 16:47:58,Orchard Central,SOK-W-10,Women's Wool Blend Socks,Socks,women,9.9,9.9,False,1,9.9,Paynow
ORC-20260601-0138,3,2026-06-01 20:07:11,Orchard Central,SOK-W-02,Women's Pile Crew Socks,socks,Women,5.9,5.9,False,1,5.9,NETS
BUG-20260601-0085,1,2026-06-01 12:17:29,Bugis,BTM-W-02,Women's High-Rise Wide Leg Pants,BOTTOMS,Women,39.9,39.9,False,1,39.9,Card
ORC-20260601-0647,3,2026-06-01 13:04:48,ORCHARD CENTRAL,UND-W-01,Women's Airism Bikini Shorts,UNDERWEAR,Women,9.9,9.9,False,2,19.8,NETS
BUG-20260601-0782,1,2026-06-01 18:06:02,Bugis,SOK-M-10,Men's Wool Blend Socks,Socks,Men,9.9,9.9,False,2,19.8,cash
PUN-20260601-0521,1,2026-06-01 22:43:30,Punggol,TOP-M-04,Men's Oxford Long Sleeve Shirt,Tops,Men,29.9,29.9,False,1,29.9,Card
BUG-20260601-0494,1,2026-06-01 22:13:05,  Bugis  ,UND-M-03,Men's Airism Mesh Boxer Briefs,Underwear,Men,$14.9,14.9,False,2,29.8,Card
ORC-20260601-0741,2,2026-06-01 20:25:45,Orchard Central,UND-M-04,Men's Cotton Crew Neck Undershirt,Underwear,Men,14.9,14.9,False,1,14.9,Card
ORC-20260601-0412,1,2026-06-01 16:23:31,orchard central,UND-M-04,Men's Cotton Crew Neck Undershirt,Underwear,Men,14.9,14.9,False,1,14.9,Card
BUG-20260601-0189,1,2026-06-01 18:11:49,Bugis,SOK-W-02,Women's Pile Crew Socks,Socks,Women,5.9,5.9,False,1,5.9,Card
ORC-20260601-0807,3,2026-06-01 16:57:06,Orchard Central,UND-W-01,Women's Airism Bikini Shorts,Underwear,Women,9.9,9.9,False,1,9.9,Card
ORC-20260601-0245,2,2026-06-01 11:11:04,Orchard Central,SOK-W-03,  Women's Airism Low-Cut Socks  ,Socks,Women,5.9,5.9,False,2,11.8,PayNow
ORC-20260601-0630,1,2026-06-01 19:54:03,Orchard Central,SOK-M-04,Men's Ribbed Crew Socks,Socks,Men,5.9,5.9,False,1,5.9,PayNow
BUG-20260601-0021,2,2026-06-01 21:37:31,Bugis,SOK-W-04,Women's Ribbed Crew Socks,socks,Women,5.9,5.9,False,1,$5.9,Cash
ORC-20260601-0293,1,2026-06-01 22:34:52,Orchard Central,SOK-M-04,Men's Ribbed Crew Socks,Socks,MEN,5.9,5.9,False,1,5.9,PayNow
BUG-20260601-0538,2,2026-06-01 14:16:49,Bugis,SOK-M-02,Men's Pile Crew Socks,Socks,Men,5.9,5.9,False,1,$5.9,PayNow
ORC-20260601-0581,2,2026-06-01 18:51:23,Orchard Central,BTM-M-04,,Bottoms,Men,19.9,19.9,False,1,19.9,Card
PUN-20260601-0439,2,2026-06-01 14:08:11,Punggol,UND-M-03,Men's Airism Mesh Boxer Briefs,Underwear,Men,14.9,14.9,False,1,14.9,PayNow
BUG-20260601-0766,2,2026-06-01 20:50:06,BUGIS,UND-M-08,Men's Airism V-Neck Undershirt,Underwear,MEN,9.9,9.9,False,1,9.9,NETS
BUG-20260601-0003,2,2026-06-01 14:49:19,Bugis,UND-W-03,Women's Cotton Blend Briefs,Underwear,Women,9.9,9.9,False,1,9.9,Cash
BUG-20260601-0529,1,2026-06-01 13:03:06,Bugis,UND-W-01,Women's Airism Bikini Shorts,Underwear,Women,9.9,9.9,False,1,9.9,PayNow
ORC-20260601-0393,1,2026-06-01 16:20:06,Orchard Central,BTM-M-08,Men's Relaxed Fit Denim Shorts,Bottoms,Men,22.99,29.9,True,1,22.99,PayNow
ORC-20260601-0051,1,2026-06-01 14:51:57,Orchard Central,TOP-W-02,Women's Ribbed Long Sleeve Turtleneck,Tops,Women,19.9,19.9,False,1,19.9,Card
ORC-20260601-0589,2,2026-06-01 21:54:19,Orchard Central,SOK-W-03,Women's Airism Low-Cut Socks,Socks,Women,5.9,5.9,False,1,5.9,Card
PUN-20260601-0290,2,2026-06-01 21:30:55,Punggol,SOK-M-02,Men's Pile Crew Socks,Socks,Men,5.9,5.9,False,1,5.9,card
BUG-20260601-0617,1,2026-06-01 20:07:19,Bugis,SOK-W-04,Women's Ribbed Crew Socks,Socks,Women,5.9,5.9,False,1,5.9,Card
BUG-20260601-0059,2,2026-06-01 14:08:48,Bugis,TOP-M-06,Men's Fleece Full-Zip Hoodie,Tops,Men,39.9,39.9,False,1,39.9,Card
BUG-20260601-0456,2,2026-06-01 16:33:25,  Bugis  ,BTM-M-02,Men's Slim Fit Chino Trousers,Bottoms,Men,29.9,29.9,False,1,29.9,Card
ORC-20260601-1089,1,2026-06-01 20:30:13,Orchard Central,BTM-M-01,Men's Ezy Ankle Pants,Bottoms,Men,29.9,29.9,False,1,29.9,Card
ORC-20260601-0715,1,2026-06-01 17:20:39,Orchard Central,SOK-M-02,Men's Pile Crew Socks,Socks,Men,5.9,5.9,False,2,11.8,Card
ORC-20260601-0585,1,2026-06-01 19:35:34,Orchard Central,BTM-M-02,  Men's Slim Fit Chino Trousers  ,Bottoms,Men,29.9,29.9,False,1,29.9,Cash
ORC-20260601-0721,1,2026-06-01 20:40:21,Orchard Central,SOK-W-03,Women's Airism Low-Cut Socks,Socks,Women,5.9,5.9,False,1,5.9,Cash
ORC-20260601-0886,2,2026-06-01 18:18:38,ORCHARD CENTRAL,SOK-W-09,  Women's No-Show Sneaker Socks  ,Socks,Women,5.9,5.9,False,1,5.9,PayNow
BUG-20260601-0380,2,2026-06-01 14:08:44,Bugis,TOP-M-02,Men's Supima Cotton Polo Shirt,tops,Men,29.9,29.9,False,1,29.9,Card
ORC-20260601-0219,1,2026-06-01 21:54:54,Orchard Central,TOP-M-04,Men's Oxford Long Sleeve Shirt,Tops,Men,29.9,29.9,False,1,29.9,Card
ORC-20260601-0834,3,2026-06-01 11:56:52,Orchard Central,UND-M-01,Men's Airism Boxer Briefs,Underwear,Men,14.9,14.9,False,1,14.9,Card
BUG-20260601-0772,2,2026-06-01 22:14:25,Bugis,TOP-W-04,Women's Heattech Crew Neck Long Sleeve Tee,Tops,Women,14.9,14.9,False,1,14.9,PayNow
BUG-20260601-0618,2,2026-06-01 11:21:30,Bugis,BTM-M-03,Men's Selvedge Regular Fit Jeans,Bottoms,men,59.9,59.9,False,1,59.9,NETS
BUG-20260601-0827,3,2026-06-01 20:00:37,Bugis,BTM-W-06,Women's Jersey Jogger Pants,BOTTOMS,Women,21.94,29.9,True,1,21.94,nets
PUN-20260601-0008,2,2026-06-01 19:02:42,Punggol,SOK-W-01,Women's Ankle Socks 3-Pack,Socks,Women,14.9,14.9,False,1,14.9,Card
BUG-20260601-0789,2,2026-06-01 21:16:50,Bugis,UND-W-03,Women's Cotton Blend Briefs,Underwear,Women,9.9,9.9,False,1,9.9,PayNow
ORC-20260601-0948,1,2026-06-01 12:27:21,Orchard Central,UND-M-02,Men's Cotton Blend Trunks,Underwear,Men,14.9,14.9,False,1,14.9,PayNow
BUG-20260601-0332,1,2026-06-01 12:28:23,Bugis,TOP-W-02,Women's Ribbed Long Sleeve Turtleneck,Tops,Women,19.9,19.9,False,1,19.9,NETS
ORC-20260601-0970,2,2026-06-01 13:54:27,Orchard Central,SOK-W-03,Women's Airism Low-Cut Socks,Socks,Women,5.9,5.9,False,1,5.9,Cash
ORC-20260601-0135,1,2026-06-01 19:42:19,Orchard Central,SOK-W-04,Women's Ribbed Crew Socks,socks,Women,5.9,5.9,False,1,5.9,PayNow
ORC-20260601-0857,2,2026-06-01 19:35:49,Orchard Central,BTM-W-09,Women's Sweat Shorts,Bottoms,Women,19.9,19.9,False,1,19.9,NETS
BUG-20260601-0242,2,2026-06-01 14:49:42,Bugis,UND-W-03,Women's Cotton Blend Briefs,Underwear,Women,9.9,9.9,False,2,$19.8,PayNow
BUG-20260601-0069,3,2026-06-01 21:40:13,Bugis,BTM-W-01,Women's Ultra Stretch Skinny Jeans,Bottoms,Women,39.9,39.9,False,1,39.9,PayNow
PUN-20260601-0501,3,2026-06-01 11:03:15,Punggol,TOP-M-06,Men's Fleece Full-Zip Hoodie,Tops,Men,39.9,39.9,False,1,39.9,Card
ORC-20260601-0631,3,2026-06-01 21:00:26,Orchard Central,SOK-W-02,Women's Pile Crew Socks,Socks,Women,5.9,5.9,False,1,5.9,NETS
BUG-20260601-0763,3,2026-06-01 18:01:57,Bugis,SOK-M-01,Men's Ankle Socks 3-Pack,Socks,Men,14.9,14.9,False,1,14.9,Card
BUG-20260601-0368,2,2026-06-01 16:26:37,Bugis,SOK-W-02,Women's Pile Crew Socks,Socks,Women,5.9,5.9,False,1,5.9,Card
PUN-20260601-0573,2,2026-06-01 11:10:25,Punggol,SOK-W-06,Women's Heattech Socks,Socks,Women,9.9,9.9,False,1,9.9,Cash
BUG-20260601-0213,1,2026-06-01 14:31:31,Bugis,UND-W-09,Women's Cotton Boyshorts,Underwear,Women,9.9,9.9,False,1,9.9,NETS
ORC-20260601-0335,2,2026-06-01 20:25:43,Orchard Central,SOK-M-01,Men's Ankle Socks 3-Pack,Socks,Men,14.9,14.9,False,2,29.8,PayNow
BUG-20260601-0302,2,2026-06-01 17:41:21,Bugis,SOK-M-04,Men's Ribbed Crew Socks,Socks,Men,5.9,5.9,False,1,5.9,PayNow
BUG-20260601-0362,2,2026-06-01 21:43:26,Bugis,SOK-M-01,Men's Ankle Socks 3-Pack,Socks,Men,$14.9,14.9,False,2,29.8,NETS
ORC-20260601-0330,2,2026-06-01 16:05:59,Orchard Central,UND-W-01,Women's Airism Bikini Shorts,UNDERWEAR,Women,9.9,9.9,False,1,9.9,Card
ORC-20260601-1028,2,2026-06-01 22:57:50,Orchard Central,SOK-M-02,Men's Pile Crew Socks,Socks,Men,5.9,5.9,False,1,5.9,Card
BUG-20260601-0602,3,2026-06-01 20:30:24,Bugis,SOK-W-04,Women's Ribbed Crew Socks,Socks,WOMEN,5.9,5.9,False,1,5.9,Cash
BUG-20260601-0301,2,2026-06-01 20:12:19,Bugis,UND-M-04,Men's Cotton Crew Neck Undershirt,Underwear,Men,14.9,14.9,False,1,14.9,Card
ORC-20260601-0224,3,2026-06-01 22:32:29,Orchard Central,BTM-W-08,  Women's Smart Ankle Pants  ,Bottoms,Women,39.9,39.9,False,1,39.9,Card
ORC-20260601-0184,3,2026-06-01 13:42:48,Orchard Central,UND-M-03,Men's Airism Mesh Boxer Briefs,Underwear,Men,14.9,14.9,False,1,14.9,Card
ORC-20260601-0734,3,2026-06-01 21:49:38,Orchard Central,TOP-M-01,Men's Airism Cotton Crew Neck T-Shirt,tops,Men,14.9,14.9,False,1,14.9,NETS
BUG-20260601-0633,3,2026-06-01 20:05:11,Bugis,SOK-W-04,Women's Ribbed Crew Socks,SOCKS,Women,5.9,5.9,False,1,5.9,Cash
BUG-20260601-0141,2,2026-06-01 13:16:00,bugis,TOP-W-04,Women's Heattech Crew Neck Long Sleeve Tee,Tops,Women,14.9,14.9,False,1,14.9,NETS
BUG-20260601-0480,3,2026-06-01 18:03:23,BUGIS,SOK-W-04,Women's Ribbed Crew Socks,Socks,Women,5.9,5.9,False,2,11.8,Cash
PUN-20260601-0451,1,2026-06-01 21:59:39,Punggol,SOK-M-01,  Men's Ankle Socks 3-Pack  ,Socks,Men,14.9,14.9,False,1,14.9,PayNow
PUN-20260601-0469,3,2026-06-01 18:18:06,Punggol,UND-W-04,Women's Airism T-Shirt Bra,Underwear,Women,29.9,29.9,False,2,59.8,Card
BUG-20260601-0475,1,2026-06-01 17:42:15,BUGIS,TOP-W-01,Women's Airism Cotton Crew Neck T-Shirt,Tops,Women,14.9,14.9,False,1,14.9,PayNow
ORC-20260601-0949,2,2026-06-01 21:29:51,Orchard Central,SOK-M-03,Men's Airism Low-Cut Socks,Socks,Men,5.9,5.9,False,1,5.9,Card
PUN-20260601-0571,3,2026-06-01 17:40:39,  Punggol  ,SOK-W-04,Women's Ribbed Crew Socks,Socks,Women,5.9,5.9,False,1,5.9,Card
BUG-20260601-0233,3,2026-06-01 20:38:27,Bugis,SOK-M-04,Men's Ribbed Crew Socks,Socks,Men,5.9,5.9,False,1,5.9,Card
ORC-20260601-0122,1,2026-06-01 21:25:00,Orchard Central,UND-W-08,  Women's Airism Camisole  ,Underwear,Women,14.9,14.9,False,2,29.8,Cash
BUG-20260601-0143,1,2026-06-01 18:02:11,  bugis  ,BTM-W-03,Women's Ezy Ankle Pants,Bottoms,Women,29.9,29.9,False,1,29.9,Card
BUG-20260601-0299,2,2026-06-01 19:22:15,Bugis,SOK-M-02,Men's Pile Crew Socks,Socks,Men,5.9,5.9,False,1,5.9,Card
ORC-20260601-1019,2,2026-06-01 19:45:10,Orchard Central,SOK-M-04,Men's Ribbed Crew Socks,Socks,men,5.9,5.9,False,1,5.9,Cash
ORC-20260601-0373,2,2026-06-01 22:12:30,Orchard Central,TOP-M-02,Men's Supima Cotton Polo Shirt,Tops,Men,29.9,29.9,False,1,29.9,PayNow
ORC-20260601-0442,1,2026-06-01 18:28:09,Orchard Central,SOK-W-10,Women's Wool Blend Socks,Socks,Women,9.9,9.9,False,1,9.9,PayNow
BUG-20260601-0826,1,2026-06-01 21:50:24,Bugis,SOK-M-02,Men's Pile Crew Socks,Socks,Men,5.9,5.9,False,1,5.9,Card
ORC-20260601-1119,1,2026-06-01 20:52:14,Orchard Central,UND-W-02,Women's Wireless Bra,UNDERWEAR,Women,29.9,29.9,False,1,29.9,NETS
BUG-20260601-0224,2,2026-06-01 21:35:15,Bugis,SOK-M-01,Men's Ankle Socks 3-Pack,Socks,MEN,14.9,14.9,False,1,14.9,NETS
ORC-20260601-1133,1,2026-06-01 14:33:40,Orchard Central,SOK-M-02,Men's Pile Crew Socks,Socks,Men,5.9,5.9,False,1,5.9,Card
BUG-20260601-0765,1,2026-06-01 18:12:56,Bugis,BTM-M-04,Men's Dry Stretch Shorts,Bottoms,Men,19.9,19.9,False,1,$19.9,Card
BUG-20260601-0541,3,2026-06-01 19:20:29,Bugis,SOK-W-01,Women's Ankle Socks 3-Pack,Socks,Women,14.9,14.9,False,1,14.9,NETS
ORC-20260601-0131,3,2026-06-01 13:34:45,Orchard Central,SOK-M-02,Men's Pile Crew Socks,Socks,Men,5.9,5.9,False,1,5.9,PayNow
BUG-20260601-0483,1,2026-06-01 13:06:16,Bugis,UND-W-01,  Women's Airism Bikini Shorts  ,underwear,Women,9.9,9.9,False,1,9.9,Card
ORC-20260601-0983,3,2026-06-01 14:17:17,Orchard Central,TOP-W-03,Women's Silky Satin Blouse,Tops,Women,39.9,39.9,False,1,39.9,Card
ORC-20260601-0880,1,2026-06-01 20:44:43,Orchard Central,UND-M-04,Men's Cotton Crew Neck Undershirt,Underwear,Men,14.9,14.9,False,1,14.9,Card
ORC-20260601-0090,2,2026-06-01 16:59:01,Orchard Central,SOK-W-03,Women's Airism Low-Cut Socks,Socks,Women,5.9,5.9,False,2,11.8,Card
ORC-20260601-0222,3,2026-06-01 19:42:07,  Orchard Central  ,TOP-W-04,Women's Heattech Crew Neck Long Sleeve Tee,Tops,Women,14.9,14.9,False,1,14.9,NETS
ORC-20260601-0607,1,2026-06-01 21:49:04,Orchard Central,BTM-W-04,Women's Denim Straight Jeans,Bottoms,Women,49.9,49.9,False,1,49.9,Card
ORC-20260601-0652,2,2026-06-01 18:50:47,Orchard Central,SOK-W-10,Women's Wool Blend Socks,Socks,Women,9.9,9.9,False,1,9.9,PayNow
ORC-20260601-0899,3,2026-06-01 20:45:12,Orchard Central,UND-M-01,Men's Airism Boxer Briefs,Underwear,Men,14.9,14.9,False,1,14.9,PayNow
ORC-20260601-0287,1,2026-06-01 11:07:31,Orchard Central,TOP-M-01,Men's Airism Cotton Crew Neck T-Shirt,tops,MEN,14.9,14.9,False,1,14.9,NETS
BUG-20260601-0437,1,2026-06-01 18:36:37,bugis,SOK-M-02,Men's Pile Crew Socks,Socks,MEN,5.9,5.9,False,2,11.8,PayNow
BUG-20260601-0324,1,2026-06-01 15:44:10,Bugis,SOK-W-02,Women's Pile Crew Socks,SOCKS,Women,5.9,5.9,False,1,5.9,PayNow
ORC-20260601-0985,1,2026-06-01 19:56:30,Orchard Central,BTM-M-08,Men's Relaxed Fit Denim Shorts,Bottoms,Men,22.99,29.9,True,1,22.99,Cash
BUG-20260601-0379,1,2026-06-01 21:35:05,Bugis,UND-M-06,  Men's Airism Sleeveless Undershirt  ,Underwear,Men,9.9,9.9,False,1,9.9,Card
BUG-20260601-0156,1,2026-06-01 14:17:24,Bugis,SOK-M-04,Men's Ribbed Crew Socks,Socks,Men,5.9,5.9,False,1,5.9,PayNow
ORC-20260601-0971,1,2026-06-01 17:29:39,Orchard Central,TOP-M-04,Men's Oxford Long Sleeve Shirt,Tops,Men,29.9,29.9,False,1,29.9,Card
ORC-20260601-0143,1,2026-06-01 20:12:50,Orchard Central,SOK-W-02,Women's Pile Crew Socks,SOCKS,Women,5.9,5.9,False,1,5.9,PayNow
ORC-20260601-0697,2,2026-06-01 16:22:09,Orchard Central,BTM-W-01,Women's Ultra Stretch Skinny Jeans,Bottoms,women,39.9,39.9,False,1,39.9,Card
ORC-20260601-0474,3,2026-06-01 21:26:40,Orchard Central,TOP-W-03,Women's Silky Satin Blouse,Tops,women,39.9,39.9,False,1,39.9,CASH
ORC-20260601-0364,2,2026-06-01 13:14:12,Orchard Central,BTM-M-08,Men's Relaxed Fit Denim Shorts,Bottoms,Men,22.99,29.9,True,1,22.99,Card
ORC-20260601-0828,1,2026-06-01 20:39:30,  Orchard Central  ,BTM-M-08,Men's Relaxed Fit Denim Shorts,Bottoms,Men,22.99,29.9,True,1,22.99,Cash
ORC-20260601-0887,1,2026-06-01 20:39:33,Orchard Central,BTM-M-04,Men's Dry Stretch Shorts,Bottoms,men,19.9,19.9,False,1,19.9,card
PUN-20260601-0292,2,2026-06-01 20:12:17,Punggol,UND-W-01,  Women's Airism Bikini Shorts  ,Underwear,women,9.9,9.9,False,2,19.8,Card
ORC-20260601-0021,1,2026-06-01 18:34:33,Orchard Central,TOP-W-09,Women's Drape Sleeveless Top,Tops,Women,19.9,19.9,False,1,19.9,Card
BUG-20260601-0830,2,2026-06-01 19:52:49,Bugis,SOK-W-02,Women's Pile Crew Socks,Socks,Women,5.9,5.9,False,2,11.8,Card
ORC-20260601-0159,1,2026-06-01 16:30:53,Orchard Central,SOK-M-01,Men's Ankle Socks 3-Pack,Socks,Men,14.9,14.9,False,1,14.9,Cash
BUG-20260601-0319,1,2026-06-01 19:06:13,Bugis,UND-W-03,Women's Cotton Blend Briefs,Underwear,Women,9.9,9.9,False,2,19.8,Nets
BUG-20260601-0705,1,2026-06-01 21:35:52,Bugis,SOK-M-02,Men's Pile Crew Socks,socks,Men,5.9,5.9,False,1,5.9,Cash
BUG-20260601-0426,2,2026-06-01 20:07:37,Bugis,UND-M-02,Men's Cotton Blend Trunks,Underwear,Men,14.9,14.9,False,1,14.9,
PUN-20260601-0495,1,2026-06-01 15:58:12,Punggol,SOK-W-03,Women's Airism Low-Cut Socks,Socks,Women,5.9,5.9,False,1,5.9,PayNow
ORC-20260601-0249,1,2026-06-01 20:05:21,Orchard Central,SOK-M-02,Men's Pile Crew Socks,Socks,Men,5.9,5.9,False,1,5.9,Card
PUN-20260601-0339,2,2026-06-01 14:31:00,Punggol,SOK-W-03,Women's Airism Low-Cut Socks,SOCKS,Women,5.9,5.9,False,1,5.9,Card
BUG-20260601-0594,2,2026-06-01 12:02:14,Bugis,SOK-W-02,  Women's Pile Crew Socks  ,Socks,Women,5.9,5.9,False,1,5.9,PayNow
ORC-20260601-0247,1,2026-06-01 19:57:59,Orchard Central,TOP-M-01,Men's Airism Cotton Crew Neck T-Shirt,tops,Men,14.9,14.9,False,1,14.9,PayNow
ORC-20260601-0008,1,2026-06-01 11:41:46,Orchard Central,SOK-W-04,Women's Ribbed Crew Socks,Socks,Women,5.9,5.9,False,1,5.9,paynow
PUN-20260601-0363,2,2026-06-01 15:55:17,Punggol,SOK-W-01,Women's Ankle Socks 3-Pack,Socks,Women,14.9,14.9,False,1,14.9,Card
ORC-20260601-0385,1,2026-06-01 12:52:42,Orchard Central,SOK-W-02,Women's Pile Crew Socks,Socks,Women,5.9,5.9,False,1,5.9,Card
PUN-20260601-0413,3,2026-06-01 18:25:29,Punggol,SOK-M-01,Men's Ankle Socks 3-Pack,Socks,Men,14.9,14.9,False,1,14.9,Card
BUG-20260601-0472,1,2026-06-01 12:39:23,  Bugis  ,BTM-M-02,Men's Slim Fit Chino Trousers,bottoms,Men,29.9,29.9,False,1,29.9,PayNow
PUN-20260601-0262,2,2026-06-01 19:31:08,Punggol,TOP-W-01,Women's Airism Cotton Crew Neck T-Shirt,Tops,Women,$14.9,14.9,False,1,$14.9,card
ORC-20260601-1025,1,2026-06-01 12:17:20,ORCHARD CENTRAL,TOP-W-02,Women's Ribbed Long Sleeve Turtleneck,Tops,Women,19.9,19.9,False,1,19.9,Card
BUG-20260601-0531,2,2026-06-01 16:37:58,Bugis,UND-M-02,Men's Cotton Blend Trunks,Underwear,Men,$14.9,14.9,False,2,29.8,Cash
PUN-20260601-0222,2,2026-06-01 20:18:58,  Punggol  ,BTM-W-02,Women's High-Rise Wide Leg Pants,Bottoms,Women,39.9,39.9,False,1,39.9,NETS
ORC-20260601-0782,1,2026-06-01 22:12:38,Orchard Central,SOK-M-04,Men's Ribbed Crew Socks,Socks,Men,5.9,5.9,False,1,5.9,Card
ORC-20260601-0455,2,2026-06-01 12:21:43,Orchard Central,SOK-W-03,Women's Airism Low-Cut Socks,Socks,Women,5.9,5.9,False,2,11.8,Card
ORC-20260601-0278,2,2026-06-01 18:08:43,Orchard Central,UND-M-03,Men's Airism Mesh Boxer Briefs,Underwear,Men,14.9,14.9,False,1,14.9,PayNow
PUN-20260601-0182,1,2026-06-01 21:14:44,Punggol,UND-M-02,Men's Cotton Blend Trunks,Underwear,Men,14.9,14.9,False,1,14.9,Cash
BUG-20260601-0277,2,2026-06-01 20:39:46,Bugis,SOK-W-01,Women's Ankle Socks 3-Pack,SOCKS,Women,14.9,14.9,False,2,29.8,card
BUG-20260601-0040,1,2026-06-01 20:07:32,Bugis,BTM-M-04,Men's Dry Stretch Shorts,Bottoms,Men,19.9,19.9,False,1,19.9,Cash
BUG-20260601-0199,1,2026-06-01 16:25:15,Bugis,SOK-W-03,Women's Airism Low-Cut Socks,Socks,Women,$5.9,5.9,False,1,5.9,PayNow
PUN-20260601-0433,1,2026-06-01 12:54:34,Punggol,SOK-M-04,Men's Ribbed Crew Socks,SOCKS,Men,5.9,5.9,False,2,11.8,PayNow
ORC-20260601-0077,1,2026-06-01 20:19:53,Orchard Central,UND-M-04,Men's Cotton Crew Neck Undershirt,Underwear,Men,14.9,14.9,False,2,29.8,Card
BUG-20260601-0360,2,2026-06-01 22:08:08,Bugis,SOK-W-03,Women's Airism Low-Cut Socks,socks,Women,5.9,5.9,False,2,11.8,NETS
ORC-20260601-0269,2,2026-06-01 15:14:36,Orchard Central,UND-W-01,Women's Airism Bikini Shorts,Underwear,Women,9.9,9.9,False,2,19.8,NETS
ORC-20260601-0400,1,2026-06-01 20:59:21,Orchard Central,SOK-W-04,Women's Ribbed Crew Socks,Socks,Women,5.9,5.9,False,1,5.9,PayNow
ORC-20260601-0520,2,2026-06-01 15:33:56,Orchard Central,TOP-W-01,Women's Airism Cotton Crew Neck T-Shirt,Tops,Women,14.9,14.9,False,1,14.9,Cash
ORC-20260601-0372,2,2026-06-01 19:32:56,Orchard Central,BTM-W-02,Women's High-Rise Wide Leg Pants,Bottoms,Women,39.9,39.9,False,1,39.9,Card
PUN-20260601-0172,2,2026-06-01 12:23:38,  Punggol  ,TOP-W-04,Women's Heattech Crew Neck Long Sleeve Tee,Tops,Women,14.9,14.9,False,1,14.9,PayNow
ORC-20260601-0527,2,2026-06-01 20:34:31,  Orchard Central  ,SOK-W-04,Women's Ribbed Crew Socks,Socks,Women,5.9,5.9,False,1,5.9,Card
BUG-20260601-0552,1,2026-06-01 20:50:04,Bugis,SOK-M-01,Men's Ankle Socks 3-Pack,Socks,Men,14.9,14.9,False,1,14.9,PayNow
PUN-20260601-0395,1,2026-06-01 18:02:42,  Punggol  ,SOK-W-02,Women's Pile Crew Socks,Socks,Women,5.9,5.9,False,1,5.9,Cash
ORC-20260601-0279,2,2026-06-01 17:31:25,  Orchard Central  ,BTM-W-09,Women's Sweat Shorts,Bottoms,Women,19.9,19.9,False,1,19.9,Cash
ORC-20260601-0870,1,2026-06-01 15:44:33,Orchard Central,UND-M-01,Men's Airism Boxer Briefs,Underwear,Men,14.9,14.9,False,1,14.9,NETS
ORC-20260601-1079,1,2026-06-01 14:02:35,Orchard Central,UND-M-02,Men's Cotton Blend Trunks,Underwear,Men,$14.9,14.9,False,1,14.9,PayNow
BUG-20260601-0647,1,2026-06-01 15:31:41,Bugis,UND-M-08,Men's Airism V-Neck Undershirt,Underwear,Men,9.9,9.9,False,2,19.8,NETS
PUN-20260601-0538,1,2026-06-01 14:30:48,PUNGGOL,SOK-M-02,Men's Pile Crew Socks,Socks,Men,5.9,5.9,False,2,11.8,Card
ORC-20260601-0313,3,2026-06-01 21:17:56,Orchard Central,UND-W-01,Women's Airism Bikini Shorts,Underwear,Women,9.9,9.9,False,1,9.9,Card
PUN-20260601-0401,1,2026-06-01 15:54:02,Punggol,SOK-M-04,Men's Ribbed Crew Socks,SOCKS,Men,5.9,5.9,False,1,5.9,
BUG-20260601-0397,3,2026-06-01 20:39:12,Bugis,SOK-W-04,Women's Ribbed Crew Socks,Socks,Women,5.9,5.9,False,1,5.9,Card
BUG-20260601-0814,1,2026-06-01 21:04:58,Bugis,BTM-M-03,Men's Selvedge Regular Fit Jeans,BOTTOMS,Men,59.9,59.9,False,1,$59.9,Card
ORC-20260601-0498,1,2026-06-01 18:12:15,Orchard Central,UND-M-01,Men's Airism Boxer Briefs,Underwear,Men,14.9,14.9,False,1,14.9,Card
BUG-20260601-0378,1,2026-06-01 19:50:05,Bugis,BTM-M-02,Men's Slim Fit Chino Trousers,Bottoms,Men,29.9,29.9,False,1,29.9,Card
BUG-20260601-0008,1,2026-06-01 16:59:11,Bugis,UND-W-03,Women's Cotton Blend Briefs,underwear,Women,9.9,9.9,False,1,9.9,PayNow
PUN-20260601-0445,1,2026-06-01 21:50:52,Punggol,SOK-W-02,Women's Pile Crew Socks,Socks,Women,5.9,5.9,False,1,5.9,Card
BUG-20260601-0134,1,2026-06-01 17:36:02,Bugis,UND-M-02,Men's Cotton Blend Trunks,UNDERWEAR,Men,14.9,14.9,False,1,14.9,Cash
BUG-20260601-0477,1,2026-06-01 20:48:59,Bugis,UND-W-04,Women's Airism T-Shirt Bra,underwear,Women,29.9,29.9,False,1,29.9,PayNow
ORC-20260601-0087,2,2026-06-01 16:12:55,Orchard Central,SOK-M-04,Men's Ribbed Crew Socks,Socks,Men,5.9,5.9,False,1,5.9,PayNow
PUN-20260601-0264,2,2026-06-01 21:29:09,Punggol,SOK-W-06,Women's Heattech Socks,Socks,Women,9.9,9.9,False,1,9.9,Card
ORC-20260601-1083,1,2026-06-01 14:46:44,Orchard Central,UND-M-02,Men's Cotton Blend Trunks,Underwear,Men,$14.9,14.9,False,1,14.9,NETS
PUN-20260601-0222,1,2026-06-01 20:18:58,Punggol,BTM-M-01,Men's Ezy Ankle Pants,Bottoms,Men,29.9,29.9,False,1,29.9,NETS
BUG-20260601-0260,2,2026-06-01 13:02:17,  Bugis  ,TOP-M-03,Men's Dry-EX Crew Neck T-Shirt,Tops,Men,19.9,19.9,False,1,19.9,NETS
ORC-20260601-0216,3,2026-06-01 20:58:24,Orchard Central,SOK-W-04,Women's Ribbed Crew Socks,Socks,Women,5.9,5.9,False,1,5.9,NETS
PUN-20260601-0470,2,2026-06-01 20:35:16,Punggol,TOP-W-03,Women's Silky Satin Blouse,Tops,Women,39.9,39.9,False,1,39.9,PAYNOW
BUG-20260601-0427,1,2026-06-01 15:51:51,  Bugis  ,BTM-W-03,Women's Ezy Ankle Pants,Bottoms,Women,29.9,29.9,False,1,29.9,Card
ORC-20260601-0730,1,2026-06-01 20:20:47,Orchard Central,UND-M-04,Men's Cotton Crew Neck Undershirt,Underwear,Men,14.9,14.9,False,2,29.8,PayNow
ORC-20260601-0780,1,2026-06-01 15:00:12,Orchard Central,TOP-M-03,Men's Dry-EX Crew Neck T-Shirt,Tops,Men,19.9,19.9,False,1,19.9,Card
PUN-20260601-0415,2,2026-06-01 22:15:10,Punggol,SOK-W-01,Women's Ankle Socks 3-Pack,Socks,Women,14.9,14.9,False,1,14.9,PayNow
ORC-20260601-0141,1,2026-06-01 20:38:31,orchard central,SOK-W-04,Women's Ribbed Crew Socks,Socks,Women,5.9,5.9,False,2,11.8,NETS
ORC-20260601-0337,2,2026-06-01 22:03:16,Orchard Central,SOK-M-04,Men's Ribbed Crew Socks,Socks,Men,5.9,5.9,False,1,5.9,NETS
PUN-20260601-0308,1,2026-06-01 16:31:47,Punggol,SOK-W-02,Women's Pile Crew Socks,Socks,Women,5.9,5.9,False,1,5.9,Cash
ORC-20260601-0646,3,2026-06-01 18:06:32,Orchard Central,SOK-W-01,Women's Ankle Socks 3-Pack,Socks,Women,14.9,14.9,False,2,29.8,CASH
ORC-20260601-0412,2,2026-06-01 16:23:31,Orchard Central,SOK-W-04,Women's Ribbed Crew Socks,socks,Women,5.9,5.9,False,1,5.9,Card
ORC-20260601-1013,3,2026-06-01 22:11:38,Orchard Central,SOK-W-04,Women's Ribbed Crew Socks,Socks,Women,$5.9,5.9,False,2,11.8,Cash
BUG-20260601-0215,1,2026-06-01 20:03:25,bugis,BTM-M-04,Men's Dry Stretch Shorts,Bottoms,Men,19.9,19.9,False,1,19.9,Cash
ORC-20260601-0571,2,2026-06-01 13:57:59,  Orchard Central  ,SOK-M-03,Men's Airism Low-Cut Socks,Socks,Men,5.9,5.9,False,1,5.9,Cash
BUG-20260601-0521,2,2026-06-01 17:04:43,Bugis,SOK-M-04,Men's Ribbed Crew Socks,Socks,men,5.9,5.9,False,1,5.9,Card
ORC-20260601-0361,1,2026-06-01 17:22:43,Orchard Central,TOP-W-01,Women's Airism Cotton Crew Neck T-Shirt,Tops,women,14.9,14.9,False,1,14.9,Cash
PUN-20260601-0148,2,2026-06-01 11:07:08,Punggol,SOK-M-02,Men's Pile Crew Socks,Socks,men,5.9,5.9,False,1,5.9,PayNow
ORC-20260601-0298,2,2026-06-01 19:36:25,Orchard Central,TOP-W-04,  Women's Heattech Crew Neck Long Sleeve Tee  ,Tops,Women,14.9,14.9,False,1,14.9,PayNow
PUN-20260601-0541,2,2026-06-01 18:38:42,Punggol,TOP-W-01,Women's Airism Cotton Crew Neck T-Shirt,Tops,Women,14.9,14.9,False,1,14.9,Card
ORC-20260601-0847,2,2026-06-01 17:30:05,Orchard Central,SOK-M-03,Men's Airism Low-Cut Socks,Socks,men,5.9,5.9,False,1,$5.9,Card
ORC-20260601-0208,3,2026-06-01 11:08:27,orchard central,UND-M-02,Men's Cotton Blend Trunks,Underwear,Men,14.9,14.9,False,1,14.9,PayNow
BUG-20260601-0616,1,2026-06-01 18:31:46,Bugis,TOP-W-02,Women's Ribbed Long Sleeve Turtleneck,Tops,Women,19.9,19.9,False,1,19.9,PayNow
BUG-20260601-0745,3,2026-06-01 21:19:34,Bugis,SOK-M-02,Men's Pile Crew Socks,Socks,Men,5.9,5.9,False,1,5.9,Card
PUN-20260601-0416,1,2026-06-01 12:57:08,Punggol,UND-W-03,Women's Cotton Blend Briefs,Underwear,women,9.9,9.9,False,1,9.9,NETS
ORC-20260601-1125,1,2026-06-01 18:18:50,Orchard Central,UND-M-02,Men's Cotton Blend Trunks,Underwear,Men,14.9,14.9,False,1,14.9,CARD
PUN-20260601-0195,2,2026-06-01 20:26:34,Punggol,TOP-W-04,Women's Heattech Crew Neck Long Sleeve Tee,TOPS,Women,14.9,14.9,False,1,$14.9,Cash
BUG-20260601-0522,1,2026-06-01 20:20:08,Bugis,TOP-W-03,Women's Silky Satin Blouse,Tops,Women,39.9,39.9,False,1,39.9,Card
ORC-20260601-0179,3,2026-06-01 13:45:23,Orchard Central,UND-M-02,Men's Cotton Blend Trunks,Underwear,Men,14.9,14.9,False,1,14.9,NETS
BUG-20260601-0425,2,2026-06-01 20:29:25,Bugis,TOP-M-02,Men's Supima Cotton Polo Shirt,tops,Men,29.9,29.9,False,1,29.9,CARD
PUN-20260601-0450,1,2026-06-01 21:39:52,Punggol,SOK-W-04,  Women's Ribbed Crew Socks  ,Socks,Women,5.9,5.9,False,1,5.9,PayNow
ORC-20260601-0382,1,2026-06-01 17:21:14,Orchard Central,SOK-M-02,Men's Pile Crew Socks,Socks,Men,5.9,5.9,False,2,11.8,PayNow
PUN-20260601-0194,1,2026-06-01 22:59:20,Punggol,SOK-W-03,Women's Airism Low-Cut Socks,Socks,Women,5.9,5.9,False,1,5.9,PayNow
ORC-20260601-0961,2,2026-06-01 20:31:12,orchard central,SOK-W-03,Women's Airism Low-Cut Socks,Socks,Women,5.9,5.9,False,1,$5.9,PayNow
BUG-20260601-0722,1,2026-06-01 21:46:58,Bugis,UND-W-01,Women's Airism Bikini Shorts,Underwear,Women,9.9,9.9,False,1,9.9,PayNow
PUN-20260601-0279,1,2026-06-01 19:04:06,Punggol,SOK-M-04,Men's Ribbed Crew Socks,Socks,Men,5.9,5.9,False,1,5.9,Card
BUG-20260601-0755,3,2026-06-01 20:54:30,BUGIS,SOK-M-02,Men's Pile Crew Socks,socks,Men,5.9,5.9,False,1,5.9,CASH
ORC-20260601-0774,1,2026-06-01 14:00:13,Orchard Central,SOK-W-03,Women's Airism Low-Cut Socks,Socks,Women,5.9,5.9,False,1,5.9,Card
BUG-20260601-0502,3,2026-06-01 14:49:13,  Bugis  ,TOP-M-04,Men's Oxford Long Sleeve Shirt,Tops,MEN,29.9,29.9,False,1,29.9,PayNow
PUN-20260601-0061,1,2026-06-01 17:00:23,Punggol,TOP-M-01,  Men's Airism Cotton Crew Neck T-Shirt  ,Tops,Men,14.9,14.9,False,1,14.9,Cash
ORC-20260601-0099,3,2026-06-01 21:46:44,Orchard Central,SOK-W-02,Women's Pile Crew Socks,Socks,Women,5.9,5.9,False,1,5.9,PayNow
ORC-20260601-0929,1,2026-06-01 19:56:00,Orchard Central,SOK-M-01,  Men's Ankle Socks 3-Pack  ,Socks,Men,14.9,14.9,False,1,14.9,NETS
PUN-20260601-0556,1,2026-06-01 18:05:57,PUNGGOL,BTM-W-07,Women's Linen Blend Wide Pants,Bottoms,Women,39.9,39.9,False,1,39.9,Cash
ORC-20260601-1101,3,2026-06-01 19:13:04,Orchard Central,SOK-W-02,Women's Pile Crew Socks,Socks,Women,5.9,5.9,False,1,5.9,PayNow
BUG-20260601-0774,2,2026-06-01 19:18:31,Bugis,SOK-W-02,Women's Pile Crew Socks,Socks,Women,5.9,5.9,False,1,5.9,card
ORC-20260601-0001,2,2026-06-01 20:01:58,Orchard Central,TOP-W-04,Women's Heattech Crew Neck Long Sleeve Tee,Tops,Women,14.9,14.9,False,1,14.9,Paynow
BUG-20260601-0728,3,2026-06-01 13:54:08,Bugis,SOK-M-04,Men's Ribbed Crew Socks,Socks,Men,5.9,5.9,False,1,5.9,Card
BUG-20260601-0270,1,2026-06-01 18:40:29,BUGIS,UND-W-03,Women's Cotton Blend Briefs,Underwear,Women,9.9,9.9,False,1,9.9,Card
BUG-20260601-0161,2,2026-06-01 15:23:30,Bugis,SOK-W-03,Women's Airism Low-Cut Socks,Socks,Women,5.9,5.9,False,1,5.9,Cash
BUG-20260601-0216,1,2026-06-01 14:05:48,bugis,SOK-W-01,Women's Ankle Socks 3-Pack,Socks,WOMEN,14.9,14.9,False,1,14.9,Cash
PUN-20260601-0276,3,2026-06-01 19:17:07,Punggol,TOP-W-02,Women's Ribbed Long Sleeve Turtleneck,Tops,Women,19.9,19.9,False,1,19.9,card
PUN-20260601-0439,1,2026-06-01 14:08:11,Punggol,UND-M-02,Men's Cotton Blend Trunks,Underwear,Men,14.9,14.9,False,1,14.9,paynow
ORC-20260601-0611,2,2026-06-01 19:30:38,Orchard Central,SOK-W-04,Women's Ribbed Crew Socks,Socks,Women,5.9,5.9,False,1,5.9,
BUG-20260601-0192,2,2026-06-01 21:59:08,Bugis,UND-M-02,Men's Cotton Blend Trunks,Underwear,Men,14.9,14.9,False,1,14.9,PayNow
ORC-20260601-0634,1,2026-06-01 18:46:04,Orchard Central,TOP-M-02,Men's Supima Cotton Polo Shirt,Tops,Men,29.9,29.9,False,1,29.9,card
PUN-20260601-0482,1,2026-06-01 18:57:03,Punggol,UND-M-01,Men's Airism Boxer Briefs,Underwear,Men,14.9,14.9,False,1,14.9,Card
BUG-20260601-0144,1,2026-06-01 15:02:24,Bugis,UND-M-03,Men's Airism Mesh Boxer Briefs,Underwear,Men,14.9,14.9,False,1,14.9,Cash
PUN-20260601-0006,1,2026-06-01 17:14:21,Punggol,BTM-W-01,Women's Ultra Stretch Skinny Jeans,Bottoms,women,39.9,39.9,False,1,39.9,Card
PUN-20260601-0321,3,2026-06-01 14:43:23,Punggol,UND-W-03,Women's Cotton Blend Briefs,Underwear,Women,9.9,9.9,False,1,9.9,PayNow
ORC-20260601-0311,2,2026-06-01 14:29:38,Orchard Central,SOK-M-03,Men's Airism Low-Cut Socks,Socks,Men,5.9,5.9,False,1,5.9,NETS
ORC-20260601-0401,3,2026-06-01 17:22:44,Orchard Central,SOK-M-04,Men's Ribbed Crew Socks,Socks,Men,5.9,5.9,False,2,11.8,Card
ORC-20260601-0422,3,2026-06-01 22:22:12,Orchard Central,TOP-M-04,Men's Oxford Long Sleeve Shirt,Tops,Men,29.9,29.9,False,1,29.9,PayNow
ORC-20260601-0130,3,2026-06-01 21:13:43,  Orchard Central  ,UND-W-01,Women's Airism Bikini Shorts,Underwear,Women,9.9,9.9,False,2,19.8,Card
BUG-20260601-0644,2,2026-06-01 21:12:30,Bugis,SOK-W-03,Women's Airism Low-Cut Socks,Socks,Women,5.9,5.9,False,2,11.8,NETS
ORC-20260601-0022,1,2026-06-01 22:02:55,Orchard Central,UND-W-03,Women's Cotton Blend Briefs,Underwear,Women,9.9,9.9,False,1,9.9,Card
BUG-20260601-0141,1,2026-06-01 13:16:00,Bugis,UND-W-01,Women's Airism Bikini Shorts,UNDERWEAR,Women,9.9,9.9,False,1,9.9,NETS
BUG-20260601-0112,1,2026-06-01 12:35:33,Bugis,TOP-W-02,Women's Ribbed Long Sleeve Turtleneck,Tops,Women,19.9,19.9,False,1,19.9,PayNow
BUG-20260601-0125,2,2026-06-01 21:49:49,Bugis,SOK-W-04,Women's Ribbed Crew Socks,Socks,Women,5.9,5.9,False,1,5.9,PAYNOW
BUG-20260601-0737,1,2026-06-01 13:06:08,Bugis,SOK-W-02,Women's Pile Crew Socks,Socks,women,5.9,5.9,False,1,5.9,Card
BUG-20260601-0208,1,2026-06-01 19:15:56,Bugis,TOP-W-01,Women's Airism Cotton Crew Neck T-Shirt,Tops,Women,14.9,14.9,False,1,14.9,Card
ORC-20260601-0023,1,2026-06-01 21:32:27,Orchard Central,TOP-M-01,Men's Airism Cotton Crew Neck T-Shirt,Tops,Men,14.9,14.9,False,1,14.9,Cash
BUG-20260601-0436,1,2026-06-01 17:30:09,Bugis,UND-W-03,Women's Cotton Blend Briefs,Underwear,Women,9.9,9.9,False,1,9.9,CARD
BUG-20260601-0011,1,2026-06-01 22:25:48,Bugis,BTM-M-04,  Men's Dry Stretch Shorts  ,Bottoms,Men,19.9,19.9,False,1,19.9,NETS
ORC-20260601-0516,1,2026-06-01 20:46:18,Orchard Central,UND-M-03,  Men's Airism Mesh Boxer Briefs  ,Underwear,Men,14.9,14.9,False,1,14.9,Card
PUN-20260601-0168,1,2026-06-01 21:07:48,Punggol,UND-M-02,Men's Cotton Blend Trunks,Underwear,Men,14.9,14.9,False,1,14.9,card
BUG-20260601-0453,2,2026-06-01 14:18:33,  Bugis  ,SOK-M-04,Men's Ribbed Crew Socks,Socks,Men,5.9,5.9,False,1,5.9,NETS
ORC-20260601-1072,1,2026-06-01 21:26:22,Orchard Central,UND-M-01,Men's Airism Boxer Briefs,Underwear,Men,14.9,14.9,False,1,14.9,paynow
ORC-20260601-0204,2,2026-06-01 19:15:56,Orchard Central,TOP-W-03,  Women's Silky Satin Blouse  ,Tops,Women,39.9,39.9,False,1,39.9,Card
BUG-20260601-0021,3,2026-06-01 21:37:31,Bugis,SOK-W-03,Women's Airism Low-Cut Socks,Socks,Women,5.9,5.9,False,1,5.9,Cash
ORC-20260601-0835,2,2026-06-01 19:08:05,Orchard Central,SOK-M-04,Men's Ribbed Crew Socks,Socks,Men,5.9,5.9,False,1,5.9,NETS
PUN-20260601-0095,1,2026-06-01 19:11:06,Punggol,SOK-W-03,Women's Airism Low-Cut Socks,Socks,Women,5.9,5.9,False,1,5.9,NETS
BUG-20260601-0423,1,2026-06-01 12:25:24,Bugis,TOP-W-04,  Women's Heattech Crew Neck Long Sleeve Tee  ,Tops,WOMEN,14.9,14.9,False,1,14.9,Card
ORC-20260601-0261,1,2026-06-01 20:48:58,Orchard Central,TOP-W-02,Women's Ribbed Long Sleeve Turtleneck,Tops,Women,19.9,19.9,False,1,19.9,Card
PUN-20260601-0274,1,2026-06-01 18:17:32,Punggol,BTM-M-04,Men's Dry Stretch Shorts,Bottoms,men,19.9,19.9,False,1,19.9,Card
ORC-20260601-1106,2,2026-06-01 16:15:05,ORCHARD CENTRAL,UND-M-07,Men's Stretch Cotton Boxers,Underwear,Men,14.9,14.9,False,1,14.9,Card
BUG-20260601-0400,2,2026-06-01 12:35:19,Bugis,SOK-W-01,Women's Ankle Socks 3-Pack,Socks,Women,14.9,14.9,False,1,14.9,Cash
ORC-20260601-0540,1,2026-06-01 20:32:39,Orchard Central,SOK-W-04,Women's Ribbed Crew Socks,Socks,Women,5.9,5.9,False,1,5.9,card
BUG-20260601-0721,1,2026-06-01 19:49:34,Bugis,SOK-M-03,Men's Airism Low-Cut Socks,Socks,Men,5.9,5.9,False,1,5.9,Card
ORC-20260601-1031,1,2026-06-01 21:37:40,Orchard Central,UND-M-03,Men's Airism Mesh Boxer Briefs,underwear,MEN,14.9,14.9,False,1,14.9,NETS
ORC-20260601-0818,1,2026-06-01 14:05:37,Orchard Central,BTM-M-02,Men's Slim Fit Chino Trousers,Bottoms,Men,29.9,29.9,False,1,29.9,PayNow
PUN-20260601-0417,2,2026-06-01 18:48:28,Punggol,SOK-M-02,Men's Pile Crew Socks,Socks,Men,5.9,5.9,False,1,5.9,Card
ORC-20260601-0205,2,2026-06-01 14:40:59,Orchard Central,BTM-W-02,Women's High-Rise Wide Leg Pants,Bottoms,Women,39.9,39.9,False,1,39.9,Card
BUG-20260601-0255,2,2026-06-01 18:10:13,Bugis,BTM-W-03,Women's Ezy Ankle Pants,BOTTOMS,Women,29.9,29.9,False,1,$29.9,Card
ORC-20260601-0862,1,2026-06-01 21:37:10,Orchard Central,UND-M-04,Men's Cotton Crew Neck Undershirt,Underwear,Men,14.9,14.9,False,1,14.9,Card
ORC-20260601-0468,1,2026-06-01 18:33:29,Orchard Central,SOK-M-04,Men's Ribbed Crew Socks,Socks,Men,5.9,5.9,False,1,5.9,Card
PUN-20260601-0577,1,2026-06-01 15:11:16,Punggol,UND-M-04,Men's Cotton Crew Neck Undershirt,Underwear,Men,14.9,14.9,False,1,$14.9,CARD
ORC-20260601-0574,2,2026-06-01 16:12:42,Orchard Central,TOP-M-02,Men's Supima Cotton Polo Shirt,Tops,Men,29.9,29.9,False,1,29.9,PayNow
ORC-20260601-1092,1,2026-06-01 15:49:00,Orchard Central,SOK-W-04,Women's Ribbed Crew Socks,Socks,Women,5.9,5.9,False,1,5.9,Card
BUG-20260601-0431,1,2026-06-01 21:14:28,Bugis,UND-W-03,Women's Cotton Blend Briefs,Underwear,Women,9.9,9.9,False,1,9.9,Card
BUG-20260601-0353,2,2026-06-01 18:26:57,Bugis,SOK-M-01,Men's Ankle Socks 3-Pack,Socks,MEN,14.9,14.9,False,2,29.8,PayNow
ORC-20260601-0581,3,2026-06-01 18:51:23,Orchard Central,UND-M-03,Men's Airism Mesh Boxer Briefs,Underwear,Men,14.9,14.9,False,1,14.9,Card
PUN-20260601-0552,2,2026-06-01 20:33:22,punggol,BTM-M-03,Men's Selvedge Regular Fit Jeans,BOTTOMS,Men,59.9,59.9,False,1,59.9,PayNow
ORC-20260601-0737,1,2026-06-01 18:41:19,Orchard Central,TOP-W-03,Women's Silky Satin Blouse,Tops,Women,39.9,39.9,False,1,39.9,
ORC-20260601-1066,2,2026-06-01 19:08:31,Orchard Central,SOK-W-02,Women's Pile Crew Socks,Socks,Women,5.9,5.9,False,1,5.9,Cash
ORC-20260601-0810,1,2026-06-01 15:45:15,Orchard Central,TOP-M-04,Men's Oxford Long Sleeve Shirt,Tops,Men,29.9,29.9,False,1,$29.9,Card
PUN-20260601-0529,3,2026-06-01 21:52:34,Punggol,SOK-W-01,Women's Ankle Socks 3-Pack,Socks,Women,14.9,14.9,False,2,29.8,Card
ORC-20260601-0482,2,2026-06-01 18:02:03,Orchard Central,UND-M-04,Men's Cotton Crew Neck Undershirt,underwear,Men,14.9,14.9,False,1,14.9,Cash
PUN-20260601-0307,2,2026-06-01 20:21:15,Punggol,TOP-W-02,Women's Ribbed Long Sleeve Turtleneck,Tops,Women,19.9,19.9,False,1,19.9,Card
BUG-20260601-0461,1,2026-06-01 20:23:42,Bugis,SOK-M-02,,Socks,Men,5.9,5.9,False,1,5.9,PayNow
ORC-20260601-0766,2,2026-06-01 13:44:34,Orchard Central,TOP-W-02,Women's Ribbed Long Sleeve Turtleneck,Tops,Women,19.9,19.9,False,1,19.9,Card
PUN-20260601-0153,2,2026-06-01 19:20:50,  Punggol  ,TOP-W-04,Women's Heattech Crew Neck Long Sleeve Tee,Tops,Women,14.9,14.9,False,1,14.9,NETS
ORC-20260601-0587,2,2026-06-01 21:13:34,Orchard Central,SOK-M-02,Men's Pile Crew Socks,socks,Men,5.9,5.9,False,2,11.8,Cash
ORC-20260601-0513,3,2026-06-01 19:21:28,Orchard Central,UND-M-04,Men's Cotton Crew Neck Undershirt,Underwear,Men,14.9,14.9,False,1,14.9,NETS
PUN-20260601-0075,1,2026-06-01 14:24:42,Punggol,TOP-W-02,Women's Ribbed Long Sleeve Turtleneck,Tops,Women,19.9,19.9,False,1,19.9,Card
BUG-20260601-0346,1,2026-06-01 16:30:29,  BUGIS  ,UND-M-04,Men's Cotton Crew Neck Undershirt,Underwear,Men,14.9,14.9,False,1,14.9,PayNow
BUG-20260601-0454,2,2026-06-01 17:58:07,  Bugis  ,UND-M-08,Men's Airism V-Neck Undershirt,Underwear,Men,$9.9,9.9,False,1,9.9,NETS
BUG-20260601-0399,1,2026-06-01 19:00:50,Bugis,SOK-M-10,Men's Wool Blend Socks,Socks,Men,9.9,9.9,False,1,$9.9,PayNow
ORC-20260601-0871,2,2026-06-01 16:15:09,orchard central,UND-M-03,  Men's Airism Mesh Boxer Briefs  ,Underwear,men,14.9,14.9,False,1,14.9,Card
BUG-20260601-0371,2,2026-06-01 20:26:38,Bugis,SOK-M-03,Men's Airism Low-Cut Socks,Socks,men,5.9,5.9,False,1,5.9,Card
ORC-20260601-0658,1,2026-06-01 21:45:57,Orchard Central,SOK-W-02,Women's Pile Crew Socks,Socks,Women,5.9,5.9,False,1,5.9,Card
BUG-20260601-0213,3,2026-06-01 14:31:31,Bugis,SOK-M-05,Men's Sport Ankle Socks,Socks,Men,5.9,5.9,False,2,$11.8,nets
BUG-20260601-0606,2,2026-06-01 19:16:47,bugis,BTM-W-01,Women's Ultra Stretch Skinny Jeans,Bottoms,Women,39.9,39.9,False,1,39.9,Cash
BUG-20260601-0573,2,2026-06-01 21:17:38,bugis,SOK-M-01,  Men's Ankle Socks 3-Pack  ,Socks,Men,14.9,14.9,False,1,14.9,Cash
BUG-20260601-0396,3,2026-06-01 20:43:17,Bugis,BTM-W-03,Women's Ezy Ankle Pants,Bottoms,Women,29.9,29.9,False,1,29.9,Card
PUN-20260601-0544,3,2026-06-01 15:30:11,Punggol,SOK-M-04,Men's Ribbed Crew Socks,Socks,men,5.9,5.9,False,1,5.9,Card
PUN-20260601-0481,3,2026-06-01 19:34:53,Punggol,SOK-M-03,Men's Airism Low-Cut Socks,Socks,Men,5.9,5.9,False,1,5.9,PayNow
ORC-20260601-0400,2,2026-06-01 20:59:21,Orchard Central,TOP-W-01,Women's Airism Cotton Crew Neck T-Shirt,Tops,Women,14.9,14.9,False,1,14.9,PayNow
ORC-20260601-0550,1,2026-06-01 12:58:04,Orchard Central,TOP-M-01,Men's Airism Cotton Crew Neck T-Shirt,Tops,Men,$14.9,14.9,False,1,14.9,Card
ORC-20260601-0453,1,2026-06-01 20:38:31,Orchard Central,SOK-W-02,Women's Pile Crew Socks,Socks,Women,$5.9,5.9,False,1,5.9,
BUG-20260601-0543,2,2026-06-01 19:52:00,Bugis,TOP-M-02,Men's Supima Cotton Polo Shirt,Tops,Men,29.9,29.9,False,1,29.9,Card
BUG-20260601-0690,2,2026-06-01 13:49:56,BUGIS,SOK-M-02,Men's Pile Crew Socks,Socks,Men,5.9,5.9,False,1,5.9,Cash
ORC-20260601-0373,1,2026-06-01 22:12:30,Orchard Central,TOP-M-02,Men's Supima Cotton Polo Shirt,Tops,Men,29.9,29.9,False,1,29.9,PayNow
BUG-20260601-0120,2,2026-06-01 17:16:42,Bugis,TOP-W-05,Women's Merino Blend Cardigan,Tops,women,31.36,39.9,True,1,31.36,Card
ORC-20260601-0016,1,2026-06-01 13:08:23,Orchard Central,SOK-W-04,Women's Ribbed Crew Socks,Socks,Women,5.9,5.9,False,1,5.9,Card
PUN-20260601-0180,2,2026-06-01 22:49:50,Punggol,SOK-M-01,Men's Ankle Socks 3-Pack,Socks,Men,14.9,14.9,False,2,29.8,Card
BUG-20260601-0273,1,2026-06-01 20:43:02,Bugis,TOP-W-01,Women's Airism Cotton Crew Neck T-Shirt,Tops,Women,14.9,14.9,False,1,14.9,NETS
ORC-20260601-0959,1,2026-06-01 14:31:50,Orchard Central,UND-M-03,Men's Airism Mesh Boxer Briefs,UNDERWEAR,Men,14.9,14.9,False,1,14.9,Card
PUN-20260601-0287,1,2026-06-01 12:56:40,punggol,SOK-W-03,Women's Airism Low-Cut Socks,socks,Women,5.9,5.9,False,1,5.9,NETS
ORC-20260601-0035,1,2026-06-01 18:05:47,Orchard Central,TOP-W-02,Women's Ribbed Long Sleeve Turtleneck,Tops,Women,19.9,19.9,False,1,19.9,Card
ORC-20260601-0210,2,2026-06-01 20:23:20,Orchard Central,SOK-W-03,Women's Airism Low-Cut Socks,Socks,Women,5.9,5.9,False,1,5.9,Card
ORC-20260601-0046,2,2026-06-01 21:04:01,Orchard Central,SOK-W-02,Women's Pile Crew Socks,Socks,Women,5.9,5.9,False,1,5.9,Cash
BUG-20260601-0692,3,2026-06-01 16:59:30,Bugis,BTM-W-03,Women's Ezy Ankle Pants,Bottoms,Women,29.9,29.9,False,1,29.9,Card
BUG-20260601-0445,1,2026-06-01 11:41:46,Bugis,TOP-W-02,Women's Ribbed Long Sleeve Turtleneck,Tops,Women,19.9,19.9,False,1,19.9,PayNow
ORC-20260601-0162,2,2026-06-01 22:12:06,  Orchard Central  ,SOK-M-04,Men's Ribbed Crew Socks,Socks,MEN,5.9,5.9,False,1,5.9,card
BUG-20260601-0691,2,2026-06-01 13:26:24,Bugis,SOK-W-03,Women's Airism Low-Cut Socks,socks,Women,5.9,5.9,False,1,5.9,PayNow
ORC-20260601-0737,2,2026-06-01 18:41:19,Orchard Central,SOK-M-04,Men's Ribbed Crew Socks,Socks,Men,$5.9,5.9,False,1,5.9,NETS
PUN-20260601-0162,1,2026-06-01 13:05:41,PUNGGOL,SOK-M-04,Men's Ribbed Crew Socks,Socks,Men,5.9,5.9,False,1,5.9,Card
BUG-20260601-0823,1,2026-06-01 17:54:10,Bugis,SOK-W-03,Women's Airism Low-Cut Socks,Socks,Women,5.9,5.9,False,1,5.9,Card
BUG-20260601-0785,1,2026-06-01 21:53:35,bugis,BTM-M-02,Men's Slim Fit Chino Trousers,Bottoms,Men,29.9,29.9,False,1,29.9,Card
ORC-20260601-0280,3,2026-06-01 20:38:07,Orchard Central,BTM-W-01,Women's Ultra Stretch Skinny Jeans,BOTTOMS,Women,39.9,39.9,False,1,39.9,Card
ORC-20260601-0548,1,2026-06-01 19:39:13,Orchard Central,UND-M-01,Men's Airism Boxer Briefs,Underwear,Men,14.9,14.9,False,1,14.9,Card
ORC-20260601-0983,2,2026-06-01 14:17:17,orchard central,SOK-M-04,Men's Ribbed Crew Socks,Socks,Men,5.9,5.9,False,1,5.9,Card
ORC-20260601-0189,3,2026-06-01 20:55:31,Orchard Central,UND-M-01,Men's Airism Boxer Briefs,Underwear,MEN,14.9,14.9,False,1,14.9,Card
PUN-20260601-0578,2,2026-06-01 20:43:43,Punggol,UND-M-02,Men's Cotton Blend Trunks,Underwear,Men,14.9,14.9,False,1,14.9,Card
ORC-20260601-0205,1,2026-06-01 14:40:59,Orchard Central,UND-M-03,Men's Airism Mesh Boxer Briefs,UNDERWEAR,Men,14.9,14.9,False,1,14.9,card
BUG-20260601-0523,2,2026-06-01 16:22:19,Bugis,TOP-W-02,Women's Ribbed Long Sleeve Turtleneck,Tops,women,19.9,19.9,False,1,19.9,Card
BUG-20260601-0202,2,2026-06-01 17:31:09,Bugis,UND-W-01,Women's Airism Bikini Shorts,Underwear,Women,9.9,9.9,False,1,9.9,Card
ORC-20260601-0289,2,2026-06-01 22:10:10,Orchard Central,SOK-W-03,Women's Airism Low-Cut Socks,Socks,Women,5.9,5.9,False,1,5.9,NETS
BUG-20260601-0427,2,2026-06-01 15:51:51,Bugis,TOP-W-01,Women's Airism Cotton Crew Neck T-Shirt,Tops,Women,14.9,14.9,False,1,14.9,Card
ORC-20260601-0159,2,2026-06-01 16:30:53,Orchard Central,SOK-W-02,Women's Pile Crew Socks,Socks,Women,5.9,5.9,False,2,11.8,Cash
BUG-20260601-0294,1,2026-06-01 18:32:47,Bugis,TOP-M-03,Men's Dry-EX Crew Neck T-Shirt,Tops,Men,19.9,19.9,False,1,19.9,CASH
BUG-20260601-0688,2,2026-06-01 15:32:03,Bugis,SOK-W-01,Women's Ankle Socks 3-Pack,socks,women,14.9,14.9,False,1,14.9,Card
ORC-20260601-0358,1,2026-06-01 14:21:55,Orchard Central,TOP-M-01,Men's Airism Cotton Crew Neck T-Shirt,Tops,Men,14.9,14.9,False,1,14.9,Card
BUG-20260601-0785,2,2026-06-01 21:53:35,Bugis,SOK-W-03,Women's Airism Low-Cut Socks,Socks,Women,5.9,5.9,False,1,5.9,Card
ORC-20260601-0208,1,2026-06-01 11:08:27,  Orchard Central  ,UND-M-04,Men's Cotton Crew Neck Undershirt,Underwear,Men,14.9,14.9,False,2,29.8,PayNow
PUN-20260601-0263,2,2026-06-01 18:41:31,Punggol,UND-M-10,Men's Cotton Blend Briefs,Underwear,Men,9.9,9.9,False,1,9.9,Cash
BUG-20260601-0251,2,2026-06-01 20:20:07,bugis,TOP-W-03,Women's Silky Satin Blouse,Tops,Women,39.9,39.9,False,1,39.9,Paynow
PUN-20260601-0280,2,2026-06-01 13:17:09,Punggol,SOK-M-04,Men's Ribbed Crew Socks,Socks,Men,5.9,5.9,False,1,5.9,NETS
ORC-20260601-0541,1,2026-06-01 20:52:44,Orchard Central,TOP-W-04,Women's Heattech Crew Neck Long Sleeve Tee,Tops,Women,14.9,14.9,False,1,14.9,PayNow
ORC-20260601-0329,1,2026-06-01 17:01:54,Orchard Central,SOK-W-02,Women's Pile Crew Socks,Socks,WOMEN,5.9,5.9,False,1,5.9,Cash
ORC-20260601-0808,1,2026-06-01 20:22:59,Orchard Central,SOK-W-01,Women's Ankle Socks 3-Pack,Socks,Women,14.9,14.9,False,1,14.9,Card
ORC-20260601-0860,3,2026-06-01 18:39:19,ORCHARD CENTRAL,TOP-M-02,Men's Supima Cotton Polo Shirt,tops,Men,29.9,29.9,False,1,29.9,Cash
PUN-20260601-0265,1,2026-06-01 15:15:07,Punggol,UND-M-02,Men's Cotton Blend Trunks,UNDERWEAR,Men,$14.9,14.9,False,1,14.9,Card
ORC-20260601-0657,1,2026-06-01 20:52:35,Orchard Central,SOK-M-02,  Men's Pile Crew Socks  ,Socks,Men,5.9,5.9,False,1,5.9,Card
PUN-20260601-0577,2,2026-06-01 15:11:16,Punggol,SOK-W-02,Women's Pile Crew Socks,Socks,Women,5.9,5.9,False,1,5.9,Card
BUG-20260601-0124,2,2026-06-01 16:21:23,Bugis,SOK-M-10,Men's Wool Blend Socks,Socks,MEN,9.9,9.9,False,1,9.9,NETS
ORC-20260601-0269,3,2026-06-01 15:14:36,Orchard Central,TOP-M-02,Men's Supima Cotton Polo Shirt,Tops,Men,29.9,29.9,False,1,29.9,NETS
BUG-20260601-0750,1,2026-06-01 14:18:01,Bugis,UND-W-02,Women's Wireless Bra,Underwear,Women,29.9,29.9,False,1,29.9,NETS
BUG-20260601-0717,1,2026-06-01 21:22:46,Bugis,SOK-W-04,Women's Ribbed Crew Socks,Socks,Women,5.9,5.9,False,1,5.9,card
PUN-20260601-0302,1,2026-06-01 15:15:23,Punggol,TOP-M-01,Men's Airism Cotton Crew Neck T-Shirt,Tops,Men,14.9,14.9,False,1,14.9,Cash
ORC-20260601-0719,2,2026-06-01 14:16:56,Orchard Central,TOP-M-04,Men's Oxford Long Sleeve Shirt,Tops,Men,29.9,29.9,False,1,29.9,PayNow
PUN-20260601-0575,2,2026-06-01 18:19:30,Punggol,SOK-M-04,Men's Ribbed Crew Socks,Socks,men,5.9,5.9,False,1,5.9,Card
PUN-20260601-0540,2,2026-06-01 17:57:33,Punggol,SOK-M-02,Men's Pile Crew Socks,Socks,Men,5.9,5.9,False,1,5.9,
PUN-20260601-0298,2,2026-06-01 19:22:37,Punggol,UND-W-03,Women's Cotton Blend Briefs,Underwear,Women,9.9,9.9,False,1,9.9,Card
ORC-20260601-0893,1,2026-06-01 20:03:22,Orchard Central,BTM-W-01,Women's Ultra Stretch Skinny Jeans,Bottoms,Women,39.9,39.9,False,1,39.9,Cash
ORC-20260601-0659,2,2026-06-01 21:18:47,Orchard Central,UND-M-02,  Men's Cotton Blend Trunks  ,Underwear,Men,14.9,14.9,False,1,14.9,NETS
BUG-20260601-0398,1,2026-06-01 18:44:34,BUGIS,SOK-W-02,Women's Pile Crew Socks,Socks,Women,5.9,5.9,False,1,5.9,Card
BUG-20260601-0748,1,2026-06-01 20:46:49,Bugis,SOK-W-02,Women's Pile Crew Socks,Socks,Women,5.9,5.9,False,1,5.9,Cash
PUN-20260601-0479,2,2026-06-01 18:15:52,Punggol,SOK-M-02,Men's Pile Crew Socks,socks,Men,5.9,5.9,False,1,$5.9,PayNow
PUN-20260601-0247,2,2026-06-01 13:45:56,Punggol,SOK-M-03,Men's Airism Low-Cut Socks,Socks,Men,5.9,5.9,False,1,5.9,Card
BUG-20260601-0806,1,2026-06-01 12:46:04,Bugis,SOK-M-01,  Men's Ankle Socks 3-Pack  ,Socks,Men,14.9,14.9,False,1,14.9,PayNow
ORC-20260601-1049,2,2026-06-01 21:22:42,Orchard Central,SOK-M-04,  Men's Ribbed Crew Socks  ,Socks,Men,5.9,5.9,False,1,5.9,Card
ORC-20260601-0491,1,2026-06-01 21:25:55,Orchard Central,SOK-W-02,Women's Pile Crew Socks,Socks,Women,5.9,5.9,False,1,5.9,Card
ORC-20260601-0638,1,2026-06-01 19:08:47,Orchard Central,SOK-M-04,  Men's Ribbed Crew Socks  ,Socks,Men,5.9,5.9,False,1,5.9,Card
ORC-20260601-0364,1,2026-06-01 13:14:12,Orchard Central,UND-W-06,Women's Lace Trim Briefs,Underwear,women,9.9,9.9,False,1,9.9,Card
ORC-20260601-0621,1,2026-06-01 11:04:08,Orchard Central,SOK-W-02,Women's Pile Crew Socks,Socks,Women,5.9,5.9,False,2,11.8,PayNow
ORC-20260601-0370,3,2026-06-01 19:57:44,Orchard Central,UND-W-04,Women's Airism T-Shirt Bra,Underwear,Women,29.9,29.9,False,1,29.9,Card
ORC-20260601-0441,1,2026-06-01 20:07:06,Orchard Central,SOK-W-06,Women's Heattech Socks,Socks,Women,9.9,9.9,False,1,9.9,PayNow
BUG-20260601-0171,2,2026-06-01 20:52:59,  Bugis  ,UND-W-02,Women's Wireless Bra,Underwear,Women,29.9,29.9,False,1,29.9,Card
BUG-20260601-0314,3,2026-06-01 19:46:01,Bugis,UND-M-06,Men's Airism Sleeveless Undershirt,Underwear,Men,9.9,9.9,False,1,9.9,NETS
PUN-20260601-0290,3,2026-06-01 21:30:55,Punggol,BTM-W-03,Women's Ezy Ankle Pants,Bottoms,Women,29.9,29.9,False,1,29.9,Card
BUG-20260601-0082,2,2026-06-01 20:09:12,Bugis,SOK-M-02,  Men's Pile Crew Socks  ,Socks,Men,5.9,5.9,False,1,5.9,Card
BUG-20260601-0654,1,2026-06-01 20:09:02,Bugis,SOK-W-02,  Women's Pile Crew Socks  ,Socks,Women,5.9,5.9,False,1,5.9,Card
BUG-20260601-0079,1,2026-06-01 17:25:13,Bugis,UND-M-03,Men's Airism Mesh Boxer Briefs,underwear,Men,14.9,14.9,False,2,29.8,
BUG-20260601-0458,3,2026-06-01 19:25:13,Bugis,BTM-W-03,Women's Ezy Ankle Pants,Bottoms,Women,29.9,29.9,False,1,29.9,Cash
ORC-20260601-0501,2,2026-06-01 21:36:44,Orchard Central,BTM-M-08,Men's Relaxed Fit Denim Shorts,Bottoms,Men,22.99,29.9,True,1,22.99,Card
BUG-20260601-0794,2,2026-06-01 21:25:24,Bugis,TOP-W-02,Women's Ribbed Long Sleeve Turtleneck,Tops,Women,$19.9,19.9,False,1,19.9,Card
BUG-20260601-0762,2,2026-06-01 20:56:38,Bugis,SOK-M-03,Men's Airism Low-Cut Socks,Socks,Men,5.9,5.9,False,1,5.9,PayNow
BUG-20260601-0138,2,2026-06-01 21:00:40,Bugis,UND-W-04,Women's Airism T-Shirt Bra,Underwear,Women,29.9,29.9,False,1,29.9,Card
BUG-20260601-0219,1,2026-06-01 13:14:48,Bugis,UND-M-04,  Men's Cotton Crew Neck Undershirt  ,Underwear,Men,14.9,14.9,False,2,29.8,Cash
PUN-20260601-0429,2,2026-06-01 20:49:24,Punggol,SOK-M-06,Men's Heattech Socks,socks,Men,9.9,9.9,False,2,19.8,Card
ORC-20260601-0089,1,2026-06-01 19:25:11,Orchard Central,SOK-M-03,Men's Airism Low-Cut Socks,Socks,Men,5.9,5.9,False,1,5.9,Cash
BUG-20260601-0351,2,2026-06-01 12:53:59,Bugis,BTM-W-06,Women's Jersey Jogger Pants,BOTTOMS,Women,21.94,29.9,True,1,21.94,
PUN-20260601-0458,1,2026-06-01 11:17:11,Punggol,SOK-M-02,Men's Pile Crew Socks,Socks,Men,5.9,5.9,False,2,11.8,PayNow
PUN-20260601-0171,1,2026-06-01 20:57:19,Punggol,TOP-W-01,Women's Airism Cotton Crew Neck T-Shirt,Tops,Women,14.9,14.9,False,1,14.9,Cash
BUG-20260601-0743,2,2026-06-01 21:46:20,BUGIS,UND-W-01,Women's Airism Bikini Shorts,Underwear,Women,9.9,9.9,False,1,9.9,Card
BUG-20260601-0191,1,2026-06-01 20:56:20,Bugis,SOK-M-03,Men's Airism Low-Cut Socks,Socks,Men,5.9,5.9,False,1,5.9,Card
ORC-20260601-0838,2,2026-06-01 11:43:58,Orchard Central,SOK-W-01,Women's Ankle Socks 3-Pack,Socks,Women,14.9,14.9,False,2,29.8,PayNow
PUN-20260601-0319,1,2026-06-01 19:57:00,Punggol,UND-W-01,Women's Airism Bikini Shorts,UNDERWEAR,Women,9.9,9.9,False,1,9.9,Card
BUG-20260601-0601,1,2026-06-01 11:42:00,Bugis,BTM-M-01,Men's Ezy Ankle Pants,Bottoms,men,29.9,29.9,False,1,29.9,PayNow
ORC-20260601-0119,2,2026-06-01 12:27:39,Orchard Central,UND-W-06,Women's Lace Trim Briefs,Underwear,Women,9.9,9.9,False,2,19.8,NETS
ORC-20260601-0629,1,2026-06-01 17:39:50,Orchard Central,SOK-W-01,Women's Ankle Socks 3-Pack,Socks,Women,14.9,14.9,False,1,14.9,Paynow
ORC-20260601-0289,1,2026-06-01 22:10:10,ORCHARD CENTRAL,SOK-W-04,Women's Ribbed Crew Socks,Socks,Women,5.9,5.9,False,1,5.9,NETS
PUN-20260601-0260,1,2026-06-01 20:50:21,Punggol,UND-W-01,Women's Airism Bikini Shorts,Underwear,Women,9.9,9.9,False,1,9.9,NETS
ORC-20260601-0473,2,2026-06-01 21:18:24,Orchard Central,TOP-M-02,Men's Supima Cotton Polo Shirt,Tops,Men,29.9,29.9,False,1,29.9,NETS
BUG-20260601-0543,1,2026-06-01 19:52:00,Bugis,SOK-M-04,Men's Ribbed Crew Socks,Socks,Men,5.9,5.9,False,1,5.9,
ORC-20260601-0921,3,2026-06-01 20:04:05,Orchard Central,UND-W-01,Women's Airism Bikini Shorts,Underwear,Women,9.9,9.9,False,1,9.9,Card
ORC-20260601-0209,2,2026-06-01 21:36:38,Orchard Central,SOK-M-08,Men's Cotton Blend Dress Socks,Socks,Men,9.9,9.9,False,1,9.9,PayNow
PUN-20260601-0435,1,2026-06-01 21:32:02,Punggol,UND-W-04,Women's Airism T-Shirt Bra,Underwear,Women,29.9,29.9,False,1,29.9,Card
BUG-20260601-0562,3,2026-06-01 20:36:20,Bugis,SOK-W-02,Women's Pile Crew Socks,socks,Women,5.9,5.9,False,1,5.9,CARD
PUN-20260601-0580,2,2026-06-01 21:17:27,PUNGGOL,TOP-M-02,Men's Supima Cotton Polo Shirt,Tops,Men,29.9,29.9,False,1,29.9,Card
PUN-20260601-0224,2,2026-06-01 22:48:04,  Punggol  ,SOK-W-03,Women's Airism Low-Cut Socks,Socks,Women,5.9,5.9,False,1,5.9,NETS
PUN-20260601-0215,1,2026-06-01 18:03:35,  PUNGGOL  ,SOK-M-04,Men's Ribbed Crew Socks,Socks,Men,5.9,5.9,False,1,5.9,Card
ORC-20260601-0881,3,2026-06-01 20:37:06,Orchard Central,TOP-M-01,Men's Airism Cotton Crew Neck T-Shirt,Tops,Men,14.9,14.9,False,1,14.9,Cash
BUG-20260601-0727,2,2026-06-01 11:27:11,Bugis,SOK-M-04,Men's Ribbed Crew Socks,Socks,Men,5.9,5.9,False,1,5.9,PayNow
ORC-20260601-0632,2,2026-06-01 17:13:40,Orchard Central,SOK-W-04,  Women's Ribbed Crew Socks  ,socks,Women,5.9,5.9,False,2,11.8,Card
BUG-20260601-0623,2,2026-06-01 17:54:19,Bugis,UND-M-07,Men's Stretch Cotton Boxers,Underwear,Men,14.9,14.9,False,1,14.9,
BUG-20260601-0750,2,2026-06-01 14:18:01,Bugis,BTM-M-02,Men's Slim Fit Chino Trousers,Bottoms,men,29.9,29.9,False,1,29.9,NETS
PUN-20260601-0261,3,2026-06-01 21:32:40,PUNGGOL,UND-M-04,Men's Cotton Crew Neck Undershirt,Underwear,Men,14.9,14.9,False,1,14.9,NETS
BUG-20260601-0272,2,2026-06-01 15:34:31,Bugis,SOK-W-04,Women's Ribbed Crew Socks,Socks,Women,5.9,5.9,False,1,5.9,card
ORC-20260601-0265,3,2026-06-01 12:29:38,Orchard Central,SOK-M-02,Men's Pile Crew Socks,Socks,Men,5.9,5.9,False,1,5.9,Card
ORC-20260601-0460,1,2026-06-01 11:24:43,Orchard Central,UND-M-04,Men's Cotton Crew Neck Undershirt,Underwear,Men,$14.9,14.9,False,1,14.9,Cash
PUN-20260601-0051,2,2026-06-01 17:23:51,Punggol,UND-W-01,Women's Airism Bikini Shorts,UNDERWEAR,Women,9.9,9.9,False,1,9.9,PayNow
ORC-20260601-0123,1,2026-06-01 20:46:04,Orchard Central,SOK-M-03,Men's Airism Low-Cut Socks,Socks,Men,5.9,5.9,False,1,5.9,PayNow
ORC-20260601-0740,1,2026-06-01 17:11:56,Orchard Central,TOP-W-06,Women's Linen Blend Short Sleeve Shirt,Tops,women,29.9,29.9,False,1,29.9,CARD
BUG-20260601-0152,1,2026-06-01 18:28:06,Bugis,SOK-M-05,  Men's Sport Ankle Socks  ,SOCKS,Men,5.9,5.9,False,2,11.8,Cash
ORC-20260601-0731,3,2026-06-01 11:04:36,Orchard Central,SOK-M-02,Men's Pile Crew Socks,Socks,Men,5.9,5.9,False,1,5.9,Card
ORC-20260601-0374,2,2026-06-01 19:50:08,Orchard Central,SOK-W-03,Women's Airism Low-Cut Socks,Socks,Women,5.9,5.9,False,1,5.9,PayNow
BUG-20260601-0664,1,2026-06-01 20:22:09,Bugis,SOK-M-04,Men's Ribbed Crew Socks,Socks,men,5.9,5.9,False,1,5.9,Paynow
PUN-20260601-0142,2,2026-06-01 21:19:20,Punggol,SOK-W-04,Women's Ribbed Crew Socks,Socks,Women,5.9,5.9,False,1,5.9,Card
BUG-20260601-0178,1,2026-06-01 14:36:17,Bugis,SOK-W-02,Women's Pile Crew Socks,Socks,Women,5.9,5.9,False,1,5.9,CARD
PUN-20260601-0125,3,2026-06-01 14:43:55,Punggol,UND-M-04,Men's Cotton Crew Neck Undershirt,Underwear,Men,14.9,14.9,False,1,14.9,PayNow
BUG-20260601-0381,2,2026-06-01 17:16:24,Bugis,SOK-W-04,Women's Ribbed Crew Socks,Socks,WOMEN,5.9,5.9,False,1,5.9,Cash
ORC-20260601-0457,2,2026-06-01 20:52:09,Orchard Central,SOK-W-02,Women's Pile Crew Socks,Socks,Women,5.9,5.9,False,1,5.9,Card
PUN-20260601-0214,1,2026-06-01 19:23:15,Punggol,TOP-W-02,Women's Ribbed Long Sleeve Turtleneck,tops,Women,19.9,19.9,False,1,19.9,Cash
ORC-20260601-0719,1,2026-06-01 14:16:56,Orchard Central,SOK-W-03,Women's Airism Low-Cut Socks,SOCKS,Women,5.9,5.9,False,1,5.9,PayNow
ORC-20260601-0316,1,2026-06-01 19:19:13,Orchard Central,UND-M-02,Men's Cotton Blend Trunks,Underwear,Men,14.9,14.9,False,2,29.8,CASH
BUG-20260601-0616,3,2026-06-01 18:31:46,bugis,TOP-W-01,Women's Airism Cotton Crew Neck T-Shirt,Tops,Women,14.9,14.9,False,1,14.9,PayNow
BUG-20260601-0728,2,2026-06-01 13:54:08,Bugis,UND-W-02,Women's Wireless Bra,UNDERWEAR,women,29.9,29.9,False,1,29.9,Card
ORC-20260601-1068,1,2026-06-01 12:47:16,Orchard Central,UND-W-03,Women's Cotton Blend Briefs,Underwear,Women,9.9,9.9,False,1,9.9,paynow
ORC-20260601-0487,1,2026-06-01 18:29:26,Orchard Central,UND-W-01,Women's Airism Bikini Shorts,Underwear,Women,9.9,9.9,False,1,9.9,NETS
PUN-20260601-0291,3,2026-06-01 14:03:17,Punggol,SOK-W-04,Women's Ribbed Crew Socks,Socks,Women,5.9,5.9,False,1,5.9,Cash
BUG-20260601-0058,3,2026-06-01 15:22:23,Bugis,UND-W-03,Women's Cotton Blend Briefs,Underwear,Women,9.9,9.9,False,1,9.9,Card
ORC-20260601-0396,1,2026-06-01 22:16:53,Orchard Central,SOK-W-03,Women's Airism Low-Cut Socks,Socks,WOMEN,5.9,5.9,False,1,5.9,PayNow
ORC-20260601-0861,1,2026-06-01 12:49:45,  Orchard Central  ,UND-W-01,Women's Airism Bikini Shorts,Underwear,Women,9.9,9.9,False,1,9.9,NETS
ORC-20260601-1088,2,2026-06-01 19:33:42,Orchard Central,SOK-W-10,Women's Wool Blend Socks,Socks,Women,9.9,9.9,False,1,9.9,NETS
ORC-20260601-0394,1,2026-06-01 17:18:13,  Orchard Central  ,SOK-W-04,Women's Ribbed Crew Socks,socks,Women,5.9,5.9,False,2,11.8,Card
BUG-20260601-0039,3,2026-06-01 15:24:54,Bugis,UND-W-08,Women's Airism Camisole,Underwear,Women,14.9,14.9,False,1,14.9,Card
ORC-20260601-0341,2,2026-06-01 20:19:31,Orchard Central,UND-W-04,Women's Airism T-Shirt Bra,Underwear,Women,29.9,29.9,False,2,59.8,PayNow
ORC-20260601-0702,2,2026-06-01 17:22:33,Orchard Central,BTM-M-08,Men's Relaxed Fit Denim Shorts,Bottoms,Men,22.99,29.9,True,1,22.99,PAYNOW
ORC-20260601-0331,1,2026-06-01 13:42:48,Orchard Central,SOK-W-02,Women's Pile Crew Socks,Socks,Women,5.9,5.9,False,1,5.9,NETS
PUN-20260601-0249,2,2026-06-01 18:12:37,  Punggol  ,UND-M-03,Men's Airism Mesh Boxer Briefs,Underwear,Men,14.9,14.9,False,1,$14.9,PayNow
PUN-20260601-0488,2,2026-06-01 19:19:24,PUNGGOL,SOK-M-03,Men's Airism Low-Cut Socks,Socks,Men,5.9,5.9,False,1,5.9,Card
ORC-20260601-0351,2,2026-06-01 17:05:52,Orchard Central,TOP-W-04,Women's Heattech Crew Neck Long Sleeve Tee,Tops,Women,14.9,14.9,False,1,14.9,Card
BUG-20260601-0661,1,2026-06-01 20:52:41,Bugis,SOK-W-03,Women's Airism Low-Cut Socks,Socks,Women,5.9,5.9,False,1,5.9,PayNow
ORC-20260601-0788,1,2026-06-01 22:02:34,Orchard Central,SOK-M-04,Men's Ribbed Crew Socks,Socks,Men,5.9,5.9,False,1,5.9,NETS
BUG-20260601-0572,1,2026-06-01 19:12:44,Bugis,TOP-M-06,Men's Fleece Full-Zip Hoodie,Tops,Men,39.9,39.9,False,1,39.9,Cash
ORC-20260601-0739,1,2026-06-01 20:03:34,Orchard Central,UND-W-03,Women's Cotton Blend Briefs,Underwear,Women,9.9,9.9,False,1,9.9,PayNow
PUN-20260601-0025,2,2026-06-01 20:08:51,Punggol,SOK-W-02,Women's Pile Crew Socks,SOCKS,Women,5.9,5.9,False,1,5.9,Card
ORC-20260601-0085,1,2026-06-01 22:28:24,ORCHARD CENTRAL,SOK-M-02,Men's Pile Crew Socks,Socks,Men,5.9,5.9,False,1,5.9,NETS
PUN-20260601-0383,1,2026-06-01 21:17:46,Punggol,SOK-W-06,Women's Heattech Socks,Socks,Women,9.9,9.9,False,1,9.9,Card
ORC-20260601-0655,3,2026-06-01 12:30:14,  Orchard Central  ,TOP-M-01,Men's Airism Cotton Crew Neck T-Shirt,Tops,Men,14.9,14.9,False,1,14.9,Card
BUG-20260601-0817,3,2026-06-01 13:10:32,  Bugis  ,SOK-W-02,Women's Pile Crew Socks,SOCKS,Women,5.9,5.9,False,1,5.9,Card
ORC-20260601-0098,1,2026-06-01 11:26:29,Orchard Central,SOK-W-02,Women's Pile Crew Socks,SOCKS,Women,5.9,5.9,False,1,5.9,NETS
ORC-20260601-0789,1,2026-06-01 16:16:55,Orchard Central,TOP-W-04,Women's Heattech Crew Neck Long Sleeve Tee,Tops,WOMEN,14.9,14.9,False,1,14.9,NETS
BUG-20260601-0239,1,2026-06-01 20:37:51,  Bugis  ,UND-M-02,Men's Cotton Blend Trunks,Underwear,Men,14.9,14.9,False,1,14.9,NETS
ORC-20260601-0914,2,2026-06-01 16:46:36,Orchard Central,SOK-M-02,Men's Pile Crew Socks,Socks,Men,$5.9,5.9,False,2,11.8,PayNow
BUG-20260601-0254,2,2026-06-01 17:22:48,Bugis,SOK-W-02,Women's Pile Crew Socks,Socks,Women,5.9,5.9,False,1,5.9,NETS
PUN-20260601-0020,2,2026-06-01 20:59:15,punggol,UND-W-03,Women's Cotton Blend Briefs,underwear,Women,9.9,9.9,False,1,9.9,Card
ORC-20260601-0032,2,2026-06-01 18:42:47,Orchard Central,SOK-W-02,Women's Pile Crew Socks,Socks,Women,5.9,5.9,False,2,11.8,NETS
ORC-20260601-0637,2,2026-06-01 12:44:24,Orchard Central,SOK-M-01,Men's Ankle Socks 3-Pack,Socks,Men,14.9,14.9,False,1,14.9,Card
ORC-20260601-0482,1,2026-06-01 18:02:03,Orchard Central,TOP-M-04,Men's Oxford Long Sleeve Shirt,TOPS,Men,$29.9,29.9,False,1,29.9,Cash
ORC-20260601-0769,1,2026-06-01 16:44:34,Orchard Central,UND-M-06,Men's Airism Sleeveless Undershirt,Underwear,Men,9.9,9.9,False,2,19.8,Card
BUG-20260601-0709,1,2026-06-01 19:28:00,Bugis,BTM-M-02,  Men's Slim Fit Chino Trousers  ,Bottoms,Men,29.9,29.9,False,1,29.9,Card
BUG-20260601-0575,1,2026-06-01 17:28:35,BUGIS,SOK-M-03,Men's Airism Low-Cut Socks,Socks,Men,5.9,5.9,False,1,5.9,PayNow
ORC-20260601-1052,1,2026-06-01 21:26:20,Orchard Central,BTM-M-02,Men's Slim Fit Chino Trousers,Bottoms,Men,29.9,29.9,False,1,29.9,Card
ORC-20260601-0472,1,2026-06-01 12:07:22,Orchard Central,SOK-W-02,Women's Pile Crew Socks,Socks,Women,5.9,5.9,False,1,5.9,PayNow
BUG-20260601-0654,2,2026-06-01 20:09:02,BUGIS,BTM-M-02,Men's Slim Fit Chino Trousers,Bottoms,Men,29.9,29.9,False,1,29.9,Card
ORC-20260601-0739,2,2026-06-01 20:03:34,Orchard Central,SOK-W-04,Women's Ribbed Crew Socks,Socks,Women,5.9,5.9,False,1,5.9,PayNow
PUN-20260601-0379,2,2026-06-01 14:24:37,Punggol,SOK-W-07,Women's Striped Crew Socks,Socks,Women,5.9,5.9,False,1,5.9,Card
ORC-20260601-0266,3,2026-06-01 20:37:20,Orchard Central,TOP-W-02,Women's Ribbed Long Sleeve Turtleneck,Tops,Women,19.9,19.9,False,1,19.9,cash
ORC-20260601-0188,1,2026-06-01 18:39:15,orchard central,SOK-M-04,Men's Ribbed Crew Socks,Socks,Men,5.9,5.9,False,2,11.8,Cash
ORC-20260601-0439,2,2026-06-01 20:17:39,Orchard Central,BTM-M-01,Men's Ezy Ankle Pants,Bottoms,Men,29.9,29.9,False,1,$29.9,NETS
ORC-20260601-1030,2,2026-06-01 13:27:16,Orchard Central,SOK-M-02,,Socks,Men,5.9,5.9,False,1,5.9,Card
BUG-20260601-0677,3,2026-06-01 20:33:53,Bugis,SOK-W-01,Women's Ankle Socks 3-Pack,SOCKS,Women,14.9,14.9,False,1,14.9,Cash
BUG-20260601-0695,1,2026-06-01 21:59:50,Bugis,TOP-W-04,Women's Heattech Crew Neck Long Sleeve Tee,Tops,Women,14.9,14.9,False,1,14.9,card
ORC-20260601-0880,2,2026-06-01 20:44:43,Orchard Central,UND-M-02,Men's Cotton Blend Trunks,Underwear,Men,14.9,14.9,False,1,14.9,Card
ORC-20260601-0987,1,2026-06-01 21:06:48,Orchard Central,BTM-M-01,Men's Ezy Ankle Pants,Bottoms,Men,29.9,29.9,False,1,$29.9,Card
ORC-20260601-0083,2,2026-06-01 15:17:21,Orchard Central,TOP-W-01,Women's Airism Cotton Crew Neck T-Shirt,Tops,Women,14.9,14.9,False,1,14.9,Cash
BUG-20260601-0545,2,2026-06-01 13:57:39,Bugis,SOK-W-02,Women's Pile Crew Socks,Socks,Women,5.9,5.9,False,1,5.9,
PUN-20260601-0557,1,2026-06-01 22:45:37,Punggol,TOP-W-04,Women's Heattech Crew Neck Long Sleeve Tee,Tops,Women,14.9,14.9,False,1,14.9,Cash
ORC-20260601-0272,3,2026-06-01 21:37:59,Orchard Central,SOK-W-03,Women's Airism Low-Cut Socks,Socks,Women,5.9,5.9,False,1,5.9,PayNow
BUG-20260601-0172,2,2026-06-01 20:32:49,  Bugis  ,SOK-W-03,Women's Airism Low-Cut Socks,Socks,Women,5.9,5.9,False,1,5.9,Card
PUN-20260601-0528,2,2026-06-01 19:17:04,Punggol,SOK-W-01,Women's Ankle Socks 3-Pack,Socks,Women,14.9,14.9,False,1,14.9,Cash
ORC-20260601-0804,2,2026-06-01 11:03:39,Orchard Central,SOK-M-04,Men's Ribbed Crew Socks,Socks,Men,5.9,5.9,False,1,5.9,card
BUG-20260601-0553,3,2026-06-01 19:50:44,Bugis,SOK-W-02,Women's Pile Crew Socks,Socks,Women,5.9,5.9,False,2,11.8,Cash
ORC-20260601-0907,2,2026-06-01 19:18:12,orchard central,BTM-W-04,Women's Denim Straight Jeans,Bottoms,Women,49.9,49.9,False,1,49.9,PAYNOW
BUG-20260601-0477,2,2026-06-01 20:48:59,  BUGIS  ,SOK-W-02,Women's Pile Crew Socks,Socks,Women,5.9,5.9,False,1,5.9,PayNow
ORC-20260601-0729,1,2026-06-01 20:41:03,  Orchard Central  ,SOK-W-02,Women's Pile Crew Socks,Socks,Women,5.9,5.9,False,1,5.9,Card
ORC-20260601-0882,3,2026-06-01 19:23:10,Orchard Central,SOK-W-02,Women's Pile Crew Socks,Socks,Women,5.9,5.9,False,1,5.9,Card
BUG-20260601-0519,1,2026-06-01 18:55:02,  Bugis  ,UND-M-02,Men's Cotton Blend Trunks,Underwear,Men,14.9,14.9,False,2,29.8,Card
ORC-20260601-0944,1,2026-06-01 21:13:44,Orchard Central,UND-W-04,Women's Airism T-Shirt Bra,UNDERWEAR,Women,29.9,29.9,False,2,59.8,Cash
ORC-20260601-0006,1,2026-06-01 22:09:43,  Orchard Central  ,TOP-W-04,  Women's Heattech Crew Neck Long Sleeve Tee  ,Tops,Women,14.9,14.9,False,1,14.9,Paynow
PUN-20260601-0567,2,2026-06-01 17:08:43,Punggol,TOP-W-01,Women's Airism Cotton Crew Neck T-Shirt,Tops,women,14.9,14.9,False,1,14.9,PayNow
ORC-20260601-0375,1,2026-06-01 19:08:49,Orchard Central,SOK-M-01,Men's Ankle Socks 3-Pack,Socks,Men,14.9,14.9,False,1,14.9,Cash
ORC-20260601-0898,3,2026-06-01 20:57:22,Orchard Central,UND-W-03,Women's Cotton Blend Briefs,Underwear,Women,9.9,9.9,False,1,9.9,Card
ORC-20260601-0960,1,2026-06-01 15:41:38,Orchard Central,UND-W-03,Women's Cotton Blend Briefs,Underwear,Women,9.9,9.9,False,2,19.8,Card
BUG-20260601-0207,1,2026-06-01 19:49:22,bugis,SOK-M-04,Men's Ribbed Crew Socks,Socks,Men,5.9,5.9,False,1,5.9,paynow
BUG-20260601-0455,1,2026-06-01 17:45:50,Bugis,SOK-W-04,Women's Ribbed Crew Socks,Socks,Women,5.9,5.9,False,1,5.9,Card
BUG-20260601-0708,2,2026-06-01 13:37:21,  Bugis  ,SOK-M-02,Men's Pile Crew Socks,Socks,men,5.9,5.9,False,1,5.9,PayNow
BUG-20260601-0643,1,2026-06-01 17:06:17,Bugis,SOK-M-04,Men's Ribbed Crew Socks,Socks,Men,5.9,5.9,False,1,5.9,PAYNOW
ORC-20260601-0770,1,2026-06-01 12:17:09,  ORCHARD CENTRAL  ,UND-W-01,Women's Airism Bikini Shorts,underwear,Women,9.9,9.9,False,1,9.9,Cash
PUN-20260601-0339,3,2026-06-01 14:31:00,Punggol,TOP-W-01,Women's Airism Cotton Crew Neck T-Shirt,Tops,Women,14.9,14.9,False,1,14.9,Card
PUN-20260601-0305,1,2026-06-01 17:39:55,Punggol,UND-M-02,Men's Cotton Blend Trunks,Underwear,Men,14.9,14.9,False,1,14.9,Card
BUG-20260601-0444,1,2026-06-01 19:21:13,Bugis,BTM-W-06,Women's Jersey Jogger Pants,Bottoms,Women,21.94,29.9,True,1,21.94,Card
BUG-20260601-0065,1,2026-06-01 21:28:33,Bugis,SOK-W-02,Women's Pile Crew Socks,SOCKS,Women,5.9,5.9,False,1,5.9,Paynow
BUG-20260601-0492,1,2026-06-01 16:34:11,Bugis,TOP-M-04,Men's Oxford Long Sleeve Shirt,Tops,Men,29.9,29.9,False,1,29.9,PayNow
BUG-20260601-0158,1,2026-06-01 17:56:38,Bugis,SOK-M-04,Men's Ribbed Crew Socks,Socks,Men,5.9,5.9,False,1,5.9,Cash
ORC-20260601-0211,1,2026-06-01 19:51:17,Orchard Central,BTM-M-04,Men's Dry Stretch Shorts,Bottoms,Men,19.9,19.9,False,1,19.9,card
PUN-20260601-0560,2,2026-06-01 19:32:10,Punggol,TOP-M-01,Men's Airism Cotton Crew Neck T-Shirt,Tops,Men,14.9,14.9,False,1,14.9,paynow
PUN-20260601-0254,2,2026-06-01 17:26:58,Punggol,BTM-W-03,Women's Ezy Ankle Pants,bottoms,Women,29.9,29.9,False,1,29.9,Card
ORC-20260601-0022,2,2026-06-01 22:02:55,Orchard Central,SOK-M-04,Men's Ribbed Crew Socks,Socks,Men,5.9,5.9,False,2,11.8,Card
BUG-20260601-0138,3,2026-06-01 21:00:40,Bugis,SOK-M-04,Men's Ribbed Crew Socks,socks,Men,5.9,5.9,False,1,5.9,Card
PUN-20260601-0320,2,2026-06-01 20:38:22,PUNGGOL,SOK-W-03,Women's Airism Low-Cut Socks,Socks,Women,5.9,5.9,False,1,5.9,Card
BUG-20260601-0626,2,2026-06-01 19:28:00,Bugis,SOK-M-02,Men's Pile Crew Socks,Socks,Men,5.9,5.9,False,1,5.9,NETS
BUG-20260601-0122,1,2026-06-01 20:43:05,bugis,SOK-W-03,Women's Airism Low-Cut Socks,Socks,Women,5.9,5.9,False,2,11.8,Card
BUG-20260601-0223,1,2026-06-01 17:01:44,Bugis,SOK-W-02,Women's Pile Crew Socks,Socks,Women,5.9,5.9,False,2,11.8,Cash
BUG-20260601-0834,2,2026-06-01 12:24:25,Bugis,UND-W-09,Women's Cotton Boyshorts,Underwear,Women,9.9,9.9,False,1,9.9,CASH
PUN-20260601-0295,2,2026-06-01 15:04:36,Punggol,SOK-W-04,Women's Ribbed Crew Socks,Socks,Women,5.9,5.9,False,1,5.9,Cash
PUN-20260601-0571,2,2026-06-01 17:40:39,Punggol,SOK-W-03,Women's Airism Low-Cut Socks,Socks,Women,5.9,5.9,False,1,5.9,card
ORC-20260601-0271,1,2026-06-01 19:41:29,Orchard Central,TOP-W-02,Women's Ribbed Long Sleeve Turtleneck,Tops,Women,19.9,19.9,False,1,19.9,NETS
PUN-20260601-0437,1,2026-06-01 18:14:39,Punggol,BTM-W-03,Women's Ezy Ankle Pants,Bottoms,Women,29.9,29.9,False,1,29.9,Cash
ORC-20260601-0307,1,2026-06-01 18:07:26,Orchard Central,UND-W-01,  Women's Airism Bikini Shorts  ,Underwear,women,9.9,9.9,False,1,9.9,Card
ORC-20260601-0278,3,2026-06-01 18:08:43,Orchard Central,SOK-W-03,Women's Airism Low-Cut Socks,Socks,Women,5.9,5.9,False,1,5.9,PayNow
ORC-20260601-0111,1,2026-06-01 15:03:10,Orchard Central,SOK-M-03,Men's Airism Low-Cut Socks,Socks,Men,5.9,5.9,False,1,5.9,PayNow
ORC-20260601-0766,3,2026-06-01 13:44:34,Orchard Central,SOK-M-02,  Men's Pile Crew Socks  ,Socks,Men,5.9,5.9,False,1,5.9,Card
ORC-20260601-0652,3,2026-06-01 18:50:47,orchard central,SOK-W-02,Women's Pile Crew Socks,Socks,Women,5.9,5.9,False,1,5.9,PayNow
BUG-20260601-0027,2,2026-06-01 20:33:01,Bugis,SOK-W-02,Women's Pile Crew Socks,Socks,Women,5.9,5.9,False,1,5.9,Card
BUG-20260601-0428,3,2026-06-01 20:41:45,Bugis,UND-M-02,Men's Cotton Blend Trunks,Underwear,Men,14.9,14.9,False,1,14.9,Card
BUG-20260601-0618,1,2026-06-01 11:21:30,Bugis,TOP-W-01,Women's Airism Cotton Crew Neck T-Shirt,Tops,Women,14.9,14.9,False,1,14.9,Nets
PUN-20260601-0330,1,2026-06-01 18:40:51,Punggol,UND-W-01,Women's Airism Bikini Shorts,Underwear,Women,9.9,9.9,False,1,$9.9,Card
ORC-20260601-0385,3,2026-06-01 12:52:42,ORCHARD CENTRAL,TOP-W-01,Women's Airism Cotton Crew Neck T-Shirt,Tops,Women,14.9,14.9,False,1,14.9,Card
BUG-20260601-0462,1,2026-06-01 18:47:38,bugis,TOP-W-01,Women's Airism Cotton Crew Neck T-Shirt,Tops,Women,14.9,14.9,False,1,14.9,Card
BUG-20260601-0794,3,2026-06-01 21:25:24,Bugis,SOK-M-03,Men's Airism Low-Cut Socks,Socks,Men,5.9,5.9,False,2,11.8,Card
PUN-20260601-0202,3,2026-06-01 21:01:16,Punggol,BTM-W-04,  Women's Denim Straight Jeans  ,Bottoms,Women,49.9,49.9,False,1,49.9,card
ORC-20260601-0546,1,2026-06-01 17:07:50,Orchard Central,UND-M-05,Men's Seamless Boxer Briefs,UNDERWEAR,Men,14.9,14.9,False,2,29.8,Card
ORC-20260601-0529,1,2026-06-01 12:39:59,Orchard Central,UND-W-03,Women's Cotton Blend Briefs,Underwear,Women,9.9,9.9,False,1,9.9,CARD
PUN-20260601-0098,1,2026-06-01 19:54:52,Punggol,UND-W-01,Women's Airism Bikini Shorts,Underwear,Women,9.9,9.9,False,1,9.9,Card
BUG-20260601-0810,1,2026-06-01 21:43:57,Bugis,SOK-W-04,Women's Ribbed Crew Socks,Socks,Women,5.9,5.9,False,1,5.9,Card
ORC-20260601-0558,3,2026-06-01 18:23:44,Orchard Central,SOK-W-03,Women's Airism Low-Cut Socks,Socks,Women,5.9,5.9,False,1,5.9,PayNow
ORC-20260601-0968,2,2026-06-01 20:45:29,  Orchard Central  ,SOK-M-01,Men's Ankle Socks 3-Pack,Socks,Men,14.9,14.9,False,1,14.9,NETS
BUG-20260601-0387,3,2026-06-01 12:49:42,Bugis,UND-W-03,Women's Cotton Blend Briefs,Underwear,Women,9.9,9.9,False,1,9.9,PayNow
ORC-20260601-0846,2,2026-06-01 21:50:38,ORCHARD CENTRAL,BTM-M-04,Men's Dry Stretch Shorts,Bottoms,Men,19.9,19.9,False,1,19.9,Card
BUG-20260601-0399,3,2026-06-01 19:00:50,Bugis,TOP-W-02,Women's Ribbed Long Sleeve Turtleneck,TOPS,Women,19.9,19.9,False,1,19.9,PayNow
ORC-20260601-0958,3,2026-06-01 13:41:31,Orchard Central,SOK-W-03,Women's Airism Low-Cut Socks,socks,women,5.9,5.9,False,1,5.9,Card
ORC-20260601-0494,1,2026-06-01 21:05:36,ORCHARD CENTRAL,TOP-W-01,  Women's Airism Cotton Crew Neck T-Shirt  ,Tops,Women,14.9,14.9,False,1,14.9,Card
BUG-20260601-0578,1,2026-06-01 18:23:16,Bugis,SOK-W-02,Women's Pile Crew Socks,Socks,Women,5.9,5.9,False,2,11.8,Cash
PUN-20260601-0060,1,2026-06-01 21:17:23,Punggol,UND-W-03,  Women's Cotton Blend Briefs  ,Underwear,Women,9.9,9.9,False,1,9.9,PayNow
PUN-20260601-0072,1,2026-06-01 18:22:00,Punggol,UND-W-03,Women's Cotton Blend Briefs,Underwear,Women,9.9,9.9,False,1,9.9,Card
ORC-20260601-0181,2,2026-06-01 21:29:01,Orchard Central,SOK-W-01,Women's Ankle Socks 3-Pack,Socks,Women,14.9,14.9,False,1,14.9,Card
BUG-20260601-0102,1,2026-06-01 12:17:06,BUGIS,TOP-M-04,Men's Oxford Long Sleeve Shirt,Tops,Men,29.9,29.9,False,1,29.9,Card
BUG-20260601-0103,2,2026-06-01 21:11:25,Bugis,TOP-M-04,  Men's Oxford Long Sleeve Shirt  ,Tops,Men,29.9,29.9,False,1,29.9,PayNow
BUG-20260601-0145,3,2026-06-01 20:13:28,Bugis,UND-W-01,Women's Airism Bikini Shorts,UNDERWEAR,Women,9.9,9.9,False,1,$9.9,PayNow
BUG-20260601-0738,2,2026-06-01 19:39:53,BUGIS,UND-M-04,Men's Cotton Crew Neck Undershirt,Underwear,Men,14.9,14.9,False,2,29.8,Card
ORC-20260601-0442,2,2026-06-01 18:28:09,ORCHARD CENTRAL,UND-W-01,Women's Airism Bikini Shorts,Underwear,Women,9.9,9.9,False,1,9.9,PayNow
BUG-20260601-0340,1,2026-06-01 18:16:00,Bugis,SOK-M-03,Men's Airism Low-Cut Socks,Socks,Men,5.9,5.9,False,1,5.9,Card
PUN-20260601-0207,1,2026-06-01 18:19:22,  Punggol  ,SOK-W-01,Women's Ankle Socks 3-Pack,Socks,women,14.9,14.9,False,1,14.9,Cash
BUG-20260601-0305,1,2026-06-01 15:55:41,Bugis,SOK-W-02,Women's Pile Crew Socks,Socks,Women,5.9,5.9,False,1,5.9,PayNow
ORC-20260601-0747,2,2026-06-01 19:40:46,Orchard Central,BTM-W-02,Women's High-Rise Wide Leg Pants,Bottoms,Women,39.9,39.9,False,1,39.9,Cash
ORC-20260601-0626,1,2026-06-01 18:37:57,ORCHARD CENTRAL,UND-W-03,Women's Cotton Blend Briefs,Underwear,Women,9.9,9.9,False,1,9.9,Card
BUG-20260601-0218,1,2026-06-01 19:44:39,Bugis,UND-W-01,Women's Airism Bikini Shorts,Underwear,Women,9.9,9.9,False,1,9.9,Card
ORC-20260601-1093,1,2026-06-01 19:26:30,Orchard Central,SOK-W-03,Women's Airism Low-Cut Socks,Socks,Women,5.9,5.9,False,1,5.9,Cash
ORC-20260601-0151,1,2026-06-01 19:09:45,Orchard Central,UND-W-01,Women's Airism Bikini Shorts,Underwear,Women,9.9,9.9,False,1,9.9,Paynow
BUG-20260601-0348,1,2026-06-01 19:12:00,Bugis,SOK-W-01,Women's Ankle Socks 3-Pack,socks,Women,14.9,14.9,False,1,14.9,Card
ORC-20260601-0460,2,2026-06-01 11:24:43,Orchard Central,SOK-M-03,Men's Airism Low-Cut Socks,Socks,MEN,5.9,5.9,False,1,5.9,Cash
BUG-20260601-0822,2,2026-06-01 20:06:48,Bugis,TOP-W-01,Women's Airism Cotton Crew Neck T-Shirt,TOPS,women,14.9,14.9,False,1,14.9,Card
BUG-20260601-0683,1,2026-06-01 12:21:02,bugis,BTM-M-02,Men's Slim Fit Chino Trousers,Bottoms,Men,29.9,29.9,False,1,29.9,NETS
ORC-20260601-0163,2,2026-06-01 21:34:18,Orchard Central,SOK-W-04,Women's Ribbed Crew Socks,Socks,Women,5.9,5.9,False,1,5.9,Card
BUG-20260601-0072,1,2026-06-01 12:17:14,Bugis,UND-W-08,Women's Airism Camisole,Underwear,Women,14.9,14.9,False,1,14.9,Card
ORC-20260601-1087,1,2026-06-01 22:32:37,ORCHARD CENTRAL,BTM-W-01,Women's Ultra Stretch Skinny Jeans,Bottoms,Women,39.9,39.9,False,1,39.9,Cash
ORC-20260601-0264,1,2026-06-01 18:11:27,Orchard Central,UND-M-04,Men's Cotton Crew Neck Undershirt,Underwear,Men,14.9,14.9,False,2,29.8,Cash
ORC-20260601-0446,1,2026-06-01 11:32:51,Orchard Central,SOK-M-03,Men's Airism Low-Cut Socks,Socks,Men,5.9,5.9,False,1,5.9,nets
PUN-20260601-0281,3,2026-06-01 17:50:47,punggol,TOP-M-02,Men's Supima Cotton Polo Shirt,Tops,Men,29.9,29.9,False,1,29.9,Card
PUN-20260601-0198,1,2026-06-01 13:38:59,Punggol,SOK-W-04,Women's Ribbed Crew Socks,Socks,Women,5.9,5.9,False,1,5.9,PayNow
ORC-20260601-0696,2,2026-06-01 21:46:20,Orchard Central,SOK-M-02,Men's Pile Crew Socks,Socks,Men,5.9,5.9,False,1,5.9,NETS
ORC-20260601-0735,2,2026-06-01 22:16:08,Orchard Central,SOK-W-10,Women's Wool Blend Socks,Socks,Women,$9.9,9.9,False,1,9.9,PayNow
BUG-20260601-0559,2,2026-06-01 20:23:11,Bugis,UND-W-01,Women's Airism Bikini Shorts,Underwear,Women,9.9,9.9,False,1,9.9,Card
PUN-20260601-0274,2,2026-06-01 18:17:32,  Punggol  ,SOK-M-02,Men's Pile Crew Socks,Socks,Men,5.9,5.9,False,1,5.9,Card
ORC-20260601-1102,1,2026-06-01 21:46:24,Orchard Central,SOK-W-03,Women's Airism Low-Cut Socks,Socks,Women,5.9,5.9,False,1,5.9,NETS
ORC-20260601-0272,2,2026-06-01 21:37:59,Orchard Central,TOP-W-01,Women's Airism Cotton Crew Neck T-Shirt,Tops,Women,14.9,14.9,False,1,14.9,PayNow
BUG-20260601-0118,1,2026-06-01 21:29:52,Bugis,SOK-W-04,Women's Ribbed Crew Socks,Socks,WOMEN,5.9,5.9,False,1,5.9,Cash
ORC-20260601-0438,1,2026-06-01 13:28:49,Orchard Central,UND-M-03,Men's Airism Mesh Boxer Briefs,Underwear,Men,14.9,14.9,False,2,29.8,PayNow
PUN-20260601-0233,2,2026-06-01 18:45:44,Punggol,UND-W-01,Women's Airism Bikini Shorts,underwear,Women,9.9,9.9,False,1,9.9,NETS
PUN-20260601-0054,1,2026-06-01 12:20:28,Punggol,TOP-M-01,Men's Airism Cotton Crew Neck T-Shirt,Tops,Men,14.9,14.9,False,1,14.9,CARD
BUG-20260601-0281,1,2026-06-01 19:38:10,Bugis,SOK-W-02,Women's Pile Crew Socks,Socks,Women,5.9,5.9,False,1,5.9,Card
ORC-20260601-0135,2,2026-06-01 19:42:19,Orchard Central,SOK-W-04,Women's Ribbed Crew Socks,Socks,Women,5.9,5.9,False,1,5.9,PayNow
ORC-20260601-0630,3,2026-06-01 19:54:03,Orchard Central,TOP-W-03,  Women's Silky Satin Blouse  ,Tops,Women,39.9,39.9,False,1,39.9,PayNow
ORC-20260601-0542,1,2026-06-01 20:39:15,Orchard Central,TOP-M-01,Men's Airism Cotton Crew Neck T-Shirt,Tops,Men,14.9,14.9,False,1,14.9,Card
BUG-20260601-0694,1,2026-06-01 11:32:09,Bugis,TOP-W-04,Women's Heattech Crew Neck Long Sleeve Tee,tops,Women,14.9,14.9,False,1,14.9,PayNow
PUN-20260601-0082,2,2026-06-01 14:35:24,  Punggol  ,SOK-W-04,Women's Ribbed Crew Socks,Socks,Women,5.9,5.9,False,1,5.9,PayNow
BUG-20260601-0340,3,2026-06-01 18:16:00,  Bugis  ,UND-W-02,  Women's Wireless Bra  ,Underwear,Women,29.9,29.9,False,2,59.8,Card
BUG-20260601-0175,2,2026-06-01 20:33:19,Bugis,UND-W-03,Women's Cotton Blend Briefs,Underwear,Women,9.9,9.9,False,1,9.9,PayNow
BUG-20260601-0282,3,2026-06-01 11:05:23,Bugis,UND-W-02,Women's Wireless Bra,Underwear,Women,29.9,29.9,False,1,29.9,PayNow
ORC-20260601-0376,1,2026-06-01 22:11:58,Orchard Central,UND-W-03,Women's Cotton Blend Briefs,Underwear,Women,9.9,9.9,False,1,9.9,Card
BUG-20260601-0240,2,2026-06-01 21:52:18,Bugis,TOP-M-04,Men's Oxford Long Sleeve Shirt,Tops,Men,29.9,29.9,False,1,29.9,PayNow
BUG-20260601-0071,1,2026-06-01 19:53:34,Bugis,SOK-M-10,Men's Wool Blend Socks,Socks,men,9.9,9.9,False,1,9.9,NETS
BUG-20260601-0780,2,2026-06-01 12:28:21,Bugis,SOK-W-03,Women's Airism Low-Cut Socks,Socks,Women,5.9,5.9,False,1,5.9,Card
ORC-20260601-0651,2,2026-06-01 18:40:51,Orchard Central,TOP-W-01,Women's Airism Cotton Crew Neck T-Shirt,Tops,Women,14.9,14.9,False,1,14.9,Card
BUG-20260601-0775,3,2026-06-01 13:22:08,Bugis,SOK-M-02,  Men's Pile Crew Socks  ,Socks,Men,$5.9,5.9,False,1,5.9,NETS
ORC-20260601-0021,3,2026-06-01 18:34:33,  orchard central  ,BTM-M-01,Men's Ezy Ankle Pants,Bottoms,Men,29.9,29.9,False,1,$29.9,Card
BUG-20260601-0058,2,2026-06-01 15:22:23,bugis,UND-W-01,Women's Airism Bikini Shorts,Underwear,Women,9.9,9.9,False,1,9.9,card
BUG-20260601-0474,1,2026-06-01 20:35:19,Bugis,SOK-W-03,Women's Airism Low-Cut Socks,Socks,Women,5.9,5.9,False,1,$5.9,Cash
BUG-20260601-0045,1,2026-06-01 17:02:06,Bugis,TOP-W-01,Women's Airism Cotton Crew Neck T-Shirt,Tops,Women,14.9,14.9,False,1,14.9,Card
BUG-20260601-0797,1,2026-06-01 21:08:44,Bugis,SOK-M-03,Men's Airism Low-Cut Socks,Socks,Men,5.9,5.9,False,1,5.9,Cash
ORC-20260601-0539,2,2026-06-01 20:06:48,Orchard Central,SOK-M-02,Men's Pile Crew Socks,Socks,Men,5.9,5.9,False,1,$5.9,PayNow
ORC-20260601-0139,3,2026-06-01 17:38:58,  Orchard Central  ,TOP-W-01,Women's Airism Cotton Crew Neck T-Shirt,Tops,women,14.9,14.9,False,1,14.9,NETS
ORC-20260601-0355,1,2026-06-01 11:32:26,  Orchard Central  ,BTM-M-04,Men's Dry Stretch Shorts,Bottoms,MEN,19.9,19.9,False,1,19.9,Cash
ORC-20260601-0700,2,2026-06-01 20:20:41,orchard central,UND-W-01,Women's Airism Bikini Shorts,Underwear,Women,9.9,9.9,False,1,9.9,Cash
PUN-20260601-0050,1,2026-06-01 21:07:09,Punggol,SOK-M-04,Men's Ribbed Crew Socks,SOCKS,Men,5.9,5.9,False,2,11.8,CARD
BUG-20260601-0493,1,2026-06-01 20:04:32,Bugis,UND-W-02,Women's Wireless Bra,Underwear,Women,29.9,29.9,False,1,29.9,Card
BUG-20260601-0639,1,2026-06-01 21:56:01,bugis,BTM-M-03,Men's Selvedge Regular Fit Jeans,Bottoms,men,59.9,59.9,False,1,59.9,Card
ORC-20260601-0955,1,2026-06-01 12:27:28,Orchard Central,SOK-W-03,Women's Airism Low-Cut Socks,Socks,Women,5.9,5.9,False,1,5.9,Card
ORC-20260601-0784,1,2026-06-01 20:07:29,orchard central,SOK-W-10,Women's Wool Blend Socks,Socks,women,9.9,9.9,False,1,9.9,NETS
BUG-20260601-0391,1,2026-06-01 20:39:05,Bugis,UND-M-04,Men's Cotton Crew Neck Undershirt,Underwear,Men,14.9,14.9,False,1,14.9,Cash
BUG-20260601-0243,1,2026-06-01 21:00:13,Bugis,SOK-M-03,Men's Airism Low-Cut Socks,Socks,Men,5.9,5.9,False,1,5.9,Cash
ORC-20260601-0337,1,2026-06-01 22:03:16,  Orchard Central  ,TOP-W-04,Women's Heattech Crew Neck Long Sleeve Tee,TOPS,Women,14.9,14.9,False,1,14.9,NETS
BUG-20260601-0067,2,2026-06-01 21:59:30,Bugis,SOK-M-01,Men's Ankle Socks 3-Pack,Socks,Men,14.9,14.9,False,1,14.9,Card
ORC-20260601-0617,1,2026-06-01 13:11:02,  Orchard Central  ,SOK-W-04,Women's Ribbed Crew Socks,Socks,Women,5.9,5.9,False,2,11.8,Card
BUG-20260601-0586,2,2026-06-01 17:58:56,Bugis,UND-W-02,  Women's Wireless Bra  ,Underwear,Women,29.9,29.9,False,1,29.9,PayNow
BUG-20260601-0254,1,2026-06-01 17:22:48,Bugis,SOK-M-02,Men's Pile Crew Socks,Socks,Men,5.9,5.9,False,1,5.9,Nets
BUG-20260601-0330,1,2026-06-01 17:29:07,Bugis,SOK-W-04,Women's Ribbed Crew Socks,Socks,Women,5.9,5.9,False,1,5.9,CARD
ORC-20260601-0882,2,2026-06-01 19:23:10,Orchard Central,SOK-M-01,Men's Ankle Socks 3-Pack,Socks,Men,14.9,14.9,False,2,29.8,Card
ORC-20260601-0517,1,2026-06-01 19:05:40,ORCHARD CENTRAL,SOK-W-03,Women's Airism Low-Cut Socks,Socks,Women,5.9,5.9,False,1,5.9,Cash
ORC-20260601-0238,2,2026-06-01 13:32:14,Orchard Central,UND-M-04,Men's Cotton Crew Neck Undershirt,Underwear,Men,14.9,14.9,False,1,14.9,
ORC-20260601-0101,1,2026-06-01 19:59:00,Orchard Central,SOK-W-03,Women's Airism Low-Cut Socks,Socks,Women,5.9,5.9,False,1,$5.9,PayNow
ORC-20260601-1026,2,2026-06-01 19:20:17,Orchard Central,UND-W-02,Women's Wireless Bra,Underwear,Women,29.9,29.9,False,1,29.9,NETS
BUG-20260601-0518,1,2026-06-01 16:22:57,bugis,BTM-M-01,Men's Ezy Ankle Pants,Bottoms,Men,29.9,29.9,False,1,29.9,PayNow
ORC-20260601-0846,3,2026-06-01 21:50:38,Orchard Central,SOK-W-03,Women's Airism Low-Cut Socks,Socks,Women,$5.9,5.9,False,1,5.9,Card
ORC-20260601-0538,2,2026-06-01 21:13:01,Orchard Central,SOK-W-02,Women's Pile Crew Socks,Socks,Women,5.9,5.9,False,1,5.9,Card
ORC-20260601-1057,2,2026-06-01 22:56:31,Orchard Central,TOP-M-03,Men's Dry-EX Crew Neck T-Shirt,Tops,Men,19.9,19.9,False,1,19.9,PayNow
BUG-20260601-0134,3,2026-06-01 17:36:02,BUGIS,SOK-M-01,Men's Ankle Socks 3-Pack,Socks,Men,14.9,14.9,False,1,14.9,Cash
ORC-20260601-0815,2,2026-06-01 19:36:04,ORCHARD CENTRAL,BTM-W-02,Women's High-Rise Wide Leg Pants,Bottoms,Women,39.9,39.9,False,1,39.9,Card
ORC-20260601-0627,1,2026-06-01 16:57:20,Orchard Central,BTM-W-01,Women's Ultra Stretch Skinny Jeans,Bottoms,Women,39.9,39.9,False,1,39.9,PayNow
ORC-20260601-0832,2,2026-06-01 20:13:33,Orchard Central,SOK-W-01,Women's Ankle Socks 3-Pack,Socks,Women,14.9,14.9,False,1,14.9,Card
ORC-20260601-0048,3,2026-06-01 21:24:16,Orchard Central,SOK-W-06,Women's Heattech Socks,socks,Women,9.9,9.9,False,1,9.9,Card
BUG-20260601-0001,2,2026-06-01 19:13:28,Bugis,SOK-W-03,Women's Airism Low-Cut Socks,Socks,women,5.9,5.9,False,1,5.9,NETS
ORC-20260601-0814,1,2026-06-01 19:11:39,Orchard Central,SOK-W-01,Women's Ankle Socks 3-Pack,Socks,Women,14.9,14.9,False,1,14.9,cash
BUG-20260601-0235,2,2026-06-01 22:13:17,Bugis,BTM-W-01,Women's Ultra Stretch Skinny Jeans,Bottoms,Women,39.9,39.9,False,1,39.9,PayNow
BUG-20260601-0465,2,2026-06-01 18:43:05,  bugis  ,SOK-W-02,Women's Pile Crew Socks,Socks,women,5.9,5.9,False,1,5.9,Card
BUG-20260601-0755,2,2026-06-01 20:54:30,Bugis,SOK-W-04,Women's Ribbed Crew Socks,Socks,Women,5.9,5.9,False,1,5.9,cash
BUG-20260601-0495,2,2026-06-01 22:29:13,  Bugis  ,UND-M-08,Men's Airism V-Neck Undershirt,Underwear,Men,9.9,9.9,False,1,9.9,Card
BUG-20260601-0491,1,2026-06-01 14:45:29,Bugis,SOK-W-03,Women's Airism Low-Cut Socks,Socks,Women,5.9,5.9,False,1,5.9,Card
ORC-20260601-0554,2,2026-06-01 16:15:47,Orchard Central,TOP-M-02,Men's Supima Cotton Polo Shirt,Tops,Men,29.9,29.9,False,1,29.9,NETS
PUN-20260601-0187,2,2026-06-01 14:34:49,Punggol,BTM-M-02,Men's Slim Fit Chino Trousers,Bottoms,Men,29.9,29.9,False,1,29.9,Cash
PUN-20260601-0563,2,2026-06-01 20:10:11,Punggol,SOK-M-03,Men's Airism Low-Cut Socks,Socks,Men,5.9,5.9,False,1,5.9,Card
BUG-20260601-0099,1,2026-06-01 17:57:07,Bugis,UND-M-02,Men's Cotton Blend Trunks,Underwear,Men,14.9,14.9,False,1,14.9,Card
PUN-20260601-0559,2,2026-06-01 17:42:42,Punggol,BTM-M-02,Men's Slim Fit Chino Trousers,Bottoms,Men,29.9,29.9,False,1,29.9,NETS
BUG-20260601-0291,3,2026-06-01 20:43:47,Bugis,UND-W-03,Women's Cotton Blend Briefs,Underwear,WOMEN,9.9,9.9,False,1,9.9,cash
ORC-20260601-0854,1,2026-06-01 18:51:08,Orchard Central,UND-M-01,Men's Airism Boxer Briefs,Underwear,Men,14.9,14.9,False,2,29.8,Card
ORC-20260601-0477,2,2026-06-01 22:32:31,Orchard Central,TOP-W-01,Women's Airism Cotton Crew Neck T-Shirt,tops,Women,14.9,14.9,False,1,14.9,Cash
ORC-20260601-0799,1,2026-06-01 21:08:29,Orchard Central,BTM-M-09,Men's Linen Blend Trousers,Bottoms,Men,39.9,39.9,False,1,39.9,NETS
BUG-20260601-0748,3,2026-06-01 20:46:49,Bugis,UND-M-06,Men's Airism Sleeveless Undershirt,Underwear,Men,9.9,9.9,False,1,9.9,Cash
ORC-20260601-1135,1,2026-06-01 21:57:44,Orchard Central,SOK-M-04,Men's Ribbed Crew Socks,Socks,Men,5.9,5.9,False,1,5.9,paynow
ORC-20260601-1017,2,2026-06-01 18:32:47,Orchard Central,UND-W-03,Women's Cotton Blend Briefs,Underwear,Women,9.9,9.9,False,2,19.8,NETS
BUG-20260601-0292,1,2026-06-01 19:23:29,Bugis,SOK-M-04,Men's Ribbed Crew Socks,socks,Men,5.9,5.9,False,1,5.9,Card
BUG-20260601-0087,3,2026-06-01 20:33:28,Bugis,BTM-M-04,Men's Dry Stretch Shorts,Bottoms,Men,19.9,19.9,False,1,19.9,Cash
PUN-20260601-0028,1,2026-06-01 19:26:20,Punggol,UND-M-03,Men's Airism Mesh Boxer Briefs,Underwear,Men,14.9,14.9,False,1,14.9,Cash
ORC-20260601-0848,2,2026-06-01 20:18:51,Orchard Central,SOK-M-08,Men's Cotton Blend Dress Socks,Socks,Men,9.9,9.9,False,2,19.8,Cash
BUG-20260601-0649,1,2026-06-01 19:25:09,Bugis,SOK-W-01,Women's Ankle Socks 3-Pack,Socks,Women,14.9,14.9,False,1,14.9,PayNow
PUN-20260601-0348,2,2026-06-01 21:27:14,Punggol,BTM-M-04,Men's Dry Stretch Shorts,Bottoms,Men,19.9,19.9,False,1,19.9,Card
ORC-20260601-0998,2,2026-06-01 12:21:57,Orchard Central,SOK-M-03,Men's Airism Low-Cut Socks,Socks,Men,5.9,5.9,False,1,5.9,Card
BUG-20260601-0025,1,2026-06-01 19:17:09,Bugis,UND-W-03,Women's Cotton Blend Briefs,Underwear,Women,9.9,9.9,False,1,9.9,Card
BUG-20260601-0068,3,2026-06-01 12:14:46,Bugis,SOK-M-01,Men's Ankle Socks 3-Pack,Socks,Men,14.9,14.9,False,1,14.9,PayNow
BUG-20260601-0631,2,2026-06-01 13:22:42,Bugis,BTM-M-04,Men's Dry Stretch Shorts,Bottoms,MEN,19.9,19.9,False,1,19.9,NETS
ORC-20260601-0816,1,2026-06-01 12:20:13,  Orchard Central  ,BTM-W-09,Women's Sweat Shorts,Bottoms,Women,19.9,19.9,False,1,19.9,NETS
BUG-20260601-0718,2,2026-06-01 19:56:54,bugis,SOK-M-04,Men's Ribbed Crew Socks,Socks,Men,5.9,5.9,False,1,5.9,Card
PUN-20260601-0029,2,2026-06-01 20:29:58,Punggol,SOK-W-04,Women's Ribbed Crew Socks,Socks,Women,5.9,5.9,False,1,5.9,PayNow
BUG-20260601-0707,2,2026-06-01 19:23:25,Bugis,SOK-W-02,Women's Pile Crew Socks,Socks,Women,5.9,5.9,False,1,5.9,PayNow
ORC-20260601-0114,1,2026-06-01 13:26:30,orchard central,TOP-W-02,Women's Ribbed Long Sleeve Turtleneck,Tops,Women,19.9,19.9,False,1,19.9,Card
ORC-20260601-0900,2,2026-06-01 17:48:52,Orchard Central,BTM-M-04,Men's Dry Stretch Shorts,Bottoms,Men,19.9,19.9,False,1,19.9,Card
PUN-20260601-0200,2,2026-06-01 15:56:56,punggol,SOK-M-03,Men's Airism Low-Cut Socks,SOCKS,Men,5.9,5.9,False,2,11.8,nets
ORC-20260601-1027,2,2026-06-01 13:44:42,Orchard Central,TOP-M-03,Men's Dry-EX Crew Neck T-Shirt,Tops,men,19.9,19.9,False,1,$19.9,NETS
ORC-20260601-0926,1,2026-06-01 20:40:05,Orchard Central,BTM-M-08,Men's Relaxed Fit Denim Shorts,Bottoms,MEN,22.99,29.9,True,1,$22.99,
ORC-20260601-0607,3,2026-06-01 21:49:04,Orchard Central,UND-W-03,,Underwear,Women,9.9,9.9,False,2,19.8,Card
BUG-20260601-0193,2,2026-06-01 22:48:02,Bugis,SOK-M-03,Men's Airism Low-Cut Socks,Socks,men,5.9,5.9,False,1,5.9,PayNow
PUN-20260601-0257,1,2026-06-01 19:31:16,  Punggol  ,BTM-W-02,Women's High-Rise Wide Leg Pants,Bottoms,Women,39.9,39.9,False,1,39.9,NETS
PUN-20260601-0221,2,2026-06-01 12:59:57,Punggol,UND-W-03,Women's Cotton Blend Briefs,UNDERWEAR,Women,9.9,9.9,False,1,9.9,Cash
ORC-20260601-0852,3,2026-06-01 21:34:09,Orchard Central,BTM-M-08,Men's Relaxed Fit Denim Shorts,Bottoms,Men,22.99,29.9,True,1,22.99,NETS
ORC-20260601-0613,1,2026-06-01 18:57:36,ORCHARD CENTRAL,SOK-W-04,Women's Ribbed Crew Socks,SOCKS,Women,5.9,5.9,False,1,5.9,Card
ORC-20260601-0243,1,2026-06-01 14:20:06,Orchard Central,SOK-W-09,Women's No-Show Sneaker Socks,SOCKS,women,5.9,5.9,False,1,5.9,Cash
BUG-20260601-0773,1,2026-06-01 20:30:39,Bugis,SOK-W-02,Women's Pile Crew Socks,Socks,Women,5.9,5.9,False,1,5.9,PayNow
PUN-20260601-0097,1,2026-06-01 19:39:40,Punggol,SOK-W-02,Women's Pile Crew Socks,Socks,Women,5.9,5.9,False,1,5.9,PayNow
BUG-20260601-0016,1,2026-06-01 17:21:04,Bugis,SOK-M-02,Men's Pile Crew Socks,Socks,Men,5.9,5.9,False,1,5.9,Card
BUG-20260601-0086,2,2026-06-01 18:42:41,Bugis,BTM-W-07,Women's Linen Blend Wide Pants,Bottoms,Women,39.9,39.9,False,1,39.9,Card
PUN-20260601-0408,1,2026-06-01 19:06:46,Punggol,UND-M-02,Men's Cotton Blend Trunks,Underwear,Men,14.9,14.9,False,1,14.9,Card
ORC-20260601-0543,1,2026-06-01 17:31:22,Orchard Central,TOP-M-01,Men's Airism Cotton Crew Neck T-Shirt,Tops,Men,14.9,14.9,False,1,14.9,Card
BUG-20260601-0391,2,2026-06-01 20:39:05,bugis,SOK-W-02,Women's Pile Crew Socks,Socks,Women,5.9,5.9,False,1,5.9,Cash
BUG-20260601-0429,1,2026-06-01 16:28:38,Bugis,SOK-W-03,Women's Airism Low-Cut Socks,Socks,women,5.9,5.9,False,1,5.9,PayNow
BUG-20260601-0315,2,2026-06-01 20:58:46,Bugis,SOK-W-01,Women's Ankle Socks 3-Pack,Socks,Women,14.9,14.9,False,1,14.9,Card
ORC-20260601-0458,1,2026-06-01 20:00:06,Orchard Central,SOK-W-02,Women's Pile Crew Socks,Socks,Women,5.9,5.9,False,1,5.9,NETS
ORC-20260601-0762,3,2026-06-01 12:04:59,Orchard Central,TOP-M-04,Men's Oxford Long Sleeve Shirt,tops,Men,29.9,29.9,False,1,29.9,PayNow
ORC-20260601-1005,2,2026-06-01 19:21:18,Orchard Central,TOP-W-03,Women's Silky Satin Blouse,Tops,WOMEN,39.9,39.9,False,1,39.9,card
PUN-20260601-0372,3,2026-06-01 21:29:06,Punggol,SOK-W-03,Women's Airism Low-Cut Socks,Socks,Women,5.9,5.9,False,1,5.9,Cash
ORC-20260601-0033,1,2026-06-01 20:23:46,Orchard Central,UND-M-02,Men's Cotton Blend Trunks,Underwear,MEN,14.9,14.9,False,1,14.9,card
BUG-20260601-0132,1,2026-06-01 22:27:52,bugis,SOK-W-03,Women's Airism Low-Cut Socks,Socks,Women,5.9,5.9,False,2,11.8,Card
ORC-20260601-0560,2,2026-06-01 22:45:35,Orchard Central,UND-W-03,Women's Cotton Blend Briefs,Underwear,Women,9.9,9.9,False,1,9.9,NETS
BUG-20260601-0115,1,2026-06-01 17:33:37,Bugis,SOK-W-02,  Women's Pile Crew Socks  ,Socks,Women,5.9,5.9,False,1,5.9,card
BUG-20260601-0741,2,2026-06-01 21:58:21,Bugis,UND-W-03,Women's Cotton Blend Briefs,Underwear,women,9.9,9.9,False,1,9.9,Card
ORC-20260601-0805,1,2026-06-01 18:25:54,Orchard Central,SOK-W-04,Women's Ribbed Crew Socks,Socks,women,5.9,5.9,False,1,5.9,Card
ORC-20260601-0291,1,2026-06-01 18:33:32,Orchard Central,TOP-M-02,Men's Supima Cotton Polo Shirt,Tops,Men,29.9,29.9,False,1,29.9,PayNow
BUG-20260601-0136,1,2026-06-01 15:09:05,Bugis,UND-W-01,Women's Airism Bikini Shorts,Underwear,women,9.9,9.9,False,1,9.9,PayNow
BUG-20260601-0639,3,2026-06-01 21:56:01,Bugis,TOP-W-02,Women's Ribbed Long Sleeve Turtleneck,Tops,WOMEN,19.9,19.9,False,1,19.9,Card
BUG-20260601-0345,1,2026-06-01 17:26:06,  Bugis  ,BTM-M-03,Men's Selvedge Regular Fit Jeans,Bottoms,Men,59.9,59.9,False,1,59.9,Cash
BUG-20260601-0783,1,2026-06-01 20:48:09,Bugis,UND-M-04,Men's Cotton Crew Neck Undershirt,Underwear,Men,14.9,14.9,False,2,29.8,Card
BUG-20260601-0214,1,2026-06-01 13:04:49,bugis,SOK-W-03,Women's Airism Low-Cut Socks,Socks,Women,5.9,5.9,False,1,5.9,Card
BUG-20260601-0240,1,2026-06-01 21:52:18,Bugis,SOK-M-03,,Socks,Men,5.9,5.9,False,1,5.9,PayNow
ORC-20260601-1000,1,2026-06-01 18:32:13,Orchard Central,BTM-M-02,Men's Slim Fit Chino Trousers,Bottoms,Men,29.9,29.9,False,1,29.9,NETS
BUG-20260601-0363,1,2026-06-01 21:43:11,Bugis,UND-M-08,Men's Airism V-Neck Undershirt,underwear,Men,9.9,9.9,False,1,9.9,PayNow
PUN-20260601-0192,2,2026-06-01 22:02:42,Punggol,TOP-W-01,Women's Airism Cotton Crew Neck T-Shirt,Tops,WOMEN,14.9,14.9,False,1,14.9,Card
PUN-20260601-0251,3,2026-06-01 20:51:22,punggol,UND-M-01,Men's Airism Boxer Briefs,Underwear,Men,14.9,14.9,False,1,14.9,Cash
ORC-20260601-0290,1,2026-06-01 20:23:20,Orchard Central,BTM-M-02,Men's Slim Fit Chino Trousers,Bottoms,MEN,29.9,29.9,False,1,29.9,NETS
ORC-20260601-0980,2,2026-06-01 19:52:08,Orchard Central,SOK-W-02,Women's Pile Crew Socks,Socks,Women,5.9,5.9,False,1,5.9,Card
PUN-20260601-0539,2,2026-06-01 11:50:57,Punggol,TOP-W-04,Women's Heattech Crew Neck Long Sleeve Tee,Tops,Women,14.9,14.9,False,1,14.9,NETS
ORC-20260601-0217,2,2026-06-01 20:55:10,orchard central,UND-W-04,Women's Airism T-Shirt Bra,Underwear,Women,29.9,29.9,False,1,29.9,CARD
BUG-20260601-0758,2,2026-06-01 14:14:48,Bugis,UND-M-02,Men's Cotton Blend Trunks,Underwear,Men,14.9,14.9,False,1,14.9,NETS
ORC-20260601-0995,2,2026-06-01 11:03:18,orchard central,UND-W-08,Women's Airism Camisole,Underwear,Women,14.9,14.9,False,1,14.9,Cash
ORC-20260601-1110,1,2026-06-01 20:26:24,ORCHARD CENTRAL,TOP-W-02,Women's Ribbed Long Sleeve Turtleneck,Tops,Women,19.9,19.9,False,1,19.9,Card
PUN-20260601-0360,2,2026-06-01 15:44:19,Punggol,BTM-W-03,Women's Ezy Ankle Pants,Bottoms,Women,29.9,29.9,False,1,29.9,Cash
ORC-20260601-0940,2,2026-06-01 17:52:58,  Orchard Central  ,SOK-M-03,Men's Airism Low-Cut Socks,Socks,Men,5.9,5.9,False,2,11.8,paynow
ORC-20260601-0272,1,2026-06-01 21:37:59,Orchard Central,UND-W-02,Women's Wireless Bra,Underwear,Women,29.9,29.9,False,1,29.9,paynow
ORC-20260601-0650,1,2026-06-01 12:16:32,Orchard Central,SOK-W-02,  Women's Pile Crew Socks  ,Socks,Women,5.9,5.9,False,1,5.9,Card
ORC-20260601-1048,1,2026-06-01 21:06:47,ORCHARD CENTRAL,SOK-M-03,Men's Airism Low-Cut Socks,Socks,men,5.9,5.9,False,1,5.9,Cash
PUN-20260601-0355,1,2026-06-01 20:54:19,  Punggol  ,SOK-M-03,Men's Airism Low-Cut Socks,Socks,Men,5.9,5.9,False,1,5.9,Cash
ORC-20260601-0533,1,2026-06-01 20:23:35,  Orchard Central  ,SOK-W-04,Women's Ribbed Crew Socks,Socks,Women,5.9,5.9,False,1,5.9,NETS
ORC-20260601-0863,1,2026-06-01 21:14:21,Orchard Central,SOK-W-02,Women's Pile Crew Socks,socks,Women,5.9,5.9,False,1,5.9,Card
ORC-20260601-0411,1,2026-06-01 20:13:59,Orchard Central,SOK-W-04,Women's Ribbed Crew Socks,Socks,Women,5.9,5.9,False,2,11.8,NETS
ORC-20260601-0565,1,2026-06-01 22:57:32,Orchard Central,BTM-W-02,Women's High-Rise Wide Leg Pants,BOTTOMS,Women,39.9,39.9,False,1,39.9,NETS
PUN-20260601-0357,2,2026-06-01 20:20:20,Punggol,UND-W-01,Women's Airism Bikini Shorts,Underwear,WOMEN,9.9,9.9,False,2,19.8,PayNow
ORC-20260601-0093,1,2026-06-01 19:41:44,Orchard Central,BTM-W-03,Women's Ezy Ankle Pants,Bottoms,Women,29.9,29.9,False,1,29.9,Card
ORC-20260601-1033,3,2026-06-01 18:41:54,Orchard Central,UND-M-02,Men's Cotton Blend Trunks,Underwear,MEN,14.9,14.9,False,1,14.9,PayNow
BUG-20260601-0086,1,2026-06-01 18:42:41,Bugis,UND-W-01,Women's Airism Bikini Shorts,Underwear,Women,9.9,9.9,False,1,9.9,Card
ORC-20260601-0357,3,2026-06-01 18:06:27,Orchard Central,SOK-W-03,Women's Airism Low-Cut Socks,Socks,Women,5.9,5.9,False,2,11.8,Card
ORC-20260601-0102,1,2026-06-01 19:20:24,Orchard Central,SOK-M-02,Men's Pile Crew Socks,Socks,Men,5.9,5.9,False,1,5.9,Card
PUN-20260601-0368,1,2026-06-01 19:54:06,Punggol,TOP-W-01,Women's Airism Cotton Crew Neck T-Shirt,Tops,Women,14.9,14.9,False,1,14.9,NETS
PUN-20260601-0478,2,2026-06-01 19:44:20,PUNGGOL,UND-M-04,Men's Cotton Crew Neck Undershirt,Underwear,men,14.9,14.9,False,1,14.9,Card
BUG-20260601-0444,2,2026-06-01 19:21:13,Bugis,SOK-M-03,Men's Airism Low-Cut Socks,Socks,Men,$5.9,5.9,False,1,5.9,CARD
ORC-20260601-0998,1,2026-06-01 12:21:57,Orchard Central,TOP-W-02,Women's Ribbed Long Sleeve Turtleneck,Tops,Women,19.9,19.9,False,1,19.9,Card
ORC-20260601-0614,2,2026-06-01 18:04:30,Orchard Central,SOK-W-03,Women's Airism Low-Cut Socks,SOCKS,Women,5.9,5.9,False,1,5.9,PayNow
ORC-20260601-0038,1,2026-06-01 11:33:21,Orchard Central,UND-W-02,Women's Wireless Bra,Underwear,Women,29.9,29.9,False,2,59.8,Card
ORC-20260601-0522,1,2026-06-01 16:02:43,Orchard Central,SOK-M-03,Men's Airism Low-Cut Socks,Socks,Men,5.9,5.9,False,2,11.8,Card
ORC-20260601-1099,2,2026-06-01 19:02:56,Orchard Central,BTM-W-08,Women's Smart Ankle Pants,Bottoms,Women,39.9,39.9,False,1,39.9,Card
ORC-20260601-0819,2,2026-06-01 22:28:59,ORCHARD CENTRAL,UND-M-02,Men's Cotton Blend Trunks,Underwear,Men,14.9,14.9,False,2,$29.8,PayNow
PUN-20260601-0059,1,2026-06-01 22:34:51,Punggol,UND-M-01,Men's Airism Boxer Briefs,Underwear,Men,14.9,14.9,False,1,14.9,PayNow
ORC-20260601-0161,1,2026-06-01 18:09:46,  Orchard Central  ,SOK-M-02,Men's Pile Crew Socks,Socks,Men,5.9,5.9,False,1,5.9,PayNow
BUG-20260601-0779,3,2026-06-01 20:36:14,bugis,SOK-W-04,Women's Ribbed Crew Socks,Socks,Women,5.9,5.9,False,1,5.9,PayNow
ORC-20260601-0117,1,2026-06-01 18:19:57,  Orchard Central  ,SOK-W-06,Women's Heattech Socks,SOCKS,Women,9.9,9.9,False,1,9.9,Card
BUG-20260601-0749,2,2026-06-01 13:34:40,Bugis,SOK-M-02,Men's Pile Crew Socks,Socks,MEN,5.9,5.9,False,1,5.9,PAYNOW
ORC-20260601-0299,1,2026-06-01 19:40:06,Orchard Central,SOK-M-02,Men's Pile Crew Socks,Socks,MEN,$5.9,5.9,False,1,5.9,PayNow
ORC-20260601-0633,3,2026-06-01 22:22:33,Orchard Central,SOK-M-02,Men's Pile Crew Socks,Socks,Men,5.9,5.9,False,1,5.9,Card
ORC-20260601-0273,1,2026-06-01 20:36:12,  ORCHARD CENTRAL  ,SOK-W-02,Women's Pile Crew Socks,Socks,Women,5.9,5.9,False,1,5.9,Card
BUG-20260601-0572,3,2026-06-01 19:12:44,bugis,SOK-M-02,Men's Pile Crew Socks,Socks,Men,5.9,5.9,False,1,5.9,Cash
ORC-20260601-0139,1,2026-06-01 17:38:58,Orchard Central,TOP-M-02,Men's Supima Cotton Polo Shirt,Tops,Men,29.9,29.9,False,1,29.9,NETS
PUN-20260601-0528,1,2026-06-01 19:17:04,Punggol,UND-W-03,Women's Cotton Blend Briefs,Underwear,Women,9.9,9.9,False,1,9.9,Cash
BUG-20260601-0679,1,2026-06-01 20:01:57,bugis,UND-W-03,Women's Cotton Blend Briefs,Underwear,Women,9.9,9.9,False,1,9.9,NETS
PUN-20260601-0129,3,2026-06-01 19:24:14,PUNGGOL,UND-W-03,Women's Cotton Blend Briefs,Underwear,Women,9.9,9.9,False,1,9.9,Card
PUN-20260601-0520,1,2026-06-01 13:28:48,Punggol,SOK-W-02,Women's Pile Crew Socks,Socks,Women,5.9,5.9,False,1,5.9,Card
ORC-20260601-0908,1,2026-06-01 19:08:33,Orchard Central,BTM-W-04,Women's Denim Straight Jeans,Bottoms,Women,49.9,49.9,False,1,$49.9,PayNow
BUG-20260601-0682,3,2026-06-01 13:12:57,Bugis,SOK-M-05,Men's Sport Ankle Socks,Socks,Men,5.9,5.9,False,1,5.9,Card
ORC-20260601-0800,1,2026-06-01 11:25:18,Orchard Central,UND-M-01,Men's Airism Boxer Briefs,Underwear,Men,14.9,14.9,False,2,$29.8,PayNow
BUG-20260601-0500,1,2026-06-01 14:06:49,Bugis,UND-W-01,Women's Airism Bikini Shorts,Underwear,Women,9.9,9.9,False,1,9.9,Card
ORC-20260601-0821,2,2026-06-01 20:35:04,Orchard Central,TOP-W-01,Women's Airism Cotton Crew Neck T-Shirt,Tops,Women,14.9,14.9,False,1,$14.9,card
BUG-20260601-0791,1,2026-06-01 16:25:04,Bugis,TOP-W-04,Women's Heattech Crew Neck Long Sleeve Tee,Tops,Women,14.9,14.9,False,1,14.9,Card
ORC-20260601-0053,1,2026-06-01 14:30:29,Orchard Central,UND-M-02,Men's Cotton Blend Trunks,Underwear,Men,14.9,14.9,False,2,29.8,PayNow
BUG-20260601-0585,2,2026-06-01 20:41:38,Bugis,TOP-W-04,Women's Heattech Crew Neck Long Sleeve Tee,tops,WOMEN,14.9,14.9,False,1,14.9,PayNow
ORC-20260601-0426,2,2026-06-01 18:33:31,Orchard Central,SOK-M-03,Men's Airism Low-Cut Socks,SOCKS,MEN,5.9,5.9,False,1,5.9,PayNow
BUG-20260601-0752,2,2026-06-01 15:22:38,Bugis,SOK-W-04,Women's Ribbed Crew Socks,SOCKS,Women,5.9,5.9,False,2,11.8,Card
ORC-20260601-0989,1,2026-06-01 13:30:46,Orchard Central,UND-W-01,Women's Airism Bikini Shorts,Underwear,Women,$9.9,9.9,False,1,9.9,Cash
PUN-20260601-0316,1,2026-06-01 19:26:36,Punggol,TOP-W-04,Women's Heattech Crew Neck Long Sleeve Tee,Tops,Women,14.9,14.9,False,1,14.9,Card
ORC-20260601-0234,1,2026-06-01 20:13:03,Orchard Central,BTM-W-01,Women's Ultra Stretch Skinny Jeans,Bottoms,WOMEN,39.9,39.9,False,1,39.9,Card
ORC-20260601-0166,2,2026-06-01 15:07:34,Orchard Central,SOK-W-03,Women's Airism Low-Cut Socks,Socks,Women,5.9,5.9,False,1,5.9,PayNow
ORC-20260601-1086,1,2026-06-01 18:47:29,orchard central,BTM-W-01,Women's Ultra Stretch Skinny Jeans,Bottoms,Women,39.9,39.9,False,1,39.9,Card
BUG-20260601-0694,3,2026-06-01 11:32:09,Bugis,UND-M-02,Men's Cotton Blend Trunks,Underwear,Men,14.9,14.9,False,1,14.9,PayNow
ORC-20260601-1085,1,2026-06-01 21:16:39,Orchard Central,TOP-W-04,Women's Heattech Crew Neck Long Sleeve Tee,Tops,women,14.9,14.9,False,1,14.9,Card
ORC-20260601-0775,2,2026-06-01 12:33:00,Orchard Central,SOK-M-08,Men's Cotton Blend Dress Socks,Socks,men,9.9,9.9,False,2,19.8,NETS
ORC-20260601-0083,1,2026-06-01 15:17:21,Orchard Central,SOK-M-04,Men's Ribbed Crew Socks,Socks,Men,5.9,5.9,False,1,5.9,Cash
ORC-20260601-1135,2,2026-06-01 21:57:44,Orchard Central,SOK-W-01,Women's Ankle Socks 3-Pack,Socks,Women,14.9,14.9,False,1,14.9,
BUG-20260601-0271,1,2026-06-01 20:10:22,Bugis,UND-W-03,Women's Cotton Blend Briefs,Underwear,Women,9.9,9.9,False,2,19.8,Cash
ORC-20260601-0260,1,2026-06-01 21:39:54,Orchard Central,BTM-M-08,Men's Relaxed Fit Denim Shorts,Bottoms,Men,22.99,29.9,True,1,22.99,Card
BUG-20260601-0464,1,2026-06-01 17:34:29,Bugis,TOP-W-04,Women's Heattech Crew Neck Long Sleeve Tee,Tops,Women,14.9,14.9,False,1,14.9,Card
PUN-20260601-0328,1,2026-06-01 20:12:49,Punggol,TOP-W-02,Women's Ribbed Long Sleeve Turtleneck,Tops,Women,19.9,19.9,False,1,19.9,Paynow
BUG-20260601-0362,3,2026-06-01 21:43:26,Bugis,SOK-M-02,Men's Pile Crew Socks,Socks,Men,5.9,5.9,False,2,11.8,nets
PUN-20260601-0453,2,2026-06-01 19:46:24,Punggol,SOK-W-02,Women's Pile Crew Socks,Socks,Women,5.9,5.9,False,2,11.8,PayNow
PUN-20260601-0169,1,2026-06-01 14:20:08,Punggol,SOK-W-07,Women's Striped Crew Socks,Socks,Women,5.9,5.9,False,1,5.9,Card
PUN-20260601-0266,2,2026-06-01 13:21:52,Punggol,UND-M-03,Men's Airism Mesh Boxer Briefs,Underwear,Men,14.9,14.9,False,1,14.9,PayNow
PUN-20260601-0537,1,2026-06-01 20:41:21,Punggol,UND-M-02,Men's Cotton Blend Trunks,Underwear,Men,14.9,14.9,False,1,$14.9,NETS
BUG-20260601-0658,3,2026-06-01 19:51:41,Bugis,BTM-M-01,  Men's Ezy Ankle Pants  ,Bottoms,MEN,29.9,29.9,False,1,29.9,NETS
ORC-20260601-0994,1,2026-06-01 18:36:49,Orchard Central,BTM-M-01,Men's Ezy Ankle Pants,Bottoms,Men,29.9,29.9,False,1,29.9,Cash
BUG-20260601-0608,1,2026-06-01 15:00:46,Bugis,SOK-W-04,Women's Ribbed Crew Socks,Socks,WOMEN,5.9,5.9,False,1,5.9,NETS
ORC-20260601-0388,1,2026-06-01 12:10:28,Orchard Central,UND-W-03,Women's Cotton Blend Briefs,Underwear,Women,9.9,9.9,False,1,9.9,nets
BUG-20260601-0286,1,2026-06-01 18:48:45,  Bugis  ,TOP-W-02,Women's Ribbed Long Sleeve Turtleneck,Tops,Women,19.9,19.9,False,1,19.9,Card
BUG-20260601-0222,3,2026-06-01 18:15:06,Bugis,SOK-M-02,Men's Pile Crew Socks,socks,Men,5.9,5.9,False,2,11.8,Cash
BUG-20260601-0782,3,2026-06-01 18:06:02,Bugis,UND-M-04,Men's Cotton Crew Neck Undershirt,Underwear,Men,14.9,14.9,False,1,14.9,Cash
ORC-20260601-0202,1,2026-06-01 19:37:26,Orchard Central,TOP-W-02,Women's Ribbed Long Sleeve Turtleneck,Tops,Women,19.9,19.9,False,1,19.9,PayNow
BUG-20260601-0062,3,2026-06-01 12:24:45,Bugis,TOP-W-04,Women's Heattech Crew Neck Long Sleeve Tee,Tops,WOMEN,14.9,14.9,False,1,14.9,Card
ORC-20260601-0322,2,2026-06-01 17:32:40,Orchard Central,UND-W-01,Women's Airism Bikini Shorts,Underwear,Women,9.9,9.9,False,1,9.9,PayNow
BUG-20260601-0166,2,2026-06-01 19:37:17,Bugis,UND-W-01,Women's Airism Bikini Shorts,Underwear,Women,9.9,9.9,False,1,9.9,card
BUG-20260601-0426,1,2026-06-01 20:07:37,Bugis,SOK-M-01,Men's Ankle Socks 3-Pack,Socks,Men,14.9,14.9,False,1,14.9,Card
BUG-20260601-0783,3,2026-06-01 20:48:09,Bugis,UND-W-01,Women's Airism Bikini Shorts,Underwear,WOMEN,9.9,9.9,False,1,9.9,Card
BUG-20260601-0498,1,2026-06-01 18:04:21,Bugis,SOK-M-01,Men's Ankle Socks 3-Pack,Socks,Men,14.9,14.9,False,1,14.9,Card
ORC-20260601-1126,2,2026-06-01 14:46:30,Orchard Central,SOK-W-02,  Women's Pile Crew Socks  ,Socks,Women,5.9,5.9,False,2,11.8,PayNow
ORC-20260601-0999,1,2026-06-01 21:22:57,  Orchard Central  ,SOK-W-03,Women's Airism Low-Cut Socks,Socks,Women,5.9,5.9,False,1,5.9,Card
ORC-20260601-0190,1,2026-06-01 19:41:06,Orchard Central,SOK-W-03,Women's Airism Low-Cut Socks,Socks,Women,5.9,5.9,False,1,5.9,Cash
ORC-20260601-0313,2,2026-06-01 21:17:56,Orchard Central,BTM-M-02,Men's Slim Fit Chino Trousers,Bottoms,Men,29.9,29.9,False,1,29.9,Card
PUN-20260601-0420,1,2026-06-01 13:14:37,Punggol,BTM-W-02,Women's High-Rise Wide Leg Pants,Bottoms,Women,39.9,39.9,False,1,39.9,CASH
ORC-20260601-0706,2,2026-06-01 14:17:37,orchard central,UND-W-03,Women's Cotton Blend Briefs,Underwear,Women,9.9,9.9,False,1,9.9,PayNow
ORC-20260601-0860,1,2026-06-01 18:39:19,Orchard Central,SOK-W-04,Women's Ribbed Crew Socks,Socks,women,5.9,5.9,False,1,5.9,Cash
PUN-20260601-0401,2,2026-06-01 15:54:02,Punggol,SOK-W-03,Women's Airism Low-Cut Socks,Socks,women,5.9,5.9,False,2,11.8,Card
ORC-20260601-1079,2,2026-06-01 14:02:35,Orchard Central,SOK-M-01,Men's Ankle Socks 3-Pack,Socks,Men,14.9,14.9,False,2,29.8,
ORC-20260601-0228,3,2026-06-01 20:43:26,Orchard Central,UND-M-02,Men's Cotton Blend Trunks,Underwear,Men,14.9,14.9,False,1,14.9,Card
ORC-20260601-0795,1,2026-06-01 20:07:12,orchard central,SOK-W-04,Women's Ribbed Crew Socks,Socks,Women,5.9,5.9,False,2,11.8,Card
BUG-20260601-0061,1,2026-06-01 21:09:12,Bugis,SOK-M-02,Men's Pile Crew Socks,Socks,Men,5.9,5.9,False,1,5.9,PayNow
BUG-20260601-0743,1,2026-06-01 21:46:20,Bugis,SOK-W-04,Women's Ribbed Crew Socks,Socks,Women,5.9,5.9,False,1,5.9,Card
ORC-20260601-0106,1,2026-06-01 13:37:38,Orchard Central,SOK-W-01,Women's Ankle Socks 3-Pack,Socks,Women,14.9,14.9,False,1,14.9,Card
ORC-20260601-0947,1,2026-06-01 20:31:27,Orchard Central,SOK-W-03,Women's Airism Low-Cut Socks,Socks,Women,5.9,5.9,False,1,5.9,Cash
ORC-20260601-0945,2,2026-06-01 20:47:09,Orchard Central,SOK-W-02,Women's Pile Crew Socks,socks,Women,5.9,5.9,False,1,5.9,PayNow
PUN-20260601-0208,1,2026-06-01 14:55:40,Punggol,UND-M-01,Men's Airism Boxer Briefs,Underwear,Men,14.9,14.9,False,1,14.9,Card
BUG-20260601-0183,1,2026-06-01 21:23:53,Bugis,UND-W-09,Women's Cotton Boyshorts,UNDERWEAR,women,$9.9,9.9,False,1,9.9,Card
BUG-20260601-0752,1,2026-06-01 15:22:38,Bugis,SOK-M-04,Men's Ribbed Crew Socks,Socks,men,5.9,5.9,False,1,5.9,CARD
ORC-20260601-0474,1,2026-06-01 21:26:40,Orchard Central,BTM-W-03,Women's Ezy Ankle Pants,Bottoms,Women,29.9,29.9,False,1,29.9,Cash
PUN-20260601-0365,2,2026-06-01 17:34:16,Punggol,TOP-M-01,  Men's Airism Cotton Crew Neck T-Shirt  ,Tops,Men,14.9,14.9,False,1,14.9,Card
PUN-20260601-0478,3,2026-06-01 19:44:20,Punggol,UND-W-01,Women's Airism Bikini Shorts,Underwear,WOMEN,9.9,9.9,False,1,9.9,Card
PUN-20260601-0256,1,2026-06-01 20:21:19,Punggol,TOP-W-01,Women's Airism Cotton Crew Neck T-Shirt,Tops,WOMEN,14.9,14.9,False,1,14.9,PayNow
ORC-20260601-1118,1,2026-06-01 19:01:47,Orchard Central,UND-M-02,Men's Cotton Blend Trunks,Underwear,men,14.9,14.9,False,1,14.9,Card
ORC-20260601-0496,1,2026-06-01 20:01:19,Orchard Central,UND-W-06,Women's Lace Trim Briefs,Underwear,women,9.9,9.9,False,2,19.8,PayNow
ORC-20260601-0031,3,2026-06-01 14:58:29,orchard central,TOP-M-04,Men's Oxford Long Sleeve Shirt,Tops,Men,29.9,29.9,False,1,29.9,Card
PUN-20260601-0175,2,2026-06-01 12:27:15,Punggol,BTM-M-02,Men's Slim Fit Chino Trousers,Bottoms,Men,29.9,29.9,False,1,29.9,nets
BUG-20260601-0614,1,2026-06-01 19:53:37,Bugis,SOK-M-03,Men's Airism Low-Cut Socks,Socks,Men,5.9,5.9,False,1,5.9,Cash
ORC-20260601-0620,1,2026-06-01 22:57:17,Orchard Central,SOK-W-03,Women's Airism Low-Cut Socks,Socks,Women,5.9,5.9,False,1,5.9,Card
BUG-20260601-0026,1,2026-06-01 19:10:47,Bugis,UND-W-01,Women's Airism Bikini Shorts,Underwear,Women,9.9,9.9,False,1,9.9,Card
PUN-20260601-0315,1,2026-06-01 21:47:35,Punggol,SOK-W-02,Women's Pile Crew Socks,Socks,Women,5.9,5.9,False,1,5.9,NETS
PUN-20260601-0360,1,2026-06-01 15:44:19,Punggol,UND-W-03,Women's Cotton Blend Briefs,Underwear,Women,9.9,9.9,False,2,19.8,Cash
PUN-20260601-0057,2,2026-06-01 11:12:50,Punggol,UND-W-04,Women's Airism T-Shirt Bra,Underwear,Women,29.9,29.9,False,1,29.9,
BUG-20260601-0519,2,2026-06-01 18:55:02,Bugis,SOK-M-06,Men's Heattech Socks,Socks,Men,9.9,9.9,False,1,9.9,Card
BUG-20260601-0748,2,2026-06-01 20:46:49,Bugis,SOK-M-02,Men's Pile Crew Socks,Socks,Men,5.9,5.9,False,1,5.9,CASH
ORC-20260601-0502,3,2026-06-01 15:47:42,Orchard Central,TOP-W-01,Women's Airism Cotton Crew Neck T-Shirt,Tops,Women,14.9,14.9,False,1,14.9,PayNow
ORC-20260601-0584,3,2026-06-01 17:53:09,Orchard Central,SOK-M-04,Men's Ribbed Crew Socks,Socks,Men,5.9,5.9,False,1,5.9,Card
ORC-20260601-0731,1,2026-06-01 11:04:36,Orchard Central,UND-M-01,Men's Airism Boxer Briefs,Underwear,Men,$14.9,14.9,False,1,14.9,Card
ORC-20260601-0581,1,2026-06-01 18:51:23,Orchard Central,TOP-M-04,Men's Oxford Long Sleeve Shirt,Tops,Men,29.9,29.9,False,1,29.9,Card
ORC-20260601-0479,3,2026-06-01 12:05:10,Orchard Central,SOK-W-02,Women's Pile Crew Socks,Socks,Women,5.9,5.9,False,1,5.9,Card
ORC-20260601-0304,1,2026-06-01 20:52:05,Orchard Central,TOP-M-03,Men's Dry-EX Crew Neck T-Shirt,Tops,Men,19.9,19.9,False,1,19.9,Cash
BUG-20260601-0547,1,2026-06-01 18:19:52,Bugis,SOK-W-03,Women's Airism Low-Cut Socks,Socks,Women,5.9,5.9,False,1,5.9,NETS
BUG-20260601-0797,2,2026-06-01 21:08:44,  BUGIS  ,SOK-M-02,Men's Pile Crew Socks,Socks,Men,5.9,5.9,False,1,5.9,Cash
PUN-20260601-0344,1,2026-06-01 21:08:53,  Punggol  ,TOP-W-01,Women's Airism Cotton Crew Neck T-Shirt,Tops,Women,14.9,14.9,False,1,14.9,Cash
ORC-20260601-0156,1,2026-06-01 19:23:00,Orchard Central,SOK-W-04,Women's Ribbed Crew Socks,Socks,Women,5.9,5.9,False,1,5.9,Cash
ORC-20260601-1112,2,2026-06-01 19:46:14,Orchard Central,UND-W-03,Women's Cotton Blend Briefs,Underwear,Women,9.9,9.9,False,1,9.9,Card
ORC-20260601-0454,1,2026-06-01 18:22:01,Orchard Central,TOP-M-01,Men's Airism Cotton Crew Neck T-Shirt,Tops,Men,14.9,14.9,False,1,14.9,Cash
ORC-20260601-0224,1,2026-06-01 22:32:29,ORCHARD CENTRAL,BTM-W-01,  Women's Ultra Stretch Skinny Jeans  ,Bottoms,Women,39.9,39.9,False,1,39.9,Card
BUG-20260601-0674,2,2026-06-01 17:08:53,Bugis,BTM-W-07,Women's Linen Blend Wide Pants,Bottoms,Women,39.9,39.9,False,1,39.9,Card
BUG-20260601-0148,2,2026-06-01 19:33:24,Bugis,UND-M-04,Men's Cotton Crew Neck Undershirt,Underwear,Men,14.9,14.9,False,1,14.9,paynow
ORC-20260601-0049,1,2026-06-01 15:20:56,Orchard Central,SOK-M-03,Men's Airism Low-Cut Socks,Socks,Men,5.9,5.9,False,1,5.9,PayNow
BUG-20260601-0581,1,2026-06-01 14:48:10,Bugis,UND-M-04,Men's Cotton Crew Neck Undershirt,Underwear,Men,14.9,14.9,False,1,14.9,Card
BUG-20260601-0338,1,2026-06-01 16:11:10,Bugis,SOK-W-04,Women's Ribbed Crew Socks,Socks,Women,5.9,5.9,False,1,5.9,Cash
ORC-20260601-0938,2,2026-06-01 16:22:02,Orchard Central,TOP-W-06,Women's Linen Blend Short Sleeve Shirt,Tops,Women,29.9,29.9,False,1,29.9,PayNow
ORC-20260601-0821,3,2026-06-01 20:35:04,Orchard Central,SOK-W-01,Women's Ankle Socks 3-Pack,Socks,Women,14.9,14.9,False,1,14.9,Card
ORC-20260601-0844,3,2026-06-01 19:36:41,Orchard Central,UND-W-06,Women's Lace Trim Briefs,underwear,Women,9.9,9.9,False,1,9.9,PayNow
PUN-20260601-0460,3,2026-06-01 18:35:18,punggol,SOK-M-03,Men's Airism Low-Cut Socks,Socks,Men,5.9,5.9,False,1,5.9,Card
ORC-20260601-0369,1,2026-06-01 13:21:08,Orchard Central,SOK-W-04,Women's Ribbed Crew Socks,Socks,Women,5.9,5.9,False,1,5.9,Card
ORC-20260601-0032,1,2026-06-01 18:42:47,  Orchard Central  ,SOK-M-02,Men's Pile Crew Socks,Socks,Men,5.9,5.9,False,1,5.9,NETS
BUG-20260601-0438,1,2026-06-01 22:39:43,Bugis,BTM-W-01,Women's Ultra Stretch Skinny Jeans,Bottoms,Women,39.9,39.9,False,1,39.9,PayNow
BUG-20260601-0139,2,2026-06-01 19:39:16,BUGIS,SOK-W-03,Women's Airism Low-Cut Socks,Socks,Women,$5.9,5.9,False,1,5.9,Card
ORC-20260601-0526,1,2026-06-01 15:21:29,Orchard Central,UND-M-04,  Men's Cotton Crew Neck Undershirt  ,Underwear,Men,14.9,14.9,False,1,$14.9,PayNow
PUN-20260601-0244,1,2026-06-01 18:57:29,  Punggol  ,SOK-W-02,Women's Pile Crew Socks,Socks,Women,5.9,5.9,False,1,5.9,Card
ORC-20260601-1084,3,2026-06-01 17:12:41,Orchard Central,UND-M-04,Men's Cotton Crew Neck Undershirt,Underwear,Men,14.9,14.9,False,1,14.9,CASH
PUN-20260601-0523,1,2026-06-01 18:30:17,PUNGGOL,UND-M-03,Men's Airism Mesh Boxer Briefs,Underwear,Men,14.9,14.9,False,1,14.9,Card
PUN-20260601-0414,3,2026-06-01 14:07:56,Punggol,SOK-W-02,Women's Pile Crew Socks,Socks,Women,5.9,5.9,False,1,5.9,NETS
BUG-20260601-0246,2,2026-06-01 21:33:21,  Bugis  ,UND-M-03,Men's Airism Mesh Boxer Briefs,Underwear,Men,14.9,14.9,False,1,14.9,Cash
PUN-20260601-0118,2,2026-06-01 17:42:22,punggol,SOK-W-03,Women's Airism Low-Cut Socks,Socks,Women,5.9,5.9,False,1,5.9,Card
PUN-20260601-0035,1,2026-06-01 11:52:07,Punggol,UND-W-03,Women's Cotton Blend Briefs,Underwear,women,9.9,9.9,False,2,19.8,CARD
ORC-20260601-0370,2,2026-06-01 19:57:44,ORCHARD CENTRAL,UND-M-04,Men's Cotton Crew Neck Undershirt,Underwear,Men,14.9,14.9,False,1,14.9,Card
BUG-20260601-0397,1,2026-06-01 20:39:12,bugis,TOP-M-02,Men's Supima Cotton Polo Shirt,Tops,Men,29.9,29.9,False,1,29.9,Card
ORC-20260601-0240,1,2026-06-01 13:33:22,Orchard Central,UND-M-01,Men's Airism Boxer Briefs,Underwear,Men,14.9,14.9,False,2,29.8,PayNow
PUN-20260601-0086,1,2026-06-01 19:12:41,Punggol,SOK-M-03,Men's Airism Low-Cut Socks,Socks,Men,5.9,5.9,False,1,5.9,Card
BUG-20260601-0032,1,2026-06-01 17:00:11,Bugis,SOK-W-02,Women's Pile Crew Socks,Socks,Women,5.9,5.9,False,1,5.9,Card
ORC-20260601-0885,2,2026-06-01 19:46:08,ORCHARD CENTRAL,SOK-W-03,Women's Airism Low-Cut Socks,Socks,Women,5.9,5.9,False,1,5.9,nets
BUG-20260601-0144,2,2026-06-01 15:02:24,Bugis,SOK-M-02,Men's Pile Crew Socks,Socks,Men,5.9,5.9,False,2,11.8,Cash
BUG-20260601-0668,2,2026-06-01 19:43:11,Bugis,BTM-W-01,Women's Ultra Stretch Skinny Jeans,Bottoms,Women,39.9,39.9,False,1,39.9,Card
PUN-20260601-0278,1,2026-06-01 16:48:10,Punggol,SOK-M-06,Men's Heattech Socks,Socks,Men,9.9,9.9,False,1,9.9,Card
PUN-20260601-0432,1,2026-06-01 20:46:14,Punggol,TOP-W-02,  Women's Ribbed Long Sleeve Turtleneck  ,Tops,Women,19.9,19.9,False,1,19.9,PayNow
ORC-20260601-1016,1,2026-06-01 11:12:24,Orchard Central,SOK-W-02,Women's Pile Crew Socks,Socks,Women,5.9,5.9,False,1,5.9,NETS
ORC-20260601-0688,3,2026-06-01 15:35:11,Orchard Central,UND-W-03,Women's Cotton Blend Briefs,Underwear,women,9.9,9.9,False,1,9.9,Card
ORC-20260601-0188,2,2026-06-01 18:39:15,Orchard Central,SOK-M-01,Men's Ankle Socks 3-Pack,Socks,Men,14.9,14.9,False,1,14.9,Cash
ORC-20260601-1070,2,2026-06-01 15:08:17,Orchard Central,UND-W-03,Women's Cotton Blend Briefs,Underwear,Women,9.9,9.9,False,2,19.8,Card
BUG-20260601-0221,1,2026-06-01 19:55:52,Bugis,TOP-M-02,  Men's Supima Cotton Polo Shirt  ,Tops,Men,29.9,29.9,False,1,29.9,card
BUG-20260601-0577,2,2026-06-01 22:47:46,Bugis,SOK-W-04,Women's Ribbed Crew Socks,Socks,Women,5.9,5.9,False,1,5.9,Cash
BUG-20260601-0658,1,2026-06-01 19:51:41,  Bugis  ,UND-M-04,Men's Cotton Crew Neck Undershirt,Underwear,Men,14.9,14.9,False,1,14.9,NETS
PUN-20260601-0324,3,2026-06-01 16:53:12,Punggol,UND-W-03,Women's Cotton Blend Briefs,Underwear,Women,9.9,9.9,False,1,9.9,CARD
BUG-20260601-0441,2,2026-06-01 22:11:30,Bugis,SOK-W-04,Women's Ribbed Crew Socks,Socks,WOMEN,5.9,5.9,False,1,5.9,Card
PUN-20260601-0519,1,2026-06-01 15:49:36,punggol,TOP-M-01,Men's Airism Cotton Crew Neck T-Shirt,Tops,Men,14.9,14.9,False,1,$14.9,Card
PUN-20260601-0404,3,2026-06-01 14:23:33,Punggol,SOK-W-04,Women's Ribbed Crew Socks,Socks,Women,5.9,5.9,False,2,11.8,paynow
ORC-20260601-0060,3,2026-06-01 22:25:23,Orchard Central,SOK-W-03,Women's Airism Low-Cut Socks,SOCKS,Women,5.9,5.9,False,1,5.9,Card
BUG-20260601-0157,1,2026-06-01 21:50:37,Bugis,TOP-W-02,Women's Ribbed Long Sleeve Turtleneck,Tops,Women,$19.9,19.9,False,1,19.9,Card
PUN-20260601-0277,2,2026-06-01 19:13:56,punggol,TOP-M-01,Men's Airism Cotton Crew Neck T-Shirt,tops,Men,14.9,14.9,False,1,14.9,PayNow
PUN-20260601-0039,3,2026-06-01 20:02:41,Punggol,BTM-M-02,Men's Slim Fit Chino Trousers,Bottoms,Men,29.9,29.9,False,1,29.9,PayNow
ORC-20260601-0124,3,2026-06-01 18:44:14,Orchard Central,SOK-W-04,Women's Ribbed Crew Socks,Socks,Women,5.9,5.9,False,1,5.9,Card
ORC-20260601-0651,1,2026-06-01 18:40:51,ORCHARD CENTRAL,SOK-M-02,Men's Pile Crew Socks,Socks,Men,5.9,5.9,False,1,5.9,Card
BUG-20260601-0338,2,2026-06-01 16:11:10,Bugis,TOP-M-03,Men's Dry-EX Crew Neck T-Shirt,Tops,Men,19.9,19.9,False,1,19.9,cash
PUN-20260601-0366,1,2026-06-01 21:57:01,Punggol,TOP-M-03,Men's Dry-EX Crew Neck T-Shirt,Tops,Men,$19.9,19.9,False,1,19.9,Cash
PUN-20260601-0045,2,2026-06-01 16:02:32,Punggol,TOP-M-01,Men's Airism Cotton Crew Neck T-Shirt,TOPS,Men,14.9,14.9,False,1,14.9,PayNow
BUG-20260601-0708,1,2026-06-01 13:37:21,Bugis,BTM-M-04,Men's Dry Stretch Shorts,Bottoms,Men,19.9,19.9,False,1,19.9,PayNow
PUN-20260601-0246,1,2026-06-01 19:04:06,Punggol,TOP-M-02,Men's Supima Cotton Polo Shirt,Tops,Men,29.9,29.9,False,1,29.9,Card
PUN-20260601-0275,3,2026-06-01 18:32:26,Punggol,UND-M-02,Men's Cotton Blend Trunks,Underwear,Men,14.9,14.9,False,1,14.9,NETS
BUG-20260601-0234,3,2026-06-01 17:57:20,BUGIS,UND-W-01,Women's Airism Bikini Shorts,Underwear,Women,9.9,9.9,False,1,9.9,Card
ORC-20260601-0307,2,2026-06-01 18:07:26,Orchard Central,SOK-M-02,Men's Pile Crew Socks,Socks,Men,5.9,5.9,False,1,5.9,Card
ORC-20260601-0302,2,2026-06-01 15:48:50,orchard central,TOP-W-02,Women's Ribbed Long Sleeve Turtleneck,Tops,women,19.9,19.9,False,1,19.9,Card
BUG-20260601-0733,2,2026-06-01 20:15:19,Bugis,SOK-W-03,Women's Airism Low-Cut Socks,Socks,Women,5.9,5.9,False,1,5.9,PayNow
PUN-20260601-0350,1,2026-06-01 20:59:06,Punggol,UND-M-04,Men's Cotton Crew Neck Undershirt,Underwear,Men,14.9,14.9,False,1,14.9,PayNow
ORC-20260601-0401,2,2026-06-01 17:22:44,Orchard Central,UND-M-04,  Men's Cotton Crew Neck Undershirt  ,Underwear,MEN,14.9,14.9,False,1,14.9,Card
ORC-20260601-0755,3,2026-06-01 22:53:41,Orchard Central,BTM-W-03,Women's Ezy Ankle Pants,Bottoms,Women,29.9,29.9,False,1,29.9,Card
ORC-20260601-0044,1,2026-06-01 13:39:31,Orchard Central,SOK-W-04,Women's Ribbed Crew Socks,Socks,Women,5.9,5.9,False,1,5.9,PayNow
BUG-20260601-0671,2,2026-06-01 11:23:13,Bugis,BTM-W-02,Women's High-Rise Wide Leg Pants,Bottoms,Women,39.9,39.9,False,1,39.9,paynow
ORC-20260601-0512,1,2026-06-01 13:19:05,Orchard Central,SOK-W-04,Women's Ribbed Crew Socks,Socks,Women,5.9,5.9,False,1,5.9,Paynow
PUN-20260601-0421,3,2026-06-01 17:06:18,Punggol,TOP-W-01,Women's Airism Cotton Crew Neck T-Shirt,Tops,WOMEN,14.9,14.9,False,1,14.9,Card
ORC-20260601-0524,2,2026-06-01 19:38:16,Orchard Central,BTM-M-09,Men's Linen Blend Trousers,Bottoms,MEN,39.9,39.9,False,1,39.9,Card
ORC-20260601-0048,1,2026-06-01 21:24:16,Orchard Central,TOP-W-02,Women's Ribbed Long Sleeve Turtleneck,Tops,Women,19.9,19.9,False,1,19.9,Card
BUG-20260601-0339,1,2026-06-01 17:51:48,Bugis,SOK-W-02,Women's Pile Crew Socks,Socks,Women,5.9,5.9,False,1,5.9,Card
PUN-20260601-0494,2,2026-06-01 18:52:02,punggol,UND-W-03,Women's Cotton Blend Briefs,UNDERWEAR,Women,9.9,9.9,False,1,9.9,CARD
BUG-20260601-0411,1,2026-06-01 17:20:17,Bugis,SOK-M-02,Men's Pile Crew Socks,Socks,Men,5.9,5.9,False,1,5.9,Card
BUG-20260601-0666,2,2026-06-01 21:13:03,Bugis,UND-W-02,Women's Wireless Bra,Underwear,women,29.9,29.9,False,1,29.9,Card
ORC-20260601-0600,3,2026-06-01 14:22:19,Orchard Central,UND-W-01,Women's Airism Bikini Shorts,Underwear,WOMEN,9.9,9.9,False,1,9.9,NETS
PUN-20260601-0111,1,2026-06-01 22:24:23,Punggol,SOK-M-04,Men's Ribbed Crew Socks,SOCKS,Men,5.9,5.9,False,1,5.9,Card
BUG-20260601-0108,2,2026-06-01 20:41:54,Bugis,TOP-W-01,Women's Airism Cotton Crew Neck T-Shirt,Tops,Women,14.9,14.9,False,1,14.9,Card
ORC-20260601-0923,1,2026-06-01 20:22:56,Orchard Central,SOK-W-04,  Women's Ribbed Crew Socks  ,Socks,WOMEN,5.9,5.9,False,1,5.9,Card
BUG-20260601-0286,2,2026-06-01 18:48:45,Bugis,SOK-M-04,  Men's Ribbed Crew Socks  ,Socks,MEN,5.9,5.9,False,1,5.9,Card
ORC-20260601-0568,2,2026-06-01 20:03:45,Orchard Central,SOK-M-03,Men's Airism Low-Cut Socks,Socks,Men,5.9,5.9,False,1,5.9,Card
ORC-20260601-0047,3,2026-06-01 16:44:04,Orchard Central,SOK-M-04,Men's Ribbed Crew Socks,Socks,men,5.9,5.9,False,1,5.9,NETS
BUG-20260601-0187,2,2026-06-01 12:39:30,Bugis,SOK-W-02,Women's Pile Crew Socks,Socks,Women,5.9,5.9,False,1,5.9,
BUG-20260601-0701,2,2026-06-01 13:31:57,Bugis,SOK-M-04,Men's Ribbed Crew Socks,socks,Men,5.9,5.9,False,1,5.9,Cash
ORC-20260601-0753,1,2026-06-01 15:42:38,Orchard Central,SOK-M-04,  Men's Ribbed Crew Socks  ,Socks,Men,5.9,5.9,False,1,5.9,Card
ORC-20260601-0631,1,2026-06-01 21:00:26,Orchard Central,BTM-W-01,Women's Ultra Stretch Skinny Jeans,bottoms,Women,39.9,39.9,False,1,39.9,Nets
ORC-20260601-0742,3,2026-06-01 11:27:50,Orchard Central,TOP-M-03,Men's Dry-EX Crew Neck T-Shirt,Tops,Men,19.9,19.9,False,1,19.9,Cash
BUG-20260601-0217,3,2026-06-01 21:39:53,bugis,SOK-M-04,Men's Ribbed Crew Socks,Socks,men,5.9,5.9,False,1,5.9,Cash
BUG-20260601-0177,1,2026-06-01 11:18:15,Bugis,SOK-W-04,Women's Ribbed Crew Socks,Socks,Women,5.9,5.9,False,1,5.9,PayNow
ORC-20260601-0321,2,2026-06-01 13:07:00,Orchard Central,UND-W-01,Women's Airism Bikini Shorts,Underwear,Women,9.9,9.9,False,1,9.9,PAYNOW
ORC-20260601-0120,2,2026-06-01 16:21:04,Orchard Central,UND-W-03,  Women's Cotton Blend Briefs  ,UNDERWEAR,women,9.9,9.9,False,1,9.9,Card
PUN-20260601-0235,1,2026-06-01 22:30:52,Punggol,SOK-W-03,Women's Airism Low-Cut Socks,Socks,Women,5.9,5.9,False,1,5.9,NETS
BUG-20260601-0407,2,2026-06-01 19:07:25,Bugis,UND-M-04,Men's Cotton Crew Neck Undershirt,Underwear,Men,14.9,14.9,False,1,14.9,NETS
ORC-20260601-0071,1,2026-06-01 16:23:52,Orchard Central,SOK-W-02,Women's Pile Crew Socks,Socks,Women,5.9,5.9,False,2,11.8,PayNow
ORC-20260601-0477,1,2026-06-01 22:32:31,ORCHARD CENTRAL,SOK-W-04,Women's Ribbed Crew Socks,Socks,Women,5.9,5.9,False,2,11.8,Cash
BUG-20260601-0593,2,2026-06-01 18:16:57,bugis,UND-W-09,Women's Cotton Boyshorts,Underwear,Women,9.9,9.9,False,1,9.9,PayNow
BUG-20260601-0812,3,2026-06-01 16:23:27,Bugis,SOK-W-01,Women's Ankle Socks 3-Pack,Socks,Women,14.9,14.9,False,1,14.9,NETS
PUN-20260601-0362,3,2026-06-01 19:49:24,Punggol,TOP-M-02,Men's Supima Cotton Polo Shirt,Tops,Men,29.9,29.9,False,1,29.9,PayNow
BUG-20260601-0114,2,2026-06-01 22:29:15,  Bugis  ,SOK-M-01,Men's Ankle Socks 3-Pack,Socks,MEN,14.9,14.9,False,1,14.9,Card
PUN-20260601-0353,1,2026-06-01 16:04:44,Punggol,SOK-M-03,Men's Airism Low-Cut Socks,Socks,Men,5.9,5.9,False,1,5.9,Card
BUG-20260601-0757,3,2026-06-01 12:38:27,BUGIS,SOK-M-02,Men's Pile Crew Socks,Socks,Men,5.9,5.9,False,2,11.8,Card
BUG-20260601-0323,1,2026-06-01 18:25:08,Bugis,SOK-W-03,Women's Airism Low-Cut Socks,Socks,Women,5.9,5.9,False,1,5.9,Card
ORC-20260601-0176,1,2026-06-01 20:44:07,Orchard Central,UND-M-07,  Men's Stretch Cotton Boxers  ,Underwear,Men,14.9,14.9,False,1,14.9,Card
BUG-20260601-0762,3,2026-06-01 20:56:38,Bugis,SOK-W-04,Women's Ribbed Crew Socks,Socks,Women,5.9,5.9,False,2,11.8,PayNow
ORC-20260601-0825,1,2026-06-01 13:11:51,Orchard Central,TOP-W-04,Women's Heattech Crew Neck Long Sleeve Tee,Tops,Women,$14.9,14.9,False,1,14.9,Card
BUG-20260601-0800,1,2026-06-01 16:48:06,  Bugis  ,SOK-M-04,Men's Ribbed Crew Socks,Socks,Men,5.9,5.9,False,2,11.8,Cash
ORC-20260601-0842,1,2026-06-01 21:22:36,Orchard Central,SOK-W-09,Women's No-Show Sneaker Socks,SOCKS,Women,5.9,5.9,False,1,5.9,Cash
ORC-20260601-0155,1,2026-06-01 14:52:55,Orchard Central,UND-W-01,Women's Airism Bikini Shorts,Underwear,Women,9.9,9.9,False,1,9.9,PayNow
ORC-20260601-1050,2,2026-06-01 21:26:38,  Orchard Central  ,SOK-W-04,Women's Ribbed Crew Socks,Socks,Women,5.9,5.9,False,1,5.9,Card
PUN-20260601-0129,1,2026-06-01 19:24:14,Punggol,UND-M-03,  Men's Airism Mesh Boxer Briefs  ,Underwear,Men,14.9,14.9,False,1,14.9,Card
BUG-20260601-0092,3,2026-06-01 20:01:58,  Bugis  ,UND-W-03,  Women's Cotton Blend Briefs  ,UNDERWEAR,Women,9.9,9.9,False,1,9.9,Card
ORC-20260601-0511,2,2026-06-01 18:25:56,ORCHARD CENTRAL,SOK-W-02,Women's Pile Crew Socks,Socks,women,5.9,5.9,False,1,5.9,PayNow
ORC-20260601-0578,2,2026-06-01 15:53:53,Orchard Central,BTM-W-04,Women's Denim Straight Jeans,Bottoms,Women,49.9,49.9,False,1,49.9,Cash
PUN-20260601-0134,1,2026-06-01 20:22:04,  punggol  ,SOK-W-04,Women's Ribbed Crew Socks,Socks,Women,5.9,5.9,False,1,5.9,PayNow
BUG-20260601-0703,1,2026-06-01 18:56:36,Bugis,SOK-M-10,Men's Wool Blend Socks,Socks,Men,9.9,9.9,False,1,9.9,Card
PUN-20260601-0450,2,2026-06-01 21:39:52,Punggol,UND-W-01,  Women's Airism Bikini Shorts  ,Underwear,Women,9.9,9.9,False,1,9.9,PayNow
PUN-20260601-0064,2,2026-06-01 13:53:07,Punggol,UND-W-01,Women's Airism Bikini Shorts,Underwear,Women,9.9,9.9,False,2,19.8,CASH
ORC-20260601-0802,3,2026-06-01 22:38:50,Orchard Central,UND-M-07,Men's Stretch Cotton Boxers,Underwear,Men,14.9,14.9,False,1,14.9,PayNow
BUG-20260601-0243,3,2026-06-01 21:00:13,BUGIS,SOK-M-04,Men's Ribbed Crew Socks,Socks,Men,5.9,5.9,False,2,11.8,Cash
ORC-20260601-0663,1,2026-06-01 20:51:44,Orchard Central,SOK-W-01,Women's Ankle Socks 3-Pack,Socks,Women,14.9,14.9,False,1,14.9,Cash
ORC-20260601-0130,1,2026-06-01 21:13:43,Orchard Central,TOP-W-04,Women's Heattech Crew Neck Long Sleeve Tee,Tops,Women,14.9,14.9,False,1,14.9,Card
PUN-20260601-0552,3,2026-06-01 20:33:22,Punggol,SOK-M-02,Men's Pile Crew Socks,Socks,Men,5.9,5.9,False,1,5.9,PayNow
BUG-20260601-0108,1,2026-06-01 20:41:54,Bugis,UND-M-02,Men's Cotton Blend Trunks,underwear,Men,14.9,14.9,False,1,14.9,Card
PUN-20260601-0335,1,2026-06-01 13:33:21,  Punggol  ,TOP-M-01,Men's Airism Cotton Crew Neck T-Shirt,Tops,Men,14.9,14.9,False,1,14.9,card
ORC-20260601-0338,1,2026-06-01 18:49:18,Orchard Central,BTM-M-04,Men's Dry Stretch Shorts,Bottoms,Men,19.9,19.9,False,1,19.9,Cash
BUG-20260601-0583,2,2026-06-01 17:44:59,Bugis,BTM-M-01,Men's Ezy Ankle Pants,Bottoms,Men,29.9,29.9,False,1,29.9,Card
ORC-20260601-0849,1,2026-06-01 22:11:07,orchard central,TOP-W-02,Women's Ribbed Long Sleeve Turtleneck,Tops,Women,19.9,19.9,False,1,19.9,Card
ORC-20260601-0446,2,2026-06-01 11:32:51,Orchard Central,TOP-W-02,Women's Ribbed Long Sleeve Turtleneck,Tops,Women,$19.9,19.9,False,1,19.9,NETS
BUG-20260601-0562,1,2026-06-01 20:36:20,Bugis,SOK-W-02,Women's Pile Crew Socks,Socks,Women,5.9,5.9,False,1,5.9,Card
ORC-20260601-0557,2,2026-06-01 14:38:23,Orchard Central,TOP-W-02,Women's Ribbed Long Sleeve Turtleneck,Tops,Women,19.9,19.9,False,1,19.9,NETS
BUG-20260601-0449,2,2026-06-01 19:02:25,Bugis,SOK-M-03,Men's Airism Low-Cut Socks,Socks,Men,5.9,5.9,False,1,5.9,PayNow
ORC-20260601-0850,1,2026-06-01 12:16:10,Orchard Central,TOP-M-02,Men's Supima Cotton Polo Shirt,Tops,men,29.9,29.9,False,1,29.9,Card
ORC-20260601-0241,1,2026-06-01 11:17:53,Orchard Central,TOP-W-09,Women's Drape Sleeveless Top,Tops,Women,19.9,19.9,False,1,19.9,PayNow
BUG-20260601-0524,2,2026-06-01 18:28:37,Bugis,SOK-M-10,Men's Wool Blend Socks,socks,Men,9.9,9.9,False,1,9.9,Card
ORC-20260601-0689,2,2026-06-01 19:48:19,ORCHARD CENTRAL,TOP-M-01,Men's Airism Cotton Crew Neck T-Shirt,Tops,Men,14.9,14.9,False,1,14.9,Card
ORC-20260601-0018,1,2026-06-01 20:19:58,Orchard Central,UND-M-03,Men's Airism Mesh Boxer Briefs,underwear,Men,14.9,14.9,False,1,14.9,CARD
PUN-20260601-0109,1,2026-06-01 21:07:59,Punggol,BTM-W-04,  Women's Denim Straight Jeans  ,Bottoms,Women,49.9,49.9,False,1,49.9,Cash
PUN-20260601-0019,1,2026-06-01 20:27:20,Punggol,SOK-M-04,Men's Ribbed Crew Socks,Socks,Men,5.9,5.9,False,1,5.9,Card
ORC-20260601-0281,1,2026-06-01 16:32:31,Orchard Central,UND-W-03,Women's Cotton Blend Briefs,underwear,Women,9.9,9.9,False,1,9.9,PayNow
ORC-20260601-0136,2,2026-06-01 18:02:52,Orchard Central,UND-M-02,Men's Cotton Blend Trunks,underwear,Men,14.9,14.9,False,1,14.9,PayNow
PUN-20260601-0090,1,2026-06-01 18:02:28,Punggol,TOP-W-01,Women's Airism Cotton Crew Neck T-Shirt,Tops,Women,14.9,14.9,False,1,14.9,paynow
ORC-20260601-0924,3,2026-06-01 19:25:20,  Orchard Central  ,SOK-W-03,Women's Airism Low-Cut Socks,Socks,Women,5.9,5.9,False,1,5.9,NETS
PUN-20260601-0018,1,2026-06-01 20:48:27,Punggol,UND-W-07,Women's Heattech Camisole,Underwear,Women,14.9,14.9,False,1,14.9,PayNow
BUG-20260601-0642,3,2026-06-01 13:04:01,Bugis,SOK-W-02,  Women's Pile Crew Socks  ,Socks,Women,5.9,5.9,False,2,11.8,Card
BUG-20260601-0037,2,2026-06-01 21:02:15,Bugis,SOK-W-02,Women's Pile Crew Socks,Socks,Women,5.9,5.9,False,1,5.9,PayNow
ORC-20260601-0801,2,2026-06-01 19:34:42,  ORCHARD CENTRAL  ,SOK-M-03,Men's Airism Low-Cut Socks,Socks,Men,5.9,5.9,False,1,5.9,cash
ORC-20260601-0396,3,2026-06-01 22:16:53,Orchard Central,UND-M-03,Men's Airism Mesh Boxer Briefs,underwear,MEN,14.9,14.9,False,1,14.9,PayNow
BUG-20260601-0119,1,2026-06-01 19:08:07,Bugis,TOP-W-03,Women's Silky Satin Blouse,Tops,Women,39.9,39.9,False,1,39.9,Card
PUN-20260601-0179,2,2026-06-01 16:53:24,Punggol,BTM-M-01,Men's Ezy Ankle Pants,Bottoms,Men,29.9,29.9,False,1,29.9,Card
ORC-20260601-0533,3,2026-06-01 20:23:35,Orchard Central,UND-M-02,Men's Cotton Blend Trunks,Underwear,Men,14.9,14.9,False,1,$14.9,NETS
ORC-20260601-0436,2,2026-06-01 21:10:59,Orchard Central,UND-W-03,Women's Cotton Blend Briefs,Underwear,Women,9.9,9.9,False,1,9.9,CARD
ORC-20260601-0410,1,2026-06-01 14:49:01,Orchard Central,SOK-M-04,Men's Ribbed Crew Socks,Socks,Men,5.9,5.9,False,1,5.9,Nets
ORC-20260601-0889,1,2026-06-01 15:53:33,Orchard Central,UND-W-04,  Women's Airism T-Shirt Bra  ,UNDERWEAR,Women,29.9,29.9,False,2,59.8,Card
PUN-20260601-0136,1,2026-06-01 11:39:02,Punggol,TOP-M-03,Men's Dry-EX Crew Neck T-Shirt,Tops,Men,19.9,19.9,False,1,19.9,PayNow
BUG-20260601-0458,2,2026-06-01 19:25:13,Bugis,SOK-W-02,Women's Pile Crew Socks,Socks,Women,$5.9,5.9,False,1,5.9,Cash
BUG-20260601-0655,2,2026-06-01 22:38:32,bugis,UND-M-03,Men's Airism Mesh Boxer Briefs,Underwear,Men,14.9,14.9,False,1,14.9,PayNow
ORC-20260601-0387,1,2026-06-01 20:43:04,Orchard Central,SOK-W-02,Women's Pile Crew Socks,Socks,Women,5.9,5.9,False,1,5.9,Card
ORC-20260601-0055,3,2026-06-01 20:28:52,Orchard Central,TOP-W-03,Women's Silky Satin Blouse,Tops,Women,39.9,39.9,False,1,39.9,NETS
ORC-20260601-1078,1,2026-06-01 19:52:12,Orchard Central,UND-W-02,Women's Wireless Bra,UNDERWEAR,Women,29.9,29.9,False,1,29.9,PayNow
ORC-20260601-0367,1,2026-06-01 11:43:58,ORCHARD CENTRAL,SOK-M-01,Men's Ankle Socks 3-Pack,Socks,Men,14.9,14.9,False,1,14.9,PayNow
ORC-20260601-0759,1,2026-06-01 21:24:05,Orchard Central,TOP-W-01,Women's Airism Cotton Crew Neck T-Shirt,TOPS,women,14.9,14.9,False,1,14.9,
BUG-20260601-0035,2,2026-06-01 14:59:24,Bugis,UND-W-01,Women's Airism Bikini Shorts,Underwear,Women,9.9,9.9,False,1,9.9,Card
PUN-20260601-0039,2,2026-06-01 20:02:41,  Punggol  ,BTM-M-04,Men's Dry Stretch Shorts,Bottoms,MEN,19.9,19.9,False,1,19.9,PayNow
BUG-20260601-0283,2,2026-06-01 22:16:03,Bugis,UND-W-01,Women's Airism Bikini Shorts,underwear,Women,9.9,9.9,False,1,9.9,Card
BUG-20260601-0009,2,2026-06-01 16:48:10,BUGIS,BTM-M-04,Men's Dry Stretch Shorts,Bottoms,MEN,19.9,19.9,False,1,19.9,Card
PUN-20260601-0464,1,2026-06-01 21:05:44,Punggol,UND-W-01,Women's Airism Bikini Shorts,UNDERWEAR,Women,9.9,9.9,False,1,9.9,Cash
ORC-20260601-0499,1,2026-06-01 17:04:55,Orchard Central,UND-W-03,Women's Cotton Blend Briefs,Underwear,Women,9.9,9.9,False,2,19.8,Cash
BUG-20260601-0185,2,2026-06-01 17:43:07,Bugis,SOK-M-03,Men's Airism Low-Cut Socks,Socks,Men,5.9,5.9,False,1,$5.9,NETS
BUG-20260601-0497,3,2026-06-01 15:33:40,Bugis,UND-M-04,Men's Cotton Crew Neck Undershirt,Underwear,Men,14.9,14.9,False,1,14.9,cash
BUG-20260601-0722,2,2026-06-01 21:46:58,Bugis,UND-W-01,Women's Airism Bikini Shorts,Underwear,Women,9.9,9.9,False,2,19.8,PayNow
ORC-20260601-0034,2,2026-06-01 20:49:34,Orchard Central,UND-W-03,Women's Cotton Blend Briefs,Underwear,Women,9.9,9.9,False,2,19.8,Card
PUN-20260601-0016,1,2026-06-01 20:11:28,Punggol,TOP-W-02,Women's Ribbed Long Sleeve Turtleneck,Tops,Women,19.9,19.9,False,1,$19.9,PayNow
ORC-20260601-0547,2,2026-06-01 19:11:43,Orchard Central,SOK-W-04,  Women's Ribbed Crew Socks  ,Socks,Women,5.9,5.9,False,1,5.9,PayNow
ORC-20260601-0729,2,2026-06-01 20:41:03,Orchard Central,UND-W-03,Women's Cotton Blend Briefs,Underwear,Women,9.9,9.9,False,1,9.9,Card
ORC-20260601-0681,1,2026-06-01 15:25:20,Orchard Central,SOK-M-04,Men's Ribbed Crew Socks,Socks,Men,5.9,5.9,False,1,5.9,Card
PUN-20260601-0480,1,2026-06-01 12:10:23,Punggol,SOK-M-04,Men's Ribbed Crew Socks,Socks,Men,5.9,5.9,False,1,5.9,Nets
ORC-20260601-1079,3,2026-06-01 14:02:35,Orchard Central,TOP-M-03,Men's Dry-EX Crew Neck T-Shirt,Tops,Men,19.9,19.9,False,1,19.9,PayNow
ORC-20260601-0130,2,2026-06-01 21:13:43,Orchard Central,UND-M-02,Men's Cotton Blend Trunks,Underwear,Men,14.9,14.9,False,1,14.9,CARD
BUG-20260601-0052,1,2026-06-01 20:03:25,Bugis,UND-W-01,Women's Airism Bikini Shorts,Underwear,Women,9.9,9.9,False,1,$9.9,Card
BUG-20260601-0335,3,2026-06-01 22:10:19,Bugis,UND-M-03,Men's Airism Mesh Boxer Briefs,Underwear,men,14.9,14.9,False,1,14.9,Cash
BUG-20260601-0291,1,2026-06-01 20:43:47,Bugis,UND-M-02,Men's Cotton Blend Trunks,Underwear,Men,14.9,14.9,False,1,14.9,Cash
BUG-20260601-0512,1,2026-06-01 20:21:34,Bugis,SOK-W-03,Women's Airism Low-Cut Socks,Socks,Women,5.9,5.9,False,2,11.8,Card
ORC-20260601-0715,2,2026-06-01 17:20:39,Orchard Central,SOK-M-01,Men's Ankle Socks 3-Pack,Socks,Men,14.9,14.9,False,1,14.9,Card
PUN-20260601-0525,3,2026-06-01 11:59:21,Punggol,SOK-M-03,Men's Airism Low-Cut Socks,Socks,Men,5.9,5.9,False,1,5.9,paynow
ORC-20260601-0062,1,2026-06-01 18:02:37,ORCHARD CENTRAL,UND-W-04,Women's Airism T-Shirt Bra,Underwear,Women,29.9,29.9,False,2,59.8,nets
BUG-20260601-0769,3,2026-06-01 19:07:54,Bugis,UND-W-04,Women's Airism T-Shirt Bra,Underwear,Women,29.9,29.9,False,1,29.9,NETS
ORC-20260601-0938,3,2026-06-01 16:22:02,Orchard Central,BTM-M-04,Men's Dry Stretch Shorts,BOTTOMS,MEN,19.9,19.9,False,1,19.9,Paynow
ORC-20260601-0720,3,2026-06-01 13:55:06,Orchard Central,SOK-M-03,Men's Airism Low-Cut Socks,Socks,Men,5.9,5.9,False,1,5.9,PAYNOW
BUG-20260601-0275,1,2026-06-01 21:28:02,Bugis,SOK-W-02,  Women's Pile Crew Socks  ,Socks,Women,5.9,5.9,False,1,5.9,PayNow
BUG-20260601-0414,1,2026-06-01 13:28:35,Bugis,SOK-M-02,Men's Pile Crew Socks,Socks,Men,5.9,5.9,False,1,5.9,PayNow
ORC-20260601-0270,3,2026-06-01 15:21:29,Orchard Central,BTM-M-01,Men's Ezy Ankle Pants,BOTTOMS,MEN,29.9,29.9,False,1,29.9,PayNow
ORC-20260601-0528,1,2026-06-01 19:27:26,Orchard Central,BTM-W-03,Women's Ezy Ankle Pants,Bottoms,WOMEN,$29.9,29.9,False,1,$29.9,PayNow
ORC-20260601-1122,1,2026-06-01 18:54:28,  Orchard Central  ,UND-M-04,Men's Cotton Crew Neck Undershirt,Underwear,Men,14.9,14.9,False,1,14.9,Cash
BUG-20260601-0186,1,2026-06-01 15:46:01,BUGIS,UND-W-01,Women's Airism Bikini Shorts,Underwear,Women,9.9,9.9,False,1,9.9,PAYNOW
PUN-20260601-0135,1,2026-06-01 20:45:40,Punggol,BTM-M-01,Men's Ezy Ankle Pants,Bottoms,Men,29.9,29.9,False,1,29.9,NETS
PUN-20260601-0140,1,2026-06-01 17:56:57,Punggol,SOK-M-02,Men's Pile Crew Socks,Socks,Men,5.9,5.9,False,1,5.9,Cash
BUG-20260601-0545,1,2026-06-01 13:57:39,Bugis,SOK-W-03,Women's Airism Low-Cut Socks,Socks,Women,5.9,5.9,False,1,5.9,Cash
BUG-20260601-0736,1,2026-06-01 22:20:01,Bugis,SOK-W-02,Women's Pile Crew Socks,Socks,Women,5.9,5.9,False,1,5.9,Nets
ORC-20260601-0474,2,2026-06-01 21:26:40,Orchard Central,UND-W-03,Women's Cotton Blend Briefs,Underwear,Women,9.9,9.9,False,1,9.9,Cash
ORC-20260601-0390,2,2026-06-01 12:17:20,  ORCHARD CENTRAL  ,TOP-W-01,Women's Airism Cotton Crew Neck T-Shirt,Tops,Women,14.9,14.9,False,1,14.9,Card
ORC-20260601-0128,2,2026-06-01 12:53:47,Orchard Central,UND-M-02,Men's Cotton Blend Trunks,Underwear,Men,14.9,14.9,False,1,14.9,PAYNOW
PUN-20260601-0131,2,2026-06-01 18:50:43,  Punggol  ,SOK-W-03,Women's Airism Low-Cut Socks,socks,Women,5.9,5.9,False,1,5.9,NETS
ORC-20260601-0050,3,2026-06-01 21:00:32,ORCHARD CENTRAL,BTM-W-02,Women's High-Rise Wide Leg Pants,Bottoms,Women,39.9,39.9,False,1,39.9,Cash
BUG-20260601-0133,1,2026-06-01 16:58:01,Bugis,UND-W-01,Women's Airism Bikini Shorts,Underwear,Women,9.9,9.9,False,1,$9.9,NETS
ORC-20260601-0871,1,2026-06-01 16:15:09,Orchard Central,UND-M-02,Men's Cotton Blend Trunks,Underwear,Men,14.9,14.9,False,1,14.9,Card
ORC-20260601-0859,1,2026-06-01 19:28:09,Orchard Central,SOK-W-04,Women's Ribbed Crew Socks,Socks,Women,5.9,5.9,False,1,5.9,Card
PUN-20260601-0452,2,2026-06-01 21:39:57,Punggol,SOK-W-01,Women's Ankle Socks 3-Pack,Socks,Women,14.9,14.9,False,1,14.9,NETS
BUG-20260601-0613,1,2026-06-01 21:27:47,Bugis,TOP-W-04,Women's Heattech Crew Neck Long Sleeve Tee,Tops,Women,14.9,14.9,False,1,14.9,NETS
ORC-20260601-0673,1,2026-06-01 16:42:32,Orchard Central,SOK-W-02,Women's Pile Crew Socks,Socks,Women,5.9,5.9,False,1,5.9,Cash
BUG-20260601-0232,2,2026-06-01 19:43:13,Bugis,SOK-M-04,Men's Ribbed Crew Socks,Socks,MEN,5.9,5.9,False,2,11.8,Cash
BUG-20260601-0660,2,2026-06-01 19:49:33,Bugis,SOK-W-03,Women's Airism Low-Cut Socks,Socks,women,5.9,5.9,False,1,5.9,Card
ORC-20260601-0414,2,2026-06-01 12:39:58,Orchard Central,SOK-M-04,  Men's Ribbed Crew Socks  ,Socks,Men,5.9,5.9,False,1,5.9,NETS
BUG-20260601-0027,1,2026-06-01 20:33:01,Bugis,UND-W-03,Women's Cotton Blend Briefs,Underwear,Women,$9.9,9.9,False,1,9.9,Card
PUN-20260601-0080,2,2026-06-01 18:19:02,Punggol,SOK-M-04,Men's Ribbed Crew Socks,Socks,Men,5.9,5.9,False,1,5.9,PayNow
BUG-20260601-0669,2,2026-06-01 19:25:28,Bugis,UND-M-02,  Men's Cotton Blend Trunks  ,Underwear,Men,14.9,14.9,False,2,29.8,Cash
PUN-20260601-0255,3,2026-06-01 19:04:50,Punggol,SOK-M-03,Men's Airism Low-Cut Socks,Socks,Men,5.9,5.9,False,1,$5.9,PayNow
BUG-20260601-0799,2,2026-06-01 19:06:47,Bugis,SOK-W-04,Women's Ribbed Crew Socks,Socks,Women,5.9,5.9,False,1,5.9,Card
ORC-20260601-0800,3,2026-06-01 11:25:18,Orchard Central,SOK-M-02,Men's Pile Crew Socks,Socks,Men,5.9,5.9,False,1,5.9,PayNow
ORC-20260601-1020,1,2026-06-01 16:09:45,Orchard Central,SOK-W-04,Women's Ribbed Crew Socks,Socks,Women,5.9,5.9,False,1,5.9,Card
PUN-20260601-0060,2,2026-06-01 21:17:23,Punggol,UND-W-04,Women's Airism T-Shirt Bra,Underwear,Women,29.9,29.9,False,1,29.9,PayNow
BUG-20260601-0121,2,2026-06-01 21:27:09,Bugis,UND-W-01,Women's Airism Bikini Shorts,Underwear,Women,9.9,9.9,False,1,9.9,Card
BUG-20260601-0347,2,2026-06-01 21:23:47,Bugis,BTM-M-04,Men's Dry Stretch Shorts,Bottoms,Men,19.9,19.9,False,1,19.9,PayNow
ORC-20260601-0277,1,2026-06-01 19:09:28,Orchard Central,UND-W-01,Women's Airism Bikini Shorts,Underwear,Women,9.9,9.9,False,1,9.9,Card
BUG-20260601-0816,1,2026-06-01 13:01:12,Bugis,UND-W-03,Women's Cotton Blend Briefs,Underwear,Women,9.9,9.9,False,2,19.8,PayNow
BUG-20260601-0631,3,2026-06-01 13:22:42,  Bugis  ,UND-W-01,Women's Airism Bikini Shorts,Underwear,women,9.9,9.9,False,1,9.9,NETS
PUN-20260601-0549,3,2026-06-01 18:36:14,  Punggol  ,UND-W-01,Women's Airism Bikini Shorts,Underwear,Women,9.9,9.9,False,1,9.9,CASH
BUG-20260601-0037,1,2026-06-01 21:02:15,Bugis,UND-M-03,Men's Airism Mesh Boxer Briefs,Underwear,Men,$14.9,14.9,False,1,14.9,PayNow
PUN-20260601-0399,1,2026-06-01 21:18:45,punggol,SOK-M-01,Men's Ankle Socks 3-Pack,SOCKS,Men,14.9,14.9,False,1,14.9,Card
ORC-20260601-0369,3,2026-06-01 13:21:08,Orchard Central,BTM-M-08,Men's Relaxed Fit Denim Shorts,Bottoms,Men,22.99,29.9,True,1,22.99,Card
ORC-20260601-1104,3,2026-06-01 12:50:52,Orchard Central,SOK-W-02,Women's Pile Crew Socks,Socks,Women,5.9,5.9,False,1,5.9,Card
BUG-20260601-0015,1,2026-06-01 19:57:03,Bugis,SOK-W-04,Women's Ribbed Crew Socks,Socks,Women,5.9,5.9,False,1,5.9,Card
BUG-20260601-0440,2,2026-06-01 19:51:11,Bugis,UND-W-01,Women's Airism Bikini Shorts,Underwear,Women,9.9,9.9,False,1,9.9,NETS
ORC-20260601-0585,3,2026-06-01 19:35:34,Orchard Central,SOK-W-03,Women's Airism Low-Cut Socks,Socks,Women,5.9,5.9,False,1,5.9,Cash
PUN-20260601-0497,1,2026-06-01 20:02:13,PUNGGOL,BTM-W-03,Women's Ezy Ankle Pants,Bottoms,Women,29.9,29.9,False,1,$29.9,NETS
ORC-20260601-0817,1,2026-06-01 20:39:42,Orchard Central,SOK-M-04,Men's Ribbed Crew Socks,Socks,Men,5.9,5.9,False,2,11.8,Card
PUN-20260601-0306,2,2026-06-01 19:18:10,Punggol,BTM-M-04,  Men's Dry Stretch Shorts  ,Bottoms,Men,19.9,19.9,False,1,19.9,Card
BUG-20260601-0663,2,2026-06-01 20:23:49,Bugis,SOK-M-03,Men's Airism Low-Cut Socks,Socks,Men,5.9,5.9,False,1,5.9,PayNow
ORC-20260601-0541,3,2026-06-01 20:52:44,Orchard Central,BTM-W-02,Women's High-Rise Wide Leg Pants,bottoms,Women,39.9,39.9,False,1,39.9,PayNow
ORC-20260601-0443,2,2026-06-01 17:31:04,Orchard Central,TOP-M-04,Men's Oxford Long Sleeve Shirt,Tops,men,29.9,29.9,False,1,29.9,Card
PUN-20260601-0141,3,2026-06-01 19:04:40,  Punggol  ,SOK-M-03,Men's Airism Low-Cut Socks,Socks,Men,5.9,5.9,False,1,5.9,PayNow
ORC-20260601-1123,1,2026-06-01 18:52:11,Orchard Central,SOK-M-01,Men's Ankle Socks 3-Pack,SOCKS,Men,14.9,14.9,False,1,14.9,Cash
BUG-20260601-0617,2,2026-06-01 20:07:19,Bugis,SOK-W-04,Women's Ribbed Crew Socks,Socks,Women,5.9,5.9,False,1,5.9,CARD
BUG-20260601-0638,1,2026-06-01 12:49:37,Bugis,BTM-M-04,Men's Dry Stretch Shorts,Bottoms,Men,19.9,19.9,False,1,19.9,Card
ORC-20260601-0446,3,2026-06-01 11:32:51,Orchard Central,SOK-W-03,Women's Airism Low-Cut Socks,Socks,Women,5.9,5.9,False,1,5.9,NETS
ORC-20260601-0280,2,2026-06-01 20:38:07,Orchard Central,SOK-W-04,  Women's Ribbed Crew Socks  ,Socks,Women,5.9,5.9,False,2,11.8,Card
BUG-20260601-0366,2,2026-06-01 14:19:24,Bugis,SOK-M-04,Men's Ribbed Crew Socks,Socks,Men,5.9,5.9,False,1,5.9,NETS
ORC-20260601-1122,3,2026-06-01 18:54:28,Orchard Central,UND-M-03,  Men's Airism Mesh Boxer Briefs  ,Underwear,Men,14.9,14.9,False,1,14.9,CASH
ORC-20260601-0335,3,2026-06-01 20:25:43,Orchard Central,TOP-M-04,Men's Oxford Long Sleeve Shirt,tops,Men,29.9,29.9,False,1,29.9,PayNow
PUN-20260601-0476,1,2026-06-01 19:28:02,Punggol,UND-W-03,Women's Cotton Blend Briefs,Underwear,Women,9.9,9.9,False,1,$9.9,CARD
ORC-20260601-0917,1,2026-06-01 20:08:46,ORCHARD CENTRAL,SOK-W-03,Women's Airism Low-Cut Socks,Socks,WOMEN,5.9,5.9,False,1,5.9,PayNow
ORC-20260601-0456,1,2026-06-01 21:00:42,Orchard Central,SOK-W-03,Women's Airism Low-Cut Socks,socks,Women,5.9,5.9,False,1,5.9,Card
ORC-20260601-0090,1,2026-06-01 16:59:01,Orchard Central,TOP-M-03,Men's Dry-EX Crew Neck T-Shirt,Tops,Men,19.9,19.9,False,1,19.9,Card
ORC-20260601-0101,2,2026-06-01 19:59:00,Orchard Central,SOK-W-03,Women's Airism Low-Cut Socks,socks,Women,5.9,5.9,False,1,5.9,PAYNOW
ORC-20260601-0656,3,2026-06-01 18:20:28,Orchard Central,SOK-W-03,  Women's Airism Low-Cut Socks  ,Socks,Women,5.9,5.9,False,1,5.9,Card
PUN-20260601-0011,2,2026-06-01 19:31:38,Punggol,UND-M-04,Men's Cotton Crew Neck Undershirt,Underwear,Men,14.9,14.9,False,1,14.9,Card
BUG-20260601-0011,2,2026-06-01 22:25:48,Bugis,SOK-W-03,Women's Airism Low-Cut Socks,Socks,Women,5.9,5.9,False,1,5.9,NETS
ORC-20260601-0444,3,2026-06-01 20:31:23,Orchard Central,SOK-W-04,Women's Ribbed Crew Socks,socks,Women,5.9,5.9,False,1,5.9,Cash
ORC-20260601-0119,1,2026-06-01 12:27:39,Orchard Central,TOP-M-02,  Men's Supima Cotton Polo Shirt  ,Tops,men,29.9,29.9,False,1,29.9,NETS
BUG-20260601-0576,1,2026-06-01 18:55:51,Bugis,TOP-W-01,Women's Airism Cotton Crew Neck T-Shirt,Tops,Women,14.9,14.9,False,1,14.9,Cash
BUG-20260601-0747,1,2026-06-01 13:45:01,  Bugis  ,SOK-W-02,Women's Pile Crew Socks,Socks,Women,5.9,5.9,False,1,5.9,NETS
BUG-20260601-0301,1,2026-06-01 20:12:19,Bugis,SOK-W-03,Women's Airism Low-Cut Socks,Socks,Women,5.9,5.9,False,1,5.9,Card
ORC-20260601-0014,1,2026-06-01 20:15:42,Orchard Central,SOK-M-01,Men's Ankle Socks 3-Pack,Socks,Men,14.9,14.9,False,1,14.9,Cash
BUG-20260601-0367,2,2026-06-01 18:11:55,Bugis,UND-W-01,Women's Airism Bikini Shorts,Underwear,Women,9.9,9.9,False,1,9.9,Cash
ORC-20260601-0819,1,2026-06-01 22:28:59,Orchard Central,SOK-W-03,Women's Airism Low-Cut Socks,Socks,Women,5.9,5.9,False,2,11.8,PayNow
PUN-20260601-0229,2,2026-06-01 18:41:44,Punggol,BTM-W-01,Women's Ultra Stretch Skinny Jeans,Bottoms,Women,39.9,39.9,False,1,39.9,Card
ORC-20260601-0438,3,2026-06-01 13:28:49,Orchard Central,SOK-M-04,Men's Ribbed Crew Socks,Socks,Men,5.9,5.9,False,1,5.9,PayNow
ORC-20260601-0927,2,2026-06-01 19:57:54,Orchard Central,SOK-W-03,Women's Airism Low-Cut Socks,Socks,Women,5.9,5.9,False,1,5.9,Card
ORC-20260601-1104,2,2026-06-01 12:50:52,Orchard Central,TOP-M-04,Men's Oxford Long Sleeve Shirt,TOPS,Men,29.9,29.9,False,1,29.9,Card
ORC-20260601-0523,3,2026-06-01 15:17:39,Orchard Central,SOK-W-02,Women's Pile Crew Socks,Socks,Women,5.9,5.9,False,1,5.9,Card
BUG-20260601-0307,1,2026-06-01 18:02:48,Bugis,SOK-M-02,Men's Pile Crew Socks,Socks,Men,5.9,5.9,False,1,5.9,NETS
ORC-20260601-0956,2,2026-06-01 18:21:57,Orchard Central,SOK-M-01,Men's Ankle Socks 3-Pack,Socks,Men,14.9,14.9,False,1,14.9,PAYNOW
PUN-20260601-0037,2,2026-06-01 15:42:02,Punggol,TOP-W-01,Women's Airism Cotton Crew Neck T-Shirt,Tops,Women,$14.9,14.9,False,1,14.9,Card
ORC-20260601-0384,3,2026-06-01 19:49:23,Orchard Central,SOK-M-03,Men's Airism Low-Cut Socks,SOCKS,Men,5.9,5.9,False,1,5.9,Cash
PUN-20260601-0234,1,2026-06-01 19:42:36,PUNGGOL,SOK-M-03,Men's Airism Low-Cut Socks,Socks,Men,$5.9,5.9,False,1,5.9,Cash
ORC-20260601-0252,1,2026-06-01 12:21:36,Orchard Central,SOK-M-04,Men's Ribbed Crew Socks,Socks,MEN,5.9,5.9,False,1,5.9,NETS
PUN-20260601-0226,2,2026-06-01 20:37:53,Punggol,SOK-M-01,Men's Ankle Socks 3-Pack,Socks,Men,14.9,14.9,False,1,14.9,Cash
BUG-20260601-0480,1,2026-06-01 18:03:23,Bugis,BTM-M-01,Men's Ezy Ankle Pants,Bottoms,Men,29.9,29.9,False,1,29.9,Cash
BUG-20260601-0407,1,2026-06-01 19:07:25,Bugis,BTM-M-03,Men's Selvedge Regular Fit Jeans,Bottoms,men,59.9,59.9,False,1,59.9,NETS
BUG-20260601-0497,1,2026-06-01 15:33:40,Bugis,TOP-M-02,Men's Supima Cotton Polo Shirt,tops,Men,$29.9,29.9,False,1,29.9,Cash
ORC-20260601-0905,1,2026-06-01 18:15:25,Orchard Central,SOK-W-02,Women's Pile Crew Socks,Socks,Women,5.9,5.9,False,1,5.9,Card
BUG-20260601-0701,1,2026-06-01 13:31:57,bugis,UND-M-02,Men's Cotton Blend Trunks,underwear,Men,14.9,14.9,False,1,14.9,Cash
ORC-20260601-0593,1,2026-06-01 20:59:51,Orchard Central,BTM-W-03,Women's Ezy Ankle Pants,Bottoms,Women,29.9,29.9,False,1,29.9,Card
ORC-20260601-0725,1,2026-06-01 21:27:21,Orchard Central,SOK-W-02,Women's Pile Crew Socks,Socks,Women,5.9,5.9,False,1,5.9,Card
ORC-20260601-0943,1,2026-06-01 20:24:53,Orchard Central,SOK-W-06,Women's Heattech Socks,Socks,Women,9.9,9.9,False,1,9.9,NETS
PUN-20260601-0238,3,2026-06-01 21:54:21,Punggol,TOP-W-01,  Women's Airism Cotton Crew Neck T-Shirt  ,Tops,Women,14.9,14.9,False,1,14.9,PAYNOW
PUN-20260601-0300,2,2026-06-01 21:19:27,Punggol,SOK-M-01,Men's Ankle Socks 3-Pack,Socks,men,14.9,14.9,False,1,14.9,Card
BUG-20260601-0831,1,2026-06-01 17:39:38,Bugis,UND-M-02,  Men's Cotton Blend Trunks  ,Underwear,Men,14.9,14.9,False,2,29.8,NETS
PUN-20260601-0492,1,2026-06-01 12:34:58,Punggol,BTM-M-05,Men's Wide Fit Cargo Pants,Bottoms,Men,39.9,39.9,False,1,39.9,cash
BUG-20260601-0378,2,2026-06-01 19:50:05,Bugis,UND-W-03,Women's Cotton Blend Briefs,Underwear,Women,9.9,9.9,False,1,9.9,Card
BUG-20260601-0716,1,2026-06-01 15:36:23,  Bugis  ,SOK-M-01,Men's Ankle Socks 3-Pack,Socks,Men,14.9,14.9,False,1,14.9,Cash
ORC-20260601-0255,1,2026-06-01 12:57:51,  orchard central  ,TOP-M-01,Men's Airism Cotton Crew Neck T-Shirt,Tops,Men,14.9,14.9,False,1,14.9,nets
ORC-20260601-0471,1,2026-06-01 21:17:34,orchard central,UND-M-01,Men's Airism Boxer Briefs,Underwear,Men,14.9,14.9,False,1,14.9,PAYNOW
PUN-20260601-0525,1,2026-06-01 11:59:21,Punggol,SOK-W-04,Women's Ribbed Crew Socks,Socks,Women,5.9,5.9,False,1,5.9,PayNow
ORC-20260601-1018,1,2026-06-01 21:06:55,Orchard Central,SOK-W-03,Women's Airism Low-Cut Socks,Socks,Women,5.9,5.9,False,1,5.9,PayNow
BUG-20260601-0495,1,2026-06-01 22:29:13,Bugis,SOK-M-04,  Men's Ribbed Crew Socks  ,Socks,Men,5.9,5.9,False,1,5.9,Card
BUG-20260601-0348,3,2026-06-01 19:12:00,Bugis,SOK-W-01,Women's Ankle Socks 3-Pack,Socks,Women,14.9,14.9,False,2,29.8,Card
PUN-20260601-0048,1,2026-06-01 17:15:12,Punggol,TOP-M-02,Men's Supima Cotton Polo Shirt,Tops,Men,29.9,29.9,False,1,29.9,NETS
BUG-20260601-0579,1,2026-06-01 18:26:47,Bugis,SOK-W-04,Women's Ribbed Crew Socks,Socks,Women,5.9,5.9,False,1,5.9,Card
ORC-20260601-0775,1,2026-06-01 12:33:00,Orchard Central,SOK-W-02,Women's Pile Crew Socks,Socks,Women,5.9,5.9,False,2,11.8,NETS
PUN-20260601-0389,1,2026-06-01 15:57:09,punggol,UND-W-03,Women's Cotton Blend Briefs,Underwear,women,9.9,9.9,False,1,9.9,Card
ORC-20260601-0435,3,2026-06-01 18:33:43,  Orchard Central  ,SOK-M-03,Men's Airism Low-Cut Socks,Socks,MEN,5.9,5.9,False,1,5.9,Cash
ORC-20260601-0934,2,2026-06-01 20:13:13,Orchard Central,SOK-M-04,Men's Ribbed Crew Socks,Socks,Men,5.9,5.9,False,1,5.9,Cash
ORC-20260601-0150,1,2026-06-01 21:11:11,Orchard Central,UND-M-04,Men's Cotton Crew Neck Undershirt,Underwear,MEN,14.9,14.9,False,1,14.9,Card
PUN-20260601-0043,1,2026-06-01 18:37:48,punggol,SOK-W-02,Women's Pile Crew Socks,Socks,Women,5.9,5.9,False,1,5.9,Card
BUG-20260601-0539,1,2026-06-01 20:48:28,Bugis,SOK-M-02,Men's Pile Crew Socks,Socks,Men,5.9,5.9,False,1,5.9,PayNow
PUN-20260601-0377,1,2026-06-01 18:58:14,  Punggol  ,TOP-W-04,  Women's Heattech Crew Neck Long Sleeve Tee  ,TOPS,Women,14.9,14.9,False,1,14.9,Card
PUN-20260601-0227,1,2026-06-01 18:49:17,Punggol,SOK-M-08,Men's Cotton Blend Dress Socks,SOCKS,Men,9.9,9.9,False,1,9.9,Cash
ORC-20260601-0683,1,2026-06-01 20:48:57,Orchard Central,TOP-M-01,Men's Airism Cotton Crew Neck T-Shirt,tops,Men,14.9,14.9,False,1,$14.9,Card
BUG-20260601-0736,2,2026-06-01 22:20:01,  Bugis  ,UND-W-03,Women's Cotton Blend Briefs,Underwear,Women,9.9,9.9,False,1,9.9,NETS
ORC-20260601-0305,1,2026-06-01 21:10:14,Orchard Central,SOK-M-02,Men's Pile Crew Socks,Socks,Men,5.9,5.9,False,2,11.8,PayNow
ORC-20260601-0186,2,2026-06-01 13:55:00,Orchard Central,TOP-M-01,Men's Airism Cotton Crew Neck T-Shirt,Tops,Men,14.9,14.9,False,1,14.9,paynow
BUG-20260601-0535,1,2026-06-01 20:44:56,Bugis,UND-M-02,Men's Cotton Blend Trunks,Underwear,Men,14.9,14.9,False,1,$14.9,Card
BUG-20260601-0610,2,2026-06-01 14:05:19,Bugis,SOK-W-01,Women's Ankle Socks 3-Pack,Socks,WOMEN,14.9,14.9,False,1,14.9,Card
ORC-20260601-0264,2,2026-06-01 18:11:27,Orchard Central,SOK-M-01,Men's Ankle Socks 3-Pack,Socks,Men,14.9,14.9,False,1,14.9,
ORC-20260601-0852,1,2026-06-01 21:34:09,Orchard Central,SOK-W-04,Women's Ribbed Crew Socks,Socks,Women,5.9,5.9,False,1,5.9,NETS
ORC-20260601-0318,1,2026-06-01 18:01:44,Orchard Central,UND-W-01,Women's Airism Bikini Shorts,Underwear,Women,9.9,9.9,False,1,9.9,Card
ORC-20260601-0632,1,2026-06-01 17:13:40,Orchard Central,TOP-W-02,Women's Ribbed Long Sleeve Turtleneck,Tops,Women,19.9,19.9,False,1,19.9,Card
PUN-20260601-0463,2,2026-06-01 13:17:45,Punggol,SOK-W-03,Women's Airism Low-Cut Socks,Socks,Women,5.9,5.9,False,1,5.9,Card
ORC-20260601-0964,3,2026-06-01 21:25:47,  Orchard Central  ,UND-M-01,Men's Airism Boxer Briefs,Underwear,Men,14.9,14.9,False,2,29.8,Card
ORC-20260601-0206,1,2026-06-01 16:25:39,Orchard Central,TOP-W-03,  Women's Silky Satin Blouse  ,tops,Women,$39.9,39.9,False,1,39.9,NETS
BUG-20260601-0078,1,2026-06-01 15:02:49,Bugis,SOK-W-03,Women's Airism Low-Cut Socks,Socks,Women,5.9,5.9,False,1,5.9,Card
ORC-20260601-0312,3,2026-06-01 20:04:17,Orchard Central,TOP-W-04,Women's Heattech Crew Neck Long Sleeve Tee,Tops,Women,14.9,14.9,False,1,14.9,Cash
PUN-20260601-0563,1,2026-06-01 20:10:11,Punggol,UND-W-02,Women's Wireless Bra,Underwear,women,29.9,29.9,False,1,29.9,CARD
BUG-20260601-0067,3,2026-06-01 21:59:30,Bugis,SOK-W-03,Women's Airism Low-Cut Socks,Socks,Women,5.9,5.9,False,1,5.9,Card
BUG-20260601-0559,1,2026-06-01 20:23:11,BUGIS,UND-W-01,Women's Airism Bikini Shorts,UNDERWEAR,Women,9.9,9.9,False,2,19.8,Card
ORC-20260601-0977,1,2026-06-01 21:06:46,Orchard Central,SOK-M-08,Men's Cotton Blend Dress Socks,Socks,Men,9.9,9.9,False,2,19.8,PayNow
PUN-20260601-0216,2,2026-06-01 15:36:55,Punggol,BTM-M-03,Men's Selvedge Regular Fit Jeans,BOTTOMS,MEN,59.9,59.9,False,1,59.9,Nets
BUG-20260601-0830,1,2026-06-01 19:52:49,bugis,SOK-W-02,Women's Pile Crew Socks,Socks,Women,5.9,5.9,False,1,5.9,Card
PUN-20260601-0579,2,2026-06-01 20:02:49,Punggol,SOK-M-04,Men's Ribbed Crew Socks,Socks,Men,5.9,5.9,False,1,5.9,Card
ORC-20260601-1115,1,2026-06-01 21:54:35,Orchard Central,SOK-W-03,Women's Airism Low-Cut Socks,Socks,Women,5.9,5.9,False,1,5.9,PayNow
ORC-20260601-0017,2,2026-06-01 20:56:44,Orchard Central,UND-W-06,Women's Lace Trim Briefs,Underwear,Women,9.9,9.9,False,1,9.9,CARD
ORC-20260601-0407,2,2026-06-01 21:59:43,  Orchard Central  ,UND-W-04,Women's Airism T-Shirt Bra,Underwear,Women,29.9,29.9,False,1,$29.9,Cash
BUG-20260601-0012,2,2026-06-01 20:07:18,Bugis,SOK-W-02,  Women's Pile Crew Socks  ,socks,Women,5.9,5.9,False,1,5.9,PayNow
PUN-20260601-0244,3,2026-06-01 18:57:29,Punggol,BTM-M-02,Men's Slim Fit Chino Trousers,Bottoms,Men,29.9,29.9,False,1,29.9,Card
BUG-20260601-0660,1,2026-06-01 19:49:33,Bugis,UND-W-03,Women's Cotton Blend Briefs,Underwear,Women,9.9,9.9,False,1,9.9,Card
ORC-20260601-0704,3,2026-06-01 18:43:36,Orchard Central,SOK-M-02,Men's Pile Crew Socks,Socks,Men,5.9,5.9,False,1,5.9,Card
PUN-20260601-0006,2,2026-06-01 17:14:21,Punggol,SOK-M-04,Men's Ribbed Crew Socks,Socks,Men,5.9,5.9,False,1,5.9,Card
ORC-20260601-0143,3,2026-06-01 20:12:50,Orchard Central,SOK-M-04,Men's Ribbed Crew Socks,Socks,Men,5.9,5.9,False,1,5.9,PayNow
BUG-20260601-0742,2,2026-06-01 12:30:36,Bugis,TOP-W-01,Women's Airism Cotton Crew Neck T-Shirt,Tops,Women,14.9,14.9,False,1,14.9,Nets
ORC-20260601-0323,1,2026-06-01 18:59:56,Orchard Central,SOK-W-02,Women's Pile Crew Socks,Socks,Women,5.9,5.9,False,1,5.9,Card
BUG-20260601-0707,1,2026-06-01 19:23:25,Bugis,SOK-M-02,Men's Pile Crew Socks,Socks,Men,5.9,5.9,False,2,11.8,PayNow
PUN-20260601-0264,1,2026-06-01 21:29:09,Punggol,SOK-M-04,Men's Ribbed Crew Socks,Socks,Men,5.9,5.9,False,1,5.9,Card
ORC-20260601-0560,1,2026-06-01 22:45:35,  Orchard Central  ,UND-W-01,Women's Airism Bikini Shorts,Underwear,Women,9.9,9.9,False,1,9.9,nets
ORC-20260601-0799,2,2026-06-01 21:08:29,  ORCHARD CENTRAL  ,BTM-M-02,Men's Slim Fit Chino Trousers,Bottoms,Men,29.9,29.9,False,1,29.9,
PUN-20260601-0004,1,2026-06-01 16:04:07,Punggol,UND-W-01,Women's Airism Bikini Shorts,Underwear,Women,9.9,9.9,False,1,9.9,Cash
ORC-20260601-0689,1,2026-06-01 19:48:19,Orchard Central,SOK-M-02,Men's Pile Crew Socks,Socks,Men,5.9,5.9,False,1,5.9,Card
ORC-20260601-0636,2,2026-06-01 12:56:17,Orchard Central,UND-M-04,  Men's Cotton Crew Neck Undershirt  ,Underwear,Men,14.9,14.9,False,1,14.9,NETS
ORC-20260601-1012,2,2026-06-01 18:03:50,Orchard Central,SOK-W-06,Women's Heattech Socks,Socks,Women,9.9,9.9,False,1,9.9,Card
ORC-20260601-0610,2,2026-06-01 20:13:38,  Orchard Central  ,UND-M-04,Men's Cotton Crew Neck Undershirt,Underwear,Men,14.9,14.9,False,1,14.9,Card
BUG-20260601-0092,1,2026-06-01 20:01:58,Bugis,SOK-M-02,  Men's Pile Crew Socks  ,Socks,Men,5.9,5.9,False,1,5.9,Card
PUN-20260601-0338,1,2026-06-01 20:23:45,Punggol,TOP-W-01,Women's Airism Cotton Crew Neck T-Shirt,Tops,Women,14.9,14.9,False,1,14.9,Card
ORC-20260601-0042,1,2026-06-01 19:51:06,Orchard Central,UND-M-01,  Men's Airism Boxer Briefs  ,Underwear,Men,14.9,14.9,False,1,14.9,Card
BUG-20260601-0160,2,2026-06-01 20:13:10,Bugis,UND-M-07,Men's Stretch Cotton Boxers,Underwear,Men,14.9,14.9,False,1,14.9,CARD
BUG-20260601-0473,1,2026-06-01 21:35:56,Bugis,SOK-W-02,Women's Pile Crew Socks,Socks,women,5.9,5.9,False,2,11.8,NETS
ORC-20260601-0896,1,2026-06-01 19:54:20,  Orchard Central  ,UND-M-03,Men's Airism Mesh Boxer Briefs,Underwear,Men,14.9,14.9,False,2,29.8,Card
PUN-20260601-0295,3,2026-06-01 15:04:36,Punggol,BTM-W-02,Women's High-Rise Wide Leg Pants,Bottoms,Women,39.9,39.9,False,1,39.9,Cash
PUN-20260601-0319,3,2026-06-01 19:57:00,Punggol,UND-M-02,Men's Cotton Blend Trunks,Underwear,Men,$14.9,14.9,False,1,14.9,Card
ORC-20260601-0640,2,2026-06-01 19:09:51,Orchard Central,UND-M-02,Men's Cotton Blend Trunks,Underwear,Men,14.9,14.9,False,1,14.9,Card
BUG-20260601-0766,1,2026-06-01 20:50:06,Bugis,UND-M-04,Men's Cotton Crew Neck Undershirt,Underwear,men,14.9,14.9,False,1,14.9,NETS
PUN-20260601-0324,2,2026-06-01 16:53:12,Punggol,SOK-W-04,Women's Ribbed Crew Socks,Socks,women,5.9,5.9,False,2,11.8,card
BUG-20260601-0797,3,2026-06-01 21:08:44,Bugis,TOP-W-03,Women's Silky Satin Blouse,Tops,Women,39.9,39.9,False,1,39.9,Cash
PUN-20260601-0442,2,2026-06-01 19:06:11,Punggol,UND-M-03,Men's Airism Mesh Boxer Briefs,Underwear,men,14.9,14.9,False,1,14.9,Card
ORC-20260601-0057,1,2026-06-01 15:54:01,Orchard Central,UND-W-03,Women's Cotton Blend Briefs,Underwear,Women,9.9,9.9,False,1,9.9,Card
ORC-20260601-0988,1,2026-06-01 21:43:48,Orchard Central,SOK-W-04,  Women's Ribbed Crew Socks  ,Socks,Women,5.9,5.9,False,1,5.9,PayNow
BUG-20260601-0612,2,2026-06-01 11:03:05,Bugis,TOP-M-04,Men's Oxford Long Sleeve Shirt,TOPS,MEN,29.9,29.9,False,1,29.9,CASH
BUG-20260601-0421,2,2026-06-01 18:41:08,Bugis,SOK-M-04,Men's Ribbed Crew Socks,Socks,Men,5.9,5.9,False,1,5.9,nets
PUN-20260601-0506,1,2026-06-01 21:56:35,Punggol,UND-M-01,Men's Airism Boxer Briefs,Underwear,Men,14.9,14.9,False,1,14.9,PayNow
ORC-20260601-0414,3,2026-06-01 12:39:58,Orchard Central,UND-M-05,Men's Seamless Boxer Briefs,Underwear,Men,14.9,14.9,False,1,14.9,NETS
BUG-20260601-0634,1,2026-06-01 20:51:02,BUGIS,UND-M-04,Men's Cotton Crew Neck Undershirt,underwear,men,14.9,14.9,False,1,14.9,Card
ORC-20260601-0457,1,2026-06-01 20:52:09,Orchard Central,UND-M-04,Men's Cotton Crew Neck Undershirt,Underwear,Men,14.9,14.9,False,1,14.9,Card
PUN-20260601-0532,2,2026-06-01 22:49:44,Punggol,UND-M-04,Men's Cotton Crew Neck Undershirt,Underwear,Men,14.9,14.9,False,1,14.9,Cash
ORC-20260601-0918,1,2026-06-01 21:25:07,Orchard Central,UND-W-06,Women's Lace Trim Briefs,underwear,Women,9.9,9.9,False,1,9.9,PayNow
BUG-20260601-0730,2,2026-06-01 13:27:40,Bugis,SOK-W-03,Women's Airism Low-Cut Socks,Socks,Women,5.9,5.9,False,1,5.9,Card
ORC-20260601-0772,2,2026-06-01 19:55:47,Orchard Central,UND-W-03,Women's Cotton Blend Briefs,Underwear,Women,9.9,9.9,False,1,9.9,Card
BUG-20260601-0002,1,2026-06-01 14:44:44,Bugis,SOK-M-04,Men's Ribbed Crew Socks,Socks,Men,5.9,5.9,False,1,5.9,PayNow
BUG-20260601-0272,3,2026-06-01 15:34:31,Bugis,SOK-W-03,Women's Airism Low-Cut Socks,Socks,Women,5.9,5.9,False,1,5.9,Card
PUN-20260601-0341,1,2026-06-01 21:05:49,PUNGGOL,BTM-M-05,Men's Wide Fit Cargo Pants,Bottoms,Men,39.9,39.9,False,1,39.9,Cash
BUG-20260601-0439,2,2026-06-01 16:44:00,Bugis,UND-W-01,Women's Airism Bikini Shorts,Underwear,Women,9.9,9.9,False,2,19.8,PAYNOW
ORC-20260601-0236,3,2026-06-01 15:44:31,Orchard Central,UND-M-01,Men's Airism Boxer Briefs,Underwear,Men,14.9,14.9,False,1,14.9,NETS
ORC-20260601-0661,1,2026-06-01 21:35:57,Orchard Central,BTM-W-01,Women's Ultra Stretch Skinny Jeans,Bottoms,Women,39.9,39.9,False,1,39.9,PayNow
BUG-20260601-0620,1,2026-06-01 17:29:30,Bugis,UND-W-04,Women's Airism T-Shirt Bra,Underwear,Women,29.9,29.9,False,1,29.9,card
ORC-20260601-0503,1,2026-06-01 21:22:25,Orchard Central,BTM-M-03,Men's Selvedge Regular Fit Jeans,Bottoms,Men,59.9,59.9,False,1,59.9,Card
BUG-20260601-0347,3,2026-06-01 21:23:47,Bugis,TOP-M-04,Men's Oxford Long Sleeve Shirt,Tops,Men,29.9,29.9,False,1,29.9,PayNow
ORC-20260601-0296,1,2026-06-01 21:19:32,Orchard Central,TOP-W-01,Women's Airism Cotton Crew Neck T-Shirt,Tops,Women,14.9,14.9,False,1,14.9,Card
BUG-20260601-0114,1,2026-06-01 22:29:15,Bugis,BTM-W-03,Women's Ezy Ankle Pants,bottoms,Women,29.9,29.9,False,1,29.9,Card
BUG-20260601-0499,3,2026-06-01 17:16:29,Bugis,UND-W-01,Women's Airism Bikini Shorts,Underwear,Women,9.9,9.9,False,1,9.9,Card
BUG-20260601-0409,2,2026-06-01 18:18:11,Bugis,BTM-M-01,Men's Ezy Ankle Pants,Bottoms,Men,29.9,29.9,False,1,29.9,Cash
ORC-20260601-0649,1,2026-06-01 20:08:27,Orchard Central,SOK-W-02,Women's Pile Crew Socks,Socks,Women,5.9,5.9,False,2,11.8,NETS
ORC-20260601-0768,2,2026-06-01 13:19:23,  Orchard Central  ,TOP-M-02,Men's Supima Cotton Polo Shirt,Tops,Men,29.9,29.9,False,1,29.9,Card
ORC-20260601-0339,3,2026-06-01 13:51:05,Orchard Central,UND-M-02,  Men's Cotton Blend Trunks  ,Underwear,Men,14.9,14.9,False,1,14.9,PayNow
BUG-20260601-0095,1,2026-06-01 17:07:10,Bugis,TOP-W-06,Women's Linen Blend Short Sleeve Shirt,Tops,women,29.9,29.9,False,1,29.9,Card
BUG-20260601-0634,2,2026-06-01 20:51:02,Bugis,BTM-M-01,Men's Ezy Ankle Pants,Bottoms,Men,29.9,29.9,False,1,29.9,Card
ORC-20260601-0366,1,2026-06-01 11:24:16,Orchard Central,SOK-M-02,  Men's Pile Crew Socks  ,Socks,Men,5.9,5.9,False,1,5.9,Card
ORC-20260601-0210,1,2026-06-01 20:23:20,Orchard Central,SOK-M-02,Men's Pile Crew Socks,socks,Men,5.9,5.9,False,1,5.9,Card
BUG-20260601-0408,2,2026-06-01 19:46:15,Bugis,UND-W-01,Women's Airism Bikini Shorts,Underwear,Women,9.9,9.9,False,1,9.9,Card
PUN-20260601-0029,3,2026-06-01 20:29:58,Punggol,UND-W-01,Women's Airism Bikini Shorts,Underwear,Women,9.9,9.9,False,1,9.9,PayNow
ORC-20260601-0602,2,2026-06-01 19:48:35,Orchard Central,TOP-W-01,Women's Airism Cotton Crew Neck T-Shirt,Tops,Women,14.9,14.9,False,1,14.9,Paynow
PUN-20260601-0078,1,2026-06-01 19:58:38,Punggol,BTM-M-04,  Men's Dry Stretch Shorts  ,Bottoms,Men,19.9,19.9,False,1,19.9,Card
BUG-20260601-0356,1,2026-06-01 21:54:39,Bugis,SOK-W-04,Women's Ribbed Crew Socks,Socks,Women,5.9,5.9,False,1,5.9,card
ORC-20260601-0978,1,2026-06-01 18:17:32,  Orchard Central  ,TOP-W-01,  Women's Airism Cotton Crew Neck T-Shirt  ,Tops,Women,14.9,14.9,False,1,14.9,card
PUN-20260601-0072,3,2026-06-01 18:22:00,Punggol,SOK-W-03,Women's Airism Low-Cut Socks,Socks,Women,5.9,5.9,False,1,5.9,
BUG-20260601-0352,1,2026-06-01 18:35:50,Bugis,UND-M-03,Men's Airism Mesh Boxer Briefs,underwear,Men,14.9,14.9,False,1,14.9,Card
PUN-20260601-0475,1,2026-06-01 21:13:48,Punggol,SOK-W-02,Women's Pile Crew Socks,Socks,Women,5.9,5.9,False,1,5.9,Card
ORC-20260601-0646,2,2026-06-01 18:06:32,Orchard Central,UND-W-03,Women's Cotton Blend Briefs,UNDERWEAR,Women,9.9,9.9,False,1,9.9,Cash
ORC-20260601-0314,1,2026-06-01 18:40:40,Orchard Central,TOP-W-01,Women's Airism Cotton Crew Neck T-Shirt,Tops,Women,14.9,14.9,False,1,14.9,Cash
BUG-20260601-0252,2,2026-06-01 13:34:38,Bugis,UND-W-03,Women's Cotton Blend Briefs,Underwear,Women,9.9,9.9,False,1,9.9,Nets
ORC-20260601-0802,1,2026-06-01 22:38:50,Orchard Central,SOK-W-02,Women's Pile Crew Socks,Socks,Women,5.9,5.9,False,2,11.8,PAYNOW
PUN-20260601-0486,1,2026-06-01 22:52:45,Punggol,BTM-M-01,Men's Ezy Ankle Pants,Bottoms,men,29.9,29.9,False,1,29.9,Card
BUG-20260601-0520,1,2026-06-01 17:33:35,BUGIS,SOK-M-03,Men's Airism Low-Cut Socks,Socks,Men,5.9,5.9,False,1,5.9,Card
BUG-20260601-0073,1,2026-06-01 17:59:06,Bugis,SOK-M-02,Men's Pile Crew Socks,Socks,men,5.9,5.9,False,1,$5.9,cash
ORC-20260601-0012,1,2026-06-01 14:23:02,Orchard Central,BTM-W-01,Women's Ultra Stretch Skinny Jeans,Bottoms,Women,39.9,39.9,False,1,39.9,Card
BUG-20260601-0829,1,2026-06-01 13:12:32,Bugis,TOP-W-03,Women's Silky Satin Blouse,Tops,Women,39.9,39.9,False,1,39.9,PayNow
PUN-20260601-0418,2,2026-06-01 21:26:50,Punggol,SOK-M-03,Men's Airism Low-Cut Socks,Socks,Men,5.9,5.9,False,2,11.8,Card
BUG-20260601-0017,1,2026-06-01 19:52:27,Bugis,SOK-M-06,Men's Heattech Socks,Socks,Men,9.9,9.9,False,1,9.9,NETS
ORC-20260601-0772,3,2026-06-01 19:55:47,Orchard Central,BTM-M-02,Men's Slim Fit Chino Trousers,BOTTOMS,Men,29.9,29.9,False,1,29.9,Card
BUG-20260601-0557,2,2026-06-01 17:15:01,Bugis,UND-W-01,Women's Airism Bikini Shorts,Underwear,WOMEN,9.9,9.9,False,1,9.9,Card
ORC-20260601-0532,1,2026-06-01 20:33:00,orchard central,TOP-W-03,Women's Silky Satin Blouse,Tops,Women,39.9,39.9,False,1,39.9,Card
BUG-20260601-0010,1,2026-06-01 18:06:40,Bugis,SOK-M-04,Men's Ribbed Crew Socks,Socks,Men,5.9,5.9,False,1,5.9,card
ORC-20260601-0037,1,2026-06-01 20:23:12,Orchard Central,TOP-W-01,Women's Airism Cotton Crew Neck T-Shirt,TOPS,Women,14.9,14.9,False,1,14.9,Card
PUN-20260601-0423,1,2026-06-01 13:40:16,Punggol,SOK-M-04,Men's Ribbed Crew Socks,Socks,Men,5.9,5.9,False,1,5.9,PayNow
ORC-20260601-0571,1,2026-06-01 13:57:59,Orchard Central,SOK-M-03,Men's Airism Low-Cut Socks,Socks,Men,5.9,5.9,False,1,5.9,Cash
BUG-20260601-0811,1,2026-06-01 13:10:04,Bugis,SOK-W-04,Women's Ribbed Crew Socks,Socks,Women,$5.9,5.9,False,2,11.8,Card
BUG-20260601-0186,3,2026-06-01 15:46:01,Bugis,SOK-M-04,  Men's Ribbed Crew Socks  ,Socks,Men,5.9,5.9,False,2,11.8,PayNow
PUN-20260601-0065,2,2026-06-01 20:52:26,Punggol,SOK-M-01,Men's Ankle Socks 3-Pack,Socks,Men,14.9,14.9,False,1,14.9,Card
ORC-20260601-0803,1,2026-06-01 13:18:15,Orchard Central,UND-W-06,  Women's Lace Trim Briefs  ,underwear,Women,9.9,9.9,False,1,9.9,Card
ORC-20260601-0157,3,2026-06-01 20:54:33,Orchard Central,SOK-W-01,Women's Ankle Socks 3-Pack,Socks,Women,14.9,14.9,False,2,29.8,PayNow
BUG-20260601-0597,1,2026-06-01 12:15:50,Bugis,SOK-M-02,Men's Pile Crew Socks,Socks,Men,5.9,5.9,False,1,$5.9,Card
ORC-20260601-0203,1,2026-06-01 17:12:34,Orchard Central,UND-W-01,Women's Airism Bikini Shorts,Underwear,Women,$9.9,9.9,False,1,9.9,Card
PUN-20260601-0570,1,2026-06-01 21:08:48,Punggol,SOK-M-02,Men's Pile Crew Socks,Socks,Men,5.9,5.9,False,1,5.9,Card
PUN-20260601-0440,1,2026-06-01 20:34:44,Punggol,SOK-W-02,Women's Pile Crew Socks,Socks,Women,5.9,5.9,False,1,5.9,Card
PUN-20260601-0381,1,2026-06-01 12:09:59,Punggol,TOP-M-03,Men's Dry-EX Crew Neck T-Shirt,Tops,Men,19.9,19.9,False,1,19.9,Card
PUN-20260601-0167,3,2026-06-01 20:45:48,Punggol,SOK-M-02,Men's Pile Crew Socks,Socks,Men,5.9,5.9,False,1,5.9,Card
BUG-20260601-0344,1,2026-06-01 14:04:47,Bugis,UND-M-02,Men's Cotton Blend Trunks,Underwear,Men,14.9,14.9,False,1,14.9,Card
BUG-20260601-0258,1,2026-06-01 14:43:11,Bugis,TOP-W-05,Women's Merino Blend Cardigan,Tops,Women,31.36,39.9,True,1,31.36,NETS
PUN-20260601-0251,2,2026-06-01 20:51:22,Punggol,BTM-M-01,Men's Ezy Ankle Pants,Bottoms,Men,29.9,29.9,False,1,29.9,Cash
ORC-20260601-1012,1,2026-06-01 18:03:50,Orchard Central,SOK-W-02,Women's Pile Crew Socks,SOCKS,Women,5.9,5.9,False,1,5.9,Card
ORC-20260601-0563,1,2026-06-01 20:11:36,orchard central,TOP-W-04,Women's Heattech Crew Neck Long Sleeve Tee,Tops,Women,$14.9,14.9,False,1,14.9,CASH
ORC-20260601-0889,2,2026-06-01 15:53:33,Orchard Central,SOK-W-02,  Women's Pile Crew Socks  ,socks,Women,5.9,5.9,False,1,5.9,Card
ORC-20260601-0827,1,2026-06-01 22:45:36,Orchard Central,SOK-M-03,Men's Airism Low-Cut Socks,Socks,Men,5.9,5.9,False,1,5.9,Card
ORC-20260601-0631,2,2026-06-01 21:00:26,Orchard Central,TOP-W-04,Women's Heattech Crew Neck Long Sleeve Tee,Tops,women,14.9,14.9,False,1,$14.9,NETS
PUN-20260601-0132,2,2026-06-01 19:25:34,Punggol,SOK-W-04,Women's Ribbed Crew Socks,socks,Women,5.9,5.9,False,1,5.9,Nets
PUN-20260601-0507,2,2026-06-01 20:24:41,Punggol,BTM-M-02,Men's Slim Fit Chino Trousers,BOTTOMS,Men,29.9,29.9,False,1,29.9,Card
ORC-20260601-1121,3,2026-06-01 20:26:56,Orchard Central,SOK-M-02,Men's Pile Crew Socks,Socks,Men,5.9,5.9,False,1,5.9,nets
ORC-20260601-0163,1,2026-06-01 21:34:18,Orchard Central,SOK-W-03,Women's Airism Low-Cut Socks,Socks,Women,5.9,5.9,False,2,11.8,Card
PUN-20260601-0258,1,2026-06-01 20:44:16,Punggol,TOP-M-03,Men's Dry-EX Crew Neck T-Shirt,Tops,Men,19.9,19.9,False,1,19.9,PayNow
ORC-20260601-0385,2,2026-06-01 12:52:42,  Orchard Central  ,SOK-M-03,Men's Airism Low-Cut Socks,Socks,Men,5.9,5.9,False,2,11.8,Card
BUG-20260601-0503,2,2026-06-01 20:01:07,Bugis,SOK-W-04,  Women's Ribbed Crew Socks  ,socks,WOMEN,5.9,5.9,False,1,5.9,Card
BUG-20260601-0707,3,2026-06-01 19:23:25,Bugis,UND-M-04,Men's Cotton Crew Neck Undershirt,Underwear,Men,$14.9,14.9,False,1,14.9,Paynow
ORC-20260601-0605,1,2026-06-01 20:32:33,Orchard Central,SOK-W-02,Women's Pile Crew Socks,Socks,Women,5.9,5.9,False,2,11.8,PayNow
ORC-20260601-0868,1,2026-06-01 21:01:21,Orchard Central,SOK-W-02,Women's Pile Crew Socks,Socks,Women,5.9,5.9,False,1,5.9,card
PUN-20260601-0323,2,2026-06-01 11:24:03,Punggol,UND-M-01,Men's Airism Boxer Briefs,Underwear,Men,14.9,14.9,False,1,14.9,paynow
BUG-20260601-0574,2,2026-06-01 15:03:43,  Bugis  ,SOK-M-04,Men's Ribbed Crew Socks,Socks,Men,5.9,5.9,False,1,5.9,Card
BUG-20260601-0154,2,2026-06-01 12:28:52,Bugis,TOP-W-04,Women's Heattech Crew Neck Long Sleeve Tee,Tops,Women,14.9,14.9,False,1,14.9,Cash
ORC-20260601-0786,2,2026-06-01 17:17:31,Orchard Central,BTM-M-02,  Men's Slim Fit Chino Trousers  ,Bottoms,Men,29.9,29.9,False,1,29.9,NETS
ORC-20260601-0702,1,2026-06-01 17:22:33,Orchard Central,SOK-W-01,Women's Ankle Socks 3-Pack,Socks,Women,14.9,14.9,False,1,14.9,PayNow
ORC-20260601-0465,2,2026-06-01 11:51:22,Orchard Central,SOK-M-02,Men's Pile Crew Socks,Socks,Men,5.9,5.9,False,2,11.8,
ORC-20260601-0144,1,2026-06-01 18:26:38,Orchard Central,UND-W-02,Women's Wireless Bra,Underwear,Women,$29.9,29.9,False,2,59.8,Cash
PUN-20260601-0025,1,2026-06-01 20:08:51,Punggol,UND-W-01,Women's Airism Bikini Shorts,Underwear,Women,9.9,9.9,False,2,19.8,Card
ORC-20260601-1087,3,2026-06-01 22:32:37,Orchard Central,UND-M-01,Men's Airism Boxer Briefs,Underwear,Men,14.9,14.9,False,1,14.9,Cash
PUN-20260601-0327,1,2026-06-01 15:11:53,Punggol,UND-W-01,Women's Airism Bikini Shorts,Underwear,Women,9.9,9.9,False,1,9.9,card
PUN-20260601-0315,2,2026-06-01 21:47:35,PUNGGOL,UND-W-08,Women's Airism Camisole,Underwear,Women,14.9,14.9,False,2,29.8,NETS
PUN-20260601-0379,1,2026-06-01 14:24:37,punggol,SOK-M-02,Men's Pile Crew Socks,Socks,Men,5.9,5.9,False,1,5.9,card
PUN-20260601-0301,3,2026-06-01 11:36:21,Punggol,SOK-W-01,Women's Ankle Socks 3-Pack,Socks,Women,14.9,14.9,False,1,14.9,Card
ORC-20260601-0711,2,2026-06-01 18:22:40,Orchard Central,UND-W-01,Women's Airism Bikini Shorts,Underwear,Women,9.9,9.9,False,1,9.9,PAYNOW
ORC-20260601-0377,1,2026-06-01 21:34:55,Orchard Central,UND-W-01,Women's Airism Bikini Shorts,Underwear,Women,9.9,9.9,False,2,19.8,Card
BUG-20260601-0209,3,2026-06-01 11:27:03,Bugis,SOK-M-04,  Men's Ribbed Crew Socks  ,socks,Men,5.9,5.9,False,1,5.9,Cash
BUG-20260601-0083,2,2026-06-01 17:05:26,Bugis,SOK-W-04,Women's Ribbed Crew Socks,Socks,Women,5.9,5.9,False,1,5.9,NETS
PUN-20260601-0176,1,2026-06-01 18:54:46,PUNGGOL,SOK-M-02,Men's Pile Crew Socks,Socks,Men,5.9,5.9,False,1,5.9,PayNow
PUN-20260601-0204,2,2026-06-01 14:39:54,Punggol,UND-W-03,Women's Cotton Blend Briefs,Underwear,Women,9.9,9.9,False,1,9.9,NETS
