order_id,line_item_id,timestamp,store,product_id,product_name,category,gender,unit_price,original_unit_price,on_offer,quantity,line_total,payment_method
PUN-20260630-0215,2,2026-06-30 17:19:50,Punggol,SOK-W-04,Women's Ribbed Crew Socks,Socks,Women,5.9,5.9,False,1,5.9,Cash
BUG-20260630-0462,2,2026-06-30 19:00:19,Bugis,SOK-W-09,Women's No-Show Sneaker Socks,Socks,Women,5.9,5.9,False,2,11.8,Cash
PUN-20260630-0333,1,2026-06-30 15:01:35,Punggol,SOK-M-04,Men's Ribbed Crew Socks,SOCKS,MEN,5.9,5.9,False,1,5.9,Cash
ORC-20260630-0703,3,2026-06-30 21:04:15,Orchard Central,BTM-W-09,Women's Sweat Shorts,Bottoms,Women,19.9,19.9,False,1,19.9,
ORC-20260630-0734,3,2026-06-30 11:51:57,Orchard Central,BTM-W-02,Women's High-Rise Wide Leg Pants,Bottoms,Women,39.9,39.9,False,1,39.9,Card
ORC-20260630-0652,1,2026-06-30 20:29:59,Orchard Central,SOK-M-03,Men's Airism Low-Cut Socks,Socks,Men,5.9,5.9,False,1,5.9,PayNow
PUN-20260630-0194,2,2026-06-30 17:18:43,Punggol,UND-M-02,Men's Cotton Blend Trunks,Underwear,Men,14.9,14.9,False,1,14.9,Card
ORC-20260630-0197,2,2026-06-30 17:15:27,Orchard Central,SOK-W-02,Women's Pile Crew Socks,Socks,Women,5.9,5.9,False,1,5.9,PayNow
ORC-20260630-0773,2,2026-06-30 20:34:35,Orchard Central,SOK-W-04,Women's Ribbed Crew Socks,Socks,Women,5.9,5.9,False,1,5.9,PayNow
ORC-20260630-1041,1,2026-06-30 19:54:18,ORCHARD CENTRAL,TOP-W-04,Women's Heattech Crew Neck Long Sleeve Tee,tops,Women,14.9,14.9,False,1,14.9,Card
ORC-20260630-0810,2,2026-06-30 19:03:05,ORCHARD CENTRAL,SOK-M-03,Men's Airism Low-Cut Socks,Socks,Men,5.9,5.9,False,1,5.9,PAYNOW
BUG-20260630-0446,2,2026-06-30 18:46:30,Bugis,BTM-W-04,Women's Denim Straight Jeans,Bottoms,Women,$49.9,49.9,False,1,49.9,Card
BUG-20260630-0369,2,2026-06-30 12:58:52,Bugis,SOK-W-04,Women's Ribbed Crew Socks,Socks,Women,5.9,5.9,False,2,11.8,NETS
PUN-20260630-0165,2,2026-06-30 21:26:04,Punggol,BTM-W-03,Women's Ezy Ankle Pants,Bottoms,Women,29.9,29.9,False,1,29.9,PayNow
PUN-20260630-0389,3,2026-06-30 17:19:44,Punggol,UND-W-03,Women's Cotton Blend Briefs,Underwear,Women,9.9,9.9,False,1,9.9,NETS
PUN-20260630-0246,2,2026-06-30 11:27:36,Punggol,UND-M-10,Men's Cotton Blend Briefs,Underwear,Men,9.9,9.9,False,1,9.9,Card
BUG-20260630-0256,1,2026-06-30 20:33:23,Bugis,TOP-M-04,  Men's Oxford Long Sleeve Shirt  ,Tops,Men,29.9,29.9,False,1,29.9,Card
BUG-20260630-0462,3,2026-06-30 19:00:19,Bugis,SOK-M-09,Men's No-Show Sneaker Socks,Socks,Men,4.17,5.9,True,1,4.17,
BUG-20260630-0545,3,2026-06-30 20:05:35,Bugis,TOP-M-03,Men's Dry-EX Crew Neck T-Shirt,Tops,MEN,19.9,19.9,False,1,19.9,Card
BUG-20260630-0935,2,2026-06-30 12:57:38,Bugis,UND-W-02,Women's Wireless Bra,Underwear,Women,29.9,29.9,False,1,29.9,Card
BUG-20260630-0370,2,2026-06-30 11:02:16,Bugis,SOK-W-02,Women's Pile Crew Socks,Socks,Women,5.9,5.9,False,1,5.9,Card
PUN-20260630-0547,2,2026-06-30 12:34:00,Punggol,SOK-W-03,Women's Airism Low-Cut Socks,Socks,Women,5.9,5.9,False,1,5.9,Cash
PUN-20260630-0204,1,2026-06-30 21:31:36,Punggol,BTM-W-01,Women's Ultra Stretch Skinny Jeans,Bottoms,Women,39.9,39.9,False,1,39.9,Card
ORC-20260630-0885,1,2026-06-30 14:33:14,Orchard Central,TOP-M-04,Men's Oxford Long Sleeve Shirt,Tops,Men,$29.9,29.9,False,1,29.9,Card
PUN-20260630-0404,2,2026-06-30 22:41:18,Punggol,SOK-W-05,Women's Sport Ankle Socks,Socks,Women,4.27,5.9,True,1,4.27,CARD
ORC-20260630-0526,2,2026-06-30 19:34:28,  Orchard Central  ,SOK-M-02,Men's Pile Crew Socks,Socks,Men,5.9,5.9,False,1,5.9,Card
ORC-20260630-0952,1,2026-06-30 13:17:49,  Orchard Central  ,UND-W-03,Women's Cotton Blend Briefs,Underwear,Women,9.9,9.9,False,1,9.9,Card
ORC-20260630-0397,2,2026-06-30 14:25:45,Orchard Central,SOK-W-02,Women's Pile Crew Socks,Socks,Women,5.9,5.9,False,1,5.9,cash
PUN-20260630-0468,2,2026-06-30 21:44:00,Punggol,TOP-W-01,Women's Airism Cotton Crew Neck T-Shirt,Tops,Women,14.9,14.9,False,1,14.9,Card
BUG-20260630-0004,1,2026-06-30 14:38:03,Bugis,SOK-W-04,Women's Ribbed Crew Socks,socks,women,5.9,5.9,False,1,5.9,card
BUG-20260630-0416,3,2026-06-30 22:54:05,BUGIS,UND-W-03,Women's Cotton Blend Briefs,UNDERWEAR,Women,9.9,9.9,False,1,9.9,PayNow
ORC-20260630-0158,1,2026-06-30 12:53:50,Orchard Central,SOK-W-02,Women's Pile Crew Socks,Socks,Women,5.9,5.9,False,1,5.9,Card
PUN-20260630-0281,3,2026-06-30 21:59:54,Punggol,TOP-W-03,Women's Silky Satin Blouse,Tops,Women,39.9,39.9,False,1,39.9,NETS
ORC-20260630-0641,2,2026-06-30 19:40:40,Orchard Central,TOP-W-01,Women's Airism Cotton Crew Neck T-Shirt,Tops,WOMEN,14.9,14.9,False,1,14.9,Card
ORC-20260630-0766,1,2026-06-30 21:52:35,ORCHARD CENTRAL,SOK-M-01,Men's Ankle Socks 3-Pack,Socks,Men,14.9,14.9,False,1,14.9,nets
PUN-20260630-0457,1,2026-06-30 19:43:17,PUNGGOL,BTM-W-03,Women's Ezy Ankle Pants,Bottoms,Women,29.9,29.9,False,1,29.9,Card
PUN-20260630-0475,3,2026-06-30 19:44:18,Punggol,BTM-W-04,  Women's Denim Straight Jeans  ,Bottoms,Women,49.9,49.9,False,1,49.9,PayNow
PUN-20260630-0179,2,2026-06-30 18:37:26,Punggol,UND-M-04,Men's Cotton Crew Neck Undershirt,underwear,men,14.9,14.9,False,1,14.9,Cash
BUG-20260630-0507,3,2026-06-30 15:42:22,BUGIS,SOK-W-09,Women's No-Show Sneaker Socks,Socks,women,5.9,5.9,False,1,5.9,Card
BUG-20260630-0152,1,2026-06-30 12:06:58,Bugis,UND-W-02,Women's Wireless Bra,Underwear,Women,29.9,29.9,False,1,29.9,PayNow
ORC-20260630-0242,1,2026-06-30 21:00:14,Orchard Central,TOP-W-01,Women's Airism Cotton Crew Neck T-Shirt,Tops,Women,14.9,14.9,False,1,14.9,CARD
ORC-20260630-0205,2,2026-06-30 14:03:05,Orchard Central,SOK-M-01,Men's Ankle Socks 3-Pack,Socks,Men,14.9,14.9,False,1,14.9,Card
BUG-20260630-0205,1,2026-06-30 19:41:13,Bugis,UND-W-03,Women's Cotton Blend Briefs,Underwear,WOMEN,9.9,9.9,False,1,9.9,Card
ORC-20260630-0909,2,2026-06-30 13:36:36,orchard central,SOK-W-01,Women's Ankle Socks 3-Pack,Socks,Women,14.9,14.9,False,1,14.9,Cash
ORC-20260630-0554,1,2026-06-30 20:33:57,Orchard Central,UND-W-03,Women's Cotton Blend Briefs,Underwear,Women,$9.9,9.9,False,1,9.9,Card
BUG-20260630-0554,2,2026-06-30 13:10:07,Bugis,SOK-M-04,Men's Ribbed Crew Socks,SOCKS,MEN,5.9,5.9,False,1,5.9,Card
BUG-20260630-0290,1,2026-06-30 17:06:44,Bugis,UND-M-02,Men's Cotton Blend Trunks,Underwear,Men,14.9,14.9,False,2,29.8,CARD
ORC-20260630-0549,1,2026-06-30 21:29:17,ORCHARD CENTRAL,SOK-M-04,Men's Ribbed Crew Socks,Socks,Men,5.9,5.9,False,1,5.9,Card
ORC-20260630-0257,3,2026-06-30 19:22:27,orchard central,UND-W-03,Women's Cotton Blend Briefs,Underwear,Women,9.9,9.9,False,1,9.9,Nets
BUG-20260630-0459,1,2026-06-30 19:25:51,Bugis,SOK-M-02,Men's Pile Crew Socks,Socks,Men,5.9,5.9,False,2,11.8,PayNow
BUG-20260630-0929,2,2026-06-30 21:44:21,Bugis,SOK-M-09,Men's No-Show Sneaker Socks,Socks,Men,4.17,5.9,True,1,4.17,Card
BUG-20260630-0650,1,2026-06-30 20:31:46,Bugis,SOK-W-03,Women's Airism Low-Cut Socks,Socks,Women,5.9,5.9,False,1,5.9,Card
ORC-20260630-0017,1,2026-06-30 21:01:53,Orchard Central,UND-M-03,Men's Airism Mesh Boxer Briefs,Underwear,Men,14.9,14.9,False,1,14.9,
ORC-20260630-0613,2,2026-06-30 18:41:06,Orchard Central,TOP-M-01,Men's Airism Cotton Crew Neck T-Shirt,Tops,Men,14.9,14.9,False,1,14.9,Cash
ORC-20260630-0451,1,2026-06-30 18:54:47,Orchard Central,TOP-M-02,Men's Supima Cotton Polo Shirt,Tops,Men,29.9,29.9,False,1,29.9,Card
BUG-20260630-0246,2,2026-06-30 22:00:01,Bugis,UND-M-04,Men's Cotton Crew Neck Undershirt,Underwear,Men,14.9,14.9,False,1,14.9,Cash
BUG-20260630-0951,2,2026-06-30 16:58:52,Bugis,SOK-W-04,Women's Ribbed Crew Socks,Socks,Women,5.9,5.9,False,1,5.9,NETS
BUG-20260630-0174,1,2026-06-30 17:05:34,Bugis,TOP-M-04,Men's Oxford Long Sleeve Shirt,Tops,Men,29.9,29.9,False,1,29.9,Cash
ORC-20260630-0768,2,2026-06-30 20:21:14,Orchard Central,UND-M-03,Men's Airism Mesh Boxer Briefs,Underwear,Men,14.9,14.9,False,1,$14.9,PayNow
ORC-20260630-0622,1,2026-06-30 18:44:38,Orchard Central,SOK-W-01,Women's Ankle Socks 3-Pack,Socks,Women,14.9,14.9,False,1,14.9,PayNow
ORC-20260630-0656,2,2026-06-30 15:32:31,Orchard Central,UND-W-03,Women's Cotton Blend Briefs,Underwear,Women,9.9,9.9,False,1,9.9,Cash
ORC-20260630-1011,2,2026-06-30 19:33:45,Orchard Central,SOK-M-05,Men's Sport Ankle Socks,Socks,men,4.36,5.9,True,1,4.36,Card
BUG-20260630-0211,2,2026-06-30 22:03:30,Bugis,TOP-W-03,Women's Silky Satin Blouse,Tops,WOMEN,39.9,39.9,False,1,39.9,Cash
ORC-20260630-0025,2,2026-06-30 19:54:06,Orchard Central,BTM-M-03,Men's Selvedge Regular Fit Jeans,Bottoms,Men,59.9,59.9,False,1,59.9,PayNow
BUG-20260630-0169,2,2026-06-30 20:13:51,Bugis,TOP-W-02,Women's Ribbed Long Sleeve Turtleneck,Tops,Women,19.9,19.9,False,1,19.9,Card
BUG-20260630-0739,3,2026-06-30 14:20:06,Bugis,SOK-M-04,Men's Ribbed Crew Socks,Socks,Men,5.9,5.9,False,2,11.8,Card
ORC-20260630-0526,1,2026-06-30 19:34:28,Orchard Central,SOK-W-02,Women's Pile Crew Socks,Socks,WOMEN,5.9,5.9,False,1,5.9,Card
ORC-20260630-0062,1,2026-06-30 17:03:54,Orchard Central,SOK-W-04,Women's Ribbed Crew Socks,Socks,Women,5.9,5.9,False,1,5.9,CARD
ORC-20260630-0275,1,2026-06-30 19:54:51,Orchard Central,TOP-W-01,Women's Airism Cotton Crew Neck T-Shirt,Tops,Women,14.9,14.9,False,1,14.9,NETS
ORC-20260630-0401,1,2026-06-30 11:16:43,Orchard Central,SOK-W-02,Women's Pile Crew Socks,Socks,Women,5.9,5.9,False,1,5.9,Cash
ORC-20260630-0896,1,2026-06-30 20:18:20,Orchard Central,SOK-M-02,  Men's Pile Crew Socks  ,Socks,Men,5.9,5.9,False,1,5.9,PayNow
PUN-20260630-0133,3,2026-06-30 13:03:38,Punggol,SOK-W-05,Women's Sport Ankle Socks,Socks,Women,4.27,5.9,True,2,8.54,Cash
PUN-20260630-0198,1,2026-06-30 12:56:04,PUNGGOL,UND-M-02,Men's Cotton Blend Trunks,Underwear,Men,14.9,14.9,False,2,29.8,Card
ORC-20260630-0931,1,2026-06-30 16:17:40,Orchard Central,BTM-W-02,Women's High-Rise Wide Leg Pants,Bottoms,Women,39.9,39.9,False,1,39.9,NETS
BUG-20260630-0332,1,2026-06-30 21:06:00,Bugis,UND-W-03,Women's Cotton Blend Briefs,Underwear,Women,9.9,9.9,False,1,9.9,Cash
PUN-20260630-0063,1,2026-06-30 17:20:11,Punggol,SOK-M-01,Men's Ankle Socks 3-Pack,Socks,Men,$14.9,14.9,False,1,14.9,card
ORC-20260630-0359,2,2026-06-30 22:25:49,Orchard Central,SOK-M-04,Men's Ribbed Crew Socks,Socks,Men,$5.9,5.9,False,2,11.8,PayNow
BUG-20260630-0375,2,2026-06-30 15:09:47,Bugis,SOK-W-02,Women's Pile Crew Socks,Socks,Women,5.9,5.9,False,1,5.9,Cash
BUG-20260630-0039,2,2026-06-30 21:57:20,Bugis,SOK-M-02,Men's Pile Crew Socks,SOCKS,Men,5.9,5.9,False,1,5.9,CARD
PUN-20260630-0267,2,2026-06-30 18:48:06,  Punggol  ,SOK-W-04,Women's Ribbed Crew Socks,Socks,Women,5.9,5.9,False,1,5.9,PayNow
BUG-20260630-0249,1,2026-06-30 19:41:48,Bugis,TOP-M-02,Men's Supima Cotton Polo Shirt,Tops,men,29.9,29.9,False,1,29.9,PayNow
PUN-20260630-0584,3,2026-06-30 20:15:17,Punggol,UND-W-01,Women's Airism Bikini Shorts,underwear,Women,9.9,9.9,False,1,9.9,Card
PUN-20260630-0416,2,2026-06-30 21:06:28,Punggol,SOK-W-03,Women's Airism Low-Cut Socks,Socks,Women,5.9,5.9,False,2,11.8,Card
PUN-20260630-0273,3,2026-06-30 17:09:07,Punggol,UND-W-01,Women's Airism Bikini Shorts,Underwear,Women,9.9,9.9,False,2,19.8,PayNow
ORC-20260630-0288,1,2026-06-30 20:36:08,Orchard Central,TOP-M-03,Men's Dry-EX Crew Neck T-Shirt,Tops,Men,19.9,19.9,False,1,19.9,NETS
BUG-20260630-0754,1,2026-06-30 13:26:47,Bugis,SOK-W-04,Women's Ribbed Crew Socks,Socks,Women,5.9,5.9,False,1,5.9,PayNow
ORC-20260630-0399,1,2026-06-30 16:36:06,Orchard Central,SOK-M-04,Men's Ribbed Crew Socks,Socks,Men,5.9,5.9,False,1,5.9,card
ORC-20260630-0352,1,2026-06-30 17:09:47,Orchard Central,BTM-W-02,Women's High-Rise Wide Leg Pants,Bottoms,Women,$39.9,39.9,False,1,39.9,card
ORC-20260630-0007,2,2026-06-30 19:31:28,Orchard Central,SOK-W-04,Women's Ribbed Crew Socks,Socks,Women,5.9,5.9,False,1,5.9,Card
PUN-20260630-0299,1,2026-06-30 20:04:11,Punggol,UND-W-01,Women's Airism Bikini Shorts,Underwear,Women,9.9,9.9,False,1,9.9,Card
PUN-20260630-0329,2,2026-06-30 12:53:54,Punggol,BTM-M-04,Men's Dry Stretch Shorts,Bottoms,Men,19.9,19.9,False,1,19.9,NETS
ORC-20260630-1017,3,2026-06-30 20:13:13,  Orchard Central  ,SOK-W-01,Women's Ankle Socks 3-Pack,Socks,Women,14.9,14.9,False,2,29.8,Card
BUG-20260630-0013,2,2026-06-30 21:11:52,Bugis,SOK-W-01,Women's Ankle Socks 3-Pack,Socks,Women,14.9,14.9,False,2,29.8,CARD
BUG-20260630-0660,1,2026-06-30 19:34:21,Bugis,UND-M-02,Men's Cotton Blend Trunks,underwear,Men,14.9,14.9,False,1,14.9,PayNow
BUG-20260630-0804,2,2026-06-30 19:07:11,Bugis,SOK-M-04,Men's Ribbed Crew Socks,Socks,Men,5.9,5.9,False,1,5.9,Paynow
BUG-20260630-0556,1,2026-06-30 19:00:08,Bugis,UND-M-04,Men's Cotton Crew Neck Undershirt,Underwear,MEN,14.9,14.9,False,1,14.9,Card
PUN-20260630-0281,1,2026-06-30 21:59:54,Punggol,UND-W-03,  Women's Cotton Blend Briefs  ,UNDERWEAR,Women,9.9,9.9,False,1,9.9,NETS
BUG-20260630-0355,1,2026-06-30 11:54:30,Bugis,SOK-M-02,Men's Pile Crew Socks,Socks,Men,5.9,5.9,False,1,5.9,PayNow
PUN-20260630-0591,1,2026-06-30 13:27:44,Punggol,UND-W-03,Women's Cotton Blend Briefs,Underwear,Women,9.9,9.9,False,1,9.9,NETS
BUG-20260630-0443,1,2026-06-30 12:08:13,Bugis,SOK-M-09,  Men's No-Show Sneaker Socks  ,Socks,Men,4.17,5.9,True,1,4.17,Cash
BUG-20260630-0667,3,2026-06-30 20:23:59,Bugis,SOK-M-02,Men's Pile Crew Socks,Socks,Men,5.9,5.9,False,1,5.9,NETS
ORC-20260630-0728,1,2026-06-30 13:21:49,Orchard Central,UND-W-01,Women's Airism Bikini Shorts,Underwear,WOMEN,9.9,9.9,False,1,9.9,PayNow
BUG-20260630-0734,2,2026-06-30 17:06:20,Bugis,SOK-M-01,Men's Ankle Socks 3-Pack,Socks,Men,14.9,14.9,False,2,29.8,PayNow
ORC-20260630-0344,3,2026-06-30 20:38:14,Orchard Central,SOK-W-01,Women's Ankle Socks 3-Pack,Socks,women,14.9,14.9,False,1,14.9,Cash
PUN-20260630-0004,2,2026-06-30 19:19:47,punggol,SOK-W-02,Women's Pile Crew Socks,Socks,Women,5.9,5.9,False,1,5.9,card
BUG-20260630-0339,1,2026-06-30 16:19:05,Bugis,SOK-W-02,Women's Pile Crew Socks,Socks,Women,5.9,5.9,False,2,11.8,NETS
PUN-20260630-0279,2,2026-06-30 20:48:46,PUNGGOL,SOK-M-04,Men's Ribbed Crew Socks,Socks,Men,5.9,5.9,False,1,5.9,PayNow
ORC-20260630-1088,1,2026-06-30 18:22:51,Orchard Central,UND-W-01,Women's Airism Bikini Shorts,Underwear,Women,9.9,9.9,False,1,9.9,NETS
BUG-20260630-0661,3,2026-06-30 21:26:13,bugis,BTM-M-08,Men's Relaxed Fit Denim Shorts,bottoms,Men,29.9,29.9,False,1,29.9,Card
ORC-20260630-0431,2,2026-06-30 13:35:27,Orchard Central,BTM-M-01,Men's Ezy Ankle Pants,Bottoms,men,29.9,29.9,False,1,29.9,Card
BUG-20260630-0688,1,2026-06-30 15:21:17,Bugis,UND-M-04,Men's Cotton Crew Neck Undershirt,Underwear,Men,14.9,14.9,False,1,14.9,Card
ORC-20260630-0233,2,2026-06-30 17:59:31,  ORCHARD CENTRAL  ,UND-M-02,Men's Cotton Blend Trunks,Underwear,Men,14.9,14.9,False,1,14.9,Cash
BUG-20260630-0070,3,2026-06-30 11:18:34,Bugis,UND-W-03,Women's Cotton Blend Briefs,Underwear,Women,$9.9,9.9,False,1,9.9,Paynow
PUN-20260630-0061,1,2026-06-30 16:13:16,Punggol,SOK-W-03,Women's Airism Low-Cut Socks,Socks,Women,5.9,5.9,False,1,5.9,Card
BUG-20260630-0645,1,2026-06-30 12:01:17,Bugis,TOP-W-04,Women's Heattech Crew Neck Long Sleeve Tee,Tops,Women,14.9,14.9,False,1,14.9,Card
PUN-20260630-0505,1,2026-06-30 14:48:19,Punggol,SOK-M-02,  Men's Pile Crew Socks  ,Socks,Men,5.9,5.9,False,1,5.9,Cash
ORC-20260630-0960,2,2026-06-30 12:36:43,Orchard Central,SOK-M-04,Men's Ribbed Crew Socks,Socks,Men,5.9,5.9,False,1,5.9,Card
PUN-20260630-0509,3,2026-06-30 22:48:49,Punggol,SOK-W-04,Women's Ribbed Crew Socks,Socks,Women,5.9,5.9,False,2,11.8,Card
BUG-20260630-0769,3,2026-06-30 17:56:15,Bugis,SOK-M-07,Men's Striped Crew Socks,Socks,Men,5.9,5.9,False,1,5.9,Card
ORC-20260630-0239,1,2026-06-30 16:21:13,Orchard Central,BTM-M-04,Men's Dry Stretch Shorts,Bottoms,men,19.9,19.9,False,1,19.9,PayNow
ORC-20260630-0339,3,2026-06-30 20:15:39,Orchard Central,UND-W-03,Women's Cotton Blend Briefs,Underwear,Women,9.9,9.9,False,1,9.9,Card
PUN-20260630-0539,3,2026-06-30 20:30:53,Punggol,SOK-M-04,Men's Ribbed Crew Socks,Socks,Men,5.9,5.9,False,1,5.9,Card
ORC-20260630-1043,3,2026-06-30 18:21:17,Orchard Central,SOK-W-02,Women's Pile Crew Socks,Socks,Women,5.9,5.9,False,2,11.8,cash
BUG-20260630-0288,1,2026-06-30 22:25:42,Bugis,SOK-M-03,Men's Airism Low-Cut Socks,Socks,Men,5.9,5.9,False,1,5.9,Card
ORC-20260630-0226,1,2026-06-30 19:01:49,orchard central,SOK-M-01,Men's Ankle Socks 3-Pack,Socks,Men,14.9,14.9,False,1,14.9,Card
BUG-20260630-0211,1,2026-06-30 22:03:30,Bugis,UND-M-03,Men's Airism Mesh Boxer Briefs,Underwear,Men,14.9,14.9,False,1,14.9,Cash
BUG-20260630-0358,1,2026-06-30 19:44:39,BUGIS,SOK-M-04,Men's Ribbed Crew Socks,Socks,Men,5.9,5.9,False,1,5.9,Card
ORC-20260630-0325,1,2026-06-30 19:03:39,Orchard Central,TOP-W-04,Women's Heattech Crew Neck Long Sleeve Tee,Tops,Women,14.9,14.9,False,1,14.9,PayNow
PUN-20260630-0197,1,2026-06-30 20:48:28,Punggol,UND-W-03,Women's Cotton Blend Briefs,Underwear,Women,9.9,9.9,False,1,9.9,PayNow
ORC-20260630-0723,2,2026-06-30 20:56:40,orchard central,TOP-W-02,Women's Ribbed Long Sleeve Turtleneck,tops,Women,19.9,19.9,False,1,19.9,NETS
BUG-20260630-0746,2,2026-06-30 21:19:25,bugis,SOK-M-07,Men's Striped Crew Socks,Socks,Men,5.9,5.9,False,1,5.9,Card
ORC-20260630-0948,1,2026-06-30 22:27:51,orchard central,SOK-M-02,Men's Pile Crew Socks,socks,Men,5.9,5.9,False,1,5.9,
PUN-20260630-0281,2,2026-06-30 21:59:54,Punggol,BTM-W-03,Women's Ezy Ankle Pants,Bottoms,Women,29.9,29.9,False,1,29.9,nets
BUG-20260630-0136,1,2026-06-30 18:16:31,Bugis,UND-M-04,Men's Cotton Crew Neck Undershirt,Underwear,Men,14.9,14.9,False,1,14.9,Card
BUG-20260630-0517,1,2026-06-30 19:39:09,Bugis,SOK-M-04,Men's Ribbed Crew Socks,Socks,Men,5.9,5.9,False,1,5.9,Card
BUG-20260630-0413,2,2026-06-30 19:47:50,Bugis,TOP-M-02,Men's Supima Cotton Polo Shirt,Tops,Men,29.9,29.9,False,1,29.9,PayNow
ORC-20260630-1093,2,2026-06-30 14:17:18,Orchard Central,SOK-M-04,Men's Ribbed Crew Socks,Socks,Men,5.9,5.9,False,2,11.8,Card
ORC-20260630-0560,1,2026-06-30 18:43:25,ORCHARD CENTRAL,SOK-M-02,Men's Pile Crew Socks,Socks,MEN,5.9,5.9,False,1,5.9,Card
BUG-20260630-0832,2,2026-06-30 20:10:56,Bugis,TOP-M-01,Men's Airism Cotton Crew Neck T-Shirt,Tops,Men,14.9,14.9,False,1,14.9,Card
PUN-20260630-0582,1,2026-06-30 19:56:37,Punggol,BTM-M-04,Men's Dry Stretch Shorts,Bottoms,Men,19.9,19.9,False,1,19.9,PayNow
ORC-20260630-0497,2,2026-06-30 18:18:29,Orchard Central,UND-W-01,Women's Airism Bikini Shorts,Underwear,Women,9.9,9.9,False,1,9.9,NETS
ORC-20260630-0272,3,2026-06-30 19:35:50,Orchard Central,BTM-W-02,Women's High-Rise Wide Leg Pants,Bottoms,women,39.9,39.9,False,1,39.9,Card
BUG-20260630-0622,2,2026-06-30 20:16:51,Bugis,SOK-W-02,Women's Pile Crew Socks,SOCKS,Women,5.9,5.9,False,1,5.9,NETS
ORC-20260630-0798,2,2026-06-30 15:08:43,Orchard Central,UND-M-01,Men's Airism Boxer Briefs,UNDERWEAR,Men,14.9,14.9,False,1,14.9,Paynow
BUG-20260630-0053,1,2026-06-30 20:05:52,Bugis,SOK-W-02,Women's Pile Crew Socks,Socks,Women,5.9,5.9,False,2,11.8,Card
PUN-20260630-0276,2,2026-06-30 19:48:46,Punggol,SOK-W-05,Women's Sport Ankle Socks,Socks,Women,4.27,5.9,True,2,8.54,Card
BUG-20260630-0367,2,2026-06-30 20:02:17,Bugis,TOP-W-10,Women's Ultra Light Down Vest,Tops,Women,59.9,59.9,False,1,59.9,Card
BUG-20260630-0972,1,2026-06-30 21:48:50,BUGIS,TOP-W-01,Women's Airism Cotton Crew Neck T-Shirt,Tops,Women,14.9,14.9,False,1,14.9,Paynow
BUG-20260630-0476,1,2026-06-30 17:41:07,Bugis,SOK-W-09,Women's No-Show Sneaker Socks,Socks,Women,5.9,5.9,False,2,11.8,PayNow
PUN-20260630-0458,2,2026-06-30 18:12:09,  Punggol  ,SOK-M-04,Men's Ribbed Crew Socks,Socks,Men,5.9,5.9,False,1,5.9,Card
BUG-20260630-0100,2,2026-06-30 21:00:49,  Bugis  ,BTM-W-04,Women's Denim Straight Jeans,Bottoms,Women,49.9,49.9,False,1,49.9,Cash
ORC-20260630-0684,1,2026-06-30 12:49:49,Orchard Central,UND-M-04,Men's Cotton Crew Neck Undershirt,Underwear,Men,14.9,14.9,False,1,14.9,PayNow
ORC-20260630-0669,3,2026-06-30 21:00:55,Orchard Central,BTM-W-02,Women's High-Rise Wide Leg Pants,Bottoms,Women,39.9,39.9,False,1,39.9,NETS
ORC-20260630-0791,1,2026-06-30 21:26:44,Orchard Central,UND-M-01,Men's Airism Boxer Briefs,Underwear,Men,14.9,14.9,False,1,$14.9,Cash
BUG-20260630-0721,1,2026-06-30 16:33:32,Bugis,SOK-W-02,Women's Pile Crew Socks,Socks,Women,5.9,5.9,False,1,5.9,Paynow
BUG-20260630-0447,3,2026-06-30 21:02:20,Bugis,BTM-W-02,Women's High-Rise Wide Leg Pants,Bottoms,WOMEN,39.9,39.9,False,1,39.9,PayNow
BUG-20260630-0574,1,2026-06-30 19:37:57,  Bugis  ,TOP-W-01,Women's Airism Cotton Crew Neck T-Shirt,Tops,WOMEN,14.9,14.9,False,1,14.9,Card
ORC-20260630-0696,1,2026-06-30 16:19:58,Orchard Central,SOK-M-03,Men's Airism Low-Cut Socks,Socks,Men,5.9,5.9,False,1,5.9,NETS
ORC-20260630-0230,2,2026-06-30 16:49:22,  Orchard Central  ,BTM-W-03,Women's Ezy Ankle Pants,Bottoms,Women,29.9,29.9,False,1,29.9,NETS
ORC-20260630-0630,3,2026-06-30 20:07:56,Orchard Central,TOP-W-06,Women's Linen Blend Short Sleeve Shirt,Tops,WOMEN,19.72,29.9,True,1,19.72,PayNow
BUG-20260630-0176,1,2026-06-30 20:47:07,Bugis,SOK-W-02,Women's Pile Crew Socks,SOCKS,Women,5.9,5.9,False,1,5.9,NETS
PUN-20260630-0073,3,2026-06-30 20:49:48,Punggol,TOP-W-02,Women's Ribbed Long Sleeve Turtleneck,Tops,Women,19.9,19.9,False,1,19.9,Card
PUN-20260630-0509,3,2026-06-30 22:48:49,Punggol,SOK-W-04,Women's Ribbed Crew Socks,Socks,Women,5.9,5.9,False,2,11.8,Card
BUG-20260630-0782,1,2026-06-30 17:02:32,Bugis,SOK-W-04,Women's Ribbed Crew Socks,Socks,Women,5.9,5.9,False,1,5.9,PayNow
ORC-20260630-0186,3,2026-06-30 20:28:02,Orchard Central,UND-M-04,Men's Cotton Crew Neck Undershirt,Underwear,MEN,14.9,14.9,False,1,14.9,Card
PUN-20260630-0260,1,2026-06-30 20:34:19,PUNGGOL,SOK-W-02,Women's Pile Crew Socks,Socks,Women,5.9,5.9,False,1,5.9,NETS
ORC-20260630-0425,1,2026-06-30 13:45:11,Orchard Central,TOP-W-06,Women's Linen Blend Short Sleeve Shirt,Tops,Women,19.72,29.9,True,1,19.72,Card
ORC-20260630-0841,3,2026-06-30 11:01:35,Orchard Central,SOK-M-03,Men's Airism Low-Cut Socks,Socks,Men,5.9,5.9,False,1,5.9,Card
BUG-20260630-0925,1,2026-06-30 13:22:53,Bugis,TOP-W-06,Women's Linen Blend Short Sleeve Shirt,Tops,Women,19.72,29.9,True,1,19.72,NETS
PUN-20260630-0321,3,2026-06-30 17:35:59,Punggol,SOK-M-03,Men's Airism Low-Cut Socks,Socks,Men,5.9,5.9,False,2,11.8,PayNow
PUN-20260630-0380,1,2026-06-30 17:58:11,Punggol,TOP-W-02,Women's Ribbed Long Sleeve Turtleneck,Tops,Women,19.9,19.9,False,1,19.9,cash
BUG-20260630-0596,2,2026-06-30 21:18:58,Bugis,SOK-M-09,  Men's No-Show Sneaker Socks  ,Socks,Men,4.17,5.9,True,1,4.17,Card
ORC-20260630-0477,1,2026-06-30 18:28:01,orchard central,TOP-W-04,Women's Heattech Crew Neck Long Sleeve Tee,Tops,Women,14.9,14.9,False,1,14.9,card
BUG-20260630-0876,3,2026-06-30 18:40:25,Bugis,SOK-W-01,Women's Ankle Socks 3-Pack,Socks,Women,14.9,14.9,False,2,29.8,Cash
BUG-20260630-0799,3,2026-06-30 11:17:04,Bugis,UND-M-02,Men's Cotton Blend Trunks,underwear,Men,14.9,14.9,False,1,14.9,CASH
ORC-20260630-1054,1,2026-06-30 14:27:05,Orchard Central,BTM-W-01,Women's Ultra Stretch Skinny Jeans,Bottoms,Women,39.9,39.9,False,1,39.9,Paynow
ORC-20260630-0314,2,2026-06-30 14:08:46,ORCHARD CENTRAL,TOP-W-02,Women's Ribbed Long Sleeve Turtleneck,Tops,Women,19.9,19.9,False,1,19.9,Card
BUG-20260630-0279,2,2026-06-30 18:53:41,Bugis,SOK-W-07,Women's Striped Crew Socks,Socks,Women,5.9,5.9,False,1,5.9,Cash
PUN-20260630-0611,1,2026-06-30 18:37:03,Punggol,UND-W-03,Women's Cotton Blend Briefs,Underwear,Women,9.9,9.9,False,1,9.9,Cash
ORC-20260630-0207,3,2026-06-30 17:20:46,Orchard Central,BTM-M-02,Men's Slim Fit Chino Trousers,Bottoms,Men,29.9,29.9,False,1,29.9,Card
ORC-20260630-0394,2,2026-06-30 21:14:21,Orchard Central,TOP-W-06,Women's Linen Blend Short Sleeve Shirt,tops,Women,19.72,29.9,True,1,19.72,Card
BUG-20260630-0537,1,2026-06-30 14:54:23,Bugis,SOK-M-09,Men's No-Show Sneaker Socks,Socks,Men,$4.17,5.9,True,1,4.17,Cash
PUN-20260630-0278,1,2026-06-30 17:56:35,Punggol,SOK-M-04,Men's Ribbed Crew Socks,Socks,Men,5.9,5.9,False,2,11.8,Card
BUG-20260630-0654,3,2026-06-30 13:22:41,Bugis,TOP-W-01,Women's Airism Cotton Crew Neck T-Shirt,Tops,Women,14.9,14.9,False,1,$14.9,Card
ORC-20260630-0347,1,2026-06-30 19:40:23,Orchard Central,BTM-M-02,Men's Slim Fit Chino Trousers,bottoms,Men,29.9,29.9,False,1,29.9,card
ORC-20260630-0027,3,2026-06-30 19:00:43,orchard central,UND-M-01,Men's Airism Boxer Briefs,UNDERWEAR,Men,14.9,14.9,False,1,14.9,NETS
BUG-20260630-0368,1,2026-06-30 11:04:08,Bugis,TOP-M-01,Men's Airism Cotton Crew Neck T-Shirt,Tops,Men,14.9,14.9,False,1,14.9,Card
PUN-20260630-0194,1,2026-06-30 17:18:43,Punggol,SOK-M-02,Men's Pile Crew Socks,Socks,Men,5.9,5.9,False,1,5.9,Card
ORC-20260630-0382,3,2026-06-30 20:34:16,Orchard Central,TOP-W-01,Women's Airism Cotton Crew Neck T-Shirt,TOPS,Women,14.9,14.9,False,1,14.9,PayNow
ORC-20260630-0886,2,2026-06-30 18:27:01,Orchard Central,BTM-M-01,Men's Ezy Ankle Pants,Bottoms,Men,29.9,29.9,False,1,29.9,Card
PUN-20260630-0363,3,2026-06-30 18:47:02,Punggol,SOK-W-03,Women's Airism Low-Cut Socks,Socks,women,5.9,5.9,False,1,5.9,Cash
BUG-20260630-0555,3,2026-06-30 15:39:07,Bugis,SOK-W-01,Women's Ankle Socks 3-Pack,Socks,WOMEN,14.9,14.9,False,1,14.9,Cash
ORC-20260630-1030,1,2026-06-30 14:39:52,Orchard Central,SOK-M-03,  Men's Airism Low-Cut Socks  ,Socks,Men,5.9,5.9,False,1,5.9,NETS
ORC-20260630-0910,1,2026-06-30 20:46:23,  Orchard Central  ,TOP-M-02,Men's Supima Cotton Polo Shirt,Tops,Men,29.9,29.9,False,1,29.9,Cash
PUN-20260630-0145,1,2026-06-30 19:58:51,Punggol,SOK-M-02,Men's Pile Crew Socks,Socks,Men,5.9,5.9,False,1,$5.9,cash
PUN-20260630-0409,1,2026-06-30 20:56:50,Punggol,SOK-M-04,Men's Ribbed Crew Socks,Socks,Men,5.9,5.9,False,1,5.9,PAYNOW
PUN-20260630-0449,3,2026-06-30 15:31:57,Punggol,UND-W-01,Women's Airism Bikini Shorts,Underwear,Women,9.9,9.9,False,1,9.9,NETS
ORC-20260630-0167,1,2026-06-30 21:22:04,Orchard Central,TOP-W-06,Women's Linen Blend Short Sleeve Shirt,Tops,Women,19.72,29.9,True,1,19.72,Card
BUG-20260630-0902,1,2026-06-30 11:00:33,Bugis,SOK-W-02,Women's Pile Crew Socks,Socks,Women,5.9,5.9,False,1,5.9,Card
BUG-20260630-0072,1,2026-06-30 18:43:17,Bugis,TOP-M-04,Men's Oxford Long Sleeve Shirt,Tops,Men,$29.9,29.9,False,1,29.9,Card
ORC-20260630-0577,1,2026-06-30 13:43:29,orchard central,TOP-M-02,Men's Supima Cotton Polo Shirt,tops,Men,29.9,29.9,False,1,29.9,Card
ORC-20260630-0319,3,2026-06-30 19:33:26,Orchard Central,SOK-W-02,Women's Pile Crew Socks,Socks,Women,$5.9,5.9,False,1,5.9,Card
ORC-20260630-0442,1,2026-06-30 11:10:27,Orchard Central,UND-W-10,  Women's Wireless Bralette  ,Underwear,women,29.9,29.9,False,2,59.8,NETS
PUN-20260630-0567,1,2026-06-30 20:39:10,Punggol,BTM-M-01,Men's Ezy Ankle Pants,Bottoms,Men,29.9,29.9,False,1,29.9,Card
ORC-20260630-1072,1,2026-06-30 17:06:31,  Orchard Central  ,SOK-M-03,  Men's Airism Low-Cut Socks  ,Socks,Men,5.9,5.9,False,1,5.9,PayNow
ORC-20260630-0664,1,2026-06-30 16:19:43,Orchard Central,UND-W-04,  Women's Airism T-Shirt Bra  ,Underwear,Women,29.9,29.9,False,1,29.9,Paynow
ORC-20260630-0832,2,2026-06-30 21:11:55,Orchard Central,TOP-W-02,Women's Ribbed Long Sleeve Turtleneck,TOPS,Women,19.9,19.9,False,1,19.9,Card
PUN-20260630-0507,1,2026-06-30 20:00:12,Punggol,BTM-W-02,Women's High-Rise Wide Leg Pants,Bottoms,Women,39.9,39.9,False,1,39.9,PayNow
PUN-20260630-0335,3,2026-06-30 21:01:40,  Punggol  ,UND-W-03,Women's Cotton Blend Briefs,Underwear,Women,9.9,9.9,False,1,9.9,CARD
PUN-20260630-0030,1,2026-06-30 20:51:06,Punggol,TOP-W-01,Women's Airism Cotton Crew Neck T-Shirt,Tops,women,14.9,14.9,False,1,14.9,nets
ORC-20260630-0050,2,2026-06-30 11:00:41,Orchard Central,BTM-M-02,  Men's Slim Fit Chino Trousers  ,Bottoms,Men,29.9,29.9,False,1,29.9,NETS
BUG-20260630-0261,1,2026-06-30 19:57:07,Bugis,BTM-M-03,  Men's Selvedge Regular Fit Jeans  ,BOTTOMS,Men,59.9,59.9,False,1,59.9,Card
BUG-20260630-0654,2,2026-06-30 13:22:41,Bugis,UND-W-03,Women's Cotton Blend Briefs,Underwear,Women,9.9,9.9,False,1,9.9,Card
BUG-20260630-0280,1,2026-06-30 13:09:49,Bugis,TOP-M-03,Men's Dry-EX Crew Neck T-Shirt,Tops,Men,19.9,19.9,False,1,19.9,PAYNOW
ORC-20260630-0977,1,2026-06-30 21:43:14,orchard central,SOK-W-01,Women's Ankle Socks 3-Pack,Socks,women,14.9,14.9,False,1,14.9,paynow
PUN-20260630-0348,2,2026-06-30 12:00:15,Punggol,SOK-W-03,Women's Airism Low-Cut Socks,Socks,women,5.9,5.9,False,1,5.9,Card
PUN-20260630-0010,1,2026-06-30 19:40:37,PUNGGOL,UND-M-04,Men's Cotton Crew Neck Undershirt,Underwear,Men,14.9,14.9,False,1,$14.9,Cash
BUG-20260630-0833,1,2026-06-30 18:23:16,Bugis,TOP-M-01,Men's Airism Cotton Crew Neck T-Shirt,TOPS,men,14.9,14.9,False,1,14.9,
PUN-20260630-0477,2,2026-06-30 17:24:04,Punggol,BTM-M-02,Men's Slim Fit Chino Trousers,Bottoms,Men,29.9,29.9,False,1,29.9,NETS
PUN-20260630-0024,1,2026-06-30 12:52:58,Punggol,SOK-W-02,Women's Pile Crew Socks,Socks,Women,5.9,5.9,False,1,5.9,Card
BUG-20260630-0149,2,2026-06-30 17:25:06,Bugis,SOK-M-09,Men's No-Show Sneaker Socks,Socks,Men,4.17,5.9,True,2,8.34,PayNow
BUG-20260630-0146,1,2026-06-30 19:15:25,bugis,BTM-M-02,Men's Slim Fit Chino Trousers,bottoms,men,29.9,29.9,False,1,29.9,NETS
BUG-20260630-0920,2,2026-06-30 19:09:26,bugis,TOP-W-04,Women's Heattech Crew Neck Long Sleeve Tee,Tops,Women,14.9,14.9,False,1,14.9,Card
ORC-20260630-0146,1,2026-06-30 12:31:04,Orchard Central,SOK-M-04,Men's Ribbed Crew Socks,Socks,Men,5.9,5.9,False,1,5.9,PayNow
ORC-20260630-0732,3,2026-06-30 18:42:59,  Orchard Central  ,UND-M-09,Men's Heattech Long Johns,underwear,Men,19.9,19.9,False,1,19.9,NETS
BUG-20260630-0547,2,2026-06-30 14:45:02,bugis,SOK-W-01,Women's Ankle Socks 3-Pack,Socks,Women,14.9,14.9,False,1,14.9,Card
ORC-20260630-0970,3,2026-06-30 12:42:51,Orchard Central,SOK-W-02,Women's Pile Crew Socks,Socks,Women,5.9,5.9,False,2,11.8,Card
ORC-20260630-0014,1,2026-06-30 19:22:55,Orchard Central,UND-W-03,Women's Cotton Blend Briefs,Underwear,Women,9.9,9.9,False,1,9.9,NETS
BUG-20260630-0763,3,2026-06-30 19:19:10,Bugis,BTM-M-02,Men's Slim Fit Chino Trousers,Bottoms,Men,29.9,29.9,False,1,29.9,Card
PUN-20260630-0443,1,2026-06-30 13:23:27,Punggol,UND-W-01,Women's Airism Bikini Shorts,Underwear,Women,9.9,9.9,False,1,9.9,PayNow
BUG-20260630-0634,1,2026-06-30 15:53:48,BUGIS,SOK-W-03,  Women's Airism Low-Cut Socks  ,Socks,Women,$5.9,5.9,False,1,5.9,NETS
BUG-20260630-0755,1,2026-06-30 20:00:44,Bugis,TOP-W-03,Women's Silky Satin Blouse,Tops,Women,39.9,39.9,False,1,39.9,Card
BUG-20260630-0403,3,2026-06-30 14:30:02,Bugis,TOP-M-04,Men's Oxford Long Sleeve Shirt,Tops,Men,29.9,29.9,False,1,29.9,PayNow
ORC-20260630-0984,2,2026-06-30 20:31:55,Orchard Central,SOK-M-03,Men's Airism Low-Cut Socks,Socks,Men,5.9,5.9,False,1,5.9,Cash
BUG-20260630-0899,2,2026-06-30 19:44:16,Bugis,SOK-M-04,Men's Ribbed Crew Socks,Socks,men,5.9,5.9,False,1,5.9,Card
BUG-20260630-0816,1,2026-06-30 20:42:47,Bugis,SOK-W-02,Women's Pile Crew Socks,Socks,Women,5.9,5.9,False,1,5.9,Paynow
BUG-20260630-0206,3,2026-06-30 19:04:11,Bugis,SOK-M-02,Men's Pile Crew Socks,Socks,Men,5.9,5.9,False,1,5.9,Card
BUG-20260630-0200,1,2026-06-30 16:52:47,BUGIS,UND-W-03,Women's Cotton Blend Briefs,Underwear,Women,9.9,9.9,False,1,9.9,Cash
PUN-20260630-0243,2,2026-06-30 18:08:56,Punggol,SOK-W-05,  Women's Sport Ankle Socks  ,SOCKS,Women,$4.27,5.9,True,1,4.27,Card
ORC-20260630-0090,1,2026-06-30 19:34:30,Orchard Central,SOK-W-04,Women's Ribbed Crew Socks,Socks,Women,$5.9,5.9,False,1,5.9,Card
ORC-20260630-0891,2,2026-06-30 21:44:52,Orchard Central,SOK-W-02,Women's Pile Crew Socks,Socks,Women,5.9,5.9,False,1,5.9,Cash
ORC-20260630-0262,3,2026-06-30 20:20:47,Orchard Central,UND-W-03,Women's Cotton Blend Briefs,underwear,Women,9.9,9.9,False,1,9.9,card
PUN-20260630-0427,1,2026-06-30 21:29:30,Punggol,SOK-W-04,Women's Ribbed Crew Socks,Socks,Women,5.9,5.9,False,2,11.8,paynow
ORC-20260630-0611,3,2026-06-30 21:34:28,Orchard Central,SOK-W-04,  Women's Ribbed Crew Socks  ,socks,Women,5.9,5.9,False,2,11.8,PayNow
ORC-20260630-0120,2,2026-06-30 19:18:16,Orchard Central,SOK-M-04,Men's Ribbed Crew Socks,Socks,Men,5.9,5.9,False,1,5.9,NETS
ORC-20260630-0064,1,2026-06-30 15:22:47,Orchard Central,TOP-M-03,Men's Dry-EX Crew Neck T-Shirt,Tops,Men,19.9,19.9,False,1,19.9,NETS
ORC-20260630-1045,1,2026-06-30 12:33:33,Orchard Central,SOK-W-01,Women's Ankle Socks 3-Pack,Socks,Women,14.9,14.9,False,1,14.9,NETS
ORC-20260630-1047,2,2026-06-30 21:26:12,Orchard Central,SOK-M-03,Men's Airism Low-Cut Socks,Socks,Men,5.9,5.9,False,2,11.8,NETS
BUG-20260630-0237,1,2026-06-30 18:00:16,Bugis,UND-W-01,Women's Airism Bikini Shorts,Underwear,WOMEN,9.9,9.9,False,1,9.9,Card
BUG-20260630-0610,2,2026-06-30 20:16:43,Bugis,SOK-M-03,Men's Airism Low-Cut Socks,Socks,Men,5.9,5.9,False,2,11.8,Card
BUG-20260630-0350,3,2026-06-30 20:26:47,Bugis,SOK-M-07,Men's Striped Crew Socks,Socks,Men,5.9,5.9,False,1,5.9,NETS
BUG-20260630-0249,2,2026-06-30 19:41:48,  Bugis  ,SOK-M-09,Men's No-Show Sneaker Socks,Socks,Men,4.17,5.9,True,1,4.17,Paynow
ORC-20260630-0341,1,2026-06-30 16:12:54,  Orchard Central  ,TOP-W-02,Women's Ribbed Long Sleeve Turtleneck,tops,Women,19.9,19.9,False,1,19.9,
BUG-20260630-0196,3,2026-06-30 12:36:36,Bugis,UND-W-01,Women's Airism Bikini Shorts,Underwear,Women,9.9,9.9,False,1,9.9,PayNow
BUG-20260630-0417,1,2026-06-30 12:19:13,Bugis,SOK-W-04,Women's Ribbed Crew Socks,Socks,Women,5.9,5.9,False,1,5.9,Cash
PUN-20260630-0408,2,2026-06-30 19:18:21,  Punggol  ,TOP-W-04,Women's Heattech Crew Neck Long Sleeve Tee,Tops,Women,14.9,14.9,False,1,14.9,Card
BUG-20260630-0501,2,2026-06-30 18:32:29,Bugis,SOK-M-04,Men's Ribbed Crew Socks,Socks,Men,5.9,5.9,False,1,5.9,Card
PUN-20260630-0358,1,2026-06-30 22:22:08,Punggol,SOK-W-01,  Women's Ankle Socks 3-Pack  ,Socks,Women,14.9,14.9,False,1,14.9,NETS
ORC-20260630-0934,2,2026-06-30 19:26:56,Orchard Central,TOP-M-01,Men's Airism Cotton Crew Neck T-Shirt,Tops,men,14.9,14.9,False,1,14.9,PayNow
BUG-20260630-0545,2,2026-06-30 20:05:35,Bugis,SOK-M-04,Men's Ribbed Crew Socks,Socks,Men,5.9,5.9,False,2,11.8,CARD
BUG-20260630-0655,3,2026-06-30 19:43:32,Bugis,SOK-M-02,Men's Pile Crew Socks,Socks,Men,5.9,5.9,False,1,$5.9,Card
BUG-20260630-0870,1,2026-06-30 21:00:10,Bugis,SOK-M-09,Men's No-Show Sneaker Socks,Socks,Men,4.17,5.9,True,1,4.17,CARD
BUG-20260630-0552,2,2026-06-30 21:28:06,Bugis,TOP-W-01,  Women's Airism Cotton Crew Neck T-Shirt  ,Tops,women,14.9,14.9,False,1,14.9,Card
BUG-20260630-0518,2,2026-06-30 13:32:28,Bugis,SOK-W-04,Women's Ribbed Crew Socks,Socks,women,$5.9,5.9,False,1,5.9,PayNow
ORC-20260630-0908,1,2026-06-30 15:49:52,orchard central,SOK-M-03,Men's Airism Low-Cut Socks,socks,Men,5.9,5.9,False,1,5.9,Card
BUG-20260630-0364,1,2026-06-30 20:55:00,Bugis,SOK-W-04,Women's Ribbed Crew Socks,Socks,Women,5.9,5.9,False,1,$5.9,NETS
ORC-20260630-0686,1,2026-06-30 17:36:39,Orchard Central,UND-M-02,Men's Cotton Blend Trunks,Underwear,Men,14.9,14.9,False,1,14.9,Card
BUG-20260630-0475,1,2026-06-30 21:40:08,Bugis,UND-W-03,Women's Cotton Blend Briefs,Underwear,Women,9.9,9.9,False,1,9.9,PayNow
PUN-20260630-0150,2,2026-06-30 16:12:12,punggol,TOP-W-02,Women's Ribbed Long Sleeve Turtleneck,Tops,Women,19.9,19.9,False,1,$19.9,PayNow
BUG-20260630-0558,3,2026-06-30 17:10:01,Bugis,TOP-M-03,Men's Dry-EX Crew Neck T-Shirt,TOPS,Men,19.9,19.9,False,1,19.9,Cash
BUG-20260630-0542,1,2026-06-30 16:28:46,Bugis,SOK-W-02,  Women's Pile Crew Socks  ,Socks,Women,5.9,5.9,False,1,5.9,Card
BUG-20260630-0739,2,2026-06-30 14:20:06,Bugis,SOK-W-04,  Women's Ribbed Crew Socks  ,Socks,Women,5.9,5.9,False,1,5.9,Card
ORC-20260630-0784,1,2026-06-30 14:27:06,Orchard Central,UND-M-04,Men's Cotton Crew Neck Undershirt,UNDERWEAR,Men,14.9,14.9,False,1,14.9,Card
ORC-20260630-1025,2,2026-06-30 22:24:32,  orchard central  ,SOK-M-04,Men's Ribbed Crew Socks,Socks,Men,5.9,5.9,False,1,5.9,Card
PUN-20260630-0484,2,2026-06-30 19:11:02,Punggol,SOK-W-03,Women's Airism Low-Cut Socks,Socks,Women,5.9,5.9,False,1,5.9,Card
ORC-20260630-0049,3,2026-06-30 21:11:42,Orchard Central,UND-M-01,  Men's Airism Boxer Briefs  ,Underwear,Men,14.9,14.9,False,1,14.9,PAYNOW
PUN-20260630-0110,1,2026-06-30 15:33:37,Punggol,SOK-W-02,Women's Pile Crew Socks,Socks,Women,5.9,5.9,False,1,5.9,PayNow
BUG-20260630-0433,2,2026-06-30 20:45:15,  bugis  ,SOK-M-02,  Men's Pile Crew Socks  ,Socks,Men,5.9,5.9,False,2,11.8,Card
PUN-20260630-0183,2,2026-06-30 20:42:54,Punggol,UND-W-04,Women's Airism T-Shirt Bra,Underwear,Women,29.9,29.9,False,1,29.9,Card
BUG-20260630-0737,1,2026-06-30 20:51:23,bugis,SOK-W-01,Women's Ankle Socks 3-Pack,socks,WOMEN,14.9,14.9,False,1,14.9,Card
ORC-20260630-0509,1,2026-06-30 19:22:31,Orchard Central,SOK-W-02,Women's Pile Crew Socks,Socks,Women,5.9,5.9,False,1,5.9,PayNow
PUN-20260630-0610,1,2026-06-30 17:36:49,Punggol,SOK-M-03,Men's Airism Low-Cut Socks,Socks,Men,5.9,5.9,False,1,5.9,NETS
ORC-20260630-0322,1,2026-06-30 20:16:34,Orchard Central,SOK-M-04,Men's Ribbed Crew Socks,SOCKS,Men,5.9,5.9,False,2,11.8,PayNow
BUG-20260630-0537,3,2026-06-30 14:54:23,Bugis,SOK-W-02,Women's Pile Crew Socks,Socks,Women,5.9,5.9,False,1,5.9,Cash
ORC-20260630-0429,1,2026-06-30 17:11:11,Orchard Central,UND-W-01,Women's Airism Bikini Shorts,UNDERWEAR,Women,9.9,9.9,False,1,9.9,Cash
ORC-20260630-0444,1,2026-06-30 16:05:57,Orchard Central,SOK-W-04,Women's Ribbed Crew Socks,Socks,Women,5.9,5.9,False,1,5.9,Card
BUG-20260630-0041,2,2026-06-30 19:50:16,Bugis,SOK-W-04,Women's Ribbed Crew Socks,Socks,Women,5.9,5.9,False,1,5.9,Card
BUG-20260630-0866,1,2026-06-30 17:10:22,Bugis,UND-M-02,Men's Cotton Blend Trunks,Underwear,Men,14.9,14.9,False,1,14.9,NETS
BUG-20260630-0117,1,2026-06-30 16:46:53,Bugis,TOP-W-03,Women's Silky Satin Blouse,Tops,Women,39.9,39.9,False,1,39.9,Card
ORC-20260630-0583,1,2026-06-30 18:16:16,Orchard Central,TOP-W-02,Women's Ribbed Long Sleeve Turtleneck,Tops,WOMEN,19.9,19.9,False,1,19.9,Card
ORC-20260630-0794,1,2026-06-30 14:39:49,orchard central,BTM-M-02,Men's Slim Fit Chino Trousers,Bottoms,Men,29.9,29.9,False,1,29.9,Cash
BUG-20260630-0404,1,2026-06-30 21:54:31,bugis,UND-W-01,Women's Airism Bikini Shorts,Underwear,Women,9.9,9.9,False,1,9.9,Card
BUG-20260630-0505,1,2026-06-30 14:11:30,Bugis,SOK-M-09,Men's No-Show Sneaker Socks,Socks,Men,4.17,5.9,True,1,4.17,Card
PUN-20260630-0315,2,2026-06-30 15:47:50,Punggol,SOK-W-02,Women's Pile Crew Socks,Socks,Women,5.9,5.9,False,2,11.8,Card
ORC-20260630-0657,2,2026-06-30 14:19:07,Orchard Central,UND-W-04,Women's Airism T-Shirt Bra,Underwear,Women,29.9,29.9,False,1,29.9,Card
BUG-20260630-0908,2,2026-06-30 19:59:49,  Bugis  ,SOK-W-04,  Women's Ribbed Crew Socks  ,Socks,Women,5.9,5.9,False,1,5.9,NETS
ORC-20260630-1077,1,2026-06-30 17:05:53,Orchard Central,SOK-M-04,Men's Ribbed Crew Socks,socks,Men,5.9,5.9,False,2,11.8,Paynow
PUN-20260630-0257,2,2026-06-30 21:05:49,Punggol,UND-W-03,Women's Cotton Blend Briefs,Underwear,Women,9.9,9.9,False,1,9.9,CARD
ORC-20260630-0701,1,2026-06-30 19:33:58,Orchard Central,TOP-W-04,Women's Heattech Crew Neck Long Sleeve Tee,Tops,Women,14.9,14.9,False,1,14.9,Card
ORC-20260630-0306,2,2026-06-30 20:57:54,ORCHARD CENTRAL,UND-W-03,Women's Cotton Blend Briefs,Underwear,Women,9.9,9.9,False,1,9.9,PayNow
BUG-20260630-0416,2,2026-06-30 22:54:05,Bugis,UND-W-01,Women's Airism Bikini Shorts,Underwear,WOMEN,9.9,9.9,False,1,9.9,PayNow
BUG-20260630-0871,1,2026-06-30 14:38:47,Bugis,SOK-W-01,Women's Ankle Socks 3-Pack,Socks,Women,14.9,14.9,False,1,$14.9,CARD
BUG-20260630-0829,3,2026-06-30 21:13:56,bugis,BTM-W-01,Women's Ultra Stretch Skinny Jeans,Bottoms,Women,39.9,39.9,False,1,39.9,Card
ORC-20260630-0662,2,2026-06-30 13:55:45,Orchard Central,SOK-W-02,Women's Pile Crew Socks,Socks,Women,$5.9,5.9,False,1,5.9,PayNow
ORC-20260630-0518,1,2026-06-30 22:34:54,Orchard Central,SOK-M-03,Men's Airism Low-Cut Socks,Socks,Men,5.9,5.9,False,1,5.9,PayNow
ORC-20260630-0530,2,2026-06-30 12:04:52,  orchard central  ,SOK-W-04,Women's Ribbed Crew Socks,Socks,Women,5.9,5.9,False,1,5.9,
PUN-20260630-0473,2,2026-06-30 20:09:40,Punggol,UND-M-02,Men's Cotton Blend Trunks,Underwear,Men,14.9,14.9,False,1,14.9,card
PUN-20260630-0503,1,2026-06-30 13:00:30,Punggol,TOP-M-02,Men's Supima Cotton Polo Shirt,Tops,Men,29.9,29.9,False,1,29.9,Cash
BUG-20260630-0250,1,2026-06-30 19:05:15,Bugis,SOK-M-04,Men's Ribbed Crew Socks,Socks,MEN,$5.9,5.9,False,1,5.9,PayNow
ORC-20260630-0588,1,2026-06-30 21:50:12,Orchard Central,BTM-W-10,Women's High Waist Denim Shorts,Bottoms,Women,29.9,29.9,False,1,29.9,PayNow
PUN-20260630-0378,2,2026-06-30 15:44:38,punggol,UND-W-04,Women's Airism T-Shirt Bra,Underwear,Women,29.9,29.9,False,2,59.8,PayNow
ORC-20260630-0752,2,2026-06-30 18:30:54,Orchard Central,TOP-W-03,Women's Silky Satin Blouse,Tops,Women,39.9,39.9,False,1,39.9,NETS
ORC-20260630-0007,3,2026-06-30 19:31:28,Orchard Central,BTM-W-01,  Women's Ultra Stretch Skinny Jeans  ,Bottoms,Women,39.9,39.9,False,1,39.9,card
ORC-20260630-1006,1,2026-06-30 19:24:09,Orchard Central,SOK-M-04,Men's Ribbed Crew Socks,Socks,Men,5.9,5.9,False,1,5.9,Card
BUG-20260630-0028,2,2026-06-30 17:14:59,Bugis,UND-M-04,  Men's Cotton Crew Neck Undershirt  ,Underwear,Men,14.9,14.9,False,1,14.9,Cash
ORC-20260630-1089,1,2026-06-30 19:51:06,  Orchard Central  ,TOP-W-06,Women's Linen Blend Short Sleeve Shirt,Tops,women,19.72,29.9,True,1,19.72,Paynow
BUG-20260630-0503,3,2026-06-30 13:49:50,bugis,SOK-W-02,Women's Pile Crew Socks,Socks,WOMEN,5.9,5.9,False,1,5.9,PayNow
ORC-20260630-0273,1,2026-06-30 21:43:33,Orchard Central,TOP-W-01,Women's Airism Cotton Crew Neck T-Shirt,Tops,Women,14.9,14.9,False,1,14.9,
BUG-20260630-0722,1,2026-06-30 21:40:43,Bugis,TOP-M-03,Men's Dry-EX Crew Neck T-Shirt,TOPS,Men,19.9,19.9,False,1,19.9,
BUG-20260630-0105,1,2026-06-30 20:10:31,Bugis,TOP-M-02,Men's Supima Cotton Polo Shirt,Tops,Men,29.9,29.9,False,1,29.9,PayNow
PUN-20260630-0604,2,2026-06-30 18:37:28,Punggol,TOP-W-04,Women's Heattech Crew Neck Long Sleeve Tee,Tops,Women,14.9,14.9,False,1,14.9,Cash
PUN-20260630-0062,1,2026-06-30 20:42:54,Punggol,TOP-M-02,Men's Supima Cotton Polo Shirt,TOPS,Men,29.9,29.9,False,1,29.9,Cash
BUG-20260630-0308,1,2026-06-30 21:49:27,Bugis,SOK-M-04,Men's Ribbed Crew Socks,Socks,MEN,5.9,5.9,False,1,5.9,paynow
PUN-20260630-0254,1,2026-06-30 14:10:47,PUNGGOL,BTM-M-03,Men's Selvedge Regular Fit Jeans,Bottoms,Men,59.9,59.9,False,1,59.9,Card
ORC-20260630-0596,3,2026-06-30 17:55:09,Orchard Central,TOP-W-02,Women's Ribbed Long Sleeve Turtleneck,Tops,Women,19.9,19.9,False,1,19.9,Paynow
PUN-20260630-0415,1,2026-06-30 21:02:18,Punggol,TOP-W-04,  Women's Heattech Crew Neck Long Sleeve Tee  ,Tops,women,14.9,14.9,False,1,14.9,Card
ORC-20260630-0454,1,2026-06-30 20:17:29,ORCHARD CENTRAL,SOK-M-02,Men's Pile Crew Socks,Socks,Men,5.9,5.9,False,1,5.9,Card
ORC-20260630-0456,2,2026-06-30 20:02:00,orchard central,SOK-W-02,Women's Pile Crew Socks,Socks,Women,5.9,5.9,False,1,5.9,Card
ORC-20260630-0540,1,2026-06-30 17:24:34,Orchard Central,SOK-W-01,Women's Ankle Socks 3-Pack,Socks,Women,14.9,14.9,False,1,14.9,NETS
BUG-20260630-0578,3,2026-06-30 17:41:24,Bugis,TOP-W-02,Women's Ribbed Long Sleeve Turtleneck,Tops,women,19.9,19.9,False,1,19.9,CARD
ORC-20260630-0295,3,2026-06-30 12:28:35,Orchard Central,TOP-M-03,Men's Dry-EX Crew Neck T-Shirt,Tops,Men,19.9,19.9,False,1,19.9,NETS
BUG-20260630-0642,2,2026-06-30 14:46:49,Bugis,BTM-M-04,Men's Dry Stretch Shorts,Bottoms,Men,19.9,19.9,False,1,19.9,PayNow
BUG-20260630-0286,1,2026-06-30 19:59:13,Bugis,UND-W-01,Women's Airism Bikini Shorts,Underwear,Women,9.9,9.9,False,1,9.9,Card
PUN-20260630-0541,1,2026-06-30 19:46:19,Punggol,SOK-W-02,Women's Pile Crew Socks,Socks,Women,5.9,5.9,False,1,5.9,Card
ORC-20260630-0226,2,2026-06-30 19:01:49,Orchard Central,TOP-M-02,Men's Supima Cotton Polo Shirt,Tops,Men,29.9,29.9,False,1,29.9,Card
ORC-20260630-0476,3,2026-06-30 19:34:50,  ORCHARD CENTRAL  ,SOK-W-01,Women's Ankle Socks 3-Pack,Socks,women,14.9,14.9,False,2,29.8,Cash
ORC-20260630-0780,2,2026-06-30 16:24:20,Orchard Central,SOK-W-02,Women's Pile Crew Socks,Socks,Women,5.9,5.9,False,1,5.9,Card
BUG-20260630-0877,1,2026-06-30 11:30:27,  Bugis  ,SOK-M-04,Men's Ribbed Crew Socks,Socks,Men,5.9,5.9,False,1,5.9,PayNow
BUG-20260630-0517,2,2026-06-30 19:39:09,Bugis,TOP-W-01,  Women's Airism Cotton Crew Neck T-Shirt  ,Tops,Women,14.9,14.9,False,1,14.9,Card
BUG-20260630-0535,1,2026-06-30 12:14:38,Bugis,SOK-W-06,  Women's Heattech Socks  ,Socks,Women,9.9,9.9,False,2,19.8,card
PUN-20260630-0306,1,2026-06-30 20:07:42,Punggol,SOK-W-04,Women's Ribbed Crew Socks,Socks,Women,5.9,5.9,False,2,11.8,Card
ORC-20260630-0423,2,2026-06-30 19:56:07,Orchard Central,UND-W-03,Women's Cotton Blend Briefs,UNDERWEAR,Women,9.9,9.9,False,1,9.9,CASH
ORC-20260630-0028,3,2026-06-30 21:56:57,Orchard Central,UND-M-01,Men's Airism Boxer Briefs,Underwear,Men,14.9,14.9,False,1,14.9,Card
ORC-20260630-0310,1,2026-06-30 12:02:18,Orchard Central,SOK-M-01,Men's Ankle Socks 3-Pack,Socks,Men,14.9,14.9,False,1,14.9,NETS
ORC-20260630-0107,2,2026-06-30 12:52:42,Orchard Central,BTM-W-04,Women's Denim Straight Jeans,Bottoms,Women,49.9,49.9,False,1,49.9,Card
ORC-20260630-0598,2,2026-06-30 16:39:03,Orchard Central,SOK-M-04,Men's Ribbed Crew Socks,Socks,Men,5.9,5.9,False,1,5.9,Card
ORC-20260630-1034,2,2026-06-30 13:07:54,Orchard Central,UND-W-02,Women's Wireless Bra,Underwear,Women,29.9,29.9,False,1,29.9,
BUG-20260630-0713,3,2026-06-30 19:56:33,Bugis,UND-M-02,Men's Cotton Blend Trunks,Underwear,Men,14.9,14.9,False,1,14.9,NETS
BUG-20260630-0352,1,2026-06-30 21:34:55,Bugis,SOK-M-02,Men's Pile Crew Socks,Socks,Men,5.9,5.9,False,1,5.9,Card
BUG-20260630-0006,2,2026-06-30 20:48:37,Bugis,TOP-M-01,Men's Airism Cotton Crew Neck T-Shirt,Tops,Men,14.9,14.9,False,1,14.9,Cash
BUG-20260630-0187,1,2026-06-30 20:36:19,Bugis,SOK-W-02,Women's Pile Crew Socks,Socks,Women,5.9,5.9,False,1,5.9,Card
BUG-20260630-0740,1,2026-06-30 19:28:39,Bugis,TOP-W-01,Women's Airism Cotton Crew Neck T-Shirt,Tops,Women,14.9,14.9,False,1,14.9,Cash
BUG-20260630-0359,3,2026-06-30 17:09:44,Bugis,SOK-M-02,Men's Pile Crew Socks,Socks,men,5.9,5.9,False,1,5.9,Card
ORC-20260630-0519,2,2026-06-30 11:28:11,Orchard Central,SOK-M-04,Men's Ribbed Crew Socks,Socks,Men,5.9,5.9,False,1,5.9,Card
ORC-20260630-0210,3,2026-06-30 18:18:26,Orchard Central,SOK-M-03,Men's Airism Low-Cut Socks,Socks,men,5.9,5.9,False,1,5.9,CARD
ORC-20260630-0352,2,2026-06-30 17:09:47,Orchard Central,SOK-M-04,Men's Ribbed Crew Socks,SOCKS,Men,5.9,5.9,False,1,5.9,Card
BUG-20260630-0106,2,2026-06-30 20:14:36,Bugis,TOP-W-01,Women's Airism Cotton Crew Neck T-Shirt,Tops,Women,14.9,14.9,False,1,14.9,Cash
ORC-20260630-0485,1,2026-06-30 15:04:37,Orchard Central,SOK-M-05,Men's Sport Ankle Socks,Socks,Men,4.36,5.9,True,2,8.72,NETS
BUG-20260630-0024,1,2026-06-30 20:07:49,Bugis,UND-M-04,Men's Cotton Crew Neck Undershirt,Underwear,Men,14.9,14.9,False,1,14.9,Cash
PUN-20260630-0454,2,2026-06-30 19:15:24,Punggol,UND-M-03,Men's Airism Mesh Boxer Briefs,underwear,Men,14.9,14.9,False,1,14.9,Card
BUG-20260630-0307,1,2026-06-30 21:52:34,Bugis,TOP-W-04,Women's Heattech Crew Neck Long Sleeve Tee,Tops,Women,14.9,14.9,False,1,14.9,Card
ORC-20260630-0335,1,2026-06-30 13:44:51,Orchard Central,SOK-M-02,Men's Pile Crew Socks,Socks,Men,5.9,5.9,False,2,11.8,CARD
ORC-20260630-0986,1,2026-06-30 21:48:08,  Orchard Central  ,SOK-M-04,Men's Ribbed Crew Socks,Socks,Men,5.9,5.9,False,1,5.9,Card
ORC-20260630-0864,3,2026-06-30 20:21:03,Orchard Central,SOK-M-02,Men's Pile Crew Socks,Socks,Men,$5.9,5.9,False,1,5.9,Card
PUN-20260630-0398,1,2026-06-30 21:20:02,Punggol,TOP-M-04,Men's Oxford Long Sleeve Shirt,Tops,Men,29.9,29.9,False,1,29.9,
BUG-20260630-0884,3,2026-06-30 19:51:36,Bugis,SOK-M-01,Men's Ankle Socks 3-Pack,Socks,Men,14.9,14.9,False,1,14.9,PayNow
ORC-20260630-0645,3,2026-06-30 20:11:02,Orchard Central,SOK-W-04,Women's Ribbed Crew Socks,Socks,Women,5.9,5.9,False,1,5.9,PayNow
BUG-20260630-0399,1,2026-06-30 16:30:50,Bugis,UND-W-03,Women's Cotton Blend Briefs,underwear,Women,9.9,9.9,False,1,9.9,NETS
ORC-20260630-0398,3,2026-06-30 19:12:31,Orchard Central,UND-W-01,Women's Airism Bikini Shorts,Underwear,Women,9.9,9.9,False,2,19.8,Cash
BUG-20260630-0471,3,2026-06-30 18:11:47,Bugis,SOK-W-03,Women's Airism Low-Cut Socks,Socks,WOMEN,5.9,5.9,False,1,5.9,nets
BUG-20260630-0085,1,2026-06-30 22:57:30,Bugis,SOK-M-03,Men's Airism Low-Cut Socks,Socks,Men,5.9,5.9,False,1,5.9,NETS
PUN-20260630-0439,2,2026-06-30 12:43:34,punggol,SOK-M-01,Men's Ankle Socks 3-Pack,Socks,Men,14.9,14.9,False,1,14.9,Card
PUN-20260630-0506,1,2026-06-30 21:07:46,Punggol,UND-W-03,Women's Cotton Blend Briefs,Underwear,Women,9.9,9.9,False,2,19.8,PayNow
PUN-20260630-0208,3,2026-06-30 14:54:05,Punggol,UND-W-05,Women's Seamless Shorts,UNDERWEAR,Women,9.9,9.9,False,1,9.9,Card
ORC-20260630-0947,1,2026-06-30 16:20:55,Orchard Central,SOK-M-04,Men's Ribbed Crew Socks,Socks,Men,5.9,5.9,False,1,5.9,CASH
PUN-20260630-0328,2,2026-06-30 20:09:15,  punggol  ,TOP-W-01,Women's Airism Cotton Crew Neck T-Shirt,Tops,Women,$14.9,14.9,False,1,14.9,
ORC-20260630-0479,2,2026-06-30 17:51:52,Orchard Central,SOK-W-02,Women's Pile Crew Socks,Socks,Women,5.9,5.9,False,1,5.9,PayNow
BUG-20260630-0586,2,2026-06-30 19:11:55,Bugis,UND-W-01,Women's Airism Bikini Shorts,Underwear,Women,9.9,9.9,False,2,19.8,Card
PUN-20260630-0610,3,2026-06-30 17:36:49,Punggol,SOK-W-02,Women's Pile Crew Socks,Socks,Women,$5.9,5.9,False,1,5.9,NETS
BUG-20260630-0521,1,2026-06-30 18:29:44,Bugis,SOK-M-02,Men's Pile Crew Socks,Socks,Men,5.9,5.9,False,1,5.9,NETS
PUN-20260630-0459,1,2026-06-30 12:12:56,Punggol,SOK-W-03,Women's Airism Low-Cut Socks,Socks,Women,5.9,5.9,False,1,5.9,Paynow
BUG-20260630-0733,1,2026-06-30 21:00:52,Bugis,SOK-M-03,Men's Airism Low-Cut Socks,SOCKS,Men,5.9,5.9,False,1,5.9,CARD
ORC-20260630-0398,2,2026-06-30 19:12:31,Orchard Central,BTM-M-02,Men's Slim Fit Chino Trousers,Bottoms,Men,29.9,29.9,False,1,29.9,Cash
PUN-20260630-0046,3,2026-06-30 15:38:42,Punggol,TOP-W-06,Women's Linen Blend Short Sleeve Shirt,Tops,Women,19.72,29.9,True,1,19.72,paynow
PUN-20260630-0275,2,2026-06-30 13:50:03,Punggol,UND-W-03,Women's Cotton Blend Briefs,Underwear,Women,9.9,9.9,False,1,9.9,NETS
PUN-20260630-0021,1,2026-06-30 17:44:23,  Punggol  ,SOK-M-01,Men's Ankle Socks 3-Pack,Socks,Men,14.9,14.9,False,1,14.9,Cash
PUN-20260630-0499,1,2026-06-30 21:00:53,Punggol,TOP-W-01,  Women's Airism Cotton Crew Neck T-Shirt  ,Tops,Women,14.9,14.9,False,1,14.9,card
ORC-20260630-0091,2,2026-06-30 20:14:08,Orchard Central,SOK-M-05,Men's Sport Ankle Socks,Socks,men,4.36,5.9,True,1,4.36,Card
ORC-20260630-0694,1,2026-06-30 20:41:00,Orchard Central,UND-W-01,Women's Airism Bikini Shorts,Underwear,women,9.9,9.9,False,1,9.9,NETS
BUG-20260630-0559,1,2026-06-30 21:28:33,Bugis,TOP-M-04,  Men's Oxford Long Sleeve Shirt  ,Tops,Men,29.9,29.9,False,1,29.9,Card
ORC-20260630-1030,2,2026-06-30 14:39:52,Orchard Central,TOP-M-04,Men's Oxford Long Sleeve Shirt,Tops,Men,29.9,29.9,False,1,29.9,NETS
ORC-20260630-0635,1,2026-06-30 15:43:31,orchard central,TOP-W-01,Women's Airism Cotton Crew Neck T-Shirt,Tops,Women,14.9,14.9,False,1,14.9,Card
PUN-20260630-0423,2,2026-06-30 18:36:40,Punggol,SOK-M-04,Men's Ribbed Crew Socks,Socks,Men,5.9,5.9,False,1,5.9,Cash
PUN-20260630-0278,2,2026-06-30 17:56:35,Punggol,SOK-W-03,  Women's Airism Low-Cut Socks  ,Socks,Women,$5.9,5.9,False,2,11.8,Card
BUG-20260630-0095,2,2026-06-30 19:46:05,  Bugis  ,UND-W-01,Women's Airism Bikini Shorts,Underwear,Women,9.9,9.9,False,1,9.9,NETS
BUG-20260630-0690,1,2026-06-30 21:00:14,Bugis,TOP-W-04,Women's Heattech Crew Neck Long Sleeve Tee,Tops,Women,14.9,14.9,False,1,14.9,Card
ORC-20260630-0350,2,2026-06-30 12:53:40,Orchard Central,TOP-W-02,Women's Ribbed Long Sleeve Turtleneck,Tops,Women,19.9,19.9,False,1,19.9,Card
BUG-20260630-0131,1,2026-06-30 19:25:31,Bugis,TOP-W-04,Women's Heattech Crew Neck Long Sleeve Tee,Tops,Women,14.9,14.9,False,1,14.9,Cash
ORC-20260630-0411,1,2026-06-30 15:08:01,Orchard Central,SOK-W-02,Women's Pile Crew Socks,Socks,Women,5.9,5.9,False,1,5.9,Card
PUN-20260630-0461,1,2026-06-30 19:39:34,Punggol,SOK-W-05,Women's Sport Ankle Socks,Socks,Women,4.27,5.9,True,1,4.27,Card
PUN-20260630-0098,1,2026-06-30 11:20:40,Punggol,TOP-M-01,Men's Airism Cotton Crew Neck T-Shirt,Tops,Men,14.9,14.9,False,1,14.9,Card
BUG-20260630-0552,1,2026-06-30 21:28:06,bugis,TOP-W-02,Women's Ribbed Long Sleeve Turtleneck,Tops,Women,19.9,19.9,False,1,19.9,Card
BUG-20260630-0714,1,2026-06-30 20:48:29,Bugis,SOK-W-04,Women's Ribbed Crew Socks,Socks,Women,5.9,5.9,False,1,5.9,PayNow
PUN-20260630-0452,1,2026-06-30 17:03:29,Punggol,TOP-M-04,Men's Oxford Long Sleeve Shirt,Tops,Men,29.9,29.9,False,1,29.9,Card
PUN-20260630-0135,1,2026-06-30 18:13:18,Punggol,UND-W-09,Women's Cotton Boyshorts,Underwear,Women,9.9,9.9,False,2,19.8,card
BUG-20260630-0373,1,2026-06-30 16:23:38,Bugis,UND-W-04,Women's Airism T-Shirt Bra,Underwear,Women,29.9,29.9,False,2,59.8,PayNow
ORC-20260630-0591,1,2026-06-30 14:17:47,Orchard Central,UND-M-02,Men's Cotton Blend Trunks,Underwear,Men,14.9,14.9,False,2,29.8,Card
ORC-20260630-0321,1,2026-06-30 18:18:49,  Orchard Central  ,TOP-M-01,Men's Airism Cotton Crew Neck T-Shirt,Tops,Men,14.9,14.9,False,1,14.9,Paynow
BUG-20260630-0421,1,2026-06-30 18:17:14,Bugis,SOK-M-01,Men's Ankle Socks 3-Pack,Socks,men,14.9,14.9,False,1,14.9,Card
ORC-20260630-0162,2,2026-06-30 20:13:04,Orchard Central,SOK-W-04,Women's Ribbed Crew Socks,Socks,Women,5.9,5.9,False,1,5.9,PayNow
PUN-20260630-0043,2,2026-06-30 12:13:54,Punggol,SOK-W-02,Women's Pile Crew Socks,Socks,Women,5.9,5.9,False,2,11.8,NETS
PUN-20260630-0070,1,2026-06-30 17:42:49,Punggol,SOK-W-03,Women's Airism Low-Cut Socks,Socks,Women,5.9,5.9,False,1,5.9,Cash
ORC-20260630-0849,3,2026-06-30 20:57:28,Orchard Central,UND-M-02,Men's Cotton Blend Trunks,Underwear,Men,14.9,14.9,False,1,14.9,Card
BUG-20260630-0658,1,2026-06-30 13:11:36,Bugis,BTM-M-02,Men's Slim Fit Chino Trousers,Bottoms,Men,29.9,29.9,False,1,29.9,Card
BUG-20260630-0114,3,2026-06-30 17:25:13,bugis,UND-M-02,Men's Cotton Blend Trunks,UNDERWEAR,Men,14.9,14.9,False,1,14.9,Card
BUG-20260630-0893,1,2026-06-30 17:59:43,  Bugis  ,SOK-W-03,Women's Airism Low-Cut Socks,Socks,Women,5.9,5.9,False,2,11.8,paynow
ORC-20260630-0473,1,2026-06-30 11:16:55,Orchard Central,SOK-M-05,  Men's Sport Ankle Socks  ,Socks,Men,4.36,5.9,True,2,8.72,NETS
PUN-20260630-0187,1,2026-06-30 16:11:36,Punggol,SOK-M-03,Men's Airism Low-Cut Socks,Socks,Men,5.9,5.9,False,1,5.9,PayNow
PUN-20260630-0591,2,2026-06-30 13:27:44,Punggol,SOK-W-03,Women's Airism Low-Cut Socks,SOCKS,Women,5.9,5.9,False,1,5.9,NETS
PUN-20260630-0080,2,2026-06-30 17:54:32,Punggol,SOK-W-02,Women's Pile Crew Socks,Socks,Women,5.9,5.9,False,1,5.9,Card
BUG-20260630-0425,1,2026-06-30 19:11:17,  bugis  ,SOK-W-04,Women's Ribbed Crew Socks,Socks,Women,5.9,5.9,False,1,5.9,Card
PUN-20260630-0234,1,2026-06-30 13:30:21,Punggol,SOK-W-01,Women's Ankle Socks 3-Pack,Socks,WOMEN,14.9,14.9,False,1,14.9,Card
BUG-20260630-0408,2,2026-06-30 20:36:46,Bugis,UND-M-03,Men's Airism Mesh Boxer Briefs,Underwear,Men,14.9,14.9,False,1,14.9,Cash
BUG-20260630-0938,1,2026-06-30 20:11:29,Bugis,TOP-W-02,Women's Ribbed Long Sleeve Turtleneck,Tops,Women,19.9,19.9,False,1,19.9,PayNow
ORC-20260630-0286,3,2026-06-30 22:42:37,Orchard Central,UND-W-01,Women's Airism Bikini Shorts,Underwear,women,9.9,9.9,False,1,9.9,Cash
BUG-20260630-0499,2,2026-06-30 19:14:59,Bugis,SOK-W-02,Women's Pile Crew Socks,Socks,Women,5.9,5.9,False,1,5.9,Card
ORC-20260630-0433,2,2026-06-30 18:13:33,Orchard Central,SOK-M-02,Men's Pile Crew Socks,Socks,Men,5.9,5.9,False,1,5.9,card
BUG-20260630-0251,1,2026-06-30 11:10:10,Bugis,SOK-M-02,Men's Pile Crew Socks,Socks,Men,5.9,5.9,False,1,$5.9,Card
BUG-20260630-0066,3,2026-06-30 16:42:38,Bugis,TOP-W-06,Women's Linen Blend Short Sleeve Shirt,Tops,Women,19.72,29.9,True,1,19.72,Card
PUN-20260630-0467,1,2026-06-30 19:50:21,Punggol,SOK-W-02,Women's Pile Crew Socks,Socks,WOMEN,5.9,5.9,False,1,5.9,PayNow
ORC-20260630-0961,1,2026-06-30 11:57:54,Orchard Central,TOP-W-03,Women's Silky Satin Blouse,TOPS,Women,39.9,39.9,False,1,39.9,Card
BUG-20260630-0394,1,2026-06-30 15:33:51,Bugis,BTM-W-01,Women's Ultra Stretch Skinny Jeans,Bottoms,Women,39.9,39.9,False,1,39.9,Cash
ORC-20260630-0055,2,2026-06-30 19:46:15,Orchard Central,SOK-M-01,Men's Ankle Socks 3-Pack,Socks,Men,14.9,14.9,False,1,14.9,Card
BUG-20260630-0951,1,2026-06-30 16:58:52,Bugis,SOK-M-04,Men's Ribbed Crew Socks,Socks,Men,5.9,5.9,False,1,5.9,NETS
ORC-20260630-0983,1,2026-06-30 22:53:41,Orchard Central,UND-W-03,Women's Cotton Blend Briefs,Underwear,Women,9.9,9.9,False,2,19.8,Cash
PUN-20260630-0442,1,2026-06-30 21:44:53,Punggol,BTM-M-03,Men's Selvedge Regular Fit Jeans,bottoms,Men,59.9,59.9,False,1,59.9,NETS
ORC-20260630-1013,3,2026-06-30 21:57:06,Orchard Central,TOP-M-03,Men's Dry-EX Crew Neck T-Shirt,Tops,Men,19.9,19.9,False,1,19.9,Card
ORC-20260630-0849,1,2026-06-30 20:57:28,Orchard Central,UND-M-04,Men's Cotton Crew Neck Undershirt,Underwear,Men,14.9,14.9,False,1,14.9,card
BUG-20260630-0550,2,2026-06-30 11:35:05,Bugis,UND-W-03,Women's Cotton Blend Briefs,Underwear,Women,9.9,9.9,False,1,9.9,Card
ORC-20260630-0736,1,2026-06-30 17:31:23,Orchard Central,UND-W-01,Women's Airism Bikini Shorts,Underwear,Women,9.9,9.9,False,2,19.8,CARD
ORC-20260630-0479,1,2026-06-30 17:51:52,orchard central,TOP-W-02,Women's Ribbed Long Sleeve Turtleneck,Tops,Women,19.9,19.9,False,1,19.9,PAYNOW
ORC-20260630-0727,1,2026-06-30 11:41:12,Orchard Central,TOP-M-02,Men's Supima Cotton Polo Shirt,Tops,Men,29.9,29.9,False,1,29.9,Cash
ORC-20260630-0857,1,2026-06-30 15:28:11,Orchard Central,SOK-W-04,Women's Ribbed Crew Socks,Socks,Women,5.9,5.9,False,1,5.9,PayNow
BUG-20260630-0606,1,2026-06-30 16:53:56,Bugis,TOP-M-01,Men's Airism Cotton Crew Neck T-Shirt,Tops,Men,14.9,14.9,False,1,14.9,NETS
BUG-20260630-0926,2,2026-06-30 17:15:13,BUGIS,SOK-M-09,Men's No-Show Sneaker Socks,Socks,Men,4.17,5.9,True,1,4.17,Cash
BUG-20260630-0009,3,2026-06-30 21:32:15,Bugis,SOK-W-03,Women's Airism Low-Cut Socks,Socks,Women,5.9,5.9,False,2,11.8,Card
ORC-20260630-0980,1,2026-06-30 20:55:57,Orchard Central,SOK-M-02,Men's Pile Crew Socks,Socks,MEN,5.9,5.9,False,1,5.9,PayNow
BUG-20260630-0685,3,2026-06-30 18:13:49,Bugis,SOK-M-04,Men's Ribbed Crew Socks,Socks,Men,5.9,5.9,False,2,11.8,PayNow
ORC-20260630-0469,2,2026-06-30 19:41:02,Orchard Central,UND-W-02,Women's Wireless Bra,Underwear,Women,29.9,29.9,False,1,29.9,NETS
BUG-20260630-0063,3,2026-06-30 16:15:54,Bugis,TOP-W-02,Women's Ribbed Long Sleeve Turtleneck,Tops,Women,$19.9,19.9,False,1,$19.9,Card
PUN-20260630-0352,1,2026-06-30 17:42:46,Punggol,SOK-W-04,  Women's Ribbed Crew Socks  ,Socks,Women,5.9,5.9,False,1,5.9,Card
ORC-20260630-0117,1,2026-06-30 19:37:49,orchard central,SOK-M-02,Men's Pile Crew Socks,Socks,Men,5.9,5.9,False,1,5.9,NETS
ORC-20260630-0838,3,2026-06-30 17:48:55,orchard central,UND-M-02,Men's Cotton Blend Trunks,Underwear,Men,14.9,14.9,False,2,29.8,Cash
PUN-20260630-0552,1,2026-06-30 14:18:54,  Punggol  ,SOK-M-02,Men's Pile Crew Socks,Socks,Men,5.9,5.9,False,1,5.9,Cash
BUG-20260630-0547,1,2026-06-30 14:45:02,Bugis,SOK-W-04,Women's Ribbed Crew Socks,Socks,WOMEN,5.9,5.9,False,1,5.9,Card
BUG-20260630-0474,2,2026-06-30 21:43:46,Bugis,BTM-W-01,Women's Ultra Stretch Skinny Jeans,Bottoms,Women,39.9,39.9,False,1,39.9,PayNow
ORC-20260630-0039,2,2026-06-30 15:25:22,Orchard Central,TOP-W-04,  Women's Heattech Crew Neck Long Sleeve Tee  ,Tops,Women,14.9,14.9,False,1,14.9,Card
BUG-20260630-0165,1,2026-06-30 14:31:25,Bugis,TOP-M-02,Men's Supima Cotton Polo Shirt,Tops,Men,29.9,29.9,False,1,$29.9,PayNow
BUG-20260630-0790,1,2026-06-30 17:02:23,Bugis,UND-W-03,Women's Cotton Blend Briefs,Underwear,Women,9.9,9.9,False,1,9.9,NETS
PUN-20260630-0411,1,2026-06-30 13:48:43,Punggol,SOK-W-02,Women's Pile Crew Socks,Socks,Women,5.9,5.9,False,1,5.9,Card
BUG-20260630-0573,1,2026-06-30 17:24:41,Bugis,SOK-M-03,Men's Airism Low-Cut Socks,Socks,MEN,5.9,5.9,False,2,11.8,Card
ORC-20260630-1067,1,2026-06-30 15:15:10,  Orchard Central  ,SOK-W-04,Women's Ribbed Crew Socks,Socks,Women,5.9,5.9,False,1,5.9,Card
ORC-20260630-1063,1,2026-06-30 20:57:56,Orchard Central,UND-M-10,  Men's Cotton Blend Briefs  ,Underwear,men,9.9,9.9,False,1,9.9,Card
ORC-20260630-0964,1,2026-06-30 15:45:20,Orchard Central,UND-W-02,Women's Wireless Bra,Underwear,Women,29.9,29.9,False,1,29.9,PayNow
PUN-20260630-0464,1,2026-06-30 20:37:58,Punggol,SOK-M-03,Men's Airism Low-Cut Socks,Socks,MEN,5.9,5.9,False,1,5.9,Card
ORC-20260630-1065,3,2026-06-30 13:59:43,Orchard Central,TOP-W-01,Women's Airism Cotton Crew Neck T-Shirt,Tops,Women,14.9,14.9,False,1,14.9,Card
BUG-20260630-0129,1,2026-06-30 18:19:52,Bugis,SOK-W-03,  Women's Airism Low-Cut Socks  ,Socks,Women,5.9,5.9,False,1,5.9,PayNow
ORC-20260630-0049,1,2026-06-30 21:11:42,Orchard Central,SOK-M-04,Men's Ribbed Crew Socks,Socks,Men,5.9,5.9,False,1,5.9,PayNow
ORC-20260630-0316,1,2026-06-30 21:26:57,Orchard Central,SOK-M-02,Men's Pile Crew Socks,Socks,Men,5.9,5.9,False,2,11.8,Card
BUG-20260630-0598,1,2026-06-30 13:48:23,Bugis,SOK-M-02,Men's Pile Crew Socks,Socks,men,5.9,5.9,False,1,5.9,PayNow
ORC-20260630-0894,1,2026-06-30 12:38:47,Orchard Central,TOP-M-03,Men's Dry-EX Crew Neck T-Shirt,Tops,Men,19.9,19.9,False,1,19.9,PayNow
ORC-20260630-1068,2,2026-06-30 12:17:17,Orchard Central,TOP-M-03,  Men's Dry-EX Crew Neck T-Shirt  ,tops,Men,19.9,19.9,False,1,19.9,CARD
BUG-20260630-0277,3,2026-06-30 20:59:28,Bugis,SOK-W-02,Women's Pile Crew Socks,Socks,Women,5.9,5.9,False,1,5.9,NETS
BUG-20260630-0266,1,2026-06-30 14:37:40,Bugis,SOK-W-04,Women's Ribbed Crew Socks,SOCKS,Women,5.9,5.9,False,2,11.8,CARD
ORC-20260630-0833,2,2026-06-30 13:47:19,Orchard Central,TOP-W-03,Women's Silky Satin Blouse,Tops,Women,39.9,39.9,False,1,39.9,NETS
BUG-20260630-0805,2,2026-06-30 19:50:13,  Bugis  ,SOK-W-04,Women's Ribbed Crew Socks,Socks,Women,5.9,5.9,False,1,5.9,PayNow
BUG-20260630-0240,1,2026-06-30 21:00:33,  Bugis  ,SOK-M-04,Men's Ribbed Crew Socks,socks,Men,5.9,5.9,False,1,5.9,Cash
BUG-20260630-0044,2,2026-06-30 12:48:41,bugis,SOK-M-09,Men's No-Show Sneaker Socks,Socks,men,4.17,5.9,True,1,4.17,PAYNOW
BUG-20260630-0795,1,2026-06-30 20:44:20,Bugis,TOP-M-01,Men's Airism Cotton Crew Neck T-Shirt,Tops,Men,14.9,14.9,False,1,14.9,Card
ORC-20260630-0657,1,2026-06-30 14:19:07,Orchard Central,UND-M-01,Men's Airism Boxer Briefs,Underwear,Men,14.9,14.9,False,2,29.8,card
ORC-20260630-0373,1,2026-06-30 20:40:15,Orchard Central,SOK-M-04,Men's Ribbed Crew Socks,Socks,Men,$5.9,5.9,False,1,5.9,paynow
BUG-20260630-0057,2,2026-06-30 20:50:56,bugis,SOK-W-04,Women's Ribbed Crew Socks,SOCKS,Women,5.9,5.9,False,1,5.9,Card
ORC-20260630-0285,2,2026-06-30 12:03:23,Orchard Central,SOK-M-01,Men's Ankle Socks 3-Pack,Socks,Men,14.9,14.9,False,1,14.9,Card
ORC-20260630-0420,2,2026-06-30 15:31:41,Orchard Central,SOK-M-02,Men's Pile Crew Socks,Socks,Men,5.9,5.9,False,1,5.9,PayNow
PUN-20260630-0186,2,2026-06-30 20:41:32,Punggol,SOK-M-01,Men's Ankle Socks 3-Pack,Socks,Men,14.9,14.9,False,1,14.9,Paynow
PUN-20260630-0269,3,2026-06-30 20:19:02,Punggol,SOK-W-04,Women's Ribbed Crew Socks,Socks,Women,5.9,5.9,False,1,5.9,Nets
PUN-20260630-0040,1,2026-06-30 14:27:47,Punggol,TOP-M-03,Men's Dry-EX Crew Neck T-Shirt,Tops,men,19.9,19.9,False,1,19.9,card
BUG-20260630-0785,1,2026-06-30 15:43:45,Bugis,UND-W-01,Women's Airism Bikini Shorts,Underwear,Women,9.9,9.9,False,1,9.9,Card
BUG-20260630-0624,1,2026-06-30 20:11:18,Bugis,BTM-W-01,Women's Ultra Stretch Skinny Jeans,Bottoms,Women,39.9,39.9,False,1,39.9,PayNow
PUN-20260630-0253,1,2026-06-30 18:03:06,Punggol,BTM-W-01,Women's Ultra Stretch Skinny Jeans,Bottoms,Women,39.9,39.9,False,1,39.9,
BUG-20260630-0315,1,2026-06-30 20:39:34,Bugis,SOK-W-03,Women's Airism Low-Cut Socks,Socks,Women,5.9,5.9,False,1,5.9,PAYNOW
ORC-20260630-0624,2,2026-06-30 18:11:07,ORCHARD CENTRAL,SOK-W-04,Women's Ribbed Crew Socks,Socks,Women,5.9,5.9,False,1,5.9,Card
BUG-20260630-0152,2,2026-06-30 12:06:58,Bugis,SOK-M-04,Men's Ribbed Crew Socks,SOCKS,Men,5.9,5.9,False,1,5.9,PayNow
ORC-20260630-0431,3,2026-06-30 13:35:27,Orchard Central,BTM-W-02,Women's High-Rise Wide Leg Pants,Bottoms,Women,$39.9,39.9,False,1,39.9,Card
ORC-20260630-0505,1,2026-06-30 13:41:55,Orchard Central,SOK-W-02,Women's Pile Crew Socks,Socks,Women,5.9,5.9,False,1,5.9,Paynow
ORC-20260630-0129,1,2026-06-30 15:13:27,Orchard Central,SOK-M-05,Men's Sport Ankle Socks,socks,Men,$4.36,5.9,True,1,4.36,Card
ORC-20260630-0706,3,2026-06-30 19:34:14,Orchard Central,TOP-W-04,Women's Heattech Crew Neck Long Sleeve Tee,Tops,Women,$14.9,14.9,False,1,14.9,card
BUG-20260630-0513,2,2026-06-30 14:11:18,Bugis,TOP-M-01,Men's Airism Cotton Crew Neck T-Shirt,Tops,Men,14.9,14.9,False,1,14.9,Card
BUG-20260630-0967,1,2026-06-30 12:42:54,Bugis,BTM-W-01,Women's Ultra Stretch Skinny Jeans,Bottoms,Women,39.9,39.9,False,1,39.9,Card
PUN-20260630-0445,1,2026-06-30 12:00:59,Punggol,SOK-M-02,Men's Pile Crew Socks,socks,Men,5.9,5.9,False,1,5.9,Card
PUN-20260630-0023,1,2026-06-30 20:41:00,Punggol,SOK-M-02,Men's Pile Crew Socks,socks,MEN,5.9,5.9,False,1,5.9,Nets
ORC-20260630-1070,1,2026-06-30 17:54:21,Orchard Central,UND-M-03,Men's Airism Mesh Boxer Briefs,Underwear,Men,14.9,14.9,False,1,14.9,Card
ORC-20260630-0174,3,2026-06-30 20:50:55,Orchard Central,SOK-W-02,Women's Pile Crew Socks,Socks,Women,5.9,5.9,False,1,5.9,Card
ORC-20260630-0958,2,2026-06-30 20:44:16,Orchard Central,UND-M-04,Men's Cotton Crew Neck Undershirt,Underwear,Men,14.9,14.9,False,1,14.9,Cash
ORC-20260630-0777,2,2026-06-30 19:53:03,Orchard Central,SOK-W-02,Women's Pile Crew Socks,Socks,Women,5.9,5.9,False,1,5.9,PAYNOW
PUN-20260630-0203,1,2026-06-30 20:25:21,Punggol,UND-W-02,Women's Wireless Bra,Underwear,women,29.9,29.9,False,2,59.8,NETS
ORC-20260630-0554,2,2026-06-30 20:33:57,  Orchard Central  ,UND-M-02,Men's Cotton Blend Trunks,Underwear,Men,14.9,14.9,False,1,14.9,Card
ORC-20260630-0682,2,2026-06-30 21:30:24,Orchard Central,BTM-M-01,Men's Ezy Ankle Pants,Bottoms,Men,29.9,29.9,False,1,29.9,Card
ORC-20260630-0528,2,2026-06-30 13:47:00,Orchard Central,SOK-M-04,Men's Ribbed Crew Socks,Socks,Men,5.9,5.9,False,2,11.8,PayNow
PUN-20260630-0152,1,2026-06-30 22:13:48,Punggol,TOP-W-04,Women's Heattech Crew Neck Long Sleeve Tee,Tops,Women,14.9,14.9,False,1,14.9,Cash
ORC-20260630-0461,1,2026-06-30 18:47:07,Orchard Central,BTM-M-03,Men's Selvedge Regular Fit Jeans,Bottoms,Men,59.9,59.9,False,1,59.9,PayNow
BUG-20260630-0901,1,2026-06-30 17:53:07,Bugis,UND-M-04,Men's Cotton Crew Neck Undershirt,Underwear,Men,14.9,14.9,False,1,14.9,CARD
BUG-20260630-0437,1,2026-06-30 21:08:33,Bugis,SOK-M-02,Men's Pile Crew Socks,Socks,Men,$5.9,5.9,False,1,5.9,Card
BUG-20260630-0665,1,2026-06-30 14:27:29,Bugis,SOK-W-04,Women's Ribbed Crew Socks,Socks,Women,5.9,5.9,False,1,5.9,Card
BUG-20260630-0661,2,2026-06-30 21:26:13,  Bugis  ,SOK-M-09,Men's No-Show Sneaker Socks,Socks,Men,4.17,5.9,True,1,4.17,Card
BUG-20260630-0578,1,2026-06-30 17:41:24,Bugis,SOK-M-09,Men's No-Show Sneaker Socks,Socks,Men,4.17,5.9,True,1,4.17,Card
PUN-20260630-0184,1,2026-06-30 12:32:21,Punggol,UND-W-02,Women's Wireless Bra,Underwear,Women,29.9,29.9,False,1,29.9,Card
BUG-20260630-0139,1,2026-06-30 19:12:20,Bugis,BTM-M-02,Men's Slim Fit Chino Trousers,Bottoms,Men,29.9,29.9,False,1,29.9,paynow
PUN-20260630-0556,1,2026-06-30 20:34:27,Punggol,SOK-M-04,Men's Ribbed Crew Socks,Socks,Men,5.9,5.9,False,1,5.9,Card
PUN-20260630-0544,1,2026-06-30 18:45:23,Punggol,UND-W-01,Women's Airism Bikini Shorts,Underwear,Women,9.9,9.9,False,1,9.9,Cash
ORC-20260630-0256,2,2026-06-30 13:46:57,Orchard Central,SOK-M-03,Men's Airism Low-Cut Socks,Socks,Men,5.9,5.9,False,1,5.9,NETS
ORC-20260630-0656,1,2026-06-30 15:32:31,Orchard Central,SOK-M-02,Men's Pile Crew Socks,Socks,Men,5.9,5.9,False,1,5.9,Cash
BUG-20260630-0407,1,2026-06-30 14:00:34,Bugis,BTM-W-02,Women's High-Rise Wide Leg Pants,Bottoms,Women,39.9,39.9,False,1,39.9,NETS
BUG-20260630-0330,1,2026-06-30 21:12:44,bugis,UND-M-02,Men's Cotton Blend Trunks,Underwear,Men,14.9,14.9,False,1,14.9,CASH
ORC-20260630-0008,1,2026-06-30 21:40:10,Orchard Central,UND-M-01,Men's Airism Boxer Briefs,Underwear,Men,14.9,14.9,False,1,14.9,Card
ORC-20260630-0078,1,2026-06-30 21:40:32,orchard central,SOK-M-02,Men's Pile Crew Socks,Socks,Men,5.9,5.9,False,1,5.9,PayNow
PUN-20260630-0148,1,2026-06-30 18:54:17,Punggol,BTM-W-04,Women's Denim Straight Jeans,Bottoms,Women,49.9,49.9,False,1,49.9,card
BUG-20260630-0060,1,2026-06-30 15:50:36,BUGIS,SOK-M-03,Men's Airism Low-Cut Socks,Socks,Men,5.9,5.9,False,1,5.9,card
BUG-20260630-0221,1,2026-06-30 11:30:05,Bugis,SOK-W-04,Women's Ribbed Crew Socks,Socks,Women,5.9,5.9,False,1,5.9,Card
BUG-20260630-0213,2,2026-06-30 15:33:25,Bugis,UND-W-03,Women's Cotton Blend Briefs,Underwear,Women,9.9,9.9,False,1,9.9,Card
ORC-20260630-0998,2,2026-06-30 21:15:10,Orchard Central,SOK-M-03,Men's Airism Low-Cut Socks,Socks,Men,5.9,5.9,False,1,5.9,PayNow
BUG-20260630-0297,3,2026-06-30 17:15:44,Bugis,TOP-W-02,Women's Ribbed Long Sleeve Turtleneck,Tops,Women,19.9,19.9,False,1,19.9,CARD
PUN-20260630-0011,2,2026-06-30 16:48:30,Punggol,BTM-M-02,Men's Slim Fit Chino Trousers,Bottoms,Men,29.9,29.9,False,1,29.9,PayNow
ORC-20260630-1036,2,2026-06-30 21:09:03,orchard central,TOP-W-08,  Women's Puff Sleeve Blouse  ,tops,Women,29.9,29.9,False,1,29.9,Cash
ORC-20260630-0803,2,2026-06-30 15:49:05,Orchard Central,UND-M-01,Men's Airism Boxer Briefs,Underwear,MEN,14.9,14.9,False,1,14.9,Card
ORC-20260630-0838,1,2026-06-30 17:48:55,Orchard Central,SOK-W-02,Women's Pile Crew Socks,socks,Women,5.9,5.9,False,1,5.9,cash
ORC-20260630-0264,1,2026-06-30 20:10:47,Orchard Central,BTM-W-04,Women's Denim Straight Jeans,Bottoms,Women,49.9,49.9,False,1,49.9,PayNow
ORC-20260630-0240,2,2026-06-30 21:13:58,Orchard Central,UND-W-01,Women's Airism Bikini Shorts,Underwear,Women,9.9,9.9,False,1,9.9,NETS
ORC-20260630-0924,1,2026-06-30 20:19:59,Orchard Central,UND-M-02,Men's Cotton Blend Trunks,Underwear,Men,$14.9,14.9,False,1,14.9,Cash
ORC-20260630-0646,1,2026-06-30 19:25:54,Orchard Central,SOK-M-02,Men's Pile Crew Socks,Socks,Men,5.9,5.9,False,1,5.9,Card
BUG-20260630-0802,2,2026-06-30 16:37:32,BUGIS,BTM-W-01,Women's Ultra Stretch Skinny Jeans,Bottoms,Women,39.9,39.9,False,1,$39.9,NETS
ORC-20260630-0357,3,2026-06-30 20:15:14,ORCHARD CENTRAL,BTM-M-02,Men's Slim Fit Chino Trousers,Bottoms,Men,29.9,29.9,False,1,29.9,PAYNOW
ORC-20260630-0313,1,2026-06-30 21:46:17,Orchard Central,SOK-W-01,Women's Ankle Socks 3-Pack,Socks,Women,14.9,14.9,False,1,14.9,Card
ORC-20260630-0712,1,2026-06-30 14:16:23,Orchard Central,SOK-M-04,Men's Ribbed Crew Socks,Socks,Men,5.9,5.9,False,1,5.9,Card
ORC-20260630-0788,1,2026-06-30 19:19:34,ORCHARD CENTRAL,TOP-M-03,  Men's Dry-EX Crew Neck T-Shirt  ,Tops,Men,19.9,19.9,False,1,19.9,Cash
PUN-20260630-0041,1,2026-06-30 21:41:04,Punggol,TOP-W-01,  Women's Airism Cotton Crew Neck T-Shirt  ,Tops,Women,14.9,14.9,False,1,14.9,Card
BUG-20260630-0803,1,2026-06-30 21:27:44,Bugis,TOP-W-04,Women's Heattech Crew Neck Long Sleeve Tee,Tops,women,14.9,14.9,False,1,14.9,PAYNOW
ORC-20260630-0429,2,2026-06-30 17:11:11,Orchard Central,SOK-W-04,Women's Ribbed Crew Socks,SOCKS,Women,5.9,5.9,False,1,5.9,Cash
ORC-20260630-0224,1,2026-06-30 20:17:58,Orchard Central,TOP-W-02,Women's Ribbed Long Sleeve Turtleneck,Tops,Women,$19.9,19.9,False,1,19.9,Paynow
PUN-20260630-0120,1,2026-06-30 22:55:39,Punggol,TOP-M-03,Men's Dry-EX Crew Neck T-Shirt,Tops,MEN,19.9,19.9,False,1,19.9,Card
BUG-20260630-0157,3,2026-06-30 12:25:42,Bugis,SOK-M-07,Men's Striped Crew Socks,Socks,Men,5.9,5.9,False,2,11.8,CASH
ORC-20260630-0932,1,2026-06-30 19:49:06,Orchard Central,TOP-W-04,Women's Heattech Crew Neck Long Sleeve Tee,Tops,Women,14.9,14.9,False,1,14.9,NETS
BUG-20260630-0340,1,2026-06-30 16:38:01,Bugis,SOK-M-03,Men's Airism Low-Cut Socks,Socks,Men,5.9,5.9,False,1,5.9,PayNow
BUG-20260630-0569,3,2026-06-30 17:41:02,Bugis,UND-W-01,Women's Airism Bikini Shorts,Underwear,Women,9.9,9.9,False,1,9.9,Cash
BUG-20260630-0394,2,2026-06-30 15:33:51,Bugis,SOK-W-03,Women's Airism Low-Cut Socks,Socks,Women,5.9,5.9,False,1,5.9,Cash
ORC-20260630-0491,3,2026-06-30 19:16:09,Orchard Central,SOK-M-04,Men's Ribbed Crew Socks,Socks,Men,5.9,5.9,False,2,11.8,Card
BUG-20260630-0956,2,2026-06-30 18:14:07,Bugis,BTM-M-01,Men's Ezy Ankle Pants,Bottoms,Men,29.9,29.9,False,1,29.9,Card
BUG-20260630-0694,1,2026-06-30 21:35:13,Bugis,SOK-M-09,Men's No-Show Sneaker Socks,Socks,Men,4.17,5.9,True,1,4.17,NETS
ORC-20260630-0483,2,2026-06-30 18:05:18,Orchard Central,SOK-M-01,Men's Ankle Socks 3-Pack,Socks,Men,14.9,14.9,False,1,14.9,Card
ORC-20260630-0080,2,2026-06-30 19:05:31,Orchard Central,TOP-M-03,Men's Dry-EX Crew Neck T-Shirt,Tops,Men,19.9,19.9,False,1,19.9,Card
ORC-20260630-0085,3,2026-06-30 19:31:58,  orchard central  ,TOP-M-01,Men's Airism Cotton Crew Neck T-Shirt,Tops,men,14.9,14.9,False,1,$14.9,Cash
BUG-20260630-0898,2,2026-06-30 19:36:37,Bugis,UND-M-04,Men's Cotton Crew Neck Undershirt,UNDERWEAR,MEN,14.9,14.9,False,1,14.9,PayNow
ORC-20260630-0186,1,2026-06-30 20:28:02,Orchard Central,BTM-M-02,Men's Slim Fit Chino Trousers,Bottoms,Men,29.9,29.9,False,1,29.9,Card
ORC-20260630-0201,2,2026-06-30 19:01:03,Orchard Central,TOP-M-01,Men's Airism Cotton Crew Neck T-Shirt,Tops,Men,14.9,14.9,False,1,14.9,CASH
BUG-20260630-0658,3,2026-06-30 13:11:36,Bugis,SOK-M-02,Men's Pile Crew Socks,Socks,Men,5.9,5.9,False,1,5.9,Card
ORC-20260630-0009,1,2026-06-30 13:21:18,Orchard Central,UND-M-04,Men's Cotton Crew Neck Undershirt,Underwear,Men,$14.9,14.9,False,1,14.9,Card
ORC-20260630-0133,2,2026-06-30 19:17:56,Orchard Central,BTM-W-03,Women's Ezy Ankle Pants,Bottoms,women,29.9,29.9,False,1,29.9,Card
BUG-20260630-0842,2,2026-06-30 20:17:21,Bugis,SOK-W-02,  Women's Pile Crew Socks  ,Socks,Women,5.9,5.9,False,1,5.9,PayNow
PUN-20260630-0404,1,2026-06-30 22:41:18,Punggol,TOP-W-06,Women's Linen Blend Short Sleeve Shirt,Tops,Women,19.72,29.9,True,1,19.72,Card
PUN-20260630-0145,2,2026-06-30 19:58:51,Punggol,BTM-M-09,Men's Linen Blend Trousers,BOTTOMS,men,39.9,39.9,False,1,39.9,Cash
ORC-20260630-0422,1,2026-06-30 19:10:49,Orchard Central,UND-M-01,Men's Airism Boxer Briefs,Underwear,Men,14.9,14.9,False,1,14.9,Cash
BUG-20260630-0560,1,2026-06-30 19:09:47,Bugis,SOK-W-03,  Women's Airism Low-Cut Socks  ,Socks,women,5.9,5.9,False,1,5.9,Nets
BUG-20260630-0066,2,2026-06-30 16:42:38,Bugis,BTM-M-02,Men's Slim Fit Chino Trousers,Bottoms,MEN,29.9,29.9,False,1,29.9,Card
PUN-20260630-0473,1,2026-06-30 20:09:40,Punggol,SOK-M-04,Men's Ribbed Crew Socks,Socks,Men,5.9,5.9,False,1,5.9,Card
ORC-20260630-0248,2,2026-06-30 19:47:27,Orchard Central,TOP-M-02,Men's Supima Cotton Polo Shirt,Tops,Men,29.9,29.9,False,1,29.9,Card
BUG-20260630-0216,2,2026-06-30 21:26:47,Bugis,SOK-M-04,  Men's Ribbed Crew Socks  ,Socks,Men,5.9,5.9,False,1,5.9,PayNow
BUG-20260630-0414,1,2026-06-30 18:52:47,Bugis,SOK-W-04,Women's Ribbed Crew Socks,Socks,Women,5.9,5.9,False,1,5.9,NETS
ORC-20260630-1029,1,2026-06-30 21:29:26,Orchard Central,BTM-M-04,Men's Dry Stretch Shorts,Bottoms,Men,19.9,19.9,False,1,19.9,Card
BUG-20260630-0506,2,2026-06-30 16:32:27,Bugis,SOK-M-09,Men's No-Show Sneaker Socks,Socks,MEN,4.17,5.9,True,2,8.34,Card
BUG-20260630-0480,2,2026-06-30 17:57:19,Bugis,SOK-W-04,Women's Ribbed Crew Socks,SOCKS,Women,5.9,5.9,False,1,5.9,PAYNOW
PUN-20260630-0500,2,2026-06-30 16:59:54,Punggol,UND-M-04,  Men's Cotton Crew Neck Undershirt  ,underwear,Men,14.9,14.9,False,2,29.8,Cash
PUN-20260630-0502,1,2026-06-30 17:54:19,Punggol,UND-W-03,Women's Cotton Blend Briefs,UNDERWEAR,Women,9.9,9.9,False,1,9.9,Cash
BUG-20260630-0659,1,2026-06-30 12:29:03,Bugis,SOK-M-04,Men's Ribbed Crew Socks,Socks,Men,5.9,5.9,False,2,11.8,NETS
PUN-20260630-0206,2,2026-06-30 19:01:10,Punggol,SOK-M-04,Men's Ribbed Crew Socks,Socks,Men,5.9,5.9,False,1,5.9,Cash
ORC-20260630-0043,1,2026-06-30 22:16:19,Orchard Central,SOK-W-04,Women's Ribbed Crew Socks,SOCKS,Women,5.9,5.9,False,2,11.8,
BUG-20260630-0301,1,2026-06-30 20:52:32,BUGIS,SOK-W-02,Women's Pile Crew Socks,socks,Women,5.9,5.9,False,1,5.9,PayNow
BUG-20260630-0302,2,2026-06-30 18:35:29,Bugis,TOP-M-01,Men's Airism Cotton Crew Neck T-Shirt,Tops,Men,14.9,14.9,False,1,14.9,Card
ORC-20260630-0821,1,2026-06-30 19:46:04,Orchard Central,SOK-W-01,Women's Ankle Socks 3-Pack,Socks,Women,14.9,14.9,False,1,14.9,Paynow
PUN-20260630-0476,2,2026-06-30 19:01:38,Punggol,UND-W-01,Women's Airism Bikini Shorts,Underwear,Women,9.9,9.9,False,1,9.9,Card
ORC-20260630-0840,2,2026-06-30 12:18:24,Orchard Central,SOK-M-05,Men's Sport Ankle Socks,Socks,Men,4.36,5.9,True,1,4.36,NETS
ORC-20260630-0216,2,2026-06-30 18:12:43,  Orchard Central  ,SOK-M-03,Men's Airism Low-Cut Socks,SOCKS,Men,5.9,5.9,False,1,5.9,PayNow
ORC-20260630-0668,3,2026-06-30 13:10:20,Orchard Central,SOK-M-01,Men's Ankle Socks 3-Pack,Socks,MEN,14.9,14.9,False,1,14.9,Card
ORC-20260630-0453,2,2026-06-30 22:08:48,Orchard Central,BTM-M-02,Men's Slim Fit Chino Trousers,Bottoms,Men,29.9,29.9,False,1,29.9,cash
ORC-20260630-1087,1,2026-06-30 22:14:30,Orchard Central,UND-M-04,Men's Cotton Crew Neck Undershirt,Underwear,MEN,14.9,14.9,False,1,14.9,NETS
BUG-20260630-0288,3,2026-06-30 22:25:42,Bugis,SOK-M-04,Men's Ribbed Crew Socks,SOCKS,Men,5.9,5.9,False,1,5.9,CARD
BUG-20260630-0655,2,2026-06-30 19:43:32,Bugis,UND-M-04,Men's Cotton Crew Neck Undershirt,Underwear,Men,14.9,14.9,False,2,29.8,Card
BUG-20260630-0241,2,2026-06-30 20:09:46,Bugis,SOK-M-02,Men's Pile Crew Socks,Socks,Men,5.9,5.9,False,1,5.9,NETS
BUG-20260630-0459,2,2026-06-30 19:25:51,bugis,TOP-W-01,Women's Airism Cotton Crew Neck T-Shirt,tops,Women,14.9,14.9,False,1,14.9,PayNow
PUN-20260630-0530,2,2026-06-30 18:32:21,Punggol,UND-M-03,Men's Airism Mesh Boxer Briefs,Underwear,Men,14.9,14.9,False,1,14.9,card
BUG-20260630-0269,2,2026-06-30 20:35:02,Bugis,UND-W-03,Women's Cotton Blend Briefs,Underwear,Women,9.9,9.9,False,2,19.8,NETS
BUG-20260630-0674,1,2026-06-30 20:31:57,Bugis,BTM-M-02,Men's Slim Fit Chino Trousers,Bottoms,Men,29.9,29.9,False,1,29.9,PayNow
ORC-20260630-0454,2,2026-06-30 20:17:29,Orchard Central,UND-M-02,Men's Cotton Blend Trunks,Underwear,Men,14.9,14.9,False,1,14.9,Card
ORC-20260630-0538,3,2026-06-30 19:30:15,Orchard Central,TOP-W-08,Women's Puff Sleeve Blouse,Tops,WOMEN,29.9,29.9,False,1,29.9,Card
BUG-20260630-0841,1,2026-06-30 21:22:37,Bugis,TOP-W-02,Women's Ribbed Long Sleeve Turtleneck,Tops,Women,19.9,19.9,False,1,19.9,Card
ORC-20260630-0095,3,2026-06-30 18:28:59,Orchard Central,SOK-M-05,Men's Sport Ankle Socks,Socks,Men,4.36,5.9,True,1,4.36,Card
BUG-20260630-0721,2,2026-06-30 16:33:32,Bugis,SOK-W-03,Women's Airism Low-Cut Socks,Socks,Women,5.9,5.9,False,1,5.9,PAYNOW
ORC-20260630-0536,1,2026-06-30 20:00:31,Orchard Central,TOP-W-04,Women's Heattech Crew Neck Long Sleeve Tee,Tops,Women,14.9,14.9,False,1,14.9,CARD
BUG-20260630-0073,1,2026-06-30 12:52:09,Bugis,BTM-W-04,Women's Denim Straight Jeans,Bottoms,Women,49.9,49.9,False,1,49.9,Card
PUN-20260630-0094,1,2026-06-30 20:10:37,Punggol,SOK-M-04,Men's Ribbed Crew Socks,socks,men,5.9,5.9,False,1,5.9,Card
BUG-20260630-0332,2,2026-06-30 21:06:00,Bugis,UND-M-02,Men's Cotton Blend Trunks,Underwear,men,14.9,14.9,False,1,14.9,Cash
ORC-20260630-0033,2,2026-06-30 21:14:13,ORCHARD CENTRAL,TOP-M-03,Men's Dry-EX Crew Neck T-Shirt,tops,Men,19.9,19.9,False,1,19.9,NETS
BUG-20260630-0296,2,2026-06-30 16:48:09,Bugis,BTM-W-02,Women's High-Rise Wide Leg Pants,Bottoms,Women,39.9,39.9,False,1,39.9,NETS
PUN-20260630-0307,3,2026-06-30 18:04:34,  Punggol  ,SOK-W-01,Women's Ankle Socks 3-Pack,socks,Women,14.9,14.9,False,1,14.9,NETS
ORC-20260630-0408,3,2026-06-30 20:12:33,Orchard Central,SOK-W-04,Women's Ribbed Crew Socks,Socks,Women,5.9,5.9,False,1,5.9,PayNow
ORC-20260630-0051,2,2026-06-30 20:51:05,Orchard Central,SOK-M-02,Men's Pile Crew Socks,Socks,Men,5.9,5.9,False,1,5.9,Card
BUG-20260630-0105,2,2026-06-30 20:10:31,Bugis,SOK-M-04,Men's Ribbed Crew Socks,SOCKS,Men,5.9,5.9,False,1,5.9,PayNow
PUN-20260630-0511,3,2026-06-30 19:10:06,Punggol,SOK-M-04,Men's Ribbed Crew Socks,Socks,Men,5.9,5.9,False,2,11.8,Card
BUG-20260630-0933,2,2026-06-30 20:12:59,bugis,SOK-W-02,Women's Pile Crew Socks,Socks,Women,5.9,5.9,False,1,5.9,Nets
PUN-20260630-0303,2,2026-06-30 19:48:34,Punggol,SOK-W-05,  Women's Sport Ankle Socks  ,Socks,Women,4.27,5.9,True,1,4.27,card
BUG-20260630-0450,2,2026-06-30 22:06:30,BUGIS,SOK-W-02,Women's Pile Crew Socks,Socks,Women,5.9,5.9,False,1,5.9,Card
ORC-20260630-0408,1,2026-06-30 20:12:33,Orchard Central,SOK-M-02,Men's Pile Crew Socks,socks,men,5.9,5.9,False,1,5.9,PayNow
ORC-20260630-0785,1,2026-06-30 15:45:37,Orchard Central,TOP-M-01,Men's Airism Cotton Crew Neck T-Shirt,Tops,Men,14.9,14.9,False,1,14.9,PayNow
BUG-20260630-0160,1,2026-06-30 21:17:14,Bugis,BTM-M-04,Men's Dry Stretch Shorts,Bottoms,Men,19.9,19.9,False,1,19.9,PayNow
BUG-20260630-0497,1,2026-06-30 14:36:22,  Bugis  ,UND-M-04,Men's Cotton Crew Neck Undershirt,Underwear,Men,14.9,14.9,False,1,14.9,Card
PUN-20260630-0534,3,2026-06-30 19:54:07,Punggol,SOK-W-04,Women's Ribbed Crew Socks,Socks,Women,$5.9,5.9,False,1,5.9,PAYNOW
BUG-20260630-0065,2,2026-06-30 13:23:58,Bugis,TOP-M-01,Men's Airism Cotton Crew Neck T-Shirt,Tops,Men,14.9,14.9,False,1,14.9,Card
ORC-20260630-0113,1,2026-06-30 15:17:36,  Orchard Central  ,UND-W-04,Women's Airism T-Shirt Bra,Underwear,WOMEN,29.9,29.9,False,1,29.9,Card
BUG-20260630-0007,1,2026-06-30 12:50:35,Bugis,TOP-W-03,Women's Silky Satin Blouse,Tops,Women,39.9,39.9,False,1,39.9,PayNow
BUG-20260630-0951,3,2026-06-30 16:58:52,Bugis,SOK-M-03,Men's Airism Low-Cut Socks,Socks,Men,5.9,5.9,False,1,5.9,Nets
PUN-20260630-0355,1,2026-06-30 20:44:15,  PUNGGOL  ,SOK-W-06,Women's Heattech Socks,socks,Women,9.9,9.9,False,1,9.9,Card
PUN-20260630-0063,2,2026-06-30 17:20:11,punggol,BTM-W-03,Women's Ezy Ankle Pants,Bottoms,Women,29.9,29.9,False,1,29.9,Card
BUG-20260630-0944,1,2026-06-30 19:53:58,Bugis,TOP-W-07,Women's Fleece Pullover Hoodie,Tops,Women,29.9,29.9,False,1,29.9,PayNow
ORC-20260630-0504,3,2026-06-30 17:51:26,Orchard Central,SOK-M-03,Men's Airism Low-Cut Socks,Socks,Men,5.9,5.9,False,1,5.9,NETS
ORC-20260630-0134,1,2026-06-30 21:12:18,Orchard Central,TOP-M-01,Men's Airism Cotton Crew Neck T-Shirt,Tops,Men,14.9,14.9,False,1,14.9,PayNow
BUG-20260630-0745,2,2026-06-30 21:16:09,Bugis,SOK-W-04,Women's Ribbed Crew Socks,Socks,WOMEN,5.9,5.9,False,1,5.9,PayNow
BUG-20260630-0876,2,2026-06-30 18:40:25,Bugis,SOK-W-06,  Women's Heattech Socks  ,SOCKS,Women,9.9,9.9,False,1,9.9,Cash
BUG-20260630-0282,1,2026-06-30 19:56:19,Bugis,BTM-M-02,Men's Slim Fit Chino Trousers,Bottoms,Men,29.9,29.9,False,1,29.9,Cash
BUG-20260630-0202,2,2026-06-30 19:03:11,bugis,SOK-W-02,Women's Pile Crew Socks,Socks,Women,5.9,5.9,False,1,5.9,NETS
ORC-20260630-0449,2,2026-06-30 20:43:29,Orchard Central,UND-M-02,Men's Cotton Blend Trunks,Underwear,Men,$14.9,14.9,False,1,14.9,Card
ORC-20260630-0649,1,2026-06-30 18:59:15,orchard central,SOK-W-04,Women's Ribbed Crew Socks,Socks,Women,5.9,5.9,False,2,11.8,card
PUN-20260630-0608,1,2026-06-30 18:50:12,Punggol,BTM-W-04,Women's Denim Straight Jeans,Bottoms,Women,49.9,49.9,False,1,49.9,Card
PUN-20260630-0013,2,2026-06-30 20:40:17,Punggol,SOK-M-04,Men's Ribbed Crew Socks,Socks,men,5.9,5.9,False,1,5.9,Card
BUG-20260630-0340,3,2026-06-30 16:38:01,Bugis,TOP-W-02,Women's Ribbed Long Sleeve Turtleneck,Tops,Women,19.9,19.9,False,1,19.9,PayNow
BUG-20260630-0310,1,2026-06-30 18:06:40,Bugis,BTM-W-02,Women's High-Rise Wide Leg Pants,Bottoms,women,39.9,39.9,False,1,$39.9,
ORC-20260630-0715,1,2026-06-30 15:44:47,  Orchard Central  ,BTM-M-01,Men's Ezy Ankle Pants,Bottoms,Men,29.9,29.9,False,1,29.9,PayNow
ORC-20260630-1088,2,2026-06-30 18:22:51,Orchard Central,UND-M-03,  Men's Airism Mesh Boxer Briefs  ,Underwear,Men,14.9,14.9,False,1,14.9,NETS
BUG-20260630-0937,1,2026-06-30 20:08:08,Bugis,UND-W-03,Women's Cotton Blend Briefs,Underwear,Women,9.9,9.9,False,1,9.9,paynow
ORC-20260630-0735,3,2026-06-30 20:19:50,orchard central,SOK-M-02,Men's Pile Crew Socks,Socks,Men,5.9,5.9,False,2,11.8,PayNow
BUG-20260630-0657,2,2026-06-30 21:58:34,  Bugis  ,SOK-M-03,Men's Airism Low-Cut Socks,Socks,Men,5.9,5.9,False,2,11.8,Card
PUN-20260630-0159,1,2026-06-30 20:38:28,Punggol,UND-W-02,Women's Wireless Bra,Underwear,women,29.9,29.9,False,1,29.9,Card
BUG-20260630-0567,2,2026-06-30 16:58:45,  Bugis  ,UND-W-01,Women's Airism Bikini Shorts,Underwear,Women,9.9,9.9,False,1,9.9,Card
BUG-20260630-0422,1,2026-06-30 20:43:05,Bugis,TOP-M-01,Men's Airism Cotton Crew Neck T-Shirt,Tops,Men,14.9,14.9,False,1,14.9,PayNow
BUG-20260630-0696,3,2026-06-30 22:02:03,Bugis,BTM-W-01,Women's Ultra Stretch Skinny Jeans,Bottoms,WOMEN,39.9,39.9,False,1,39.9,NETS
ORC-20260630-0656,3,2026-06-30 15:32:31,Orchard Central,TOP-M-04,Men's Oxford Long Sleeve Shirt,Tops,Men,29.9,29.9,False,1,29.9,Cash
PUN-20260630-0139,2,2026-06-30 20:23:26,punggol,BTM-M-02,Men's Slim Fit Chino Trousers,Bottoms,Men,29.9,29.9,False,1,29.9,NETS
ORC-20260630-0568,1,2026-06-30 19:30:46,Orchard Central,SOK-M-03,Men's Airism Low-Cut Socks,Socks,MEN,5.9,5.9,False,1,5.9,Card
ORC-20260630-0999,3,2026-06-30 11:26:45,Orchard Central,SOK-M-04,Men's Ribbed Crew Socks,Socks,Men,5.9,5.9,False,2,11.8,Card
BUG-20260630-0191,3,2026-06-30 20:17:58,Bugis,UND-M-04,Men's Cotton Crew Neck Undershirt,Underwear,Men,14.9,14.9,False,2,29.8,Card
ORC-20260630-1055,2,2026-06-30 19:27:39,Orchard Central,UND-W-03,Women's Cotton Blend Briefs,Underwear,Women,9.9,9.9,False,2,19.8,PayNow
ORC-20260630-0158,2,2026-06-30 12:53:50,Orchard Central,SOK-W-02,Women's Pile Crew Socks,SOCKS,Women,5.9,5.9,False,1,5.9,Card
PUN-20260630-0500,3,2026-06-30 16:59:54,  Punggol  ,SOK-W-04,Women's Ribbed Crew Socks,Socks,Women,5.9,5.9,False,1,5.9,Cash
BUG-20260630-0157,1,2026-06-30 12:25:42,  Bugis  ,SOK-W-02,Women's Pile Crew Socks,Socks,Women,5.9,5.9,False,1,5.9,Cash
PUN-20260630-0469,1,2026-06-30 22:02:08,  Punggol  ,UND-W-01,Women's Airism Bikini Shorts,Underwear,Women,9.9,9.9,False,1,9.9,PayNow
BUG-20260630-0508,2,2026-06-30 20:57:28,Bugis,SOK-W-03,Women's Airism Low-Cut Socks,Socks,Women,5.9,5.9,False,1,5.9,Card
BUG-20260630-0374,3,2026-06-30 20:30:47,BUGIS,SOK-M-03,Men's Airism Low-Cut Socks,socks,Men,5.9,5.9,False,1,5.9,Cash
BUG-20260630-0259,2,2026-06-30 19:30:48,Bugis,SOK-W-04,Women's Ribbed Crew Socks,Socks,Women,5.9,5.9,False,1,5.9,nets
BUG-20260630-0477,1,2026-06-30 21:45:21,Bugis,UND-M-02,Men's Cotton Blend Trunks,Underwear,Men,$14.9,14.9,False,1,14.9,PayNow
PUN-20260630-0186,1,2026-06-30 20:41:32,Punggol,SOK-W-06,Women's Heattech Socks,Socks,Women,9.9,9.9,False,1,9.9,PayNow
BUG-20260630-0131,2,2026-06-30 19:25:31,Bugis,UND-W-01,  Women's Airism Bikini Shorts  ,Underwear,Women,9.9,9.9,False,1,9.9,Cash
ORC-20260630-1037,1,2026-06-30 20:43:45,Orchard Central,SOK-W-02,Women's Pile Crew Socks,Socks,Women,5.9,5.9,False,1,5.9,Cash
BUG-20260630-0367,1,2026-06-30 20:02:17,Bugis,SOK-W-04,Women's Ribbed Crew Socks,Socks,Women,5.9,5.9,False,1,5.9,Card
PUN-20260630-0056,1,2026-06-30 11:08:06,Punggol,SOK-W-03,Women's Airism Low-Cut Socks,Socks,Women,5.9,5.9,False,2,11.8,PayNow
PUN-20260630-0458,1,2026-06-30 18:12:09,Punggol,BTM-W-03,Women's Ezy Ankle Pants,Bottoms,Women,29.9,29.9,False,1,29.9,Card
BUG-20260630-0829,1,2026-06-30 21:13:56,Bugis,TOP-W-02,  Women's Ribbed Long Sleeve Turtleneck  ,Tops,Women,19.9,19.9,False,1,19.9,Card
PUN-20260630-0586,1,2026-06-30 20:50:09,Punggol,SOK-W-04,Women's Ribbed Crew Socks,Socks,Women,5.9,5.9,False,2,11.8,PayNow
BUG-20260630-0910,1,2026-06-30 15:13:27,  Bugis  ,SOK-W-02,Women's Pile Crew Socks,socks,Women,$5.9,5.9,False,1,5.9,CARD
BUG-20260630-0123,1,2026-06-30 21:19:19,BUGIS,TOP-W-01,Women's Airism Cotton Crew Neck T-Shirt,Tops,Women,14.9,14.9,False,1,14.9,Card
BUG-20260630-0111,1,2026-06-30 19:38:14,Bugis,BTM-M-01,Men's Ezy Ankle Pants,Bottoms,Men,29.9,29.9,False,1,29.9,NETS
BUG-20260630-0898,1,2026-06-30 19:36:37,Bugis,SOK-M-09,Men's No-Show Sneaker Socks,Socks,Men,4.17,5.9,True,1,4.17,PayNow
PUN-20260630-0148,2,2026-06-30 18:54:17,Punggol,UND-W-03,Women's Cotton Blend Briefs,Underwear,Women,9.9,9.9,False,2,19.8,Card
ORC-20260630-0581,1,2026-06-30 18:53:36,Orchard Central,UND-M-02,Men's Cotton Blend Trunks,UNDERWEAR,Men,14.9,14.9,False,1,14.9,Cash
ORC-20260630-1016,2,2026-06-30 17:33:12,Orchard Central,SOK-M-01,Men's Ankle Socks 3-Pack,Socks,Men,14.9,14.9,False,1,14.9,Paynow
ORC-20260630-0080,3,2026-06-30 19:05:31,Orchard Central,BTM-W-03,  Women's Ezy Ankle Pants  ,Bottoms,WOMEN,29.9,29.9,False,1,29.9,Card
ORC-20260630-1017,1,2026-06-30 20:13:13,Orchard Central,SOK-W-04,  Women's Ribbed Crew Socks  ,Socks,women,5.9,5.9,False,1,5.9,Card
PUN-20260630-0429,1,2026-06-30 12:29:57,Punggol,UND-W-03,Women's Cotton Blend Briefs,UNDERWEAR,Women,9.9,9.9,False,1,9.9,CARD
ORC-20260630-0098,1,2026-06-30 21:00:47,Orchard Central,TOP-W-01,Women's Airism Cotton Crew Neck T-Shirt,Tops,Women,14.9,14.9,False,1,14.9,Cash
PUN-20260630-0060,2,2026-06-30 17:49:02,Punggol,BTM-W-04,Women's Denim Straight Jeans,Bottoms,Women,49.9,49.9,False,1,49.9,PayNow
PUN-20260630-0255,2,2026-06-30 17:06:39,Punggol,UND-M-04,Men's Cotton Crew Neck Undershirt,Underwear,Men,14.9,14.9,False,1,14.9,
ORC-20260630-0405,3,2026-06-30 20:12:34,Orchard Central,SOK-M-02,  Men's Pile Crew Socks  ,Socks,Men,5.9,5.9,False,1,5.9,PayNow
BUG-20260630-0110,1,2026-06-30 12:03:25,BUGIS,TOP-W-06,Women's Linen Blend Short Sleeve Shirt,Tops,Women,19.72,29.9,True,1,19.72,PayNow
ORC-20260630-0897,3,2026-06-30 19:32:22,Orchard Central,TOP-W-04,Women's Heattech Crew Neck Long Sleeve Tee,Tops,Women,14.9,14.9,False,1,14.9,Cash
BUG-20260630-0402,1,2026-06-30 19:22:31,Bugis,SOK-M-09,Men's No-Show Sneaker Socks,Socks,Men,4.17,5.9,True,1,4.17,Paynow
ORC-20260630-0211,1,2026-06-30 20:28:16,orchard central,SOK-M-03,Men's Airism Low-Cut Socks,Socks,Men,5.9,5.9,False,1,5.9,Card
ORC-20260630-0395,2,2026-06-30 17:43:22,Orchard Central,TOP-M-01,Men's Airism Cotton Crew Neck T-Shirt,Tops,Men,14.9,14.9,False,1,14.9,PAYNOW
PUN-20260630-0303,3,2026-06-30 19:48:34,Punggol,UND-M-02,Men's Cotton Blend Trunks,Underwear,Men,14.9,14.9,False,1,14.9,Card
PUN-20260630-0243,1,2026-06-30 18:08:56,Punggol,TOP-W-03,Women's Silky Satin Blouse,Tops,Women,39.9,39.9,False,1,39.9,Card
ORC-20260630-0195,3,2026-06-30 17:15:53,  ORCHARD CENTRAL  ,UND-M-03,  Men's Airism Mesh Boxer Briefs  ,Underwear,Men,14.9,14.9,False,1,14.9,Cash
BUG-20260630-0267,2,2026-06-30 17:29:11,Bugis,SOK-W-02,Women's Pile Crew Socks,Socks,Women,5.9,5.9,False,1,5.9,Card
BUG-20260630-0283,3,2026-06-30 12:57:21,  BUGIS  ,SOK-W-02,Women's Pile Crew Socks,Socks,Women,5.9,5.9,False,1,5.9,NETS
BUG-20260630-0540,1,2026-06-30 21:07:16,  Bugis  ,UND-M-04,Men's Cotton Crew Neck Undershirt,Underwear,Men,14.9,14.9,False,1,14.9,card
PUN-20260630-0363,2,2026-06-30 18:47:02,Punggol,SOK-M-04,Men's Ribbed Crew Socks,Socks,MEN,5.9,5.9,False,1,5.9,Cash
ORC-20260630-0018,2,2026-06-30 17:31:45,Orchard Central,SOK-M-04,Men's Ribbed Crew Socks,Socks,Men,5.9,5.9,False,1,5.9,PayNow
ORC-20260630-0126,1,2026-06-30 19:03:01,Orchard Central,TOP-W-02,Women's Ribbed Long Sleeve Turtleneck,tops,Women,19.9,19.9,False,1,19.9,Cash
BUG-20260630-0126,3,2026-06-30 17:39:57,BUGIS,UND-W-01,Women's Airism Bikini Shorts,Underwear,Women,9.9,9.9,False,1,9.9,Card
BUG-20260630-0668,3,2026-06-30 19:29:31,Bugis,SOK-M-02,Men's Pile Crew Socks,Socks,Men,5.9,5.9,False,1,5.9,Card
BUG-20260630-0403,1,2026-06-30 14:30:02,Bugis,UND-W-03,Women's Cotton Blend Briefs,Underwear,Women,9.9,9.9,False,1,9.9,PayNow
BUG-20260630-0098,2,2026-06-30 19:47:03,Bugis,SOK-M-07,Men's Striped Crew Socks,Socks,Men,5.9,5.9,False,1,$5.9,Card
ORC-20260630-1048,1,2026-06-30 19:58:16,orchard central,TOP-M-01,Men's Airism Cotton Crew Neck T-Shirt,Tops,Men,14.9,14.9,False,1,14.9,Card
ORC-20260630-0810,1,2026-06-30 19:03:05,ORCHARD CENTRAL,BTM-M-04,Men's Dry Stretch Shorts,Bottoms,Men,19.9,19.9,False,1,19.9,PayNow
ORC-20260630-0214,3,2026-06-30 20:09:43,Orchard Central,BTM-M-01,Men's Ezy Ankle Pants,Bottoms,Men,29.9,29.9,False,1,29.9,Card
ORC-20260630-1013,1,2026-06-30 21:57:06,Orchard Central,SOK-M-05,Men's Sport Ankle Socks,SOCKS,Men,4.36,5.9,True,1,4.36,Card
BUG-20260630-0719,3,2026-06-30 20:35:03,Bugis,UND-W-01,Women's Airism Bikini Shorts,Underwear,Women,9.9,9.9,False,1,9.9,Card
PUN-20260630-0451,2,2026-06-30 17:54:47,Punggol,SOK-M-04,Men's Ribbed Crew Socks,Socks,Men,5.9,5.9,False,2,11.8,Card
PUN-20260630-0106,1,2026-06-30 19:24:18,Punggol,UND-M-03,  Men's Airism Mesh Boxer Briefs  ,Underwear,Men,14.9,14.9,False,2,29.8,Card
BUG-20260630-0504,2,2026-06-30 16:22:24,Bugis,SOK-M-03,Men's Airism Low-Cut Socks,SOCKS,Men,5.9,5.9,False,1,5.9,Card
ORC-20260630-0093,2,2026-06-30 17:27:33,ORCHARD CENTRAL,SOK-M-04,Men's Ribbed Crew Socks,Socks,Men,5.9,5.9,False,1,5.9,Card
ORC-20260630-0957,1,2026-06-30 21:45:25,Orchard Central,SOK-M-04,Men's Ribbed Crew Socks,Socks,men,5.9,5.9,False,1,5.9,NETS
BUG-20260630-0653,1,2026-06-30 19:58:37,Bugis,TOP-M-03,Men's Dry-EX Crew Neck T-Shirt,Tops,Men,19.9,19.9,False,1,19.9,Card
PUN-20260630-0242,2,2026-06-30 17:18:57,punggol,SOK-W-05,  Women's Sport Ankle Socks  ,Socks,Women,$4.27,5.9,True,1,4.27,Card
BUG-20260630-0224,2,2026-06-30 17:47:10,Bugis,SOK-W-02,Women's Pile Crew Socks,Socks,Women,5.9,5.9,False,1,5.9,Card
BUG-20260630-0609,3,2026-06-30 11:16:10,Bugis,SOK-M-09,Men's No-Show Sneaker Socks,Socks,Men,4.17,5.9,True,1,4.17,Card
BUG-20260630-0162,3,2026-06-30 18:20:23,Bugis,SOK-M-02,Men's Pile Crew Socks,SOCKS,Men,5.9,5.9,False,1,5.9,PayNow
PUN-20260630-0417,3,2026-06-30 16:35:12,Punggol,UND-W-03,Women's Cotton Blend Briefs,Underwear,Women,9.9,9.9,False,1,9.9,Card
BUG-20260630-0150,1,2026-06-30 19:34:52,Bugis,SOK-W-03,Women's Airism Low-Cut Socks,Socks,Women,5.9,5.9,False,1,5.9,Card
BUG-20260630-0882,1,2026-06-30 20:51:32,Bugis,UND-M-02,Men's Cotton Blend Trunks,Underwear,Men,14.9,14.9,False,1,14.9,Cash
ORC-20260630-0057,1,2026-06-30 19:14:49,Orchard Central,SOK-W-01,Women's Ankle Socks 3-Pack,Socks,Women,14.9,14.9,False,1,14.9,NETS
ORC-20260630-0824,3,2026-06-30 21:24:39,Orchard Central,TOP-M-01,Men's Airism Cotton Crew Neck T-Shirt,Tops,Men,14.9,14.9,False,1,14.9,Card
ORC-20260630-0996,1,2026-06-30 13:37:33,Orchard Central,SOK-W-04,Women's Ribbed Crew Socks,Socks,Women,5.9,5.9,False,1,5.9,PayNow
BUG-20260630-0555,1,2026-06-30 15:39:07,Bugis,TOP-W-02,Women's Ribbed Long Sleeve Turtleneck,Tops,Women,19.9,19.9,False,1,19.9,Cash
ORC-20260630-0472,2,2026-06-30 22:41:44,Orchard Central,TOP-W-07,Women's Fleece Pullover Hoodie,Tops,Women,29.9,29.9,False,1,29.9,NETS
ORC-20260630-0982,2,2026-06-30 18:23:27,Orchard Central,SOK-M-04,Men's Ribbed Crew Socks,Socks,Men,5.9,5.9,False,1,5.9,PayNow
ORC-20260630-1051,1,2026-06-30 19:31:46,  Orchard Central  ,SOK-W-01,Women's Ankle Socks 3-Pack,Socks,Women,14.9,14.9,False,1,14.9,NETS
ORC-20260630-0092,1,2026-06-30 18:02:34,Orchard Central,UND-W-02,Women's Wireless Bra,Underwear,Women,29.9,29.9,False,1,29.9,Cash
ORC-20260630-0455,2,2026-06-30 14:46:44,  orchard central  ,UND-W-03,Women's Cotton Blend Briefs,Underwear,Women,9.9,9.9,False,1,9.9,Card
PUN-20260630-0488,2,2026-06-30 14:00:32,Punggol,SOK-W-03,Women's Airism Low-Cut Socks,Socks,WOMEN,5.9,5.9,False,1,5.9,Card
PUN-20260630-0279,1,2026-06-30 20:48:46,Punggol,SOK-M-03,  Men's Airism Low-Cut Socks  ,Socks,Men,5.9,5.9,False,1,5.9,PayNow
BUG-20260630-0069,2,2026-06-30 14:47:38,Bugis,UND-M-02,Men's Cotton Blend Trunks,Underwear,Men,14.9,14.9,False,2,29.8,Cash
BUG-20260630-0031,1,2026-06-30 11:32:12,Bugis,SOK-W-04,Women's Ribbed Crew Socks,Socks,Women,5.9,5.9,False,1,5.9,Card
ORC-20260630-0513,1,2026-06-30 21:30:26,Orchard Central,SOK-M-03,Men's Airism Low-Cut Socks,Socks,Men,5.9,5.9,False,1,5.9,NETS
PUN-20260630-0229,1,2026-06-30 18:10:16,Punggol,SOK-W-01,Women's Ankle Socks 3-Pack,Socks,Women,14.9,14.9,False,2,29.8,Nets
BUG-20260630-0372,1,2026-06-30 16:47:21,Bugis,UND-M-03,Men's Airism Mesh Boxer Briefs,Underwear,MEN,14.9,14.9,False,1,14.9,NETS
ORC-20260630-0933,1,2026-06-30 20:49:42,Orchard Central,SOK-W-02,Women's Pile Crew Socks,socks,Women,5.9,5.9,False,1,5.9,PayNow
BUG-20260630-0678,2,2026-06-30 11:48:44,Bugis,TOP-W-06,Women's Linen Blend Short Sleeve Shirt,Tops,Women,19.72,29.9,True,1,19.72,Card
BUG-20260630-0906,1,2026-06-30 14:32:07,Bugis,SOK-W-03,Women's Airism Low-Cut Socks,Socks,Women,5.9,5.9,False,1,5.9,Card
ORC-20260630-0475,1,2026-06-30 15:39:51,Orchard Central,SOK-W-04,Women's Ribbed Crew Socks,Socks,Women,5.9,5.9,False,2,11.8,Cash
BUG-20260630-0252,1,2026-06-30 11:46:27,  Bugis  ,BTM-M-04,  Men's Dry Stretch Shorts  ,Bottoms,Men,19.9,19.9,False,1,19.9,Card
ORC-20260630-0654,1,2026-06-30 17:01:04,Orchard Central,SOK-M-02,Men's Pile Crew Socks,SOCKS,Men,5.9,5.9,False,1,5.9,PayNow
BUG-20260630-0767,3,2026-06-30 20:05:19,Bugis,SOK-W-01,Women's Ankle Socks 3-Pack,Socks,Women,14.9,14.9,False,1,14.9,PayNow
BUG-20260630-0106,3,2026-06-30 20:14:36,Bugis,UND-M-02,Men's Cotton Blend Trunks,Underwear,Men,14.9,14.9,False,1,14.9,Cash
PUN-20260630-0298,2,2026-06-30 21:06:33,Punggol,SOK-W-03,  Women's Airism Low-Cut Socks  ,Socks,Women,5.9,5.9,False,1,5.9,Card
ORC-20260630-0372,3,2026-06-30 21:12:17,Orchard Central,SOK-M-02,Men's Pile Crew Socks,Socks,Men,5.9,5.9,False,1,5.9,PayNow
ORC-20260630-0465,1,2026-06-30 18:48:58,Orchard Central,SOK-W-04,Women's Ribbed Crew Socks,Socks,Women,5.9,5.9,False,2,11.8,Card
ORC-20260630-0367,1,2026-06-30 15:08:09,Orchard Central,SOK-M-03,Men's Airism Low-Cut Socks,Socks,Men,5.9,5.9,False,1,$5.9,PayNow
BUG-20260630-0868,2,2026-06-30 14:17:57,Bugis,SOK-M-03,Men's Airism Low-Cut Socks,Socks,Men,5.9,5.9,False,2,11.8,Card
ORC-20260630-0631,2,2026-06-30 12:43:51,  Orchard Central  ,UND-W-01,Women's Airism Bikini Shorts,Underwear,Women,9.9,9.9,False,1,9.9,PayNow
BUG-20260630-0208,2,2026-06-30 18:39:12,  Bugis  ,SOK-W-04,Women's Ribbed Crew Socks,Socks,Women,5.9,5.9,False,1,5.9,PayNow
ORC-20260630-0767,2,2026-06-30 16:14:25,  Orchard Central  ,UND-M-01,Men's Airism Boxer Briefs,underwear,men,14.9,14.9,False,1,14.9,Card
BUG-20260630-0503,2,2026-06-30 13:49:50,Bugis,SOK-W-03,Women's Airism Low-Cut Socks,Socks,Women,5.9,5.9,False,1,5.9,PayNow
PUN-20260630-0494,1,2026-06-30 19:56:18,Punggol,SOK-W-02,Women's Pile Crew Socks,socks,Women,5.9,5.9,False,1,5.9,Card
ORC-20260630-0168,2,2026-06-30 16:40:41,Orchard Central,TOP-M-02,Men's Supima Cotton Polo Shirt,Tops,men,29.9,29.9,False,1,29.9,Card
BUG-20260630-0319,3,2026-06-30 21:36:57,Bugis,UND-W-01,Women's Airism Bikini Shorts,Underwear,Women,9.9,9.9,False,1,9.9,NETS
ORC-20260630-0753,1,2026-06-30 21:28:37,Orchard Central,BTM-W-10,  Women's High Waist Denim Shorts  ,Bottoms,Women,29.9,29.9,False,1,29.9,Card
BUG-20260630-0732,2,2026-06-30 20:45:37,Bugis,SOK-M-01,Men's Ankle Socks 3-Pack,Socks,Men,14.9,14.9,False,1,14.9,Card
BUG-20260630-0801,1,2026-06-30 19:23:23,bugis,UND-W-03,Women's Cotton Blend Briefs,Underwear,Women,9.9,9.9,False,1,9.9,Card
ORC-20260630-0858,1,2026-06-30 21:25:44,Orchard Central,SOK-W-04,  Women's Ribbed Crew Socks  ,Socks,Women,5.9,5.9,False,1,5.9,Card
ORC-20260630-0539,3,2026-06-30 11:32:38,Orchard Central,SOK-M-01,  Men's Ankle Socks 3-Pack  ,Socks,Men,14.9,14.9,False,1,14.9,Cash
BUG-20260630-0665,3,2026-06-30 14:27:29,Bugis,SOK-W-03,Women's Airism Low-Cut Socks,Socks,Women,5.9,5.9,False,1,5.9,Card
BUG-20260630-0257,2,2026-06-30 17:50:49,Bugis,SOK-M-09,Men's No-Show Sneaker Socks,socks,Men,4.17,5.9,True,1,4.17,PayNow
BUG-20260630-0852,1,2026-06-30 22:17:03,BUGIS,SOK-M-02,Men's Pile Crew Socks,Socks,Men,5.9,5.9,False,1,5.9,CASH
PUN-20260630-0327,2,2026-06-30 19:03:07,Punggol,UND-M-02,  Men's Cotton Blend Trunks  ,Underwear,Men,14.9,14.9,False,1,14.9,PayNow
PUN-20260630-0392,1,2026-06-30 17:07:53,Punggol,UND-M-02,Men's Cotton Blend Trunks,Underwear,Men,14.9,14.9,False,2,29.8,Card
BUG-20260630-0482,1,2026-06-30 21:32:59,Bugis,SOK-W-04,Women's Ribbed Crew Socks,Socks,Women,5.9,5.9,False,1,5.9,PayNow
PUN-20260630-0123,3,2026-06-30 21:37:27,Punggol,SOK-M-03,Men's Airism Low-Cut Socks,Socks,Men,5.9,5.9,False,2,11.8,PAYNOW
PUN-20260630-0309,3,2026-06-30 18:30:45,Punggol,TOP-M-03,Men's Dry-EX Crew Neck T-Shirt,Tops,Men,19.9,19.9,False,1,19.9,PayNow
BUG-20260630-0356,1,2026-06-30 18:41:52,Bugis,TOP-W-03,Women's Silky Satin Blouse,Tops,Women,39.9,39.9,False,1,39.9,
PUN-20260630-0146,1,2026-06-30 16:54:34,Punggol,SOK-W-03,Women's Airism Low-Cut Socks,Socks,Women,5.9,5.9,False,1,5.9,CARD
ORC-20260630-0419,1,2026-06-30 19:53:49,Orchard Central,SOK-W-02,Women's Pile Crew Socks,socks,Women,5.9,5.9,False,1,5.9,Card
BUG-20260630-0471,2,2026-06-30 18:11:47,Bugis,UND-M-03,Men's Airism Mesh Boxer Briefs,Underwear,MEN,14.9,14.9,False,1,14.9,NETS
PUN-20260630-0346,1,2026-06-30 20:47:20,Punggol,SOK-M-02,Men's Pile Crew Socks,Socks,Men,5.9,5.9,False,1,5.9,Card
PUN-20260630-0082,1,2026-06-30 21:58:02,  Punggol  ,SOK-W-05,Women's Sport Ankle Socks,Socks,Women,4.27,5.9,True,1,4.27,PayNow
ORC-20260630-0771,2,2026-06-30 16:30:40,Orchard Central,SOK-M-04,  Men's Ribbed Crew Socks  ,Socks,MEN,5.9,5.9,False,1,5.9,Card
PUN-20260630-0240,2,2026-06-30 17:18:54,Punggol,TOP-W-02,Women's Ribbed Long Sleeve Turtleneck,Tops,Women,19.9,19.9,False,1,19.9,
BUG-20260630-0682,2,2026-06-30 20:40:07,Bugis,SOK-M-09,Men's No-Show Sneaker Socks,Socks,Men,4.17,5.9,True,1,4.17,Card
PUN-20260630-0157,1,2026-06-30 18:47:48,Punggol,SOK-M-01,Men's Ankle Socks 3-Pack,Socks,MEN,14.9,14.9,False,1,14.9,Card
ORC-20260630-0200,2,2026-06-30 19:15:17,Orchard Central,UND-M-06,Men's Airism Sleeveless Undershirt,Underwear,Men,9.9,9.9,False,2,19.8,card
ORC-20260630-0367,2,2026-06-30 15:08:09,Orchard Central,TOP-M-04,Men's Oxford Long Sleeve Shirt,Tops,Men,29.9,29.9,False,1,29.9,paynow
ORC-20260630-0601,1,2026-06-30 20:34:15,Orchard Central,SOK-M-04,Men's Ribbed Crew Socks,Socks,Men,5.9,5.9,False,2,11.8,Card
BUG-20260630-0518,3,2026-06-30 13:32:28,  Bugis  ,SOK-M-02,Men's Pile Crew Socks,Socks,Men,5.9,5.9,False,1,5.9,PayNow
BUG-20260630-0805,3,2026-06-30 19:50:13,Bugis,TOP-M-01,Men's Airism Cotton Crew Neck T-Shirt,Tops,Men,14.9,14.9,False,1,14.9,PayNow
BUG-20260630-0223,1,2026-06-30 14:55:36,Bugis,UND-W-03,Women's Cotton Blend Briefs,Underwear,Women,9.9,9.9,False,1,9.9,Cash
ORC-20260630-0961,2,2026-06-30 11:57:54,Orchard Central,TOP-M-04,Men's Oxford Long Sleeve Shirt,Tops,MEN,29.9,29.9,False,1,29.9,Card
BUG-20260630-0106,3,2026-06-30 20:14:36,Bugis,UND-M-02,Men's Cotton Blend Trunks,Underwear,Men,14.9,14.9,False,1,14.9,Cash
ORC-20260630-0941,1,2026-06-30 21:51:01,Orchard Central,TOP-W-02,Women's Ribbed Long Sleeve Turtleneck,TOPS,Women,19.9,19.9,False,1,19.9,Card
PUN-20260630-0509,1,2026-06-30 22:48:49,Punggol,BTM-W-03,Women's Ezy Ankle Pants,Bottoms,Women,29.9,29.9,False,1,29.9,Card
ORC-20260630-0160,2,2026-06-30 21:21:33,Orchard Central,UND-M-03,Men's Airism Mesh Boxer Briefs,Underwear,Men,14.9,14.9,False,1,14.9,Card
ORC-20260630-0073,1,2026-06-30 21:16:23,  Orchard Central  ,UND-W-01,Women's Airism Bikini Shorts,Underwear,Women,9.9,9.9,False,1,9.9,Cash
PUN-20260630-0402,1,2026-06-30 21:52:07,Punggol,SOK-W-04,Women's Ribbed Crew Socks,Socks,Women,5.9,5.9,False,1,5.9,Card
ORC-20260630-0477,3,2026-06-30 18:28:01,Orchard Central,BTM-W-02,Women's High-Rise Wide Leg Pants,Bottoms,Women,39.9,39.9,False,1,39.9,Card
ORC-20260630-0698,2,2026-06-30 12:05:53,Orchard Central,UND-W-01,Women's Airism Bikini Shorts,Underwear,WOMEN,9.9,9.9,False,1,9.9,NETS
ORC-20260630-0933,3,2026-06-30 20:49:42,Orchard Central,UND-W-08,Women's Airism Camisole,Underwear,Women,14.9,14.9,False,1,14.9,PayNow
BUG-20260630-0831,2,2026-06-30 18:10:42,Bugis,SOK-M-09,Men's No-Show Sneaker Socks,Socks,Men,4.17,5.9,True,1,4.17,nets
BUG-20260630-0480,1,2026-06-30 17:57:19,Bugis,SOK-M-01,Men's Ankle Socks 3-Pack,Socks,Men,14.9,14.9,False,1,14.9,PayNow
BUG-20260630-0049,1,2026-06-30 18:15:37,Bugis,UND-M-03,Men's Airism Mesh Boxer Briefs,underwear,Men,14.9,14.9,False,2,29.8,Card
PUN-20260630-0616,1,2026-06-30 12:56:26,Punggol,SOK-W-01,Women's Ankle Socks 3-Pack,Socks,Women,14.9,14.9,False,1,14.9,Cash
ORC-20260630-0196,1,2026-06-30 11:32:06,Orchard Central,SOK-W-02,Women's Pile Crew Socks,Socks,Women,5.9,5.9,False,1,5.9,Card
BUG-20260630-0320,1,2026-06-30 13:05:30,Bugis,UND-M-04,Men's Cotton Crew Neck Undershirt,UNDERWEAR,Men,14.9,14.9,False,1,14.9,Card
PUN-20260630-0371,1,2026-06-30 15:29:20,Punggol,BTM-W-03,Women's Ezy Ankle Pants,Bottoms,Women,29.9,29.9,False,1,29.9,PayNow
ORC-20260630-0274,3,2026-06-30 17:56:12,Orchard Central,TOP-W-06,Women's Linen Blend Short Sleeve Shirt,Tops,Women,19.72,29.9,True,1,19.72,PayNow
PUN-20260630-0217,3,2026-06-30 16:37:18,Punggol,TOP-M-01,Men's Airism Cotton Crew Neck T-Shirt,Tops,Men,14.9,14.9,False,1,14.9,NETS
ORC-20260630-0426,1,2026-06-30 20:21:55,Orchard Central,BTM-W-08,Women's Smart Ankle Pants,Bottoms,Women,39.9,39.9,False,1,39.9,Cash
ORC-20260630-0873,2,2026-06-30 19:16:14,Orchard Central,SOK-M-04,Men's Ribbed Crew Socks,Socks,Men,5.9,5.9,False,1,5.9,NETS
PUN-20260630-0567,2,2026-06-30 20:39:10,punggol,TOP-W-04,Women's Heattech Crew Neck Long Sleeve Tee,Tops,Women,14.9,14.9,False,1,14.9,Card
ORC-20260630-0971,1,2026-06-30 13:38:37,orchard central,SOK-M-04,Men's Ribbed Crew Socks,Socks,MEN,5.9,5.9,False,1,5.9,Card
ORC-20260630-0614,1,2026-06-30 13:37:18,Orchard Central,SOK-M-01,Men's Ankle Socks 3-Pack,Socks,Men,14.9,14.9,False,1,14.9,card
ORC-20260630-0915,2,2026-06-30 21:26:33,Orchard Central,UND-W-01,Women's Airism Bikini Shorts,underwear,Women,9.9,9.9,False,1,9.9,NETS
ORC-20260630-0591,3,2026-06-30 14:17:47,orchard central,UND-M-01,Men's Airism Boxer Briefs,Underwear,Men,14.9,14.9,False,1,14.9,Card
PUN-20260630-0432,2,2026-06-30 19:10:02,Punggol,SOK-M-03,Men's Airism Low-Cut Socks,Socks,Men,5.9,5.9,False,1,5.9,PayNow
BUG-20260630-0875,3,2026-06-30 19:30:19,Bugis,SOK-M-03,Men's Airism Low-Cut Socks,Socks,Men,5.9,5.9,False,1,5.9,Card
ORC-20260630-1008,1,2026-06-30 17:53:23,Orchard Central,UND-W-01,Women's Airism Bikini Shorts,Underwear,Women,9.9,9.9,False,1,9.9,Card
ORC-20260630-0417,3,2026-06-30 20:29:06,Orchard Central,BTM-W-03,  Women's Ezy Ankle Pants  ,Bottoms,Women,29.9,29.9,False,1,29.9,Card
BUG-20260630-0065,3,2026-06-30 13:23:58,bugis,SOK-M-02,Men's Pile Crew Socks,Socks,Men,5.9,5.9,False,1,5.9,Card
ORC-20260630-1019,2,2026-06-30 20:35:56,ORCHARD CENTRAL,SOK-M-03,Men's Airism Low-Cut Socks,Socks,MEN,5.9,5.9,False,1,5.9,Cash
PUN-20260630-0137,1,2026-06-30 13:32:55,Punggol,UND-M-10,Men's Cotton Blend Briefs,Underwear,Men,9.9,9.9,False,1,9.9,NETS
BUG-20260630-0782,2,2026-06-30 17:02:32,  Bugis  ,TOP-M-04,Men's Oxford Long Sleeve Shirt,Tops,Men,29.9,29.9,False,1,29.9,paynow
ORC-20260630-0345,2,2026-06-30 22:21:29,Orchard Central,UND-M-01,Men's Airism Boxer Briefs,Underwear,Men,14.9,14.9,False,1,14.9,CARD
ORC-20260630-0888,3,2026-06-30 16:14:55,Orchard Central,TOP-M-03,Men's Dry-EX Crew Neck T-Shirt,Tops,Men,19.9,19.9,False,1,19.9,Card
BUG-20260630-0494,2,2026-06-30 13:28:06,bugis,UND-M-03,Men's Airism Mesh Boxer Briefs,Underwear,Men,14.9,14.9,False,1,14.9,Card
ORC-20260630-0949,3,2026-06-30 21:50:34,Orchard Central,BTM-M-04,Men's Dry Stretch Shorts,Bottoms,Men,19.9,19.9,False,1,19.9,Cash
ORC-20260630-0533,2,2026-06-30 20:20:29,Orchard Central,TOP-W-06,  Women's Linen Blend Short Sleeve Shirt  ,Tops,Women,19.72,29.9,True,1,19.72,Card
BUG-20260630-0687,2,2026-06-30 21:44:57,Bugis,TOP-M-02,Men's Supima Cotton Polo Shirt,Tops,Men,29.9,29.9,False,1,29.9,NETS
ORC-20260630-1005,1,2026-06-30 21:06:54,Orchard Central,UND-W-03,Women's Cotton Blend Briefs,Underwear,Women,9.9,9.9,False,1,9.9,PayNow
PUN-20260630-0083,1,2026-06-30 18:56:00,PUNGGOL,TOP-M-02,Men's Supima Cotton Polo Shirt,Tops,Men,29.9,29.9,False,1,29.9,PayNow
BUG-20260630-0134,1,2026-06-30 20:53:12,Bugis,UND-W-03,Women's Cotton Blend Briefs,Underwear,Women,9.9,9.9,False,1,9.9,Card
BUG-20260630-0346,3,2026-06-30 20:39:33,Bugis,UND-W-03,Women's Cotton Blend Briefs,Underwear,women,9.9,9.9,False,2,19.8,Card
ORC-20260630-0493,1,2026-06-30 18:53:20,Orchard Central,UND-M-02,Men's Cotton Blend Trunks,Underwear,Men,14.9,14.9,False,1,14.9,Card
ORC-20260630-0710,1,2026-06-30 14:10:52,Orchard Central,SOK-M-01,Men's Ankle Socks 3-Pack,Socks,Men,14.9,14.9,False,2,$29.8,Cash
ORC-20260630-0165,2,2026-06-30 18:46:09,Orchard Central,TOP-M-04,Men's Oxford Long Sleeve Shirt,Tops,Men,29.9,29.9,False,1,29.9,Card
BUG-20260630-0010,3,2026-06-30 17:35:18,Bugis,BTM-W-01,Women's Ultra Stretch Skinny Jeans,Bottoms,Women,39.9,39.9,False,1,39.9,Cash
PUN-20260630-0233,3,2026-06-30 15:13:12,PUNGGOL,SOK-W-02,Women's Pile Crew Socks,Socks,Women,5.9,5.9,False,1,5.9,PayNow
BUG-20260630-0726,2,2026-06-30 11:05:04,Bugis,BTM-W-01,Women's Ultra Stretch Skinny Jeans,Bottoms,Women,39.9,39.9,False,1,39.9,PayNow
PUN-20260630-0470,1,2026-06-30 18:11:30,Punggol,SOK-W-01,Women's Ankle Socks 3-Pack,Socks,Women,14.9,14.9,False,2,29.8,CASH
BUG-20260630-0820,2,2026-06-30 15:32:37,  Bugis  ,TOP-M-01,Men's Airism Cotton Crew Neck T-Shirt,Tops,Men,14.9,14.9,False,1,14.9,PayNow
BUG-20260630-0424,1,2026-06-30 18:40:40,Bugis,SOK-W-02,Women's Pile Crew Socks,Socks,Women,$5.9,5.9,False,1,5.9,Cash
ORC-20260630-0217,2,2026-06-30 12:17:18,Orchard Central,SOK-M-03,Men's Airism Low-Cut Socks,Socks,MEN,5.9,5.9,False,2,11.8,Card
PUN-20260630-0600,2,2026-06-30 19:43:19,Punggol,SOK-W-05,Women's Sport Ankle Socks,Socks,Women,4.27,5.9,True,1,4.27,Nets
BUG-20260630-0015,1,2026-06-30 21:44:49,Bugis,SOK-M-09,Men's No-Show Sneaker Socks,Socks,Men,4.17,5.9,True,1,4.17,Card
BUG-20260630-0734,3,2026-06-30 17:06:20,Bugis,TOP-W-01,Women's Airism Cotton Crew Neck T-Shirt,Tops,Women,14.9,14.9,False,1,14.9,PayNow
BUG-20260630-0461,1,2026-06-30 14:14:14,Bugis,SOK-W-02,Women's Pile Crew Socks,Socks,Women,5.9,5.9,False,1,5.9,PayNow
PUN-20260630-0261,2,2026-06-30 21:34:55,Punggol,BTM-W-01,Women's Ultra Stretch Skinny Jeans,bottoms,Women,39.9,39.9,False,1,39.9,Card
ORC-20260630-0799,2,2026-06-30 18:50:15,Orchard Central,BTM-M-03,Men's Selvedge Regular Fit Jeans,bottoms,Men,59.9,59.9,False,1,59.9,Card
ORC-20260630-0299,1,2026-06-30 18:22:22,Orchard Central,TOP-W-04,Women's Heattech Crew Neck Long Sleeve Tee,Tops,women,14.9,14.9,False,1,14.9,CARD
ORC-20260630-0753,3,2026-06-30 21:28:37,Orchard Central,SOK-W-04,Women's Ribbed Crew Socks,Socks,Women,5.9,5.9,False,1,$5.9,CARD
ORC-20260630-0309,3,2026-06-30 17:17:46,Orchard Central,UND-M-03,  Men's Airism Mesh Boxer Briefs  ,Underwear,Men,14.9,14.9,False,1,14.9,Paynow
ORC-20260630-0055,1,2026-06-30 19:46:15,Orchard Central,SOK-M-03,Men's Airism Low-Cut Socks,SOCKS,Men,5.9,5.9,False,1,5.9,Card
BUG-20260630-0133,1,2026-06-30 15:15:08,  Bugis  ,UND-M-02,Men's Cotton Blend Trunks,underwear,men,14.9,14.9,False,2,29.8,card
ORC-20260630-1001,3,2026-06-30 20:40:58,Orchard Central,SOK-W-02,Women's Pile Crew Socks,Socks,Women,5.9,5.9,False,2,11.8,PayNow
BUG-20260630-0713,2,2026-06-30 19:56:33,Bugis,BTM-W-06,Women's Jersey Jogger Pants,Bottoms,Women,29.9,29.9,False,1,29.9,NETS
PUN-20260630-0504,3,2026-06-30 19:39:24,Punggol,SOK-W-05,Women's Sport Ankle Socks,Socks,Women,4.27,5.9,True,1,4.27,Card
ORC-20260630-0441,2,2026-06-30 14:41:27,Orchard Central,SOK-W-01,Women's Ankle Socks 3-Pack,Socks,Women,14.9,14.9,False,1,14.9,Card
ORC-20260630-0990,2,2026-06-30 16:05:28,Orchard Central,SOK-W-02,,Socks,WOMEN,5.9,5.9,False,1,5.9,Card
BUG-20260630-0080,1,2026-06-30 17:06:39,BUGIS,SOK-W-03,Women's Airism Low-Cut Socks,Socks,Women,5.9,5.9,False,2,11.8,PAYNOW
ORC-20260630-0391,2,2026-06-30 16:20:18,Orchard Central,UND-M-04,Men's Cotton Crew Neck Undershirt,Underwear,Men,14.9,14.9,False,1,14.9,Card
BUG-20260630-0354,1,2026-06-30 19:22:21,Bugis,UND-W-01,Women's Airism Bikini Shorts,Underwear,Women,9.9,9.9,False,1,9.9,NETS
BUG-20260630-0303,2,2026-06-30 21:53:51,Bugis,BTM-W-03,Women's Ezy Ankle Pants,Bottoms,Women,$29.9,29.9,False,1,29.9,Card
ORC-20260630-0661,1,2026-06-30 21:33:37,Orchard Central,TOP-W-03,Women's Silky Satin Blouse,Tops,Women,39.9,39.9,False,1,39.9,CASH
ORC-20260630-1054,2,2026-06-30 14:27:05,Orchard Central,UND-M-04,Men's Cotton Crew Neck Undershirt,Underwear,Men,14.9,14.9,False,2,29.8,PayNow
ORC-20260630-1059,2,2026-06-30 20:14:01,Orchard Central,BTM-W-04,Women's Denim Straight Jeans,Bottoms,Women,49.9,49.9,False,1,49.9,NETS
BUG-20260630-0849,3,2026-06-30 20:20:55,Bugis,UND-W-01,Women's Airism Bikini Shorts,Underwear,Women,9.9,9.9,False,1,9.9,nets
PUN-20260630-0059,1,2026-06-30 21:56:24,Punggol,SOK-M-04,Men's Ribbed Crew Socks,socks,Men,5.9,5.9,False,1,5.9,Card
BUG-20260630-0025,2,2026-06-30 15:39:03,Bugis,UND-M-03,Men's Airism Mesh Boxer Briefs,UNDERWEAR,men,14.9,14.9,False,2,29.8,NETS
PUN-20260630-0617,3,2026-06-30 18:41:44,Punggol,UND-W-03,Women's Cotton Blend Briefs,UNDERWEAR,women,9.9,9.9,False,1,9.9,Card
ORC-20260630-0713,2,2026-06-30 19:38:31,Orchard Central,SOK-W-02,Women's Pile Crew Socks,Socks,Women,5.9,5.9,False,1,5.9,Cash
PUN-20260630-0551,3,2026-06-30 19:37:04,Punggol,SOK-W-03,Women's Airism Low-Cut Socks,SOCKS,Women,5.9,5.9,False,1,5.9,Cash
PUN-20260630-0602,2,2026-06-30 12:13:02,Punggol,SOK-W-02,Women's Pile Crew Socks,Socks,Women,5.9,5.9,False,1,$5.9,Card
PUN-20260630-0250,2,2026-06-30 16:20:26,Punggol,UND-M-04,Men's Cotton Crew Neck Undershirt,Underwear,men,14.9,14.9,False,1,14.9,Cash
BUG-20260630-0029,1,2026-06-30 19:11:30,Bugis,BTM-M-08,Men's Relaxed Fit Denim Shorts,Bottoms,Men,29.9,29.9,False,1,29.9,Card
PUN-20260630-0466,3,2026-06-30 18:39:54,  Punggol  ,UND-M-02,Men's Cotton Blend Trunks,underwear,Men,14.9,14.9,False,1,14.9,Card
BUG-20260630-0885,3,2026-06-30 14:14:47,BUGIS,SOK-M-03,Men's Airism Low-Cut Socks,SOCKS,Men,5.9,5.9,False,1,$5.9,Card
BUG-20260630-0410,3,2026-06-30 21:19:36,Bugis,UND-M-07,Men's Stretch Cotton Boxers,Underwear,Men,14.9,14.9,False,1,14.9,NETS
BUG-20260630-0910,2,2026-06-30 15:13:27,Bugis,TOP-M-04,Men's Oxford Long Sleeve Shirt,Tops,Men,29.9,29.9,False,1,29.9,Card
BUG-20260630-0603,1,2026-06-30 20:58:16,Bugis,SOK-M-09,  Men's No-Show Sneaker Socks  ,Socks,Men,4.17,5.9,True,1,4.17,Card
ORC-20260630-0952,2,2026-06-30 13:17:49,ORCHARD CENTRAL,BTM-M-04,Men's Dry Stretch Shorts,Bottoms,Men,19.9,19.9,False,1,19.9,Card
PUN-20260630-0326,2,2026-06-30 12:33:45,Punggol,UND-W-01,Women's Airism Bikini Shorts,Underwear,Women,9.9,9.9,False,2,19.8,NETS
PUN-20260630-0101,1,2026-06-30 22:57:14,Punggol,SOK-M-02,  Men's Pile Crew Socks  ,Socks,Men,5.9,5.9,False,1,5.9,PayNow
ORC-20260630-0131,1,2026-06-30 16:34:49,orchard central,SOK-M-02,Men's Pile Crew Socks,Socks,Men,5.9,5.9,False,1,5.9,Card
PUN-20260630-0537,2,2026-06-30 20:50:22,Punggol,SOK-M-04,Men's Ribbed Crew Socks,Socks,Men,5.9,5.9,False,2,11.8,Card
ORC-20260630-0880,2,2026-06-30 11:42:02,Orchard Central,SOK-M-01,Men's Ankle Socks 3-Pack,Socks,Men,14.9,14.9,False,1,14.9,PayNow
ORC-20260630-0057,2,2026-06-30 19:14:49,Orchard Central,UND-M-01,Men's Airism Boxer Briefs,Underwear,MEN,14.9,14.9,False,1,14.9,Nets
BUG-20260630-0209,1,2026-06-30 22:03:02,bugis,BTM-W-04,Women's Denim Straight Jeans,bottoms,Women,49.9,49.9,False,1,$49.9,CARD
BUG-20260630-0777,1,2026-06-30 19:18:22,  Bugis  ,SOK-M-04,  Men's Ribbed Crew Socks  ,socks,Men,5.9,5.9,False,1,5.9,PAYNOW
BUG-20260630-0831,3,2026-06-30 18:10:42,Bugis,TOP-M-04,Men's Oxford Long Sleeve Shirt,Tops,Men,29.9,29.9,False,1,29.9,NETS
ORC-20260630-0625,1,2026-06-30 22:17:24,Orchard Central,SOK-M-03,  Men's Airism Low-Cut Socks  ,socks,men,5.9,5.9,False,1,5.9,PAYNOW
ORC-20260630-0036,3,2026-06-30 19:49:38,Orchard Central,SOK-M-04,Men's Ribbed Crew Socks,Socks,Men,5.9,5.9,False,1,5.9,Card
BUG-20260630-0316,2,2026-06-30 21:05:46,Bugis,SOK-W-04,Women's Ribbed Crew Socks,Socks,Women,5.9,5.9,False,2,11.8,Cash
PUN-20260630-0366,3,2026-06-30 22:43:57,PUNGGOL,SOK-W-05,Women's Sport Ankle Socks,Socks,Women,4.27,5.9,True,2,8.54,Card
BUG-20260630-0885,1,2026-06-30 14:14:47,Bugis,TOP-W-01,Women's Airism Cotton Crew Neck T-Shirt,Tops,Women,14.9,14.9,False,1,14.9,Card
PUN-20260630-0266,3,2026-06-30 18:39:18,Punggol,SOK-M-03,Men's Airism Low-Cut Socks,Socks,Men,5.9,5.9,False,2,11.8,Card
ORC-20260630-0581,3,2026-06-30 18:53:36,Orchard Central,SOK-W-02,Women's Pile Crew Socks,Socks,Women,5.9,5.9,False,1,$5.9,Cash
PUN-20260630-0625,2,2026-06-30 19:41:59,Punggol,SOK-M-02,Men's Pile Crew Socks,SOCKS,MEN,5.9,5.9,False,1,5.9,Card
ORC-20260630-0385,1,2026-06-30 20:34:12,ORCHARD CENTRAL,UND-M-03,Men's Airism Mesh Boxer Briefs,Underwear,MEN,14.9,14.9,False,1,14.9,Card
ORC-20260630-0956,1,2026-06-30 18:35:15,Orchard Central,SOK-M-03,Men's Airism Low-Cut Socks,Socks,Men,5.9,5.9,False,1,5.9,card
PUN-20260630-0042,1,2026-06-30 20:59:35,Punggol,TOP-M-03,Men's Dry-EX Crew Neck T-Shirt,Tops,Men,19.9,19.9,False,1,19.9,
PUN-20260630-0544,2,2026-06-30 18:45:23,Punggol,TOP-M-02,Men's Supima Cotton Polo Shirt,Tops,Men,29.9,29.9,False,1,29.9,cash
ORC-20260630-0217,1,2026-06-30 12:17:18,  Orchard Central  ,TOP-M-03,Men's Dry-EX Crew Neck T-Shirt,Tops,Men,19.9,19.9,False,1,19.9,Card
BUG-20260630-0190,1,2026-06-30 20:56:45,Bugis,SOK-M-04,Men's Ribbed Crew Socks,Socks,Men,5.9,5.9,False,1,5.9,cash
PUN-20260630-0150,1,2026-06-30 16:12:12,Punggol,SOK-W-04,Women's Ribbed Crew Socks,Socks,Women,5.9,5.9,False,2,11.8,PAYNOW
PUN-20260630-0431,1,2026-06-30 19:12:11,Punggol,UND-M-04,Men's Cotton Crew Neck Undershirt,Underwear,Men,14.9,14.9,False,1,14.9,PayNow
ORC-20260630-0407,2,2026-06-30 20:00:54,Orchard Central,SOK-M-02,Men's Pile Crew Socks,Socks,Men,5.9,5.9,False,1,5.9,Card
PUN-20260630-0624,2,2026-06-30 17:32:40,Punggol,SOK-M-01,Men's Ankle Socks 3-Pack,Socks,Men,14.9,14.9,False,1,14.9,Card
BUG-20260630-0189,1,2026-06-30 14:07:07,Bugis,TOP-M-03,Men's Dry-EX Crew Neck T-Shirt,Tops,Men,19.9,19.9,False,1,19.9,CARD
ORC-20260630-0366,2,2026-06-30 20:57:13,Orchard Central,UND-W-01,Women's Airism Bikini Shorts,Underwear,Women,9.9,9.9,False,2,19.8,NETS
ORC-20260630-0025,3,2026-06-30 19:54:06,Orchard Central,UND-M-03,Men's Airism Mesh Boxer Briefs,Underwear,Men,14.9,14.9,False,1,14.9,PAYNOW
PUN-20260630-0499,3,2026-06-30 21:00:53,Punggol,TOP-M-04,  Men's Oxford Long Sleeve Shirt  ,Tops,Men,29.9,29.9,False,1,29.9,Card
ORC-20260630-0278,2,2026-06-30 14:18:29,Orchard Central,UND-M-03,  Men's Airism Mesh Boxer Briefs  ,Underwear,Men,$14.9,14.9,False,1,14.9,Card
ORC-20260630-1058,2,2026-06-30 18:09:13,ORCHARD CENTRAL,SOK-M-04,Men's Ribbed Crew Socks,Socks,Men,5.9,5.9,False,1,5.9,NETS
ORC-20260630-0763,1,2026-06-30 21:52:02,Orchard Central,SOK-M-02,Men's Pile Crew Socks,Socks,Men,5.9,5.9,False,1,5.9,PayNow
PUN-20260630-0326,1,2026-06-30 12:33:45,Punggol,TOP-W-01,Women's Airism Cotton Crew Neck T-Shirt,Tops,Women,14.9,14.9,False,1,14.9,NETS
ORC-20260630-0750,2,2026-06-30 15:51:38,Orchard Central,SOK-W-02,Women's Pile Crew Socks,Socks,women,5.9,5.9,False,1,5.9,card
ORC-20260630-0941,2,2026-06-30 21:51:01,ORCHARD CENTRAL,SOK-M-04,Men's Ribbed Crew Socks,SOCKS,Men,5.9,5.9,False,1,5.9,Card
BUG-20260630-0284,2,2026-06-30 18:42:18,Bugis,SOK-M-09,Men's No-Show Sneaker Socks,Socks,Men,4.17,5.9,True,1,4.17,Card
ORC-20260630-0329,3,2026-06-30 11:06:57,ORCHARD CENTRAL,UND-W-01,Women's Airism Bikini Shorts,Underwear,Women,9.9,9.9,False,1,9.9,Cash
ORC-20260630-0369,1,2026-06-30 13:23:28,Orchard Central,TOP-M-01,Men's Airism Cotton Crew Neck T-Shirt,TOPS,Men,14.9,14.9,False,1,14.9,Card
ORC-20260630-0279,2,2026-06-30 12:47:31,Orchard Central,UND-M-04,  Men's Cotton Crew Neck Undershirt  ,Underwear,Men,14.9,14.9,False,2,29.8,Card
ORC-20260630-0409,1,2026-06-30 19:56:53,Orchard Central,TOP-W-04,Women's Heattech Crew Neck Long Sleeve Tee,Tops,women,14.9,14.9,False,1,14.9,PayNow
PUN-20260630-0007,1,2026-06-30 21:18:47,Punggol,TOP-W-02,Women's Ribbed Long Sleeve Turtleneck,Tops,Women,19.9,19.9,False,1,19.9,Card
PUN-20260630-0617,1,2026-06-30 18:41:44,Punggol,BTM-W-04,Women's Denim Straight Jeans,Bottoms,Women,49.9,49.9,False,1,49.9,Card
ORC-20260630-0311,2,2026-06-30 19:03:43,Orchard Central,TOP-W-02,Women's Ribbed Long Sleeve Turtleneck,Tops,Women,19.9,19.9,False,1,19.9,Card
ORC-20260630-0800,1,2026-06-30 20:16:26,Orchard Central,SOK-M-02,Men's Pile Crew Socks,Socks,Men,5.9,5.9,False,1,5.9,NETS
PUN-20260630-0003,1,2026-06-30 19:26:02,Punggol,BTM-M-02,Men's Slim Fit Chino Trousers,Bottoms,Men,29.9,29.9,False,1,$29.9,NETS
PUN-20260630-0011,1,2026-06-30 16:48:30,Punggol,SOK-W-04,Women's Ribbed Crew Socks,Socks,Women,5.9,5.9,False,1,5.9,PAYNOW
PUN-20260630-0154,1,2026-06-30 18:22:33,PUNGGOL,UND-W-03,Women's Cotton Blend Briefs,UNDERWEAR,Women,9.9,9.9,False,1,9.9,PayNow
ORC-20260630-0128,2,2026-06-30 18:31:04,Orchard Central,UND-M-10,Men's Cotton Blend Briefs,Underwear,Men,9.9,9.9,False,1,9.9,Card
BUG-20260630-0616,1,2026-06-30 21:22:18,Bugis,SOK-M-09,Men's No-Show Sneaker Socks,socks,Men,4.17,5.9,True,1,4.17,PayNow
ORC-20260630-0116,2,2026-06-30 16:28:27,Orchard Central,BTM-W-03,Women's Ezy Ankle Pants,Bottoms,Women,29.9,29.9,False,1,29.9,Cash
ORC-20260630-0960,1,2026-06-30 12:36:43,Orchard Central,UND-W-02,Women's Wireless Bra,Underwear,Women,29.9,29.9,False,1,29.9,Card
ORC-20260630-0440,3,2026-06-30 17:23:37,ORCHARD CENTRAL,SOK-W-02,Women's Pile Crew Socks,Socks,Women,5.9,5.9,False,2,11.8,Card
BUG-20260630-0321,2,2026-06-30 22:16:01,Bugis,UND-W-01,Women's Airism Bikini Shorts,Underwear,Women,9.9,9.9,False,1,9.9,CARD
ORC-20260630-0467,3,2026-06-30 12:04:56,ORCHARD CENTRAL,BTM-W-03,Women's Ezy Ankle Pants,Bottoms,Women,29.9,29.9,False,1,29.9,Cash
PUN-20260630-0149,2,2026-06-30 19:52:41,Punggol,UND-M-03,Men's Airism Mesh Boxer Briefs,UNDERWEAR,Men,14.9,14.9,False,1,14.9,PayNow
BUG-20260630-0047,3,2026-06-30 18:33:55,Bugis,SOK-W-02,Women's Pile Crew Socks,Socks,WOMEN,5.9,5.9,False,1,$5.9,Card
PUN-20260630-0497,2,2026-06-30 17:27:46,  Punggol  ,UND-M-10,Men's Cotton Blend Briefs,Underwear,Men,9.9,9.9,False,1,9.9,Cash
PUN-20260630-0408,1,2026-06-30 19:18:21,Punggol,TOP-M-01,Men's Airism Cotton Crew Neck T-Shirt,TOPS,Men,14.9,14.9,False,1,14.9,Card
PUN-20260630-0099,1,2026-06-30 20:07:48,punggol,TOP-W-04,Women's Heattech Crew Neck Long Sleeve Tee,Tops,Women,14.9,14.9,False,1,14.9,PayNow
ORC-20260630-0913,1,2026-06-30 13:36:34,Orchard Central,UND-W-01,Women's Airism Bikini Shorts,Underwear,Women,9.9,9.9,False,1,9.9,PayNow
ORC-20260630-0383,1,2026-06-30 20:14:19,  Orchard Central  ,TOP-M-01,Men's Airism Cotton Crew Neck T-Shirt,tops,Men,14.9,14.9,False,1,14.9,CARD
BUG-20260630-0150,2,2026-06-30 19:34:52,  Bugis  ,TOP-M-04,Men's Oxford Long Sleeve Shirt,Tops,Men,29.9,29.9,False,1,29.9,Card
BUG-20260630-0081,3,2026-06-30 20:20:07,  Bugis  ,SOK-W-03,Women's Airism Low-Cut Socks,Socks,Women,5.9,5.9,False,1,5.9,cash
PUN-20260630-0369,1,2026-06-30 13:48:33,Punggol,SOK-M-01,Men's Ankle Socks 3-Pack,Socks,Men,14.9,14.9,False,2,29.8,PayNow
ORC-20260630-0440,1,2026-06-30 17:23:37,Orchard Central,SOK-M-01,Men's Ankle Socks 3-Pack,Socks,Men,14.9,14.9,False,1,14.9,Card
BUG-20260630-0055,2,2026-06-30 20:48:04,Bugis,TOP-W-02,Women's Ribbed Long Sleeve Turtleneck,Tops,Women,19.9,19.9,False,1,19.9,CARD
PUN-20260630-0557,3,2026-06-30 13:26:23,Punggol,SOK-W-02,  Women's Pile Crew Socks  ,Socks,Women,$5.9,5.9,False,1,5.9,Card
ORC-20260630-0865,1,2026-06-30 21:55:52,Orchard Central,UND-W-03,Women's Cotton Blend Briefs,Underwear,women,9.9,9.9,False,1,9.9,PayNow
PUN-20260630-0244,2,2026-06-30 17:00:39,Punggol,UND-M-04,Men's Cotton Crew Neck Undershirt,Underwear,Men,14.9,14.9,False,1,14.9,Card
BUG-20260630-0808,3,2026-06-30 20:46:45,Bugis,UND-W-03,Women's Cotton Blend Briefs,Underwear,Women,9.9,9.9,False,1,9.9,Card
PUN-20260630-0023,2,2026-06-30 20:41:00,Punggol,UND-W-01,Women's Airism Bikini Shorts,Underwear,WOMEN,9.9,9.9,False,1,9.9,NETS
PUN-20260630-0064,2,2026-06-30 21:50:53,Punggol,SOK-M-02,Men's Pile Crew Socks,Socks,Men,5.9,5.9,False,1,5.9,Cash
ORC-20260630-0923,3,2026-06-30 12:04:14,Orchard Central,TOP-W-06,Women's Linen Blend Short Sleeve Shirt,Tops,Women,19.72,29.9,True,1,19.72,Cash
PUN-20260630-0285,2,2026-06-30 21:01:06,Punggol,SOK-W-04,Women's Ribbed Crew Socks,Socks,Women,5.9,5.9,False,1,5.9,Card
PUN-20260630-0177,3,2026-06-30 13:18:30,Punggol,UND-M-04,  Men's Cotton Crew Neck Undershirt  ,Underwear,Men,14.9,14.9,False,1,14.9,Card
BUG-20260630-0806,1,2026-06-30 19:12:51,BUGIS,SOK-M-03,Men's Airism Low-Cut Socks,Socks,Men,5.9,5.9,False,1,5.9,PayNow
ORC-20260630-0826,1,2026-06-30 17:37:01,Orchard Central,SOK-W-04,Women's Ribbed Crew Socks,Socks,Women,$5.9,5.9,False,1,5.9,PayNow
ORC-20260630-0978,1,2026-06-30 15:45:21,Orchard Central,SOK-M-04,Men's Ribbed Crew Socks,Socks,MEN,5.9,5.9,False,1,5.9,Cash
PUN-20260630-0524,1,2026-06-30 15:42:47,punggol,SOK-W-02,Women's Pile Crew Socks,Socks,Women,5.9,5.9,False,1,$5.9,Card
BUG-20260630-0279,1,2026-06-30 18:53:41,Bugis,SOK-M-02,Men's Pile Crew Socks,SOCKS,Men,5.9,5.9,False,1,5.9,Cash
BUG-20260630-0527,1,2026-06-30 20:13:28,Bugis,SOK-W-02,  Women's Pile Crew Socks  ,Socks,Women,5.9,5.9,False,1,5.9,PayNow
BUG-20260630-0520,1,2026-06-30 20:41:14,Bugis,SOK-W-03,Women's Airism Low-Cut Socks,Socks,Women,5.9,5.9,False,1,5.9,Nets
ORC-20260630-1000,2,2026-06-30 20:51:23,Orchard Central,UND-M-02,Men's Cotton Blend Trunks,Underwear,Men,14.9,14.9,False,1,14.9,NETS
BUG-20260630-0356,2,2026-06-30 18:41:52,Bugis,UND-W-04,Women's Airism T-Shirt Bra,Underwear,Women,29.9,29.9,False,1,29.9,Card
ORC-20260630-0364,1,2026-06-30 19:41:20,Orchard Central,UND-W-03,Women's Cotton Blend Briefs,Underwear,Women,9.9,9.9,False,1,9.9,Cash
PUN-20260630-0264,2,2026-06-30 18:39:29,Punggol,SOK-W-02,Women's Pile Crew Socks,SOCKS,Women,5.9,5.9,False,1,5.9,Card
BUG-20260630-0215,3,2026-06-30 21:51:09,BUGIS,BTM-W-02,Women's High-Rise Wide Leg Pants,Bottoms,Women,39.9,39.9,False,1,39.9,Card
ORC-20260630-1021,3,2026-06-30 20:53:14,Orchard Central,SOK-W-01,Women's Ankle Socks 3-Pack,Socks,Women,14.9,14.9,False,2,29.8,PayNow
BUG-20260630-0652,1,2026-06-30 20:47:19,Bugis,TOP-W-04,Women's Heattech Crew Neck Long Sleeve Tee,Tops,Women,14.9,14.9,False,1,14.9,NETS
ORC-20260630-1028,2,2026-06-30 22:50:10,Orchard Central,SOK-W-02,Women's Pile Crew Socks,Socks,Women,5.9,5.9,False,1,5.9,NETS
ORC-20260630-0434,2,2026-06-30 18:17:14,Orchard Central,UND-W-01,Women's Airism Bikini Shorts,Underwear,Women,9.9,9.9,False,1,9.9,PayNow
BUG-20260630-0534,1,2026-06-30 21:28:10,Bugis,SOK-M-07,Men's Striped Crew Socks,Socks,Men,5.9,5.9,False,1,5.9,Cash
BUG-20260630-0664,1,2026-06-30 21:42:24,Bugis,BTM-W-03,Women's Ezy Ankle Pants,Bottoms,women,29.9,29.9,False,1,29.9,PayNow
ORC-20260630-0771,1,2026-06-30 16:30:40,Orchard Central,SOK-W-04,Women's Ribbed Crew Socks,SOCKS,Women,5.9,5.9,False,1,5.9,Card
BUG-20260630-0054,1,2026-06-30 21:42:37,Bugis,TOP-W-06,Women's Linen Blend Short Sleeve Shirt,Tops,Women,19.72,29.9,True,1,19.72,Card
BUG-20260630-0112,1,2026-06-30 22:50:02,Bugis,SOK-W-03,Women's Airism Low-Cut Socks,Socks,Women,5.9,5.9,False,1,5.9,Cash
ORC-20260630-0855,1,2026-06-30 14:18:12,Orchard Central,SOK-W-04,Women's Ribbed Crew Socks,Socks,Women,5.9,5.9,False,1,5.9,Card
PUN-20260630-0460,1,2026-06-30 18:11:25,Punggol,TOP-M-02,Men's Supima Cotton Polo Shirt,Tops,Men,29.9,29.9,False,1,29.9,NETS
ORC-20260630-1025,1,2026-06-30 22:24:32,Orchard Central,TOP-W-04,Women's Heattech Crew Neck Long Sleeve Tee,Tops,Women,14.9,14.9,False,1,14.9,Card
BUG-20260630-0297,2,2026-06-30 17:15:44,BUGIS,SOK-W-02,Women's Pile Crew Socks,SOCKS,women,5.9,5.9,False,2,11.8,Card
BUG-20260630-0103,1,2026-06-30 11:34:02,Bugis,TOP-M-03,Men's Dry-EX Crew Neck T-Shirt,Tops,Men,19.9,19.9,False,1,19.9,NETS
ORC-20260630-0651,3,2026-06-30 22:20:42,Orchard Central,BTM-W-01,  Women's Ultra Stretch Skinny Jeans  ,Bottoms,Women,39.9,39.9,False,1,39.9,Card
PUN-20260630-0513,1,2026-06-30 11:54:11,Punggol,SOK-W-05,Women's Sport Ankle Socks,Socks,Women,4.27,5.9,True,1,4.27,Card
BUG-20260630-0768,1,2026-06-30 19:17:20,Bugis,SOK-M-01,  Men's Ankle Socks 3-Pack  ,Socks,Men,14.9,14.9,False,1,14.9,NETS
ORC-20260630-0534,1,2026-06-30 20:28:51,Orchard Central,UND-W-01,Women's Airism Bikini Shorts,Underwear,Women,9.9,9.9,False,1,9.9,NETS
BUG-20260630-0153,1,2026-06-30 16:57:22,Bugis,TOP-M-04,Men's Oxford Long Sleeve Shirt,tops,Men,29.9,29.9,False,1,29.9,Card
ORC-20260630-0053,1,2026-06-30 20:22:06,Orchard Central,UND-M-06,Men's Airism Sleeveless Undershirt,Underwear,Men,9.9,9.9,False,1,9.9,PayNow
ORC-20260630-0490,1,2026-06-30 22:13:40,Orchard Central,SOK-M-02,Men's Pile Crew Socks,Socks,men,5.9,5.9,False,1,5.9,Card
ORC-20260630-0026,1,2026-06-30 12:32:48,ORCHARD CENTRAL,UND-M-01,Men's Airism Boxer Briefs,Underwear,Men,14.9,14.9,False,1,14.9,PayNow
BUG-20260630-0578,2,2026-06-30 17:41:24,Bugis,SOK-W-03,Women's Airism Low-Cut Socks,Socks,Women,$5.9,5.9,False,1,5.9,Card
ORC-20260630-0265,2,2026-06-30 20:31:30,  Orchard Central  ,SOK-M-03,Men's Airism Low-Cut Socks,SOCKS,Men,5.9,5.9,False,1,5.9,PayNow
BUG-20260630-0893,2,2026-06-30 17:59:43,Bugis,TOP-M-03,  Men's Dry-EX Crew Neck T-Shirt  ,Tops,Men,19.9,19.9,False,1,$19.9,PayNow
ORC-20260630-0841,1,2026-06-30 11:01:35,Orchard Central,UND-M-03,Men's Airism Mesh Boxer Briefs,Underwear,Men,14.9,14.9,False,1,14.9,Card
BUG-20260630-0830,2,2026-06-30 16:46:46,Bugis,TOP-M-02,  Men's Supima Cotton Polo Shirt  ,Tops,Men,29.9,29.9,False,1,29.9,PayNow
BUG-20260630-0255,1,2026-06-30 21:36:54,Bugis,BTM-M-04,Men's Dry Stretch Shorts,Bottoms,Men,19.9,19.9,False,1,19.9,Card
BUG-20260630-0047,2,2026-06-30 18:33:55,Bugis,SOK-W-02,Women's Pile Crew Socks,Socks,Women,5.9,5.9,False,2,11.8,Card
BUG-20260630-0343,1,2026-06-30 18:02:14,Bugis,SOK-W-02,Women's Pile Crew Socks,Socks,WOMEN,5.9,5.9,False,1,5.9,Card
BUG-20260630-0699,1,2026-06-30 18:53:15,Bugis,UND-W-02,Women's Wireless Bra,Underwear,WOMEN,29.9,29.9,False,1,29.9,Card
BUG-20260630-0673,2,2026-06-30 17:11:41,Bugis,SOK-W-02,Women's Pile Crew Socks,Socks,Women,5.9,5.9,False,1,5.9,PayNow
PUN-20260630-0424,1,2026-06-30 21:30:26,Punggol,UND-W-01,Women's Airism Bikini Shorts,Underwear,women,9.9,9.9,False,1,9.9,Card
ORC-20260630-0570,1,2026-06-30 21:22:23,Orchard Central,SOK-W-04,Women's Ribbed Crew Socks,Socks,Women,5.9,5.9,False,1,5.9,Cash
PUN-20260630-0099,2,2026-06-30 20:07:48,Punggol,SOK-W-04,Women's Ribbed Crew Socks,Socks,WOMEN,5.9,5.9,False,1,5.9,PayNow
ORC-20260630-0446,1,2026-06-30 16:46:46,  Orchard Central  ,UND-W-01,Women's Airism Bikini Shorts,UNDERWEAR,Women,9.9,9.9,False,1,9.9,NETS
PUN-20260630-0334,2,2026-06-30 21:18:49,Punggol,BTM-M-02,Men's Slim Fit Chino Trousers,Bottoms,Men,29.9,29.9,False,1,29.9,NETS
ORC-20260630-0145,1,2026-06-30 17:24:58,Orchard Central,UND-M-04,Men's Cotton Crew Neck Undershirt,Underwear,Men,14.9,14.9,False,1,14.9,Cash
ORC-20260630-0117,2,2026-06-30 19:37:49,Orchard Central,SOK-M-03,Men's Airism Low-Cut Socks,Socks,Men,5.9,5.9,False,1,5.9,NETS
PUN-20260630-0555,1,2026-06-30 15:08:23,Punggol,UND-W-01,Women's Airism Bikini Shorts,Underwear,Women,9.9,9.9,False,1,9.9,Card
ORC-20260630-0465,2,2026-06-30 18:48:58,Orchard Central,UND-W-03,Women's Cotton Blend Briefs,Underwear,Women,9.9,9.9,False,1,9.9,Card
BUG-20260630-0947,1,2026-06-30 13:03:28,Bugis,SOK-W-01,Women's Ankle Socks 3-Pack,Socks,women,14.9,14.9,False,2,29.8,NETS
ORC-20260630-0907,1,2026-06-30 12:04:54,Orchard Central,SOK-W-01,Women's Ankle Socks 3-Pack,Socks,WOMEN,14.9,14.9,False,1,14.9,Cash
PUN-20260630-0412,1,2026-06-30 12:59:23,Punggol,SOK-M-02,Men's Pile Crew Socks,Socks,Men,5.9,5.9,False,1,5.9,Cash
PUN-20260630-0282,1,2026-06-30 17:32:47,Punggol,SOK-W-01,Women's Ankle Socks 3-Pack,Socks,Women,14.9,14.9,False,1,14.9,Card
ORC-20260630-0731,1,2026-06-30 18:09:05,Orchard Central,UND-W-02,Women's Wireless Bra,Underwear,Women,29.9,29.9,False,1,29.9,NETS
BUG-20260630-0662,1,2026-06-30 13:48:03,Bugis,SOK-W-04,Women's Ribbed Crew Socks,Socks,Women,5.9,5.9,False,1,5.9,Card
BUG-20260630-0463,2,2026-06-30 20:09:48,Bugis,TOP-M-02,Men's Supima Cotton Polo Shirt,Tops,Men,29.9,29.9,False,1,29.9,PayNow
BUG-20260630-0225,1,2026-06-30 19:00:07,Bugis,UND-M-03,Men's Airism Mesh Boxer Briefs,Underwear,men,14.9,14.9,False,1,14.9,Cash
PUN-20260630-0343,1,2026-06-30 11:09:03,Punggol,UND-W-01,Women's Airism Bikini Shorts,Underwear,Women,9.9,9.9,False,1,9.9,Card
BUG-20260630-0566,1,2026-06-30 13:42:14,  BUGIS  ,TOP-W-01,,Tops,Women,14.9,14.9,False,1,14.9,NETS
ORC-20260630-0213,1,2026-06-30 22:10:01,Orchard Central,SOK-W-02,Women's Pile Crew Socks,Socks,Women,5.9,5.9,False,1,5.9,PayNow
BUG-20260630-0688,2,2026-06-30 15:21:17,Bugis,SOK-M-03,Men's Airism Low-Cut Socks,Socks,Men,5.9,5.9,False,2,11.8,Card
PUN-20260630-0268,2,2026-06-30 16:23:27,Punggol,TOP-W-02,  Women's Ribbed Long Sleeve Turtleneck  ,Tops,women,19.9,19.9,False,1,19.9,PayNow
ORC-20260630-0786,2,2026-06-30 21:18:14,Orchard Central,TOP-W-01,Women's Airism Cotton Crew Neck T-Shirt,tops,Women,14.9,14.9,False,1,14.9,Cash
ORC-20260630-1037,2,2026-06-30 20:43:45,Orchard Central,SOK-M-03,Men's Airism Low-Cut Socks,Socks,MEN,5.9,5.9,False,1,5.9,Cash
PUN-20260630-0086,2,2026-06-30 19:49:47,Punggol,TOP-W-03,Women's Silky Satin Blouse,Tops,Women,39.9,39.9,False,1,39.9,Cash
ORC-20260630-1030,3,2026-06-30 14:39:52,Orchard Central,UND-M-02,Men's Cotton Blend Trunks,Underwear,Men,14.9,14.9,False,1,14.9,Nets
PUN-20260630-0415,2,2026-06-30 21:02:18,Punggol,SOK-W-01,Women's Ankle Socks 3-Pack,Socks,Women,14.9,14.9,False,1,14.9,Card
BUG-20260630-0591,1,2026-06-30 19:32:04,bugis,TOP-W-02,Women's Ribbed Long Sleeve Turtleneck,Tops,Women,19.9,19.9,False,1,19.9,Card
BUG-20260630-0059,1,2026-06-30 13:05:14,Bugis,SOK-M-04,  Men's Ribbed Crew Socks  ,SOCKS,MEN,5.9,5.9,False,1,5.9,Cash
ORC-20260630-0827,1,2026-06-30 13:05:11,ORCHARD CENTRAL,UND-M-06,Men's Airism Sleeveless Undershirt,Underwear,Men,9.9,9.9,False,1,9.9,CARD
ORC-20260630-0236,1,2026-06-30 14:42:41,Orchard Central,SOK-M-04,  Men's Ribbed Crew Socks  ,Socks,Men,5.9,5.9,False,1,5.9,Card
ORC-20260630-0968,1,2026-06-30 21:16:08,Orchard Central,UND-M-04,Men's Cotton Crew Neck Undershirt,Underwear,men,14.9,14.9,False,1,14.9,Cash
BUG-20260630-0327,1,2026-06-30 18:41:44,Bugis,SOK-W-02,Women's Pile Crew Socks,Socks,Women,5.9,5.9,False,1,5.9,PayNow
PUN-20260630-0551,2,2026-06-30 19:37:04,Punggol,SOK-W-04,Women's Ribbed Crew Socks,Socks,women,5.9,5.9,False,1,5.9,Cash
ORC-20260630-1032,1,2026-06-30 20:26:15,  orchard central  ,SOK-W-02,Women's Pile Crew Socks,Socks,Women,5.9,5.9,False,1,5.9,PayNow
BUG-20260630-0784,1,2026-06-30 20:03:14,Bugis,TOP-M-01,Men's Airism Cotton Crew Neck T-Shirt,Tops,men,14.9,14.9,False,1,14.9,PayNow
ORC-20260630-0082,1,2026-06-30 19:54:57,Orchard Central,TOP-M-01,Men's Airism Cotton Crew Neck T-Shirt,Tops,Men,14.9,14.9,False,1,14.9,PayNow
PUN-20260630-0090,3,2026-06-30 18:26:07,Punggol,TOP-W-02,Women's Ribbed Long Sleeve Turtleneck,Tops,Women,19.9,19.9,False,1,19.9,PayNow
PUN-20260630-0482,1,2026-06-30 20:53:09,Punggol,SOK-W-02,Women's Pile Crew Socks,Socks,Women,5.9,5.9,False,1,5.9,CARD
ORC-20260630-0649,3,2026-06-30 18:59:15,Orchard Central,UND-M-01,Men's Airism Boxer Briefs,UNDERWEAR,Men,14.9,14.9,False,1,14.9,Card
PUN-20260630-0257,1,2026-06-30 21:05:49,Punggol,SOK-M-01,Men's Ankle Socks 3-Pack,Socks,MEN,14.9,14.9,False,1,14.9,CARD
BUG-20260630-0685,2,2026-06-30 18:13:49,Bugis,TOP-W-01,Women's Airism Cotton Crew Neck T-Shirt,Tops,Women,14.9,14.9,False,1,14.9,PayNow
BUG-20260630-0005,2,2026-06-30 20:04:40,Bugis,SOK-M-03,Men's Airism Low-Cut Socks,Socks,Men,5.9,5.9,False,1,5.9,Cash
BUG-20260630-0779,2,2026-06-30 20:11:57,Bugis,UND-W-03,Women's Cotton Blend Briefs,UNDERWEAR,Women,9.9,9.9,False,1,9.9,PayNow
ORC-20260630-0149,1,2026-06-30 12:46:26,Orchard Central,SOK-M-04,Men's Ribbed Crew Socks,Socks,Men,5.9,5.9,False,1,5.9,Card
PUN-20260630-0510,2,2026-06-30 20:18:34,  Punggol  ,BTM-M-04,Men's Dry Stretch Shorts,Bottoms,men,$19.9,19.9,False,1,19.9,Card
PUN-20260630-0267,1,2026-06-30 18:48:06,Punggol,SOK-M-04,Men's Ribbed Crew Socks,Socks,Men,5.9,5.9,False,1,5.9,Paynow
PUN-20260630-0472,1,2026-06-30 14:03:33,Punggol,UND-W-09,  Women's Cotton Boyshorts  ,Underwear,Women,9.9,9.9,False,1,9.9,Card
ORC-20260630-0764,1,2026-06-30 20:20:46,Orchard Central,UND-M-02,Men's Cotton Blend Trunks,underwear,Men,$14.9,14.9,False,1,14.9,Card
ORC-20260630-0269,1,2026-06-30 19:39:43,Orchard Central,SOK-W-02,  Women's Pile Crew Socks  ,Socks,Women,5.9,5.9,False,1,5.9,NETS
BUG-20260630-0183,3,2026-06-30 15:14:15,Bugis,TOP-M-01,Men's Airism Cotton Crew Neck T-Shirt,Tops,Men,14.9,14.9,False,1,14.9,Card
PUN-20260630-0168,1,2026-06-30 22:19:14,Punggol,BTM-W-02,Women's High-Rise Wide Leg Pants,Bottoms,women,39.9,39.9,False,1,39.9,PayNow
ORC-20260630-0630,1,2026-06-30 20:07:56,  Orchard Central  ,SOK-W-02,Women's Pile Crew Socks,Socks,Women,5.9,5.9,False,1,5.9,PAYNOW
PUN-20260630-0399,3,2026-06-30 16:50:55,Punggol,SOK-W-02,Women's Pile Crew Socks,Socks,Women,5.9,5.9,False,1,5.9,Card
ORC-20260630-0668,2,2026-06-30 13:10:20,Orchard Central,SOK-M-02,Men's Pile Crew Socks,Socks,Men,5.9,5.9,False,1,5.9,Card
BUG-20260630-0419,1,2026-06-30 15:22:28,Bugis,SOK-W-04,Women's Ribbed Crew Socks,Socks,women,5.9,5.9,False,1,5.9,Cash
ORC-20260630-0393,2,2026-06-30 16:04:07,orchard central,UND-W-01,Women's Airism Bikini Shorts,Underwear,Women,9.9,9.9,False,1,9.9,PayNow
PUN-20260630-0160,3,2026-06-30 14:46:11,Punggol,SOK-W-02,Women's Pile Crew Socks,Socks,Women,5.9,5.9,False,1,5.9,NETS
ORC-20260630-1038,1,2026-06-30 20:14:09,Orchard Central,TOP-W-02,Women's Ribbed Long Sleeve Turtleneck,Tops,Women,19.9,19.9,False,1,19.9,PayNow
ORC-20260630-0291,2,2026-06-30 17:23:28,Orchard Central,SOK-W-04,Women's Ribbed Crew Socks,Socks,Women,5.9,5.9,False,1,5.9,card
BUG-20260630-0045,3,2026-06-30 22:07:32,BUGIS,UND-M-02,Men's Cotton Blend Trunks,Underwear,Men,14.9,14.9,False,2,29.8,CARD
ORC-20260630-0262,1,2026-06-30 20:20:47,Orchard Central,TOP-W-03,Women's Silky Satin Blouse,Tops,Women,39.9,39.9,False,1,39.9,Card
ORC-20260630-0879,2,2026-06-30 18:22:23,Orchard Central,SOK-M-04,Men's Ribbed Crew Socks,socks,Men,5.9,5.9,False,1,5.9,card
BUG-20260630-0411,1,2026-06-30 20:05:14,Bugis,TOP-W-02,Women's Ribbed Long Sleeve Turtleneck,Tops,Women,19.9,19.9,False,1,19.9,card
PUN-20260630-0190,1,2026-06-30 20:27:29,punggol,UND-W-03,Women's Cotton Blend Briefs,Underwear,Women,9.9,9.9,False,1,9.9,PayNow
BUG-20260630-0646,1,2026-06-30 18:47:58,Bugis,SOK-M-09,Men's No-Show Sneaker Socks,Socks,Men,4.17,5.9,True,1,4.17,Card
ORC-20260630-0635,3,2026-06-30 15:43:31,Orchard Central,UND-W-01,Women's Airism Bikini Shorts,Underwear,Women,9.9,9.9,False,1,9.9,Card
BUG-20260630-0489,2,2026-06-30 13:58:16,Bugis,TOP-M-02,  Men's Supima Cotton Polo Shirt  ,TOPS,Men,29.9,29.9,False,1,29.9,PayNow
ORC-20260630-0510,3,2026-06-30 22:01:21,  Orchard Central  ,SOK-M-01,Men's Ankle Socks 3-Pack,Socks,Men,14.9,14.9,False,1,14.9,PayNow
PUN-20260630-0010,2,2026-06-30 19:40:37,  Punggol  ,TOP-M-02,Men's Supima Cotton Polo Shirt,tops,Men,29.9,29.9,False,1,29.9,Cash
PUN-20260630-0100,1,2026-06-30 21:34:39,punggol,TOP-M-04,  Men's Oxford Long Sleeve Shirt  ,Tops,Men,29.9,29.9,False,1,29.9,Card
ORC-20260630-0552,1,2026-06-30 15:45:05,Orchard Central,UND-M-02,Men's Cotton Blend Trunks,Underwear,Men,14.9,14.9,False,1,14.9,Card
ORC-20260630-0544,1,2026-06-30 18:40:29,Orchard Central,SOK-W-04,Women's Ribbed Crew Socks,Socks,Women,5.9,5.9,False,1,5.9,paynow
BUG-20260630-0907,1,2026-06-30 15:36:04,Bugis,SOK-W-04,Women's Ribbed Crew Socks,Socks,Women,5.9,5.9,False,1,5.9,
ORC-20260630-1050,1,2026-06-30 19:46:31,Orchard Central,SOK-M-04,  Men's Ribbed Crew Socks  ,Socks,Men,5.9,5.9,False,1,5.9,PayNow
BUG-20260630-0026,2,2026-06-30 17:46:12,BUGIS,SOK-M-09,Men's No-Show Sneaker Socks,Socks,Men,4.17,5.9,True,1,$4.17,Card
PUN-20260630-0181,1,2026-06-30 17:06:32,Punggol,UND-W-03,Women's Cotton Blend Briefs,Underwear,Women,9.9,9.9,False,2,19.8,PayNow
PUN-20260630-0304,2,2026-06-30 21:00:17,Punggol,TOP-W-06,Women's Linen Blend Short Sleeve Shirt,Tops,Women,19.72,29.9,True,1,19.72,Cash
BUG-20260630-0940,3,2026-06-30 18:22:38,Bugis,SOK-W-07,Women's Striped Crew Socks,Socks,Women,5.9,5.9,False,1,5.9,NETS
BUG-20260630-0269,1,2026-06-30 20:35:02,Bugis,TOP-W-04,Women's Heattech Crew Neck Long Sleeve Tee,Tops,Women,14.9,14.9,False,1,14.9,NETS
BUG-20260630-0890,3,2026-06-30 17:19:09,Bugis,UND-M-02,Men's Cotton Blend Trunks,Underwear,Men,14.9,14.9,False,2,29.8,
ORC-20260630-0421,2,2026-06-30 12:23:45,Orchard Central,BTM-W-03,Women's Ezy Ankle Pants,Bottoms,Women,29.9,29.9,False,1,29.9,Card
PUN-20260630-0071,1,2026-06-30 18:24:46,Punggol,TOP-W-04,Women's Heattech Crew Neck Long Sleeve Tee,Tops,women,$14.9,14.9,False,1,14.9,Card
ORC-20260630-1057,1,2026-06-30 18:41:54,orchard central,SOK-W-02,Women's Pile Crew Socks,Socks,Women,5.9,5.9,False,1,5.9,card
ORC-20260630-0260,1,2026-06-30 15:58:15,Orchard Central,TOP-W-04,Women's Heattech Crew Neck Long Sleeve Tee,Tops,women,14.9,14.9,False,1,14.9,Card
ORC-20260630-0246,2,2026-06-30 20:17:18,Orchard Central,UND-M-01,Men's Airism Boxer Briefs,Underwear,Men,14.9,14.9,False,1,14.9,Card
ORC-20260630-0004,1,2026-06-30 18:23:33,Orchard Central,SOK-W-04,Women's Ribbed Crew Socks,Socks,Women,5.9,5.9,False,1,5.9,Cash
ORC-20260630-0371,1,2026-06-30 20:16:42,Orchard Central,BTM-W-04,Women's Denim Straight Jeans,Bottoms,Women,49.9,49.9,False,1,49.9,PayNow
ORC-20260630-0881,3,2026-06-30 15:36:02,Orchard Central,UND-W-01,Women's Airism Bikini Shorts,Underwear,Women,9.9,9.9,False,2,19.8,PAYNOW
PUN-20260630-0168,3,2026-06-30 22:19:14,Punggol,SOK-W-01,Women's Ankle Socks 3-Pack,Socks,Women,14.9,14.9,False,1,14.9,PayNow
BUG-20260630-0252,2,2026-06-30 11:46:27,Bugis,UND-W-02,Women's Wireless Bra,Underwear,Women,29.9,29.9,False,2,59.8,Card
BUG-20260630-0819,1,2026-06-30 18:41:11,Bugis,SOK-M-04,Men's Ribbed Crew Socks,Socks,Men,5.9,5.9,False,1,5.9,PayNow
BUG-20260630-0393,2,2026-06-30 20:28:06,Bugis,SOK-M-02,Men's Pile Crew Socks,socks,Men,5.9,5.9,False,1,5.9,CARD
ORC-20260630-0717,1,2026-06-30 20:26:43,Orchard Central,BTM-M-04,Men's Dry Stretch Shorts,Bottoms,Men,19.9,19.9,False,1,19.9,Card
BUG-20260630-0747,1,2026-06-30 20:24:17,BUGIS,UND-W-04,Women's Airism T-Shirt Bra,Underwear,Women,29.9,29.9,False,2,59.8,PayNow
BUG-20260630-0311,2,2026-06-30 21:11:35,bugis,TOP-W-01,Women's Airism Cotton Crew Neck T-Shirt,Tops,Women,14.9,14.9,False,1,14.9,Card
BUG-20260630-0485,1,2026-06-30 18:42:14,Bugis,SOK-M-09,Men's No-Show Sneaker Socks,Socks,Men,4.17,5.9,True,1,4.17,Cash
ORC-20260630-0949,2,2026-06-30 21:50:34,Orchard Central,SOK-M-05,Men's Sport Ankle Socks,Socks,Men,4.36,5.9,True,1,4.36,Cash
ORC-20260630-0098,2,2026-06-30 21:00:47,Orchard Central,UND-W-02,Women's Wireless Bra,UNDERWEAR,Women,29.9,29.9,False,1,29.9,Cash
BUG-20260630-0120,2,2026-06-30 18:42:16,bugis,SOK-M-04,Men's Ribbed Crew Socks,Socks,men,5.9,5.9,False,1,$5.9,NETS
BUG-20260630-0506,1,2026-06-30 16:32:27,Bugis,TOP-W-04,Women's Heattech Crew Neck Long Sleeve Tee,Tops,Women,14.9,14.9,False,1,14.9,Card
ORC-20260630-0883,2,2026-06-30 19:14:58,Orchard Central,UND-W-01,Women's Airism Bikini Shorts,Underwear,Women,9.9,9.9,False,2,19.8,Card
ORC-20260630-0696,2,2026-06-30 16:19:58,  ORCHARD CENTRAL  ,SOK-W-02,Women's Pile Crew Socks,Socks,women,5.9,5.9,False,1,5.9,NETS
BUG-20260630-0336,2,2026-06-30 20:04:39,Bugis,TOP-W-01,  Women's Airism Cotton Crew Neck T-Shirt  ,Tops,Women,14.9,14.9,False,1,14.9,NETS
BUG-20260630-0209,2,2026-06-30 22:03:02,Bugis,SOK-W-04,Women's Ribbed Crew Socks,Socks,WOMEN,5.9,5.9,False,1,5.9,Card
PUN-20260630-0005,1,2026-06-30 20:21:14,Punggol,SOK-M-01,Men's Ankle Socks 3-Pack,Socks,Men,14.9,14.9,False,1,14.9,Card
ORC-20260630-0254,1,2026-06-30 19:05:39,Orchard Central,BTM-M-03,Men's Selvedge Regular Fit Jeans,Bottoms,Men,59.9,59.9,False,1,59.9,CARD
PUN-20260630-0583,2,2026-06-30 22:28:26,Punggol,SOK-W-02,Women's Pile Crew Socks,SOCKS,Women,5.9,5.9,False,1,5.9,card
BUG-20260630-0832,1,2026-06-30 20:10:56,Bugis,SOK-M-09,Men's No-Show Sneaker Socks,Socks,MEN,4.17,5.9,True,1,4.17,Card
PUN-20260630-0536,2,2026-06-30 20:29:04,Punggol,SOK-M-04,Men's Ribbed Crew Socks,Socks,Men,5.9,5.9,False,1,5.9,paynow
BUG-20260630-0802,3,2026-06-30 16:37:32,Bugis,TOP-M-01,Men's Airism Cotton Crew Neck T-Shirt,Tops,Men,14.9,14.9,False,1,14.9,NETS
BUG-20260630-0706,3,2026-06-30 13:41:49,Bugis,UND-M-02,Men's Cotton Blend Trunks,Underwear,Men,14.9,14.9,False,1,14.9,Card
BUG-20260630-0058,1,2026-06-30 18:21:11,Bugis,SOK-M-04,Men's Ribbed Crew Socks,Socks,MEN,5.9,5.9,False,1,5.9,Card
ORC-20260630-1038,3,2026-06-30 20:14:09,Orchard Central,SOK-M-01,Men's Ankle Socks 3-Pack,Socks,Men,14.9,14.9,False,1,14.9,PAYNOW
BUG-20260630-0601,3,2026-06-30 11:11:14,Bugis,TOP-M-01,Men's Airism Cotton Crew Neck T-Shirt,Tops,Men,14.9,14.9,False,1,14.9,Card
PUN-20260630-0481,2,2026-06-30 12:33:53,Punggol,TOP-W-03,Women's Silky Satin Blouse,Tops,Women,39.9,39.9,False,1,39.9,Card
BUG-20260630-0620,1,2026-06-30 20:11:52,  Bugis  ,SOK-M-02,  Men's Pile Crew Socks  ,Socks,Men,5.9,5.9,False,2,11.8,NETS
ORC-20260630-0820,2,2026-06-30 18:25:46,  Orchard Central  ,UND-M-01,Men's Airism Boxer Briefs,underwear,Men,14.9,14.9,False,1,14.9,
PUN-20260630-0535,2,2026-06-30 12:12:53,Punggol,SOK-M-01,Men's Ankle Socks 3-Pack,Socks,Men,14.9,14.9,False,1,14.9,Card
PUN-20260630-0517,1,2026-06-30 20:29:30,Punggol,TOP-W-02,Women's Ribbed Long Sleeve Turtleneck,tops,Women,19.9,19.9,False,1,$19.9,NETS
ORC-20260630-0137,2,2026-06-30 20:57:20,Orchard Central,UND-M-01,Men's Airism Boxer Briefs,Underwear,Men,14.9,14.9,False,1,14.9,Card
ORC-20260630-0814,1,2026-06-30 19:23:30,  Orchard Central  ,SOK-W-01,Women's Ankle Socks 3-Pack,socks,Women,14.9,14.9,False,1,$14.9,Card
ORC-20260630-0946,3,2026-06-30 20:35:22,Orchard Central,TOP-W-01,Women's Airism Cotton Crew Neck T-Shirt,Tops,Women,14.9,14.9,False,1,14.9,NETS
BUG-20260630-0405,2,2026-06-30 20:01:42,Bugis,SOK-W-02,Women's Pile Crew Socks,Socks,Women,5.9,5.9,False,1,5.9,
ORC-20260630-0839,2,2026-06-30 16:51:25,Orchard Central,UND-W-10,Women's Wireless Bralette,Underwear,Women,29.9,29.9,False,1,29.9,NETS
PUN-20260630-0403,1,2026-06-30 15:13:30,Punggol,TOP-M-04,Men's Oxford Long Sleeve Shirt,Tops,Men,29.9,29.9,False,1,29.9,Card
PUN-20260630-0581,2,2026-06-30 19:48:37,Punggol,SOK-W-03,Women's Airism Low-Cut Socks,socks,women,5.9,5.9,False,1,5.9,NETS
ORC-20260630-0303,1,2026-06-30 14:29:00,Orchard Central,SOK-W-02,Women's Pile Crew Socks,Socks,Women,5.9,5.9,False,1,5.9,Card
PUN-20260630-0196,2,2026-06-30 19:32:34,punggol,SOK-M-03,  Men's Airism Low-Cut Socks  ,Socks,Men,5.9,5.9,False,1,5.9,Card
BUG-20260630-0075,1,2026-06-30 14:32:12,Bugis,BTM-M-04,Men's Dry Stretch Shorts,Bottoms,Men,19.9,19.9,False,1,19.9,Card
BUG-20260630-0109,2,2026-06-30 16:32:36,Bugis,SOK-W-02,Women's Pile Crew Socks,Socks,Women,5.9,5.9,False,1,5.9,Card
ORC-20260630-0664,3,2026-06-30 16:19:43,Orchard Central,UND-W-01,Women's Airism Bikini Shorts,Underwear,WOMEN,9.9,9.9,False,2,19.8,PayNow
PUN-20260630-0149,1,2026-06-30 19:52:41,Punggol,SOK-W-04,Women's Ribbed Crew Socks,Socks,Women,5.9,5.9,False,1,5.9,PayNow
BUG-20260630-0303,1,2026-06-30 21:53:51,Bugis,UND-M-03,Men's Airism Mesh Boxer Briefs,underwear,Men,14.9,14.9,False,1,14.9,Card
ORC-20260630-0888,1,2026-06-30 16:14:55,Orchard Central,SOK-W-02,Women's Pile Crew Socks,Socks,Women,5.9,5.9,False,1,5.9,Card
PUN-20260630-0097,3,2026-06-30 19:35:22,Punggol,UND-W-01,Women's Airism Bikini Shorts,Underwear,Women,9.9,9.9,False,1,9.9,Card
BUG-20260630-0162,1,2026-06-30 18:20:23,Bugis,SOK-M-03,Men's Airism Low-Cut Socks,socks,MEN,5.9,5.9,False,2,11.8,PayNow
ORC-20260630-0309,1,2026-06-30 17:17:46,Orchard Central,SOK-M-02,Men's Pile Crew Socks,Socks,Men,5.9,5.9,False,1,5.9,PayNow
BUG-20260630-0880,3,2026-06-30 12:04:41,Bugis,SOK-W-03,Women's Airism Low-Cut Socks,Socks,Women,5.9,5.9,False,2,11.8,Card
PUN-20260630-0358,2,2026-06-30 22:22:08,Punggol,UND-M-02,Men's Cotton Blend Trunks,Underwear,Men,14.9,14.9,False,1,14.9,NETS
PUN-20260630-0455,3,2026-06-30 13:30:12,PUNGGOL,SOK-W-03,Women's Airism Low-Cut Socks,Socks,women,5.9,5.9,False,1,5.9,PayNow
PUN-20260630-0314,3,2026-06-30 18:36:21,Punggol,SOK-W-05,Women's Sport Ankle Socks,Socks,Women,4.27,5.9,True,1,4.27,Cash
BUG-20260630-0182,3,2026-06-30 21:53:06,Bugis,TOP-M-03,Men's Dry-EX Crew Neck T-Shirt,Tops,Men,19.9,19.9,False,1,19.9,Card
BUG-20260630-0684,1,2026-06-30 20:34:24,Bugis,TOP-W-06,Women's Linen Blend Short Sleeve Shirt,Tops,Women,19.72,29.9,True,1,19.72,Card
BUG-20260630-0682,1,2026-06-30 20:40:07,Bugis,UND-M-07,Men's Stretch Cotton Boxers,Underwear,Men,14.9,14.9,False,1,14.9,Card
BUG-20260630-0189,2,2026-06-30 14:07:07,Bugis,UND-M-03,Men's Airism Mesh Boxer Briefs,Underwear,Men,14.9,14.9,False,1,14.9,Card
BUG-20260630-0271,2,2026-06-30 19:24:29,  Bugis  ,UND-M-03,Men's Airism Mesh Boxer Briefs,Underwear,Men,14.9,14.9,False,2,29.8,card
ORC-20260630-0992,1,2026-06-30 20:05:47,Orchard Central,BTM-W-10,Women's High Waist Denim Shorts,Bottoms,Women,29.9,29.9,False,1,29.9,PayNow
PUN-20260630-0400,1,2026-06-30 20:20:03,punggol,UND-M-02,Men's Cotton Blend Trunks,Underwear,Men,14.9,14.9,False,2,29.8,Card
ORC-20260630-0859,1,2026-06-30 18:50:59,Orchard Central,TOP-W-01,Women's Airism Cotton Crew Neck T-Shirt,Tops,Women,14.9,14.9,False,1,14.9,Cash
PUN-20260630-0123,1,2026-06-30 21:37:27,Punggol,TOP-M-04,Men's Oxford Long Sleeve Shirt,Tops,Men,29.9,29.9,False,1,29.9,PayNow
ORC-20260630-0689,3,2026-06-30 15:16:09,Orchard Central,UND-W-01,Women's Airism Bikini Shorts,Underwear,Women,9.9,9.9,False,1,9.9,Cash
ORC-20260630-0199,1,2026-06-30 15:40:47,Orchard Central,SOK-M-05,  Men's Sport Ankle Socks  ,socks,Men,4.36,5.9,True,1,4.36,Card
ORC-20260630-0539,2,2026-06-30 11:32:38,Orchard Central,SOK-W-04,Women's Ribbed Crew Socks,Socks,Women,5.9,5.9,False,1,5.9,Cash
BUG-20260630-0742,1,2026-06-30 19:19:26,Bugis,SOK-M-04,Men's Ribbed Crew Socks,Socks,Men,5.9,5.9,False,2,11.8,Card
BUG-20260630-0551,1,2026-06-30 20:48:11,Bugis,SOK-M-02,Men's Pile Crew Socks,socks,Men,5.9,5.9,False,1,5.9,Cash
PUN-20260630-0049,2,2026-06-30 18:13:34,Punggol,BTM-W-02,Women's High-Rise Wide Leg Pants,Bottoms,Women,39.9,39.9,False,1,39.9,PayNow
PUN-20260630-0072,2,2026-06-30 20:16:11,punggol,SOK-W-02,Women's Pile Crew Socks,Socks,WOMEN,5.9,5.9,False,2,11.8,
ORC-20260630-1004,2,2026-06-30 18:06:28,Orchard Central,SOK-W-04,Women's Ribbed Crew Socks,Socks,Women,5.9,5.9,False,1,5.9,Card
ORC-20260630-0146,2,2026-06-30 12:31:04,Orchard Central,SOK-M-03,Men's Airism Low-Cut Socks,Socks,Men,5.9,5.9,False,2,11.8,PayNow
BUG-20260630-0638,2,2026-06-30 17:44:24,  Bugis  ,SOK-M-03,Men's Airism Low-Cut Socks,Socks,Men,5.9,5.9,False,1,5.9,Card
ORC-20260630-0565,3,2026-06-30 12:53:33,Orchard Central,SOK-W-04,Women's Ribbed Crew Socks,Socks,Women,5.9,5.9,False,2,11.8,PayNow
ORC-20260630-0818,1,2026-06-30 14:01:39,Orchard Central,SOK-M-04,Men's Ribbed Crew Socks,SOCKS,Men,5.9,5.9,False,1,5.9,NETS
ORC-20260630-0238,1,2026-06-30 21:49:04,orchard central,UND-M-04,Men's Cotton Crew Neck Undershirt,Underwear,Men,14.9,14.9,False,1,14.9,Card
PUN-20260630-0119,2,2026-06-30 20:56:41,  Punggol  ,TOP-W-06,Women's Linen Blend Short Sleeve Shirt,TOPS,Women,$19.72,29.9,True,1,$19.72,Card
ORC-20260630-0434,1,2026-06-30 18:17:14,  Orchard Central  ,UND-W-01,Women's Airism Bikini Shorts,UNDERWEAR,Women,9.9,9.9,False,1,9.9,PayNow
BUG-20260630-0151,3,2026-06-30 19:58:54,Bugis,SOK-W-02,Women's Pile Crew Socks,Socks,Women,5.9,5.9,False,1,5.9,NETS
BUG-20260630-0022,2,2026-06-30 18:19:28,  Bugis  ,SOK-W-03,Women's Airism Low-Cut Socks,SOCKS,Women,$5.9,5.9,False,1,5.9,PayNow
PUN-20260630-0080,1,2026-06-30 17:54:32,Punggol,BTM-W-01,Women's Ultra Stretch Skinny Jeans,Bottoms,Women,39.9,39.9,False,1,39.9,Card
BUG-20260630-0004,2,2026-06-30 14:38:03,Bugis,TOP-W-01,Women's Airism Cotton Crew Neck T-Shirt,Tops,WOMEN,14.9,14.9,False,1,14.9,card
BUG-20260630-0438,2,2026-06-30 21:15:54,  Bugis  ,SOK-M-04,Men's Ribbed Crew Socks,Socks,Men,5.9,5.9,False,1,5.9,Card
ORC-20260630-0611,2,2026-06-30 21:34:28,Orchard Central,TOP-M-01,Men's Airism Cotton Crew Neck T-Shirt,Tops,Men,14.9,14.9,False,1,14.9,Paynow
BUG-20260630-0804,1,2026-06-30 19:07:11,BUGIS,SOK-W-04,Women's Ribbed Crew Socks,Socks,Women,5.9,5.9,False,1,5.9,PayNow
BUG-20260630-0059,3,2026-06-30 13:05:14,  bugis  ,TOP-W-01,Women's Airism Cotton Crew Neck T-Shirt,Tops,Women,14.9,14.9,False,1,$14.9,Cash
ORC-20260630-0845,2,2026-06-30 22:33:46,Orchard Central,UND-W-03,Women's Cotton Blend Briefs,Underwear,Women,$9.9,9.9,False,1,9.9,Card
ORC-20260630-0596,2,2026-06-30 17:55:09,orchard central,UND-W-03,Women's Cotton Blend Briefs,Underwear,Women,9.9,9.9,False,1,9.9,PayNow
PUN-20260630-0530,1,2026-06-30 18:32:21,Punggol,SOK-M-04,  Men's Ribbed Crew Socks  ,Socks,Men,5.9,5.9,False,1,5.9,Card
BUG-20260630-0120,1,2026-06-30 18:42:16,Bugis,SOK-W-04,Women's Ribbed Crew Socks,Socks,WOMEN,5.9,5.9,False,1,5.9,NETS
ORC-20260630-1074,3,2026-06-30 21:55:19,Orchard Central,SOK-W-02,Women's Pile Crew Socks,Socks,Women,5.9,5.9,False,1,5.9,PayNow
ORC-20260630-1078,1,2026-06-30 19:18:39,Orchard Central,SOK-M-02,Men's Pile Crew Socks,Socks,Men,5.9,5.9,False,2,11.8,Cash
PUN-20260630-0323,1,2026-06-30 21:28:57,Punggol,UND-M-02,,Underwear,Men,14.9,14.9,False,1,14.9,Card
ORC-20260630-0218,2,2026-06-30 16:33:21,  Orchard Central  ,SOK-M-01,Men's Ankle Socks 3-Pack,Socks,Men,14.9,14.9,False,1,14.9,PayNow
BUG-20260630-0684,2,2026-06-30 20:34:24,Bugis,SOK-M-07,Men's Striped Crew Socks,Socks,Men,5.9,5.9,False,1,5.9,Card
ORC-20260630-0424,2,2026-06-30 18:59:53,Orchard Central,BTM-W-03,Women's Ezy Ankle Pants,Bottoms,Women,29.9,29.9,False,1,29.9,Card
ORC-20260630-0170,2,2026-06-30 17:46:37,Orchard Central,TOP-M-03,Men's Dry-EX Crew Neck T-Shirt,TOPS,Men,19.9,19.9,False,1,19.9,PayNow
PUN-20260630-0271,2,2026-06-30 11:15:34,Punggol,UND-M-02,Men's Cotton Blend Trunks,Underwear,Men,14.9,14.9,False,1,14.9,PayNow
PUN-20260630-0412,3,2026-06-30 12:59:23,Punggol,SOK-M-04,Men's Ribbed Crew Socks,Socks,Men,5.9,5.9,False,1,5.9,Cash
PUN-20260630-0024,2,2026-06-30 12:52:58,Punggol,SOK-W-02,Women's Pile Crew Socks,Socks,Women,$5.9,5.9,False,1,5.9,CARD
PUN-20260630-0483,2,2026-06-30 12:41:00,PUNGGOL,SOK-W-04,Women's Ribbed Crew Socks,Socks,Women,$5.9,5.9,False,1,5.9,Card
ORC-20260630-1076,3,2026-06-30 16:24:16,  Orchard Central  ,SOK-M-04,Men's Ribbed Crew Socks,Socks,Men,5.9,5.9,False,1,5.9,NETS
ORC-20260630-0542,3,2026-06-30 14:49:57,Orchard Central,BTM-M-04,Men's Dry Stretch Shorts,Bottoms,Men,19.9,19.9,False,1,19.9,PAYNOW
ORC-20260630-0482,1,2026-06-30 13:27:31,orchard central,UND-M-04,Men's Cotton Crew Neck Undershirt,Underwear,Men,14.9,14.9,False,1,14.9,PayNow
PUN-20260630-0426,1,2026-06-30 20:59:25,Punggol,SOK-W-04,Women's Ribbed Crew Socks,Socks,Women,5.9,5.9,False,1,5.9,Paynow
BUG-20260630-0288,2,2026-06-30 22:25:42,Bugis,SOK-W-04,Women's Ribbed Crew Socks,Socks,Women,5.9,5.9,False,1,5.9,Card
BUG-20260630-0720,2,2026-06-30 15:06:11,Bugis,UND-W-01,Women's Airism Bikini Shorts,Underwear,Women,9.9,9.9,False,1,9.9,Card
BUG-20260630-0143,2,2026-06-30 19:05:34,Bugis,UND-M-04,  Men's Cotton Crew Neck Undershirt  ,Underwear,men,14.9,14.9,False,1,14.9,Card
BUG-20260630-0026,1,2026-06-30 17:46:12,Bugis,SOK-W-02,  Women's Pile Crew Socks  ,Socks,Women,5.9,5.9,False,1,5.9,Card
BUG-20260630-0952,3,2026-06-30 17:22:49,Bugis,SOK-M-04,Men's Ribbed Crew Socks,Socks,Men,5.9,5.9,False,1,5.9,Card
PUN-20260630-0351,1,2026-06-30 13:59:31,Punggol,TOP-M-04,Men's Oxford Long Sleeve Shirt,Tops,Men,29.9,29.9,False,1,29.9,Card
ORC-20260630-0261,1,2026-06-30 14:41:53,Orchard Central,SOK-W-04,Women's Ribbed Crew Socks,Socks,Women,5.9,5.9,False,2,11.8,Cash
ORC-20260630-0099,1,2026-06-30 21:33:06,ORCHARD CENTRAL,UND-M-04,Men's Cotton Crew Neck Undershirt,Underwear,Men,14.9,14.9,False,1,14.9,Card
BUG-20260630-0315,3,2026-06-30 20:39:34,Bugis,UND-M-04,Men's Cotton Crew Neck Undershirt,UNDERWEAR,Men,14.9,14.9,False,1,14.9,PayNow
BUG-20260630-0021,1,2026-06-30 15:55:02,Bugis,SOK-M-03,Men's Airism Low-Cut Socks,Socks,Men,5.9,5.9,False,1,5.9,PayNow
PUN-20260630-0233,1,2026-06-30 15:13:12,Punggol,SOK-M-03,Men's Airism Low-Cut Socks,Socks,Men,5.9,5.9,False,1,5.9,PayNow
ORC-20260630-0848,1,2026-06-30 14:46:47,Orchard Central,SOK-W-04,Women's Ribbed Crew Socks,SOCKS,Women,5.9,5.9,False,1,5.9,Nets
BUG-20260630-0766,2,2026-06-30 18:34:21,Bugis,TOP-M-01,Men's Airism Cotton Crew Neck T-Shirt,Tops,Men,14.9,14.9,False,1,14.9,NETS
ORC-20260630-0657,3,2026-06-30 14:19:07,Orchard Central,SOK-M-03,Men's Airism Low-Cut Socks,Socks,Men,5.9,5.9,False,2,11.8,Card
BUG-20260630-0535,2,2026-06-30 12:14:38,Bugis,BTM-M-04,Men's Dry Stretch Shorts,Bottoms,Men,19.9,19.9,False,1,19.9,Card
PUN-20260630-0492,1,2026-06-30 21:13:05,PUNGGOL,SOK-M-02,Men's Pile Crew Socks,SOCKS,Men,5.9,5.9,False,2,11.8,Card
PUN-20260630-0092,2,2026-06-30 13:30:44,Punggol,SOK-M-02,Men's Pile Crew Socks,Socks,Men,5.9,5.9,False,1,5.9,Card
ORC-20260630-0878,2,2026-06-30 19:05:53,  Orchard Central  ,UND-M-01,Men's Airism Boxer Briefs,Underwear,Men,14.9,14.9,False,1,14.9,PayNow
ORC-20260630-1044,2,2026-06-30 20:32:07,ORCHARD CENTRAL,SOK-W-02,Women's Pile Crew Socks,Socks,Women,5.9,5.9,False,2,11.8,PayNow
BUG-20260630-0245,2,2026-06-30 20:58:28,Bugis,SOK-M-01,Men's Ankle Socks 3-Pack,Socks,Men,14.9,14.9,False,1,14.9,Cash
ORC-20260630-0246,1,2026-06-30 20:17:18,Orchard Central,SOK-M-02,Men's Pile Crew Socks,Socks,Men,5.9,5.9,False,1,5.9,Card
BUG-20260630-0513,1,2026-06-30 14:11:18,Bugis,BTM-M-02,Men's Slim Fit Chino Trousers,Bottoms,Men,29.9,29.9,False,1,29.9,Card
ORC-20260630-0165,1,2026-06-30 18:46:09,Orchard Central,SOK-M-05,Men's Sport Ankle Socks,Socks,Men,4.36,5.9,True,1,4.36,Card
PUN-20260630-0566,2,2026-06-30 18:08:03,punggol,UND-M-03,Men's Airism Mesh Boxer Briefs,Underwear,Men,14.9,14.9,False,1,14.9,Card
PUN-20260630-0374,1,2026-06-30 17:49:40,Punggol,SOK-W-05,Women's Sport Ankle Socks,Socks,Women,4.27,5.9,True,2,8.54,PayNow
PUN-20260630-0471,2,2026-06-30 17:23:05,  punggol  ,BTM-W-01,Women's Ultra Stretch Skinny Jeans,Bottoms,Women,39.9,39.9,False,1,39.9,Cash
BUG-20260630-0745,1,2026-06-30 21:16:09,Bugis,SOK-W-01,Women's Ankle Socks 3-Pack,Socks,Women,14.9,14.9,False,1,14.9,PayNow
BUG-20260630-0912,1,2026-06-30 12:12:06,Bugis,SOK-M-02,Men's Pile Crew Socks,SOCKS,Men,$5.9,5.9,False,1,5.9,CARD
BUG-20260630-0713,1,2026-06-30 19:56:33,Bugis,UND-W-01,Women's Airism Bikini Shorts,Underwear,Women,9.9,9.9,False,1,9.9,NETS
ORC-20260630-0749,2,2026-06-30 21:29:28,Orchard Central,UND-W-02,Women's Wireless Bra,Underwear,Women,29.9,29.9,False,1,29.9,Card
PUN-20260630-0305,2,2026-06-30 17:17:00,Punggol,TOP-W-04,Women's Heattech Crew Neck Long Sleeve Tee,Tops,Women,14.9,14.9,False,1,14.9,Card
ORC-20260630-0912,1,2026-06-30 22:25:31,Orchard Central,TOP-M-03,Men's Dry-EX Crew Neck T-Shirt,Tops,Men,19.9,19.9,False,1,19.9,Card
BUG-20260630-0930,2,2026-06-30 12:18:30,BUGIS,SOK-M-04,Men's Ribbed Crew Socks,Socks,Men,5.9,5.9,False,1,5.9,Card
BUG-20260630-0302,1,2026-06-30 18:35:29,Bugis,UND-M-04,Men's Cotton Crew Neck Undershirt,Underwear,Men,14.9,14.9,False,1,14.9,card
ORC-20260630-0876,2,2026-06-30 12:33:00,Orchard Central,UND-W-01,Women's Airism Bikini Shorts,Underwear,Women,9.9,9.9,False,1,9.9,Card
ORC-20260630-0690,1,2026-06-30 15:23:39,Orchard Central,SOK-W-02,  Women's Pile Crew Socks  ,Socks,Women,5.9,5.9,False,1,5.9,Cash
ORC-20260630-0711,3,2026-06-30 12:13:14,ORCHARD CENTRAL,SOK-W-02,Women's Pile Crew Socks,Socks,Women,5.9,5.9,False,1,5.9,Card
BUG-20260630-0756,3,2026-06-30 11:12:17,Bugis,SOK-M-04,  Men's Ribbed Crew Socks  ,Socks,Men,5.9,5.9,False,1,5.9,Card
ORC-20260630-0452,2,2026-06-30 20:16:02,Orchard Central,UND-M-04,Men's Cotton Crew Neck Undershirt,Underwear,Men,14.9,14.9,False,2,29.8,Card
BUG-20260630-0850,1,2026-06-30 19:38:21,Bugis,SOK-M-01,Men's Ankle Socks 3-Pack,SOCKS,Men,14.9,14.9,False,1,14.9,Card
BUG-20260630-0796,1,2026-06-30 17:17:36,Bugis,SOK-M-04,Men's Ribbed Crew Socks,Socks,Men,5.9,5.9,False,1,5.9,NETS
ORC-20260630-0333,1,2026-06-30 19:39:15,Orchard Central,TOP-M-01,Men's Airism Cotton Crew Neck T-Shirt,Tops,Men,14.9,14.9,False,1,14.9,NETS
BUG-20260630-0164,3,2026-06-30 20:00:31,Bugis,SOK-M-02,Men's Pile Crew Socks,Socks,men,5.9,5.9,False,1,5.9,PayNow
ORC-20260630-0437,1,2026-06-30 15:30:33,Orchard Central,SOK-M-04,Men's Ribbed Crew Socks,socks,Men,5.9,5.9,False,1,5.9,Cash
ORC-20260630-0447,1,2026-06-30 18:28:00,Orchard Central,SOK-M-01,Men's Ankle Socks 3-Pack,Socks,Men,14.9,14.9,False,1,14.9,Card
BUG-20260630-0226,1,2026-06-30 20:48:57,BUGIS,TOP-W-04,Women's Heattech Crew Neck Long Sleeve Tee,Tops,Women,14.9,14.9,False,1,14.9,Cash
ORC-20260630-0358,1,2026-06-30 21:30:29,Orchard Central,TOP-M-02,Men's Supima Cotton Polo Shirt,Tops,Men,29.9,29.9,False,1,29.9,Cash
ORC-20260630-0747,2,2026-06-30 16:16:21,Orchard Central,BTM-M-04,Men's Dry Stretch Shorts,Bottoms,Men,19.9,19.9,False,1,19.9,Nets
ORC-20260630-0817,3,2026-06-30 20:20:29,Orchard Central,SOK-W-02,Women's Pile Crew Socks,Socks,women,5.9,5.9,False,1,5.9,PayNow
ORC-20260630-0718,2,2026-06-30 17:15:13,  Orchard Central  ,TOP-W-06,Women's Linen Blend Short Sleeve Shirt,TOPS,Women,19.72,29.9,True,1,19.72,Card
BUG-20260630-0165,2,2026-06-30 14:31:25,Bugis,TOP-M-01,Men's Airism Cotton Crew Neck T-Shirt,Tops,Men,14.9,14.9,False,1,14.9,PayNow
BUG-20260630-0313,3,2026-06-30 20:24:16,Bugis,SOK-M-07,Men's Striped Crew Socks,Socks,Men,5.9,5.9,False,1,5.9,Card
ORC-20260630-0422,2,2026-06-30 19:10:49,Orchard Central,TOP-W-01,Women's Airism Cotton Crew Neck T-Shirt,Tops,Women,14.9,14.9,False,1,14.9,Cash
PUN-20260630-0109,3,2026-06-30 21:04:49,PUNGGOL,SOK-W-04,Women's Ribbed Crew Socks,Socks,Women,5.9,5.9,False,1,5.9,Card
PUN-20260630-0558,2,2026-06-30 19:34:23,Punggol,SOK-W-01,Women's Ankle Socks 3-Pack,Socks,Women,14.9,14.9,False,1,14.9,Card
BUG-20260630-0357,2,2026-06-30 18:47:32,Bugis,UND-W-03,Women's Cotton Blend Briefs,Underwear,Women,9.9,9.9,False,1,9.9,PayNow
PUN-20260630-0113,2,2026-06-30 15:09:02,Punggol,UND-M-03,Men's Airism Mesh Boxer Briefs,UNDERWEAR,MEN,14.9,14.9,False,1,14.9,NETS
ORC-20260630-0565,2,2026-06-30 12:53:33,Orchard Central,TOP-M-04,Men's Oxford Long Sleeve Shirt,tops,Men,29.9,29.9,False,1,29.9,PayNow
BUG-20260630-0644,1,2026-06-30 18:38:32,Bugis,UND-W-01,Women's Airism Bikini Shorts,Underwear,Women,9.9,9.9,False,1,9.9,Card
PUN-20260630-0618,1,2026-06-30 21:58:14,Punggol,SOK-W-02,Women's Pile Crew Socks,Socks,women,5.9,5.9,False,2,11.8,Card
PUN-20260630-0543,2,2026-06-30 22:06:50,Punggol,UND-W-01,Women's Airism Bikini Shorts,Underwear,women,9.9,9.9,False,2,19.8,Card
BUG-20260630-0023,1,2026-06-30 14:51:16,Bugis,SOK-M-09,Men's No-Show Sneaker Socks,Socks,Men,4.17,5.9,True,1,4.17,PayNow
ORC-20260630-0061,1,2026-06-30 13:25:14,Orchard Central,SOK-W-02,Women's Pile Crew Socks,Socks,Women,5.9,5.9,False,1,5.9,NETS
PUN-20260630-0504,1,2026-06-30 19:39:24,Punggol,SOK-M-03,Men's Airism Low-Cut Socks,Socks,Men,5.9,5.9,False,1,5.9,Card
BUG-20260630-0929,1,2026-06-30 21:44:21,Bugis,SOK-W-02,  Women's Pile Crew Socks  ,Socks,Women,5.9,5.9,False,1,5.9,Card
BUG-20260630-0470,2,2026-06-30 18:03:22,Bugis,UND-M-04,Men's Cotton Crew Neck Undershirt,Underwear,Men,14.9,14.9,False,1,14.9,Card
ORC-20260630-1086,2,2026-06-30 15:57:21,Orchard Central,SOK-M-02,Men's Pile Crew Socks,SOCKS,Men,5.9,5.9,False,1,5.9,Card
PUN-20260630-0012,1,2026-06-30 13:29:27,punggol,UND-M-04,Men's Cotton Crew Neck Undershirt,Underwear,Men,14.9,14.9,False,1,14.9,Card
ORC-20260630-0474,1,2026-06-30 19:05:18,Orchard Central,UND-W-03,Women's Cotton Blend Briefs,Underwear,Women,9.9,9.9,False,1,9.9,Card
BUG-20260630-0957,1,2026-06-30 14:37:58,bugis,SOK-M-10,Men's Wool Blend Socks,Socks,Men,9.9,9.9,False,1,9.9,NETS
BUG-20260630-0243,1,2026-06-30 12:12:11,Bugis,UND-W-03,  Women's Cotton Blend Briefs  ,Underwear,Women,$9.9,9.9,False,1,9.9,Cash
ORC-20260630-0173,1,2026-06-30 19:53:40,  Orchard Central  ,UND-W-01,Women's Airism Bikini Shorts,Underwear,Women,9.9,9.9,False,2,19.8,Nets
ORC-20260630-0730,2,2026-06-30 13:10:25,Orchard Central,TOP-W-06,  Women's Linen Blend Short Sleeve Shirt  ,tops,Women,19.72,29.9,True,1,19.72,Paynow
PUN-20260630-0475,1,2026-06-30 19:44:18,Punggol,SOK-W-05,Women's Sport Ankle Socks,SOCKS,Women,4.27,5.9,True,1,$4.27,PayNow
BUG-20260630-0651,3,2026-06-30 12:56:33,Bugis,SOK-W-02,Women's Pile Crew Socks,Socks,Women,5.9,5.9,False,1,5.9,CARD
ORC-20260630-0258,1,2026-06-30 13:46:02,Orchard Central,TOP-M-01,Men's Airism Cotton Crew Neck T-Shirt,Tops,Men,14.9,14.9,False,1,14.9,Card
PUN-20260630-0090,2,2026-06-30 18:26:07,Punggol,SOK-W-01,Women's Ankle Socks 3-Pack,Socks,Women,14.9,14.9,False,1,14.9,PayNow
ORC-20260630-0573,1,2026-06-30 14:54:49,Orchard Central,BTM-W-02,Women's High-Rise Wide Leg Pants,Bottoms,Women,39.9,39.9,False,1,39.9,Cash
BUG-20260630-0715,1,2026-06-30 18:51:02,Bugis,SOK-W-01,Women's Ankle Socks 3-Pack,SOCKS,Women,14.9,14.9,False,1,14.9,Cash
ORC-20260630-0357,1,2026-06-30 20:15:14,Orchard Central,UND-M-04,Men's Cotton Crew Neck Undershirt,Underwear,Men,14.9,14.9,False,1,14.9,paynow
BUG-20260630-0429,1,2026-06-30 15:40:50,bugis,SOK-M-09,  Men's No-Show Sneaker Socks  ,Socks,Men,$4.17,5.9,True,1,4.17,Card
ORC-20260630-0229,2,2026-06-30 19:22:33,Orchard Central,SOK-M-03,Men's Airism Low-Cut Socks,Socks,Men,5.9,5.9,False,1,5.9,CARD
ORC-20260630-1068,1,2026-06-30 12:17:17,Orchard Central,UND-W-03,Women's Cotton Blend Briefs,Underwear,Women,9.9,9.9,False,1,9.9,Card
BUG-20260630-0805,1,2026-06-30 19:50:13,Bugis,SOK-M-04,Men's Ribbed Crew Socks,Socks,Men,5.9,5.9,False,1,5.9,PayNow
BUG-20260630-0012,2,2026-06-30 18:12:28,Bugis,SOK-M-09,Men's No-Show Sneaker Socks,Socks,Men,4.17,5.9,True,1,4.17,Card
ORC-20260630-0506,3,2026-06-30 18:33:16,Orchard Central,SOK-M-04,Men's Ribbed Crew Socks,Socks,Men,5.9,5.9,False,1,5.9,Card
BUG-20260630-0383,3,2026-06-30 21:46:31,  Bugis  ,SOK-W-04,Women's Ribbed Crew Socks,Socks,Women,5.9,5.9,False,1,5.9,Paynow
BUG-20260630-0124,1,2026-06-30 20:27:06,Bugis,SOK-W-03,Women's Airism Low-Cut Socks,Socks,Women,5.9,5.9,False,1,5.9,Paynow
PUN-20260630-0376,1,2026-06-30 21:04:39,Punggol,SOK-W-03,Women's Airism Low-Cut Socks,Socks,Women,5.9,5.9,False,1,5.9,PayNow
BUG-20260630-0969,1,2026-06-30 20:55:59,Bugis,BTM-M-01,Men's Ezy Ankle Pants,Bottoms,Men,29.9,29.9,False,1,29.9,NETS
BUG-20260630-0625,1,2026-06-30 16:23:02,Bugis,SOK-W-02,Women's Pile Crew Socks,Socks,Women,$5.9,5.9,False,2,11.8,PAYNOW
BUG-20260630-0452,1,2026-06-30 19:11:53,Bugis,SOK-W-04,Women's Ribbed Crew Socks,Socks,Women,5.9,5.9,False,1,5.9,NETS
BUG-20260630-0751,1,2026-06-30 20:19:57,Bugis,SOK-M-01,Men's Ankle Socks 3-Pack,Socks,MEN,14.9,14.9,False,1,14.9,Card
ORC-20260630-0790,2,2026-06-30 18:42:34,Orchard Central,UND-W-02,Women's Wireless Bra,underwear,Women,29.9,29.9,False,1,29.9,Card
BUG-20260630-0595,1,2026-06-30 21:31:48,Bugis,UND-M-07,Men's Stretch Cotton Boxers,Underwear,Men,14.9,14.9,False,1,14.9,Cash
ORC-20260630-0963,1,2026-06-30 12:19:30,  Orchard Central  ,SOK-M-04,Men's Ribbed Crew Socks,Socks,Men,5.9,5.9,False,1,5.9,Card
PUN-20260630-0044,1,2026-06-30 20:21:36,PUNGGOL,TOP-M-01,Men's Airism Cotton Crew Neck T-Shirt,Tops,MEN,14.9,14.9,False,1,14.9,
ORC-20260630-0868,1,2026-06-30 19:26:53,Orchard Central,SOK-M-01,Men's Ankle Socks 3-Pack,Socks,Men,14.9,14.9,False,1,14.9,Cash
ORC-20260630-0793,1,2026-06-30 12:17:49,orchard central,SOK-M-01,Men's Ankle Socks 3-Pack,Socks,Men,14.9,14.9,False,1,14.9,Card
ORC-20260630-1082,2,2026-06-30 19:24:30,orchard central,UND-W-03,  Women's Cotton Blend Briefs  ,Underwear,Women,9.9,9.9,False,1,9.9,Card
BUG-20260630-0070,2,2026-06-30 11:18:34,Bugis,SOK-M-10,Men's Wool Blend Socks,Socks,Men,9.9,9.9,False,2,19.8,PayNow
PUN-20260630-0423,1,2026-06-30 18:36:40,Punggol,SOK-M-04,Men's Ribbed Crew Socks,Socks,men,5.9,5.9,False,2,11.8,Cash
BUG-20260630-0234,1,2026-06-30 18:54:11,  Bugis  ,SOK-M-03,Men's Airism Low-Cut Socks,Socks,Men,5.9,5.9,False,1,5.9,NETS
ORC-20260630-0022,1,2026-06-30 20:30:36,Orchard Central,TOP-W-04,Women's Heattech Crew Neck Long Sleeve Tee,Tops,Women,14.9,14.9,False,1,14.9,PAYNOW
PUN-20260630-0314,1,2026-06-30 18:36:21,Punggol,SOK-W-04,Women's Ribbed Crew Socks,Socks,Women,5.9,5.9,False,1,5.9,Cash
ORC-20260630-0298,1,2026-06-30 13:51:30,  ORCHARD CENTRAL  ,TOP-W-04,Women's Heattech Crew Neck Long Sleeve Tee,Tops,Women,14.9,14.9,False,1,14.9,cash
ORC-20260630-0615,3,2026-06-30 20:17:52,Orchard Central,SOK-M-03,Men's Airism Low-Cut Socks,Socks,Men,5.9,5.9,False,1,5.9,CARD
ORC-20260630-0161,1,2026-06-30 14:31:27,Orchard Central,UND-W-01,Women's Airism Bikini Shorts,Underwear,Women,9.9,9.9,False,1,9.9,Card
BUG-20260630-0508,1,2026-06-30 20:57:28,Bugis,UND-W-04,Women's Airism T-Shirt Bra,Underwear,Women,29.9,29.9,False,1,29.9,Card
PUN-20260630-0062,2,2026-06-30 20:42:54,  Punggol  ,UND-W-01,Women's Airism Bikini Shorts,Underwear,Women,9.9,9.9,False,1,9.9,Cash
ORC-20260630-0700,1,2026-06-30 18:33:40,Orchard Central,UND-M-01,Men's Airism Boxer Briefs,Underwear,Men,14.9,14.9,False,1,14.9,PAYNOW
ORC-20260630-0042,3,2026-06-30 19:59:56,Orchard Central,BTM-W-01,Women's Ultra Stretch Skinny Jeans,Bottoms,Women,39.9,39.9,False,1,39.9,PayNow
ORC-20260630-0227,1,2026-06-30 11:17:30,  Orchard Central  ,SOK-W-02,Women's Pile Crew Socks,Socks,Women,5.9,5.9,False,1,5.9,NETS
BUG-20260630-0950,3,2026-06-30 18:15:52,Bugis,UND-W-02,Women's Wireless Bra,Underwear,Women,$29.9,29.9,False,1,29.9,cash
ORC-20260630-0117,3,2026-06-30 19:37:49,  Orchard Central  ,TOP-W-07,Women's Fleece Pullover Hoodie,Tops,Women,29.9,29.9,False,1,29.9,NETS
PUN-20260630-0296,2,2026-06-30 21:25:09,Punggol,UND-W-03,Women's Cotton Blend Briefs,Underwear,Women,9.9,9.9,False,2,19.8,Card
ORC-20260630-0036,1,2026-06-30 19:49:38,Orchard Central,SOK-W-04,Women's Ribbed Crew Socks,Socks,Women,5.9,5.9,False,1,5.9,Card
ORC-20260630-1053,2,2026-06-30 12:16:36,  Orchard Central  ,SOK-M-05,Men's Sport Ankle Socks,Socks,Men,4.36,5.9,True,1,4.36,Cash
BUG-20260630-0933,1,2026-06-30 20:12:59,Bugis,UND-M-02,  Men's Cotton Blend Trunks  ,Underwear,Men,14.9,14.9,False,2,29.8,NETS
ORC-20260630-0825,1,2026-06-30 12:09:50,Orchard Central,SOK-M-02,Men's Pile Crew Socks,Socks,Men,5.9,5.9,False,1,5.9,NETS
ORC-20260630-0218,1,2026-06-30 16:33:21,ORCHARD CENTRAL,UND-W-10,Women's Wireless Bralette,Underwear,Women,29.9,29.9,False,1,29.9,paynow
ORC-20260630-0381,1,2026-06-30 20:03:19,Orchard Central,UND-M-04,Men's Cotton Crew Neck Undershirt,Underwear,Men,14.9,14.9,False,1,14.9,PAYNOW
ORC-20260630-0220,1,2026-06-30 21:34:20,  Orchard Central  ,SOK-W-02,  Women's Pile Crew Socks  ,Socks,Women,5.9,5.9,False,1,5.9,NETS
BUG-20260630-0944,2,2026-06-30 19:53:58,Bugis,UND-M-04,  Men's Cotton Crew Neck Undershirt  ,Underwear,Men,14.9,14.9,False,1,14.9,PayNow
BUG-20260630-0454,1,2026-06-30 20:15:45,Bugis,SOK-W-02,Women's Pile Crew Socks,Socks,Women,5.9,5.9,False,1,5.9,NETS
PUN-20260630-0043,1,2026-06-30 12:13:54,Punggol,TOP-M-04,Men's Oxford Long Sleeve Shirt,TOPS,Men,29.9,29.9,False,1,29.9,NETS
PUN-20260630-0067,1,2026-06-30 14:41:58,Punggol,TOP-W-06,Women's Linen Blend Short Sleeve Shirt,Tops,women,19.72,29.9,True,1,19.72,NETS
ORC-20260630-0218,3,2026-06-30 16:33:21,Orchard Central,TOP-M-01,Men's Airism Cotton Crew Neck T-Shirt,Tops,Men,14.9,14.9,False,1,14.9,PayNow
PUN-20260630-0561,1,2026-06-30 21:01:12,Punggol,SOK-W-01,Women's Ankle Socks 3-Pack,Socks,Women,14.9,14.9,False,1,14.9,NETS
BUG-20260630-0291,1,2026-06-30 18:31:08,Bugis,SOK-M-03,Men's Airism Low-Cut Socks,Socks,Men,5.9,5.9,False,1,5.9,PayNow
ORC-20260630-0400,1,2026-06-30 22:53:38,Orchard Central,SOK-W-01,  Women's Ankle Socks 3-Pack  ,Socks,Women,14.9,14.9,False,2,29.8,NETS
BUG-20260630-0724,1,2026-06-30 13:30:12,BUGIS,SOK-M-04,Men's Ribbed Crew Socks,Socks,men,5.9,5.9,False,2,11.8,Card
ORC-20260630-0588,2,2026-06-30 21:50:12,Orchard Central,SOK-W-02,Women's Pile Crew Socks,Socks,Women,5.9,5.9,False,1,5.9,PayNow
BUG-20260630-0897,1,2026-06-30 20:52:09,  Bugis  ,BTM-M-03,Men's Selvedge Regular Fit Jeans,Bottoms,Men,59.9,59.9,False,1,59.9,Card
BUG-20260630-0432,1,2026-06-30 20:14:33,Bugis,UND-M-02,Men's Cotton Blend Trunks,Underwear,Men,14.9,14.9,False,1,14.9,PayNow
BUG-20260630-0626,1,2026-06-30 13:38:58,Bugis,SOK-W-02,Women's Pile Crew Socks,Socks,Women,5.9,5.9,False,1,5.9,Card
PUN-20260630-0552,2,2026-06-30 14:18:54,PUNGGOL,UND-W-04,  Women's Airism T-Shirt Bra  ,Underwear,Women,29.9,29.9,False,1,29.9,Cash
BUG-20260630-0727,2,2026-06-30 20:09:03,Bugis,BTM-W-03,Women's Ezy Ankle Pants,Bottoms,Women,29.9,29.9,False,1,29.9,NETS
BUG-20260630-0175,1,2026-06-30 19:14:50,  Bugis  ,SOK-W-01,Women's Ankle Socks 3-Pack,Socks,Women,14.9,14.9,False,2,29.8,PayNow
BUG-20260630-0348,1,2026-06-30 17:15:26,Bugis,SOK-W-03,Women's Airism Low-Cut Socks,Socks,WOMEN,5.9,5.9,False,1,5.9,Cash
BUG-20260630-0628,1,2026-06-30 19:53:27,Bugis,SOK-W-03,Women's Airism Low-Cut Socks,Socks,Women,5.9,5.9,False,2,11.8,PayNow
PUN-20260630-0202,1,2026-06-30 22:33:20,PUNGGOL,SOK-M-04,Men's Ribbed Crew Socks,SOCKS,Men,5.9,5.9,False,1,5.9,Card
PUN-20260630-0395,2,2026-06-30 19:58:28,Punggol,SOK-W-03,Women's Airism Low-Cut Socks,Socks,WOMEN,5.9,5.9,False,1,5.9,Card
PUN-20260630-0174,3,2026-06-30 20:51:36,PUNGGOL,BTM-M-04,Men's Dry Stretch Shorts,Bottoms,Men,19.9,19.9,False,1,19.9,Card
ORC-20260630-0775,1,2026-06-30 21:10:19,Orchard Central,UND-M-04,Men's Cotton Crew Neck Undershirt,Underwear,Men,14.9,14.9,False,1,14.9,NETS
BUG-20260630-0935,1,2026-06-30 12:57:38,Bugis,SOK-M-01,  Men's Ankle Socks 3-Pack  ,Socks,Men,14.9,14.9,False,1,14.9,CARD
ORC-20260630-0096,1,2026-06-30 14:03:01,Orchard Central,BTM-W-02,Women's High-Rise Wide Leg Pants,Bottoms,Women,39.9,39.9,False,1,39.9,cash
BUG-20260630-0472,1,2026-06-30 20:09:26,Bugis,SOK-M-03,Men's Airism Low-Cut Socks,Socks,Men,5.9,5.9,False,1,5.9,Cash
BUG-20260630-0677,1,2026-06-30 13:53:43,Bugis,TOP-W-04,Women's Heattech Crew Neck Long Sleeve Tee,Tops,Women,14.9,14.9,False,1,14.9,Nets
BUG-20260630-0448,1,2026-06-30 15:01:24,Bugis,TOP-W-04,Women's Heattech Crew Neck Long Sleeve Tee,Tops,Women,14.9,14.9,False,1,14.9,Card
ORC-20260630-1085,2,2026-06-30 11:21:23,  Orchard Central  ,BTM-W-03,Women's Ezy Ankle Pants,bottoms,Women,29.9,29.9,False,1,29.9,Cash
BUG-20260630-0707,3,2026-06-30 18:34:49,Bugis,UND-W-04,Women's Airism T-Shirt Bra,Underwear,Women,29.9,29.9,False,1,29.9,PayNow
ORC-20260630-0157,2,2026-06-30 21:44:10,Orchard Central,TOP-W-03,Women's Silky Satin Blouse,TOPS,Women,39.9,39.9,False,1,39.9,NETS
PUN-20260630-0569,3,2026-06-30 18:05:58,Punggol,TOP-M-01,Men's Airism Cotton Crew Neck T-Shirt,Tops,Men,14.9,14.9,False,1,14.9,Cash
PUN-20260630-0449,2,2026-06-30 15:31:57,Punggol,UND-W-03,Women's Cotton Blend Briefs,Underwear,Women,9.9,9.9,False,1,9.9,NETS
ORC-20260630-0279,1,2026-06-30 12:47:31,Orchard Central,TOP-W-03,Women's Silky Satin Blouse,Tops,Women,39.9,39.9,False,1,39.9,Card
PUN-20260630-0356,1,2026-06-30 18:14:20,Punggol,SOK-W-02,Women's Pile Crew Socks,socks,women,5.9,5.9,False,2,11.8,paynow
PUN-20260630-0555,3,2026-06-30 15:08:23,Punggol,UND-W-03,Women's Cotton Blend Briefs,Underwear,Women,9.9,9.9,False,1,$9.9,CARD
BUG-20260630-0553,3,2026-06-30 18:23:10,  BUGIS  ,BTM-W-03,Women's Ezy Ankle Pants,bottoms,WOMEN,29.9,29.9,False,1,29.9,Card
ORC-20260630-1086,3,2026-06-30 15:57:21,Orchard Central,SOK-M-05,Men's Sport Ankle Socks,Socks,Men,4.36,5.9,True,1,4.36,Card
BUG-20260630-0194,1,2026-06-30 19:41:06,Bugis,SOK-W-04,Women's Ribbed Crew Socks,socks,Women,5.9,5.9,False,1,$5.9,Card
ORC-20260630-0112,2,2026-06-30 20:00:47,Orchard Central,BTM-W-03,Women's Ezy Ankle Pants,Bottoms,Women,29.9,29.9,False,1,29.9,Cash
ORC-20260630-0368,3,2026-06-30 12:55:41,Orchard Central,UND-W-01,  Women's Airism Bikini Shorts  ,Underwear,Women,9.9,9.9,False,2,19.8,Card
ORC-20260630-0619,1,2026-06-30 20:26:43,Orchard Central,UND-W-03,Women's Cotton Blend Briefs,Underwear,Women,9.9,9.9,False,2,19.8,Card
ORC-20260630-1063,2,2026-06-30 20:57:56,Orchard Central,UND-W-01,Women's Airism Bikini Shorts,Underwear,Women,9.9,9.9,False,1,9.9,card
BUG-20260630-0002,2,2026-06-30 21:38:34,Bugis,SOK-W-01,Women's Ankle Socks 3-Pack,Socks,women,14.9,14.9,False,1,14.9,card
BUG-20260630-0714,2,2026-06-30 20:48:29,Bugis,TOP-W-01,Women's Airism Cotton Crew Neck T-Shirt,Tops,Women,14.9,14.9,False,1,14.9,PayNow
BUG-20260630-0323,2,2026-06-30 12:36:15,Bugis,UND-W-01,Women's Airism Bikini Shorts,Underwear,Women,9.9,9.9,False,1,9.9,CASH
ORC-20260630-0484,3,2026-06-30 21:36:02,Orchard Central,SOK-W-04,Women's Ribbed Crew Socks,Socks,Women,5.9,5.9,False,1,5.9,NETS
ORC-20260630-0216,1,2026-06-30 18:12:43,Orchard Central,SOK-W-04,Women's Ribbed Crew Socks,Socks,Women,5.9,5.9,False,1,5.9,PayNow
PUN-20260630-0180,1,2026-06-30 21:52:59,Punggol,UND-W-01,Women's Airism Bikini Shorts,Underwear,Women,9.9,9.9,False,1,9.9,PayNow
PUN-20260630-0211,2,2026-06-30 17:20:23,  Punggol  ,UND-M-02,Men's Cotton Blend Trunks,Underwear,Men,14.9,14.9,False,2,29.8,NETS
ORC-20260630-0645,1,2026-06-30 20:11:02,ORCHARD CENTRAL,UND-M-09,Men's Heattech Long Johns,UNDERWEAR,Men,19.9,19.9,False,1,19.9,PayNow
ORC-20260630-0576,1,2026-06-30 21:22:24,Orchard Central,UND-M-03,Men's Airism Mesh Boxer Briefs,Underwear,men,14.9,14.9,False,1,14.9,NETS
ORC-20260630-0582,1,2026-06-30 20:26:18,Orchard Central,TOP-M-04,  Men's Oxford Long Sleeve Shirt  ,Tops,men,29.9,29.9,False,1,29.9,paynow
ORC-20260630-0779,1,2026-06-30 17:13:02,Orchard Central,TOP-W-02,Women's Ribbed Long Sleeve Turtleneck,Tops,Women,19.9,19.9,False,1,19.9,Card
PUN-20260630-0478,1,2026-06-30 13:44:02,Punggol,BTM-M-04,Men's Dry Stretch Shorts,Bottoms,MEN,19.9,19.9,False,1,19.9,Card
BUG-20260630-0651,1,2026-06-30 12:56:33,Bugis,SOK-W-02,Women's Pile Crew Socks,Socks,Women,5.9,5.9,False,2,11.8,Card
ORC-20260630-1043,1,2026-06-30 18:21:17,  Orchard Central  ,SOK-M-04,Men's Ribbed Crew Socks,Socks,Men,$5.9,5.9,False,1,5.9,Cash
ORC-20260630-0270,3,2026-06-30 12:38:53,Orchard Central,BTM-M-02,Men's Slim Fit Chino Trousers,Bottoms,MEN,29.9,29.9,False,1,29.9,PayNow
PUN-20260630-0528,1,2026-06-30 20:36:13,Punggol,UND-W-04,  Women's Airism T-Shirt Bra  ,Underwear,Women,29.9,29.9,False,1,29.9,Card
BUG-20260630-0441,1,2026-06-30 21:10:11,Bugis,BTM-M-04,Men's Dry Stretch Shorts,Bottoms,Men,19.9,19.9,False,1,19.9,Card
BUG-20260630-0582,2,2026-06-30 14:16:43,Bugis,SOK-W-02,Women's Pile Crew Socks,Socks,Women,5.9,5.9,False,1,5.9,Card
BUG-20260630-0962,3,2026-06-30 14:30:02,Bugis,BTM-M-06,Men's Jersey Jogger Pants,bottoms,Men,29.9,29.9,False,1,29.9,Card
ORC-20260630-0491,1,2026-06-30 19:16:09,  Orchard Central  ,UND-M-10,Men's Cotton Blend Briefs,UNDERWEAR,Men,9.9,9.9,False,2,19.8,Card
BUG-20260630-0390,2,2026-06-30 19:22:39,Bugis,BTM-M-02,Men's Slim Fit Chino Trousers,Bottoms,Men,29.9,29.9,False,1,29.9,PayNow
BUG-20260630-0820,3,2026-06-30 15:32:37,Bugis,SOK-W-02,Women's Pile Crew Socks,Socks,Women,5.9,5.9,False,1,5.9,PayNow
PUN-20260630-0370,1,2026-06-30 18:14:26,  PUNGGOL  ,SOK-W-02,Women's Pile Crew Socks,Socks,Women,5.9,5.9,False,2,11.8,
ORC-20260630-0592,1,2026-06-30 16:47:46,  orchard central  ,SOK-W-04,Women's Ribbed Crew Socks,Socks,Women,5.9,5.9,False,1,5.9,PayNow
BUG-20260630-0549,3,2026-06-30 19:39:23,Bugis,TOP-W-02,Women's Ribbed Long Sleeve Turtleneck,tops,Women,19.9,19.9,False,1,19.9,NETS
BUG-20260630-0358,3,2026-06-30 19:44:39,Bugis,SOK-W-01,Women's Ankle Socks 3-Pack,Socks,Women,14.9,14.9,False,1,14.9,CARD
BUG-20260630-0466,2,2026-06-30 19:26:42,BUGIS,UND-M-02,Men's Cotton Blend Trunks,Underwear,Men,14.9,14.9,False,1,14.9,Card
ORC-20260630-0197,1,2026-06-30 17:15:27,Orchard Central,SOK-W-02,Women's Pile Crew Socks,Socks,WOMEN,5.9,5.9,False,1,5.9,Paynow
ORC-20260630-0275,3,2026-06-30 19:54:51,Orchard Central,SOK-M-03,Men's Airism Low-Cut Socks,Socks,Men,5.9,5.9,False,1,5.9,NETS
BUG-20260630-0962,1,2026-06-30 14:30:02,Bugis,SOK-W-02,Women's Pile Crew Socks,Socks,Women,5.9,5.9,False,2,11.8,Card
ORC-20260630-0507,1,2026-06-30 17:38:06,Orchard Central,SOK-M-04,Men's Ribbed Crew Socks,Socks,Men,5.9,5.9,False,2,11.8,Cash
ORC-20260630-0130,1,2026-06-30 22:08:37,Orchard Central,TOP-M-01,Men's Airism Cotton Crew Neck T-Shirt,Tops,Men,14.9,14.9,False,1,14.9,Card
PUN-20260630-0216,3,2026-06-30 21:23:07,  Punggol  ,TOP-M-02,  Men's Supima Cotton Polo Shirt  ,Tops,Men,29.9,29.9,False,1,29.9,Card
ORC-20260630-0889,3,2026-06-30 14:10:02,Orchard Central,SOK-W-02,Women's Pile Crew Socks,Socks,Women,5.9,5.9,False,2,11.8,Cash
PUN-20260630-0570,1,2026-06-30 19:46:54,Punggol,TOP-W-01,Women's Airism Cotton Crew Neck T-Shirt,Tops,Women,14.9,14.9,False,1,14.9,Card
PUN-20260630-0131,1,2026-06-30 20:33:08,  Punggol  ,SOK-W-01,Women's Ankle Socks 3-Pack,Socks,Women,14.9,14.9,False,1,14.9,card
ORC-20260630-0444,2,2026-06-30 16:05:57,Orchard Central,SOK-M-03,Men's Airism Low-Cut Socks,Socks,MEN,5.9,5.9,False,1,5.9,Card
ORC-20260630-0647,1,2026-06-30 18:37:22,  Orchard Central  ,UND-W-01,Women's Airism Bikini Shorts,Underwear,Women,9.9,9.9,False,1,9.9,NETS
PUN-20260630-0027,1,2026-06-30 19:49:04,Punggol,SOK-W-03,Women's Airism Low-Cut Socks,Socks,Women,5.9,5.9,False,1,5.9,PayNow
PUN-20260630-0451,3,2026-06-30 17:54:47,Punggol,UND-M-02,Men's Cotton Blend Trunks,Underwear,MEN,14.9,14.9,False,1,14.9,card
ORC-20260630-0211,2,2026-06-30 20:28:16,Orchard Central,SOK-W-02,  Women's Pile Crew Socks  ,SOCKS,Women,5.9,5.9,False,1,5.9,CARD
ORC-20260630-0525,1,2026-06-30 16:14:28,Orchard Central,UND-M-04,  Men's Cotton Crew Neck Undershirt  ,Underwear,men,14.9,14.9,False,1,14.9,NETS
ORC-20260630-0260,3,2026-06-30 15:58:15,orchard central,UND-W-01,Women's Airism Bikini Shorts,Underwear,Women,9.9,9.9,False,1,9.9,CARD
PUN-20260630-0399,1,2026-06-30 16:50:55,Punggol,UND-M-04,Men's Cotton Crew Neck Undershirt,Underwear,Men,14.9,14.9,False,1,14.9,Card
ORC-20260630-0804,1,2026-06-30 20:06:54,Orchard Central,SOK-M-02,Men's Pile Crew Socks,Socks,Men,5.9,5.9,False,1,5.9,Card
BUG-20260630-0851,1,2026-06-30 16:32:54,BUGIS,UND-W-03,Women's Cotton Blend Briefs,UNDERWEAR,Women,9.9,9.9,False,1,9.9,Card
ORC-20260630-0077,2,2026-06-30 21:04:13,Orchard Central,SOK-M-05,Men's Sport Ankle Socks,Socks,Men,4.36,5.9,True,1,4.36,Card
ORC-20260630-0828,1,2026-06-30 21:58:18,orchard central,TOP-M-04,Men's Oxford Long Sleeve Shirt,Tops,Men,29.9,29.9,False,1,29.9,Paynow
BUG-20260630-0973,1,2026-06-30 20:39:01,Bugis,TOP-W-01,Women's Airism Cotton Crew Neck T-Shirt,Tops,Women,$14.9,14.9,False,1,14.9,Card
ORC-20260630-0905,1,2026-06-30 18:50:18,Orchard Central,SOK-W-02,Women's Pile Crew Socks,Socks,WOMEN,5.9,5.9,False,1,5.9,card
ORC-20260630-0265,1,2026-06-30 20:31:30,Orchard Central,SOK-M-03,Men's Airism Low-Cut Socks,Socks,Men,5.9,5.9,False,1,5.9,PayNow
ORC-20260630-0113,3,2026-06-30 15:17:36,Orchard Central,BTM-M-05,Men's Wide Fit Cargo Pants,Bottoms,Men,39.9,39.9,False,1,39.9,Card
BUG-20260630-0155,1,2026-06-30 21:44:10,  Bugis  ,TOP-W-04,Women's Heattech Crew Neck Long Sleeve Tee,Tops,Women,14.9,14.9,False,1,$14.9,NETS
ORC-20260630-1010,1,2026-06-30 21:39:52,Orchard Central,SOK-W-01,Women's Ankle Socks 3-Pack,Socks,women,14.9,14.9,False,1,14.9,Cash
ORC-20260630-0608,1,2026-06-30 20:16:55,Orchard Central,TOP-M-01,Men's Airism Cotton Crew Neck T-Shirt,Tops,Men,14.9,14.9,False,1,14.9,PAYNOW
ORC-20260630-0739,2,2026-06-30 21:30:33,Orchard Central,SOK-M-01,Men's Ankle Socks 3-Pack,Socks,Men,14.9,14.9,False,1,14.9,Card
ORC-20260630-1020,1,2026-06-30 20:25:52,Orchard Central,SOK-W-01,Women's Ankle Socks 3-Pack,Socks,Women,14.9,14.9,False,1,14.9,Card
ORC-20260630-0858,2,2026-06-30 21:25:44,Orchard Central,UND-M-02,Men's Cotton Blend Trunks,Underwear,Men,14.9,14.9,False,1,14.9,Card
BUG-20260630-0726,1,2026-06-30 11:05:04,Bugis,TOP-W-02,Women's Ribbed Long Sleeve Turtleneck,Tops,Women,19.9,19.9,False,1,19.9,PAYNOW
ORC-20260630-0764,3,2026-06-30 20:20:46,Orchard Central,SOK-W-04,  Women's Ribbed Crew Socks  ,Socks,Women,5.9,5.9,False,1,5.9,Card
ORC-20260630-0649,2,2026-06-30 18:59:15,Orchard Central,UND-W-03,Women's Cotton Blend Briefs,Underwear,Women,$9.9,9.9,False,1,$9.9,Card
PUN-20260630-0265,2,2026-06-30 20:05:16,punggol,BTM-W-04,Women's Denim Straight Jeans,Bottoms,Women,49.9,49.9,False,1,49.9,Card
PUN-20260630-0138,2,2026-06-30 16:50:42,Punggol,UND-M-02,Men's Cotton Blend Trunks,Underwear,Men,14.9,14.9,False,1,14.9,paynow
ORC-20260630-0003,1,2026-06-30 19:28:15,Orchard Central,UND-M-02,Men's Cotton Blend Trunks,Underwear,Men,14.9,14.9,False,1,14.9,Card
ORC-20260630-0562,2,2026-06-30 21:27:21,Orchard Central,SOK-W-02,Women's Pile Crew Socks,Socks,Women,5.9,5.9,False,1,5.9,Cash
BUG-20260630-0713,1,2026-06-30 19:56:33,bugis,UND-W-01,Women's Airism Bikini Shorts,Underwear,Women,9.9,9.9,False,1,9.9,NETS
ORC-20260630-0831,2,2026-06-30 14:00:41,Orchard Central,SOK-W-04,Women's Ribbed Crew Socks,Socks,Women,5.9,5.9,False,1,5.9,Card
ORC-20260630-0637,2,2026-06-30 21:10:35,Orchard Central,TOP-W-04,Women's Heattech Crew Neck Long Sleeve Tee,Tops,Women,14.9,14.9,False,1,14.9,PayNow
BUG-20260630-0125,1,2026-06-30 21:34:11,Bugis,SOK-W-04,Women's Ribbed Crew Socks,Socks,Women,5.9,5.9,False,1,5.9,Card
ORC-20260630-0463,1,2026-06-30 21:12:37,Orchard Central,SOK-W-04,Women's Ribbed Crew Socks,Socks,Women,5.9,5.9,False,1,5.9,NETS
PUN-20260630-0609,2,2026-06-30 14:11:30,  Punggol  ,TOP-W-04,Women's Heattech Crew Neck Long Sleeve Tee,TOPS,Women,14.9,14.9,False,1,14.9,Cash
ORC-20260630-0857,2,2026-06-30 15:28:11,Orchard Central,SOK-M-04,Men's Ribbed Crew Socks,Socks,Men,5.9,5.9,False,1,5.9,PayNow
PUN-20260630-0225,1,2026-06-30 20:31:38,  Punggol  ,SOK-M-03,Men's Airism Low-Cut Socks,socks,Men,5.9,5.9,False,1,5.9,Card
BUG-20260630-0002,1,2026-06-30 21:38:34,Bugis,SOK-W-04,Women's Ribbed Crew Socks,Socks,Women,5.9,5.9,False,1,5.9,
BUG-20260630-0442,1,2026-06-30 20:13:54,Bugis,SOK-M-04,Men's Ribbed Crew Socks,socks,Men,5.9,5.9,False,1,5.9,Cash
ORC-20260630-0997,2,2026-06-30 22:30:44,Orchard Central,UND-W-03,Women's Cotton Blend Briefs,Underwear,Women,9.9,9.9,False,1,9.9,Cash
PUN-20260630-0026,1,2026-06-30 22:24:52,Punggol,BTM-M-04,Men's Dry Stretch Shorts,Bottoms,men,19.9,19.9,False,1,19.9,Cash
PUN-20260630-0516,2,2026-06-30 17:19:50,Punggol,SOK-M-03,Men's Airism Low-Cut Socks,Socks,Men,5.9,5.9,False,1,$5.9,Card
ORC-20260630-0846,1,2026-06-30 22:21:57,Orchard Central,SOK-W-02,Women's Pile Crew Socks,SOCKS,Women,5.9,5.9,False,1,5.9,PAYNOW
BUG-20260630-0410,2,2026-06-30 21:19:36,  Bugis  ,SOK-M-09,Men's No-Show Sneaker Socks,Socks,Men,4.17,5.9,True,1,4.17,NETS
BUG-20260630-0512,1,2026-06-30 20:48:27,bugis,SOK-M-09,Men's No-Show Sneaker Socks,socks,Men,4.17,5.9,True,1,4.17,PayNow
ORC-20260630-0402,3,2026-06-30 18:21:31,Orchard Central,UND-W-01,Women's Airism Bikini Shorts,Underwear,Women,9.9,9.9,False,1,9.9,PayNow
PUN-20260630-0228,1,2026-06-30 16:27:03,PUNGGOL,UND-M-02,Men's Cotton Blend Trunks,Underwear,Men,14.9,14.9,False,1,14.9,Cash
PUN-20260630-0563,1,2026-06-30 22:42:41,Punggol,UND-M-02,Men's Cotton Blend Trunks,Underwear,Men,14.9,14.9,False,1,14.9,PayNow
ORC-20260630-0428,2,2026-06-30 18:35:20,Orchard Central,SOK-M-02,Men's Pile Crew Socks,Socks,Men,5.9,5.9,False,1,5.9,PayNow
BUG-20260630-0862,1,2026-06-30 13:08:35,Bugis,SOK-W-09,Women's No-Show Sneaker Socks,Socks,Women,5.9,5.9,False,2,11.8,Cash
PUN-20260630-0547,1,2026-06-30 12:34:00,Punggol,SOK-M-03,Men's Airism Low-Cut Socks,SOCKS,Men,$5.9,5.9,False,1,5.9,Cash
BUG-20260630-0706,2,2026-06-30 13:41:49,Bugis,SOK-W-03,Women's Airism Low-Cut Socks,Socks,Women,5.9,5.9,False,1,5.9,Card
ORC-20260630-0070,1,2026-06-30 12:39:49,Orchard Central,SOK-W-02,Women's Pile Crew Socks,Socks,WOMEN,5.9,5.9,False,1,5.9,Card
PUN-20260630-0196,1,2026-06-30 19:32:34,Punggol,SOK-M-04,  Men's Ribbed Crew Socks  ,Socks,Men,5.9,5.9,False,1,5.9,Card
PUN-20260630-0004,1,2026-06-30 19:19:47,Punggol,UND-M-02,Men's Cotton Blend Trunks,Underwear,Men,14.9,14.9,False,2,29.8,Card
BUG-20260630-0099,2,2026-06-30 18:00:50,BUGIS,UND-W-01,Women's Airism Bikini Shorts,Underwear,Women,$9.9,9.9,False,1,9.9,PayNow
ORC-20260630-0084,2,2026-06-30 19:21:19,Orchard Central,SOK-W-04,Women's Ribbed Crew Socks,Socks,Women,5.9,5.9,False,1,5.9,NETS
PUN-20260630-0031,1,2026-06-30 20:56:49,Punggol,SOK-M-04,Men's Ribbed Crew Socks,Socks,Men,5.9,5.9,False,1,5.9,Cash
BUG-20260630-0154,3,2026-06-30 19:35:03,Bugis,SOK-W-03,Women's Airism Low-Cut Socks,Socks,Women,$5.9,5.9,False,1,5.9,PayNow
BUG-20260630-0679,1,2026-06-30 15:44:22,Bugis,TOP-W-03,Women's Silky Satin Blouse,Tops,Women,39.9,39.9,False,1,39.9,PayNow
BUG-20260630-0328,1,2026-06-30 16:32:51,Bugis,BTM-M-01,Men's Ezy Ankle Pants,Bottoms,Men,29.9,29.9,False,1,29.9,Card
ORC-20260630-0377,2,2026-06-30 20:01:26,Orchard Central,UND-M-04,Men's Cotton Crew Neck Undershirt,Underwear,Men,14.9,14.9,False,2,29.8,Card
ORC-20260630-0591,2,2026-06-30 14:17:47,Orchard Central,UND-M-02,Men's Cotton Blend Trunks,Underwear,Men,14.9,14.9,False,1,14.9,Card
ORC-20260630-0028,2,2026-06-30 21:56:57,orchard central,UND-W-03,Women's Cotton Blend Briefs,UNDERWEAR,Women,9.9,9.9,False,1,9.9,Card
BUG-20260630-0116,1,2026-06-30 21:33:33,BUGIS,SOK-M-03,Men's Airism Low-Cut Socks,Socks,Men,5.9,5.9,False,1,5.9,CARD
BUG-20260630-0467,1,2026-06-30 12:57:03,Bugis,UND-W-04,Women's Airism T-Shirt Bra,Underwear,Women,29.9,29.9,False,1,29.9,PayNow
ORC-20260630-0129,2,2026-06-30 15:13:27,Orchard Central,TOP-W-02,,Tops,Women,19.9,19.9,False,1,19.9,Card
PUN-20260630-0086,1,2026-06-30 19:49:47,Punggol,UND-W-08,Women's Airism Camisole,Underwear,Women,14.9,14.9,False,1,14.9,Cash
ORC-20260630-0754,1,2026-06-30 15:02:57,Orchard Central,SOK-W-02,Women's Pile Crew Socks,socks,Women,5.9,5.9,False,1,5.9,PAYNOW
PUN-20260630-0140,1,2026-06-30 12:39:17,Punggol,SOK-W-04,Women's Ribbed Crew Socks,Socks,Women,5.9,5.9,False,1,5.9,CARD
ORC-20260630-0499,1,2026-06-30 12:44:11,  Orchard Central  ,SOK-M-04,Men's Ribbed Crew Socks,Socks,Men,5.9,5.9,False,1,5.9,Card
BUG-20260630-0135,3,2026-06-30 11:40:33,  Bugis  ,SOK-W-03,  Women's Airism Low-Cut Socks  ,Socks,Women,5.9,5.9,False,1,5.9,PayNow
PUN-20260630-0436,1,2026-06-30 19:25:33,Punggol,TOP-W-04,Women's Heattech Crew Neck Long Sleeve Tee,Tops,Women,14.9,14.9,False,1,14.9,PayNow
ORC-20260630-0630,2,2026-06-30 20:07:56,Orchard Central,SOK-W-04,Women's Ribbed Crew Socks,SOCKS,Women,5.9,5.9,False,1,5.9,PayNow
BUG-20260630-0725,2,2026-06-30 20:24:24,Bugis,SOK-W-04,Women's Ribbed Crew Socks,Socks,Women,5.9,5.9,False,1,5.9,PayNow
PUN-20260630-0141,1,2026-06-30 13:48:39,PUNGGOL,SOK-W-03,Women's Airism Low-Cut Socks,SOCKS,Women,5.9,5.9,False,2,11.8,Nets
ORC-20260630-0082,3,2026-06-30 19:54:57,Orchard Central,UND-W-01,Women's Airism Bikini Shorts,UNDERWEAR,Women,9.9,9.9,False,1,9.9,Paynow
BUG-20260630-0824,2,2026-06-30 20:16:47,  Bugis  ,SOK-M-03,  Men's Airism Low-Cut Socks  ,Socks,Men,5.9,5.9,False,1,5.9,Card
ORC-20260630-0516,1,2026-06-30 20:14:56,Orchard Central,SOK-M-02,Men's Pile Crew Socks,Socks,Men,5.9,5.9,False,1,5.9,Card
PUN-20260630-0220,1,2026-06-30 22:53:42,Punggol,TOP-W-02,Women's Ribbed Long Sleeve Turtleneck,Tops,Women,19.9,19.9,False,1,19.9,Card
PUN-20260630-0433,1,2026-06-30 20:48:35,PUNGGOL,SOK-M-02,Men's Pile Crew Socks,Socks,Men,5.9,5.9,False,1,5.9,Card
BUG-20260630-0830,1,2026-06-30 16:46:46,  Bugis  ,TOP-W-01,Women's Airism Cotton Crew Neck T-Shirt,Tops,Women,14.9,14.9,False,1,14.9,PayNow
BUG-20260630-0319,1,2026-06-30 21:36:57,Bugis,BTM-M-01,Men's Ezy Ankle Pants,bottoms,Men,29.9,29.9,False,1,29.9,NETS
ORC-20260630-0722,1,2026-06-30 11:10:16,Orchard Central,BTM-M-01,Men's Ezy Ankle Pants,Bottoms,Men,29.9,29.9,False,1,29.9,Card
ORC-20260630-0736,2,2026-06-30 17:31:23,Orchard Central,SOK-W-02,Women's Pile Crew Socks,Socks,Women,5.9,5.9,False,1,5.9,Card
BUG-20260630-0183,2,2026-06-30 15:14:15,Bugis,UND-M-02,Men's Cotton Blend Trunks,Underwear,Men,14.9,14.9,False,1,14.9,Card
ORC-20260630-0959,1,2026-06-30 16:55:19,  Orchard Central  ,UND-M-02,Men's Cotton Blend Trunks,Underwear,Men,14.9,14.9,False,2,29.8,nets
BUG-20260630-0117,2,2026-06-30 16:46:53,Bugis,SOK-M-01,Men's Ankle Socks 3-Pack,Socks,Men,14.9,14.9,False,1,14.9,Card
ORC-20260630-0034,2,2026-06-30 15:43:38,Orchard Central,SOK-W-04,Women's Ribbed Crew Socks,Socks,WOMEN,5.9,5.9,False,1,5.9,Cash
BUG-20260630-0429,2,2026-06-30 15:40:50,Bugis,BTM-M-02,Men's Slim Fit Chino Trousers,Bottoms,Men,29.9,29.9,False,1,29.9,Card
BUG-20260630-0953,1,2026-06-30 20:47:09,  BUGIS  ,TOP-W-04,Women's Heattech Crew Neck Long Sleeve Tee,Tops,Women,14.9,14.9,False,1,14.9,Card
BUG-20260630-0061,1,2026-06-30 21:12:06,Bugis,TOP-W-02,Women's Ribbed Long Sleeve Turtleneck,Tops,Women,19.9,19.9,False,1,19.9,PayNow
PUN-20260630-0286,1,2026-06-30 20:34:00,Punggol,UND-W-01,Women's Airism Bikini Shorts,UNDERWEAR,women,9.9,9.9,False,1,$9.9,Paynow
ORC-20260630-0440,2,2026-06-30 17:23:37,ORCHARD CENTRAL,UND-M-02,Men's Cotton Blend Trunks,Underwear,men,14.9,14.9,False,1,14.9,CARD
BUG-20260630-0077,1,2026-06-30 18:11:17,Bugis,SOK-M-04,Men's Ribbed Crew Socks,Socks,Men,5.9,5.9,False,1,5.9,card
ORC-20260630-0318,3,2026-06-30 22:37:48,ORCHARD CENTRAL,UND-W-04,Women's Airism T-Shirt Bra,Underwear,Women,29.9,29.9,False,1,29.9,Card
BUG-20260630-0371,2,2026-06-30 20:21:13,Bugis,TOP-W-01,Women's Airism Cotton Crew Neck T-Shirt,Tops,Women,14.9,14.9,False,1,14.9,Card
ORC-20260630-0111,2,2026-06-30 14:15:41,Orchard Central,TOP-W-01,Women's Airism Cotton Crew Neck T-Shirt,Tops,Women,14.9,14.9,False,1,14.9,NETS
BUG-20260630-0693,3,2026-06-30 20:13:17,Bugis,SOK-M-04,Men's Ribbed Crew Socks,Socks,Men,5.9,5.9,False,2,11.8,Cash
BUG-20260630-0443,2,2026-06-30 12:08:13,BUGIS,UND-W-01,Women's Airism Bikini Shorts,Underwear,Women,9.9,9.9,False,1,9.9,Cash
BUG-20260630-0868,1,2026-06-30 14:17:57,Bugis,TOP-M-02,Men's Supima Cotton Polo Shirt,Tops,Men,29.9,29.9,False,1,29.9,Card
ORC-20260630-0708,2,2026-06-30 18:04:44,Orchard Central,UND-M-09,Men's Heattech Long Johns,Underwear,Men,$19.9,19.9,False,1,19.9,Card
PUN-20260630-0490,1,2026-06-30 20:48:00,Punggol,SOK-W-02,Women's Pile Crew Socks,Socks,Women,5.9,5.9,False,2,11.8,NETS
ORC-20260630-1027,1,2026-06-30 18:20:36,Orchard Central,SOK-W-04,Women's Ribbed Crew Socks,Socks,WOMEN,5.9,5.9,False,1,5.9,paynow
PUN-20260630-0383,3,2026-06-30 14:50:14,Punggol,BTM-M-02,Men's Slim Fit Chino Trousers,Bottoms,Men,29.9,29.9,False,1,29.9,Paynow
ORC-20260630-0752,3,2026-06-30 18:30:54,Orchard Central,SOK-W-02,Women's Pile Crew Socks,Socks,Women,5.9,5.9,False,1,5.9,NETS
PUN-20260630-0035,3,2026-06-30 21:54:41,Punggol,TOP-M-01,Men's Airism Cotton Crew Neck T-Shirt,Tops,Men,14.9,14.9,False,1,14.9,Card
ORC-20260630-0160,1,2026-06-30 21:21:33,Orchard Central,UND-M-02,Men's Cotton Blend Trunks,underwear,Men,14.9,14.9,False,2,29.8,Card
ORC-20260630-0567,1,2026-06-30 21:58:46,Orchard Central,BTM-M-07,Men's Smart Ankle Pants,Bottoms,Men,39.9,39.9,False,1,39.9,NETS
ORC-20260630-0345,1,2026-06-30 22:21:29,Orchard Central,UND-M-01,Men's Airism Boxer Briefs,Underwear,Men,14.9,14.9,False,1,14.9,Card
ORC-20260630-0954,2,2026-06-30 19:12:14,Orchard Central,SOK-W-02,Women's Pile Crew Socks,Socks,women,5.9,5.9,False,1,5.9,Card
BUG-20260630-0212,1,2026-06-30 20:42:42,Bugis,SOK-W-02,Women's Pile Crew Socks,Socks,Women,5.9,5.9,False,1,5.9,NETS
BUG-20260630-0457,1,2026-06-30 21:03:43,Bugis,SOK-M-07,Men's Striped Crew Socks,Socks,Men,5.9,5.9,False,1,5.9,Card
ORC-20260630-0076,1,2026-06-30 12:41:44,Orchard Central,SOK-M-01,Men's Ankle Socks 3-Pack,Socks,Men,14.9,14.9,False,1,14.9,Card
BUG-20260630-0821,1,2026-06-30 19:23:35,Bugis,SOK-W-03,Women's Airism Low-Cut Socks,Socks,Women,5.9,5.9,False,1,5.9,card
ORC-20260630-0181,1,2026-06-30 15:54:57,Orchard Central,TOP-W-02,Women's Ribbed Long Sleeve Turtleneck,Tops,Women,19.9,19.9,False,1,19.9,Cash
PUN-20260630-0046,1,2026-06-30 15:38:42,Punggol,SOK-M-02,Men's Pile Crew Socks,Socks,Men,5.9,5.9,False,1,5.9,Paynow
BUG-20260630-0605,1,2026-06-30 17:34:03,Bugis,UND-M-02,Men's Cotton Blend Trunks,UNDERWEAR,Men,14.9,14.9,False,1,14.9,CARD
ORC-20260630-0434,3,2026-06-30 18:17:14,Orchard Central,UND-W-01,Women's Airism Bikini Shorts,Underwear,WOMEN,9.9,9.9,False,1,9.9,PayNow
ORC-20260630-0499,2,2026-06-30 12:44:11,Orchard Central,SOK-W-02,Women's Pile Crew Socks,Socks,Women,5.9,5.9,False,1,5.9,Card
ORC-20260630-0560,2,2026-06-30 18:43:25,Orchard Central,TOP-M-01,Men's Airism Cotton Crew Neck T-Shirt,Tops,Men,14.9,14.9,False,1,14.9,Card
PUN-20260630-0305,3,2026-06-30 17:17:00,Punggol,SOK-W-05,Women's Sport Ankle Socks,Socks,Women,4.27,5.9,True,1,4.27,card
ORC-20260630-0050,1,2026-06-30 11:00:41,Orchard Central,SOK-W-04,  Women's Ribbed Crew Socks  ,socks,Women,5.9,5.9,False,1,5.9,nets
ORC-20260630-0742,1,2026-06-30 19:04:56,Orchard Central,UND-M-01,Men's Airism Boxer Briefs,Underwear,men,14.9,14.9,False,1,14.9,PayNow
ORC-20260630-0202,1,2026-06-30 18:29:49,Orchard Central,SOK-W-04,Women's Ribbed Crew Socks,socks,WOMEN,5.9,5.9,False,1,5.9,card
ORC-20260630-0166,2,2026-06-30 18:07:25,Orchard Central,UND-M-03,Men's Airism Mesh Boxer Briefs,UNDERWEAR,Men,14.9,14.9,False,1,14.9,NETS
ORC-20260630-0166,1,2026-06-30 18:07:25,Orchard Central,BTM-M-03,Men's Selvedge Regular Fit Jeans,Bottoms,Men,59.9,59.9,False,1,59.9,NETS
PUN-20260630-0389,2,2026-06-30 17:19:44,Punggol,SOK-M-03,Men's Airism Low-Cut Socks,Socks,Men,$5.9,5.9,False,1,5.9,Nets
BUG-20260630-0854,2,2026-06-30 22:16:59,Bugis,SOK-W-04,Women's Ribbed Crew Socks,Socks,WOMEN,5.9,5.9,False,1,5.9,Card
ORC-20260630-1002,3,2026-06-30 20:50:51,ORCHARD CENTRAL,UND-M-02,Men's Cotton Blend Trunks,Underwear,Men,14.9,14.9,False,1,14.9,Card
ORC-20260630-0984,3,2026-06-30 20:31:55,Orchard Central,SOK-W-01,  Women's Ankle Socks 3-Pack  ,Socks,Women,14.9,14.9,False,1,14.9,Cash
BUG-20260630-0414,2,2026-06-30 18:52:47,Bugis,UND-W-01,Women's Airism Bikini Shorts,UNDERWEAR,Women,9.9,9.9,False,1,9.9,NETS
PUN-20260630-0569,2,2026-06-30 18:05:58,Punggol,TOP-M-03,Men's Dry-EX Crew Neck T-Shirt,tops,Men,19.9,19.9,False,1,19.9,Cash
ORC-20260630-0328,1,2026-06-30 19:06:10,  Orchard Central  ,UND-W-01,Women's Airism Bikini Shorts,Underwear,Women,9.9,9.9,False,1,9.9,Cash
BUG-20260630-0051,2,2026-06-30 12:30:26,Bugis,SOK-W-04,Women's Ribbed Crew Socks,Socks,Women,5.9,5.9,False,1,5.9,Card
BUG-20260630-0752,1,2026-06-30 21:06:01,Bugis,SOK-W-02,Women's Pile Crew Socks,Socks,WOMEN,5.9,5.9,False,1,5.9,PayNow
BUG-20260630-0744,1,2026-06-30 17:41:25,Bugis,SOK-W-04,Women's Ribbed Crew Socks,Socks,Women,5.9,5.9,False,1,5.9,PayNow
BUG-20260630-0644,2,2026-06-30 18:38:32,Bugis,SOK-W-01,Women's Ankle Socks 3-Pack,Socks,Women,14.9,14.9,False,1,14.9,card
PUN-20260630-0096,1,2026-06-30 20:04:05,Punggol,SOK-M-02,Men's Pile Crew Socks,Socks,Men,5.9,5.9,False,2,11.8,Paynow
PUN-20260630-0576,1,2026-06-30 20:20:13,Punggol,TOP-M-01,Men's Airism Cotton Crew Neck T-Shirt,Tops,men,14.9,14.9,False,1,14.9,PayNow
PUN-20260630-0075,1,2026-06-30 14:33:42,Punggol,SOK-W-05,Women's Sport Ankle Socks,Socks,Women,4.27,5.9,True,2,8.54,Card
BUG-20260630-0946,1,2026-06-30 13:42:39,Bugis,UND-M-03,Men's Airism Mesh Boxer Briefs,Underwear,Men,14.9,14.9,False,1,14.9,Card
ORC-20260630-0638,1,2026-06-30 21:34:26,Orchard Central,UND-W-01,Women's Airism Bikini Shorts,Underwear,Women,9.9,9.9,False,1,$9.9,PayNow
PUN-20260630-0024,3,2026-06-30 12:52:58,  Punggol  ,SOK-W-02,Women's Pile Crew Socks,Socks,Women,5.9,5.9,False,1,5.9,Card
PUN-20260630-0365,1,2026-06-30 17:53:33,Punggol,SOK-W-03,Women's Airism Low-Cut Socks,Socks,Women,5.9,5.9,False,2,11.8,Card
PUN-20260630-0006,1,2026-06-30 22:26:10,PUNGGOL,SOK-W-01,Women's Ankle Socks 3-Pack,Socks,Women,14.9,14.9,False,1,14.9,PayNow
PUN-20260630-0129,1,2026-06-30 11:24:12,Punggol,TOP-M-02,Men's Supima Cotton Polo Shirt,Tops,Men,29.9,29.9,False,1,29.9,Cash
BUG-20260630-0619,2,2026-06-30 19:33:33,Bugis,TOP-W-01,Women's Airism Cotton Crew Neck T-Shirt,Tops,Women,14.9,14.9,False,1,14.9,Card
BUG-20260630-0836,1,2026-06-30 18:20:54,Bugis,SOK-W-03,Women's Airism Low-Cut Socks,Socks,Women,5.9,5.9,False,2,11.8,PayNow
BUG-20260630-0970,2,2026-06-30 16:11:58,Bugis,SOK-W-02,Women's Pile Crew Socks,Socks,WOMEN,5.9,5.9,False,1,5.9,NETS
PUN-20260630-0396,1,2026-06-30 20:30:55,Punggol,UND-W-01,Women's Airism Bikini Shorts,Underwear,Women,9.9,9.9,False,1,9.9,Card
BUG-20260630-0465,2,2026-06-30 15:19:06,Bugis,SOK-M-01,  Men's Ankle Socks 3-Pack  ,SOCKS,Men,14.9,14.9,False,1,14.9,Card
BUG-20260630-0612,1,2026-06-30 21:50:14,Bugis,SOK-M-07,Men's Striped Crew Socks,Socks,Men,5.9,5.9,False,1,5.9,Card
PUN-20260630-0522,1,2026-06-30 20:52:30,Punggol,SOK-W-05,Women's Sport Ankle Socks,Socks,Women,4.27,5.9,True,1,4.27,Cash
ORC-20260630-0312,2,2026-06-30 21:04:47,Orchard Central,BTM-W-08,Women's Smart Ankle Pants,Bottoms,Women,$39.9,39.9,False,1,39.9,PayNow
BUG-20260630-0761,1,2026-06-30 21:14:01,Bugis,SOK-W-06,Women's Heattech Socks,Socks,Women,9.9,9.9,False,1,9.9,NETS
ORC-20260630-0920,1,2026-06-30 12:07:29,Orchard Central,TOP-M-03,Men's Dry-EX Crew Neck T-Shirt,Tops,Men,19.9,19.9,False,1,19.9,Card
BUG-20260630-0451,3,2026-06-30 16:14:27,Bugis,BTM-W-03,Women's Ezy Ankle Pants,Bottoms,Women,29.9,29.9,False,1,29.9,NETS
ORC-20260630-0397,1,2026-06-30 14:25:45,Orchard Central,TOP-W-04,Women's Heattech Crew Neck Long Sleeve Tee,Tops,Women,14.9,14.9,False,1,14.9,Cash
BUG-20260630-0050,2,2026-06-30 21:24:59,Bugis,SOK-M-09,Men's No-Show Sneaker Socks,Socks,Men,4.17,5.9,True,1,4.17,NETS
PUN-20260630-0213,1,2026-06-30 17:49:54,Punggol,UND-M-04,Men's Cotton Crew Neck Undershirt,Underwear,Men,14.9,14.9,False,1,14.9,Card
ORC-20260630-0384,2,2026-06-30 18:49:04,Orchard Central,UND-M-03,  Men's Airism Mesh Boxer Briefs  ,Underwear,Men,14.9,14.9,False,1,14.9,Card
BUG-20260630-0493,1,2026-06-30 14:08:03,Bugis,UND-W-01,Women's Airism Bikini Shorts,Underwear,Women,9.9,9.9,False,1,9.9,Card
ORC-20260630-0489,1,2026-06-30 11:55:53,Orchard Central,TOP-W-04,Women's Heattech Crew Neck Long Sleeve Tee,Tops,Women,14.9,14.9,False,1,14.9,PayNow
PUN-20260630-0178,2,2026-06-30 15:06:02,Punggol,BTM-M-04,Men's Dry Stretch Shorts,Bottoms,men,19.9,19.9,False,1,19.9,
PUN-20260630-0384,2,2026-06-30 11:10:59,Punggol,SOK-M-02,Men's Pile Crew Socks,Socks,Men,5.9,5.9,False,2,11.8,NETS
PUN-20260630-0319,2,2026-06-30 19:51:27,Punggol,SOK-M-03,Men's Airism Low-Cut Socks,Socks,Men,5.9,5.9,False,1,5.9,card
ORC-20260630-0290,2,2026-06-30 20:47:21,Orchard Central,SOK-W-02,Women's Pile Crew Socks,Socks,Women,5.9,5.9,False,1,5.9,Cash
BUG-20260630-0702,3,2026-06-30 14:04:32,Bugis,SOK-M-09,  Men's No-Show Sneaker Socks  ,Socks,Men,4.17,5.9,True,1,4.17,Card
BUG-20260630-0158,2,2026-06-30 21:53:20,Bugis,SOK-M-09,Men's No-Show Sneaker Socks,Socks,Men,4.17,5.9,True,2,8.34,Cash
BUG-20260630-0495,1,2026-06-30 21:00:18,BUGIS,SOK-W-03,Women's Airism Low-Cut Socks,Socks,women,5.9,5.9,False,1,5.9,Card
PUN-20260630-0050,2,2026-06-30 15:21:43,Punggol,UND-W-08,Women's Airism Camisole,Underwear,WOMEN,14.9,14.9,False,1,14.9,Paynow
PUN-20260630-0308,2,2026-06-30 21:44:35,Punggol,SOK-W-05,Women's Sport Ankle Socks,socks,Women,4.27,5.9,True,1,4.27,Paynow
ORC-20260630-0164,1,2026-06-30 15:19:40,  Orchard Central  ,TOP-M-01,Men's Airism Cotton Crew Neck T-Shirt,Tops,Men,14.9,14.9,False,1,14.9,PayNow
PUN-20260630-0320,1,2026-06-30 20:01:22,Punggol,UND-W-01,Women's Airism Bikini Shorts,Underwear,Women,9.9,9.9,False,2,19.8,Card
ORC-20260630-0993,1,2026-06-30 14:01:04,Orchard Central,SOK-W-04,Women's Ribbed Crew Socks,Socks,Women,5.9,5.9,False,1,5.9,card
ORC-20260630-0065,1,2026-06-30 21:41:37,Orchard Central,TOP-W-01,Women's Airism Cotton Crew Neck T-Shirt,Tops,Women,14.9,14.9,False,1,14.9,PayNow
BUG-20260630-0226,2,2026-06-30 20:48:57,Bugis,BTM-M-08,Men's Relaxed Fit Denim Shorts,bottoms,Men,29.9,29.9,False,1,29.9,Cash
BUG-20260630-0449,1,2026-06-30 19:56:06,Bugis,BTM-M-04,Men's Dry Stretch Shorts,bottoms,Men,19.9,19.9,False,1,19.9,Card
ORC-20260630-0419,3,2026-06-30 19:53:49,Orchard Central,TOP-M-03,Men's Dry-EX Crew Neck T-Shirt,Tops,Men,$19.9,19.9,False,1,19.9,Card
BUG-20260630-0294,2,2026-06-30 20:11:41,Bugis,BTM-M-01,Men's Ezy Ankle Pants,Bottoms,Men,29.9,29.9,False,1,29.9,Cash
ORC-20260630-0156,3,2026-06-30 19:37:42,ORCHARD CENTRAL,UND-W-03,Women's Cotton Blend Briefs,Underwear,Women,9.9,9.9,False,1,9.9,Card
ORC-20260630-0623,2,2026-06-30 17:19:19,  Orchard Central  ,TOP-W-04,Women's Heattech Crew Neck Long Sleeve Tee,Tops,women,14.9,14.9,False,1,14.9,Card
PUN-20260630-0613,2,2026-06-30 12:09:14,Punggol,SOK-W-04,Women's Ribbed Crew Socks,SOCKS,Women,5.9,5.9,False,1,5.9,PayNow
BUG-20260630-0807,1,2026-06-30 12:20:52,Bugis,BTM-W-04,Women's Denim Straight Jeans,Bottoms,Women,49.9,49.9,False,1,49.9,Cash
BUG-20260630-0589,1,2026-06-30 15:00:59,Bugis,SOK-W-04,Women's Ribbed Crew Socks,Socks,Women,5.9,5.9,False,1,5.9,Card
PUN-20260630-0397,1,2026-06-30 14:33:30,PUNGGOL,SOK-W-03,Women's Airism Low-Cut Socks,Socks,Women,5.9,5.9,False,1,5.9,Card
ORC-20260630-1084,2,2026-06-30 21:14:11,Orchard Central,SOK-M-02,Men's Pile Crew Socks,Socks,MEN,5.9,5.9,False,2,11.8,PayNow
BUG-20260630-0808,1,2026-06-30 20:46:45,Bugis,SOK-M-02,Men's Pile Crew Socks,Socks,Men,5.9,5.9,False,1,5.9,card
PUN-20260630-0622,2,2026-06-30 17:40:20,Punggol,UND-W-08,Women's Airism Camisole,Underwear,Women,14.9,14.9,False,1,14.9,Cash
PUN-20260630-0585,2,2026-06-30 17:19:58,Punggol,SOK-W-05,Women's Sport Ankle Socks,Socks,Women,4.27,5.9,True,1,4.27,PayNow
PUN-20260630-0450,3,2026-06-30 16:35:03,Punggol,SOK-W-04,Women's Ribbed Crew Socks,Socks,Women,5.9,5.9,False,1,5.9,NETS
ORC-20260630-0128,1,2026-06-30 18:31:04,  Orchard Central  ,SOK-W-04,Women's Ribbed Crew Socks,SOCKS,Women,5.9,5.9,False,1,5.9,card
BUG-20260630-0822,3,2026-06-30 13:01:01,Bugis,TOP-M-01,Men's Airism Cotton Crew Neck T-Shirt,Tops,Men,14.9,14.9,False,1,14.9,Card
BUG-20260630-0911,1,2026-06-30 12:40:13,Bugis,SOK-M-02,Men's Pile Crew Socks,Socks,Men,5.9,5.9,False,2,11.8,PayNow
ORC-20260630-0092,2,2026-06-30 18:02:34,Orchard Central,BTM-W-02,Women's High-Rise Wide Leg Pants,Bottoms,Women,39.9,39.9,False,1,39.9,CASH
ORC-20260630-0797,1,2026-06-30 17:45:46,orchard central,SOK-M-04,  Men's Ribbed Crew Socks  ,Socks,Men,5.9,5.9,False,1,5.9,Cash
PUN-20260630-0195,3,2026-06-30 13:56:07,Punggol,UND-M-02,Men's Cotton Blend Trunks,Underwear,Men,14.9,14.9,False,1,14.9,PayNow
BUG-20260630-0530,1,2026-06-30 20:52:40,BUGIS,SOK-M-09,Men's No-Show Sneaker Socks,Socks,men,4.17,5.9,True,1,4.17,PayNow
PUN-20260630-0309,2,2026-06-30 18:30:45,Punggol,SOK-W-02,Women's Pile Crew Socks,Socks,Women,$5.9,5.9,False,1,5.9,PayNow
PUN-20260630-0310,2,2026-06-30 18:03:34,Punggol,SOK-W-03,Women's Airism Low-Cut Socks,Socks,Women,5.9,5.9,False,1,5.9,Cash
BUG-20260630-0761,3,2026-06-30 21:14:01,Bugis,SOK-M-02,Men's Pile Crew Socks,Socks,Men,5.9,5.9,False,1,5.9,NETS
PUN-20260630-0558,1,2026-06-30 19:34:23,Punggol,SOK-M-02,Men's Pile Crew Socks,Socks,Men,5.9,5.9,False,1,5.9,Card
ORC-20260630-0936,1,2026-06-30 20:11:28,ORCHARD CENTRAL,SOK-W-01,Women's Ankle Socks 3-Pack,SOCKS,Women,14.9,14.9,False,2,29.8,Cash
ORC-20260630-0778,2,2026-06-30 14:49:35,ORCHARD CENTRAL,SOK-W-02,Women's Pile Crew Socks,Socks,Women,5.9,5.9,False,1,5.9,Cash
BUG-20260630-0450,3,2026-06-30 22:06:30,bugis,SOK-M-07,Men's Striped Crew Socks,Socks,Men,$5.9,5.9,False,2,11.8,Card
ORC-20260630-0682,1,2026-06-30 21:30:24,  ORCHARD CENTRAL  ,SOK-M-05,Men's Sport Ankle Socks,Socks,Men,4.36,5.9,True,1,4.36,Card
ORC-20260630-0542,1,2026-06-30 14:49:57,Orchard Central,SOK-W-02,  Women's Pile Crew Socks  ,Socks,Women,5.9,5.9,False,1,5.9,PayNow
ORC-20260630-0939,3,2026-06-30 11:01:31,Orchard Central,SOK-M-03,Men's Airism Low-Cut Socks,Socks,Men,5.9,5.9,False,1,5.9,Cash
PUN-20260630-0610,2,2026-06-30 17:36:49,Punggol,UND-M-04,Men's Cotton Crew Neck Undershirt,Underwear,Men,14.9,14.9,False,1,14.9,NETS
BUG-20260630-0151,2,2026-06-30 19:58:54,Bugis,UND-W-03,Women's Cotton Blend Briefs,Underwear,Women,9.9,9.9,False,1,9.9,NETS
BUG-20260630-0344,1,2026-06-30 12:35:02,Bugis,SOK-W-03,Women's Airism Low-Cut Socks,Socks,Women,5.9,5.9,False,1,5.9,Cash
BUG-20260630-0858,2,2026-06-30 21:08:20,Bugis,SOK-M-03,Men's Airism Low-Cut Socks,Socks,Men,5.9,5.9,False,1,5.9,Card
BUG-20260630-0485,3,2026-06-30 18:42:14,Bugis,SOK-W-03,  Women's Airism Low-Cut Socks  ,Socks,Women,5.9,5.9,False,1,5.9,Cash
PUN-20260630-0350,2,2026-06-30 21:29:51,Punggol,UND-W-01,Women's Airism Bikini Shorts,Underwear,Women,9.9,9.9,False,1,9.9,Cash
BUG-20260630-0160,2,2026-06-30 21:17:14,Bugis,SOK-M-02,Men's Pile Crew Socks,Socks,MEN,5.9,5.9,False,1,5.9,PayNow
PUN-20260630-0368,2,2026-06-30 18:44:45,Punggol,BTM-W-06,Women's Jersey Jogger Pants,Bottoms,Women,29.9,29.9,False,1,29.9,Cash
ORC-20260630-0189,1,2026-06-30 12:45:43,Orchard Central,UND-W-01,Women's Airism Bikini Shorts,Underwear,Women,9.9,9.9,False,1,9.9,Cash
BUG-20260630-0503,1,2026-06-30 13:49:50,Bugis,UND-W-03,Women's Cotton Blend Briefs,Underwear,Women,9.9,9.9,False,1,9.9,PayNow
ORC-20260630-0976,1,2026-06-30 15:02:11,Orchard Central,SOK-W-02,Women's Pile Crew Socks,Socks,Women,5.9,5.9,False,1,5.9,PayNow
ORC-20260630-0918,1,2026-06-30 11:11:36,orchard central,BTM-W-02,Women's High-Rise Wide Leg Pants,Bottoms,Women,39.9,39.9,False,1,39.9,PayNow
BUG-20260630-0335,1,2026-06-30 21:27:55,  Bugis  ,UND-M-03,Men's Airism Mesh Boxer Briefs,UNDERWEAR,Men,14.9,14.9,False,1,14.9,Card
PUN-20260630-0422,1,2026-06-30 13:18:36,Punggol,TOP-M-04,Men's Oxford Long Sleeve Shirt,Tops,Men,29.9,29.9,False,1,29.9,PayNow
PUN-20260630-0409,2,2026-06-30 20:56:50,  Punggol  ,TOP-M-04,  Men's Oxford Long Sleeve Shirt  ,Tops,Men,29.9,29.9,False,1,29.9,PayNow
BUG-20260630-0248,1,2026-06-30 16:50:49,Bugis,SOK-W-03,Women's Airism Low-Cut Socks,Socks,Women,5.9,5.9,False,2,11.8,NETS
PUN-20260630-0033,2,2026-06-30 21:06:58,Punggol,UND-W-03,Women's Cotton Blend Briefs,Underwear,Women,9.9,9.9,False,2,19.8,Card
PUN-20260630-0473,3,2026-06-30 20:09:40,Punggol,TOP-M-04,Men's Oxford Long Sleeve Shirt,Tops,Men,29.9,29.9,False,1,29.9,Card
ORC-20260630-0450,1,2026-06-30 21:59:59,  Orchard Central  ,SOK-M-02,Men's Pile Crew Socks,Socks,Men,5.9,5.9,False,1,5.9,Card
BUG-20260630-0539,1,2026-06-30 16:19:35,Bugis,SOK-M-09,Men's No-Show Sneaker Socks,Socks,Men,4.17,5.9,True,1,4.17,card
BUG-20260630-0074,1,2026-06-30 20:55:40,Bugis,TOP-W-02,Women's Ribbed Long Sleeve Turtleneck,Tops,Women,19.9,19.9,False,1,19.9,Card
PUN-20260630-0538,3,2026-06-30 17:51:57,  Punggol  ,UND-M-04,  Men's Cotton Crew Neck Undershirt  ,Underwear,Men,14.9,14.9,False,1,14.9,paynow
ORC-20260630-1028,1,2026-06-30 22:50:10,Orchard Central,BTM-M-01,Men's Ezy Ankle Pants,Bottoms,Men,29.9,29.9,False,1,29.9,NETS
BUG-20260630-0121,3,2026-06-30 15:03:18,Bugis,TOP-M-03,Men's Dry-EX Crew Neck T-Shirt,Tops,Men,$19.9,19.9,False,1,19.9,Cash
ORC-20260630-0259,1,2026-06-30 17:03:33,Orchard Central,SOK-M-02,Men's Pile Crew Socks,Socks,Men,5.9,5.9,False,1,5.9,Card
BUG-20260630-0561,1,2026-06-30 17:40:57,  BUGIS  ,UND-M-07,Men's Stretch Cotton Boxers,Underwear,Men,14.9,14.9,False,1,14.9,Cash
BUG-20260630-0135,1,2026-06-30 11:40:33,  Bugis  ,SOK-M-07,Men's Striped Crew Socks,Socks,Men,5.9,5.9,False,1,5.9,PayNow
ORC-20260630-0378,3,2026-06-30 12:27:55,Orchard Central,TOP-W-06,Women's Linen Blend Short Sleeve Shirt,tops,Women,19.72,29.9,True,1,19.72,cash
BUG-20260630-0723,3,2026-06-30 22:17:56,Bugis,UND-W-04,Women's Airism T-Shirt Bra,Underwear,Women,29.9,29.9,False,1,29.9,Card
PUN-20260630-0292,1,2026-06-30 12:58:57,Punggol,SOK-M-02,  Men's Pile Crew Socks  ,Socks,Men,5.9,5.9,False,1,5.9,Cash
BUG-20260630-0155,3,2026-06-30 21:44:10,Bugis,SOK-M-10,Men's Wool Blend Socks,SOCKS,Men,9.9,9.9,False,1,9.9,NETS
ORC-20260630-0349,2,2026-06-30 13:18:36,Orchard Central,TOP-W-02,Women's Ribbed Long Sleeve Turtleneck,Tops,Women,19.9,19.9,False,1,19.9,Card
PUN-20260630-0052,2,2026-06-30 20:30:06,Punggol,SOK-M-01,Men's Ankle Socks 3-Pack,Socks,Men,14.9,14.9,False,1,14.9,Card
ORC-20260630-0318,2,2026-06-30 22:37:48,ORCHARD CENTRAL,TOP-W-06,Women's Linen Blend Short Sleeve Shirt,Tops,Women,19.72,29.9,True,1,$19.72,Card
ORC-20260630-0437,3,2026-06-30 15:30:33,Orchard Central,UND-W-03,  Women's Cotton Blend Briefs  ,Underwear,Women,9.9,9.9,False,1,9.9,Cash
ORC-20260630-0956,2,2026-06-30 18:35:15,Orchard Central,SOK-M-01,Men's Ankle Socks 3-Pack,socks,Men,14.9,14.9,False,2,29.8,Card
ORC-20260630-0976,2,2026-06-30 15:02:11,Orchard Central,BTM-W-01,Women's Ultra Stretch Skinny Jeans,Bottoms,Women,39.9,39.9,False,1,39.9,PayNow
ORC-20260630-0767,3,2026-06-30 16:14:25,Orchard Central,SOK-M-03,Men's Airism Low-Cut Socks,Socks,Men,5.9,5.9,False,1,5.9,Card
PUN-20260630-0330,2,2026-06-30 11:20:35,Punggol,SOK-M-04,Men's Ribbed Crew Socks,Socks,Men,5.9,5.9,False,1,5.9,Card
PUN-20260630-0138,1,2026-06-30 16:50:42,Punggol,SOK-W-05,Women's Sport Ankle Socks,Socks,Women,4.27,5.9,True,1,4.27,PayNow
ORC-20260630-0767,1,2026-06-30 16:14:25,Orchard Central,TOP-W-01,Women's Airism Cotton Crew Neck T-Shirt,Tops,Women,14.9,14.9,False,1,14.9,Card
ORC-20260630-0741,1,2026-06-30 21:11:33,Orchard Central,SOK-M-03,  Men's Airism Low-Cut Socks  ,Socks,Men,5.9,5.9,False,1,5.9,Card
ORC-20260630-0856,2,2026-06-30 20:16:47,Orchard Central,TOP-W-06,Women's Linen Blend Short Sleeve Shirt,Tops,Women,19.72,29.9,True,1,19.72,Card
ORC-20260630-1037,3,2026-06-30 20:43:45,Orchard Central,SOK-M-04,Men's Ribbed Crew Socks,Socks,Men,5.9,5.9,False,1,5.9,Cash
BUG-20260630-0802,1,2026-06-30 16:37:32,Bugis,BTM-M-02,Men's Slim Fit Chino Trousers,Bottoms,Men,29.9,29.9,False,1,29.9,NETS
ORC-20260630-0516,3,2026-06-30 20:14:56,Orchard Central,UND-W-01,Women's Airism Bikini Shorts,Underwear,Women,9.9,9.9,False,1,9.9,Card
BUG-20260630-0427,1,2026-06-30 16:49:35,Bugis,UND-M-04,Men's Cotton Crew Neck Undershirt,Underwear,Men,14.9,14.9,False,1,14.9,NETS
BUG-20260630-0712,1,2026-06-30 19:03:48,Bugis,TOP-W-10,Women's Ultra Light Down Vest,Tops,Women,59.9,59.9,False,1,59.9,Card
ORC-20260630-0118,2,2026-06-30 20:38:41,Orchard Central,UND-W-03,Women's Cotton Blend Briefs,underwear,Women,9.9,9.9,False,1,9.9,Card
ORC-20260630-0138,1,2026-06-30 13:00:22,ORCHARD CENTRAL,SOK-M-04,Men's Ribbed Crew Socks,Socks,Men,5.9,5.9,False,1,5.9,Card
ORC-20260630-0607,2,2026-06-30 20:58:30,Orchard Central,SOK-W-02,Women's Pile Crew Socks,socks,Women,5.9,5.9,False,2,11.8,Card
BUG-20260630-0372,2,2026-06-30 16:47:21,bugis,TOP-W-02,  Women's Ribbed Long Sleeve Turtleneck  ,Tops,Women,19.9,19.9,False,1,19.9,NETS
BUG-20260630-0426,1,2026-06-30 16:33:35,Bugis,TOP-W-03,Women's Silky Satin Blouse,Tops,Women,39.9,39.9,False,1,39.9,NETS
BUG-20260630-0003,1,2026-06-30 13:26:33,Bugis,UND-W-04,Women's Airism T-Shirt Bra,Underwear,Women,29.9,29.9,False,1,29.9,PayNow
ORC-20260630-0517,2,2026-06-30 21:43:41,Orchard Central,UND-W-04,Women's Airism T-Shirt Bra,Underwear,Women,29.9,29.9,False,1,29.9,
BUG-20260630-0017,1,2026-06-30 19:29:51,BUGIS,SOK-W-01,  Women's Ankle Socks 3-Pack  ,Socks,Women,14.9,14.9,False,1,14.9,Card
BUG-20260630-0908,3,2026-06-30 19:59:49,bugis,SOK-W-02,Women's Pile Crew Socks,Socks,Women,$5.9,5.9,False,1,5.9,NETS
ORC-20260630-0880,1,2026-06-30 11:42:02,Orchard Central,TOP-M-04,Men's Oxford Long Sleeve Shirt,Tops,Men,29.9,29.9,False,1,29.9,paynow
ORC-20260630-1083,1,2026-06-30 12:19:51,Orchard Central,BTM-W-03,Women's Ezy Ankle Pants,Bottoms,Women,29.9,29.9,False,1,29.9,Card
BUG-20260630-0843,1,2026-06-30 16:57:43,  Bugis  ,TOP-M-01,Men's Airism Cotton Crew Neck T-Shirt,Tops,Men,14.9,14.9,False,1,14.9,NETS
PUN-20260630-0142,1,2026-06-30 19:34:50,Punggol,BTM-M-01,Men's Ezy Ankle Pants,Bottoms,Men,29.9,29.9,False,1,29.9,Card
ORC-20260630-0214,2,2026-06-30 20:09:43,Orchard Central,UND-M-04,Men's Cotton Crew Neck Undershirt,Underwear,Men,14.9,14.9,False,1,14.9,
BUG-20260630-0351,1,2026-06-30 15:17:13,Bugis,UND-M-03,Men's Airism Mesh Boxer Briefs,Underwear,Men,14.9,14.9,False,1,14.9,Cash
BUG-20260630-0271,1,2026-06-30 19:24:29,Bugis,SOK-M-10,Men's Wool Blend Socks,Socks,Men,9.9,9.9,False,1,9.9,Card
ORC-20260630-1062,3,2026-06-30 21:19:43,Orchard Central,TOP-W-02,Women's Ribbed Long Sleeve Turtleneck,Tops,Women,19.9,19.9,False,1,19.9,NETS
BUG-20260630-0523,1,2026-06-30 19:41:43,Bugis,SOK-W-06,Women's Heattech Socks,Socks,Women,9.9,9.9,False,1,9.9,card
ORC-20260630-0943,1,2026-06-30 14:03:40,ORCHARD CENTRAL,SOK-M-01,Men's Ankle Socks 3-Pack,Socks,Men,14.9,14.9,False,2,29.8,
BUG-20260630-0492,1,2026-06-30 17:30:24,Bugis,UND-W-03,Women's Cotton Blend Briefs,underwear,Women,9.9,9.9,False,1,9.9,Card
BUG-20260630-0075,3,2026-06-30 14:32:12,Bugis,UND-W-02,Women's Wireless Bra,Underwear,Women,29.9,29.9,False,1,29.9,Card
BUG-20260630-0648,3,2026-06-30 12:04:16,Bugis,BTM-W-01,Women's Ultra Stretch Skinny Jeans,BOTTOMS,Women,39.9,39.9,False,1,39.9,Paynow
ORC-20260630-0758,2,2026-06-30 17:14:32,Orchard Central,SOK-W-01,Women's Ankle Socks 3-Pack,Socks,Women,14.9,14.9,False,2,29.8,NETS
BUG-20260630-0201,2,2026-06-30 21:40:05,Bugis,BTM-M-01,Men's Ezy Ankle Pants,Bottoms,Men,29.9,29.9,False,1,29.9,PayNow
ORC-20260630-0716,1,2026-06-30 20:26:51,Orchard Central,UND-M-04,Men's Cotton Crew Neck Undershirt,Underwear,Men,14.9,14.9,False,1,14.9,card
BUG-20260630-0502,3,2026-06-30 20:53:25,Bugis,TOP-W-02,Women's Ribbed Long Sleeve Turtleneck,Tops,Women,19.9,19.9,False,1,19.9,Cash
BUG-20260630-0123,2,2026-06-30 21:19:19,  Bugis  ,SOK-W-02,Women's Pile Crew Socks,Socks,Women,5.9,5.9,False,1,5.9,Card
ORC-20260630-0723,1,2026-06-30 20:56:40,Orchard Central,SOK-M-05,Men's Sport Ankle Socks,Socks,Men,4.36,5.9,True,1,4.36,NETS
PUN-20260630-0177,2,2026-06-30 13:18:30,Punggol,TOP-M-02,Men's Supima Cotton Polo Shirt,Tops,Men,29.9,29.9,False,1,29.9,Card
ORC-20260630-0830,1,2026-06-30 19:49:21,Orchard Central,UND-M-02,Men's Cotton Blend Trunks,Underwear,Men,14.9,14.9,False,1,14.9,cash
ORC-20260630-0487,3,2026-06-30 20:57:26,Orchard Central,UND-M-04,Men's Cotton Crew Neck Undershirt,Underwear,Men,14.9,14.9,False,2,29.8,Cash
BUG-20260630-0528,1,2026-06-30 13:23:14,Bugis,SOK-W-03,Women's Airism Low-Cut Socks,Socks,Women,5.9,5.9,False,2,11.8,Card
BUG-20260630-0773,1,2026-06-30 21:45:35,Bugis,BTM-M-04,Men's Dry Stretch Shorts,Bottoms,men,$19.9,19.9,False,1,19.9,Cash
PUN-20260630-0621,1,2026-06-30 21:51:03,Punggol,SOK-W-02,Women's Pile Crew Socks,socks,Women,5.9,5.9,False,1,5.9,paynow
BUG-20260630-0607,1,2026-06-30 12:30:14,Bugis,SOK-W-02,Women's Pile Crew Socks,Socks,Women,5.9,5.9,False,1,5.9,Card
BUG-20260630-0410,1,2026-06-30 21:19:36,Bugis,SOK-W-07,Women's Striped Crew Socks,Socks,Women,5.9,5.9,False,1,$5.9,NETS
BUG-20260630-0338,2,2026-06-30 21:04:47,Bugis,SOK-M-03,Men's Airism Low-Cut Socks,Socks,Men,5.9,5.9,False,1,5.9,Card
PUN-20260630-0388,2,2026-06-30 18:25:58,Punggol,UND-W-02,Women's Wireless Bra,Underwear,Women,29.9,29.9,False,1,29.9,Card
PUN-20260630-0172,1,2026-06-30 18:25:25,Punggol,UND-M-03,Men's Airism Mesh Boxer Briefs,Underwear,Men,14.9,14.9,False,1,14.9,Card
ORC-20260630-0373,3,2026-06-30 20:40:15,Orchard Central,SOK-W-04,Women's Ribbed Crew Socks,Socks,Women,5.9,5.9,False,1,5.9,PayNow
ORC-20260630-0661,3,2026-06-30 21:33:37,Orchard Central,SOK-W-02,Women's Pile Crew Socks,Socks,WOMEN,5.9,5.9,False,1,5.9,CASH
BUG-20260630-0723,1,2026-06-30 22:17:56,Bugis,UND-M-02,Men's Cotton Blend Trunks,Underwear,Men,14.9,14.9,False,2,29.8,Card
BUG-20260630-0696,2,2026-06-30 22:02:03,Bugis,SOK-W-04,Women's Ribbed Crew Socks,Socks,Women,5.9,5.9,False,1,5.9,NETS
ORC-20260630-0695,1,2026-06-30 18:00:17,  Orchard Central  ,UND-M-01,Men's Airism Boxer Briefs,Underwear,Men,14.9,14.9,False,1,14.9,Card
ORC-20260630-0680,3,2026-06-30 18:18:56,Orchard Central,BTM-W-04,Women's Denim Straight Jeans,Bottoms,Women,$49.9,49.9,False,1,49.9,PayNow
PUN-20260630-0248,2,2026-06-30 18:58:37,Punggol,SOK-M-01,Men's Ankle Socks 3-Pack,Socks,MEN,14.9,14.9,False,1,14.9,PayNow
PUN-20260630-0122,1,2026-06-30 20:58:34,  Punggol  ,UND-W-03,Women's Cotton Blend Briefs,Underwear,Women,9.9,9.9,False,1,$9.9,Card
BUG-20260630-0228,1,2026-06-30 18:08:20,Bugis,TOP-W-06,Women's Linen Blend Short Sleeve Shirt,Tops,Women,19.72,29.9,True,1,19.72,Card
PUN-20260630-0284,1,2026-06-30 20:56:15,Punggol,BTM-M-01,Men's Ezy Ankle Pants,Bottoms,Men,29.9,29.9,False,1,29.9,Cash
BUG-20260630-0042,1,2026-06-30 19:35:46,Bugis,SOK-M-09,Men's No-Show Sneaker Socks,Socks,Men,4.17,5.9,True,1,4.17,Card
ORC-20260630-0335,2,2026-06-30 13:44:51,Orchard Central,UND-M-01,Men's Airism Boxer Briefs,Underwear,Men,14.9,14.9,False,1,14.9,Card
ORC-20260630-0474,2,2026-06-30 19:05:18,Orchard Central,BTM-M-07,Men's Smart Ankle Pants,Bottoms,Men,39.9,39.9,False,1,39.9,Card
ORC-20260630-0923,2,2026-06-30 12:04:14,  Orchard Central  ,UND-W-01,Women's Airism Bikini Shorts,Underwear,Women,9.9,9.9,False,1,9.9,Cash
ORC-20260630-0977,3,2026-06-30 21:43:14,Orchard Central,UND-M-03,Men's Airism Mesh Boxer Briefs,Underwear,Men,14.9,14.9,False,1,14.9,PayNow
BUG-20260630-0109,3,2026-06-30 16:32:36,Bugis,BTM-W-02,Women's High-Rise Wide Leg Pants,Bottoms,Women,39.9,39.9,False,1,39.9,Card
BUG-20260630-0898,3,2026-06-30 19:36:37,bugis,SOK-M-03,  Men's Airism Low-Cut Socks  ,Socks,Men,5.9,5.9,False,1,5.9,PayNow
PUN-20260630-0004,3,2026-06-30 19:19:47,Punggol,SOK-W-02,Women's Pile Crew Socks,Socks,Women,5.9,5.9,False,1,5.9,Card
ORC-20260630-0150,2,2026-06-30 19:15:05,Orchard Central,UND-W-01,Women's Airism Bikini Shorts,underwear,Women,9.9,9.9,False,1,9.9,Nets
ORC-20260630-0500,2,2026-06-30 19:34:45,Orchard Central,SOK-W-02,Women's Pile Crew Socks,Socks,Women,5.9,5.9,False,1,5.9,NETS
PUN-20260630-0601,2,2026-06-30 22:55:29,Punggol,BTM-M-03,Men's Selvedge Regular Fit Jeans,BOTTOMS,men,59.9,59.9,False,1,59.9,PayNow
BUG-20260630-0568,1,2026-06-30 21:47:36,Bugis,UND-W-01,Women's Airism Bikini Shorts,Underwear,Women,9.9,9.9,False,1,9.9,Card
PUN-20260630-0477,1,2026-06-30 17:24:04,Punggol,TOP-W-03,Women's Silky Satin Blouse,Tops,WOMEN,39.9,39.9,False,1,39.9,NETS
PUN-20260630-0437,1,2026-06-30 13:53:41,Punggol,TOP-M-02,Men's Supima Cotton Polo Shirt,Tops,Men,29.9,29.9,False,1,29.9,PayNow
ORC-20260630-0121,2,2026-06-30 18:22:08,Orchard Central,BTM-W-10,Women's High Waist Denim Shorts,Bottoms,Women,29.9,29.9,False,1,29.9,Card
ORC-20260630-0327,2,2026-06-30 18:56:27,ORCHARD CENTRAL,SOK-M-01,Men's Ankle Socks 3-Pack,Socks,Men,14.9,14.9,False,1,14.9,Card
BUG-20260630-0171,2,2026-06-30 21:57:05,Bugis,SOK-W-03,Women's Airism Low-Cut Socks,Socks,Women,5.9,5.9,False,1,5.9,Cash
PUN-20260630-0375,2,2026-06-30 21:31:35,Punggol,TOP-M-01,Men's Airism Cotton Crew Neck T-Shirt,tops,Men,14.9,14.9,False,1,14.9,NETS
ORC-20260630-0571,1,2026-06-30 19:11:00,Orchard Central,UND-W-03,Women's Cotton Blend Briefs,UNDERWEAR,Women,9.9,9.9,False,1,9.9,Cash
ORC-20260630-0018,1,2026-06-30 17:31:45,Orchard Central,TOP-W-03,Women's Silky Satin Blouse,Tops,WOMEN,39.9,39.9,False,1,39.9,PayNow
PUN-20260630-0136,2,2026-06-30 12:15:08,Punggol,BTM-W-03,Women's Ezy Ankle Pants,Bottoms,Women,29.9,29.9,False,1,29.9,Card
BUG-20260630-0881,1,2026-06-30 18:22:21,Bugis,SOK-M-02,Men's Pile Crew Socks,Socks,Men,$5.9,5.9,False,1,5.9,Cash
ORC-20260630-0107,3,2026-06-30 12:52:42,Orchard Central,BTM-M-02,Men's Slim Fit Chino Trousers,BOTTOMS,Men,29.9,29.9,False,1,29.9,Card
BUG-20260630-0608,2,2026-06-30 17:08:12,Bugis,SOK-W-03,Women's Airism Low-Cut Socks,Socks,Women,5.9,5.9,False,1,5.9,Card
PUN-20260630-0312,2,2026-06-30 20:21:10,Punggol,TOP-M-04,Men's Oxford Long Sleeve Shirt,Tops,Men,29.9,29.9,False,1,29.9,PayNow
BUG-20260630-0890,2,2026-06-30 17:19:09,Bugis,TOP-M-01,Men's Airism Cotton Crew Neck T-Shirt,Tops,Men,14.9,14.9,False,1,14.9,Card
ORC-20260630-0181,2,2026-06-30 15:54:57,Orchard Central,TOP-W-04,Women's Heattech Crew Neck Long Sleeve Tee,Tops,Women,$14.9,14.9,False,1,14.9,cash
ORC-20260630-0681,1,2026-06-30 18:08:07,Orchard Central,BTM-W-09,Women's Sweat Shorts,Bottoms,Women,19.9,19.9,False,1,$19.9,Cash
BUG-20260630-0326,1,2026-06-30 17:21:12,Bugis,SOK-W-04,Women's Ribbed Crew Socks,Socks,Women,5.9,5.9,False,1,5.9,card
ORC-20260630-0382,1,2026-06-30 20:34:16,ORCHARD CENTRAL,SOK-M-03,Men's Airism Low-Cut Socks,Socks,Men,5.9,5.9,False,1,5.9,PAYNOW
BUG-20260630-0728,2,2026-06-30 20:34:21,Bugis,BTM-M-03,Men's Selvedge Regular Fit Jeans,Bottoms,Men,59.9,59.9,False,1,59.9,Card
ORC-20260630-0991,2,2026-06-30 15:22:40,Orchard Central,SOK-W-02,Women's Pile Crew Socks,Socks,Women,5.9,5.9,False,1,5.9,Card
ORC-20260630-0906,1,2026-06-30 11:02:03,Orchard Central,UND-W-01,Women's Airism Bikini Shorts,Underwear,Women,9.9,9.9,False,1,9.9,Card
BUG-20260630-0217,1,2026-06-30 14:27:31,bugis,UND-M-02,Men's Cotton Blend Trunks,Underwear,Men,14.9,14.9,False,1,14.9,Cash
ORC-20260630-0194,1,2026-06-30 12:19:11,Orchard Central,BTM-W-01,  Women's Ultra Stretch Skinny Jeans  ,Bottoms,Women,39.9,39.9,False,1,39.9,Card
PUN-20260630-0511,1,2026-06-30 19:10:06,Punggol,TOP-M-01,Men's Airism Cotton Crew Neck T-Shirt,TOPS,Men,14.9,14.9,False,1,14.9,Card
ORC-20260630-0363,3,2026-06-30 21:41:16,Orchard Central,SOK-W-04,Women's Ribbed Crew Socks,Socks,Women,5.9,5.9,False,1,5.9,Card
ORC-20260630-0389,1,2026-06-30 15:26:32,Orchard Central,SOK-W-04,Women's Ribbed Crew Socks,Socks,Women,5.9,5.9,False,1,5.9,PayNow
BUG-20260630-0585,3,2026-06-30 19:22:18,BUGIS,BTM-M-04,Men's Dry Stretch Shorts,Bottoms,Men,19.9,19.9,False,1,19.9,NETS
PUN-20260630-0488,3,2026-06-30 14:00:32,Punggol,BTM-W-03,Women's Ezy Ankle Pants,Bottoms,Women,29.9,29.9,False,1,29.9,card
PUN-20260630-0041,3,2026-06-30 21:41:04,punggol,UND-W-01,Women's Airism Bikini Shorts,Underwear,Women,9.9,9.9,False,2,19.8,Card
ORC-20260630-0973,2,2026-06-30 16:34:26,Orchard Central,UND-M-04,  Men's Cotton Crew Neck Undershirt  ,Underwear,Men,14.9,14.9,False,1,14.9,PayNow
PUN-20260630-0569,1,2026-06-30 18:05:58,punggol,TOP-W-02,Women's Ribbed Long Sleeve Turtleneck,Tops,Women,19.9,19.9,False,1,19.9,Cash
BUG-20260630-0920,1,2026-06-30 19:09:26,BUGIS,UND-W-01,Women's Airism Bikini Shorts,Underwear,women,9.9,9.9,False,2,19.8,CARD
ORC-20260630-0791,2,2026-06-30 21:26:44,Orchard Central,BTM-W-04,Women's Denim Straight Jeans,Bottoms,Women,49.9,49.9,False,1,49.9,Cash
PUN-20260630-0318,3,2026-06-30 21:34:42,Punggol,BTM-M-04,Men's Dry Stretch Shorts,Bottoms,Men,19.9,19.9,False,1,19.9,PAYNOW
BUG-20260630-0330,2,2026-06-30 21:12:44,Bugis,BTM-M-02,Men's Slim Fit Chino Trousers,Bottoms,Men,29.9,29.9,False,1,29.9,CASH
ORC-20260630-0603,1,2026-06-30 19:41:01,Orchard Central,UND-W-03,Women's Cotton Blend Briefs,Underwear,Women,9.9,9.9,False,1,9.9,Cash
PUN-20260630-0619,1,2026-06-30 20:03:56,Punggol,SOK-W-04,Women's Ribbed Crew Socks,Socks,Women,5.9,5.9,False,1,5.9,Card
ORC-20260630-1076,1,2026-06-30 16:24:16,Orchard Central,UND-W-03,Women's Cotton Blend Briefs,Underwear,Women,9.9,9.9,False,1,9.9,NETS
PUN-20260630-0568,1,2026-06-30 21:59:10,Punggol,TOP-W-04,Women's Heattech Crew Neck Long Sleeve Tee,Tops,WOMEN,14.9,14.9,False,1,14.9,Cash
ORC-20260630-0605,1,2026-06-30 20:34:19,Orchard Central,BTM-M-04,  Men's Dry Stretch Shorts  ,Bottoms,MEN,19.9,19.9,False,1,19.9,PayNow
PUN-20260630-0032,2,2026-06-30 17:03:06,  Punggol  ,UND-W-03,Women's Cotton Blend Briefs,Underwear,Women,9.9,9.9,False,1,9.9,Cash
BUG-20260630-0360,1,2026-06-30 20:30:32,Bugis,SOK-W-09,Women's No-Show Sneaker Socks,Socks,Women,5.9,5.9,False,1,5.9,NETS
PUN-20260630-0579,2,2026-06-30 21:24:02,Punggol,TOP-W-02,Women's Ribbed Long Sleeve Turtleneck,Tops,Women,$19.9,19.9,False,1,19.9,Card
BUG-20260630-0490,1,2026-06-30 16:50:20,Bugis,SOK-M-07,Men's Striped Crew Socks,Socks,Men,5.9,5.9,False,1,5.9,NETS
BUG-20260630-0672,3,2026-06-30 16:52:46,Bugis,UND-W-03,Women's Cotton Blend Briefs,Underwear,Women,9.9,9.9,False,1,9.9,Cash
ORC-20260630-0184,3,2026-06-30 21:42:55,Orchard Central,SOK-W-01,Women's Ankle Socks 3-Pack,Socks,Women,14.9,14.9,False,1,14.9,NETS
BUG-20260630-0550,3,2026-06-30 11:35:05,Bugis,TOP-W-02,Women's Ribbed Long Sleeve Turtleneck,Tops,Women,19.9,19.9,False,1,19.9,Card
BUG-20260630-0614,1,2026-06-30 20:35:35,Bugis,SOK-M-02,Men's Pile Crew Socks,Socks,Men,5.9,5.9,False,1,5.9,Cash
ORC-20260630-0151,1,2026-06-30 15:08:15,Orchard Central,SOK-M-02,Men's Pile Crew Socks,socks,Men,$5.9,5.9,False,2,11.8,NETS
ORC-20260630-0232,3,2026-06-30 20:18:38,Orchard Central,SOK-W-02,Women's Pile Crew Socks,Socks,Women,5.9,5.9,False,1,5.9,PayNow
BUG-20260630-0794,2,2026-06-30 18:32:02,Bugis,TOP-W-01,Women's Airism Cotton Crew Neck T-Shirt,TOPS,Women,14.9,14.9,False,1,14.9,paynow
ORC-20260630-1071,2,2026-06-30 13:19:06,Orchard Central,UND-M-04,Men's Cotton Crew Neck Undershirt,Underwear,Men,14.9,14.9,False,1,14.9,Card
BUG-20260630-0835,2,2026-06-30 19:42:30,Bugis,SOK-W-03,Women's Airism Low-Cut Socks,Socks,Women,5.9,5.9,False,2,11.8,Card
ORC-20260630-0773,1,2026-06-30 20:34:35,Orchard Central,SOK-M-02,Men's Pile Crew Socks,Socks,Men,5.9,5.9,False,1,5.9,PayNow
BUG-20260630-0879,1,2026-06-30 21:44:28,Bugis,UND-W-03,Women's Cotton Blend Briefs,UNDERWEAR,Women,9.9,9.9,False,1,9.9,Card
ORC-20260630-0933,2,2026-06-30 20:49:42,Orchard Central,UND-W-01,Women's Airism Bikini Shorts,Underwear,WOMEN,9.9,9.9,False,1,9.9,PayNow
ORC-20260630-0994,1,2026-06-30 16:32:42,  Orchard Central  ,UND-M-04,Men's Cotton Crew Neck Undershirt,Underwear,Men,14.9,14.9,False,2,29.8,Card
ORC-20260630-0305,2,2026-06-30 21:12:51,Orchard Central,BTM-M-01,Men's Ezy Ankle Pants,Bottoms,Men,29.9,29.9,False,1,29.9,Card
BUG-20260630-0531,1,2026-06-30 21:39:20,BUGIS,TOP-M-02,Men's Supima Cotton Polo Shirt,Tops,Men,29.9,29.9,False,1,29.9,card
PUN-20260630-0479,3,2026-06-30 18:35:20,Punggol,SOK-M-03,Men's Airism Low-Cut Socks,Socks,Men,5.9,5.9,False,1,5.9,Card
ORC-20260630-0351,2,2026-06-30 16:39:32,orchard central,TOP-W-02,Women's Ribbed Long Sleeve Turtleneck,Tops,Women,19.9,19.9,False,1,19.9,Cash
ORC-20260630-0051,1,2026-06-30 20:51:05,Orchard Central,TOP-M-02,Men's Supima Cotton Polo Shirt,Tops,men,29.9,29.9,False,1,29.9,Card
BUG-20260630-0072,2,2026-06-30 18:43:17,Bugis,TOP-W-02,Women's Ribbed Long Sleeve Turtleneck,Tops,Women,19.9,19.9,False,1,19.9,Card
ORC-20260630-0081,1,2026-06-30 22:42:03,Orchard Central,SOK-W-02,Women's Pile Crew Socks,Socks,Women,5.9,5.9,False,1,5.9,Paynow
ORC-20260630-0515,1,2026-06-30 20:08:47,ORCHARD CENTRAL,SOK-W-04,Women's Ribbed Crew Socks,Socks,Women,5.9,5.9,False,1,5.9,Card
PUN-20260630-0529,3,2026-06-30 14:27:43,PUNGGOL,SOK-M-06,Men's Heattech Socks,Socks,MEN,9.9,9.9,False,1,9.9,Cash
ORC-20260630-0600,1,2026-06-30 13:58:32,  Orchard Central  ,UND-W-03,Women's Cotton Blend Briefs,Underwear,Women,9.9,9.9,False,2,19.8,NETS
PUN-20260630-0015,2,2026-06-30 14:22:33,Punggol,TOP-W-04,Women's Heattech Crew Neck Long Sleeve Tee,Tops,Women,14.9,14.9,False,1,14.9,Card
ORC-20260630-0974,1,2026-06-30 18:44:05,Orchard Central,UND-W-02,Women's Wireless Bra,Underwear,Women,29.9,29.9,False,1,29.9,Cash
BUG-20260630-0922,1,2026-06-30 20:29:03,Bugis,TOP-M-01,  Men's Airism Cotton Crew Neck T-Shirt  ,Tops,Men,14.9,14.9,False,1,14.9,NETS
PUN-20260630-0377,1,2026-06-30 15:37:52,Punggol,SOK-W-04,Women's Ribbed Crew Socks,Socks,Women,5.9,5.9,False,1,5.9,NETS
PUN-20260630-0188,1,2026-06-30 19:03:52,Punggol,SOK-W-03,Women's Airism Low-Cut Socks,Socks,Women,5.9,5.9,False,1,5.9,Card
ORC-20260630-0085,1,2026-06-30 19:31:58,Orchard Central,SOK-W-02,Women's Pile Crew Socks,Socks,women,5.9,5.9,False,1,5.9,Cash
ORC-20260630-0124,1,2026-06-30 14:23:53,Orchard Central,SOK-W-02,Women's Pile Crew Socks,Socks,Women,5.9,5.9,False,1,5.9,Card
BUG-20260630-0354,2,2026-06-30 19:22:21,Bugis,SOK-W-02,Women's Pile Crew Socks,Socks,Women,5.9,5.9,False,1,5.9,NETS
BUG-20260630-0147,2,2026-06-30 22:14:11,  Bugis  ,SOK-M-09,  Men's No-Show Sneaker Socks  ,Socks,Men,4.17,5.9,True,2,8.34,Cash
ORC-20260630-0221,2,2026-06-30 19:48:20,Orchard Central,SOK-W-02,Women's Pile Crew Socks,Socks,Women,5.9,5.9,False,1,5.9,Cash
ORC-20260630-0170,1,2026-06-30 17:46:37,Orchard Central,BTM-M-02,Men's Slim Fit Chino Trousers,Bottoms,men,29.9,29.9,False,1,29.9,PayNow
PUN-20260630-0512,1,2026-06-30 18:47:08,Punggol,SOK-W-02,Women's Pile Crew Socks,Socks,Women,5.9,5.9,False,1,5.9,CARD
BUG-20260630-0116,3,2026-06-30 21:33:33,Bugis,SOK-M-02,Men's Pile Crew Socks,Socks,Men,5.9,5.9,False,1,5.9,Card
ORC-20260630-0500,1,2026-06-30 19:34:45,Orchard Central,SOK-W-04,Women's Ribbed Crew Socks,Socks,Women,5.9,5.9,False,2,11.8,NETS
ORC-20260630-1025,3,2026-06-30 22:24:32,Orchard Central,UND-W-01,Women's Airism Bikini Shorts,Underwear,Women,9.9,9.9,False,1,9.9,Card
PUN-20260630-0600,1,2026-06-30 19:43:19,Punggol,SOK-M-01,Men's Ankle Socks 3-Pack,Socks,Men,14.9,14.9,False,1,14.9,Nets
ORC-20260630-0995,1,2026-06-30 19:14:31,Orchard Central,TOP-M-01,Men's Airism Cotton Crew Neck T-Shirt,Tops,MEN,$14.9,14.9,False,1,14.9,Cash
BUG-20260630-0016,2,2026-06-30 16:45:23,  Bugis  ,SOK-M-04,Men's Ribbed Crew Socks,Socks,men,5.9,5.9,False,1,5.9,NETS
PUN-20260630-0214,1,2026-06-30 15:17:39,Punggol,SOK-M-03,Men's Airism Low-Cut Socks,Socks,Men,5.9,5.9,False,1,5.9,PAYNOW
ORC-20260630-1092,2,2026-06-30 18:37:02,Orchard Central,TOP-M-01,Men's Airism Cotton Crew Neck T-Shirt,Tops,Men,14.9,14.9,False,1,14.9,PayNow
BUG-20260630-0933,3,2026-06-30 20:12:59,Bugis,UND-W-03,Women's Cotton Blend Briefs,Underwear,Women,9.9,9.9,False,1,9.9,NETS
PUN-20260630-0622,1,2026-06-30 17:40:20,  Punggol  ,UND-W-01,Women's Airism Bikini Shorts,Underwear,Women,9.9,9.9,False,2,19.8,Cash
PUN-20260630-0485,1,2026-06-30 20:15:47,Punggol,SOK-W-03,Women's Airism Low-Cut Socks,Socks,Women,5.9,5.9,False,2,11.8,NETS
ORC-20260630-0174,2,2026-06-30 20:50:55,ORCHARD CENTRAL,SOK-M-04,Men's Ribbed Crew Socks,Socks,Men,5.9,5.9,False,1,5.9,
BUG-20260630-0595,2,2026-06-30 21:31:48,Bugis,TOP-M-02,  Men's Supima Cotton Polo Shirt  ,Tops,men,29.9,29.9,False,1,29.9,Cash
BUG-20260630-0081,2,2026-06-30 20:20:07,  Bugis  ,SOK-M-01,Men's Ankle Socks 3-Pack,Socks,Men,14.9,14.9,False,1,14.9,Cash
BUG-20260630-0616,3,2026-06-30 21:22:18,Bugis,BTM-W-01,Women's Ultra Stretch Skinny Jeans,Bottoms,Women,39.9,39.9,False,1,39.9,PayNow
PUN-20260630-0080,3,2026-06-30 17:54:32,Punggol,UND-W-09,  Women's Cotton Boyshorts  ,Underwear,Women,9.9,9.9,False,1,9.9,Card
PUN-20260630-0051,2,2026-06-30 15:50:02,Punggol,BTM-W-04,Women's Denim Straight Jeans,bottoms,Women,49.9,49.9,False,1,49.9,PayNow
BUG-20260630-0772,1,2026-06-30 21:39:04,Bugis,UND-M-08,Men's Airism V-Neck Undershirt,Underwear,Men,9.9,9.9,False,1,9.9,NETS
ORC-20260630-0766,2,2026-06-30 21:52:35,Orchard Central,TOP-M-03,Men's Dry-EX Crew Neck T-Shirt,TOPS,Men,19.9,19.9,False,1,19.9,Nets
BUG-20260630-0835,1,2026-06-30 19:42:30,Bugis,UND-W-03,  Women's Cotton Blend Briefs  ,Underwear,Women,9.9,9.9,False,1,9.9,Card
ORC-20260630-0496,1,2026-06-30 21:07:44,Orchard Central,UND-W-04,Women's Airism T-Shirt Bra,Underwear,Women,29.9,29.9,False,2,59.8,Cash
BUG-20260630-0357,3,2026-06-30 18:47:32,Bugis,UND-W-01,Women's Airism Bikini Shorts,Underwear,Women,9.9,9.9,False,2,19.8,PAYNOW
BUG-20260630-0575,1,2026-06-30 13:49:00,Bugis,TOP-W-04,Women's Heattech Crew Neck Long Sleeve Tee,Tops,Women,14.9,14.9,False,1,14.9,CARD
ORC-20260630-0839,1,2026-06-30 16:51:25,Orchard Central,BTM-M-01,Men's Ezy Ankle Pants,Bottoms,Men,29.9,29.9,False,1,29.9,NETS
ORC-20260630-0975,2,2026-06-30 20:19:43,ORCHARD CENTRAL,SOK-M-03,Men's Airism Low-Cut Socks,Socks,men,5.9,5.9,False,1,5.9,PayNow
BUG-20260630-0780,2,2026-06-30 12:20:15,Bugis,SOK-W-04,Women's Ribbed Crew Socks,Socks,WOMEN,5.9,5.9,False,1,5.9,Cash
BUG-20260630-0876,1,2026-06-30 18:40:25,Bugis,SOK-M-04,  Men's Ribbed Crew Socks  ,socks,men,5.9,5.9,False,1,5.9,CASH
ORC-20260630-0304,1,2026-06-30 14:43:46,Orchard Central,SOK-M-04,Men's Ribbed Crew Socks,Socks,Men,5.9,5.9,False,1,5.9,Card
ORC-20260630-0175,2,2026-06-30 20:01:00,Orchard Central,SOK-M-02,Men's Pile Crew Socks,Socks,MEN,5.9,5.9,False,1,5.9,PayNow
BUG-20260630-0126,2,2026-06-30 17:39:57,Bugis,SOK-M-09,  Men's No-Show Sneaker Socks  ,Socks,Men,4.17,5.9,True,1,4.17,Card
BUG-20260630-0683,2,2026-06-30 22:34:49,bugis,TOP-M-02,Men's Supima Cotton Polo Shirt,Tops,Men,29.9,29.9,False,1,29.9,Card
ORC-20260630-1079,1,2026-06-30 21:19:13,orchard central,UND-W-03,Women's Cotton Blend Briefs,Underwear,Women,9.9,9.9,False,2,19.8,Card
BUG-20260630-0762,1,2026-06-30 15:26:14,Bugis,SOK-M-02,Men's Pile Crew Socks,Socks,Men,5.9,5.9,False,2,11.8,PAYNOW
ORC-20260630-0379,1,2026-06-30 15:34:43,Orchard Central,TOP-M-03,Men's Dry-EX Crew Neck T-Shirt,Tops,Men,19.9,19.9,False,1,19.9,
ORC-20260630-0144,2,2026-06-30 19:15:46,orchard central,BTM-M-02,Men's Slim Fit Chino Trousers,Bottoms,Men,29.9,29.9,False,1,29.9,Card
PUN-20260630-0316,1,2026-06-30 20:49:47,Punggol,TOP-W-06,Women's Linen Blend Short Sleeve Shirt,Tops,Women,19.72,29.9,True,1,19.72,Card
ORC-20260630-0251,3,2026-06-30 19:15:49,Orchard Central,TOP-M-01,Men's Airism Cotton Crew Neck T-Shirt,Tops,Men,14.9,14.9,False,1,14.9,PayNow
BUG-20260630-0479,2,2026-06-30 17:37:44,Bugis,SOK-W-02,Women's Pile Crew Socks,Socks,Women,5.9,5.9,False,1,5.9,PayNow
ORC-20260630-0079,3,2026-06-30 21:55:00,Orchard Central,TOP-W-01,Women's Airism Cotton Crew Neck T-Shirt,Tops,women,14.9,14.9,False,1,14.9,Card
PUN-20260630-0244,3,2026-06-30 17:00:39,Punggol,SOK-W-04,Women's Ribbed Crew Socks,Socks,Women,5.9,5.9,False,1,5.9,Card
PUN-20260630-0462,1,2026-06-30 11:27:54,  Punggol  ,SOK-W-05,Women's Sport Ankle Socks,socks,Women,4.27,5.9,True,1,4.27,Card
PUN-20260630-0272,1,2026-06-30 14:34:23,Punggol,UND-W-01,Women's Airism Bikini Shorts,Underwear,Women,9.9,9.9,False,2,19.8,Card
PUN-20260630-0572,1,2026-06-30 20:41:59,PUNGGOL,SOK-M-02,Men's Pile Crew Socks,Socks,Men,5.9,5.9,False,1,5.9,Card
PUN-20260630-0357,2,2026-06-30 18:15:35,Punggol,SOK-W-02,Women's Pile Crew Socks,Socks,Women,5.9,5.9,False,1,5.9,cash
BUG-20260630-0365,1,2026-06-30 16:05:38,Bugis,SOK-M-02,  Men's Pile Crew Socks  ,SOCKS,men,5.9,5.9,False,1,5.9,Card
BUG-20260630-0775,3,2026-06-30 15:44:19,Bugis,TOP-W-01,  Women's Airism Cotton Crew Neck T-Shirt  ,Tops,Women,14.9,14.9,False,1,14.9,Cash
BUG-20260630-0544,3,2026-06-30 13:41:41,Bugis,SOK-W-04,Women's Ribbed Crew Socks,Socks,Women,5.9,5.9,False,1,5.9,PayNow
BUG-20260630-0078,3,2026-06-30 19:57:04,Bugis,SOK-M-01,Men's Ankle Socks 3-Pack,Socks,Men,14.9,14.9,False,1,14.9,PayNow
BUG-20260630-0095,1,2026-06-30 19:46:05,Bugis,TOP-W-06,Women's Linen Blend Short Sleeve Shirt,tops,Women,19.72,29.9,True,1,19.72,NETS
BUG-20260630-0546,1,2026-06-30 20:24:10,Bugis,UND-M-03,  Men's Airism Mesh Boxer Briefs  ,Underwear,Men,14.9,14.9,False,2,29.8,Cash
ORC-20260630-0415,2,2026-06-30 21:59:57,Orchard Central,BTM-W-09,Women's Sweat Shorts,Bottoms,Women,19.9,19.9,False,1,19.9,Card
ORC-20260630-0418,1,2026-06-30 14:54:27,Orchard Central,SOK-M-03,  Men's Airism Low-Cut Socks  ,Socks,Men,5.9,5.9,False,1,5.9,Card
PUN-20260630-0215,1,2026-06-30 17:19:50,Punggol,SOK-W-01,Women's Ankle Socks 3-Pack,Socks,Women,14.9,14.9,False,1,14.9,Cash
PUN-20260630-0345,2,2026-06-30 21:46:34,Punggol,SOK-M-01,Men's Ankle Socks 3-Pack,Socks,Men,14.9,14.9,False,2,29.8,Card
BUG-20260630-0894,1,2026-06-30 21:15:07,Bugis,UND-W-01,Women's Airism Bikini Shorts,Underwear,Women,9.9,9.9,False,1,9.9,Card
PUN-20260630-0520,3,2026-06-30 18:06:14,Punggol,UND-M-04,Men's Cotton Crew Neck Undershirt,Underwear,Men,14.9,14.9,False,1,14.9,Card
BUG-20260630-0755,3,2026-06-30 20:00:44,Bugis,UND-W-03,Women's Cotton Blend Briefs,Underwear,Women,9.9,9.9,False,1,9.9,Card
ORC-20260630-0057,3,2026-06-30 19:14:49,Orchard Central,BTM-W-05,Women's Pleated Midi Skirt,Bottoms,Women,29.9,29.9,False,1,29.9,NETS
PUN-20260630-0091,1,2026-06-30 20:58:24,Punggol,UND-M-02,Men's Cotton Blend Trunks,Underwear,MEN,14.9,14.9,False,1,14.9,Card
PUN-20260630-0241,2,2026-06-30 18:49:18,Punggol,SOK-W-03,Women's Airism Low-Cut Socks,SOCKS,Women,5.9,5.9,False,1,5.9,NETS
ORC-20260630-0816,1,2026-06-30 22:18:56,Orchard Central,SOK-M-03,Men's Airism Low-Cut Socks,Socks,Men,5.9,5.9,False,1,5.9,Card
ORC-20260630-0714,1,2026-06-30 17:51:53,Orchard Central,UND-W-01,Women's Airism Bikini Shorts,Underwear,Women,9.9,9.9,False,1,$9.9,Card
ORC-20260630-0550,1,2026-06-30 16:14:19,Orchard Central,TOP-W-04,Women's Heattech Crew Neck Long Sleeve Tee,Tops,Women,14.9,14.9,False,1,14.9,PAYNOW
PUN-20260630-0330,1,2026-06-30 11:20:35,Punggol,TOP-W-06,Women's Linen Blend Short Sleeve Shirt,tops,Women,19.72,29.9,True,1,19.72,Card
BUG-20260630-0330,3,2026-06-30 21:12:44,Bugis,SOK-W-04,Women's Ribbed Crew Socks,SOCKS,Women,5.9,5.9,False,1,5.9,Cash
ORC-20260630-0012,1,2026-06-30 19:28:23,Orchard Central,UND-M-10,Men's Cotton Blend Briefs,Underwear,Men,9.9,9.9,False,1,9.9,NETS
ORC-20260630-0603,2,2026-06-30 19:41:01,Orchard Central,SOK-M-02,Men's Pile Crew Socks,Socks,Men,5.9,5.9,False,1,5.9,Cash
ORC-20260630-0089,1,2026-06-30 18:02:33,Orchard Central,SOK-W-02,Women's Pile Crew Socks,Socks,Women,5.9,5.9,False,1,5.9,CARD
BUG-20260630-0647,1,2026-06-30 20:36:23,Bugis,TOP-W-03,Women's Silky Satin Blouse,Tops,Women,39.9,39.9,False,1,39.9,Cash
PUN-20260630-0412,2,2026-06-30 12:59:23,Punggol,SOK-M-01,Men's Ankle Socks 3-Pack,socks,Men,14.9,14.9,False,1,14.9,Cash
PUN-20260630-0425,2,2026-06-30 21:29:27,Punggol,BTM-M-04,Men's Dry Stretch Shorts,Bottoms,Men,19.9,19.9,False,1,19.9,Card
ORC-20260630-0049,2,2026-06-30 21:11:42,Orchard Central,TOP-M-01,Men's Airism Cotton Crew Neck T-Shirt,Tops,Men,14.9,14.9,False,1,14.9,Paynow
BUG-20260630-0043,2,2026-06-30 20:05:06,Bugis,SOK-W-04,Women's Ribbed Crew Socks,Socks,Women,5.9,5.9,False,1,5.9,NETS
PUN-20260630-0417,1,2026-06-30 16:35:12,Punggol,SOK-W-02,Women's Pile Crew Socks,SOCKS,Women,5.9,5.9,False,1,5.9,CARD
BUG-20260630-0078,2,2026-06-30 19:57:04,Bugis,BTM-W-01,Women's Ultra Stretch Skinny Jeans,Bottoms,Women,39.9,39.9,False,1,39.9,PayNow
BUG-20260630-0785,2,2026-06-30 15:43:45,Bugis,SOK-W-01,Women's Ankle Socks 3-Pack,Socks,Women,14.9,14.9,False,1,14.9,Card
ORC-20260630-0861,2,2026-06-30 17:47:40,Orchard Central,UND-W-03,Women's Cotton Blend Briefs,underwear,Women,9.9,9.9,False,1,9.9,NETS
ORC-20260630-0463,3,2026-06-30 21:12:37,Orchard Central,TOP-W-02,  Women's Ribbed Long Sleeve Turtleneck  ,Tops,WOMEN,19.9,19.9,False,1,19.9,NETS
BUG-20260630-0810,3,2026-06-30 19:47:07,Bugis,SOK-M-04,Men's Ribbed Crew Socks,Socks,Men,5.9,5.9,False,1,5.9,Card
PUN-20260630-0430,1,2026-06-30 14:01:50,Punggol,UND-W-01,Women's Airism Bikini Shorts,underwear,Women,9.9,9.9,False,1,9.9,Cash
PUN-20260630-0031,2,2026-06-30 20:56:49,Punggol,TOP-W-01,Women's Airism Cotton Crew Neck T-Shirt,Tops,Women,14.9,14.9,False,1,14.9,Cash
ORC-20260630-0588,3,2026-06-30 21:50:12,Orchard Central,UND-M-04,Men's Cotton Crew Neck Undershirt,Underwear,Men,14.9,14.9,False,1,14.9,PayNow
BUG-20260630-0880,2,2026-06-30 12:04:41,BUGIS,SOK-M-02,Men's Pile Crew Socks,Socks,Men,5.9,5.9,False,1,5.9,Card
ORC-20260630-1035,2,2026-06-30 19:54:29,ORCHARD CENTRAL,UND-W-01,Women's Airism Bikini Shorts,Underwear,WOMEN,9.9,9.9,False,1,$9.9,PAYNOW
BUG-20260630-0935,3,2026-06-30 12:57:38,Bugis,SOK-M-04,Men's Ribbed Crew Socks,Socks,men,5.9,5.9,False,1,5.9,Card
ORC-20260630-0699,1,2026-06-30 19:54:41,Orchard Central,SOK-M-03,Men's Airism Low-Cut Socks,Socks,Men,5.9,5.9,False,1,5.9,Card
PUN-20260630-0136,1,2026-06-30 12:15:08,Punggol,TOP-W-01,Women's Airism Cotton Crew Neck T-Shirt,Tops,Women,14.9,14.9,False,1,14.9,Card
PUN-20260630-0073,2,2026-06-30 20:49:48,Punggol,SOK-W-02,Women's Pile Crew Socks,Socks,Women,5.9,5.9,False,1,5.9,Card
PUN-20260630-0335,1,2026-06-30 21:01:40,Punggol,SOK-W-01,Women's Ankle Socks 3-Pack,SOCKS,Women,14.9,14.9,False,1,14.9,Card
BUG-20260630-0490,2,2026-06-30 16:50:20,Bugis,SOK-M-02,Men's Pile Crew Socks,Socks,Men,5.9,5.9,False,2,11.8,Nets
BUG-20260630-0171,3,2026-06-30 21:57:05,Bugis,SOK-W-02,Women's Pile Crew Socks,Socks,Women,5.9,5.9,False,1,5.9,Cash
BUG-20260630-0180,1,2026-06-30 20:08:34,Bugis,TOP-M-01,Men's Airism Cotton Crew Neck T-Shirt,Tops,Men,14.9,14.9,False,1,14.9,Card
ORC-20260630-1003,1,2026-06-30 20:47:37,  Orchard Central  ,UND-W-03,Women's Cotton Blend Briefs,Underwear,Women,9.9,9.9,False,1,9.9,Card
PUN-20260630-0599,1,2026-06-30 14:45:33,PUNGGOL,SOK-M-01,Men's Ankle Socks 3-Pack,SOCKS,Men,14.9,14.9,False,1,14.9,PAYNOW
BUG-20260630-0732,3,2026-06-30 20:45:37,Bugis,UND-W-01,Women's Airism Bikini Shorts,Underwear,Women,9.9,9.9,False,1,9.9,
BUG-20260630-0306,3,2026-06-30 18:15:32,Bugis,UND-M-04,Men's Cotton Crew Neck Undershirt,UNDERWEAR,MEN,14.9,14.9,False,1,14.9,Card
ORC-20260630-0672,1,2026-06-30 21:25:56,Orchard Central,SOK-W-01,Women's Ankle Socks 3-Pack,Socks,Women,14.9,14.9,False,1,14.9,Card
ORC-20260630-0671,2,2026-06-30 20:30:39,Orchard Central,SOK-W-02,Women's Pile Crew Socks,Socks,Women,5.9,5.9,False,1,5.9,Card
BUG-20260630-0502,1,2026-06-30 20:53:25,Bugis,SOK-M-09,Men's No-Show Sneaker Socks,Socks,Men,4.17,5.9,True,1,4.17,Cash
PUN-20260630-0162,1,2026-06-30 17:02:28,Punggol,SOK-W-03,Women's Airism Low-Cut Socks,socks,Women,5.9,5.9,False,2,11.8,Card
ORC-20260630-0115,1,2026-06-30 19:53:56,Orchard Central,SOK-M-05,Men's Sport Ankle Socks,Socks,Men,4.36,5.9,True,1,4.36,NETS
PUN-20260630-0461,3,2026-06-30 19:39:34,Punggol,BTM-M-04,Men's Dry Stretch Shorts,Bottoms,MEN,19.9,19.9,False,1,19.9,Card
ORC-20260630-0403,1,2026-06-30 19:31:52,Orchard Central,UND-W-03,Women's Cotton Blend Briefs,Underwear,Women,9.9,9.9,False,2,19.8,paynow
BUG-20260630-0068,1,2026-06-30 16:42:08,Bugis,BTM-W-04,Women's Denim Straight Jeans,Bottoms,Women,49.9,49.9,False,1,49.9,Cash
ORC-20260630-0492,2,2026-06-30 19:11:02,Orchard Central,TOP-W-04,Women's Heattech Crew Neck Long Sleeve Tee,Tops,Women,14.9,14.9,False,1,14.9,Card
BUG-20260630-0788,2,2026-06-30 21:08:04,Bugis,UND-M-02,Men's Cotton Blend Trunks,Underwear,Men,14.9,14.9,False,1,14.9,NETS
PUN-20260630-0035,1,2026-06-30 21:54:41,Punggol,SOK-M-04,Men's Ribbed Crew Socks,Socks,Men,5.9,5.9,False,1,5.9,Card
ORC-20260630-0453,1,2026-06-30 22:08:48,Orchard Central,SOK-W-04,Women's Ribbed Crew Socks,Socks,Women,5.9,5.9,False,1,5.9,Cash
BUG-20260630-0680,2,2026-06-30 16:40:04,Bugis,SOK-M-02,Men's Pile Crew Socks,Socks,Men,5.9,5.9,False,1,5.9,Cash
PUN-20260630-0592,2,2026-06-30 17:49:49,Punggol,SOK-W-03,Women's Airism Low-Cut Socks,Socks,women,5.9,5.9,False,1,5.9,Card
ORC-20260630-0261,3,2026-06-30 14:41:53,Orchard Central,TOP-M-01,Men's Airism Cotton Crew Neck T-Shirt,Tops,Men,14.9,14.9,False,1,14.9,Cash
BUG-20260630-0615,1,2026-06-30 16:36:08,Bugis,TOP-W-06,Women's Linen Blend Short Sleeve Shirt,Tops,Women,19.72,29.9,True,1,19.72,Card
PUN-20260630-0250,1,2026-06-30 16:20:26,Punggol,SOK-W-04,Women's Ribbed Crew Socks,Socks,Women,5.9,5.9,False,1,5.9,Cash
PUN-20260630-0071,3,2026-06-30 18:24:46,Punggol,UND-W-01,Women's Airism Bikini Shorts,Underwear,Women,9.9,9.9,False,1,9.9,Card
ORC-20260630-1006,2,2026-06-30 19:24:09,Orchard Central,TOP-M-01,Men's Airism Cotton Crew Neck T-Shirt,Tops,Men,14.9,14.9,False,1,14.9,Card
BUG-20260630-0100,3,2026-06-30 21:00:49,Bugis,SOK-W-01,Women's Ankle Socks 3-Pack,Socks,Women,14.9,14.9,False,1,14.9,Cash
ORC-20260630-0294,1,2026-06-30 19:06:40,Orchard Central,SOK-W-02,Women's Pile Crew Socks,Socks,women,5.9,5.9,False,1,5.9,Card
ORC-20260630-0266,1,2026-06-30 19:34:46,Orchard Central,UND-M-03,Men's Airism Mesh Boxer Briefs,Underwear,Men,14.9,14.9,False,1,14.9,Card
PUN-20260630-0340,2,2026-06-30 19:59:16,punggol,BTM-W-02,Women's High-Rise Wide Leg Pants,Bottoms,Women,39.9,39.9,False,1,39.9,Card
PUN-20260630-0425,1,2026-06-30 21:29:27,Punggol,BTM-M-04,Men's Dry Stretch Shorts,Bottoms,Men,19.9,19.9,False,1,19.9,card
ORC-20260630-0726,1,2026-06-30 15:56:22,ORCHARD CENTRAL,SOK-M-05,Men's Sport Ankle Socks,Socks,Men,4.36,5.9,True,1,4.36,Card
BUG-20260630-0444,1,2026-06-30 13:52:42,Bugis,TOP-M-03,Men's Dry-EX Crew Neck T-Shirt,Tops,Men,19.9,19.9,False,1,19.9,PayNow
ORC-20260630-1026,1,2026-06-30 11:36:56,Orchard Central,SOK-M-04,Men's Ribbed Crew Socks,Socks,Men,5.9,5.9,False,1,5.9,PayNow
ORC-20260630-0575,1,2026-06-30 21:33:00,Orchard Central,SOK-M-02,Men's Pile Crew Socks,SOCKS,Men,5.9,5.9,False,1,5.9,PayNow
ORC-20260630-0159,2,2026-06-30 20:21:02,Orchard Central,UND-W-03,Women's Cotton Blend Briefs,Underwear,Women,9.9,9.9,False,1,9.9,card
PUN-20260630-0079,1,2026-06-30 21:44:49,Punggol,UND-W-02,Women's Wireless Bra,Underwear,Women,29.9,29.9,False,1,29.9,PayNow
BUG-20260630-0137,1,2026-06-30 19:21:31,Bugis,UND-W-01,Women's Airism Bikini Shorts,Underwear,Women,9.9,9.9,False,1,9.9,PayNow
ORC-20260630-0052,1,2026-06-30 22:40:17,  Orchard Central  ,SOK-M-01,Men's Ankle Socks 3-Pack,Socks,Men,14.9,14.9,False,1,14.9,Cash
PUN-20260630-0271,3,2026-06-30 11:15:34,punggol,UND-W-02,Women's Wireless Bra,Underwear,Women,29.9,29.9,False,1,29.9,Paynow
ORC-20260630-0997,1,2026-06-30 22:30:44,Orchard Central,BTM-M-04,  Men's Dry Stretch Shorts  ,Bottoms,Men,19.9,19.9,False,1,19.9,Cash
ORC-20260630-0550,2,2026-06-30 16:14:19,Orchard Central,UND-W-01,Women's Airism Bikini Shorts,Underwear,WOMEN,9.9,9.9,False,1,9.9,Paynow
PUN-20260630-0614,3,2026-06-30 20:47:43,  Punggol  ,SOK-W-04,Women's Ribbed Crew Socks,Socks,Women,5.9,5.9,False,1,5.9,Card
PUN-20260630-0074,1,2026-06-30 19:49:59,Punggol,SOK-W-05,Women's Sport Ankle Socks,Socks,Women,4.27,5.9,True,1,4.27,Card
BUG-20260630-0033,1,2026-06-30 17:36:56,  Bugis  ,SOK-M-09,Men's No-Show Sneaker Socks,Socks,Men,4.17,5.9,True,1,4.17,Card
BUG-20260630-0044,1,2026-06-30 12:48:41,BUGIS,TOP-M-01,Men's Airism Cotton Crew Neck T-Shirt,TOPS,Men,14.9,14.9,False,1,14.9,PayNow
BUG-20260630-0753,2,2026-06-30 12:02:13,  Bugis  ,UND-M-02,Men's Cotton Blend Trunks,Underwear,MEN,14.9,14.9,False,2,29.8,PayNow
BUG-20260630-0086,2,2026-06-30 13:05:55,Bugis,UND-M-04,Men's Cotton Crew Neck Undershirt,Underwear,Men,14.9,14.9,False,1,14.9,Card
BUG-20260630-0839,3,2026-06-30 20:42:21,Bugis,SOK-M-04,Men's Ribbed Crew Socks,SOCKS,Men,5.9,5.9,False,1,5.9,Cash
BUG-20260630-0565,1,2026-06-30 22:34:47,Bugis,TOP-M-01,Men's Airism Cotton Crew Neck T-Shirt,Tops,Men,14.9,14.9,False,1,14.9,PayNow
BUG-20260630-0861,1,2026-06-30 18:36:16,BUGIS,BTM-M-03,  Men's Selvedge Regular Fit Jeans  ,Bottoms,Men,59.9,59.9,False,1,59.9,PayNow
ORC-20260630-0724,1,2026-06-30 18:22:08,Orchard Central,BTM-W-02,  Women's High-Rise Wide Leg Pants  ,Bottoms,Women,39.9,39.9,False,1,39.9,Card
ORC-20260630-0824,2,2026-06-30 21:24:39,Orchard Central,TOP-M-04,Men's Oxford Long Sleeve Shirt,Tops,Men,29.9,29.9,False,1,29.9,Card
BUG-20260630-0608,1,2026-06-30 17:08:12,Bugis,SOK-M-10,Men's Wool Blend Socks,Socks,Men,9.9,9.9,False,1,9.9,Card
BUG-20260630-0586,1,2026-06-30 19:11:55,Bugis,UND-W-01,Women's Airism Bikini Shorts,Underwear,Women,9.9,9.9,False,1,9.9,Card
BUG-20260630-0640,1,2026-06-30 21:02:19,BUGIS,TOP-M-01,Men's Airism Cotton Crew Neck T-Shirt,Tops,Men,14.9,14.9,False,1,14.9,Card
ORC-20260630-0859,2,2026-06-30 18:50:59,ORCHARD CENTRAL,SOK-M-04,,SOCKS,Men,5.9,5.9,False,1,5.9,
ORC-20260630-0021,1,2026-06-30 19:45:10,Orchard Central,SOK-W-01,Women's Ankle Socks 3-Pack,SOCKS,Women,14.9,14.9,False,1,14.9,PayNow
ORC-20260630-0476,1,2026-06-30 19:34:50,Orchard Central,UND-M-03,Men's Airism Mesh Boxer Briefs,Underwear,Men,14.9,14.9,False,1,14.9,Cash
BUG-20260630-0313,1,2026-06-30 20:24:16,Bugis,UND-W-03,Women's Cotton Blend Briefs,Underwear,Women,9.9,9.9,False,1,9.9,Card
ORC-20260630-0985,1,2026-06-30 17:18:24,Orchard Central,TOP-W-06,Women's Linen Blend Short Sleeve Shirt,Tops,Women,19.72,29.9,True,1,19.72,Card
ORC-20260630-0323,3,2026-06-30 22:00:34,Orchard Central,SOK-M-02,Men's Pile Crew Socks,Socks,Men,5.9,5.9,False,2,11.8,PayNow
BUG-20260630-0670,1,2026-06-30 19:05:34,Bugis,SOK-M-09,Men's No-Show Sneaker Socks,Socks,Men,4.17,5.9,True,1,4.17,Cash
ORC-20260630-0307,1,2026-06-30 21:59:26,Orchard Central,UND-W-03,  Women's Cotton Blend Briefs  ,Underwear,Women,9.9,9.9,False,1,9.9,Card
ORC-20260630-0032,2,2026-06-30 22:51:43,Orchard Central,SOK-M-03,Men's Airism Low-Cut Socks,SOCKS,Men,5.9,5.9,False,1,5.9,PAYNOW
BUG-20260630-0737,2,2026-06-30 20:51:23,Bugis,TOP-W-04,Women's Heattech Crew Neck Long Sleeve Tee,Tops,women,14.9,14.9,False,1,14.9,Card
BUG-20260630-0769,2,2026-06-30 17:56:15,Bugis,SOK-W-06,Women's Heattech Socks,Socks,Women,9.9,9.9,False,1,9.9,Card
PUN-20260630-0542,2,2026-06-30 12:49:09,Punggol,BTM-W-03,Women's Ezy Ankle Pants,Bottoms,Women,29.9,29.9,False,1,29.9,Card
ORC-20260630-1062,2,2026-06-30 21:19:43,Orchard Central,TOP-M-03,Men's Dry-EX Crew Neck T-Shirt,Tops,Men,19.9,19.9,False,1,19.9,NETS
BUG-20260630-0276,2,2026-06-30 20:14:44,Bugis,BTM-M-02,Men's Slim Fit Chino Trousers,Bottoms,Men,29.9,29.9,False,1,29.9,PayNow
BUG-20260630-0073,2,2026-06-30 12:52:09,Bugis,SOK-W-03,Women's Airism Low-Cut Socks,Socks,Women,5.9,5.9,False,1,5.9,Card
ORC-20260630-0527,1,2026-06-30 21:00:36,Orchard Central,SOK-W-02,Women's Pile Crew Socks,Socks,Women,5.9,5.9,False,2,11.8,Card
BUG-20260630-0298,1,2026-06-30 12:01:30,Bugis,SOK-M-09,Men's No-Show Sneaker Socks,Socks,Men,4.17,5.9,True,1,4.17,Card
ORC-20260630-0781,1,2026-06-30 20:52:09,Orchard Central,BTM-W-03,  Women's Ezy Ankle Pants  ,Bottoms,Women,29.9,29.9,False,1,29.9,Card
PUN-20260630-0095,2,2026-06-30 21:56:20,Punggol,SOK-W-01,Women's Ankle Socks 3-Pack,Socks,Women,14.9,14.9,False,1,14.9,NETS
BUG-20260630-0891,1,2026-06-30 20:53:54,Bugis,SOK-M-09,Men's No-Show Sneaker Socks,Socks,Men,4.17,5.9,True,1,4.17,NETS
BUG-20260630-0890,1,2026-06-30 17:19:09,Bugis,SOK-W-02,Women's Pile Crew Socks,Socks,Women,5.9,5.9,False,1,5.9,Card
BUG-20260630-0285,2,2026-06-30 17:43:20,Bugis,TOP-W-04,Women's Heattech Crew Neck Long Sleeve Tee,Tops,Women,14.9,14.9,False,1,14.9,Card
ORC-20260630-0127,1,2026-06-30 20:53:29,Orchard Central,SOK-M-01,Men's Ankle Socks 3-Pack,Socks,Men,14.9,14.9,False,1,14.9,PayNow
ORC-20260630-0843,3,2026-06-30 15:17:34,Orchard Central,BTM-M-04,Men's Dry Stretch Shorts,Bottoms,Men,19.9,19.9,False,1,19.9,NETS
ORC-20260630-0569,2,2026-06-30 14:07:01,orchard central,SOK-M-04,Men's Ribbed Crew Socks,Socks,Men,5.9,5.9,False,1,5.9,Paynow
ORC-20260630-0953,3,2026-06-30 19:06:57,Orchard Central,UND-M-02,Men's Cotton Blend Trunks,Underwear,MEN,$14.9,14.9,False,1,14.9,Card
PUN-20260630-0148,3,2026-06-30 18:54:17,Punggol,SOK-W-01,Women's Ankle Socks 3-Pack,Socks,Women,14.9,14.9,False,1,14.9,Card
BUG-20260630-0486,2,2026-06-30 14:00:32,Bugis,SOK-M-09,  Men's No-Show Sneaker Socks  ,Socks,Men,4.17,5.9,True,1,4.17,Card
ORC-20260630-0866,1,2026-06-30 17:52:51,Orchard Central,SOK-W-02,Women's Pile Crew Socks,Socks,women,5.9,5.9,False,1,$5.9,Card
PUN-20260630-0216,2,2026-06-30 21:23:07,  Punggol  ,BTM-W-01,Women's Ultra Stretch Skinny Jeans,Bottoms,Women,$39.9,39.9,False,1,39.9,Card
BUG-20260630-0406,2,2026-06-30 20:28:10,Bugis,BTM-W-02,Women's High-Rise Wide Leg Pants,Bottoms,women,39.9,39.9,False,1,39.9,Card
PUN-20260630-0366,1,2026-06-30 22:43:57,Punggol,TOP-W-03,  Women's Silky Satin Blouse  ,Tops,Women,39.9,39.9,False,1,39.9,Card
ORC-20260630-0668,1,2026-06-30 13:10:20,Orchard Central,SOK-M-04,Men's Ribbed Crew Socks,Socks,Men,5.9,5.9,False,1,5.9,Card
ORC-20260630-0711,1,2026-06-30 12:13:14,Orchard Central,SOK-W-04,  Women's Ribbed Crew Socks  ,SOCKS,Women,5.9,5.9,False,1,5.9,Card
PUN-20260630-0296,3,2026-06-30 21:25:09,Punggol,SOK-W-02,  Women's Pile Crew Socks  ,SOCKS,Women,5.9,5.9,False,1,5.9,Card
BUG-20260630-0903,1,2026-06-30 20:22:15,Bugis,SOK-W-09,Women's No-Show Sneaker Socks,Socks,Women,5.9,5.9,False,1,5.9,Card
ORC-20260630-0055,3,2026-06-30 19:46:15,Orchard Central,TOP-W-04,Women's Heattech Crew Neck Long Sleeve Tee,Tops,Women,14.9,14.9,False,1,14.9,Card
ORC-20260630-0307,2,2026-06-30 21:59:26,Orchard Central,TOP-W-01,Women's Airism Cotton Crew Neck T-Shirt,Tops,Women,14.9,14.9,False,1,$14.9,Card
BUG-20260630-0797,1,2026-06-30 18:04:20,Bugis,SOK-W-04,Women's Ribbed Crew Socks,Socks,Women,5.9,5.9,False,1,5.9,Card
BUG-20260630-0893,3,2026-06-30 17:59:43,Bugis,UND-W-01,Women's Airism Bikini Shorts,Underwear,Women,9.9,9.9,False,1,9.9,PayNow
ORC-20260630-0364,2,2026-06-30 19:41:20,orchard central,UND-M-04,Men's Cotton Crew Neck Undershirt,Underwear,Men,14.9,14.9,False,1,14.9,Cash
ORC-20260630-0738,1,2026-06-30 15:07:56,Orchard Central,SOK-W-04,Women's Ribbed Crew Socks,Socks,Women,5.9,5.9,False,2,11.8,Cash
ORC-20260630-0835,1,2026-06-30 22:40:14,Orchard Central,SOK-M-01,Men's Ankle Socks 3-Pack,Socks,Men,14.9,14.9,False,1,14.9,CARD
ORC-20260630-0841,2,2026-06-30 11:01:35,Orchard Central,UND-M-01,Men's Airism Boxer Briefs,Underwear,Men,14.9,14.9,False,2,29.8,Card
ORC-20260630-0275,2,2026-06-30 19:54:51,  Orchard Central  ,UND-W-03,Women's Cotton Blend Briefs,Underwear,Women,9.9,9.9,False,1,9.9,NETS
BUG-20260630-0514,1,2026-06-30 20:07:08,Bugis,TOP-W-04,Women's Heattech Crew Neck Long Sleeve Tee,Tops,Women,14.9,14.9,False,1,14.9,Card
ORC-20260630-0604,1,2026-06-30 17:06:16,Orchard Central,SOK-M-04,Men's Ribbed Crew Socks,Socks,Men,5.9,5.9,False,2,11.8,Card
BUG-20260630-0118,2,2026-06-30 18:27:28,Bugis,SOK-M-02,Men's Pile Crew Socks,Socks,Men,5.9,5.9,False,1,$5.9,Card
ORC-20260630-0689,1,2026-06-30 15:16:09,Orchard Central,SOK-M-05,Men's Sport Ankle Socks,Socks,Men,4.36,5.9,True,1,4.36,Cash
PUN-20260630-0269,2,2026-06-30 20:19:02,  Punggol  ,SOK-W-04,Women's Ribbed Crew Socks,Socks,Women,5.9,5.9,False,1,5.9,NETS
PUN-20260630-0506,2,2026-06-30 21:07:46,Punggol,TOP-W-01,Women's Airism Cotton Crew Neck T-Shirt,Tops,Women,14.9,14.9,False,1,$14.9,PAYNOW
BUG-20260630-0717,3,2026-06-30 13:38:49,BUGIS,SOK-M-09,Men's No-Show Sneaker Socks,Socks,Men,4.17,5.9,True,1,4.17,Card
ORC-20260630-0448,3,2026-06-30 17:00:18,Orchard Central,TOP-M-01,Men's Airism Cotton Crew Neck T-Shirt,TOPS,Men,14.9,14.9,False,1,14.9,PayNow
ORC-20260630-0158,3,2026-06-30 12:53:50,Orchard Central,UND-W-04,Women's Airism T-Shirt Bra,Underwear,women,29.9,29.9,False,2,$59.8,Card
ORC-20260630-0535,1,2026-06-30 17:13:49,Orchard Central,SOK-W-04,Women's Ribbed Crew Socks,Socks,Women,5.9,5.9,False,2,11.8,Cash
BUG-20260630-0877,3,2026-06-30 11:30:27,Bugis,TOP-W-01,Women's Airism Cotton Crew Neck T-Shirt,Tops,Women,14.9,14.9,False,1,14.9,PayNow
PUN-20260630-0364,2,2026-06-30 17:48:13,Punggol,SOK-M-04,Men's Ribbed Crew Socks,Socks,Men,5.9,5.9,False,2,11.8,Cash
PUN-20260630-0176,3,2026-06-30 19:16:49,Punggol,TOP-W-06,Women's Linen Blend Short Sleeve Shirt,Tops,Women,19.72,29.9,True,1,19.72,Card
ORC-20260630-0207,2,2026-06-30 17:20:46,Orchard Central,SOK-M-02,Men's Pile Crew Socks,Socks,MEN,5.9,5.9,False,1,5.9,Card
BUG-20260630-0870,3,2026-06-30 21:00:10,Bugis,BTM-M-03,Men's Selvedge Regular Fit Jeans,Bottoms,Men,59.9,59.9,False,1,59.9,Card
ORC-20260630-0504,2,2026-06-30 17:51:26,Orchard Central,TOP-W-06,Women's Linen Blend Short Sleeve Shirt,Tops,Women,19.72,29.9,True,1,19.72,NETS
PUN-20260630-0386,2,2026-06-30 19:15:27,Punggol,SOK-W-03,  Women's Airism Low-Cut Socks  ,socks,Women,$5.9,5.9,False,1,5.9,cash
ORC-20260630-0693,1,2026-06-30 18:45:27,Orchard Central,SOK-M-02,Men's Pile Crew Socks,Socks,Men,5.9,5.9,False,2,11.8,PayNow
ORC-20260630-0613,1,2026-06-30 18:41:06,Orchard Central,SOK-M-02,  Men's Pile Crew Socks  ,Socks,Men,5.9,5.9,False,1,5.9,Cash
BUG-20260630-0083,2,2026-06-30 21:23:27,Bugis,SOK-M-09,  Men's No-Show Sneaker Socks  ,Socks,Men,4.17,5.9,True,1,4.17,Card
ORC-20260630-0300,1,2026-06-30 18:09:16,Orchard Central,SOK-M-03,Men's Airism Low-Cut Socks,Socks,men,5.9,5.9,False,1,5.9,Cash
ORC-20260630-1027,2,2026-06-30 18:20:36,Orchard Central,TOP-M-01,Men's Airism Cotton Crew Neck T-Shirt,Tops,Men,14.9,14.9,False,1,14.9,Paynow
BUG-20260630-0447,2,2026-06-30 21:02:20,Bugis,SOK-M-02,Men's Pile Crew Socks,SOCKS,Men,5.9,5.9,False,1,5.9,PayNow
ORC-20260630-0837,1,2026-06-30 11:08:21,Orchard Central,UND-W-01,Women's Airism Bikini Shorts,UNDERWEAR,Women,9.9,9.9,False,1,9.9,PayNow
ORC-20260630-0032,1,2026-06-30 22:51:43,Orchard Central,SOK-W-04,Women's Ribbed Crew Socks,Socks,Women,5.9,5.9,False,2,11.8,PayNow
BUG-20260630-0008,1,2026-06-30 18:31:49,Bugis,SOK-W-03,Women's Airism Low-Cut Socks,Socks,Women,5.9,5.9,False,1,5.9,Cash
ORC-20260630-0373,2,2026-06-30 20:40:15,Orchard Central,SOK-W-01,Women's Ankle Socks 3-Pack,Socks,Women,14.9,14.9,False,1,14.9,PAYNOW
BUG-20260630-0510,3,2026-06-30 19:24:40,  Bugis  ,SOK-M-02,Men's Pile Crew Socks,Socks,Men,5.9,5.9,False,1,5.9,card
BUG-20260630-0301,2,2026-06-30 20:52:32,Bugis,SOK-M-09,Men's No-Show Sneaker Socks,Socks,Men,4.17,5.9,True,1,4.17,PayNow
ORC-20260630-0799,1,2026-06-30 18:50:15,Orchard Central,SOK-M-02,Men's Pile Crew Socks,Socks,Men,5.9,5.9,False,1,5.9,Card
BUG-20260630-0766,1,2026-06-30 18:34:21,Bugis,SOK-M-09,Men's No-Show Sneaker Socks,Socks,Men,4.17,5.9,True,1,4.17,NETS
PUN-20260630-0559,1,2026-06-30 20:13:16,Punggol,UND-M-03,Men's Airism Mesh Boxer Briefs,UNDERWEAR,Men,14.9,14.9,False,1,14.9,NETS
BUG-20260630-0347,1,2026-06-30 15:10:56,Bugis,UND-M-04,Men's Cotton Crew Neck Undershirt,Underwear,Men,14.9,14.9,False,1,14.9,Card
BUG-20260630-0231,1,2026-06-30 17:25:45,Bugis,TOP-W-04,Women's Heattech Crew Neck Long Sleeve Tee,Tops,Women,14.9,14.9,False,1,14.9,NETS
ORC-20260630-0513,2,2026-06-30 21:30:26,Orchard Central,BTM-M-03,Men's Selvedge Regular Fit Jeans,Bottoms,MEN,59.9,59.9,False,1,59.9,NETS
BUG-20260630-0435,1,2026-06-30 21:16:36,Bugis,BTM-W-02,Women's High-Rise Wide Leg Pants,Bottoms,Women,39.9,39.9,False,1,39.9,PayNow
PUN-20260630-0549,2,2026-06-30 17:49:17,Punggol,TOP-W-01,  Women's Airism Cotton Crew Neck T-Shirt  ,Tops,Women,14.9,14.9,False,1,14.9,Card
ORC-20260630-0720,3,2026-06-30 21:58:00,Orchard Central,SOK-M-02,Men's Pile Crew Socks,Socks,Men,5.9,5.9,False,1,5.9,Card
PUN-20260630-0297,3,2026-06-30 15:39:32,Punggol,SOK-W-02,  Women's Pile Crew Socks  ,Socks,Women,$5.9,5.9,False,1,5.9,Card
PUN-20260630-0547,3,2026-06-30 12:34:00,Punggol,UND-M-04,Men's Cotton Crew Neck Undershirt,UNDERWEAR,Men,14.9,14.9,False,1,14.9,Cash
PUN-20260630-0308,1,2026-06-30 21:44:35,Punggol,BTM-M-01,Men's Ezy Ankle Pants,Bottoms,Men,29.9,29.9,False,1,29.9,PayNow
BUG-20260630-0842,1,2026-06-30 20:17:21,bugis,SOK-W-03,Women's Airism Low-Cut Socks,Socks,WOMEN,5.9,5.9,False,2,11.8,PayNow
PUN-20260630-0107,1,2026-06-30 18:41:39,  Punggol  ,SOK-W-05,Women's Sport Ankle Socks,Socks,Women,4.27,5.9,True,1,4.27,Cash
ORC-20260630-0989,1,2026-06-30 17:38:00,Orchard Central,TOP-W-02,Women's Ribbed Long Sleeve Turtleneck,Tops,Women,19.9,19.9,False,1,19.9,PayNow
BUG-20260630-0582,1,2026-06-30 14:16:43,Bugis,SOK-W-03,Women's Airism Low-Cut Socks,Socks,Women,5.9,5.9,False,1,5.9,card
BUG-20260630-0296,3,2026-06-30 16:48:09,BUGIS,TOP-W-02,Women's Ribbed Long Sleeve Turtleneck,Tops,women,19.9,19.9,False,1,19.9,NETS
ORC-20260630-0250,2,2026-06-30 19:31:43,ORCHARD CENTRAL,UND-W-03,Women's Cotton Blend Briefs,Underwear,Women,9.9,9.9,False,1,9.9,paynow
BUG-20260630-0558,2,2026-06-30 17:10:01,Bugis,SOK-M-09,Men's No-Show Sneaker Socks,Socks,Men,4.17,5.9,True,1,4.17,Cash
BUG-20260630-0874,1,2026-06-30 12:52:34,Bugis,SOK-M-02,Men's Pile Crew Socks,Socks,men,5.9,5.9,False,1,5.9,Card
BUG-20260630-0923,1,2026-06-30 21:52:28,Bugis,SOK-W-03,Women's Airism Low-Cut Socks,Socks,Women,5.9,5.9,False,2,11.8,Card
ORC-20260630-0427,1,2026-06-30 19:49:05,Orchard Central,UND-M-02,Men's Cotton Blend Trunks,Underwear,Men,14.9,14.9,False,2,29.8,Card
PUN-20260630-0272,2,2026-06-30 14:34:23,punggol,BTM-W-01,Women's Ultra Stretch Skinny Jeans,Bottoms,Women,39.9,39.9,False,1,39.9,Card
PUN-20260630-0414,1,2026-06-30 12:27:38,  Punggol  ,SOK-W-05,Women's Sport Ankle Socks,Socks,Women,4.27,5.9,True,2,8.54,Card
PUN-20260630-0560,3,2026-06-30 18:36:10,Punggol,TOP-W-01,Women's Airism Cotton Crew Neck T-Shirt,Tops,WOMEN,14.9,14.9,False,1,14.9,PayNow
ORC-20260630-1042,3,2026-06-30 20:32:49,Orchard Central,SOK-M-02,Men's Pile Crew Socks,Socks,Men,5.9,5.9,False,1,5.9,Cash
ORC-20260630-0029,1,2026-06-30 16:39:18,Orchard Central,SOK-W-02,Women's Pile Crew Socks,Socks,Women,5.9,5.9,False,1,5.9,NETS
PUN-20260630-0514,1,2026-06-30 11:22:03,Punggol,UND-W-01,Women's Airism Bikini Shorts,Underwear,Women,9.9,9.9,False,1,9.9,NETS
BUG-20260630-0660,3,2026-06-30 19:34:21,Bugis,SOK-M-02,Men's Pile Crew Socks,Socks,Men,5.9,5.9,False,1,5.9,paynow
ORC-20260630-1052,2,2026-06-30 19:15:15,Orchard Central,TOP-M-01,Men's Airism Cotton Crew Neck T-Shirt,Tops,Men,14.9,14.9,False,1,14.9,PayNow
ORC-20260630-0610,2,2026-06-30 20:05:52,Orchard Central,TOP-W-02,Women's Ribbed Long Sleeve Turtleneck,tops,women,19.9,19.9,False,1,19.9,CARD
BUG-20260630-0770,3,2026-06-30 20:30:03,Bugis,SOK-W-03,Women's Airism Low-Cut Socks,Socks,Women,5.9,5.9,False,1,5.9,NETS
BUG-20260630-0561,2,2026-06-30 17:40:57,Bugis,SOK-M-04,Men's Ribbed Crew Socks,Socks,Men,5.9,5.9,False,1,5.9,Cash
BUG-20260630-0619,1,2026-06-30 19:33:33,Bugis,SOK-W-03,Women's Airism Low-Cut Socks,Socks,Women,5.9,5.9,False,1,5.9,Card
BUG-20260630-0867,2,2026-06-30 20:42:24,  Bugis  ,UND-W-03,Women's Cotton Blend Briefs,Underwear,Women,9.9,9.9,False,1,9.9,card
PUN-20260630-0328,1,2026-06-30 20:09:15,Punggol,SOK-W-01,Women's Ankle Socks 3-Pack,Socks,Women,14.9,14.9,False,1,14.9,PayNow
ORC-20260630-0191,2,2026-06-30 13:07:16,Orchard Central,TOP-W-03,Women's Silky Satin Blouse,TOPS,Women,39.9,39.9,False,1,39.9,Card
ORC-20260630-0907,2,2026-06-30 12:04:54,Orchard Central,TOP-W-04,Women's Heattech Crew Neck Long Sleeve Tee,Tops,women,14.9,14.9,False,1,14.9,Cash
ORC-20260630-0118,3,2026-06-30 20:38:41,Orchard Central,UND-W-03,Women's Cotton Blend Briefs,Underwear,Women,9.9,9.9,False,1,9.9,Card
ORC-20260630-0774,2,2026-06-30 20:32:32,Orchard Central,BTM-M-03,Men's Selvedge Regular Fit Jeans,Bottoms,Men,59.9,59.9,False,1,59.9,Cash
PUN-20260630-0359,1,2026-06-30 21:06:47,Punggol,TOP-M-01,Men's Airism Cotton Crew Neck T-Shirt,Tops,Men,14.9,14.9,False,1,14.9,PayNow
PUN-20260630-0191,3,2026-06-30 21:38:49,Punggol,SOK-M-01,Men's Ankle Socks 3-Pack,Socks,Men,14.9,14.9,False,1,14.9,NETS
ORC-20260630-0442,3,2026-06-30 11:10:27,Orchard Central,TOP-W-01,Women's Airism Cotton Crew Neck T-Shirt,tops,Women,14.9,14.9,False,1,14.9,NETS
ORC-20260630-0926,3,2026-06-30 19:03:44,Orchard Central,UND-M-02,Men's Cotton Blend Trunks,Underwear,MEN,14.9,14.9,False,1,14.9,Card
BUG-20260630-0048,1,2026-06-30 20:58:33,Bugis,SOK-W-02,Women's Pile Crew Socks,Socks,WOMEN,5.9,5.9,False,2,11.8,Card
ORC-20260630-0958,3,2026-06-30 20:44:16,Orchard Central,SOK-M-02,Men's Pile Crew Socks,Socks,Men,5.9,5.9,False,1,5.9,Cash
ORC-20260630-0529,1,2026-06-30 18:40:13,ORCHARD CENTRAL,SOK-W-04,Women's Ribbed Crew Socks,Socks,Women,5.9,5.9,False,1,5.9,CASH
BUG-20260630-0162,2,2026-06-30 18:20:23,Bugis,TOP-W-03,Women's Silky Satin Blouse,Tops,Women,39.9,39.9,False,1,39.9,PayNow
PUN-20260630-0602,1,2026-06-30 12:13:02,Punggol,SOK-M-03,Men's Airism Low-Cut Socks,SOCKS,Men,5.9,5.9,False,1,5.9,Card
PUN-20260630-0160,1,2026-06-30 14:46:11,Punggol,SOK-M-03,  Men's Airism Low-Cut Socks  ,Socks,Men,5.9,5.9,False,1,5.9,NETS
ORC-20260630-1019,3,2026-06-30 20:35:56,Orchard Central,BTM-W-01,Women's Ultra Stretch Skinny Jeans,Bottoms,Women,39.9,39.9,False,1,39.9,Cash
PUN-20260630-0124,1,2026-06-30 21:21:57,Punggol,BTM-W-02,Women's High-Rise Wide Leg Pants,Bottoms,Women,39.9,39.9,False,1,39.9,Card
BUG-20260630-0964,2,2026-06-30 19:14:39,Bugis,TOP-W-06,Women's Linen Blend Short Sleeve Shirt,Tops,Women,19.72,29.9,True,1,19.72,Card
ORC-20260630-0926,2,2026-06-30 19:03:44,  Orchard Central  ,TOP-M-04,  Men's Oxford Long Sleeve Shirt  ,Tops,Men,29.9,29.9,False,1,29.9,card
ORC-20260630-0688,3,2026-06-30 21:51:42,Orchard Central,TOP-M-02,  Men's Supima Cotton Polo Shirt  ,tops,Men,29.9,29.9,False,1,29.9,Cash
BUG-20260630-0161,2,2026-06-30 18:31:34,  Bugis  ,UND-M-03,  Men's Airism Mesh Boxer Briefs  ,underwear,Men,14.9,14.9,False,1,14.9,PayNow
ORC-20260630-0421,1,2026-06-30 12:23:45,Orchard Central,UND-W-03,Women's Cotton Blend Briefs,Underwear,Women,9.9,9.9,False,1,9.9,Card
ORC-20260630-0326,1,2026-06-30 17:30:32,orchard central,SOK-W-02,Women's Pile Crew Socks,SOCKS,Women,5.9,5.9,False,1,5.9,Card
ORC-20260630-0724,2,2026-06-30 18:22:08,Orchard Central,SOK-W-01,Women's Ankle Socks 3-Pack,Socks,Women,14.9,14.9,False,1,14.9,CARD
BUG-20260630-0631,1,2026-06-30 19:14:14,Bugis,SOK-M-10,Men's Wool Blend Socks,Socks,Men,9.9,9.9,False,1,9.9,NETS
ORC-20260630-0282,1,2026-06-30 17:48:59,Orchard Central,SOK-M-02,Men's Pile Crew Socks,Socks,Men,5.9,5.9,False,1,5.9,NETS
ORC-20260630-0673,1,2026-06-30 20:44:38,Orchard Central,SOK-M-04,Men's Ribbed Crew Socks,Socks,Men,5.9,5.9,False,1,5.9,Card
PUN-20260630-0529,2,2026-06-30 14:27:43,Punggol,BTM-M-02,Men's Slim Fit Chino Trousers,Bottoms,Men,29.9,29.9,False,1,29.9,Cash
BUG-20260630-0103,2,2026-06-30 11:34:02,Bugis,SOK-M-04,Men's Ribbed Crew Socks,Socks,Men,5.9,5.9,False,2,11.8,NETS
PUN-20260630-0206,1,2026-06-30 19:01:10,punggol,UND-W-04,Women's Airism T-Shirt Bra,Underwear,Women,$29.9,29.9,False,1,29.9,CASH
BUG-20260630-0229,1,2026-06-30 21:36:49,Bugis,SOK-M-03,Men's Airism Low-Cut Socks,Socks,Men,5.9,5.9,False,1,5.9,Card
BUG-20260630-0278,2,2026-06-30 19:52:29,Bugis,SOK-M-01,Men's Ankle Socks 3-Pack,Socks,Men,14.9,14.9,False,1,14.9,Card
ORC-20260630-0724,3,2026-06-30 18:22:08,Orchard Central,SOK-M-02,Men's Pile Crew Socks,Socks,men,5.9,5.9,False,1,5.9,Card
BUG-20260630-0942,1,2026-06-30 19:21:36,Bugis,TOP-W-01,  Women's Airism Cotton Crew Neck T-Shirt  ,Tops,Women,14.9,14.9,False,1,14.9,PayNow
ORC-20260630-0244,1,2026-06-30 18:15:28,Orchard Central,SOK-W-01,Women's Ankle Socks 3-Pack,Socks,Women,14.9,14.9,False,1,14.9,NETS
PUN-20260630-0121,2,2026-06-30 19:52:40,Punggol,TOP-W-01,Women's Airism Cotton Crew Neck T-Shirt,tops,women,14.9,14.9,False,1,14.9,PayNow
ORC-20260630-0433,1,2026-06-30 18:13:33,Orchard Central,UND-W-04,Women's Airism T-Shirt Bra,Underwear,Women,29.9,29.9,False,2,59.8,Card
BUG-20260630-0068,3,2026-06-30 16:42:08,Bugis,SOK-M-04,Men's Ribbed Crew Socks,Socks,Men,5.9,5.9,False,2,11.8,cash
BUG-20260630-0922,2,2026-06-30 20:29:03,Bugis,UND-W-03,,Underwear,Women,9.9,9.9,False,1,9.9,NETS
BUG-20260630-0412,2,2026-06-30 19:24:48,Bugis,SOK-M-02,Men's Pile Crew Socks,Socks,Men,5.9,5.9,False,1,5.9,Card
BUG-20260630-0154,2,2026-06-30 19:35:03,Bugis,UND-M-04,Men's Cotton Crew Neck Undershirt,Underwear,Men,14.9,14.9,False,1,14.9,PayNow
ORC-20260630-0172,1,2026-06-30 19:38:40,Orchard Central,UND-W-01,Women's Airism Bikini Shorts,Underwear,Women,9.9,9.9,False,1,9.9,CARD
ORC-20260630-0618,1,2026-06-30 12:58:10,  Orchard Central  ,SOK-W-04,Women's Ribbed Crew Socks,Socks,Women,5.9,5.9,False,2,11.8,Card
ORC-20260630-0990,1,2026-06-30 16:05:28,Orchard Central,SOK-M-05,Men's Sport Ankle Socks,Socks,Men,4.36,5.9,True,1,4.36,Card
BUG-20260630-0599,1,2026-06-30 16:16:26,bugis,SOK-M-04,Men's Ribbed Crew Socks,Socks,Men,5.9,5.9,False,1,5.9,Card
PUN-20260630-0068,1,2026-06-30 15:40:00,Punggol,TOP-W-06,  Women's Linen Blend Short Sleeve Shirt  ,Tops,Women,19.72,29.9,True,1,19.72,Cash
BUG-20260630-0882,2,2026-06-30 20:51:32,Bugis,TOP-M-04,Men's Oxford Long Sleeve Shirt,Tops,Men,29.9,29.9,False,1,29.9,Cash
PUN-20260630-0305,1,2026-06-30 17:17:00,Punggol,UND-W-01,Women's Airism Bikini Shorts,Underwear,Women,9.9,9.9,False,1,9.9,Card
ORC-20260630-0950,1,2026-06-30 19:20:33,Orchard Central,UND-W-04,Women's Airism T-Shirt Bra,Underwear,Women,29.9,29.9,False,1,$29.9,Card
ORC-20260630-0720,2,2026-06-30 21:58:00,ORCHARD CENTRAL,BTM-W-02,Women's High-Rise Wide Leg Pants,Bottoms,Women,39.9,39.9,False,1,39.9,Card
PUN-20260630-0400,3,2026-06-30 20:20:03,Punggol,TOP-W-02,Women's Ribbed Long Sleeve Turtleneck,TOPS,Women,19.9,19.9,False,1,19.9,Card
BUG-20260630-0698,1,2026-06-30 13:44:01,  Bugis  ,SOK-W-03,Women's Airism Low-Cut Socks,Socks,Women,5.9,5.9,False,1,$5.9,Card
BUG-20260630-0482,2,2026-06-30 21:32:59,Bugis,BTM-M-03,Men's Selvedge Regular Fit Jeans,Bottoms,Men,59.9,59.9,False,1,59.9,PayNow
PUN-20260630-0266,2,2026-06-30 18:39:18,Punggol,UND-W-04,Women's Airism T-Shirt Bra,Underwear,Women,29.9,29.9,False,2,59.8,
BUG-20260630-0325,1,2026-06-30 19:16:17,Bugis,SOK-M-02,Men's Pile Crew Socks,Socks,Men,5.9,5.9,False,1,5.9,Cash
PUN-20260630-0118,1,2026-06-30 20:48:30,punggol,BTM-M-04,Men's Dry Stretch Shorts,Bottoms,Men,19.9,19.9,False,1,19.9,Card
PUN-20260630-0274,1,2026-06-30 15:03:13,Punggol,UND-W-03,  Women's Cotton Blend Briefs  ,Underwear,Women,9.9,9.9,False,1,9.9,Card
ORC-20260630-0670,1,2026-06-30 19:07:41,orchard central,SOK-W-04,Women's Ribbed Crew Socks,SOCKS,Women,5.9,5.9,False,1,5.9,PayNow
ORC-20260630-0087,1,2026-06-30 21:57:49,Orchard Central,SOK-M-04,Men's Ribbed Crew Socks,Socks,Men,5.9,5.9,False,1,5.9,NETS
PUN-20260630-0541,3,2026-06-30 19:46:19,punggol,SOK-M-04,Men's Ribbed Crew Socks,Socks,Men,5.9,5.9,False,2,11.8,card
BUG-20260630-0941,1,2026-06-30 21:37:17,Bugis,UND-W-01,Women's Airism Bikini Shorts,underwear,Women,9.9,9.9,False,1,9.9,Card
ORC-20260630-0366,3,2026-06-30 20:57:13,Orchard Central,TOP-M-01,Men's Airism Cotton Crew Neck T-Shirt,Tops,Men,14.9,14.9,False,1,14.9,NETS
ORC-20260630-0884,2,2026-06-30 19:13:01,Orchard Central,BTM-M-02,Men's Slim Fit Chino Trousers,Bottoms,Men,29.9,29.9,False,1,29.9,Card
ORC-20260630-0295,1,2026-06-30 12:28:35,Orchard Central,BTM-M-01,Men's Ezy Ankle Pants,Bottoms,Men,29.9,29.9,False,1,29.9,NETS
BUG-20260630-0770,1,2026-06-30 20:30:03,bugis,SOK-W-03,Women's Airism Low-Cut Socks,Socks,Women,5.9,5.9,False,1,5.9,NETS
BUG-20260630-0642,1,2026-06-30 14:46:49,Bugis,BTM-W-02,Women's High-Rise Wide Leg Pants,BOTTOMS,Women,39.9,39.9,False,1,39.9,paynow
PUN-20260630-0606,1,2026-06-30 13:30:04,Punggol,TOP-W-03,Women's Silky Satin Blouse,Tops,women,39.9,39.9,False,1,39.9,card
PUN-20260630-0489,1,2026-06-30 14:35:42,Punggol,UND-W-03,Women's Cotton Blend Briefs,Underwear,Women,9.9,9.9,False,1,9.9,Card
PUN-20260630-0533,1,2026-06-30 21:26:57,Punggol,UND-W-03,  Women's Cotton Blend Briefs  ,Underwear,Women,9.9,9.9,False,1,9.9,Card
ORC-20260630-1002,1,2026-06-30 20:50:51,Orchard Central,UND-M-04,Men's Cotton Crew Neck Undershirt,Underwear,Men,14.9,14.9,False,1,14.9,Card
PUN-20260630-0134,1,2026-06-30 20:30:16,Punggol,TOP-M-01,Men's Airism Cotton Crew Neck T-Shirt,Tops,MEN,14.9,14.9,False,1,14.9,PayNow
PUN-20260630-0334,1,2026-06-30 21:18:49,Punggol,SOK-W-04,Women's Ribbed Crew Socks,Socks,Women,5.9,5.9,False,1,5.9,NETS
BUG-20260630-0295,1,2026-06-30 18:49:50,Bugis,TOP-W-01,Women's Airism Cotton Crew Neck T-Shirt,Tops,Women,14.9,14.9,False,1,14.9,PayNow
ORC-20260630-0658,1,2026-06-30 21:24:39,Orchard Central,UND-M-04,Men's Cotton Crew Neck Undershirt,Underwear,Men,14.9,14.9,False,1,14.9,Cash
BUG-20260630-0276,3,2026-06-30 20:14:44,Bugis,SOK-W-03,Women's Airism Low-Cut Socks,Socks,Women,5.9,5.9,False,1,5.9,PayNow
PUN-20260630-0522,3,2026-06-30 20:52:30,Punggol,SOK-M-03,Men's Airism Low-Cut Socks,Socks,Men,5.9,5.9,False,1,5.9,Cash
BUG-20260630-0470,3,2026-06-30 18:03:22,bugis,SOK-W-02,Women's Pile Crew Socks,Socks,Women,5.9,5.9,False,1,5.9,card
PUN-20260630-0162,2,2026-06-30 17:02:28,Punggol,SOK-W-05,Women's Sport Ankle Socks,Socks,Women,4.27,5.9,True,1,4.27,Card
ORC-20260630-0667,2,2026-06-30 17:41:44,Orchard Central,SOK-M-05,Men's Sport Ankle Socks,Socks,MEN,4.36,5.9,True,1,4.36,Card
BUG-20260630-0371,3,2026-06-30 20:21:13,Bugis,UND-W-01,  Women's Airism Bikini Shorts  ,Underwear,Women,$9.9,9.9,False,1,9.9,Card
BUG-20260630-0094,2,2026-06-30 20:18:25,Bugis,UND-M-02,Men's Cotton Blend Trunks,Underwear,Men,14.9,14.9,False,1,14.9,Cash
BUG-20260630-0109,1,2026-06-30 16:32:36,Bugis,SOK-M-04,Men's Ribbed Crew Socks,socks,Men,5.9,5.9,False,1,5.9,Card
ORC-20260630-0394,1,2026-06-30 21:14:21,Orchard Central,BTM-W-02,Women's High-Rise Wide Leg Pants,Bottoms,Women,39.9,39.9,False,1,39.9,Card
ORC-20260630-0050,2,2026-06-30 11:00:41,Orchard Central,BTM-M-02,Men's Slim Fit Chino Trousers,Bottoms,Men,29.9,29.9,False,1,29.9,NETS
ORC-20260630-0234,3,2026-06-30 17:03:28,ORCHARD CENTRAL,SOK-M-04,Men's Ribbed Crew Socks,Socks,Men,5.9,5.9,False,1,5.9,PayNow
BUG-20260630-0562,1,2026-06-30 19:32:58,Bugis,SOK-M-01,Men's Ankle Socks 3-Pack,Socks,Men,14.9,14.9,False,1,14.9,Card
ORC-20260630-0554,3,2026-06-30 20:33:57,Orchard Central,UND-W-01,Women's Airism Bikini Shorts,Underwear,Women,$9.9,9.9,False,1,9.9,Card
BUG-20260630-0287,2,2026-06-30 20:08:47,Bugis,SOK-M-04,Men's Ribbed Crew Socks,Socks,Men,5.9,5.9,False,2,11.8,Card
PUN-20260630-0015,1,2026-06-30 14:22:33,Punggol,UND-W-04,Women's Airism T-Shirt Bra,Underwear,women,29.9,29.9,False,1,29.9,Card
ORC-20260630-0648,1,2026-06-30 17:17:34,Orchard Central,TOP-W-02,Women's Ribbed Long Sleeve Turtleneck,Tops,Women,19.9,19.9,False,1,19.9,Card
PUN-20260630-0269,1,2026-06-30 20:19:02,Punggol,SOK-W-02,Women's Pile Crew Socks,Socks,Women,5.9,5.9,False,1,5.9,NETS
BUG-20260630-0600,1,2026-06-30 16:18:23,  Bugis  ,BTM-M-01,Men's Ezy Ankle Pants,Bottoms,Men,29.9,29.9,False,1,29.9,PayNow
ORC-20260630-1089,2,2026-06-30 19:51:06,orchard central,SOK-M-03,Men's Airism Low-Cut Socks,Socks,MEN,5.9,5.9,False,1,5.9,PayNow
BUG-20260630-0926,3,2026-06-30 17:15:13,Bugis,TOP-W-04,Women's Heattech Crew Neck Long Sleeve Tee,Tops,Women,14.9,14.9,False,1,14.9,Cash
PUN-20260630-0153,2,2026-06-30 16:03:42,  Punggol  ,TOP-W-01,Women's Airism Cotton Crew Neck T-Shirt,Tops,Women,14.9,14.9,False,1,14.9,NETS
BUG-20260630-0057,1,2026-06-30 20:50:56,Bugis,SOK-W-06,Women's Heattech Socks,Socks,Women,9.9,9.9,False,2,19.8,Card
ORC-20260630-0890,1,2026-06-30 20:57:52,Orchard Central,BTM-M-04,Men's Dry Stretch Shorts,Bottoms,Men,19.9,19.9,False,1,19.9,Card
ORC-20260630-0995,3,2026-06-30 19:14:31,Orchard Central,TOP-W-01,Women's Airism Cotton Crew Neck T-Shirt,Tops,Women,14.9,14.9,False,1,14.9,Cash
ORC-20260630-0590,3,2026-06-30 18:40:00,Orchard Central,UND-W-01,Women's Airism Bikini Shorts,Underwear,Women,9.9,9.9,False,1,9.9,PayNow
ORC-20260630-0416,2,2026-06-30 20:35:28,Orchard Central,BTM-M-01,Men's Ezy Ankle Pants,Bottoms,men,29.9,29.9,False,1,29.9,Card
BUG-20260630-0374,1,2026-06-30 20:30:47,  Bugis  ,SOK-W-02,Women's Pile Crew Socks,Socks,women,5.9,5.9,False,2,11.8,Cash
BUG-20260630-0293,1,2026-06-30 15:19:03,Bugis,UND-M-04,Men's Cotton Crew Neck Undershirt,Underwear,Men,14.9,14.9,False,1,14.9,PayNow
BUG-20260630-0954,1,2026-06-30 17:33:39,Bugis,BTM-M-02,Men's Slim Fit Chino Trousers,Bottoms,MEN,29.9,29.9,False,1,29.9,paynow
BUG-20260630-0702,1,2026-06-30 14:04:32,Bugis,SOK-M-03,Men's Airism Low-Cut Socks,Socks,Men,5.9,5.9,False,1,5.9,Card
PUN-20260630-0254,2,2026-06-30 14:10:47,  Punggol  ,UND-M-03,  Men's Airism Mesh Boxer Briefs  ,Underwear,men,14.9,14.9,False,1,14.9,CARD
BUG-20260630-0383,2,2026-06-30 21:46:31,Bugis,BTM-W-07,Women's Linen Blend Wide Pants,BOTTOMS,Women,39.9,39.9,False,1,39.9,paynow
ORC-20260630-0210,2,2026-06-30 18:18:26,Orchard Central,TOP-M-03,Men's Dry-EX Crew Neck T-Shirt,Tops,Men,$19.9,19.9,False,1,19.9,Card
BUG-20260630-0927,1,2026-06-30 21:55:30,Bugis,TOP-M-01,Men's Airism Cotton Crew Neck T-Shirt,Tops,Men,14.9,14.9,False,1,14.9,cash
ORC-20260630-0802,2,2026-06-30 21:06:31,ORCHARD CENTRAL,UND-W-01,Women's Airism Bikini Shorts,underwear,Women,9.9,9.9,False,1,9.9,card
BUG-20260630-0500,1,2026-06-30 14:52:37,Bugis,SOK-M-09,  Men's No-Show Sneaker Socks  ,Socks,Men,4.17,5.9,True,1,4.17,PayNow
ORC-20260630-0578,1,2026-06-30 15:08:09,Orchard Central,UND-W-04,Women's Airism T-Shirt Bra,Underwear,Women,29.9,29.9,False,2,59.8,Card
PUN-20260630-0073,1,2026-06-30 20:49:48,Punggol,UND-W-04,Women's Airism T-Shirt Bra,Underwear,WOMEN,29.9,29.9,False,1,29.9,Card
PUN-20260630-0097,1,2026-06-30 19:35:22,Punggol,TOP-W-01,Women's Airism Cotton Crew Neck T-Shirt,Tops,Women,14.9,14.9,False,1,$14.9,Card
ORC-20260630-0414,1,2026-06-30 15:48:47,Orchard Central,SOK-M-03,Men's Airism Low-Cut Socks,Socks,MEN,5.9,5.9,False,2,11.8,CARD
ORC-20260630-1072,3,2026-06-30 17:06:31,Orchard Central,TOP-W-02,Women's Ribbed Long Sleeve Turtleneck,Tops,Women,19.9,19.9,False,1,19.9,PayNow
BUG-20260630-0019,2,2026-06-30 21:25:14,Bugis,SOK-W-09,Women's No-Show Sneaker Socks,Socks,Women,5.9,5.9,False,1,5.9,Cash
ORC-20260630-0547,3,2026-06-30 13:28:20,Orchard Central,UND-M-04,Men's Cotton Crew Neck Undershirt,Underwear,Men,14.9,14.9,False,1,14.9,PayNow
PUN-20260630-0609,1,2026-06-30 14:11:30,Punggol,UND-M-02,Men's Cotton Blend Trunks,Underwear,Men,14.9,14.9,False,1,14.9,
BUG-20260630-0735,1,2026-06-30 21:13:39,bugis,SOK-M-04,Men's Ribbed Crew Socks,Socks,Men,5.9,5.9,False,1,5.9,Card
PUN-20260630-0560,2,2026-06-30 18:36:10,Punggol,SOK-W-02,Women's Pile Crew Socks,Socks,Women,5.9,5.9,False,1,5.9,PayNow
PUN-20260630-0614,2,2026-06-30 20:47:43,Punggol,UND-M-02,Men's Cotton Blend Trunks,Underwear,men,14.9,14.9,False,2,29.8,Card
BUG-20260630-0130,1,2026-06-30 21:08:29,Bugis,SOK-M-03,Men's Airism Low-Cut Socks,Socks,Men,5.9,5.9,False,1,5.9,Card
BUG-20260630-0213,1,2026-06-30 15:33:25,Bugis,SOK-W-07,Women's Striped Crew Socks,socks,women,5.9,5.9,False,1,5.9,Card
BUG-20260630-0088,1,2026-06-30 19:49:58,Bugis,SOK-W-02,Women's Pile Crew Socks,Socks,Women,5.9,5.9,False,2,$11.8,PayNow
BUG-20260630-0643,2,2026-06-30 17:55:26,Bugis,TOP-W-07,Women's Fleece Pullover Hoodie,Tops,Women,29.9,29.9,False,1,29.9,card
PUN-20260630-0231,1,2026-06-30 14:24:38,  Punggol  ,SOK-M-06,Men's Heattech Socks,Socks,Men,9.9,9.9,False,2,19.8,NETS
BUG-20260630-0124,2,2026-06-30 20:27:06,Bugis,SOK-M-04,Men's Ribbed Crew Socks,Socks,Men,5.9,5.9,False,1,5.9,paynow
PUN-20260630-0046,2,2026-06-30 15:38:42,Punggol,SOK-W-02,Women's Pile Crew Socks,Socks,Women,5.9,5.9,False,2,11.8,PayNow
PUN-20260630-0177,1,2026-06-30 13:18:30,Punggol,TOP-W-04,Women's Heattech Crew Neck Long Sleeve Tee,Tops,WOMEN,14.9,14.9,False,1,14.9,Card
ORC-20260630-0245,2,2026-06-30 21:26:37,orchard central,UND-M-03,Men's Airism Mesh Boxer Briefs,Underwear,Men,$14.9,14.9,False,1,14.9,Card
ORC-20260630-0914,1,2026-06-30 14:00:36,Orchard Central,BTM-W-01,Women's Ultra Stretch Skinny Jeans,Bottoms,Women,39.9,39.9,False,1,39.9,Card
PUN-20260630-0238,2,2026-06-30 19:04:25,Punggol,UND-M-02,Men's Cotton Blend Trunks,Underwear,Men,$14.9,14.9,False,1,14.9,Card
ORC-20260630-0642,3,2026-06-30 19:26:02,Orchard Central,UND-M-02,Men's Cotton Blend Trunks,Underwear,Men,$14.9,14.9,False,1,14.9,Card
BUG-20260630-0289,2,2026-06-30 22:43:46,Bugis,SOK-M-04,Men's Ribbed Crew Socks,Socks,Men,5.9,5.9,False,1,5.9,PayNow
PUN-20260630-0263,2,2026-06-30 20:05:43,PUNGGOL,SOK-M-02,Men's Pile Crew Socks,Socks,Men,5.9,5.9,False,1,5.9,PayNow
BUG-20260630-0860,1,2026-06-30 18:27:51,Bugis,TOP-W-04,Women's Heattech Crew Neck Long Sleeve Tee,Tops,Women,14.9,14.9,False,1,14.9,Cash
BUG-20260630-0010,1,2026-06-30 17:35:18,Bugis,SOK-W-04,Women's Ribbed Crew Socks,Socks,Women,5.9,5.9,False,1,5.9,CASH
ORC-20260630-0651,1,2026-06-30 22:20:42,orchard central,BTM-W-04,Women's Denim Straight Jeans,Bottoms,Women,49.9,49.9,False,1,49.9,Card
PUN-20260630-0104,1,2026-06-30 20:29:01,Punggol,TOP-W-01,Women's Airism Cotton Crew Neck T-Shirt,tops,Women,14.9,14.9,False,1,14.9,PayNow
PUN-20260630-0127,1,2026-06-30 15:26:12,Punggol,SOK-M-03,Men's Airism Low-Cut Socks,socks,Men,5.9,5.9,False,1,5.9,CARD
ORC-20260630-0184,2,2026-06-30 21:42:55,Orchard Central,SOK-W-02,Women's Pile Crew Socks,Socks,Women,5.9,5.9,False,1,5.9,NETS
PUN-20260630-0165,1,2026-06-30 21:26:04,Punggol,TOP-M-01,Men's Airism Cotton Crew Neck T-Shirt,Tops,Men,14.9,14.9,False,1,14.9,PayNow
ORC-20260630-0464,1,2026-06-30 18:10:48,Orchard Central,BTM-W-03,Women's Ezy Ankle Pants,Bottoms,Women,29.9,29.9,False,1,29.9,PayNow
ORC-20260630-0027,2,2026-06-30 19:00:43,Orchard Central,SOK-W-04,Women's Ribbed Crew Socks,Socks,Women,5.9,5.9,False,1,5.9,nets
PUN-20260630-0085,1,2026-06-30 11:22:51,Punggol,SOK-M-02,Men's Pile Crew Socks,Socks,Men,5.9,5.9,False,1,5.9,paynow
ORC-20260630-0232,1,2026-06-30 20:18:38,Orchard Central,UND-W-03,Women's Cotton Blend Briefs,Underwear,Women,9.9,9.9,False,1,9.9,PayNow
BUG-20260630-0283,2,2026-06-30 12:57:21,Bugis,TOP-M-01,Men's Airism Cotton Crew Neck T-Shirt,Tops,Men,14.9,14.9,False,1,14.9,NETS
BUG-20260630-0940,1,2026-06-30 18:22:38,  Bugis  ,UND-W-03,Women's Cotton Blend Briefs,Underwear,women,9.9,9.9,False,2,19.8,NETS
PUN-20260630-0406,1,2026-06-30 13:31:30,Punggol,UND-M-02,Men's Cotton Blend Trunks,Underwear,Men,14.9,14.9,False,1,14.9,PayNow
PUN-20260630-0557,1,2026-06-30 13:26:23,Punggol,SOK-M-02,Men's Pile Crew Socks,Socks,Men,5.9,5.9,False,1,5.9,Card
ORC-20260630-1042,2,2026-06-30 20:32:49,orchard central,SOK-M-02,Men's Pile Crew Socks,Socks,Men,5.9,5.9,False,2,11.8,Cash
BUG-20260630-0597,1,2026-06-30 19:43:27,Bugis,SOK-M-09,Men's No-Show Sneaker Socks,Socks,Men,4.17,5.9,True,2,8.34,Card
BUG-20260630-0076,1,2026-06-30 22:47:29,Bugis,UND-M-08,Men's Airism V-Neck Undershirt,Underwear,Men,9.9,9.9,False,1,9.9,Card
PUN-20260630-0173,1,2026-06-30 22:04:54,  Punggol  ,SOK-W-06,Women's Heattech Socks,Socks,WOMEN,9.9,9.9,False,2,19.8,Card
ORC-20260630-0893,1,2026-06-30 20:52:34,orchard central,BTM-W-02,Women's High-Rise Wide Leg Pants,Bottoms,Women,39.9,39.9,False,1,39.9,Cash
ORC-20260630-0361,1,2026-06-30 21:43:21,Orchard Central,SOK-M-04,Men's Ribbed Crew Socks,Socks,Men,5.9,5.9,False,1,5.9,Card
BUG-20260630-0693,1,2026-06-30 20:13:17,Bugis,UND-W-01,  Women's Airism Bikini Shorts  ,Underwear,Women,9.9,9.9,False,1,9.9,Cash
PUN-20260630-0294,2,2026-06-30 19:40:36,  Punggol  ,SOK-W-04,Women's Ribbed Crew Socks,Socks,Women,5.9,5.9,False,2,11.8,NETS
PUN-20260630-0417,2,2026-06-30 16:35:12,Punggol,UND-M-03,Men's Airism Mesh Boxer Briefs,underwear,Men,14.9,14.9,False,1,14.9,Card
ORC-20260630-0854,1,2026-06-30 15:40:41,  orchard central  ,UND-W-03,Women's Cotton Blend Briefs,Underwear,Women,9.9,9.9,False,1,9.9,Card
ORC-20260630-0337,2,2026-06-30 20:09:48,Orchard Central,UND-M-02,Men's Cotton Blend Trunks,Underwear,Men,14.9,14.9,False,1,14.9,Nets
ORC-20260630-0276,2,2026-06-30 19:26:32,  Orchard Central  ,UND-W-03,Women's Cotton Blend Briefs,Underwear,Women,9.9,9.9,False,1,9.9,PayNow
PUN-20260630-0255,1,2026-06-30 17:06:39,punggol,TOP-W-04,Women's Heattech Crew Neck Long Sleeve Tee,Tops,Women,14.9,14.9,False,1,$14.9,PayNow
ORC-20260630-0910,2,2026-06-30 20:46:23,Orchard Central,UND-M-04,Men's Cotton Crew Neck Undershirt,UNDERWEAR,Men,14.9,14.9,False,1,14.9,Cash
BUG-20260630-0623,2,2026-06-30 21:37:52,Bugis,SOK-M-01,  Men's Ankle Socks 3-Pack  ,socks,Men,14.9,14.9,False,1,14.9,Card
BUG-20260630-0235,1,2026-06-30 12:19:36,Bugis,SOK-W-04,Women's Ribbed Crew Socks,Socks,Women,5.9,5.9,False,1,5.9,Card
ORC-20260630-0112,1,2026-06-30 20:00:47,Orchard Central,SOK-W-02,  Women's Pile Crew Socks  ,Socks,Women,5.9,5.9,False,1,5.9,Cash
ORC-20260630-0888,2,2026-06-30 16:14:55,Orchard Central,BTM-W-01,Women's Ultra Stretch Skinny Jeans,Bottoms,Women,39.9,39.9,False,1,39.9,Card
BUG-20260630-0924,2,2026-06-30 14:34:02,Bugis,SOK-M-02,Men's Pile Crew Socks,SOCKS,Men,5.9,5.9,False,1,5.9,Card
PUN-20260630-0475,2,2026-06-30 19:44:18,  Punggol  ,UND-M-03,Men's Airism Mesh Boxer Briefs,Underwear,Men,14.9,14.9,False,1,14.9,PayNow
BUG-20260630-0857,3,2026-06-30 14:37:27,Bugis,SOK-W-09,Women's No-Show Sneaker Socks,socks,Women,5.9,5.9,False,1,5.9,PayNow
ORC-20260630-0514,3,2026-06-30 19:45:19,Orchard Central,TOP-M-02,Men's Supima Cotton Polo Shirt,Tops,Men,29.9,29.9,False,1,29.9,NETS
ORC-20260630-0635,2,2026-06-30 15:43:31,Orchard Central,TOP-M-01,  Men's Airism Cotton Crew Neck T-Shirt  ,TOPS,Men,14.9,14.9,False,1,14.9,Card
BUG-20260630-0705,1,2026-06-30 14:46:50,Bugis,TOP-W-01,Women's Airism Cotton Crew Neck T-Shirt,Tops,Women,14.9,14.9,False,1,$14.9,Cash
BUG-20260630-0377,1,2026-06-30 15:11:19,Bugis,TOP-W-04,Women's Heattech Crew Neck Long Sleeve Tee,Tops,WOMEN,14.9,14.9,False,1,14.9,Card
ORC-20260630-1036,1,2026-06-30 21:09:03,Orchard Central,SOK-M-03,Men's Airism Low-Cut Socks,Socks,Men,5.9,5.9,False,1,5.9,Cash
BUG-20260630-0395,1,2026-06-30 21:24:46,Bugis,TOP-W-02,Women's Ribbed Long Sleeve Turtleneck,Tops,women,$19.9,19.9,False,1,19.9,Cash
ORC-20260630-0119,1,2026-06-30 20:49:03,ORCHARD CENTRAL,SOK-W-02,Women's Pile Crew Socks,Socks,Women,5.9,5.9,False,1,$5.9,Card
ORC-20260630-0820,1,2026-06-30 18:25:46,Orchard Central,BTM-W-04,Women's Denim Straight Jeans,BOTTOMS,Women,49.9,49.9,False,1,49.9,Card
ORC-20260630-0233,1,2026-06-30 17:59:31,Orchard Central,UND-M-03,Men's Airism Mesh Boxer Briefs,Underwear,Men,14.9,14.9,False,2,29.8,Cash
BUG-20260630-0686,2,2026-06-30 22:18:32,Bugis,TOP-M-03,Men's Dry-EX Crew Neck T-Shirt,Tops,men,19.9,19.9,False,1,19.9,CASH
PUN-20260630-0204,3,2026-06-30 21:31:36,PUNGGOL,UND-W-03,Women's Cotton Blend Briefs,Underwear,Women,9.9,9.9,False,1,9.9,Card
ORC-20260630-0463,2,2026-06-30 21:12:37,Orchard Central,BTM-W-10,Women's High Waist Denim Shorts,Bottoms,Women,29.9,29.9,False,1,29.9,Nets
ORC-20260630-0879,1,2026-06-30 18:22:23,Orchard Central,UND-M-04,Men's Cotton Crew Neck Undershirt,UNDERWEAR,Men,14.9,14.9,False,2,29.8,Card
ORC-20260630-0720,1,2026-06-30 21:58:00,Orchard Central,SOK-M-03,Men's Airism Low-Cut Socks,Socks,Men,5.9,5.9,False,1,5.9,Card
BUG-20260630-0834,2,2026-06-30 18:24:46,Bugis,SOK-M-03,Men's Airism Low-Cut Socks,Socks,Men,5.9,5.9,False,1,5.9,PayNow
BUG-20260630-0388,2,2026-06-30 19:18:21,BUGIS,BTM-M-01,Men's Ezy Ankle Pants,Bottoms,Men,29.9,29.9,False,1,29.9,NETS
ORC-20260630-0512,1,2026-06-30 12:17:18,Orchard Central,TOP-M-02,Men's Supima Cotton Polo Shirt,Tops,Men,29.9,29.9,False,1,29.9,NETS
PUN-20260630-0384,1,2026-06-30 11:10:59,Punggol,TOP-W-04,Women's Heattech Crew Neck Long Sleeve Tee,Tops,Women,14.9,14.9,False,1,14.9,NETS
ORC-20260630-0338,1,2026-06-30 21:23:26,Orchard Central,BTM-M-02,Men's Slim Fit Chino Trousers,Bottoms,Men,29.9,29.9,False,1,29.9,PayNow
BUG-20260630-0045,1,2026-06-30 22:07:32,Bugis,SOK-W-01,  Women's Ankle Socks 3-Pack  ,Socks,Women,14.9,14.9,False,1,14.9,CARD
PUN-20260630-0591,3,2026-06-30 13:27:44,Punggol,BTM-M-04,Men's Dry Stretch Shorts,Bottoms,Men,19.9,19.9,False,1,19.9,NETS
PUN-20260630-0133,1,2026-06-30 13:03:38,Punggol,TOP-W-01,Women's Airism Cotton Crew Neck T-Shirt,Tops,Women,14.9,14.9,False,1,14.9,Cash
PUN-20260630-0623,1,2026-06-30 22:34:29,Punggol,TOP-W-02,Women's Ribbed Long Sleeve Turtleneck,Tops,Women,$19.9,19.9,False,1,19.9,Card
BUG-20260630-0632,2,2026-06-30 22:35:57,Bugis,UND-W-03,Women's Cotton Blend Briefs,Underwear,Women,9.9,9.9,False,1,9.9,Card
PUN-20260630-0338,2,2026-06-30 14:49:09,Punggol,SOK-W-01,Women's Ankle Socks 3-Pack,socks,Women,14.9,14.9,False,1,14.9,Card
ORC-20260630-0587,1,2026-06-30 15:01:11,Orchard Central,TOP-M-03,Men's Dry-EX Crew Neck T-Shirt,Tops,MEN,19.9,19.9,False,1,19.9,PayNow
ORC-20260630-0967,1,2026-06-30 13:17:33,Orchard Central,TOP-M-04,Men's Oxford Long Sleeve Shirt,Tops,Men,29.9,29.9,False,1,29.9,Card
ORC-20260630-1044,1,2026-06-30 20:32:07,Orchard Central,SOK-W-02,Women's Pile Crew Socks,Socks,Women,5.9,5.9,False,1,5.9,PayNow
ORC-20260630-0765,2,2026-06-30 14:40:28,Orchard Central,SOK-W-04,Women's Ribbed Crew Socks,Socks,Women,5.9,5.9,False,2,11.8,Card
PUN-20260630-0416,1,2026-06-30 21:06:28,Punggol,SOK-M-03,Men's Airism Low-Cut Socks,Socks,Men,5.9,5.9,False,2,11.8,Card
ORC-20260630-0217,3,2026-06-30 12:17:18,Orchard Central,TOP-M-02,Men's Supima Cotton Polo Shirt,TOPS,Men,29.9,29.9,False,1,29.9,Card
ORC-20260630-1001,1,2026-06-30 20:40:58,Orchard Central,SOK-M-04,Men's Ribbed Crew Socks,SOCKS,Men,5.9,5.9,False,1,5.9,PayNow
ORC-20260630-0037,3,2026-06-30 21:00:42,Orchard Central,SOK-M-05,Men's Sport Ankle Socks,Socks,Men,4.36,5.9,True,1,4.36,Cash
BUG-20260630-0086,1,2026-06-30 13:05:55,  Bugis  ,BTM-M-01,Men's Ezy Ankle Pants,Bottoms,MEN,29.9,29.9,False,1,29.9,Card
ORC-20260630-0005,1,2026-06-30 12:49:07,Orchard Central,SOK-M-03,Men's Airism Low-Cut Socks,Socks,Men,5.9,5.9,False,1,5.9,Card
PUN-20260630-0572,2,2026-06-30 20:41:59,Punggol,UND-W-01,Women's Airism Bikini Shorts,Underwear,Women,9.9,9.9,False,1,9.9,Card
BUG-20260630-0206,1,2026-06-30 19:04:11,Bugis,SOK-W-03,  Women's Airism Low-Cut Socks  ,Socks,WOMEN,5.9,5.9,False,1,5.9,Card
PUN-20260630-0604,3,2026-06-30 18:37:28,Punggol,BTM-W-02,Women's High-Rise Wide Leg Pants,Bottoms,Women,39.9,39.9,False,1,39.9,Cash
ORC-20260630-0332,3,2026-06-30 20:04:19,Orchard Central,SOK-W-02,Women's Pile Crew Socks,Socks,Women,5.9,5.9,False,1,5.9,nets
PUN-20260630-0450,2,2026-06-30 16:35:03,Punggol,SOK-W-02,Women's Pile Crew Socks,Socks,Women,5.9,5.9,False,1,5.9,NETS
ORC-20260630-0103,1,2026-06-30 20:44:40,Orchard Central,TOP-W-01,  Women's Airism Cotton Crew Neck T-Shirt  ,Tops,Women,$14.9,14.9,False,1,14.9,Cash
ORC-20260630-0417,2,2026-06-30 20:29:06,Orchard Central,BTM-M-02,Men's Slim Fit Chino Trousers,Bottoms,Men,29.9,29.9,False,1,29.9,Card
ORC-20260630-0844,1,2026-06-30 16:43:08,Orchard Central,SOK-M-05,Men's Sport Ankle Socks,Socks,Men,4.36,5.9,True,1,4.36,PayNow
BUG-20260630-0241,1,2026-06-30 20:09:46,Bugis,UND-W-02,Women's Wireless Bra,Underwear,Women,29.9,29.9,False,1,29.9,NETS
BUG-20260630-0422,2,2026-06-30 20:43:05,bugis,SOK-M-09,Men's No-Show Sneaker Socks,Socks,Men,4.17,5.9,True,1,4.17,PayNow
BUG-20260630-0233,2,2026-06-30 21:11:20,Bugis,SOK-W-02,Women's Pile Crew Socks,Socks,Women,5.9,5.9,False,1,5.9,Cash
BUG-20260630-0272,1,2026-06-30 17:32:22,Bugis,SOK-M-02,Men's Pile Crew Socks,Socks,Men,$5.9,5.9,False,2,11.8,PayNow
PUN-20260630-0588,1,2026-06-30 17:00:51,Punggol,UND-W-09,Women's Cotton Boyshorts,Underwear,Women,9.9,9.9,False,1,9.9,Card
BUG-20260630-0014,2,2026-06-30 11:11:13,Bugis,SOK-M-01,Men's Ankle Socks 3-Pack,Socks,Men,14.9,14.9,False,1,14.9,Cash
BUG-20260630-0038,2,2026-06-30 13:03:53,Bugis,SOK-M-04,Men's Ribbed Crew Socks,socks,Men,$5.9,5.9,False,1,5.9,PayNow
BUG-20260630-0958,3,2026-06-30 20:59:47,Bugis,SOK-W-04,  Women's Ribbed Crew Socks  ,socks,Women,5.9,5.9,False,1,5.9,NETS
BUG-20260630-0093,3,2026-06-30 17:54:03,  Bugis  ,BTM-M-04,Men's Dry Stretch Shorts,Bottoms,Men,19.9,19.9,False,1,19.9,Card
ORC-20260630-0136,1,2026-06-30 21:04:45,Orchard Central,TOP-W-03,Women's Silky Satin Blouse,Tops,Women,39.9,39.9,False,1,39.9,Card
BUG-20260630-0299,3,2026-06-30 20:53:25,Bugis,BTM-W-03,Women's Ezy Ankle Pants,Bottoms,Women,29.9,29.9,False,1,29.9,PayNow
BUG-20260630-0622,1,2026-06-30 20:16:51,bugis,SOK-W-02,  Women's Pile Crew Socks  ,Socks,Women,5.9,5.9,False,1,5.9,NETS
BUG-20260630-0731,1,2026-06-30 11:30:40,Bugis,SOK-W-02,Women's Pile Crew Socks,Socks,Women,5.9,5.9,False,1,5.9,Card
ORC-20260630-0962,2,2026-06-30 11:31:14,Orchard Central,SOK-W-02,Women's Pile Crew Socks,Socks,Women,5.9,5.9,False,1,5.9,Card
BUG-20260630-0683,1,2026-06-30 22:34:49,Bugis,SOK-M-02,Men's Pile Crew Socks,Socks,Men,5.9,5.9,False,1,5.9,Card
ORC-20260630-0692,1,2026-06-30 15:52:30,Orchard Central,BTM-W-03,Women's Ezy Ankle Pants,Bottoms,Women,29.9,29.9,False,1,29.9,Nets
BUG-20260630-0436,1,2026-06-30 14:32:39,Bugis,UND-W-01,Women's Airism Bikini Shorts,Underwear,Women,9.9,9.9,False,1,9.9,Card
ORC-20260630-0338,2,2026-06-30 21:23:26,Orchard Central,BTM-M-01,Men's Ezy Ankle Pants,Bottoms,Men,29.9,29.9,False,1,29.9,PayNow
ORC-20260630-0042,2,2026-06-30 19:59:56,Orchard Central,TOP-W-04,Women's Heattech Crew Neck Long Sleeve Tee,Tops,Women,14.9,14.9,False,1,14.9,
ORC-20260630-0089,2,2026-06-30 18:02:33,  Orchard Central  ,BTM-M-04,Men's Dry Stretch Shorts,Bottoms,Men,19.9,19.9,False,1,19.9,Card
ORC-20260630-0306,1,2026-06-30 20:57:54,Orchard Central,BTM-M-02,Men's Slim Fit Chino Trousers,Bottoms,men,29.9,29.9,False,1,29.9,PayNow
BUG-20260630-0903,2,2026-06-30 20:22:15,Bugis,SOK-W-02,Women's Pile Crew Socks,Socks,Women,5.9,5.9,False,2,11.8,Card
ORC-20260630-0958,1,2026-06-30 20:44:16,ORCHARD CENTRAL,TOP-W-01,Women's Airism Cotton Crew Neck T-Shirt,Tops,Women,14.9,14.9,False,1,14.9,Cash
PUN-20260630-0039,3,2026-06-30 15:38:17,punggol,SOK-M-04,Men's Ribbed Crew Socks,Socks,Men,5.9,5.9,False,1,5.9,Card
BUG-20260630-0627,1,2026-06-30 20:34:51,bugis,SOK-M-03,Men's Airism Low-Cut Socks,Socks,Men,5.9,5.9,False,1,5.9,PayNow
ORC-20260630-0211,3,2026-06-30 20:28:16,Orchard Central,TOP-M-04,Men's Oxford Long Sleeve Shirt,Tops,Men,29.9,29.9,False,1,29.9,Card
BUG-20260630-0278,3,2026-06-30 19:52:29,Bugis,SOK-M-03,Men's Airism Low-Cut Socks,Socks,Men,5.9,5.9,False,1,5.9,Card
PUN-20260630-0353,1,2026-06-30 20:45:26,Punggol,SOK-M-03,Men's Airism Low-Cut Socks,Socks,Men,5.9,5.9,False,1,5.9,Card
ORC-20260630-0319,1,2026-06-30 19:33:26,  ORCHARD CENTRAL  ,UND-W-04,Women's Airism T-Shirt Bra,Underwear,Women,29.9,29.9,False,2,59.8,Card
ORC-20260630-1041,2,2026-06-30 19:54:18,Orchard Central,BTM-M-04,Men's Dry Stretch Shorts,Bottoms,Men,19.9,19.9,False,1,19.9,card
ORC-20260630-0928,3,2026-06-30 20:57:58,Orchard Central,TOP-M-03,Men's Dry-EX Crew Neck T-Shirt,Tops,MEN,19.9,19.9,False,1,19.9,Card
PUN-20260630-0197,2,2026-06-30 20:48:28,Punggol,SOK-W-02,Women's Pile Crew Socks,Socks,Women,5.9,5.9,False,1,5.9,PayNow
PUN-20260630-0244,1,2026-06-30 17:00:39,punggol,SOK-M-04,Men's Ribbed Crew Socks,Socks,Men,5.9,5.9,False,1,5.9,
ORC-20260630-0084,1,2026-06-30 19:21:19,Orchard Central,SOK-W-02,Women's Pile Crew Socks,Socks,WOMEN,5.9,5.9,False,1,5.9,Nets
BUG-20260630-0099,1,2026-06-30 18:00:50,Bugis,SOK-W-06,Women's Heattech Socks,Socks,Women,9.9,9.9,False,1,9.9,PayNow
PUN-20260630-0394,1,2026-06-30 18:23:09,punggol,SOK-M-01,Men's Ankle Socks 3-Pack,Socks,Men,14.9,14.9,False,1,14.9,Paynow
PUN-20260630-0045,1,2026-06-30 18:15:09,Punggol,UND-W-04,Women's Airism T-Shirt Bra,Underwear,Women,29.9,29.9,False,1,29.9,NETS
BUG-20260630-0822,1,2026-06-30 13:01:01,Bugis,SOK-W-03,Women's Airism Low-Cut Socks,Socks,Women,5.9,5.9,False,1,5.9,Card
ORC-20260630-0089,3,2026-06-30 18:02:33,  orchard central  ,SOK-W-02,Women's Pile Crew Socks,Socks,Women,5.9,5.9,False,1,5.9,Card
ORC-20260630-0350,2,2026-06-30 12:53:40,Orchard Central,TOP-W-02,Women's Ribbed Long Sleeve Turtleneck,Tops,Women,19.9,19.9,False,1,19.9,Card
ORC-20260630-0441,1,2026-06-30 14:41:27,ORCHARD CENTRAL,SOK-W-04,Women's Ribbed Crew Socks,Socks,Women,5.9,5.9,False,1,5.9,Card
BUG-20260630-0915,1,2026-06-30 17:59:46,Bugis,UND-M-02,Men's Cotton Blend Trunks,Underwear,Men,14.9,14.9,False,1,14.9,Card
PUN-20260630-0300,1,2026-06-30 21:29:46,Punggol,UND-M-02,Men's Cotton Blend Trunks,UNDERWEAR,Men,14.9,14.9,False,1,14.9,card
PUN-20260630-0408,3,2026-06-30 19:18:21,Punggol,TOP-W-01,Women's Airism Cotton Crew Neck T-Shirt,Tops,Women,14.9,14.9,False,1,14.9,Card
BUG-20260630-0691,1,2026-06-30 17:28:39,Bugis,SOK-W-07,Women's Striped Crew Socks,Socks,Women,5.9,5.9,False,1,5.9,NETS
ORC-20260630-1015,2,2026-06-30 17:51:06,Orchard Central,SOK-W-02,Women's Pile Crew Socks,Socks,Women,5.9,5.9,False,1,5.9,card
PUN-20260630-0063,3,2026-06-30 17:20:11,Punggol,TOP-M-03,Men's Dry-EX Crew Neck T-Shirt,TOPS,Men,19.9,19.9,False,1,19.9,Card
ORC-20260630-0047,1,2026-06-30 20:29:39,Orchard Central,SOK-M-05,Men's Sport Ankle Socks,Socks,Men,4.36,5.9,True,1,4.36,Card
BUG-20260630-0913,1,2026-06-30 21:48:53,Bugis,UND-M-02,Men's Cotton Blend Trunks,Underwear,Men,14.9,14.9,False,1,14.9,PayNow
BUG-20260630-0331,1,2026-06-30 20:11:46,Bugis,BTM-M-01,Men's Ezy Ankle Pants,Bottoms,Men,29.9,29.9,False,1,29.9,Card
BUG-20260630-0275,2,2026-06-30 15:52:03,Bugis,SOK-W-07,Women's Striped Crew Socks,Socks,Women,5.9,5.9,False,1,5.9,Cash
ORC-20260630-0604,3,2026-06-30 17:06:16,Orchard Central,TOP-W-04,Women's Heattech Crew Neck Long Sleeve Tee,Tops,Women,14.9,14.9,False,1,14.9,Card
ORC-20260630-0276,1,2026-06-30 19:26:32,Orchard Central,SOK-W-04,Women's Ribbed Crew Socks,Socks,Women,5.9,5.9,False,1,$5.9,PayNow
BUG-20260630-0423,1,2026-06-30 13:41:23,Bugis,UND-W-03,Women's Cotton Blend Briefs,Underwear,Women,9.9,9.9,False,1,9.9,Card
BUG-20260630-0905,2,2026-06-30 20:16:52,Bugis,TOP-W-03,Women's Silky Satin Blouse,Tops,women,39.9,39.9,False,1,39.9,Card
BUG-20260630-0932,3,2026-06-30 22:26:50,Bugis,SOK-W-02,  Women's Pile Crew Socks  ,Socks,women,5.9,5.9,False,1,5.9,Cash
PUN-20260630-0258,1,2026-06-30 17:46:43,Punggol,SOK-M-04,Men's Ribbed Crew Socks,Socks,Men,5.9,5.9,False,1,5.9,nets
PUN-20260630-0017,1,2026-06-30 22:11:33,Punggol,TOP-M-01,Men's Airism Cotton Crew Neck T-Shirt,tops,men,14.9,14.9,False,1,14.9,PayNow
PUN-20260630-0390,1,2026-06-30 19:44:42,Punggol,UND-M-04,Men's Cotton Crew Neck Undershirt,Underwear,Men,14.9,14.9,False,1,14.9,PayNow
BUG-20260630-0310,2,2026-06-30 18:06:40,BUGIS,SOK-M-03,Men's Airism Low-Cut Socks,Socks,Men,5.9,5.9,False,1,5.9,PayNow
PUN-20260630-0119,1,2026-06-30 20:56:41,PUNGGOL,UND-M-10,Men's Cotton Blend Briefs,Underwear,Men,9.9,9.9,False,1,9.9,
ORC-20260630-0780,1,2026-06-30 16:24:20,Orchard Central,BTM-W-04,Women's Denim Straight Jeans,Bottoms,Women,49.9,49.9,False,1,$49.9,Card
BUG-20260630-0382,2,2026-06-30 12:40:35,BUGIS,SOK-M-10,Men's Wool Blend Socks,Socks,Men,9.9,9.9,False,1,9.9,PayNow
PUN-20260630-0022,1,2026-06-30 14:34:56,  Punggol  ,TOP-M-03,  Men's Dry-EX Crew Neck T-Shirt  ,TOPS,Men,19.9,19.9,False,1,19.9,PayNow
ORC-20260630-0365,2,2026-06-30 19:40:35,Orchard Central,SOK-W-02,Women's Pile Crew Socks,Socks,Women,5.9,5.9,False,1,5.9,PayNow
BUG-20260630-0299,2,2026-06-30 20:53:25,Bugis,UND-W-03,Women's Cotton Blend Briefs,Underwear,Women,9.9,9.9,False,2,19.8,PayNow
PUN-20260630-0121,1,2026-06-30 19:52:40,Punggol,SOK-M-06,Men's Heattech Socks,Socks,Men,9.9,9.9,False,1,9.9,PayNow
PUN-20260630-0019,1,2026-06-30 14:18:49,  Punggol  ,TOP-M-01,Men's Airism Cotton Crew Neck T-Shirt,Tops,Men,14.9,14.9,False,1,14.9,PayNow
ORC-20260630-0553,1,2026-06-30 18:48:15,Orchard Central,SOK-M-02,Men's Pile Crew Socks,SOCKS,Men,5.9,5.9,False,2,11.8,Card
BUG-20260630-0891,2,2026-06-30 20:53:54,Bugis,SOK-W-02,Women's Pile Crew Socks,Socks,WOMEN,5.9,5.9,False,1,5.9,NETS
PUN-20260630-0620,1,2026-06-30 18:00:44,Punggol,SOK-W-02,Women's Pile Crew Socks,Socks,Women,5.9,5.9,False,1,5.9,Card
PUN-20260630-0263,3,2026-06-30 20:05:43,Punggol,SOK-W-03,Women's Airism Low-Cut Socks,Socks,Women,5.9,5.9,False,1,5.9,PayNow
ORC-20260630-0346,2,2026-06-30 19:07:03,orchard central,SOK-M-01,Men's Ankle Socks 3-Pack,Socks,Men,14.9,14.9,False,1,14.9,NETS
ORC-20260630-0583,2,2026-06-30 18:16:16,Orchard Central,TOP-W-07,Women's Fleece Pullover Hoodie,Tops,Women,29.9,29.9,False,1,29.9,Card
ORC-20260630-0589,1,2026-06-30 21:44:28,Orchard Central,SOK-M-04,Men's Ribbed Crew Socks,Socks,MEN,5.9,5.9,False,1,5.9,NETS
ORC-20260630-0867,2,2026-06-30 19:46:08,Orchard Central,TOP-W-01,  Women's Airism Cotton Crew Neck T-Shirt  ,Tops,Women,14.9,14.9,False,1,14.9,NETS
ORC-20260630-0206,1,2026-06-30 19:36:35,Orchard Central,TOP-W-06,Women's Linen Blend Short Sleeve Shirt,Tops,Women,19.72,29.9,True,1,19.72,Cash
BUG-20260630-0049,2,2026-06-30 18:15:37,Bugis,SOK-M-09,Men's No-Show Sneaker Socks,Socks,men,4.17,5.9,True,1,4.17,Card
BUG-20260630-0183,1,2026-06-30 15:14:15,bugis,BTM-M-02,Men's Slim Fit Chino Trousers,BOTTOMS,Men,29.9,29.9,False,1,$29.9,Card
ORC-20260630-1092,1,2026-06-30 18:37:02,Orchard Central,TOP-W-06,Women's Linen Blend Short Sleeve Shirt,Tops,Women,19.72,29.9,True,1,19.72,paynow
ORC-20260630-0284,1,2026-06-30 19:01:52,Orchard Central,SOK-W-04,Women's Ribbed Crew Socks,Socks,Women,5.9,5.9,False,2,11.8,NETS
PUN-20260630-0132,2,2026-06-30 19:33:41,punggol,BTM-M-02,Men's Slim Fit Chino Trousers,Bottoms,Men,29.9,29.9,False,1,29.9,PayNow
PUN-20260630-0579,3,2026-06-30 21:24:02,Punggol,SOK-W-05,Women's Sport Ankle Socks,SOCKS,Women,4.27,5.9,True,1,4.27,Card
BUG-20260630-0849,2,2026-06-30 20:20:55,Bugis,UND-W-02,Women's Wireless Bra,underwear,Women,29.9,29.9,False,1,29.9,NETS
BUG-20260630-0564,3,2026-06-30 13:25:09,Bugis,UND-W-03,Women's Cotton Blend Briefs,Underwear,women,9.9,9.9,False,1,9.9,Card
BUG-20260630-0613,1,2026-06-30 20:29:51,Bugis,TOP-M-03,Men's Dry-EX Crew Neck T-Shirt,Tops,Men,$19.9,19.9,False,1,19.9,NETS
ORC-20260630-0829,1,2026-06-30 19:03:58,Orchard Central,SOK-M-03,Men's Airism Low-Cut Socks,Socks,Men,5.9,5.9,False,1,5.9,Card
PUN-20260630-0438,1,2026-06-30 18:33:29,Punggol,UND-M-04,Men's Cotton Crew Neck Undershirt,Underwear,Men,14.9,14.9,False,1,14.9,NETS
BUG-20260630-0113,1,2026-06-30 15:37:45,Bugis,UND-W-03,Women's Cotton Blend Briefs,underwear,Women,9.9,9.9,False,1,9.9,NETS
BUG-20260630-0144,1,2026-06-30 18:39:48,Bugis,TOP-M-03,  Men's Dry-EX Crew Neck T-Shirt  ,Tops,Men,19.9,19.9,False,1,19.9,PayNow
ORC-20260630-0183,2,2026-06-30 19:18:55,Orchard Central,TOP-M-01,Men's Airism Cotton Crew Neck T-Shirt,Tops,Men,14.9,14.9,False,1,14.9,Card
ORC-20260630-0228,2,2026-06-30 22:54:43,Orchard Central,SOK-W-01,Women's Ankle Socks 3-Pack,SOCKS,WOMEN,$14.9,14.9,False,2,29.8,Cash
ORC-20260630-0979,2,2026-06-30 21:13:19,Orchard Central,UND-M-02,Men's Cotton Blend Trunks,Underwear,Men,14.9,14.9,False,2,29.8,NETS
BUG-20260630-0473,2,2026-06-30 21:03:46,Bugis,SOK-M-02,Men's Pile Crew Socks,Socks,Men,5.9,5.9,False,1,5.9,Card
PUN-20260630-0380,2,2026-06-30 17:58:11,Punggol,SOK-M-03,Men's Airism Low-Cut Socks,Socks,Men,5.9,5.9,False,1,5.9,Cash
PUN-20260630-0236,1,2026-06-30 21:04:21,Punggol,UND-W-01,Women's Airism Bikini Shorts,Underwear,Women,$9.9,9.9,False,2,19.8,Cash
ORC-20260630-0503,2,2026-06-30 17:39:22,Orchard Central,TOP-M-02,Men's Supima Cotton Polo Shirt,Tops,Men,29.9,29.9,False,1,29.9,Card
PUN-20260630-0597,3,2026-06-30 17:37:08,punggol,SOK-W-02,Women's Pile Crew Socks,Socks,Women,5.9,5.9,False,1,5.9,PayNow
ORC-20260630-0391,1,2026-06-30 16:20:18,Orchard Central,SOK-M-01,Men's Ankle Socks 3-Pack,Socks,Men,14.9,14.9,False,1,14.9,Card
BUG-20260630-0212,2,2026-06-30 20:42:42,Bugis,BTM-M-04,Men's Dry Stretch Shorts,Bottoms,Men,19.9,19.9,False,1,19.9,NETS
BUG-20260630-0438,1,2026-06-30 21:15:54,  Bugis  ,SOK-W-03,Women's Airism Low-Cut Socks,Socks,Women,5.9,5.9,False,1,5.9,Card
BUG-20260630-0486,1,2026-06-30 14:00:32,bugis,SOK-W-03,Women's Airism Low-Cut Socks,socks,Women,5.9,5.9,False,2,11.8,Card
BUG-20260630-0321,1,2026-06-30 22:16:01,Bugis,UND-W-03,Women's Cotton Blend Briefs,Underwear,Women,9.9,9.9,False,1,9.9,Card
BUG-20260630-0112,2,2026-06-30 22:50:02,BUGIS,TOP-M-07,Men's Ultra Light Down Jacket,Tops,Men,79.9,79.9,False,1,79.9,cash
BUG-20260630-0025,3,2026-06-30 15:39:03,Bugis,SOK-M-09,Men's No-Show Sneaker Socks,Socks,Men,4.17,5.9,True,1,4.17,NETS
BUG-20260630-0393,3,2026-06-30 20:28:06,Bugis,SOK-M-09,Men's No-Show Sneaker Socks,Socks,Men,4.17,5.9,True,1,4.17,Card
ORC-20260630-0143,1,2026-06-30 20:37:31,  ORCHARD CENTRAL  ,BTM-M-02,Men's Slim Fit Chino Trousers,Bottoms,Men,29.9,29.9,False,1,29.9,card
BUG-20260630-0533,3,2026-06-30 12:47:41,Bugis,UND-M-02,  Men's Cotton Blend Trunks  ,Underwear,MEN,14.9,14.9,False,1,14.9,Card
BUG-20260630-0527,2,2026-06-30 20:13:28,Bugis,SOK-W-02,Women's Pile Crew Socks,Socks,Women,5.9,5.9,False,1,5.9,PayNow
ORC-20260630-0925,2,2026-06-30 13:58:39,Orchard Central,BTM-M-02,  Men's Slim Fit Chino Trousers  ,Bottoms,Men,29.9,29.9,False,1,29.9,Cash
PUN-20260630-0387,2,2026-06-30 15:32:01,Punggol,TOP-W-03,Women's Silky Satin Blouse,tops,Women,39.9,39.9,False,1,39.9,nets
ORC-20260630-0585,1,2026-06-30 20:58:54,Orchard Central,SOK-M-02,Men's Pile Crew Socks,Socks,Men,5.9,5.9,False,1,5.9,Card
BUG-20260630-0281,1,2026-06-30 18:06:28,Bugis,UND-M-04,Men's Cotton Crew Neck Undershirt,Underwear,Men,14.9,14.9,False,1,14.9,PayNow
BUG-20260630-0251,2,2026-06-30 11:10:10,Bugis,SOK-M-09,Men's No-Show Sneaker Socks,Socks,Men,4.17,5.9,True,1,4.17,Card
BUG-20260630-0035,1,2026-06-30 22:03:25,Bugis,SOK-W-02,,Socks,Women,5.9,5.9,False,1,$5.9,Cash
ORC-20260630-0480,3,2026-06-30 13:53:21,ORCHARD CENTRAL,UND-W-01,Women's Airism Bikini Shorts,Underwear,Women,9.9,9.9,False,1,9.9,Card
BUG-20260630-0710,3,2026-06-30 22:23:28,Bugis,SOK-M-09,Men's No-Show Sneaker Socks,SOCKS,Men,4.17,5.9,True,1,4.17,NETS
ORC-20260630-0733,1,2026-06-30 20:36:24,Orchard Central,SOK-W-02,Women's Pile Crew Socks,Socks,Women,5.9,5.9,False,1,5.9,cash
ORC-20260630-0808,1,2026-06-30 11:26:52,Orchard Central,UND-W-04,Women's Airism T-Shirt Bra,Underwear,Women,29.9,29.9,False,2,59.8,
BUG-20260630-0563,1,2026-06-30 20:51:43,  Bugis  ,BTM-W-02,Women's High-Rise Wide Leg Pants,Bottoms,Women,39.9,39.9,False,1,39.9,Cash
BUG-20260630-0167,1,2026-06-30 18:35:27,Bugis,TOP-M-01,Men's Airism Cotton Crew Neck T-Shirt,Tops,Men,14.9,14.9,False,1,14.9,Card
BUG-20260630-0509,1,2026-06-30 21:24:29,bugis,BTM-M-04,Men's Dry Stretch Shorts,Bottoms,Men,19.9,19.9,False,1,19.9,Paynow
PUN-20260630-0166,3,2026-06-30 15:14:42,Punggol,BTM-M-04,Men's Dry Stretch Shorts,Bottoms,Men,19.9,19.9,False,1,19.9,Card
BUG-20260630-0177,1,2026-06-30 18:02:57,Bugis,SOK-M-01,Men's Ankle Socks 3-Pack,Socks,Men,14.9,14.9,False,1,14.9,Card
PUN-20260630-0566,1,2026-06-30 18:08:03,Punggol,BTM-W-01,Women's Ultra Stretch Skinny Jeans,Bottoms,Women,39.9,39.9,False,1,39.9,Card
BUG-20260630-0672,2,2026-06-30 16:52:46,Bugis,SOK-W-04,  Women's Ribbed Crew Socks  ,Socks,Women,5.9,5.9,False,1,5.9,CASH
PUN-20260630-0601,1,2026-06-30 22:55:29,Punggol,TOP-M-04,Men's Oxford Long Sleeve Shirt,Tops,Men,29.9,29.9,False,1,29.9,PayNow
BUG-20260630-0169,1,2026-06-30 20:13:51,Bugis,SOK-W-02,Women's Pile Crew Socks,Socks,Women,5.9,5.9,False,1,5.9,Card
BUG-20260630-0145,1,2026-06-30 20:18:15,Bugis,UND-W-03,Women's Cotton Blend Briefs,Underwear,Women,9.9,9.9,False,1,$9.9,NETS
ORC-20260630-0834,1,2026-06-30 17:41:57,Orchard Central,UND-W-03,Women's Cotton Blend Briefs,Underwear,Women,9.9,9.9,False,1,9.9,Cash
BUG-20260630-0366,1,2026-06-30 19:16:41,Bugis,UND-W-03,Women's Cotton Blend Briefs,Underwear,Women,9.9,9.9,False,2,19.8,PayNow
ORC-20260630-0153,1,2026-06-30 12:43:16,Orchard Central,SOK-M-01,Men's Ankle Socks 3-Pack,Socks,Men,14.9,14.9,False,1,14.9,Cash
PUN-20260630-0147,1,2026-06-30 18:42:31,Punggol,TOP-W-04,Women's Heattech Crew Neck Long Sleeve Tee,Tops,Women,14.9,14.9,False,1,14.9,paynow
ORC-20260630-0947,2,2026-06-30 16:20:55,Orchard Central,SOK-M-04,Men's Ribbed Crew Socks,Socks,Men,5.9,5.9,False,1,5.9,CASH
PUN-20260630-0103,2,2026-06-30 18:31:50,Punggol,SOK-W-04,Women's Ribbed Crew Socks,Socks,WOMEN,5.9,5.9,False,2,11.8,PayNow
ORC-20260630-0769,1,2026-06-30 21:57:14,Orchard Central,UND-W-01,Women's Airism Bikini Shorts,Underwear,Women,9.9,9.9,False,1,9.9,card
BUG-20260630-0961,1,2026-06-30 14:38:13,Bugis,SOK-M-07,Men's Striped Crew Socks,Socks,Men,5.9,5.9,False,1,5.9,Card
PUN-20260630-0035,2,2026-06-30 21:54:41,Punggol,SOK-W-05,Women's Sport Ankle Socks,Socks,Women,4.27,5.9,True,1,4.27,Card
BUG-20260630-0247,2,2026-06-30 18:33:34,bugis,UND-M-02,Men's Cotton Blend Trunks,underwear,Men,14.9,14.9,False,1,14.9,paynow
BUG-20260630-0063,2,2026-06-30 16:15:54,Bugis,SOK-W-02,Women's Pile Crew Socks,SOCKS,Women,5.9,5.9,False,1,5.9,Card
BUG-20260630-0588,1,2026-06-30 19:45:49,Bugis,SOK-W-04,Women's Ribbed Crew Socks,Socks,Women,5.9,5.9,False,2,11.8,Card
BUG-20260630-0307,3,2026-06-30 21:52:34,Bugis,BTM-W-04,Women's Denim Straight Jeans,Bottoms,Women,49.9,49.9,False,1,49.9,Card
BUG-20260630-0156,1,2026-06-30 16:58:00,Bugis,SOK-M-09,Men's No-Show Sneaker Socks,Socks,Men,4.17,5.9,True,1,4.17,Card
ORC-20260630-0983,2,2026-06-30 22:53:41,Orchard Central,SOK-W-02,Women's Pile Crew Socks,Socks,Women,5.9,5.9,False,1,5.9,Cash
BUG-20260630-0729,1,2026-06-30 20:41:45,Bugis,UND-M-08,Men's Airism V-Neck Undershirt,Underwear,Men,9.9,9.9,False,1,9.9,PayNow
PUN-20260630-0362,1,2026-06-30 16:44:29,Punggol,UND-M-02,Men's Cotton Blend Trunks,Underwear,Men,14.9,14.9,False,2,29.8,PayNow
PUN-20260630-0022,2,2026-06-30 14:34:56,punggol,SOK-W-03,Women's Airism Low-Cut Socks,Socks,Women,5.9,5.9,False,1,5.9,PayNow
BUG-20260630-0950,2,2026-06-30 18:15:52,Bugis,SOK-M-09,Men's No-Show Sneaker Socks,Socks,Men,4.17,5.9,True,1,4.17,Cash
PUN-20260630-0312,1,2026-06-30 20:21:10,Punggol,SOK-M-02,Men's Pile Crew Socks,Socks,Men,5.9,5.9,False,1,5.9,PayNow
BUG-20260630-0138,2,2026-06-30 20:29:57,Bugis,SOK-M-09,  Men's No-Show Sneaker Socks  ,SOCKS,Men,4.17,5.9,True,1,4.17,Card
BUG-20260630-0423,2,2026-06-30 13:41:23,Bugis,BTM-M-01,Men's Ezy Ankle Pants,Bottoms,Men,29.9,29.9,False,1,29.9,Card
ORC-20260630-0473,2,2026-06-30 11:16:55,Orchard Central,SOK-M-04,Men's Ribbed Crew Socks,Socks,MEN,5.9,5.9,False,1,5.9,NETS
BUG-20260630-0148,1,2026-06-30 21:54:59,Bugis,SOK-W-09,Women's No-Show Sneaker Socks,Socks,Women,5.9,5.9,False,1,5.9,Card
PUN-20260630-0144,2,2026-06-30 18:03:00,Punggol,TOP-W-02,Women's Ribbed Long Sleeve Turtleneck,Tops,Women,19.9,19.9,False,1,19.9,Card
ORC-20260630-0653,1,2026-06-30 13:53:45,Orchard Central,BTM-M-03,Men's Selvedge Regular Fit Jeans,Bottoms,Men,59.9,59.9,False,1,59.9,NETS
BUG-20260630-0204,2,2026-06-30 14:02:09,Bugis,UND-M-03,Men's Airism Mesh Boxer Briefs,Underwear,Men,14.9,14.9,False,1,14.9,Card
PUN-20260630-0295,2,2026-06-30 19:03:55,Punggol,SOK-W-03,Women's Airism Low-Cut Socks,Socks,Women,5.9,5.9,False,1,5.9,Card
ORC-20260630-0063,2,2026-06-30 14:57:02,Orchard Central,SOK-M-02,Men's Pile Crew Socks,Socks,MEN,5.9,5.9,False,1,5.9,PayNow
BUG-20260630-0207,2,2026-06-30 17:11:05,Bugis,SOK-W-02,Women's Pile Crew Socks,Socks,Women,5.9,5.9,False,1,5.9,NETS
BUG-20260630-0383,1,2026-06-30 21:46:31,Bugis,SOK-M-09,Men's No-Show Sneaker Socks,Socks,Men,4.17,5.9,True,1,4.17,PayNow
PUN-20260630-0493,1,2026-06-30 14:46:01,Punggol,TOP-W-02,Women's Ribbed Long Sleeve Turtleneck,Tops,Women,19.9,19.9,False,1,19.9,PayNow
BUG-20260630-0839,2,2026-06-30 20:42:21,Bugis,UND-M-04,  Men's Cotton Crew Neck Undershirt  ,Underwear,Men,14.9,14.9,False,1,14.9,CASH
BUG-20260630-0894,2,2026-06-30 21:15:07,Bugis,UND-W-01,Women's Airism Bikini Shorts,Underwear,Women,9.9,9.9,False,1,9.9,Card
BUG-20260630-0472,2,2026-06-30 20:09:26,Bugis,SOK-W-01,Women's Ankle Socks 3-Pack,Socks,Women,14.9,14.9,False,1,14.9,Cash
BUG-20260630-0827,1,2026-06-30 18:35:47,Bugis,SOK-M-09,Men's No-Show Sneaker Socks,Socks,Men,4.17,5.9,True,2,8.34,NETS
PUN-20260630-0254,3,2026-06-30 14:10:47,Punggol,SOK-M-03,Men's Airism Low-Cut Socks,Socks,Men,5.9,5.9,False,1,5.9,Card
BUG-20260630-0434,3,2026-06-30 11:21:35,Bugis,TOP-W-04,Women's Heattech Crew Neck Long Sleeve Tee,Tops,Women,14.9,14.9,False,1,$14.9,NETS
ORC-20260630-0207,1,2026-06-30 17:20:46,Orchard Central,BTM-W-01,Women's Ultra Stretch Skinny Jeans,Bottoms,Women,39.9,39.9,False,1,39.9,Card
BUG-20260630-0218,1,2026-06-30 14:01:45,Bugis,SOK-W-04,  Women's Ribbed Crew Socks  ,Socks,Women,5.9,5.9,False,1,5.9,Cash
BUG-20260630-0104,1,2026-06-30 21:30:33,Bugis,SOK-M-04,  Men's Ribbed Crew Socks  ,Socks,Men,5.9,5.9,False,1,5.9,Cash
PUN-20260630-0186,3,2026-06-30 20:41:32,Punggol,SOK-M-02,Men's Pile Crew Socks,Socks,MEN,$5.9,5.9,False,1,5.9,PayNow
ORC-20260630-0758,3,2026-06-30 17:14:32,Orchard Central,UND-M-03,Men's Airism Mesh Boxer Briefs,Underwear,Men,14.9,14.9,False,2,29.8,NETS
ORC-20260630-0864,2,2026-06-30 20:21:03,Orchard Central,UND-M-03,Men's Airism Mesh Boxer Briefs,Underwear,Men,14.9,14.9,False,1,14.9,Card
ORC-20260630-0547,1,2026-06-30 13:28:20,Orchard Central,SOK-M-02,Men's Pile Crew Socks,Socks,Men,5.9,5.9,False,1,5.9,PayNow
ORC-20260630-0517,1,2026-06-30 21:43:41,Orchard Central,UND-M-04,  Men's Cotton Crew Neck Undershirt  ,Underwear,Men,14.9,14.9,False,1,14.9,Card
ORC-20260630-0232,2,2026-06-30 20:18:38,orchard central,SOK-M-04,Men's Ribbed Crew Socks,Socks,Men,5.9,5.9,False,1,5.9,PayNow
ORC-20260630-0817,2,2026-06-30 20:20:29,Orchard Central,SOK-W-02,Women's Pile Crew Socks,Socks,Women,5.9,5.9,False,1,5.9,PayNow
BUG-20260630-0040,1,2026-06-30 18:12:52,Bugis,UND-W-01,Women's Airism Bikini Shorts,Underwear,Women,9.9,9.9,False,1,9.9,Cash
BUG-20260630-0455,1,2026-06-30 19:43:27,Bugis,TOP-W-02,  Women's Ribbed Long Sleeve Turtleneck  ,Tops,WOMEN,19.9,19.9,False,1,19.9,PAYNOW
PUN-20260630-0593,1,2026-06-30 19:07:56,Punggol,SOK-M-04,Men's Ribbed Crew Socks,Socks,Men,5.9,5.9,False,1,5.9,Card
BUG-20260630-0310,3,2026-06-30 18:06:40,Bugis,BTM-W-03,  Women's Ezy Ankle Pants  ,Bottoms,Women,29.9,29.9,False,1,29.9,PayNow
ORC-20260630-0077,1,2026-06-30 21:04:13,Orchard Central,UND-M-04,Men's Cotton Crew Neck Undershirt,Underwear,Men,14.9,14.9,False,2,$29.8,Card
ORC-20260630-0320,2,2026-06-30 20:14:30,Orchard Central,SOK-W-02,Women's Pile Crew Socks,Socks,Women,5.9,5.9,False,1,5.9,PayNow
ORC-20260630-0337,3,2026-06-30 20:09:48,Orchard Central,UND-M-03,Men's Airism Mesh Boxer Briefs,Underwear,Men,14.9,14.9,False,2,29.8,nets
BUG-20260630-0902,2,2026-06-30 11:00:33,Bugis,TOP-W-01,Women's Airism Cotton Crew Neck T-Shirt,Tops,Women,14.9,14.9,False,1,14.9,card
ORC-20260630-0549,2,2026-06-30 21:29:17,Orchard Central,BTM-W-09,Women's Sweat Shorts,Bottoms,Women,19.9,19.9,False,1,19.9,Card
PUN-20260630-0469,3,2026-06-30 22:02:08,Punggol,SOK-W-03,Women's Airism Low-Cut Socks,Socks,Women,$5.9,5.9,False,1,5.9,PayNow
BUG-20260630-0187,3,2026-06-30 20:36:19,Bugis,SOK-M-02,Men's Pile Crew Socks,Socks,Men,5.9,5.9,False,2,11.8,Card
ORC-20260630-0711,2,2026-06-30 12:13:14,Orchard Central,BTM-M-04,Men's Dry Stretch Shorts,bottoms,Men,19.9,19.9,False,1,19.9,CARD
ORC-20260630-0188,1,2026-06-30 16:57:27,Orchard Central,TOP-W-01,  Women's Airism Cotton Crew Neck T-Shirt  ,Tops,Women,14.9,14.9,False,1,14.9,NETS
BUG-20260630-0780,3,2026-06-30 12:20:15,Bugis,BTM-M-01,Men's Ezy Ankle Pants,Bottoms,Men,29.9,29.9,False,1,29.9,Cash
BUG-20260630-0434,2,2026-06-30 11:21:35,Bugis,SOK-M-04,Men's Ribbed Crew Socks,Socks,Men,5.9,5.9,False,1,5.9,NETS
PUN-20260630-0081,1,2026-06-30 20:06:00,Punggol,SOK-W-02,Women's Pile Crew Socks,Socks,Women,5.9,5.9,False,1,5.9,Card
ORC-20260630-0312,1,2026-06-30 21:04:47,Orchard Central,UND-W-01,Women's Airism Bikini Shorts,Underwear,Women,9.9,9.9,False,1,9.9,PayNow
PUN-20260630-0031,3,2026-06-30 20:56:49,Punggol,SOK-W-02,Women's Pile Crew Socks,Socks,Women,5.9,5.9,False,1,5.9,
BUG-20260630-0494,1,2026-06-30 13:28:06,Bugis,SOK-M-03,Men's Airism Low-Cut Socks,SOCKS,Men,5.9,5.9,False,2,11.8,Card
BUG-20260630-0587,2,2026-06-30 19:47:50,Bugis,UND-W-01,Women's Airism Bikini Shorts,Underwear,Women,9.9,9.9,False,1,9.9,Card
ORC-20260630-0148,1,2026-06-30 16:32:49,  Orchard Central  ,SOK-W-04,Women's Ribbed Crew Socks,socks,Women,5.9,5.9,False,2,11.8,Cash
PUN-20260630-0587,1,2026-06-30 15:36:04,  Punggol  ,TOP-W-02,Women's Ribbed Long Sleeve Turtleneck,Tops,Women,19.9,19.9,False,1,19.9,NETS
ORC-20260630-0538,1,2026-06-30 19:30:15,Orchard Central,UND-W-04,Women's Airism T-Shirt Bra,Underwear,Women,29.9,29.9,False,1,29.9,Card
PUN-20260630-0208,1,2026-06-30 14:54:05,Punggol,TOP-M-01,Men's Airism Cotton Crew Neck T-Shirt,Tops,Men,14.9,14.9,False,1,14.9,Card
PUN-20260630-0418,2,2026-06-30 17:47:48,Punggol,BTM-M-01,Men's Ezy Ankle Pants,bottoms,Men,29.9,29.9,False,1,29.9,NETS
ORC-20260630-0535,2,2026-06-30 17:13:49,orchard central,TOP-W-03,Women's Silky Satin Blouse,Tops,Women,39.9,39.9,False,1,39.9,CASH
BUG-20260630-0406,1,2026-06-30 20:28:10,  Bugis  ,BTM-M-01,,BOTTOMS,Men,29.9,29.9,False,1,29.9,Card
BUG-20260630-0957,2,2026-06-30 14:37:58,Bugis,BTM-M-02,Men's Slim Fit Chino Trousers,Bottoms,men,29.9,29.9,False,1,29.9,Nets
ORC-20260630-0402,2,2026-06-30 18:21:31,Orchard Central,UND-W-08,Women's Airism Camisole,Underwear,Women,14.9,14.9,False,1,$14.9,PayNow
BUG-20260630-0136,2,2026-06-30 18:16:31,  Bugis  ,SOK-M-09,Men's No-Show Sneaker Socks,Socks,Men,4.17,5.9,True,1,4.17,Card
ORC-20260630-0887,3,2026-06-30 16:23:19,Orchard Central,BTM-M-01,Men's Ezy Ankle Pants,Bottoms,Men,29.9,29.9,False,1,29.9,Card
BUG-20260630-0381,1,2026-06-30 19:31:59,Bugis,TOP-M-03,Men's Dry-EX Crew Neck T-Shirt,Tops,Men,19.9,19.9,False,1,19.9,Card
ORC-20260630-0371,2,2026-06-30 20:16:42,Orchard Central,UND-M-01,Men's Airism Boxer Briefs,Underwear,Men,14.9,14.9,False,1,14.9,PayNow
BUG-20260630-0702,2,2026-06-30 14:04:32,Bugis,SOK-M-03,Men's Airism Low-Cut Socks,Socks,Men,5.9,5.9,False,1,5.9,Card
BUG-20260630-0242,1,2026-06-30 20:48:00,BUGIS,TOP-W-02,Women's Ribbed Long Sleeve Turtleneck,Tops,women,19.9,19.9,False,1,19.9,Card
PUN-20260630-0002,2,2026-06-30 15:46:39,Punggol,SOK-M-03,  Men's Airism Low-Cut Socks  ,Socks,MEN,5.9,5.9,False,1,5.9,CASH
ORC-20260630-0191,1,2026-06-30 13:07:16,Orchard Central,SOK-M-03,Men's Airism Low-Cut Socks,SOCKS,Men,5.9,5.9,False,1,5.9,Card
PUN-20260630-0291,2,2026-06-30 21:13:41,Punggol,SOK-M-01,Men's Ankle Socks 3-Pack,socks,Men,14.9,14.9,False,1,14.9,Paynow
BUG-20260630-0781,3,2026-06-30 19:20:53,bugis,SOK-W-06,Women's Heattech Socks,Socks,Women,9.9,9.9,False,1,9.9,PAYNOW
BUG-20260630-0949,1,2026-06-30 19:46:40,Bugis,UND-W-01,Women's Airism Bikini Shorts,Underwear,WOMEN,9.9,9.9,False,1,9.9,Card
BUG-20260630-0572,2,2026-06-30 12:31:21,Bugis,TOP-W-02,Women's Ribbed Long Sleeve Turtleneck,Tops,Women,19.9,19.9,False,1,19.9,Cash
PUN-20260630-0583,3,2026-06-30 22:28:26,Punggol,SOK-M-01,Men's Ankle Socks 3-Pack,Socks,Men,14.9,14.9,False,1,14.9,Card
BUG-20260630-0900,1,2026-06-30 20:21:11,Bugis,SOK-M-07,Men's Striped Crew Socks,socks,Men,5.9,5.9,False,1,5.9,card
ORC-20260630-0557,2,2026-06-30 20:40:54,Orchard Central,SOK-W-02,Women's Pile Crew Socks,socks,Women,5.9,5.9,False,1,5.9,NETS
ORC-20260630-1002,2,2026-06-30 20:50:51,Orchard Central,TOP-W-01,Women's Airism Cotton Crew Neck T-Shirt,Tops,Women,14.9,14.9,False,1,14.9,CARD
ORC-20260630-0272,2,2026-06-30 19:35:50,orchard central,UND-W-03,Women's Cotton Blend Briefs,Underwear,Women,9.9,9.9,False,1,9.9,CARD
ORC-20260630-0353,1,2026-06-30 20:15:28,Orchard Central,TOP-W-02,  Women's Ribbed Long Sleeve Turtleneck  ,Tops,Women,19.9,19.9,False,1,19.9,PayNow
ORC-20260630-0772,2,2026-06-30 22:41:15,Orchard Central,UND-W-01,Women's Airism Bikini Shorts,Underwear,Women,9.9,9.9,False,1,9.9,card
BUG-20260630-0192,3,2026-06-30 13:59:34,Bugis,TOP-W-06,Women's Linen Blend Short Sleeve Shirt,Tops,Women,19.72,29.9,True,1,19.72,Cash
ORC-20260630-0762,1,2026-06-30 21:08:15,Orchard Central,SOK-M-04,Men's Ribbed Crew Socks,Socks,Men,5.9,5.9,False,1,5.9,NETS
ORC-20260630-0016,2,2026-06-30 19:19:46,Orchard Central,SOK-M-04,Men's Ribbed Crew Socks,Socks,Men,5.9,5.9,False,1,5.9,Cash
ORC-20260630-1022,3,2026-06-30 19:28:37,Orchard Central,SOK-M-01,Men's Ankle Socks 3-Pack,Socks,Men,14.9,14.9,False,2,29.8,PAYNOW
ORC-20260630-0949,1,2026-06-30 21:50:34,Orchard Central,BTM-M-04,Men's Dry Stretch Shorts,Bottoms,Men,19.9,19.9,False,1,19.9,Cash
PUN-20260630-0487,2,2026-06-30 21:30:44,Punggol,UND-W-01,Women's Airism Bikini Shorts,Underwear,Women,$9.9,9.9,False,1,9.9,PayNow
PUN-20260630-0089,1,2026-06-30 20:52:58,Punggol,SOK-W-05,Women's Sport Ankle Socks,Socks,Women,4.27,5.9,True,1,4.27,CARD
PUN-20260630-0332,1,2026-06-30 16:21:26,Punggol,BTM-M-01,Men's Ezy Ankle Pants,BOTTOMS,Men,29.9,29.9,False,1,29.9,Cash
BUG-20260630-0138,1,2026-06-30 20:29:57,Bugis,SOK-M-02,Men's Pile Crew Socks,Socks,Men,5.9,5.9,False,1,5.9,Card
BUG-20260630-0823,2,2026-06-30 13:07:28,Bugis,SOK-M-09,Men's No-Show Sneaker Socks,Socks,Men,4.17,5.9,True,1,$4.17,PayNow
PUN-20260630-0410,1,2026-06-30 17:41:06,Punggol,BTM-W-06,Women's Jersey Jogger Pants,bottoms,Women,29.9,29.9,False,1,29.9,Card
BUG-20260630-0350,2,2026-06-30 20:26:47,Bugis,UND-W-03,Women's Cotton Blend Briefs,Underwear,Women,9.9,9.9,False,1,9.9,NETS
BUG-20260630-0022,1,2026-06-30 18:19:28,Bugis,SOK-M-09,Men's No-Show Sneaker Socks,socks,men,4.17,5.9,True,1,4.17,PAYNOW
BUG-20260630-0415,1,2026-06-30 12:34:48,Bugis,SOK-M-04,Men's Ribbed Crew Socks,Socks,Men,5.9,5.9,False,2,11.8,Cash
ORC-20260630-0848,2,2026-06-30 14:46:47,Orchard Central,UND-W-03,Women's Cotton Blend Briefs,underwear,Women,9.9,9.9,False,1,9.9,NETS
PUN-20260630-0383,1,2026-06-30 14:50:14,Punggol,SOK-M-04,Men's Ribbed Crew Socks,Socks,Men,5.9,5.9,False,1,$5.9,PayNow
BUG-20260630-0408,1,2026-06-30 20:36:46,  Bugis  ,TOP-M-01,Men's Airism Cotton Crew Neck T-Shirt,Tops,Men,14.9,14.9,False,1,14.9,Cash
ORC-20260630-0388,3,2026-06-30 19:58:13,Orchard Central,UND-W-01,  Women's Airism Bikini Shorts  ,Underwear,Women,9.9,9.9,False,1,9.9,Card
BUG-20260630-0453,2,2026-06-30 22:50:50,Bugis,BTM-M-04,Men's Dry Stretch Shorts,Bottoms,Men,19.9,19.9,False,1,19.9,Cash
BUG-20260630-0942,2,2026-06-30 19:21:36,  Bugis  ,SOK-W-02,  Women's Pile Crew Socks  ,Socks,Women,5.9,5.9,False,1,5.9,PayNow
ORC-20260630-0333,3,2026-06-30 19:39:15,Orchard Central,UND-W-03,Women's Cotton Blend Briefs,Underwear,WOMEN,9.9,9.9,False,1,9.9,NETS
PUN-20260630-0028,1,2026-06-30 16:11:02,Punggol,BTM-M-06,Men's Jersey Jogger Pants,Bottoms,Men,29.9,29.9,False,1,29.9,Card
BUG-20260630-0466,3,2026-06-30 19:26:42,  Bugis  ,SOK-M-04,Men's Ribbed Crew Socks,Socks,Men,5.9,5.9,False,1,5.9,Card
ORC-20260630-0889,1,2026-06-30 14:10:02,Orchard Central,UND-W-03,Women's Cotton Blend Briefs,Underwear,Women,9.9,9.9,False,1,9.9,CASH
BUG-20260630-0314,1,2026-06-30 20:16:43,Bugis,TOP-W-06,Women's Linen Blend Short Sleeve Shirt,Tops,Women,19.72,29.9,True,1,19.72,Cash
PUN-20260630-0381,2,2026-06-30 13:37:37,  Punggol  ,SOK-M-03,Men's Airism Low-Cut Socks,Socks,men,5.9,5.9,False,1,5.9,Card
PUN-20260630-0093,1,2026-06-30 16:05:17,PUNGGOL,SOK-W-04,Women's Ribbed Crew Socks,Socks,Women,5.9,5.9,False,1,5.9,Card
BUG-20260630-0896,2,2026-06-30 18:33:01,Bugis,SOK-M-10,  Men's Wool Blend Socks  ,SOCKS,Men,9.9,9.9,False,1,9.9,PayNow
BUG-20260630-0342,2,2026-06-30 15:28:19,Bugis,UND-M-03,Men's Airism Mesh Boxer Briefs,Underwear,Men,14.9,14.9,False,1,14.9,PAYNOW
BUG-20260630-0343,2,2026-06-30 18:02:14,  Bugis  ,SOK-M-09,  Men's No-Show Sneaker Socks  ,Socks,Men,4.17,5.9,True,1,4.17,Card
ORC-20260630-0752,1,2026-06-30 18:30:54,Orchard Central,SOK-M-04,Men's Ribbed Crew Socks,Socks,Men,5.9,5.9,False,1,5.9,NETS
BUG-20260630-0780,1,2026-06-30 12:20:15,  Bugis  ,SOK-W-01,Women's Ankle Socks 3-Pack,Socks,Women,14.9,14.9,False,1,14.9,Cash
BUG-20260630-0489,1,2026-06-30 13:58:16,Bugis,SOK-M-01,  Men's Ankle Socks 3-Pack  ,Socks,Men,14.9,14.9,False,1,14.9,PayNow
ORC-20260630-0454,3,2026-06-30 20:17:29,Orchard Central,SOK-W-02,Women's Pile Crew Socks,Socks,Women,5.9,5.9,False,1,5.9,
BUG-20260630-0958,1,2026-06-30 20:59:47,BUGIS,SOK-W-03,Women's Airism Low-Cut Socks,Socks,Women,5.9,5.9,False,1,5.9,NETS
ORC-20260630-0324,1,2026-06-30 18:44:50,orchard central,SOK-M-02,Men's Pile Crew Socks,Socks,men,$5.9,5.9,False,1,5.9,Card
BUG-20260630-0823,1,2026-06-30 13:07:28,Bugis,UND-W-03,  Women's Cotton Blend Briefs  ,Underwear,Women,9.9,9.9,False,1,9.9,PayNow
ORC-20260630-0615,2,2026-06-30 20:17:52,Orchard Central,SOK-M-03,Men's Airism Low-Cut Socks,Socks,Men,5.9,5.9,False,1,5.9,Card
ORC-20260630-0357,2,2026-06-30 20:15:14,Orchard Central,SOK-W-02,Women's Pile Crew Socks,Socks,Women,5.9,5.9,False,1,5.9,PayNow
PUN-20260630-0565,1,2026-06-30 19:57:45,Punggol,UND-W-01,Women's Airism Bikini Shorts,underwear,Women,9.9,9.9,False,1,9.9,Card
BUG-20260630-0219,1,2026-06-30 19:03:21,Bugis,SOK-M-03,Men's Airism Low-Cut Socks,Socks,Men,5.9,5.9,False,1,5.9,Cash
BUG-20260630-0395,2,2026-06-30 21:24:46,Bugis,SOK-M-04,Men's Ribbed Crew Socks,Socks,Men,5.9,5.9,False,1,5.9,Cash
PUN-20260630-0009,1,2026-06-30 12:03:28,Punggol,SOK-W-03,Women's Airism Low-Cut Socks,Socks,Women,5.9,5.9,False,1,5.9,Card
BUG-20260630-0273,3,2026-06-30 15:24:52,Bugis,SOK-W-02,  Women's Pile Crew Socks  ,Socks,Women,5.9,5.9,False,1,5.9,Card
PUN-20260630-0033,1,2026-06-30 21:06:58,punggol,SOK-M-04,Men's Ribbed Crew Socks,SOCKS,Men,5.9,5.9,False,1,5.9,Card
ORC-20260630-0271,2,2026-06-30 17:30:05,Orchard Central,SOK-M-01,Men's Ankle Socks 3-Pack,Socks,Men,14.9,14.9,False,1,14.9,Card
ORC-20260630-0663,1,2026-06-30 12:40:10,Orchard Central,SOK-M-03,  Men's Airism Low-Cut Socks  ,Socks,Men,5.9,5.9,False,1,5.9,NETS
ORC-20260630-0301,1,2026-06-30 21:04:37,  Orchard Central  ,TOP-W-03,Women's Silky Satin Blouse,Tops,Women,39.9,39.9,False,1,39.9,card
BUG-20260630-0064,1,2026-06-30 18:15:55,Bugis,SOK-W-03,  Women's Airism Low-Cut Socks  ,Socks,WOMEN,5.9,5.9,False,1,5.9,NETS
ORC-20260630-0332,2,2026-06-30 20:04:19,Orchard Central,SOK-W-02,Women's Pile Crew Socks,Socks,Women,5.9,5.9,False,1,5.9,NETS
ORC-20260630-0176,1,2026-06-30 14:35:43,Orchard Central,TOP-M-01,Men's Airism Cotton Crew Neck T-Shirt,TOPS,Men,14.9,14.9,False,1,$14.9,Cash
PUN-20260630-0538,2,2026-06-30 17:51:57,Punggol,UND-W-04,Women's Airism T-Shirt Bra,UNDERWEAR,Women,29.9,29.9,False,1,29.9,PayNow
ORC-20260630-0297,1,2026-06-30 19:56:10,Orchard Central,UND-M-02,Men's Cotton Blend Trunks,Underwear,Men,14.9,14.9,False,2,29.8,Card
BUG-20260630-0971,2,2026-06-30 15:04:51,Bugis,SOK-M-09,Men's No-Show Sneaker Socks,Socks,Men,4.17,5.9,True,1,4.17,Cash
ORC-20260630-0339,2,2026-06-30 20:15:39,Orchard Central,SOK-W-02,Women's Pile Crew Socks,Socks,Women,5.9,5.9,False,1,$5.9,Card
ORC-20260630-0142,1,2026-06-30 16:23:31,Orchard Central,UND-M-04,Men's Cotton Crew Neck Undershirt,Underwear,Men,14.9,14.9,False,2,29.8,PayNow
PUN-20260630-0401,2,2026-06-30 18:39:40,Punggol,TOP-W-01,Women's Airism Cotton Crew Neck T-Shirt,Tops,Women,14.9,14.9,False,1,14.9,PayNow
ORC-20260630-0480,2,2026-06-30 13:53:21,ORCHARD CENTRAL,UND-W-03,  Women's Cotton Blend Briefs  ,Underwear,women,9.9,9.9,False,1,9.9,
ORC-20260630-0328,2,2026-06-30 19:06:10,Orchard Central,UND-W-01,Women's Airism Bikini Shorts,Underwear,Women,9.9,9.9,False,1,9.9,Cash
ORC-20260630-0760,1,2026-06-30 22:24:30,Orchard Central,UND-M-04,Men's Cotton Crew Neck Undershirt,Underwear,Men,14.9,14.9,False,1,14.9,Card
ORC-20260630-0442,2,2026-06-30 11:10:27,Orchard Central,SOK-M-04,  Men's Ribbed Crew Socks  ,SOCKS,MEN,5.9,5.9,False,1,5.9,NETS
BUG-20260630-0362,1,2026-06-30 21:14:05,Bugis,SOK-M-01,Men's Ankle Socks 3-Pack,Socks,MEN,14.9,14.9,False,2,29.8,Card
BUG-20260630-0382,1,2026-06-30 12:40:35,Bugis,TOP-M-01,Men's Airism Cotton Crew Neck T-Shirt,Tops,Men,$14.9,14.9,False,1,14.9,PayNow
PUN-20260630-0170,2,2026-06-30 19:53:02,Punggol,SOK-M-04,Men's Ribbed Crew Socks,Socks,Men,5.9,5.9,False,1,5.9,NETS
ORC-20260630-0180,1,2026-06-30 19:59:41,  Orchard Central  ,UND-W-01,Women's Airism Bikini Shorts,Underwear,WOMEN,9.9,9.9,False,1,9.9,Paynow
ORC-20260630-0368,2,2026-06-30 12:55:41,Orchard Central,SOK-W-02,Women's Pile Crew Socks,Socks,Women,5.9,5.9,False,1,5.9,Card
ORC-20260630-0998,1,2026-06-30 21:15:10,Orchard Central,TOP-W-01,Women's Airism Cotton Crew Neck T-Shirt,Tops,women,14.9,14.9,False,1,14.9,PayNow
PUN-20260630-0365,2,2026-06-30 17:53:33,Punggol,TOP-W-04,Women's Heattech Crew Neck Long Sleeve Tee,Tops,women,14.9,14.9,False,1,14.9,Card
PUN-20260630-0094,2,2026-06-30 20:10:37,Punggol,SOK-W-04,Women's Ribbed Crew Socks,Socks,Women,5.9,5.9,False,1,5.9,Card
BUG-20260630-0791,1,2026-06-30 15:49:43,  Bugis  ,SOK-W-02,Women's Pile Crew Socks,Socks,Women,5.9,5.9,False,1,5.9,PayNow
BUG-20260630-0009,1,2026-06-30 21:32:15,bugis,SOK-W-01,Women's Ankle Socks 3-Pack,SOCKS,Women,14.9,14.9,False,1,14.9,
ORC-20260630-0024,1,2026-06-30 13:10:01,Orchard Central,SOK-M-05,Men's Sport Ankle Socks,Socks,Men,4.36,5.9,True,1,4.36,PayNow
BUG-20260630-0049,3,2026-06-30 18:15:37,bugis,UND-W-04,Women's Airism T-Shirt Bra,Underwear,Women,29.9,29.9,False,1,29.9,Card
PUN-20260630-0109,2,2026-06-30 21:04:49,Punggol,TOP-W-02,Women's Ribbed Long Sleeve Turtleneck,Tops,Women,$19.9,19.9,False,1,19.9,Card
ORC-20260630-0398,1,2026-06-30 19:12:31,Orchard Central,TOP-M-01,  Men's Airism Cotton Crew Neck T-Shirt  ,tops,Men,14.9,14.9,False,1,14.9,Cash
BUG-20260630-0323,1,2026-06-30 12:36:15,Bugis,TOP-W-06,Women's Linen Blend Short Sleeve Shirt,Tops,Women,19.72,29.9,True,1,19.72,Cash
ORC-20260630-0673,3,2026-06-30 20:44:38,Orchard Central,UND-M-03,Men's Airism Mesh Boxer Briefs,Underwear,Men,14.9,14.9,False,1,14.9,Card
ORC-20260630-1039,1,2026-06-30 14:36:39,orchard central,UND-M-04,Men's Cotton Crew Neck Undershirt,Underwear,Men,14.9,14.9,False,1,14.9,Cash
BUG-20260630-0468,1,2026-06-30 18:55:20,Bugis,SOK-W-04,Women's Ribbed Crew Socks,Socks,Women,5.9,5.9,False,1,5.9,PayNow
ORC-20260630-0317,3,2026-06-30 17:23:10,Orchard Central,SOK-M-01,Men's Ankle Socks 3-Pack,Socks,Men,14.9,14.9,False,1,14.9,NETS
BUG-20260630-0651,2,2026-06-30 12:56:33,Bugis,UND-M-04,Men's Cotton Crew Neck Undershirt,Underwear,Men,14.9,14.9,False,1,14.9,Card
PUN-20260630-0333,3,2026-06-30 15:01:35,Punggol,TOP-W-06,Women's Linen Blend Short Sleeve Shirt,Tops,Women,19.72,29.9,True,1,$19.72,Cash
BUG-20260630-0742,3,2026-06-30 19:19:26,Bugis,BTM-M-01,Men's Ezy Ankle Pants,Bottoms,Men,29.9,29.9,False,1,29.9,Card
BUG-20260630-0718,1,2026-06-30 20:01:31,  Bugis  ,BTM-M-04,Men's Dry Stretch Shorts,Bottoms,Men,19.9,19.9,False,1,19.9,Card
BUG-20260630-0161,1,2026-06-30 18:31:34,Bugis,TOP-M-02,Men's Supima Cotton Polo Shirt,Tops,Men,29.9,29.9,False,1,29.9,PayNow
BUG-20260630-0027,2,2026-06-30 12:11:05,  Bugis  ,SOK-M-09,Men's No-Show Sneaker Socks,Socks,Men,4.17,5.9,True,1,4.17,Card
ORC-20260630-0149,2,2026-06-30 12:46:26,orchard central,UND-W-03,Women's Cotton Blend Briefs,Underwear,Women,9.9,9.9,False,1,9.9,Card
ORC-20260630-0001,1,2026-06-30 11:55:30,Orchard Central,SOK-W-02,Women's Pile Crew Socks,Socks,Women,5.9,5.9,False,1,5.9,Card
BUG-20260630-0541,1,2026-06-30 19:47:34,Bugis,SOK-W-04,  Women's Ribbed Crew Socks  ,Socks,Women,5.9,5.9,False,1,5.9,Cash
ORC-20260630-0593,1,2026-06-30 17:59:42,Orchard Central,SOK-M-04,Men's Ribbed Crew Socks,Socks,men,5.9,5.9,False,1,5.9,Card
BUG-20260630-0883,1,2026-06-30 19:02:48,Bugis,SOK-M-09,Men's No-Show Sneaker Socks,Socks,Men,$4.17,5.9,True,1,4.17,Card
PUN-20260630-0107,2,2026-06-30 18:41:39,Punggol,TOP-W-02,Women's Ribbed Long Sleeve Turtleneck,Tops,Women,19.9,19.9,False,1,19.9,Cash
BUG-20260630-0950,1,2026-06-30 18:15:52,Bugis,TOP-M-02,Men's Supima Cotton Polo Shirt,Tops,Men,29.9,29.9,False,1,29.9,Cash
BUG-20260630-0929,3,2026-06-30 21:44:21,Bugis,SOK-M-09,Men's No-Show Sneaker Socks,Socks,Men,4.17,5.9,True,1,4.17,Card
ORC-20260630-0067,3,2026-06-30 21:47:52,Orchard Central,TOP-W-06,Women's Linen Blend Short Sleeve Shirt,Tops,Women,19.72,29.9,True,1,19.72,PayNow
BUG-20260630-0844,2,2026-06-30 20:35:55,Bugis,TOP-W-02,Women's Ribbed Long Sleeve Turtleneck,Tops,Women,19.9,19.9,False,1,19.9,Card
PUN-20260630-0496,1,2026-06-30 20:38:01,Punggol,SOK-W-02,Women's Pile Crew Socks,Socks,WOMEN,5.9,5.9,False,1,5.9,PayNow
ORC-20260630-0141,1,2026-06-30 16:35:05,  Orchard Central  ,TOP-W-02,Women's Ribbed Long Sleeve Turtleneck,Tops,Women,19.9,19.9,False,1,19.9,Card
ORC-20260630-0394,3,2026-06-30 21:14:21,Orchard Central,UND-M-02,Men's Cotton Blend Trunks,Underwear,Men,14.9,14.9,False,1,14.9,Card
ORC-20260630-0528,1,2026-06-30 13:47:00,ORCHARD CENTRAL,SOK-M-04,Men's Ribbed Crew Socks,Socks,Men,5.9,5.9,False,1,5.9,PayNow
ORC-20260630-0095,1,2026-06-30 18:28:59,Orchard Central,SOK-M-05,Men's Sport Ankle Socks,Socks,Men,4.36,5.9,True,1,4.36,Card
BUG-20260630-0717,2,2026-06-30 13:38:49,Bugis,UND-W-01,Women's Airism Bikini Shorts,Underwear,women,9.9,9.9,False,1,9.9,Card
PUN-20260630-0154,2,2026-06-30 18:22:33,Punggol,SOK-W-01,Women's Ankle Socks 3-Pack,Socks,Women,14.9,14.9,False,1,14.9,paynow
ORC-20260630-0824,1,2026-06-30 21:24:39,Orchard Central,TOP-W-01,Women's Airism Cotton Crew Neck T-Shirt,Tops,Women,14.9,14.9,False,1,14.9,Card
ORC-20260630-0329,2,2026-06-30 11:06:57,Orchard Central,TOP-W-04,Women's Heattech Crew Neck Long Sleeve Tee,Tops,Women,14.9,14.9,False,1,14.9,Cash
BUG-20260630-0324,1,2026-06-30 17:41:46,Bugis,BTM-M-03,Men's Selvedge Regular Fit Jeans,Bottoms,Men,59.9,59.9,False,1,59.9,nets
ORC-20260630-0633,1,2026-06-30 18:37:48,  Orchard Central  ,TOP-M-01,Men's Airism Cotton Crew Neck T-Shirt,Tops,men,14.9,14.9,False,1,14.9,NETS
ORC-20260630-0586,1,2026-06-30 14:26:14,Orchard Central,TOP-M-02,Men's Supima Cotton Polo Shirt,Tops,Men,29.9,29.9,False,1,29.9,PayNow
BUG-20260630-0822,2,2026-06-30 13:01:01,  Bugis  ,SOK-W-03,Women's Airism Low-Cut Socks,Socks,Women,5.9,5.9,False,1,5.9,Card
BUG-20260630-0070,1,2026-06-30 11:18:34,Bugis,SOK-W-02,Women's Pile Crew Socks,Socks,Women,5.9,5.9,False,1,5.9,PAYNOW
ORC-20260630-0602,2,2026-06-30 11:05:38,Orchard Central,BTM-M-03,Men's Selvedge Regular Fit Jeans,bottoms,Men,59.9,59.9,False,1,59.9,PayNow
BUG-20260630-0107,1,2026-06-30 20:31:51,Bugis,SOK-M-09,Men's No-Show Sneaker Socks,Socks,Men,4.17,5.9,True,1,4.17,Card
ORC-20260630-1076,2,2026-06-30 16:24:16,Orchard Central,TOP-M-02,Men's Supima Cotton Polo Shirt,TOPS,Men,29.9,29.9,False,1,29.9,Nets
ORC-20260630-0982,3,2026-06-30 18:23:27,Orchard Central,TOP-W-02,Women's Ribbed Long Sleeve Turtleneck,Tops,Women,19.9,19.9,False,1,19.9,PAYNOW
PUN-20260630-0277,2,2026-06-30 14:08:18,punggol,UND-W-02,Women's Wireless Bra,Underwear,Women,29.9,29.9,False,1,29.9,Card
PUN-20260630-0142,2,2026-06-30 19:34:50,  Punggol  ,SOK-W-02,Women's Pile Crew Socks,Socks,Women,5.9,5.9,False,1,5.9,Card
BUG-20260630-0135,2,2026-06-30 11:40:33,Bugis,SOK-W-03,Women's Airism Low-Cut Socks,Socks,Women,5.9,5.9,False,1,5.9,PayNow
ORC-20260630-0378,1,2026-06-30 12:27:55,orchard central,SOK-M-04,Men's Ribbed Crew Socks,socks,Men,5.9,5.9,False,1,5.9,Cash
BUG-20260630-0576,2,2026-06-30 20:51:49,  Bugis  ,TOP-W-01,Women's Airism Cotton Crew Neck T-Shirt,Tops,Women,14.9,14.9,False,1,14.9,PayNow
ORC-20260630-0344,2,2026-06-30 20:38:14,Orchard Central,SOK-M-02,,Socks,men,5.9,5.9,False,1,5.9,Cash
PUN-20260630-0546,2,2026-06-30 15:12:29,PUNGGOL,UND-W-09,Women's Cotton Boyshorts,Underwear,Women,9.9,9.9,False,1,9.9,Card
PUN-20260630-0023,3,2026-06-30 20:41:00,Punggol,SOK-M-01,Men's Ankle Socks 3-Pack,Socks,Men,14.9,14.9,False,2,29.8,NETS
PUN-20260630-0036,1,2026-06-30 20:40:58,Punggol,TOP-M-01,Men's Airism Cotton Crew Neck T-Shirt,Tops,Men,14.9,14.9,False,1,14.9,card
ORC-20260630-1009,2,2026-06-30 18:39:00,Orchard Central,SOK-M-04,Men's Ribbed Crew Socks,Socks,Men,5.9,5.9,False,1,5.9,PayNow
BUG-20260630-0102,1,2026-06-30 19:47:46,  Bugis  ,SOK-M-04,Men's Ribbed Crew Socks,Socks,Men,5.9,5.9,False,1,5.9,cash
PUN-20260630-0192,1,2026-06-30 20:54:56,Punggol,UND-M-03,  Men's Airism Mesh Boxer Briefs  ,UNDERWEAR,men,14.9,14.9,False,1,14.9,Card
BUG-20260630-0081,1,2026-06-30 20:20:07,bugis,TOP-M-03,Men's Dry-EX Crew Neck T-Shirt,Tops,Men,$19.9,19.9,False,1,19.9,Cash
BUG-20260630-0813,2,2026-06-30 20:52:04,BUGIS,TOP-W-02,Women's Ribbed Long Sleeve Turtleneck,Tops,Women,19.9,19.9,False,1,19.9,Card
ORC-20260630-0494,1,2026-06-30 15:27:22,orchard central,TOP-W-04,Women's Heattech Crew Neck Long Sleeve Tee,Tops,Women,14.9,14.9,False,1,14.9,Card
ORC-20260630-0424,1,2026-06-30 18:59:53,orchard central,SOK-M-04,Men's Ribbed Crew Socks,Socks,Men,5.9,5.9,False,2,11.8,Card
ORC-20260630-0016,3,2026-06-30 19:19:46,Orchard Central,SOK-M-05,Men's Sport Ankle Socks,SOCKS,Men,4.36,5.9,True,2,$8.72,Cash
PUN-20260630-0520,2,2026-06-30 18:06:14,Punggol,SOK-W-04,Women's Ribbed Crew Socks,Socks,Women,5.9,5.9,False,2,11.8,Card
PUN-20260630-0446,3,2026-06-30 21:17:54,Punggol,BTM-W-04,Women's Denim Straight Jeans,Bottoms,Women,49.9,49.9,False,1,49.9,Cash
PUN-20260630-0124,2,2026-06-30 21:21:57,Punggol,SOK-W-03,Women's Airism Low-Cut Socks,Socks,Women,5.9,5.9,False,1,5.9,Card
ORC-20260630-0270,1,2026-06-30 12:38:53,orchard central,TOP-M-02,Men's Supima Cotton Polo Shirt,Tops,Men,29.9,29.9,False,1,29.9,paynow
PUN-20260630-0285,3,2026-06-30 21:01:06,Punggol,TOP-M-10,  Men's Merino Blend V-Neck Sweater  ,Tops,men,39.9,39.9,False,1,39.9,CARD
BUG-20260630-0655,1,2026-06-30 19:43:32,Bugis,SOK-M-04,Men's Ribbed Crew Socks,Socks,men,5.9,5.9,False,1,5.9,Card
ORC-20260630-0986,3,2026-06-30 21:48:08,Orchard Central,TOP-W-02,Women's Ribbed Long Sleeve Turtleneck,Tops,Women,$19.9,19.9,False,1,19.9,Card
ORC-20260630-0010,1,2026-06-30 14:37:16,Orchard Central,SOK-W-01,Women's Ankle Socks 3-Pack,socks,women,14.9,14.9,False,1,14.9,card
BUG-20260630-0896,1,2026-06-30 18:33:01,Bugis,SOK-W-02,Women's Pile Crew Socks,Socks,Women,5.9,5.9,False,1,5.9,PayNow
BUG-20260630-0198,1,2026-06-30 13:36:32,BUGIS,UND-W-01,Women's Airism Bikini Shorts,UNDERWEAR,Women,9.9,9.9,False,1,9.9,NETS
PUN-20260630-0271,1,2026-06-30 11:15:34,Punggol,SOK-W-03,Women's Airism Low-Cut Socks,Socks,Women,5.9,5.9,False,1,5.9,PAYNOW
BUG-20260630-0681,2,2026-06-30 19:41:52,Bugis,BTM-W-02,Women's High-Rise Wide Leg Pants,Bottoms,Women,39.9,39.9,False,1,39.9,PayNow
ORC-20260630-0213,2,2026-06-30 22:10:01,Orchard Central,UND-M-04,Men's Cotton Crew Neck Undershirt,underwear,Men,14.9,14.9,False,1,14.9,PayNow
ORC-20260630-0252,3,2026-06-30 18:02:37,Orchard Central,UND-M-01,Men's Airism Boxer Briefs,underwear,Men,$14.9,14.9,False,1,14.9,Card
PUN-20260630-0593,2,2026-06-30 19:07:56,Punggol,SOK-W-06,Women's Heattech Socks,Socks,Women,9.9,9.9,False,2,19.8,Card
BUG-20260630-0016,1,2026-06-30 16:45:23,Bugis,SOK-M-03,Men's Airism Low-Cut Socks,Socks,Men,5.9,5.9,False,1,5.9,NETS
ORC-20260630-0291,3,2026-06-30 17:23:28,ORCHARD CENTRAL,SOK-W-02,Women's Pile Crew Socks,Socks,Women,5.9,5.9,False,1,5.9,Card
BUG-20260630-0640,3,2026-06-30 21:02:19,Bugis,UND-M-02,Men's Cotton Blend Trunks,Underwear,Men,14.9,14.9,False,1,14.9,Card
ORC-20260630-0604,2,2026-06-30 17:06:16,  Orchard Central  ,UND-M-01,Men's Airism Boxer Briefs,Underwear,Men,14.9,14.9,False,1,14.9,Card
BUG-20260630-0511,2,2026-06-30 11:20:45,Bugis,TOP-M-01,Men's Airism Cotton Crew Neck T-Shirt,Tops,Men,14.9,14.9,False,1,14.9,PayNow
BUG-20260630-0601,1,2026-06-30 11:11:14,Bugis,SOK-M-03,Men's Airism Low-Cut Socks,Socks,Men,5.9,5.9,False,1,5.9,Card
PUN-20260630-0332,3,2026-06-30 16:21:26,Punggol,SOK-W-03,Women's Airism Low-Cut Socks,Socks,Women,5.9,5.9,False,2,11.8,Cash
ORC-20260630-0979,1,2026-06-30 21:13:19,Orchard Central,TOP-W-02,Women's Ribbed Long Sleeve Turtleneck,Tops,Women,19.9,19.9,False,1,19.9,NETS
ORC-20260630-0900,1,2026-06-30 19:53:26,Orchard Central,UND-M-03,Men's Airism Mesh Boxer Briefs,Underwear,Men,14.9,14.9,False,1,14.9,NETS
BUG-20260630-0203,1,2026-06-30 17:01:07,Bugis,UND-W-03,Women's Cotton Blend Briefs,Underwear,Women,9.9,9.9,False,1,9.9,Card
ORC-20260630-0408,1,2026-06-30 20:12:33,Orchard Central,SOK-M-02,Men's Pile Crew Socks,Socks,Men,5.9,5.9,False,1,5.9,PayNow
BUG-20260630-0398,2,2026-06-30 20:46:54,Bugis,SOK-W-01,Women's Ankle Socks 3-Pack,Socks,Women,14.9,14.9,False,1,$14.9,cash
BUG-20260630-0696,1,2026-06-30 22:02:03,Bugis,SOK-W-02,Women's Pile Crew Socks,Socks,Women,5.9,5.9,False,1,5.9,NETS
PUN-20260630-0043,3,2026-06-30 12:13:54,Punggol,SOK-M-04,Men's Ribbed Crew Socks,Socks,Men,5.9,5.9,False,2,11.8,NETS
BUG-20260630-0856,1,2026-06-30 12:15:54,Bugis,UND-W-04,Women's Airism T-Shirt Bra,underwear,Women,29.9,29.9,False,1,29.9,Card
BUG-20260630-0761,2,2026-06-30 21:14:01,Bugis,UND-M-02,Men's Cotton Blend Trunks,Underwear,Men,14.9,14.9,False,1,14.9,NETS
ORC-20260630-0755,2,2026-06-30 19:22:06,Orchard Central,SOK-M-01,Men's Ankle Socks 3-Pack,Socks,Men,$14.9,14.9,False,1,14.9,
ORC-20260630-0339,1,2026-06-30 20:15:39,  Orchard Central  ,UND-W-03,Women's Cotton Blend Briefs,Underwear,Women,9.9,9.9,False,1,9.9,card
PUN-20260630-0019,3,2026-06-30 14:18:49,Punggol,SOK-M-04,Men's Ribbed Crew Socks,Socks,men,5.9,5.9,False,2,$11.8,PayNow
ORC-20260630-0922,2,2026-06-30 21:51:59,Orchard Central,UND-W-01,Women's Airism Bikini Shorts,UNDERWEAR,Women,9.9,9.9,False,1,9.9,PayNow
ORC-20260630-0675,2,2026-06-30 20:18:01,Orchard Central,SOK-M-04,Men's Ribbed Crew Socks,Socks,Men,5.9,5.9,False,1,5.9,card
PUN-20260630-0421,1,2026-06-30 18:25:04,Punggol,UND-W-01,Women's Airism Bikini Shorts,Underwear,Women,9.9,9.9,False,1,9.9,Card
ORC-20260630-0040,1,2026-06-30 16:11:39,orchard central,SOK-W-02,Women's Pile Crew Socks,socks,Women,5.9,5.9,False,1,$5.9,Card
BUG-20260630-0526,1,2026-06-30 18:20:34,Bugis,SOK-M-03,Men's Airism Low-Cut Socks,Socks,MEN,5.9,5.9,False,1,5.9,CARD
ORC-20260630-0887,1,2026-06-30 16:23:19,Orchard Central,TOP-W-06,Women's Linen Blend Short Sleeve Shirt,Tops,Women,19.72,29.9,True,1,19.72,Card
BUG-20260630-0809,1,2026-06-30 18:45:16,Bugis,TOP-W-01,Women's Airism Cotton Crew Neck T-Shirt,Tops,WOMEN,14.9,14.9,False,1,14.9,card
ORC-20260630-0293,1,2026-06-30 18:16:00,Orchard Central,UND-W-03,  Women's Cotton Blend Briefs  ,Underwear,Women,9.9,9.9,False,1,9.9,PayNow
BUG-20260630-0186,1,2026-06-30 16:04:47,Bugis,TOP-M-04,Men's Oxford Long Sleeve Shirt,Tops,Men,29.9,29.9,False,1,29.9,Card
ORC-20260630-0436,3,2026-06-30 18:47:44,Orchard Central,UND-M-04,Men's Cotton Crew Neck Undershirt,Underwear,Men,14.9,14.9,False,1,14.9,PayNow
ORC-20260630-0891,1,2026-06-30 21:44:52,Orchard Central,TOP-W-06,Women's Linen Blend Short Sleeve Shirt,Tops,Women,19.72,29.9,True,1,19.72,Cash
BUG-20260630-0750,1,2026-06-30 16:08:54,Bugis,UND-M-03,  Men's Airism Mesh Boxer Briefs  ,Underwear,Men,14.9,14.9,False,1,14.9,card
BUG-20260630-0516,1,2026-06-30 20:58:11,Bugis,SOK-M-01,Men's Ankle Socks 3-Pack,Socks,Men,14.9,14.9,False,1,14.9,Card
PUN-20260630-0335,2,2026-06-30 21:01:40,Punggol,UND-W-09,Women's Cotton Boyshorts,UNDERWEAR,Women,9.9,9.9,False,1,9.9,
ORC-20260630-0323,1,2026-06-30 22:00:34,Orchard Central,SOK-W-01,Women's Ankle Socks 3-Pack,Socks,Women,14.9,14.9,False,1,14.9,PayNow
BUG-20260630-0840,1,2026-06-30 15:58:05,  Bugis  ,SOK-W-02,  Women's Pile Crew Socks  ,Socks,Women,5.9,5.9,False,1,5.9,Card
ORC-20260630-0268,2,2026-06-30 20:50:06,Orchard Central,TOP-W-01,Women's Airism Cotton Crew Neck T-Shirt,TOPS,Women,14.9,14.9,False,1,$14.9,Card
BUG-20260630-0836,2,2026-06-30 18:20:54,Bugis,TOP-W-04,Women's Heattech Crew Neck Long Sleeve Tee,Tops,Women,14.9,14.9,False,1,14.9,PayNow
ORC-20260630-0892,1,2026-06-30 12:10:42,Orchard Central,SOK-W-02,Women's Pile Crew Socks,Socks,Women,5.9,5.9,False,2,11.8,Card
ORC-20260630-0661,2,2026-06-30 21:33:37,Orchard Central,SOK-W-02,Women's Pile Crew Socks,Socks,WOMEN,5.9,5.9,False,2,11.8,Cash
BUG-20260630-0700,1,2026-06-30 21:24:51,Bugis,BTM-M-04,Men's Dry Stretch Shorts,Bottoms,Men,19.9,19.9,False,1,19.9,PayNow
ORC-20260630-0262,2,2026-06-30 20:20:47,Orchard Central,SOK-W-01,Women's Ankle Socks 3-Pack,Socks,Women,14.9,14.9,False,2,29.8,Card
BUG-20260630-0009,2,2026-06-30 21:32:15,Bugis,SOK-W-04,Women's Ribbed Crew Socks,Socks,Women,5.9,5.9,False,2,11.8,Card
ORC-20260630-0574,1,2026-06-30 17:53:36,Orchard Central,SOK-M-01,Men's Ankle Socks 3-Pack,Socks,Men,14.9,14.9,False,1,14.9,Card
BUG-20260630-0200,2,2026-06-30 16:52:47,Bugis,TOP-M-04,Men's Oxford Long Sleeve Shirt,Tops,Men,29.9,29.9,False,1,29.9,CASH
PUN-20260630-0115,2,2026-06-30 12:47:01,Punggol,TOP-M-01,Men's Airism Cotton Crew Neck T-Shirt,Tops,Men,14.9,14.9,False,1,14.9,NETS
ORC-20260630-0365,1,2026-06-30 19:40:35,Orchard Central,SOK-M-01,Men's Ankle Socks 3-Pack,Socks,Men,14.9,14.9,False,2,29.8,PayNow
ORC-20260630-0079,1,2026-06-30 21:55:00,Orchard Central,UND-W-03,Women's Cotton Blend Briefs,Underwear,Women,9.9,9.9,False,2,19.8,Card
BUG-20260630-0287,1,2026-06-30 20:08:47,bugis,UND-W-03,Women's Cotton Blend Briefs,Underwear,Women,9.9,9.9,False,1,9.9,Card
PUN-20260630-0528,2,2026-06-30 20:36:13,Punggol,SOK-M-03,Men's Airism Low-Cut Socks,Socks,Men,5.9,5.9,False,1,5.9,Card
ORC-20260630-0648,3,2026-06-30 17:17:34,Orchard Central,BTM-M-04,Men's Dry Stretch Shorts,bottoms,men,19.9,19.9,False,1,19.9,Card
PUN-20260630-0072,1,2026-06-30 20:16:11,Punggol,SOK-M-04,Men's Ribbed Crew Socks,Socks,Men,5.9,5.9,False,1,5.9,card
BUG-20260630-0783,2,2026-06-30 20:52:18,Bugis,SOK-W-02,Women's Pile Crew Socks,Socks,Women,5.9,5.9,False,2,11.8,Card
ORC-20260630-0749,1,2026-06-30 21:29:28,Orchard Central,BTM-W-03,Women's Ezy Ankle Pants,Bottoms,WOMEN,29.9,29.9,False,1,29.9,Card
ORC-20260630-1022,1,2026-06-30 19:28:37,Orchard Central,BTM-M-02,Men's Slim Fit Chino Trousers,BOTTOMS,MEN,29.9,29.9,False,1,29.9,PayNow
ORC-20260630-0511,1,2026-06-30 16:33:50,  Orchard Central  ,SOK-M-04,Men's Ribbed Crew Socks,Socks,Men,5.9,5.9,False,1,5.9,Cash
BUG-20260630-0454,2,2026-06-30 20:15:45,Bugis,UND-W-01,Women's Airism Bikini Shorts,Underwear,Women,9.9,9.9,False,1,9.9,NETS
BUG-20260630-0869,1,2026-06-30 22:33:22,Bugis,SOK-M-04,Men's Ribbed Crew Socks,Socks,MEN,5.9,5.9,False,2,11.8,Cash
ORC-20260630-0120,3,2026-06-30 19:18:16,Orchard Central,UND-W-03,Women's Cotton Blend Briefs,Underwear,Women,9.9,9.9,False,1,9.9,NETS
BUG-20260630-0469,3,2026-06-30 13:10:47,Bugis,SOK-M-07,Men's Striped Crew Socks,Socks,Men,$5.9,5.9,False,1,5.9,Card
PUN-20260630-0071,2,2026-06-30 18:24:46,Punggol,SOK-M-02,  Men's Pile Crew Socks  ,Socks,Men,5.9,5.9,False,2,11.8,Card
ORC-20260630-0920,3,2026-06-30 12:07:29,Orchard Central,SOK-M-03,Men's Airism Low-Cut Socks,Socks,Men,5.9,5.9,False,1,5.9,Card
ORC-20260630-0939,1,2026-06-30 11:01:31,Orchard Central,UND-M-02,Men's Cotton Blend Trunks,Underwear,Men,14.9,14.9,False,1,14.9,Cash
ORC-20260630-0643,2,2026-06-30 20:30:52,orchard central,TOP-W-04,Women's Heattech Crew Neck Long Sleeve Tee,Tops,WOMEN,14.9,14.9,False,1,14.9,NETS
PUN-20260630-0581,3,2026-06-30 19:48:37,Punggol,SOK-M-04,Men's Ribbed Crew Socks,Socks,Men,5.9,5.9,False,1,5.9,NETS
ORC-20260630-0876,3,2026-06-30 12:33:00,Orchard Central,SOK-M-03,Men's Airism Low-Cut Socks,Socks,Men,5.9,5.9,False,1,5.9,Card
PUN-20260630-0454,1,2026-06-30 19:15:24,Punggol,SOK-W-04,Women's Ribbed Crew Socks,Socks,Women,5.9,5.9,False,2,11.8,CARD
PUN-20260630-0532,1,2026-06-30 18:10:54,Punggol,SOK-W-02,Women's Pile Crew Socks,Socks,Women,5.9,5.9,False,1,5.9,Card
BUG-20260630-0601,2,2026-06-30 11:11:14,Bugis,BTM-W-03,Women's Ezy Ankle Pants,Bottoms,Women,29.9,29.9,False,1,29.9,Card
ORC-20260630-0745,1,2026-06-30 21:40:14,Orchard Central,UND-M-09,Men's Heattech Long Johns,Underwear,Men,19.9,19.9,False,1,19.9,Card
PUN-20260630-0001,1,2026-06-30 15:42:41,Punggol,SOK-M-04,Men's Ribbed Crew Socks,SOCKS,Men,5.9,5.9,False,1,5.9,Card
ORC-20260630-0370,2,2026-06-30 21:18:53,ORCHARD CENTRAL,SOK-M-02,Men's Pile Crew Socks,SOCKS,Men,5.9,5.9,False,1,5.9,Card
ORC-20260630-0953,1,2026-06-30 19:06:57,Orchard Central,UND-W-01,Women's Airism Bikini Shorts,Underwear,Women,9.9,9.9,False,1,9.9,Card
ORC-20260630-0732,2,2026-06-30 18:42:59,Orchard Central,BTM-W-10,Women's High Waist Denim Shorts,Bottoms,Women,29.9,29.9,False,1,29.9,NETS
BUG-20260630-0943,1,2026-06-30 20:43:45,Bugis,UND-W-03,Women's Cotton Blend Briefs,Underwear,Women,9.9,9.9,False,1,9.9,Card
BUG-20260630-0205,2,2026-06-30 19:41:13,Bugis,UND-W-02,Women's Wireless Bra,Underwear,Women,29.9,29.9,False,1,29.9,Card
PUN-20260630-0246,3,2026-06-30 11:27:36,Punggol,BTM-M-06,Men's Jersey Jogger Pants,Bottoms,Men,29.9,29.9,False,1,29.9,Card
PUN-20260630-0516,1,2026-06-30 17:19:50,Punggol,BTM-M-02,Men's Slim Fit Chino Trousers,Bottoms,Men,29.9,29.9,False,1,29.9,Card
ORC-20260630-0772,1,2026-06-30 22:41:15,orchard central,BTM-W-04,Women's Denim Straight Jeans,Bottoms,Women,49.9,49.9,False,1,49.9,CARD
PUN-20260630-0534,2,2026-06-30 19:54:07,Punggol,SOK-W-04,Women's Ribbed Crew Socks,Socks,Women,5.9,5.9,False,1,5.9,PayNow
ORC-20260630-0756,1,2026-06-30 22:33:01,  Orchard Central  ,SOK-W-01,Women's Ankle Socks 3-Pack,Socks,Women,14.9,14.9,False,1,14.9,
ORC-20260630-0356,1,2026-06-30 12:07:44,Orchard Central,UND-M-04,  Men's Cotton Crew Neck Undershirt  ,Underwear,Men,14.9,14.9,False,1,14.9,Card
ORC-20260630-0953,2,2026-06-30 19:06:57,orchard central,TOP-W-01,Women's Airism Cotton Crew Neck T-Shirt,Tops,Women,14.9,14.9,False,1,14.9,Card
PUN-20260630-0008,1,2026-06-30 13:59:12,Punggol,SOK-M-01,Men's Ankle Socks 3-Pack,Socks,Men,14.9,14.9,False,1,14.9,Card
BUG-20260630-0767,2,2026-06-30 20:05:19,Bugis,SOK-W-04,Women's Ribbed Crew Socks,Socks,Women,5.9,5.9,False,1,5.9,PayNow
BUG-20260630-0296,1,2026-06-30 16:48:09,Bugis,SOK-W-01,Women's Ankle Socks 3-Pack,Socks,Women,14.9,14.9,False,1,14.9,NETS
BUG-20260630-0041,1,2026-06-30 19:50:16,Bugis,BTM-M-02,Men's Slim Fit Chino Trousers,Bottoms,Men,$29.9,29.9,False,1,29.9,Card
BUG-20260630-0937,3,2026-06-30 20:08:08,Bugis,SOK-M-03,Men's Airism Low-Cut Socks,Socks,Men,5.9,5.9,False,1,5.9,PayNow
PUN-20260630-0055,1,2026-06-30 19:21:57,  Punggol  ,SOK-M-03,Men's Airism Low-Cut Socks,Socks,Men,5.9,5.9,False,1,5.9,Card
PUN-20260630-0382,1,2026-06-30 21:22:12,Punggol,SOK-W-04,Women's Ribbed Crew Socks,Socks,Women,5.9,5.9,False,1,5.9,NETS
ORC-20260630-0314,1,2026-06-30 14:08:46,Orchard Central,UND-W-04,,Underwear,Women,29.9,29.9,False,1,29.9,Card
BUG-20260630-0570,1,2026-06-30 12:25:34,  Bugis  ,TOP-W-01,Women's Airism Cotton Crew Neck T-Shirt,Tops,Women,14.9,14.9,False,1,14.9,Card
PUN-20260630-0324,2,2026-06-30 21:30:29,Punggol,SOK-W-02,Women's Pile Crew Socks,SOCKS,Women,5.9,5.9,False,1,5.9,cash
BUG-20260630-0576,3,2026-06-30 20:51:49,Bugis,UND-W-01,  Women's Airism Bikini Shorts  ,Underwear,Women,9.9,9.9,False,1,9.9,PayNow
PUN-20260630-0040,2,2026-06-30 14:27:47,punggol,UND-M-03,Men's Airism Mesh Boxer Briefs,Underwear,MEN,14.9,14.9,False,1,14.9,Card
BUG-20260630-0611,1,2026-06-30 22:13:14,Bugis,SOK-M-01,Men's Ankle Socks 3-Pack,Socks,MEN,14.9,14.9,False,2,29.8,Card
BUG-20260630-0834,1,2026-06-30 18:24:46,Bugis,UND-M-04,Men's Cotton Crew Neck Undershirt,Underwear,Men,14.9,14.9,False,1,14.9,PayNow
BUG-20260630-0662,3,2026-06-30 13:48:03,Bugis,SOK-W-02,Women's Pile Crew Socks,Socks,Women,5.9,5.9,False,1,$5.9,Card
ORC-20260630-0027,1,2026-06-30 19:00:43,Orchard Central,SOK-W-04,Women's Ribbed Crew Socks,Socks,Women,5.9,5.9,False,1,5.9,NETS
ORC-20260630-0174,1,2026-06-30 20:50:55,Orchard Central,SOK-W-02,Women's Pile Crew Socks,Socks,Women,5.9,5.9,False,1,5.9,Card
PUN-20260630-0270,3,2026-06-30 17:21:18,Punggol,SOK-M-03,Men's Airism Low-Cut Socks,Socks,Men,5.9,5.9,False,1,$5.9,PayNow
BUG-20260630-0292,2,2026-06-30 14:17:17,Bugis,SOK-M-04,Men's Ribbed Crew Socks,SOCKS,Men,5.9,5.9,False,1,5.9,NETS
BUG-20260630-0639,1,2026-06-30 19:45:28,Bugis,SOK-W-04,,Socks,Women,5.9,5.9,False,1,5.9,NETS
PUN-20260630-0344,1,2026-06-30 21:55:24,Punggol,TOP-W-01,Women's Airism Cotton Crew Neck T-Shirt,TOPS,Women,14.9,14.9,False,1,14.9,Card
PUN-20260630-0176,1,2026-06-30 19:16:49,Punggol,TOP-M-01,Men's Airism Cotton Crew Neck T-Shirt,tops,Men,14.9,14.9,False,1,14.9,Card
ORC-20260630-0672,2,2026-06-30 21:25:56,Orchard Central,SOK-M-04,  Men's Ribbed Crew Socks  ,Socks,Men,5.9,5.9,False,1,5.9,card
BUG-20260630-0592,1,2026-06-30 18:53:21,Bugis,SOK-M-02,Men's Pile Crew Socks,Socks,Men,5.9,5.9,False,2,11.8,Card
ORC-20260630-0488,2,2026-06-30 20:19:15,Orchard Central,SOK-M-03,Men's Airism Low-Cut Socks,SOCKS,Men,5.9,5.9,False,2,11.8,Card
BUG-20260630-0168,3,2026-06-30 20:10:32,Bugis,UND-M-03,Men's Airism Mesh Boxer Briefs,Underwear,Men,14.9,14.9,False,1,14.9,CARD
PUN-20260630-0349,1,2026-06-30 20:47:29,Punggol,SOK-M-02,Men's Pile Crew Socks,Socks,Men,5.9,5.9,False,1,5.9,NETS
ORC-20260630-0215,3,2026-06-30 19:46:09,Orchard Central,SOK-W-04,Women's Ribbed Crew Socks,Socks,Women,5.9,5.9,False,1,5.9,Card
ORC-20260630-0383,2,2026-06-30 20:14:19,Orchard Central,TOP-W-06,Women's Linen Blend Short Sleeve Shirt,Tops,Women,19.72,29.9,True,1,19.72,Card
PUN-20260630-0082,2,2026-06-30 21:58:02,Punggol,UND-W-03,Women's Cotton Blend Briefs,Underwear,Women,9.9,9.9,False,1,9.9,PayNow
ORC-20260630-0134,2,2026-06-30 21:12:18,Orchard Central,BTM-M-05,Men's Wide Fit Cargo Pants,Bottoms,Men,39.9,39.9,False,1,39.9,PayNow
PUN-20260630-0483,1,2026-06-30 12:41:00,Punggol,SOK-M-01,Men's Ankle Socks 3-Pack,Socks,Men,14.9,14.9,False,1,14.9,Card
PUN-20260630-0553,3,2026-06-30 18:56:07,Punggol,UND-M-03,Men's Airism Mesh Boxer Briefs,Underwear,Men,14.9,14.9,False,1,14.9,card
ORC-20260630-0384,1,2026-06-30 18:49:04,Orchard Central,TOP-W-01,Women's Airism Cotton Crew Neck T-Shirt,TOPS,Women,14.9,14.9,False,1,14.9,Card
PUN-20260630-0383,2,2026-06-30 14:50:14,Punggol,SOK-M-02,Men's Pile Crew Socks,Socks,men,5.9,5.9,False,2,11.8,paynow
BUG-20260630-0590,1,2026-06-30 22:14:32,Bugis,SOK-M-02,Men's Pile Crew Socks,Socks,Men,5.9,5.9,False,1,5.9,cash
BUG-20260630-0549,1,2026-06-30 19:39:23,BUGIS,SOK-M-09,Men's No-Show Sneaker Socks,Socks,Men,4.17,5.9,True,1,4.17,NETS
PUN-20260630-0438,3,2026-06-30 18:33:29,Punggol,SOK-M-02,Men's Pile Crew Socks,Socks,Men,5.9,5.9,False,1,5.9,NETS
BUG-20260630-0097,1,2026-06-30 18:50:37,Bugis,SOK-W-02,Women's Pile Crew Socks,Socks,WOMEN,5.9,5.9,False,1,$5.9,Cash
BUG-20260630-0763,1,2026-06-30 19:19:10,Bugis,SOK-M-09,Men's No-Show Sneaker Socks,Socks,Men,4.17,5.9,True,1,4.17,Card
ORC-20260630-0860,3,2026-06-30 16:27:40,Orchard Central,TOP-W-01,Women's Airism Cotton Crew Neck T-Shirt,Tops,Women,14.9,14.9,False,1,14.9,Card
BUG-20260630-0826,2,2026-06-30 17:01:14,Bugis,BTM-W-03,Women's Ezy Ankle Pants,Bottoms,Women,29.9,29.9,False,1,29.9,Card
PUN-20260630-0130,1,2026-06-30 17:00:10,Punggol,SOK-W-02,Women's Pile Crew Socks,Socks,WOMEN,5.9,5.9,False,1,5.9,Card
ORC-20260630-0735,2,2026-06-30 20:19:50,orchard central,SOK-M-05,Men's Sport Ankle Socks,Socks,Men,4.36,5.9,True,1,4.36,PayNow
ORC-20260630-0922,1,2026-06-30 21:51:59,orchard central,SOK-M-02,Men's Pile Crew Socks,Socks,Men,5.9,5.9,False,1,5.9,PayNow
BUG-20260630-0270,1,2026-06-30 21:09:34,Bugis,BTM-W-06,Women's Jersey Jogger Pants,Bottoms,Women,29.9,29.9,False,1,29.9,PayNow
ORC-20260630-0145,2,2026-06-30 17:24:58,ORCHARD CENTRAL,UND-W-01,Women's Airism Bikini Shorts,Underwear,Women,9.9,9.9,False,1,9.9,Cash
PUN-20260630-0322,1,2026-06-30 12:38:53,PUNGGOL,SOK-W-04,Women's Ribbed Crew Socks,Socks,WOMEN,5.9,5.9,False,1,5.9,paynow
ORC-20260630-0223,2,2026-06-30 18:21:06,Orchard Central,BTM-M-04,Men's Dry Stretch Shorts,Bottoms,Men,19.9,19.9,False,1,19.9,NETS
PUN-20260630-0418,1,2026-06-30 17:47:48,Punggol,UND-W-01,Women's Airism Bikini Shorts,Underwear,Women,9.9,9.9,False,1,9.9,NETS
PUN-20260630-0025,2,2026-06-30 14:03:12,Punggol,BTM-M-01,  Men's Ezy Ankle Pants  ,bottoms,Men,29.9,29.9,False,1,29.9,NETS
PUN-20260630-0460,2,2026-06-30 18:11:25,Punggol,SOK-W-04,Women's Ribbed Crew Socks,SOCKS,Women,5.9,5.9,False,1,5.9,NETS
BUG-20260630-0307,2,2026-06-30 21:52:34,BUGIS,TOP-M-02,Men's Supima Cotton Polo Shirt,Tops,Men,29.9,29.9,False,1,29.9,Card
BUG-20260630-0384,1,2026-06-30 18:23:13,Bugis,UND-W-04,Women's Airism T-Shirt Bra,Underwear,Women,29.9,29.9,False,1,29.9,NETS
ORC-20260630-0674,1,2026-06-30 17:35:52,Orchard Central,UND-M-10,  Men's Cotton Blend Briefs  ,Underwear,MEN,9.9,9.9,False,1,9.9,Cash
BUG-20260630-0006,1,2026-06-30 20:48:37,  BUGIS  ,SOK-W-03,Women's Airism Low-Cut Socks,Socks,Women,5.9,5.9,False,1,5.9,Cash
ORC-20260630-0060,2,2026-06-30 20:14:55,Orchard Central,TOP-W-04,  Women's Heattech Crew Neck Long Sleeve Tee  ,TOPS,Women,14.9,14.9,False,1,14.9,CASH
ORC-20260630-0154,1,2026-06-30 20:27:31,Orchard Central,TOP-W-01,Women's Airism Cotton Crew Neck T-Shirt,Tops,Women,14.9,14.9,False,1,14.9,NETS
PUN-20260630-0249,1,2026-06-30 20:41:43,Punggol,SOK-W-03,Women's Airism Low-Cut Socks,Socks,women,5.9,5.9,False,1,5.9,Cash
ORC-20260630-0734,2,2026-06-30 11:51:57,Orchard Central,UND-M-01,Men's Airism Boxer Briefs,Underwear,men,14.9,14.9,False,1,14.9,Card
BUG-20260630-0059,2,2026-06-30 13:05:14,Bugis,SOK-W-03,Women's Airism Low-Cut Socks,Socks,Women,5.9,5.9,False,1,5.9,Cash
ORC-20260630-0296,3,2026-06-30 13:18:50,Orchard Central,BTM-M-04,Men's Dry Stretch Shorts,Bottoms,Men,19.9,19.9,False,1,19.9,paynow
PUN-20260630-0465,1,2026-06-30 12:36:00,Punggol,SOK-M-02,Men's Pile Crew Socks,Socks,Men,5.9,5.9,False,1,5.9,PayNow
PUN-20260630-0317,3,2026-06-30 17:39:10,Punggol,UND-M-03,Men's Airism Mesh Boxer Briefs,Underwear,Men,14.9,14.9,False,2,29.8,PayNow
BUG-20260630-0504,1,2026-06-30 16:22:24,Bugis,UND-M-04,  Men's Cotton Crew Neck Undershirt  ,Underwear,Men,14.9,14.9,False,1,14.9,Card
PUN-20260630-0170,1,2026-06-30 19:53:02,Punggol,SOK-M-04,Men's Ribbed Crew Socks,Socks,Men,5.9,5.9,False,1,5.9,NETS
BUG-20260630-0185,1,2026-06-30 16:16:03,bugis,BTM-W-01,Women's Ultra Stretch Skinny Jeans,Bottoms,Women,39.9,39.9,False,1,$39.9,nets
BUG-20260630-0096,1,2026-06-30 22:28:27,Bugis,SOK-M-04,Men's Ribbed Crew Socks,socks,Men,5.9,5.9,False,1,5.9,NETS
ORC-20260630-0137,1,2026-06-30 20:57:20,Orchard Central,SOK-M-04,Men's Ribbed Crew Socks,Socks,Men,5.9,5.9,False,1,5.9,Card
PUN-20260630-0235,1,2026-06-30 14:01:54,Punggol,SOK-W-01,Women's Ankle Socks 3-Pack,Socks,women,14.9,14.9,False,1,14.9,Cash
ORC-20260630-0326,2,2026-06-30 17:30:32,orchard central,SOK-W-04,Women's Ribbed Crew Socks,socks,Women,5.9,5.9,False,1,5.9,card
BUG-20260630-0173,3,2026-06-30 19:42:00,Bugis,SOK-W-02,Women's Pile Crew Socks,Socks,women,5.9,5.9,False,1,5.9,Card
ORC-20260630-0395,1,2026-06-30 17:43:22,Orchard Central,UND-W-01,Women's Airism Bikini Shorts,Underwear,Women,9.9,9.9,False,1,9.9,PayNow
BUG-20260630-0560,2,2026-06-30 19:09:47,Bugis,SOK-M-01,Men's Ankle Socks 3-Pack,Socks,Men,14.9,14.9,False,1,14.9,NETS
PUN-20260630-0095,1,2026-06-30 21:56:20,  Punggol  ,BTM-W-03,Women's Ezy Ankle Pants,Bottoms,women,29.9,29.9,False,1,$29.9,NETS
PUN-20260630-0474,2,2026-06-30 20:14:08,Punggol,SOK-M-02,Men's Pile Crew Socks,socks,Men,5.9,5.9,False,1,5.9,Card
BUG-20260630-0716,2,2026-06-30 20:58:19,Bugis,SOK-W-02,Women's Pile Crew Socks,Socks,Women,5.9,5.9,False,1,5.9,Card
BUG-20260630-0942,3,2026-06-30 19:21:36,Bugis,SOK-M-09,Men's No-Show Sneaker Socks,Socks,Men,4.17,5.9,True,1,4.17,paynow
BUG-20260630-0466,1,2026-06-30 19:26:42,Bugis,BTM-W-03,Women's Ezy Ankle Pants,BOTTOMS,Women,29.9,29.9,False,1,29.9,Card
BUG-20260630-0718,2,2026-06-30 20:01:31,Bugis,SOK-M-02,Men's Pile Crew Socks,Socks,Men,$5.9,5.9,False,1,5.9,
BUG-20260630-0047,1,2026-06-30 18:33:55,Bugis,SOK-W-04,  Women's Ribbed Crew Socks  ,Socks,Women,5.9,5.9,False,1,5.9,Card
BUG-20260630-0028,3,2026-06-30 17:14:59,Bugis,UND-W-04,Women's Airism T-Shirt Bra,Underwear,Women,29.9,29.9,False,1,29.9,Cash
ORC-20260630-0623,1,2026-06-30 17:19:19,Orchard Central,TOP-W-04,Women's Heattech Crew Neck Long Sleeve Tee,Tops,Women,14.9,14.9,False,1,14.9,Card
BUG-20260630-0090,1,2026-06-30 18:08:39,Bugis,SOK-M-09,Men's No-Show Sneaker Socks,Socks,Men,4.17,5.9,True,1,4.17,PayNow
ORC-20260630-0020,1,2026-06-30 20:29:08,Orchard Central,SOK-M-02,Men's Pile Crew Socks,Socks,Men,5.9,5.9,False,1,5.9,NETS
BUG-20260630-0857,2,2026-06-30 14:37:27,Bugis,SOK-W-06,Women's Heattech Socks,Socks,Women,9.9,9.9,False,1,9.9,paynow
PUN-20260630-0262,1,2026-06-30 17:12:29,Punggol,SOK-M-02,Men's Pile Crew Socks,Socks,Men,5.9,5.9,False,1,5.9,Cash
PUN-20260630-0347,3,2026-06-30 14:55:16,Punggol,SOK-W-02,Women's Pile Crew Socks,Socks,Women,5.9,5.9,False,1,5.9,Cash
BUG-20260630-0630,1,2026-06-30 17:40:24,Bugis,TOP-W-06,Women's Linen Blend Short Sleeve Shirt,Tops,women,19.72,29.9,True,1,19.72,PayNow
PUN-20260630-0038,1,2026-06-30 19:28:12,Punggol,SOK-W-03,Women's Airism Low-Cut Socks,Socks,Women,5.9,5.9,False,1,5.9,Card
BUG-20260630-0629,1,2026-06-30 12:15:59,Bugis,UND-W-02,Women's Wireless Bra,Underwear,Women,29.9,29.9,False,1,29.9,PayNow
BUG-20260630-0860,3,2026-06-30 18:27:51,BUGIS,TOP-W-02,Women's Ribbed Long Sleeve Turtleneck,Tops,Women,19.9,19.9,False,1,19.9,Cash
BUG-20260630-0431,1,2026-06-30 20:53:07,Bugis,TOP-M-01,Men's Airism Cotton Crew Neck T-Shirt,Tops,Men,14.9,14.9,False,1,14.9,PayNow
ORC-20260630-0284,3,2026-06-30 19:01:52,Orchard Central,SOK-M-05,Men's Sport Ankle Socks,Socks,Men,4.36,5.9,True,1,4.36,NETS
BUG-20260630-0334,3,2026-06-30 17:36:37,Bugis,SOK-M-01,Men's Ankle Socks 3-Pack,Socks,men,14.9,14.9,False,1,14.9,Card
ORC-20260630-0423,1,2026-06-30 19:56:07,Orchard Central,UND-W-02,Women's Wireless Bra,Underwear,Women,29.9,29.9,False,1,29.9,Cash
BUG-20260630-0458,2,2026-06-30 20:26:25,Bugis,UND-W-01,Women's Airism Bikini Shorts,Underwear,Women,9.9,9.9,False,2,19.8,PayNow
PUN-20260630-0060,1,2026-06-30 17:49:02,Punggol,SOK-M-01,Men's Ankle Socks 3-Pack,Socks,Men,14.9,14.9,False,1,14.9,PayNow
ORC-20260630-0566,1,2026-06-30 18:21:46,Orchard Central,BTM-W-04,Women's Denim Straight Jeans,Bottoms,Women,49.9,49.9,False,1,49.9,NETS
PUN-20260630-0419,2,2026-06-30 15:51:45,Punggol,SOK-W-05,  Women's Sport Ankle Socks  ,Socks,Women,4.27,5.9,True,2,8.54,CARD
PUN-20260630-0393,2,2026-06-30 19:35:49,Punggol,BTM-W-03,Women's Ezy Ankle Pants,Bottoms,Women,29.9,29.9,False,1,29.9,Cash
PUN-20260630-0339,1,2026-06-30 16:32:26,Punggol,SOK-W-01,Women's Ankle Socks 3-Pack,Socks,Women,14.9,14.9,False,1,14.9,Cash
PUN-20260630-0270,2,2026-06-30 17:21:18,Punggol,TOP-W-02,Women's Ribbed Long Sleeve Turtleneck,Tops,Women,19.9,19.9,False,1,19.9,PayNow
ORC-20260630-0916,2,2026-06-30 11:28:05,ORCHARD CENTRAL,BTM-M-02,Men's Slim Fit Chino Trousers,Bottoms,Men,29.9,29.9,False,1,$29.9,Card
ORC-20260630-0256,1,2026-06-30 13:46:57,Orchard Central,TOP-W-04,Women's Heattech Crew Neck Long Sleeve Tee,Tops,Women,14.9,14.9,False,1,14.9,NETS
BUG-20260630-0066,1,2026-06-30 16:42:38,Bugis,SOK-W-01,Women's Ankle Socks 3-Pack,Socks,Women,14.9,14.9,False,2,29.8,Card
PUN-20260630-0273,2,2026-06-30 17:09:07,PUNGGOL,TOP-W-05,Women's Merino Blend Cardigan,Tops,Women,39.9,39.9,False,1,39.9,PayNow
ORC-20260630-0034,1,2026-06-30 15:43:38,Orchard Central,UND-M-04,Men's Cotton Crew Neck Undershirt,Underwear,Men,14.9,14.9,False,1,$14.9,Cash
BUG-20260630-0306,2,2026-06-30 18:15:32,Bugis,SOK-M-01,Men's Ankle Socks 3-Pack,Socks,Men,14.9,14.9,False,1,14.9,Card
BUG-20260630-0641,2,2026-06-30 21:26:00,Bugis,BTM-W-07,Women's Linen Blend Wide Pants,Bottoms,Women,39.9,39.9,False,1,39.9,NETS
ORC-20260630-0597,2,2026-06-30 17:33:45,Orchard Central,SOK-W-02,Women's Pile Crew Socks,Socks,Women,5.9,5.9,False,1,5.9,Cash
BUG-20260630-0562,2,2026-06-30 19:32:58,Bugis,UND-W-03,Women's Cotton Blend Briefs,Underwear,Women,9.9,9.9,False,1,9.9,Card
ORC-20260630-0822,1,2026-06-30 17:09:18,Orchard Central,UND-W-03,Women's Cotton Blend Briefs,Underwear,Women,9.9,9.9,False,1,9.9,Card
ORC-20260630-0147,3,2026-06-30 20:16:54,Orchard Central,UND-W-01,Women's Airism Bikini Shorts,Underwear,Women,9.9,9.9,False,1,9.9,Card
BUG-20260630-0697,1,2026-06-30 22:49:19,Bugis,TOP-M-01,Men's Airism Cotton Crew Neck T-Shirt,tops,Men,14.9,14.9,False,1,14.9,Card
BUG-20260630-0266,2,2026-06-30 14:37:40,Bugis,SOK-W-04,Women's Ribbed Crew Socks,Socks,Women,5.9,5.9,False,1,5.9,Card
ORC-20260630-0059,2,2026-06-30 16:00:33,Orchard Central,BTM-M-01,Men's Ezy Ankle Pants,BOTTOMS,Men,29.9,29.9,False,1,29.9,Cash
PUN-20260630-0413,1,2026-06-30 21:22:36,Punggol,SOK-M-01,Men's Ankle Socks 3-Pack,socks,Men,14.9,14.9,False,1,14.9,nets
BUG-20260630-0398,3,2026-06-30 20:46:54,Bugis,UND-W-03,Women's Cotton Blend Briefs,Underwear,Women,9.9,9.9,False,1,9.9,Cash
BUG-20260630-0901,2,2026-06-30 17:53:07,Bugis,TOP-M-02,,Tops,Men,29.9,29.9,False,1,$29.9,Card
PUN-20260630-0048,2,2026-06-30 19:23:35,Punggol,UND-W-01,  Women's Airism Bikini Shorts  ,Underwear,Women,9.9,9.9,False,1,9.9,Card
BUG-20260630-0610,3,2026-06-30 20:16:43,Bugis,TOP-M-02,Men's Supima Cotton Polo Shirt,Tops,men,29.9,29.9,False,1,29.9,card
PUN-20260630-0391,1,2026-06-30 21:12:02,Punggol,SOK-M-04,Men's Ribbed Crew Socks,socks,Men,5.9,5.9,False,2,11.8,nets
BUG-20260630-0374,2,2026-06-30 20:30:47,Bugis,TOP-W-01,Women's Airism Cotton Crew Neck T-Shirt,Tops,Women,14.9,14.9,False,1,14.9,cash
BUG-20260630-0692,1,2026-06-30 12:46:49,BUGIS,SOK-W-07,Women's Striped Crew Socks,Socks,Women,5.9,5.9,False,1,5.9,Cash
BUG-20260630-0038,1,2026-06-30 13:03:53,Bugis,UND-W-02,Women's Wireless Bra,Underwear,Women,29.9,29.9,False,1,29.9,
PUN-20260630-0519,2,2026-06-30 20:08:35,Punggol,SOK-W-02,  Women's Pile Crew Socks  ,Socks,Women,5.9,5.9,False,1,5.9,Cash
ORC-20260630-0058,2,2026-06-30 22:22:51,Orchard Central,SOK-M-05,Men's Sport Ankle Socks,Socks,Men,4.36,5.9,True,1,4.36,Nets
BUG-20260630-0819,3,2026-06-30 18:41:11,BUGIS,TOP-W-04,Women's Heattech Crew Neck Long Sleeve Tee,Tops,Women,14.9,14.9,False,1,14.9,PayNow
PUN-20260630-0373,1,2026-06-30 18:32:20,Punggol,SOK-M-02,Men's Pile Crew Socks,Socks,Men,5.9,5.9,False,1,5.9,Card
ORC-20260630-0379,2,2026-06-30 15:34:43,Orchard Central,BTM-M-04,Men's Dry Stretch Shorts,Bottoms,Men,19.9,19.9,False,1,19.9,Card
ORC-20260630-1091,3,2026-06-30 12:29:07,Orchard Central,SOK-W-02,Women's Pile Crew Socks,Socks,Women,5.9,5.9,False,1,$5.9,Card
ORC-20260630-0719,1,2026-06-30 17:31:01,Orchard Central,UND-M-02,Men's Cotton Blend Trunks,Underwear,Men,14.9,14.9,False,1,14.9,Nets
BUG-20260630-0260,1,2026-06-30 15:55:20,Bugis,SOK-M-07,Men's Striped Crew Socks,Socks,Men,5.9,5.9,False,1,5.9,PayNow
ORC-20260630-0125,1,2026-06-30 13:51:08,Orchard Central,TOP-M-02,Men's Supima Cotton Polo Shirt,Tops,Men,29.9,29.9,False,1,29.9,PayNow
BUG-20260630-0469,2,2026-06-30 13:10:47,Bugis,TOP-M-02,Men's Supima Cotton Polo Shirt,Tops,Men,29.9,29.9,False,1,29.9,Card
BUG-20260630-0541,2,2026-06-30 19:47:34,Bugis,UND-M-02,Men's Cotton Blend Trunks,Underwear,Men,14.9,14.9,False,1,14.9,Cash
ORC-20260630-0523,2,2026-06-30 20:36:06,Orchard Central,SOK-M-02,Men's Pile Crew Socks,Socks,Men,5.9,5.9,False,1,5.9,NETS
PUN-20260630-0030,2,2026-06-30 20:51:06,  Punggol  ,SOK-W-03,Women's Airism Low-Cut Socks,Socks,Women,5.9,5.9,False,1,5.9,NETS
PUN-20260630-0525,2,2026-06-30 22:32:26,Punggol,UND-W-03,  Women's Cotton Blend Briefs  ,Underwear,Women,9.9,9.9,False,1,9.9,Card
PUN-20260630-0339,2,2026-06-30 16:32:26,Punggol,UND-W-01,Women's Airism Bikini Shorts,UNDERWEAR,Women,9.9,9.9,False,1,9.9,Cash
BUG-20260630-0093,2,2026-06-30 17:54:03,Bugis,SOK-M-01,Men's Ankle Socks 3-Pack,Socks,Men,14.9,14.9,False,1,14.9,Card
ORC-20260630-0740,1,2026-06-30 13:16:22,Orchard Central,UND-W-02,  Women's Wireless Bra  ,Underwear,Women,29.9,29.9,False,1,29.9,
BUG-20260630-0694,2,2026-06-30 21:35:13,Bugis,SOK-M-03,Men's Airism Low-Cut Socks,Socks,Men,5.9,5.9,False,1,5.9,NETS
PUN-20260630-0252,1,2026-06-30 21:29:52,Punggol,SOK-W-04,Women's Ribbed Crew Socks,Socks,Women,5.9,5.9,False,1,5.9,PayNow
ORC-20260630-0067,2,2026-06-30 21:47:52,Orchard Central,BTM-W-05,Women's Pleated Midi Skirt,Bottoms,Women,29.9,29.9,False,1,29.9,PayNow
ORC-20260630-0415,3,2026-06-30 21:59:57,ORCHARD CENTRAL,TOP-M-02,Men's Supima Cotton Polo Shirt,Tops,Men,29.9,29.9,False,1,29.9,Card
BUG-20260630-0846,1,2026-06-30 14:58:21,Bugis,TOP-W-04,Women's Heattech Crew Neck Long Sleeve Tee,Tops,Women,14.9,14.9,False,1,14.9,Card
BUG-20260630-0850,2,2026-06-30 19:38:21,Bugis,SOK-M-03,Men's Airism Low-Cut Socks,Socks,Men,5.9,5.9,False,1,5.9,Card
BUG-20260630-0626,2,2026-06-30 13:38:58,Bugis,SOK-W-04,Women's Ribbed Crew Socks,Socks,women,5.9,5.9,False,2,11.8,CARD
ORC-20260630-0448,2,2026-06-30 17:00:18,Orchard Central,UND-W-03,Women's Cotton Blend Briefs,Underwear,Women,9.9,9.9,False,1,9.9,PayNow
BUG-20260630-0945,3,2026-06-30 20:35:12,Bugis,SOK-W-02,Women's Pile Crew Socks,Socks,Women,5.9,5.9,False,1,$5.9,Card
ORC-20260630-0336,1,2026-06-30 20:03:32,Orchard Central,UND-W-08,Women's Airism Camisole,underwear,Women,14.9,14.9,False,2,29.8,PayNow
PUN-20260630-0590,3,2026-06-30 20:05:42,Punggol,SOK-W-05,Women's Sport Ankle Socks,Socks,Women,4.27,5.9,True,1,4.27,Card
ORC-20260630-0751,2,2026-06-30 22:24:08,Orchard Central,SOK-W-02,  Women's Pile Crew Socks  ,Socks,Women,5.9,5.9,False,1,5.9,PayNow
PUN-20260630-0429,2,2026-06-30 12:29:57,Punggol,SOK-W-05,Women's Sport Ankle Socks,SOCKS,Women,4.27,5.9,True,1,4.27,Card
BUG-20260630-0428,3,2026-06-30 11:32:25,Bugis,SOK-M-09,Men's No-Show Sneaker Socks,Socks,Men,4.17,5.9,True,1,4.17,PayNow
PUN-20260630-0584,2,2026-06-30 20:15:17,Punggol,BTM-W-04,Women's Denim Straight Jeans,Bottoms,Women,49.9,49.9,False,1,49.9,Card
ORC-20260630-0658,2,2026-06-30 21:24:39,Orchard Central,UND-M-10,Men's Cotton Blend Briefs,Underwear,Men,9.9,9.9,False,1,9.9,Cash
ORC-20260630-1011,3,2026-06-30 19:33:45,Orchard Central,BTM-M-01,Men's Ezy Ankle Pants,Bottoms,Men,29.9,29.9,False,1,29.9,Card
PUN-20260630-0381,1,2026-06-30 13:37:37,PUNGGOL,UND-W-03,Women's Cotton Blend Briefs,Underwear,Women,9.9,9.9,False,1,9.9,Card
PUN-20260630-0341,2,2026-06-30 22:03:17,Punggol,SOK-W-02,Women's Pile Crew Socks,socks,Women,5.9,5.9,False,1,5.9,CARD
ORC-20260630-0737,1,2026-06-30 21:20:42,Orchard Central,UND-M-04,Men's Cotton Crew Neck Undershirt,underwear,Men,14.9,14.9,False,1,14.9,NETS
BUG-20260630-0753,3,2026-06-30 12:02:13,bugis,SOK-M-09,Men's No-Show Sneaker Socks,Socks,Men,4.17,5.9,True,1,4.17,PayNow
BUG-20260630-0689,2,2026-06-30 20:17:30,Bugis,SOK-W-04,Women's Ribbed Crew Socks,Socks,Women,5.9,5.9,False,1,$5.9,Cash
BUG-20260630-0239,1,2026-06-30 19:31:04,BUGIS,SOK-M-04,Men's Ribbed Crew Socks,Socks,Men,5.9,5.9,False,1,5.9,Cash
BUG-20260630-0544,1,2026-06-30 13:41:41,Bugis,SOK-W-02,Women's Pile Crew Socks,Socks,WOMEN,5.9,5.9,False,1,5.9,PayNow
PUN-20260630-0564,1,2026-06-30 21:53:39,punggol,UND-W-09,Women's Cotton Boyshorts,Underwear,Women,9.9,9.9,False,1,9.9,Card
PUN-20260630-0115,1,2026-06-30 12:47:01,punggol,SOK-W-05,Women's Sport Ankle Socks,Socks,Women,4.27,5.9,True,1,4.27,nets
BUG-20260630-0915,3,2026-06-30 17:59:46,Bugis,SOK-M-03,Men's Airism Low-Cut Socks,SOCKS,Men,5.9,5.9,False,2,11.8,Card
ORC-20260630-0445,2,2026-06-30 11:02:39,Orchard Central,UND-M-09,Men's Heattech Long Johns,underwear,Men,19.9,19.9,False,1,19.9,Card
BUG-20260630-0654,1,2026-06-30 13:22:41,  Bugis  ,UND-M-04,  Men's Cotton Crew Neck Undershirt  ,Underwear,Men,14.9,14.9,False,2,29.8,Card
BUG-20260630-0034,3,2026-06-30 13:31:52,Bugis,SOK-M-03,Men's Airism Low-Cut Socks,Socks,Men,5.9,5.9,False,1,5.9,Card
ORC-20260630-0962,1,2026-06-30 11:31:14,Orchard Central,UND-W-01,Women's Airism Bikini Shorts,Underwear,Women,9.9,9.9,False,1,9.9,card
ORC-20260630-0156,2,2026-06-30 19:37:42,orchard central,SOK-W-02,Women's Pile Crew Socks,Socks,Women,5.9,5.9,False,1,5.9,Card
ORC-20260630-0327,1,2026-06-30 18:56:27,  Orchard Central  ,TOP-W-01,Women's Airism Cotton Crew Neck T-Shirt,tops,Women,14.9,14.9,False,1,14.9,Card
BUG-20260630-0657,1,2026-06-30 21:58:34,Bugis,SOK-M-09,Men's No-Show Sneaker Socks,Socks,Men,4.17,5.9,True,2,8.34,Card
PUN-20260630-0182,1,2026-06-30 19:03:17,Punggol,TOP-M-01,Men's Airism Cotton Crew Neck T-Shirt,Tops,Men,14.9,14.9,False,1,14.9,Cash
ORC-20260630-0208,1,2026-06-30 15:52:50,Orchard Central,SOK-M-02,Men's Pile Crew Socks,Socks,Men,5.9,5.9,False,1,5.9,Card
BUG-20260630-0700,2,2026-06-30 21:24:51,Bugis,SOK-W-01,Women's Ankle Socks 3-Pack,Socks,Women,14.9,14.9,False,1,14.9,PayNow
BUG-20260630-0309,1,2026-06-30 20:31:10,Bugis,TOP-M-04,Men's Oxford Long Sleeve Shirt,Tops,Men,29.9,29.9,False,1,29.9,Cash
PUN-20260630-0447,3,2026-06-30 19:04:01,Punggol,UND-W-03,Women's Cotton Blend Briefs,Underwear,Women,9.9,9.9,False,1,9.9,PayNow
ORC-20260630-0436,2,2026-06-30 18:47:44,Orchard Central,TOP-W-08,Women's Puff Sleeve Blouse,Tops,Women,29.9,29.9,False,1,29.9,PayNow
ORC-20260630-0514,2,2026-06-30 19:45:19,Orchard Central,SOK-M-04,Men's Ribbed Crew Socks,Socks,men,5.9,5.9,False,1,5.9,NETS
BUG-20260630-0277,2,2026-06-30 20:59:28,Bugis,SOK-M-01,Men's Ankle Socks 3-Pack,socks,Men,14.9,14.9,False,1,14.9,NETS
ORC-20260630-0902,2,2026-06-30 14:23:02,Orchard Central,TOP-W-06,Women's Linen Blend Short Sleeve Shirt,Tops,Women,19.72,29.9,True,1,19.72,Card
ORC-20260630-0670,2,2026-06-30 19:07:41,  Orchard Central  ,SOK-M-02,Men's Pile Crew Socks,socks,Men,5.9,5.9,False,1,5.9,PayNow
PUN-20260630-0341,1,2026-06-30 22:03:17,  Punggol  ,UND-M-02,Men's Cotton Blend Trunks,Underwear,Men,$14.9,14.9,False,1,14.9,Card
PUN-20260630-0155,1,2026-06-30 15:18:47,Punggol,SOK-M-03,  Men's Airism Low-Cut Socks  ,Socks,Men,$5.9,5.9,False,1,5.9,
BUG-20260630-0178,1,2026-06-30 20:17:45,Bugis,SOK-W-01,Women's Ankle Socks 3-Pack,Socks,Women,14.9,14.9,False,1,14.9,NETS
BUG-20260630-0418,2,2026-06-30 20:53:37,Bugis,BTM-M-03,Men's Selvedge Regular Fit Jeans,Bottoms,Men,59.9,59.9,False,1,59.9,Card
BUG-20260630-0243,2,2026-06-30 12:12:11,bugis,SOK-W-03,Women's Airism Low-Cut Socks,Socks,Women,5.9,5.9,False,1,5.9,Cash
BUG-20260630-0559,2,2026-06-30 21:28:33,Bugis,SOK-W-09,Women's No-Show Sneaker Socks,Socks,Women,5.9,5.9,False,1,$5.9,Card
BUG-20260630-0905,1,2026-06-30 20:16:52,BUGIS,BTM-M-01,Men's Ezy Ankle Pants,Bottoms,Men,29.9,29.9,False,1,29.9,Card
ORC-20260630-1059,1,2026-06-30 20:14:01,Orchard Central,UND-M-09,Men's Heattech Long Johns,Underwear,MEN,19.9,19.9,False,1,19.9,NETS
PUN-20260630-0432,1,2026-06-30 19:10:02,Punggol,UND-M-09,Men's Heattech Long Johns,Underwear,MEN,19.9,19.9,False,1,19.9,PayNow
ORC-20260630-0011,3,2026-06-30 21:04:29,Orchard Central,UND-M-04,Men's Cotton Crew Neck Undershirt,Underwear,Men,14.9,14.9,False,1,14.9,cash
BUG-20260630-0390,1,2026-06-30 19:22:39,Bugis,UND-M-04,Men's Cotton Crew Neck Undershirt,Underwear,MEN,14.9,14.9,False,1,14.9,Paynow
BUG-20260630-0792,1,2026-06-30 19:43:40,Bugis,SOK-W-02,Women's Pile Crew Socks,Socks,Women,5.9,5.9,False,1,5.9,Cash
PUN-20260630-0511,2,2026-06-30 19:10:06,Punggol,TOP-W-02,Women's Ribbed Long Sleeve Turtleneck,Tops,Women,19.9,19.9,False,1,19.9,Card
ORC-20260630-1065,1,2026-06-30 13:59:43,Orchard Central,UND-W-03,Women's Cotton Blend Briefs,Underwear,Women,9.9,9.9,False,1,9.9,Card
BUG-20260630-0238,1,2026-06-30 17:31:07,Bugis,SOK-W-02,Women's Pile Crew Socks,Socks,Women,5.9,5.9,False,1,5.9,Cash
BUG-20260630-0542,3,2026-06-30 16:28:46,Bugis,UND-M-02,Men's Cotton Blend Trunks,Underwear,Men,14.9,14.9,False,2,29.8,Card
ORC-20260630-0522,1,2026-06-30 14:03:43,Orchard Central,SOK-W-04,  Women's Ribbed Crew Socks  ,socks,Women,5.9,5.9,False,1,5.9,Cash
ORC-20260630-0977,2,2026-06-30 21:43:14,Orchard Central,TOP-W-04,Women's Heattech Crew Neck Long Sleeve Tee,Tops,Women,14.9,14.9,False,1,14.9,PayNow
BUG-20260630-0701,1,2026-06-30 12:20:28,  BUGIS  ,UND-M-02,Men's Cotton Blend Trunks,Underwear,Men,14.9,14.9,False,1,14.9,NETS
ORC-20260630-0637,1,2026-06-30 21:10:35,Orchard Central,TOP-W-02,  Women's Ribbed Long Sleeve Turtleneck  ,Tops,WOMEN,19.9,19.9,False,1,19.9,
ORC-20260630-0795,1,2026-06-30 18:33:22,Orchard Central,BTM-M-05,Men's Wide Fit Cargo Pants,Bottoms,Men,39.9,39.9,False,1,39.9,Card
PUN-20260630-0117,2,2026-06-30 12:48:54,Punggol,UND-M-04,Men's Cotton Crew Neck Undershirt,Underwear,Men,14.9,14.9,False,2,29.8,Cash
ORC-20260630-0362,1,2026-06-30 22:49:24,Orchard Central,SOK-M-01,Men's Ankle Socks 3-Pack,Socks,Men,14.9,14.9,False,2,29.8,Card
BUG-20260630-0338,1,2026-06-30 21:04:47,BUGIS,BTM-M-08,Men's Relaxed Fit Denim Shorts,Bottoms,Men,29.9,29.9,False,1,29.9,card
PUN-20260630-0229,3,2026-06-30 18:10:16,Punggol,SOK-W-05,  Women's Sport Ankle Socks  ,Socks,women,4.27,5.9,True,1,4.27,NETS
ORC-20260630-0060,1,2026-06-30 20:14:55,  Orchard Central  ,SOK-M-01,Men's Ankle Socks 3-Pack,Socks,Men,14.9,14.9,False,1,14.9,Cash
BUG-20260630-0828,3,2026-06-30 21:13:38,Bugis,SOK-W-03,Women's Airism Low-Cut Socks,Socks,Women,5.9,5.9,False,1,5.9,Card
ORC-20260630-0641,1,2026-06-30 19:40:40,Orchard Central,TOP-W-02,Women's Ribbed Long Sleeve Turtleneck,Tops,Women,19.9,19.9,False,1,19.9,Card
BUG-20260630-0232,1,2026-06-30 20:59:06,Bugis,SOK-M-04,  Men's Ribbed Crew Socks  ,Socks,Men,5.9,5.9,False,1,5.9,NETS
ORC-20260630-0234,2,2026-06-30 17:03:28,Orchard Central,TOP-M-01,Men's Airism Cotton Crew Neck T-Shirt,Tops,Men,14.9,14.9,False,1,$14.9,
ORC-20260630-0428,1,2026-06-30 18:35:20,Orchard Central,UND-W-02,Women's Wireless Bra,Underwear,Women,29.9,29.9,False,1,$29.9,PayNow
BUG-20260630-0413,1,2026-06-30 19:47:50,Bugis,SOK-M-09,Men's No-Show Sneaker Socks,SOCKS,Men,4.17,5.9,True,1,4.17,PayNow
ORC-20260630-0431,1,2026-06-30 13:35:27,Orchard Central,SOK-M-01,Men's Ankle Socks 3-Pack,Socks,Men,14.9,14.9,False,1,14.9,Card
PUN-20260630-0081,3,2026-06-30 20:06:00,punggol,TOP-W-04,Women's Heattech Crew Neck Long Sleeve Tee,Tops,Women,14.9,14.9,False,1,14.9,CARD
BUG-20260630-0936,1,2026-06-30 21:02:39,Bugis,SOK-W-02,Women's Pile Crew Socks,Socks,Women,5.9,5.9,False,1,5.9,Card
BUG-20260630-0097,2,2026-06-30 18:50:37,Bugis,SOK-W-03,  Women's Airism Low-Cut Socks  ,Socks,Women,5.9,5.9,False,1,5.9,Cash
ORC-20260630-0563,2,2026-06-30 20:52:13,Orchard Central,SOK-W-01,Women's Ankle Socks 3-Pack,Socks,Women,14.9,14.9,False,1,14.9,PayNow
ORC-20260630-0286,1,2026-06-30 22:42:37,Orchard Central,SOK-W-02,Women's Pile Crew Socks,Socks,Women,5.9,5.9,False,1,5.9,Cash
ORC-20260630-0789,1,2026-06-30 15:36:03,Orchard Central,SOK-M-02,Men's Pile Crew Socks,Socks,Men,5.9,5.9,False,1,5.9,
BUG-20260630-0810,2,2026-06-30 19:47:07,Bugis,SOK-M-01,Men's Ankle Socks 3-Pack,Socks,Men,14.9,14.9,False,1,14.9,Card
BUG-20260630-0798,3,2026-06-30 12:37:46,Bugis,SOK-M-09,Men's No-Show Sneaker Socks,Socks,Men,4.17,5.9,True,1,4.17,Card
ORC-20260630-0286,2,2026-06-30 22:42:37,Orchard Central,SOK-W-04,  Women's Ribbed Crew Socks  ,Socks,Women,5.9,5.9,False,1,5.9,
ORC-20260630-0109,3,2026-06-30 19:37:41,Orchard Central,TOP-W-02,Women's Ribbed Long Sleeve Turtleneck,Tops,Women,19.9,19.9,False,1,19.9,Card
BUG-20260630-0667,1,2026-06-30 20:23:59,Bugis,SOK-W-01,Women's Ankle Socks 3-Pack,Socks,Women,14.9,14.9,False,1,14.9,NETS
ORC-20260630-0054,2,2026-06-30 20:16:25,Orchard Central,BTM-M-05,Men's Wide Fit Cargo Pants,Bottoms,Men,39.9,39.9,False,1,39.9,Card
PUN-20260630-0497,1,2026-06-30 17:27:46,Punggol,SOK-W-04,Women's Ribbed Crew Socks,Socks,Women,5.9,5.9,False,1,5.9,Cash
BUG-20260630-0914,1,2026-06-30 12:43:20,  Bugis  ,UND-M-04,Men's Cotton Crew Neck Undershirt,UNDERWEAR,Men,14.9,14.9,False,2,29.8,NETS
BUG-20260630-0334,2,2026-06-30 17:36:37,  Bugis  ,SOK-M-04,,Socks,Men,5.9,5.9,False,1,5.9,card
BUG-20260630-0056,1,2026-06-30 19:36:13,  Bugis  ,TOP-M-01,Men's Airism Cotton Crew Neck T-Shirt,Tops,men,14.9,14.9,False,1,14.9,NETS
BUG-20260630-0281,2,2026-06-30 18:06:28,Bugis,SOK-W-02,Women's Pile Crew Socks,Socks,Women,5.9,5.9,False,1,5.9,PayNow
PUN-20260630-0051,1,2026-06-30 15:50:02,Punggol,UND-W-01,Women's Airism Bikini Shorts,Underwear,Women,9.9,9.9,False,1,9.9,PayNow
BUG-20260630-0707,1,2026-06-30 18:34:49,  bugis  ,SOK-M-03,Men's Airism Low-Cut Socks,Socks,Men,5.9,5.9,False,1,5.9,paynow
PUN-20260630-0472,3,2026-06-30 14:03:33,Punggol,SOK-W-03,Women's Airism Low-Cut Socks,Socks,Women,5.9,5.9,False,1,5.9,Card
ORC-20260630-0437,2,2026-06-30 15:30:33,Orchard Central,SOK-M-04,  Men's Ribbed Crew Socks  ,Socks,Men,5.9,5.9,False,1,5.9,Cash
BUG-20260630-0838,2,2026-06-30 11:16:45,Bugis,SOK-W-03,Women's Airism Low-Cut Socks,Socks,Women,5.9,5.9,False,1,5.9,PayNow
BUG-20260630-0618,1,2026-06-30 21:30:14,Bugis,SOK-W-03,  Women's Airism Low-Cut Socks  ,Socks,Women,5.9,5.9,False,1,5.9,PayNow
PUN-20260630-0057,2,2026-06-30 18:29:22,Punggol,UND-W-01,Women's Airism Bikini Shorts,underwear,Women,9.9,9.9,False,1,9.9,Card
BUG-20260630-0663,1,2026-06-30 15:54:47,Bugis,SOK-M-04,Men's Ribbed Crew Socks,Socks,Men,$5.9,5.9,False,1,5.9,Card
ORC-20260630-0926,1,2026-06-30 19:03:44,  Orchard Central  ,SOK-M-05,Men's Sport Ankle Socks,Socks,Men,4.36,5.9,True,1,4.36,Card
BUG-20260630-0184,2,2026-06-30 20:28:47,Bugis,BTM-M-02,Men's Slim Fit Chino Trousers,Bottoms,Men,29.9,29.9,False,1,29.9,Cash
ORC-20260630-1065,2,2026-06-30 13:59:43,Orchard Central,TOP-M-01,Men's Airism Cotton Crew Neck T-Shirt,Tops,Men,14.9,14.9,False,1,14.9,Card
BUG-20260630-0617,1,2026-06-30 19:25:43,Bugis,SOK-W-01,Women's Ankle Socks 3-Pack,Socks,Women,14.9,14.9,False,1,14.9,PayNow
PUN-20260630-0131,2,2026-06-30 20:33:08,Punggol,SOK-M-04,Men's Ribbed Crew Socks,Socks,Men,5.9,5.9,False,2,11.8,Card
BUG-20260630-0888,1,2026-06-30 20:23:16,  Bugis  ,SOK-M-07,Men's Striped Crew Socks,socks,Men,5.9,5.9,False,1,5.9,NETS
PUN-20260630-0340,1,2026-06-30 19:59:16,Punggol,TOP-M-02,Men's Supima Cotton Polo Shirt,Tops,Men,29.9,29.9,False,1,29.9,CARD
PUN-20260630-0163,2,2026-06-30 21:57:28,Punggol,TOP-M-04,Men's Oxford Long Sleeve Shirt,Tops,Men,29.9,29.9,False,1,29.9,PayNow
ORC-20260630-0611,1,2026-06-30 21:34:28,ORCHARD CENTRAL,SOK-W-02,Women's Pile Crew Socks,Socks,Women,5.9,5.9,False,1,5.9,PayNow
ORC-20260630-0332,1,2026-06-30 20:04:19,Orchard Central,SOK-M-02,Men's Pile Crew Socks,Socks,Men,5.9,5.9,False,1,5.9,NETS
PUN-20260630-0326,3,2026-06-30 12:33:45,PUNGGOL,SOK-W-03,Women's Airism Low-Cut Socks,Socks,Women,5.9,5.9,False,1,5.9,NETS
ORC-20260630-0945,1,2026-06-30 15:11:37,Orchard Central,UND-W-04,Women's Airism T-Shirt Bra,Underwear,Women,29.9,29.9,False,1,29.9,
PUN-20260630-0125,1,2026-06-30 13:16:18,Punggol,TOP-W-04,Women's Heattech Crew Neck Long Sleeve Tee,Tops,Women,14.9,14.9,False,1,14.9,PayNow
PUN-20260630-0256,2,2026-06-30 11:27:54,Punggol,BTM-M-03,Men's Selvedge Regular Fit Jeans,bottoms,MEN,59.9,59.9,False,1,59.9,PAYNOW
PUN-20260630-0245,3,2026-06-30 19:47:06,punggol,SOK-W-04,Women's Ribbed Crew Socks,Socks,Women,5.9,5.9,False,1,5.9,PayNow
ORC-20260630-0349,1,2026-06-30 13:18:36,Orchard Central,UND-M-02,Men's Cotton Blend Trunks,Underwear,MEN,14.9,14.9,False,1,14.9,CARD
ORC-20260630-0523,1,2026-06-30 20:36:06,Orchard Central,TOP-M-02,Men's Supima Cotton Polo Shirt,Tops,Men,29.9,29.9,False,1,29.9,NETS
ORC-20260630-0792,1,2026-06-30 15:28:02,  Orchard Central  ,SOK-W-02,Women's Pile Crew Socks,Socks,Women,5.9,5.9,False,1,5.9,Card
BUG-20260630-0847,2,2026-06-30 15:20:11,Bugis,TOP-W-04,Women's Heattech Crew Neck Long Sleeve Tee,Tops,Women,14.9,14.9,False,1,14.9,Card
ORC-20260630-0401,2,2026-06-30 11:16:43,Orchard Central,SOK-M-01,Men's Ankle Socks 3-Pack,Socks,Men,14.9,14.9,False,1,14.9,Cash
PUN-20260630-0211,1,2026-06-30 17:20:23,Punggol,TOP-W-06,Women's Linen Blend Short Sleeve Shirt,TOPS,Women,19.72,29.9,True,1,19.72,NETS
ORC-20260630-0838,2,2026-06-30 17:48:55,  Orchard Central  ,TOP-W-01,Women's Airism Cotton Crew Neck T-Shirt,Tops,Women,14.9,14.9,False,1,14.9,CASH
BUG-20260630-0336,1,2026-06-30 20:04:39,Bugis,UND-W-02,Women's Wireless Bra,Underwear,Women,29.9,29.9,False,1,29.9,nets
PUN-20260630-0536,1,2026-06-30 20:29:04,Punggol,BTM-W-01,Women's Ultra Stretch Skinny Jeans,BOTTOMS,Women,39.9,39.9,False,1,39.9,PayNow
ORC-20260630-0140,1,2026-06-30 21:45:46,Orchard Central,TOP-W-01,Women's Airism Cotton Crew Neck T-Shirt,Tops,women,14.9,14.9,False,1,14.9,Card
BUG-20260630-0465,1,2026-06-30 15:19:06,Bugis,SOK-M-09,Men's No-Show Sneaker Socks,Socks,Men,4.17,5.9,True,2,8.34,Card
ORC-20260630-1062,1,2026-06-30 21:19:43,Orchard Central,TOP-W-04,Women's Heattech Crew Neck Long Sleeve Tee,Tops,Women,14.9,14.9,False,1,14.9,NETS
BUG-20260630-0378,1,2026-06-30 21:02:10,  Bugis  ,TOP-W-04,Women's Heattech Crew Neck Long Sleeve Tee,Tops,Women,14.9,14.9,False,1,14.9,PayNow
ORC-20260630-0072,1,2026-06-30 22:49:41,Orchard Central,TOP-W-06,Women's Linen Blend Short Sleeve Shirt,Tops,Women,19.72,29.9,True,1,19.72,Cash
PUN-20260630-0487,1,2026-06-30 21:30:44,Punggol,UND-W-03,Women's Cotton Blend Briefs,Underwear,Women,9.9,9.9,False,1,9.9,PayNow
BUG-20260630-0637,2,2026-06-30 19:50:33,Bugis,SOK-M-02,Men's Pile Crew Socks,Socks,Men,5.9,5.9,False,1,5.9,Cash
PUN-20260630-0539,1,2026-06-30 20:30:53,Punggol,UND-W-08,Women's Airism Camisole,Underwear,Women,14.9,14.9,False,1,14.9,CARD
ORC-20260630-0580,3,2026-06-30 20:52:10,Orchard Central,SOK-M-02,Men's Pile Crew Socks,Socks,Men,5.9,5.9,False,1,5.9,Card
BUG-20260630-0519,1,2026-06-30 21:42:19,bugis,BTM-W-04,Women's Denim Straight Jeans,Bottoms,Women,49.9,49.9,False,1,49.9,Card
BUG-20260630-0263,1,2026-06-30 21:41:03,Bugis,BTM-W-01,Women's Ultra Stretch Skinny Jeans,Bottoms,Women,39.9,39.9,False,1,39.9,PayNow
ORC-20260630-0521,1,2026-06-30 14:58:58,Orchard Central,UND-M-03,Men's Airism Mesh Boxer Briefs,Underwear,Men,14.9,14.9,False,1,14.9,Card
BUG-20260630-0056,2,2026-06-30 19:36:13,Bugis,SOK-M-04,Men's Ribbed Crew Socks,Socks,Men,5.9,5.9,False,1,5.9,NETS
PUN-20260630-0530,3,2026-06-30 18:32:21,Punggol,SOK-W-01,Women's Ankle Socks 3-Pack,Socks,Women,14.9,14.9,False,1,14.9,Card
ORC-20260630-1070,2,2026-06-30 17:54:21,Orchard Central,SOK-M-03,Men's Airism Low-Cut Socks,Socks,Men,5.9,5.9,False,1,5.9,Card
ORC-20260630-0685,1,2026-06-30 12:26:32,Orchard Central,BTM-W-01,Women's Ultra Stretch Skinny Jeans,Bottoms,women,39.9,39.9,False,1,39.9,Card
PUN-20260630-0100,2,2026-06-30 21:34:39,Punggol,UND-W-03,Women's Cotton Blend Briefs,Underwear,Women,9.9,9.9,False,1,9.9,Card
ORC-20260630-0929,1,2026-06-30 22:41:52,Orchard Central,SOK-W-02,  Women's Pile Crew Socks  ,Socks,women,5.9,5.9,False,1,5.9,PayNow
BUG-20260630-0414,3,2026-06-30 18:52:47,Bugis,SOK-W-01,Women's Ankle Socks 3-Pack,Socks,Women,14.9,14.9,False,1,14.9,NETS
ORC-20260630-0031,1,2026-06-30 13:13:05,Orchard Central,UND-M-03,Men's Airism Mesh Boxer Briefs,Underwear,Men,14.9,14.9,False,1,14.9,Card
PUN-20260630-0273,1,2026-06-30 17:09:07,Punggol,UND-M-03,Men's Airism Mesh Boxer Briefs,Underwear,Men,14.9,14.9,False,1,14.9,PayNow
PUN-20260630-0237,3,2026-06-30 22:14:22,  Punggol  ,UND-W-05,Women's Seamless Shorts,underwear,Women,9.9,9.9,False,1,9.9,card
BUG-20260630-0403,2,2026-06-30 14:30:02,BUGIS,BTM-W-01,Women's Ultra Stretch Skinny Jeans,Bottoms,Women,39.9,39.9,False,1,39.9,PayNow
ORC-20260630-0348,2,2026-06-30 13:38:59,Orchard Central,SOK-W-02,Women's Pile Crew Socks,Socks,Women,5.9,5.9,False,1,5.9,Card
ORC-20260630-0201,1,2026-06-30 19:01:03,Orchard Central,BTM-M-01,Men's Ezy Ankle Pants,Bottoms,Men,29.9,29.9,False,1,29.9,cash
PUN-20260630-0298,1,2026-06-30 21:06:33,punggol,TOP-W-04,Women's Heattech Crew Neck Long Sleeve Tee,TOPS,Women,14.9,14.9,False,1,14.9,Card
BUG-20260630-0919,1,2026-06-30 11:54:06,Bugis,TOP-W-06,Women's Linen Blend Short Sleeve Shirt,Tops,Women,19.72,29.9,True,1,19.72,Card
BUG-20260630-0412,1,2026-06-30 19:24:48,  Bugis  ,SOK-W-03,  Women's Airism Low-Cut Socks  ,Socks,Women,5.9,5.9,False,2,11.8,
PUN-20260630-0114,1,2026-06-30 20:13:08,Punggol,UND-W-03,Women's Cotton Blend Briefs,Underwear,Women,9.9,9.9,False,1,9.9,Card
BUG-20260630-0538,3,2026-06-30 21:03:16,Bugis,TOP-W-01,Women's Airism Cotton Crew Neck T-Shirt,Tops,Women,14.9,14.9,False,1,14.9,Cash
BUG-20260630-0385,1,2026-06-30 19:06:13,Bugis,SOK-M-10,Men's Wool Blend Socks,Socks,MEN,9.9,9.9,False,1,9.9,Paynow
BUG-20260630-0677,2,2026-06-30 13:53:43,Bugis,BTM-M-01,Men's Ezy Ankle Pants,Bottoms,Men,29.9,29.9,False,1,29.9,NETS
PUN-20260630-0456,1,2026-06-30 21:54:16,PUNGGOL,SOK-W-04,Women's Ribbed Crew Socks,Socks,women,5.9,5.9,False,1,5.9,Card
BUG-20260630-0471,1,2026-06-30 18:11:47,Bugis,SOK-W-02,Women's Pile Crew Socks,Socks,women,5.9,5.9,False,1,5.9,NETS
BUG-20260630-0643,1,2026-06-30 17:55:26,Bugis,TOP-W-06,Women's Linen Blend Short Sleeve Shirt,Tops,Women,19.72,29.9,True,1,19.72,Card
ORC-20260630-0409,2,2026-06-30 19:56:53,Orchard Central,SOK-W-04,Women's Ribbed Crew Socks,Socks,Women,5.9,5.9,False,2,11.8,PayNow
PUN-20260630-0191,2,2026-06-30 21:38:49,Punggol,SOK-M-03,Men's Airism Low-Cut Socks,Socks,Men,5.9,5.9,False,1,5.9,NETS
ORC-20260630-0584,1,2026-06-30 16:05:13,Orchard Central,UND-M-03,Men's Airism Mesh Boxer Briefs,Underwear,Men,14.9,14.9,False,1,14.9,Cash
BUG-20260630-0569,2,2026-06-30 17:41:02,Bugis,SOK-M-02,Men's Pile Crew Socks,Socks,Men,5.9,5.9,False,2,11.8,
ORC-20260630-0886,1,2026-06-30 18:27:01,orchard central,UND-M-01,Men's Airism Boxer Briefs,Underwear,Men,14.9,14.9,False,1,14.9,Card
ORC-20260630-0075,1,2026-06-30 16:13:55,Orchard Central,SOK-W-01,  Women's Ankle Socks 3-Pack  ,Socks,Women,14.9,14.9,False,2,29.8,Card
PUN-20260630-0285,1,2026-06-30 21:01:06,PUNGGOL,UND-M-02,Men's Cotton Blend Trunks,Underwear,Men,14.9,14.9,False,1,14.9,Card
ORC-20260630-0421,3,2026-06-30 12:23:45,Orchard Central,SOK-W-02,Women's Pile Crew Socks,Socks,Women,5.9,5.9,False,1,5.9,Card
BUG-20260630-0160,3,2026-06-30 21:17:14,Bugis,TOP-M-02,Men's Supima Cotton Polo Shirt,Tops,Men,29.9,29.9,False,1,29.9,PayNow
PUN-20260630-0455,1,2026-06-30 13:30:12,Punggol,SOK-M-01,Men's Ankle Socks 3-Pack,Socks,men,14.9,14.9,False,1,14.9,PayNow
PUN-20260630-0128,1,2026-06-30 19:30:38,Punggol,UND-W-02,Women's Wireless Bra,Underwear,Women,29.9,29.9,False,1,29.9,nets
ORC-20260630-0627,1,2026-06-30 13:56:48,Orchard Central,SOK-M-02,Men's Pile Crew Socks,Socks,Men,5.9,5.9,False,2,11.8,PayNow
BUG-20260630-0416,1,2026-06-30 22:54:05,bugis,SOK-M-02,  Men's Pile Crew Socks  ,Socks,Men,5.9,5.9,False,1,5.9,PayNow
BUG-20260630-0401,2,2026-06-30 17:43:47,Bugis,TOP-W-02,Women's Ribbed Long Sleeve Turtleneck,Tops,Women,19.9,19.9,False,1,19.9,Cash
PUN-20260630-0494,2,2026-06-30 19:56:18,Punggol,TOP-W-02,  Women's Ribbed Long Sleeve Turtleneck  ,Tops,Women,19.9,19.9,False,1,19.9,Card
PUN-20260630-0297,2,2026-06-30 15:39:32,  Punggol  ,SOK-M-02,Men's Pile Crew Socks,Socks,Men,5.9,5.9,False,1,5.9,Card
BUG-20260630-0311,1,2026-06-30 21:11:35,Bugis,SOK-M-02,Men's Pile Crew Socks,Socks,men,5.9,5.9,False,2,11.8,Card
ORC-20260630-0240,1,2026-06-30 21:13:58,Orchard Central,SOK-M-05,Men's Sport Ankle Socks,Socks,Men,4.36,5.9,True,1,4.36,nets
BUG-20260630-0010,2,2026-06-30 17:35:18,Bugis,TOP-M-01,Men's Airism Cotton Crew Neck T-Shirt,Tops,Men,14.9,14.9,False,1,14.9,Cash
BUG-20260630-0536,1,2026-06-30 19:25:47,Bugis,SOK-W-02,Women's Pile Crew Socks,Socks,Women,5.9,5.9,False,1,5.9,PayNow
ORC-20260630-1090,1,2026-06-30 22:54:37,Orchard Central,TOP-M-01,Men's Airism Cotton Crew Neck T-Shirt,Tops,Men,$14.9,14.9,False,1,14.9,Card
ORC-20260630-0590,2,2026-06-30 18:40:00,  Orchard Central  ,SOK-M-03,Men's Airism Low-Cut Socks,Socks,Men,5.9,5.9,False,1,5.9,paynow
ORC-20260630-0481,1,2026-06-30 18:06:43,Orchard Central,SOK-M-04,Men's Ribbed Crew Socks,Socks,Men,5.9,5.9,False,1,5.9,Card
ORC-20260630-0007,1,2026-06-30 19:31:28,  Orchard Central  ,UND-W-01,Women's Airism Bikini Shorts,Underwear,Women,9.9,9.9,False,1,9.9,Card
ORC-20260630-0079,2,2026-06-30 21:55:00,Orchard Central,TOP-M-02,Men's Supima Cotton Polo Shirt,Tops,Men,29.9,29.9,False,1,29.9,Card
BUG-20260630-0023,3,2026-06-30 14:51:16,Bugis,TOP-W-03,Women's Silky Satin Blouse,Tops,Women,39.9,39.9,False,1,39.9,PayNow
BUG-20260630-0857,1,2026-06-30 14:37:27,Bugis,SOK-M-09,Men's No-Show Sneaker Socks,Socks,Men,4.17,5.9,True,1,4.17,PayNow
ORC-20260630-0023,2,2026-06-30 21:07:33,Orchard Central,SOK-W-02,Women's Pile Crew Socks,Socks,Women,5.9,5.9,False,1,5.9,CARD
ORC-20260630-0557,1,2026-06-30 20:40:54,Orchard Central,TOP-W-04,  Women's Heattech Crew Neck Long Sleeve Tee  ,Tops,Women,14.9,14.9,False,1,14.9,NETS
ORC-20260630-0011,2,2026-06-30 21:04:29,Orchard Central,BTM-W-01,Women's Ultra Stretch Skinny Jeans,Bottoms,women,39.9,39.9,False,1,39.9,CASH
BUG-20260630-0217,3,2026-06-30 14:27:31,Bugis,SOK-M-09,Men's No-Show Sneaker Socks,Socks,Men,4.17,5.9,True,1,4.17,Cash
ORC-20260630-0340,1,2026-06-30 13:45:12,Orchard Central,TOP-W-02,Women's Ribbed Long Sleeve Turtleneck,TOPS,Women,19.9,19.9,False,1,19.9,Card
PUN-20260630-0036,2,2026-06-30 20:40:58,Punggol,SOK-W-04,Women's Ribbed Crew Socks,Socks,Women,5.9,5.9,False,1,5.9,Card
BUG-20260630-0837,2,2026-06-30 20:17:39,Bugis,TOP-W-04,Women's Heattech Crew Neck Long Sleeve Tee,Tops,Women,14.9,14.9,False,1,$14.9,Card
PUN-20260630-0336,1,2026-06-30 17:44:15,Punggol,TOP-M-01,Men's Airism Cotton Crew Neck T-Shirt,TOPS,Men,14.9,14.9,False,1,14.9,NETS
ORC-20260630-0802,1,2026-06-30 21:06:31,Orchard Central,SOK-M-04,Men's Ribbed Crew Socks,Socks,Men,5.9,5.9,False,1,5.9,card
BUG-20260630-0095,3,2026-06-30 19:46:05,Bugis,SOK-W-02,Women's Pile Crew Socks,Socks,Women,5.9,5.9,False,1,5.9,NETS
PUN-20260630-0171,1,2026-06-30 12:06:16,  Punggol  ,TOP-W-01,Women's Airism Cotton Crew Neck T-Shirt,Tops,Women,14.9,14.9,False,1,14.9,CARD
ORC-20260630-0084,3,2026-06-30 19:21:19,Orchard Central,TOP-M-01,Men's Airism Cotton Crew Neck T-Shirt,Tops,Men,14.9,14.9,False,1,14.9,NETS
BUG-20260630-0304,1,2026-06-30 22:10:46,Bugis,SOK-M-09,Men's No-Show Sneaker Socks,Socks,Men,4.17,5.9,True,1,4.17,NETS
BUG-20260630-0277,1,2026-06-30 20:59:28,bugis,SOK-W-02,Women's Pile Crew Socks,Socks,Women,5.9,5.9,False,1,5.9,NETS
PUN-20260630-0340,3,2026-06-30 19:59:16,Punggol,SOK-M-02,Men's Pile Crew Socks,Socks,Men,5.9,5.9,False,1,5.9,Card
ORC-20260630-0923,1,2026-06-30 12:04:14,Orchard Central,SOK-W-02,Women's Pile Crew Socks,Socks,Women,5.9,5.9,False,1,5.9,Cash
BUG-20260630-0593,1,2026-06-30 11:08:57,Bugis,SOK-M-09,  Men's No-Show Sneaker Socks  ,Socks,Men,4.17,5.9,True,1,4.17,PayNow
ORC-20260630-0494,2,2026-06-30 15:27:22,  Orchard Central  ,TOP-W-01,Women's Airism Cotton Crew Neck T-Shirt,Tops,Women,14.9,14.9,False,1,14.9,Card
ORC-20260630-1088,3,2026-06-30 18:22:51,Orchard Central,TOP-W-03,Women's Silky Satin Blouse,TOPS,Women,39.9,39.9,False,1,39.9,Nets
ORC-20260630-0043,3,2026-06-30 22:16:19,Orchard Central,TOP-M-01,  Men's Airism Cotton Crew Neck T-Shirt  ,Tops,Men,14.9,14.9,False,1,14.9,nets
BUG-20260630-0483,1,2026-06-30 21:56:18,Bugis,SOK-M-04,Men's Ribbed Crew Socks,Socks,Men,5.9,5.9,False,1,5.9,PayNow
ORC-20260630-0289,1,2026-06-30 20:51:37,ORCHARD CENTRAL,TOP-W-04,Women's Heattech Crew Neck Long Sleeve Tee,Tops,Women,14.9,14.9,False,1,14.9,PayNow
BUG-20260630-0782,3,2026-06-30 17:02:32,Bugis,BTM-M-03,Men's Selvedge Regular Fit Jeans,Bottoms,Men,59.9,59.9,False,1,59.9,paynow
ORC-20260630-0271,1,2026-06-30 17:30:05,Orchard Central,UND-W-02,Women's Wireless Bra,Underwear,Women,29.9,29.9,False,1,29.9,Card
ORC-20260630-0201,3,2026-06-30 19:01:03,Orchard Central,TOP-W-02,Women's Ribbed Long Sleeve Turtleneck,Tops,Women,19.9,19.9,False,1,19.9,Cash
ORC-20260630-0669,1,2026-06-30 21:00:55,Orchard Central,UND-W-04,Women's Airism T-Shirt Bra,Underwear,Women,29.9,29.9,False,1,$29.9,NETS
ORC-20260630-0708,1,2026-06-30 18:04:44,Orchard Central,UND-W-01,Women's Airism Bikini Shorts,Underwear,Women,9.9,9.9,False,1,9.9,Card
ORC-20260630-0544,2,2026-06-30 18:40:29,Orchard Central,SOK-M-04,Men's Ribbed Crew Socks,Socks,Men,5.9,5.9,False,2,11.8,PayNow
PUN-20260630-0560,1,2026-06-30 18:36:10,Punggol,SOK-W-01,Women's Ankle Socks 3-Pack,Socks,Women,14.9,14.9,False,1,14.9,paynow
ORC-20260630-0703,2,2026-06-30 21:04:15,Orchard Central,UND-W-03,Women's Cotton Blend Briefs,Underwear,women,9.9,9.9,False,2,19.8,PAYNOW
PUN-20260630-0325,2,2026-06-30 20:16:48,Punggol,UND-W-01,Women's Airism Bikini Shorts,Underwear,Women,9.9,9.9,False,1,9.9,Card
PUN-20260630-0325,3,2026-06-30 20:16:48,Punggol,SOK-W-01,Women's Ankle Socks 3-Pack,Socks,Women,14.9,14.9,False,2,29.8,Card
ORC-20260630-0634,1,2026-06-30 18:44:11,Orchard Central,SOK-W-04,Women's Ribbed Crew Socks,Socks,Women,5.9,5.9,False,2,11.8,Cash
ORC-20260630-0483,1,2026-06-30 18:05:18,Orchard Central,SOK-M-04,Men's Ribbed Crew Socks,Socks,Men,5.9,5.9,False,1,5.9,Card
BUG-20260630-0725,1,2026-06-30 20:24:24,Bugis,TOP-W-02,Women's Ribbed Long Sleeve Turtleneck,Tops,women,19.9,19.9,False,1,19.9,PayNow
ORC-20260630-0252,2,2026-06-30 18:02:37,  Orchard Central  ,BTM-W-02,Women's High-Rise Wide Leg Pants,Bottoms,Women,39.9,39.9,False,1,39.9,card
ORC-20260630-0675,3,2026-06-30 20:18:01,Orchard Central,SOK-W-01,  Women's Ankle Socks 3-Pack  ,Socks,Women,14.9,14.9,False,1,14.9,Card
BUG-20260630-0303,3,2026-06-30 21:53:51,BUGIS,SOK-M-09,Men's No-Show Sneaker Socks,Socks,Men,4.17,5.9,True,1,4.17,Card
BUG-20260630-0869,2,2026-06-30 22:33:22,Bugis,SOK-W-03,Women's Airism Low-Cut Socks,SOCKS,Women,5.9,5.9,False,2,11.8,Cash
BUG-20260630-0324,2,2026-06-30 17:41:46,Bugis,BTM-M-04,Men's Dry Stretch Shorts,Bottoms,Men,19.9,19.9,False,1,19.9,NETS
PUN-20260630-0242,3,2026-06-30 17:18:57,Punggol,UND-W-03,Women's Cotton Blend Briefs,Underwear,Women,9.9,9.9,False,1,9.9,Card
ORC-20260630-0811,2,2026-06-30 17:11:48,Orchard Central,TOP-W-04,Women's Heattech Crew Neck Long Sleeve Tee,Tops,Women,14.9,14.9,False,1,14.9,PayNow
BUG-20260630-0379,2,2026-06-30 17:21:33,Bugis,SOK-M-03,,Socks,Men,5.9,5.9,False,2,11.8,card
PUN-20260630-0183,3,2026-06-30 20:42:54,PUNGGOL,UND-W-03,Women's Cotton Blend Briefs,Underwear,Women,9.9,9.9,False,1,9.9,Card
ORC-20260630-0970,1,2026-06-30 12:42:51,Orchard Central,UND-W-03,Women's Cotton Blend Briefs,Underwear,Women,9.9,9.9,False,1,9.9,Card
BUG-20260630-0871,3,2026-06-30 14:38:47,Bugis,SOK-M-01,  Men's Ankle Socks 3-Pack  ,Socks,Men,14.9,14.9,False,1,14.9,Card
ORC-20260630-0843,2,2026-06-30 15:17:34,Orchard Central,UND-W-03,Women's Cotton Blend Briefs,Underwear,WOMEN,9.9,9.9,False,1,9.9,NETS
ORC-20260630-0655,1,2026-06-30 21:00:34,Orchard Central,SOK-W-02,Women's Pile Crew Socks,Socks,Women,5.9,5.9,False,1,5.9,Card
ORC-20260630-0655,3,2026-06-30 21:00:34,Orchard Central,TOP-W-03,Women's Silky Satin Blouse,Tops,WOMEN,39.9,39.9,False,1,39.9,card
ORC-20260630-0350,1,2026-06-30 12:53:40,  Orchard Central  ,SOK-M-04,  Men's Ribbed Crew Socks  ,Socks,Men,5.9,5.9,False,1,$5.9,Card
PUN-20260630-0495,1,2026-06-30 19:35:59,Punggol,UND-W-03,  Women's Cotton Blend Briefs  ,Underwear,Women,9.9,9.9,False,1,9.9,Cash
ORC-20260630-0858,3,2026-06-30 21:25:44,Orchard Central,SOK-M-03,Men's Airism Low-Cut Socks,Socks,Men,5.9,5.9,False,1,5.9,Card
PUN-20260630-0231,2,2026-06-30 14:24:38,Punggol,SOK-M-02,  Men's Pile Crew Socks  ,Socks,Men,5.9,5.9,False,1,5.9,NETS
PUN-20260630-0325,1,2026-06-30 20:16:48,Punggol,SOK-W-04,Women's Ribbed Crew Socks,socks,Women,5.9,5.9,False,1,5.9,card
ORC-20260630-0081,2,2026-06-30 22:42:03,ORCHARD CENTRAL,BTM-M-04,Men's Dry Stretch Shorts,Bottoms,Men,19.9,19.9,False,1,19.9,PayNow
ORC-20260630-0237,2,2026-06-30 21:44:44,Orchard Central,UND-M-03,Men's Airism Mesh Boxer Briefs,Underwear,Men,14.9,14.9,False,1,14.9,PayNow
ORC-20260630-0658,3,2026-06-30 21:24:39,orchard central,SOK-M-04,Men's Ribbed Crew Socks,Socks,MEN,$5.9,5.9,False,1,5.9,Cash
ORC-20260630-1078,2,2026-06-30 19:18:39,Orchard Central,UND-M-02,Men's Cotton Blend Trunks,underwear,Men,14.9,14.9,False,1,14.9,Cash
ORC-20260630-0897,1,2026-06-30 19:32:22,Orchard Central,SOK-W-02,Women's Pile Crew Socks,Socks,Women,5.9,5.9,False,1,5.9,Cash
BUG-20260630-0525,1,2026-06-30 18:52:48,Bugis,TOP-W-03,Women's Silky Satin Blouse,Tops,Women,$39.9,39.9,False,1,39.9,Paynow
PUN-20260630-0375,1,2026-06-30 21:31:35,Punggol,SOK-W-04,Women's Ribbed Crew Socks,SOCKS,Women,5.9,5.9,False,1,5.9,NETS
PUN-20260630-0307,2,2026-06-30 18:04:34,Punggol,SOK-W-04,  Women's Ribbed Crew Socks  ,Socks,Women,5.9,5.9,False,1,5.9,NETS
BUG-20260630-0674,3,2026-06-30 20:31:57,  Bugis  ,BTM-M-04,  Men's Dry Stretch Shorts  ,Bottoms,Men,19.9,19.9,False,1,19.9,PayNow
PUN-20260630-0375,3,2026-06-30 21:31:35,Punggol,TOP-M-03,,tops,Men,19.9,19.9,False,1,19.9,NETS
ORC-20260630-0738,2,2026-06-30 15:07:56,Orchard Central,UND-W-03,Women's Cotton Blend Briefs,Underwear,Women,9.9,9.9,False,1,9.9,Cash
PUN-20260630-0484,1,2026-06-30 19:11:02,Punggol,TOP-M-03,Men's Dry-EX Crew Neck T-Shirt,Tops,men,19.9,19.9,False,1,19.9,Card
ORC-20260630-0415,1,2026-06-30 21:59:57,Orchard Central,UND-M-04,Men's Cotton Crew Neck Undershirt,Underwear,Men,14.9,14.9,False,1,14.9,Card
ORC-20260630-0501,3,2026-06-30 18:35:18,Orchard Central,SOK-W-02,Women's Pile Crew Socks,Socks,Women,5.9,5.9,False,2,11.8,Cash
ORC-20260630-0881,1,2026-06-30 15:36:02,Orchard Central,BTM-M-02,Men's Slim Fit Chino Trousers,Bottoms,Men,29.9,29.9,False,1,29.9,PayNow
ORC-20260630-0366,1,2026-06-30 20:57:13,Orchard Central,TOP-W-01,Women's Airism Cotton Crew Neck T-Shirt,Tops,Women,14.9,14.9,False,1,14.9,NETS
BUG-20260630-0921,2,2026-06-30 18:39:45,  BUGIS  ,UND-W-02,  Women's Wireless Bra  ,Underwear,Women,29.9,29.9,False,2,59.8,Cash
ORC-20260630-0253,2,2026-06-30 18:25:24,Orchard Central,BTM-W-04,Women's Denim Straight Jeans,Bottoms,Women,49.9,49.9,False,1,49.9,cash
BUG-20260630-0272,2,2026-06-30 17:32:22,Bugis,TOP-W-07,Women's Fleece Pullover Hoodie,Tops,Women,29.9,29.9,False,1,29.9,PayNow
BUG-20260630-0904,1,2026-06-30 14:03:46,Bugis,SOK-M-10,Men's Wool Blend Socks,Socks,Men,$9.9,9.9,False,1,9.9,Card
BUG-20260630-0191,2,2026-06-30 20:17:58,Bugis,SOK-M-03,Men's Airism Low-Cut Socks,Socks,Men,5.9,5.9,False,1,5.9,Card
PUN-20260630-0058,2,2026-06-30 15:53:29,Punggol,UND-W-03,Women's Cotton Blend Briefs,Underwear,Women,9.9,9.9,False,1,9.9,Card
BUG-20260630-0914,2,2026-06-30 12:43:20,  BUGIS  ,SOK-W-03,Women's Airism Low-Cut Socks,Socks,Women,5.9,5.9,False,2,11.8,NETS
BUG-20260630-0640,2,2026-06-30 21:02:19,Bugis,SOK-W-03,Women's Airism Low-Cut Socks,Socks,Women,5.9,5.9,False,2,11.8,Card
ORC-20260630-0675,1,2026-06-30 20:18:01,Orchard Central,BTM-M-04,Men's Dry Stretch Shorts,Bottoms,Men,19.9,19.9,False,1,19.9,Card
ORC-20260630-0809,1,2026-06-30 20:45:51,  Orchard Central  ,BTM-M-07,Men's Smart Ankle Pants,Bottoms,Men,39.9,39.9,False,1,39.9,Card
PUN-20260630-0553,2,2026-06-30 18:56:07,Punggol,UND-M-03,Men's Airism Mesh Boxer Briefs,Underwear,Men,14.9,14.9,False,1,14.9,Card
BUG-20260630-0361,1,2026-06-30 19:20:16,Bugis,UND-W-01,Women's Airism Bikini Shorts,Underwear,Women,9.9,9.9,False,1,9.9,Cash
BUG-20260630-0333,2,2026-06-30 21:39:46,Bugis,UND-M-08,  Men's Airism V-Neck Undershirt  ,Underwear,Men,9.9,9.9,False,1,$9.9,PayNow
BUG-20260630-0052,1,2026-06-30 19:33:58,Bugis,SOK-W-03,Women's Airism Low-Cut Socks,Socks,Women,5.9,5.9,False,1,5.9,Card
BUG-20260630-0675,1,2026-06-30 15:46:19,bugis,SOK-W-06,Women's Heattech Socks,Socks,Women,9.9,9.9,False,2,19.8,
BUG-20260630-0251,3,2026-06-30 11:10:10,Bugis,SOK-W-02,  Women's Pile Crew Socks  ,Socks,WOMEN,5.9,5.9,False,1,5.9,Card
PUN-20260630-0095,3,2026-06-30 21:56:20,Punggol,BTM-W-02,Women's High-Rise Wide Leg Pants,Bottoms,Women,39.9,39.9,False,1,39.9,NETS
ORC-20260630-0029,3,2026-06-30 16:39:18,Orchard Central,BTM-M-05,Men's Wide Fit Cargo Pants,Bottoms,Men,39.9,39.9,False,1,39.9,NETS
BUG-20260630-0760,1,2026-06-30 20:11:51,Bugis,SOK-W-02,Women's Pile Crew Socks,Socks,Women,5.9,5.9,False,1,5.9,PayNow
BUG-20260630-0175,2,2026-06-30 19:14:50,Bugis,SOK-M-02,Men's Pile Crew Socks,Socks,Men,5.9,5.9,False,1,$5.9,paynow
ORC-20260630-0639,3,2026-06-30 12:39:33,ORCHARD CENTRAL,TOP-W-02,Women's Ribbed Long Sleeve Turtleneck,Tops,Women,19.9,19.9,False,1,19.9,Card
BUG-20260630-0396,1,2026-06-30 20:38:13,Bugis,BTM-M-04,Men's Dry Stretch Shorts,Bottoms,Men,19.9,19.9,False,1,19.9,Card
ORC-20260630-0083,2,2026-06-30 17:45:56,Orchard Central,SOK-M-01,Men's Ankle Socks 3-Pack,Socks,Men,14.9,14.9,False,1,14.9,Cash
ORC-20260630-0633,3,2026-06-30 18:37:48,Orchard Central,SOK-W-02,Women's Pile Crew Socks,Socks,Women,5.9,5.9,False,1,5.9,NETS
BUG-20260630-0439,1,2026-06-30 22:34:24,Bugis,UND-M-02,Men's Cotton Blend Trunks,Underwear,Men,14.9,14.9,False,1,14.9,Card
PUN-20260630-0451,1,2026-06-30 17:54:47,Punggol,UND-W-03,Women's Cotton Blend Briefs,Underwear,Women,9.9,9.9,False,1,9.9,Card
ORC-20260630-0144,1,2026-06-30 19:15:46,orchard central,SOK-W-04,Women's Ribbed Crew Socks,Socks,Women,5.9,5.9,False,1,5.9,Card
PUN-20260630-0147,2,2026-06-30 18:42:31,  Punggol  ,SOK-W-02,Women's Pile Crew Socks,Socks,Women,5.9,5.9,False,1,5.9,paynow
ORC-20260630-1055,1,2026-06-30 19:27:39,  Orchard Central  ,UND-M-04,Men's Cotton Crew Neck Undershirt,Underwear,Men,14.9,14.9,False,1,14.9,PayNow
ORC-20260630-0376,1,2026-06-30 20:37:50,Orchard Central,UND-W-04,Women's Airism T-Shirt Bra,underwear,women,29.9,29.9,False,1,29.9,Card
BUG-20260630-0769,1,2026-06-30 17:56:15,Bugis,TOP-M-04,Men's Oxford Long Sleeve Shirt,Tops,Men,29.9,29.9,False,1,29.9,card
ORC-20260630-0718,1,2026-06-30 17:15:13,Orchard Central,SOK-M-04,Men's Ribbed Crew Socks,Socks,Men,5.9,5.9,False,1,5.9,Card
ORC-20260630-0763,2,2026-06-30 21:52:02,Orchard Central,UND-M-06,Men's Airism Sleeveless Undershirt,Underwear,Men,9.9,9.9,False,1,9.9,PayNow
PUN-20260630-0038,2,2026-06-30 19:28:12,  Punggol  ,TOP-W-01,Women's Airism Cotton Crew Neck T-Shirt,TOPS,Women,14.9,14.9,False,1,14.9,Card
ORC-20260630-0696,3,2026-06-30 16:19:58,ORCHARD CENTRAL,TOP-W-02,Women's Ribbed Long Sleeve Turtleneck,Tops,Women,19.9,19.9,False,1,19.9,NETS
ORC-20260630-0968,2,2026-06-30 21:16:08,Orchard Central,SOK-M-02,Men's Pile Crew Socks,Socks,men,5.9,5.9,False,2,11.8,Cash
ORC-20260630-0097,1,2026-06-30 19:09:57,  Orchard Central  ,TOP-W-03,Women's Silky Satin Blouse,Tops,Women,39.9,39.9,False,1,39.9,PayNow
PUN-20260630-0238,1,2026-06-30 19:04:25,Punggol,SOK-M-04,Men's Ribbed Crew Socks,Socks,Men,5.9,5.9,False,1,5.9,Card
ORC-20260630-0519,1,2026-06-30 11:28:11,Orchard Central,TOP-M-04,Men's Oxford Long Sleeve Shirt,Tops,Men,29.9,29.9,False,1,29.9,Card
PUN-20260630-0189,3,2026-06-30 19:00:22,Punggol,SOK-M-04,Men's Ribbed Crew Socks,Socks,Men,5.9,5.9,False,1,5.9,card
ORC-20260630-0996,2,2026-06-30 13:37:33,Orchard Central,SOK-W-04,Women's Ribbed Crew Socks,Socks,Women,5.9,5.9,False,1,5.9,PayNow
ORC-20260630-0678,1,2026-06-30 17:59:58,Orchard Central,UND-W-01,Women's Airism Bikini Shorts,Underwear,Women,9.9,9.9,False,1,9.9,card
BUG-20260630-0170,1,2026-06-30 21:04:32,Bugis,TOP-M-04,Men's Oxford Long Sleeve Shirt,Tops,Men,29.9,29.9,False,1,29.9,PAYNOW
PUN-20260630-0584,1,2026-06-30 20:15:17,Punggol,SOK-M-04,Men's Ribbed Crew Socks,Socks,Men,5.9,5.9,False,1,5.9,Card
BUG-20260630-0940,2,2026-06-30 18:22:38,Bugis,TOP-W-06,Women's Linen Blend Short Sleeve Shirt,tops,Women,19.72,29.9,True,1,19.72,Nets
PUN-20260630-0523,1,2026-06-30 19:35:34,Punggol,SOK-M-03,Men's Airism Low-Cut Socks,Socks,Men,5.9,5.9,False,1,5.9,card
PUN-20260630-0032,3,2026-06-30 17:03:06,Punggol,SOK-W-02,Women's Pile Crew Socks,Socks,Women,5.9,5.9,False,1,5.9,Cash
BUG-20260630-0171,1,2026-06-30 21:57:05,Bugis,SOK-M-04,Men's Ribbed Crew Socks,Socks,Men,5.9,5.9,False,1,5.9,Cash
ORC-20260630-0506,1,2026-06-30 18:33:16,Orchard Central,BTM-M-03,Men's Selvedge Regular Fit Jeans,Bottoms,Men,59.9,59.9,False,1,59.9,
PUN-20260630-0060,3,2026-06-30 17:49:02,Punggol,SOK-W-03,  Women's Airism Low-Cut Socks  ,Socks,Women,5.9,5.9,False,1,5.9,PayNow
ORC-20260630-0020,2,2026-06-30 20:29:08,  Orchard Central  ,UND-M-02,Men's Cotton Blend Trunks,Underwear,Men,14.9,14.9,False,1,14.9,NETS
ORC-20260630-0296,1,2026-06-30 13:18:50,Orchard Central,SOK-M-03,Men's Airism Low-Cut Socks,Socks,Men,5.9,5.9,False,1,5.9,Paynow
ORC-20260630-0054,1,2026-06-30 20:16:25,orchard central,UND-M-04,  Men's Cotton Crew Neck Undershirt  ,Underwear,Men,14.9,14.9,False,2,29.8,Card
ORC-20260630-0458,2,2026-06-30 15:56:26,orchard central,TOP-W-03,Women's Silky Satin Blouse,Tops,Women,39.9,39.9,False,1,39.9,CARD
PUN-20260630-0189,1,2026-06-30 19:00:22,  Punggol  ,TOP-W-06,Women's Linen Blend Short Sleeve Shirt,Tops,WOMEN,19.72,29.9,True,1,19.72,Card
BUG-20260630-0610,1,2026-06-30 20:16:43,bugis,TOP-W-04,Women's Heattech Crew Neck Long Sleeve Tee,Tops,Women,14.9,14.9,False,1,14.9,Card
ORC-20260630-0508,1,2026-06-30 18:20:13,orchard central,SOK-W-04,Women's Ribbed Crew Socks,Socks,Women,5.9,5.9,False,1,5.9,nets
PUN-20260630-0379,1,2026-06-30 13:49:41,Punggol,SOK-W-02,Women's Pile Crew Socks,Socks,Women,5.9,5.9,False,1,5.9,Card
PUN-20260630-0471,1,2026-06-30 17:23:05,punggol,UND-M-02,Men's Cotton Blend Trunks,Underwear,Men,14.9,14.9,False,1,14.9,Cash
ORC-20260630-0883,1,2026-06-30 19:14:58,Orchard Central,SOK-M-01,Men's Ankle Socks 3-Pack,Socks,Men,14.9,14.9,False,1,14.9,Card
BUG-20260630-0083,1,2026-06-30 21:23:27,  Bugis  ,TOP-W-01,Women's Airism Cotton Crew Neck T-Shirt,Tops,WOMEN,14.9,14.9,False,1,14.9,Card
PUN-20260630-0027,2,2026-06-30 19:49:04,Punggol,TOP-W-06,Women's Linen Blend Short Sleeve Shirt,Tops,Women,19.72,29.9,True,1,19.72,PayNow
BUG-20260630-0094,1,2026-06-30 20:18:25,BUGIS,TOP-W-02,  Women's Ribbed Long Sleeve Turtleneck  ,Tops,Women,19.9,19.9,False,1,19.9,cash
PUN-20260630-0170,3,2026-06-30 19:53:02,Punggol,UND-W-02,Women's Wireless Bra,Underwear,Women,29.9,29.9,False,1,29.9,NETS
BUG-20260630-0246,1,2026-06-30 22:00:01,Bugis,SOK-M-09,Men's No-Show Sneaker Socks,socks,Men,4.17,5.9,True,1,4.17,CASH
ORC-20260630-0351,3,2026-06-30 16:39:32,  Orchard Central  ,TOP-W-01,Women's Airism Cotton Crew Neck T-Shirt,tops,Women,14.9,14.9,False,1,14.9,Cash
ORC-20260630-0929,3,2026-06-30 22:41:52,Orchard Central,SOK-W-04,Women's Ribbed Crew Socks,Socks,Women,5.9,5.9,False,1,5.9,PayNow
BUG-20260630-0878,1,2026-06-30 21:38:37,  Bugis  ,SOK-W-04,Women's Ribbed Crew Socks,Socks,Women,5.9,5.9,False,1,5.9,PayNow
PUN-20260630-0158,1,2026-06-30 20:10:35,Punggol,SOK-W-02,Women's Pile Crew Socks,Socks,Women,5.9,5.9,False,1,5.9,
ORC-20260630-0543,2,2026-06-30 18:10:38,Orchard Central,BTM-M-04,Men's Dry Stretch Shorts,Bottoms,Men,19.9,19.9,False,1,19.9,CASH
ORC-20260630-0890,3,2026-06-30 20:57:52,Orchard Central,SOK-W-02,Women's Pile Crew Socks,Socks,Women,5.9,5.9,False,1,5.9,Card
ORC-20260630-1003,3,2026-06-30 20:47:37,Orchard Central,SOK-W-02,Women's Pile Crew Socks,Socks,Women,5.9,5.9,False,1,5.9,Card
BUG-20260630-0748,1,2026-06-30 22:01:54,Bugis,BTM-M-02,Men's Slim Fit Chino Trousers,Bottoms,Men,29.9,29.9,False,1,29.9,Card
BUG-20260630-0402,2,2026-06-30 19:22:31,Bugis,SOK-W-04,Women's Ribbed Crew Socks,Socks,Women,5.9,5.9,False,1,5.9,PayNow
BUG-20260630-0808,3,2026-06-30 20:46:45,Bugis,UND-W-03,Women's Cotton Blend Briefs,underwear,Women,9.9,9.9,False,1,9.9,Card
PUN-20260630-0447,2,2026-06-30 19:04:01,Punggol,SOK-W-06,Women's Heattech Socks,Socks,WOMEN,9.9,9.9,False,1,9.9,PayNow
ORC-20260630-0955,1,2026-06-30 20:34:03,Orchard Central,SOK-W-02,  Women's Pile Crew Socks  ,Socks,Women,5.9,5.9,False,2,11.8,PayNow
ORC-20260630-0390,1,2026-06-30 12:07:20,Orchard Central,SOK-M-04,Men's Ribbed Crew Socks,Socks,Men,5.9,5.9,False,1,5.9,PayNow
BUG-20260630-0734,1,2026-06-30 17:06:20,Bugis,SOK-W-06,Women's Heattech Socks,Socks,Women,9.9,9.9,False,1,9.9,PayNow
ORC-20260630-0690,2,2026-06-30 15:23:39,Orchard Central,TOP-M-01,Men's Airism Cotton Crew Neck T-Shirt,Tops,Men,14.9,14.9,False,1,14.9,Cash
ORC-20260630-0878,1,2026-06-30 19:05:53,Orchard Central,SOK-W-04,Women's Ribbed Crew Socks,Socks,Women,5.9,5.9,False,1,5.9,PayNow
ORC-20260630-0619,2,2026-06-30 20:26:43,Orchard Central,SOK-W-04,Women's Ribbed Crew Socks,SOCKS,Women,5.9,5.9,False,1,5.9,Card
ORC-20260630-0048,1,2026-06-30 18:28:05,Orchard Central,BTM-W-02,Women's High-Rise Wide Leg Pants,Bottoms,Women,39.9,39.9,False,1,39.9,Cash
BUG-20260630-0560,3,2026-06-30 19:09:47,Bugis,SOK-M-01,Men's Ankle Socks 3-Pack,socks,Men,14.9,14.9,False,1,14.9,NETS
ORC-20260630-0111,3,2026-06-30 14:15:41,Orchard Central,SOK-M-03,  Men's Airism Low-Cut Socks  ,Socks,Men,5.9,5.9,False,1,5.9,NETS
PUN-20260630-0030,3,2026-06-30 20:51:06,Punggol,UND-W-01,Women's Airism Bikini Shorts,Underwear,Women,9.9,9.9,False,1,9.9,NETS
ORC-20260630-1006,3,2026-06-30 19:24:09,Orchard Central,UND-M-02,Men's Cotton Blend Trunks,Underwear,Men,14.9,14.9,False,1,14.9,Card
ORC-20260630-0680,1,2026-06-30 18:18:56,Orchard Central,TOP-M-04,Men's Oxford Long Sleeve Shirt,Tops,Men,29.9,29.9,False,1,29.9,PAYNOW
PUN-20260630-0520,1,2026-06-30 18:06:14,  Punggol  ,SOK-W-02,  Women's Pile Crew Socks  ,Socks,Women,5.9,5.9,False,2,11.8,Card
ORC-20260630-0605,2,2026-06-30 20:34:19,Orchard Central,SOK-M-01,Men's Ankle Socks 3-Pack,Socks,Men,$14.9,14.9,False,1,14.9,PayNow
BUG-20260630-0629,2,2026-06-30 12:15:59,Bugis,SOK-W-02,Women's Pile Crew Socks,Socks,Women,5.9,5.9,False,1,5.9,PAYNOW
ORC-20260630-0419,2,2026-06-30 19:53:49,Orchard Central,BTM-M-02,Men's Slim Fit Chino Trousers,Bottoms,Men,29.9,29.9,False,1,29.9,Card
ORC-20260630-0377,3,2026-06-30 20:01:26,Orchard Central,SOK-W-01,Women's Ankle Socks 3-Pack,Socks,Women,14.9,14.9,False,1,14.9,Card
BUG-20260630-0819,2,2026-06-30 18:41:11,Bugis,UND-M-02,Men's Cotton Blend Trunks,Underwear,Men,14.9,14.9,False,1,14.9,Paynow
BUG-20260630-0611,2,2026-06-30 22:13:14,Bugis,UND-M-02,Men's Cotton Blend Trunks,Underwear,Men,14.9,14.9,False,1,14.9,Card
BUG-20260630-0870,2,2026-06-30 21:00:10,Bugis,SOK-W-04,Women's Ribbed Crew Socks,Socks,WOMEN,5.9,5.9,False,1,5.9,Card
ORC-20260630-0636,1,2026-06-30 12:38:01,Orchard Central,SOK-W-02,Women's Pile Crew Socks,Socks,Women,5.9,5.9,False,1,5.9,Card
BUG-20260630-0687,1,2026-06-30 21:44:57,Bugis,SOK-W-04,Women's Ribbed Crew Socks,Socks,Women,5.9,5.9,False,1,5.9,NETS
ORC-20260630-0832,3,2026-06-30 21:11:55,Orchard Central,TOP-W-04,Women's Heattech Crew Neck Long Sleeve Tee,Tops,Women,14.9,14.9,False,1,14.9,Card
ORC-20260630-0300,2,2026-06-30 18:09:16,Orchard Central,UND-M-04,  Men's Cotton Crew Neck Undershirt  ,Underwear,Men,14.9,14.9,False,1,14.9,Cash
PUN-20260630-0133,2,2026-06-30 13:03:38,punggol,UND-W-04,Women's Airism T-Shirt Bra,Underwear,women,29.9,29.9,False,1,29.9,Cash
BUG-20260630-0854,1,2026-06-30 22:16:59,Bugis,SOK-M-03,Men's Airism Low-Cut Socks,Socks,Men,5.9,5.9,False,1,5.9,Card
PUN-20260630-0028,2,2026-06-30 16:11:02,Punggol,UND-W-01,Women's Airism Bikini Shorts,Underwear,Women,9.9,9.9,False,1,9.9,Card
BUG-20260630-0507,1,2026-06-30 15:42:22,Bugis,BTM-W-03,Women's Ezy Ankle Pants,Bottoms,Women,29.9,29.9,False,1,29.9,card
BUG-20260630-0300,1,2026-06-30 21:47:48,Bugis,BTM-W-04,Women's Denim Straight Jeans,Bottoms,Women,49.9,49.9,False,1,49.9,CASH
BUG-20260630-0636,1,2026-06-30 19:57:56,Bugis,TOP-M-04,Men's Oxford Long Sleeve Shirt,Tops,Men,29.9,29.9,False,1,29.9,Card
ORC-20260630-0597,3,2026-06-30 17:33:45,  Orchard Central  ,SOK-W-04,Women's Ribbed Crew Socks,Socks,Women,5.9,5.9,False,1,5.9,CASH
ORC-20260630-0631,1,2026-06-30 12:43:51,Orchard Central,SOK-M-02,Men's Pile Crew Socks,socks,Men,5.9,5.9,False,1,5.9,PayNow
PUN-20260630-0406,3,2026-06-30 13:31:30,Punggol,SOK-W-02,Women's Pile Crew Socks,Socks,Women,5.9,5.9,False,1,5.9,PayNow
ORC-20260630-0565,1,2026-06-30 12:53:33,Orchard Central,UND-W-03,Women's Cotton Blend Briefs,Underwear,Women,9.9,9.9,False,1,$9.9,paynow
BUG-20260630-0196,1,2026-06-30 12:36:36,Bugis,SOK-M-03,Men's Airism Low-Cut Socks,Socks,Men,5.9,5.9,False,1,5.9,PayNow
ORC-20260630-0889,2,2026-06-30 14:10:02,Orchard Central,UND-M-06,Men's Airism Sleeveless Undershirt,Underwear,MEN,9.9,9.9,False,2,19.8,Cash
PUN-20260630-0129,2,2026-06-30 11:24:12,Punggol,TOP-W-02,  Women's Ribbed Long Sleeve Turtleneck  ,Tops,WOMEN,19.9,19.9,False,1,19.9,Cash
PUN-20260630-0161,2,2026-06-30 17:44:42,Punggol,SOK-W-01,  Women's Ankle Socks 3-Pack  ,Socks,Women,14.9,14.9,False,1,14.9,Card
BUG-20260630-0958,2,2026-06-30 20:59:47,Bugis,SOK-W-04,Women's Ribbed Crew Socks,Socks,Women,5.9,5.9,False,1,5.9,NETS
ORC-20260630-0662,1,2026-06-30 13:55:45,ORCHARD CENTRAL,SOK-W-04,Women's Ribbed Crew Socks,SOCKS,Women,5.9,5.9,False,1,5.9,PayNow
PUN-20260630-0261,3,2026-06-30 21:34:55,  Punggol  ,SOK-W-02,Women's Pile Crew Socks,socks,Women,5.9,5.9,False,1,5.9,Card
BUG-20260630-0273,2,2026-06-30 15:24:52,Bugis,TOP-M-01,Men's Airism Cotton Crew Neck T-Shirt,TOPS,Men,14.9,14.9,False,1,14.9,Card
BUG-20260630-0166,1,2026-06-30 19:44:03,Bugis,SOK-W-02,Women's Pile Crew Socks,Socks,Women,5.9,5.9,False,1,5.9,Cash
ORC-20260630-0765,1,2026-06-30 14:40:28,Orchard Central,BTM-M-02,Men's Slim Fit Chino Trousers,Bottoms,Men,29.9,29.9,False,1,29.9,Card
ORC-20260630-0798,1,2026-06-30 15:08:43,Orchard Central,BTM-W-01,Women's Ultra Stretch Skinny Jeans,Bottoms,Women,39.9,39.9,False,1,39.9,PayNow
ORC-20260630-0370,3,2026-06-30 21:18:53,Orchard Central,SOK-W-04,Women's Ribbed Crew Socks,Socks,Women,5.9,5.9,False,1,5.9,Card
PUN-20260630-0452,1,2026-06-30 17:03:29,  Punggol  ,TOP-M-04,Men's Oxford Long Sleeve Shirt,Tops,Men,29.9,29.9,False,1,29.9,CARD
BUG-20260630-0458,1,2026-06-30 20:26:25,Bugis,TOP-W-03,Women's Silky Satin Blouse,Tops,Women,39.9,39.9,False,1,39.9,PAYNOW
BUG-20260630-0847,1,2026-06-30 15:20:11,Bugis,UND-M-04,Men's Cotton Crew Neck Undershirt,Underwear,Men,14.9,14.9,False,1,14.9,Card
ORC-20260630-0199,3,2026-06-30 15:40:47,Orchard Central,UND-M-06,Men's Airism Sleeveless Undershirt,Underwear,Men,9.9,9.9,False,2,19.8,Card
ORC-20260630-0681,2,2026-06-30 18:08:07,Orchard Central,TOP-W-01,Women's Airism Cotton Crew Neck T-Shirt,Tops,Women,14.9,14.9,False,1,14.9,Cash
ORC-20260630-0002,1,2026-06-30 15:52:35,Orchard Central,UND-M-02,Men's Cotton Blend Trunks,UNDERWEAR,Men,14.9,14.9,False,1,14.9,NETS
PUN-20260630-0008,2,2026-06-30 13:59:12,Punggol,UND-M-04,Men's Cotton Crew Neck Undershirt,Underwear,Men,14.9,14.9,False,1,14.9,Card
ORC-20260630-0944,1,2026-06-30 20:42:20,Orchard Central,UND-M-01,Men's Airism Boxer Briefs,Underwear,Men,14.9,14.9,False,1,14.9,NETS
BUG-20260630-0706,1,2026-06-30 13:41:49,Bugis,SOK-M-04,Men's Ribbed Crew Socks,Socks,Men,5.9,5.9,False,1,5.9,Card
ORC-20260630-0168,1,2026-06-30 16:40:41,Orchard Central,TOP-W-03,Women's Silky Satin Blouse,Tops,Women,39.9,39.9,False,1,39.9,card
PUN-20260630-0016,1,2026-06-30 13:34:53,PUNGGOL,UND-W-01,Women's Airism Bikini Shorts,UNDERWEAR,Women,9.9,9.9,False,1,9.9,PayNow
PUN-20260630-0237,2,2026-06-30 22:14:22,Punggol,BTM-M-04,  Men's Dry Stretch Shorts  ,Bottoms,Men,19.9,19.9,False,1,19.9,Card
ORC-20260630-0894,2,2026-06-30 12:38:47,orchard central,SOK-M-01,Men's Ankle Socks 3-Pack,SOCKS,Men,14.9,14.9,False,1,14.9,PayNow
PUN-20260630-0230,2,2026-06-30 13:55:10,Punggol,SOK-M-04,Men's Ribbed Crew Socks,Socks,Men,5.9,5.9,False,1,5.9,PayNow
ORC-20260630-0403,2,2026-06-30 19:31:52,Orchard Central,TOP-W-07,Women's Fleece Pullover Hoodie,Tops,Women,29.9,29.9,False,1,29.9,PayNow
BUG-20260630-0142,2,2026-06-30 20:01:34,Bugis,TOP-W-02,Women's Ribbed Long Sleeve Turtleneck,Tops,Women,19.9,19.9,False,1,19.9,Card
BUG-20260630-0046,1,2026-06-30 16:47:10,BUGIS,SOK-W-01,Women's Ankle Socks 3-Pack,Socks,Women,14.9,14.9,False,1,14.9,PayNow
ORC-20260630-0987,1,2026-06-30 21:03:16,Orchard Central,TOP-W-04,Women's Heattech Crew Neck Long Sleeve Tee,Tops,women,14.9,14.9,False,1,$14.9,PayNow
BUG-20260630-0515,1,2026-06-30 20:58:06,Bugis,TOP-M-04,Men's Oxford Long Sleeve Shirt,Tops,MEN,29.9,29.9,False,1,29.9,Card
ORC-20260630-0719,2,2026-06-30 17:31:01,Orchard Central,TOP-W-04,Women's Heattech Crew Neck Long Sleeve Tee,Tops,Women,14.9,14.9,False,1,14.9,NETS
ORC-20260630-0284,2,2026-06-30 19:01:52,Orchard Central,TOP-W-01,Women's Airism Cotton Crew Neck T-Shirt,Tops,Women,14.9,14.9,False,1,14.9,nets
ORC-20260630-0857,3,2026-06-30 15:28:11,ORCHARD CENTRAL,UND-M-01,Men's Airism Boxer Briefs,Underwear,Men,14.9,14.9,False,2,29.8,PayNow
BUG-20260630-0093,1,2026-06-30 17:54:03,Bugis,SOK-M-04,Men's Ribbed Crew Socks,Socks,men,5.9,5.9,False,2,11.8,Card
PUN-20260630-0621,3,2026-06-30 21:51:03,Punggol,SOK-M-02,  Men's Pile Crew Socks  ,Socks,Men,5.9,5.9,False,1,5.9,PayNow
ORC-20260630-0757,1,2026-06-30 19:49:28,Orchard Central,SOK-M-05,Men's Sport Ankle Socks,SOCKS,men,4.36,5.9,True,1,4.36,CARD
PUN-20260630-0291,1,2026-06-30 21:13:41,Punggol,SOK-W-03,Women's Airism Low-Cut Socks,socks,Women,5.9,5.9,False,1,5.9,PayNow
ORC-20260630-1050,2,2026-06-30 19:46:31,Orchard Central,UND-M-01,Men's Airism Boxer Briefs,Underwear,MEN,14.9,14.9,False,1,14.9,paynow
ORC-20260630-0268,3,2026-06-30 20:50:06,Orchard Central,UND-W-02,Women's Wireless Bra,Underwear,Women,29.9,29.9,False,2,59.8,Card
ORC-20260630-0535,3,2026-06-30 17:13:49,Orchard Central,SOK-W-04,Women's Ribbed Crew Socks,Socks,Women,5.9,5.9,False,1,5.9,Cash
ORC-20260630-0071,1,2026-06-30 21:20:38,Orchard Central,SOK-M-02,Men's Pile Crew Socks,Socks,Men,5.9,5.9,False,1,5.9,Cash
PUN-20260630-0479,1,2026-06-30 18:35:20,Punggol,SOK-W-03,Women's Airism Low-Cut Socks,Socks,Women,5.9,5.9,False,1,5.9,Card
BUG-20260630-0202,1,2026-06-30 19:03:11,BUGIS,SOK-M-07,Men's Striped Crew Socks,Socks,Men,5.9,5.9,False,1,5.9,NETS
ORC-20260630-0323,2,2026-06-30 22:00:34,Orchard Central,SOK-W-02,Women's Pile Crew Socks,Socks,Women,5.9,5.9,False,1,5.9,PayNow
PUN-20260630-0603,1,2026-06-30 21:15:09,Punggol,BTM-W-03,Women's Ezy Ankle Pants,Bottoms,Women,29.9,29.9,False,1,29.9,Card
BUG-20260630-0585,1,2026-06-30 19:22:18,Bugis,SOK-M-04,Men's Ribbed Crew Socks,SOCKS,Men,5.9,5.9,False,1,5.9,NETS
ORC-20260630-0466,1,2026-06-30 11:45:43,ORCHARD CENTRAL,UND-M-02,Men's Cotton Blend Trunks,Underwear,Men,14.9,14.9,False,1,14.9,Paynow
ORC-20260630-0561,1,2026-06-30 11:39:04,Orchard Central,UND-W-01,Women's Airism Bikini Shorts,Underwear,WOMEN,9.9,9.9,False,1,9.9,Card
ORC-20260630-0504,1,2026-06-30 17:51:26,ORCHARD CENTRAL,SOK-W-04,Women's Ribbed Crew Socks,Socks,Women,5.9,5.9,False,1,5.9,NETS
ORC-20260630-0080,1,2026-06-30 19:05:31,Orchard Central,UND-M-02,Men's Cotton Blend Trunks,Underwear,Men,14.9,14.9,False,2,29.8,Card
BUG-20260630-0487,1,2026-06-30 17:01:56,Bugis,SOK-W-02,Women's Pile Crew Socks,Socks,Women,5.9,5.9,False,1,5.9,Card
ORC-20260630-0486,1,2026-06-30 20:47:06,Orchard Central,SOK-M-01,Men's Ankle Socks 3-Pack,Socks,Men,14.9,14.9,False,1,14.9,PayNow
ORC-20260630-0935,1,2026-06-30 21:55:07,ORCHARD CENTRAL,TOP-W-04,Women's Heattech Crew Neck Long Sleeve Tee,Tops,WOMEN,14.9,14.9,False,1,14.9,card
PUN-20260630-0605,2,2026-06-30 17:54:22,Punggol,SOK-M-02,Men's Pile Crew Socks,Socks,Men,5.9,5.9,False,1,5.9,Card
ORC-20260630-1011,1,2026-06-30 19:33:45,Orchard Central,UND-M-02,Men's Cotton Blend Trunks,Underwear,Men,14.9,14.9,False,1,14.9,CARD
ORC-20260630-0226,3,2026-06-30 19:01:49,Orchard Central,TOP-M-03,  Men's Dry-EX Crew Neck T-Shirt  ,Tops,Men,19.9,19.9,False,1,19.9,Card
ORC-20260630-0667,1,2026-06-30 17:41:44,Orchard Central,BTM-W-01,Women's Ultra Stretch Skinny Jeans,Bottoms,Women,39.9,39.9,False,1,39.9,card
BUG-20260630-0789,1,2026-06-30 12:52:47,Bugis,UND-M-02,Men's Cotton Blend Trunks,Underwear,Men,14.9,14.9,False,1,14.9,card
ORC-20260630-0999,2,2026-06-30 11:26:45,  Orchard Central  ,SOK-W-04,Women's Ribbed Crew Socks,Socks,Women,5.9,5.9,False,1,5.9,Card
ORC-20260630-0688,2,2026-06-30 21:51:42,Orchard Central,SOK-M-01,Men's Ankle Socks 3-Pack,Socks,MEN,14.9,14.9,False,1,14.9,Cash
PUN-20260630-0158,3,2026-06-30 20:10:35,Punggol,SOK-W-04,Women's Ribbed Crew Socks,Socks,women,5.9,5.9,False,1,5.9,PayNow
ORC-20260630-0179,2,2026-06-30 18:49:57,Orchard Central,SOK-W-02,  Women's Pile Crew Socks  ,Socks,Women,5.9,5.9,False,1,5.9,Card
ORC-20260630-0370,1,2026-06-30 21:18:53,Orchard Central,SOK-W-02,Women's Pile Crew Socks,socks,Women,5.9,5.9,False,1,5.9,Card
BUG-20260630-0847,3,2026-06-30 15:20:11,Bugis,UND-W-04,Women's Airism T-Shirt Bra,Underwear,Women,29.9,29.9,False,1,29.9,Card
BUG-20260630-0889,1,2026-06-30 21:33:33,Bugis,UND-W-03,Women's Cotton Blend Briefs,Underwear,Women,9.9,9.9,False,1,9.9,Cash
BUG-20260630-0756,1,2026-06-30 11:12:17,Bugis,SOK-W-03,Women's Airism Low-Cut Socks,Socks,Women,5.9,5.9,False,1,5.9,Card
ORC-20260630-0295,2,2026-06-30 12:28:35,Orchard Central,UND-W-03,Women's Cotton Blend Briefs,UNDERWEAR,Women,9.9,9.9,False,1,9.9,NETS
PUN-20260630-0319,3,2026-06-30 19:51:27,Punggol,SOK-M-03,Men's Airism Low-Cut Socks,Socks,Men,5.9,5.9,False,1,5.9,Card
ORC-20260630-0039,1,2026-06-30 15:25:22,Orchard Central,SOK-W-02,Women's Pile Crew Socks,socks,Women,5.9,5.9,False,1,5.9,Card
ORC-20260630-0667,3,2026-06-30 17:41:44,Orchard Central,SOK-W-02,Women's Pile Crew Socks,socks,Women,5.9,5.9,False,2,11.8,Card
BUG-20260630-0806,2,2026-06-30 19:12:51,Bugis,UND-W-03,Women's Cotton Blend Briefs,Underwear,women,9.9,9.9,False,1,9.9,PayNow
BUG-20260630-0824,1,2026-06-30 20:16:47,Bugis,SOK-W-06,  Women's Heattech Socks  ,Socks,Women,9.9,9.9,False,1,9.9,Card
ORC-20260630-0617,3,2026-06-30 20:26:41,Orchard Central,SOK-W-01,Women's Ankle Socks 3-Pack,Socks,Women,14.9,14.9,False,1,14.9,Cash
BUG-20260630-0334,1,2026-06-30 17:36:37,Bugis,UND-W-03,Women's Cotton Blend Briefs,Underwear,WOMEN,9.9,9.9,False,1,9.9,Card
PUN-20260630-0393,1,2026-06-30 19:35:49,Punggol,UND-W-09,Women's Cotton Boyshorts,UNDERWEAR,Women,9.9,9.9,False,1,9.9,Cash
ORC-20260630-0776,1,2026-06-30 21:00:45,orchard central,UND-M-03,Men's Airism Mesh Boxer Briefs,Underwear,Men,14.9,14.9,False,1,14.9,Card
ORC-20260630-0551,2,2026-06-30 11:58:17,Orchard Central,BTM-W-03,Women's Ezy Ankle Pants,Bottoms,Women,29.9,29.9,False,1,29.9,CASH
ORC-20260630-0492,1,2026-06-30 19:11:02,Orchard Central,UND-M-01,Men's Airism Boxer Briefs,Underwear,Men,14.9,14.9,False,2,29.8,Card
BUG-20260630-0215,2,2026-06-30 21:51:09,Bugis,SOK-W-03,Women's Airism Low-Cut Socks,Socks,Women,$5.9,5.9,False,1,5.9,Card
ORC-20260630-0386,3,2026-06-30 16:22:45,Orchard Central,SOK-M-02,Men's Pile Crew Socks,Socks,Men,5.9,5.9,False,1,5.9,Card
BUG-20260630-0485,2,2026-06-30 18:42:14,Bugis,BTM-W-08,  Women's Smart Ankle Pants  ,Bottoms,Women,39.9,39.9,False,1,39.9,Cash
PUN-20260630-0439,1,2026-06-30 12:43:34,Punggol,SOK-M-02,Men's Pile Crew Socks,Socks,Men,5.9,5.9,False,1,5.9,CARD
PUN-20260630-0470,2,2026-06-30 18:11:30,Punggol,SOK-M-02,Men's Pile Crew Socks,Socks,Men,5.9,5.9,False,1,5.9,Cash
ORC-20260630-0298,2,2026-06-30 13:51:30,Orchard Central,SOK-M-04,Men's Ribbed Crew Socks,Socks,Men,5.9,5.9,False,1,5.9,Cash
BUG-20260630-0027,3,2026-06-30 12:11:05,bugis,UND-W-01,Women's Airism Bikini Shorts,Underwear,Women,9.9,9.9,False,1,9.9,Card
PUN-20260630-0324,1,2026-06-30 21:30:29,  Punggol  ,TOP-W-01,Women's Airism Cotton Crew Neck T-Shirt,Tops,Women,14.9,14.9,False,1,14.9,CASH
PUN-20260630-0038,1,2026-06-30 19:28:12,Punggol,SOK-W-03,Women's Airism Low-Cut Socks,Socks,Women,$5.9,5.9,False,1,$5.9,Card
BUG-20260630-0462,1,2026-06-30 19:00:19,Bugis,UND-M-03,Men's Airism Mesh Boxer Briefs,Underwear,Men,14.9,14.9,False,1,14.9,Cash
ORC-20260630-0094,1,2026-06-30 18:17:13,Orchard Central,SOK-W-02,Women's Pile Crew Socks,Socks,Women,$5.9,5.9,False,1,5.9,nets
PUN-20260630-0617,2,2026-06-30 18:41:44,Punggol,UND-M-04,Men's Cotton Crew Neck Undershirt,Underwear,Men,14.9,14.9,False,1,14.9,Card
ORC-20260630-0527,2,2026-06-30 21:00:36,  Orchard Central  ,SOK-W-02,Women's Pile Crew Socks,Socks,Women,5.9,5.9,False,1,5.9,Card
PUN-20260630-0519,1,2026-06-30 20:08:35,Punggol,SOK-W-02,Women's Pile Crew Socks,Socks,Women,5.9,5.9,False,1,5.9,CASH
ORC-20260630-0133,1,2026-06-30 19:17:56,ORCHARD CENTRAL,TOP-M-02,Men's Supima Cotton Polo Shirt,Tops,MEN,29.9,29.9,False,1,29.9,Card
ORC-20260630-0875,1,2026-06-30 21:47:11,Orchard Central,BTM-W-01,Women's Ultra Stretch Skinny Jeans,Bottoms,Women,39.9,39.9,False,1,39.9,PayNow
ORC-20260630-0040,3,2026-06-30 16:11:39,Orchard Central,UND-M-04,Men's Cotton Crew Neck Undershirt,underwear,Men,14.9,14.9,False,1,$14.9,card
PUN-20260630-0311,1,2026-06-30 20:35:16,Punggol,SOK-W-06,Women's Heattech Socks,Socks,Women,9.9,9.9,False,1,9.9,NETS
BUG-20260630-0179,1,2026-06-30 17:32:25,Bugis,UND-W-03,Women's Cotton Blend Briefs,Underwear,Women,9.9,9.9,False,1,9.9,Cash
PUN-20260630-0347,1,2026-06-30 14:55:16,punggol,SOK-M-04,Men's Ribbed Crew Socks,SOCKS,Men,5.9,5.9,False,2,11.8,Cash
BUG-20260630-0305,2,2026-06-30 12:00:40,bugis,TOP-W-04,Women's Heattech Crew Neck Long Sleeve Tee,Tops,Women,14.9,14.9,False,1,14.9,card
BUG-20260630-0787,1,2026-06-30 21:17:02,Bugis,TOP-M-02,Men's Supima Cotton Polo Shirt,Tops,Men,29.9,29.9,False,1,29.9,Card
PUN-20260630-0175,2,2026-06-30 19:57:33,  Punggol  ,BTM-W-02,Women's High-Rise Wide Leg Pants,Bottoms,Women,39.9,39.9,False,1,39.9,NETS
ORC-20260630-0132,1,2026-06-30 20:44:30,Orchard Central,UND-W-03,Women's Cotton Blend Briefs,Underwear,Women,9.9,9.9,False,1,9.9,Card
ORC-20260630-0805,2,2026-06-30 18:55:42,Orchard Central,SOK-M-04,Men's Ribbed Crew Socks,Socks,Men,$5.9,5.9,False,2,11.8,Cash
ORC-20260630-1042,1,2026-06-30 20:32:49,Orchard Central,BTM-W-02,Women's High-Rise Wide Leg Pants,Bottoms,Women,39.9,39.9,False,1,39.9,Cash
PUN-20260630-0184,2,2026-06-30 12:32:21,Punggol,SOK-W-04,Women's Ribbed Crew Socks,Socks,Women,5.9,5.9,False,1,5.9,Card
ORC-20260630-0110,1,2026-06-30 15:57:33,ORCHARD CENTRAL,TOP-W-06,Women's Linen Blend Short Sleeve Shirt,Tops,Women,19.72,29.9,True,1,19.72,Card
BUG-20260630-0716,1,2026-06-30 20:58:19,Bugis,SOK-M-09,Men's No-Show Sneaker Socks,SOCKS,Men,4.17,5.9,True,2,8.34,Card
BUG-20260630-0602,2,2026-06-30 19:48:43,Bugis,TOP-W-03,Women's Silky Satin Blouse,Tops,Women,39.9,39.9,False,1,39.9,Cash
BUG-20260630-0194,2,2026-06-30 19:41:06,Bugis,UND-W-01,Women's Airism Bikini Shorts,Underwear,WOMEN,9.9,9.9,False,1,9.9,Card
ORC-20260630-0377,1,2026-06-30 20:01:26,Orchard Central,SOK-M-04,  Men's Ribbed Crew Socks  ,Socks,Men,5.9,5.9,False,1,5.9,Card
PUN-20260630-0320,3,2026-06-30 20:01:22,Punggol,SOK-W-05,Women's Sport Ankle Socks,Socks,Women,4.27,5.9,True,2,8.54,Card
BUG-20260630-0909,1,2026-06-30 19:34:37,Bugis,UND-W-02,Women's Wireless Bra,Underwear,WOMEN,29.9,29.9,False,1,29.9,Nets
ORC-20260630-0268,1,2026-06-30 20:50:06,ORCHARD CENTRAL,TOP-W-01,Women's Airism Cotton Crew Neck T-Shirt,Tops,Women,14.9,14.9,False,1,14.9,Card
ORC-20260630-0154,2,2026-06-30 20:27:31,Orchard Central,BTM-W-03,Women's Ezy Ankle Pants,Bottoms,Women,29.9,29.9,False,1,29.9,NETS
BUG-20260630-0278,1,2026-06-30 19:52:29,Bugis,UND-W-01,Women's Airism Bikini Shorts,Underwear,Women,9.9,9.9,False,1,9.9,Card
PUN-20260630-0574,1,2026-06-30 19:24:11,Punggol,SOK-W-02,Women's Pile Crew Socks,Socks,Women,5.9,5.9,False,1,5.9,Card
BUG-20260630-0800,1,2026-06-30 14:43:34,Bugis,BTM-W-03,Women's Ezy Ankle Pants,Bottoms,Women,29.9,29.9,False,1,29.9,PayNow
BUG-20260630-0163,1,2026-06-30 17:15:21,Bugis,SOK-W-04,,Socks,Women,5.9,5.9,False,1,5.9,PayNow
ORC-20260630-0961,3,2026-06-30 11:57:54,Orchard Central,TOP-M-01,Men's Airism Cotton Crew Neck T-Shirt,Tops,Men,14.9,14.9,False,1,14.9,Card
BUG-20260630-0778,1,2026-06-30 19:20:42,Bugis,UND-W-04,Women's Airism T-Shirt Bra,Underwear,women,29.9,29.9,False,1,29.9,PayNow
ORC-20260630-0555,2,2026-06-30 13:34:43,orchard central,TOP-M-02,Men's Supima Cotton Polo Shirt,Tops,Men,29.9,29.9,False,1,29.9,Cash
ORC-20260630-0229,3,2026-06-30 19:22:33,Orchard Central,SOK-W-02,Women's Pile Crew Socks,Socks,Women,5.9,5.9,False,1,5.9,Card
BUG-20260630-0599,2,2026-06-30 16:16:26,bugis,SOK-M-04,,Socks,Men,5.9,5.9,False,1,5.9,Card
PUN-20260630-0545,3,2026-06-30 18:25:56,Punggol,TOP-W-10,  Women's Ultra Light Down Vest  ,Tops,Women,59.9,59.9,False,1,$59.9,Cash
BUG-20260630-0829,2,2026-06-30 21:13:56,Bugis,SOK-M-04,Men's Ribbed Crew Socks,Socks,Men,5.9,5.9,False,1,5.9,Card
BUG-20260630-0230,1,2026-06-30 20:59:49,Bugis,UND-W-03,Women's Cotton Blend Briefs,Underwear,Women,9.9,9.9,False,1,9.9,Card
PUN-20260630-0505,2,2026-06-30 14:48:19,Punggol,UND-W-03,Women's Cotton Blend Briefs,Underwear,Women,$9.9,9.9,False,2,19.8,CASH
ORC-20260630-0015,2,2026-06-30 18:12:21,orchard central,TOP-M-02,Men's Supima Cotton Polo Shirt,Tops,Men,29.9,29.9,False,1,29.9,NETS
ORC-20260630-0261,2,2026-06-30 14:41:53,Orchard Central,TOP-M-02,Men's Supima Cotton Polo Shirt,Tops,Men,29.9,29.9,False,1,29.9,Cash
BUG-20260630-0301,1,2026-06-30 20:52:32,Bugis,SOK-W-02,Women's Pile Crew Socks,Socks,Women,5.9,5.9,False,1,5.9,PayNow
ORC-20260630-0541,2,2026-06-30 21:44:32,Orchard Central,SOK-M-01,Men's Ankle Socks 3-Pack,Socks,Men,14.9,14.9,False,1,14.9,PayNow
BUG-20260630-0294,1,2026-06-30 20:11:41,Bugis,SOK-W-06,Women's Heattech Socks,SOCKS,Women,9.9,9.9,False,1,9.9,Cash
BUG-20260630-0147,3,2026-06-30 22:14:11,Bugis,TOP-M-01,Men's Airism Cotton Crew Neck T-Shirt,Tops,Men,14.9,14.9,False,1,14.9,Cash
ORC-20260630-0703,1,2026-06-30 21:04:15,Orchard Central,UND-W-03,Women's Cotton Blend Briefs,Underwear,Women,9.9,9.9,False,1,9.9,PayNow
PUN-20260630-0462,2,2026-06-30 11:27:54,Punggol,SOK-W-05,Women's Sport Ankle Socks,Socks,Women,4.27,5.9,True,1,4.27,Card
BUG-20260630-0062,1,2026-06-30 16:53:58,Bugis,TOP-W-06,Women's Linen Blend Short Sleeve Shirt,Tops,Women,19.72,29.9,True,1,19.72,PayNow
BUG-20260630-0375,1,2026-06-30 15:09:47,Bugis,SOK-M-10,  Men's Wool Blend Socks  ,Socks,Men,9.9,9.9,False,1,9.9,Cash
BUG-20260630-0903,3,2026-06-30 20:22:15,  BUGIS  ,UND-W-01,Women's Airism Bikini Shorts,Underwear,Women,9.9,9.9,False,1,9.9,Card
PUN-20260630-0047,1,2026-06-30 18:53:17,Punggol,SOK-W-02,Women's Pile Crew Socks,Socks,Women,5.9,5.9,False,1,5.9,Card
ORC-20260630-0487,2,2026-06-30 20:57:26,orchard central,SOK-W-01,Women's Ankle Socks 3-Pack,Socks,Women,14.9,14.9,False,2,$29.8,Cash
ORC-20260630-0688,1,2026-06-30 21:51:42,Orchard Central,BTM-M-04,Men's Dry Stretch Shorts,bottoms,men,19.9,19.9,False,1,19.9,Cash
PUN-20260630-0594,2,2026-06-30 11:59:24,Punggol,SOK-W-05,Women's Sport Ankle Socks,socks,Women,4.27,5.9,True,1,4.27,Card
BUG-20260630-0781,2,2026-06-30 19:20:53,Bugis,SOK-W-06,  Women's Heattech Socks  ,Socks,Women,9.9,9.9,False,2,19.8,PayNow
BUG-20260630-0839,1,2026-06-30 20:42:21,Bugis,UND-W-03,Women's Cotton Blend Briefs,UNDERWEAR,Women,9.9,9.9,False,1,9.9,Cash
BUG-20260630-0592,3,2026-06-30 18:53:21,Bugis,SOK-W-09,Women's No-Show Sneaker Socks,socks,Women,5.9,5.9,False,1,5.9,Card
ORC-20260630-0497,1,2026-06-30 18:18:29,orchard central,BTM-M-03,Men's Selvedge Regular Fit Jeans,Bottoms,Men,59.9,59.9,False,1,59.9,Nets
ORC-20260630-0348,1,2026-06-30 13:38:59,Orchard Central,SOK-M-01,Men's Ankle Socks 3-Pack,Socks,Men,14.9,14.9,False,1,14.9,card
ORC-20260630-0610,1,2026-06-30 20:05:52,Orchard Central,BTM-M-04,Men's Dry Stretch Shorts,BOTTOMS,Men,19.9,19.9,False,1,19.9,Card
ORC-20260630-0428,3,2026-06-30 18:35:20,Orchard Central,BTM-W-02,Women's High-Rise Wide Leg Pants,Bottoms,Women,39.9,39.9,False,1,39.9,PayNow
BUG-20260630-0361,3,2026-06-30 19:20:16,Bugis,SOK-M-03,Men's Airism Low-Cut Socks,Socks,men,5.9,5.9,False,1,5.9,Cash
ORC-20260630-0217,3,2026-06-30 12:17:18,Orchard Central,TOP-M-02,Men's Supima Cotton Polo Shirt,Tops,Men,29.9,29.9,False,1,29.9,Card
ORC-20260630-0305,1,2026-06-30 21:12:51,orchard central,SOK-M-05,Men's Sport Ankle Socks,Socks,MEN,4.36,5.9,True,2,8.72,Card
BUG-20260630-0763,2,2026-06-30 19:19:10,Bugis,SOK-M-02,Men's Pile Crew Socks,Socks,Men,5.9,5.9,False,2,11.8,Card
BUG-20260630-0254,2,2026-06-30 21:08:10,Bugis,SOK-W-03,Women's Airism Low-Cut Socks,Socks,Women,5.9,5.9,False,1,5.9,Card
BUG-20260630-0914,3,2026-06-30 12:43:20,Bugis,SOK-M-02,Men's Pile Crew Socks,Socks,Men,5.9,5.9,False,1,5.9,NETS
ORC-20260630-0898,2,2026-06-30 19:36:55,Orchard Central,UND-W-10,Women's Wireless Bralette,Underwear,WOMEN,29.9,29.9,False,1,29.9,CARD
BUG-20260630-0939,1,2026-06-30 20:01:02,BUGIS,SOK-W-02,Women's Pile Crew Socks,Socks,women,5.9,5.9,False,2,11.8,Card
BUG-20260630-0948,1,2026-06-30 17:08:39,Bugis,UND-M-08,Men's Airism V-Neck Undershirt,Underwear,Men,9.9,9.9,False,1,9.9,PayNow
ORC-20260630-0763,3,2026-06-30 21:52:02,  Orchard Central  ,UND-M-02,  Men's Cotton Blend Trunks  ,Underwear,Men,14.9,14.9,False,1,14.9,PayNow
ORC-20260630-0845,1,2026-06-30 22:33:46,Orchard Central,SOK-M-01,Men's Ankle Socks 3-Pack,Socks,men,14.9,14.9,False,1,14.9,Card
ORC-20260630-0734,1,2026-06-30 11:51:57,Orchard Central,SOK-W-02,Women's Pile Crew Socks,Socks,Women,5.9,5.9,False,2,11.8,Card
ORC-20260630-0410,2,2026-06-30 21:27:22,Orchard Central,SOK-M-04,  Men's Ribbed Crew Socks  ,Socks,Men,5.9,5.9,False,2,11.8,CASH
BUG-20260630-0853,1,2026-06-30 18:02:16,Bugis,UND-W-03,Women's Cotton Blend Briefs,Underwear,Women,9.9,9.9,False,1,9.9,PayNow
BUG-20260630-0001,1,2026-06-30 12:50:30,Bugis,TOP-W-01,Women's Airism Cotton Crew Neck T-Shirt,Tops,Women,14.9,14.9,False,1,14.9,Card
PUN-20260630-0207,1,2026-06-30 19:50:01,Punggol,SOK-W-04,Women's Ribbed Crew Socks,Socks,Women,5.9,5.9,False,1,5.9,NETS
ORC-20260630-1080,1,2026-06-30 19:29:56,Orchard Central,SOK-M-03,Men's Airism Low-Cut Socks,Socks,Men,5.9,5.9,False,1,5.9,PayNow
ORC-20260630-0860,1,2026-06-30 16:27:40,Orchard Central,BTM-M-05,Men's Wide Fit Cargo Pants,Bottoms,Men,39.9,39.9,False,1,39.9,Card
BUG-20260630-0728,1,2026-06-30 20:34:21,Bugis,TOP-W-02,Women's Ribbed Long Sleeve Turtleneck,Tops,Women,19.9,19.9,False,1,19.9,card
BUG-20260630-0336,3,2026-06-30 20:04:39,Bugis,TOP-W-04,Women's Heattech Crew Neck Long Sleeve Tee,Tops,WOMEN,14.9,14.9,False,1,14.9,NETS
ORC-20260630-0813,1,2026-06-30 20:36:04,Orchard Central,UND-W-01,Women's Airism Bikini Shorts,underwear,Women,9.9,9.9,False,1,9.9,PayNow
BUG-20260630-0742,2,2026-06-30 19:19:26,Bugis,UND-M-02,Men's Cotton Blend Trunks,Underwear,Men,14.9,14.9,False,1,14.9,Card
PUN-20260630-0526,1,2026-06-30 20:03:46,Punggol,BTM-M-01,Men's Ezy Ankle Pants,Bottoms,Men,29.9,29.9,False,1,29.9,card
BUG-20260630-0409,2,2026-06-30 20:23:56,Bugis,SOK-W-03,Women's Airism Low-Cut Socks,Socks,WOMEN,5.9,5.9,False,1,5.9,CASH
BUG-20260630-0711,1,2026-06-30 11:11:38,Bugis,UND-M-03,Men's Airism Mesh Boxer Briefs,Underwear,Men,$14.9,14.9,False,1,14.9,Card
PUN-20260630-0615,2,2026-06-30 12:16:50,punggol,UND-M-03,Men's Airism Mesh Boxer Briefs,Underwear,Men,14.9,14.9,False,1,14.9,CASH
BUG-20260630-0400,1,2026-06-30 18:04:55,Bugis,SOK-M-03,Men's Airism Low-Cut Socks,Socks,Men,5.9,5.9,False,1,5.9,PayNow
ORC-20260630-0697,1,2026-06-30 16:17:08,Orchard Central,SOK-M-02,Men's Pile Crew Socks,Socks,Men,5.9,5.9,False,1,5.9,PayNow
ORC-20260630-1016,1,2026-06-30 17:33:12,Orchard Central,UND-W-04,Women's Airism T-Shirt Bra,Underwear,Women,29.9,29.9,False,1,29.9,PayNow
BUG-20260630-0717,1,2026-06-30 13:38:49,Bugis,SOK-W-03,Women's Airism Low-Cut Socks,Socks,Women,5.9,5.9,False,1,5.9,Card
ORC-20260630-0331,2,2026-06-30 20:33:30,Orchard Central,SOK-M-04,Men's Ribbed Crew Socks,SOCKS,MEN,5.9,5.9,False,1,5.9,PayNow
BUG-20260630-0463,3,2026-06-30 20:09:48,Bugis,SOK-W-02,Women's Pile Crew Socks,Socks,Women,5.9,5.9,False,1,$5.9,PayNow
BUG-20260630-0306,1,2026-06-30 18:15:32,Bugis,BTM-M-04,Men's Dry Stretch Shorts,Bottoms,Men,19.9,19.9,False,1,19.9,Card
PUN-20260630-0435,1,2026-06-30 19:23:22,Punggol,TOP-M-01,Men's Airism Cotton Crew Neck T-Shirt,Tops,Men,14.9,14.9,False,1,14.9,PayNow
ORC-20260630-0847,1,2026-06-30 22:18:03,Orchard Central,BTM-W-10,Women's High Waist Denim Shorts,Bottoms,Women,29.9,29.9,False,1,29.9,Card
BUG-20260630-0937,2,2026-06-30 20:08:08,Bugis,BTM-M-01,Men's Ezy Ankle Pants,Bottoms,MEN,29.9,29.9,False,1,29.9,PayNow
BUG-20260630-0076,2,2026-06-30 22:47:29,Bugis,SOK-W-04,Women's Ribbed Crew Socks,Socks,Women,5.9,5.9,False,1,5.9,Card
BUG-20260630-0771,1,2026-06-30 14:45:56,Bugis,UND-W-03,Women's Cotton Blend Briefs,UNDERWEAR,Women,9.9,9.9,False,1,9.9,PayNow
BUG-20260630-0124,3,2026-06-30 20:27:06,Bugis,SOK-W-03,  Women's Airism Low-Cut Socks  ,Socks,Women,5.9,5.9,False,1,5.9,PayNow
PUN-20260630-0468,1,2026-06-30 21:44:00,PUNGGOL,SOK-W-04,  Women's Ribbed Crew Socks  ,socks,Women,$5.9,5.9,False,1,5.9,Card
ORC-20260630-0608,2,2026-06-30 20:16:55,Orchard Central,SOK-M-04,Men's Ribbed Crew Socks,Socks,Men,5.9,5.9,False,1,5.9,PayNow
ORC-20260630-0790,1,2026-06-30 18:42:34,Orchard Central,TOP-W-02,Women's Ribbed Long Sleeve Turtleneck,Tops,Women,19.9,19.9,False,1,19.9,CARD
ORC-20260630-0183,1,2026-06-30 19:18:55,Orchard Central,TOP-W-04,Women's Heattech Crew Neck Long Sleeve Tee,Tops,Women,14.9,14.9,False,1,14.9,Card
BUG-20260630-0875,1,2026-06-30 19:30:19,Bugis,SOK-M-04,Men's Ribbed Crew Socks,Socks,Men,5.9,5.9,False,1,5.9,Card
BUG-20260630-0313,2,2026-06-30 20:24:16,Bugis,UND-M-08,Men's Airism V-Neck Undershirt,Underwear,Men,9.9,9.9,False,1,9.9,Card
ORC-20260630-0260,2,2026-06-30 15:58:15,Orchard Central,UND-M-06,Men's Airism Sleeveless Undershirt,Underwear,Men,9.9,9.9,False,1,9.9,Card
BUG-20260630-0498,1,2026-06-30 20:59:32,Bugis,SOK-W-09,Women's No-Show Sneaker Socks,Socks,Women,5.9,5.9,False,1,5.9,
BUG-20260630-0892,1,2026-06-30 20:54:07,  BUGIS  ,TOP-W-01,Women's Airism Cotton Crew Neck T-Shirt,Tops,Women,14.9,14.9,False,1,14.9,Card
PUN-20260630-0545,2,2026-06-30 18:25:56,Punggol,TOP-W-06,Women's Linen Blend Short Sleeve Shirt,Tops,Women,19.72,29.9,True,1,19.72,Cash
PUN-20260630-0315,1,2026-06-30 15:47:50,Punggol,TOP-M-01,Men's Airism Cotton Crew Neck T-Shirt,Tops,Men,14.9,14.9,False,1,14.9,Card
ORC-20260630-0776,2,2026-06-30 21:00:45,  Orchard Central  ,TOP-M-04,Men's Oxford Long Sleeve Shirt,Tops,Men,29.9,29.9,False,1,29.9,Card
BUG-20260630-0015,2,2026-06-30 21:44:49,Bugis,BTM-W-03,  Women's Ezy Ankle Pants  ,Bottoms,Women,29.9,29.9,False,1,29.9,
PUN-20260630-0389,1,2026-06-30 17:19:44,Punggol,TOP-W-04,  Women's Heattech Crew Neck Long Sleeve Tee  ,Tops,Women,14.9,14.9,False,1,14.9,NETS
ORC-20260630-1082,1,2026-06-30 19:24:30,  Orchard Central  ,SOK-W-04,Women's Ribbed Crew Socks,Socks,Women,5.9,5.9,False,1,5.9,Card
PUN-20260630-0549,3,2026-06-30 17:49:17,Punggol,UND-W-02,Women's Wireless Bra,Underwear,Women,29.9,29.9,False,1,29.9,Card
ORC-20260630-0510,1,2026-06-30 22:01:21,Orchard Central,SOK-M-02,Men's Pile Crew Socks,Socks,men,5.9,5.9,False,2,11.8,PayNow
BUG-20260630-0005,1,2026-06-30 20:04:40,Bugis,UND-M-04,Men's Cotton Crew Neck Undershirt,UNDERWEAR,men,14.9,14.9,False,1,14.9,Cash
ORC-20260630-0629,1,2026-06-30 11:21:18,  Orchard Central  ,BTM-M-01,Men's Ezy Ankle Pants,Bottoms,Men,29.9,29.9,False,1,29.9,Card
ORC-20260630-0969,2,2026-06-30 20:19:26,Orchard Central,SOK-W-04,Women's Ribbed Crew Socks,Socks,women,5.9,5.9,False,1,5.9,PayNow
BUG-20260630-0781,1,2026-06-30 19:20:53,bugis,SOK-M-03,Men's Airism Low-Cut Socks,Socks,Men,5.9,5.9,False,1,5.9,PayNow
ORC-20260630-0287,1,2026-06-30 21:48:35,Orchard Central,UND-M-04,Men's Cotton Crew Neck Undershirt,Underwear,Men,14.9,14.9,False,1,14.9,Card
BUG-20260630-0029,2,2026-06-30 19:11:30,Bugis,SOK-W-07,Women's Striped Crew Socks,Socks,Women,5.9,5.9,False,2,11.8,Card
PUN-20260630-0558,3,2026-06-30 19:34:23,Punggol,UND-W-04,Women's Airism T-Shirt Bra,Underwear,Women,29.9,29.9,False,1,29.9,Card
BUG-20260630-0158,1,2026-06-30 21:53:20,Bugis,SOK-W-01,Women's Ankle Socks 3-Pack,Socks,Women,14.9,14.9,False,2,29.8,Cash
PUN-20260630-0044,2,2026-06-30 20:21:36,Punggol,SOK-W-04,Women's Ribbed Crew Socks,Socks,Women,5.9,5.9,False,1,5.9,Cash
PUN-20260630-0203,2,2026-06-30 20:25:21,Punggol,SOK-W-04,Women's Ribbed Crew Socks,Socks,Women,5.9,5.9,False,2,11.8,NETS
BUG-20260630-0143,1,2026-06-30 19:05:34,Bugis,SOK-M-03,Men's Airism Low-Cut Socks,Socks,Men,5.9,5.9,False,1,5.9,Card
ORC-20260630-0278,1,2026-06-30 14:18:29,Orchard Central,BTM-M-04,Men's Dry Stretch Shorts,Bottoms,Men,19.9,19.9,False,1,19.9,Card
PUN-20260630-0039,1,2026-06-30 15:38:17,Punggol,TOP-W-06,  Women's Linen Blend Short Sleeve Shirt  ,Tops,Women,19.72,29.9,True,1,$19.72,Card
ORC-20260630-0707,1,2026-06-30 19:12:25,ORCHARD CENTRAL,SOK-W-04,Women's Ribbed Crew Socks,Socks,women,5.9,5.9,False,1,5.9,
PUN-20260630-0486,1,2026-06-30 11:29:41,Punggol,SOK-W-04,Women's Ribbed Crew Socks,socks,Women,5.9,5.9,False,1,5.9,Card
BUG-20260630-0964,1,2026-06-30 19:14:39,Bugis,SOK-M-04,Men's Ribbed Crew Socks,Socks,Men,5.9,5.9,False,1,5.9,Card
ORC-20260630-0642,2,2026-06-30 19:26:02,Orchard Central,UND-M-01,Men's Airism Boxer Briefs,Underwear,Men,14.9,14.9,False,1,14.9,Card
BUG-20260630-0243,3,2026-06-30 12:12:11,Bugis,TOP-M-02,Men's Supima Cotton Polo Shirt,Tops,Men,29.9,29.9,False,1,29.9,Cash
PUN-20260630-0329,3,2026-06-30 12:53:54,  PUNGGOL  ,SOK-W-06,Women's Heattech Socks,Socks,women,9.9,9.9,False,1,9.9,NETS
BUG-20260630-0873,1,2026-06-30 21:41:08,Bugis,SOK-W-02,Women's Pile Crew Socks,Socks,Women,5.9,5.9,False,2,11.8,Card
ORC-20260630-0190,1,2026-06-30 22:58:14,Orchard Central,UND-M-01,Men's Airism Boxer Briefs,Underwear,Men,14.9,14.9,False,1,14.9,Card
BUG-20260630-0220,1,2026-06-30 18:41:13,Bugis,SOK-W-02,Women's Pile Crew Socks,Socks,Women,5.9,5.9,False,1,5.9,Card
BUG-20260630-0451,1,2026-06-30 16:14:27,BUGIS,SOK-W-04,Women's Ribbed Crew Socks,Socks,WOMEN,5.9,5.9,False,1,5.9,NETS
ORC-20260630-0375,1,2026-06-30 21:21:45,Orchard Central,UND-W-03,Women's Cotton Blend Briefs,Underwear,Women,9.9,9.9,False,1,9.9,Card
ORC-20260630-0124,2,2026-06-30 14:23:53,Orchard Central,TOP-W-04,Women's Heattech Crew Neck Long Sleeve Tee,tops,WOMEN,14.9,14.9,False,1,14.9,Card
ORC-20260630-0913,2,2026-06-30 13:36:34,Orchard Central,TOP-M-04,Men's Oxford Long Sleeve Shirt,Tops,Men,29.9,29.9,False,1,29.9,PayNow
ORC-20260630-0214,1,2026-06-30 20:09:43,Orchard Central,TOP-W-02,Women's Ribbed Long Sleeve Turtleneck,Tops,Women,19.9,19.9,False,1,19.9,Card
BUG-20260630-0588,2,2026-06-30 19:45:49,Bugis,BTM-M-04,Men's Dry Stretch Shorts,Bottoms,Men,19.9,19.9,False,1,19.9,Card
BUG-20260630-0738,1,2026-06-30 20:18:08,Bugis,TOP-W-06,Women's Linen Blend Short Sleeve Shirt,Tops,Women,19.72,29.9,True,1,19.72,PayNow
ORC-20260630-0679,1,2026-06-30 16:12:39,orchard central,UND-W-03,Women's Cotton Blend Briefs,Underwear,Women,9.9,9.9,False,1,9.9,PayNow
BUG-20260630-0371,1,2026-06-30 20:21:13,Bugis,SOK-W-02,Women's Pile Crew Socks,Socks,WOMEN,5.9,5.9,False,1,5.9,Card
ORC-20260630-0639,1,2026-06-30 12:39:33,Orchard Central,SOK-M-02,Men's Pile Crew Socks,Socks,Men,5.9,5.9,False,1,5.9,card
ORC-20260630-0008,2,2026-06-30 21:40:10,Orchard Central,SOK-M-04,  Men's Ribbed Crew Socks  ,Socks,Men,5.9,5.9,False,1,5.9,Card
PUN-20260630-0518,1,2026-06-30 20:52:29,Punggol,SOK-M-04,Men's Ribbed Crew Socks,Socks,Men,5.9,5.9,False,1,5.9,paynow
PUN-20260630-0117,3,2026-06-30 12:48:54,Punggol,SOK-M-04,Men's Ribbed Crew Socks,Socks,Men,5.9,5.9,False,1,$5.9,Cash
PUN-20260630-0338,1,2026-06-30 14:49:09,Punggol,SOK-W-03,Women's Airism Low-Cut Socks,Socks,Women,5.9,5.9,False,1,5.9,card
BUG-20260630-0798,1,2026-06-30 12:37:46,Bugis,BTM-W-04,Women's Denim Straight Jeans,Bottoms,Women,49.9,49.9,False,1,49.9,Card
BUG-20260630-0484,3,2026-06-30 18:09:24,  Bugis  ,UND-W-04,Women's Airism T-Shirt Bra,Underwear,Women,29.9,29.9,False,1,29.9,Cash
ORC-20260630-0230,1,2026-06-30 16:49:22,Orchard Central,SOK-M-01,Men's Ankle Socks 3-Pack,socks,Men,14.9,14.9,False,1,14.9,NETS
BUG-20260630-0219,2,2026-06-30 19:03:21,Bugis,BTM-W-04,Women's Denim Straight Jeans,Bottoms,Women,49.9,49.9,False,1,49.9,Cash
BUG-20260630-0356,3,2026-06-30 18:41:52,  Bugis  ,TOP-W-04,Women's Heattech Crew Neck Long Sleeve Tee,Tops,Women,14.9,14.9,False,1,14.9,Card
ORC-20260630-0104,1,2026-06-30 18:12:00,Orchard Central,TOP-M-02,Men's Supima Cotton Polo Shirt,Tops,Men,29.9,29.9,False,1,29.9,NETS
BUG-20260630-0952,2,2026-06-30 17:22:49,bugis,UND-W-03,Women's Cotton Blend Briefs,Underwear,Women,9.9,9.9,False,1,9.9,Card
ORC-20260630-0192,1,2026-06-30 20:36:35,Orchard Central,UND-M-04,Men's Cotton Crew Neck Undershirt,Underwear,Men,14.9,14.9,False,1,14.9,Cash
PUN-20260630-0523,2,2026-06-30 19:35:34,Punggol,SOK-M-01,  Men's Ankle Socks 3-Pack  ,Socks,Men,14.9,14.9,False,1,14.9,Card
ORC-20260630-0867,1,2026-06-30 19:46:08,Orchard Central,TOP-M-01,  Men's Airism Cotton Crew Neck T-Shirt  ,Tops,Men,14.9,14.9,False,1,14.9,nets
PUN-20260630-0320,2,2026-06-30 20:01:22,Punggol,BTM-M-02,Men's Slim Fit Chino Trousers,Bottoms,Men,29.9,29.9,False,1,29.9,Card
BUG-20260630-0908,1,2026-06-30 19:59:49,Bugis,BTM-M-08,Men's Relaxed Fit Denim Shorts,Bottoms,men,29.9,29.9,False,1,29.9,NETS
ORC-20260630-0753,2,2026-06-30 21:28:37,Orchard Central,SOK-M-01,Men's Ankle Socks 3-Pack,Socks,Men,14.9,14.9,False,2,29.8,Card
BUG-20260630-0637,1,2026-06-30 19:50:33,  Bugis  ,SOK-W-02,Women's Pile Crew Socks,Socks,WOMEN,5.9,5.9,False,1,5.9,Cash
ORC-20260630-0109,1,2026-06-30 19:37:41,Orchard Central,UND-W-03,Women's Cotton Blend Briefs,Underwear,Women,9.9,9.9,False,1,9.9,Card
BUG-20260630-0791,2,2026-06-30 15:49:43,Bugis,SOK-W-04,Women's Ribbed Crew Socks,Socks,Women,5.9,5.9,False,2,11.8,PayNow
BUG-20260630-0634,2,2026-06-30 15:53:48,Bugis,SOK-W-02,Women's Pile Crew Socks,Socks,WOMEN,5.9,5.9,False,1,5.9,NETS
ORC-20260630-0940,1,2026-06-30 18:33:56,orchard central,SOK-M-04,Men's Ribbed Crew Socks,Socks,Men,5.9,5.9,False,1,5.9,PayNow
BUG-20260630-0638,1,2026-06-30 17:44:24,Bugis,SOK-M-09,Men's No-Show Sneaker Socks,Socks,Men,4.17,5.9,True,1,4.17,CARD
PUN-20260630-0151,1,2026-06-30 22:59:07,  punggol  ,UND-M-04,Men's Cotton Crew Neck Undershirt,Underwear,Men,14.9,14.9,False,1,14.9,PayNow
BUG-20260630-0741,1,2026-06-30 12:15:17,Bugis,SOK-M-10,Men's Wool Blend Socks,Socks,Men,9.9,9.9,False,1,9.9,Card
BUG-20260630-0748,2,2026-06-30 22:01:54,Bugis,SOK-M-04,Men's Ribbed Crew Socks,socks,Men,5.9,5.9,False,1,5.9,
BUG-20260630-0190,2,2026-06-30 20:56:45,Bugis,TOP-W-01,Women's Airism Cotton Crew Neck T-Shirt,Tops,WOMEN,14.9,14.9,False,1,14.9,Cash
ORC-20260630-0558,2,2026-06-30 21:06:44,  Orchard Central  ,BTM-M-04,Men's Dry Stretch Shorts,Bottoms,Men,19.9,19.9,False,1,19.9,PAYNOW
ORC-20260630-0725,1,2026-06-30 20:08:22,Orchard Central,SOK-M-02,Men's Pile Crew Socks,SOCKS,MEN,5.9,5.9,False,1,5.9,Card
ORC-20260630-0563,1,2026-06-30 20:52:13,Orchard Central,TOP-W-03,Women's Silky Satin Blouse,Tops,Women,39.9,39.9,False,1,$39.9,PayNow
BUG-20260630-0813,1,2026-06-30 20:52:04,Bugis,UND-M-04,Men's Cotton Crew Neck Undershirt,Underwear,Men,14.9,14.9,False,1,14.9,Card
ORC-20260630-0270,2,2026-06-30 12:38:53,Orchard Central,SOK-M-05,Men's Sport Ankle Socks,Socks,Men,4.36,5.9,True,1,4.36,PayNow
BUG-20260630-0315,2,2026-06-30 20:39:34,BUGIS,BTM-W-01,Women's Ultra Stretch Skinny Jeans,BOTTOMS,Women,39.9,39.9,False,1,39.9,paynow
PUN-20260630-0156,1,2026-06-30 19:59:44,Punggol,TOP-W-01,Women's Airism Cotton Crew Neck T-Shirt,Tops,Women,14.9,14.9,False,1,14.9,CARD
ORC-20260630-0782,1,2026-06-30 22:40:17,Orchard Central,TOP-W-04,Women's Heattech Crew Neck Long Sleeve Tee,Tops,Women,14.9,14.9,False,1,14.9,Card
ORC-20260630-0193,1,2026-06-30 17:41:21,Orchard Central,SOK-W-02,Women's Pile Crew Socks,Socks,Women,5.9,5.9,False,1,5.9,PayNow
BUG-20260630-0524,1,2026-06-30 21:53:01,Bugis,SOK-M-09,  Men's No-Show Sneaker Socks  ,Socks,Men,4.17,5.9,True,1,4.17,Card
ORC-20260630-0516,2,2026-06-30 20:14:56,ORCHARD CENTRAL,UND-W-03,Women's Cotton Blend Briefs,Underwear,Women,$9.9,9.9,False,1,9.9,Card
ORC-20260630-1004,1,2026-06-30 18:06:28,Orchard Central,UND-W-01,Women's Airism Bikini Shorts,Underwear,Women,9.9,9.9,False,1,9.9,Card
BUG-20260630-0388,1,2026-06-30 19:18:21,  Bugis  ,BTM-W-02,  Women's High-Rise Wide Leg Pants  ,Bottoms,Women,39.9,39.9,False,1,39.9,NETS
BUG-20260630-0498,2,2026-06-30 20:59:32,Bugis,SOK-W-07,Women's Striped Crew Socks,Socks,Women,5.9,5.9,False,1,5.9,Card
BUG-20260630-0522,1,2026-06-30 19:24:40,bugis,SOK-M-03,Men's Airism Low-Cut Socks,Socks,Men,5.9,5.9,False,1,5.9,NETS
ORC-20260630-0869,1,2026-06-30 20:23:54,Orchard Central,SOK-W-02,Women's Pile Crew Socks,Socks,Women,5.9,5.9,False,1,5.9,Cash
ORC-20260630-0487,1,2026-06-30 20:57:26,Orchard Central,TOP-W-02,Women's Ribbed Long Sleeve Turtleneck,Tops,women,19.9,19.9,False,1,19.9,Cash
BUG-20260630-0409,3,2026-06-30 20:23:56,Bugis,UND-W-01,Women's Airism Bikini Shorts,Underwear,Women,9.9,9.9,False,1,9.9,Cash
ORC-20260630-0420,3,2026-06-30 15:31:41,Orchard Central,UND-M-02,Men's Cotton Blend Trunks,Underwear,Men,14.9,14.9,False,2,29.8,PayNow
BUG-20260630-0442,2,2026-06-30 20:13:54,Bugis,UND-M-02,Men's Cotton Blend Trunks,Underwear,Men,14.9,14.9,False,1,14.9,Cash
PUN-20260630-0407,2,2026-06-30 17:17:14,Punggol,BTM-M-02,Men's Slim Fit Chino Trousers,Bottoms,Men,29.9,29.9,False,1,29.9,PAYNOW
BUG-20260630-0648,1,2026-06-30 12:04:16,Bugis,SOK-M-04,Men's Ribbed Crew Socks,Socks,Men,5.9,5.9,False,1,5.9,PayNow
BUG-20260630-0275,1,2026-06-30 15:52:03,Bugis,SOK-M-04,Men's Ribbed Crew Socks,Socks,Men,5.9,5.9,False,1,5.9,Cash
ORC-20260630-0594,2,2026-06-30 18:44:27,Orchard Central,SOK-W-02,Women's Pile Crew Socks,Socks,Women,5.9,5.9,False,1,5.9,Card
PUN-20260630-0431,3,2026-06-30 19:12:11,Punggol,SOK-W-02,Women's Pile Crew Socks,Socks,women,5.9,5.9,False,1,5.9,PayNow
ORC-20260630-0372,1,2026-06-30 21:12:17,Orchard Central,SOK-W-02,Women's Pile Crew Socks,Socks,Women,5.9,5.9,False,1,5.9,PayNow
ORC-20260630-0036,2,2026-06-30 19:49:38,Orchard Central,UND-M-01,Men's Airism Boxer Briefs,Underwear,Men,14.9,14.9,False,1,14.9,Card
ORC-20260630-1064,1,2026-06-30 19:40:41,Orchard Central,SOK-W-02,Women's Pile Crew Socks,Socks,women,5.9,5.9,False,1,5.9,Card
BUG-20260630-0921,1,2026-06-30 18:39:45,Bugis,SOK-M-09,  Men's No-Show Sneaker Socks  ,Socks,Men,$4.17,5.9,True,1,4.17,
PUN-20260630-0485,2,2026-06-30 20:15:47,Punggol,SOK-M-04,Men's Ribbed Crew Socks,Socks,Men,5.9,5.9,False,1,5.9,NETS
ORC-20260630-0616,1,2026-06-30 17:49:29,Orchard Central,SOK-W-02,Women's Pile Crew Socks,Socks,Women,5.9,5.9,False,1,5.9,Card
BUG-20260630-0860,2,2026-06-30 18:27:51,bugis,SOK-M-04,Men's Ribbed Crew Socks,Socks,Men,5.9,5.9,False,1,5.9,cash
BUG-20260630-0727,1,2026-06-30 20:09:03,Bugis,SOK-M-01,Men's Ankle Socks 3-Pack,Socks,Men,14.9,14.9,False,1,14.9,NETS
BUG-20260630-0184,1,2026-06-30 20:28:47,Bugis,BTM-M-01,Men's Ezy Ankle Pants,Bottoms,Men,29.9,29.9,False,1,29.9,cash
ORC-20260630-0058,1,2026-06-30 22:22:51,  Orchard Central  ,UND-W-03,Women's Cotton Blend Briefs,Underwear,Women,9.9,9.9,False,2,19.8,NETS
BUG-20260630-0007,2,2026-06-30 12:50:35,Bugis,TOP-W-03,Women's Silky Satin Blouse,Tops,Women,39.9,39.9,False,1,39.9,PAYNOW
BUG-20260630-0140,1,2026-06-30 14:25:58,Bugis,SOK-W-03,Women's Airism Low-Cut Socks,Socks,Women,5.9,5.9,False,1,5.9,Card
ORC-20260630-0881,2,2026-06-30 15:36:02,ORCHARD CENTRAL,SOK-W-01,Women's Ankle Socks 3-Pack,Socks,Women,14.9,14.9,False,1,14.9,PayNow
ORC-20260630-1024,1,2026-06-30 18:09:38,Orchard Central,SOK-W-04,Women's Ribbed Crew Socks,Socks,WOMEN,5.9,5.9,False,1,5.9,Cash
PUN-20260630-0518,2,2026-06-30 20:52:29,Punggol,TOP-M-04,Men's Oxford Long Sleeve Shirt,Tops,Men,29.9,29.9,False,1,29.9,PayNow
PUN-20260630-0253,2,2026-06-30 18:03:06,Punggol,SOK-W-04,Women's Ribbed Crew Socks,socks,Women,5.9,5.9,False,2,11.8,NETS
BUG-20260630-0594,1,2026-06-30 21:48:26,bugis,SOK-W-03,Women's Airism Low-Cut Socks,Socks,Women,5.9,5.9,False,2,11.8,card
PUN-20260630-0092,1,2026-06-30 13:30:44,Punggol,SOK-W-06,Women's Heattech Socks,Socks,Women,9.9,9.9,False,1,9.9,card
PUN-20260630-0098,2,2026-06-30 11:20:40,Punggol,TOP-W-01,Women's Airism Cotton Crew Neck T-Shirt,Tops,women,14.9,14.9,False,1,14.9,Card
BUG-20260630-0566,2,2026-06-30 13:42:14,Bugis,SOK-M-04,  Men's Ribbed Crew Socks  ,Socks,Men,5.9,5.9,False,1,5.9,
ORC-20260630-0978,2,2026-06-30 15:45:21,Orchard Central,TOP-M-03,Men's Dry-EX Crew Neck T-Shirt,Tops,Men,19.9,19.9,False,1,19.9,Cash
BUG-20260630-0564,2,2026-06-30 13:25:09,Bugis,SOK-M-03,Men's Airism Low-Cut Socks,Socks,Men,5.9,5.9,False,1,5.9,
BUG-20260630-0191,1,2026-06-30 20:17:58,Bugis,BTM-W-03,Women's Ezy Ankle Pants,Bottoms,Women,29.9,29.9,False,1,29.9,CARD
PUN-20260630-0551,1,2026-06-30 19:37:04,Punggol,SOK-M-02,Men's Pile Crew Socks,Socks,Men,5.9,5.9,False,2,11.8,Cash
BUG-20260630-0404,2,2026-06-30 21:54:31,Bugis,TOP-W-04,Women's Heattech Crew Neck Long Sleeve Tee,Tops,Women,14.9,14.9,False,1,14.9,Card
PUN-20260630-0297,1,2026-06-30 15:39:32,Punggol,SOK-W-03,Women's Airism Low-Cut Socks,Socks,Women,5.9,5.9,False,1,5.9,Card
BUG-20260630-0583,1,2026-06-30 19:23:33,bugis,SOK-M-09,Men's No-Show Sneaker Socks,Socks,Men,4.17,5.9,True,2,8.34,Card
ORC-20260630-0333,2,2026-06-30 19:39:15,  Orchard Central  ,SOK-M-02,Men's Pile Crew Socks,socks,Men,5.9,5.9,False,1,5.9,NETS
ORC-20260630-0193,2,2026-06-30 17:41:21,Orchard Central,TOP-M-01,Men's Airism Cotton Crew Neck T-Shirt,Tops,Men,14.9,14.9,False,1,14.9,PayNow
ORC-20260630-0800,3,2026-06-30 20:16:26,Orchard Central,UND-W-04,  Women's Airism T-Shirt Bra  ,Underwear,Women,29.9,29.9,False,1,29.9,NETS
BUG-20260630-0649,2,2026-06-30 22:37:06,Bugis,SOK-M-07,Men's Striped Crew Socks,Socks,Men,5.9,5.9,False,2,11.8,Card
BUG-20260630-0017,3,2026-06-30 19:29:51,Bugis,SOK-M-04,Men's Ribbed Crew Socks,Socks,Men,5.9,5.9,False,1,5.9,Card
ORC-20260630-0402,1,2026-06-30 18:21:31,Orchard Central,UND-M-04,Men's Cotton Crew Neck Undershirt,Underwear,MEN,14.9,14.9,False,1,14.9,PayNow
BUG-20260630-0880,1,2026-06-30 12:04:41,BUGIS,SOK-W-04,Women's Ribbed Crew Socks,Socks,Women,5.9,5.9,False,1,5.9,Card
ORC-20260630-0730,1,2026-06-30 13:10:25,Orchard Central,SOK-W-01,Women's Ankle Socks 3-Pack,SOCKS,Women,14.9,14.9,False,1,14.9,paynow
BUG-20260630-0530,2,2026-06-30 20:52:40,Bugis,TOP-W-04,Women's Heattech Crew Neck Long Sleeve Tee,Tops,Women,14.9,14.9,False,1,14.9,PAYNOW
PUN-20260630-0522,2,2026-06-30 20:52:30,punggol,SOK-W-03,Women's Airism Low-Cut Socks,Socks,women,5.9,5.9,False,1,5.9,Cash
PUN-20260630-0268,3,2026-06-30 16:23:27,Punggol,SOK-W-03,Women's Airism Low-Cut Socks,Socks,Women,5.9,5.9,False,1,5.9,PayNow
BUG-20260630-0548,2,2026-06-30 12:06:53,  Bugis  ,TOP-W-06,Women's Linen Blend Short Sleeve Shirt,Tops,women,19.72,29.9,True,1,19.72,NETS
BUG-20260630-0122,1,2026-06-30 22:54:56,Bugis,SOK-M-09,Men's No-Show Sneaker Socks,Socks,Men,4.17,5.9,True,2,8.34,Card
ORC-20260630-1038,2,2026-06-30 20:14:09,Orchard Central,BTM-W-01,Women's Ultra Stretch Skinny Jeans,Bottoms,Women,39.9,39.9,False,1,39.9,PayNow
ORC-20260630-0274,2,2026-06-30 17:56:12,Orchard Central,SOK-W-02,Women's Pile Crew Socks,Socks,Women,5.9,5.9,False,2,11.8,PayNow
BUG-20260630-0275,3,2026-06-30 15:52:03,Bugis,TOP-W-01,Women's Airism Cotton Crew Neck T-Shirt,Tops,Women,14.9,14.9,False,1,14.9,Cash
ORC-20260630-0251,2,2026-06-30 19:15:49,Orchard Central,SOK-W-02,Women's Pile Crew Socks,Socks,Women,5.9,5.9,False,1,5.9,paynow
ORC-20260630-0895,1,2026-06-30 20:39:00,Orchard Central,TOP-W-06,Women's Linen Blend Short Sleeve Shirt,Tops,women,$19.72,29.9,True,1,19.72,NETS
PUN-20260630-0270,1,2026-06-30 17:21:18,PUNGGOL,TOP-M-01,Men's Airism Cotton Crew Neck T-Shirt,Tops,Men,14.9,14.9,False,1,14.9,Paynow
ORC-20260630-0141,3,2026-06-30 16:35:05,Orchard Central,SOK-M-05,Men's Sport Ankle Socks,Socks,Men,4.36,5.9,True,1,4.36,Card
BUG-20260630-0754,2,2026-06-30 13:26:47,Bugis,UND-W-01,Women's Airism Bikini Shorts,Underwear,Women,9.9,9.9,False,1,9.9,PayNow
ORC-20260630-0761,1,2026-06-30 19:58:25,Orchard Central,BTM-M-04,Men's Dry Stretch Shorts,Bottoms,Men,19.9,19.9,False,1,19.9,PayNow
ORC-20260630-0714,2,2026-06-30 17:51:53,Orchard Central,SOK-W-01,  Women's Ankle Socks 3-Pack  ,Socks,Women,14.9,14.9,False,1,14.9,Card
ORC-20260630-0229,1,2026-06-30 19:22:33,Orchard Central,UND-W-04,Women's Airism T-Shirt Bra,underwear,Women,29.9,29.9,False,2,59.8,Card
BUG-20260630-0192,2,2026-06-30 13:59:34,Bugis,SOK-M-02,Men's Pile Crew Socks,socks,Men,5.9,5.9,False,1,5.9,cash
BUG-20260630-0503,2,2026-06-30 13:49:50,bugis,SOK-W-03,Women's Airism Low-Cut Socks,Socks,Women,$5.9,5.9,False,1,5.9,PayNow
BUG-20260630-0037,1,2026-06-30 18:11:41,Bugis,SOK-W-02,Women's Pile Crew Socks,Socks,Women,5.9,5.9,False,1,5.9,NETS
ORC-20260630-0651,2,2026-06-30 22:20:42,Orchard Central,UND-M-01,Men's Airism Boxer Briefs,Underwear,Men,14.9,14.9,False,1,14.9,Card
BUG-20260630-0915,2,2026-06-30 17:59:46,Bugis,BTM-W-04,Women's Denim Straight Jeans,Bottoms,Women,49.9,49.9,False,1,49.9,Card
PUN-20260630-0515,1,2026-06-30 21:30:32,Punggol,BTM-M-02,Men's Slim Fit Chino Trousers,Bottoms,Men,29.9,29.9,False,1,29.9,Cash
ORC-20260630-1041,3,2026-06-30 19:54:18,Orchard Central,UND-W-03,Women's Cotton Blend Briefs,Underwear,Women,9.9,9.9,False,1,9.9,card
BUG-20260630-0618,3,2026-06-30 21:30:14,  Bugis  ,UND-M-04,Men's Cotton Crew Neck Undershirt,underwear,Men,14.9,14.9,False,2,29.8,PayNow
PUN-20260630-0087,1,2026-06-30 14:53:54,Punggol,UND-M-04,Men's Cotton Crew Neck Undershirt,Underwear,Men,14.9,14.9,False,1,14.9,
ORC-20260630-0331,1,2026-06-30 20:33:30,  Orchard Central  ,TOP-M-02,Men's Supima Cotton Polo Shirt,Tops,Men,29.9,29.9,False,1,29.9,PayNow
PUN-20260630-0453,2,2026-06-30 12:59:28,Punggol,UND-W-03,  Women's Cotton Blend Briefs  ,Underwear,Women,9.9,9.9,False,2,19.8,PayNow
ORC-20260630-0683,1,2026-06-30 21:53:40,Orchard Central,UND-M-03,Men's Airism Mesh Boxer Briefs,Underwear,Men,14.9,14.9,False,1,14.9,PayNow
PUN-20260630-0069,2,2026-06-30 17:33:12,Punggol,SOK-M-06,Men's Heattech Socks,Socks,Men,9.9,9.9,False,1,9.9,Card
BUG-20260630-0166,2,2026-06-30 19:44:03,Bugis,TOP-W-01,Women's Airism Cotton Crew Neck T-Shirt,Tops,Women,14.9,14.9,False,1,14.9,Cash
BUG-20260630-0570,2,2026-06-30 12:25:34,Bugis,TOP-M-01,Men's Airism Cotton Crew Neck T-Shirt,Tops,Men,14.9,14.9,False,1,14.9,
ORC-20260630-0093,1,2026-06-30 17:27:33,Orchard Central,TOP-M-04,  Men's Oxford Long Sleeve Shirt  ,Tops,Men,29.9,29.9,False,1,29.9,Card
BUG-20260630-0084,2,2026-06-30 14:03:18,Bugis,TOP-W-01,Women's Airism Cotton Crew Neck T-Shirt,Tops,Women,14.9,14.9,False,1,14.9,Card
ORC-20260630-0252,1,2026-06-30 18:02:37,Orchard Central,TOP-W-03,Women's Silky Satin Blouse,Tops,women,39.9,39.9,False,1,39.9,Card
BUG-20260630-0359,2,2026-06-30 17:09:44,  Bugis  ,SOK-W-02,Women's Pile Crew Socks,Socks,Women,5.9,5.9,False,1,5.9,Card
BUG-20260630-0923,2,2026-06-30 21:52:28,Bugis,SOK-W-02,Women's Pile Crew Socks,Socks,women,5.9,5.9,False,1,5.9,Card
ORC-20260630-0455,3,2026-06-30 14:46:44,Orchard Central,UND-M-02,Men's Cotton Blend Trunks,Underwear,Men,14.9,14.9,False,1,14.9,card
PUN-20260630-0050,1,2026-06-30 15:21:43,  Punggol  ,TOP-M-03,Men's Dry-EX Crew Neck T-Shirt,tops,Men,19.9,19.9,False,1,19.9,PayNow
ORC-20260630-0250,1,2026-06-30 19:31:43,Orchard Central,UND-W-04,Women's Airism T-Shirt Bra,Underwear,Women,29.9,29.9,False,2,59.8,PayNow
PUN-20260630-0295,1,2026-06-30 19:03:55,Punggol,TOP-W-04,Women's Heattech Crew Neck Long Sleeve Tee,Tops,Women,14.9,14.9,False,1,14.9,Card
ORC-20260630-0283,2,2026-06-30 16:27:45,Orchard Central,SOK-M-05,Men's Sport Ankle Socks,Socks,Men,4.36,5.9,True,1,4.36,Card
ORC-20260630-0106,1,2026-06-30 21:31:03,Orchard Central,TOP-M-02,Men's Supima Cotton Polo Shirt,Tops,Men,29.9,29.9,False,1,29.9,Card
ORC-20260630-0598,1,2026-06-30 16:39:03,  Orchard Central  ,UND-M-03,Men's Airism Mesh Boxer Briefs,Underwear,Men,14.9,14.9,False,1,14.9,Card
BUG-20260630-0020,1,2026-06-30 21:03:16,Bugis,BTM-W-03,Women's Ezy Ankle Pants,Bottoms,Women,29.9,29.9,False,1,29.9,Card
BUG-20260630-0558,1,2026-06-30 17:10:01,BUGIS,SOK-M-04,Men's Ribbed Crew Socks,Socks,men,5.9,5.9,False,1,5.9,Cash
ORC-20260630-0006,1,2026-06-30 21:28:12,Orchard Central,UND-M-02,Men's Cotton Blend Trunks,Underwear,Men,14.9,14.9,False,1,14.9,PayNow
ORC-20260630-0807,1,2026-06-30 19:01:12,Orchard Central,TOP-M-02,Men's Supima Cotton Polo Shirt,Tops,Men,29.9,29.9,False,1,29.9,NETS
ORC-20260630-0277,1,2026-06-30 12:59:13,Orchard Central,UND-M-01,  Men's Airism Boxer Briefs  ,Underwear,Men,14.9,14.9,False,2,29.8,NETS
PUN-20260630-0405,1,2026-06-30 20:49:20,Punggol,UND-M-04,Men's Cotton Crew Neck Undershirt,Underwear,Men,14.9,14.9,False,1,14.9,Card
PUN-20260630-0495,2,2026-06-30 19:35:59,Punggol,SOK-M-03,Men's Airism Low-Cut Socks,Socks,Men,$5.9,5.9,False,1,5.9,Cash
ORC-20260630-0983,3,2026-06-30 22:53:41,Orchard Central,TOP-W-01,  Women's Airism Cotton Crew Neck T-Shirt  ,Tops,Women,14.9,14.9,False,1,14.9,Cash
BUG-20260630-0446,1,2026-06-30 18:46:30,Bugis,UND-W-01,Women's Airism Bikini Shorts,Underwear,Women,9.9,9.9,False,1,9.9,Card
BUG-20260630-0284,1,2026-06-30 18:42:18,Bugis,SOK-W-02,Women's Pile Crew Socks,Socks,Women,5.9,5.9,False,1,5.9,CARD
ORC-20260630-0558,3,2026-06-30 21:06:44,Orchard Central,BTM-W-02,Women's High-Rise Wide Leg Pants,Bottoms,Women,39.9,39.9,False,1,39.9,PayNow
BUG-20260630-0666,1,2026-06-30 20:01:53,Bugis,SOK-W-02,Women's Pile Crew Socks,Socks,Women,5.9,5.9,False,1,5.9,Nets
BUG-20260630-0118,1,2026-06-30 18:27:28,bugis,BTM-W-02,Women's High-Rise Wide Leg Pants,Bottoms,Women,39.9,39.9,False,1,39.9,Card
ORC-20260630-0863,1,2026-06-30 22:02:52,Orchard Central,SOK-W-01,Women's Ankle Socks 3-Pack,Socks,Women,14.9,14.9,False,1,14.9,PayNow
PUN-20260630-0304,3,2026-06-30 21:00:17,Punggol,SOK-M-01,Men's Ankle Socks 3-Pack,Socks,Men,14.9,14.9,False,1,14.9,Cash
ORC-20260630-0392,3,2026-06-30 21:57:48,Orchard Central,TOP-W-02,Women's Ribbed Long Sleeve Turtleneck,tops,Women,19.9,19.9,False,1,19.9,Card
BUG-20260630-0258,2,2026-06-30 22:07:13,Bugis,TOP-M-02,Men's Supima Cotton Polo Shirt,Tops,Men,29.9,29.9,False,1,29.9,Cash
BUG-20260630-0082,1,2026-06-30 22:52:44,bugis,SOK-W-03,Women's Airism Low-Cut Socks,Socks,Women,5.9,5.9,False,1,$5.9,PayNow
ORC-20260630-0831,1,2026-06-30 14:00:41,Orchard Central,SOK-W-02,Women's Pile Crew Socks,Socks,Women,5.9,5.9,False,1,5.9,Card
ORC-20260630-0660,1,2026-06-30 19:23:35,Orchard Central,SOK-M-03,Men's Airism Low-Cut Socks,Socks,Men,5.9,5.9,False,2,11.8,paynow
ORC-20260630-0367,3,2026-06-30 15:08:09,Orchard Central,SOK-W-04,Women's Ribbed Crew Socks,Socks,Women,5.9,5.9,False,1,5.9,PayNow
ORC-20260630-0710,2,2026-06-30 14:10:52,Orchard Central,UND-M-02,Men's Cotton Blend Trunks,Underwear,Men,14.9,14.9,False,2,29.8,Cash
ORC-20260630-0826,2,2026-06-30 17:37:01,Orchard Central,SOK-M-04,Men's Ribbed Crew Socks,Socks,Men,5.9,5.9,False,1,5.9,PayNow
PUN-20260630-0535,1,2026-06-30 12:12:53,Punggol,TOP-M-03,Men's Dry-EX Crew Neck T-Shirt,Tops,Men,19.9,19.9,False,1,$19.9,Card
BUG-20260630-0633,1,2026-06-30 21:27:35,  Bugis  ,SOK-M-03,Men's Airism Low-Cut Socks,Socks,Men,5.9,5.9,False,1,5.9,PayNow
ORC-20260630-0251,1,2026-06-30 19:15:49,Orchard Central,TOP-W-03,Women's Silky Satin Blouse,Tops,Women,39.9,39.9,False,1,39.9,PayNow
PUN-20260630-0545,1,2026-06-30 18:25:56,Punggol,SOK-M-03,Men's Airism Low-Cut Socks,Socks,Men,5.9,5.9,False,1,5.9,Cash
PUN-20260630-0342,1,2026-06-30 19:21:17,Punggol,SOK-W-05,Women's Sport Ankle Socks,Socks,Women,4.27,5.9,True,1,4.27,NETS
ORC-20260630-0280,1,2026-06-30 18:04:38,orchard central,BTM-M-03,Men's Selvedge Regular Fit Jeans,Bottoms,Men,59.9,59.9,False,1,59.9,NETS
ORC-20260630-0778,1,2026-06-30 14:49:35,Orchard Central,SOK-M-04,Men's Ribbed Crew Socks,Socks,Men,5.9,5.9,False,1,5.9,Cash
ORC-20260630-0443,2,2026-06-30 15:16:07,Orchard Central,TOP-M-01,Men's Airism Cotton Crew Neck T-Shirt,Tops,Men,14.9,14.9,False,1,14.9,Card
ORC-20260630-0772,3,2026-06-30 22:41:15,orchard central,UND-M-01,Men's Airism Boxer Briefs,Underwear,Men,$14.9,14.9,False,2,29.8,Card
ORC-20260630-0046,1,2026-06-30 21:07:06,Orchard Central,UND-M-02,Men's Cotton Blend Trunks,Underwear,Men,$14.9,14.9,False,1,14.9,PayNow
PUN-20260630-0108,2,2026-06-30 12:39:28,Punggol,UND-W-03,Women's Cotton Blend Briefs,Underwear,Women,9.9,9.9,False,1,9.9,Cash
PUN-20260630-0397,2,2026-06-30 14:33:30,Punggol,BTM-M-02,Men's Slim Fit Chino Trousers,Bottoms,Men,29.9,29.9,False,1,29.9,Card
PUN-20260630-0577,1,2026-06-30 11:43:14,Punggol,UND-W-01,Women's Airism Bikini Shorts,Underwear,WOMEN,9.9,9.9,False,1,9.9,Cash
ORC-20260630-0803,1,2026-06-30 15:49:05,Orchard Central,BTM-W-01,Women's Ultra Stretch Skinny Jeans,Bottoms,Women,39.9,39.9,False,1,39.9,Card
ORC-20260630-0372,2,2026-06-30 21:12:17,Orchard Central,TOP-M-01,Men's Airism Cotton Crew Neck T-Shirt,Tops,Men,$14.9,14.9,False,1,14.9,PayNow
BUG-20260630-0799,2,2026-06-30 11:17:04,  Bugis  ,TOP-W-01,Women's Airism Cotton Crew Neck T-Shirt,Tops,Women,14.9,14.9,False,1,14.9,Cash
ORC-20260630-0680,2,2026-06-30 18:18:56,Orchard Central,UND-W-01,Women's Airism Bikini Shorts,Underwear,Women,9.9,9.9,False,1,9.9,PayNow
PUN-20260630-0469,2,2026-06-30 22:02:08,Punggol,UND-W-01,Women's Airism Bikini Shorts,Underwear,Women,9.9,9.9,False,1,9.9,PayNow
BUG-20260630-0302,3,2026-06-30 18:35:29,Bugis,UND-M-04,  Men's Cotton Crew Neck Undershirt  ,Underwear,Men,14.9,14.9,False,1,14.9,card
BUG-20260630-0899,1,2026-06-30 19:44:16,Bugis,BTM-W-07,Women's Linen Blend Wide Pants,Bottoms,Women,39.9,39.9,False,1,39.9,card
PUN-20260630-0498,1,2026-06-30 13:20:40,  Punggol  ,UND-W-03,Women's Cotton Blend Briefs,Underwear,Women,9.9,9.9,False,1,9.9,NETS
BUG-20260630-0299,1,2026-06-30 20:53:25,Bugis,SOK-W-02,Women's Pile Crew Socks,Socks,women,5.9,5.9,False,1,5.9,PayNow
BUG-20260630-0105,3,2026-06-30 20:10:31,bugis,BTM-W-02,Women's High-Rise Wide Leg Pants,Bottoms,women,39.9,39.9,False,1,39.9,PayNow
ORC-20260630-0155,1,2026-06-30 17:54:21,Orchard Central,UND-W-01,Women's Airism Bikini Shorts,Underwear,WOMEN,9.9,9.9,False,1,9.9,PayNow
BUG-20260630-0916,1,2026-06-30 18:30:39,BUGIS,BTM-M-08,Men's Relaxed Fit Denim Shorts,bottoms,Men,29.9,29.9,False,1,29.9,CASH
BUG-20260630-0565,2,2026-06-30 22:34:47,Bugis,SOK-M-01,Men's Ankle Socks 3-Pack,Socks,Men,14.9,14.9,False,1,14.9,PayNow
ORC-20260630-0533,1,2026-06-30 20:20:29,Orchard Central,SOK-M-01,Men's Ankle Socks 3-Pack,Socks,Men,14.9,14.9,False,2,29.8,Card
ORC-20260630-0618,2,2026-06-30 12:58:10,ORCHARD CENTRAL,SOK-M-02,Men's Pile Crew Socks,Socks,Men,5.9,5.9,False,1,5.9,Card
BUG-20260630-0585,2,2026-06-30 19:22:18,Bugis,TOP-W-04,Women's Heattech Crew Neck Long Sleeve Tee,TOPS,WOMEN,14.9,14.9,False,1,14.9,NETS
PUN-20260630-0037,1,2026-06-30 21:53:58,Punggol,UND-W-01,Women's Airism Bikini Shorts,UNDERWEAR,Women,9.9,9.9,False,1,9.9,Card
BUG-20260630-0045,2,2026-06-30 22:07:32,  Bugis  ,SOK-M-10,Men's Wool Blend Socks,Socks,Men,9.9,9.9,False,1,9.9,Card
ORC-20260630-0400,2,2026-06-30 22:53:38,  Orchard Central  ,SOK-M-03,Men's Airism Low-Cut Socks,Socks,Men,5.9,5.9,False,1,5.9,
PUN-20260630-0438,2,2026-06-30 18:33:29,punggol,SOK-W-05,Women's Sport Ankle Socks,Socks,Women,4.27,5.9,True,1,4.27,NETS
PUN-20260630-0539,2,2026-06-30 20:30:53,Punggol,SOK-M-02,Men's Pile Crew Socks,Socks,Men,5.9,5.9,False,1,5.9,Card
BUG-20260630-0814,2,2026-06-30 19:59:25,Bugis,TOP-M-04,Men's Oxford Long Sleeve Shirt,Tops,Men,29.9,29.9,False,1,29.9,PAYNOW
ORC-20260630-0144,3,2026-06-30 19:15:46,Orchard Central,BTM-W-01,Women's Ultra Stretch Skinny Jeans,Bottoms,women,39.9,39.9,False,1,39.9,Card
ORC-20260630-0909,1,2026-06-30 13:36:36,Orchard Central,SOK-M-02,Men's Pile Crew Socks,Socks,Men,5.9,5.9,False,1,$5.9,Cash
PUN-20260630-0482,2,2026-06-30 20:53:09,Punggol,SOK-W-03,  Women's Airism Low-Cut Socks  ,Socks,Women,5.9,5.9,False,1,5.9,Card
PUN-20260630-0059,2,2026-06-30 21:56:24,  PUNGGOL  ,TOP-M-02,Men's Supima Cotton Polo Shirt,Tops,Men,29.9,29.9,False,1,29.9,
BUG-20260630-0318,1,2026-06-30 18:24:20,Bugis,TOP-W-02,Women's Ribbed Long Sleeve Turtleneck,Tops,Women,19.9,19.9,False,1,19.9,Card
PUN-20260630-0330,3,2026-06-30 11:20:35,Punggol,UND-W-03,  Women's Cotton Blend Briefs  ,Underwear,Women,9.9,9.9,False,1,9.9,Card
PUN-20260630-0090,1,2026-06-30 18:26:07,  Punggol  ,TOP-M-01,Men's Airism Cotton Crew Neck T-Shirt,Tops,Men,14.9,14.9,False,1,14.9,paynow
ORC-20260630-0837,2,2026-06-30 11:08:21,orchard central,UND-W-01,Women's Airism Bikini Shorts,Underwear,Women,9.9,9.9,False,2,19.8,PayNow
PUN-20260630-0117,1,2026-06-30 12:48:54,Punggol,UND-M-02,Men's Cotton Blend Trunks,Underwear,Men,14.9,14.9,False,1,14.9,Cash
ORC-20260630-0267,1,2026-06-30 14:12:22,Orchard Central,SOK-W-04,Women's Ribbed Crew Socks,Socks,Women,5.9,5.9,False,1,5.9,PayNow
PUN-20260630-0200,1,2026-06-30 21:17:20,Punggol,SOK-M-01,Men's Ankle Socks 3-Pack,Socks,Men,14.9,14.9,False,1,14.9,PayNow
BUG-20260630-0213,2,2026-06-30 15:33:25,Bugis,UND-W-03,Women's Cotton Blend Briefs,Underwear,Women,9.9,9.9,False,1,$9.9,Card
PUN-20260630-0607,1,2026-06-30 22:58:25,Punggol,TOP-W-01,Women's Airism Cotton Crew Neck T-Shirt,Tops,Women,14.9,14.9,False,1,14.9,PayNow
BUG-20260630-0201,1,2026-06-30 21:40:05,Bugis,SOK-W-02,Women's Pile Crew Socks,socks,Women,5.9,5.9,False,1,5.9,paynow
ORC-20260630-0828,2,2026-06-30 21:58:18,Orchard Central,UND-W-03,Women's Cotton Blend Briefs,Underwear,Women,9.9,9.9,False,1,9.9,PayNow
BUG-20260630-0315,3,2026-06-30 20:39:34,Bugis,UND-M-04,Men's Cotton Crew Neck Undershirt,Underwear,men,14.9,14.9,False,1,14.9,PayNow
BUG-20260630-0673,1,2026-06-30 17:11:41,Bugis,SOK-M-04,Men's Ribbed Crew Socks,Socks,Men,5.9,5.9,False,1,5.9,PayNow
BUG-20260630-0510,2,2026-06-30 19:24:40,Bugis,SOK-M-09,Men's No-Show Sneaker Socks,Socks,Men,4.17,5.9,True,1,4.17,Card
BUG-20260630-0661,1,2026-06-30 21:26:13,Bugis,TOP-W-04,Women's Heattech Crew Neck Long Sleeve Tee,Tops,Women,14.9,14.9,False,1,14.9,Card
ORC-20260630-1016,3,2026-06-30 17:33:12,Orchard Central,UND-W-01,Women's Airism Bikini Shorts,UNDERWEAR,Women,9.9,9.9,False,2,19.8,PayNow
PUN-20260630-0102,1,2026-06-30 18:22:48,Punggol,UND-W-02,Women's Wireless Bra,Underwear,Women,29.9,29.9,False,2,59.8,PayNow
ORC-20260630-0939,2,2026-06-30 11:01:31,Orchard Central,UND-W-01,Women's Airism Bikini Shorts,UNDERWEAR,Women,9.9,9.9,False,1,9.9,Cash
ORC-20260630-0693,2,2026-06-30 18:45:27,Orchard Central,UND-W-03,Women's Cotton Blend Briefs,Underwear,WOMEN,9.9,9.9,False,1,9.9,PayNow
BUG-20260630-0115,1,2026-06-30 16:09:54,Bugis,SOK-W-04,  Women's Ribbed Crew Socks  ,SOCKS,women,5.9,5.9,False,1,5.9,card
PUN-20260630-0055,2,2026-06-30 19:21:57,punggol,TOP-M-02,Men's Supima Cotton Polo Shirt,Tops,Men,29.9,29.9,False,1,29.9,Card
BUG-20260630-0871,2,2026-06-30 14:38:47,  Bugis  ,UND-W-03,Women's Cotton Blend Briefs,Underwear,Women,9.9,9.9,False,1,9.9,Card
PUN-20260630-0390,2,2026-06-30 19:44:42,Punggol,SOK-M-04,Men's Ribbed Crew Socks,Socks,Men,5.9,5.9,False,1,5.9,PayNow
PUN-20260630-0437,2,2026-06-30 13:53:41,Punggol,SOK-W-01,Women's Ankle Socks 3-Pack,Socks,Women,14.9,14.9,False,1,14.9,PayNow
BUG-20260630-0843,2,2026-06-30 16:57:43,Bugis,UND-M-04,Men's Cotton Crew Neck Undershirt,Underwear,Men,14.9,14.9,False,1,14.9,NETS
PUN-20260630-0221,3,2026-06-30 21:59:00,PUNGGOL,SOK-M-03,Men's Airism Low-Cut Socks,Socks,Men,5.9,5.9,False,2,11.8,PayNow
ORC-20260630-0223,1,2026-06-30 18:21:06,Orchard Central,TOP-M-04,Men's Oxford Long Sleeve Shirt,Tops,men,29.9,29.9,False,1,29.9,NETS
ORC-20260630-0643,1,2026-06-30 20:30:52,Orchard Central,UND-M-03,  Men's Airism Mesh Boxer Briefs  ,Underwear,Men,14.9,14.9,False,1,14.9,NETS
BUG-20260630-0811,1,2026-06-30 20:39:25,Bugis,UND-M-04,Men's Cotton Crew Neck Undershirt,Underwear,Men,14.9,14.9,False,1,14.9,NETS
ORC-20260630-0599,2,2026-06-30 15:32:16,Orchard Central,SOK-W-02,Women's Pile Crew Socks,Socks,women,5.9,5.9,False,2,11.8,Card
ORC-20260630-0981,1,2026-06-30 12:33:04,Orchard Central,SOK-M-04,Men's Ribbed Crew Socks,Socks,Men,5.9,5.9,False,1,5.9,Cash
BUG-20260630-0542,2,2026-06-30 16:28:46,bugis,UND-M-02,Men's Cotton Blend Trunks,Underwear,Men,14.9,14.9,False,1,14.9,Card
ORC-20260630-0804,2,2026-06-30 20:06:54,Orchard Central,UND-M-01,Men's Airism Boxer Briefs,Underwear,Men,14.9,14.9,False,1,14.9,Card
BUG-20260630-0101,1,2026-06-30 14:28:00,Bugis,UND-W-03,Women's Cotton Blend Briefs,Underwear,Women,9.9,9.9,False,1,9.9,PayNow
BUG-20260630-0730,1,2026-06-30 19:41:57,Bugis,SOK-W-03,  Women's Airism Low-Cut Socks  ,Socks,Women,5.9,5.9,False,1,5.9,PayNow
ORC-20260630-0818,2,2026-06-30 14:01:39,Orchard Central,SOK-M-03,Men's Airism Low-Cut Socks,Socks,Men,5.9,5.9,False,1,5.9,NETS
ORC-20260630-0546,1,2026-06-30 17:00:01,Orchard Central,TOP-W-08,  Women's Puff Sleeve Blouse  ,TOPS,Women,29.9,29.9,False,1,29.9,PayNow
ORC-20260630-0617,1,2026-06-30 20:26:41,Orchard Central,SOK-M-04,Men's Ribbed Crew Socks,socks,MEN,5.9,5.9,False,1,5.9,CASH
BUG-20260630-0808,2,2026-06-30 20:46:45,Bugis,BTM-M-01,Men's Ezy Ankle Pants,Bottoms,Men,29.9,29.9,False,1,29.9,Card
BUG-20260630-0128,1,2026-06-30 19:05:12,Bugis,SOK-M-02,Men's Pile Crew Socks,Socks,Men,5.9,5.9,False,1,5.9,Card
BUG-20260630-0502,2,2026-06-30 20:53:25,Bugis,SOK-M-03,Men's Airism Low-Cut Socks,Socks,Men,5.9,5.9,False,1,5.9,Cash
ORC-20260630-0374,1,2026-06-30 17:15:18,Orchard Central,TOP-W-06,Women's Linen Blend Short Sleeve Shirt,Tops,WOMEN,19.72,29.9,True,1,19.72,Card
PUN-20260630-0100,3,2026-06-30 21:34:39,Punggol,SOK-M-02,  Men's Pile Crew Socks  ,Socks,Men,5.9,5.9,False,2,11.8,
BUG-20260630-0455,2,2026-06-30 19:43:27,Bugis,BTM-M-03,Men's Selvedge Regular Fit Jeans,Bottoms,men,59.9,59.9,False,1,59.9,PayNow
ORC-20260630-0199,2,2026-06-30 15:40:47,ORCHARD CENTRAL,TOP-M-03,Men's Dry-EX Crew Neck T-Shirt,Tops,Men,19.9,19.9,False,1,19.9,CARD
ORC-20260630-0542,2,2026-06-30 14:49:57,Orchard Central,SOK-W-01,Women's Ankle Socks 3-Pack,Socks,Women,14.9,14.9,False,1,14.9,PayNow
PUN-20260630-0510,3,2026-06-30 20:18:34,Punggol,BTM-M-01,  Men's Ezy Ankle Pants  ,Bottoms,Men,29.9,29.9,False,1,29.9,Card
ORC-20260630-1061,2,2026-06-30 22:43:45,Orchard Central,SOK-W-02,Women's Pile Crew Socks,Socks,Women,5.9,5.9,False,1,5.9,Card
BUG-20260630-0580,1,2026-06-30 21:13:21,Bugis,SOK-W-02,Women's Pile Crew Socks,Socks,Women,5.9,5.9,False,1,5.9,PayNow
BUG-20260630-0756,2,2026-06-30 11:12:17,  Bugis  ,TOP-W-01,Women's Airism Cotton Crew Neck T-Shirt,TOPS,Women,14.9,14.9,False,1,14.9,card
ORC-20260630-0460,1,2026-06-30 19:08:17,Orchard Central,UND-W-03,  Women's Cotton Blend Briefs  ,UNDERWEAR,women,9.9,9.9,False,1,$9.9,Card
PUN-20260630-0476,1,2026-06-30 19:01:38,Punggol,TOP-W-06,Women's Linen Blend Short Sleeve Shirt,Tops,Women,19.72,29.9,True,1,19.72,
PUN-20260630-0337,1,2026-06-30 12:32:23,Punggol,UND-W-02,Women's Wireless Bra,Underwear,Women,$29.9,29.9,False,1,29.9,PayNow
ORC-20260630-0655,2,2026-06-30 21:00:34,Orchard Central,UND-M-01,Men's Airism Boxer Briefs,Underwear,MEN,$14.9,14.9,False,1,14.9,Card
PUN-20260630-0276,1,2026-06-30 19:48:46,Punggol,UND-M-02,  Men's Cotton Blend Trunks  ,Underwear,men,14.9,14.9,False,2,29.8,Card
BUG-20260630-0693,2,2026-06-30 20:13:17,Bugis,TOP-W-03,Women's Silky Satin Blouse,Tops,Women,39.9,39.9,False,1,39.9,Cash
ORC-20260630-0116,1,2026-06-30 16:28:27,Orchard Central,SOK-W-04,Women's Ribbed Crew Socks,Socks,Women,5.9,5.9,False,1,5.9,Cash
BUG-20260630-0265,1,2026-06-30 21:06:52,Bugis,SOK-M-09,Men's No-Show Sneaker Socks,Socks,Men,4.17,5.9,True,1,4.17,PayNow
PUN-20260630-0307,1,2026-06-30 18:04:34,punggol,SOK-M-03,Men's Airism Low-Cut Socks,Socks,Men,5.9,5.9,False,1,5.9,NETS
BUG-20260630-0674,2,2026-06-30 20:31:57,Bugis,SOK-M-09,Men's No-Show Sneaker Socks,Socks,Men,4.17,5.9,True,2,8.34,PayNow
PUN-20260630-0500,1,2026-06-30 16:59:54,Punggol,SOK-W-06,Women's Heattech Socks,Socks,Women,9.9,9.9,False,1,9.9,Cash
ORC-20260630-0225,1,2026-06-30 15:04:51,Orchard Central,TOP-W-04,Women's Heattech Crew Neck Long Sleeve Tee,Tops,Women,14.9,14.9,False,1,14.9,Cash
ORC-20260630-0467,1,2026-06-30 12:04:56,Orchard Central,SOK-M-03,Men's Airism Low-Cut Socks,Socks,Men,5.9,5.9,False,1,5.9,Cash
ORC-20260630-0642,1,2026-06-30 19:26:02,Orchard Central,BTM-W-04,Women's Denim Straight Jeans,Bottoms,Women,49.9,49.9,False,1,49.9,Card
PUN-20260630-0199,2,2026-06-30 14:02:46,  Punggol  ,BTM-W-03,Women's Ezy Ankle Pants,Bottoms,Women,29.9,29.9,False,1,29.9,NETS
ORC-20260630-1031,1,2026-06-30 20:59:53,Orchard Central,TOP-W-02,Women's Ribbed Long Sleeve Turtleneck,tops,Women,19.9,19.9,False,1,19.9,Card
ORC-20260630-0360,1,2026-06-30 17:07:22,Orchard Central,UND-W-03,Women's Cotton Blend Briefs,Underwear,Women,9.9,9.9,False,1,9.9,Card
ORC-20260630-0371,3,2026-06-30 20:16:42,  Orchard Central  ,SOK-M-04,Men's Ribbed Crew Socks,Socks,Men,5.9,5.9,False,1,5.9,PayNow
ORC-20260630-0183,3,2026-06-30 19:18:55,Orchard Central,SOK-W-01,Women's Ankle Socks 3-Pack,Socks,Women,14.9,14.9,False,1,14.9,Card
PUN-20260630-0447,1,2026-06-30 19:04:01,Punggol,TOP-M-06,Men's Fleece Full-Zip Hoodie,Tops,Men,39.9,39.9,False,1,39.9,Paynow
ORC-20260630-0659,1,2026-06-30 20:04:09,Orchard Central,BTM-M-01,Men's Ezy Ankle Pants,Bottoms,Men,29.9,29.9,False,1,29.9,PayNow
BUG-20260630-0764,1,2026-06-30 17:17:21,  bugis  ,UND-M-04,  Men's Cotton Crew Neck Undershirt  ,Underwear,Men,14.9,14.9,False,1,14.9,Cash
BUG-20260630-0121,1,2026-06-30 15:03:18,Bugis,SOK-M-03,Men's Airism Low-Cut Socks,Socks,Men,5.9,5.9,False,1,5.9,Cash
PUN-20260630-0501,1,2026-06-30 22:39:03,Punggol,SOK-M-04,Men's Ribbed Crew Socks,Socks,Men,5.9,5.9,False,1,5.9,Card
ORC-20260630-0346,1,2026-06-30 19:07:03,Orchard Central,SOK-M-04,Men's Ribbed Crew Socks,Socks,Men,5.9,5.9,False,1,5.9,NETS
BUG-20260630-0779,3,2026-06-30 20:11:57,Bugis,SOK-M-01,Men's Ankle Socks 3-Pack,Socks,Men,14.9,14.9,False,1,14.9,PayNow
PUN-20260630-0366,2,2026-06-30 22:43:57,  Punggol  ,SOK-W-03,Women's Airism Low-Cut Socks,Socks,Women,5.9,5.9,False,2,11.8,Card
ORC-20260630-0413,1,2026-06-30 17:17:05,Orchard Central,TOP-M-02,Men's Supima Cotton Polo Shirt,Tops,Men,29.9,29.9,False,1,29.9,Cash
PUN-20260630-0434,1,2026-06-30 19:28:21,Punggol,TOP-M-06,Men's Fleece Full-Zip Hoodie,Tops,Men,39.9,39.9,False,1,39.9,NETS
ORC-20260630-0443,1,2026-06-30 15:16:07,ORCHARD CENTRAL,UND-M-02,Men's Cotton Blend Trunks,Underwear,Men,14.9,14.9,False,1,14.9,Card
ORC-20260630-0305,3,2026-06-30 21:12:51,Orchard Central,SOK-M-01,Men's Ankle Socks 3-Pack,Socks,Men,14.9,14.9,False,1,14.9,Card
BUG-20260630-0515,3,2026-06-30 20:58:06,Bugis,TOP-M-01,Men's Airism Cotton Crew Neck T-Shirt,Tops,Men,14.9,14.9,False,1,14.9,Card
BUG-20260630-0115,2,2026-06-30 16:09:54,Bugis,SOK-W-03,  Women's Airism Low-Cut Socks  ,Socks,Women,5.9,5.9,False,1,5.9,Card
BUG-20260630-0966,1,2026-06-30 18:57:38,Bugis,SOK-W-09,  Women's No-Show Sneaker Socks  ,Socks,Women,5.9,5.9,False,1,5.9,Paynow
ORC-20260630-0801,1,2026-06-30 19:36:31,orchard central,SOK-M-02,Men's Pile Crew Socks,Socks,men,5.9,5.9,False,1,5.9,Card
PUN-20260630-0077,2,2026-06-30 22:38:37,Punggol,BTM-M-02,Men's Slim Fit Chino Trousers,Bottoms,Men,29.9,29.9,False,1,29.9,Cash
PUN-20260630-0420,1,2026-06-30 20:37:32,Punggol,TOP-M-03,Men's Dry-EX Crew Neck T-Shirt,Tops,Men,19.9,19.9,False,1,19.9,PayNow
ORC-20260630-0098,3,2026-06-30 21:00:47,Orchard Central,SOK-M-03,Men's Airism Low-Cut Socks,Socks,Men,5.9,5.9,False,1,5.9,Cash
ORC-20260630-0486,1,2026-06-30 20:47:06,Orchard Central,SOK-M-01,Men's Ankle Socks 3-Pack,socks,Men,14.9,14.9,False,1,14.9,PayNow
ORC-20260630-0163,2,2026-06-30 20:23:53,ORCHARD CENTRAL,SOK-M-04,Men's Ribbed Crew Socks,Socks,Men,5.9,5.9,False,1,5.9,Card
BUG-20260630-0274,2,2026-06-30 22:47:03,Bugis,SOK-W-04,Women's Ribbed Crew Socks,Socks,women,5.9,5.9,False,1,5.9,
ORC-20260630-0396,1,2026-06-30 20:34:14,Orchard Central,UND-M-01,Men's Airism Boxer Briefs,Underwear,Men,14.9,14.9,False,1,14.9,
ORC-20260630-0352,3,2026-06-30 17:09:47,Orchard Central,BTM-M-02,Men's Slim Fit Chino Trousers,Bottoms,Men,29.9,29.9,False,1,29.9,Card
ORC-20260630-0638,2,2026-06-30 21:34:26,Orchard Central,TOP-M-03,Men's Dry-EX Crew Neck T-Shirt,Tops,Men,19.9,19.9,False,1,19.9,paynow
ORC-20260630-0957,2,2026-06-30 21:45:25,Orchard Central,UND-M-01,Men's Airism Boxer Briefs,Underwear,Men,14.9,14.9,False,2,29.8,NETS
ORC-20260630-0988,1,2026-06-30 17:11:56,  Orchard Central  ,UND-W-04,Women's Airism T-Shirt Bra,Underwear,Women,29.9,29.9,False,1,29.9,NETS
PUN-20260630-0182,2,2026-06-30 19:03:17,Punggol,SOK-W-03,Women's Airism Low-Cut Socks,Socks,Women,5.9,5.9,False,1,5.9,Cash
BUG-20260630-0616,2,2026-06-30 21:22:18,Bugis,BTM-M-04,Men's Dry Stretch Shorts,Bottoms,Men,19.9,19.9,False,1,19.9,paynow
BUG-20260630-0144,2,2026-06-30 18:39:48,Bugis,TOP-M-04,Men's Oxford Long Sleeve Shirt,Tops,Men,29.9,29.9,False,1,29.9,PayNow
BUG-20260630-0488,1,2026-06-30 18:52:01,bugis,TOP-W-06,  Women's Linen Blend Short Sleeve Shirt  ,Tops,Women,19.72,29.9,True,1,19.72,Card
BUG-20260630-0885,2,2026-06-30 14:14:47,Bugis,UND-W-04,Women's Airism T-Shirt Bra,Underwear,Women,29.9,29.9,False,1,29.9,Card
ORC-20260630-0777,1,2026-06-30 19:53:03,Orchard Central,TOP-W-01,Women's Airism Cotton Crew Neck T-Shirt,Tops,Women,14.9,14.9,False,1,14.9,PayNow
BUG-20260630-0048,2,2026-06-30 20:58:33,Bugis,UND-W-01,  Women's Airism Bikini Shorts  ,underwear,Women,9.9,9.9,False,2,19.8,Card
ORC-20260630-0633,2,2026-06-30 18:37:48,Orchard Central,TOP-M-01,Men's Airism Cotton Crew Neck T-Shirt,Tops,Men,14.9,14.9,False,1,14.9,NETS
ORC-20260630-0698,1,2026-06-30 12:05:53,  orchard central  ,SOK-M-02,Men's Pile Crew Socks,Socks,Men,5.9,5.9,False,1,5.9,NETS
ORC-20260630-0827,2,2026-06-30 13:05:11,Orchard Central,SOK-W-04,Women's Ribbed Crew Socks,Socks,Women,5.9,5.9,False,1,5.9,Card
BUG-20260630-0932,1,2026-06-30 22:26:50,Bugis,BTM-W-02,Women's High-Rise Wide Leg Pants,Bottoms,Women,39.9,39.9,False,1,39.9,Cash
BUG-20260630-0604,2,2026-06-30 21:55:54,Bugis,SOK-W-01,Women's Ankle Socks 3-Pack,Socks,Women,$14.9,14.9,False,1,14.9,Cash
BUG-20260630-0635,1,2026-06-30 22:23:26,Bugis,UND-W-03,Women's Cotton Blend Briefs,UNDERWEAR,Women,9.9,9.9,False,1,$9.9,PayNow
ORC-20260630-0612,1,2026-06-30 21:04:25,Orchard Central,SOK-W-02,Women's Pile Crew Socks,Socks,Women,5.9,5.9,False,1,5.9,PayNow
PUN-20260630-0562,2,2026-06-30 22:38:12,Punggol,BTM-M-03,Men's Selvedge Regular Fit Jeans,Bottoms,Men,59.9,59.9,False,1,59.9,Cash
ORC-20260630-0602,1,2026-06-30 11:05:38,Orchard Central,SOK-M-03,Men's Airism Low-Cut Socks,Socks,Men,5.9,5.9,False,1,5.9,Paynow
PUN-20260630-0481,1,2026-06-30 12:33:53,Punggol,SOK-M-02,Men's Pile Crew Socks,Socks,MEN,5.9,5.9,False,1,5.9,CARD
ORC-20260630-0501,2,2026-06-30 18:35:18,Orchard Central,UND-M-01,Men's Airism Boxer Briefs,underwear,Men,14.9,14.9,False,1,14.9,Cash
ORC-20260630-0590,1,2026-06-30 18:40:00,Orchard Central,UND-W-01,Women's Airism Bikini Shorts,Underwear,WOMEN,9.9,9.9,False,1,9.9,PayNow
BUG-20260630-0680,1,2026-06-30 16:40:04,Bugis,BTM-W-03,Women's Ezy Ankle Pants,Bottoms,Women,29.9,29.9,False,1,29.9,Cash
BUG-20260630-0658,2,2026-06-30 13:11:36,Bugis,SOK-M-02,Men's Pile Crew Socks,Socks,Men,5.9,5.9,False,1,5.9,Card
BUG-20260630-0778,2,2026-06-30 19:20:42,Bugis,SOK-W-06,  Women's Heattech Socks  ,SOCKS,women,9.9,9.9,False,1,9.9,PayNow
ORC-20260630-0019,1,2026-06-30 19:00:21,Orchard Central,UND-M-01,Men's Airism Boxer Briefs,Underwear,Men,14.9,14.9,False,1,$14.9,Card
ORC-20260630-0975,1,2026-06-30 20:19:43,Orchard Central,SOK-M-02,  Men's Pile Crew Socks  ,Socks,Men,5.9,5.9,False,1,5.9,PayNow
ORC-20260630-0527,3,2026-06-30 21:00:36,Orchard Central,UND-M-01,Men's Airism Boxer Briefs,Underwear,Men,14.9,14.9,False,1,14.9,Card
ORC-20260630-0283,1,2026-06-30 16:27:45,orchard central,UND-M-01,Men's Airism Boxer Briefs,Underwear,Men,14.9,14.9,False,2,29.8,
ORC-20260630-0921,2,2026-06-30 17:40:06,Orchard Central,SOK-M-05,Men's Sport Ankle Socks,SOCKS,MEN,4.36,5.9,True,2,8.72,Card
PUN-20260630-0580,1,2026-06-30 16:35:34,Punggol,BTM-M-09,Men's Linen Blend Trousers,Bottoms,Men,39.9,39.9,False,1,39.9,Card
ORC-20260630-1040,3,2026-06-30 11:49:11,Orchard Central,UND-W-01,Women's Airism Bikini Shorts,Underwear,Women,9.9,9.9,False,1,9.9,Card
ORC-20260630-0304,3,2026-06-30 14:43:46,Orchard Central,SOK-M-05,Men's Sport Ankle Socks,Socks,Men,4.36,5.9,True,1,4.36,Card
ORC-20260630-0151,2,2026-06-30 15:08:15,Orchard Central,SOK-M-01,Men's Ankle Socks 3-Pack,SOCKS,Men,14.9,14.9,False,1,14.9,NETS
PUN-20260630-0229,2,2026-06-30 18:10:16,Punggol,SOK-W-03,Women's Airism Low-Cut Socks,Socks,Women,5.9,5.9,False,1,5.9,NETS
PUN-20260630-0453,1,2026-06-30 12:59:28,Punggol,SOK-W-04,Women's Ribbed Crew Socks,Socks,Women,5.9,5.9,False,1,5.9,PayNow
ORC-20260630-1047,1,2026-06-30 21:26:12,Orchard Central,UND-M-04,Men's Cotton Crew Neck Undershirt,Underwear,Men,14.9,14.9,False,1,14.9,NETS
BUG-20260630-0322,1,2026-06-30 20:58:39,BUGIS,TOP-M-01,Men's Airism Cotton Crew Neck T-Shirt,Tops,Men,14.9,14.9,False,1,14.9,PayNow
PUN-20260630-0363,1,2026-06-30 18:47:02,Punggol,SOK-W-02,Women's Pile Crew Socks,socks,Women,5.9,5.9,False,1,5.9,Cash
PUN-20260630-0582,2,2026-06-30 19:56:37,Punggol,TOP-W-02,Women's Ribbed Long Sleeve Turtleneck,Tops,Women,19.9,19.9,False,1,19.9,Paynow
PUN-20260630-0480,2,2026-06-30 19:49:31,Punggol,TOP-W-01,Women's Airism Cotton Crew Neck T-Shirt,Tops,Women,14.9,14.9,False,1,14.9,CARD
BUG-20260630-0214,1,2026-06-30 19:12:25,Bugis,UND-W-01,,Underwear,Women,9.9,9.9,False,1,9.9,PAYNOW
BUG-20260630-0151,1,2026-06-30 19:58:54,Bugis,SOK-M-10,Men's Wool Blend Socks,Socks,Men,9.9,9.9,False,1,9.9,NETS
BUG-20260630-0733,2,2026-06-30 21:00:52,Bugis,SOK-M-04,Men's Ribbed Crew Socks,Socks,Men,5.9,5.9,False,1,5.9,Card
BUG-20260630-0569,1,2026-06-30 17:41:02,  Bugis  ,UND-M-04,Men's Cotton Crew Neck Undershirt,UNDERWEAR,Men,14.9,14.9,False,2,29.8,Cash
ORC-20260630-0088,1,2026-06-30 22:46:03,Orchard Central,SOK-M-03,Men's Airism Low-Cut Socks,Socks,Men,5.9,5.9,False,1,5.9,PayNow
PUN-20260630-0321,2,2026-06-30 17:35:59,Punggol,TOP-M-10,Men's Merino Blend V-Neck Sweater,Tops,Men,39.9,39.9,False,1,39.9,PayNow
ORC-20260630-0900,2,2026-06-30 19:53:26,Orchard Central,UND-M-02,Men's Cotton Blend Trunks,Underwear,Men,$14.9,14.9,False,1,14.9,NETS
ORC-20260630-0416,1,2026-06-30 20:35:28,Orchard Central,BTM-M-04,Men's Dry Stretch Shorts,Bottoms,Men,19.9,19.9,False,1,19.9,Card
ORC-20260630-0263,1,2026-06-30 16:12:51,Orchard Central,SOK-M-04,Men's Ribbed Crew Socks,Socks,Men,5.9,5.9,False,1,5.9,PayNow
PUN-20260630-0402,2,2026-06-30 21:52:07,punggol,BTM-M-02,Men's Slim Fit Chino Trousers,Bottoms,Men,29.9,29.9,False,1,29.9,Card
PUN-20260630-0103,1,2026-06-30 18:31:50,PUNGGOL,TOP-M-10,Men's Merino Blend V-Neck Sweater,TOPS,Men,39.9,39.9,False,1,39.9,paynow
PUN-20260630-0227,1,2026-06-30 18:17:22,Punggol,BTM-W-01,  Women's Ultra Stretch Skinny Jeans  ,Bottoms,Women,39.9,39.9,False,1,39.9,NETS
ORC-20260630-0492,3,2026-06-30 19:11:02,Orchard Central,SOK-M-04,Men's Ribbed Crew Socks,Socks,Men,5.9,5.9,False,2,11.8,Card
ORC-20260630-0686,2,2026-06-30 17:36:39,ORCHARD CENTRAL,TOP-W-04,Women's Heattech Crew Neck Long Sleeve Tee,TOPS,Women,14.9,14.9,False,1,14.9,Card
PUN-20260630-0357,1,2026-06-30 18:15:35,Punggol,SOK-M-01,Men's Ankle Socks 3-Pack,socks,Men,14.9,14.9,False,1,14.9,Cash
ORC-20260630-0156,1,2026-06-30 19:37:42,Orchard Central,UND-M-01,  Men's Airism Boxer Briefs  ,UNDERWEAR,Men,14.9,14.9,False,1,14.9,Card
PUN-20260630-0364,1,2026-06-30 17:48:13,Punggol,SOK-W-04,Women's Ribbed Crew Socks,Socks,Women,5.9,5.9,False,1,5.9,Cash
PUN-20260630-0461,2,2026-06-30 19:39:34,Punggol,TOP-M-02,Men's Supima Cotton Polo Shirt,Tops,men,29.9,29.9,False,1,29.9,Card
PUN-20260630-0287,1,2026-06-30 13:10:38,Punggol,SOK-W-02,Women's Pile Crew Socks,socks,Women,5.9,5.9,False,1,5.9,NETS
BUG-20260630-0399,2,2026-06-30 16:30:50,Bugis,SOK-W-02,Women's Pile Crew Socks,Socks,Women,5.9,5.9,False,1,5.9,NETS
BUG-20260630-0216,1,2026-06-30 21:26:47,Bugis,UND-W-01,Women's Airism Bikini Shorts,Underwear,Women,9.9,9.9,False,1,9.9,PayNow
BUG-20260630-0282,2,2026-06-30 19:56:19,  Bugis  ,TOP-W-06,Women's Linen Blend Short Sleeve Shirt,Tops,Women,19.72,29.9,True,1,19.72,Cash
ORC-20260630-1086,1,2026-06-30 15:57:21,Orchard Central,BTM-W-03,Women's Ezy Ankle Pants,Bottoms,Women,29.9,29.9,False,1,29.9,Card
BUG-20260630-0884,2,2026-06-30 19:51:36,Bugis,TOP-W-01,Women's Airism Cotton Crew Neck T-Shirt,Tops,Women,14.9,14.9,False,1,14.9,PayNow
BUG-20260630-0872,1,2026-06-30 12:39:23,Bugis,UND-M-04,Men's Cotton Crew Neck Undershirt,Underwear,MEN,14.9,14.9,False,1,14.9,Paynow
PUN-20260630-0132,1,2026-06-30 19:33:41,Punggol,BTM-M-04,Men's Dry Stretch Shorts,Bottoms,Men,19.9,19.9,False,1,19.9,
PUN-20260630-0332,2,2026-06-30 16:21:26,Punggol,SOK-W-05,Women's Sport Ankle Socks,Socks,Women,4.27,5.9,True,1,4.27,cash
BUG-20260630-0283,1,2026-06-30 12:57:21,  Bugis  ,SOK-W-02,Women's Pile Crew Socks,Socks,Women,5.9,5.9,False,1,5.9,NETS
PUN-20260630-0020,2,2026-06-30 17:00:58,Punggol,UND-M-04,Men's Cotton Crew Neck Undershirt,Underwear,Men,14.9,14.9,False,1,14.9,Card
BUG-20260630-0912,2,2026-06-30 12:12:06,Bugis,SOK-W-03,Women's Airism Low-Cut Socks,Socks,Women,5.9,5.9,False,2,11.8,Card
ORC-20260630-0343,1,2026-06-30 19:54:52,Orchard Central,SOK-M-04,Men's Ribbed Crew Socks,Socks,Men,5.9,5.9,False,1,5.9,Card
BUG-20260630-0132,1,2026-06-30 20:04:45,Bugis,SOK-M-02,Men's Pile Crew Socks,Socks,Men,5.9,5.9,False,1,5.9,PayNow
ORC-20260630-0386,1,2026-06-30 16:22:45,Orchard Central,BTM-W-01,Women's Ultra Stretch Skinny Jeans,Bottoms,Women,39.9,39.9,False,1,39.9,Card
ORC-20260630-0351,1,2026-06-30 16:39:32,Orchard Central,BTM-M-04,Men's Dry Stretch Shorts,Bottoms,Men,19.9,19.9,False,1,19.9,Cash
ORC-20260630-0741,2,2026-06-30 21:11:33,Orchard Central,BTM-M-02,Men's Slim Fit Chino Trousers,Bottoms,Men,29.9,29.9,False,1,29.9,CARD
ORC-20260630-0059,3,2026-06-30 16:00:33,ORCHARD CENTRAL,SOK-W-02,Women's Pile Crew Socks,Socks,Women,5.9,5.9,False,1,5.9,Cash
PUN-20260630-0521,1,2026-06-30 12:30:45,punggol,TOP-M-10,Men's Merino Blend V-Neck Sweater,Tops,Men,39.9,39.9,False,1,39.9,Card
ORC-20260630-0150,1,2026-06-30 19:15:05,Orchard Central,SOK-M-05,Men's Sport Ankle Socks,Socks,Men,4.36,5.9,True,1,4.36,NETS
ORC-20260630-0484,1,2026-06-30 21:36:02,Orchard Central,TOP-M-01,Men's Airism Cotton Crew Neck T-Shirt,Tops,Men,14.9,14.9,False,1,14.9,
PUN-20260630-0368,1,2026-06-30 18:44:45,Punggol,SOK-M-02,Men's Pile Crew Socks,Socks,Men,5.9,5.9,False,1,5.9,cash
ORC-20260630-0056,2,2026-06-30 21:33:59,orchard central,UND-W-02,Women's Wireless Bra,Underwear,Women,29.9,29.9,False,1,29.9,PayNow
BUG-20260630-0335,2,2026-06-30 21:27:55,Bugis,UND-W-02,Women's Wireless Bra,Underwear,Women,29.9,29.9,False,1,29.9,Card
ORC-20260630-0242,2,2026-06-30 21:00:14,Orchard Central,SOK-M-03,Men's Airism Low-Cut Socks,Socks,Men,5.9,5.9,False,1,5.9,Card
ORC-20260630-0198,1,2026-06-30 20:32:17,Orchard Central,UND-M-01,Men's Airism Boxer Briefs,Underwear,Men,14.9,14.9,False,1,14.9,Cash
ORC-20260630-0811,1,2026-06-30 17:11:48,Orchard Central,BTM-M-02,Men's Slim Fit Chino Trousers,Bottoms,Men,$29.9,29.9,False,1,29.9,PayNow
ORC-20260630-0315,2,2026-06-30 15:02:50,Orchard Central,UND-M-10,Men's Cotton Blend Briefs,Underwear,Men,9.9,9.9,False,1,9.9,PayNow
PUN-20260630-0002,3,2026-06-30 15:46:39,Punggol,SOK-M-04,Men's Ribbed Crew Socks,Socks,Men,5.9,5.9,False,1,5.9,CASH
BUG-20260630-0833,2,2026-06-30 18:23:16,Bugis,SOK-M-03,Men's Airism Low-Cut Socks,Socks,Men,5.9,5.9,False,1,5.9,NETS
BUG-20260630-0672,1,2026-06-30 16:52:46,Bugis,SOK-M-01,Men's Ankle Socks 3-Pack,Socks,Men,14.9,14.9,False,2,29.8,Cash
BUG-20260630-0826,1,2026-06-30 17:01:14,Bugis,UND-W-01,Women's Airism Bikini Shorts,Underwear,Women,9.9,9.9,False,1,9.9,Card
ORC-20260630-0555,1,2026-06-30 13:34:43,Orchard Central,UND-M-01,Men's Airism Boxer Briefs,Underwear,men,14.9,14.9,False,1,14.9,Cash
PUN-20260630-0594,1,2026-06-30 11:59:24,Punggol,BTM-W-02,Women's High-Rise Wide Leg Pants,Bottoms,Women,39.9,39.9,False,1,39.9,Card
ORC-20260630-0899,1,2026-06-30 19:40:47,Orchard Central,TOP-W-02,Women's Ribbed Long Sleeve Turtleneck,Tops,Women,19.9,19.9,False,1,19.9,Cash
BUG-20260630-0172,1,2026-06-30 21:48:39,Bugis,SOK-W-02,Women's Pile Crew Socks,Socks,Women,5.9,5.9,False,1,5.9,NETS
BUG-20260630-0042,2,2026-06-30 19:35:46,Bugis,BTM-M-04,Men's Dry Stretch Shorts,Bottoms,MEN,19.9,19.9,False,1,19.9,Card
BUG-20260630-0197,1,2026-06-30 16:33:48,Bugis,SOK-M-04,Men's Ribbed Crew Socks,SOCKS,Men,5.9,5.9,False,1,5.9,Card
ORC-20260630-0334,1,2026-06-30 19:54:23,orchard central,SOK-M-05,Men's Sport Ankle Socks,Socks,Men,4.36,5.9,True,1,4.36,Card
ORC-20260630-0075,2,2026-06-30 16:13:55,Orchard Central,SOK-W-04,Women's Ribbed Crew Socks,Socks,Women,5.9,5.9,False,1,$5.9,CARD
BUG-20260630-0814,1,2026-06-30 19:59:25,Bugis,BTM-M-03,Men's Selvedge Regular Fit Jeans,Bottoms,Men,59.9,59.9,False,1,59.9,PayNow
BUG-20260630-0013,3,2026-06-30 21:11:52,Bugis,UND-W-02,Women's Wireless Bra,Underwear,Women,29.9,29.9,False,1,29.9,CARD
BUG-20260630-0028,1,2026-06-30 17:14:59,Bugis,SOK-M-09,Men's No-Show Sneaker Socks,Socks,Men,4.17,5.9,True,1,4.17,Cash
BUG-20260630-0363,2,2026-06-30 22:58:43,Bugis,TOP-W-04,Women's Heattech Crew Neck Long Sleeve Tee,Tops,Women,14.9,14.9,False,1,14.9,NETS
BUG-20260630-0353,1,2026-06-30 19:12:46,Bugis,UND-W-01,Women's Airism Bikini Shorts,UNDERWEAR,Women,9.9,9.9,False,1,9.9,card
PUN-20260630-0568,2,2026-06-30 21:59:10,Punggol,TOP-M-01,Men's Airism Cotton Crew Neck T-Shirt,Tops,MEN,14.9,14.9,False,1,14.9,Cash
BUG-20260630-0019,1,2026-06-30 21:25:14,Bugis,SOK-M-09,Men's No-Show Sneaker Socks,Socks,Men,4.17,5.9,True,1,4.17,Cash
BUG-20260630-0409,1,2026-06-30 20:23:56,Bugis,SOK-W-02,Women's Pile Crew Socks,Socks,Women,5.9,5.9,False,2,11.8,Cash
PUN-20260630-0252,2,2026-06-30 21:29:52,PUNGGOL,SOK-W-03,  Women's Airism Low-Cut Socks  ,Socks,women,5.9,5.9,False,1,5.9,PayNow
PUN-20260630-0595,2,2026-06-30 14:09:28,Punggol,SOK-W-05,Women's Sport Ankle Socks,Socks,Women,4.27,5.9,True,1,4.27,NETS
ORC-20260630-0787,1,2026-06-30 12:51:06,Orchard Central,BTM-W-03,Women's Ezy Ankle Pants,Bottoms,Women,29.9,29.9,False,1,29.9,Card
PUN-20260630-0105,1,2026-06-30 17:24:28,Punggol,TOP-W-03,Women's Silky Satin Blouse,Tops,Women,39.9,39.9,False,1,39.9,Card
BUG-20260630-0312,1,2026-06-30 19:03:34,Bugis,SOK-M-09,Men's No-Show Sneaker Socks,Socks,Men,4.17,5.9,True,1,4.17,Card
ORC-20260630-1021,2,2026-06-30 20:53:14,Orchard Central,SOK-M-04,Men's Ribbed Crew Socks,Socks,Men,5.9,5.9,False,1,5.9,Paynow
ORC-20260630-0354,2,2026-06-30 12:43:10,Orchard Central,UND-M-04,Men's Cotton Crew Neck Undershirt,Underwear,men,14.9,14.9,False,1,14.9,Card
ORC-20260630-0795,2,2026-06-30 18:33:22,Orchard Central,TOP-M-02,Men's Supima Cotton Polo Shirt,Tops,Men,29.9,29.9,False,1,$29.9,Card
ORC-20260630-0917,1,2026-06-30 21:30:45,  Orchard Central  ,TOP-W-02,Women's Ribbed Long Sleeve Turtleneck,Tops,Women,19.9,19.9,False,1,19.9,cash
ORC-20260630-0418,2,2026-06-30 14:54:27,Orchard Central,UND-W-01,Women's Airism Bikini Shorts,Underwear,Women,9.9,9.9,False,1,9.9,Card
ORC-20260630-0213,3,2026-06-30 22:10:01,Orchard Central,UND-M-02,Men's Cotton Blend Trunks,underwear,Men,14.9,14.9,False,2,29.8,PayNow
ORC-20260630-1000,1,2026-06-30 20:51:23,Orchard Central,BTM-W-03,Women's Ezy Ankle Pants,Bottoms,Women,29.9,29.9,False,1,29.9,NETS
PUN-20260630-0282,2,2026-06-30 17:32:47,  PUNGGOL  ,UND-W-03,Women's Cotton Blend Briefs,Underwear,Women,9.9,9.9,False,1,9.9,CARD
ORC-20260630-0278,3,2026-06-30 14:18:29,orchard central,UND-W-03,Women's Cotton Blend Briefs,Underwear,Women,9.9,9.9,False,1,9.9,Card
ORC-20260630-0237,1,2026-06-30 21:44:44,Orchard Central,BTM-M-03,Men's Selvedge Regular Fit Jeans,Bottoms,Men,59.9,59.9,False,1,59.9,paynow
PUN-20260630-0064,3,2026-06-30 21:50:53,Punggol,UND-M-03,Men's Airism Mesh Boxer Briefs,UNDERWEAR,Men,14.9,14.9,False,1,14.9,Cash
BUG-20260630-0743,1,2026-06-30 18:26:27,Bugis,UND-M-08,Men's Airism V-Neck Undershirt,Underwear,Men,9.9,9.9,False,1,9.9,Card
PUN-20260630-0350,3,2026-06-30 21:29:51,  PUNGGOL  ,UND-M-02,Men's Cotton Blend Trunks,Underwear,Men,14.9,14.9,False,1,14.9,Cash
ORC-20260630-0476,2,2026-06-30 19:34:50,Orchard Central,TOP-W-02,Women's Ribbed Long Sleeve Turtleneck,Tops,Women,19.9,19.9,False,1,19.9,Cash
ORC-20260630-0325,2,2026-06-30 19:03:39,Orchard Central,TOP-M-01,Men's Airism Cotton Crew Neck T-Shirt,Tops,Men,14.9,14.9,False,1,14.9,PayNow
BUG-20260630-0154,1,2026-06-30 19:35:03,Bugis,TOP-W-01,Women's Airism Cotton Crew Neck T-Shirt,Tops,Women,14.9,14.9,False,1,14.9,PayNow
BUG-20260630-0264,1,2026-06-30 11:30:54,Bugis,SOK-M-04,Men's Ribbed Crew Socks,Socks,Men,5.9,5.9,False,1,5.9,PayNow
ORC-20260630-1084,3,2026-06-30 21:14:11,Orchard Central,TOP-M-01,Men's Airism Cotton Crew Neck T-Shirt,Tops,Men,14.9,14.9,False,1,14.9,PayNow
ORC-20260630-0296,2,2026-06-30 13:18:50,ORCHARD CENTRAL,SOK-W-04,Women's Ribbed Crew Socks,Socks,Women,5.9,5.9,False,1,5.9,PayNow
PUN-20260630-0128,2,2026-06-30 19:30:38,punggol,UND-W-03,Women's Cotton Blend Briefs,Underwear,Women,9.9,9.9,False,1,9.9,NETS
ORC-20260630-0210,1,2026-06-30 18:18:26,Orchard Central,UND-W-04,Women's Airism T-Shirt Bra,underwear,Women,29.9,29.9,False,1,29.9,Card
ORC-20260630-0235,1,2026-06-30 13:28:07,Orchard Central,SOK-W-04,Women's Ribbed Crew Socks,Socks,Women,5.9,5.9,False,1,5.9,NETS
PUN-20260630-0109,1,2026-06-30 21:04:49,Punggol,SOK-M-03,  Men's Airism Low-Cut Socks  ,Socks,Men,5.9,5.9,False,1,5.9,Card
ORC-20260630-0639,2,2026-06-30 12:39:33,orchard central,BTM-M-02,  Men's Slim Fit Chino Trousers  ,Bottoms,Men,29.9,29.9,False,1,29.9,CARD
BUG-20260630-0452,2,2026-06-30 19:11:53,Bugis,UND-M-03,Men's Airism Mesh Boxer Briefs,Underwear,Men,14.9,14.9,False,1,$14.9,NETS
ORC-20260630-0537,1,2026-06-30 16:26:48,Orchard Central,UND-M-09,Men's Heattech Long Johns,underwear,Men,19.9,19.9,False,1,19.9,Card
PUN-20260630-0556,3,2026-06-30 20:34:27,PUNGGOL,UND-W-03,Women's Cotton Blend Briefs,Underwear,Women,9.9,9.9,False,1,$9.9,Card
BUG-20260630-0445,2,2026-06-30 19:40:19,BUGIS,SOK-W-02,Women's Pile Crew Socks,Socks,women,5.9,5.9,False,1,5.9,Cash
ORC-20260630-0094,2,2026-06-30 18:17:13,Orchard Central,TOP-W-06,Women's Linen Blend Short Sleeve Shirt,tops,Women,19.72,29.9,True,1,19.72,NETS
ORC-20260630-0579,1,2026-06-30 11:32:10,Orchard Central,TOP-W-04,Women's Heattech Crew Neck Long Sleeve Tee,tops,Women,14.9,14.9,False,1,14.9,Card
PUN-20260630-0455,2,2026-06-30 13:30:12,  Punggol  ,SOK-M-02,Men's Pile Crew Socks,Socks,Men,5.9,5.9,False,1,5.9,paynow
BUG-20260630-0293,2,2026-06-30 15:19:03,Bugis,UND-W-01,Women's Airism Bikini Shorts,Underwear,Women,9.9,9.9,False,1,9.9,
ORC-20260630-0559,1,2026-06-30 19:33:34,Orchard Central,TOP-W-01,Women's Airism Cotton Crew Neck T-Shirt,Tops,Women,14.9,14.9,False,1,14.9,PayNow
BUG-20260630-0861,2,2026-06-30 18:36:16,Bugis,SOK-M-09,Men's No-Show Sneaker Socks,SOCKS,Men,4.17,5.9,True,1,4.17,PayNow
BUG-20260630-0480,3,2026-06-30 17:57:19,Bugis,TOP-M-01,Men's Airism Cotton Crew Neck T-Shirt,Tops,Men,14.9,14.9,False,1,14.9,PayNow
PUN-20260630-0160,2,2026-06-30 14:46:11,Punggol,BTM-W-01,Women's Ultra Stretch Skinny Jeans,Bottoms,Women,39.9,39.9,False,1,39.9,Nets
BUG-20260630-0851,2,2026-06-30 16:32:54,Bugis,SOK-W-01,Women's Ankle Socks 3-Pack,Socks,Women,14.9,14.9,False,2,29.8,Card
PUN-20260630-0256,1,2026-06-30 11:27:54,Punggol,BTM-M-03,Men's Selvedge Regular Fit Jeans,Bottoms,Men,59.9,59.9,False,1,59.9,PayNow
PUN-20260630-0310,1,2026-06-30 18:03:34,Punggol,TOP-M-03,Men's Dry-EX Crew Neck T-Shirt,Tops,Men,19.9,19.9,False,1,19.9,Cash
PUN-20260630-0540,1,2026-06-30 18:11:53,Punggol,SOK-W-03,Women's Airism Low-Cut Socks,Socks,Women,5.9,5.9,False,2,11.8,Card
BUG-20260630-0533,2,2026-06-30 12:47:41,Bugis,SOK-M-03,Men's Airism Low-Cut Socks,Socks,Men,5.9,5.9,False,1,$5.9,Card
BUG-20260630-0765,2,2026-06-30 21:40:25,Bugis,BTM-M-04,Men's Dry Stretch Shorts,Bottoms,Men,19.9,19.9,False,1,19.9,paynow
BUG-20260630-0723,2,2026-06-30 22:17:56,Bugis,TOP-M-04,Men's Oxford Long Sleeve Shirt,Tops,Men,29.9,29.9,False,1,29.9,Card
BUG-20260630-0119,1,2026-06-30 20:43:11,BUGIS,SOK-W-02,Women's Pile Crew Socks,Socks,WOMEN,5.9,5.9,False,1,5.9,Card
BUG-20260630-0207,1,2026-06-30 17:11:05,Bugis,UND-W-03,Women's Cotton Blend Briefs,Underwear,Women,9.9,9.9,False,1,9.9,NETS
PUN-20260630-0563,2,2026-06-30 22:42:41,Punggol,BTM-W-03,  Women's Ezy Ankle Pants  ,Bottoms,Women,29.9,29.9,False,1,29.9,PayNow
ORC-20260630-0621,1,2026-06-30 18:25:59,Orchard Central,SOK-M-03,Men's Airism Low-Cut Socks,Socks,Men,5.9,5.9,False,1,5.9,Cash
ORC-20260630-0964,2,2026-06-30 15:45:20,  Orchard Central  ,SOK-W-04,Women's Ribbed Crew Socks,Socks,Women,5.9,5.9,False,1,5.9,PayNow
ORC-20260630-0677,3,2026-06-30 18:41:14,Orchard Central,UND-M-02,Men's Cotton Blend Trunks,Underwear,Men,14.9,14.9,False,1,14.9,
ORC-20260630-0911,1,2026-06-30 19:34:56,  Orchard Central  ,BTM-M-01,Men's Ezy Ankle Pants,Bottoms,Men,29.9,29.9,False,1,29.9,PayNow
BUG-20260630-0067,1,2026-06-30 17:50:44,bugis,SOK-M-04,Men's Ribbed Crew Socks,Socks,Men,5.9,5.9,False,1,5.9,PayNow
ORC-20260630-0973,1,2026-06-30 16:34:26,Orchard Central,TOP-W-01,Women's Airism Cotton Crew Neck T-Shirt,Tops,Women,14.9,14.9,False,1,14.9,PayNow
ORC-20260630-0762,2,2026-06-30 21:08:15,  Orchard Central  ,SOK-M-02,Men's Pile Crew Socks,Socks,Men,5.9,5.9,False,1,5.9,NETS
ORC-20260630-0043,2,2026-06-30 22:16:19,Orchard Central,TOP-M-01,Men's Airism Cotton Crew Neck T-Shirt,tops,men,14.9,14.9,False,1,14.9,NETS
BUG-20260630-0786,1,2026-06-30 14:40:30,Bugis,UND-W-01,Women's Airism Bikini Shorts,Underwear,Women,9.9,9.9,False,1,9.9,card
PUN-20260630-0361,1,2026-06-30 13:35:14,Punggol,UND-M-02,Men's Cotton Blend Trunks,Underwear,Men,14.9,14.9,False,1,14.9,PayNow
BUG-20260630-0003,3,2026-06-30 13:26:33,Bugis,TOP-M-03,Men's Dry-EX Crew Neck T-Shirt,Tops,Men,19.9,19.9,False,1,19.9,PayNow
PUN-20260630-0175,1,2026-06-30 19:57:33,Punggol,TOP-M-02,Men's Supima Cotton Polo Shirt,Tops,Men,29.9,29.9,False,1,29.9,NETS
ORC-20260630-0171,1,2026-06-30 19:38:15,orchard central,BTM-M-01,Men's Ezy Ankle Pants,Bottoms,Men,29.9,29.9,False,1,29.9,NETS
ORC-20260630-0171,2,2026-06-30 19:38:15,Orchard Central,TOP-M-02,Men's Supima Cotton Polo Shirt,Tops,Men,29.9,29.9,False,1,29.9,NETS
BUG-20260630-0484,1,2026-06-30 18:09:24,BUGIS,BTM-W-03,Women's Ezy Ankle Pants,Bottoms,Women,29.9,29.9,False,1,29.9,Cash
PUN-20260630-0384,3,2026-06-30 11:10:59,Punggol,TOP-W-06,  Women's Linen Blend Short Sleeve Shirt  ,Tops,Women,19.72,29.9,True,1,19.72,NETS
BUG-20260630-0584,3,2026-06-30 20:34:15,Bugis,SOK-W-03,  Women's Airism Low-Cut Socks  ,Socks,Women,5.9,5.9,False,2,11.8,Card
ORC-20260630-0607,1,2026-06-30 20:58:30,Orchard Central,SOK-W-02,Women's Pile Crew Socks,Socks,Women,5.9,5.9,False,2,11.8,Card
ORC-20260630-1019,1,2026-06-30 20:35:56,Orchard Central,SOK-W-04,Women's Ribbed Crew Socks,Socks,Women,5.9,5.9,False,1,5.9,Cash
ORC-20260630-0219,2,2026-06-30 12:18:49,Orchard Central,SOK-M-02,Men's Pile Crew Socks,socks,Men,5.9,5.9,False,1,5.9,PayNow
BUG-20260630-0948,2,2026-06-30 17:08:39,  Bugis  ,SOK-M-04,Men's Ribbed Crew Socks,Socks,Men,5.9,5.9,False,2,11.8,PayNow
PUN-20260630-0036,3,2026-06-30 20:40:58,Punggol,SOK-W-02,Women's Pile Crew Socks,Socks,WOMEN,5.9,5.9,False,1,5.9,
ORC-20260630-0705,1,2026-06-30 13:23:08,Orchard Central,UND-W-01,Women's Airism Bikini Shorts,Underwear,Women,9.9,9.9,False,1,9.9,card
ORC-20260630-0003,2,2026-06-30 19:28:15,Orchard Central,UND-W-01,Women's Airism Bikini Shorts,Underwear,Women,9.9,9.9,False,1,9.9,Card
ORC-20260630-0279,3,2026-06-30 12:47:31,Orchard Central,SOK-W-04,Women's Ribbed Crew Socks,Socks,Women,5.9,5.9,False,1,5.9,Card
PUN-20260630-0017,2,2026-06-30 22:11:33,Punggol,BTM-M-04,Men's Dry Stretch Shorts,Bottoms,Men,19.9,19.9,False,1,19.9,PayNow
BUG-20260630-0098,3,2026-06-30 19:47:03,Bugis,TOP-M-03,Men's Dry-EX Crew Neck T-Shirt,Tops,Men,19.9,19.9,False,1,19.9,Card
BUG-20260630-0930,1,2026-06-30 12:18:30,  BUGIS  ,SOK-W-02,,Socks,Women,$5.9,5.9,False,1,5.9,Card
BUG-20260630-0333,1,2026-06-30 21:39:46,Bugis,TOP-M-03,Men's Dry-EX Crew Neck T-Shirt,Tops,Men,19.9,19.9,False,1,19.9,PayNow
PUN-20260630-0354,1,2026-06-30 18:37:49,Punggol,SOK-W-02,Women's Pile Crew Socks,Socks,Women,5.9,5.9,False,1,5.9,PayNow
PUN-20260630-0428,1,2026-06-30 20:07:33,Punggol,TOP-W-04,Women's Heattech Crew Neck Long Sleeve Tee,Tops,Women,14.9,14.9,False,1,14.9,
BUG-20260630-0917,2,2026-06-30 19:13:56,Bugis,TOP-M-01,Men's Airism Cotton Crew Neck T-Shirt,Tops,men,14.9,14.9,False,1,14.9,card
ORC-20260630-0318,1,2026-06-30 22:37:48,Orchard Central,TOP-M-03,Men's Dry-EX Crew Neck T-Shirt,Tops,Men,19.9,19.9,False,1,19.9,Card
ORC-20260630-0354,1,2026-06-30 12:43:10,Orchard Central,SOK-W-04,Women's Ribbed Crew Socks,Socks,Women,5.9,5.9,False,1,5.9,Card
BUG-20260630-0419,3,2026-06-30 15:22:28,  Bugis  ,UND-W-01,Women's Airism Bikini Shorts,UNDERWEAR,Women,$9.9,9.9,False,1,9.9,Cash
BUG-20260630-0743,2,2026-06-30 18:26:27,Bugis,SOK-W-03,Women's Airism Low-Cut Socks,Socks,Women,5.9,5.9,False,1,5.9,Card
ORC-20260630-0771,3,2026-06-30 16:30:40,Orchard Central,SOK-M-02,Men's Pile Crew Socks,Socks,Men,5.9,5.9,False,1,5.9,card
BUG-20260630-0604,1,2026-06-30 21:55:54,Bugis,BTM-M-01,Men's Ezy Ankle Pants,Bottoms,Men,29.9,29.9,False,1,29.9,Cash
ORC-20260630-1083,2,2026-06-30 12:19:51,ORCHARD CENTRAL,BTM-M-02,Men's Slim Fit Chino Trousers,Bottoms,Men,29.9,29.9,False,1,29.9,Card
BUG-20260630-0168,2,2026-06-30 20:10:32,Bugis,UND-M-02,  Men's Cotton Blend Trunks  ,Underwear,Men,14.9,14.9,False,1,14.9,Card
PUN-20260630-0565,3,2026-06-30 19:57:45,Punggol,TOP-W-06,Women's Linen Blend Short Sleeve Shirt,Tops,Women,19.72,29.9,True,1,19.72,Card
PUN-20260630-0048,1,2026-06-30 19:23:35,Punggol,SOK-W-05,  Women's Sport Ankle Socks  ,Socks,Women,4.27,5.9,True,1,4.27,CARD
ORC-20260630-0132,2,2026-06-30 20:44:30,Orchard Central,SOK-M-04,Men's Ribbed Crew Socks,Socks,MEN,5.9,5.9,False,2,11.8,Card
PUN-20260630-0398,2,2026-06-30 21:20:02,Punggol,SOK-M-03,Men's Airism Low-Cut Socks,Socks,Men,5.9,5.9,False,2,11.8,CARD
ORC-20260630-0386,2,2026-06-30 16:22:45,Orchard Central,UND-W-01,Women's Airism Bikini Shorts,Underwear,Women,9.9,9.9,False,1,9.9,Card
ORC-20260630-0530,1,2026-06-30 12:04:52,Orchard Central,UND-M-03,Men's Airism Mesh Boxer Briefs,Underwear,Men,14.9,14.9,False,1,14.9,PayNow
ORC-20260630-1070,3,2026-06-30 17:54:21,Orchard Central,BTM-M-02,Men's Slim Fit Chino Trousers,Bottoms,Men,29.9,29.9,False,1,29.9,Card
BUG-20260630-0087,1,2026-06-30 14:59:15,Bugis,BTM-W-01,Women's Ultra Stretch Skinny Jeans,Bottoms,Women,39.9,39.9,False,1,39.9,Card
ORC-20260630-0074,1,2026-06-30 19:14:30,  Orchard Central  ,TOP-W-01,Women's Airism Cotton Crew Neck T-Shirt,Tops,Women,14.9,14.9,False,1,14.9,Card
ORC-20260630-0388,2,2026-06-30 19:58:13,Orchard Central,BTM-W-03,Women's Ezy Ankle Pants,Bottoms,Women,29.9,29.9,False,1,29.9,Card
BUG-20260630-0828,2,2026-06-30 21:13:38,Bugis,SOK-M-09,Men's No-Show Sneaker Socks,Socks,Men,4.17,5.9,True,1,4.17,Card
ORC-20260630-0702,1,2026-06-30 13:15:44,Orchard Central,UND-W-01,  Women's Airism Bikini Shorts  ,Underwear,Women,9.9,9.9,False,1,9.9,PAYNOW
BUG-20260630-0515,2,2026-06-30 20:58:06,Bugis,TOP-M-02,Men's Supima Cotton Polo Shirt,Tops,Men,29.9,29.9,False,1,29.9,Card
BUG-20260630-0245,1,2026-06-30 20:58:28,Bugis,TOP-W-02,Women's Ribbed Long Sleeve Turtleneck,Tops,Women,19.9,19.9,False,1,19.9,Cash
ORC-20260630-0042,1,2026-06-30 19:59:56,Orchard Central,SOK-M-01,Men's Ankle Socks 3-Pack,Socks,Men,14.9,14.9,False,2,29.8,PayNow
ORC-20260630-1015,1,2026-06-30 17:51:06,Orchard Central,SOK-W-02,Women's Pile Crew Socks,Socks,Women,5.9,5.9,False,1,5.9,Card
ORC-20260630-0239,2,2026-06-30 16:21:13,Orchard Central,SOK-W-04,Women's Ribbed Crew Socks,Socks,women,5.9,5.9,False,1,5.9,PayNow
ORC-20260630-0439,1,2026-06-30 16:50:05,orchard central,SOK-M-04,Men's Ribbed Crew Socks,Socks,Men,5.9,5.9,False,1,5.9,Card
BUG-20260630-0202,1,2026-06-30 19:03:11,Bugis,SOK-M-07,Men's Striped Crew Socks,Socks,Men,5.9,5.9,False,1,5.9,NETS
BUG-20260630-0387,1,2026-06-30 17:16:06,  Bugis  ,SOK-W-04,Women's Ribbed Crew Socks,Socks,Women,5.9,5.9,False,1,5.9,Paynow
PUN-20260630-0235,2,2026-06-30 14:01:54,Punggol,SOK-W-03,  Women's Airism Low-Cut Socks  ,Socks,Women,5.9,5.9,False,1,5.9,Cash
ORC-20260630-0187,1,2026-06-30 21:06:24,ORCHARD CENTRAL,SOK-W-02,Women's Pile Crew Socks,Socks,Women,5.9,5.9,False,2,11.8,Card
BUG-20260630-0052,2,2026-06-30 19:33:58,Bugis,SOK-M-04,Men's Ribbed Crew Socks,Socks,Men,5.9,5.9,False,1,5.9,Card
ORC-20260630-0620,1,2026-06-30 21:25:54,ORCHARD CENTRAL,SOK-M-03,Men's Airism Low-Cut Socks,Socks,Men,5.9,5.9,False,1,5.9,Card
PUN-20260630-0598,1,2026-06-30 20:43:09,Punggol,TOP-M-04,Men's Oxford Long Sleeve Shirt,Tops,MEN,29.9,29.9,False,1,29.9,Card
BUG-20260630-0563,2,2026-06-30 20:51:43,Bugis,TOP-M-01,Men's Airism Cotton Crew Neck T-Shirt,Tops,Men,14.9,14.9,False,1,14.9,Cash
PUN-20260630-0029,1,2026-06-30 18:16:45,Punggol,SOK-M-04,Men's Ribbed Crew Socks,SOCKS,Men,5.9,5.9,False,1,5.9,NETS
PUN-20260630-0508,1,2026-06-30 18:27:10,Punggol,UND-W-04,Women's Airism T-Shirt Bra,underwear,Women,29.9,29.9,False,1,29.9,Card
ORC-20260630-0529,2,2026-06-30 18:40:13,Orchard Central,UND-W-03,Women's Cotton Blend Briefs,Underwear,Women,9.9,9.9,False,1,9.9,Cash
BUG-20260630-0564,1,2026-06-30 13:25:09,  Bugis  ,UND-W-01,Women's Airism Bikini Shorts,Underwear,Women,9.9,9.9,False,1,9.9,CARD
ORC-20260630-0988,3,2026-06-30 17:11:56,Orchard Central,UND-W-03,  Women's Cotton Blend Briefs  ,Underwear,Women,9.9,9.9,False,1,9.9,NETS
ORC-20260630-0101,2,2026-06-30 19:49:57,Orchard Central,UND-W-01,Women's Airism Bikini Shorts,Underwear,Women,9.9,9.9,False,1,9.9,Cash
BUG-20260630-0361,2,2026-06-30 19:20:16,Bugis,TOP-M-01,Men's Airism Cotton Crew Neck T-Shirt,tops,Men,14.9,14.9,False,1,14.9,Cash
PUN-20260630-0174,2,2026-06-30 20:51:36,Punggol,SOK-W-02,Women's Pile Crew Socks,Socks,Women,5.9,5.9,False,1,5.9,Card
BUG-20260630-0887,1,2026-06-30 18:26:17,bugis,BTM-M-04,Men's Dry Stretch Shorts,Bottoms,Men,19.9,19.9,False,1,19.9,cash
ORC-20260630-0859,3,2026-06-30 18:50:59,  Orchard Central  ,SOK-W-02,Women's Pile Crew Socks,Socks,Women,5.9,5.9,False,1,5.9,CASH
ORC-20260630-0037,2,2026-06-30 21:00:42,Orchard Central,SOK-W-04,  Women's Ribbed Crew Socks  ,Socks,WOMEN,5.9,5.9,False,1,5.9,Cash
PUN-20260630-0312,3,2026-06-30 20:21:10,Punggol,TOP-W-04,Women's Heattech Crew Neck Long Sleeve Tee,Tops,Women,14.9,14.9,False,1,14.9,PayNow
ORC-20260630-0404,1,2026-06-30 20:33:59,Orchard Central,TOP-W-06,Women's Linen Blend Short Sleeve Shirt,Tops,Women,19.72,29.9,True,1,19.72,Card
ORC-20260630-0249,1,2026-06-30 22:03:13,Orchard Central,BTM-M-04,Men's Dry Stretch Shorts,Bottoms,Men,19.9,19.9,False,1,19.9,Card
ORC-20260630-0497,3,2026-06-30 18:18:29,Orchard Central,SOK-M-05,Men's Sport Ankle Socks,Socks,Men,4.36,5.9,True,1,4.36,NETS
ORC-20260630-0203,1,2026-06-30 21:32:16,Orchard Central,SOK-M-04,Men's Ribbed Crew Socks,Socks,Men,5.9,5.9,False,1,5.9,PayNow
BUG-20260630-0649,1,2026-06-30 22:37:06,Bugis,SOK-M-09,Men's No-Show Sneaker Socks,Socks,Men,4.17,5.9,True,1,4.17,Card
BUG-20260630-0538,2,2026-06-30 21:03:16,Bugis,SOK-W-03,Women's Airism Low-Cut Socks,SOCKS,Women,$5.9,5.9,False,1,5.9,CASH
BUG-20260630-0960,1,2026-06-30 12:50:13,bugis,BTM-M-04,Men's Dry Stretch Shorts,Bottoms,Men,19.9,19.9,False,1,19.9,card
BUG-20260630-0376,1,2026-06-30 19:39:50,Bugis,TOP-M-03,Men's Dry-EX Crew Neck T-Shirt,Tops,Men,19.9,19.9,False,1,19.9,PayNow
PUN-20260630-0318,1,2026-06-30 21:34:42,Punggol,UND-M-02,Men's Cotton Blend Trunks,Underwear,Men,14.9,14.9,False,1,14.9,PayNow
PUN-20260630-0378,3,2026-06-30 15:44:38,  Punggol  ,UND-M-04,Men's Cotton Crew Neck Undershirt,Underwear,Men,14.9,14.9,False,2,$29.8,PayNow
ORC-20260630-1079,2,2026-06-30 21:19:13,Orchard Central,UND-M-01,Men's Airism Boxer Briefs,UNDERWEAR,Men,14.9,14.9,False,1,14.9,Card
BUG-20260630-0621,1,2026-06-30 20:03:12,Bugis,SOK-M-09,Men's No-Show Sneaker Socks,Socks,Men,4.17,5.9,True,1,4.17,Card
BUG-20260630-0370,1,2026-06-30 11:02:16,Bugis,TOP-M-04,Men's Oxford Long Sleeve Shirt,Tops,Men,29.9,29.9,False,1,29.9,Card
PUN-20260630-0201,1,2026-06-30 11:47:18,Punggol,SOK-W-04,Women's Ribbed Crew Socks,Socks,Women,5.9,5.9,False,1,5.9,NETS
PUN-20260630-0114,2,2026-06-30 20:13:08,punggol,TOP-M-02,Men's Supima Cotton Polo Shirt,Tops,Men,29.9,29.9,False,1,29.9,Card
ORC-20260630-0883,3,2026-06-30 19:14:58,Orchard Central,TOP-M-04,Men's Oxford Long Sleeve Shirt,Tops,Men,29.9,29.9,False,1,29.9,CARD
ORC-20260630-0909,3,2026-06-30 13:36:36,Orchard Central,UND-W-01,Women's Airism Bikini Shorts,Underwear,Women,9.9,9.9,False,1,9.9,Cash
PUN-20260630-0108,1,2026-06-30 12:39:28,Punggol,UND-W-01,Women's Airism Bikini Shorts,Underwear,Women,9.9,9.9,False,1,9.9,Cash
ORC-20260630-0028,1,2026-06-30 21:56:57,Orchard Central,UND-W-01,Women's Airism Bikini Shorts,Underwear,Women,9.9,9.9,False,1,9.9,Card
ORC-20260630-0471,1,2026-06-30 21:42:20,Orchard Central,SOK-W-02,Women's Pile Crew Socks,socks,Women,5.9,5.9,False,1,5.9,Cash
ORC-20260630-0713,1,2026-06-30 19:38:31,Orchard Central,SOK-M-05,Men's Sport Ankle Socks,socks,Men,4.36,5.9,True,1,4.36,Cash
PUN-20260630-0385,2,2026-06-30 20:27:27,punggol,SOK-W-02,Women's Pile Crew Socks,Socks,Women,5.9,5.9,False,1,5.9,Cash
ORC-20260630-0435,1,2026-06-30 18:30:09,  Orchard Central  ,TOP-M-04,Men's Oxford Long Sleeve Shirt,Tops,Men,29.9,29.9,False,1,29.9,PayNow
ORC-20260630-0483,3,2026-06-30 18:05:18,Orchard Central,TOP-W-01,  Women's Airism Cotton Crew Neck T-Shirt  ,Tops,Women,14.9,14.9,False,1,14.9,card
BUG-20260630-0052,3,2026-06-30 19:33:58,Bugis,TOP-M-01,Men's Airism Cotton Crew Neck T-Shirt,Tops,Men,$14.9,14.9,False,1,14.9,Card
BUG-20260630-0845,2,2026-06-30 11:10:18,Bugis,SOK-M-02,Men's Pile Crew Socks,Socks,Men,5.9,5.9,False,1,5.9,PayNow
PUN-20260630-0583,1,2026-06-30 22:28:26,Punggol,SOK-W-02,Women's Pile Crew Socks,SOCKS,Women,5.9,5.9,False,1,5.9,Card
BUG-20260630-0923,3,2026-06-30 21:52:28,Bugis,TOP-M-01,Men's Airism Cotton Crew Neck T-Shirt,Tops,Men,14.9,14.9,False,1,14.9,Card
BUG-20260630-0079,1,2026-06-30 12:12:26,Bugis,SOK-M-07,Men's Striped Crew Socks,SOCKS,Men,5.9,5.9,False,1,5.9,NETS
BUG-20260630-0529,1,2026-06-30 15:09:59,BUGIS,BTM-M-04,Men's Dry Stretch Shorts,Bottoms,Men,19.9,19.9,False,1,19.9,PayNow
ORC-20260630-0520,1,2026-06-30 20:26:17,Orchard Central,SOK-W-04,Women's Ribbed Crew Socks,Socks,Women,5.9,5.9,False,1,5.9,Cash
ORC-20260630-0870,1,2026-06-30 21:33:33,Orchard Central,TOP-M-01,Men's Airism Cotton Crew Neck T-Shirt,Tops,Men,$14.9,14.9,False,1,14.9,NETS
PUN-20260630-0069,1,2026-06-30 17:33:12,Punggol,SOK-W-05,Women's Sport Ankle Socks,Socks,Women,4.27,5.9,True,1,4.27,Card
BUG-20260630-0576,1,2026-06-30 20:51:49,Bugis,SOK-W-04,Women's Ribbed Crew Socks,Socks,women,5.9,5.9,False,2,11.8,Paynow
ORC-20260630-0242,3,2026-06-30 21:00:14,Orchard Central,SOK-M-04,Men's Ribbed Crew Socks,Socks,Men,5.9,5.9,False,1,5.9,
BUG-20260630-0218,2,2026-06-30 14:01:45,Bugis,SOK-M-09,Men's No-Show Sneaker Socks,Socks,Men,4.17,5.9,True,1,4.17,Cash
BUG-20260630-0068,2,2026-06-30 16:42:08,Bugis,TOP-W-01,Women's Airism Cotton Crew Neck T-Shirt,Tops,Women,14.9,14.9,False,1,14.9,Cash
BUG-20260630-0225,2,2026-06-30 19:00:07,Bugis,SOK-W-03,Women's Airism Low-Cut Socks,socks,Women,5.9,5.9,False,1,5.9,Cash
ORC-20260630-0674,3,2026-06-30 17:35:52,orchard central,UND-M-10,Men's Cotton Blend Briefs,Underwear,Men,9.9,9.9,False,1,9.9,Cash
BUG-20260630-0143,3,2026-06-30 19:05:34,Bugis,UND-M-03,Men's Airism Mesh Boxer Briefs,Underwear,men,14.9,14.9,False,1,14.9,Card
PUN-20260630-0480,1,2026-06-30 19:49:31,Punggol,SOK-W-02,Women's Pile Crew Socks,Socks,Women,5.9,5.9,False,1,5.9,Card
BUG-20260630-0572,1,2026-06-30 12:31:21,Bugis,SOK-M-01,Men's Ankle Socks 3-Pack,Socks,Men,14.9,14.9,False,2,$29.8,Cash
ORC-20260630-0405,2,2026-06-30 20:12:34,Orchard Central,UND-M-02,Men's Cotton Blend Trunks,Underwear,Men,14.9,14.9,False,2,29.8,PayNow
BUG-20260630-0537,2,2026-06-30 14:54:23,Bugis,UND-W-01,Women's Airism Bikini Shorts,Underwear,Women,9.9,9.9,False,1,9.9,Cash
PUN-20260630-0474,1,2026-06-30 20:14:08,Punggol,SOK-M-03,Men's Airism Low-Cut Socks,socks,Men,5.9,5.9,False,2,11.8,Card
ORC-20260630-0449,1,2026-06-30 20:43:29,Orchard Central,UND-M-06,  Men's Airism Sleeveless Undershirt  ,UNDERWEAR,Men,9.9,9.9,False,1,9.9,Card
BUG-20260630-0667,2,2026-06-30 20:23:59,Bugis,UND-W-03,Women's Cotton Blend Briefs,Underwear,Women,9.9,9.9,False,2,19.8,NETS
ORC-20260630-0556,1,2026-06-30 20:15:25,Orchard Central,TOP-W-02,Women's Ribbed Long Sleeve Turtleneck,Tops,Women,19.9,19.9,False,1,19.9,Nets
ORC-20260630-0543,1,2026-06-30 18:10:38,ORCHARD CENTRAL,UND-M-06,Men's Airism Sleeveless Undershirt,Underwear,MEN,9.9,9.9,False,1,9.9,CASH
ORC-20260630-0235,2,2026-06-30 13:28:07,ORCHARD CENTRAL,UND-M-04,Men's Cotton Crew Neck Undershirt,Underwear,Men,14.9,14.9,False,1,14.9,nets
BUG-20260630-0815,1,2026-06-30 17:51:24,Bugis,TOP-W-06,,Tops,women,19.72,29.9,True,1,19.72,Card
PUN-20260630-0219,1,2026-06-30 20:24:35,Punggol,TOP-M-01,Men's Airism Cotton Crew Neck T-Shirt,Tops,men,14.9,14.9,False,1,14.9,CARD
ORC-20260630-0580,1,2026-06-30 20:52:10,Orchard Central,BTM-W-09,Women's Sweat Shorts,bottoms,Women,19.9,19.9,False,1,19.9,Card
BUG-20260630-0495,2,2026-06-30 21:00:18,Bugis,SOK-W-02,Women's Pile Crew Socks,Socks,women,5.9,5.9,False,1,5.9,Card
PUN-20260630-0294,1,2026-06-30 19:40:36,punggol,SOK-W-03,Women's Airism Low-Cut Socks,SOCKS,Women,5.9,5.9,False,2,11.8,NETS
ORC-20260630-0179,1,2026-06-30 18:49:57,Orchard Central,TOP-W-02,Women's Ribbed Long Sleeve Turtleneck,Tops,Women,19.9,19.9,False,1,19.9,Card
PUN-20260630-0393,3,2026-06-30 19:35:49,Punggol,UND-W-03,Women's Cotton Blend Briefs,UNDERWEAR,Women,9.9,9.9,False,2,19.8,Cash
ORC-20260630-0502,3,2026-06-30 20:41:27,Orchard Central,TOP-W-06,  Women's Linen Blend Short Sleeve Shirt  ,Tops,Women,19.72,29.9,True,1,19.72,Card
ORC-20260630-0320,1,2026-06-30 20:14:30,Orchard Central,UND-M-01,Men's Airism Boxer Briefs,Underwear,Men,14.9,14.9,False,1,14.9,PayNow
PUN-20260630-0596,1,2026-06-30 21:33:57,Punggol,TOP-W-03,Women's Silky Satin Blouse,Tops,Women,39.9,39.9,False,1,$39.9,Cash
BUG-20260630-0709,2,2026-06-30 19:43:23,Bugis,BTM-M-02,  Men's Slim Fit Chino Trousers  ,Bottoms,Men,29.9,29.9,False,1,29.9,Card
ORC-20260630-0125,3,2026-06-30 13:51:08,  Orchard Central  ,UND-M-01,Men's Airism Boxer Briefs,Underwear,men,14.9,14.9,False,1,14.9,PayNow
BUG-20260630-0550,1,2026-06-30 11:35:05,  Bugis  ,TOP-W-03,Women's Silky Satin Blouse,Tops,Women,39.9,39.9,False,1,39.9,Card
BUG-20260630-0668,1,2026-06-30 19:29:31,Bugis,SOK-W-02,Women's Pile Crew Socks,Socks,Women,5.9,5.9,False,1,5.9,Card
ORC-20260630-0417,1,2026-06-30 20:29:06,Orchard Central,SOK-W-02,Women's Pile Crew Socks,Socks,Women,5.9,5.9,False,1,5.9,Card
PUN-20260630-0193,1,2026-06-30 20:39:01,Punggol,UND-W-01,Women's Airism Bikini Shorts,Underwear,Women,9.9,9.9,False,1,9.9,Card
ORC-20260630-0994,3,2026-06-30 16:32:42,ORCHARD CENTRAL,TOP-M-04,Men's Oxford Long Sleeve Shirt,Tops,Men,29.9,29.9,False,1,29.9,Card
ORC-20260630-0359,1,2026-06-30 22:25:49,ORCHARD CENTRAL,TOP-W-01,Women's Airism Cotton Crew Neck T-Shirt,Tops,Women,14.9,14.9,False,1,14.9,PayNow
BUG-20260630-0233,1,2026-06-30 21:11:20,Bugis,SOK-M-09,Men's No-Show Sneaker Socks,Socks,Men,4.17,5.9,True,2,8.34,cash
BUG-20260630-0325,2,2026-06-30 19:16:17,Bugis,SOK-W-02,Women's Pile Crew Socks,Socks,women,5.9,5.9,False,1,5.9,Cash
PUN-20260630-0245,2,2026-06-30 19:47:06,punggol,SOK-M-02,Men's Pile Crew Socks,Socks,Men,5.9,5.9,False,2,11.8,PayNow
ORC-20260630-0247,1,2026-06-30 21:10:34,Orchard Central,TOP-M-01,Men's Airism Cotton Crew Neck T-Shirt,tops,Men,14.9,14.9,False,1,14.9,NETS
ORC-20260630-1066,1,2026-06-30 20:20:11,Orchard Central,SOK-M-03,Men's Airism Low-Cut Socks,SOCKS,Men,5.9,5.9,False,1,5.9,PayNow
PUN-20260630-0267,3,2026-06-30 18:48:06,punggol,SOK-M-03,  Men's Airism Low-Cut Socks  ,Socks,Men,5.9,5.9,False,1,5.9,Paynow
PUN-20260630-0553,1,2026-06-30 18:56:07,Punggol,UND-W-01,Women's Airism Bikini Shorts,Underwear,Women,9.9,9.9,False,1,9.9,card
ORC-20260630-0666,1,2026-06-30 11:12:54,Orchard Central,TOP-W-08,Women's Puff Sleeve Blouse,tops,Women,29.9,29.9,False,1,29.9,Card
PUN-20260630-0416,3,2026-06-30 21:06:28,Punggol,TOP-M-03,Men's Dry-EX Crew Neck T-Shirt,Tops,Men,19.9,19.9,False,1,19.9,
BUG-20260630-0193,2,2026-06-30 20:53:10,Bugis,UND-W-03,Women's Cotton Blend Briefs,Underwear,Women,9.9,9.9,False,1,9.9,Card
PUN-20260630-0217,2,2026-06-30 16:37:18,Punggol,SOK-W-02,Women's Pile Crew Socks,Socks,Women,5.9,5.9,False,1,5.9,NETS
ORC-20260630-0955,2,2026-06-30 20:34:03,Orchard Central,BTM-W-01,Women's Ultra Stretch Skinny Jeans,Bottoms,Women,39.9,39.9,False,1,39.9,PayNow
BUG-20260630-0134,2,2026-06-30 20:53:12,Bugis,SOK-W-02,Women's Pile Crew Socks,Socks,Women,5.9,5.9,False,1,5.9,Card
BUG-20260630-0108,1,2026-06-30 17:51:12,BUGIS,UND-M-02,Men's Cotton Blend Trunks,Underwear,Men,14.9,14.9,False,1,14.9,Card
ORC-20260630-0114,1,2026-06-30 18:56:07,Orchard Central,TOP-M-03,Men's Dry-EX Crew Neck T-Shirt,Tops,Men,19.9,19.9,False,1,19.9,Card
BUG-20260630-0701,2,2026-06-30 12:20:28,Bugis,SOK-M-03,  Men's Airism Low-Cut Socks  ,Socks,Men,5.9,5.9,False,1,5.9,NETS
BUG-20260630-0164,1,2026-06-30 20:00:31,Bugis,SOK-W-09,Women's No-Show Sneaker Socks,Socks,Women,5.9,5.9,False,1,5.9,Paynow
BUG-20260630-0294,3,2026-06-30 20:11:41,Bugis,TOP-W-06,Women's Linen Blend Short Sleeve Shirt,Tops,Women,19.72,29.9,True,1,19.72,CASH
PUN-20260630-0246,1,2026-06-30 11:27:36,  Punggol  ,UND-M-09,Men's Heattech Long Johns,Underwear,Men,$19.9,19.9,False,1,19.9,CARD
PUN-20260630-0101,3,2026-06-30 22:57:14,Punggol,UND-M-04,Men's Cotton Crew Neck Undershirt,Underwear,Men,14.9,14.9,False,1,14.9,PayNow
ORC-20260630-0916,1,2026-06-30 11:28:05,Orchard Central,UND-M-04,Men's Cotton Crew Neck Undershirt,Underwear,Men,14.9,14.9,False,1,14.9,Card
BUG-20260630-0257,1,2026-06-30 17:50:49,Bugis,SOK-M-03,  Men's Airism Low-Cut Socks  ,socks,Men,5.9,5.9,False,1,5.9,PayNow
ORC-20260630-0023,1,2026-06-30 21:07:33,Orchard Central,BTM-M-01,Men's Ezy Ankle Pants,Bottoms,Men,29.9,29.9,False,1,29.9,Card
PUN-20260630-0161,1,2026-06-30 17:44:42,Punggol,SOK-M-02,Men's Pile Crew Socks,Socks,Men,5.9,5.9,False,1,5.9,card
ORC-20260630-1009,1,2026-06-30 18:39:00,  Orchard Central  ,SOK-M-02,Men's Pile Crew Socks,SOCKS,Men,5.9,5.9,False,1,5.9,PayNow
ORC-20260630-0388,1,2026-06-30 19:58:13,ORCHARD CENTRAL,SOK-W-01,Women's Ankle Socks 3-Pack,Socks,Women,14.9,14.9,False,1,14.9,Card
BUG-20260630-0014,1,2026-06-30 11:11:13,Bugis,UND-M-02,Men's Cotton Blend Trunks,Underwear,Men,14.9,14.9,False,1,14.9,CASH
BUG-20260630-0799,1,2026-06-30 11:17:04,Bugis,SOK-M-04,Men's Ribbed Crew Socks,socks,Men,5.9,5.9,False,1,5.9,Cash
PUN-20260630-0221,2,2026-06-30 21:59:00,Punggol,SOK-M-01,Men's Ankle Socks 3-Pack,Socks,Men,14.9,14.9,False,1,14.9,PayNow
BUG-20260630-0091,1,2026-06-30 17:28:48,Bugis,UND-W-03,Women's Cotton Blend Briefs,Underwear,WOMEN,9.9,9.9,False,2,19.8,PayNow
PUN-20260630-0055,3,2026-06-30 19:21:57,Punggol,TOP-W-04,Women's Heattech Crew Neck Long Sleeve Tee,Tops,WOMEN,14.9,14.9,False,1,14.9,Card
ORC-20260630-0754,2,2026-06-30 15:02:57,ORCHARD CENTRAL,BTM-M-04,Men's Dry Stretch Shorts,Bottoms,Men,19.9,19.9,False,1,19.9,PAYNOW
BUG-20260630-0153,2,2026-06-30 16:57:22,Bugis,SOK-M-09,Men's No-Show Sneaker Socks,Socks,Men,4.17,5.9,True,1,4.17,Card
PUN-20260630-0210,1,2026-06-30 16:22:16,Punggol,SOK-W-02,  Women's Pile Crew Socks  ,SOCKS,Women,5.9,5.9,False,1,5.9,Card
ORC-20260630-0406,1,2026-06-30 18:31:59,  Orchard Central  ,UND-W-03,Women's Cotton Blend Briefs,Underwear,Women,9.9,9.9,False,1,9.9,NETS
BUG-20260630-0872,2,2026-06-30 12:39:23,Bugis,SOK-W-02,Women's Pile Crew Socks,Socks,Women,5.9,5.9,False,1,5.9,PayNow
ORC-20260630-0034,3,2026-06-30 15:43:38,Orchard Central,TOP-W-04,Women's Heattech Crew Neck Long Sleeve Tee,Tops,WOMEN,14.9,14.9,False,1,14.9,CASH
ORC-20260630-0355,2,2026-06-30 19:10:35,orchard central,SOK-W-04,  Women's Ribbed Crew Socks  ,Socks,Women,5.9,5.9,False,1,5.9,NETS
BUG-20260630-0051,1,2026-06-30 12:30:26,Bugis,SOK-W-02,Women's Pile Crew Socks,Socks,women,5.9,5.9,False,1,5.9,Card
ORC-20260630-1056,2,2026-06-30 19:08:15,Orchard Central,BTM-M-02,Men's Slim Fit Chino Trousers,Bottoms,Men,29.9,29.9,False,1,29.9,PayNow
PUN-20260630-0422,2,2026-06-30 13:18:36,Punggol,TOP-W-02,Women's Ribbed Long Sleeve Turtleneck,Tops,Women,19.9,19.9,False,1,19.9,PayNow
ORC-20260630-0701,2,2026-06-30 19:33:58,Orchard Central,UND-W-03,Women's Cotton Blend Briefs,Underwear,women,9.9,9.9,False,2,19.8,Card
ORC-20260630-0946,2,2026-06-30 20:35:22,Orchard Central,TOP-W-06,Women's Linen Blend Short Sleeve Shirt,Tops,women,19.72,29.9,True,1,19.72,NETS
ORC-20260630-1040,1,2026-06-30 11:49:11,Orchard Central,BTM-M-02,Men's Slim Fit Chino Trousers,Bottoms,Men,29.9,29.9,False,1,29.9,Card
ORC-20260630-0890,2,2026-06-30 20:57:52,Orchard Central,UND-M-01,Men's Airism Boxer Briefs,Underwear,Men,14.9,14.9,False,1,14.9,Card
ORC-20260630-0302,1,2026-06-30 14:22:27,Orchard Central,TOP-W-01,Women's Airism Cotton Crew Neck T-Shirt,Tops,women,14.9,14.9,False,1,14.9,Nets
BUG-20260630-0358,2,2026-06-30 19:44:39,Bugis,SOK-W-02,  Women's Pile Crew Socks  ,Socks,Women,5.9,5.9,False,1,5.9,Card
ORC-20260630-0759,1,2026-06-30 11:25:50,Orchard Central,TOP-M-01,Men's Airism Cotton Crew Neck T-Shirt,Tops,Men,14.9,14.9,False,1,14.9,NETS
ORC-20260630-0222,2,2026-06-30 17:10:36,Orchard Central,SOK-M-03,Men's Airism Low-Cut Socks,Socks,Men,5.9,5.9,False,2,11.8,card
ORC-20260630-0100,2,2026-06-30 13:03:20,  orchard central  ,BTM-W-09,Women's Sweat Shorts,Bottoms,Women,19.9,19.9,False,1,19.9,Card
ORC-20260630-0013,2,2026-06-30 19:36:18,Orchard Central,UND-M-02,Men's Cotton Blend Trunks,Underwear,Men,$14.9,14.9,False,1,14.9,Card
BUG-20260630-0851,3,2026-06-30 16:32:54,  Bugis  ,UND-W-03,Women's Cotton Blend Briefs,Underwear,Women,9.9,9.9,False,1,9.9,Card
BUG-20260630-0549,2,2026-06-30 19:39:23,Bugis,TOP-M-02,Men's Supima Cotton Polo Shirt,Tops,Men,29.9,29.9,False,1,29.9,NETS
PUN-20260630-0621,2,2026-06-30 21:51:03,Punggol,SOK-W-02,Women's Pile Crew Socks,Socks,Women,5.9,5.9,False,1,5.9,PayNow
PUN-20260630-0248,1,2026-06-30 18:58:37,Punggol,TOP-W-01,Women's Airism Cotton Crew Neck T-Shirt,tops,women,14.9,14.9,False,1,14.9,PayNow
ORC-20260630-0833,1,2026-06-30 13:47:19,orchard central,UND-W-02,  Women's Wireless Bra  ,Underwear,Women,29.9,29.9,False,1,29.9,NETS
ORC-20260630-0195,2,2026-06-30 17:15:53,ORCHARD CENTRAL,UND-M-02,  Men's Cotton Blend Trunks  ,Underwear,Men,14.9,14.9,False,1,14.9,Cash
BUG-20260630-0131,3,2026-06-30 19:25:31,Bugis,UND-W-03,Women's Cotton Blend Briefs,Underwear,Women,9.9,9.9,False,2,19.8,cash
ORC-20260630-0456,1,2026-06-30 20:02:00,Orchard Central,BTM-W-04,Women's Denim Straight Jeans,Bottoms,Women,49.9,49.9,False,1,49.9,Card
BUG-20260630-0709,1,2026-06-30 19:43:23,Bugis,BTM-W-02,Women's High-Rise Wide Leg Pants,Bottoms,Women,39.9,39.9,False,1,39.9,Card
ORC-20260630-0764,2,2026-06-30 20:20:46,Orchard Central,BTM-M-01,Men's Ezy Ankle Pants,Bottoms,Men,29.9,29.9,False,1,29.9,
ORC-20260630-0934,1,2026-06-30 19:26:56,Orchard Central,SOK-M-02,Men's Pile Crew Socks,Socks,Men,5.9,5.9,False,2,11.8,PayNow
BUG-20260630-0078,1,2026-06-30 19:57:04,Bugis,TOP-W-06,Women's Linen Blend Short Sleeve Shirt,Tops,Women,19.72,29.9,True,1,19.72,PayNow
ORC-20260630-0877,1,2026-06-30 18:42:46,Orchard Central,UND-W-03,Women's Cotton Blend Briefs,underwear,Women,9.9,9.9,False,1,9.9,Cash
BUG-20260630-0285,1,2026-06-30 17:43:20,Bugis,UND-W-03,Women's Cotton Blend Briefs,Underwear,Women,9.9,9.9,False,1,9.9,Card
ORC-20260630-0241,2,2026-06-30 14:03:37,Orchard Central,BTM-W-03,Women's Ezy Ankle Pants,Bottoms,Women,29.9,29.9,False,1,29.9,Card
PUN-20260630-0581,1,2026-06-30 19:48:37,PUNGGOL,UND-W-03,Women's Cotton Blend Briefs,Underwear,Women,9.9,9.9,False,1,9.9,NETS
BUG-20260630-0089,1,2026-06-30 21:05:23,  Bugis  ,UND-W-03,Women's Cotton Blend Briefs,Underwear,Women,9.9,9.9,False,1,9.9,PayNow
PUN-20260630-0344,2,2026-06-30 21:55:24,Punggol,SOK-W-02,Women's Pile Crew Socks,Socks,Women,5.9,5.9,False,2,11.8,Card
PUN-20260630-0360,1,2026-06-30 21:37:37,Punggol,TOP-W-01,Women's Airism Cotton Crew Neck T-Shirt,Tops,Women,14.9,14.9,False,1,14.9,Card
ORC-20260630-1060,2,2026-06-30 18:00:31,Orchard Central,UND-M-04,Men's Cotton Crew Neck Undershirt,UNDERWEAR,Men,14.9,14.9,False,1,14.9,NETS
PUN-20260630-0227,2,2026-06-30 18:17:22,Punggol,SOK-W-03,Women's Airism Low-Cut Socks,Socks,Women,5.9,5.9,False,2,11.8,NETS
BUG-20260630-0390,3,2026-06-30 19:22:39,Bugis,BTM-M-04,Men's Dry Stretch Shorts,Bottoms,Men,19.9,19.9,False,1,19.9,paynow
ORC-20260630-0044,1,2026-06-30 21:36:24,ORCHARD CENTRAL,TOP-W-03,Women's Silky Satin Blouse,Tops,Women,39.9,39.9,False,1,39.9,Card
PUN-20260630-0441,2,2026-06-30 19:56:41,Punggol,SOK-W-06,Women's Heattech Socks,Socks,Women,9.9,9.9,False,1,9.9,PayNow
PUN-20260630-0372,1,2026-06-30 15:17:30,Punggol,SOK-W-02,Women's Pile Crew Socks,Socks,Women,5.9,5.9,False,1,5.9,Cash
ORC-20260630-0342,2,2026-06-30 19:03:34,Orchard Central,BTM-M-03,Men's Selvedge Regular Fit Jeans,Bottoms,Men,59.9,59.9,False,1,59.9,NETS
PUN-20260630-0069,3,2026-06-30 17:33:12,PUNGGOL,UND-W-03,Women's Cotton Blend Briefs,Underwear,Women,9.9,9.9,False,1,9.9,Card
BUG-20260630-0543,1,2026-06-30 20:23:36,Bugis,TOP-W-04,Women's Heattech Crew Neck Long Sleeve Tee,Tops,Women,14.9,14.9,False,1,14.9,Card
ORC-20260630-1049,1,2026-06-30 20:16:48,ORCHARD CENTRAL,SOK-M-03,Men's Airism Low-Cut Socks,Socks,Men,5.9,5.9,False,1,5.9,Card
ORC-20260630-0805,1,2026-06-30 18:55:42,Orchard Central,SOK-W-04,Women's Ribbed Crew Socks,Socks,Women,5.9,5.9,False,1,5.9,Cash
PUN-20260630-0147,3,2026-06-30 18:42:31,  Punggol  ,SOK-W-02,Women's Pile Crew Socks,Socks,Women,5.9,5.9,False,2,11.8,Paynow
BUG-20260630-0671,1,2026-06-30 13:02:35,Bugis,SOK-M-09,Men's No-Show Sneaker Socks,Socks,Men,4.17,5.9,True,1,4.17,Card
BUG-20260630-0320,2,2026-06-30 13:05:30,Bugis,SOK-M-03,Men's Airism Low-Cut Socks,SOCKS,Men,5.9,5.9,False,1,5.9,Card
ORC-20260630-0448,1,2026-06-30 17:00:18,Orchard Central,SOK-W-02,Women's Pile Crew Socks,Socks,Women,5.9,5.9,False,1,$5.9,paynow
ORC-20260630-0679,2,2026-06-30 16:12:39,Orchard Central,SOK-W-02,  Women's Pile Crew Socks  ,Socks,Women,5.9,5.9,False,1,5.9,PayNow
BUG-20260630-0069,1,2026-06-30 14:47:38,Bugis,SOK-W-07,Women's Striped Crew Socks,Socks,Women,5.9,5.9,False,1,5.9,Cash
BUG-20260630-0794,3,2026-06-30 18:32:02,Bugis,SOK-M-10,Men's Wool Blend Socks,socks,Men,9.9,9.9,False,2,19.8,PayNow
ORC-20260630-1043,2,2026-06-30 18:21:17,Orchard Central,BTM-W-03,Women's Ezy Ankle Pants,Bottoms,WOMEN,29.9,29.9,False,1,29.9,Cash
PUN-20260630-0302,1,2026-06-30 11:08:47,Punggol,UND-W-01,Women's Airism Bikini Shorts,Underwear,Women,9.9,9.9,False,1,9.9,NETS
PUN-20260630-0049,1,2026-06-30 18:13:34,Punggol,TOP-W-03,Women's Silky Satin Blouse,Tops,Women,39.9,39.9,False,1,39.9,PayNow
ORC-20260630-1035,1,2026-06-30 19:54:29,Orchard Central,UND-W-03,Women's Cotton Blend Briefs,Underwear,Women,9.9,9.9,False,1,9.9,PayNow
BUG-20260630-0567,1,2026-06-30 16:58:45,Bugis,SOK-W-04,Women's Ribbed Crew Socks,Socks,Women,5.9,5.9,False,1,5.9,Card
BUG-20260630-0224,3,2026-06-30 17:47:10,Bugis,UND-M-02,Men's Cotton Blend Trunks,Underwear,Men,14.9,14.9,False,1,14.9,Card
BUG-20260630-0104,2,2026-06-30 21:30:33,Bugis,SOK-W-03,Women's Airism Low-Cut Socks,Socks,WOMEN,5.9,5.9,False,1,5.9,Cash
BUG-20260630-0452,3,2026-06-30 19:11:53,Bugis,UND-W-01,Women's Airism Bikini Shorts,Underwear,Women,9.9,9.9,False,1,9.9,NETS
BUG-20260630-0592,2,2026-06-30 18:53:21,Bugis,SOK-W-03,Women's Airism Low-Cut Socks,Socks,Women,5.9,5.9,False,2,11.8,Card
BUG-20260630-0563,3,2026-06-30 20:51:43,Bugis,BTM-M-01,Men's Ezy Ankle Pants,Bottoms,Men,29.9,29.9,False,1,29.9,Cash
BUG-20260630-0738,3,2026-06-30 20:18:08,Bugis,SOK-W-09,Women's No-Show Sneaker Socks,Socks,Women,5.9,5.9,False,1,5.9,PayNow
ORC-20260630-0169,1,2026-06-30 19:03:59,Orchard Central,SOK-M-03,Men's Airism Low-Cut Socks,Socks,Men,5.9,5.9,False,1,5.9,Card
PUN-20260630-0240,3,2026-06-30 17:18:54,Punggol,SOK-W-01,Women's Ankle Socks 3-Pack,Socks,Women,14.9,14.9,False,2,29.8,Cash
BUG-20260630-0292,1,2026-06-30 14:17:17,BUGIS,TOP-W-04,  Women's Heattech Crew Neck Long Sleeve Tee  ,Tops,Women,14.9,14.9,False,1,14.9,NETS
BUG-20260630-0199,1,2026-06-30 19:05:03,Bugis,TOP-W-04,Women's Heattech Crew Neck Long Sleeve Tee,TOPS,WOMEN,14.9,14.9,False,1,$14.9,Card
PUN-20260630-0440,1,2026-06-30 19:52:32,Punggol,UND-M-02,Men's Cotton Blend Trunks,Underwear,Men,14.9,14.9,False,1,14.9,Card
ORC-20260630-1061,3,2026-06-30 22:43:45,Orchard Central,BTM-M-01,Men's Ezy Ankle Pants,Bottoms,men,29.9,29.9,False,1,29.9,card
BUG-20260630-0309,2,2026-06-30 20:31:10,Bugis,SOK-W-02,  Women's Pile Crew Socks  ,Socks,Women,5.9,5.9,False,1,5.9,Cash
ORC-20260630-0864,1,2026-06-30 20:21:03,Orchard Central,BTM-W-01,Women's Ultra Stretch Skinny Jeans,Bottoms,Women,39.9,39.9,False,1,39.9,Card
PUN-20260630-0557,2,2026-06-30 13:26:23,Punggol,SOK-W-04,Women's Ribbed Crew Socks,Socks,Women,$5.9,5.9,False,1,5.9,Card
ORC-20260630-0062,2,2026-06-30 17:03:54,Orchard Central,UND-W-04,Women's Airism T-Shirt Bra,Underwear,Women,29.9,29.9,False,2,59.8,Card
ORC-20260630-0865,2,2026-06-30 21:55:52,Orchard Central,BTM-W-02,Women's High-Rise Wide Leg Pants,bottoms,Women,39.9,39.9,False,1,39.9,PayNow
BUG-20260630-0688,3,2026-06-30 15:21:17,  Bugis  ,SOK-M-09,Men's No-Show Sneaker Socks,Socks,Men,4.17,5.9,True,1,4.17,Card
BUG-20260630-0164,2,2026-06-30 20:00:31,Bugis,SOK-W-03,Women's Airism Low-Cut Socks,SOCKS,Women,5.9,5.9,False,1,5.9,PayNow
PUN-20260630-0179,1,2026-06-30 18:37:26,Punggol,TOP-W-04,Women's Heattech Crew Neck Long Sleeve Tee,Tops,WOMEN,14.9,14.9,False,1,14.9,Cash
PUN-20260630-0143,1,2026-06-30 11:38:04,Punggol,UND-M-02,  Men's Cotton Blend Trunks  ,Underwear,Men,14.9,14.9,False,1,14.9,CARD
BUG-20260630-0055,1,2026-06-30 20:48:04,  Bugis  ,SOK-W-06,Women's Heattech Socks,Socks,Women,9.9,9.9,False,2,19.8,Card
PUN-20260630-0470,3,2026-06-30 18:11:30,Punggol,BTM-M-03,Men's Selvedge Regular Fit Jeans,BOTTOMS,Men,59.9,59.9,False,1,59.9,Cash
BUG-20260630-0479,1,2026-06-30 17:37:44,  bugis  ,SOK-W-02,Women's Pile Crew Socks,Socks,Women,5.9,5.9,False,1,5.9,paynow
PUN-20260630-0195,2,2026-06-30 13:56:07,  Punggol  ,SOK-W-02,Women's Pile Crew Socks,Socks,Women,5.9,5.9,False,2,11.8,PayNow
BUG-20260630-0401,1,2026-06-30 17:43:47,Bugis,UND-M-04,  Men's Cotton Crew Neck Undershirt  ,Underwear,Men,14.9,14.9,False,2,29.8,Cash
BUG-20260630-0230,2,2026-06-30 20:59:49,bugis,UND-M-07,Men's Stretch Cotton Boxers,Underwear,Men,14.9,14.9,False,1,14.9,
ORC-20260630-0594,3,2026-06-30 18:44:27,ORCHARD CENTRAL,UND-W-02,Women's Wireless Bra,Underwear,Women,29.9,29.9,False,1,29.9,Card
ORC-20260630-0060,3,2026-06-30 20:14:55,Orchard Central,SOK-W-02,Women's Pile Crew Socks,Socks,women,5.9,5.9,False,1,5.9,CASH
PUN-20260630-0348,1,2026-06-30 12:00:15,Punggol,UND-W-03,  Women's Cotton Blend Briefs  ,Underwear,Women,9.9,9.9,False,1,9.9,Card
ORC-20260630-0645,2,2026-06-30 20:11:02,Orchard Central,SOK-M-01,Men's Ankle Socks 3-Pack,Socks,Men,14.9,14.9,False,2,29.8,PAYNOW
PUN-20260630-0424,3,2026-06-30 21:30:26,Punggol,TOP-W-06,Women's Linen Blend Short Sleeve Shirt,Tops,Women,19.72,29.9,True,1,19.72,card
BUG-20260630-0473,1,2026-06-30 21:03:46,Bugis,TOP-W-06,Women's Linen Blend Short Sleeve Shirt,Tops,Women,19.72,29.9,True,1,19.72,Card
ORC-20260630-0143,2,2026-06-30 20:37:31,Orchard Central,TOP-W-03,Women's Silky Satin Blouse,Tops,Women,39.9,39.9,False,1,39.9,Card
ORC-20260630-0982,1,2026-06-30 18:23:27,Orchard Central,BTM-W-04,Women's Denim Straight Jeans,Bottoms,women,49.9,49.9,False,1,49.9,PayNow
BUG-20260630-0141,1,2026-06-30 21:11:36,Bugis,SOK-M-02,Men's Pile Crew Socks,Socks,Men,5.9,5.9,False,2,11.8,Card
BUG-20260630-0102,2,2026-06-30 19:47:46,Bugis,BTM-M-02,Men's Slim Fit Chino Trousers,Bottoms,Men,29.9,29.9,False,1,29.9,Cash
PUN-20260630-0534,1,2026-06-30 19:54:07,Punggol,SOK-W-01,Women's Ankle Socks 3-Pack,Socks,Women,14.9,14.9,False,1,14.9,PayNow
ORC-20260630-0091,1,2026-06-30 20:14:08,Orchard Central,SOK-M-05,Men's Sport Ankle Socks,Socks,Men,4.36,5.9,True,1,4.36,Card
ORC-20260630-0118,1,2026-06-30 20:38:41,Orchard Central,UND-W-01,  Women's Airism Bikini Shorts  ,Underwear,WOMEN,9.9,9.9,False,1,9.9,Card
ORC-20260630-0653,2,2026-06-30 13:53:45,Orchard Central,UND-M-02,  Men's Cotton Blend Trunks  ,Underwear,Men,$14.9,14.9,False,1,14.9,NETS
ORC-20260630-0650,3,2026-06-30 18:34:40,Orchard Central,TOP-W-04,Women's Heattech Crew Neck Long Sleeve Tee,Tops,Women,14.9,14.9,False,1,14.9,Cash
ORC-20260630-0272,1,2026-06-30 19:35:50,Orchard Central,SOK-M-03,Men's Airism Low-Cut Socks,Socks,Men,5.9,5.9,False,1,5.9,Card
BUG-20260630-0305,3,2026-06-30 12:00:40,Bugis,SOK-M-10,Men's Wool Blend Socks,Socks,Men,9.9,9.9,False,1,9.9,Card
ORC-20260630-0473,3,2026-06-30 11:16:55,  Orchard Central  ,SOK-W-04,Women's Ribbed Crew Socks,Socks,Women,5.9,5.9,False,1,5.9,NETS
BUG-20260630-0499,1,2026-06-30 19:14:59,Bugis,SOK-M-01,Men's Ankle Socks 3-Pack,Socks,Men,14.9,14.9,False,1,14.9,Card
ORC-20260630-0312,3,2026-06-30 21:04:47,Orchard Central,UND-M-04,Men's Cotton Crew Neck Undershirt,Underwear,Men,14.9,14.9,False,1,14.9,PayNow
ORC-20260630-0414,2,2026-06-30 15:48:47,ORCHARD CENTRAL,BTM-W-03,Women's Ezy Ankle Pants,Bottoms,Women,29.9,29.9,False,1,29.9,Card
ORC-20260630-0480,1,2026-06-30 13:53:21,  orchard central  ,TOP-W-02,Women's Ribbed Long Sleeve Turtleneck,Tops,Women,19.9,19.9,False,1,19.9,Card
PUN-20260630-0525,1,2026-06-30 22:32:26,Punggol,SOK-W-03,Women's Airism Low-Cut Socks,Socks,WOMEN,5.9,5.9,False,1,5.9,Card
ORC-20260630-0053,2,2026-06-30 20:22:06,Orchard Central,BTM-W-01,Women's Ultra Stretch Skinny Jeans,Bottoms,Women,39.9,39.9,False,1,39.9,PayNow
BUG-20260630-0553,1,2026-06-30 18:23:10,Bugis,SOK-M-07,Men's Striped Crew Socks,Socks,Men,5.9,5.9,False,1,5.9,Card
ORC-20260630-0472,1,2026-06-30 22:41:44,Orchard Central,SOK-W-02,Women's Pile Crew Socks,Socks,Women,5.9,5.9,False,1,5.9,NETS
BUG-20260630-0382,3,2026-06-30 12:40:35,Bugis,SOK-M-02,Men's Pile Crew Socks,Socks,Men,5.9,5.9,False,1,5.9,paynow
PUN-20260630-0211,3,2026-06-30 17:20:23,  Punggol  ,BTM-W-03,Women's Ezy Ankle Pants,Bottoms,Women,29.9,29.9,False,1,29.9,NETS
BUG-20260630-0704,1,2026-06-30 20:04:58,Bugis,SOK-M-07,Men's Striped Crew Socks,Socks,Men,5.9,5.9,False,1,5.9,card
ORC-20260630-0806,1,2026-06-30 20:13:52,  Orchard Central  ,UND-M-04,Men's Cotton Crew Neck Undershirt,Underwear,Men,14.9,14.9,False,1,14.9,PayNow
PUN-20260630-0240,1,2026-06-30 17:18:54,Punggol,SOK-M-04,  Men's Ribbed Crew Socks  ,Socks,Men,5.9,5.9,False,1,5.9,Cash
BUG-20260630-0676,1,2026-06-30 19:19:03,  Bugis  ,SOK-M-09,Men's No-Show Sneaker Socks,Socks,Men,4.17,5.9,True,1,4.17,Card
BUG-20260630-0199,2,2026-06-30 19:05:03,Bugis,UND-W-01,Women's Airism Bikini Shorts,Underwear,Women,9.9,9.9,False,1,9.9,Card
BUG-20260630-0838,1,2026-06-30 11:16:45,Bugis,BTM-W-03,Women's Ezy Ankle Pants,Bottoms,Women,29.9,29.9,False,1,29.9,
BUG-20260630-0533,1,2026-06-30 12:47:41,Bugis,SOK-M-09,Men's No-Show Sneaker Socks,Socks,Men,4.17,5.9,True,1,4.17,Card
PUN-20260630-0597,1,2026-06-30 17:37:08,Punggol,SOK-M-03,Men's Airism Low-Cut Socks,Socks,Men,5.9,5.9,False,1,5.9,PayNow
BUG-20260630-0735,2,2026-06-30 21:13:39,Bugis,BTM-M-02,Men's Slim Fit Chino Trousers,Bottoms,Men,29.9,29.9,False,1,29.9,Card
ORC-20260630-0019,2,2026-06-30 19:00:21,Orchard Central,TOP-M-04,Men's Oxford Long Sleeve Shirt,Tops,Men,29.9,29.9,False,1,29.9,Card
ORC-20260630-1080,2,2026-06-30 19:29:56,Orchard Central,BTM-M-02,Men's Slim Fit Chino Trousers,bottoms,MEN,29.9,29.9,False,1,29.9,PayNow
BUG-20260630-0433,1,2026-06-30 20:45:15,Bugis,SOK-M-03,Men's Airism Low-Cut Socks,Socks,Men,5.9,5.9,False,1,5.9,Card
BUG-20260630-0061,3,2026-06-30 21:12:06,Bugis,TOP-W-02,Women's Ribbed Long Sleeve Turtleneck,Tops,Women,19.9,19.9,False,1,19.9,PayNow
BUG-20260630-0173,2,2026-06-30 19:42:00,Bugis,TOP-W-04,Women's Heattech Crew Neck Long Sleeve Tee,Tops,Women,14.9,14.9,False,1,14.9,Card
ORC-20260630-0477,2,2026-06-30 18:28:01,Orchard Central,UND-M-02,Men's Cotton Blend Trunks,Underwear,Men,14.9,14.9,False,1,14.9,Card
PUN-20260630-0116,1,2026-06-30 20:41:53,Punggol,SOK-W-03,Women's Airism Low-Cut Socks,Socks,Women,5.9,5.9,False,1,5.9,PayNow
PUN-20260630-0516,3,2026-06-30 17:19:50,Punggol,SOK-M-03,Men's Airism Low-Cut Socks,Socks,Men,5.9,5.9,False,2,11.8,Card
PUN-20260630-0005,2,2026-06-30 20:21:14,Punggol,UND-W-01,Women's Airism Bikini Shorts,Underwear,Women,9.9,9.9,False,1,9.9,Card
PUN-20260630-0579,1,2026-06-30 21:24:02,  Punggol  ,SOK-M-04,Men's Ribbed Crew Socks,Socks,Men,5.9,5.9,False,1,5.9,Card
BUG-20260630-0405,1,2026-06-30 20:01:42,Bugis,UND-M-02,Men's Cotton Blend Trunks,Underwear,Men,14.9,14.9,False,1,14.9,NETS
BUG-20260630-0391,1,2026-06-30 16:45:55,Bugis,UND-W-01,Women's Airism Bikini Shorts,Underwear,Women,9.9,9.9,False,1,9.9,Card
PUN-20260630-0450,1,2026-06-30 16:35:03,Punggol,SOK-W-03,Women's Airism Low-Cut Socks,Socks,Women,5.9,5.9,False,2,11.8,NETS
PUN-20260630-0232,2,2026-06-30 18:05:46,PUNGGOL,BTM-M-02,Men's Slim Fit Chino Trousers,bottoms,Men,29.9,29.9,False,1,29.9,CARD
ORC-20260630-0706,2,2026-06-30 19:34:14,Orchard Central,SOK-W-02,Women's Pile Crew Socks,Socks,Women,5.9,5.9,False,2,11.8,Card
BUG-20260630-0798,2,2026-06-30 12:37:46,Bugis,TOP-W-02,Women's Ribbed Long Sleeve Turtleneck,Tops,Women,19.9,19.9,False,1,19.9,Card
BUG-20260630-0172,2,2026-06-30 21:48:39,Bugis,TOP-W-01,Women's Airism Cotton Crew Neck T-Shirt,Tops,Women,14.9,14.9,False,1,14.9,Nets
PUN-20260630-0190,2,2026-06-30 20:27:29,Punggol,SOK-M-02,Men's Pile Crew Socks,Socks,Men,5.9,5.9,False,1,5.9,PayNow
BUG-20260630-0187,2,2026-06-30 20:36:19,Bugis,SOK-W-01,Women's Ankle Socks 3-Pack,Socks,Women,14.9,14.9,False,1,14.9,Card
BUG-20260630-0177,2,2026-06-30 18:02:57,Bugis,UND-M-04,Men's Cotton Crew Neck Undershirt,Underwear,MEN,14.9,14.9,False,1,14.9,Card
ORC-20260630-0650,2,2026-06-30 18:34:40,Orchard Central,SOK-W-01,  Women's Ankle Socks 3-Pack  ,Socks,Women,14.9,14.9,False,1,14.9,Cash
ORC-20260630-0011,1,2026-06-30 21:04:29,Orchard Central,TOP-W-06,Women's Linen Blend Short Sleeve Shirt,Tops,Women,19.72,29.9,True,1,19.72,Cash
BUG-20260630-0193,1,2026-06-30 20:53:10,Bugis,TOP-W-03,Women's Silky Satin Blouse,Tops,Women,39.9,39.9,False,1,39.9,Card
PUN-20260630-0199,1,2026-06-30 14:02:46,Punggol,UND-M-04,Men's Cotton Crew Neck Undershirt,Underwear,men,14.9,14.9,False,1,14.9,NETS
BUG-20260630-0618,2,2026-06-30 21:30:14,  Bugis  ,SOK-M-04,  Men's Ribbed Crew Socks  ,Socks,Men,5.9,5.9,False,1,5.9,PayNow
BUG-20260630-0114,1,2026-06-30 17:25:13,Bugis,SOK-M-09,Men's No-Show Sneaker Socks,Socks,Men,4.17,5.9,True,1,4.17,Card
ORC-20260630-1056,1,2026-06-30 19:08:15,Orchard Central,UND-M-04,Men's Cotton Crew Neck Undershirt,UNDERWEAR,Men,14.9,14.9,False,2,29.8,
BUG-20260630-0227,2,2026-06-30 19:11:25,Bugis,BTM-W-01,Women's Ultra Stretch Skinny Jeans,Bottoms,Women,39.9,39.9,False,1,39.9,Paynow
ORC-20260630-0291,1,2026-06-30 17:23:28,Orchard Central,BTM-W-04,Women's Denim Straight Jeans,Bottoms,Women,49.9,49.9,False,1,49.9,Card
ORC-20260630-1071,1,2026-06-30 13:19:06,Orchard Central,SOK-M-01,Men's Ankle Socks 3-Pack,Socks,Men,14.9,14.9,False,1,14.9,Card
ORC-20260630-0387,1,2026-06-30 18:19:49,Orchard Central,TOP-W-01,Women's Airism Cotton Crew Neck T-Shirt,Tops,Women,14.9,14.9,False,1,14.9,PayNow
PUN-20260630-0613,1,2026-06-30 12:09:14,Punggol,UND-W-01,Women's Airism Bikini Shorts,Underwear,Women,9.9,9.9,False,1,9.9,PayNow
PUN-20260630-0039,2,2026-06-30 15:38:17,PUNGGOL,UND-M-09,Men's Heattech Long Johns,Underwear,Men,19.9,19.9,False,2,39.8,Card
BUG-20260630-0017,2,2026-06-30 19:29:51,  Bugis  ,SOK-W-04,Women's Ribbed Crew Socks,SOCKS,Women,5.9,5.9,False,1,5.9,Card
ORC-20260630-0140,2,2026-06-30 21:45:46,Orchard Central,SOK-M-02,  Men's Pile Crew Socks  ,Socks,Men,5.9,5.9,False,1,5.9,Card
PUN-20260630-0266,1,2026-06-30 18:39:18,  Punggol  ,SOK-M-02,Men's Pile Crew Socks,Socks,men,5.9,5.9,False,2,11.8,Card
BUG-20260630-0451,2,2026-06-30 16:14:27,Bugis,TOP-M-01,  Men's Airism Cotton Crew Neck T-Shirt  ,tops,Men,14.9,14.9,False,1,14.9,nets
ORC-20260630-0789,2,2026-06-30 15:36:03,Orchard Central,SOK-W-02,Women's Pile Crew Socks,Socks,Women,5.9,5.9,False,1,5.9,PayNow
PUN-20260630-0163,3,2026-06-30 21:57:28,Punggol,UND-W-01,Women's Airism Bikini Shorts,Underwear,Women,9.9,9.9,False,1,9.9,PayNow
ORC-20260630-0133,3,2026-06-30 19:17:56,Orchard Central,UND-W-01,Women's Airism Bikini Shorts,Underwear,women,9.9,9.9,False,1,9.9,Card
BUG-20260630-0862,2,2026-06-30 13:08:35,Bugis,SOK-W-01,Women's Ankle Socks 3-Pack,Socks,women,14.9,14.9,False,1,14.9,Cash
ORC-20260630-0915,1,2026-06-30 21:26:33,Orchard Central,UND-M-01,Men's Airism Boxer Briefs,Underwear,Men,14.9,14.9,False,1,14.9,NETS
ORC-20260630-0239,3,2026-06-30 16:21:13,Orchard Central,BTM-W-04,Women's Denim Straight Jeans,Bottoms,Women,49.9,49.9,False,1,49.9,PayNow
ORC-20260630-0228,1,2026-06-30 22:54:43,Orchard Central,TOP-M-01,Men's Airism Cotton Crew Neck T-Shirt,Tops,Men,14.9,14.9,False,1,14.9,Cash
PUN-20260630-0112,1,2026-06-30 14:56:12,Punggol,UND-M-04,Men's Cotton Crew Neck Undershirt,Underwear,Men,14.9,14.9,False,2,29.8,Card
BUG-20260630-0491,1,2026-06-30 19:16:33,Bugis,UND-M-02,Men's Cotton Blend Trunks,underwear,Men,14.9,14.9,False,1,14.9,card
BUG-20260630-0757,3,2026-06-30 17:46:02,Bugis,TOP-W-02,Women's Ribbed Long Sleeve Turtleneck,Tops,Women,19.9,19.9,False,1,19.9,Card
PUN-20260630-0002,1,2026-06-30 15:46:39,Punggol,BTM-M-03,Men's Selvedge Regular Fit Jeans,Bottoms,Men,59.9,59.9,False,1,59.9,Cash
PUN-20260630-0034,1,2026-06-30 20:58:26,Punggol,SOK-W-04,Women's Ribbed Crew Socks,Socks,women,5.9,5.9,False,1,5.9,NETS
ORC-20260630-0853,1,2026-06-30 21:18:33,Orchard Central,TOP-M-04,Men's Oxford Long Sleeve Shirt,Tops,Men,29.9,29.9,False,1,29.9,PayNow
ORC-20260630-1012,1,2026-06-30 12:37:27,Orchard Central,SOK-M-04,Men's Ribbed Crew Socks,Socks,Men,5.9,5.9,False,1,5.9,Card
BUG-20260630-0952,1,2026-06-30 17:22:49,Bugis,UND-M-04,Men's Cotton Crew Neck Undershirt,Underwear,Men,14.9,14.9,False,1,14.9,Card
BUG-20260630-0968,1,2026-06-30 18:30:19,bugis,SOK-M-01,Men's Ankle Socks 3-Pack,Socks,Men,14.9,14.9,False,1,14.9,Card
BUG-20260630-0347,2,2026-06-30 15:10:56,Bugis,SOK-W-03,Women's Airism Low-Cut Socks,Socks,Women,5.9,5.9,False,1,5.9,Card
BUG-20260630-0244,1,2026-06-30 20:03:32,Bugis,SOK-W-03,Women's Airism Low-Cut Socks,Socks,Women,5.9,5.9,False,2,11.8,Cash
ORC-20260630-0290,1,2026-06-30 20:47:21,Orchard Central,SOK-W-02,Women's Pile Crew Socks,Socks,women,5.9,5.9,False,1,5.9,Cash
ORC-20260630-0882,1,2026-06-30 12:25:04,  orchard central  ,UND-W-02,Women's Wireless Bra,Underwear,women,29.9,29.9,False,1,29.9,Card
ORC-20260630-0919,1,2026-06-30 19:52:14,Orchard Central,UND-W-03,Women's Cotton Blend Briefs,Underwear,Women,9.9,9.9,False,1,9.9,PayNow
ORC-20260630-0412,1,2026-06-30 18:32:26,Orchard Central,UND-W-03,Women's Cotton Blend Briefs,Underwear,Women,9.9,9.9,False,1,9.9,
PUN-20260630-0376,2,2026-06-30 21:04:39,Punggol,SOK-W-04,Women's Ribbed Crew Socks,Socks,Women,5.9,5.9,False,1,5.9,PayNow
BUG-20260630-0262,1,2026-06-30 19:43:36,Bugis,SOK-W-01,Women's Ankle Socks 3-Pack,Socks,WOMEN,14.9,14.9,False,1,14.9,Card
ORC-20260630-1080,3,2026-06-30 19:29:56,Orchard Central,TOP-W-04,Women's Heattech Crew Neck Long Sleeve Tee,Tops,Women,14.9,14.9,False,1,14.9,PayNow
ORC-20260630-0185,2,2026-06-30 14:48:38,Orchard Central,SOK-W-04,Women's Ribbed Crew Socks,Socks,Women,5.9,5.9,False,1,5.9,Card
PUN-20260630-0194,3,2026-06-30 17:18:43,Punggol,SOK-W-05,Women's Sport Ankle Socks,Socks,WOMEN,4.27,5.9,True,1,4.27,Card
ORC-20260630-1018,1,2026-06-30 17:13:40,Orchard Central,SOK-M-05,Men's Sport Ankle Socks,Socks,Men,4.36,5.9,True,2,8.72,card
BUG-20260630-0359,1,2026-06-30 17:09:44,Bugis,SOK-W-04,Women's Ribbed Crew Socks,Socks,Women,5.9,5.9,False,1,5.9,Card
ORC-20260630-0067,1,2026-06-30 21:47:52,Orchard Central,SOK-M-02,Men's Pile Crew Socks,SOCKS,Men,5.9,5.9,False,1,5.9,PayNow
ORC-20260630-0113,2,2026-06-30 15:17:36,Orchard Central,SOK-W-02,Women's Pile Crew Socks,Socks,Women,5.9,5.9,False,2,11.8,Card
ORC-20260630-0005,2,2026-06-30 12:49:07,Orchard Central,UND-M-01,Men's Airism Boxer Briefs,Underwear,Men,14.9,14.9,False,1,14.9,Card
BUG-20260630-0140,3,2026-06-30 14:25:58,Bugis,SOK-M-09,Men's No-Show Sneaker Socks,SOCKS,Men,4.17,5.9,True,1,4.17,Card
PUN-20260630-0339,3,2026-06-30 16:32:26,Punggol,TOP-W-01,Women's Airism Cotton Crew Neck T-Shirt,Tops,women,14.9,14.9,False,1,14.9,Cash
BUG-20260630-0084,1,2026-06-30 14:03:18,Bugis,SOK-M-09,Men's No-Show Sneaker Socks,Socks,Men,4.17,5.9,True,1,4.17,card
BUG-20260630-0841,2,2026-06-30 21:22:37,Bugis,SOK-M-01,Men's Ankle Socks 3-Pack,Socks,Men,14.9,14.9,False,1,14.9,Card
BUG-20260630-0366,3,2026-06-30 19:16:41,Bugis,SOK-M-01,Men's Ankle Socks 3-Pack,Socks,Men,14.9,14.9,False,1,14.9,PayNow
BUG-20260630-0553,2,2026-06-30 18:23:10,  Bugis  ,UND-M-08,Men's Airism V-Neck Undershirt,Underwear,Men,9.9,9.9,False,1,9.9,Card
PUN-20260630-0531,1,2026-06-30 20:50:45,Punggol,TOP-W-02,Women's Ribbed Long Sleeve Turtleneck,Tops,women,19.9,19.9,False,1,19.9,Card
BUG-20260630-0719,1,2026-06-30 20:35:03,Bugis,UND-W-01,Women's Airism Bikini Shorts,underwear,Women,9.9,9.9,False,1,9.9,Card
ORC-20260630-0045,1,2026-06-30 12:33:09,Orchard Central,TOP-W-04,Women's Heattech Crew Neck Long Sleeve Tee,Tops,Women,14.9,14.9,False,1,14.9,Card
ORC-20260630-1085,1,2026-06-30 11:21:23,Orchard Central,SOK-M-02,Men's Pile Crew Socks,Socks,Men,5.9,5.9,False,1,5.9,Cash
PUN-20260630-0542,1,2026-06-30 12:49:09,Punggol,UND-M-02,Men's Cotton Blend Trunks,Underwear,Men,14.9,14.9,False,1,14.9,Card
PUN-20260630-0625,1,2026-06-30 19:41:59,Punggol,TOP-M-01,Men's Airism Cotton Crew Neck T-Shirt,Tops,MEN,14.9,14.9,False,1,14.9,Card
ORC-20260630-0432,1,2026-06-30 14:48:47,ORCHARD CENTRAL,BTM-M-04,  Men's Dry Stretch Shorts  ,Bottoms,Men,19.9,19.9,False,1,19.9,Cash
PUN-20260630-0399,2,2026-06-30 16:50:55,Punggol,SOK-W-02,  Women's Pile Crew Socks  ,Socks,Women,5.9,5.9,False,1,5.9,Card
PUN-20260630-0510,1,2026-06-30 20:18:34,Punggol,TOP-W-01,Women's Airism Cotton Crew Neck T-Shirt,Tops,WOMEN,14.9,14.9,False,1,14.9,Card
PUN-20260630-0201,2,2026-06-30 11:47:18,Punggol,SOK-M-03,Men's Airism Low-Cut Socks,Socks,Men,5.9,5.9,False,1,5.9,NETS
BUG-20260630-0474,1,2026-06-30 21:43:46,Bugis,SOK-M-04,Men's Ribbed Crew Socks,Socks,Men,5.9,5.9,False,1,$5.9,PayNow
ORC-20260630-0732,1,2026-06-30 18:42:59,Orchard Central,UND-M-02,Men's Cotton Blend Trunks,Underwear,Men,14.9,14.9,False,1,14.9,NETS
PUN-20260630-0111,1,2026-06-30 18:44:38,PUNGGOL,UND-M-04,Men's Cotton Crew Neck Undershirt,Underwear,Men,14.9,14.9,False,1,14.9,card
BUG-20260630-0686,1,2026-06-30 22:18:32,Bugis,SOK-W-04,Women's Ribbed Crew Socks,Socks,Women,5.9,5.9,False,1,5.9,Cash
ORC-20260630-0567,2,2026-06-30 21:58:46,Orchard Central,TOP-M-04,Men's Oxford Long Sleeve Shirt,Tops,Men,29.9,29.9,False,1,$29.9,NETS
PUN-20260630-0296,1,2026-06-30 21:25:09,Punggol,SOK-W-05,Women's Sport Ankle Socks,Socks,Women,$4.27,5.9,True,1,4.27,Card
ORC-20260630-0177,2,2026-06-30 20:17:43,Orchard Central,SOK-M-03,Men's Airism Low-Cut Socks,Socks,Men,5.9,5.9,False,1,5.9,Card
PUN-20260630-0053,1,2026-06-30 13:30:07,  Punggol  ,TOP-W-02,Women's Ribbed Long Sleeve Turtleneck,tops,Women,19.9,19.9,False,1,19.9,Card
ORC-20260630-0408,2,2026-06-30 20:12:33,Orchard Central,SOK-W-02,Women's Pile Crew Socks,Socks,Women,5.9,5.9,False,1,5.9,PayNow
BUG-20260630-0972,2,2026-06-30 21:48:50,Bugis,SOK-M-02,Men's Pile Crew Socks,Socks,Men,5.9,5.9,False,1,5.9,PayNow
PUN-20260630-0175,3,2026-06-30 19:57:33,Punggol,SOK-W-02,Women's Pile Crew Socks,Socks,Women,5.9,5.9,False,1,5.9,NETS
PUN-20260630-0037,2,2026-06-30 21:53:58,Punggol,SOK-M-03,Men's Airism Low-Cut Socks,Socks,Men,5.9,5.9,False,1,5.9,Card
BUG-20260630-0094,3,2026-06-30 20:18:25,Bugis,SOK-M-02,  Men's Pile Crew Socks  ,Socks,Men,5.9,5.9,False,1,5.9,cash
ORC-20260630-0747,1,2026-06-30 16:16:21,  Orchard Central  ,SOK-M-03,Men's Airism Low-Cut Socks,Socks,Men,5.9,5.9,False,1,5.9,nets
PUN-20260630-0495,3,2026-06-30 19:35:59,Punggol,UND-W-01,Women's Airism Bikini Shorts,Underwear,Women,9.9,9.9,False,1,9.9,Cash
ORC-20260630-0545,1,2026-06-30 22:29:51,Orchard Central,UND-W-04,Women's Airism T-Shirt Bra,Underwear,Women,29.9,29.9,False,1,29.9,PayNow
BUG-20260630-0157,2,2026-06-30 12:25:42,  Bugis  ,SOK-W-04,Women's Ribbed Crew Socks,Socks,Women,5.9,5.9,False,1,5.9,Cash
PUN-20260630-0327,1,2026-06-30 19:03:07,  Punggol  ,TOP-W-04,Women's Heattech Crew Neck Long Sleeve Tee,Tops,women,14.9,14.9,False,1,14.9,PAYNOW
BUG-20260630-0853,2,2026-06-30 18:02:16,Bugis,UND-M-04,Men's Cotton Crew Neck Undershirt,Underwear,Men,14.9,14.9,False,1,14.9,PayNow
ORC-20260630-1014,1,2026-06-30 18:32:18,Orchard Central,UND-M-03,Men's Airism Mesh Boxer Briefs,underwear,Men,14.9,14.9,False,1,14.9,CARD
ORC-20260630-1052,1,2026-06-30 19:15:15,orchard central,UND-W-08,Women's Airism Camisole,Underwear,Women,14.9,14.9,False,1,14.9,PayNow
PUN-20260630-0077,1,2026-06-30 22:38:37,Punggol,SOK-W-04,Women's Ribbed Crew Socks,Socks,Women,5.9,5.9,False,2,11.8,Cash
ORC-20260630-0069,1,2026-06-30 13:37:51,ORCHARD CENTRAL,SOK-W-04,Women's Ribbed Crew Socks,Socks,Women,5.9,5.9,False,2,11.8,Card
BUG-20260630-0678,3,2026-06-30 11:48:44,Bugis,BTM-W-01,Women's Ultra Stretch Skinny Jeans,Bottoms,Women,39.9,39.9,False,1,39.9,Card
PUN-20260630-0084,1,2026-06-30 19:22:58,Punggol,SOK-W-03,Women's Airism Low-Cut Socks,Socks,Women,5.9,5.9,False,1,5.9,Cash
BUG-20260630-0428,1,2026-06-30 11:32:25,bugis,TOP-M-03,Men's Dry-EX Crew Neck T-Shirt,Tops,Men,19.9,19.9,False,1,19.9,PayNow
ORC-20260630-0801,2,2026-06-30 19:36:31,Orchard Central,UND-W-03,Women's Cotton Blend Briefs,Underwear,Women,9.9,9.9,False,1,9.9,Card
ORC-20260630-0107,1,2026-06-30 12:52:42,Orchard Central,SOK-W-02,Women's Pile Crew Socks,Socks,WOMEN,5.9,5.9,False,1,5.9,Card
ORC-20260630-0187,2,2026-06-30 21:06:24,Orchard Central,SOK-W-02,Women's Pile Crew Socks,Socks,Women,5.9,5.9,False,1,5.9,CARD
ORC-20260630-0830,2,2026-06-30 19:49:21,Orchard Central,SOK-M-04,Men's Ribbed Crew Socks,Socks,Men,5.9,5.9,False,1,5.9,Cash
BUG-20260630-0106,1,2026-06-30 20:14:36,Bugis,UND-W-03,Women's Cotton Blend Briefs,Underwear,Women,9.9,9.9,False,1,9.9,Cash
BUG-20260630-0025,1,2026-06-30 15:39:03,Bugis,BTM-M-02,Men's Slim Fit Chino Trousers,Bottoms,Men,29.9,29.9,False,1,29.9,NETS
ORC-20260630-0512,3,2026-06-30 12:17:18,Orchard Central,SOK-W-04,Women's Ribbed Crew Socks,Socks,Women,5.9,5.9,False,1,5.9,NETS
BUG-20260630-0184,3,2026-06-30 20:28:47,  BUGIS  ,TOP-M-01,Men's Airism Cotton Crew Neck T-Shirt,Tops,Men,14.9,14.9,False,1,14.9,Cash
BUG-20260630-0380,1,2026-06-30 17:26:45,Bugis,SOK-W-04,  Women's Ribbed Crew Socks  ,Socks,Women,$5.9,5.9,False,1,5.9,card
ORC-20260630-0786,3,2026-06-30 21:18:14,Orchard Central,BTM-M-03,  Men's Selvedge Regular Fit Jeans  ,Bottoms,Men,59.9,59.9,False,1,59.9,CASH
PUN-20260630-0441,1,2026-06-30 19:56:41,Punggol,SOK-W-04,Women's Ribbed Crew Socks,Socks,Women,5.9,5.9,False,2,11.8,PayNow
PUN-20260630-0561,3,2026-06-30 21:01:12,Punggol,TOP-W-01,Women's Airism Cotton Crew Neck T-Shirt,Tops,Women,14.9,14.9,False,1,14.9,NETS
ORC-20260630-0234,1,2026-06-30 17:03:28,Orchard Central,UND-W-04,Women's Airism T-Shirt Bra,Underwear,Women,29.9,29.9,False,1,29.9,PayNow
ORC-20260630-0498,1,2026-06-30 16:56:06,Orchard Central,TOP-W-01,Women's Airism Cotton Crew Neck T-Shirt,Tops,Women,14.9,14.9,False,1,14.9,card
ORC-20260630-0823,1,2026-06-30 19:15:40,Orchard Central,TOP-M-01,Men's Airism Cotton Crew Neck T-Shirt,Tops,Men,14.9,14.9,False,1,14.9,Paynow
ORC-20260630-1023,1,2026-06-30 17:11:41,Orchard Central,UND-M-03,Men's Airism Mesh Boxer Briefs,Underwear,Men,14.9,14.9,False,1,14.9,PayNow
ORC-20260630-0797,2,2026-06-30 17:45:46,Orchard Central,SOK-M-03,Men's Airism Low-Cut Socks,Socks,Men,5.9,5.9,False,1,5.9,Cash
PUN-20260630-0135,2,2026-06-30 18:13:18,Punggol,UND-W-05,Women's Seamless Shorts,Underwear,Women,9.9,9.9,False,1,9.9,card
ORC-20260630-0903,1,2026-06-30 15:17:00,Orchard Central,SOK-M-05,Men's Sport Ankle Socks,Socks,Men,4.36,5.9,True,2,8.72,Card
BUG-20260630-0377,2,2026-06-30 15:11:19,Bugis,TOP-M-03,Men's Dry-EX Crew Neck T-Shirt,Tops,Men,19.9,19.9,False,1,19.9,Card
BUG-20260630-0728,3,2026-06-30 20:34:21,Bugis,UND-M-07,Men's Stretch Cotton Boxers,Underwear,Men,14.9,14.9,False,1,14.9,card
ORC-20260630-0532,1,2026-06-30 20:04:16,Orchard Central,SOK-W-02,Women's Pile Crew Socks,Socks,Women,5.9,5.9,False,1,5.9,Card
PUN-20260630-0070,2,2026-06-30 17:42:49,Punggol,SOK-W-02,  Women's Pile Crew Socks  ,Socks,Women,5.9,5.9,False,1,5.9,Cash
ORC-20260630-0478,1,2026-06-30 18:41:08,Orchard Central,BTM-M-01,Men's Ezy Ankle Pants,Bottoms,Men,29.9,29.9,False,1,29.9,Card
BUG-20260630-0844,1,2026-06-30 20:35:55,  Bugis  ,SOK-W-02,Women's Pile Crew Socks,Socks,Women,5.9,5.9,False,1,5.9,Card
ORC-20260630-0147,2,2026-06-30 20:16:54,  Orchard Central  ,SOK-M-05,Men's Sport Ankle Socks,Socks,Men,4.36,5.9,True,1,4.36,CARD
ORC-20260630-0694,2,2026-06-30 20:41:00,Orchard Central,TOP-W-04,Women's Heattech Crew Neck Long Sleeve Tee,Tops,Women,14.9,14.9,False,1,14.9,NETS
BUG-20260630-0168,1,2026-06-30 20:10:32,Bugis,SOK-M-01,Men's Ankle Socks 3-Pack,Socks,Men,14.9,14.9,False,1,14.9,CARD
ORC-20260630-0195,1,2026-06-30 17:15:53,Orchard Central,UND-W-03,Women's Cotton Blend Briefs,Underwear,Women,9.9,9.9,False,2,19.8,Cash
BUG-20260630-0710,1,2026-06-30 22:23:28,Bugis,UND-W-01,Women's Airism Bikini Shorts,UNDERWEAR,Women,9.9,9.9,False,1,9.9,NETS
ORC-20260630-0512,2,2026-06-30 12:17:18,Orchard Central,TOP-W-04,Women's Heattech Crew Neck Long Sleeve Tee,Tops,women,14.9,14.9,False,1,14.9,NETS
ORC-20260630-0674,2,2026-06-30 17:35:52,  Orchard Central  ,BTM-W-02,Women's High-Rise Wide Leg Pants,Bottoms,Women,39.9,39.9,False,1,39.9,CASH
PUN-20260630-0419,1,2026-06-30 15:51:45,PUNGGOL,BTM-W-01,Women's Ultra Stretch Skinny Jeans,Bottoms,Women,39.9,39.9,False,1,39.9,Card
ORC-20260630-0040,2,2026-06-30 16:11:39,Orchard Central,SOK-M-02,Men's Pile Crew Socks,Socks,Men,5.9,5.9,False,1,5.9,Card
ORC-20260630-0392,2,2026-06-30 21:57:48,Orchard Central,BTM-W-03,Women's Ezy Ankle Pants,Bottoms,Women,29.9,29.9,False,1,29.9,Card
ORC-20260630-0806,2,2026-06-30 20:13:52,Orchard Central,SOK-M-03,,Socks,men,5.9,5.9,False,1,5.9,PayNow
ORC-20260630-0184,1,2026-06-30 21:42:55,Orchard Central,SOK-W-02,  Women's Pile Crew Socks  ,Socks,Women,5.9,5.9,False,1,5.9,NETS
PUN-20260630-0592,1,2026-06-30 17:49:49,Punggol,SOK-M-03,Men's Airism Low-Cut Socks,Socks,Men,5.9,5.9,False,1,5.9,Card
ORC-20260630-0568,2,2026-06-30 19:30:46,  Orchard Central  ,UND-M-03,Men's Airism Mesh Boxer Briefs,Underwear,Men,14.9,14.9,False,1,14.9,Card
BUG-20260630-0883,2,2026-06-30 19:02:48,Bugis,SOK-W-04,Women's Ribbed Crew Socks,SOCKS,Women,5.9,5.9,False,1,5.9,Card
BUG-20260630-0076,3,2026-06-30 22:47:29,Bugis,SOK-M-07,Men's Striped Crew Socks,Socks,Men,5.9,5.9,False,1,$5.9,Card
ORC-20260630-0484,2,2026-06-30 21:36:02,Orchard Central,UND-M-03,Men's Airism Mesh Boxer Briefs,Underwear,Men,14.9,14.9,False,1,14.9,NETS
ORC-20260630-0462,2,2026-06-30 19:29:56,Orchard Central,UND-W-03,Women's Cotton Blend Briefs,Underwear,Women,9.9,9.9,False,1,9.9,Cash
PUN-20260630-0034,2,2026-06-30 20:58:26,Punggol,BTM-M-04,Men's Dry Stretch Shorts,Bottoms,Men,19.9,19.9,False,1,19.9,NETS
ORC-20260630-0257,2,2026-06-30 19:22:27,Orchard Central,SOK-M-04,Men's Ribbed Crew Socks,Socks,Men,5.9,5.9,False,1,5.9,NETS
BUG-20260630-0201,3,2026-06-30 21:40:05,Bugis,TOP-M-04,Men's Oxford Long Sleeve Shirt,TOPS,Men,29.9,29.9,False,1,29.9,PayNow
ORC-20260630-0222,1,2026-06-30 17:10:36,Orchard Central,TOP-M-01,Men's Airism Cotton Crew Neck T-Shirt,Tops,Men,14.9,14.9,False,1,14.9,Card
BUG-20260630-0097,3,2026-06-30 18:50:37,Bugis,SOK-M-03,Men's Airism Low-Cut Socks,Socks,MEN,5.9,5.9,False,1,5.9,Cash
BUG-20260630-0035,2,2026-06-30 22:03:25,Bugis,UND-W-01,Women's Airism Bikini Shorts,Underwear,Women,9.9,9.9,False,1,9.9,Cash
ORC-20260630-0292,1,2026-06-30 11:35:27,  Orchard Central  ,TOP-W-04,Women's Heattech Crew Neck Long Sleeve Tee,Tops,Women,14.9,14.9,False,1,14.9,PayNow
BUG-20260630-0691,2,2026-06-30 17:28:39,Bugis,UND-M-04,Men's Cotton Crew Neck Undershirt,Underwear,MEN,14.9,14.9,False,2,29.8,NETS
PUN-20260630-0274,2,2026-06-30 15:03:13,Punggol,SOK-M-03,Men's Airism Low-Cut Socks,socks,Men,5.9,5.9,False,1,5.9,card
ORC-20260630-0126,2,2026-06-30 19:03:01,Orchard Central,UND-M-01,Men's Airism Boxer Briefs,Underwear,men,14.9,14.9,False,1,14.9,Cash
BUG-20260630-0238,2,2026-06-30 17:31:07,Bugis,SOK-M-09,Men's No-Show Sneaker Socks,Socks,Men,4.17,5.9,True,1,4.17,Cash
PUN-20260630-0068,2,2026-06-30 15:40:00,Punggol,BTM-W-04,Women's Denim Straight Jeans,Bottoms,Women,49.9,49.9,False,1,49.9,Cash
ORC-20260630-0082,2,2026-06-30 19:54:57,Orchard Central,SOK-W-02,  Women's Pile Crew Socks  ,Socks,Women,5.9,5.9,False,1,5.9,paynow
BUG-20260630-0199,3,2026-06-30 19:05:03,Bugis,SOK-M-10,  Men's Wool Blend Socks  ,Socks,Men,9.9,9.9,False,2,19.8,
ORC-20260630-0062,2,2026-06-30 17:03:54,Orchard Central,UND-W-04,Women's Airism T-Shirt Bra,Underwear,Women,29.9,29.9,False,2,59.8,Card
ORC-20260630-1079,3,2026-06-30 21:19:13,Orchard Central,BTM-W-04,Women's Denim Straight Jeans,Bottoms,Women,49.9,49.9,False,1,49.9,Card
BUG-20260630-0820,1,2026-06-30 15:32:37,Bugis,UND-M-02,Men's Cotton Blend Trunks,Underwear,Men,14.9,14.9,False,1,14.9,PayNow
ORC-20260630-0039,3,2026-06-30 15:25:22,orchard central,SOK-M-02,Men's Pile Crew Socks,Socks,Men,5.9,5.9,False,1,5.9,Card
BUG-20260630-0149,1,2026-06-30 17:25:06,Bugis,TOP-W-01,Women's Airism Cotton Crew Neck T-Shirt,Tops,Women,14.9,14.9,False,1,14.9,PayNow
ORC-20260630-1001,2,2026-06-30 20:40:58,Orchard Central,UND-W-01,Women's Airism Bikini Shorts,UNDERWEAR,Women,9.9,9.9,False,1,9.9,PayNow
ORC-20260630-0503,1,2026-06-30 17:39:22,Orchard Central,UND-M-02,Men's Cotton Blend Trunks,Underwear,Men,14.9,14.9,False,1,14.9,Card
ORC-20260630-0209,2,2026-06-30 21:12:01,Orchard Central,UND-W-03,Women's Cotton Blend Briefs,Underwear,Women,9.9,9.9,False,1,9.9,Cash
ORC-20260630-0311,1,2026-06-30 19:03:43,Orchard Central,SOK-W-04,Women's Ribbed Crew Socks,Socks,Women,5.9,5.9,False,1,5.9,Card
PUN-20260630-0378,1,2026-06-30 15:44:38,Punggol,TOP-M-01,Men's Airism Cotton Crew Neck T-Shirt,Tops,Men,14.9,14.9,False,1,14.9,PayNow
ORC-20260630-1069,1,2026-06-30 20:33:32,Orchard Central,SOK-W-02,Women's Pile Crew Socks,Socks,Women,5.9,5.9,False,1,5.9,Card
ORC-20260630-0650,1,2026-06-30 18:34:40,Orchard Central,SOK-M-03,Men's Airism Low-Cut Socks,Socks,Men,5.9,5.9,False,1,5.9,Cash
PUN-20260630-0107,3,2026-06-30 18:41:39,Punggol,UND-M-02,Men's Cotton Blend Trunks,Underwear,Men,14.9,14.9,False,1,14.9,Cash
ORC-20260630-0617,2,2026-06-30 20:26:41,Orchard Central,TOP-M-03,Men's Dry-EX Crew Neck T-Shirt,Tops,Men,19.9,19.9,False,1,19.9,Cash
BUG-20260630-0810,1,2026-06-30 19:47:07,  bugis  ,SOK-M-02,  Men's Pile Crew Socks  ,SOCKS,Men,5.9,5.9,False,1,5.9,Card
BUG-20260630-0837,1,2026-06-30 20:17:39,Bugis,BTM-W-02,Women's High-Rise Wide Leg Pants,Bottoms,Women,39.9,39.9,False,1,39.9,
ORC-20260630-0862,1,2026-06-30 15:26:30,Orchard Central,SOK-M-03,Men's Airism Low-Cut Socks,Socks,MEN,5.9,5.9,False,1,5.9,PayNow
BUG-20260630-0481,1,2026-06-30 18:40:59,Bugis,SOK-M-02,Men's Pile Crew Socks,Socks,Men,5.9,5.9,False,1,5.9,PayNow
ORC-20260630-0121,1,2026-06-30 18:22:08,Orchard Central,UND-M-04,Men's Cotton Crew Neck Undershirt,Underwear,Men,14.9,14.9,False,1,14.9,card
BUG-20260630-0145,2,2026-06-30 20:18:15,Bugis,SOK-W-04,Women's Ribbed Crew Socks,Socks,Women,5.9,5.9,False,1,5.9,NETS
BUG-20260630-0011,2,2026-06-30 18:17:31,Bugis,SOK-M-01,  Men's Ankle Socks 3-Pack  ,Socks,Men,14.9,14.9,False,2,29.8,PayNow
ORC-20260630-0599,1,2026-06-30 15:32:16,Orchard Central,UND-M-01,  Men's Airism Boxer Briefs  ,Underwear,Men,14.9,14.9,False,1,14.9,Card
BUG-20260630-0597,3,2026-06-30 19:43:27,Bugis,UND-W-04,Women's Airism T-Shirt Bra,Underwear,Women,29.9,29.9,False,1,29.9,Card
PUN-20260630-0550,1,2026-06-30 20:08:39,Punggol,TOP-W-01,Women's Airism Cotton Crew Neck T-Shirt,Tops,Women,14.9,14.9,False,1,14.9,CASH
ORC-20260630-0502,2,2026-06-30 20:41:27,Orchard Central,SOK-M-03,Men's Airism Low-Cut Socks,Socks,MEN,5.9,5.9,False,1,5.9,Card
PUN-20260630-0604,1,2026-06-30 18:37:28,PUNGGOL,UND-W-09,Women's Cotton Boyshorts,Underwear,Women,9.9,9.9,False,1,9.9,Cash
PUN-20260630-0174,1,2026-06-30 20:51:36,Punggol,SOK-W-03,Women's Airism Low-Cut Socks,Socks,women,5.9,5.9,False,1,5.9,Card
ORC-20260630-0856,1,2026-06-30 20:16:47,Orchard Central,UND-M-01,  Men's Airism Boxer Briefs  ,Underwear,Men,14.9,14.9,False,1,14.9,Card
BUG-20260630-0591,2,2026-06-30 19:32:04,Bugis,TOP-M-01,Men's Airism Cotton Crew Neck T-Shirt,Tops,Men,14.9,14.9,False,1,14.9,Card
ORC-20260630-0872,1,2026-06-30 12:59:47,Orchard Central,UND-W-01,Women's Airism Bikini Shorts,Underwear,WOMEN,9.9,9.9,False,1,9.9,PayNow
BUG-20260630-0794,1,2026-06-30 18:32:02,  Bugis  ,BTM-M-04,Men's Dry Stretch Shorts,Bottoms,Men,19.9,19.9,False,1,19.9,PayNow
ORC-20260630-0019,3,2026-06-30 19:00:21,Orchard Central,TOP-M-01,Men's Airism Cotton Crew Neck T-Shirt,Tops,Men,14.9,14.9,False,1,14.9,Card
BUG-20260630-0218,3,2026-06-30 14:01:45,Bugis,UND-M-07,Men's Stretch Cotton Boxers,Underwear,Men,14.9,14.9,False,1,14.9,Cash
BUG-20260630-0699,2,2026-06-30 18:53:15,Bugis,BTM-W-04,Women's Denim Straight Jeans,Bottoms,Women,49.9,49.9,False,1,49.9,
BUG-20260630-0259,1,2026-06-30 19:30:48,Bugis,UND-M-04,Men's Cotton Crew Neck Undershirt,Underwear,Men,14.9,14.9,False,1,14.9,nets
ORC-20260630-0954,1,2026-06-30 19:12:14,Orchard Central,SOK-M-05,Men's Sport Ankle Socks,Socks,Men,4.36,5.9,True,1,4.36,Card
BUG-20260630-0215,1,2026-06-30 21:51:09,  Bugis  ,SOK-W-09,Women's No-Show Sneaker Socks,Socks,Women,5.9,5.9,False,1,$5.9,CARD
ORC-20260630-0246,3,2026-06-30 20:17:18,Orchard Central,TOP-M-04,Men's Oxford Long Sleeve Shirt,Tops,Men,29.9,29.9,False,1,$29.9,Card
ORC-20260630-0188,2,2026-06-30 16:57:27,ORCHARD CENTRAL,TOP-W-01,Women's Airism Cotton Crew Neck T-Shirt,Tops,Women,14.9,14.9,False,1,14.9,NETS
ORC-20260630-0515,2,2026-06-30 20:08:47,Orchard Central,SOK-M-03,Men's Airism Low-Cut Socks,Socks,Men,5.9,5.9,False,1,5.9,Card
BUG-20260630-0579,1,2026-06-30 11:35:38,Bugis,SOK-M-04,Men's Ribbed Crew Socks,socks,Men,5.9,5.9,False,1,5.9,Card
BUG-20260630-0712,2,2026-06-30 19:03:48,Bugis,UND-W-04,Women's Airism T-Shirt Bra,Underwear,Women,29.9,29.9,False,1,29.9,Card
BUG-20260630-0309,3,2026-06-30 20:31:10,Bugis,SOK-W-03,Women's Airism Low-Cut Socks,Socks,Women,5.9,5.9,False,1,5.9,Cash
ORC-20260630-0946,1,2026-06-30 20:35:22,  Orchard Central  ,UND-M-04,Men's Cotton Crew Neck Undershirt,underwear,Men,14.9,14.9,False,1,14.9,NETS
PUN-20260630-0321,1,2026-06-30 17:35:59,PUNGGOL,UND-W-01,Women's Airism Bikini Shorts,Underwear,WOMEN,9.9,9.9,False,1,9.9,PayNow
PUN-20260630-0153,1,2026-06-30 16:03:42,Punggol,SOK-W-04,Women's Ribbed Crew Socks,Socks,Women,5.9,5.9,False,1,5.9,NETS
ORC-20260630-0109,2,2026-06-30 19:37:41,Orchard Central,UND-M-01,Men's Airism Boxer Briefs,UNDERWEAR,Men,14.9,14.9,False,2,29.8,Card
PUN-20260630-0566,3,2026-06-30 18:08:03,Punggol,BTM-W-02,Women's High-Rise Wide Leg Pants,Bottoms,Women,39.9,39.9,False,1,39.9,Card
ORC-20260630-1034,1,2026-06-30 13:07:54,Orchard Central,SOK-W-04,  Women's Ribbed Crew Socks  ,Socks,Women,5.9,5.9,False,1,5.9,Cash
ORC-20260630-0025,1,2026-06-30 19:54:06,Orchard Central,TOP-M-04,Men's Oxford Long Sleeve Shirt,Tops,Men,29.9,29.9,False,1,29.9,PayNow
ORC-20260630-0488,1,2026-06-30 20:19:15,Orchard Central,SOK-M-01,Men's Ankle Socks 3-Pack,Socks,Men,14.9,14.9,False,1,14.9,Card
ORC-20260630-0970,2,2026-06-30 12:42:51,  Orchard Central  ,SOK-M-03,Men's Airism Low-Cut Socks,Socks,Men,5.9,5.9,False,1,5.9,Card
BUG-20260630-0460,1,2026-06-30 20:13:03,Bugis,UND-W-03,Women's Cotton Blend Briefs,Underwear,Women,9.9,9.9,False,1,9.9,Card
BUG-20260630-0669,1,2026-06-30 19:45:03,Bugis,TOP-W-02,Women's Ribbed Long Sleeve Turtleneck,Tops,Women,19.9,19.9,False,1,19.9,Cash
BUG-20260630-0463,1,2026-06-30 20:09:48,Bugis,UND-M-02,Men's Cotton Blend Trunks,underwear,Men,14.9,14.9,False,1,14.9,PayNow
BUG-20260630-0113,3,2026-06-30 15:37:45,Bugis,UND-M-08,Men's Airism V-Neck Undershirt,Underwear,Men,9.9,9.9,False,2,19.8,NETS
BUG-20260630-0389,2,2026-06-30 20:29:34,Bugis,UND-M-04,Men's Cotton Crew Neck Undershirt,Underwear,Men,14.9,14.9,False,1,14.9,Card
ORC-20260630-0200,1,2026-06-30 19:15:17,Orchard Central,UND-M-02,Men's Cotton Blend Trunks,Underwear,Men,14.9,14.9,False,2,29.8,CARD
ORC-20260630-0641,3,2026-06-30 19:40:40,Orchard Central,UND-W-01,Women's Airism Bikini Shorts,Underwear,Women,9.9,9.9,False,1,9.9,Card
ORC-20260630-0369,2,2026-06-30 13:23:28,orchard central,BTM-M-01,Men's Ezy Ankle Pants,Bottoms,Men,29.9,29.9,False,1,29.9,Card
PUN-20260630-0054,1,2026-06-30 15:12:16,Punggol,SOK-M-02,Men's Pile Crew Socks,Socks,Men,5.9,5.9,False,1,5.9,Card
PUN-20260630-0173,2,2026-06-30 22:04:54,Punggol,SOK-W-02,Women's Pile Crew Socks,Socks,WOMEN,5.9,5.9,False,1,5.9,Card
ORC-20260630-0899,2,2026-06-30 19:40:47,Orchard Central,BTM-W-02,Women's High-Rise Wide Leg Pants,Bottoms,Women,39.9,39.9,False,1,39.9,Cash
PUN-20260630-0595,1,2026-06-30 14:09:28,  Punggol  ,UND-M-04,Men's Cotton Crew Neck Undershirt,Underwear,Men,14.9,14.9,False,2,29.8,NETS
BUG-20260630-0063,1,2026-06-30 16:15:54,Bugis,SOK-M-10,Men's Wool Blend Socks,Socks,Men,9.9,9.9,False,1,9.9,Card
BUG-20260630-0448,2,2026-06-30 15:01:24,Bugis,UND-W-03,Women's Cotton Blend Briefs,Underwear,Women,9.9,9.9,False,1,9.9,Card
ORC-20260630-0768,1,2026-06-30 20:21:14,Orchard Central,SOK-W-02,Women's Pile Crew Socks,Socks,Women,5.9,5.9,False,2,11.8,PayNow
BUG-20260630-0864,1,2026-06-30 21:09:03,  Bugis  ,BTM-W-07,Women's Linen Blend Wide Pants,Bottoms,Women,39.9,39.9,False,1,39.9,Card
BUG-20260630-0623,1,2026-06-30 21:37:52,Bugis,UND-W-02,Women's Wireless Bra,Underwear,Women,29.9,29.9,False,1,29.9,Card
ORC-20260630-0830,3,2026-06-30 19:49:21,Orchard Central,SOK-M-04,Men's Ribbed Crew Socks,Socks,Men,5.9,5.9,False,2,11.8,Cash
ORC-20260630-0126,3,2026-06-30 19:03:01,Orchard Central,UND-M-02,Men's Cotton Blend Trunks,Underwear,Men,14.9,14.9,False,2,29.8,Cash
ORC-20260630-0241,1,2026-06-30 14:03:37,Orchard Central,TOP-W-02,Women's Ribbed Long Sleeve Turtleneck,Tops,Women,19.9,19.9,False,1,19.9,Card
BUG-20260630-0783,1,2026-06-30 20:52:18,Bugis,SOK-M-09,Men's No-Show Sneaker Socks,socks,Men,4.17,5.9,True,1,4.17,Card
BUG-20260630-0863,1,2026-06-30 22:07:18,  Bugis  ,UND-M-03,Men's Airism Mesh Boxer Briefs,Underwear,Men,14.9,14.9,False,1,14.9,Card
BUG-20260630-0526,2,2026-06-30 18:20:34,Bugis,TOP-W-04,Women's Heattech Crew Neck Long Sleeve Tee,Tops,women,14.9,14.9,False,1,14.9,Card
PUN-20260630-0020,3,2026-06-30 17:00:58,Punggol,UND-W-02,Women's Wireless Bra,Underwear,Women,29.9,29.9,False,1,29.9,Card
BUG-20260630-0450,1,2026-06-30 22:06:30,Bugis,TOP-M-02,Men's Supima Cotton Polo Shirt,Tops,Men,29.9,29.9,False,1,29.9,Card
ORC-20260630-1081,1,2026-06-30 18:03:09,Orchard Central,UND-W-03,Women's Cotton Blend Briefs,Underwear,Women,9.9,9.9,False,1,9.9,Card
ORC-20260630-0823,2,2026-06-30 19:15:40,Orchard Central,UND-M-02,Men's Cotton Blend Trunks,Underwear,Men,14.9,14.9,False,1,14.9,PayNow
BUG-20260630-0973,2,2026-06-30 20:39:01,Bugis,SOK-M-01,  Men's Ankle Socks 3-Pack  ,socks,men,14.9,14.9,False,1,14.9,Card
PUN-20260630-0509,2,2026-06-30 22:48:49,Punggol,BTM-M-04,Men's Dry Stretch Shorts,BOTTOMS,Men,19.9,19.9,False,1,19.9,Card
PUN-20260630-0245,1,2026-06-30 19:47:06,Punggol,TOP-M-01,Men's Airism Cotton Crew Neck T-Shirt,Tops,Men,14.9,14.9,False,1,14.9,
ORC-20260630-0458,1,2026-06-30 15:56:26,Orchard Central,BTM-M-04,Men's Dry Stretch Shorts,Bottoms,Men,19.9,19.9,False,1,$19.9,
ORC-20260630-1073,1,2026-06-30 14:46:03,Orchard Central,SOK-W-04,Women's Ribbed Crew Socks,Socks,Women,5.9,5.9,False,1,5.9,Cash
BUG-20260630-0373,3,2026-06-30 16:23:38,  Bugis  ,SOK-M-03,Men's Airism Low-Cut Socks,Socks,Men,5.9,5.9,False,1,5.9,PayNow
PUN-20260630-0387,1,2026-06-30 15:32:01,  Punggol  ,UND-W-01,Women's Airism Bikini Shorts,Underwear,Women,9.9,9.9,False,2,19.8,NETS
BUG-20260630-0379,1,2026-06-30 17:21:33,Bugis,BTM-W-03,Women's Ezy Ankle Pants,Bottoms,Women,29.9,29.9,False,1,29.9,Card
ORC-20260630-0030,1,2026-06-30 20:48:36,Orchard Central,SOK-M-04,Men's Ribbed Crew Socks,Socks,Men,5.9,5.9,False,1,5.9,PayNow
PUN-20260630-0264,1,2026-06-30 18:39:29,Punggol,UND-M-03,Men's Airism Mesh Boxer Briefs,Underwear,Men,14.9,14.9,False,1,14.9,CARD
ORC-20260630-0393,3,2026-06-30 16:04:07,  Orchard Central  ,SOK-M-04,Men's Ribbed Crew Socks,Socks,Men,5.9,5.9,False,1,5.9,PayNow
BUG-20260630-0189,3,2026-06-30 14:07:07,Bugis,TOP-W-01,Women's Airism Cotton Crew Neck T-Shirt,Tops,Women,14.9,14.9,False,1,14.9,Card
ORC-20260630-0319,2,2026-06-30 19:33:26,Orchard Central,UND-W-03,Women's Cotton Blend Briefs,Underwear,Women,9.9,9.9,False,1,9.9,Card
BUG-20260630-0707,2,2026-06-30 18:34:49,Bugis,UND-W-01,Women's Airism Bikini Shorts,Underwear,Women,9.9,9.9,False,1,9.9,PayNow
BUG-20260630-0253,1,2026-06-30 19:06:25,Bugis,BTM-M-01,Men's Ezy Ankle Pants,Bottoms,men,29.9,29.9,False,1,29.9,Card
ORC-20260630-0185,1,2026-06-30 14:48:38,Orchard Central,BTM-W-03,Women's Ezy Ankle Pants,BOTTOMS,women,29.9,29.9,False,1,29.9,
ORC-20260630-1008,2,2026-06-30 17:53:23,Orchard Central,UND-M-03,Men's Airism Mesh Boxer Briefs,UNDERWEAR,Men,14.9,14.9,False,1,14.9,Card
ORC-20260630-1046,1,2026-06-30 19:56:34,Orchard Central,TOP-M-03,Men's Dry-EX Crew Neck T-Shirt,Tops,MEN,19.9,19.9,False,1,19.9,PayNow
ORC-20260630-0836,3,2026-06-30 17:06:26,  Orchard Central  ,SOK-M-02,Men's Pile Crew Socks,Socks,Men,5.9,5.9,False,1,5.9,Cash
BUG-20260630-0729,2,2026-06-30 20:41:45,Bugis,SOK-M-09,Men's No-Show Sneaker Socks,socks,Men,4.17,5.9,True,1,4.17,PayNow
PUN-20260630-0491,1,2026-06-30 21:49:10,Punggol,SOK-W-05,Women's Sport Ankle Socks,Socks,Women,4.27,5.9,True,1,4.27,PayNow
PUN-20260630-0448,1,2026-06-30 12:38:18,Punggol,SOK-M-03,Men's Airism Low-Cut Socks,socks,Men,5.9,5.9,False,2,11.8,PayNow
BUG-20260630-0039,1,2026-06-30 21:57:20,Bugis,SOK-M-09,  Men's No-Show Sneaker Socks  ,Socks,Men,4.17,5.9,True,1,4.17,Card
PUN-20260630-0313,1,2026-06-30 18:40:16,Punggol,UND-M-04,Men's Cotton Crew Neck Undershirt,Underwear,Men,14.9,14.9,False,1,14.9,Card
ORC-20260630-0399,2,2026-06-30 16:36:06,Orchard Central,SOK-M-01,Men's Ankle Socks 3-Pack,Socks,Men,14.9,14.9,False,1,14.9,Card
PUN-20260630-0233,2,2026-06-30 15:13:12,punggol,SOK-M-02,Men's Pile Crew Socks,Socks,Men,5.9,5.9,False,1,5.9,PayNow
BUG-20260630-0776,1,2026-06-30 12:01:02,Bugis,SOK-M-03,Men's Airism Low-Cut Socks,Socks,Men,5.9,5.9,False,1,5.9,PayNow
ORC-20260630-0551,1,2026-06-30 11:58:17,ORCHARD CENTRAL,SOK-W-02,Women's Pile Crew Socks,Socks,Women,5.9,5.9,False,1,5.9,Cash
BUG-20260630-0222,1,2026-06-30 16:12:30,Bugis,UND-W-03,Women's Cotton Blend Briefs,UNDERWEAR,Women,9.9,9.9,False,1,9.9,PayNow
ORC-20260630-0315,1,2026-06-30 15:02:50,Orchard Central,SOK-W-04,Women's Ribbed Crew Socks,Socks,Women,5.9,5.9,False,1,5.9,PayNow
ORC-20260630-0813,2,2026-06-30 20:36:04,Orchard Central,SOK-W-02,Women's Pile Crew Socks,Socks,Women,5.9,5.9,False,1,$5.9,PayNow
ORC-20260630-0444,3,2026-06-30 16:05:57,Orchard Central,SOK-M-04,Men's Ribbed Crew Socks,Socks,Men,5.9,5.9,False,1,5.9,Card
PUN-20260630-0428,2,2026-06-30 20:07:33,Punggol,TOP-M-04,Men's Oxford Long Sleeve Shirt,Tops,Men,29.9,29.9,False,1,29.9,
ORC-20260630-0687,1,2026-06-30 20:17:20,Orchard Central,TOP-W-01,Women's Airism Cotton Crew Neck T-Shirt,Tops,Women,14.9,14.9,False,1,14.9,Card
PUN-20260630-0218,1,2026-06-30 20:42:35,Punggol,TOP-M-01,Men's Airism Cotton Crew Neck T-Shirt,Tops,Men,14.9,14.9,False,1,14.9,NETS
PUN-20260630-0237,1,2026-06-30 22:14:22,Punggol,SOK-W-04,Women's Ribbed Crew Socks,Socks,Women,5.9,5.9,False,1,5.9,Card
ORC-20260630-0337,1,2026-06-30 20:09:48,ORCHARD CENTRAL,BTM-W-04,Women's Denim Straight Jeans,Bottoms,Women,49.9,49.9,False,1,49.9,Nets
BUG-20260630-0746,1,2026-06-30 21:19:25,Bugis,UND-M-03,Men's Airism Mesh Boxer Briefs,underwear,Men,14.9,14.9,False,1,14.9,Card
ORC-20260630-0722,2,2026-06-30 11:10:16,Orchard Central,SOK-M-04,Men's Ribbed Crew Socks,Socks,Men,5.9,5.9,False,1,$5.9,card
ORC-20260630-0714,3,2026-06-30 17:51:53,Orchard Central,UND-M-04,Men's Cotton Crew Neck Undershirt,Underwear,Men,14.9,14.9,False,1,14.9,Card
ORC-20260630-0122,1,2026-06-30 21:56:04,Orchard Central,TOP-W-04,Women's Heattech Crew Neck Long Sleeve Tee,Tops,Women,14.9,14.9,False,1,14.9,PayNow
BUG-20260630-0749,1,2026-06-30 21:36:38,Bugis,SOK-W-04,Women's Ribbed Crew Socks,Socks,Women,5.9,5.9,False,1,5.9,NETS
PUN-20260630-0120,2,2026-06-30 22:55:39,Punggol,UND-M-03,Men's Airism Mesh Boxer Briefs,Underwear,Men,14.9,14.9,False,1,14.9,Card
ORC-20260630-0014,2,2026-06-30 19:22:55,Orchard Central,TOP-W-06,Women's Linen Blend Short Sleeve Shirt,Tops,Women,19.72,29.9,True,1,19.72,NETS
PUN-20260630-0216,1,2026-06-30 21:23:07,Punggol,TOP-W-04,Women's Heattech Crew Neck Long Sleeve Tee,Tops,Women,14.9,14.9,False,1,14.9,CARD
PUN-20260630-0058,1,2026-06-30 15:53:29,PUNGGOL,SOK-W-03,Women's Airism Low-Cut Socks,Socks,Women,5.9,5.9,False,1,5.9,Card
BUG-20260630-0507,2,2026-06-30 15:42:22,bugis,SOK-M-04,Men's Ribbed Crew Socks,Socks,Men,$5.9,5.9,False,1,5.9,Card
PUN-20260630-0347,2,2026-06-30 14:55:16,Punggol,SOK-M-01,Men's Ankle Socks 3-Pack,Socks,Men,14.9,14.9,False,1,14.9,Cash
BUG-20260630-0833,3,2026-06-30 18:23:16,Bugis,SOK-M-09,Men's No-Show Sneaker Socks,Socks,Men,4.17,5.9,True,1,4.17,NETS
PUN-20260630-0016,2,2026-06-30 13:34:53,Punggol,SOK-W-03,Women's Airism Low-Cut Socks,Socks,Women,5.9,5.9,False,2,11.8,PAYNOW
ORC-20260630-0524,1,2026-06-30 14:31:08,Orchard Central,TOP-M-01,Men's Airism Cotton Crew Neck T-Shirt,Tops,Men,14.9,14.9,False,1,14.9,Card
PUN-20260630-0350,1,2026-06-30 21:29:51,Punggol,SOK-M-01,Men's Ankle Socks 3-Pack,Socks,MEN,14.9,14.9,False,1,14.9,Cash
ORC-20260630-0556,2,2026-06-30 20:15:25,ORCHARD CENTRAL,UND-M-02,Men's Cotton Blend Trunks,Underwear,Men,14.9,14.9,False,1,14.9,Nets
ORC-20260630-0037,1,2026-06-30 21:00:42,Orchard Central,TOP-W-01,Women's Airism Cotton Crew Neck T-Shirt,Tops,Women,14.9,14.9,False,1,14.9,cash
PUN-20260630-0549,1,2026-06-30 17:49:17,PUNGGOL,SOK-M-01,Men's Ankle Socks 3-Pack,Socks,Men,$14.9,14.9,False,1,14.9,Card
BUG-20260630-0788,1,2026-06-30 21:08:04,Bugis,TOP-W-03,Women's Silky Satin Blouse,TOPS,Women,39.9,39.9,False,1,39.9,NETS
ORC-20260630-1017,2,2026-06-30 20:13:13,orchard central,UND-W-02,Women's Wireless Bra,Underwear,Women,29.9,29.9,False,2,59.8,Card
BUG-20260630-0024,2,2026-06-30 20:07:49,Bugis,TOP-M-02,Men's Supima Cotton Polo Shirt,Tops,Men,29.9,29.9,False,1,29.9,cash
ORC-20260630-0177,1,2026-06-30 20:17:43,  ORCHARD CENTRAL  ,TOP-M-01,Men's Airism Cotton Crew Neck T-Shirt,Tops,Men,14.9,14.9,False,1,14.9,Card
PUN-20260630-0197,3,2026-06-30 20:48:28,Punggol,SOK-W-02,Women's Pile Crew Socks,Socks,Women,5.9,5.9,False,2,11.8,PayNow
ORC-20260630-0510,2,2026-06-30 22:01:21,Orchard Central,TOP-W-01,Women's Airism Cotton Crew Neck T-Shirt,Tops,Women,$14.9,14.9,False,1,14.9,PayNow
ORC-20260630-0495,1,2026-06-30 11:03:50,Orchard Central,SOK-M-03,Men's Airism Low-Cut Socks,Socks,Men,5.9,5.9,False,2,11.8,NETS
BUG-20260630-0786,2,2026-06-30 14:40:30,Bugis,SOK-W-06,Women's Heattech Socks,Socks,WOMEN,9.9,9.9,False,2,19.8,Card
ORC-20260630-1058,1,2026-06-30 18:09:13,  Orchard Central  ,TOP-W-04,Women's Heattech Crew Neck Long Sleeve Tee,Tops,Women,14.9,14.9,False,1,14.9,NETS
BUG-20260630-0649,3,2026-06-30 22:37:06,bugis,TOP-W-02,Women's Ribbed Long Sleeve Turtleneck,Tops,Women,19.9,19.9,False,1,19.9,card
BUG-20260630-0962,2,2026-06-30 14:30:02,Bugis,TOP-W-03,Women's Silky Satin Blouse,Tops,Women,39.9,39.9,False,1,39.9,Card
BUG-20260630-0590,3,2026-06-30 22:14:32,Bugis,SOK-M-03,Men's Airism Low-Cut Socks,socks,MEN,5.9,5.9,False,1,5.9,Cash
BUG-20260630-0039,3,2026-06-30 21:57:20,Bugis,SOK-W-02,Women's Pile Crew Socks,Socks,Women,5.9,5.9,False,1,5.9,Card
BUG-20260630-0420,1,2026-06-30 19:33:34,bugis,TOP-M-01,Men's Airism Cotton Crew Neck T-Shirt,Tops,Men,14.9,14.9,False,1,14.9,PayNow
ORC-20260630-0928,2,2026-06-30 20:57:58,Orchard Central,TOP-M-01,Men's Airism Cotton Crew Neck T-Shirt,Tops,Men,14.9,14.9,False,1,14.9,Card
ORC-20260630-0038,2,2026-06-30 12:12:26,Orchard Central,SOK-W-02,  Women's Pile Crew Socks  ,Socks,Women,5.9,5.9,False,1,5.9,Card
BUG-20260630-0897,2,2026-06-30 20:52:09,bugis,TOP-W-02,Women's Ribbed Long Sleeve Turtleneck,Tops,Women,19.9,19.9,False,1,19.9,CARD
ORC-20260630-0111,1,2026-06-30 14:15:41,Orchard Central,SOK-W-02,Women's Pile Crew Socks,Socks,Women,5.9,5.9,False,1,5.9,NETS
ORC-20260630-0230,3,2026-06-30 16:49:22,Orchard Central,UND-M-01,Men's Airism Boxer Briefs,Underwear,Men,14.9,14.9,False,1,14.9,NETS
BUG-20260630-0227,3,2026-06-30 19:11:25,Bugis,TOP-M-03,Men's Dry-EX Crew Neck T-Shirt,Tops,Men,19.9,19.9,False,1,19.9,PayNow
BUG-20260630-0538,1,2026-06-30 21:03:16,Bugis,TOP-M-03,Men's Dry-EX Crew Neck T-Shirt,Tops,Men,19.9,19.9,False,1,19.9,Cash
PUN-20260630-0259,1,2026-06-30 16:06:11,PUNGGOL,UND-W-01,Women's Airism Bikini Shorts,Underwear,Women,9.9,9.9,False,1,9.9,PayNow
PUN-20260630-0166,2,2026-06-30 15:14:42,  Punggol  ,SOK-W-02,Women's Pile Crew Socks,Socks,WOMEN,5.9,5.9,False,1,5.9,Card
ORC-20260630-0063,1,2026-06-30 14:57:02,Orchard Central,BTM-W-01,Women's Ultra Stretch Skinny Jeans,Bottoms,Women,39.9,39.9,False,1,39.9,PayNow
BUG-20260630-0928,1,2026-06-30 18:27:48,Bugis,SOK-M-09,Men's No-Show Sneaker Socks,Socks,Men,4.17,5.9,True,1,4.17,paynow
PUN-20260630-0134,2,2026-06-30 20:30:16,Punggol,SOK-W-05,Women's Sport Ankle Socks,Socks,Women,4.27,5.9,True,1,4.27,PayNow
ORC-20260630-0405,1,2026-06-30 20:12:34,  Orchard Central  ,SOK-W-04,Women's Ribbed Crew Socks,Socks,WOMEN,5.9,5.9,False,1,5.9,
BUG-20260630-0305,1,2026-06-30 12:00:40,Bugis,SOK-W-04,Women's Ribbed Crew Socks,Socks,Women,5.9,5.9,False,1,5.9,Card
ORC-20260630-0836,1,2026-06-30 17:06:26,orchard central,TOP-W-06,Women's Linen Blend Short Sleeve Shirt,Tops,WOMEN,19.72,29.9,True,1,19.72,Cash
BUG-20260630-0699,3,2026-06-30 18:53:15,Bugis,SOK-M-02,Men's Pile Crew Socks,Socks,MEN,5.9,5.9,False,2,11.8,CARD
PUN-20260630-0301,1,2026-06-30 12:54:12,Punggol,BTM-W-01,Women's Ultra Stretch Skinny Jeans,Bottoms,Women,39.9,39.9,False,1,39.9,Cash
BUG-20260630-0632,3,2026-06-30 22:35:57,Bugis,BTM-M-06,  Men's Jersey Jogger Pants  ,Bottoms,Men,29.9,29.9,False,1,29.9,Card
PUN-20260630-0562,1,2026-06-30 22:38:12,PUNGGOL,SOK-M-03,Men's Airism Low-Cut Socks,Socks,Men,5.9,5.9,False,1,5.9,Cash
PUN-20260630-0472,2,2026-06-30 14:03:33,Punggol,BTM-M-01,Men's Ezy Ankle Pants,Bottoms,Men,29.9,29.9,False,1,29.9,Card
ORC-20260630-0736,3,2026-06-30 17:31:23,Orchard Central,BTM-M-04,Men's Dry Stretch Shorts,Bottoms,Men,19.9,19.9,False,1,19.9,Card
PUN-20260630-0289,2,2026-06-30 13:21:38,Punggol,UND-M-04,Men's Cotton Crew Neck Undershirt,Underwear,men,14.9,14.9,False,1,14.9,Card
BUG-20260630-0547,3,2026-06-30 14:45:02,Bugis,SOK-W-03,  Women's Airism Low-Cut Socks  ,Socks,Women,5.9,5.9,False,1,5.9,Card
ORC-20260630-0501,1,2026-06-30 18:35:18,  Orchard Central  ,SOK-W-01,Women's Ankle Socks 3-Pack,socks,Women,14.9,14.9,False,1,14.9,Cash
BUG-20260630-0628,2,2026-06-30 19:53:27,Bugis,SOK-M-09,Men's No-Show Sneaker Socks,Socks,Men,4.17,5.9,True,1,4.17,PayNow
ORC-20260630-0264,2,2026-06-30 20:10:47,Orchard Central,TOP-M-01,Men's Airism Cotton Crew Neck T-Shirt,Tops,men,14.9,14.9,False,1,14.9,PayNow
PUN-20260630-0183,1,2026-06-30 20:42:54,Punggol,TOP-M-02,Men's Supima Cotton Polo Shirt,Tops,Men,29.9,29.9,False,1,29.9,Card
PUN-20260630-0191,1,2026-06-30 21:38:49,Punggol,BTM-M-03,Men's Selvedge Regular Fit Jeans,Bottoms,Men,59.9,59.9,False,1,59.9,Nets
BUG-20260630-0902,3,2026-06-30 11:00:33,  Bugis  ,SOK-M-09,Men's No-Show Sneaker Socks,SOCKS,men,4.17,5.9,True,1,4.17,Card
PUN-20260630-0228,2,2026-06-30 16:27:03,Punggol,SOK-M-03,Men's Airism Low-Cut Socks,Socks,Men,5.9,5.9,False,1,5.9,Cash
PUN-20260630-0178,1,2026-06-30 15:06:02,Punggol,TOP-M-02,  Men's Supima Cotton Polo Shirt  ,TOPS,Men,29.9,29.9,False,1,29.9,Card
BUG-20260630-0159,1,2026-06-30 22:01:19,Bugis,UND-M-03,Men's Airism Mesh Boxer Briefs,Underwear,Men,14.9,14.9,False,1,14.9,PayNow
ORC-20260630-0462,3,2026-06-30 19:29:56,Orchard Central,SOK-W-01,Women's Ankle Socks 3-Pack,Socks,Women,14.9,14.9,False,1,14.9,Cash
ORC-20260630-0102,1,2026-06-30 15:18:01,Orchard Central,UND-W-02,Women's Wireless Bra,Underwear,women,$29.9,29.9,False,1,29.9,Card
BUG-20260630-0775,1,2026-06-30 15:44:19,  Bugis  ,SOK-W-02,Women's Pile Crew Socks,SOCKS,WOMEN,5.9,5.9,False,1,5.9,Cash
ORC-20260630-0481,2,2026-06-30 18:06:43,Orchard Central,TOP-M-01,Men's Airism Cotton Crew Neck T-Shirt,Tops,MEN,$14.9,14.9,False,1,14.9,Card
BUG-20260630-0086,3,2026-06-30 13:05:55,bugis,TOP-M-02,Men's Supima Cotton Polo Shirt,Tops,Men,29.9,29.9,False,1,29.9,CARD
PUN-20260630-0139,1,2026-06-30 20:23:26,Punggol,UND-W-03,Women's Cotton Blend Briefs,Underwear,Women,9.9,9.9,False,1,9.9,NETS
ORC-20260630-0676,1,2026-06-30 17:06:18,Orchard Central,SOK-M-04,Men's Ribbed Crew Socks,Socks,Men,5.9,5.9,False,1,5.9,NETS
BUG-20260630-0609,2,2026-06-30 11:16:10,Bugis,TOP-M-02,Men's Supima Cotton Polo Shirt,Tops,Men,29.9,29.9,False,1,29.9,card
ORC-20260630-0141,2,2026-06-30 16:35:05,Orchard Central,BTM-M-02,Men's Slim Fit Chino Trousers,Bottoms,Men,29.9,29.9,False,1,29.9,Card
BUG-20260630-0477,2,2026-06-30 21:45:21,Bugis,UND-W-03,Women's Cotton Blend Briefs,Underwear,Women,9.9,9.9,False,1,9.9,paynow
PUN-20260630-0242,1,2026-06-30 17:18:57,Punggol,BTM-M-01,  Men's Ezy Ankle Pants  ,Bottoms,Men,29.9,29.9,False,1,29.9,Card
ORC-20260630-0596,1,2026-06-30 17:55:09,Orchard Central,SOK-W-02,Women's Pile Crew Socks,Socks,Women,5.9,5.9,False,1,5.9,PayNow
ORC-20260630-0980,2,2026-06-30 20:55:57,Orchard Central,TOP-M-04,Men's Oxford Long Sleeve Shirt,Tops,Men,29.9,29.9,False,1,29.9,PayNow
BUG-20260630-0700,1,2026-06-30 21:24:51,Bugis,BTM-M-04,  Men's Dry Stretch Shorts  ,Bottoms,Men,19.9,19.9,False,1,19.9,PayNow
BUG-20260630-0469,1,2026-06-30 13:10:47,Bugis,TOP-W-06,Women's Linen Blend Short Sleeve Shirt,Tops,Women,19.72,29.9,True,1,19.72,Card
PUN-20260630-0309,1,2026-06-30 18:30:45,Punggol,SOK-W-02,Women's Pile Crew Socks,Socks,Women,5.9,5.9,False,1,5.9,PayNow
BUG-20260630-0419,2,2026-06-30 15:22:28,Bugis,SOK-M-02,Men's Pile Crew Socks,Socks,Men,5.9,5.9,False,1,5.9,Cash
PUN-20260630-0395,1,2026-06-30 19:58:28,Punggol,SOK-M-04,Men's Ribbed Crew Socks,Socks,Men,5.9,5.9,False,2,11.8,Card
PUN-20260630-0014,3,2026-06-30 15:32:48,Punggol,UND-W-09,Women's Cotton Boyshorts,Underwear,Women,9.9,9.9,False,1,9.9,Paynow
ORC-20260630-1093,1,2026-06-30 14:17:18,Orchard Central,TOP-M-04,  Men's Oxford Long Sleeve Shirt  ,Tops,Men,29.9,29.9,False,1,29.9,Card
BUG-20260630-0195,2,2026-06-30 20:39:45,Bugis,SOK-M-03,Men's Airism Low-Cut Socks,Socks,Men,5.9,5.9,False,1,5.9,CARD
BUG-20260630-0544,2,2026-06-30 13:41:41,bugis,SOK-W-02,Women's Pile Crew Socks,Socks,Women,5.9,5.9,False,2,11.8,PayNow
ORC-20260630-0986,2,2026-06-30 21:48:08,Orchard Central,BTM-M-02,Men's Slim Fit Chino Trousers,BOTTOMS,Men,29.9,29.9,False,1,29.9,Card
ORC-20260630-0100,1,2026-06-30 13:03:20,Orchard Central,SOK-W-01,Women's Ankle Socks 3-Pack,Socks,Women,14.9,14.9,False,1,14.9,Card
ORC-20260630-0197,3,2026-06-30 17:15:27,Orchard Central,TOP-W-04,Women's Heattech Crew Neck Long Sleeve Tee,Tops,women,14.9,14.9,False,1,14.9,PayNow
BUG-20260630-0736,1,2026-06-30 18:18:20,Bugis,SOK-M-09,  Men's No-Show Sneaker Socks  ,Socks,Men,4.17,5.9,True,1,4.17,Card
ORC-20260630-0562,1,2026-06-30 21:27:21,Orchard Central,BTM-W-09,  Women's Sweat Shorts  ,Bottoms,Women,19.9,19.9,False,1,19.9,Cash
PUN-20260630-0463,1,2026-06-30 12:14:48,Punggol,SOK-M-06,Men's Heattech Socks,Socks,Men,9.9,9.9,False,1,9.9,Card
ORC-20260630-1053,1,2026-06-30 12:16:36,Orchard Central,UND-W-01,Women's Airism Bikini Shorts,Underwear,women,9.9,9.9,False,1,9.9,Cash
PUN-20260630-0578,1,2026-06-30 18:21:17,Punggol,UND-W-01,Women's Airism Bikini Shorts,Underwear,Women,$9.9,9.9,False,1,9.9,Card
ORC-20260630-0928,1,2026-06-30 20:57:58,ORCHARD CENTRAL,UND-M-02,Men's Cotton Blend Trunks,UNDERWEAR,Men,14.9,14.9,False,1,14.9,Card
ORC-20260630-0470,2,2026-06-30 14:32:41,orchard central,TOP-W-06,Women's Linen Blend Short Sleeve Shirt,Tops,Women,19.72,29.9,True,1,19.72,PayNow
PUN-20260630-0265,1,2026-06-30 20:05:16,  Punggol  ,TOP-M-01,Men's Airism Cotton Crew Neck T-Shirt,Tops,Men,14.9,14.9,False,1,14.9,Card
BUG-20260630-0050,1,2026-06-30 21:24:59,  Bugis  ,SOK-M-03,Men's Airism Low-Cut Socks,Socks,Men,5.9,5.9,False,1,5.9,NETS
ORC-20260630-0843,1,2026-06-30 15:17:34,Orchard Central,TOP-W-01,Women's Airism Cotton Crew Neck T-Shirt,Tops,Women,14.9,14.9,False,1,14.9,NETS
ORC-20260630-0281,2,2026-06-30 18:29:03,Orchard Central,UND-M-02,Men's Cotton Blend Trunks,Underwear,Men,14.9,14.9,False,1,14.9,nets
PUN-20260630-0263,1,2026-06-30 20:05:43,  Punggol  ,SOK-W-03,  Women's Airism Low-Cut Socks  ,Socks,Women,5.9,5.9,False,1,5.9,PAYNOW
ORC-20260630-1060,1,2026-06-30 18:00:31,Orchard Central,TOP-W-01,Women's Airism Cotton Crew Neck T-Shirt,Tops,Women,$14.9,14.9,False,1,14.9,NETS
BUG-20260630-0918,1,2026-06-30 19:49:01,Bugis,UND-M-03,Men's Airism Mesh Boxer Briefs,Underwear,Men,14.9,14.9,False,1,$14.9,Card
BUG-20260630-0369,1,2026-06-30 12:58:52,Bugis,SOK-W-03,Women's Airism Low-Cut Socks,Socks,Women,5.9,5.9,False,1,5.9,NETS
BUG-20260630-0453,1,2026-06-30 22:50:50,Bugis,SOK-M-09,Men's No-Show Sneaker Socks,Socks,men,4.17,5.9,True,1,4.17,CASH
PUN-20260630-0543,1,2026-06-30 22:06:50,Punggol,BTM-M-01,,Bottoms,MEN,29.9,29.9,False,1,29.9,Card
ORC-20260630-0392,1,2026-06-30 21:57:48,Orchard Central,UND-W-03,Women's Cotton Blend Briefs,Underwear,Women,9.9,9.9,False,1,9.9,Card
BUG-20260630-0329,2,2026-06-30 20:52:50,Bugis,UND-M-03,Men's Airism Mesh Boxer Briefs,Underwear,Men,14.9,14.9,False,1,14.9,PayNow
ORC-20260630-0739,1,2026-06-30 21:30:33,Orchard Central,SOK-W-04,Women's Ribbed Crew Socks,Socks,Women,5.9,5.9,False,1,5.9,Card
PUN-20260630-0499,2,2026-06-30 21:00:53,Punggol,SOK-W-06,Women's Heattech Socks,Socks,Women,9.9,9.9,False,1,9.9,CARD
BUG-20260630-0581,1,2026-06-30 12:36:07,Bugis,SOK-W-04,Women's Ribbed Crew Socks,Socks,Women,5.9,5.9,False,1,5.9,Cash
BUG-20260630-0614,2,2026-06-30 20:35:35,  Bugis  ,SOK-M-04,Men's Ribbed Crew Socks,Socks,Men,5.9,5.9,False,1,5.9,Cash
PUN-20260630-0555,2,2026-06-30 15:08:23,Punggol,SOK-W-02,Women's Pile Crew Socks,Socks,Women,5.9,5.9,False,1,5.9,Card
ORC-20260630-0873,1,2026-06-30 19:16:14,orchard central,BTM-M-07,Men's Smart Ankle Pants,bottoms,Men,$39.9,39.9,False,1,39.9,NETS
ORC-20260630-0575,2,2026-06-30 21:33:00,Orchard Central,SOK-W-02,Women's Pile Crew Socks,Socks,Women,5.9,5.9,False,2,11.8,PayNow
ORC-20260630-0274,1,2026-06-30 17:56:12,Orchard Central,TOP-W-07,Women's Fleece Pullover Hoodie,TOPS,Women,29.9,29.9,False,1,29.9,PayNow
BUG-20260630-0932,2,2026-06-30 22:26:50,Bugis,SOK-M-04,Men's Ribbed Crew Socks,Socks,Men,5.9,5.9,False,1,5.9,Cash
ORC-20260630-0459,1,2026-06-30 14:02:23,Orchard Central,SOK-W-01,Women's Ankle Socks 3-Pack,Socks,Women,14.9,14.9,False,2,29.8,Card
PUN-20260630-0565,2,2026-06-30 19:57:45,Punggol,SOK-W-03,Women's Airism Low-Cut Socks,Socks,Women,5.9,5.9,False,1,5.9,Card
BUG-20260630-0089,2,2026-06-30 21:05:23,Bugis,SOK-M-01,Men's Ankle Socks 3-Pack,Socks,Men,14.9,14.9,False,1,14.9,PayNow
BUG-20260630-0955,2,2026-06-30 11:26:00,  Bugis  ,SOK-W-02,Women's Pile Crew Socks,Socks,Women,5.9,5.9,False,1,5.9,NETS
PUN-20260630-0614,1,2026-06-30 20:47:43,Punggol,TOP-W-06,Women's Linen Blend Short Sleeve Shirt,TOPS,WOMEN,19.72,29.9,True,1,19.72,Card
ORC-20260630-1020,2,2026-06-30 20:25:52,Orchard Central,UND-W-01,Women's Airism Bikini Shorts,Underwear,Women,9.9,9.9,False,2,19.8,Card
BUG-20260630-0208,1,2026-06-30 18:39:12,Bugis,UND-W-03,Women's Cotton Blend Briefs,Underwear,women,$9.9,9.9,False,1,9.9,PayNow
ORC-20260630-0558,1,2026-06-30 21:06:44,Orchard Central,SOK-W-01,Women's Ankle Socks 3-Pack,Socks,women,14.9,14.9,False,2,29.8,PAYNOW
ORC-20260630-0135,1,2026-06-30 21:32:46,Orchard Central,SOK-M-01,Men's Ankle Socks 3-Pack,Socks,Men,14.9,14.9,False,1,14.9,Card
PUN-20260630-0597,2,2026-06-30 17:37:08,Punggol,UND-W-03,Women's Cotton Blend Briefs,underwear,Women,9.9,9.9,False,1,9.9,PayNow
ORC-20260630-0648,2,2026-06-30 17:17:34,Orchard Central,TOP-M-01,Men's Airism Cotton Crew Neck T-Shirt,Tops,Men,14.9,14.9,False,1,14.9,Card
PUN-20260630-0158,2,2026-06-30 20:10:35,Punggol,BTM-M-04,Men's Dry Stretch Shorts,Bottoms,Men,19.9,19.9,False,1,19.9,PayNow
ORC-20260630-0543,3,2026-06-30 18:10:38,Orchard Central,SOK-M-03,Men's Airism Low-Cut Socks,Socks,Men,5.9,5.9,False,1,5.9,Cash
PUN-20260630-0167,1,2026-06-30 17:18:16,Punggol,TOP-W-01,Women's Airism Cotton Crew Neck T-Shirt,Tops,Women,14.9,14.9,False,1,14.9,Card
ORC-20260630-0851,1,2026-06-30 22:14:24,Orchard Central,TOP-M-03,Men's Dry-EX Crew Neck T-Shirt,Tops,Men,19.9,19.9,False,1,19.9,PayNow
BUG-20260630-0363,1,2026-06-30 22:58:43,Bugis,UND-W-01,Women's Airism Bikini Shorts,Underwear,Women,9.9,9.9,False,1,9.9,nets
ORC-20260630-0438,1,2026-06-30 15:24:50,Orchard Central,UND-M-04,Men's Cotton Crew Neck Undershirt,Underwear,Men,14.9,14.9,False,1,14.9,PayNow
ORC-20260630-0304,2,2026-06-30 14:43:46,Orchard Central,TOP-M-04,Men's Oxford Long Sleeve Shirt,Tops,Men,29.9,29.9,False,1,29.9,Card
ORC-20260630-0866,3,2026-06-30 17:52:51,Orchard Central,TOP-W-01,Women's Airism Cotton Crew Neck T-Shirt,Tops,Women,14.9,14.9,False,1,$14.9,Card
BUG-20260630-0267,1,2026-06-30 17:29:11,Bugis,TOP-W-01,Women's Airism Cotton Crew Neck T-Shirt,TOPS,Women,14.9,14.9,False,1,14.9,card
ORC-20260630-0852,2,2026-06-30 19:09:15,Orchard Central,BTM-W-03,Women's Ezy Ankle Pants,Bottoms,Women,29.9,29.9,False,1,29.9,PayNow
ORC-20260630-0532,2,2026-06-30 20:04:16,Orchard Central,TOP-M-02,Men's Supima Cotton Polo Shirt,Tops,Men,29.9,29.9,False,1,29.9,Card
BUG-20260630-0877,2,2026-06-30 11:30:27,Bugis,SOK-W-03,Women's Airism Low-Cut Socks,Socks,Women,5.9,5.9,False,1,5.9,PayNow
BUG-20260630-0590,2,2026-06-30 22:14:32,Bugis,SOK-W-03,Women's Airism Low-Cut Socks,socks,women,5.9,5.9,False,2,11.8,Cash
ORC-20260630-0452,1,2026-06-30 20:16:02,Orchard Central,TOP-M-01,Men's Airism Cotton Crew Neck T-Shirt,tops,Men,14.9,14.9,False,1,14.9,card
BUG-20260630-0329,1,2026-06-30 20:52:50,Bugis,SOK-W-09,Women's No-Show Sneaker Socks,Socks,Women,5.9,5.9,False,1,5.9,PayNow
PUN-20260630-0200,2,2026-06-30 21:17:20,Punggol,SOK-W-02,Women's Pile Crew Socks,Socks,Women,5.9,5.9,False,1,5.9,PayNow
PUN-20260630-0176,2,2026-06-30 19:16:49,Punggol,BTM-M-04,  Men's Dry Stretch Shorts  ,Bottoms,Men,19.9,19.9,False,1,19.9,Card
PUN-20260630-0538,1,2026-06-30 17:51:57,Punggol,SOK-M-02,Men's Pile Crew Socks,SOCKS,Men,5.9,5.9,False,1,5.9,PayNow
ORC-20260630-0010,2,2026-06-30 14:37:16,Orchard Central,SOK-W-04,Women's Ribbed Crew Socks,Socks,Women,5.9,5.9,False,1,5.9,Card
PUN-20260630-0403,2,2026-06-30 15:13:30,Punggol,TOP-W-04,Women's Heattech Crew Neck Long Sleeve Tee,Tops,WOMEN,14.9,14.9,False,1,14.9,Card
BUG-20260630-0584,1,2026-06-30 20:34:15,Bugis,UND-M-07,Men's Stretch Cotton Boxers,Underwear,Men,14.9,14.9,False,1,14.9,Card
PUN-20260630-0446,1,2026-06-30 21:17:54,PUNGGOL,BTM-W-05,Women's Pleated Midi Skirt,Bottoms,Women,29.9,29.9,False,1,29.9,Cash
ORC-20260630-0751,1,2026-06-30 22:24:08,Orchard Central,UND-M-04,Men's Cotton Crew Neck Undershirt,Underwear,Men,14.9,14.9,False,1,14.9,PayNow
BUG-20260630-0886,2,2026-06-30 13:59:22,Bugis,SOK-M-09,Men's No-Show Sneaker Socks,Socks,men,4.17,5.9,True,1,4.17,Cash
BUG-20260630-0337,1,2026-06-30 19:55:10,Bugis,BTM-M-02,Men's Slim Fit Chino Trousers,Bottoms,Men,29.9,29.9,False,1,29.9,Paynow
ORC-20260630-0938,1,2026-06-30 17:46:31,Orchard Central,TOP-W-02,Women's Ribbed Long Sleeve Turtleneck,Tops,Women,19.9,19.9,False,1,19.9,CARD
BUG-20260630-0571,1,2026-06-30 18:38:29,Bugis,SOK-W-06,Women's Heattech Socks,Socks,Women,9.9,9.9,False,2,19.8,nets
PUN-20260630-0195,1,2026-06-30 13:56:07,Punggol,UND-W-09,Women's Cotton Boyshorts,Underwear,Women,9.9,9.9,False,1,9.9,PayNow
ORC-20260630-0689,2,2026-06-30 15:16:09,ORCHARD CENTRAL,TOP-W-03,Women's Silky Satin Blouse,Tops,WOMEN,39.9,39.9,False,1,39.9,Cash
PUN-20260630-0167,2,2026-06-30 17:18:16,Punggol,BTM-M-01,Men's Ezy Ankle Pants,Bottoms,Men,29.9,29.9,False,1,29.9,Card
BUG-20260630-0959,1,2026-06-30 19:47:11,Bugis,SOK-W-02,Women's Pile Crew Socks,socks,Women,5.9,5.9,False,2,11.8,Card
BUG-20260630-0181,1,2026-06-30 21:26:16,BUGIS,UND-M-04,Men's Cotton Crew Neck Undershirt,Underwear,Men,14.9,14.9,False,1,14.9,Card
BUG-20260630-0724,2,2026-06-30 13:30:12,Bugis,UND-W-01,  Women's Airism Bikini Shorts  ,Underwear,WOMEN,9.9,9.9,False,1,9.9,Card
ORC-20260630-0691,1,2026-06-30 20:51:18,Orchard Central,SOK-M-02,Men's Pile Crew Socks,SOCKS,Men,5.9,5.9,False,1,5.9,PayNow
PUN-20260630-0612,1,2026-06-30 17:42:35,Punggol,SOK-W-05,Women's Sport Ankle Socks,SOCKS,Women,4.27,5.9,True,1,4.27,NETS
ORC-20260630-0190,2,2026-06-30 22:58:14,Orchard Central,SOK-M-01,Men's Ankle Socks 3-Pack,Socks,Men,14.9,14.9,False,1,14.9,Card
BUG-20260630-0406,3,2026-06-30 20:28:10,Bugis,UND-M-03,Men's Airism Mesh Boxer Briefs,UNDERWEAR,Men,14.9,14.9,False,1,14.9,Card
ORC-20260630-1074,2,2026-06-30 21:55:19,  Orchard Central  ,TOP-W-02,  Women's Ribbed Long Sleeve Turtleneck  ,Tops,WOMEN,19.9,19.9,False,1,19.9,PayNow
ORC-20260630-0317,2,2026-06-30 17:23:10,Orchard Central,SOK-M-04,Men's Ribbed Crew Socks,Socks,Men,5.9,5.9,False,1,5.9,NETS
ORC-20260630-1013,2,2026-06-30 21:57:06,  Orchard Central  ,UND-W-04,Women's Airism T-Shirt Bra,Underwear,women,29.9,29.9,False,2,59.8,
ORC-20260630-0248,1,2026-06-30 19:47:27,  Orchard Central  ,UND-M-01,Men's Airism Boxer Briefs,Underwear,Men,14.9,14.9,False,2,29.8,Card
BUG-20260630-0673,3,2026-06-30 17:11:41,Bugis,SOK-M-03,  Men's Airism Low-Cut Socks  ,Socks,Men,5.9,5.9,False,1,5.9,PayNow
BUG-20260630-0392,1,2026-06-30 16:48:04,bugis,SOK-M-01,Men's Ankle Socks 3-Pack,Socks,Men,14.9,14.9,False,1,14.9,Card
ORC-20260630-1063,3,2026-06-30 20:57:56,Orchard Central,SOK-W-04,Women's Ribbed Crew Socks,SOCKS,Women,5.9,5.9,False,1,5.9,Card
PUN-20260630-0097,2,2026-06-30 19:35:22,Punggol,SOK-M-06,Men's Heattech Socks,Socks,MEN,9.9,9.9,False,1,9.9,CARD
ORC-20260630-0204,1,2026-06-30 17:50:44,Orchard Central,TOP-W-04,Women's Heattech Crew Neck Long Sleeve Tee,Tops,WOMEN,14.9,14.9,False,1,$14.9,NETS
BUG-20260630-0970,1,2026-06-30 16:11:58,Bugis,BTM-W-03,Women's Ezy Ankle Pants,bottoms,Women,29.9,29.9,False,1,29.9,NETS
BUG-20260630-0518,1,2026-06-30 13:32:28,Bugis,SOK-M-09,Men's No-Show Sneaker Socks,Socks,Men,4.17,5.9,True,1,4.17,PayNow
ORC-20260630-1003,2,2026-06-30 20:47:37,Orchard Central,UND-M-02,Men's Cotton Blend Trunks,Underwear,Men,14.9,14.9,False,1,14.9,Card
PUN-20260630-0364,3,2026-06-30 17:48:13,Punggol,UND-W-03,Women's Cotton Blend Briefs,Underwear,Women,9.9,9.9,False,1,9.9,Cash
BUG-20260630-0946,2,2026-06-30 13:42:39,BUGIS,UND-W-01,Women's Airism Bikini Shorts,Underwear,Women,9.9,9.9,False,2,$19.8,Card
PUN-20260630-0288,1,2026-06-30 11:42:15,  Punggol  ,SOK-M-04,  Men's Ribbed Crew Socks  ,Socks,men,$5.9,5.9,False,2,11.8,Cash
BUG-20260630-0869,3,2026-06-30 22:33:22,Bugis,UND-M-08,Men's Airism V-Neck Undershirt,Underwear,Men,9.9,9.9,False,1,9.9,Cash
ORC-20260630-0781,2,2026-06-30 20:52:09,Orchard Central,UND-W-01,Women's Airism Bikini Shorts,Underwear,Women,9.9,9.9,False,1,9.9,Card
ORC-20260630-0205,1,2026-06-30 14:03:05,Orchard Central,SOK-W-01,Women's Ankle Socks 3-Pack,Socks,Women,14.9,14.9,False,1,14.9,Card
PUN-20260630-0123,2,2026-06-30 21:37:27,Punggol,SOK-W-03,Women's Airism Low-Cut Socks,Socks,Women,5.9,5.9,False,1,5.9,paynow
ORC-20260630-0706,1,2026-06-30 19:34:14,Orchard Central,SOK-M-03,  Men's Airism Low-Cut Socks  ,Socks,Men,5.9,5.9,False,1,5.9,Card
PUN-20260630-0368,3,2026-06-30 18:44:45,Punggol,TOP-W-04,Women's Heattech Crew Neck Long Sleeve Tee,Tops,Women,14.9,14.9,False,1,14.9,Cash
ORC-20260630-0163,1,2026-06-30 20:23:53,Orchard Central,SOK-W-04,Women's Ribbed Crew Socks,Socks,Women,5.9,5.9,False,2,11.8,Card
ORC-20260630-0774,1,2026-06-30 20:32:32,Orchard Central,SOK-W-02,Women's Pile Crew Socks,Socks,Women,5.9,5.9,False,1,5.9,
ORC-20260630-0462,1,2026-06-30 19:29:56,Orchard Central,SOK-W-02,Women's Pile Crew Socks,Socks,Women,5.9,5.9,False,1,$5.9,Cash
BUG-20260630-0664,3,2026-06-30 21:42:24,Bugis,BTM-M-02,  Men's Slim Fit Chino Trousers  ,Bottoms,MEN,29.9,29.9,False,1,29.9,PayNow
PUN-20260630-0204,2,2026-06-30 21:31:36,Punggol,SOK-W-05,Women's Sport Ankle Socks,Socks,Women,4.27,5.9,True,1,4.27,Card
BUG-20260630-0274,1,2026-06-30 22:47:03,Bugis,SOK-W-02,Women's Pile Crew Socks,Socks,Women,5.9,5.9,False,1,5.9,Cash
PUN-20260630-0208,2,2026-06-30 14:54:05,Punggol,BTM-M-04,Men's Dry Stretch Shorts,bottoms,Men,19.9,19.9,False,1,19.9,CARD
BUG-20260630-0973,2,2026-06-30 20:39:01,Bugis,SOK-M-01,Men's Ankle Socks 3-Pack,Socks,Men,14.9,14.9,False,1,14.9,Card
BUG-20260630-0511,1,2026-06-30 11:20:45,Bugis,SOK-M-07,Men's Striped Crew Socks,Socks,Men,5.9,5.9,False,2,11.8,PayNow
ORC-20260630-0445,1,2026-06-30 11:02:39,Orchard Central,SOK-M-05,Men's Sport Ankle Socks,Socks,Men,4.36,5.9,True,1,4.36,Card
ORC-20260630-0861,1,2026-06-30 17:47:40,Orchard Central,TOP-W-02,Women's Ribbed Long Sleeve Turtleneck,Tops,Women,19.9,19.9,False,1,19.9,NETS
ORC-20260630-0943,2,2026-06-30 14:03:40,Orchard Central,SOK-W-04,Women's Ribbed Crew Socks,Socks,Women,5.9,5.9,False,2,11.8,PayNow
BUG-20260630-0886,1,2026-06-30 13:59:22,  BUGIS  ,SOK-W-04,Women's Ribbed Crew Socks,SOCKS,Women,5.9,5.9,False,1,5.9,Cash
BUG-20260630-0304,2,2026-06-30 22:10:46,Bugis,SOK-M-09,Men's No-Show Sneaker Socks,Socks,Men,4.17,5.9,True,1,4.17,NETS
BUG-20260630-0254,3,2026-06-30 21:08:10,Bugis,UND-M-04,Men's Cotton Crew Neck Undershirt,Underwear,Men,14.9,14.9,False,1,14.9,Card
PUN-20260630-0407,3,2026-06-30 17:17:14,Punggol,UND-M-02,Men's Cotton Blend Trunks,Underwear,MEN,14.9,14.9,False,1,14.9,PayNow
ORC-20260630-0984,1,2026-06-30 20:31:55,Orchard Central,SOK-M-04,Men's Ribbed Crew Socks,Socks,Men,5.9,5.9,False,1,5.9,Cash
BUG-20260630-0934,1,2026-06-30 14:07:13,Bugis,SOK-M-04,Men's Ribbed Crew Socks,Socks,Men,$5.9,5.9,False,2,11.8,Card
ORC-20260630-0455,1,2026-06-30 14:46:44,orchard central,BTM-W-03,Women's Ezy Ankle Pants,Bottoms,Women,29.9,29.9,False,1,29.9,Card
BUG-20260630-0668,2,2026-06-30 19:29:31,BUGIS,SOK-M-09,Men's No-Show Sneaker Socks,Socks,Men,4.17,5.9,True,1,4.17,CARD
BUG-20260630-0595,3,2026-06-30 21:31:48,  Bugis  ,UND-W-01,Women's Airism Bikini Shorts,Underwear,Women,9.9,9.9,False,1,9.9,CASH
PUN-20260630-0409,3,2026-06-30 20:56:50,  Punggol  ,TOP-W-03,Women's Silky Satin Blouse,tops,Women,39.9,39.9,False,1,39.9,Paynow
ORC-20260630-0436,1,2026-06-30 18:47:44,Orchard Central,TOP-M-01,Men's Airism Cotton Crew Neck T-Shirt,Tops,Men,14.9,14.9,False,1,14.9,paynow
BUG-20260630-0100,1,2026-06-30 21:00:49,  Bugis  ,SOK-W-02,Women's Pile Crew Socks,Socks,Women,5.9,5.9,False,1,5.9,CASH
BUG-20260630-0540,2,2026-06-30 21:07:16,  bugis  ,TOP-W-01,Women's Airism Cotton Crew Neck T-Shirt,Tops,Women,14.9,14.9,False,1,14.9,Card
BUG-20260630-0043,1,2026-06-30 20:05:06,Bugis,SOK-W-04,Women's Ribbed Crew Socks,Socks,women,5.9,5.9,False,1,5.9,nets
PUN-20260630-0140,3,2026-06-30 12:39:17,Punggol,UND-M-04,Men's Cotton Crew Neck Undershirt,Underwear,Men,14.9,14.9,False,1,14.9,Card
PUN-20260630-0494,3,2026-06-30 19:56:18,Punggol,SOK-M-04,Men's Ribbed Crew Socks,Socks,Men,5.9,5.9,False,1,5.9,Card
PUN-20260630-0025,1,2026-06-30 14:03:12,Punggol,SOK-W-02,Women's Pile Crew Socks,Socks,Women,5.9,5.9,False,1,5.9,NETS
ORC-20260630-1061,1,2026-06-30 22:43:45,Orchard Central,BTM-M-04,Men's Dry Stretch Shorts,Bottoms,MEN,19.9,19.9,False,1,19.9,card
ORC-20260630-0819,1,2026-06-30 11:43:06,Orchard Central,SOK-M-03,Men's Airism Low-Cut Socks,Socks,Men,5.9,5.9,False,2,11.8,Card
ORC-20260630-0911,2,2026-06-30 19:34:56,  Orchard Central  ,SOK-M-03,Men's Airism Low-Cut Socks,Socks,Men,5.9,5.9,False,2,11.8,PayNow
PUN-20260630-0101,2,2026-06-30 22:57:14,Punggol,BTM-M-02,Men's Slim Fit Chino Trousers,Bottoms,Men,29.9,29.9,False,1,29.9,PayNow
ORC-20260630-0204,2,2026-06-30 17:50:44,Orchard Central,UND-W-01,  Women's Airism Bikini Shorts  ,Underwear,Women,9.9,9.9,False,1,9.9,nets
ORC-20260630-0147,1,2026-06-30 20:16:54,orchard central,SOK-M-04,  Men's Ribbed Crew Socks  ,Socks,Men,5.9,5.9,False,1,5.9,Card
ORC-20260630-0770,1,2026-06-30 17:12:48,Orchard Central,SOK-W-04,Women's Ribbed Crew Socks,Socks,WOMEN,5.9,5.9,False,1,5.9,Cash
ORC-20260630-0283,3,2026-06-30 16:27:45,Orchard Central,BTM-M-01,Men's Ezy Ankle Pants,Bottoms,Men,29.9,29.9,False,1,29.9,CARD
ORC-20260630-1072,2,2026-06-30 17:06:31,Orchard Central,UND-W-03,Women's Cotton Blend Briefs,Underwear,Women,9.9,9.9,False,1,9.9,PayNow
ORC-20260630-0209,1,2026-06-30 21:12:01,Orchard Central,TOP-M-03,Men's Dry-EX Crew Neck T-Shirt,Tops,Men,19.9,19.9,False,1,19.9,Cash
PUN-20260630-0078,1,2026-06-30 21:01:29,Punggol,UND-M-03,Men's Airism Mesh Boxer Briefs,Underwear,Men,14.9,14.9,False,1,14.9,PayNow
ORC-20260630-0821,2,2026-06-30 19:46:04,Orchard Central,BTM-W-01,Women's Ultra Stretch Skinny Jeans,Bottoms,Women,39.9,39.9,False,1,39.9,PayNow
BUG-20260630-0600,2,2026-06-30 16:18:23,Bugis,BTM-W-03,Women's Ezy Ankle Pants,Bottoms,Women,29.9,29.9,False,1,29.9,PAYNOW
BUG-20260630-0440,1,2026-06-30 18:04:10,Bugis,BTM-W-03,Women's Ezy Ankle Pants,Bottoms,Women,29.9,29.9,False,1,29.9,CARD
PUN-20260630-0554,1,2026-06-30 17:07:27,punggol,SOK-M-04,Men's Ribbed Crew Socks,Socks,Men,5.9,5.9,False,1,5.9,Cash
ORC-20260630-0644,1,2026-06-30 20:28:27,ORCHARD CENTRAL,UND-W-01,Women's Airism Bikini Shorts,Underwear,Women,9.9,9.9,False,1,9.9,NETS
BUG-20260630-0895,1,2026-06-30 21:44:37,Bugis,SOK-W-02,Women's Pile Crew Socks,Socks,Women,5.9,5.9,False,1,5.9,PayNow
ORC-20260630-0803,3,2026-06-30 15:49:05,orchard central,SOK-M-03,Men's Airism Low-Cut Socks,Socks,Men,5.9,5.9,False,1,5.9,Card
BUG-20260630-0765,1,2026-06-30 21:40:25,bugis,TOP-W-04,Women's Heattech Crew Neck Long Sleeve Tee,Tops,Women,14.9,14.9,False,1,14.9,PayNow
BUG-20260630-0188,1,2026-06-30 21:06:32,Bugis,BTM-W-07,Women's Linen Blend Wide Pants,Bottoms,Women,39.9,39.9,False,1,39.9,Cash
BUG-20260630-0268,2,2026-06-30 22:03:05,Bugis,SOK-W-04,Women's Ribbed Crew Socks,Socks,Women,5.9,5.9,False,1,5.9,PayNow
PUN-20260630-0202,3,2026-06-30 22:33:20,Punggol,SOK-W-03,Women's Airism Low-Cut Socks,Socks,Women,5.9,5.9,False,1,5.9,Card
ORC-20260630-0231,1,2026-06-30 20:26:32,Orchard Central,SOK-W-04,Women's Ribbed Crew Socks,Socks,women,5.9,5.9,False,1,5.9,Card
BUG-20260630-0597,2,2026-06-30 19:43:27,Bugis,SOK-W-01,  Women's Ankle Socks 3-Pack  ,Socks,Women,14.9,14.9,False,1,14.9,card
ORC-20260630-0488,3,2026-06-30 20:19:15,Orchard Central,BTM-M-03,Men's Selvedge Regular Fit Jeans,Bottoms,Men,59.9,59.9,False,1,59.9,card
BUG-20260630-0430,1,2026-06-30 21:12:45,Bugis,SOK-W-02,  Women's Pile Crew Socks  ,Socks,Women,5.9,5.9,False,1,5.9,card
PUN-20260630-0221,1,2026-06-30 21:59:00,Punggol,TOP-M-01,Men's Airism Cotton Crew Neck T-Shirt,Tops,Men,14.9,14.9,False,1,14.9,PayNow
ORC-20260630-0571,2,2026-06-30 19:11:00,Orchard Central,TOP-W-04,Women's Heattech Crew Neck Long Sleeve Tee,Tops,Women,14.9,14.9,False,1,14.9,Cash
ORC-20260630-0897,2,2026-06-30 19:32:22,Orchard Central,TOP-W-08,Women's Puff Sleeve Blouse,Tops,Women,29.9,29.9,False,1,29.9,Cash
ORC-20260630-0627,2,2026-06-30 13:56:48,Orchard Central,SOK-M-03,Men's Airism Low-Cut Socks,Socks,Men,5.9,5.9,False,1,5.9,PayNow
PUN-20260630-0550,2,2026-06-30 20:08:39,Punggol,TOP-W-04,Women's Heattech Crew Neck Long Sleeve Tee,Tops,Women,14.9,14.9,False,1,14.9,Cash
ORC-20260630-0746,1,2026-06-30 17:55:26,Orchard Central,UND-M-04,Men's Cotton Crew Neck Undershirt,Underwear,Men,14.9,14.9,False,1,14.9,Card
ORC-20260630-1021,1,2026-06-30 20:53:14,Orchard Central,UND-W-01,Women's Airism Bikini Shorts,Underwear,Women,9.9,9.9,False,1,9.9,PayNow
BUG-20260630-0678,1,2026-06-30 11:48:44,Bugis,SOK-M-03,Men's Airism Low-Cut Socks,Socks,Men,5.9,5.9,False,1,5.9,Card
ORC-20260630-0786,1,2026-06-30 21:18:14,Orchard Central,TOP-M-04,Men's Oxford Long Sleeve Shirt,Tops,Men,29.9,29.9,False,1,29.9,Cash
ORC-20260630-0925,1,2026-06-30 13:58:39,Orchard Central,SOK-M-05,Men's Sport Ankle Socks,Socks,Men,4.36,5.9,True,1,4.36,Cash
PUN-20260630-0189,2,2026-06-30 19:00:22,Punggol,SOK-W-06,Women's Heattech Socks,Socks,Women,9.9,9.9,False,1,9.9,Card
BUG-20260630-0859,1,2026-06-30 20:15:08,  Bugis  ,TOP-W-01,Women's Airism Cotton Crew Neck T-Shirt,Tops,Women,14.9,14.9,False,1,14.9,Card
BUG-20260630-0121,2,2026-06-30 15:03:18,Bugis,SOK-W-03,Women's Airism Low-Cut Socks,Socks,Women,5.9,5.9,False,2,11.8,Cash
ORC-20260630-0192,2,2026-06-30 20:36:35,  Orchard Central  ,UND-M-01,Men's Airism Boxer Briefs,Underwear,Men,14.9,14.9,False,1,14.9,Cash
ORC-20260630-0769,2,2026-06-30 21:57:14,Orchard Central,SOK-W-04,Women's Ribbed Crew Socks,Socks,Women,5.9,5.9,False,2,11.8,Card
ORC-20260630-0382,2,2026-06-30 20:34:16,Orchard Central,SOK-M-02,Men's Pile Crew Socks,Socks,Men,5.9,5.9,False,1,5.9,PayNow
PUN-20260630-0619,2,2026-06-30 20:03:56,Punggol,SOK-W-02,Women's Pile Crew Socks,socks,Women,5.9,5.9,False,1,5.9,Card
PUN-20260630-0571,2,2026-06-30 12:00:39,Punggol,BTM-M-02,Men's Slim Fit Chino Trousers,Bottoms,Men,29.9,29.9,False,1,29.9,NETS
ORC-20260630-0869,2,2026-06-30 20:23:54,Orchard Central,SOK-M-03,Men's Airism Low-Cut Socks,Socks,Men,5.9,5.9,False,2,11.8,Cash
ORC-20260630-0221,1,2026-06-30 19:48:20,Orchard Central,SOK-M-02,Men's Pile Crew Socks,Socks,Men,5.9,5.9,False,1,5.9,Cash
ORC-20260630-0293,2,2026-06-30 18:16:00,Orchard Central,UND-M-02,Men's Cotton Blend Trunks,Underwear,Men,14.9,14.9,False,1,14.9,PayNow
BUG-20260630-0665,2,2026-06-30 14:27:29,BUGIS,UND-W-03,Women's Cotton Blend Briefs,Underwear,Women,9.9,9.9,False,1,9.9,Card
BUG-20260630-0301,3,2026-06-30 20:52:32,Bugis,UND-W-01,Women's Airism Bikini Shorts,UNDERWEAR,Women,9.9,9.9,False,1,9.9,PayNow
PUN-20260630-0032,1,2026-06-30 17:03:06,Punggol,SOK-M-04,Men's Ribbed Crew Socks,Socks,Men,5.9,5.9,False,1,5.9,Cash
PUN-20260630-0018,2,2026-06-30 19:30:54,Punggol,UND-W-01,Women's Airism Bikini Shorts,UNDERWEAR,Women,9.9,9.9,False,1,9.9,Card
BUG-20260630-0710,2,2026-06-30 22:23:28,Bugis,SOK-W-02,Women's Pile Crew Socks,Socks,Women,5.9,5.9,False,1,5.9,NETS
ORC-20260630-0874,1,2026-06-30 17:13:03,Orchard Central,BTM-M-03,  Men's Selvedge Regular Fit Jeans  ,Bottoms,Men,59.9,59.9,False,1,$59.9,
BUG-20260630-0926,1,2026-06-30 17:15:13,Bugis,SOK-W-01,Women's Ankle Socks 3-Pack,Socks,Women,14.9,14.9,False,1,14.9,cash
PUN-20260630-0138,3,2026-06-30 16:50:42,Punggol,TOP-M-01,Men's Airism Cotton Crew Neck T-Shirt,Tops,Men,14.9,14.9,False,1,14.9,PayNow
PUN-20260630-0406,2,2026-06-30 13:31:30,Punggol,SOK-M-04,Men's Ribbed Crew Socks,Socks,MEN,5.9,5.9,False,1,5.9,PayNow
PUN-20260630-0403,3,2026-06-30 15:13:30,PUNGGOL,TOP-M-01,Men's Airism Cotton Crew Neck T-Shirt,Tops,Men,14.9,14.9,False,1,14.9,Card
ORC-20260630-0070,2,2026-06-30 12:39:49,Orchard Central,SOK-M-02,Men's Pile Crew Socks,Socks,Men,5.9,5.9,False,1,5.9,Card
BUG-20260630-0061,2,2026-06-30 21:12:06,Bugis,SOK-W-03,  Women's Airism Low-Cut Socks  ,Socks,Women,5.9,5.9,False,1,5.9,paynow
BUG-20260630-0768,3,2026-06-30 19:17:20,  bugis  ,UND-M-07,Men's Stretch Cotton Boxers,Underwear,Men,14.9,14.9,False,1,14.9,NETS
ORC-20260630-0200,3,2026-06-30 19:15:17,Orchard Central,SOK-M-04,Men's Ribbed Crew Socks,socks,Men,5.9,5.9,False,1,5.9,Card
BUG-20260630-0114,2,2026-06-30 17:25:13,  Bugis  ,SOK-M-02,Men's Pile Crew Socks,Socks,Men,5.9,5.9,False,1,5.9,Card
BUG-20260630-0204,1,2026-06-30 14:02:09,bugis,TOP-M-02,Men's Supima Cotton Polo Shirt,Tops,Men,29.9,29.9,False,1,29.9,Card
ORC-20260630-0175,1,2026-06-30 20:01:00,Orchard Central,TOP-W-06,Women's Linen Blend Short Sleeve Shirt,Tops,Women,19.72,29.9,True,1,19.72,PAYNOW
ORC-20260630-0056,1,2026-06-30 21:33:59,ORCHARD CENTRAL,SOK-M-05,Men's Sport Ankle Socks,Socks,Men,4.36,5.9,True,1,4.36,PayNow
ORC-20260630-0430,1,2026-06-30 21:31:06,Orchard Central,BTM-M-07,Men's Smart Ankle Pants,Bottoms,Men,39.9,39.9,False,1,39.9,Paynow
ORC-20260630-0243,1,2026-06-30 20:19:40,Orchard Central,UND-W-03,Women's Cotton Blend Briefs,Underwear,Women,9.9,9.9,False,1,9.9,PayNow
ORC-20260630-0219,1,2026-06-30 12:18:49,Orchard Central,SOK-M-02,Men's Pile Crew Socks,Socks,Men,5.9,5.9,False,1,5.9,
ORC-20260630-0390,2,2026-06-30 12:07:20,  Orchard Central  ,UND-M-10,Men's Cotton Blend Briefs,Underwear,Men,9.9,9.9,False,2,19.8,PayNow
BUG-20260630-0662,2,2026-06-30 13:48:03,Bugis,SOK-M-09,Men's No-Show Sneaker Socks,Socks,Men,4.17,5.9,True,1,4.17,card
BUG-20260630-0456,1,2026-06-30 21:33:29,BUGIS,SOK-W-01,Women's Ankle Socks 3-Pack,Socks,WOMEN,14.9,14.9,False,1,14.9,Card
BUG-20260630-0732,1,2026-06-30 20:45:37,  Bugis  ,SOK-W-04,Women's Ribbed Crew Socks,Socks,Women,$5.9,5.9,False,2,11.8,card
ORC-20260630-0927,1,2026-06-30 17:17:30,ORCHARD CENTRAL,SOK-M-02,Men's Pile Crew Socks,Socks,Men,5.9,5.9,False,1,5.9,
PUN-20260630-0081,2,2026-06-30 20:06:00,Punggol,TOP-W-02,Women's Ribbed Long Sleeve Turtleneck,Tops,WOMEN,19.9,19.9,False,1,19.9,Card
BUG-20260630-0297,1,2026-06-30 17:15:44,BUGIS,BTM-W-04,Women's Denim Straight Jeans,Bottoms,Women,49.9,49.9,False,1,49.9,Card
ORC-20260630-0322,2,2026-06-30 20:16:34,Orchard Central,SOK-M-04,Men's Ribbed Crew Socks,Socks,men,5.9,5.9,False,1,5.9,PayNow
BUG-20260630-0889,2,2026-06-30 21:33:33,Bugis,BTM-W-02,Women's High-Rise Wide Leg Pants,Bottoms,Women,39.9,39.9,False,1,39.9,Cash
PUN-20260630-0386,1,2026-06-30 19:15:27,Punggol,UND-M-04,Men's Cotton Crew Neck Undershirt,Underwear,Men,14.9,14.9,False,1,14.9,Cash
ORC-20260630-0509,2,2026-06-30 19:22:31,  Orchard Central  ,BTM-M-04,Men's Dry Stretch Shorts,Bottoms,Men,19.9,19.9,False,1,19.9,PayNow
BUG-20260630-0959,2,2026-06-30 19:47:11,Bugis,TOP-W-01,  Women's Airism Cotton Crew Neck T-Shirt  ,Tops,Women,14.9,14.9,False,1,14.9,Card
ORC-20260630-0580,2,2026-06-30 20:52:10,Orchard Central,SOK-M-04,Men's Ribbed Crew Socks,Socks,Men,5.9,5.9,False,1,5.9,Card
ORC-20260630-0937,2,2026-06-30 19:54:22,Orchard Central,UND-W-01,Women's Airism Bikini Shorts,Underwear,Women,9.9,9.9,False,2,19.8,PayNow
ORC-20260630-0142,2,2026-06-30 16:23:31,Orchard Central,SOK-M-03,Men's Airism Low-Cut Socks,Socks,Men,5.9,5.9,False,2,11.8,PayNow
ORC-20260630-1022,2,2026-06-30 19:28:37,Orchard Central,SOK-W-02,Women's Pile Crew Socks,Socks,Women,5.9,5.9,False,1,5.9,PayNow
ORC-20260630-0536,2,2026-06-30 20:00:31,orchard central,TOP-M-01,Men's Airism Cotton Crew Neck T-Shirt,Tops,Men,14.9,14.9,False,1,14.9,Card
ORC-20260630-0541,1,2026-06-30 21:44:32,Orchard Central,SOK-W-01,Women's Ankle Socks 3-Pack,Socks,Women,14.9,14.9,False,1,$14.9,PayNow
BUG-20260630-0346,2,2026-06-30 20:39:33,Bugis,SOK-W-04,  Women's Ribbed Crew Socks  ,Socks,women,5.9,5.9,False,1,5.9,Card
PUN-20260630-0009,2,2026-06-30 12:03:28,Punggol,SOK-W-03,Women's Airism Low-Cut Socks,Socks,Women,5.9,5.9,False,1,5.9,Card
BUG-20260630-0366,2,2026-06-30 19:16:41,Bugis,SOK-M-09,Men's No-Show Sneaker Socks,Socks,Men,4.17,5.9,True,1,4.17,Paynow
ORC-20260630-0659,1,2026-06-30 20:04:09,Orchard Central,BTM-M-01,Men's Ezy Ankle Pants,Bottoms,Men,29.9,29.9,False,1,29.9,PayNow
BUG-20260630-0584,2,2026-06-30 20:34:15,Bugis,SOK-M-03,Men's Airism Low-Cut Socks,socks,Men,5.9,5.9,False,1,5.9,Card
ORC-20260630-0743,1,2026-06-30 19:05:31,Orchard Central,TOP-W-01,Women's Airism Cotton Crew Neck T-Shirt,tops,Women,14.9,14.9,False,1,14.9,card
BUG-20260630-0837,3,2026-06-30 20:17:39,Bugis,SOK-W-02,Women's Pile Crew Socks,Socks,Women,5.9,5.9,False,2,11.8,Card
BUG-20260630-0316,1,2026-06-30 21:05:46,Bugis,UND-W-01,Women's Airism Bikini Shorts,Underwear,Women,9.9,9.9,False,1,9.9,Cash
BUG-20260630-0449,1,2026-06-30 19:56:06,Bugis,BTM-M-04,Men's Dry Stretch Shorts,BOTTOMS,Men,19.9,19.9,False,1,19.9,CARD
BUG-20260630-0147,1,2026-06-30 22:14:11,Bugis,UND-W-03,Women's Cotton Blend Briefs,Underwear,Women,9.9,9.9,False,1,9.9,Cash
ORC-20260630-0895,3,2026-06-30 20:39:00,Orchard Central,BTM-M-01,Men's Ezy Ankle Pants,Bottoms,Men,$29.9,29.9,False,1,29.9,NETS
PUN-20260630-0548,1,2026-06-30 12:55:04,Punggol,UND-M-04,  Men's Cotton Crew Neck Undershirt  ,Underwear,Men,14.9,14.9,False,1,14.9,Cash
ORC-20260630-0654,3,2026-06-30 17:01:04,Orchard Central,SOK-W-02,Women's Pile Crew Socks,Socks,Women,5.9,5.9,False,1,5.9,PayNow
ORC-20260630-0972,1,2026-06-30 19:03:10,Orchard Central,TOP-M-02,Men's Supima Cotton Polo Shirt,Tops,Men,29.9,29.9,False,1,29.9,PayNow
ORC-20260630-0932,2,2026-06-30 19:49:06,Orchard Central,BTM-M-02,Men's Slim Fit Chino Trousers,Bottoms,Men,29.9,29.9,False,1,29.9,NETS
PUN-20260630-0140,2,2026-06-30 12:39:17,Punggol,TOP-M-03,Men's Dry-EX Crew Neck T-Shirt,tops,Men,19.9,19.9,False,1,19.9,card
ORC-20260630-0457,1,2026-06-30 18:44:13,Orchard Central,SOK-M-02,Men's Pile Crew Socks,Socks,Men,5.9,5.9,False,1,5.9,CARD
ORC-20260630-0190,3,2026-06-30 22:58:14,Orchard Central,SOK-W-02,Women's Pile Crew Socks,socks,Women,5.9,5.9,False,1,5.9,Card
PUN-20260630-0232,1,2026-06-30 18:05:46,PUNGGOL,UND-W-02,Women's Wireless Bra,Underwear,women,29.9,29.9,False,1,29.9,Card
ORC-20260630-0750,1,2026-06-30 15:51:38,Orchard Central,TOP-W-03,Women's Silky Satin Blouse,Tops,women,39.9,39.9,False,1,39.9,Card
ORC-20260630-0457,2,2026-06-30 18:44:13,Orchard Central,UND-M-04,Men's Cotton Crew Neck Undershirt,Underwear,Men,14.9,14.9,False,1,14.9,Card
BUG-20260630-0156,2,2026-06-30 16:58:00,Bugis,TOP-M-04,Men's Oxford Long Sleeve Shirt,Tops,Men,29.9,29.9,False,1,29.9,Card
ORC-20260630-0901,1,2026-06-30 18:15:25,Orchard Central,SOK-W-01,Women's Ankle Socks 3-Pack,Socks,Women,14.9,14.9,False,1,14.9,Card
BUG-20260630-0127,1,2026-06-30 21:18:22,Bugis,UND-W-03,Women's Cotton Blend Briefs,underwear,Women,9.9,9.9,False,1,9.9,Card
ORC-20260630-0038,1,2026-06-30 12:12:26,Orchard Central,BTM-W-03,Women's Ezy Ankle Pants,Bottoms,Women,29.9,29.9,False,1,29.9,Card
PUN-20260630-0504,2,2026-06-30 19:39:24,Punggol,BTM-W-02,Women's High-Rise Wide Leg Pants,Bottoms,Women,39.9,39.9,False,1,39.9,card
PUN-20260630-0385,1,2026-06-30 20:27:27,  Punggol  ,TOP-W-01,Women's Airism Cotton Crew Neck T-Shirt,Tops,Women,14.9,14.9,False,1,$14.9,Cash
ORC-20260630-0253,1,2026-06-30 18:25:24,Orchard Central,SOK-W-04,Women's Ribbed Crew Socks,Socks,WOMEN,5.9,5.9,False,1,5.9,Cash
BUG-20260630-0210,1,2026-06-30 20:18:04,Bugis,SOK-W-01,Women's Ankle Socks 3-Pack,Socks,Women,14.9,14.9,False,1,14.9,card
BUG-20260630-0936,2,2026-06-30 21:02:39,Bugis,UND-M-03,Men's Airism Mesh Boxer Briefs,Underwear,Men,14.9,14.9,False,1,14.9,Card
PUN-20260630-0423,3,2026-06-30 18:36:40,Punggol,UND-M-04,Men's Cotton Crew Neck Undershirt,Underwear,Men,14.9,14.9,False,1,14.9,CASH
ORC-20260630-0892,2,2026-06-30 12:10:42,Orchard Central,UND-W-10,Women's Wireless Bralette,Underwear,Women,29.9,29.9,False,1,29.9,Card
PUN-20260630-0456,2,2026-06-30 21:54:16,Punggol,TOP-W-02,Women's Ribbed Long Sleeve Turtleneck,Tops,Women,19.9,19.9,False,1,19.9,Card
BUG-20260630-0757,2,2026-06-30 17:46:02,Bugis,TOP-M-04,Men's Oxford Long Sleeve Shirt,TOPS,Men,29.9,29.9,False,1,29.9,Card
ORC-20260630-0904,1,2026-06-30 17:28:00,Orchard Central,SOK-M-03,Men's Airism Low-Cut Socks,Socks,Men,5.9,5.9,False,2,11.8,paynow
ORC-20260630-0884,1,2026-06-30 19:13:01,Orchard Central,SOK-M-03,Men's Airism Low-Cut Socks,SOCKS,Men,5.9,5.9,False,1,5.9,Card
BUG-20260630-0887,2,2026-06-30 18:26:17,Bugis,UND-W-03,Women's Cotton Blend Briefs,Underwear,Women,9.9,9.9,False,1,9.9,Cash
BUG-20260630-0971,1,2026-06-30 15:04:51,Bugis,TOP-M-01,Men's Airism Cotton Crew Neck T-Shirt,Tops,Men,14.9,14.9,False,1,14.9,Cash
BUG-20260630-0775,2,2026-06-30 15:44:19,Bugis,BTM-M-04,Men's Dry Stretch Shorts,bottoms,Men,19.9,19.9,False,1,19.9,Cash
ORC-20260630-0101,3,2026-06-30 19:49:57,  Orchard Central  ,SOK-M-02,Men's Pile Crew Socks,Socks,Men,5.9,5.9,False,1,5.9,Cash
PUN-20260630-0275,1,2026-06-30 13:50:03,Punggol,SOK-W-01,Women's Ankle Socks 3-Pack,Socks,Women,14.9,14.9,False,1,14.9,NETS
BUG-20260630-0945,1,2026-06-30 20:35:12,Bugis,UND-M-02,  Men's Cotton Blend Trunks  ,Underwear,Men,14.9,14.9,False,2,29.8,
ORC-20260630-0154,3,2026-06-30 20:27:31,Orchard Central,SOK-M-02,Men's Pile Crew Socks,Socks,Men,5.9,5.9,False,1,5.9,NETS
ORC-20260630-0755,1,2026-06-30 19:22:06,Orchard Central,UND-W-01,Women's Airism Bikini Shorts,Underwear,Women,9.9,9.9,False,1,9.9,Cash
BUG-20260630-0945,2,2026-06-30 20:35:12,Bugis,SOK-W-03,Women's Airism Low-Cut Socks,Socks,Women,5.9,5.9,False,1,5.9,Card
ORC-20260630-0499,3,2026-06-30 12:44:11,Orchard Central,UND-W-02,Women's Wireless Bra,Underwear,Women,29.9,29.9,False,1,29.9,Card
ORC-20260630-0407,1,2026-06-30 20:00:54,Orchard Central,SOK-W-04,Women's Ribbed Crew Socks,Socks,Women,$5.9,5.9,False,1,5.9,Card
ORC-20260630-0770,2,2026-06-30 17:12:48,Orchard Central,UND-W-01,Women's Airism Bikini Shorts,Underwear,Women,9.9,9.9,False,2,19.8,Cash
ORC-20260630-0026,2,2026-06-30 12:32:48,ORCHARD CENTRAL,UND-M-04,Men's Cotton Crew Neck Undershirt,Underwear,Men,14.9,14.9,False,1,14.9,paynow
ORC-20260630-0303,2,2026-06-30 14:29:00,Orchard Central,SOK-M-02,Men's Pile Crew Socks,Socks,Men,5.9,5.9,False,1,5.9,card
PUN-20260630-0287,2,2026-06-30 13:10:38,Punggol,SOK-W-03,Women's Airism Low-Cut Socks,Socks,Women,5.9,5.9,False,2,11.8,NETS
ORC-20260630-0988,2,2026-06-30 17:11:56,orchard central,UND-W-01,Women's Airism Bikini Shorts,Underwear,Women,9.9,9.9,False,1,9.9,NETS
ORC-20260630-0186,2,2026-06-30 20:28:02,Orchard Central,SOK-M-04,Men's Ribbed Crew Socks,Socks,Men,5.9,5.9,False,1,5.9,Card
ORC-20260630-0139,1,2026-06-30 19:36:25,Orchard Central,SOK-M-04,Men's Ribbed Crew Socks,Socks,Men,$5.9,5.9,False,1,5.9,NETS
BUG-20260630-0190,3,2026-06-30 20:56:45,Bugis,SOK-W-02,Women's Pile Crew Socks,Socks,Women,5.9,5.9,False,1,5.9,Cash
BUG-20260630-0464,2,2026-06-30 21:35:36,Bugis,SOK-W-03,Women's Airism Low-Cut Socks,Socks,Women,5.9,5.9,False,1,5.9,Card
PUN-20260630-0483,3,2026-06-30 12:41:00,Punggol,UND-W-09,Women's Cotton Boyshorts,Underwear,Women,$9.9,9.9,False,1,9.9,CARD
ORC-20260630-0871,1,2026-06-30 17:51:21,  Orchard Central  ,TOP-M-02,Men's Supima Cotton Polo Shirt,Tops,Men,29.9,29.9,False,1,29.9,Card
BUG-20260630-0261,3,2026-06-30 19:57:07,Bugis,SOK-W-02,Women's Pile Crew Socks,Socks,Women,5.9,5.9,False,1,5.9,Card
BUG-20260630-0012,1,2026-06-30 18:12:28,Bugis,UND-M-04,Men's Cotton Crew Neck Undershirt,UNDERWEAR,Men,14.9,14.9,False,2,29.8,Card
ORC-20260630-0108,1,2026-06-30 20:31:24,Orchard Central,TOP-M-04,Men's Oxford Long Sleeve Shirt,Tops,Men,29.9,29.9,False,1,29.9,Cash
PUN-20260630-0065,1,2026-06-30 17:26:25,Punggol,UND-W-04,Women's Airism T-Shirt Bra,Underwear,Women,29.9,29.9,False,1,29.9,PayNow
BUG-20260630-0867,1,2026-06-30 20:42:24,  Bugis  ,SOK-M-01,Men's Ankle Socks 3-Pack,Socks,Men,14.9,14.9,False,2,29.8,Card
ORC-20260630-0660,2,2026-06-30 19:23:35,Orchard Central,TOP-M-03,Men's Dry-EX Crew Neck T-Shirt,Tops,Men,19.9,19.9,False,1,19.9,PayNow
ORC-20260630-1086,1,2026-06-30 15:57:21,Orchard Central,BTM-W-03,Women's Ezy Ankle Pants,Bottoms,Women,29.9,29.9,False,1,29.9,Card
PUN-20260630-0041,2,2026-06-30 21:41:04,Punggol,SOK-W-06,Women's Heattech Socks,socks,Women,9.9,9.9,False,1,9.9,Card
PUN-20260630-0466,2,2026-06-30 18:39:54,Punggol,SOK-W-01,Women's Ankle Socks 3-Pack,Socks,Women,14.9,14.9,False,1,14.9,Card
BUG-20260630-0232,2,2026-06-30 20:59:06,Bugis,UND-W-01,Women's Airism Bikini Shorts,Underwear,women,9.9,9.9,False,2,19.8,NETS
PUN-20260630-0293,1,2026-06-30 16:35:45,Punggol,UND-W-01,Women's Airism Bikini Shorts,Underwear,Women,9.9,9.9,False,1,9.9,NETS
PUN-20260630-0574,2,2026-06-30 19:24:11,Punggol,SOK-W-04,Women's Ribbed Crew Socks,socks,Women,5.9,5.9,False,1,5.9,Card
BUG-20260630-0632,1,2026-06-30 22:35:57,Bugis,SOK-M-02,Men's Pile Crew Socks,Socks,Men,5.9,5.9,False,1,5.9,Card
ORC-20260630-0812,1,2026-06-30 11:45:19,Orchard Central,SOK-M-02,  Men's Pile Crew Socks  ,Socks,men,5.9,5.9,False,1,5.9,PayNow
ORC-20260630-0502,1,2026-06-30 20:41:27,ORCHARD CENTRAL,TOP-M-03,Men's Dry-EX Crew Neck T-Shirt,Tops,Men,19.9,19.9,False,1,19.9,Card
PUN-20260630-0333,2,2026-06-30 15:01:35,Punggol,SOK-M-02,Men's Pile Crew Socks,Socks,Men,5.9,5.9,False,1,5.9,Cash
PUN-20260630-0164,1,2026-06-30 14:48:04,Punggol,TOP-M-03,Men's Dry-EX Crew Neck T-Shirt,Tops,MEN,19.9,19.9,False,1,19.9,PayNow
ORC-20260630-0215,2,2026-06-30 19:46:09,  Orchard Central  ,TOP-W-01,Women's Airism Cotton Crew Neck T-Shirt,Tops,Women,14.9,14.9,False,1,14.9,Card
ORC-20260630-0101,1,2026-06-30 19:49:57,Orchard Central,UND-W-02,Women's Wireless Bra,Underwear,Women,29.9,29.9,False,1,29.9,Cash
BUG-20260630-0757,1,2026-06-30 17:46:02,Bugis,TOP-W-02,Women's Ribbed Long Sleeve Turtleneck,Tops,Women,19.9,19.9,False,1,19.9,Card
BUG-20260630-0195,1,2026-06-30 20:39:45,Bugis,UND-W-03,Women's Cotton Blend Briefs,UNDERWEAR,Women,9.9,9.9,False,1,9.9,Card
ORC-20260630-0860,2,2026-06-30 16:27:40,Orchard Central,SOK-M-03,  Men's Airism Low-Cut Socks  ,Socks,Men,5.9,5.9,False,2,11.8,Card
BUG-20260630-0646,2,2026-06-30 18:47:58,Bugis,SOK-W-03,Women's Airism Low-Cut Socks,Socks,Women,5.9,5.9,False,1,5.9,Card
PUN-20260630-0401,1,2026-06-30 18:39:40,Punggol,SOK-W-04,Women's Ribbed Crew Socks,Socks,Women,5.9,5.9,False,1,5.9,Paynow
ORC-20260630-0686,3,2026-06-30 17:36:39,Orchard Central,SOK-W-04,Women's Ribbed Crew Socks,Socks,Women,5.9,5.9,False,1,5.9,
PUN-20260630-0590,2,2026-06-30 20:05:42,Punggol,SOK-W-02,Women's Pile Crew Socks,Socks,Women,5.9,5.9,False,1,5.9,Card
ORC-20260630-0066,1,2026-06-30 19:47:42,ORCHARD CENTRAL,SOK-W-01,Women's Ankle Socks 3-Pack,Socks,Women,14.9,14.9,False,1,14.9,Cash
PUN-20260630-0289,1,2026-06-30 13:21:38,Punggol,SOK-W-05,Women's Sport Ankle Socks,Socks,Women,4.27,5.9,True,1,4.27,Card
BUG-20260630-0963,1,2026-06-30 20:28:07,  Bugis  ,UND-M-02,Men's Cotton Blend Trunks,underwear,Men,14.9,14.9,False,1,14.9,Cash
ORC-20260630-0930,2,2026-06-30 16:55:37,Orchard Central,SOK-W-04,Women's Ribbed Crew Socks,Socks,Women,5.9,5.9,False,1,5.9,Cash
ORC-20260630-0876,1,2026-06-30 12:33:00,Orchard Central,TOP-W-01,Women's Airism Cotton Crew Neck T-Shirt,Tops,Women,14.9,14.9,False,1,14.9,Card
BUG-20260630-0092,1,2026-06-30 12:46:21,Bugis,UND-W-01,Women's Airism Bikini Shorts,UNDERWEAR,Women,9.9,9.9,False,1,9.9,PAYNOW
ORC-20260630-0965,2,2026-06-30 21:58:58,Orchard Central,BTM-M-04,Men's Dry Stretch Shorts,Bottoms,Men,19.9,19.9,False,1,19.9,PAYNOW
PUN-20260630-0304,1,2026-06-30 21:00:17,Punggol,SOK-W-03,Women's Airism Low-Cut Socks,Socks,Women,5.9,5.9,False,1,$5.9,Cash
ORC-20260630-0836,2,2026-06-30 17:06:26,  Orchard Central  ,SOK-M-03,Men's Airism Low-Cut Socks,Socks,Men,5.9,5.9,False,1,5.9,Cash
BUG-20260630-0825,1,2026-06-30 18:39:45,Bugis,SOK-W-07,Women's Striped Crew Socks,Socks,Women,5.9,5.9,False,1,5.9,paynow
ORC-20260630-0330,1,2026-06-30 13:17:47,  Orchard Central  ,TOP-W-01,Women's Airism Cotton Crew Neck T-Shirt,Tops,Women,14.9,14.9,False,1,14.9,Card
ORC-20260630-0609,1,2026-06-30 19:48:30,orchard central,SOK-W-02,Women's Pile Crew Socks,Socks,Women,5.9,5.9,False,1,5.9,Card
ORC-20260630-0902,1,2026-06-30 14:23:02,  Orchard Central  ,SOK-M-03,Men's Airism Low-Cut Socks,Socks,Men,5.9,5.9,False,1,5.9,Card
PUN-20260630-0532,2,2026-06-30 18:10:54,  Punggol  ,SOK-M-02,Men's Pile Crew Socks,Socks,Men,5.9,5.9,False,2,11.8,Card
PUN-20260630-0615,1,2026-06-30 12:16:50,Punggol,BTM-W-03,Women's Ezy Ankle Pants,Bottoms,Women,29.9,29.9,False,1,29.9,CASH
PUN-20260630-0331,1,2026-06-30 15:41:34,Punggol,SOK-W-02,Women's Pile Crew Socks,socks,Women,5.9,5.9,False,1,5.9,PayNow
BUG-20260630-0660,2,2026-06-30 19:34:21,Bugis,SOK-W-02,Women's Pile Crew Socks,Socks,women,5.9,5.9,False,1,5.9,PayNow
BUG-20260630-0478,1,2026-06-30 13:39:05,Bugis,TOP-M-03,Men's Dry-EX Crew Neck T-Shirt,TOPS,Men,19.9,19.9,False,1,19.9,NETS
PUN-20260630-0020,1,2026-06-30 17:00:58,Punggol,SOK-M-03,Men's Airism Low-Cut Socks,Socks,Men,5.9,5.9,False,1,5.9,Card
ORC-20260630-0468,1,2026-06-30 14:42:06,Orchard Central,BTM-W-02,Women's High-Rise Wide Leg Pants,Bottoms,women,39.9,39.9,False,1,39.9,NETS
ORC-20260630-0566,2,2026-06-30 18:21:46,orchard central,UND-W-03,Women's Cotton Blend Briefs,Underwear,Women,9.9,9.9,False,1,9.9,NETS
BUG-20260630-0767,1,2026-06-30 20:05:19,Bugis,SOK-M-09,Men's No-Show Sneaker Socks,Socks,Men,4.17,5.9,True,1,4.17,PayNow
BUG-20260630-0254,1,2026-06-30 21:08:10,Bugis,SOK-W-02,Women's Pile Crew Socks,Socks,Women,5.9,5.9,False,1,5.9,Card
ORC-20260630-0806,3,2026-06-30 20:13:52,Orchard Central,SOK-W-01,Women's Ankle Socks 3-Pack,Socks,WOMEN,$14.9,14.9,False,1,14.9,PayNow
PUN-20260630-0303,1,2026-06-30 19:48:34,Punggol,UND-M-04,Men's Cotton Crew Neck Undershirt,Underwear,Men,14.9,14.9,False,1,14.9,Card
BUG-20260630-0192,1,2026-06-30 13:59:34,BUGIS,UND-M-02,  Men's Cotton Blend Trunks  ,Underwear,Men,14.9,14.9,False,2,29.8,Cash
ORC-20260630-0672,3,2026-06-30 21:25:56,Orchard Central,UND-M-01,Men's Airism Boxer Briefs,Underwear,Men,14.9,14.9,False,1,14.9,Card
BUG-20260630-0397,1,2026-06-30 15:07:39,Bugis,TOP-W-06,Women's Linen Blend Short Sleeve Shirt,Tops,Women,19.72,29.9,True,1,19.72,Card
ORC-20260630-0308,1,2026-06-30 22:07:14,Orchard Central,UND-W-10,Women's Wireless Bralette,UNDERWEAR,WOMEN,29.9,29.9,False,1,29.9,Card
ORC-20260630-0152,1,2026-06-30 17:33:39,Orchard Central,TOP-W-03,Women's Silky Satin Blouse,Tops,Women,39.9,39.9,False,1,39.9,Cash
PUN-20260630-0008,3,2026-06-30 13:59:12,Punggol,SOK-W-03,Women's Airism Low-Cut Socks,Socks,Women,5.9,5.9,False,1,5.9,card
ORC-20260630-0033,3,2026-06-30 21:14:13,Orchard Central,SOK-M-04,Men's Ribbed Crew Socks,socks,Men,5.9,5.9,False,1,5.9,NETS
BUG-20260630-0604,3,2026-06-30 21:55:54,Bugis,SOK-M-02,Men's Pile Crew Socks,Socks,Men,5.9,5.9,False,1,5.9,Cash
PUN-20260630-0574,3,2026-06-30 19:24:11,Punggol,TOP-M-01,Men's Airism Cotton Crew Neck T-Shirt,Tops,Men,14.9,14.9,False,1,14.9,Card
BUG-20260630-0613,2,2026-06-30 20:29:51,Bugis,UND-M-04,Men's Cotton Crew Neck Undershirt,Underwear,Men,14.9,14.9,False,1,14.9,NETS
PUN-20260630-0537,1,2026-06-30 20:50:22,Punggol,SOK-W-05,Women's Sport Ankle Socks,Socks,Women,4.27,5.9,True,1,4.27,Card
BUG-20260630-0122,2,2026-06-30 22:54:56,Bugis,TOP-M-07,Men's Ultra Light Down Jacket,Tops,Men,79.9,79.9,False,1,79.9,Card
BUG-20260630-0637,3,2026-06-30 19:50:33,Bugis,SOK-M-03,Men's Airism Low-Cut Socks,Socks,Men,5.9,5.9,False,1,5.9,Cash
BUG-20260630-0173,1,2026-06-30 19:42:00,Bugis,SOK-W-04,Women's Ribbed Crew Socks,Socks,Women,5.9,5.9,False,1,5.9,Card
PUN-20260630-0575,1,2026-06-30 14:57:50,  Punggol  ,TOP-W-04,Women's Heattech Crew Neck Long Sleeve Tee,Tops,Women,14.9,14.9,False,1,14.9,PayNow
PUN-20260630-0113,1,2026-06-30 15:09:02,Punggol,SOK-W-02,Women's Pile Crew Socks,Socks,Women,5.9,5.9,False,1,5.9,NETS
ORC-20260630-0906,2,2026-06-30 11:02:03,  Orchard Central  ,UND-M-01,Men's Airism Boxer Briefs,Underwear,men,14.9,14.9,False,1,14.9,Card
ORC-20260630-0919,2,2026-06-30 19:52:14,Orchard Central,SOK-W-04,Women's Ribbed Crew Socks,Socks,women,5.9,5.9,False,1,5.9,PayNow
ORC-20260630-1091,2,2026-06-30 12:29:07,Orchard Central,UND-M-02,Men's Cotton Blend Trunks,Underwear,Men,14.9,14.9,False,1,14.9,Card
BUG-20260630-0256,2,2026-06-30 20:33:23,Bugis,SOK-W-04,Women's Ribbed Crew Socks,Socks,Women,5.9,5.9,False,1,5.9,Card
PUN-20260630-0014,1,2026-06-30 15:32:48,Punggol,BTM-M-01,Men's Ezy Ankle Pants,Bottoms,Men,29.9,29.9,False,1,29.9,PayNow
PUN-20260630-0361,2,2026-06-30 13:35:14,Punggol,SOK-W-02,Women's Pile Crew Socks,Socks,Women,5.9,5.9,False,1,5.9,PayNow
PUN-20260630-0247,1,2026-06-30 21:05:05,Punggol,TOP-W-01,Women's Airism Cotton Crew Neck T-Shirt,Tops,Women,14.9,14.9,False,1,14.9,NETS
BUG-20260630-0271,3,2026-06-30 19:24:29,Bugis,SOK-M-09,Men's No-Show Sneaker Socks,Socks,Men,4.17,5.9,True,2,8.34,Card
ORC-20260630-0748,1,2026-06-30 20:18:53,Orchard Central,TOP-W-02,  Women's Ribbed Long Sleeve Turtleneck  ,Tops,Women,19.9,19.9,False,1,19.9,Card
ORC-20260630-0901,2,2026-06-30 18:15:25,Orchard Central,SOK-M-03,Men's Airism Low-Cut Socks,Socks,Men,5.9,5.9,False,1,$5.9,Card
BUG-20260630-0500,2,2026-06-30 14:52:37,Bugis,UND-W-02,Women's Wireless Bra,Underwear,Women,29.9,29.9,False,1,29.9,PayNow
ORC-20260630-0594,1,2026-06-30 18:44:27,Orchard Central,SOK-M-05,Men's Sport Ankle Socks,Socks,Men,4.36,5.9,True,2,8.72,Card
PUN-20260630-0345,1,2026-06-30 21:46:34,Punggol,TOP-M-02,Men's Supima Cotton Polo Shirt,Tops,Men,29.9,29.9,False,1,29.9,Card
ORC-20260630-0781,3,2026-06-30 20:52:09,ORCHARD CENTRAL,TOP-M-01,Men's Airism Cotton Crew Neck T-Shirt,Tops,Men,14.9,14.9,False,1,14.9,Card
ORC-20260630-0951,1,2026-06-30 19:20:44,Orchard Central,TOP-M-02,Men's Supima Cotton Polo Shirt,Tops,Men,29.9,29.9,False,1,29.9,Cash
PUN-20260630-0182,3,2026-06-30 19:03:17,Punggol,SOK-W-01,Women's Ankle Socks 3-Pack,Socks,Women,14.9,14.9,False,1,14.9,Cash
PUN-20260630-0573,1,2026-06-30 20:03:58,PUNGGOL,TOP-W-06,Women's Linen Blend Short Sleeve Shirt,Tops,Women,19.72,29.9,True,1,19.72,NETS
PUN-20260630-0283,1,2026-06-30 19:31:52,Punggol,SOK-W-02,Women's Pile Crew Socks,Socks,Women,5.9,5.9,False,1,5.9,Card
ORC-20260630-0929,2,2026-06-30 22:41:52,orchard central,UND-W-03,Women's Cotton Blend Briefs,Underwear,women,9.9,9.9,False,1,9.9,PayNow
ORC-20260630-0393,1,2026-06-30 16:04:07,Orchard Central,SOK-W-04,Women's Ribbed Crew Socks,Socks,Women,5.9,5.9,False,1,5.9,PayNow
BUG-20260630-0573,2,2026-06-30 17:24:41,Bugis,UND-W-01,Women's Airism Bikini Shorts,Underwear,Women,9.9,9.9,False,1,9.9,CARD
PUN-20260630-0457,2,2026-06-30 19:43:17,punggol,UND-W-03,Women's Cotton Blend Briefs,Underwear,Women,9.9,9.9,False,1,9.9,Card
ORC-20260630-0410,1,2026-06-30 21:27:22,Orchard Central,SOK-W-02,Women's Pile Crew Socks,Socks,Women,5.9,5.9,False,1,5.9,cash
PUN-20260630-0400,2,2026-06-30 20:20:03,Punggol,SOK-M-03,Men's Airism Low-Cut Socks,Socks,Men,5.9,5.9,False,2,11.8,Card
ORC-20260630-0695,2,2026-06-30 18:00:17,Orchard Central,UND-M-02,  Men's Cotton Blend Trunks  ,Underwear,Men,14.9,14.9,False,2,29.8,Card
ORC-20260630-0317,1,2026-06-30 17:23:10,Orchard Central,UND-W-01,Women's Airism Bikini Shorts,Underwear,Women,9.9,9.9,False,1,9.9,NETS
BUG-20260630-0116,2,2026-06-30 21:33:33,Bugis,SOK-M-02,  Men's Pile Crew Socks  ,Socks,MEN,5.9,5.9,False,1,5.9,Card
ORC-20260630-0363,2,2026-06-30 21:41:16,Orchard Central,SOK-M-02,Men's Pile Crew Socks,Socks,Men,5.9,5.9,False,2,11.8,card
ORC-20260630-0855,2,2026-06-30 14:18:12,Orchard Central,UND-W-01,Women's Airism Bikini Shorts,Underwear,women,9.9,9.9,False,1,9.9,Card
ORC-20260630-0085,2,2026-06-30 19:31:58,Orchard Central,TOP-W-01,Women's Airism Cotton Crew Neck T-Shirt,Tops,Women,14.9,14.9,False,1,14.9,Cash
PUN-20260630-0317,1,2026-06-30 17:39:10,Punggol,SOK-M-01,Men's Ankle Socks 3-Pack,Socks,Men,14.9,14.9,False,1,14.9,PayNow
BUG-20260630-0681,3,2026-06-30 19:41:52,Bugis,SOK-W-03,Women's Airism Low-Cut Socks,Socks,Women,5.9,5.9,False,1,5.9,PayNow
ORC-20260630-0707,3,2026-06-30 19:12:25,Orchard Central,UND-M-02,Men's Cotton Blend Trunks,Underwear,Men,14.9,14.9,False,2,29.8,Cash
PUN-20260630-0620,2,2026-06-30 18:00:44,Punggol,SOK-W-03,Women's Airism Low-Cut Socks,Socks,Women,5.9,5.9,False,1,5.9,Card
BUG-20260630-0554,1,2026-06-30 13:10:07,Bugis,SOK-W-02,Women's Pile Crew Socks,Socks,Women,5.9,5.9,False,1,5.9,Card
BUG-20260630-0314,2,2026-06-30 20:16:43,Bugis,SOK-M-01,Men's Ankle Socks 3-Pack,Socks,Men,14.9,14.9,False,1,14.9,Cash
ORC-20260630-0514,1,2026-06-30 19:45:19,Orchard Central,SOK-W-02,Women's Pile Crew Socks,Socks,Women,5.9,5.9,False,1,5.9,NETS
PUN-20260630-0585,1,2026-06-30 17:19:58,  Punggol  ,SOK-W-04,Women's Ribbed Crew Socks,Socks,Women,5.9,5.9,False,1,5.9,PayNow
ORC-20260630-0035,1,2026-06-30 22:11:56,Orchard Central,SOK-W-02,  Women's Pile Crew Socks  ,Socks,Women,5.9,5.9,False,2,11.8,Cash
ORC-20260630-0581,2,2026-06-30 18:53:36,Orchard Central,SOK-M-02,Men's Pile Crew Socks,Socks,Men,5.9,5.9,False,1,5.9,Cash
PUN-20260630-0590,1,2026-06-30 20:05:42,punggol,SOK-M-04,Men's Ribbed Crew Socks,Socks,Men,5.9,5.9,False,1,5.9,CARD
PUN-20260630-0277,1,2026-06-30 14:08:18,Punggol,SOK-M-04,Men's Ribbed Crew Socks,Socks,Men,5.9,5.9,False,1,5.9,Card
BUG-20260630-0685,1,2026-06-30 18:13:49,Bugis,SOK-W-01,Women's Ankle Socks 3-Pack,Socks,Women,14.9,14.9,False,1,14.9,PayNow
ORC-20260630-0544,3,2026-06-30 18:40:29,Orchard Central,BTM-W-03,Women's Ezy Ankle Pants,Bottoms,Women,29.9,29.9,False,1,29.9,PayNow
BUG-20260630-0848,1,2026-06-30 20:25:48,Bugis,SOK-W-03,Women's Airism Low-Cut Socks,Socks,Women,5.9,5.9,False,1,5.9,PAYNOW
ORC-20260630-0965,1,2026-06-30 21:58:58,Orchard Central,TOP-W-01,Women's Airism Cotton Crew Neck T-Shirt,Tops,Women,14.9,14.9,False,1,14.9,PayNow
BUG-20260630-0548,1,2026-06-30 12:06:53,Bugis,SOK-W-04,Women's Ribbed Crew Socks,Socks,women,5.9,5.9,False,2,11.8,NETS
BUG-20260630-0319,2,2026-06-30 21:36:57,Bugis,UND-M-02,Men's Cotton Blend Trunks,Underwear,MEN,14.9,14.9,False,2,29.8,NETS
BUG-20260630-0738,2,2026-06-30 20:18:08,  Bugis  ,SOK-W-03,Women's Airism Low-Cut Socks,Socks,Women,5.9,5.9,False,1,5.9,PayNow
BUG-20260630-0689,1,2026-06-30 20:17:30,Bugis,SOK-W-01,  Women's Ankle Socks 3-Pack  ,Socks,Women,14.9,14.9,False,1,14.9,Cash
ORC-20260630-0673,2,2026-06-30 20:44:38,Orchard Central,TOP-M-04,Men's Oxford Long Sleeve Shirt,Tops,Men,29.9,29.9,False,1,29.9,Card
BUG-20260630-0619,3,2026-06-30 19:33:33,Bugis,SOK-M-09,Men's No-Show Sneaker Socks,Socks,Men,4.17,5.9,True,1,4.17,Card
ORC-20260630-0849,2,2026-06-30 20:57:28,Orchard Central,UND-W-03,Women's Cotton Blend Briefs,underwear,WOMEN,9.9,9.9,False,1,9.9,Card
BUG-20260630-0393,1,2026-06-30 20:28:06,Bugis,SOK-M-07,Men's Striped Crew Socks,Socks,Men,5.9,5.9,False,2,11.8,Card
BUG-20260630-0398,1,2026-06-30 20:46:54,bugis,SOK-W-03,Women's Airism Low-Cut Socks,Socks,Women,5.9,5.9,False,1,5.9,Cash
ORC-20260630-0145,3,2026-06-30 17:24:58,Orchard Central,SOK-W-02,Women's Pile Crew Socks,Socks,Women,5.9,5.9,False,1,5.9,Cash
ORC-20260630-0479,3,2026-06-30 17:51:52,  Orchard Central  ,UND-W-04,Women's Airism T-Shirt Bra,Underwear,Women,29.9,29.9,False,1,29.9,PayNow
ORC-20260630-0898,1,2026-06-30 19:36:55,Orchard Central,SOK-W-02,Women's Pile Crew Socks,Socks,Women,5.9,5.9,False,1,5.9,Card
ORC-20260630-0355,1,2026-06-30 19:10:35,Orchard Central,BTM-M-07,Men's Smart Ankle Pants,Bottoms,Men,39.9,39.9,False,1,39.9,Nets
BUG-20260630-0609,1,2026-06-30 11:16:10,Bugis,SOK-W-01,Women's Ankle Socks 3-Pack,Socks,Women,14.9,14.9,False,1,14.9,Card
BUG-20260630-0789,2,2026-06-30 12:52:47,Bugis,UND-W-03,Women's Cotton Blend Briefs,Underwear,Women,9.9,9.9,False,1,9.9,Card
PUN-20260630-0166,1,2026-06-30 15:14:42,Punggol,TOP-W-03,Women's Silky Satin Blouse,Tops,Women,39.9,39.9,False,1,39.9,Card
ORC-20260630-0531,1,2026-06-30 19:36:09,Orchard Central,TOP-W-02,  Women's Ribbed Long Sleeve Turtleneck  ,Tops,Women,19.9,19.9,False,1,$19.9,NETS
BUG-20260630-0577,1,2026-06-30 13:57:20,BUGIS,BTM-M-03,Men's Selvedge Regular Fit Jeans,bottoms,Men,59.9,59.9,False,1,59.9,Cash
ORC-20260630-0597,1,2026-06-30 17:33:45,orchard central,UND-W-02,Women's Wireless Bra,underwear,WOMEN,29.9,29.9,False,1,29.9,Cash
BUG-20260630-0182,2,2026-06-30 21:53:06,Bugis,SOK-W-02,Women's Pile Crew Socks,Socks,Women,5.9,5.9,False,1,5.9,Card
ORC-20260630-0866,2,2026-06-30 17:52:51,Orchard Central,TOP-W-06,Women's Linen Blend Short Sleeve Shirt,Tops,Women,19.72,29.9,True,1,19.72,
PUN-20260630-0313,2,2026-06-30 18:40:16,Punggol,SOK-W-02,Women's Pile Crew Socks,Socks,Women,5.9,5.9,False,2,11.8,Card
PUN-20260630-0479,2,2026-06-30 18:35:20,Punggol,SOK-W-02,Women's Pile Crew Socks,socks,Women,5.9,5.9,False,1,5.9,Card
ORC-20260630-1007,1,2026-06-30 21:36:35,Orchard Central,TOP-W-06,Women's Linen Blend Short Sleeve Shirt,Tops,Women,19.72,29.9,True,1,19.72,Paynow
PUN-20260630-0209,1,2026-06-30 21:12:19,Punggol,TOP-M-04,Men's Oxford Long Sleeve Shirt,Tops,men,29.9,29.9,False,1,29.9,Card
BUG-20260630-0018,2,2026-06-30 18:31:52,  Bugis  ,SOK-M-09,Men's No-Show Sneaker Socks,Socks,Men,4.17,5.9,True,1,4.17,Card
ORC-20260630-0068,1,2026-06-30 19:29:32,Orchard Central,BTM-M-04,Men's Dry Stretch Shorts,Bottoms,MEN,19.9,19.9,False,1,19.9,Paynow
PUN-20260630-0346,2,2026-06-30 20:47:20,Punggol,SOK-W-02,Women's Pile Crew Socks,Socks,Women,5.9,5.9,False,2,11.8,Card
BUG-20260630-0373,2,2026-06-30 16:23:38,Bugis,TOP-W-03,Women's Silky Satin Blouse,Tops,Women,39.9,39.9,False,1,39.9,PayNow
PUN-20260630-0431,2,2026-06-30 19:12:11,Punggol,UND-W-01,Women's Airism Bikini Shorts,Underwear,WOMEN,9.9,9.9,False,1,9.9,PayNow
BUG-20260630-0862,3,2026-06-30 13:08:35,Bugis,SOK-W-07,Women's Striped Crew Socks,Socks,Women,5.9,5.9,False,1,5.9,Cash
ORC-20260630-0530,3,2026-06-30 12:04:52,Orchard Central,UND-M-03,  Men's Airism Mesh Boxer Briefs  ,underwear,Men,14.9,14.9,False,1,14.9,PAYNOW
BUG-20260630-0924,1,2026-06-30 14:34:02,Bugis,SOK-W-02,Women's Pile Crew Socks,Socks,Women,5.9,5.9,False,1,5.9,Card
BUG-20260630-0445,1,2026-06-30 19:40:19,Bugis,UND-W-01,Women's Airism Bikini Shorts,Underwear,WOMEN,9.9,9.9,False,1,$9.9,Cash
ORC-20260630-1028,3,2026-06-30 22:50:10,  Orchard Central  ,UND-W-01,Women's Airism Bikini Shorts,Underwear,Women,9.9,9.9,False,1,$9.9,NETS
ORC-20260630-0320,3,2026-06-30 20:14:30,Orchard Central,TOP-M-02,Men's Supima Cotton Polo Shirt,Tops,Men,29.9,29.9,False,1,29.9,paynow
BUG-20260630-0265,2,2026-06-30 21:06:52,Bugis,SOK-W-07,Women's Striped Crew Socks,Socks,Women,5.9,5.9,False,1,5.9,PayNow
ORC-20260630-0255,1,2026-06-30 17:36:21,Orchard Central,TOP-M-01,Men's Airism Cotton Crew Neck T-Shirt,Tops,MEN,14.9,14.9,False,1,14.9,Card
BUG-20260630-0023,2,2026-06-30 14:51:16,bugis,TOP-M-02,Men's Supima Cotton Polo Shirt,Tops,men,29.9,29.9,False,1,29.9,PayNow
PUN-20260630-0144,1,2026-06-30 18:03:00,Punggol,TOP-W-01,Women's Airism Cotton Crew Neck T-Shirt,TOPS,Women,14.9,14.9,False,1,14.9,Card
PUN-20260630-0185,1,2026-06-30 19:35:07,Punggol,SOK-M-02,Men's Pile Crew Socks,Socks,Men,5.9,5.9,False,1,5.9,NETS
ORC-20260630-0735,1,2026-06-30 20:19:50,Orchard Central,SOK-W-04,Women's Ribbed Crew Socks,Socks,Women,5.9,5.9,False,1,5.9,PayNow
BUG-20260630-0828,1,2026-06-30 21:13:38,Bugis,UND-M-02,Men's Cotton Blend Trunks,Underwear,Men,14.9,14.9,False,1,14.9,Card
ORC-20260630-0420,1,2026-06-30 15:31:41,Orchard Central,SOK-W-02,Women's Pile Crew Socks,Socks,Women,5.9,5.9,False,1,5.9,PayNow
ORC-20260630-0654,2,2026-06-30 17:01:04,Orchard Central,BTM-M-04,Men's Dry Stretch Shorts,bottoms,men,19.9,19.9,False,1,19.9,PayNow
PUN-20260630-0336,2,2026-06-30 17:44:15,Punggol,TOP-M-01,Men's Airism Cotton Crew Neck T-Shirt,Tops,Men,14.9,14.9,False,1,14.9,NETS
BUG-20260630-0681,1,2026-06-30 19:41:52,Bugis,SOK-M-03,Men's Airism Low-Cut Socks,Socks,Men,5.9,5.9,False,1,5.9,PayNow
ORC-20260630-0094,3,2026-06-30 18:17:13,Orchard Central,TOP-W-06,Women's Linen Blend Short Sleeve Shirt,Tops,Women,19.72,29.9,True,1,19.72,NETS
BUG-20260630-0155,2,2026-06-30 21:44:10,Bugis,SOK-W-03,Women's Airism Low-Cut Socks,Socks,Women,5.9,5.9,False,1,5.9,NETS
BUG-20260630-0422,3,2026-06-30 20:43:05,Bugis,TOP-W-07,Women's Fleece Pullover Hoodie,Tops,Women,29.9,29.9,False,1,29.9,PayNow
PUN-20260630-0205,1,2026-06-30 22:14:41,Punggol,UND-W-03,Women's Cotton Blend Briefs,UNDERWEAR,Women,9.9,9.9,False,1,9.9,Card
ORC-20260630-0075,3,2026-06-30 16:13:55,ORCHARD CENTRAL,UND-W-03,Women's Cotton Blend Briefs,UNDERWEAR,women,$9.9,9.9,False,1,9.9,CARD
ORC-20260630-0157,1,2026-06-30 21:44:10,Orchard Central,SOK-M-02,  Men's Pile Crew Socks  ,Socks,Men,5.9,5.9,False,1,5.9,NETS
BUG-20260630-0318,2,2026-06-30 18:24:20,Bugis,SOK-M-04,Men's Ribbed Crew Socks,Socks,Men,5.9,5.9,False,1,5.9,Card
PUN-20260630-0352,2,2026-06-30 17:42:46,PUNGGOL,SOK-W-03,Women's Airism Low-Cut Socks,Socks,Women,5.9,5.9,False,2,11.8,Card
PUN-20260630-0280,1,2026-06-30 22:31:39,Punggol,SOK-M-04,Men's Ribbed Crew Socks,Socks,Men,5.9,5.9,False,2,11.8,PayNow
ORC-20260630-0016,1,2026-06-30 19:19:46,Orchard Central,SOK-M-04,Men's Ribbed Crew Socks,Socks,Men,5.9,5.9,False,1,5.9,Cash
BUG-20260630-0386,1,2026-06-30 16:19:34,BUGIS,SOK-M-10,Men's Wool Blend Socks,Socks,Men,9.9,9.9,False,1,9.9,nets
PUN-20260630-0546,1,2026-06-30 15:12:29,Punggol,SOK-W-02,Women's Pile Crew Socks,Socks,Women,5.9,5.9,False,1,5.9,card
BUG-20260630-0855,1,2026-06-30 20:31:59,Bugis,TOP-W-04,Women's Heattech Crew Neck Long Sleeve Tee,Tops,Women,14.9,14.9,False,1,14.9,Card
ORC-20260630-0640,1,2026-06-30 21:31:14,Orchard Central,BTM-M-03,Men's Selvedge Regular Fit Jeans,Bottoms,Men,59.9,59.9,False,1,59.9,Card
BUG-20260630-0499,3,2026-06-30 19:14:59,Bugis,SOK-M-09,Men's No-Show Sneaker Socks,Socks,Men,4.17,5.9,True,1,4.17,card
BUG-20260630-0276,1,2026-06-30 20:14:44,Bugis,SOK-M-03,Men's Airism Low-Cut Socks,Socks,Men,5.9,5.9,False,1,5.9,PayNow
PUN-20260630-0019,2,2026-06-30 14:18:49,  Punggol  ,SOK-M-04,Men's Ribbed Crew Socks,Socks,MEN,5.9,5.9,False,1,5.9,PAYNOW
BUG-20260630-0532,1,2026-06-30 17:24:33,Bugis,BTM-M-03,Men's Selvedge Regular Fit Jeans,BOTTOMS,Men,59.9,59.9,False,1,59.9,
BUG-20260630-0845,3,2026-06-30 11:10:18,BUGIS,BTM-M-04,Men's Dry Stretch Shorts,Bottoms,Men,19.9,19.9,False,1,19.9,PayNow
BUG-20260630-0261,2,2026-06-30 19:57:07,Bugis,UND-W-01,Women's Airism Bikini Shorts,Underwear,Women,9.9,9.9,False,1,9.9,Card
BUG-20260630-0434,1,2026-06-30 11:21:35,Bugis,SOK-M-09,Men's No-Show Sneaker Socks,Socks,Men,4.17,5.9,True,1,4.17,NETS
BUG-20260630-0412,3,2026-06-30 19:24:48,Bugis,BTM-M-03,Men's Selvedge Regular Fit Jeans,Bottoms,Men,59.9,59.9,False,1,59.9,Card
ORC-20260630-0537,2,2026-06-30 16:26:48,Orchard Central,BTM-M-03,Men's Selvedge Regular Fit Jeans,bottoms,Men,59.9,59.9,False,1,59.9,Card
ORC-20260630-0446,2,2026-06-30 16:46:46,Orchard Central,SOK-M-01,Men's Ankle Socks 3-Pack,Socks,Men,14.9,14.9,False,1,14.9,
BUG-20260630-0493,2,2026-06-30 14:08:03,Bugis,SOK-M-10,Men's Wool Blend Socks,Socks,Men,9.9,9.9,False,1,9.9,Card
PUN-20260630-0088,1,2026-06-30 16:39:25,Punggol,SOK-W-03,Women's Airism Low-Cut Socks,Socks,Women,5.9,5.9,False,2,11.8,Card
ORC-20260630-0142,3,2026-06-30 16:23:31,Orchard Central,BTM-W-03,Women's Ezy Ankle Pants,Bottoms,WOMEN,29.9,29.9,False,1,29.9,PayNow
BUG-20260630-0718,3,2026-06-30 20:01:31,Bugis,UND-M-02,Men's Cotton Blend Trunks,underwear,Men,14.9,14.9,False,1,14.9,Card
PUN-20260630-0077,3,2026-06-30 22:38:37,Punggol,SOK-W-03,Women's Airism Low-Cut Socks,Socks,Women,5.9,5.9,False,1,5.9,Cash
BUG-20260630-0753,1,2026-06-30 12:02:13,Bugis,TOP-W-02,Women's Ribbed Long Sleeve Turtleneck,Tops,Women,19.9,19.9,False,1,19.9,PayNow
BUG-20260630-0418,1,2026-06-30 20:53:37,  Bugis  ,SOK-W-03,Women's Airism Low-Cut Socks,Socks,Women,5.9,5.9,False,1,5.9,Card
ORC-20260630-0800,2,2026-06-30 20:16:26,  Orchard Central  ,TOP-M-01,Men's Airism Cotton Crew Neck T-Shirt,Tops,Men,14.9,14.9,False,1,14.9,NETS
BUG-20260630-0345,1,2026-06-30 14:09:56,Bugis,SOK-M-01,Men's Ankle Socks 3-Pack,Socks,Men,14.9,14.9,False,1,14.9,card
PUN-20260630-0314,2,2026-06-30 18:36:21,Punggol,UND-M-02,Men's Cotton Blend Trunks,underwear,Men,14.9,14.9,False,1,14.9,Cash
PUN-20260630-0345,3,2026-06-30 21:46:34,Punggol,TOP-W-02,Women's Ribbed Long Sleeve Turtleneck,Tops,Women,19.9,19.9,False,1,19.9,Card
PUN-20260630-0370,1,2026-06-30 18:14:26,punggol,SOK-W-02,Women's Pile Crew Socks,Socks,Women,5.9,5.9,False,2,11.8,PayNow
BUG-20260630-0755,2,2026-06-30 20:00:44,Bugis,TOP-M-01,Men's Airism Cotton Crew Neck T-Shirt,Tops,Men,14.9,14.9,False,1,14.9,Card
ORC-20260630-0664,2,2026-06-30 16:19:43,orchard central,TOP-W-02,Women's Ribbed Long Sleeve Turtleneck,TOPS,Women,19.9,19.9,False,1,19.9,PayNow
BUG-20260630-0849,1,2026-06-30 20:20:55,Bugis,SOK-W-04,Women's Ribbed Crew Socks,Socks,Women,5.9,5.9,False,1,5.9,NETS
ORC-20260630-0962,3,2026-06-30 11:31:14,ORCHARD CENTRAL,TOP-M-01,Men's Airism Cotton Crew Neck T-Shirt,tops,Men,14.9,14.9,False,1,14.9,Card
ORC-20260630-0059,1,2026-06-30 16:00:33,Orchard Central,SOK-M-02,Men's Pile Crew Socks,SOCKS,Men,5.9,5.9,False,1,5.9,Cash
BUG-20260630-0760,2,2026-06-30 20:11:51,  Bugis  ,TOP-M-01,Men's Airism Cotton Crew Neck T-Shirt,TOPS,Men,14.9,14.9,False,1,14.9,paynow
PUN-20260630-0261,1,2026-06-30 21:34:55,Punggol,SOK-M-02,Men's Pile Crew Socks,Socks,Men,5.9,5.9,False,1,5.9,Card
PUN-20260630-0066,1,2026-06-30 20:59:49,PUNGGOL,UND-W-01,Women's Airism Bikini Shorts,Underwear,Women,9.9,9.9,False,2,19.8,Card
ORC-20260630-0877,2,2026-06-30 18:42:46,Orchard Central,UND-M-03,  Men's Airism Mesh Boxer Briefs  ,Underwear,men,14.9,14.9,False,2,29.8,Cash
PUN-20260630-0226,1,2026-06-30 22:45:15,Punggol,BTM-M-03,Men's Selvedge Regular Fit Jeans,Bottoms,men,59.9,59.9,False,1,59.9,Cash
BUG-20260630-0739,1,2026-06-30 14:20:06,BUGIS,SOK-W-03,  Women's Airism Low-Cut Socks  ,Socks,Women,5.9,5.9,False,1,5.9,Card
PUN-20260630-0388,1,2026-06-30 18:25:58,Punggol,UND-M-03,Men's Airism Mesh Boxer Briefs,Underwear,Men,14.9,14.9,False,1,14.9,Card
ORC-20260630-0120,1,2026-06-30 19:18:16,Orchard Central,UND-W-01,Women's Airism Bikini Shorts,Underwear,Women,9.9,9.9,False,1,9.9,NETS
ORC-20260630-0013,3,2026-06-30 19:36:18,Orchard Central,UND-W-01,Women's Airism Bikini Shorts,Underwear,Women,9.9,9.9,False,1,9.9,Card
ORC-20260630-0041,1,2026-06-30 22:59:55,Orchard Central,TOP-W-02,  Women's Ribbed Long Sleeve Turtleneck  ,Tops,women,19.9,19.9,False,1,19.9,CASH
PUN-20260630-0491,2,2026-06-30 21:49:10,Punggol,BTM-M-01,Men's Ezy Ankle Pants,Bottoms,Men,29.9,29.9,False,1,29.9,PayNow
ORC-20260630-0852,1,2026-06-30 19:09:15,Orchard Central,SOK-M-03,Men's Airism Low-Cut Socks,Socks,Men,5.9,5.9,False,2,11.8,PayNow
BUG-20260630-0126,1,2026-06-30 17:39:57,Bugis,SOK-M-09,Men's No-Show Sneaker Socks,Socks,Men,4.17,5.9,True,1,4.17,Card
ORC-20260630-0086,1,2026-06-30 12:41:29,orchard central,SOK-M-03,  Men's Airism Low-Cut Socks  ,Socks,Men,5.9,5.9,False,1,5.9,Card
PUN-20260630-0466,1,2026-06-30 18:39:54,Punggol,SOK-W-03,Women's Airism Low-Cut Socks,Socks,Women,5.9,5.9,False,2,11.8,Card
BUG-20260630-0925,2,2026-06-30 13:22:53,Bugis,SOK-W-02,Women's Pile Crew Socks,Socks,Women,5.9,5.9,False,1,5.9,NETS
BUG-20260630-0098,1,2026-06-30 19:47:03,Bugis,UND-M-04,  Men's Cotton Crew Neck Undershirt  ,Underwear,Men,14.9,14.9,False,1,14.9,Card
BUG-20260630-0140,2,2026-06-30 14:25:58,Bugis,SOK-W-02,Women's Pile Crew Socks,Socks,Women,5.9,5.9,False,2,11.8,Card
PUN-20260630-0318,2,2026-06-30 21:34:42,  Punggol  ,SOK-W-02,Women's Pile Crew Socks,Socks,Women,$5.9,5.9,False,1,5.9,PayNow
PUN-20260630-0011,3,2026-06-30 16:48:30,Punggol,SOK-W-03,Women's Airism Low-Cut Socks,Socks,Women,5.9,5.9,False,1,5.9,PayNow
ORC-20260630-0994,2,2026-06-30 16:32:42,Orchard Central,UND-W-03,Women's Cotton Blend Briefs,Underwear,Women,9.9,9.9,False,2,19.8,Card
ORC-20260630-1040,2,2026-06-30 11:49:11,Orchard Central,SOK-W-04,Women's Ribbed Crew Socks,Socks,Women,5.9,5.9,False,1,5.9,Card
PUN-20260630-0535,3,2026-06-30 12:12:53,Punggol,SOK-M-04,  Men's Ribbed Crew Socks  ,Socks,Men,5.9,5.9,False,2,11.8,Card
BUG-20260630-0726,3,2026-06-30 11:05:04,Bugis,SOK-M-01,Men's Ankle Socks 3-Pack,Socks,Men,14.9,14.9,False,1,14.9,PayNow
BUG-20260630-0931,1,2026-06-30 21:27:44,Bugis,SOK-W-01,Women's Ankle Socks 3-Pack,Socks,Women,14.9,14.9,False,1,14.9,NETS
ORC-20260630-0721,1,2026-06-30 20:15:34,Orchard Central,SOK-M-04,Men's Ribbed Crew Socks,Socks,Men,5.9,5.9,False,1,5.9,Card
BUG-20260630-0447,1,2026-06-30 21:02:20,Bugis,SOK-W-04,  Women's Ribbed Crew Socks  ,Socks,Women,5.9,5.9,False,1,5.9,PayNow
ORC-20260630-0063,3,2026-06-30 14:57:02,  Orchard Central  ,SOK-M-02,Men's Pile Crew Socks,Socks,men,5.9,5.9,False,1,5.9,PayNow
BUG-20260630-0182,1,2026-06-30 21:53:06,Bugis,SOK-W-01,Women's Ankle Socks 3-Pack,socks,Women,$14.9,14.9,False,1,14.9,Card
PUN-20260630-0217,1,2026-06-30 16:37:18,Punggol,SOK-M-03,Men's Airism Low-Cut Socks,Socks,Men,5.9,5.9,False,2,11.8,NETS
ORC-20260630-0630,3,2026-06-30 20:07:56,  Orchard Central  ,TOP-W-06,Women's Linen Blend Short Sleeve Shirt,Tops,Women,19.72,29.9,True,1,19.72,PayNow
BUG-20260630-0227,1,2026-06-30 19:11:25,Bugis,SOK-M-03,Men's Airism Low-Cut Socks,Socks,Men,5.9,5.9,False,1,5.9,PayNow
BUG-20260630-0142,1,2026-06-30 20:01:34,BUGIS,SOK-W-02,Women's Pile Crew Socks,Socks,Women,5.9,5.9,False,1,5.9,Card
BUG-20260630-0206,2,2026-06-30 19:04:11,Bugis,SOK-M-09,Men's No-Show Sneaker Socks,Socks,MEN,4.17,5.9,True,1,4.17,Card
BUG-20260630-0470,1,2026-06-30 18:03:22,Bugis,SOK-M-04,Men's Ribbed Crew Socks,Socks,Men,5.9,5.9,False,1,5.9,Card
ORC-20260630-0665,1,2026-06-30 22:06:58,Orchard Central,TOP-W-02,Women's Ribbed Long Sleeve Turtleneck,tops,Women,19.9,19.9,False,1,19.9,PayNow
ORC-20260630-0671,1,2026-06-30 20:30:39,Orchard Central,SOK-W-02,Women's Pile Crew Socks,Socks,women,5.9,5.9,False,1,5.9,Card
ORC-20260630-0652,2,2026-06-30 20:29:59,Orchard Central,UND-W-01,Women's Airism Bikini Shorts,Underwear,Women,9.9,9.9,False,1,$9.9,PAYNOW
ORC-20260630-0595,1,2026-06-30 19:30:31,Orchard Central,UND-W-01,Women's Airism Bikini Shorts,UNDERWEAR,Women,9.9,9.9,False,1,9.9,PayNow
BUG-20260630-0510,1,2026-06-30 19:24:40,  Bugis  ,SOK-W-03,  Women's Airism Low-Cut Socks  ,Socks,Women,5.9,5.9,False,1,5.9,Card
PUN-20260630-0541,2,2026-06-30 19:46:19,Punggol,UND-W-01,  Women's Airism Bikini Shorts  ,Underwear,Women,9.9,9.9,False,1,9.9,Card
BUG-20260630-0793,1,2026-06-30 20:11:12,BUGIS,TOP-W-01,,Tops,Women,14.9,14.9,False,1,14.9,PayNow
PUN-20260630-0529,1,2026-06-30 14:27:43,Punggol,UND-M-09,Men's Heattech Long Johns,Underwear,Men,19.9,19.9,False,1,19.9,Cash
BUG-20260630-0703,1,2026-06-30 19:44:14,Bugis,SOK-M-04,Men's Ribbed Crew Socks,Socks,Men,5.9,5.9,False,1,5.9,card
PUN-20260630-0136,3,2026-06-30 12:15:08,Punggol,SOK-W-04,Women's Ribbed Crew Socks,socks,Women,5.9,5.9,False,1,5.9,Card
ORC-20260630-0233,3,2026-06-30 17:59:31,Orchard Central,UND-W-08,Women's Airism Camisole,underwear,Women,14.9,14.9,False,1,14.9,Cash
ORC-20260630-0162,1,2026-06-30 20:13:04,Orchard Central,UND-W-03,Women's Cotton Blend Briefs,underwear,Women,9.9,9.9,False,2,19.8,PayNow
ORC-20260630-0538,2,2026-06-30 19:30:15,Orchard Central,UND-M-02,Men's Cotton Blend Trunks,Underwear,Men,14.9,14.9,False,1,14.9,Card
BUG-20260630-0695,1,2026-06-30 18:17:48,Bugis,TOP-W-06,Women's Linen Blend Short Sleeve Shirt,Tops,Women,19.72,29.9,True,1,19.72,NETS
ORC-20260630-0921,1,2026-06-30 17:40:06,Orchard Central,SOK-M-03,Men's Airism Low-Cut Socks,Socks,men,5.9,5.9,False,1,5.9,Card
ORC-20260630-0013,1,2026-06-30 19:36:18,Orchard Central,SOK-W-04,Women's Ribbed Crew Socks,Socks,Women,5.9,5.9,False,2,11.8,Card
BUG-20260630-0357,1,2026-06-30 18:47:32,  Bugis  ,BTM-W-03,Women's Ezy Ankle Pants,Bottoms,Women,29.9,29.9,False,1,29.9,Paynow
ORC-20260630-0817,1,2026-06-30 20:20:29,  Orchard Central  ,SOK-W-02,Women's Pile Crew Socks,SOCKS,women,5.9,5.9,False,1,5.9,PayNow
ORC-20260630-0002,1,2026-06-30 15:52:35,Orchard Central,UND-M-02,Men's Cotton Blend Trunks,Underwear,Men,14.9,14.9,False,1,14.9,NETS
ORC-20260630-0150,3,2026-06-30 19:15:05,Orchard Central,SOK-M-04,Men's Ribbed Crew Socks,Socks,Men,5.9,5.9,False,1,5.9,nets
PUN-20260630-0092,3,2026-06-30 13:30:44,Punggol,TOP-W-03,  Women's Silky Satin Blouse  ,Tops,Women,39.9,39.9,False,1,39.9,Card
BUG-20260630-0812,1,2026-06-30 21:18:38,Bugis,SOK-M-03,Men's Airism Low-Cut Socks,Socks,Men,5.9,5.9,False,2,11.8,NETS
PUN-20260630-0013,1,2026-06-30 20:40:17,PUNGGOL,SOK-W-04,Women's Ribbed Crew Socks,Socks,Women,5.9,5.9,False,1,5.9,Card
BUG-20260630-0030,1,2026-06-30 21:14:37,Bugis,UND-W-04,Women's Airism T-Shirt Bra,Underwear,Women,29.9,29.9,False,1,29.9,PayNow
BUG-20260630-0342,1,2026-06-30 15:28:19,Bugis,TOP-W-06,Women's Linen Blend Short Sleeve Shirt,Tops,Women,19.72,29.9,True,1,19.72,PayNow
BUG-20260630-0223,2,2026-06-30 14:55:36,BUGIS,UND-W-01,Women's Airism Bikini Shorts,Underwear,Women,9.9,9.9,False,1,9.9,Cash
BUG-20260630-0865,1,2026-06-30 18:40:31,Bugis,BTM-M-03,  Men's Selvedge Regular Fit Jeans  ,Bottoms,Men,59.9,59.9,False,1,59.9,Card
BUG-20260630-0013,1,2026-06-30 21:11:52,Bugis,BTM-W-01,  Women's Ultra Stretch Skinny Jeans  ,Bottoms,Women,39.9,39.9,False,1,39.9,CARD
PUN-20260630-0456,3,2026-06-30 21:54:16,Punggol,SOK-W-02,Women's Pile Crew Socks,Socks,Women,5.9,5.9,False,1,5.9,Card
ORC-20260630-0920,2,2026-06-30 12:07:29,Orchard Central,SOK-W-04,Women's Ribbed Crew Socks,Socks,Women,5.9,5.9,False,1,5.9,Card
ORC-20260630-0470,1,2026-06-30 14:32:41,Orchard Central,TOP-M-04,Men's Oxford Long Sleeve Shirt,Tops,Men,29.9,29.9,False,1,29.9,PayNow
BUG-20260630-0317,1,2026-06-30 20:08:33,Bugis,UND-M-03,Men's Airism Mesh Boxer Briefs,Underwear,Men,$14.9,14.9,False,1,14.9,NETS
BUG-20260630-0596,3,2026-06-30 21:18:58,bugis,SOK-M-09,Men's No-Show Sneaker Socks,Socks,Men,4.17,5.9,True,2,8.34,Card
PUN-20260630-0163,1,2026-06-30 21:57:28,Punggol,BTM-W-01,Women's Ultra Stretch Skinny Jeans,Bottoms,Women,39.9,39.9,False,1,39.9,PayNow
BUG-20260630-0341,1,2026-06-30 20:38:17,  Bugis  ,SOK-M-04,Men's Ribbed Crew Socks,Socks,men,5.9,5.9,False,1,5.9,NETS
BUG-20260630-0258,1,2026-06-30 22:07:13,Bugis,UND-W-01,  Women's Airism Bikini Shorts  ,Underwear,Women,9.9,9.9,False,1,9.9,Cash
BUG-20260630-0641,1,2026-06-30 21:26:00,Bugis,TOP-W-01,Women's Airism Cotton Crew Neck T-Shirt,Tops,Women,14.9,14.9,False,1,14.9,NETS
PUN-20260630-0433,2,2026-06-30 20:48:35,PUNGGOL,SOK-M-02,Men's Pile Crew Socks,Socks,Men,5.9,5.9,False,1,5.9,Card
BUG-20260630-0033,2,2026-06-30 17:36:56,Bugis,TOP-M-04,Men's Oxford Long Sleeve Shirt,Tops,Men,29.9,29.9,False,1,29.9,Card
BUG-20260630-0559,3,2026-06-30 21:28:33,  Bugis  ,UND-M-03,Men's Airism Mesh Boxer Briefs,Underwear,Men,14.9,14.9,False,1,14.9,Card
ORC-20260630-0653,3,2026-06-30 13:53:45,Orchard Central,SOK-W-02,Women's Pile Crew Socks,Socks,Women,5.9,5.9,False,1,5.9,NETS
PUN-20260630-0064,1,2026-06-30 21:50:53,Punggol,TOP-W-06,Women's Linen Blend Short Sleeve Shirt,Tops,Women,19.72,29.9,True,1,19.72,Cash
PUN-20260630-0317,2,2026-06-30 17:39:10,Punggol,SOK-W-02,Women's Pile Crew Socks,Socks,Women,5.9,5.9,False,2,11.8,Paynow
PUN-20260630-0609,3,2026-06-30 14:11:30,PUNGGOL,SOK-M-04,Men's Ribbed Crew Socks,Socks,Men,5.9,5.9,False,1,5.9,Cash
ORC-20260630-0439,2,2026-06-30 16:50:05,Orchard Central,SOK-M-04,  Men's Ribbed Crew Socks  ,Socks,Men,5.9,5.9,False,1,5.9,Card
ORC-20260630-0426,2,2026-06-30 20:21:55,Orchard Central,TOP-W-01,  Women's Airism Cotton Crew Neck T-Shirt  ,Tops,Women,14.9,14.9,False,1,14.9,Cash
BUG-20260630-0955,1,2026-06-30 11:26:00,Bugis,TOP-W-06,Women's Linen Blend Short Sleeve Shirt,Tops,women,19.72,29.9,True,1,19.72,NETS
ORC-20260630-0669,2,2026-06-30 21:00:55,Orchard Central,UND-M-04,Men's Cotton Crew Neck Undershirt,Underwear,Men,14.9,14.9,False,1,14.9,NETS
BUG-20260630-0965,1,2026-06-30 19:41:46,Bugis,SOK-M-02,Men's Pile Crew Socks,Socks,Men,5.9,5.9,False,1,5.9,Card
ORC-20260630-0832,1,2026-06-30 21:11:55,  Orchard Central  ,SOK-W-01,Women's Ankle Socks 3-Pack,Socks,Women,14.9,14.9,False,1,14.9,Card
PUN-20260630-0185,2,2026-06-30 19:35:07,Punggol,UND-W-03,Women's Cotton Blend Briefs,Underwear,Women,9.9,9.9,False,1,9.9,NETS
PUN-20260630-0396,2,2026-06-30 20:30:55,Punggol,TOP-W-04,Women's Heattech Crew Neck Long Sleeve Tee,Tops,Women,14.9,14.9,False,1,14.9,card
ORC-20260630-0285,1,2026-06-30 12:03:23,Orchard Central,UND-W-01,Women's Airism Bikini Shorts,Underwear,Women,9.9,9.9,False,1,9.9,CARD
BUG-20260630-0746,3,2026-06-30 21:19:25,Bugis,SOK-W-03,  Women's Airism Low-Cut Socks  ,Socks,women,5.9,5.9,False,2,11.8,Card
ORC-20260630-1075,1,2026-06-30 20:12:30,Orchard Central,UND-M-03,Men's Airism Mesh Boxer Briefs,Underwear,Men,14.9,14.9,False,2,$29.8,PAYNOW
ORC-20260630-0548,1,2026-06-30 16:01:31,ORCHARD CENTRAL,UND-W-03,Women's Cotton Blend Briefs,Underwear,Women,9.9,9.9,False,1,9.9,Card
PUN-20260630-0104,2,2026-06-30 20:29:01,Punggol,SOK-W-02,Women's Pile Crew Socks,Socks,Women,5.9,5.9,False,2,11.8,PAYNOW
BUG-20260630-0496,1,2026-06-30 19:44:25,Bugis,UND-W-03,Women's Cotton Blend Briefs,UNDERWEAR,Women,9.9,9.9,False,1,9.9,Cash
ORC-20260630-0685,2,2026-06-30 12:26:32,Orchard Central,TOP-W-01,Women's Airism Cotton Crew Neck T-Shirt,Tops,Women,14.9,14.9,False,1,14.9,Card
BUG-20260630-0956,1,2026-06-30 18:14:07,Bugis,TOP-W-02,Women's Ribbed Long Sleeve Turtleneck,Tops,Women,19.9,19.9,False,1,19.9,Card
PUN-20260630-0446,2,2026-06-30 21:17:54,Punggol,UND-M-04,Men's Cotton Crew Neck Undershirt,Underwear,MEN,14.9,14.9,False,2,29.8,Cash
ORC-20260630-0677,1,2026-06-30 18:41:14,Orchard Central,SOK-W-04,  Women's Ribbed Crew Socks  ,Socks,Women,5.9,5.9,False,1,5.9,
BUG-20260630-0011,1,2026-06-30 18:17:31,Bugis,SOK-M-04,Men's Ribbed Crew Socks,SOCKS,Men,5.9,5.9,False,1,5.9,PayNow
ORC-20260630-0245,3,2026-06-30 21:26:37,Orchard Central,SOK-W-02,Women's Pile Crew Socks,Socks,Women,5.9,5.9,False,1,5.9,Card
PUN-20260630-0518,3,2026-06-30 20:52:29,punggol,SOK-W-02,Women's Pile Crew Socks,Socks,Women,5.9,5.9,False,1,5.9,paynow
BUG-20260630-0906,2,2026-06-30 14:32:07,Bugis,BTM-M-02,Men's Slim Fit Chino Trousers,Bottoms,Men,29.9,29.9,False,1,29.9,Card
ORC-20260630-0783,1,2026-06-30 12:15:54,Orchard Central,UND-M-09,Men's Heattech Long Johns,UNDERWEAR,Men,19.9,19.9,False,2,39.8,PayNow
BUG-20260630-0373,3,2026-06-30 16:23:38,Bugis,SOK-M-03,Men's Airism Low-Cut Socks,Socks,Men,5.9,5.9,False,1,5.9,PAYNOW
ORC-20260630-0840,1,2026-06-30 12:18:24,Orchard Central,TOP-W-01,Women's Airism Cotton Crew Neck T-Shirt,Tops,Women,$14.9,14.9,False,1,14.9,nets
ORC-20260630-1083,3,2026-06-30 12:19:51,Orchard Central,TOP-W-01,Women's Airism Cotton Crew Neck T-Shirt,Tops,Women,14.9,14.9,False,1,14.9,Card
ORC-20260630-0758,1,2026-06-30 17:14:32,ORCHARD CENTRAL,SOK-W-04,Women's Ribbed Crew Socks,Socks,Women,5.9,5.9,False,1,5.9,NETS
ORC-20260630-0178,2,2026-06-30 13:01:14,Orchard Central,UND-W-04,Women's Airism T-Shirt Bra,UNDERWEAR,women,29.9,29.9,False,1,29.9,NETS
PUN-20260630-0407,1,2026-06-30 17:17:14,punggol,TOP-W-01,Women's Airism Cotton Crew Neck T-Shirt,Tops,Women,14.9,14.9,False,1,14.9,PayNow
ORC-20260630-0178,1,2026-06-30 13:01:14,  Orchard Central  ,UND-M-03,Men's Airism Mesh Boxer Briefs,underwear,Men,14.9,14.9,False,1,14.9,NETS
BUG-20260630-0656,1,2026-06-30 18:46:04,  Bugis  ,SOK-W-04,Women's Ribbed Crew Socks,Socks,Women,5.9,5.9,False,1,5.9,paynow
BUG-20260630-0831,1,2026-06-30 18:10:42,Bugis,TOP-M-01,Men's Airism Cotton Crew Neck T-Shirt,Tops,Men,14.9,14.9,False,1,14.9,NETS
PUN-20260630-0622,3,2026-06-30 17:40:20,Punggol,TOP-W-06,Women's Linen Blend Short Sleeve Shirt,tops,Women,19.72,29.9,True,1,19.72,Cash
ORC-20260630-0344,1,2026-06-30 20:38:14,Orchard Central,TOP-M-03,Men's Dry-EX Crew Neck T-Shirt,Tops,Men,19.9,19.9,False,1,$19.9,Cash
BUG-20260630-0883,3,2026-06-30 19:02:48,Bugis,SOK-W-03,Women's Airism Low-Cut Socks,Socks,Women,$5.9,5.9,False,1,5.9,Card
PUN-20260630-0135,3,2026-06-30 18:13:18,Punggol,UND-W-09,Women's Cotton Boyshorts,Underwear,WOMEN,9.9,9.9,False,1,9.9,Card
BUG-20260630-0506,3,2026-06-30 16:32:27,BUGIS,SOK-W-03,Women's Airism Low-Cut Socks,Socks,Women,5.9,5.9,False,1,5.9,Card
BUG-20260630-0759,1,2026-06-30 21:35:13,Bugis,SOK-W-06,Women's Heattech Socks,Socks,women,$9.9,9.9,False,1,9.9,Card
BUG-20260630-0273,1,2026-06-30 15:24:52,Bugis,UND-W-03,Women's Cotton Blend Briefs,Underwear,Women,9.9,9.9,False,1,9.9,Card
PUN-20260630-0057,1,2026-06-30 18:29:22,Punggol,UND-W-04,  Women's Airism T-Shirt Bra  ,Underwear,Women,29.9,29.9,False,1,29.9,Card
ORC-20260630-0302,2,2026-06-30 14:22:27,Orchard Central,TOP-W-03,Women's Silky Satin Blouse,Tops,Women,39.9,39.9,False,1,39.9,NETS
ORC-20260630-0991,1,2026-06-30 15:22:40,Orchard Central,SOK-M-04,Men's Ribbed Crew Socks,Socks,Men,5.9,5.9,False,1,5.9,Card
BUG-20260630-0224,1,2026-06-30 17:47:10,Bugis,SOK-W-04,Women's Ribbed Crew Socks,Socks,Women,5.9,5.9,False,1,5.9,Card
BUG-20260630-0961,2,2026-06-30 14:38:13,BUGIS,SOK-W-03,Women's Airism Low-Cut Socks,Socks,Women,5.9,5.9,False,1,5.9,CARD
ORC-20260630-0193,1,2026-06-30 17:41:21,Orchard Central,SOK-W-02,Women's Pile Crew Socks,Socks,women,5.9,5.9,False,1,5.9,PayNow
PUN-20260630-0251,1,2026-06-30 20:34:13,Punggol,UND-M-10,Men's Cotton Blend Briefs,Underwear,Men,9.9,9.9,False,1,9.9,Card
ORC-20260630-0842,1,2026-06-30 13:54:16,Orchard Central,SOK-W-02,Women's Pile Crew Socks,SOCKS,Women,5.9,5.9,False,1,5.9,Cash
ORC-20260630-0105,1,2026-06-30 21:27:18,Orchard Central,SOK-W-02,Women's Pile Crew Socks,Socks,Women,5.9,5.9,False,1,5.9,Card
ORC-20260630-0422,3,2026-06-30 19:10:49,ORCHARD CENTRAL,BTM-M-01,Men's Ezy Ankle Pants,Bottoms,Men,29.9,29.9,False,1,29.9,Cash
BUG-20260630-0340,2,2026-06-30 16:38:01,Bugis,SOK-M-04,Men's Ribbed Crew Socks,Socks,Men,5.9,5.9,False,1,5.9,PAYNOW
BUG-20260630-0113,2,2026-06-30 15:37:45,Bugis,BTM-W-03,Women's Ezy Ankle Pants,Bottoms,Women,29.9,29.9,False,1,29.9,NETS
BUG-20260630-0389,1,2026-06-30 20:29:34,Bugis,SOK-M-04,Men's Ribbed Crew Socks,Socks,Men,5.9,5.9,False,1,5.9,Card
BUG-20260630-0714,3,2026-06-30 20:48:29,Bugis,TOP-M-03,Men's Dry-EX Crew Neck T-Shirt,TOPS,Men,19.9,19.9,False,1,$19.9,PayNow
ORC-20260630-0467,2,2026-06-30 12:04:56,  Orchard Central  ,SOK-M-03,Men's Airism Low-Cut Socks,socks,MEN,5.9,5.9,False,1,5.9,Cash
PUN-20260630-0435,2,2026-06-30 19:23:22,Punggol,BTM-W-02,Women's High-Rise Wide Leg Pants,Bottoms,Women,39.9,39.9,False,1,39.9,PayNow
BUG-20260630-0053,2,2026-06-30 20:05:52,Bugis,SOK-W-03,Women's Airism Low-Cut Socks,socks,Women,5.9,5.9,False,1,5.9,Card
ORC-20260630-0384,3,2026-06-30 18:49:04,Orchard Central,SOK-W-02,Women's Pile Crew Socks,SOCKS,Women,5.9,5.9,False,2,11.8,Card
ORC-20260630-0029,2,2026-06-30 16:39:18,Orchard Central,UND-W-01,Women's Airism Bikini Shorts,Underwear,Women,9.9,9.9,False,1,9.9,NETS
PUN-20260630-0556,2,2026-06-30 20:34:27,  Punggol  ,SOK-M-04,Men's Ribbed Crew Socks,Socks,Men,5.9,5.9,False,2,11.8,Card
ORC-20260630-0850,1,2026-06-30 12:17:19,Orchard Central,TOP-W-04,  Women's Heattech Crew Neck Long Sleeve Tee  ,tops,Women,14.9,14.9,False,1,14.9,PayNow
BUG-20260630-0598,2,2026-06-30 13:48:23,bugis,UND-W-04,Women's Airism T-Shirt Bra,Underwear,Women,29.9,29.9,False,1,29.9,PayNow
ORC-20260630-0329,1,2026-06-30 11:06:57,Orchard Central,TOP-W-06,Women's Linen Blend Short Sleeve Shirt,Tops,women,19.72,29.9,True,1,19.72,Cash
ORC-20260630-1091,1,2026-06-30 12:29:07,Orchard Central,TOP-W-02,Women's Ribbed Long Sleeve Turtleneck,Tops,Women,19.9,19.9,False,1,19.9,Card
PUN-20260630-0018,1,2026-06-30 19:30:54,Punggol,UND-W-01,Women's Airism Bikini Shorts,Underwear,Women,9.9,9.9,False,1,9.9,Card
PUN-20260630-0367,1,2026-06-30 16:19:53,PUNGGOL,UND-W-01,Women's Airism Bikini Shorts,Underwear,Women,9.9,9.9,False,1,9.9,Card
PUN-20260630-0067,2,2026-06-30 14:41:58,Punggol,TOP-M-04,Men's Oxford Long Sleeve Shirt,Tops,Men,29.9,29.9,False,1,29.9,NETS
ORC-20260630-0121,3,2026-06-30 18:22:08,Orchard Central,BTM-M-04,Men's Dry Stretch Shorts,Bottoms,Men,19.9,19.9,False,1,19.9,Card
PUN-20260630-0094,3,2026-06-30 20:10:37,Punggol,SOK-W-02,Women's Pile Crew Socks,Socks,Women,5.9,5.9,False,2,11.8,Card
BUG-20260630-0065,1,2026-06-30 13:23:58,Bugis,UND-W-01,Women's Airism Bikini Shorts,Underwear,WOMEN,9.9,9.9,False,1,9.9,Card
BUG-20260630-0036,1,2026-06-30 17:17:50,Bugis,SOK-M-03,Men's Airism Low-Cut Socks,Socks,Men,5.9,5.9,False,1,5.9,NETS
ORC-20260630-1066,2,2026-06-30 20:20:11,Orchard Central,UND-W-02,Women's Wireless Bra,underwear,Women,29.9,29.9,False,2,59.8,PayNow
ORC-20260630-0606,1,2026-06-30 20:47:31,Orchard Central,SOK-W-01,Women's Ankle Socks 3-Pack,Socks,Women,14.9,14.9,False,1,14.9,Card
ORC-20260630-0416,3,2026-06-30 20:35:28,Orchard Central,TOP-M-04,Men's Oxford Long Sleeve Shirt,Tops,Men,29.9,29.9,False,1,29.9,Card
PUN-20260630-0126,1,2026-06-30 22:59:12,  punggol  ,SOK-M-03,Men's Airism Low-Cut Socks,Socks,Men,5.9,5.9,False,2,11.8,NETS
ORC-20260630-0450,2,2026-06-30 21:59:59,Orchard Central,BTM-M-04,Men's Dry Stretch Shorts,Bottoms,Men,19.9,19.9,False,1,19.9,Card
BUG-20260630-0018,1,2026-06-30 18:31:52,Bugis,SOK-W-03,Women's Airism Low-Cut Socks,Socks,women,5.9,5.9,False,2,11.8,Card
ORC-20260630-0834,2,2026-06-30 17:41:57,  Orchard Central  ,SOK-M-02,  Men's Pile Crew Socks  ,Socks,men,5.9,5.9,False,1,5.9,Cash
ORC-20260630-0632,1,2026-06-30 18:08:19,Orchard Central,UND-W-01,Women's Airism Bikini Shorts,Underwear,Women,9.9,9.9,False,1,9.9,Cash
ORC-20260630-1033,1,2026-06-30 20:28:33,Orchard Central,BTM-W-03,Women's Ezy Ankle Pants,Bottoms,Women,29.9,29.9,False,1,29.9,NETS
ORC-20260630-0378,2,2026-06-30 12:27:55,Orchard Central,TOP-M-01,Men's Airism Cotton Crew Neck T-Shirt,Tops,Men,14.9,14.9,False,1,14.9,CASH
BUG-20260630-0034,2,2026-06-30 13:31:52,Bugis,SOK-W-03,Women's Airism Low-Cut Socks,Socks,Women,5.9,5.9,False,1,5.9,Card
ORC-20260630-1033,2,2026-06-30 20:28:33,Orchard Central,SOK-M-05,Men's Sport Ankle Socks,Socks,Men,4.36,5.9,True,1,4.36,NETS
BUG-20260630-0352,2,2026-06-30 21:34:55,Bugis,UND-W-01,Women's Airism Bikini Shorts,Underwear,Women,9.9,9.9,False,1,9.9,Card
BUG-20260630-0505,2,2026-06-30 14:11:30,Bugis,TOP-M-04,Men's Oxford Long Sleeve Shirt,Tops,Men,29.9,29.9,False,1,29.9,Card
BUG-20260630-0817,1,2026-06-30 21:08:17,Bugis,SOK-W-04,Women's Ribbed Crew Socks,Socks,Women,5.9,5.9,False,1,5.9,Card
BUG-20260630-0512,2,2026-06-30 20:48:27,Bugis,UND-M-02,Men's Cotton Blend Trunks,Underwear,Men,14.9,14.9,False,1,14.9,PayNow
ORC-20260630-1074,1,2026-06-30 21:55:19,Orchard Central,UND-W-04,Women's Airism T-Shirt Bra,Underwear,women,29.9,29.9,False,1,29.9,Paynow
ORC-20260630-0942,1,2026-06-30 14:06:23,Orchard Central,SOK-M-03,Men's Airism Low-Cut Socks,Socks,Men,5.9,5.9,False,2,$11.8,Cash
BUG-20260630-0484,2,2026-06-30 18:09:24,Bugis,BTM-M-06,  Men's Jersey Jogger Pants  ,Bottoms,Men,29.9,29.9,False,1,29.9,Cash
PUN-20260630-0239,1,2026-06-30 16:47:20,Punggol,SOK-M-04,Men's Ribbed Crew Socks,Socks,Men,5.9,5.9,False,1,$5.9,Card
ORC-20260630-0895,2,2026-06-30 20:39:00,Orchard Central,SOK-M-04,Men's Ribbed Crew Socks,Socks,Men,5.9,5.9,False,1,5.9,NETS
ORC-20260630-0631,3,2026-06-30 12:43:51,Orchard Central,SOK-W-02,Women's Pile Crew Socks,Socks,Women,5.9,5.9,False,1,5.9,PayNow
PUN-20260630-0592,3,2026-06-30 17:49:49,  Punggol  ,SOK-W-03,Women's Airism Low-Cut Socks,Socks,WOMEN,5.9,5.9,False,2,11.8,Card
PUN-20260630-0112,2,2026-06-30 14:56:12,Punggol,TOP-W-02,  Women's Ribbed Long Sleeve Turtleneck  ,Tops,WOMEN,19.9,19.9,False,1,19.9,Card
BUG-20260630-0256,2,2026-06-30 20:33:23,Bugis,SOK-W-04,Women's Ribbed Crew Socks,socks,Women,5.9,5.9,False,1,5.9,Card
BUG-20260630-0555,2,2026-06-30 15:39:07,Bugis,TOP-W-01,  Women's Airism Cotton Crew Neck T-Shirt  ,Tops,Women,14.9,14.9,False,1,14.9,CASH
ORC-20260630-0024,2,2026-06-30 13:10:01,Orchard Central,UND-M-02,  Men's Cotton Blend Trunks  ,Underwear,Men,14.9,14.9,False,1,14.9,PayNow
PUN-20260630-0319,1,2026-06-30 19:51:27,Punggol,SOK-W-03,Women's Airism Low-Cut Socks,Socks,Women,5.9,5.9,False,2,11.8,Card
BUG-20260630-0428,2,2026-06-30 11:32:25,Bugis,UND-W-01,Women's Airism Bikini Shorts,Underwear,Women,9.9,9.9,False,1,9.9,PAYNOW
ORC-20260630-0257,1,2026-06-30 19:22:27,Orchard Central,UND-M-02,Men's Cotton Blend Trunks,Underwear,Men,14.9,14.9,False,1,14.9,NETS
BUG-20260630-0602,1,2026-06-30 19:48:43,Bugis,SOK-M-02,Men's Pile Crew Socks,Socks,Men,5.9,5.9,False,1,5.9,Cash
PUN-20260630-0459,2,2026-06-30 12:12:56,Punggol,UND-W-05,Women's Seamless Shorts,underwear,Women,9.9,9.9,False,1,9.9,PayNow
PUN-20260630-0202,2,2026-06-30 22:33:20,Punggol,SOK-W-04,Women's Ribbed Crew Socks,Socks,Women,5.9,5.9,False,1,5.9,Card
BUG-20260630-0587,3,2026-06-30 19:47:50,Bugis,BTM-W-03,Women's Ezy Ankle Pants,Bottoms,Women,29.9,29.9,False,1,29.9,
BUG-20260630-0779,1,2026-06-30 20:11:57,Bugis,UND-M-08,  Men's Airism V-Neck Undershirt  ,Underwear,Men,9.9,9.9,False,1,9.9,PayNow
ORC-20260630-0677,2,2026-06-30 18:41:14,Orchard Central,SOK-W-02,  Women's Pile Crew Socks  ,Socks,Women,5.9,5.9,False,1,5.9,Card
ORC-20260630-1062,3,2026-06-30 21:19:43,Orchard Central,TOP-W-02,Women's Ribbed Long Sleeve Turtleneck,Tops,women,19.9,19.9,False,1,19.9,
BUG-20260630-0317,2,2026-06-30 20:08:33,Bugis,UND-W-01,Women's Airism Bikini Shorts,Underwear,Women,9.9,9.9,False,1,$9.9,NETS
PUN-20260630-0589,1,2026-06-30 22:48:12,Punggol,SOK-W-04,Women's Ribbed Crew Socks,SOCKS,Women,5.9,5.9,False,2,11.8,NETS
ORC-20260630-0506,2,2026-06-30 18:33:16,  Orchard Central  ,TOP-W-06,Women's Linen Blend Short Sleeve Shirt,Tops,Women,19.72,29.9,True,1,19.72,Card
PUN-20260630-0605,1,2026-06-30 17:54:22,Punggol,SOK-W-05,Women's Sport Ankle Socks,Socks,Women,4.27,5.9,True,1,4.27,Card
PUN-20260630-0488,1,2026-06-30 14:00:32,Punggol,SOK-M-02,Men's Pile Crew Socks,Socks,Men,5.9,5.9,False,1,5.9,Card
PUN-20260630-0290,1,2026-06-30 12:49:55,Punggol,UND-W-03,  Women's Cotton Blend Briefs  ,Underwear,Women,9.9,9.9,False,1,9.9,PayNow
ORC-20260630-0707,2,2026-06-30 19:12:25,Orchard Central,SOK-W-02,Women's Pile Crew Socks,Socks,Women,5.9,5.9,False,1,5.9,Cash
ORC-20260630-0628,1,2026-06-30 21:15:58,Orchard Central,UND-M-04,Men's Cotton Crew Neck Undershirt,Underwear,Men,14.9,14.9,False,1,14.9,Card
PUN-20260630-0161,3,2026-06-30 17:44:42,Punggol,BTM-W-02,Women's High-Rise Wide Leg Pants,Bottoms,Women,39.9,39.9,False,1,39.9,Card
BUG-20260630-0032,1,2026-06-30 11:18:08,Bugis,TOP-M-01,Men's Airism Cotton Crew Neck T-Shirt,Tops,Men,14.9,14.9,False,1,$14.9,Cash
PUN-20260630-0139,3,2026-06-30 20:23:26,Punggol,SOK-W-02,  Women's Pile Crew Socks  ,Socks,Women,5.9,5.9,False,1,5.9,NETS
ORC-20260630-1078,3,2026-06-30 19:18:39,Orchard Central,SOK-M-03,  Men's Airism Low-Cut Socks  ,Socks,Men,5.9,5.9,False,2,11.8,Cash
BUG-20260630-0587,1,2026-06-30 19:47:50,Bugis,SOK-W-04,Women's Ribbed Crew Socks,Socks,Women,5.9,5.9,False,1,5.9,card
ORC-20260630-0342,1,2026-06-30 19:03:34,Orchard Central,TOP-W-03,Women's Silky Satin Blouse,Tops,Women,39.9,39.9,False,1,39.9,NETS
BUG-20260630-0494,3,2026-06-30 13:28:06,Bugis,TOP-W-06,Women's Linen Blend Short Sleeve Shirt,Tops,Women,19.72,29.9,True,1,19.72,Card
BUG-20260630-0524,2,2026-06-30 21:53:01,Bugis,SOK-M-04,Men's Ribbed Crew Socks,Socks,MEN,5.9,5.9,False,2,11.8,Card
ORC-20260630-0508,2,2026-06-30 18:20:13,orchard central,SOK-W-04,Women's Ribbed Crew Socks,Socks,Women,5.9,5.9,False,1,5.9,NETS
BUG-20260630-0289,1,2026-06-30 22:43:46,Bugis,BTM-M-04,Men's Dry Stretch Shorts,Bottoms,Men,19.9,19.9,False,1,19.9,PayNow
BUG-20260630-0350,1,2026-06-30 20:26:47,Bugis,UND-W-02,Women's Wireless Bra,Underwear,Women,29.9,29.9,False,1,29.9,NETS
ORC-20260630-0380,1,2026-06-30 18:15:03,Orchard Central,UND-W-03,Women's Cotton Blend Briefs,Underwear,Women,9.9,9.9,False,1,9.9,Cash
BUG-20260630-0917,1,2026-06-30 19:13:56,Bugis,SOK-W-02,Women's Pile Crew Socks,SOCKS,Women,5.9,5.9,False,2,11.8,Card
BUG-20260630-0768,2,2026-06-30 19:17:20,Bugis,SOK-W-06,Women's Heattech Socks,Socks,WOMEN,9.9,9.9,False,2,19.8,NETS
PUN-20260630-0169,1,2026-06-30 21:05:38,Punggol,TOP-M-03,Men's Dry-EX Crew Neck T-Shirt,tops,men,19.9,19.9,False,1,19.9,PayNow
PUN-20260630-0020,2,2026-06-30 17:00:58,  Punggol  ,UND-M-04,Men's Cotton Crew Neck Undershirt,Underwear,men,14.9,14.9,False,1,14.9,Card
ORC-20260630-0999,1,2026-06-30 11:26:45,Orchard Central,UND-W-03,  Women's Cotton Blend Briefs  ,Underwear,Women,9.9,9.9,False,1,9.9,Card
ORC-20260630-1084,1,2026-06-30 21:14:11,Orchard Central,SOK-M-05,Men's Sport Ankle Socks,Socks,Men,4.36,5.9,True,1,4.36,PayNow
PUN-20260630-0132,3,2026-06-30 19:33:41,Punggol,SOK-W-02,Women's Pile Crew Socks,Socks,Women,5.9,5.9,False,1,5.9,PAYNOW
PUN-20260630-0571,1,2026-06-30 12:00:39,punggol,BTM-W-03,Women's Ezy Ankle Pants,Bottoms,Women,29.9,29.9,False,1,29.9,NETS
ORC-20260630-0704,1,2026-06-30 18:23:58,Orchard Central,SOK-M-05,Men's Sport Ankle Socks,Socks,men,4.36,5.9,True,1,4.36,Card
PUN-20260630-0624,1,2026-06-30 17:32:40,Punggol,SOK-M-04,Men's Ribbed Crew Socks,Socks,Men,5.9,5.9,False,1,5.9,card
PUN-20260630-0224,1,2026-06-30 18:37:45,  Punggol  ,UND-W-03,Women's Cotton Blend Briefs,Underwear,Women,9.9,9.9,False,1,9.9,Card
BUG-20260630-0027,1,2026-06-30 12:11:05,Bugis,SOK-M-09,Men's No-Show Sneaker Socks,Socks,MEN,4.17,5.9,True,2,8.34,Card
PUN-20260630-0027,3,2026-06-30 19:49:04,Punggol,TOP-W-03,Women's Silky Satin Blouse,Tops,WOMEN,39.9,39.9,False,1,39.9,PayNow
ORC-20260630-0729,1,2026-06-30 16:24:54,Orchard Central,UND-M-02,Men's Cotton Blend Trunks,UNDERWEAR,Men,14.9,14.9,False,2,29.8,PayNow
ORC-20260630-0709,1,2026-06-30 17:59:14,Orchard Central,SOK-M-04,  Men's Ribbed Crew Socks  ,Socks,Men,5.9,5.9,False,1,5.9,card
ORC-20260630-0491,2,2026-06-30 19:16:09,Orchard Central,UND-W-03,Women's Cotton Blend Briefs,Underwear,Women,9.9,9.9,False,1,9.9,Card
BUG-20260630-0004,3,2026-06-30 14:38:03,Bugis,SOK-M-03,Men's Airism Low-Cut Socks,Socks,Men,5.9,5.9,False,1,5.9,
ORC-20260630-0969,1,2026-06-30 20:19:26,Orchard Central,UND-W-01,Women's Airism Bikini Shorts,Underwear,Women,9.9,9.9,False,1,9.9,PayNow
BUG-20260630-0719,2,2026-06-30 20:35:03,Bugis,SOK-W-01,Women's Ankle Socks 3-Pack,Socks,Women,14.9,14.9,False,1,14.9,Card
PUN-20260630-0300,2,2026-06-30 21:29:46,Punggol,SOK-M-04,Men's Ribbed Crew Socks,Socks,Men,5.9,5.9,False,2,11.8,Card
ORC-20260630-0887,2,2026-06-30 16:23:19,Orchard Central,SOK-W-01,Women's Ankle Socks 3-Pack,Socks,Women,14.9,14.9,False,1,14.9,CARD
PUN-20260630-0413,3,2026-06-30 21:22:36,Punggol,TOP-W-02,Women's Ribbed Long Sleeve Turtleneck,Tops,Women,19.9,19.9,False,1,19.9,NETS
PUN-20260630-0222,1,2026-06-30 20:54:36,Punggol,TOP-W-02,Women's Ribbed Long Sleeve Turtleneck,Tops,Women,19.9,19.9,False,1,19.9,Card
ORC-20260630-0930,1,2026-06-30 16:55:37,Orchard Central,TOP-W-01,Women's Airism Cotton Crew Neck T-Shirt,Tops,Women,14.9,14.9,False,1,14.9,Cash
BUG-20260630-0664,2,2026-06-30 21:42:24,Bugis,TOP-M-01,Men's Airism Cotton Crew Neck T-Shirt,Tops,Men,14.9,14.9,False,1,14.9,PayNow
ORC-20260630-0966,1,2026-06-30 20:20:59,Orchard Central,SOK-M-04,  Men's Ribbed Crew Socks  ,Socks,Men,5.9,5.9,False,1,5.9,Card
ORC-20260630-0205,3,2026-06-30 14:03:05,Orchard Central,SOK-W-01,,Socks,Women,14.9,14.9,False,2,29.8,card
PUN-20260630-0268,1,2026-06-30 16:23:27,Punggol,SOK-M-03,Men's Airism Low-Cut Socks,Socks,Men,5.9,5.9,False,1,5.9,PayNow
ORC-20260630-0796,1,2026-06-30 12:36:05,Orchard Central,TOP-W-02,Women's Ribbed Long Sleeve Turtleneck,Tops,Women,19.9,19.9,False,1,19.9,PAYNOW
ORC-20260630-0309,2,2026-06-30 17:17:46,Orchard Central,UND-W-03,Women's Cotton Blend Briefs,Underwear,Women,9.9,9.9,False,2,19.8,PayNow
PUN-20260630-0360,2,2026-06-30 21:37:37,Punggol,SOK-M-02,Men's Pile Crew Socks,Socks,Men,5.9,5.9,False,1,5.9,Card
PUN-20260630-0272,3,2026-06-30 14:34:23,Punggol,SOK-W-06,Women's Heattech Socks,Socks,Women,9.9,9.9,False,1,9.9,Card
ORC-20260630-1067,2,2026-06-30 15:15:10,Orchard Central,UND-M-06,Men's Airism Sleeveless Undershirt,Underwear,Men,9.9,9.9,False,1,9.9,Card
ORC-20260630-0954,3,2026-06-30 19:12:14,Orchard Central,BTM-W-03,Women's Ezy Ankle Pants,Bottoms,Women,29.9,29.9,False,1,29.9,Card
PUN-20260630-0508,2,2026-06-30 18:27:10,Punggol,SOK-W-05,Women's Sport Ankle Socks,Socks,Women,4.27,5.9,True,1,4.27,Card
BUG-20260630-0858,1,2026-06-30 21:08:20,Bugis,BTM-M-02,Men's Slim Fit Chino Trousers,Bottoms,Men,29.9,29.9,False,1,$29.9,Card
BUG-20260630-0517,3,2026-06-30 19:39:09,Bugis,SOK-W-04,Women's Ribbed Crew Socks,Socks,Women,5.9,5.9,False,1,5.9,Card
BUG-20260630-0236,1,2026-06-30 21:20:51,BUGIS,TOP-W-04,Women's Heattech Crew Neck Long Sleeve Tee,Tops,Women,14.9,14.9,False,1,14.9,nets
BUG-20260630-0774,1,2026-06-30 17:48:51,Bugis,UND-W-04,Women's Airism T-Shirt Bra,Underwear,women,29.9,29.9,False,1,29.9,Card
ORC-20260630-0564,1,2026-06-30 19:41:47,Orchard Central,TOP-W-06,Women's Linen Blend Short Sleeve Shirt,Tops,Women,19.72,29.9,True,1,19.72,Card
PUN-20260630-0413,2,2026-06-30 21:22:36,  Punggol  ,TOP-M-01,Men's Airism Cotton Crew Neck T-Shirt,Tops,Men,$14.9,14.9,False,1,14.9,NETS
BUG-20260630-0056,3,2026-06-30 19:36:13,Bugis,SOK-M-02,Men's Pile Crew Socks,Socks,Men,5.9,5.9,False,1,5.9,NETS
BUG-20260630-0557,1,2026-06-30 19:00:16,Bugis,UND-M-04,Men's Cotton Crew Neck Undershirt,Underwear,Men,14.9,14.9,False,2,29.8,card
BUG-20260630-0071,1,2026-06-30 19:51:04,Bugis,SOK-W-06,Women's Heattech Socks,Socks,Women,9.9,9.9,False,1,9.9,Cash
BUG-20260630-0130,2,2026-06-30 21:08:29,BUGIS,BTM-W-06,Women's Jersey Jogger Pants,Bottoms,Women,29.9,29.9,False,1,29.9,Card
BUG-20260630-0247,1,2026-06-30 18:33:34,Bugis,SOK-W-02,Women's Pile Crew Socks,Socks,women,5.9,5.9,False,2,11.8,PayNow
BUG-20260630-0648,2,2026-06-30 12:04:16,Bugis,SOK-W-02,Women's Pile Crew Socks,Socks,Women,5.9,5.9,False,1,5.9,PayNow
PUN-20260630-0391,2,2026-06-30 21:12:02,Punggol,SOK-W-05,Women's Sport Ankle Socks,socks,Women,4.27,5.9,True,1,4.27,NETS
ORC-20260630-0095,2,2026-06-30 18:28:59,Orchard Central,BTM-W-01,Women's Ultra Stretch Skinny Jeans,Bottoms,Women,39.9,39.9,False,1,39.9,CARD
ORC-20260630-0626,1,2026-06-30 20:31:28,Orchard Central,TOP-W-01,  Women's Airism Cotton Crew Neck T-Shirt  ,Tops,Women,14.9,14.9,False,1,14.9,Cash
ORC-20260630-0615,1,2026-06-30 20:17:52,Orchard Central,UND-W-01,Women's Airism Bikini Shorts,Underwear,Women,$9.9,9.9,False,1,9.9,Card
BUG-20260630-0015,3,2026-06-30 21:44:49,BUGIS,SOK-M-02,Men's Pile Crew Socks,Socks,men,5.9,5.9,False,1,5.9,card
ORC-20260630-0212,1,2026-06-30 21:13:20,Orchard Central,TOP-W-01,Women's Airism Cotton Crew Neck T-Shirt,Tops,Women,14.9,14.9,False,1,14.9,card
ORC-20260630-0539,1,2026-06-30 11:32:38,  Orchard Central  ,UND-M-01,Men's Airism Boxer Briefs,Underwear,MEN,14.9,14.9,False,1,$14.9,Cash
BUG-20260630-0875,2,2026-06-30 19:30:19,Bugis,SOK-W-03,  Women's Airism Low-Cut Socks  ,Socks,Women,5.9,5.9,False,1,5.9,Card
ORC-20260630-0827,3,2026-06-30 13:05:11,Orchard Central,UND-W-01,Women's Airism Bikini Shorts,Underwear,Women,9.9,9.9,False,1,9.9,CARD
BUG-20260630-0003,2,2026-06-30 13:26:33,bugis,UND-W-02,Women's Wireless Bra,UNDERWEAR,Women,29.9,29.9,False,1,29.9,PayNow
PUN-20260630-0329,1,2026-06-30 12:53:54,Punggol,TOP-M-02,Men's Supima Cotton Polo Shirt,Tops,Men,29.9,29.9,False,1,29.9,NETS
BUG-20260630-0852,2,2026-06-30 22:17:03,Bugis,SOK-W-01,Women's Ankle Socks 3-Pack,Socks,Women,14.9,14.9,False,1,14.9,Cash
BUG-20260630-0720,1,2026-06-30 15:06:11,Bugis,SOK-M-03,Men's Airism Low-Cut Socks,Socks,Men,5.9,5.9,False,1,5.9,Card
BUG-20260630-0758,1,2026-06-30 16:50:53,Bugis,SOK-M-02,Men's Pile Crew Socks,Socks,Men,5.9,5.9,False,1,5.9,
BUG-20260630-0747,2,2026-06-30 20:24:17,Bugis,SOK-M-02,Men's Pile Crew Socks,SOCKS,Men,5.9,5.9,False,2,11.8,Paynow
PUN-20260630-0561,2,2026-06-30 21:01:12,Punggol,UND-W-05,Women's Seamless Shorts,Underwear,women,9.9,9.9,False,1,9.9,NETS
BUG-20260630-0845,1,2026-06-30 11:10:18,Bugis,SOK-W-03,Women's Airism Low-Cut Socks,Socks,WOMEN,5.9,5.9,False,1,5.9,PAYNOW
ORC-20260630-0245,1,2026-06-30 21:26:37,Orchard Central,TOP-W-06,Women's Linen Blend Short Sleeve Shirt,Tops,Women,19.72,29.9,True,1,19.72,Card
ORC-20260630-0363,1,2026-06-30 21:41:16,Orchard Central,UND-W-03,Women's Cotton Blend Briefs,Underwear,Women,9.9,9.9,False,1,9.9,Card
BUG-20260630-0075,2,2026-06-30 14:32:12,Bugis,UND-W-03,Women's Cotton Blend Briefs,Underwear,Women,9.9,9.9,False,1,$9.9,Card
ORC-20260630-0159,1,2026-06-30 20:21:02,Orchard Central,UND-W-01,Women's Airism Bikini Shorts,Underwear,Women,9.9,9.9,False,1,9.9,Card
ORC-20260630-0572,1,2026-06-30 18:54:21,Orchard Central,UND-W-08,Women's Airism Camisole,Underwear,Women,14.9,14.9,False,1,14.9,NETS
PUN-20260630-0449,1,2026-06-30 15:31:57,Punggol,TOP-M-01,Men's Airism Cotton Crew Neck T-Shirt,Tops,Men,14.9,14.9,False,1,14.9,NETS
ORC-20260630-0068,2,2026-06-30 19:29:32,Orchard Central,UND-W-03,Women's Cotton Blend Briefs,Underwear,Women,9.9,9.9,False,1,9.9,PayNow
PUN-20260630-0076,1,2026-06-30 20:16:21,Punggol,BTM-M-01,Men's Ezy Ankle Pants,Bottoms,Men,29.9,29.9,False,1,29.9,Cash
BUG-20260630-0545,1,2026-06-30 20:05:35,  Bugis  ,SOK-M-09,Men's No-Show Sneaker Socks,Socks,Men,4.17,5.9,True,2,8.34,Card
BUG-20260630-0217,2,2026-06-30 14:27:31,Bugis,SOK-M-09,Men's No-Show Sneaker Socks,Socks,Men,4.17,5.9,True,1,4.17,Cash
PUN-20260630-0214,2,2026-06-30 15:17:39,  PUNGGOL  ,SOK-W-02,Women's Pile Crew Socks,Socks,Women,5.9,5.9,False,1,5.9,PayNow
BUG-20260630-0501,1,2026-06-30 18:32:29,Bugis,SOK-M-01,Men's Ankle Socks 3-Pack,Socks,Men,14.9,14.9,False,1,14.9,Card
BUG-20260630-0708,1,2026-06-30 22:52:14,Bugis,UND-W-04,Women's Airism T-Shirt Bra,Underwear,Women,29.9,29.9,False,1,29.9,PayNow
ORC-20260630-0744,1,2026-06-30 21:24:53,Orchard Central,SOK-W-04,Women's Ribbed Crew Socks,socks,Women,5.9,5.9,False,2,11.8,paynow
PUN-20260630-0527,1,2026-06-30 17:10:30,PUNGGOL,TOP-W-02,Women's Ribbed Long Sleeve Turtleneck,Tops,Women,19.9,19.9,False,1,19.9,Card
PUN-20260630-0424,2,2026-06-30 21:30:26,Punggol,SOK-W-03,Women's Airism Low-Cut Socks,Socks,women,5.9,5.9,False,2,11.8,Card
ORC-20260630-0215,1,2026-06-30 19:46:09,  Orchard Central  ,UND-W-03,Women's Cotton Blend Briefs,Underwear,Women,9.9,9.9,False,1,9.9,Card
PUN-20260630-0180,2,2026-06-30 21:52:59,Punggol,TOP-M-03,Men's Dry-EX Crew Neck T-Shirt,Tops,Men,19.9,19.9,False,1,19.9,PayNow
BUG-20260630-0146,2,2026-06-30 19:15:25,Bugis,SOK-M-02,Men's Pile Crew Socks,Socks,Men,5.9,5.9,False,1,5.9,nets
BUG-20260630-0464,1,2026-06-30 21:35:36,Bugis,TOP-W-02,Women's Ribbed Long Sleeve Turtleneck,Tops,Women,19.9,19.9,False,1,19.9,Card
ORC-20260630-0123,1,2026-06-30 14:30:21,Orchard Central,UND-W-01,Women's Airism Bikini Shorts,Underwear,Women,9.9,9.9,False,1,9.9,Cash
BUG-20260630-0659,2,2026-06-30 12:29:03,Bugis,UND-W-01,Women's Airism Bikini Shorts,Underwear,Women,9.9,9.9,False,2,19.8,NETS
BUG-20260630-0188,2,2026-06-30 21:06:32,Bugis,SOK-M-03,Men's Airism Low-Cut Socks,Socks,Men,5.9,5.9,False,1,5.9,Cash
BUG-20260630-0642,3,2026-06-30 14:46:49,Bugis,SOK-M-02,Men's Pile Crew Socks,Socks,Men,5.9,5.9,False,1,5.9,PayNow
PUN-20260630-0444,1,2026-06-30 15:20:55,Punggol,TOP-M-02,Men's Supima Cotton Polo Shirt,Tops,Men,29.9,29.9,False,1,29.9,Card
PUN-20260630-0299,2,2026-06-30 20:04:11,Punggol,SOK-M-02,Men's Pile Crew Socks,Socks,men,5.9,5.9,False,1,5.9,Card
ORC-20260630-0937,1,2026-06-30 19:54:22,Orchard Central,TOP-W-01,Women's Airism Cotton Crew Neck T-Shirt,Tops,women,14.9,14.9,False,1,14.9,paynow
ORC-20260630-0182,1,2026-06-30 16:21:22,orchard central,SOK-M-01,Men's Ankle Socks 3-Pack,Socks,MEN,14.9,14.9,False,1,14.9,Cash
BUG-20260630-0212,3,2026-06-30 20:42:42,Bugis,UND-W-01,Women's Airism Bikini Shorts,Underwear,Women,9.9,9.9,False,1,9.9,NETS
BUG-20260630-0349,1,2026-06-30 13:34:20,Bugis,SOK-M-04,Men's Ribbed Crew Socks,Socks,Men,5.9,5.9,False,1,5.9,PayNow
PUN-20260630-0552,3,2026-06-30 14:18:54,Punggol,SOK-W-05,Women's Sport Ankle Socks,Socks,Women,4.27,5.9,True,1,4.27,Cash
BUG-20260630-0196,2,2026-06-30 12:36:36,  Bugis  ,BTM-W-04,Women's Denim Straight Jeans,Bottoms,Women,49.9,49.9,False,1,49.9,PayNow
ORC-20260630-0944,2,2026-06-30 20:42:20,Orchard Central,TOP-W-02,Women's Ribbed Long Sleeve Turtleneck,Tops,WOMEN,19.9,19.9,False,1,19.9,NETS
BUG-20260630-0006,3,2026-06-30 20:48:37,Bugis,UND-W-01,Women's Airism Bikini Shorts,Underwear,Women,9.9,9.9,False,1,9.9,Cash
ORC-20260630-0547,2,2026-06-30 13:28:20,Orchard Central,UND-W-08,Women's Airism Camisole,Underwear,women,14.9,14.9,False,1,14.9,PayNow
BUG-20260630-0814,3,2026-06-30 19:59:25,Bugis,BTM-W-03,Women's Ezy Ankle Pants,Bottoms,Women,29.9,29.9,False,1,29.9,PayNow
ORC-20260630-0281,1,2026-06-30 18:29:03,Orchard Central,UND-M-01,Men's Airism Boxer Briefs,Underwear,Men,14.9,14.9,False,1,14.9,NETS
BUG-20260630-0346,1,2026-06-30 20:39:33,BUGIS,SOK-M-02,Men's Pile Crew Socks,Socks,Men,5.9,5.9,False,1,5.9,Card
ORC-20260630-0624,1,2026-06-30 18:11:07,  Orchard Central  ,SOK-W-02,  Women's Pile Crew Socks  ,Socks,Women,5.9,5.9,False,1,5.9,card
ORC-20260630-0083,1,2026-06-30 17:45:56,Orchard Central,SOK-W-02,Women's Pile Crew Socks,Socks,Women,5.9,5.9,False,1,5.9,Cash
BUG-20260630-0818,1,2026-06-30 12:43:23,Bugis,SOK-M-07,Men's Striped Crew Socks,Socks,Men,5.9,5.9,False,1,5.9,NETS
BUG-20260630-0021,2,2026-06-30 15:55:02,Bugis,SOK-W-02,Women's Pile Crew Socks,Socks,Women,5.9,5.9,False,1,5.9,PayNow
BUG-20260630-0520,2,2026-06-30 20:41:14,Bugis,SOK-M-09,Men's No-Show Sneaker Socks,Socks,Men,4.17,5.9,True,1,4.17,NETS
PUN-20260630-0230,1,2026-06-30 13:55:10,Punggol,UND-W-04,Women's Airism T-Shirt Bra,Underwear,Women,29.9,29.9,False,1,29.9,PayNow
ORC-20260630-0938,2,2026-06-30 17:46:31,  Orchard Central  ,UND-W-03,Women's Cotton Blend Briefs,UNDERWEAR,Women,9.9,9.9,False,1,9.9,Card
BUG-20260630-0034,1,2026-06-30 13:31:52,Bugis,TOP-W-04,Women's Heattech Crew Neck Long Sleeve Tee,Tops,Women,14.9,14.9,False,1,14.9,Card
BUG-20260630-0770,2,2026-06-30 20:30:03,Bugis,SOK-W-03,Women's Airism Low-Cut Socks,Socks,Women,5.9,5.9,False,1,5.9,NETS
PUN-20260630-0173,3,2026-06-30 22:04:54,Punggol,SOK-M-03,Men's Airism Low-Cut Socks,Socks,Men,5.9,5.9,False,1,5.9,Card
ORC-20260630-0166,3,2026-06-30 18:07:25,Orchard Central,TOP-M-02,  Men's Supima Cotton Polo Shirt  ,Tops,Men,29.9,29.9,False,1,29.9,nets
ORC-20260630-0033,1,2026-06-30 21:14:13,Orchard Central,UND-M-02,Men's Cotton Blend Trunks,UNDERWEAR,Men,14.9,14.9,False,1,14.9,NETS
ORC-20260630-0045,2,2026-06-30 12:33:09,  Orchard Central  ,SOK-M-01,Men's Ankle Socks 3-Pack,Socks,MEN,14.9,14.9,False,1,14.9,Card
PUN-20260630-0052,1,2026-06-30 20:30:06,Punggol,TOP-M-01,Men's Airism Cotton Crew Neck T-Shirt,Tops,Men,14.9,14.9,False,1,14.9,Card
ORC-20260630-0015,1,2026-06-30 18:12:21,Orchard Central,BTM-M-04,Men's Dry Stretch Shorts,Bottoms,Men,$19.9,19.9,False,1,19.9,NETS
ORC-20260630-0995,2,2026-06-30 19:14:31,ORCHARD CENTRAL,SOK-M-05,Men's Sport Ankle Socks,Socks,Men,4.36,5.9,True,1,4.36,Cash
PUN-20260630-0168,2,2026-06-30 22:19:14,punggol,SOK-M-04,Men's Ribbed Crew Socks,Socks,Men,5.9,5.9,False,2,11.8,PayNow
BUG-20260630-0884,1,2026-06-30 19:51:36,Bugis,UND-W-04,Women's Airism T-Shirt Bra,Underwear,Women,$29.9,29.9,False,1,29.9,PayNow
BUG-20260630-0054,2,2026-06-30 21:42:37,Bugis,BTM-M-04,Men's Dry Stretch Shorts,bottoms,Men,19.9,19.9,False,1,19.9,card
PUN-20260630-0223,1,2026-06-30 19:13:57,Punggol,BTM-M-04,Men's Dry Stretch Shorts,BOTTOMS,Men,19.9,19.9,False,1,19.9,Card
BUG-20260630-0268,1,2026-06-30 22:03:05,BUGIS,SOK-M-04,Men's Ribbed Crew Socks,Socks,Men,5.9,5.9,False,1,5.9,PayNow
BUG-20260630-0202,3,2026-06-30 19:03:11,  Bugis  ,SOK-W-03,  Women's Airism Low-Cut Socks  ,Socks,Women,5.9,5.9,False,1,5.9,NETS
ORC-20260630-0815,1,2026-06-30 20:18:36,Orchard Central,BTM-M-01,Men's Ezy Ankle Pants,Bottoms,Men,29.9,29.9,False,1,29.9,CASH
ORC-20260630-0125,2,2026-06-30 13:51:08,Orchard Central,TOP-W-01,  Women's Airism Cotton Crew Neck T-Shirt  ,Tops,Women,14.9,14.9,False,1,14.9,PayNow
ORC-20260630-0368,1,2026-06-30 12:55:41,Orchard Central,UND-W-02,Women's Wireless Bra,Underwear,Women,29.9,29.9,False,1,29.9,card
BUG-20260630-0210,2,2026-06-30 20:18:04,Bugis,UND-M-02,Men's Cotton Blend Trunks,Underwear,Men,14.9,14.9,False,1,14.9,Card
PUN-20260630-0014,2,2026-06-30 15:32:48,Punggol,UND-M-02,Men's Cotton Blend Trunks,Underwear,Men,14.9,14.9,False,1,14.9,PayNow
BUG-20260630-0596,1,2026-06-30 21:18:58,Bugis,BTM-W-02,Women's High-Rise Wide Leg Pants,Bottoms,Women,39.9,39.9,False,1,39.9,Card
BUG-20260630-0941,2,2026-06-30 21:37:17,Bugis,SOK-M-09,Men's No-Show Sneaker Socks,Socks,Men,4.17,5.9,True,1,4.17,Card
ORC-20260630-0569,1,2026-06-30 14:07:01,ORCHARD CENTRAL,BTM-W-01,Women's Ultra Stretch Skinny Jeans,Bottoms,Women,39.9,39.9,False,1,39.9,PayNow
ORC-20260630-0137,3,2026-06-30 20:57:20,Orchard Central,TOP-W-02,Women's Ribbed Long Sleeve Turtleneck,Tops,Women,19.9,19.9,False,1,19.9,Card
PUN-20260630-0212,1,2026-06-30 21:20:56,Punggol,TOP-W-01,Women's Airism Cotton Crew Neck T-Shirt,Tops,Women,14.9,14.9,False,1,14.9,PayNow
PUN-20260630-0241,1,2026-06-30 18:49:18,Punggol,SOK-W-04,  Women's Ribbed Crew Socks  ,Socks,Women,5.9,5.9,False,1,5.9,NETS
BUG-20260630-0762,2,2026-06-30 15:26:14,Bugis,TOP-M-04,Men's Oxford Long Sleeve Shirt,Tops,Men,29.9,29.9,False,1,29.9,PayNow
BUG-20260630-0953,2,2026-06-30 20:47:09,Bugis,SOK-W-03,Women's Airism Low-Cut Socks,Socks,women,5.9,5.9,False,2,11.8,Card
ORC-20260630-0469,1,2026-06-30 19:41:02,Orchard Central,SOK-M-03,Men's Airism Low-Cut Socks,Socks,Men,5.9,5.9,False,1,5.9,nets
BUG-20260630-0069,3,2026-06-30 14:47:38,Bugis,TOP-W-02,Women's Ribbed Long Sleeve Turtleneck,Tops,Women,19.9,19.9,False,1,19.9,Cash
PUN-20260630-0521,2,2026-06-30 12:30:45,Punggol,BTM-M-02,Men's Slim Fit Chino Trousers,Bottoms,Men,29.9,29.9,False,1,29.9,Card
