order_id,line_item_id,timestamp,store,product_id,product_name,category,gender,unit_price,original_unit_price,on_offer,quantity,line_total,payment_method
BUG-20260612-0100,1,2026-06-12 21:06:05,Bugis,BTM-W-03,Women's Ezy Ankle Pants,Bottoms,Women,29.9,29.9,False,1,29.9,CARD
BUG-20260612-0997,3,2026-06-12 16:08:05,bugis,SOK-M-01,Men's Ankle Socks 3-Pack,Socks,Men,14.9,14.9,False,1,14.9,Card
ORC-20260612-0798,1,2026-06-12 20:02:21,Orchard Central,SOK-W-03,Women's Airism Low-Cut Socks,Socks,Women,5.9,5.9,False,1,5.9,Card
ORC-20260612-0200,1,2026-06-12 13:18:12,ORCHARD CENTRAL,SOK-M-04,  Men's Ribbed Crew Socks  ,Socks,Men,5.9,5.9,False,1,5.9,PayNow
ORC-20260612-1071,1,2026-06-12 19:25:01,Orchard Central,SOK-M-03,Men's Airism Low-Cut Socks,Socks,Men,5.9,5.9,False,1,5.9,NETS
BUG-20260612-0147,1,2026-06-12 18:33:58,Bugis,UND-M-02,Men's Cotton Blend Trunks,Underwear,Men,14.9,14.9,False,2,29.8,Card
ORC-20260612-0835,2,2026-06-12 20:53:59,Orchard Central,SOK-M-02,Men's Pile Crew Socks,Socks,Men,5.9,5.9,False,2,11.8,Card
PUN-20260612-0188,1,2026-06-12 21:42:23,Punggol,SOK-W-03,Women's Airism Low-Cut Socks,SOCKS,Women,5.9,5.9,False,1,5.9,Cash
BUG-20260612-0687,1,2026-06-12 19:04:34,Bugis,TOP-M-01,Men's Airism Cotton Crew Neck T-Shirt,Tops,men,14.9,14.9,False,1,14.9,NETS
BUG-20260612-0276,2,2026-06-12 15:46:51,  Bugis  ,UND-M-04,Men's Cotton Crew Neck Undershirt,Underwear,Men,14.9,14.9,False,1,14.9,Card
ORC-20260612-0685,1,2026-06-12 20:49:27,Orchard Central,SOK-W-07,Women's Striped Crew Socks,Socks,Women,5.9,5.9,False,1,5.9,Card
BUG-20260612-0373,2,2026-06-12 20:21:55,Bugis,TOP-W-08,Women's Puff Sleeve Blouse,Tops,Women,$20.35,29.9,True,1,20.35,Card
ORC-20260612-0477,1,2026-06-12 19:04:34,Orchard Central,SOK-W-02,Women's Pile Crew Socks,Socks,Women,5.9,5.9,False,1,5.9,Cash
PUN-20260612-0502,1,2026-06-12 21:22:25,Punggol,UND-W-03,Women's Cotton Blend Briefs,UNDERWEAR,Women,9.9,9.9,False,1,9.9,Card
BUG-20260612-0700,1,2026-06-12 12:26:55,BUGIS,BTM-W-02,  Women's High-Rise Wide Leg Pants  ,Bottoms,Women,$39.9,39.9,False,1,39.9,PayNow
BUG-20260612-0526,1,2026-06-12 12:57:19,bugis,UND-M-02,Men's Cotton Blend Trunks,Underwear,Men,14.9,14.9,False,1,14.9,PayNow
BUG-20260612-0676,2,2026-06-12 18:16:39,Bugis,BTM-M-01,  Men's Ezy Ankle Pants  ,bottoms,Men,$29.9,29.9,False,1,29.9,
ORC-20260612-1154,2,2026-06-12 19:58:35,  Orchard Central  ,SOK-W-02,Women's Pile Crew Socks,socks,Women,5.9,5.9,False,2,11.8,PayNow
BUG-20260612-0501,3,2026-06-12 21:17:36,Bugis,UND-M-01,Men's Airism Boxer Briefs,underwear,Men,14.9,14.9,False,1,14.9,CARD
ORC-20260612-0098,1,2026-06-12 17:36:19,Orchard Central,SOK-W-02,Women's Pile Crew Socks,Socks,Women,5.9,5.9,False,1,5.9,Card
BUG-20260612-0284,1,2026-06-12 20:33:35,Bugis,SOK-M-04,  Men's Ribbed Crew Socks  ,Socks,Men,5.9,5.9,False,1,5.9,
PUN-20260612-0017,3,2026-06-12 17:48:20,Punggol,SOK-M-04,Men's Ribbed Crew Socks,Socks,Men,5.9,5.9,False,2,11.8,Card
PUN-20260612-0590,1,2026-06-12 20:03:46,Punggol,SOK-M-04,Men's Ribbed Crew Socks,Socks,Men,5.9,5.9,False,1,5.9,Card
BUG-20260612-0534,1,2026-06-12 11:02:43,Bugis,TOP-W-02,Women's Ribbed Long Sleeve Turtleneck,Tops,Women,19.9,19.9,False,1,19.9,Card
ORC-20260612-0966,3,2026-06-12 20:22:56,ORCHARD CENTRAL,UND-M-04,Men's Cotton Crew Neck Undershirt,Underwear,Men,14.9,14.9,False,1,14.9,nets
PUN-20260612-0593,1,2026-06-12 22:42:43,Punggol,UND-W-03,Women's Cotton Blend Briefs,Underwear,Women,9.9,9.9,False,1,9.9,Card
ORC-20260612-0508,1,2026-06-12 20:52:22,Orchard Central,SOK-M-01,Men's Ankle Socks 3-Pack,Socks,Men,14.9,14.9,False,2,29.8,PayNow
PUN-20260612-0804,1,2026-06-12 21:26:52,Punggol,UND-W-02,Women's Wireless Bra,Underwear,Women,29.9,29.9,False,2,59.8,Cash
ORC-20260612-0054,2,2026-06-12 17:25:04,Orchard Central,SOK-M-02,Men's Pile Crew Socks,Socks,Men,5.9,5.9,False,1,5.9,Cash
BUG-20260612-0129,1,2026-06-12 19:55:26,Bugis,TOP-M-01,Men's Airism Cotton Crew Neck T-Shirt,Tops,Men,14.9,14.9,False,1,14.9,PayNow
PUN-20260612-0354,1,2026-06-12 16:09:02,Punggol,SOK-W-03,Women's Airism Low-Cut Socks,Socks,women,5.9,5.9,False,1,5.9,PayNow
PUN-20260612-0495,3,2026-06-12 19:43:36,Punggol,SOK-M-03,Men's Airism Low-Cut Socks,Socks,Men,5.9,5.9,False,1,5.9,
ORC-20260612-0794,1,2026-06-12 17:38:42,Orchard Central,UND-W-03,Women's Cotton Blend Briefs,Underwear,Women,9.9,9.9,False,1,9.9,Paynow
ORC-20260612-0449,1,2026-06-12 19:25:56,Orchard Central,TOP-M-04,Men's Oxford Long Sleeve Shirt,tops,Men,29.9,29.9,False,1,29.9,NETS
BUG-20260612-0931,1,2026-06-12 19:35:24,Bugis,BTM-M-04,Men's Dry Stretch Shorts,Bottoms,Men,19.9,19.9,False,1,19.9,Card
BUG-20260612-0349,3,2026-06-12 20:06:48,Bugis,SOK-W-04,Women's Ribbed Crew Socks,Socks,Women,5.9,5.9,False,2,11.8,PayNow
ORC-20260612-0877,1,2026-06-12 22:42:16,  Orchard Central  ,UND-M-04,Men's Cotton Crew Neck Undershirt,Underwear,Men,14.9,14.9,False,1,14.9,Card
BUG-20260612-0119,1,2026-06-12 20:04:38,Bugis,TOP-W-04,Women's Heattech Crew Neck Long Sleeve Tee,Tops,women,14.9,14.9,False,1,14.9,Card
ORC-20260612-1181,1,2026-06-12 19:33:27,Orchard Central,SOK-M-03,Men's Airism Low-Cut Socks,Socks,Men,5.9,5.9,False,1,5.9,NETS
ORC-20260612-1010,2,2026-06-12 19:00:34,Orchard Central,SOK-M-03,Men's Airism Low-Cut Socks,Socks,Men,5.9,5.9,False,1,5.9,paynow
BUG-20260612-0402,1,2026-06-12 19:53:30,Bugis,TOP-W-04,Women's Heattech Crew Neck Long Sleeve Tee,Tops,Women,14.9,14.9,False,1,14.9,Cash
ORC-20260612-0556,1,2026-06-12 19:21:49,ORCHARD CENTRAL,TOP-W-03,Women's Silky Satin Blouse,Tops,Women,39.9,39.9,False,1,39.9,Card
ORC-20260612-0321,2,2026-06-12 18:31:31,Orchard Central,UND-M-02,Men's Cotton Blend Trunks,Underwear,Men,14.9,14.9,False,1,14.9,NETS
ORC-20260612-0117,2,2026-06-12 21:18:09,ORCHARD CENTRAL,SOK-M-04,Men's Ribbed Crew Socks,SOCKS,Men,5.9,5.9,False,1,5.9,Card
PUN-20260612-0709,2,2026-06-12 13:54:02,Punggol,SOK-M-03,Men's Airism Low-Cut Socks,socks,Men,5.9,5.9,False,2,11.8,Paynow
PUN-20260612-0763,1,2026-06-12 21:14:56,Punggol,TOP-M-04,Men's Oxford Long Sleeve Shirt,Tops,Men,29.9,29.9,False,1,29.9,PayNow
BUG-20260612-1002,2,2026-06-12 17:29:55,Bugis,UND-W-03,Women's Cotton Blend Briefs,Underwear,Women,9.9,9.9,False,2,19.8,Card
ORC-20260612-0848,1,2026-06-12 20:21:13,Orchard Central,SOK-M-01,Men's Ankle Socks 3-Pack,Socks,Men,14.9,14.9,False,1,14.9,PayNow
ORC-20260612-0361,1,2026-06-12 20:26:25,ORCHARD CENTRAL,UND-M-10,Men's Cotton Blend Briefs,Underwear,Men,7.42,9.9,True,2,14.84,Card
BUG-20260612-1008,2,2026-06-12 20:03:55,Bugis,SOK-W-04,Women's Ribbed Crew Socks,Socks,Women,5.9,5.9,False,1,5.9,NETS
BUG-20260612-0427,1,2026-06-12 19:57:12,bugis,UND-W-07,Women's Heattech Camisole,UNDERWEAR,Women,14.9,14.9,False,1,14.9,Cash
BUG-20260612-0492,2,2026-06-12 16:10:20,Bugis,UND-W-03,Women's Cotton Blend Briefs,Underwear,Women,9.9,9.9,False,1,$9.9,NETS
ORC-20260612-0656,2,2026-06-12 15:06:56,Orchard Central,BTM-M-01,  Men's Ezy Ankle Pants  ,Bottoms,Men,29.9,29.9,False,1,29.9,Card
PUN-20260612-0353,2,2026-06-12 22:01:53,punggol,TOP-W-04,Women's Heattech Crew Neck Long Sleeve Tee,Tops,Women,14.9,14.9,False,1,14.9,Cash
PUN-20260612-0806,2,2026-06-12 13:00:55,Punggol,SOK-W-01,Women's Ankle Socks 3-Pack,Socks,WOMEN,14.9,14.9,False,1,14.9,Cash
PUN-20260612-0071,2,2026-06-12 19:05:41,Punggol,SOK-W-10,Women's Wool Blend Socks,Socks,Women,9.9,9.9,False,2,19.8,NETS
ORC-20260612-0438,3,2026-06-12 21:45:32,Orchard Central,SOK-M-08,Men's Cotton Blend Dress Socks,Socks,Men,9.9,9.9,False,1,9.9,NETS
BUG-20260612-0844,2,2026-06-12 18:59:19,Bugis,SOK-W-02,Women's Pile Crew Socks,Socks,WOMEN,5.9,5.9,False,1,5.9,Card
ORC-20260612-0389,2,2026-06-12 12:11:41,Orchard Central,UND-W-02,Women's Wireless Bra,Underwear,Women,29.9,29.9,False,1,29.9,NETS
BUG-20260612-0816,1,2026-06-12 20:09:20,Bugis,SOK-M-02,Men's Pile Crew Socks,Socks,Men,5.9,5.9,False,1,5.9,card
ORC-20260612-0490,2,2026-06-12 18:46:46,Orchard Central,UND-M-04,Men's Cotton Crew Neck Undershirt,Underwear,Men,$14.9,14.9,False,1,14.9,NETS
ORC-20260612-1176,2,2026-06-12 12:41:51,Orchard Central,SOK-M-04,Men's Ribbed Crew Socks,Socks,Men,5.9,5.9,False,1,5.9,Card
PUN-20260612-0388,1,2026-06-12 21:28:03,Punggol,BTM-W-03,Women's Ezy Ankle Pants,Bottoms,Women,29.9,29.9,False,1,29.9,Card
ORC-20260612-1041,2,2026-06-12 20:00:26,Orchard Central,SOK-W-02,Women's Pile Crew Socks,Socks,Women,5.9,5.9,False,1,5.9,Card
PUN-20260612-0609,2,2026-06-12 21:26:00,  Punggol  ,SOK-W-02,Women's Pile Crew Socks,SOCKS,women,5.9,5.9,False,1,5.9,NETS
BUG-20260612-1111,3,2026-06-12 17:03:13,Bugis,SOK-W-02,Women's Pile Crew Socks,Socks,Women,5.9,5.9,False,2,11.8,Card
BUG-20260612-0291,1,2026-06-12 12:52:49,Bugis,UND-M-04,Men's Cotton Crew Neck Undershirt,UNDERWEAR,Men,14.9,14.9,False,1,14.9,PayNow
BUG-20260612-0942,2,2026-06-12 18:26:57,  Bugis  ,SOK-W-02,Women's Pile Crew Socks,Socks,Women,5.9,5.9,False,2,11.8,Cash
PUN-20260612-0367,3,2026-06-12 18:52:31,  Punggol  ,TOP-M-01,Men's Airism Cotton Crew Neck T-Shirt,Tops,Men,14.9,14.9,False,1,14.9,NETS
BUG-20260612-1182,1,2026-06-12 20:35:35,Bugis,SOK-W-02,Women's Pile Crew Socks,Socks,WOMEN,5.9,5.9,False,1,5.9,paynow
ORC-20260612-0905,2,2026-06-12 11:01:56,Orchard Central,TOP-W-04,Women's Heattech Crew Neck Long Sleeve Tee,tops,Women,14.9,14.9,False,1,14.9,NETS
BUG-20260612-0270,2,2026-06-12 17:04:57,  Bugis  ,UND-M-04,Men's Cotton Crew Neck Undershirt,Underwear,Men,14.9,14.9,False,1,14.9,Cash
PUN-20260612-0815,1,2026-06-12 19:32:44,  Punggol  ,SOK-W-02,Women's Pile Crew Socks,Socks,Women,5.9,5.9,False,1,5.9,PayNow
PUN-20260612-0310,1,2026-06-12 20:13:33,Punggol,SOK-W-03,Women's Airism Low-Cut Socks,Socks,Women,5.9,5.9,False,1,5.9,Card
ORC-20260612-1022,3,2026-06-12 20:29:21,Orchard Central,SOK-W-03,Women's Airism Low-Cut Socks,SOCKS,women,5.9,5.9,False,1,5.9,Card
BUG-20260612-1097,2,2026-06-12 11:52:10,Bugis,UND-M-02,Men's Cotton Blend Trunks,Underwear,Men,14.9,14.9,False,1,14.9,PayNow
BUG-20260612-0237,3,2026-06-12 21:02:49,Bugis,UND-W-03,Women's Cotton Blend Briefs,underwear,Women,9.9,9.9,False,1,9.9,Card
ORC-20260612-0587,3,2026-06-12 21:46:49,Orchard Central,TOP-M-04,Men's Oxford Long Sleeve Shirt,Tops,Men,29.9,29.9,False,1,29.9,NETS
BUG-20260612-1215,1,2026-06-12 16:24:46,  Bugis  ,TOP-W-04,Women's Heattech Crew Neck Long Sleeve Tee,Tops,Women,14.9,14.9,False,1,14.9,paynow
BUG-20260612-0593,1,2026-06-12 17:52:15,Bugis,SOK-W-06,Women's Heattech Socks,Socks,WOMEN,9.9,9.9,False,1,9.9,paynow
BUG-20260612-1164,1,2026-06-12 19:44:05,Bugis,BTM-W-02,Women's High-Rise Wide Leg Pants,Bottoms,Women,39.9,39.9,False,1,39.9,NETS
BUG-20260612-0784,1,2026-06-12 21:17:13,bugis,UND-W-08,Women's Airism Camisole,Underwear,WOMEN,14.9,14.9,False,1,14.9,Card
ORC-20260612-1179,1,2026-06-12 11:27:17,Orchard Central,SOK-W-03,Women's Airism Low-Cut Socks,Socks,Women,$5.9,5.9,False,2,11.8,Card
PUN-20260612-0110,2,2026-06-12 22:14:22,punggol,SOK-W-02,Women's Pile Crew Socks,Socks,Women,5.9,5.9,False,1,5.9,CARD
PUN-20260612-0560,1,2026-06-12 19:57:14,Punggol,UND-W-01,Women's Airism Bikini Shorts,underwear,Women,9.9,9.9,False,1,9.9,Card
ORC-20260612-1301,1,2026-06-12 17:33:06,Orchard Central,SOK-M-02,Men's Pile Crew Socks,Socks,Men,5.9,5.9,False,2,11.8,Nets
PUN-20260612-0759,3,2026-06-12 19:24:03,Punggol,UND-W-01,Women's Airism Bikini Shorts,Underwear,Women,9.9,9.9,False,1,9.9,NETS
ORC-20260612-0849,2,2026-06-12 13:37:47,Orchard Central,SOK-M-02,Men's Pile Crew Socks,Socks,MEN,5.9,5.9,False,1,5.9,NETS
BUG-20260612-0940,1,2026-06-12 17:14:58,Bugis,SOK-M-01,Men's Ankle Socks 3-Pack,SOCKS,Men,14.9,14.9,False,1,14.9,Card
ORC-20260612-0702,3,2026-06-12 19:42:20,Orchard Central,UND-W-07,Women's Heattech Camisole,Underwear,Women,14.9,14.9,False,1,14.9,Card
ORC-20260612-1235,1,2026-06-12 20:34:49,Orchard Central,BTM-W-01,Women's Ultra Stretch Skinny Jeans,Bottoms,Women,39.9,39.9,False,1,39.9,Card
PUN-20260612-0162,2,2026-06-12 20:53:34,Punggol,TOP-M-01,Men's Airism Cotton Crew Neck T-Shirt,Tops,Men,14.9,14.9,False,1,14.9,NETS
BUG-20260612-1182,2,2026-06-12 20:35:35,Bugis,SOK-M-04,Men's Ribbed Crew Socks,Socks,Men,5.9,5.9,False,1,5.9,Paynow
PUN-20260612-0541,1,2026-06-12 13:23:56,Punggol,UND-W-03,  Women's Cotton Blend Briefs  ,Underwear,WOMEN,9.9,9.9,False,1,9.9,PayNow
ORC-20260612-0242,2,2026-06-12 15:25:53,Orchard Central,TOP-M-02,Men's Supima Cotton Polo Shirt,Tops,Men,29.9,29.9,False,1,29.9,PayNow
BUG-20260612-0711,3,2026-06-12 18:39:44,Bugis,UND-W-03,Women's Cotton Blend Briefs,Underwear,Women,9.9,9.9,False,2,19.8,NETS
PUN-20260612-0162,1,2026-06-12 20:53:34,PUNGGOL,UND-W-03,Women's Cotton Blend Briefs,underwear,WOMEN,9.9,9.9,False,2,19.8,NETS
PUN-20260612-0015,3,2026-06-12 21:44:22,Punggol,BTM-M-04,Men's Dry Stretch Shorts,Bottoms,Men,19.9,19.9,False,1,19.9,card
BUG-20260612-0477,3,2026-06-12 22:36:55,Bugis,BTM-W-02,Women's High-Rise Wide Leg Pants,Bottoms,Women,39.9,39.9,False,1,39.9,Card
PUN-20260612-0107,1,2026-06-12 19:30:14,Punggol,SOK-W-02,Women's Pile Crew Socks,Socks,Women,5.9,5.9,False,1,5.9,Card
ORC-20260612-0652,2,2026-06-12 20:25:31,Orchard Central,BTM-W-04,  Women's Denim Straight Jeans  ,Bottoms,Women,49.9,49.9,False,1,49.9,PayNow
PUN-20260612-0647,1,2026-06-12 21:55:18,Punggol,SOK-M-03,Men's Airism Low-Cut Socks,Socks,Men,5.9,5.9,False,1,5.9,PayNow
BUG-20260612-0001,2,2026-06-12 19:45:26,Bugis,TOP-W-04,Women's Heattech Crew Neck Long Sleeve Tee,Tops,Women,14.9,14.9,False,1,14.9,PayNow
PUN-20260612-0211,3,2026-06-12 21:47:49,Punggol,SOK-W-04,Women's Ribbed Crew Socks,Socks,Women,5.9,5.9,False,1,5.9,PayNow
ORC-20260612-0722,1,2026-06-12 18:36:04,Orchard Central,SOK-W-02,Women's Pile Crew Socks,Socks,Women,5.9,5.9,False,2,11.8,paynow
PUN-20260612-0642,1,2026-06-12 18:15:46,Punggol,TOP-W-03,Women's Silky Satin Blouse,Tops,Women,39.9,39.9,False,1,39.9,paynow
ORC-20260612-0142,1,2026-06-12 20:33:02,Orchard Central,SOK-W-07,Women's Striped Crew Socks,Socks,Women,5.9,5.9,False,1,5.9,Card
PUN-20260612-0021,1,2026-06-12 18:48:21,Punggol,BTM-M-02,Men's Slim Fit Chino Trousers,BOTTOMS,Men,29.9,29.9,False,1,29.9,Card
BUG-20260612-0279,1,2026-06-12 20:43:28,Bugis,SOK-M-03,Men's Airism Low-Cut Socks,Socks,Men,5.9,5.9,False,1,5.9,Card
ORC-20260612-0810,1,2026-06-12 21:18:35,ORCHARD CENTRAL,TOP-M-01,Men's Airism Cotton Crew Neck T-Shirt,TOPS,Men,14.9,14.9,False,1,14.9,Card
BUG-20260612-0016,1,2026-06-12 20:21:00,Bugis,SOK-M-03,Men's Airism Low-Cut Socks,Socks,Men,5.9,5.9,False,1,5.9,CARD
BUG-20260612-0188,1,2026-06-12 17:30:39,BUGIS,SOK-W-01,Women's Ankle Socks 3-Pack,Socks,Women,14.9,14.9,False,2,29.8,Paynow
ORC-20260612-0427,1,2026-06-12 20:56:22,Orchard Central,SOK-W-03,Women's Airism Low-Cut Socks,Socks,WOMEN,5.9,5.9,False,1,5.9,PayNow
ORC-20260612-0276,2,2026-06-12 19:21:47,Orchard Central,SOK-M-01,Men's Ankle Socks 3-Pack,Socks,Men,14.9,14.9,False,1,14.9,Card
ORC-20260612-0077,1,2026-06-12 19:41:14,Orchard Central,SOK-W-03,Women's Airism Low-Cut Socks,Socks,Women,5.9,5.9,False,1,5.9,Card
ORC-20260612-0963,2,2026-06-12 13:29:33,Orchard Central,SOK-M-04,Men's Ribbed Crew Socks,Socks,Men,5.9,5.9,False,1,5.9,Card
BUG-20260612-1143,1,2026-06-12 17:43:31,Bugis,SOK-W-03,Women's Airism Low-Cut Socks,socks,Women,5.9,5.9,False,1,$5.9,Card
PUN-20260612-0405,2,2026-06-12 21:45:44,Punggol,SOK-W-03,Women's Airism Low-Cut Socks,Socks,Women,5.9,5.9,False,1,5.9,Card
BUG-20260612-1228,2,2026-06-12 20:13:42,Bugis,UND-M-01,Men's Airism Boxer Briefs,Underwear,Men,14.9,14.9,False,1,14.9,Card
ORC-20260612-0402,1,2026-06-12 19:35:45,Orchard Central,SOK-M-04,Men's Ribbed Crew Socks,Socks,Men,5.9,5.9,False,2,11.8,Card
ORC-20260612-0599,2,2026-06-12 20:12:04,Orchard Central,UND-W-01,Women's Airism Bikini Shorts,Underwear,WOMEN,9.9,9.9,False,1,9.9,Cash
BUG-20260612-0916,2,2026-06-12 17:11:42,BUGIS,TOP-M-02,Men's Supima Cotton Polo Shirt,Tops,Men,$29.9,29.9,False,1,29.9,PayNow
ORC-20260612-0131,2,2026-06-12 20:10:57,Orchard Central,SOK-M-08,Men's Cotton Blend Dress Socks,Socks,Men,9.9,9.9,False,2,19.8,PayNow
ORC-20260612-1058,1,2026-06-12 19:02:47,Orchard Central,SOK-W-02,Women's Pile Crew Socks,Socks,Women,$5.9,5.9,False,1,5.9,PayNow
BUG-20260612-0222,3,2026-06-12 19:16:02,Bugis,TOP-W-03,Women's Silky Satin Blouse,Tops,Women,39.9,39.9,False,1,39.9,Card
ORC-20260612-0952,1,2026-06-12 20:46:32,Orchard Central,SOK-W-04,Women's Ribbed Crew Socks,Socks,Women,5.9,5.9,False,1,5.9,Card
ORC-20260612-0530,1,2026-06-12 18:12:01,Orchard Central,UND-M-01,Men's Airism Boxer Briefs,Underwear,Men,14.9,14.9,False,1,14.9,Card
ORC-20260612-1037,3,2026-06-12 15:12:01,Orchard Central,UND-M-07,Men's Stretch Cotton Boxers,UNDERWEAR,Men,14.9,14.9,False,1,14.9,Cash
ORC-20260612-0783,1,2026-06-12 20:57:35,  Orchard Central  ,BTM-M-04,Men's Dry Stretch Shorts,Bottoms,MEN,19.9,19.9,False,1,$19.9,NETS
ORC-20260612-1183,1,2026-06-12 19:11:29,Orchard Central,TOP-M-02,Men's Supima Cotton Polo Shirt,Tops,Men,29.9,29.9,False,1,29.9,Card
BUG-20260612-0750,2,2026-06-12 13:01:55,Bugis,UND-W-09,Women's Cotton Boyshorts,Underwear,Women,9.9,9.9,False,1,9.9,NETS
BUG-20260612-0725,1,2026-06-12 22:13:01,Bugis,SOK-M-02,Men's Pile Crew Socks,Socks,Men,5.9,5.9,False,1,5.9,Card
PUN-20260612-0439,1,2026-06-12 20:14:59,Punggol,TOP-M-07,Men's Ultra Light Down Jacket,TOPS,Men,55.24,79.9,True,1,55.24,CARD
ORC-20260612-0540,2,2026-06-12 15:05:40,Orchard Central,UND-M-02,Men's Cotton Blend Trunks,Underwear,Men,$14.9,14.9,False,1,14.9,NETS
PUN-20260612-0342,3,2026-06-12 17:47:22,Punggol,TOP-W-01,Women's Airism Cotton Crew Neck T-Shirt,Tops,Women,14.9,14.9,False,1,14.9,Card
ORC-20260612-1005,3,2026-06-12 15:08:02,Orchard Central,UND-W-01,Women's Airism Bikini Shorts,underwear,Women,9.9,9.9,False,1,9.9,PayNow
BUG-20260612-1004,1,2026-06-12 17:26:37,Bugis,SOK-W-03,Women's Airism Low-Cut Socks,Socks,Women,5.9,5.9,False,1,5.9,Card
PUN-20260612-0161,2,2026-06-12 22:16:01,Punggol,SOK-M-02,Men's Pile Crew Socks,Socks,Men,5.9,5.9,False,2,11.8,NETS
PUN-20260612-0158,1,2026-06-12 18:29:11,Punggol,SOK-W-03,Women's Airism Low-Cut Socks,Socks,Women,5.9,5.9,False,1,5.9,PAYNOW
BUG-20260612-1236,2,2026-06-12 16:50:56,Bugis,SOK-M-01,Men's Ankle Socks 3-Pack,Socks,Men,14.9,14.9,False,2,29.8,PayNow
ORC-20260612-0135,1,2026-06-12 20:27:15,Orchard Central,SOK-W-01,Women's Ankle Socks 3-Pack,Socks,Women,14.9,14.9,False,1,14.9,Cash
PUN-20260612-0817,1,2026-06-12 20:17:56,Punggol,TOP-W-01,Women's Airism Cotton Crew Neck T-Shirt,Tops,Women,14.9,14.9,False,1,14.9,PayNow
BUG-20260612-1054,2,2026-06-12 21:56:08,bugis,BTM-W-03,Women's Ezy Ankle Pants,Bottoms,Women,29.9,29.9,False,1,29.9,Cash
ORC-20260612-1125,1,2026-06-12 19:22:22,Orchard Central,SOK-W-02,Women's Pile Crew Socks,Socks,Women,5.9,5.9,False,1,5.9,
ORC-20260612-0846,3,2026-06-12 19:37:41,Orchard Central,SOK-W-03,Women's Airism Low-Cut Socks,Socks,Women,5.9,5.9,False,1,5.9,Card
ORC-20260612-0309,1,2026-06-12 14:08:45,Orchard Central,SOK-W-03,Women's Airism Low-Cut Socks,Socks,Women,5.9,5.9,False,1,5.9,NETS
BUG-20260612-0465,1,2026-06-12 18:56:32,Bugis,BTM-W-01,Women's Ultra Stretch Skinny Jeans,Bottoms,Women,39.9,39.9,False,1,39.9,Card
ORC-20260612-0680,1,2026-06-12 19:25:23,ORCHARD CENTRAL,TOP-M-02,Men's Supima Cotton Polo Shirt,Tops,Men,29.9,29.9,False,1,29.9,Card
PUN-20260612-0786,2,2026-06-12 17:09:23,Punggol,TOP-M-03,Men's Dry-EX Crew Neck T-Shirt,Tops,Men,19.9,19.9,False,1,19.9,Cash
BUG-20260612-0454,1,2026-06-12 16:54:18,Bugis,BTM-W-02,Women's High-Rise Wide Leg Pants,Bottoms,Women,39.9,39.9,False,1,39.9,Card
PUN-20260612-0414,1,2026-06-12 16:09:24,Punggol,SOK-M-01,Men's Ankle Socks 3-Pack,Socks,Men,14.9,14.9,False,1,14.9,NETS
ORC-20260612-0578,1,2026-06-12 16:57:00,Orchard Central,SOK-M-02,Men's Pile Crew Socks,Socks,Men,5.9,5.9,False,1,5.9,Card
PUN-20260612-0128,1,2026-06-12 18:32:51,Punggol,UND-W-03,Women's Cotton Blend Briefs,Underwear,Women,9.9,9.9,False,1,9.9,Cash
PUN-20260612-0116,1,2026-06-12 16:02:20,Punggol,BTM-W-10,Women's High Waist Denim Shorts,Bottoms,Women,29.9,29.9,False,1,29.9,PayNow
ORC-20260612-0527,1,2026-06-12 19:38:18,Orchard Central,SOK-W-03,Women's Airism Low-Cut Socks,Socks,Women,5.9,5.9,False,1,5.9,NETS
PUN-20260612-0391,1,2026-06-12 22:15:43,Punggol,SOK-W-04,Women's Ribbed Crew Socks,SOCKS,Women,5.9,5.9,False,1,5.9,Cash
PUN-20260612-0295,1,2026-06-12 20:58:04,Punggol,SOK-M-08,Men's Cotton Blend Dress Socks,socks,Men,9.9,9.9,False,1,9.9,Cash
ORC-20260612-0004,1,2026-06-12 20:04:10,Orchard Central,TOP-W-04,Women's Heattech Crew Neck Long Sleeve Tee,Tops,Women,14.9,14.9,False,1,14.9,NETS
BUG-20260612-0216,1,2026-06-12 18:10:22,Bugis,SOK-W-02,  Women's Pile Crew Socks  ,Socks,WOMEN,5.9,5.9,False,2,11.8,Card
PUN-20260612-0619,2,2026-06-12 11:07:39,Punggol,SOK-W-04,Women's Ribbed Crew Socks,Socks,Women,5.9,5.9,False,1,5.9,Card
PUN-20260612-0793,2,2026-06-12 21:59:30,Punggol,TOP-W-04,Women's Heattech Crew Neck Long Sleeve Tee,Tops,Women,14.9,14.9,False,1,14.9,Cash
BUG-20260612-0658,2,2026-06-12 19:51:15,Bugis,SOK-W-03,Women's Airism Low-Cut Socks,Socks,Women,5.9,5.9,False,1,5.9,Card
BUG-20260612-0143,1,2026-06-12 17:20:29,Bugis,UND-W-03,Women's Cotton Blend Briefs,Underwear,Women,9.9,9.9,False,1,9.9,PayNow
PUN-20260612-0370,2,2026-06-12 12:25:14,Punggol,BTM-W-10,Women's High Waist Denim Shorts,Bottoms,Women,29.9,29.9,False,1,29.9,Cash
ORC-20260612-0641,1,2026-06-12 16:45:15,  Orchard Central  ,TOP-W-02,  Women's Ribbed Long Sleeve Turtleneck  ,Tops,Women,19.9,19.9,False,1,19.9,Card
BUG-20260612-0691,1,2026-06-12 11:30:45,bugis,TOP-W-01,Women's Airism Cotton Crew Neck T-Shirt,Tops,Women,14.9,14.9,False,1,14.9,CASH
BUG-20260612-0142,1,2026-06-12 13:49:19,Bugis,UND-M-01,Men's Airism Boxer Briefs,UNDERWEAR,Men,14.9,14.9,False,1,14.9,NETS
ORC-20260612-1290,1,2026-06-12 19:49:54,Orchard Central,BTM-M-04,Men's Dry Stretch Shorts,Bottoms,Men,19.9,19.9,False,1,19.9,PayNow
BUG-20260612-1137,3,2026-06-12 17:45:32,bugis,UND-M-03,Men's Airism Mesh Boxer Briefs,Underwear,MEN,14.9,14.9,False,1,14.9,Card
PUN-20260612-0626,1,2026-06-12 13:47:13,Punggol,TOP-W-01,Women's Airism Cotton Crew Neck T-Shirt,Tops,Women,14.9,14.9,False,1,14.9,Card
ORC-20260612-0585,1,2026-06-12 15:33:40,Orchard Central,SOK-W-02,Women's Pile Crew Socks,Socks,Women,5.9,5.9,False,1,5.9,Card
BUG-20260612-1039,2,2026-06-12 20:06:33,Bugis,SOK-W-04,Women's Ribbed Crew Socks,Socks,Women,5.9,5.9,False,1,5.9,PayNow
BUG-20260612-0526,3,2026-06-12 12:57:19,  Bugis  ,UND-M-02,Men's Cotton Blend Trunks,Underwear,Men,14.9,14.9,False,1,14.9,PayNow
ORC-20260612-0075,3,2026-06-12 18:26:35,Orchard Central,TOP-W-04,  Women's Heattech Crew Neck Long Sleeve Tee  ,Tops,Women,14.9,14.9,False,1,14.9,PayNow
BUG-20260612-0416,1,2026-06-12 21:43:40,Bugis,UND-M-04,  Men's Cotton Crew Neck Undershirt  ,Underwear,Men,14.9,14.9,False,1,14.9,Card
PUN-20260612-0150,3,2026-06-12 15:27:12,Punggol,SOK-M-02,Men's Pile Crew Socks,Socks,Men,5.9,5.9,False,1,5.9,PayNow
ORC-20260612-0821,3,2026-06-12 20:58:17,Orchard Central,SOK-W-02,Women's Pile Crew Socks,Socks,Women,5.9,5.9,False,1,5.9,Cash
BUG-20260612-0710,1,2026-06-12 14:42:33,Bugis,SOK-M-04,Men's Ribbed Crew Socks,Socks,Men,5.9,5.9,False,1,5.9,Card
PUN-20260612-0285,1,2026-06-12 20:11:14,Punggol,SOK-M-01,Men's Ankle Socks 3-Pack,Socks,MEN,14.9,14.9,False,2,29.8,Cash
ORC-20260612-0850,1,2026-06-12 20:44:11,Orchard Central,SOK-W-08,Women's Lace Trim Ankle Socks,Socks,Women,5.9,5.9,False,1,5.9,
BUG-20260612-0108,2,2026-06-12 20:43:40,Bugis,SOK-M-03,Men's Airism Low-Cut Socks,Socks,Men,5.9,5.9,False,1,5.9,Card
ORC-20260612-0956,2,2026-06-12 12:28:39,orchard central,SOK-M-02,Men's Pile Crew Socks,Socks,Men,5.9,5.9,False,2,11.8,cash
BUG-20260612-0363,1,2026-06-12 21:19:31,Bugis,TOP-M-01,Men's Airism Cotton Crew Neck T-Shirt,Tops,MEN,14.9,14.9,False,1,14.9,PAYNOW
PUN-20260612-0667,3,2026-06-12 19:31:07,Punggol,BTM-W-03,Women's Ezy Ankle Pants,Bottoms,Women,29.9,29.9,False,1,29.9,NETS
PUN-20260612-0438,3,2026-06-12 18:11:17,Punggol,UND-M-01,  Men's Airism Boxer Briefs  ,Underwear,Men,14.9,14.9,False,1,14.9,PayNow
BUG-20260612-0113,1,2026-06-12 12:47:18,Bugis,SOK-M-01,Men's Ankle Socks 3-Pack,Socks,men,14.9,14.9,False,1,14.9,Card
BUG-20260612-1101,1,2026-06-12 19:39:29,Bugis,SOK-W-01,Women's Ankle Socks 3-Pack,Socks,Women,14.9,14.9,False,1,14.9,Card
PUN-20260612-0553,1,2026-06-12 16:45:11,Punggol,SOK-M-04,Men's Ribbed Crew Socks,Socks,men,5.9,5.9,False,2,11.8,Card
BUG-20260612-0505,2,2026-06-12 12:36:27,Bugis,SOK-M-04,Men's Ribbed Crew Socks,Socks,Men,5.9,5.9,False,1,5.9,Cash
BUG-20260612-0811,2,2026-06-12 19:49:19,bugis,TOP-W-04,Women's Heattech Crew Neck Long Sleeve Tee,Tops,Women,14.9,14.9,False,1,14.9,NETS
ORC-20260612-1208,1,2026-06-12 22:40:41,Orchard Central,TOP-M-03,Men's Dry-EX Crew Neck T-Shirt,Tops,Men,19.9,19.9,False,1,$19.9,Nets
PUN-20260612-0804,3,2026-06-12 21:26:52,Punggol,UND-M-02,Men's Cotton Blend Trunks,Underwear,Men,14.9,14.9,False,1,14.9,Cash
ORC-20260612-0526,1,2026-06-12 20:14:10,Orchard Central,SOK-M-04,Men's Ribbed Crew Socks,Socks,Men,5.9,5.9,False,1,5.9,Card
ORC-20260612-0029,1,2026-06-12 11:30:00,Orchard Central,TOP-W-02,Women's Ribbed Long Sleeve Turtleneck,Tops,Women,19.9,19.9,False,1,19.9,Card
PUN-20260612-0026,2,2026-06-12 19:17:24,punggol,TOP-W-02,Women's Ribbed Long Sleeve Turtleneck,Tops,Women,19.9,19.9,False,1,19.9,NETS
ORC-20260612-1298,1,2026-06-12 13:49:55,orchard central,TOP-W-01,Women's Airism Cotton Crew Neck T-Shirt,Tops,Women,14.9,14.9,False,1,14.9,Card
ORC-20260612-0792,1,2026-06-12 19:52:43,Orchard Central,UND-M-10,Men's Cotton Blend Briefs,Underwear,Men,7.42,9.9,True,1,7.42,Card
BUG-20260612-0738,1,2026-06-12 14:48:44,Bugis,UND-W-03,Women's Cotton Blend Briefs,Underwear,Women,9.9,9.9,False,2,19.8,NETS
BUG-20260612-0162,1,2026-06-12 16:54:39,Bugis,SOK-M-04,Men's Ribbed Crew Socks,Socks,Men,5.9,5.9,False,1,5.9,PayNow
ORC-20260612-0222,1,2026-06-12 21:43:33,Orchard Central,TOP-W-01,Women's Airism Cotton Crew Neck T-Shirt,Tops,Women,14.9,14.9,False,1,14.9,Card
BUG-20260612-0234,3,2026-06-12 20:28:17,Bugis,SOK-W-02,Women's Pile Crew Socks,Socks,women,$5.9,5.9,False,1,5.9,Cash
BUG-20260612-0737,1,2026-06-12 12:54:00,Bugis,BTM-W-03,Women's Ezy Ankle Pants,Bottoms,Women,29.9,29.9,False,1,29.9,Card
PUN-20260612-0822,1,2026-06-12 21:33:00,Punggol,SOK-M-04,Men's Ribbed Crew Socks,Socks,Men,5.9,5.9,False,1,5.9,NETS
BUG-20260612-0406,1,2026-06-12 21:49:31,Bugis,TOP-M-01,Men's Airism Cotton Crew Neck T-Shirt,Tops,Men,14.9,14.9,False,1,14.9,Card
BUG-20260612-0029,1,2026-06-12 21:05:12,Bugis,TOP-M-02,Men's Supima Cotton Polo Shirt,Tops,Men,29.9,29.9,False,1,29.9,Cash
BUG-20260612-0411,1,2026-06-12 20:37:20,Bugis,UND-W-03,Women's Cotton Blend Briefs,Underwear,WOMEN,9.9,9.9,False,1,9.9,Cash
BUG-20260612-0519,2,2026-06-12 21:10:08,Bugis,TOP-W-08,Women's Puff Sleeve Blouse,Tops,Women,20.35,29.9,True,1,20.35,Cash
ORC-20260612-0203,1,2026-06-12 15:30:31,Orchard Central,TOP-W-01,Women's Airism Cotton Crew Neck T-Shirt,Tops,Women,14.9,14.9,False,1,14.9,PayNow
BUG-20260612-0585,1,2026-06-12 18:43:30,Bugis,UND-W-03,Women's Cotton Blend Briefs,underwear,Women,9.9,9.9,False,1,9.9,Card
PUN-20260612-0491,1,2026-06-12 21:34:23,Punggol,SOK-W-03,Women's Airism Low-Cut Socks,Socks,Women,5.9,5.9,False,1,5.9,Paynow
BUG-20260612-0032,1,2026-06-12 20:42:44,Bugis,SOK-M-04,Men's Ribbed Crew Socks,Socks,Men,5.9,5.9,False,1,5.9,NETS
BUG-20260612-1133,2,2026-06-12 18:12:53,Bugis,SOK-W-03,Women's Airism Low-Cut Socks,Socks,Women,5.9,5.9,False,1,5.9,PayNow
PUN-20260612-0759,1,2026-06-12 19:24:03,  Punggol  ,TOP-M-07,Men's Ultra Light Down Jacket,Tops,men,55.24,79.9,True,1,$55.24,nets
ORC-20260612-0657,1,2026-06-12 19:17:24,Orchard Central,UND-W-01,Women's Airism Bikini Shorts,Underwear,Women,9.9,9.9,False,1,9.9,PayNow
PUN-20260612-0078,1,2026-06-12 17:13:24,Punggol,SOK-M-03,Men's Airism Low-Cut Socks,Socks,Men,5.9,5.9,False,1,5.9,Card
PUN-20260612-0515,2,2026-06-12 19:31:46,Punggol,UND-W-03,Women's Cotton Blend Briefs,Underwear,Women,9.9,9.9,False,1,9.9,Cash
ORC-20260612-0496,1,2026-06-12 21:36:00,orchard central,BTM-W-02,Women's High-Rise Wide Leg Pants,Bottoms,Women,39.9,39.9,False,1,39.9,card
BUG-20260612-0067,1,2026-06-12 20:09:35,Bugis,BTM-W-03,Women's Ezy Ankle Pants,Bottoms,Women,29.9,29.9,False,1,29.9,NETS
BUG-20260612-1232,2,2026-06-12 18:12:03,Bugis,SOK-W-01,Women's Ankle Socks 3-Pack,Socks,Women,14.9,14.9,False,1,14.9,NETS
PUN-20260612-0435,2,2026-06-12 19:39:07,punggol,SOK-M-02,Men's Pile Crew Socks,Socks,Men,5.9,5.9,False,1,5.9,Card
BUG-20260612-0133,2,2026-06-12 12:14:19,Bugis,UND-M-01,Men's Airism Boxer Briefs,Underwear,Men,14.9,14.9,False,1,14.9,PayNow
ORC-20260612-0841,2,2026-06-12 18:47:39,ORCHARD CENTRAL,SOK-M-04,Men's Ribbed Crew Socks,Socks,Men,5.9,5.9,False,1,5.9,Card
BUG-20260612-0443,1,2026-06-12 21:23:35,Bugis,TOP-W-03,Women's Silky Satin Blouse,Tops,Women,39.9,39.9,False,1,39.9,NETS
PUN-20260612-0314,3,2026-06-12 21:41:34,Punggol,UND-M-01,Men's Airism Boxer Briefs,Underwear,Men,14.9,14.9,False,1,14.9,PayNow
ORC-20260612-1074,3,2026-06-12 17:25:38,ORCHARD CENTRAL,SOK-W-04,Women's Ribbed Crew Socks,Socks,Women,5.9,5.9,False,2,11.8,Card
ORC-20260612-0498,1,2026-06-12 20:51:25,Orchard Central,UND-M-04,Men's Cotton Crew Neck Undershirt,Underwear,Men,14.9,14.9,False,2,29.8,Card
BUG-20260612-0332,1,2026-06-12 17:35:46,Bugis,SOK-W-03,Women's Airism Low-Cut Socks,Socks,Women,5.9,5.9,False,1,5.9,Card
BUG-20260612-0979,2,2026-06-12 11:11:14,Bugis,SOK-M-02,Men's Pile Crew Socks,socks,Men,5.9,5.9,False,1,5.9,PayNow
PUN-20260612-0827,1,2026-06-12 18:44:20,Punggol,SOK-W-03,Women's Airism Low-Cut Socks,Socks,Women,5.9,5.9,False,1,5.9,Card
ORC-20260612-0258,1,2026-06-12 22:07:18,Orchard Central,SOK-W-04,Women's Ribbed Crew Socks,socks,Women,5.9,5.9,False,1,5.9,PayNow
BUG-20260612-1141,1,2026-06-12 21:12:52,Bugis,UND-W-02,Women's Wireless Bra,Underwear,Women,29.9,29.9,False,1,29.9,
ORC-20260612-0987,2,2026-06-12 15:46:17,Orchard Central,SOK-W-04,Women's Ribbed Crew Socks,Socks,Women,5.9,5.9,False,2,11.8,PayNow
ORC-20260612-0010,1,2026-06-12 21:14:46,Orchard Central,TOP-W-03,Women's Silky Satin Blouse,Tops,Women,39.9,39.9,False,1,39.9,Card
ORC-20260612-0941,1,2026-06-12 20:05:04,Orchard Central,UND-W-02,Women's Wireless Bra,Underwear,Women,29.9,29.9,False,1,29.9,cash
ORC-20260612-1030,2,2026-06-12 20:33:52,Orchard Central,UND-M-10,Men's Cotton Blend Briefs,Underwear,Men,7.42,9.9,True,1,7.42,Card
PUN-20260612-0177,1,2026-06-12 19:19:21,Punggol,TOP-W-03,  Women's Silky Satin Blouse  ,Tops,Women,39.9,39.9,False,1,39.9,PayNow
PUN-20260612-0488,1,2026-06-12 15:11:18,Punggol,SOK-M-04,Men's Ribbed Crew Socks,Socks,Men,5.9,5.9,False,1,5.9,Paynow
ORC-20260612-1167,3,2026-06-12 12:42:24,Orchard Central,BTM-M-01,  Men's Ezy Ankle Pants  ,Bottoms,Men,29.9,29.9,False,1,29.9,PayNow
BUG-20260612-1147,1,2026-06-12 20:53:28,Bugis,SOK-M-03,Men's Airism Low-Cut Socks,Socks,Men,5.9,5.9,False,1,5.9,Card
ORC-20260612-0713,2,2026-06-12 11:24:17,Orchard Central,SOK-W-02,Women's Pile Crew Socks,Socks,Women,5.9,5.9,False,2,11.8,Cash
ORC-20260612-1262,2,2026-06-12 19:26:03,Orchard Central,TOP-M-01,  Men's Airism Cotton Crew Neck T-Shirt  ,Tops,Men,14.9,14.9,False,1,14.9,Card
BUG-20260612-0683,3,2026-06-12 16:09:52,Bugis,SOK-M-03,Men's Airism Low-Cut Socks,Socks,Men,5.9,5.9,False,1,5.9,PayNow
BUG-20260612-0083,1,2026-06-12 20:48:12,Bugis,BTM-M-05,Men's Wide Fit Cargo Pants,Bottoms,Men,26.68,39.9,True,1,26.68,PayNow
BUG-20260612-0742,1,2026-06-12 20:04:04,Bugis,BTM-W-01,Women's Ultra Stretch Skinny Jeans,Bottoms,Women,39.9,39.9,False,1,39.9,paynow
BUG-20260612-0743,2,2026-06-12 17:56:08,Bugis,BTM-M-03,  Men's Selvedge Regular Fit Jeans  ,Bottoms,Men,59.9,59.9,False,1,59.9,CARD
PUN-20260612-0671,3,2026-06-12 12:00:52,punggol,UND-W-03,Women's Cotton Blend Briefs,Underwear,Women,9.9,9.9,False,1,9.9,Card
ORC-20260612-1082,2,2026-06-12 19:45:31,Orchard Central,UND-M-10,Men's Cotton Blend Briefs,Underwear,Men,7.42,9.9,True,1,7.42,
PUN-20260612-0635,3,2026-06-12 20:22:09,Punggol,TOP-W-02,Women's Ribbed Long Sleeve Turtleneck,Tops,women,19.9,19.9,False,1,19.9,PayNow
ORC-20260612-0967,2,2026-06-12 12:06:04,Orchard Central,TOP-W-03,Women's Silky Satin Blouse,Tops,Women,39.9,39.9,False,1,39.9,NETS
ORC-20260612-0906,2,2026-06-12 20:20:39,orchard central,BTM-W-02,  Women's High-Rise Wide Leg Pants  ,Bottoms,Women,39.9,39.9,False,1,39.9,Cash
BUG-20260612-0792,2,2026-06-12 18:37:27,Bugis,SOK-M-04,Men's Ribbed Crew Socks,Socks,Men,5.9,5.9,False,1,5.9,Card
PUN-20260612-0267,1,2026-06-12 13:00:14,Punggol,UND-M-01,Men's Airism Boxer Briefs,underwear,Men,14.9,14.9,False,2,29.8,Card
ORC-20260612-0611,1,2026-06-12 16:15:32,Orchard Central,TOP-W-02,Women's Ribbed Long Sleeve Turtleneck,Tops,Women,19.9,19.9,False,1,19.9,Card
ORC-20260612-1097,1,2026-06-12 14:10:41,Orchard Central,SOK-M-03,Men's Airism Low-Cut Socks,SOCKS,Men,$5.9,5.9,False,2,11.8,CARD
BUG-20260612-0833,2,2026-06-12 13:24:17,Bugis,SOK-W-03,Women's Airism Low-Cut Socks,Socks,Women,5.9,5.9,False,1,5.9,NETS
PUN-20260612-0039,1,2026-06-12 19:55:44,PUNGGOL,UND-M-03,Men's Airism Mesh Boxer Briefs,Underwear,Men,14.9,14.9,False,1,14.9,Cash
ORC-20260612-1043,3,2026-06-12 12:35:39,ORCHARD CENTRAL,TOP-W-01,Women's Airism Cotton Crew Neck T-Shirt,Tops,Women,14.9,14.9,False,1,14.9,Card
ORC-20260612-1182,1,2026-06-12 18:42:26,Orchard Central,UND-W-03,Women's Cotton Blend Briefs,Underwear,Women,9.9,9.9,False,1,9.9,CASH
ORC-20260612-0313,2,2026-06-12 21:16:35,Orchard Central,TOP-W-04,Women's Heattech Crew Neck Long Sleeve Tee,Tops,Women,14.9,14.9,False,1,14.9,Card
ORC-20260612-0607,3,2026-06-12 18:05:44,Orchard Central,BTM-M-02,  Men's Slim Fit Chino Trousers  ,Bottoms,Men,29.9,29.9,False,1,29.9,Card
ORC-20260612-0501,2,2026-06-12 21:19:26,Orchard Central,BTM-W-02,Women's High-Rise Wide Leg Pants,Bottoms,WOMEN,39.9,39.9,False,1,$39.9,PayNow
ORC-20260612-0640,2,2026-06-12 21:10:38,orchard central,TOP-M-01,Men's Airism Cotton Crew Neck T-Shirt,tops,Men,$14.9,14.9,False,1,14.9,Card
ORC-20260612-0533,1,2026-06-12 20:20:40,Orchard Central,UND-M-04,Men's Cotton Crew Neck Undershirt,Underwear,MEN,14.9,14.9,False,1,14.9,CARD
ORC-20260612-1076,2,2026-06-12 21:45:38,Orchard Central,UND-M-01,Men's Airism Boxer Briefs,Underwear,Men,14.9,14.9,False,1,14.9,NETS
BUG-20260612-1057,2,2026-06-12 11:43:10,Bugis,BTM-M-04,Men's Dry Stretch Shorts,Bottoms,Men,19.9,19.9,False,1,19.9,PayNow
BUG-20260612-0365,1,2026-06-12 11:05:15,Bugis,SOK-W-04,Women's Ribbed Crew Socks,Socks,Women,5.9,5.9,False,1,5.9,Card
PUN-20260612-0414,2,2026-06-12 16:09:24,Punggol,BTM-M-05,Men's Wide Fit Cargo Pants,BOTTOMS,Men,26.68,39.9,True,1,26.68,NETS
BUG-20260612-0136,2,2026-06-12 21:21:04,bugis,BTM-W-03,  Women's Ezy Ankle Pants  ,Bottoms,Women,29.9,29.9,False,1,29.9,
PUN-20260612-0660,2,2026-06-12 20:42:27,Punggol,UND-M-02,Men's Cotton Blend Trunks,Underwear,Men,14.9,14.9,False,1,14.9,Card
ORC-20260612-0166,2,2026-06-12 20:54:38,orchard central,SOK-W-04,Women's Ribbed Crew Socks,Socks,Women,5.9,5.9,False,2,11.8,Card
BUG-20260612-1189,2,2026-06-12 18:10:21,Bugis,UND-M-02,Men's Cotton Blend Trunks,UNDERWEAR,Men,14.9,14.9,False,1,14.9,Cash
PUN-20260612-0634,1,2026-06-12 19:20:47,Punggol,TOP-W-01,Women's Airism Cotton Crew Neck T-Shirt,Tops,Women,14.9,14.9,False,1,14.9,Card
BUG-20260612-0053,2,2026-06-12 20:33:51,Bugis,UND-M-04,Men's Cotton Crew Neck Undershirt,Underwear,Men,14.9,14.9,False,1,14.9,Cash
BUG-20260612-0518,2,2026-06-12 17:09:57,Bugis,SOK-W-02,Women's Pile Crew Socks,Socks,Women,5.9,5.9,False,1,5.9,Cash
ORC-20260612-1234,1,2026-06-12 20:45:22,  Orchard Central  ,BTM-M-08,Men's Relaxed Fit Denim Shorts,Bottoms,men,$29.9,29.9,False,1,29.9,Card
ORC-20260612-0067,3,2026-06-12 18:14:27,Orchard Central,SOK-W-08,Women's Lace Trim Ankle Socks,Socks,Women,5.9,5.9,False,1,5.9,PayNow
ORC-20260612-0728,1,2026-06-12 20:04:13,Orchard Central,TOP-W-02,Women's Ribbed Long Sleeve Turtleneck,Tops,Women,19.9,19.9,False,1,$19.9,Cash
ORC-20260612-0061,1,2026-06-12 18:04:42,Orchard Central,UND-W-03,Women's Cotton Blend Briefs,Underwear,Women,9.9,9.9,False,2,19.8,PayNow
PUN-20260612-0657,1,2026-06-12 20:41:09,Punggol,SOK-M-01,Men's Ankle Socks 3-Pack,Socks,Men,14.9,14.9,False,1,14.9,PayNow
BUG-20260612-0008,1,2026-06-12 21:49:48,Bugis,SOK-M-04,Men's Ribbed Crew Socks,Socks,Men,5.9,5.9,False,1,5.9,Cash
ORC-20260612-0942,2,2026-06-12 21:59:59,Orchard Central,UND-M-10,Men's Cotton Blend Briefs,Underwear,Men,7.42,9.9,True,2,14.84,Card
BUG-20260612-1124,3,2026-06-12 19:54:54,Bugis,UND-M-02,Men's Cotton Blend Trunks,Underwear,Men,14.9,14.9,False,1,14.9,NETS
ORC-20260612-0952,2,2026-06-12 20:46:32,Orchard Central,UND-M-02,Men's Cotton Blend Trunks,Underwear,Men,14.9,14.9,False,1,14.9,Card
BUG-20260612-0366,2,2026-06-12 19:14:30,Bugis,BTM-M-03,Men's Selvedge Regular Fit Jeans,Bottoms,Men,59.9,59.9,False,1,59.9,card
BUG-20260612-0516,1,2026-06-12 19:44:03,Bugis,SOK-W-03,Women's Airism Low-Cut Socks,Socks,Women,5.9,5.9,False,2,11.8,Card
BUG-20260612-1180,3,2026-06-12 20:31:56,Bugis,BTM-M-04,Men's Dry Stretch Shorts,Bottoms,Men,19.9,19.9,False,1,19.9,NETS
BUG-20260612-0031,2,2026-06-12 20:03:28,Bugis,TOP-M-03,Men's Dry-EX Crew Neck T-Shirt,Tops,Men,19.9,19.9,False,1,19.9,PayNow
BUG-20260612-0272,2,2026-06-12 12:57:53,Bugis,BTM-M-02,Men's Slim Fit Chino Trousers,Bottoms,Men,29.9,29.9,False,1,29.9,Card
PUN-20260612-0108,2,2026-06-12 20:15:15,Punggol,TOP-W-02,Women's Ribbed Long Sleeve Turtleneck,Tops,Women,19.9,19.9,False,1,19.9,Cash
PUN-20260612-0372,2,2026-06-12 18:02:19,Punggol,SOK-W-02,  Women's Pile Crew Socks  ,Socks,Women,5.9,5.9,False,1,5.9,Card
PUN-20260612-0137,1,2026-06-12 20:23:18,Punggol,UND-M-02,Men's Cotton Blend Trunks,Underwear,Men,14.9,14.9,False,1,14.9,Card
BUG-20260612-0454,3,2026-06-12 16:54:18,  Bugis  ,TOP-W-02,Women's Ribbed Long Sleeve Turtleneck,Tops,Women,19.9,19.9,False,1,19.9,Card
BUG-20260612-1037,1,2026-06-12 22:28:58,Bugis,SOK-W-06,Women's Heattech Socks,Socks,Women,9.9,9.9,False,2,19.8,NETS
ORC-20260612-0261,1,2026-06-12 17:58:46,  Orchard Central  ,UND-M-04,Men's Cotton Crew Neck Undershirt,Underwear,Men,14.9,14.9,False,1,14.9,PayNow
PUN-20260612-0186,2,2026-06-12 17:26:17,Punggol,SOK-W-03,Women's Airism Low-Cut Socks,Socks,Women,5.9,5.9,False,1,5.9,Nets
BUG-20260612-0458,1,2026-06-12 20:24:26,BUGIS,SOK-W-04,Women's Ribbed Crew Socks,Socks,Women,5.9,5.9,False,1,5.9,Cash
BUG-20260612-1089,2,2026-06-12 21:26:18,Bugis,SOK-M-02,Men's Pile Crew Socks,Socks,Men,5.9,5.9,False,1,5.9,Cash
BUG-20260612-0024,3,2026-06-12 16:51:12,  Bugis  ,UND-M-04,Men's Cotton Crew Neck Undershirt,Underwear,Men,14.9,14.9,False,1,14.9,Cash
ORC-20260612-0164,3,2026-06-12 21:17:24,Orchard Central,UND-W-01,  Women's Airism Bikini Shorts  ,Underwear,Women,9.9,9.9,False,1,9.9,Card
ORC-20260612-0176,2,2026-06-12 13:27:53,Orchard Central,SOK-W-03,Women's Airism Low-Cut Socks,Socks,Women,5.9,5.9,False,1,5.9,PayNow
PUN-20260612-0338,1,2026-06-12 20:30:55,Punggol,SOK-M-05,Men's Sport Ankle Socks,Socks,Men,5.9,5.9,False,1,5.9,NETS
ORC-20260612-1089,2,2026-06-12 21:59:08,Orchard Central,SOK-M-01,Men's Ankle Socks 3-Pack,Socks,Men,14.9,14.9,False,1,14.9,NETS
BUG-20260612-0184,2,2026-06-12 18:45:09,Bugis,BTM-W-07,Women's Linen Blend Wide Pants,Bottoms,Women,39.9,39.9,False,1,39.9,PayNow
PUN-20260612-0595,3,2026-06-12 19:40:01,Punggol,SOK-M-03,  Men's Airism Low-Cut Socks  ,socks,Men,5.9,5.9,False,1,5.9,CARD
BUG-20260612-0205,1,2026-06-12 22:02:26,Bugis,SOK-W-02,  Women's Pile Crew Socks  ,socks,Women,5.9,5.9,False,1,5.9,
BUG-20260612-0230,1,2026-06-12 11:58:25,Bugis,UND-M-04,Men's Cotton Crew Neck Undershirt,Underwear,men,14.9,14.9,False,1,14.9,PayNow
BUG-20260612-1001,1,2026-06-12 14:15:56,Bugis,TOP-W-04,Women's Heattech Crew Neck Long Sleeve Tee,Tops,Women,14.9,14.9,False,1,14.9,NETS
ORC-20260612-0695,1,2026-06-12 18:11:39,orchard central,BTM-W-09,Women's Sweat Shorts,BOTTOMS,Women,19.9,19.9,False,1,19.9,PAYNOW
ORC-20260612-0383,1,2026-06-12 12:26:02,Orchard Central,TOP-M-01,Men's Airism Cotton Crew Neck T-Shirt,Tops,Men,14.9,14.9,False,1,14.9,PAYNOW
ORC-20260612-0720,1,2026-06-12 20:03:51,Orchard Central,SOK-M-04,Men's Ribbed Crew Socks,Socks,Men,5.9,5.9,False,2,11.8,PayNow
BUG-20260612-0200,1,2026-06-12 15:52:17,Bugis,BTM-M-03,  Men's Selvedge Regular Fit Jeans  ,Bottoms,MEN,59.9,59.9,False,1,59.9,Cash
ORC-20260612-1135,1,2026-06-12 20:26:21,Orchard Central,BTM-W-03,Women's Ezy Ankle Pants,Bottoms,Women,29.9,29.9,False,1,29.9,Card
BUG-20260612-0124,2,2026-06-12 20:43:17,Bugis,SOK-M-03,Men's Airism Low-Cut Socks,Socks,Men,5.9,5.9,False,1,5.9,Card
ORC-20260612-0044,2,2026-06-12 20:36:06,Orchard Central,TOP-M-01,Men's Airism Cotton Crew Neck T-Shirt,Tops,Men,14.9,14.9,False,1,14.9,NETS
ORC-20260612-0342,2,2026-06-12 18:50:35,Orchard Central,UND-W-08,Women's Airism Camisole,Underwear,Women,14.9,14.9,False,1,14.9,Card
BUG-20260612-0018,1,2026-06-12 20:08:51,BUGIS,SOK-W-04,Women's Ribbed Crew Socks,Socks,Women,5.9,5.9,False,1,5.9,Card
ORC-20260612-0824,1,2026-06-12 20:37:06,Orchard Central,TOP-M-04,Men's Oxford Long Sleeve Shirt,Tops,Men,29.9,29.9,False,1,29.9,Card
ORC-20260612-0062,1,2026-06-12 20:04:33,Orchard Central,SOK-W-04,Women's Ribbed Crew Socks,Socks,Women,5.9,5.9,False,1,5.9,Cash
ORC-20260612-0706,2,2026-06-12 11:15:19,ORCHARD CENTRAL,BTM-W-03,Women's Ezy Ankle Pants,Bottoms,women,29.9,29.9,False,1,29.9,NETS
PUN-20260612-0748,2,2026-06-12 18:05:03,Punggol,SOK-W-03,Women's Airism Low-Cut Socks,Socks,Women,5.9,5.9,False,1,5.9,Cash
ORC-20260612-0790,3,2026-06-12 18:29:02,Orchard Central,TOP-W-01,Women's Airism Cotton Crew Neck T-Shirt,Tops,Women,14.9,14.9,False,1,14.9,Card
ORC-20260612-1069,2,2026-06-12 20:12:39,Orchard Central,TOP-M-04,Men's Oxford Long Sleeve Shirt,Tops,Men,29.9,29.9,False,1,29.9,CARD
ORC-20260612-1255,1,2026-06-12 19:55:54,Orchard Central,SOK-M-04,Men's Ribbed Crew Socks,Socks,Men,5.9,5.9,False,1,5.9,PayNow
ORC-20260612-0860,2,2026-06-12 18:24:54,Orchard Central,UND-W-10,Women's Wireless Bralette,Underwear,Women,29.9,29.9,False,2,59.8,Card
PUN-20260612-0355,1,2026-06-12 21:37:20,Punggol,SOK-M-04,Men's Ribbed Crew Socks,Socks,Men,5.9,5.9,False,1,5.9,NETS
BUG-20260612-0775,2,2026-06-12 20:31:41,Bugis,SOK-W-01,Women's Ankle Socks 3-Pack,Socks,Women,14.9,14.9,False,1,14.9,PayNow
BUG-20260612-1238,1,2026-06-12 20:25:00,Bugis,BTM-M-04,Men's Dry Stretch Shorts,Bottoms,Men,19.9,19.9,False,1,19.9,Card
BUG-20260612-0368,2,2026-06-12 12:09:08,BUGIS,SOK-W-04,  Women's Ribbed Crew Socks  ,Socks,Women,5.9,5.9,False,1,5.9,Card
ORC-20260612-0785,3,2026-06-12 20:37:35,Orchard Central,SOK-M-04,Men's Ribbed Crew Socks,Socks,MEN,5.9,5.9,False,1,5.9,PayNow
PUN-20260612-0749,1,2026-06-12 16:38:54,Punggol,TOP-W-04,Women's Heattech Crew Neck Long Sleeve Tee,Tops,Women,14.9,14.9,False,1,14.9,PayNow
BUG-20260612-0264,1,2026-06-12 19:14:07,Bugis,SOK-W-03,Women's Airism Low-Cut Socks,Socks,Women,5.9,5.9,False,1,5.9,Card
ORC-20260612-0315,3,2026-06-12 12:26:53,Orchard Central,TOP-M-01,Men's Airism Cotton Crew Neck T-Shirt,Tops,Men,14.9,14.9,False,1,14.9,Card
ORC-20260612-0844,1,2026-06-12 16:35:49,Orchard Central,SOK-M-01,Men's Ankle Socks 3-Pack,Socks,Men,14.9,14.9,False,1,14.9,PAYNOW
BUG-20260612-0231,1,2026-06-12 12:07:16,Bugis,SOK-M-04,  Men's Ribbed Crew Socks  ,Socks,Men,5.9,5.9,False,1,5.9,PayNow
BUG-20260612-0133,1,2026-06-12 12:14:19,Bugis,UND-W-04,Women's Airism T-Shirt Bra,Underwear,Women,29.9,29.9,False,1,29.9,paynow
ORC-20260612-1007,2,2026-06-12 22:38:25,  Orchard Central  ,SOK-W-07,Women's Striped Crew Socks,Socks,Women,5.9,5.9,False,1,5.9,Card
ORC-20260612-0683,3,2026-06-12 17:13:25,Orchard Central,BTM-M-02,Men's Slim Fit Chino Trousers,BOTTOMS,Men,29.9,29.9,False,1,29.9,Card
ORC-20260612-0284,3,2026-06-12 20:20:33,Orchard Central,SOK-M-03,Men's Airism Low-Cut Socks,Socks,Men,5.9,5.9,False,1,5.9,Card
ORC-20260612-0053,1,2026-06-12 13:32:21,ORCHARD CENTRAL,SOK-W-02,  Women's Pile Crew Socks  ,Socks,Women,5.9,5.9,False,1,5.9,NETS
PUN-20260612-0333,2,2026-06-12 19:09:33,Punggol,UND-M-01,Men's Airism Boxer Briefs,Underwear,Men,14.9,14.9,False,1,14.9,PayNow
ORC-20260612-0944,2,2026-06-12 17:06:09,Orchard Central,UND-M-04,Men's Cotton Crew Neck Undershirt,Underwear,MEN,14.9,14.9,False,1,14.9,Card
PUN-20260612-0691,1,2026-06-12 22:24:57,Punggol,UND-W-01,Women's Airism Bikini Shorts,Underwear,Women,9.9,9.9,False,1,9.9,NETS
PUN-20260612-0458,3,2026-06-12 20:08:04,Punggol,TOP-M-03,  Men's Dry-EX Crew Neck T-Shirt  ,Tops,Men,19.9,19.9,False,1,19.9,Cash
BUG-20260612-0081,1,2026-06-12 19:40:58,Bugis,SOK-M-04,Men's Ribbed Crew Socks,Socks,MEN,5.9,5.9,False,2,11.8,Cash
BUG-20260612-0826,2,2026-06-12 17:38:54,Bugis,SOK-M-04,Men's Ribbed Crew Socks,Socks,men,5.9,5.9,False,1,5.9,Card
BUG-20260612-0836,1,2026-06-12 19:22:35,Bugis,TOP-W-08,Women's Puff Sleeve Blouse,Tops,women,20.35,29.9,True,1,20.35,card
ORC-20260612-1060,1,2026-06-12 17:17:12,Orchard Central,TOP-M-02,Men's Supima Cotton Polo Shirt,Tops,Men,29.9,29.9,False,1,29.9,Cash
BUG-20260612-1005,2,2026-06-12 19:44:05,BUGIS,SOK-M-03,Men's Airism Low-Cut Socks,Socks,Men,5.9,5.9,False,1,5.9,Cash
BUG-20260612-0135,1,2026-06-12 20:06:54,Bugis,SOK-W-04,Women's Ribbed Crew Socks,Socks,Women,5.9,5.9,False,1,5.9,NETS
PUN-20260612-0505,1,2026-06-12 17:40:10,  punggol  ,SOK-W-02,Women's Pile Crew Socks,Socks,Women,5.9,5.9,False,1,5.9,Card
ORC-20260612-0419,1,2026-06-12 14:46:44,Orchard Central,TOP-M-04,Men's Oxford Long Sleeve Shirt,Tops,Men,29.9,29.9,False,1,29.9,card
ORC-20260612-0996,1,2026-06-12 18:14:42,  Orchard Central  ,TOP-M-02,Men's Supima Cotton Polo Shirt,Tops,Men,29.9,29.9,False,1,29.9,PayNow
ORC-20260612-0693,1,2026-06-12 17:15:58,Orchard Central,SOK-M-02,Men's Pile Crew Socks,Socks,Men,5.9,5.9,False,1,5.9,Card
BUG-20260612-1211,1,2026-06-12 17:26:02,Bugis,TOP-M-04,  Men's Oxford Long Sleeve Shirt  ,Tops,Men,29.9,29.9,False,1,29.9,Card
ORC-20260612-0873,2,2026-06-12 20:45:51,Orchard Central,TOP-W-01,Women's Airism Cotton Crew Neck T-Shirt,Tops,Women,14.9,14.9,False,1,14.9,Paynow
PUN-20260612-0024,1,2026-06-12 19:21:49,PUNGGOL,SOK-W-03,Women's Airism Low-Cut Socks,Socks,Women,5.9,5.9,False,1,5.9,card
PUN-20260612-0186,3,2026-06-12 17:26:17,Punggol,TOP-W-04,Women's Heattech Crew Neck Long Sleeve Tee,Tops,Women,14.9,14.9,False,1,14.9,NETS
PUN-20260612-0122,3,2026-06-12 11:01:25,punggol,TOP-W-01,  Women's Airism Cotton Crew Neck T-Shirt  ,Tops,Women,14.9,14.9,False,1,14.9,PayNow
PUN-20260612-0256,1,2026-06-12 19:13:41,Punggol,UND-W-01,Women's Airism Bikini Shorts,Underwear,Women,9.9,9.9,False,1,9.9,NETS
ORC-20260612-1212,3,2026-06-12 20:50:29,Orchard Central,SOK-W-04,  Women's Ribbed Crew Socks  ,Socks,Women,5.9,5.9,False,2,11.8,NETS
ORC-20260612-0700,1,2026-06-12 17:51:30,Orchard Central,TOP-W-02,Women's Ribbed Long Sleeve Turtleneck,Tops,WOMEN,19.9,19.9,False,1,19.9,cash
ORC-20260612-0661,2,2026-06-12 20:11:26,Orchard Central,SOK-W-02,Women's Pile Crew Socks,Socks,Women,5.9,5.9,False,1,5.9,CARD
BUG-20260612-0546,1,2026-06-12 13:37:46,Bugis,UND-M-03,Men's Airism Mesh Boxer Briefs,underwear,Men,14.9,14.9,False,2,29.8,
BUG-20260612-0432,1,2026-06-12 22:03:27,Bugis,SOK-M-01,Men's Ankle Socks 3-Pack,Socks,Men,14.9,14.9,False,2,29.8,card
PUN-20260612-0490,2,2026-06-12 17:08:03,Punggol,BTM-M-04,Men's Dry Stretch Shorts,BOTTOMS,Men,19.9,19.9,False,1,19.9,NETS
ORC-20260612-0139,1,2026-06-12 11:52:52,orchard central,SOK-M-04,Men's Ribbed Crew Socks,Socks,Men,5.9,5.9,False,1,5.9,Paynow
ORC-20260612-0319,1,2026-06-12 19:49:02,Orchard Central,SOK-M-05,Men's Sport Ankle Socks,Socks,Men,5.9,5.9,False,1,5.9,NETS
ORC-20260612-1202,1,2026-06-12 13:02:49,  Orchard Central  ,SOK-M-04,Men's Ribbed Crew Socks,Socks,Men,5.9,5.9,False,1,5.9,Card
PUN-20260612-0475,1,2026-06-12 20:07:51,Punggol,TOP-W-02,Women's Ribbed Long Sleeve Turtleneck,Tops,Women,19.9,19.9,False,1,19.9,Card
BUG-20260612-0182,3,2026-06-12 14:50:24,Bugis,SOK-W-02,Women's Pile Crew Socks,Socks,Women,5.9,5.9,False,1,5.9,NETS
PUN-20260612-0336,1,2026-06-12 22:53:29,Punggol,SOK-W-02,Women's Pile Crew Socks,Socks,Women,5.9,5.9,False,1,5.9,Card
BUG-20260612-0522,1,2026-06-12 21:27:42,Bugis,SOK-W-04,Women's Ribbed Crew Socks,Socks,Women,5.9,5.9,False,1,5.9,Card
PUN-20260612-0065,2,2026-06-12 20:18:50,Punggol,TOP-M-01,Men's Airism Cotton Crew Neck T-Shirt,Tops,Men,14.9,14.9,False,1,14.9,PayNow
BUG-20260612-1130,2,2026-06-12 20:22:30,Bugis,UND-M-01,Men's Airism Boxer Briefs,Underwear,Men,14.9,14.9,False,1,14.9,Card
ORC-20260612-0993,1,2026-06-12 21:22:53,Orchard Central,SOK-W-02,Women's Pile Crew Socks,Socks,Women,5.9,5.9,False,2,11.8,cash
ORC-20260612-0088,1,2026-06-12 19:06:36,Orchard Central,SOK-M-05,Men's Sport Ankle Socks,Socks,Men,5.9,5.9,False,1,5.9,Card
BUG-20260612-1083,1,2026-06-12 19:17:39,Bugis,TOP-M-02,  Men's Supima Cotton Polo Shirt  ,Tops,Men,29.9,29.9,False,1,29.9,Card
ORC-20260612-1062,2,2026-06-12 16:50:58,Orchard Central,TOP-W-04,Women's Heattech Crew Neck Long Sleeve Tee,Tops,Women,14.9,14.9,False,1,14.9,Card
BUG-20260612-0513,2,2026-06-12 21:08:00,Bugis,SOK-M-05,Men's Sport Ankle Socks,Socks,Men,5.9,5.9,False,1,5.9,NETS
ORC-20260612-0587,2,2026-06-12 21:46:49,  Orchard Central  ,UND-W-03,Women's Cotton Blend Briefs,Underwear,WOMEN,9.9,9.9,False,1,9.9,NETS
BUG-20260612-0765,1,2026-06-12 16:31:37,Bugis,TOP-W-04,Women's Heattech Crew Neck Long Sleeve Tee,Tops,WOMEN,14.9,14.9,False,1,14.9,NETS
BUG-20260612-0130,1,2026-06-12 18:43:45,Bugis,SOK-M-06,Men's Heattech Socks,Socks,Men,9.9,9.9,False,1,9.9,Cash
PUN-20260612-0265,2,2026-06-12 11:20:28,Punggol,SOK-W-04,Women's Ribbed Crew Socks,Socks,Women,5.9,5.9,False,1,5.9,NETS
PUN-20260612-0458,2,2026-06-12 20:08:04,  Punggol  ,SOK-W-04,Women's Ribbed Crew Socks,SOCKS,Women,5.9,5.9,False,1,5.9,Cash
BUG-20260612-0920,2,2026-06-12 14:11:24,Bugis,SOK-M-05,Men's Sport Ankle Socks,Socks,men,$5.9,5.9,False,1,5.9,PayNow
ORC-20260612-1194,3,2026-06-12 11:18:13,ORCHARD CENTRAL,SOK-M-01,Men's Ankle Socks 3-Pack,Socks,men,14.9,14.9,False,1,14.9,Cash
BUG-20260612-0663,2,2026-06-12 15:27:40,  Bugis  ,SOK-M-02,Men's Pile Crew Socks,Socks,Men,5.9,5.9,False,1,5.9,PAYNOW
ORC-20260612-1040,1,2026-06-12 16:57:06,orchard central,SOK-M-02,Men's Pile Crew Socks,Socks,MEN,5.9,5.9,False,1,5.9,CARD
PUN-20260612-0677,1,2026-06-12 19:12:23,punggol,SOK-W-02,Women's Pile Crew Socks,socks,Women,5.9,5.9,False,1,5.9,CARD
ORC-20260612-0463,1,2026-06-12 20:04:50,Orchard Central,SOK-M-02,Men's Pile Crew Socks,Socks,Men,5.9,5.9,False,2,11.8,Card
PUN-20260612-0680,1,2026-06-12 20:03:53,  Punggol  ,TOP-M-03,Men's Dry-EX Crew Neck T-Shirt,Tops,Men,19.9,19.9,False,1,19.9,PayNow
BUG-20260612-0246,1,2026-06-12 12:47:27,Bugis,SOK-M-01,Men's Ankle Socks 3-Pack,SOCKS,Men,14.9,14.9,False,1,14.9,Card
BUG-20260612-0290,2,2026-06-12 15:15:09,Bugis,TOP-M-01,Men's Airism Cotton Crew Neck T-Shirt,Tops,Men,14.9,14.9,False,1,14.9,Card
BUG-20260612-0595,1,2026-06-12 19:31:32,Bugis,UND-W-09,Women's Cotton Boyshorts,Underwear,Women,9.9,9.9,False,2,19.8,Card
ORC-20260612-0423,1,2026-06-12 22:22:30,Orchard Central,TOP-W-01,Women's Airism Cotton Crew Neck T-Shirt,Tops,Women,14.9,14.9,False,1,14.9,PayNow
ORC-20260612-0435,1,2026-06-12 15:34:39,Orchard Central,SOK-W-02,Women's Pile Crew Socks,Socks,Women,5.9,5.9,False,2,11.8,card
BUG-20260612-0856,1,2026-06-12 13:32:07,Bugis,UND-W-02,Women's Wireless Bra,Underwear,Women,29.9,29.9,False,1,29.9,Card
PUN-20260612-0576,1,2026-06-12 15:52:39,  Punggol  ,SOK-M-04,Men's Ribbed Crew Socks,Socks,Men,5.9,5.9,False,1,5.9,Card
ORC-20260612-1095,1,2026-06-12 21:08:17,Orchard Central,TOP-M-07,Men's Ultra Light Down Jacket,TOPS,Men,55.24,79.9,True,1,55.24,Card
BUG-20260612-1208,1,2026-06-12 15:46:03,Bugis,BTM-M-04,Men's Dry Stretch Shorts,Bottoms,Men,19.9,19.9,False,1,19.9,Paynow
BUG-20260612-0980,1,2026-06-12 18:48:14,Bugis,TOP-M-02,Men's Supima Cotton Polo Shirt,Tops,Men,29.9,29.9,False,1,29.9,Card
BUG-20260612-0238,2,2026-06-12 17:30:47,Bugis,BTM-M-05,Men's Wide Fit Cargo Pants,Bottoms,Men,26.68,39.9,True,1,26.68,Cash
PUN-20260612-0158,3,2026-06-12 18:29:11,Punggol,SOK-M-02,Men's Pile Crew Socks,Socks,Men,5.9,5.9,False,1,5.9,PayNow
BUG-20260612-1118,1,2026-06-12 16:22:43,Bugis,SOK-M-04,Men's Ribbed Crew Socks,SOCKS,Men,5.9,5.9,False,2,11.8,Card
BUG-20260612-0623,2,2026-06-12 17:44:12,Bugis,TOP-M-03,Men's Dry-EX Crew Neck T-Shirt,Tops,Men,19.9,19.9,False,1,19.9,PayNow
PUN-20260612-0625,1,2026-06-12 21:30:50,PUNGGOL,SOK-W-04,Women's Ribbed Crew Socks,Socks,Women,5.9,5.9,False,1,5.9,Card
ORC-20260612-0560,2,2026-06-12 22:43:15,  Orchard Central  ,TOP-M-01,Men's Airism Cotton Crew Neck T-Shirt,Tops,men,$14.9,14.9,False,1,14.9,PayNow
PUN-20260612-0508,2,2026-06-12 20:19:12,Punggol,BTM-W-10,Women's High Waist Denim Shorts,Bottoms,Women,29.9,29.9,False,1,29.9,Card
BUG-20260612-0699,1,2026-06-12 14:55:41,Bugis,BTM-W-02,Women's High-Rise Wide Leg Pants,Bottoms,women,39.9,39.9,False,1,39.9,Card
BUG-20260612-0382,3,2026-06-12 17:54:43,Bugis,SOK-M-03,Men's Airism Low-Cut Socks,socks,Men,5.9,5.9,False,1,5.9,Cash
PUN-20260612-0629,1,2026-06-12 22:02:31,Punggol,SOK-M-04,Men's Ribbed Crew Socks,Socks,Men,5.9,5.9,False,1,5.9,Cash
PUN-20260612-0390,3,2026-06-12 22:19:28,Punggol,UND-W-03,Women's Cotton Blend Briefs,Underwear,Women,9.9,9.9,False,1,9.9,NETS
PUN-20260612-0069,3,2026-06-12 18:32:35,Punggol,SOK-M-03,Men's Airism Low-Cut Socks,Socks,Men,5.9,5.9,False,1,5.9,NETS
BUG-20260612-1049,2,2026-06-12 11:16:11,bugis,UND-W-04,Women's Airism T-Shirt Bra,Underwear,Women,29.9,29.9,False,2,59.8,Card
ORC-20260612-0615,1,2026-06-12 20:17:38,Orchard Central,UND-W-02,Women's Wireless Bra,Underwear,Women,29.9,29.9,False,1,29.9,Card
ORC-20260612-0206,1,2026-06-12 16:37:18,Orchard Central,SOK-M-03,Men's Airism Low-Cut Socks,Socks,Men,5.9,5.9,False,1,5.9,Card
ORC-20260612-0058,1,2026-06-12 17:29:54,Orchard Central,TOP-W-02,  Women's Ribbed Long Sleeve Turtleneck  ,Tops,Women,19.9,19.9,False,1,19.9,Card
BUG-20260612-0261,3,2026-06-12 18:24:32,Bugis,UND-M-03,  Men's Airism Mesh Boxer Briefs  ,Underwear,Men,14.9,14.9,False,1,14.9,PayNow
BUG-20260612-1089,3,2026-06-12 21:26:18,Bugis,BTM-M-04,  Men's Dry Stretch Shorts  ,BOTTOMS,men,19.9,19.9,False,1,19.9,Cash
ORC-20260612-0426,1,2026-06-12 13:00:20,Orchard Central,SOK-W-01,  Women's Ankle Socks 3-Pack  ,Socks,Women,14.9,14.9,False,1,14.9,Card
BUG-20260612-1094,1,2026-06-12 19:53:33,Bugis,SOK-W-04,Women's Ribbed Crew Socks,Socks,Women,5.9,5.9,False,2,11.8,CASH
ORC-20260612-0562,1,2026-06-12 14:31:32,Orchard Central,SOK-M-01,  Men's Ankle Socks 3-Pack  ,Socks,Men,14.9,14.9,False,1,14.9,Card
PUN-20260612-0171,1,2026-06-12 21:42:33,Punggol,BTM-W-02,Women's High-Rise Wide Leg Pants,Bottoms,Women,39.9,39.9,False,1,39.9,Cash
ORC-20260612-0393,3,2026-06-12 20:09:14,Orchard Central,SOK-M-03,Men's Airism Low-Cut Socks,Socks,Men,5.9,5.9,False,1,5.9,Card
BUG-20260612-0306,1,2026-06-12 21:12:35,Bugis,SOK-W-04,Women's Ribbed Crew Socks,Socks,Women,5.9,5.9,False,1,5.9,Card
ORC-20260612-0349,2,2026-06-12 13:21:14,ORCHARD CENTRAL,SOK-M-02,Men's Pile Crew Socks,Socks,MEN,5.9,5.9,False,2,11.8,Nets
ORC-20260612-1193,2,2026-06-12 13:10:08,Orchard Central,TOP-W-02,Women's Ribbed Long Sleeve Turtleneck,Tops,Women,19.9,19.9,False,1,19.9,PayNow
BUG-20260612-0736,1,2026-06-12 21:32:04,Bugis,UND-M-02,Men's Cotton Blend Trunks,Underwear,Men,14.9,14.9,False,1,14.9,Cash
ORC-20260612-0778,2,2026-06-12 18:02:21,Orchard Central,SOK-W-06,Women's Heattech Socks,socks,Women,9.9,9.9,False,1,9.9,Card
ORC-20260612-0900,1,2026-06-12 21:10:21,Orchard Central,TOP-W-02,Women's Ribbed Long Sleeve Turtleneck,Tops,Women,19.9,19.9,False,1,19.9,Card
BUG-20260612-0566,2,2026-06-12 11:50:44,Bugis,SOK-W-02,Women's Pile Crew Socks,Socks,Women,5.9,5.9,False,2,11.8,PayNow
PUN-20260612-0583,1,2026-06-12 19:34:55,Punggol,UND-W-07,Women's Heattech Camisole,Underwear,Women,14.9,14.9,False,1,14.9,Card
ORC-20260612-0698,1,2026-06-12 18:15:35,  Orchard Central  ,UND-M-04,Men's Cotton Crew Neck Undershirt,UNDERWEAR,Men,14.9,14.9,False,1,14.9,PayNow
PUN-20260612-0560,2,2026-06-12 19:57:14,Punggol,UND-M-02,  Men's Cotton Blend Trunks  ,Underwear,Men,14.9,14.9,False,1,14.9,Card
ORC-20260612-0895,1,2026-06-12 18:02:04,Orchard Central,SOK-W-03,Women's Airism Low-Cut Socks,Socks,WOMEN,5.9,5.9,False,2,11.8,CASH
ORC-20260612-0246,2,2026-06-12 19:54:58,orchard central,SOK-W-04,Women's Ribbed Crew Socks,Socks,Women,5.9,5.9,False,1,5.9,Card
ORC-20260612-1052,1,2026-06-12 16:35:11,  Orchard Central  ,SOK-W-03,Women's Airism Low-Cut Socks,Socks,Women,5.9,5.9,False,1,5.9,NETS
ORC-20260612-0839,2,2026-06-12 18:46:34,Orchard Central,SOK-W-02,Women's Pile Crew Socks,Socks,Women,5.9,5.9,False,2,11.8,Cash
ORC-20260612-0537,1,2026-06-12 21:36:29,Orchard Central,UND-M-04,Men's Cotton Crew Neck Undershirt,Underwear,Men,14.9,14.9,False,2,29.8,CARD
BUG-20260612-0356,1,2026-06-12 13:20:44,BUGIS,SOK-M-03,Men's Airism Low-Cut Socks,Socks,Men,5.9,5.9,False,1,5.9,PayNow
BUG-20260612-0508,1,2026-06-12 13:41:46,Bugis,SOK-M-04,Men's Ribbed Crew Socks,Socks,Men,5.9,5.9,False,2,11.8,Card
PUN-20260612-0470,3,2026-06-12 15:12:32,Punggol,SOK-M-01,  Men's Ankle Socks 3-Pack  ,Socks,Men,14.9,14.9,False,1,14.9,PayNow
PUN-20260612-0821,2,2026-06-12 20:43:36,Punggol,BTM-W-02,Women's High-Rise Wide Leg Pants,Bottoms,Women,39.9,39.9,False,1,39.9,Card
BUG-20260612-0982,2,2026-06-12 13:02:13,Bugis,SOK-M-01,Men's Ankle Socks 3-Pack,Socks,Men,14.9,14.9,False,1,14.9,Card
ORC-20260612-0953,2,2026-06-12 17:13:07,Orchard Central,TOP-W-08,  Women's Puff Sleeve Blouse  ,Tops,Women,20.35,29.9,True,1,20.35,NETS
ORC-20260612-0776,1,2026-06-12 19:53:48,Orchard Central,UND-M-03,Men's Airism Mesh Boxer Briefs,Underwear,Men,14.9,14.9,False,1,14.9,NETS
BUG-20260612-0421,3,2026-06-12 18:23:34,Bugis,UND-W-03,Women's Cotton Blend Briefs,Underwear,Women,9.9,9.9,False,1,9.9,CASH
PUN-20260612-0299,1,2026-06-12 11:50:42,Punggol,SOK-M-02,Men's Pile Crew Socks,Socks,Men,5.9,5.9,False,2,11.8,PayNow
BUG-20260612-0589,2,2026-06-12 18:30:00,Bugis,SOK-M-03,Men's Airism Low-Cut Socks,Socks,Men,5.9,5.9,False,1,5.9,Card
BUG-20260612-1199,2,2026-06-12 19:11:36,Bugis,SOK-M-02,  Men's Pile Crew Socks  ,Socks,Men,5.9,5.9,False,1,5.9,PayNow
BUG-20260612-0491,3,2026-06-12 13:53:10,Bugis,UND-W-04,Women's Airism T-Shirt Bra,Underwear,Women,29.9,29.9,False,1,29.9,Card
ORC-20260612-0233,1,2026-06-12 20:11:41,Orchard Central,SOK-W-02,Women's Pile Crew Socks,Socks,Women,5.9,5.9,False,1,5.9,PayNow
ORC-20260612-0626,2,2026-06-12 22:40:55,ORCHARD CENTRAL,TOP-W-10,Women's Ultra Light Down Vest,Tops,Women,59.9,59.9,False,1,59.9,Card
BUG-20260612-0097,1,2026-06-12 13:56:54,Bugis,UND-M-04,Men's Cotton Crew Neck Undershirt,Underwear,Men,14.9,14.9,False,2,29.8,Card
BUG-20260612-0058,1,2026-06-12 21:40:21,Bugis,SOK-W-04,Women's Ribbed Crew Socks,Socks,Women,5.9,5.9,False,1,5.9,Card
BUG-20260612-0257,1,2026-06-12 17:49:49,Bugis,SOK-M-01,Men's Ankle Socks 3-Pack,Socks,Men,14.9,14.9,False,2,29.8,CASH
ORC-20260612-0852,1,2026-06-12 20:37:22,Orchard Central,SOK-W-02,Women's Pile Crew Socks,SOCKS,Women,5.9,5.9,False,1,5.9,Card
ORC-20260612-0823,1,2026-06-12 12:08:28,Orchard Central,TOP-W-02,Women's Ribbed Long Sleeve Turtleneck,Tops,Women,19.9,19.9,False,1,19.9,Card
BUG-20260612-0442,2,2026-06-12 20:02:10,Bugis,BTM-W-01,Women's Ultra Stretch Skinny Jeans,Bottoms,Women,39.9,39.9,False,1,39.9,NETS
PUN-20260612-0692,1,2026-06-12 11:38:40,  Punggol  ,TOP-M-01,Men's Airism Cotton Crew Neck T-Shirt,Tops,Men,14.9,14.9,False,1,14.9,NETS
ORC-20260612-0937,1,2026-06-12 14:49:10,Orchard Central,TOP-W-02,Women's Ribbed Long Sleeve Turtleneck,Tops,Women,19.9,19.9,False,1,19.9,Card
PUN-20260612-0588,3,2026-06-12 20:14:51,Punggol,TOP-M-01,Men's Airism Cotton Crew Neck T-Shirt,Tops,Men,14.9,14.9,False,1,14.9,PayNow
ORC-20260612-0144,1,2026-06-12 20:02:23,Orchard Central,UND-M-04,Men's Cotton Crew Neck Undershirt,Underwear,Men,14.9,14.9,False,1,14.9,Card
ORC-20260612-1203,1,2026-06-12 14:27:05,Orchard Central,SOK-W-02,Women's Pile Crew Socks,Socks,Women,5.9,5.9,False,2,11.8,PayNow
BUG-20260612-0893,1,2026-06-12 17:39:15,Bugis,TOP-W-01,Women's Airism Cotton Crew Neck T-Shirt,Tops,Women,14.9,14.9,False,1,14.9,paynow
BUG-20260612-0758,1,2026-06-12 20:13:35,bugis,TOP-W-04,Women's Heattech Crew Neck Long Sleeve Tee,Tops,Women,14.9,14.9,False,1,$14.9,Card
PUN-20260612-0342,2,2026-06-12 17:47:22,Punggol,UND-W-03,Women's Cotton Blend Briefs,UNDERWEAR,Women,9.9,9.9,False,1,9.9,Card
BUG-20260612-0148,2,2026-06-12 18:11:51,BUGIS,UND-W-02,Women's Wireless Bra,underwear,Women,29.9,29.9,False,1,29.9,PayNow
BUG-20260612-0137,2,2026-06-12 20:49:38,Bugis,TOP-W-08,Women's Puff Sleeve Blouse,TOPS,Women,20.35,29.9,True,1,20.35,Card
ORC-20260612-0121,3,2026-06-12 19:56:42,Orchard Central,TOP-M-04,Men's Oxford Long Sleeve Shirt,Tops,Men,29.9,29.9,False,1,29.9,Card
ORC-20260612-1157,2,2026-06-12 12:32:37,  ORCHARD CENTRAL  ,SOK-W-03,Women's Airism Low-Cut Socks,Socks,Women,5.9,5.9,False,1,5.9,paynow
PUN-20260612-0617,2,2026-06-12 16:45:33,Punggol,UND-M-01,Men's Airism Boxer Briefs,Underwear,Men,$14.9,14.9,False,1,14.9,PayNow
BUG-20260612-1081,3,2026-06-12 22:34:55,Bugis,TOP-W-01,Women's Airism Cotton Crew Neck T-Shirt,Tops,Women,14.9,14.9,False,1,14.9,NETS
ORC-20260612-1116,1,2026-06-12 20:08:18,Orchard Central,SOK-M-01,Men's Ankle Socks 3-Pack,Socks,Men,14.9,14.9,False,1,14.9,Card
BUG-20260612-0594,2,2026-06-12 17:04:38,Bugis,TOP-W-02,  Women's Ribbed Long Sleeve Turtleneck  ,Tops,Women,19.9,19.9,False,1,19.9,Cash
BUG-20260612-0934,2,2026-06-12 22:51:55,bugis,SOK-W-01,Women's Ankle Socks 3-Pack,Socks,Women,14.9,14.9,False,1,14.9,PAYNOW
PUN-20260612-0504,1,2026-06-12 21:25:41,Punggol,SOK-W-04,Women's Ribbed Crew Socks,Socks,Women,5.9,5.9,False,1,5.9,NETS
PUN-20260612-0813,3,2026-06-12 15:56:44,Punggol,SOK-W-03,Women's Airism Low-Cut Socks,Socks,Women,5.9,5.9,False,1,5.9,PayNow
ORC-20260612-0556,2,2026-06-12 19:21:49,Orchard Central,SOK-M-01,Men's Ankle Socks 3-Pack,Socks,Men,14.9,14.9,False,1,14.9,Card
ORC-20260612-1121,1,2026-06-12 19:52:44,Orchard Central,UND-M-03,Men's Airism Mesh Boxer Briefs,Underwear,Men,14.9,14.9,False,1,14.9,
ORC-20260612-0230,2,2026-06-12 19:46:07,Orchard Central,BTM-M-02,Men's Slim Fit Chino Trousers,Bottoms,Men,29.9,29.9,False,1,29.9,Card
PUN-20260612-0828,2,2026-06-12 16:04:01,Punggol,SOK-M-04,  Men's Ribbed Crew Socks  ,Socks,Men,5.9,5.9,False,1,5.9,PayNow
PUN-20260612-0495,1,2026-06-12 19:43:36,Punggol,SOK-W-04,Women's Ribbed Crew Socks,Socks,Women,5.9,5.9,False,2,11.8,CARD
PUN-20260612-0270,1,2026-06-12 12:26:01,Punggol,TOP-M-03,Men's Dry-EX Crew Neck T-Shirt,Tops,Men,19.9,19.9,False,1,19.9,PayNow
PUN-20260612-0299,2,2026-06-12 11:50:42,Punggol,TOP-M-01,Men's Airism Cotton Crew Neck T-Shirt,Tops,Men,14.9,14.9,False,1,14.9,Paynow
BUG-20260612-0073,1,2026-06-12 14:57:44,BUGIS,SOK-W-01,Women's Ankle Socks 3-Pack,Socks,Women,14.9,14.9,False,1,14.9,Card
PUN-20260612-0249,2,2026-06-12 21:14:00,Punggol,UND-M-01,Men's Airism Boxer Briefs,UNDERWEAR,Men,14.9,14.9,False,1,14.9,NETS
ORC-20260612-1269,2,2026-06-12 17:15:24,Orchard Central,BTM-W-02,Women's High-Rise Wide Leg Pants,Bottoms,Women,39.9,39.9,False,1,39.9,PayNow
ORC-20260612-1035,2,2026-06-12 19:07:19,  Orchard Central  ,UND-M-08,Men's Airism V-Neck Undershirt,Underwear,Men,9.9,9.9,False,1,9.9,Cash
ORC-20260612-1199,1,2026-06-12 19:12:33,Orchard Central,SOK-M-04,Men's Ribbed Crew Socks,socks,Men,5.9,5.9,False,1,5.9,Cash
BUG-20260612-0823,1,2026-06-12 20:22:33,Bugis,UND-M-01,  Men's Airism Boxer Briefs  ,Underwear,Men,14.9,14.9,False,1,14.9,Card
BUG-20260612-0048,2,2026-06-12 13:09:47,Bugis,UND-M-02,Men's Cotton Blend Trunks,Underwear,Men,14.9,14.9,False,1,14.9,Card
BUG-20260612-0989,2,2026-06-12 20:04:34,Bugis,SOK-M-04,Men's Ribbed Crew Socks,Socks,Men,5.9,5.9,False,1,5.9,NETS
ORC-20260612-0716,2,2026-06-12 11:28:46,ORCHARD CENTRAL,UND-M-10,Men's Cotton Blend Briefs,UNDERWEAR,Men,7.42,9.9,True,1,7.42,Cash
BUG-20260612-0183,1,2026-06-12 20:01:13,Bugis,BTM-M-02,Men's Slim Fit Chino Trousers,bottoms,Men,29.9,29.9,False,1,29.9,paynow
PUN-20260612-0257,2,2026-06-12 11:37:55,Punggol,SOK-M-02,Men's Pile Crew Socks,Socks,Men,5.9,5.9,False,1,5.9,PAYNOW
BUG-20260612-0289,1,2026-06-12 20:05:15,Bugis,SOK-W-04,Women's Ribbed Crew Socks,Socks,Women,5.9,5.9,False,1,5.9,PayNow
BUG-20260612-0530,1,2026-06-12 22:58:17,bugis,SOK-W-03,Women's Airism Low-Cut Socks,Socks,Women,5.9,5.9,False,1,5.9,CARD
ORC-20260612-0582,2,2026-06-12 15:46:21,Orchard Central,UND-M-04,Men's Cotton Crew Neck Undershirt,Underwear,Men,14.9,14.9,False,1,14.9,card
PUN-20260612-0459,3,2026-06-12 12:03:16,PUNGGOL,SOK-W-03,Women's Airism Low-Cut Socks,Socks,Women,5.9,5.9,False,1,5.9,Card
BUG-20260612-0105,2,2026-06-12 18:58:13,Bugis,UND-W-02,Women's Wireless Bra,Underwear,Women,29.9,29.9,False,1,29.9,Card
ORC-20260612-0115,1,2026-06-12 14:49:48,Orchard Central,SOK-W-02,Women's Pile Crew Socks,Socks,Women,5.9,5.9,False,1,5.9,PayNow
PUN-20260612-0017,2,2026-06-12 17:48:20,PUNGGOL,SOK-W-04,Women's Ribbed Crew Socks,Socks,WOMEN,5.9,5.9,False,1,5.9,Card
ORC-20260612-0273,3,2026-06-12 12:51:56,  Orchard Central  ,SOK-W-02,Women's Pile Crew Socks,Socks,Women,5.9,5.9,False,1,5.9,PayNow
ORC-20260612-0018,1,2026-06-12 14:27:15,Orchard Central,SOK-M-04,Men's Ribbed Crew Socks,Socks,Men,5.9,5.9,False,1,5.9,PayNow
ORC-20260612-0034,2,2026-06-12 20:24:50,ORCHARD CENTRAL,SOK-W-04,Women's Ribbed Crew Socks,Socks,Women,5.9,5.9,False,1,5.9,Card
BUG-20260612-0588,1,2026-06-12 21:13:40,BUGIS,BTM-M-03,Men's Selvedge Regular Fit Jeans,Bottoms,Men,59.9,59.9,False,1,59.9,Card
BUG-20260612-0310,1,2026-06-12 21:09:34,Bugis,UND-W-03,Women's Cotton Blend Briefs,Underwear,Women,9.9,9.9,False,1,9.9,Cash
ORC-20260612-0286,2,2026-06-12 20:11:50,Orchard Central,UND-W-03,Women's Cotton Blend Briefs,Underwear,Women,9.9,9.9,False,1,9.9,Card
ORC-20260612-0336,1,2026-06-12 20:01:22,Orchard Central,SOK-W-08,Women's Lace Trim Ankle Socks,Socks,Women,5.9,5.9,False,1,5.9,Card
ORC-20260612-1187,2,2026-06-12 19:41:36,Orchard Central,UND-W-01,Women's Airism Bikini Shorts,Underwear,Women,9.9,9.9,False,1,9.9,PayNow
ORC-20260612-0322,2,2026-06-12 18:16:08,  Orchard Central  ,TOP-W-04,Women's Heattech Crew Neck Long Sleeve Tee,Tops,Women,14.9,14.9,False,1,14.9,Card
BUG-20260612-1011,3,2026-06-12 16:44:43,Bugis,SOK-W-02,  Women's Pile Crew Socks  ,Socks,Women,5.9,5.9,False,1,5.9,PayNow
PUN-20260612-0631,1,2026-06-12 19:47:39,Punggol,BTM-M-03,Men's Selvedge Regular Fit Jeans,Bottoms,men,59.9,59.9,False,1,59.9,Card
ORC-20260612-0239,2,2026-06-12 21:44:03,Orchard Central,UND-W-01,Women's Airism Bikini Shorts,Underwear,Women,9.9,9.9,False,1,9.9,Card
BUG-20260612-0711,2,2026-06-12 18:39:44,Bugis,SOK-M-02,Men's Pile Crew Socks,Socks,Men,5.9,5.9,False,1,5.9,NETS
ORC-20260612-0406,3,2026-06-12 18:44:29,  Orchard Central  ,TOP-W-04,Women's Heattech Crew Neck Long Sleeve Tee,Tops,Women,14.9,14.9,False,1,14.9,Card
PUN-20260612-0017,1,2026-06-12 17:48:20,  Punggol  ,UND-W-09,Women's Cotton Boyshorts,UNDERWEAR,Women,9.9,9.9,False,1,9.9,CARD
BUG-20260612-0342,1,2026-06-12 13:38:16,bugis,SOK-W-01,Women's Ankle Socks 3-Pack,Socks,Women,14.9,14.9,False,2,29.8,Card
ORC-20260612-0614,1,2026-06-12 19:20:56,Orchard Central,TOP-W-03,Women's Silky Satin Blouse,TOPS,women,39.9,39.9,False,1,39.9,CARD
BUG-20260612-0334,1,2026-06-12 18:52:56,Bugis,UND-W-03,Women's Cotton Blend Briefs,Underwear,Women,9.9,9.9,False,2,19.8,NETS
PUN-20260612-0278,2,2026-06-12 20:17:48,Punggol,UND-W-02,Women's Wireless Bra,underwear,Women,29.9,29.9,False,1,29.9,Card
BUG-20260612-0489,2,2026-06-12 21:13:00,Bugis,BTM-M-02,Men's Slim Fit Chino Trousers,BOTTOMS,Men,29.9,29.9,False,1,29.9,Card
ORC-20260612-0182,1,2026-06-12 14:41:15,Orchard Central,SOK-W-02,Women's Pile Crew Socks,Socks,Women,5.9,5.9,False,1,5.9,Card
ORC-20260612-0468,1,2026-06-12 20:07:03,Orchard Central,SOK-M-02,Men's Pile Crew Socks,Socks,Men,5.9,5.9,False,1,5.9,PayNow
BUG-20260612-0986,1,2026-06-12 18:27:29,  Bugis  ,SOK-W-02,Women's Pile Crew Socks,Socks,Women,$5.9,5.9,False,1,5.9,Cash
BUG-20260612-0822,2,2026-06-12 19:16:15,Bugis,BTM-W-01,Women's Ultra Stretch Skinny Jeans,Bottoms,Women,39.9,39.9,False,1,$39.9,NETS
ORC-20260612-0933,1,2026-06-12 21:22:17,Orchard Central,BTM-W-03,Women's Ezy Ankle Pants,Bottoms,Women,29.9,29.9,False,1,29.9,Card
ORC-20260612-1056,3,2026-06-12 21:00:37,  Orchard Central  ,SOK-W-04,Women's Ribbed Crew Socks,Socks,Women,5.9,5.9,False,1,5.9,
PUN-20260612-0177,3,2026-06-12 19:19:21,PUNGGOL,UND-W-01,Women's Airism Bikini Shorts,Underwear,Women,9.9,9.9,False,1,9.9,PAYNOW
BUG-20260612-0544,1,2026-06-12 12:53:59,  Bugis  ,SOK-M-04,  Men's Ribbed Crew Socks  ,Socks,Men,5.9,5.9,False,1,5.9,NETS
BUG-20260612-0091,1,2026-06-12 21:28:52,Bugis,SOK-M-04,Men's Ribbed Crew Socks,Socks,Men,5.9,5.9,False,2,11.8,Cash
ORC-20260612-0569,1,2026-06-12 20:56:37,Orchard Central,BTM-M-08,Men's Relaxed Fit Denim Shorts,Bottoms,Men,29.9,29.9,False,1,29.9,PayNow
BUG-20260612-0158,2,2026-06-12 19:40:43,Bugis,UND-W-03,Women's Cotton Blend Briefs,Underwear,Women,9.9,9.9,False,1,9.9,Card
BUG-20260612-1121,1,2026-06-12 15:18:29,Bugis,BTM-M-07,Men's Smart Ankle Pants,Bottoms,Men,39.9,39.9,False,1,39.9,NETS
PUN-20260612-0152,3,2026-06-12 21:18:03,punggol,UND-M-01,Men's Airism Boxer Briefs,Underwear,Men,14.9,14.9,False,1,14.9,PAYNOW
PUN-20260612-0074,2,2026-06-12 19:58:33,Punggol,SOK-W-01,Women's Ankle Socks 3-Pack,Socks,Women,14.9,14.9,False,2,29.8,Cash
ORC-20260612-0219,2,2026-06-12 14:44:56,  Orchard Central  ,SOK-M-02,Men's Pile Crew Socks,Socks,Men,5.9,5.9,False,1,5.9,Card
PUN-20260612-0781,1,2026-06-12 22:45:35,Punggol,SOK-W-04,Women's Ribbed Crew Socks,Socks,Women,5.9,5.9,False,1,5.9,Cash
BUG-20260612-0938,1,2026-06-12 21:21:33,Bugis,SOK-W-03,Women's Airism Low-Cut Socks,Socks,Women,5.9,5.9,False,2,11.8,Card
BUG-20260612-0509,2,2026-06-12 20:13:21,Bugis,UND-M-01,Men's Airism Boxer Briefs,Underwear,Men,14.9,14.9,False,1,14.9,Card
ORC-20260612-0257,3,2026-06-12 14:54:01,  Orchard Central  ,BTM-W-04,Women's Denim Straight Jeans,BOTTOMS,Women,49.9,49.9,False,1,49.9,Cash
BUG-20260612-0005,1,2026-06-12 11:30:56,Bugis,TOP-W-02,Women's Ribbed Long Sleeve Turtleneck,Tops,Women,19.9,19.9,False,1,19.9,PayNow
ORC-20260612-0025,1,2026-06-12 15:19:29,Orchard Central,TOP-M-03,Men's Dry-EX Crew Neck T-Shirt,Tops,Men,19.9,19.9,False,1,19.9,Card
ORC-20260612-0649,1,2026-06-12 16:16:32,Orchard Central,UND-W-02,Women's Wireless Bra,Underwear,Women,29.9,29.9,False,1,29.9,Card
ORC-20260612-0955,1,2026-06-12 11:37:05,Orchard Central,SOK-W-02,Women's Pile Crew Socks,socks,Women,5.9,5.9,False,1,5.9,NETS
BUG-20260612-0728,1,2026-06-12 21:46:22,Bugis,TOP-M-02,Men's Supima Cotton Polo Shirt,TOPS,Men,29.9,29.9,False,1,29.9,CARD
BUG-20260612-1051,1,2026-06-12 18:25:47,  Bugis  ,TOP-W-04,Women's Heattech Crew Neck Long Sleeve Tee,Tops,Women,14.9,14.9,False,1,14.9,card
BUG-20260612-0250,2,2026-06-12 14:23:10,Bugis,SOK-M-04,Men's Ribbed Crew Socks,Socks,Men,5.9,5.9,False,1,5.9,Card
PUN-20260612-0802,1,2026-06-12 19:03:40,Punggol,BTM-W-04,Women's Denim Straight Jeans,Bottoms,Women,49.9,49.9,False,1,49.9,Cash
ORC-20260612-1055,1,2026-06-12 20:37:03,Orchard Central,SOK-M-04,Men's Ribbed Crew Socks,Socks,Men,5.9,5.9,False,1,5.9,PayNow
BUG-20260612-0471,1,2026-06-12 20:20:18,Bugis,SOK-M-04,Men's Ribbed Crew Socks,Socks,Men,5.9,5.9,False,1,5.9,Cash
ORC-20260612-1242,1,2026-06-12 21:01:40,Orchard Central,TOP-W-01,Women's Airism Cotton Crew Neck T-Shirt,Tops,Women,14.9,14.9,False,1,$14.9,
ORC-20260612-1148,2,2026-06-12 12:47:10,Orchard Central,UND-M-02,Men's Cotton Blend Trunks,Underwear,Men,14.9,14.9,False,1,14.9,Card
BUG-20260612-0659,3,2026-06-12 13:34:10,Bugis,UND-M-04,Men's Cotton Crew Neck Undershirt,underwear,Men,14.9,14.9,False,1,14.9,NETS
BUG-20260612-1182,3,2026-06-12 20:35:35,Bugis,UND-W-09,Women's Cotton Boyshorts,Underwear,women,9.9,9.9,False,1,9.9,PayNow
ORC-20260612-0599,1,2026-06-12 20:12:04,Orchard Central,SOK-W-02,Women's Pile Crew Socks,Socks,Women,5.9,5.9,False,1,5.9,Cash
BUG-20260612-0797,1,2026-06-12 17:56:08,BUGIS,BTM-W-02,Women's High-Rise Wide Leg Pants,Bottoms,Women,39.9,39.9,False,1,39.9,Card
ORC-20260612-0995,3,2026-06-12 20:51:12,Orchard Central,UND-M-01,Men's Airism Boxer Briefs,UNDERWEAR,men,14.9,14.9,False,1,14.9,PayNow
BUG-20260612-0354,3,2026-06-12 21:54:56,BUGIS,SOK-W-04,Women's Ribbed Crew Socks,Socks,Women,5.9,5.9,False,1,5.9,NETS
BUG-20260612-0759,1,2026-06-12 13:47:54,Bugis,SOK-M-03,Men's Airism Low-Cut Socks,Socks,Men,5.9,5.9,False,1,5.9,PayNow
ORC-20260612-0176,1,2026-06-12 13:27:53,Orchard Central,UND-M-01,Men's Airism Boxer Briefs,Underwear,Men,14.9,14.9,False,1,14.9,PayNow
ORC-20260612-0880,1,2026-06-12 21:22:55,  Orchard Central  ,UND-W-03,Women's Cotton Blend Briefs,Underwear,women,9.9,9.9,False,1,9.9,NETS
ORC-20260612-0476,3,2026-06-12 18:19:29,Orchard Central,SOK-M-04,Men's Ribbed Crew Socks,Socks,Men,5.9,5.9,False,1,5.9,Card
ORC-20260612-1303,3,2026-06-12 19:01:38,Orchard Central,BTM-M-03,Men's Selvedge Regular Fit Jeans,Bottoms,Men,59.9,59.9,False,1,$59.9,PayNow
PUN-20260612-0691,2,2026-06-12 22:24:57,Punggol,UND-M-08,Men's Airism V-Neck Undershirt,Underwear,men,9.9,9.9,False,1,9.9,NETS
ORC-20260612-0517,2,2026-06-12 11:00:23,Orchard Central,SOK-M-02,Men's Pile Crew Socks,Socks,Men,5.9,5.9,False,1,5.9,NETS
PUN-20260612-0694,1,2026-06-12 16:11:32,Punggol,UND-W-07,Women's Heattech Camisole,Underwear,Women,14.9,14.9,False,1,14.9,card
ORC-20260612-0730,2,2026-06-12 16:23:46,  Orchard Central  ,SOK-M-02,Men's Pile Crew Socks,Socks,Men,$5.9,5.9,False,1,5.9,Card
ORC-20260612-0030,1,2026-06-12 17:36:33,Orchard Central,SOK-W-01,Women's Ankle Socks 3-Pack,Socks,Women,14.9,14.9,False,1,14.9,Cash
BUG-20260612-0955,1,2026-06-12 12:36:10,Bugis,SOK-W-04,Women's Ribbed Crew Socks,Socks,Women,5.9,5.9,False,2,11.8,Card
ORC-20260612-1123,2,2026-06-12 11:42:03,  ORCHARD CENTRAL  ,SOK-W-02,Women's Pile Crew Socks,Socks,Women,5.9,5.9,False,1,5.9,Card
PUN-20260612-0050,1,2026-06-12 20:19:14,Punggol,UND-W-09,Women's Cotton Boyshorts,Underwear,Women,9.9,9.9,False,1,9.9,Card
BUG-20260612-0223,1,2026-06-12 17:25:20,  Bugis  ,BTM-M-04,Men's Dry Stretch Shorts,Bottoms,Men,19.9,19.9,False,1,19.9,Cash
ORC-20260612-0876,2,2026-06-12 19:44:18,Orchard Central,SOK-W-04,Women's Ribbed Crew Socks,socks,Women,$5.9,5.9,False,1,5.9,Cash
ORC-20260612-0861,2,2026-06-12 12:21:15,Orchard Central,SOK-W-08,Women's Lace Trim Ankle Socks,Socks,Women,5.9,5.9,False,2,11.8,CARD
ORC-20260612-0879,1,2026-06-12 21:37:32,Orchard Central,SOK-W-03,Women's Airism Low-Cut Socks,Socks,women,5.9,5.9,False,1,5.9,Card
ORC-20260612-0418,2,2026-06-12 12:48:49,Orchard Central,SOK-W-04,Women's Ribbed Crew Socks,socks,WOMEN,5.9,5.9,False,1,5.9,Cash
BUG-20260612-0818,1,2026-06-12 19:48:02,Bugis,SOK-W-03,Women's Airism Low-Cut Socks,socks,women,5.9,5.9,False,2,11.8,Card
ORC-20260612-0081,1,2026-06-12 13:25:02,Orchard Central,SOK-W-02,Women's Pile Crew Socks,Socks,Women,5.9,5.9,False,1,5.9,CARD
BUG-20260612-0808,1,2026-06-12 20:07:19,Bugis,SOK-W-04,Women's Ribbed Crew Socks,Socks,Women,5.9,5.9,False,1,5.9,Card
BUG-20260612-0404,2,2026-06-12 20:27:38,Bugis,SOK-W-04,Women's Ribbed Crew Socks,Socks,Women,5.9,5.9,False,1,5.9,Card
PUN-20260612-0801,2,2026-06-12 21:48:41,Punggol,SOK-W-02,Women's Pile Crew Socks,SOCKS,Women,5.9,5.9,False,1,5.9,PayNow
BUG-20260612-0839,1,2026-06-12 15:44:59,Bugis,SOK-M-04,  Men's Ribbed Crew Socks  ,Socks,Men,5.9,5.9,False,1,5.9,Card
ORC-20260612-0718,2,2026-06-12 20:11:08,Orchard Central,SOK-W-02,Women's Pile Crew Socks,Socks,Women,5.9,5.9,False,2,11.8,Card
ORC-20260612-1109,1,2026-06-12 12:03:32,Orchard Central,UND-M-10,Men's Cotton Blend Briefs,Underwear,Men,7.42,9.9,True,1,7.42,PayNow
BUG-20260612-1158,2,2026-06-12 18:13:06,Bugis,UND-W-04,Women's Airism T-Shirt Bra,Underwear,Women,29.9,29.9,False,1,29.9,
PUN-20260612-0209,2,2026-06-12 20:18:14,Punggol,SOK-W-02,Women's Pile Crew Socks,socks,Women,5.9,5.9,False,1,5.9,Card
BUG-20260612-0065,1,2026-06-12 18:47:01,Bugis,SOK-M-04,Men's Ribbed Crew Socks,Socks,Men,5.9,5.9,False,2,11.8,Card
ORC-20260612-0157,1,2026-06-12 19:06:19,Orchard Central,SOK-M-04,Men's Ribbed Crew Socks,socks,Men,5.9,5.9,False,1,5.9,Card
PUN-20260612-0269,3,2026-06-12 17:56:37,Punggol,TOP-M-04,Men's Oxford Long Sleeve Shirt,Tops,MEN,29.9,29.9,False,1,29.9,
PUN-20260612-0332,1,2026-06-12 21:36:56,PUNGGOL,SOK-M-04,Men's Ribbed Crew Socks,Socks,MEN,5.9,5.9,False,1,5.9,NETS
BUG-20260612-0419,3,2026-06-12 18:14:25,Bugis,UND-W-08,Women's Airism Camisole,Underwear,WOMEN,14.9,14.9,False,1,14.9,Card
PUN-20260612-0471,1,2026-06-12 19:49:53,Punggol,SOK-W-04,Women's Ribbed Crew Socks,Socks,Women,5.9,5.9,False,1,5.9,Cash
BUG-20260612-0273,2,2026-06-12 17:45:16,Bugis,SOK-W-01,Women's Ankle Socks 3-Pack,Socks,Women,14.9,14.9,False,1,14.9,NETS
BUG-20260612-0647,1,2026-06-12 21:29:40,Bugis,SOK-W-03,Women's Airism Low-Cut Socks,Socks,Women,5.9,5.9,False,1,5.9,Cash
ORC-20260612-0481,2,2026-06-12 16:02:13,Orchard Central,UND-M-10,Men's Cotton Blend Briefs,Underwear,Men,7.42,9.9,True,1,7.42,Card
BUG-20260612-0704,2,2026-06-12 19:24:32,Bugis,SOK-M-05,Men's Sport Ankle Socks,Socks,Men,5.9,5.9,False,1,5.9,nets
ORC-20260612-0124,1,2026-06-12 20:59:41,Orchard Central,SOK-M-01,Men's Ankle Socks 3-Pack,Socks,men,14.9,14.9,False,1,14.9,PayNow
ORC-20260612-0265,1,2026-06-12 16:34:12,Orchard Central,UND-M-10,Men's Cotton Blend Briefs,Underwear,Men,7.42,9.9,True,1,7.42,PayNow
ORC-20260612-0993,3,2026-06-12 21:22:53,Orchard Central,SOK-W-01,Women's Ankle Socks 3-Pack,Socks,Women,14.9,14.9,False,1,14.9,Cash
ORC-20260612-0422,1,2026-06-12 22:10:53,  Orchard Central  ,SOK-W-04,Women's Ribbed Crew Socks,Socks,Women,5.9,5.9,False,2,11.8,Cash
ORC-20260612-0859,2,2026-06-12 18:28:02,Orchard Central,SOK-W-02,Women's Pile Crew Socks,Socks,Women,5.9,5.9,False,1,5.9,PayNow
ORC-20260612-0339,2,2026-06-12 22:57:38,Orchard Central,UND-W-02,Women's Wireless Bra,Underwear,Women,29.9,29.9,False,1,29.9,Card
BUG-20260612-0453,1,2026-06-12 20:15:15,Bugis,SOK-M-04,  Men's Ribbed Crew Socks  ,Socks,Men,5.9,5.9,False,2,11.8,Card
PUN-20260612-0493,1,2026-06-12 15:27:20,Punggol,TOP-W-01,Women's Airism Cotton Crew Neck T-Shirt,Tops,Women,14.9,14.9,False,1,14.9,Card
BUG-20260612-0484,3,2026-06-12 21:52:11,Bugis,SOK-W-04,Women's Ribbed Crew Socks,Socks,WOMEN,5.9,5.9,False,1,5.9,Card
ORC-20260612-0112,3,2026-06-12 13:41:24,Orchard Central,UND-W-03,Women's Cotton Blend Briefs,Underwear,women,9.9,9.9,False,1,9.9,Card
ORC-20260612-0325,1,2026-06-12 16:43:01,ORCHARD CENTRAL,BTM-M-01,Men's Ezy Ankle Pants,Bottoms,Men,29.9,29.9,False,1,29.9,PayNow
ORC-20260612-0447,1,2026-06-12 16:27:29,Orchard Central,SOK-M-02,  Men's Pile Crew Socks  ,Socks,Men,5.9,5.9,False,1,5.9,
BUG-20260612-0344,3,2026-06-12 19:59:38,Bugis,SOK-M-02,Men's Pile Crew Socks,Socks,Men,5.9,5.9,False,1,5.9,Card
ORC-20260612-0333,1,2026-06-12 21:59:54,Orchard Central,SOK-W-02,Women's Pile Crew Socks,Socks,Women,5.9,5.9,False,1,5.9,NETS
PUN-20260612-0209,1,2026-06-12 20:18:14,Punggol,SOK-W-02,Women's Pile Crew Socks,Socks,Women,5.9,5.9,False,1,5.9,Card
ORC-20260612-1134,3,2026-06-12 19:45:34,Orchard Central,TOP-M-07,Men's Ultra Light Down Jacket,Tops,Men,55.24,79.9,True,1,55.24,PayNow
ORC-20260612-0491,2,2026-06-12 20:28:02,Orchard Central,SOK-W-03,Women's Airism Low-Cut Socks,Socks,WOMEN,5.9,5.9,False,1,5.9,Card
BUG-20260612-0778,2,2026-06-12 20:38:55,Bugis,TOP-W-01,Women's Airism Cotton Crew Neck T-Shirt,TOPS,women,14.9,14.9,False,1,14.9,PayNow
ORC-20260612-0617,1,2026-06-12 20:41:30,Orchard Central,TOP-W-02,Women's Ribbed Long Sleeve Turtleneck,tops,Women,19.9,19.9,False,1,19.9,CASH
BUG-20260612-0152,2,2026-06-12 19:11:08,  Bugis  ,SOK-W-06,Women's Heattech Socks,Socks,Women,9.9,9.9,False,2,19.8,Card
PUN-20260612-0120,1,2026-06-12 19:32:37,Punggol,SOK-M-03,Men's Airism Low-Cut Socks,Socks,Men,5.9,5.9,False,1,5.9,Cash
ORC-20260612-1147,2,2026-06-12 18:50:24,Orchard Central,TOP-W-01,Women's Airism Cotton Crew Neck T-Shirt,Tops,Women,$14.9,14.9,False,1,14.9,PayNow
ORC-20260612-0479,2,2026-06-12 12:45:53,  Orchard Central  ,UND-M-02,Men's Cotton Blend Trunks,underwear,Men,14.9,14.9,False,1,14.9,Card
ORC-20260612-0973,3,2026-06-12 21:31:59,Orchard Central,TOP-W-02,  Women's Ribbed Long Sleeve Turtleneck  ,Tops,Women,19.9,19.9,False,1,19.9,Cash
BUG-20260612-0726,2,2026-06-12 20:50:22,bugis,UND-M-02,Men's Cotton Blend Trunks,Underwear,Men,14.9,14.9,False,1,14.9,Cash
PUN-20260612-0321,1,2026-06-12 18:43:25,  Punggol  ,SOK-M-02,Men's Pile Crew Socks,Socks,Men,5.9,5.9,False,1,$5.9,Cash
ORC-20260612-0644,1,2026-06-12 13:25:56,ORCHARD CENTRAL,SOK-W-04,Women's Ribbed Crew Socks,Socks,Women,5.9,5.9,False,1,5.9,Card
ORC-20260612-0136,2,2026-06-12 13:59:15,  Orchard Central  ,SOK-W-02,Women's Pile Crew Socks,Socks,Women,5.9,5.9,False,1,5.9,Card
PUN-20260612-0599,1,2026-06-12 21:44:05,Punggol,TOP-W-04,Women's Heattech Crew Neck Long Sleeve Tee,Tops,Women,14.9,14.9,False,1,14.9,Nets
ORC-20260612-0035,3,2026-06-12 20:18:45,Orchard Central,SOK-W-01,  Women's Ankle Socks 3-Pack  ,Socks,Women,14.9,14.9,False,1,14.9,Card
BUG-20260612-1014,1,2026-06-12 21:37:47,Bugis,TOP-W-03,Women's Silky Satin Blouse,Tops,Women,39.9,39.9,False,1,39.9,PayNow
PUN-20260612-0502,2,2026-06-12 21:22:25,Punggol,SOK-M-02,Men's Pile Crew Socks,Socks,Men,5.9,5.9,False,1,5.9,Card
BUG-20260612-0412,2,2026-06-12 21:10:54,Bugis,SOK-M-04,Men's Ribbed Crew Socks,Socks,Men,5.9,5.9,False,1,5.9,PayNow
BUG-20260612-0967,1,2026-06-12 21:23:03,Bugis,TOP-M-02,Men's Supima Cotton Polo Shirt,tops,Men,29.9,29.9,False,1,29.9,PayNow
ORC-20260612-0899,1,2026-06-12 17:24:21,Orchard Central,SOK-M-02,Men's Pile Crew Socks,Socks,Men,5.9,5.9,False,1,5.9,Cash
BUG-20260612-0761,1,2026-06-12 20:26:25,  Bugis  ,SOK-W-04,  Women's Ribbed Crew Socks  ,Socks,Women,5.9,5.9,False,2,11.8,cash
BUG-20260612-0538,2,2026-06-12 11:29:30,Bugis,UND-W-04,Women's Airism T-Shirt Bra,Underwear,women,29.9,29.9,False,1,29.9,PayNow
BUG-20260612-0210,1,2026-06-12 11:37:10,bugis,SOK-M-02,Men's Pile Crew Socks,Socks,Men,5.9,5.9,False,1,5.9,PayNow
ORC-20260612-0167,2,2026-06-12 20:57:32,Orchard Central,SOK-M-01,Men's Ankle Socks 3-Pack,Socks,Men,14.9,14.9,False,1,14.9,Cash
ORC-20260612-0936,1,2026-06-12 20:46:45,Orchard Central,TOP-W-04,Women's Heattech Crew Neck Long Sleeve Tee,Tops,Women,14.9,14.9,False,1,14.9,Card
ORC-20260612-1228,3,2026-06-12 20:08:54,Orchard Central,TOP-M-04,Men's Oxford Long Sleeve Shirt,TOPS,MEN,29.9,29.9,False,1,29.9,PayNow
BUG-20260612-1199,1,2026-06-12 19:11:36,Bugis,SOK-M-01,Men's Ankle Socks 3-Pack,Socks,Men,14.9,14.9,False,1,14.9,PayNow
ORC-20260612-0628,2,2026-06-12 12:28:21,Orchard Central,SOK-W-04,Women's Ribbed Crew Socks,Socks,Women,5.9,5.9,False,1,5.9,PayNow
PUN-20260612-0354,2,2026-06-12 16:09:02,Punggol,TOP-M-04,  Men's Oxford Long Sleeve Shirt  ,Tops,Men,29.9,29.9,False,1,29.9,PayNow
PUN-20260612-0142,3,2026-06-12 20:03:23,Punggol,TOP-M-01,Men's Airism Cotton Crew Neck T-Shirt,Tops,Men,14.9,14.9,False,1,14.9,Cash
ORC-20260612-1044,1,2026-06-12 20:04:33,Orchard Central,SOK-W-03,Women's Airism Low-Cut Socks,Socks,Women,5.9,5.9,False,1,5.9,Cash
BUG-20260612-0726,1,2026-06-12 20:50:22,Bugis,BTM-M-01,Men's Ezy Ankle Pants,Bottoms,Men,29.9,29.9,False,1,29.9,
PUN-20260612-0093,1,2026-06-12 14:59:35,Punggol,SOK-M-01,Men's Ankle Socks 3-Pack,Socks,men,14.9,14.9,False,1,14.9,Card
PUN-20260612-0159,1,2026-06-12 18:08:21,punggol,TOP-W-04,Women's Heattech Crew Neck Long Sleeve Tee,Tops,Women,$14.9,14.9,False,1,14.9,PAYNOW
ORC-20260612-0224,1,2026-06-12 17:06:38,Orchard Central,SOK-W-01,  Women's Ankle Socks 3-Pack  ,Socks,Women,14.9,14.9,False,1,14.9,Cash
PUN-20260612-0420,1,2026-06-12 16:00:41,Punggol,TOP-W-03,Women's Silky Satin Blouse,Tops,Women,39.9,39.9,False,1,39.9,Cash
ORC-20260612-0697,3,2026-06-12 20:27:22,Orchard Central,UND-W-03,Women's Cotton Blend Briefs,Underwear,Women,9.9,9.9,False,1,9.9,CASH
ORC-20260612-0297,2,2026-06-12 18:13:47,  Orchard Central  ,TOP-M-04,Men's Oxford Long Sleeve Shirt,Tops,MEN,29.9,29.9,False,1,29.9,Cash
ORC-20260612-0384,1,2026-06-12 12:29:01,Orchard Central,SOK-M-02,Men's Pile Crew Socks,Socks,Men,5.9,5.9,False,1,5.9,Card
ORC-20260612-0770,3,2026-06-12 19:10:58,Orchard Central,SOK-M-04,  Men's Ribbed Crew Socks  ,Socks,Men,5.9,5.9,False,1,5.9,Card
ORC-20260612-0908,3,2026-06-12 20:25:44,Orchard Central,UND-M-01,Men's Airism Boxer Briefs,Underwear,Men,14.9,14.9,False,1,14.9,PayNow
ORC-20260612-0218,1,2026-06-12 19:54:08,Orchard Central,SOK-W-02,Women's Pile Crew Socks,Socks,Women,5.9,5.9,False,1,5.9,card
PUN-20260612-0770,1,2026-06-12 21:33:15,Punggol,SOK-W-03,Women's Airism Low-Cut Socks,SOCKS,Women,5.9,5.9,False,1,5.9,Card
PUN-20260612-0378,1,2026-06-12 20:30:21,Punggol,SOK-W-04,Women's Ribbed Crew Socks,Socks,women,5.9,5.9,False,1,5.9,cash
BUG-20260612-0485,2,2026-06-12 13:39:35,Bugis,UND-M-01,Men's Airism Boxer Briefs,Underwear,MEN,14.9,14.9,False,1,14.9,Cash
BUG-20260612-1177,2,2026-06-12 22:37:11,Bugis,SOK-W-04,Women's Ribbed Crew Socks,Socks,Women,5.9,5.9,False,1,5.9,PayNow
PUN-20260612-0077,1,2026-06-12 20:59:19,Punggol,SOK-M-04,Men's Ribbed Crew Socks,Socks,Men,$5.9,5.9,False,1,5.9,Card
BUG-20260612-0447,2,2026-06-12 22:03:11,Bugis,SOK-W-04,Women's Ribbed Crew Socks,Socks,Women,5.9,5.9,False,1,5.9,CASH
BUG-20260612-0548,3,2026-06-12 16:16:29,Bugis,SOK-W-03,Women's Airism Low-Cut Socks,Socks,Women,5.9,5.9,False,1,5.9,Cash
PUN-20260612-0023,1,2026-06-12 20:57:12,Punggol,UND-M-02,Men's Cotton Blend Trunks,Underwear,Men,14.9,14.9,False,1,14.9,Cash
BUG-20260612-0399,3,2026-06-12 12:30:23,Bugis,SOK-M-02,  Men's Pile Crew Socks  ,Socks,Men,5.9,5.9,False,1,5.9,Card
ORC-20260612-0457,2,2026-06-12 17:26:51,Orchard Central,SOK-W-01,Women's Ankle Socks 3-Pack,Socks,Women,14.9,14.9,False,1,14.9,card
BUG-20260612-0972,2,2026-06-12 20:20:37,Bugis,BTM-W-02,Women's High-Rise Wide Leg Pants,Bottoms,women,39.9,39.9,False,1,39.9,NETS
BUG-20260612-1110,1,2026-06-12 14:42:41,Bugis,SOK-W-03,Women's Airism Low-Cut Socks,Socks,Women,5.9,5.9,False,1,5.9,paynow
ORC-20260612-0783,2,2026-06-12 20:57:35,  Orchard Central  ,TOP-W-03,Women's Silky Satin Blouse,Tops,Women,39.9,39.9,False,1,39.9,NETS
BUG-20260612-0640,1,2026-06-12 20:39:54,Bugis,TOP-W-04,Women's Heattech Crew Neck Long Sleeve Tee,Tops,Women,14.9,14.9,False,1,14.9,Card
ORC-20260612-0236,1,2026-06-12 19:27:03,Orchard Central,BTM-M-01,Men's Ezy Ankle Pants,Bottoms,Men,29.9,29.9,False,1,29.9,Paynow
BUG-20260612-0388,2,2026-06-12 19:58:08,Bugis,UND-W-03,Women's Cotton Blend Briefs,Underwear,Women,9.9,9.9,False,2,19.8,Card
PUN-20260612-0085,1,2026-06-12 18:05:16,Punggol,SOK-W-10,Women's Wool Blend Socks,Socks,Women,$9.9,9.9,False,1,9.9,Card
ORC-20260612-0428,2,2026-06-12 16:40:33,Orchard Central,SOK-W-04,Women's Ribbed Crew Socks,Socks,Women,5.9,5.9,False,1,5.9,Card
ORC-20260612-0509,1,2026-06-12 19:11:18,Orchard Central,UND-W-01,Women's Airism Bikini Shorts,Underwear,women,9.9,9.9,False,1,9.9,Card
PUN-20260612-0668,2,2026-06-12 19:42:34,Punggol,UND-W-01,Women's Airism Bikini Shorts,Underwear,Women,9.9,9.9,False,2,19.8,Card
BUG-20260612-0257,2,2026-06-12 17:49:49,Bugis,SOK-M-02,Men's Pile Crew Socks,Socks,Men,5.9,5.9,False,1,$5.9,cash
ORC-20260612-0878,2,2026-06-12 19:17:35,Orchard Central,SOK-W-04,Women's Ribbed Crew Socks,Socks,Women,5.9,5.9,False,1,5.9,Card
ORC-20260612-0998,3,2026-06-12 22:44:00,Orchard Central,SOK-M-04,Men's Ribbed Crew Socks,Socks,Men,5.9,5.9,False,1,5.9,Card
ORC-20260612-1222,3,2026-06-12 19:29:50,Orchard Central,BTM-W-03,Women's Ezy Ankle Pants,Bottoms,Women,29.9,29.9,False,1,29.9,Card
PUN-20260612-0564,2,2026-06-12 19:29:27,Punggol,UND-M-02,Men's Cotton Blend Trunks,Underwear,Men,14.9,14.9,False,2,29.8,Card
ORC-20260612-0008,1,2026-06-12 19:08:34,Orchard Central,BTM-M-01,Men's Ezy Ankle Pants,Bottoms,Men,29.9,29.9,False,1,29.9,paynow
PUN-20260612-0810,2,2026-06-12 12:56:20,PUNGGOL,SOK-M-04,Men's Ribbed Crew Socks,SOCKS,Men,5.9,5.9,False,1,$5.9,paynow
BUG-20260612-0875,2,2026-06-12 18:57:18,Bugis,TOP-W-02,Women's Ribbed Long Sleeve Turtleneck,Tops,Women,19.9,19.9,False,1,19.9,CARD
BUG-20260612-0174,2,2026-06-12 14:19:53,Bugis,SOK-M-03,Men's Airism Low-Cut Socks,Socks,Men,5.9,5.9,False,2,11.8,Card
PUN-20260612-0596,1,2026-06-12 14:01:50,Punggol,UND-M-01,Men's Airism Boxer Briefs,Underwear,men,$14.9,14.9,False,1,14.9,PayNow
BUG-20260612-0567,3,2026-06-12 22:16:24,Bugis,UND-M-01,Men's Airism Boxer Briefs,Underwear,Men,$14.9,14.9,False,1,14.9,Card
PUN-20260612-0098,2,2026-06-12 16:06:56,Punggol,UND-W-03,Women's Cotton Blend Briefs,underwear,Women,9.9,9.9,False,2,19.8,Card
BUG-20260612-0318,3,2026-06-12 19:38:37,  Bugis  ,BTM-M-04,Men's Dry Stretch Shorts,Bottoms,Men,19.9,19.9,False,1,19.9,Card
ORC-20260612-1120,1,2026-06-12 14:05:52,Orchard Central,BTM-W-02,Women's High-Rise Wide Leg Pants,Bottoms,Women,39.9,39.9,False,1,39.9,NETS
PUN-20260612-0003,3,2026-06-12 17:41:14,Punggol,SOK-M-03,Men's Airism Low-Cut Socks,Socks,Men,5.9,5.9,False,1,5.9,cash
ORC-20260612-0091,1,2026-06-12 12:24:44,Orchard Central,BTM-W-04,Women's Denim Straight Jeans,Bottoms,Women,49.9,49.9,False,1,49.9,Cash
PUN-20260612-0183,1,2026-06-12 20:02:40,  Punggol  ,TOP-M-04,Men's Oxford Long Sleeve Shirt,Tops,men,29.9,29.9,False,1,29.9,PayNow
BUG-20260612-0777,1,2026-06-12 20:44:42,Bugis,SOK-M-04,Men's Ribbed Crew Socks,SOCKS,Men,5.9,5.9,False,2,11.8,PayNow
BUG-20260612-1230,1,2026-06-12 17:54:01,Bugis,SOK-W-02,Women's Pile Crew Socks,Socks,Women,5.9,5.9,False,1,5.9,Cash
BUG-20260612-0226,1,2026-06-12 20:39:37,  Bugis  ,SOK-M-04,Men's Ribbed Crew Socks,Socks,Men,5.9,5.9,False,1,5.9,PayNow
ORC-20260612-1045,1,2026-06-12 12:16:11,orchard central,UND-W-01,Women's Airism Bikini Shorts,underwear,Women,9.9,9.9,False,1,9.9,Card
BUG-20260612-0395,1,2026-06-12 22:08:06,Bugis,SOK-W-02,Women's Pile Crew Socks,Socks,WOMEN,5.9,5.9,False,1,5.9,PayNow
BUG-20260612-0313,2,2026-06-12 17:04:00,Bugis,UND-W-03,Women's Cotton Blend Briefs,Underwear,Women,9.9,9.9,False,2,19.8,NETS
BUG-20260612-0485,1,2026-06-12 13:39:35,Bugis,SOK-M-02,Men's Pile Crew Socks,Socks,Men,5.9,5.9,False,1,5.9,Cash
ORC-20260612-1177,3,2026-06-12 21:47:35,Orchard Central,TOP-W-02,Women's Ribbed Long Sleeve Turtleneck,Tops,Women,19.9,19.9,False,1,19.9,NETS
BUG-20260612-1043,2,2026-06-12 12:53:59,Bugis,TOP-W-02,Women's Ribbed Long Sleeve Turtleneck,TOPS,Women,19.9,19.9,False,1,19.9,Card
ORC-20260612-0746,1,2026-06-12 12:15:06,Orchard Central,BTM-M-01,Men's Ezy Ankle Pants,Bottoms,Men,29.9,29.9,False,1,29.9,PayNow
PUN-20260612-0705,2,2026-06-12 20:09:21,Punggol,SOK-W-02,Women's Pile Crew Socks,Socks,Women,5.9,5.9,False,1,5.9,PayNow
BUG-20260612-0128,1,2026-06-12 12:11:26,Bugis,SOK-W-02,Women's Pile Crew Socks,Socks,WOMEN,5.9,5.9,False,2,11.8,PayNow
ORC-20260612-1113,1,2026-06-12 13:02:02,Orchard Central,BTM-M-03,Men's Selvedge Regular Fit Jeans,Bottoms,Men,59.9,59.9,False,1,$59.9,Card
BUG-20260612-0002,3,2026-06-12 11:36:31,Bugis,BTM-W-03,Women's Ezy Ankle Pants,Bottoms,Women,29.9,29.9,False,1,29.9,Cash
ORC-20260612-1192,1,2026-06-12 11:16:58,Orchard Central,SOK-W-03,Women's Airism Low-Cut Socks,Socks,Women,5.9,5.9,False,1,5.9,PayNow
BUG-20260612-1028,1,2026-06-12 19:27:48,Bugis,BTM-M-01,Men's Ezy Ankle Pants,Bottoms,Men,29.9,29.9,False,1,29.9,Card
ORC-20260612-0255,2,2026-06-12 20:36:19,Orchard Central,BTM-W-03,Women's Ezy Ankle Pants,Bottoms,Women,29.9,29.9,False,1,29.9,Card
ORC-20260612-0944,1,2026-06-12 17:06:09,Orchard Central,UND-W-01,  Women's Airism Bikini Shorts  ,Underwear,Women,9.9,9.9,False,1,9.9,Card
BUG-20260612-0764,1,2026-06-12 13:44:29,Bugis,BTM-M-04,Men's Dry Stretch Shorts,Bottoms,Men,19.9,19.9,False,1,19.9,NETS
ORC-20260612-0472,2,2026-06-12 17:47:51,  Orchard Central  ,SOK-M-02,Men's Pile Crew Socks,Socks,MEN,5.9,5.9,False,2,11.8,Card
ORC-20260612-0745,2,2026-06-12 21:14:42,Orchard Central,UND-W-02,Women's Wireless Bra,Underwear,Women,29.9,29.9,False,1,29.9,PAYNOW
PUN-20260612-0386,2,2026-06-12 21:48:34,Punggol,SOK-W-08,Women's Lace Trim Ankle Socks,SOCKS,Women,5.9,5.9,False,1,5.9,Card
BUG-20260612-0457,1,2026-06-12 15:39:17,Bugis,BTM-W-02,Women's High-Rise Wide Leg Pants,Bottoms,Women,39.9,39.9,False,1,39.9,PayNow
ORC-20260612-0089,1,2026-06-12 16:44:05,ORCHARD CENTRAL,TOP-W-01,Women's Airism Cotton Crew Neck T-Shirt,Tops,Women,14.9,14.9,False,1,14.9,Nets
BUG-20260612-1126,1,2026-06-12 19:38:17,Bugis,SOK-W-03,Women's Airism Low-Cut Socks,Socks,Women,5.9,5.9,False,1,5.9,PayNow
ORC-20260612-0126,1,2026-06-12 16:12:54,Orchard Central,SOK-M-03,Men's Airism Low-Cut Socks,SOCKS,Men,5.9,5.9,False,1,5.9,Card
ORC-20260612-1259,1,2026-06-12 18:37:24,Orchard Central,SOK-W-01,Women's Ankle Socks 3-Pack,Socks,Women,14.9,14.9,False,1,$14.9,PayNow
BUG-20260612-0082,1,2026-06-12 16:58:38,Bugis,UND-M-01,  Men's Airism Boxer Briefs  ,Underwear,Men,14.9,14.9,False,1,14.9,Card
ORC-20260612-1114,1,2026-06-12 17:05:14,Orchard Central,SOK-W-04,Women's Ribbed Crew Socks,Socks,Women,5.9,5.9,False,1,5.9,Card
ORC-20260612-0560,1,2026-06-12 22:43:15,Orchard Central,SOK-M-02,Men's Pile Crew Socks,Socks,Men,5.9,5.9,False,1,5.9,PayNow
BUG-20260612-0814,2,2026-06-12 16:05:00,Bugis,UND-M-04,Men's Cotton Crew Neck Undershirt,underwear,Men,14.9,14.9,False,1,14.9,PayNow
PUN-20260612-0370,3,2026-06-12 12:25:14,Punggol,SOK-W-02,Women's Pile Crew Socks,SOCKS,Women,5.9,5.9,False,2,11.8,Cash
BUG-20260612-0987,2,2026-06-12 21:13:45,  Bugis  ,UND-M-04,Men's Cotton Crew Neck Undershirt,Underwear,Men,14.9,14.9,False,1,14.9,Card
ORC-20260612-0043,3,2026-06-12 18:24:16,Orchard Central,BTM-W-02,Women's High-Rise Wide Leg Pants,Bottoms,women,39.9,39.9,False,1,39.9,Card
ORC-20260612-1110,3,2026-06-12 21:15:55,Orchard Central,UND-W-03,Women's Cotton Blend Briefs,Underwear,Women,9.9,9.9,False,1,9.9,Card
BUG-20260612-0703,2,2026-06-12 22:26:40,  Bugis  ,UND-M-04,Men's Cotton Crew Neck Undershirt,Underwear,Men,14.9,14.9,False,2,29.8,Cash
PUN-20260612-0001,2,2026-06-12 20:34:29,Punggol,SOK-M-04,Men's Ribbed Crew Socks,Socks,Men,5.9,5.9,False,1,5.9,Card
BUG-20260612-0260,2,2026-06-12 16:07:59,Bugis,SOK-W-02,Women's Pile Crew Socks,Socks,women,5.9,5.9,False,1,5.9,Card
BUG-20260612-0954,1,2026-06-12 22:33:47,Bugis,SOK-W-04,Women's Ribbed Crew Socks,Socks,Women,5.9,5.9,False,1,5.9,PayNow
BUG-20260612-0314,1,2026-06-12 22:52:56,Bugis,TOP-W-04,Women's Heattech Crew Neck Long Sleeve Tee,Tops,Women,14.9,14.9,False,1,14.9,Card
BUG-20260612-1070,3,2026-06-12 16:48:08,  Bugis  ,SOK-W-02,Women's Pile Crew Socks,Socks,Women,5.9,5.9,False,1,5.9,Card
PUN-20260612-0094,2,2026-06-12 19:15:24,punggol,TOP-W-01,  Women's Airism Cotton Crew Neck T-Shirt  ,Tops,Women,14.9,14.9,False,1,14.9,Card
ORC-20260612-0457,3,2026-06-12 17:26:51,  Orchard Central  ,TOP-W-08,Women's Puff Sleeve Blouse,TOPS,Women,$20.35,29.9,True,1,20.35,Card
ORC-20260612-0134,1,2026-06-12 20:07:05,Orchard Central,UND-W-04,Women's Airism T-Shirt Bra,Underwear,Women,29.9,29.9,False,1,29.9,Card
ORC-20260612-0697,1,2026-06-12 20:27:22,Orchard Central,SOK-W-02,Women's Pile Crew Socks,Socks,Women,5.9,5.9,False,1,5.9,Cash
BUG-20260612-0602,2,2026-06-12 12:02:19,Bugis,SOK-M-05,Men's Sport Ankle Socks,Socks,Men,5.9,5.9,False,1,5.9,Cash
BUG-20260612-1113,1,2026-06-12 16:25:01,Bugis,TOP-W-04,Women's Heattech Crew Neck Long Sleeve Tee,Tops,women,14.9,14.9,False,1,14.9,PayNow
BUG-20260612-0716,1,2026-06-12 18:00:26,Bugis,TOP-W-01,  Women's Airism Cotton Crew Neck T-Shirt  ,Tops,Women,14.9,14.9,False,1,14.9,PayNow
BUG-20260612-1005,3,2026-06-12 19:44:05,Bugis,SOK-M-04,Men's Ribbed Crew Socks,Socks,Men,5.9,5.9,False,1,5.9,Cash
BUG-20260612-0139,3,2026-06-12 22:00:46,Bugis,SOK-W-02,Women's Pile Crew Socks,socks,Women,5.9,5.9,False,1,5.9,Card
PUN-20260612-0340,1,2026-06-12 13:17:10,punggol,UND-W-04,Women's Airism T-Shirt Bra,UNDERWEAR,Women,29.9,29.9,False,1,29.9,PayNow
PUN-20260612-0132,2,2026-06-12 11:40:00,Punggol,UND-M-08,Men's Airism V-Neck Undershirt,Underwear,Men,9.9,9.9,False,1,9.9,PayNow
ORC-20260612-0299,1,2026-06-12 13:28:50,orchard central,SOK-M-04,  Men's Ribbed Crew Socks  ,Socks,Men,5.9,5.9,False,1,5.9,Cash
BUG-20260612-0907,2,2026-06-12 19:37:31,Bugis,UND-W-09,Women's Cotton Boyshorts,Underwear,Women,9.9,9.9,False,1,9.9,Card
BUG-20260612-0145,2,2026-06-12 19:29:44,Bugis,UND-W-08,Women's Airism Camisole,UNDERWEAR,WOMEN,14.9,14.9,False,1,$14.9,Card
BUG-20260612-0820,1,2026-06-12 19:47:03,Bugis,UND-W-04,Women's Airism T-Shirt Bra,Underwear,Women,29.9,29.9,False,1,29.9,PayNow
BUG-20260612-0761,2,2026-06-12 20:26:25,Bugis,TOP-W-04,Women's Heattech Crew Neck Long Sleeve Tee,Tops,Women,14.9,14.9,False,1,14.9,Cash
ORC-20260612-0259,2,2026-06-12 18:54:29,Orchard Central,UND-W-03,Women's Cotton Blend Briefs,UNDERWEAR,Women,9.9,9.9,False,1,9.9,Card
BUG-20260612-1221,2,2026-06-12 21:40:45,Bugis,TOP-M-04,Men's Oxford Long Sleeve Shirt,Tops,Men,29.9,29.9,False,1,29.9,Card
ORC-20260612-1212,1,2026-06-12 20:50:29,Orchard Central,UND-M-01,Men's Airism Boxer Briefs,Underwear,Men,14.9,14.9,False,1,14.9,NETS
PUN-20260612-0811,2,2026-06-12 20:29:02,Punggol,BTM-W-03,Women's Ezy Ankle Pants,Bottoms,Women,29.9,29.9,False,1,29.9,PayNow
BUG-20260612-0343,1,2026-06-12 19:50:17,Bugis,SOK-W-03,Women's Airism Low-Cut Socks,Socks,Women,5.9,5.9,False,1,5.9,Card
ORC-20260612-0436,3,2026-06-12 16:01:21,Orchard Central,UND-M-02,Men's Cotton Blend Trunks,Underwear,Men,14.9,14.9,False,2,29.8,Paynow
ORC-20260612-1266,1,2026-06-12 15:32:59,  Orchard Central  ,SOK-M-02,Men's Pile Crew Socks,Socks,men,5.9,5.9,False,2,11.8,Card
PUN-20260612-0637,1,2026-06-12 19:14:09,Punggol,SOK-M-04,Men's Ribbed Crew Socks,socks,Men,5.9,5.9,False,1,5.9,PayNow
PUN-20260612-0286,1,2026-06-12 21:23:18,Punggol,SOK-W-02,Women's Pile Crew Socks,Socks,Women,5.9,5.9,False,1,5.9,Card
PUN-20260612-0692,2,2026-06-12 11:38:40,Punggol,UND-W-03,Women's Cotton Blend Briefs,Underwear,Women,9.9,9.9,False,1,9.9,NETS
ORC-20260612-0675,2,2026-06-12 19:12:39,  Orchard Central  ,SOK-W-01,Women's Ankle Socks 3-Pack,Socks,Women,14.9,14.9,False,1,14.9,Card
BUG-20260612-1061,2,2026-06-12 19:26:33,Bugis,SOK-M-04,Men's Ribbed Crew Socks,Socks,Men,5.9,5.9,False,1,5.9,nets
BUG-20260612-0480,2,2026-06-12 17:05:28,bugis,UND-M-04,Men's Cotton Crew Neck Undershirt,Underwear,Men,14.9,14.9,False,1,14.9,Paynow
PUN-20260612-0816,1,2026-06-12 14:16:02,  Punggol  ,SOK-M-03,Men's Airism Low-Cut Socks,Socks,Men,5.9,5.9,False,1,5.9,PayNow
ORC-20260612-0609,1,2026-06-12 19:48:39,Orchard Central,SOK-M-04,Men's Ribbed Crew Socks,Socks,Men,5.9,5.9,False,2,11.8,PayNow
BUG-20260612-0921,1,2026-06-12 17:55:10,Bugis,SOK-M-03,  Men's Airism Low-Cut Socks  ,Socks,Men,5.9,5.9,False,1,5.9,Paynow
PUN-20260612-0030,3,2026-06-12 21:07:48,Punggol,SOK-W-02,Women's Pile Crew Socks,Socks,Women,5.9,5.9,False,1,5.9,Card
BUG-20260612-0322,1,2026-06-12 18:13:53,bugis,SOK-W-03,  Women's Airism Low-Cut Socks  ,socks,Women,5.9,5.9,False,1,5.9,Card
BUG-20260612-0141,1,2026-06-12 12:26:41,Bugis,TOP-M-04,Men's Oxford Long Sleeve Shirt,Tops,Men,29.9,29.9,False,1,29.9,Card
BUG-20260612-1130,1,2026-06-12 20:22:30,  Bugis  ,TOP-M-02,Men's Supima Cotton Polo Shirt,Tops,men,29.9,29.9,False,1,29.9,Card
PUN-20260612-0747,1,2026-06-12 11:12:05,Punggol,TOP-M-07,Men's Ultra Light Down Jacket,Tops,Men,55.24,79.9,True,1,55.24,Cash
ORC-20260612-0649,2,2026-06-12 16:16:32,Orchard Central,SOK-M-04,Men's Ribbed Crew Socks,Socks,Men,5.9,5.9,False,1,5.9,Card
BUG-20260612-0158,1,2026-06-12 19:40:43,Bugis,UND-W-03,Women's Cotton Blend Briefs,Underwear,Women,9.9,9.9,False,1,9.9,Card
ORC-20260612-0448,2,2026-06-12 12:40:13,Orchard Central,UND-W-03,Women's Cotton Blend Briefs,Underwear,Women,9.9,9.9,False,2,19.8,nets
PUN-20260612-0526,2,2026-06-12 21:50:58,Punggol,SOK-M-01,Men's Ankle Socks 3-Pack,SOCKS,Men,14.9,14.9,False,1,14.9,
BUG-20260612-0704,1,2026-06-12 19:24:32,Bugis,SOK-M-03,Men's Airism Low-Cut Socks,Socks,Men,5.9,5.9,False,1,5.9,NETS
ORC-20260612-0639,1,2026-06-12 17:49:44,Orchard Central,TOP-W-02,Women's Ribbed Long Sleeve Turtleneck,Tops,WOMEN,19.9,19.9,False,1,19.9,paynow
PUN-20260612-0290,1,2026-06-12 19:00:50,Punggol,UND-W-01,Women's Airism Bikini Shorts,Underwear,Women,9.9,9.9,False,2,19.8,Cash
ORC-20260612-0286,3,2026-06-12 20:11:50,ORCHARD CENTRAL,UND-W-07,Women's Heattech Camisole,Underwear,Women,14.9,14.9,False,2,29.8,Card
PUN-20260612-0259,1,2026-06-12 21:23:10,PUNGGOL,SOK-M-03,Men's Airism Low-Cut Socks,Socks,Men,5.9,5.9,False,1,5.9,Card
ORC-20260612-0868,2,2026-06-12 12:00:18,orchard central,UND-M-02,Men's Cotton Blend Trunks,Underwear,Men,14.9,14.9,False,2,29.8,Card
PUN-20260612-0723,1,2026-06-12 19:30:45,punggol,SOK-W-04,Women's Ribbed Crew Socks,Socks,women,5.9,5.9,False,1,5.9,Card
BUG-20260612-0705,1,2026-06-12 21:42:14,Bugis,UND-W-03,Women's Cotton Blend Briefs,Underwear,Women,9.9,9.9,False,2,19.8,CARD
BUG-20260612-0557,1,2026-06-12 19:38:05,Bugis,TOP-M-03,Men's Dry-EX Crew Neck T-Shirt,TOPS,Men,19.9,19.9,False,1,19.9,Cash
BUG-20260612-0446,3,2026-06-12 21:47:51,Bugis,TOP-W-01,Women's Airism Cotton Crew Neck T-Shirt,Tops,Women,14.9,14.9,False,1,14.9,Card
ORC-20260612-0797,1,2026-06-12 21:05:59,orchard central,SOK-M-02,Men's Pile Crew Socks,Socks,Men,5.9,5.9,False,1,$5.9,Cash
BUG-20260612-0905,1,2026-06-12 18:16:22,Bugis,TOP-W-04,Women's Heattech Crew Neck Long Sleeve Tee,Tops,Women,14.9,14.9,False,1,14.9,Card
BUG-20260612-0232,2,2026-06-12 21:25:02,Bugis,TOP-W-04,Women's Heattech Crew Neck Long Sleeve Tee,Tops,WOMEN,14.9,14.9,False,1,$14.9,NETS
ORC-20260612-0734,2,2026-06-12 13:48:41,Orchard Central,SOK-W-01,Women's Ankle Socks 3-Pack,Socks,Women,14.9,14.9,False,1,14.9,NETS
BUG-20260612-0937,3,2026-06-12 17:10:01,Bugis,TOP-M-02,Men's Supima Cotton Polo Shirt,Tops,Men,29.9,29.9,False,1,29.9,card
BUG-20260612-0934,3,2026-06-12 22:51:55,bugis,UND-W-03,Women's Cotton Blend Briefs,Underwear,Women,9.9,9.9,False,1,9.9,PayNow
ORC-20260612-1143,1,2026-06-12 20:48:14,Orchard Central,UND-M-02,Men's Cotton Blend Trunks,Underwear,Men,14.9,14.9,False,2,29.8,NETS
BUG-20260612-0467,2,2026-06-12 18:58:54,Bugis,SOK-W-02,Women's Pile Crew Socks,socks,Women,5.9,5.9,False,2,11.8,Cash
ORC-20260612-0295,1,2026-06-12 18:50:34,  Orchard Central  ,SOK-W-02,Women's Pile Crew Socks,Socks,Women,5.9,5.9,False,1,5.9,
PUN-20260612-0620,1,2026-06-12 20:20:29,  Punggol  ,BTM-W-01,Women's Ultra Stretch Skinny Jeans,Bottoms,Women,39.9,39.9,False,1,39.9,Cash
BUG-20260612-0542,1,2026-06-12 16:37:30,bugis,SOK-W-02,Women's Pile Crew Socks,Socks,Women,5.9,5.9,False,1,5.9,Cash
ORC-20260612-1229,1,2026-06-12 14:05:33,Orchard Central,SOK-W-02,Women's Pile Crew Socks,Socks,Women,5.9,5.9,False,1,5.9,Card
PUN-20260612-0170,2,2026-06-12 15:49:18,Punggol,TOP-W-04,  Women's Heattech Crew Neck Long Sleeve Tee  ,Tops,Women,14.9,14.9,False,1,14.9,Card
BUG-20260612-0951,1,2026-06-12 11:22:36,Bugis,BTM-M-02,Men's Slim Fit Chino Trousers,Bottoms,Men,29.9,29.9,False,1,29.9,Card
PUN-20260612-0819,1,2026-06-12 19:23:11,Punggol,SOK-W-01,Women's Ankle Socks 3-Pack,Socks,Women,14.9,14.9,False,1,14.9,Paynow
ORC-20260612-0405,2,2026-06-12 17:03:30,Orchard Central,BTM-M-02,Men's Slim Fit Chino Trousers,Bottoms,Men,29.9,29.9,False,1,29.9,Card
ORC-20260612-0776,2,2026-06-12 19:53:48,Orchard Central,TOP-W-02,Women's Ribbed Long Sleeve Turtleneck,Tops,Women,19.9,19.9,False,1,19.9,NETS
BUG-20260612-0204,1,2026-06-12 14:10:16,bugis,UND-W-03,Women's Cotton Blend Briefs,Underwear,Women,9.9,9.9,False,1,9.9,card
ORC-20260612-0479,3,2026-06-12 12:45:53,Orchard Central,TOP-M-01,  Men's Airism Cotton Crew Neck T-Shirt  ,Tops,Men,14.9,14.9,False,1,14.9,Card
ORC-20260612-0326,2,2026-06-12 20:57:14,Orchard Central,BTM-M-01,Men's Ezy Ankle Pants,Bottoms,Men,29.9,29.9,False,1,29.9,card
ORC-20260612-0802,2,2026-06-12 20:44:48,Orchard Central,SOK-M-05,Men's Sport Ankle Socks,Socks,Men,5.9,5.9,False,2,11.8,PayNow
BUG-20260612-0814,1,2026-06-12 16:05:00,Bugis,SOK-W-03,Women's Airism Low-Cut Socks,Socks,Women,5.9,5.9,False,1,5.9,PayNow
PUN-20260612-0324,1,2026-06-12 19:05:10,Punggol,TOP-M-07,Men's Ultra Light Down Jacket,tops,Men,55.24,79.9,True,1,55.24,Cash
BUG-20260612-0466,1,2026-06-12 17:58:11,Bugis,UND-M-02,Men's Cotton Blend Trunks,Underwear,Men,14.9,14.9,False,1,14.9,Card
BUG-20260612-0187,1,2026-06-12 19:47:53,Bugis,TOP-M-01,Men's Airism Cotton Crew Neck T-Shirt,Tops,Men,14.9,14.9,False,1,14.9,Card
PUN-20260612-0237,1,2026-06-12 16:12:12,  Punggol  ,UND-M-03,Men's Airism Mesh Boxer Briefs,Underwear,Men,14.9,14.9,False,1,14.9,Paynow
PUN-20260612-0306,1,2026-06-12 18:55:23,PUNGGOL,UND-W-03,Women's Cotton Blend Briefs,Underwear,Women,9.9,9.9,False,1,9.9,cash
BUG-20260612-0712,1,2026-06-12 16:06:52,Bugis,UND-M-02,  Men's Cotton Blend Trunks  ,Underwear,Men,14.9,14.9,False,1,14.9,PayNow
BUG-20260612-0191,1,2026-06-12 21:39:53,Bugis,UND-M-01,Men's Airism Boxer Briefs,Underwear,Men,14.9,14.9,False,1,14.9,cash
ORC-20260612-0674,2,2026-06-12 18:10:28,Orchard Central,SOK-M-02,Men's Pile Crew Socks,SOCKS,Men,5.9,5.9,False,1,5.9,PayNow
ORC-20260612-0484,1,2026-06-12 19:33:41,Orchard Central,BTM-M-03,Men's Selvedge Regular Fit Jeans,Bottoms,Men,59.9,59.9,False,1,59.9,PayNow
ORC-20260612-1160,1,2026-06-12 17:47:01,Orchard Central,SOK-M-02,Men's Pile Crew Socks,Socks,Men,$5.9,5.9,False,1,5.9,Card
ORC-20260612-0661,1,2026-06-12 20:11:26,Orchard Central,SOK-W-04,Women's Ribbed Crew Socks,SOCKS,Women,5.9,5.9,False,2,11.8,Card
ORC-20260612-0035,1,2026-06-12 20:18:45,Orchard Central,SOK-W-07,Women's Striped Crew Socks,Socks,Women,5.9,5.9,False,1,5.9,Card
ORC-20260612-0136,3,2026-06-12 13:59:15,  Orchard Central  ,UND-M-02,Men's Cotton Blend Trunks,Underwear,Men,14.9,14.9,False,1,14.9,Card
ORC-20260612-1194,2,2026-06-12 11:18:13,Orchard Central,SOK-M-03,Men's Airism Low-Cut Socks,Socks,Men,5.9,5.9,False,1,5.9,Cash
ORC-20260612-0733,2,2026-06-12 21:39:41,Orchard Central,SOK-W-01,Women's Ankle Socks 3-Pack,Socks,Women,14.9,14.9,False,2,29.8,PayNow
ORC-20260612-0411,2,2026-06-12 14:29:35,Orchard Central,UND-M-01,Men's Airism Boxer Briefs,Underwear,Men,14.9,14.9,False,2,29.8,Card
BUG-20260612-0956,3,2026-06-12 12:51:28,  Bugis  ,TOP-W-03,Women's Silky Satin Blouse,Tops,Women,39.9,39.9,False,1,39.9,PayNow
PUN-20260612-0706,1,2026-06-12 22:14:15,Punggol,SOK-M-02,Men's Pile Crew Socks,Socks,men,5.9,5.9,False,1,5.9,PAYNOW
PUN-20260612-0343,1,2026-06-12 21:46:36,Punggol,SOK-M-04,Men's Ribbed Crew Socks,Socks,Men,5.9,5.9,False,1,5.9,PayNow
PUN-20260612-0444,2,2026-06-12 20:12:16,Punggol,SOK-M-01,Men's Ankle Socks 3-Pack,Socks,Men,14.9,14.9,False,1,14.9,PayNow
BUG-20260612-0308,3,2026-06-12 19:17:13,Bugis,TOP-W-01,  Women's Airism Cotton Crew Neck T-Shirt  ,Tops,Women,14.9,14.9,False,1,14.9,PayNow
BUG-20260612-0069,1,2026-06-12 20:24:31,Bugis,BTM-M-02,Men's Slim Fit Chino Trousers,Bottoms,Men,29.9,29.9,False,1,29.9,Cash
PUN-20260612-0345,1,2026-06-12 16:19:34,Punggol,SOK-M-01,Men's Ankle Socks 3-Pack,Socks,Men,14.9,14.9,False,1,14.9,Card
PUN-20260612-0509,1,2026-06-12 20:21:15,Punggol,SOK-W-10,Women's Wool Blend Socks,Socks,Women,9.9,9.9,False,1,9.9,Cash
ORC-20260612-0392,2,2026-06-12 22:49:58,ORCHARD CENTRAL,SOK-W-07,Women's Striped Crew Socks,Socks,WOMEN,5.9,5.9,False,1,5.9,Card
ORC-20260612-0644,2,2026-06-12 13:25:56,Orchard Central,BTM-M-04,Men's Dry Stretch Shorts,Bottoms,Men,19.9,19.9,False,1,19.9,Card
BUG-20260612-0121,1,2026-06-12 19:29:09,BUGIS,SOK-W-04,Women's Ribbed Crew Socks,Socks,WOMEN,5.9,5.9,False,1,5.9,PayNow
ORC-20260612-0205,1,2026-06-12 17:44:46,Orchard Central,UND-W-01,Women's Airism Bikini Shorts,Underwear,women,9.9,9.9,False,1,9.9,NETS
PUN-20260612-0373,1,2026-06-12 11:48:15,Punggol,BTM-M-04,  Men's Dry Stretch Shorts  ,bottoms,Men,19.9,19.9,False,1,19.9,PayNow
PUN-20260612-0718,1,2026-06-12 21:10:25,Punggol,SOK-W-02,Women's Pile Crew Socks,Socks,Women,5.9,5.9,False,1,5.9,Card
PUN-20260612-0409,2,2026-06-12 21:32:33,Punggol,SOK-M-02,Men's Pile Crew Socks,Socks,Men,$5.9,5.9,False,1,5.9,Card
BUG-20260612-0609,2,2026-06-12 22:34:45,Bugis,SOK-M-05,Men's Sport Ankle Socks,Socks,men,5.9,5.9,False,1,5.9,Card
ORC-20260612-0596,1,2026-06-12 20:11:46,Orchard Central,SOK-W-01,Women's Ankle Socks 3-Pack,Socks,Women,14.9,14.9,False,1,14.9,nets
BUG-20260612-0492,3,2026-06-12 16:10:20,Bugis,UND-W-09,Women's Cotton Boyshorts,Underwear,women,9.9,9.9,False,1,9.9,NETS
BUG-20260612-1195,1,2026-06-12 20:38:02,  Bugis  ,UND-W-04,Women's Airism T-Shirt Bra,Underwear,Women,29.9,29.9,False,1,29.9,PayNow
ORC-20260612-0651,1,2026-06-12 17:30:32,Orchard Central,TOP-W-01,Women's Airism Cotton Crew Neck T-Shirt,TOPS,women,14.9,14.9,False,1,14.9,card
BUG-20260612-0361,3,2026-06-12 18:11:32,Bugis,SOK-W-04,Women's Ribbed Crew Socks,Socks,Women,5.9,5.9,False,1,5.9,NETS
BUG-20260612-0756,1,2026-06-12 17:17:14,Bugis,SOK-W-03,Women's Airism Low-Cut Socks,Socks,Women,5.9,5.9,False,1,5.9,CARD
ORC-20260612-1286,1,2026-06-12 11:57:16,Orchard Central,SOK-W-04,Women's Ribbed Crew Socks,SOCKS,Women,5.9,5.9,False,1,5.9,Paynow
PUN-20260612-0303,1,2026-06-12 20:45:29,Punggol,SOK-M-02,Men's Pile Crew Socks,Socks,Men,5.9,5.9,False,1,5.9,PayNow
BUG-20260612-0176,2,2026-06-12 20:48:15,Bugis,SOK-W-06,Women's Heattech Socks,Socks,Women,9.9,9.9,False,2,19.8,PayNow
BUG-20260612-0394,3,2026-06-12 16:04:56,Bugis,UND-M-01,Men's Airism Boxer Briefs,Underwear,Men,14.9,14.9,False,2,29.8,NETS
BUG-20260612-0268,1,2026-06-12 16:41:22,Bugis,BTM-M-03,Men's Selvedge Regular Fit Jeans,Bottoms,Men,59.9,59.9,False,1,59.9,Card
ORC-20260612-0968,2,2026-06-12 19:38:11,Orchard Central,SOK-W-02,Women's Pile Crew Socks,Socks,Women,5.9,5.9,False,1,$5.9,Card
BUG-20260612-0237,1,2026-06-12 21:02:49,Bugis,UND-M-02,Men's Cotton Blend Trunks,Underwear,Men,14.9,14.9,False,1,14.9,CARD
PUN-20260612-0772,2,2026-06-12 16:15:33,Punggol,TOP-W-01,Women's Airism Cotton Crew Neck T-Shirt,Tops,Women,14.9,14.9,False,1,14.9,CARD
BUG-20260612-0263,1,2026-06-12 20:55:08,Bugis,UND-W-02,Women's Wireless Bra,Underwear,Women,29.9,29.9,False,1,29.9,cash
BUG-20260612-1011,2,2026-06-12 16:44:43,Bugis,UND-W-05,Women's Seamless Shorts,Underwear,Women,9.9,9.9,False,1,9.9,PAYNOW
BUG-20260612-0010,1,2026-06-12 11:22:52,Bugis,TOP-M-02,Men's Supima Cotton Polo Shirt,TOPS,Men,29.9,29.9,False,1,29.9,Nets
ORC-20260612-0103,1,2026-06-12 20:41:26,Orchard Central,SOK-W-02,Women's Pile Crew Socks,Socks,Women,5.9,5.9,False,1,5.9,card
BUG-20260612-0680,1,2026-06-12 17:57:27,Bugis,UND-W-09,Women's Cotton Boyshorts,Underwear,Women,9.9,9.9,False,2,19.8,CARD
PUN-20260612-0778,2,2026-06-12 20:47:18,Punggol,SOK-M-08,Men's Cotton Blend Dress Socks,Socks,Men,9.9,9.9,False,1,9.9,NETS
ORC-20260612-0183,1,2026-06-12 17:45:26,Orchard Central,SOK-M-04,Men's Ribbed Crew Socks,SOCKS,Men,5.9,5.9,False,1,5.9,PayNow
BUG-20260612-0902,1,2026-06-12 19:57:34,Bugis,SOK-W-03,Women's Airism Low-Cut Socks,Socks,Women,5.9,5.9,False,2,11.8,CASH
BUG-20260612-0019,2,2026-06-12 19:22:10,Bugis,TOP-M-01,Men's Airism Cotton Crew Neck T-Shirt,Tops,Men,14.9,14.9,False,1,14.9,Card
ORC-20260612-1137,2,2026-06-12 18:57:30,Orchard Central,SOK-W-08,  Women's Lace Trim Ankle Socks  ,Socks,Women,5.9,5.9,False,1,5.9,Card
ORC-20260612-0610,1,2026-06-12 14:15:34,  Orchard Central  ,SOK-M-01,  Men's Ankle Socks 3-Pack  ,Socks,Men,14.9,14.9,False,2,29.8,Card
PUN-20260612-0405,3,2026-06-12 21:45:44,Punggol,UND-M-01,Men's Airism Boxer Briefs,Underwear,Men,14.9,14.9,False,1,14.9,Card
BUG-20260612-0730,1,2026-06-12 21:41:12,Bugis,BTM-M-04,Men's Dry Stretch Shorts,Bottoms,men,19.9,19.9,False,1,19.9,Paynow
BUG-20260612-0443,2,2026-06-12 21:23:35,BUGIS,BTM-W-02,Women's High-Rise Wide Leg Pants,bottoms,Women,$39.9,39.9,False,1,39.9,NETS
ORC-20260612-0663,2,2026-06-12 13:22:34,Orchard Central,TOP-M-02,  Men's Supima Cotton Polo Shirt  ,tops,MEN,29.9,29.9,False,1,29.9,Card
ORC-20260612-1086,1,2026-06-12 20:39:59,Orchard Central,UND-W-03,Women's Cotton Blend Briefs,underwear,Women,9.9,9.9,False,1,9.9,PayNow
BUG-20260612-0731,1,2026-06-12 20:49:52,  BUGIS  ,UND-W-04,Women's Airism T-Shirt Bra,Underwear,WOMEN,29.9,29.9,False,1,29.9,NETS
ORC-20260612-0287,1,2026-06-12 18:03:02,Orchard Central,SOK-W-04,Women's Ribbed Crew Socks,Socks,Women,5.9,5.9,False,1,5.9,Card
BUG-20260612-0561,1,2026-06-12 16:42:02,Bugis,SOK-M-03,Men's Airism Low-Cut Socks,Socks,Men,5.9,5.9,False,1,5.9,PayNow
ORC-20260612-1004,1,2026-06-12 21:07:23,Orchard Central,SOK-W-03,Women's Airism Low-Cut Socks,Socks,Women,5.9,5.9,False,1,5.9,Card
ORC-20260612-0251,1,2026-06-12 20:36:37,Orchard Central,BTM-W-01,Women's Ultra Stretch Skinny Jeans,Bottoms,Women,39.9,39.9,False,1,$39.9,Card
PUN-20260612-0704,2,2026-06-12 17:50:46,Punggol,SOK-W-01,Women's Ankle Socks 3-Pack,Socks,Women,14.9,14.9,False,2,29.8,Card
ORC-20260612-0686,1,2026-06-12 12:10:42,Orchard Central,SOK-M-01,Men's Ankle Socks 3-Pack,Socks,Men,14.9,14.9,False,2,29.8,Card
BUG-20260612-0801,1,2026-06-12 16:14:49,Bugis,SOK-W-04,Women's Ribbed Crew Socks,Socks,Women,5.9,5.9,False,1,5.9,Card
ORC-20260612-0962,1,2026-06-12 20:53:18,Orchard Central,SOK-M-02,Men's Pile Crew Socks,Socks,Men,5.9,5.9,False,2,11.8,paynow
ORC-20260612-1162,1,2026-06-12 18:28:40,orchard central,UND-M-04,Men's Cotton Crew Neck Undershirt,Underwear,Men,14.9,14.9,False,2,29.8,NETS
ORC-20260612-1307,1,2026-06-12 20:28:31,Orchard Central,SOK-M-01,Men's Ankle Socks 3-Pack,Socks,Men,14.9,14.9,False,1,14.9,Card
ORC-20260612-1069,1,2026-06-12 20:12:39,Orchard Central,BTM-W-02,Women's High-Rise Wide Leg Pants,BOTTOMS,Women,39.9,39.9,False,1,39.9,Card
ORC-20260612-0659,2,2026-06-12 18:18:10,Orchard Central,UND-W-01,Women's Airism Bikini Shorts,Underwear,Women,9.9,9.9,False,1,9.9,PayNow
BUG-20260612-0078,2,2026-06-12 19:05:29,Bugis,TOP-W-03,Women's Silky Satin Blouse,Tops,Women,39.9,39.9,False,1,39.9,Card
PUN-20260612-0638,1,2026-06-12 21:06:21,Punggol,SOK-W-02,Women's Pile Crew Socks,Socks,Women,5.9,5.9,False,1,5.9,card
BUG-20260612-0159,1,2026-06-12 14:21:41,Bugis,UND-M-01,Men's Airism Boxer Briefs,Underwear,MEN,14.9,14.9,False,2,29.8,NETS
ORC-20260612-0208,1,2026-06-12 22:19:39,Orchard Central,SOK-W-02,Women's Pile Crew Socks,Socks,women,5.9,5.9,False,1,5.9,Card
ORC-20260612-0440,2,2026-06-12 18:11:53,Orchard Central,UND-W-04,Women's Airism T-Shirt Bra,Underwear,Women,29.9,29.9,False,1,29.9,Cash
ORC-20260612-0768,3,2026-06-12 20:14:39,ORCHARD CENTRAL,TOP-M-06,Men's Fleece Full-Zip Hoodie,Tops,MEN,39.9,39.9,False,1,39.9,Card
BUG-20260612-0831,3,2026-06-12 17:53:31,Bugis,SOK-W-01,Women's Ankle Socks 3-Pack,Socks,WOMEN,14.9,14.9,False,1,14.9,
PUN-20260612-0236,1,2026-06-12 17:08:55,Punggol,SOK-W-08,Women's Lace Trim Ankle Socks,Socks,Women,5.9,5.9,False,1,5.9,PayNow
BUG-20260612-0853,1,2026-06-12 18:37:09,Bugis,SOK-M-03,Men's Airism Low-Cut Socks,Socks,Men,5.9,5.9,False,1,5.9,Cash
BUG-20260612-1167,2,2026-06-12 13:04:23,Bugis,SOK-W-02,Women's Pile Crew Socks,SOCKS,Women,5.9,5.9,False,1,5.9,Cash
BUG-20260612-0178,1,2026-06-12 19:49:18,Bugis,SOK-W-02,Women's Pile Crew Socks,Socks,Women,5.9,5.9,False,2,11.8,PayNow
BUG-20260612-0773,2,2026-06-12 12:28:41,Bugis,UND-M-03,Men's Airism Mesh Boxer Briefs,Underwear,Men,14.9,14.9,False,1,14.9,Card
BUG-20260612-0614,1,2026-06-12 19:47:47,BUGIS,SOK-M-04,Men's Ribbed Crew Socks,socks,Men,5.9,5.9,False,1,5.9,Card
BUG-20260612-0054,1,2026-06-12 18:33:01,  Bugis  ,UND-M-01,  Men's Airism Boxer Briefs  ,Underwear,Men,14.9,14.9,False,2,29.8,Card
PUN-20260612-0302,1,2026-06-12 20:58:51,Punggol,UND-W-04,Women's Airism T-Shirt Bra,Underwear,Women,29.9,29.9,False,2,$59.8,PayNow
BUG-20260612-0134,2,2026-06-12 15:55:52,Bugis,UND-W-09,Women's Cotton Boyshorts,UNDERWEAR,Women,9.9,9.9,False,1,9.9,Card
ORC-20260612-0778,3,2026-06-12 18:02:21,Orchard Central,SOK-W-02,Women's Pile Crew Socks,Socks,Women,5.9,5.9,False,1,5.9,Card
ORC-20260612-0172,1,2026-06-12 18:04:27,Orchard Central,UND-M-04,Men's Cotton Crew Neck Undershirt,Underwear,Men,14.9,14.9,False,1,14.9,PayNow
PUN-20260612-0247,1,2026-06-12 13:12:37,Punggol,SOK-M-03,Men's Airism Low-Cut Socks,SOCKS,men,5.9,5.9,False,1,5.9,Card
PUN-20260612-0225,1,2026-06-12 21:54:10,Punggol,SOK-M-04,Men's Ribbed Crew Socks,Socks,Men,5.9,5.9,False,1,$5.9,card
ORC-20260612-0379,1,2026-06-12 20:34:59,Orchard Central,SOK-M-03,Men's Airism Low-Cut Socks,Socks,Men,5.9,5.9,False,1,5.9,Cash
ORC-20260612-1124,2,2026-06-12 19:48:02,Orchard Central,TOP-W-01,Women's Airism Cotton Crew Neck T-Shirt,tops,Women,14.9,14.9,False,1,14.9,Cash
BUG-20260612-0006,1,2026-06-12 19:12:56,Bugis,SOK-W-02,Women's Pile Crew Socks,Socks,Women,5.9,5.9,False,1,5.9,Card
BUG-20260612-0290,2,2026-06-12 15:15:09,Bugis,TOP-M-01,Men's Airism Cotton Crew Neck T-Shirt,Tops,Men,14.9,14.9,False,1,14.9,Card
ORC-20260612-1091,1,2026-06-12 19:40:02,  Orchard Central  ,SOK-W-06,  Women's Heattech Socks  ,Socks,Women,9.9,9.9,False,1,9.9,Card
ORC-20260612-0888,3,2026-06-12 15:01:19,Orchard Central,UND-M-02,Men's Cotton Blend Trunks,UNDERWEAR,Men,14.9,14.9,False,1,14.9,card
ORC-20260612-0925,2,2026-06-12 18:52:39,Orchard Central,UND-W-01,Women's Airism Bikini Shorts,Underwear,Women,9.9,9.9,False,1,9.9,Card
PUN-20260612-0328,2,2026-06-12 21:57:37,Punggol,TOP-M-03,Men's Dry-EX Crew Neck T-Shirt,Tops,Men,19.9,19.9,False,1,19.9,NETS
PUN-20260612-0150,1,2026-06-12 15:27:12,  Punggol  ,UND-W-04,Women's Airism T-Shirt Bra,Underwear,Women,29.9,29.9,False,1,29.9,
BUG-20260612-0767,1,2026-06-12 19:17:13,Bugis,SOK-W-02,Women's Pile Crew Socks,Socks,Women,5.9,5.9,False,1,5.9,Card
ORC-20260612-0818,2,2026-06-12 17:30:15,Orchard Central,TOP-W-08,Women's Puff Sleeve Blouse,Tops,Women,20.35,29.9,True,1,20.35,PayNow
ORC-20260612-0788,2,2026-06-12 19:32:54,Orchard Central,SOK-W-07,Women's Striped Crew Socks,Socks,Women,5.9,5.9,False,1,5.9,Card
BUG-20260612-0782,2,2026-06-12 21:48:49,Bugis,BTM-M-05,Men's Wide Fit Cargo Pants,Bottoms,men,26.68,39.9,True,1,26.68,Card
ORC-20260612-1068,2,2026-06-12 19:55:50,  Orchard Central  ,SOK-W-03,Women's Airism Low-Cut Socks,Socks,Women,5.9,5.9,False,2,11.8,card
ORC-20260612-0137,2,2026-06-12 21:47:40,Orchard Central,UND-W-01,Women's Airism Bikini Shorts,Underwear,Women,9.9,9.9,False,1,9.9,CARD
BUG-20260612-0390,3,2026-06-12 21:25:31,  Bugis  ,BTM-M-03,  Men's Selvedge Regular Fit Jeans  ,Bottoms,Men,59.9,59.9,False,1,59.9,Card
ORC-20260612-0495,1,2026-06-12 20:08:51,Orchard Central,SOK-W-02,Women's Pile Crew Socks,Socks,Women,5.9,5.9,False,1,5.9,Card
PUN-20260612-0754,1,2026-06-12 12:01:13,Punggol,SOK-W-02,Women's Pile Crew Socks,Socks,Women,5.9,5.9,False,1,5.9,PayNow
PUN-20260612-0807,3,2026-06-12 16:55:59,Punggol,SOK-M-03,Men's Airism Low-Cut Socks,Socks,Men,5.9,5.9,False,1,5.9,Paynow
PUN-20260612-0686,3,2026-06-12 17:11:57,  Punggol  ,SOK-W-03,Women's Airism Low-Cut Socks,Socks,Women,5.9,5.9,False,1,5.9,Card
BUG-20260612-0056,2,2026-06-12 17:59:15,Bugis,SOK-W-03,Women's Airism Low-Cut Socks,Socks,Women,5.9,5.9,False,1,5.9,PayNow
BUG-20260612-0669,1,2026-06-12 12:38:56,Bugis,SOK-W-02,Women's Pile Crew Socks,Socks,Women,5.9,5.9,False,1,5.9,NETS
BUG-20260612-1091,1,2026-06-12 21:17:13,Bugis,SOK-W-01,Women's Ankle Socks 3-Pack,socks,Women,$14.9,14.9,False,1,14.9,Cash
PUN-20260612-0597,2,2026-06-12 14:26:08,Punggol,TOP-M-01,Men's Airism Cotton Crew Neck T-Shirt,Tops,Men,14.9,14.9,False,1,14.9,Card
BUG-20260612-0272,3,2026-06-12 12:57:53,Bugis,SOK-W-04,Women's Ribbed Crew Socks,Socks,Women,5.9,5.9,False,1,5.9,Card
BUG-20260612-0762,1,2026-06-12 11:08:23,Bugis,SOK-M-03,Men's Airism Low-Cut Socks,Socks,Men,5.9,5.9,False,1,5.9,Card
ORC-20260612-0744,3,2026-06-12 16:26:25,Orchard Central,SOK-M-01,Men's Ankle Socks 3-Pack,Socks,Men,14.9,14.9,False,1,14.9,Card
PUN-20260612-0529,1,2026-06-12 13:49:07,Punggol,UND-M-02,Men's Cotton Blend Trunks,Underwear,Men,14.9,14.9,False,1,14.9,Card
BUG-20260612-1107,2,2026-06-12 19:19:22,BUGIS,SOK-W-03,Women's Airism Low-Cut Socks,Socks,women,5.9,5.9,False,1,5.9,Cash
BUG-20260612-0389,2,2026-06-12 16:37:56,BUGIS,UND-M-04,Men's Cotton Crew Neck Undershirt,Underwear,Men,14.9,14.9,False,1,14.9,Card
ORC-20260612-0691,2,2026-06-12 19:25:44,Orchard Central,BTM-M-03,Men's Selvedge Regular Fit Jeans,Bottoms,Men,59.9,59.9,False,1,59.9,NETS
ORC-20260612-1027,2,2026-06-12 11:12:31,Orchard Central,SOK-W-03,  Women's Airism Low-Cut Socks  ,Socks,Women,5.9,5.9,False,1,5.9,card
ORC-20260612-0990,2,2026-06-12 13:48:16,orchard central,SOK-W-02,Women's Pile Crew Socks,Socks,Women,5.9,5.9,False,1,5.9,Card
ORC-20260612-0917,1,2026-06-12 20:53:11,Orchard Central,UND-M-03,Men's Airism Mesh Boxer Briefs,Underwear,Men,14.9,14.9,False,1,14.9,Paynow
PUN-20260612-0606,1,2026-06-12 11:49:17,  Punggol  ,SOK-W-04,Women's Ribbed Crew Socks,SOCKS,Women,5.9,5.9,False,1,5.9,PayNow
BUG-20260612-1008,3,2026-06-12 20:03:55,Bugis,SOK-M-05,Men's Sport Ankle Socks,socks,Men,5.9,5.9,False,1,5.9,NETS
ORC-20260612-0870,2,2026-06-12 20:31:49,Orchard Central,SOK-M-01,Men's Ankle Socks 3-Pack,Socks,Men,14.9,14.9,False,1,14.9,Card
BUG-20260612-0014,2,2026-06-12 11:20:39,Bugis,SOK-M-01,Men's Ankle Socks 3-Pack,Socks,Men,14.9,14.9,False,1,14.9,PayNow
PUN-20260612-0244,1,2026-06-12 19:19:24,Punggol,TOP-M-07,Men's Ultra Light Down Jacket,Tops,Men,55.24,79.9,True,1,55.24,NETS
BUG-20260612-0914,3,2026-06-12 17:32:10,Bugis,SOK-W-02,Women's Pile Crew Socks,Socks,Women,5.9,5.9,False,1,5.9,Cash
BUG-20260612-0185,1,2026-06-12 18:25:42,Bugis,UND-M-01,Men's Airism Boxer Briefs,Underwear,MEN,14.9,14.9,False,1,14.9,PayNow
ORC-20260612-1193,1,2026-06-12 13:10:08,Orchard Central,UND-W-01,Women's Airism Bikini Shorts,Underwear,Women,9.9,9.9,False,1,9.9,Paynow
BUG-20260612-1190,3,2026-06-12 14:44:22,Bugis,SOK-W-03,Women's Airism Low-Cut Socks,Socks,Women,5.9,5.9,False,2,11.8,Cash
ORC-20260612-0861,3,2026-06-12 12:21:15,ORCHARD CENTRAL,UND-M-09,Men's Heattech Long Johns,Underwear,Men,19.9,19.9,False,1,19.9,Card
BUG-20260612-1038,2,2026-06-12 19:09:33,bugis,SOK-M-06,  Men's Heattech Socks  ,Socks,Men,9.9,9.9,False,1,9.9,PayNow
BUG-20260612-0438,1,2026-06-12 18:58:22,Bugis,SOK-M-01,Men's Ankle Socks 3-Pack,Socks,Men,14.9,14.9,False,1,14.9,Card
BUG-20260612-1193,1,2026-06-12 19:45:04,Bugis,SOK-M-01,Men's Ankle Socks 3-Pack,SOCKS,Men,14.9,14.9,False,1,14.9,NETS
PUN-20260612-0122,1,2026-06-12 11:01:25,Punggol,SOK-M-04,  Men's Ribbed Crew Socks  ,Socks,Men,5.9,5.9,False,1,5.9,PayNow
ORC-20260612-1054,2,2026-06-12 19:33:04,Orchard Central,SOK-M-04,Men's Ribbed Crew Socks,Socks,Men,5.9,5.9,False,1,5.9,Paynow
PUN-20260612-0087,3,2026-06-12 15:03:23,Punggol,SOK-M-01,Men's Ankle Socks 3-Pack,Socks,Men,14.9,14.9,False,1,14.9,PayNow
ORC-20260612-0395,1,2026-06-12 19:42:01,Orchard Central,TOP-M-04,Men's Oxford Long Sleeve Shirt,Tops,Men,29.9,29.9,False,1,29.9,NETS
ORC-20260612-0222,3,2026-06-12 21:43:33,Orchard Central,SOK-M-02,Men's Pile Crew Socks,Socks,Men,5.9,5.9,False,1,5.9,Card
ORC-20260612-0185,2,2026-06-12 12:50:50,Orchard Central,UND-W-01,Women's Airism Bikini Shorts,Underwear,Women,9.9,9.9,False,1,9.9,Card
ORC-20260612-0312,1,2026-06-12 22:12:04,Orchard Central,TOP-M-02,Men's Supima Cotton Polo Shirt,Tops,Men,29.9,29.9,False,1,29.9,PayNow
PUN-20260612-0028,3,2026-06-12 21:39:48,Punggol,SOK-W-04,Women's Ribbed Crew Socks,Socks,Women,5.9,5.9,False,1,5.9,card
BUG-20260612-1099,3,2026-06-12 18:41:37,Bugis,TOP-M-01,  Men's Airism Cotton Crew Neck T-Shirt  ,Tops,Men,14.9,14.9,False,1,14.9,PayNow
BUG-20260612-0416,2,2026-06-12 21:43:40,Bugis,BTM-M-02,Men's Slim Fit Chino Trousers,Bottoms,Men,29.9,29.9,False,1,29.9,Card
PUN-20260612-0268,3,2026-06-12 17:00:25,Punggol,BTM-M-02,Men's Slim Fit Chino Trousers,Bottoms,Men,29.9,29.9,False,1,29.9,Card
ORC-20260612-0462,2,2026-06-12 18:54:11,ORCHARD CENTRAL,SOK-W-02,  Women's Pile Crew Socks  ,SOCKS,Women,5.9,5.9,False,1,5.9,NETS
PUN-20260612-0153,1,2026-06-12 14:23:43,Punggol,SOK-M-04,Men's Ribbed Crew Socks,Socks,men,5.9,5.9,False,1,5.9,NETS
ORC-20260612-0070,2,2026-06-12 11:37:38,Orchard Central,UND-M-07,Men's Stretch Cotton Boxers,Underwear,Men,14.9,14.9,False,1,14.9,Card
PUN-20260612-0800,1,2026-06-12 12:31:20,Punggol,SOK-W-02,Women's Pile Crew Socks,Socks,Women,5.9,5.9,False,1,5.9,PayNow
ORC-20260612-0031,1,2026-06-12 13:24:39,Orchard Central,UND-W-07,Women's Heattech Camisole,Underwear,Women,14.9,14.9,False,1,14.9,NETS
PUN-20260612-0644,1,2026-06-12 18:46:59,Punggol,TOP-M-04,Men's Oxford Long Sleeve Shirt,Tops,Men,29.9,29.9,False,1,29.9,NETS
ORC-20260612-1027,1,2026-06-12 11:12:31,Orchard Central,SOK-W-04,Women's Ribbed Crew Socks,Socks,Women,5.9,5.9,False,1,5.9,Card
BUG-20260612-0875,3,2026-06-12 18:57:18,Bugis,SOK-W-02,Women's Pile Crew Socks,Socks,Women,5.9,5.9,False,1,5.9,Card
PUN-20260612-0568,1,2026-06-12 17:17:42,Punggol,SOK-M-03,Men's Airism Low-Cut Socks,Socks,Men,5.9,5.9,False,1,5.9,Card
BUG-20260612-0592,3,2026-06-12 13:32:18,Bugis,TOP-M-01,Men's Airism Cotton Crew Neck T-Shirt,Tops,Men,14.9,14.9,False,1,14.9,Card
PUN-20260612-0161,1,2026-06-12 22:16:01,Punggol,BTM-W-02,Women's High-Rise Wide Leg Pants,Bottoms,women,39.9,39.9,False,1,39.9,NETS
BUG-20260612-0835,3,2026-06-12 21:54:24,Bugis,BTM-M-04,  Men's Dry Stretch Shorts  ,Bottoms,Men,19.9,19.9,False,1,19.9,Card
PUN-20260612-0403,1,2026-06-12 17:43:14,Punggol,SOK-W-04,Women's Ribbed Crew Socks,Socks,women,5.9,5.9,False,2,11.8,Card
ORC-20260612-0642,1,2026-06-12 17:22:08,Orchard Central,BTM-M-04,Men's Dry Stretch Shorts,Bottoms,Men,19.9,19.9,False,1,19.9,NETS
ORC-20260612-1156,1,2026-06-12 13:32:13,Orchard Central,UND-W-01,  Women's Airism Bikini Shorts  ,underwear,Women,9.9,9.9,False,1,9.9,PayNow
PUN-20260612-0459,1,2026-06-12 12:03:16,Punggol,SOK-W-03,Women's Airism Low-Cut Socks,Socks,Women,5.9,5.9,False,1,5.9,CARD
PUN-20260612-0796,1,2026-06-12 11:31:33,Punggol,TOP-M-07,Men's Ultra Light Down Jacket,Tops,Men,55.24,79.9,True,1,55.24,CARD
BUG-20260612-1109,1,2026-06-12 20:14:43,  Bugis  ,SOK-M-01,Men's Ankle Socks 3-Pack,Socks,Men,14.9,14.9,False,1,14.9,Card
ORC-20260612-1137,1,2026-06-12 18:57:30,Orchard Central,BTM-W-09,Women's Sweat Shorts,Bottoms,Women,19.9,19.9,False,1,19.9,Card
ORC-20260612-0162,2,2026-06-12 14:39:34,Orchard Central,SOK-W-03,Women's Airism Low-Cut Socks,Socks,Women,5.9,5.9,False,1,5.9,Card
PUN-20260612-0220,1,2026-06-12 19:35:09,  Punggol  ,UND-M-03,Men's Airism Mesh Boxer Briefs,Underwear,Men,14.9,14.9,False,1,14.9,Card
BUG-20260612-1226,3,2026-06-12 20:23:59,Bugis,SOK-W-03,Women's Airism Low-Cut Socks,Socks,WOMEN,5.9,5.9,False,1,5.9,NETS
ORC-20260612-0915,3,2026-06-12 20:56:45,Orchard Central,TOP-W-01,Women's Airism Cotton Crew Neck T-Shirt,TOPS,Women,14.9,14.9,False,1,14.9,Cash
PUN-20260612-0352,2,2026-06-12 17:06:01,PUNGGOL,SOK-M-04,Men's Ribbed Crew Socks,Socks,Men,5.9,5.9,False,1,5.9,NETS
ORC-20260612-0972,1,2026-06-12 19:34:21,orchard central,SOK-M-08,Men's Cotton Blend Dress Socks,Socks,Men,9.9,9.9,False,1,9.9,
BUG-20260612-0651,2,2026-06-12 18:40:55,Bugis,UND-M-04,Men's Cotton Crew Neck Undershirt,Underwear,Men,14.9,14.9,False,1,14.9,Cash
ORC-20260612-0044,1,2026-06-12 20:36:06,Orchard Central,TOP-W-03,Women's Silky Satin Blouse,Tops,Women,39.9,39.9,False,1,39.9,NETS
ORC-20260612-0123,3,2026-06-12 20:23:35,ORCHARD CENTRAL,SOK-W-03,Women's Airism Low-Cut Socks,Socks,Women,5.9,5.9,False,1,5.9,Card
BUG-20260612-0581,1,2026-06-12 12:44:12,  Bugis  ,SOK-M-02,  Men's Pile Crew Socks  ,Socks,Men,5.9,5.9,False,1,5.9,PayNow
PUN-20260612-0418,2,2026-06-12 22:55:54,Punggol,UND-W-01,Women's Airism Bikini Shorts,underwear,women,9.9,9.9,False,1,9.9,PayNow
PUN-20260612-0586,1,2026-06-12 22:53:29,Punggol,SOK-W-03,Women's Airism Low-Cut Socks,SOCKS,Women,5.9,5.9,False,1,5.9,Paynow
PUN-20260612-0127,2,2026-06-12 19:21:13,Punggol,TOP-M-03,Men's Dry-EX Crew Neck T-Shirt,Tops,Men,19.9,19.9,False,1,19.9,PayNow
BUG-20260612-0987,1,2026-06-12 21:13:45,Bugis,UND-W-03,Women's Cotton Blend Briefs,Underwear,women,9.9,9.9,False,1,9.9,Card
BUG-20260612-0647,1,2026-06-12 21:29:40,Bugis,SOK-W-03,Women's Airism Low-Cut Socks,Socks,Women,5.9,5.9,False,1,5.9,Cash
BUG-20260612-0287,1,2026-06-12 19:48:57,Bugis,SOK-W-04,Women's Ribbed Crew Socks,Socks,WOMEN,5.9,5.9,False,1,5.9,PayNow
BUG-20260612-0182,2,2026-06-12 14:50:24,Bugis,BTM-W-01,Women's Ultra Stretch Skinny Jeans,bottoms,Women,39.9,39.9,False,1,39.9,NETS
BUG-20260612-0896,1,2026-06-12 18:59:04,Bugis,SOK-W-04,Women's Ribbed Crew Socks,Socks,Women,5.9,5.9,False,1,5.9,Card
PUN-20260612-0306,2,2026-06-12 18:55:23,Punggol,SOK-M-04,Men's Ribbed Crew Socks,Socks,Men,5.9,5.9,False,1,5.9,Cash
BUG-20260612-0939,1,2026-06-12 13:54:57,Bugis,SOK-W-02,Women's Pile Crew Socks,Socks,Women,5.9,5.9,False,1,5.9,PayNow
BUG-20260612-0146,2,2026-06-12 21:23:46,Bugis,TOP-W-02,Women's Ribbed Long Sleeve Turtleneck,Tops,Women,19.9,19.9,False,1,19.9,Card
PUN-20260612-0397,2,2026-06-12 19:44:50,PUNGGOL,UND-W-01,Women's Airism Bikini Shorts,Underwear,Women,9.9,9.9,False,1,9.9,Card
PUN-20260612-0404,1,2026-06-12 12:10:30,Punggol,SOK-W-01,Women's Ankle Socks 3-Pack,SOCKS,Women,14.9,14.9,False,1,14.9,CASH
ORC-20260612-0293,1,2026-06-12 20:59:42,Orchard Central,SOK-M-05,Men's Sport Ankle Socks,Socks,Men,5.9,5.9,False,1,5.9,NETS
BUG-20260612-0918,1,2026-06-12 22:59:00,Bugis,TOP-W-08,Women's Puff Sleeve Blouse,Tops,WOMEN,$20.35,29.9,True,1,20.35,Cash
PUN-20260612-0510,2,2026-06-12 20:20:17,Punggol,SOK-W-02,Women's Pile Crew Socks,Socks,Women,5.9,5.9,False,1,5.9,NETS
ORC-20260612-1245,1,2026-06-12 15:11:53,Orchard Central,UND-W-05,  Women's Seamless Shorts  ,Underwear,Women,9.9,9.9,False,1,9.9,Card
ORC-20260612-0067,1,2026-06-12 18:14:27,Orchard Central,UND-M-05,Men's Seamless Boxer Briefs,Underwear,Men,14.9,14.9,False,1,14.9,PayNow
BUG-20260612-1058,1,2026-06-12 20:53:11,BUGIS,SOK-W-04,Women's Ribbed Crew Socks,Socks,Women,5.9,5.9,False,1,5.9,CARD
BUG-20260612-0459,1,2026-06-12 19:44:33,Bugis,SOK-W-01,Women's Ankle Socks 3-Pack,Socks,Women,14.9,14.9,False,1,14.9,Card
PUN-20260612-0218,2,2026-06-12 14:25:33,  PUNGGOL  ,SOK-W-03,Women's Airism Low-Cut Socks,Socks,WOMEN,5.9,5.9,False,1,5.9,Card
BUG-20260612-0048,1,2026-06-12 13:09:47,Bugis,SOK-W-03,Women's Airism Low-Cut Socks,Socks,Women,5.9,5.9,False,1,5.9,Card
BUG-20260612-0528,1,2026-06-12 21:16:15,Bugis,UND-W-05,Women's Seamless Shorts,Underwear,Women,9.9,9.9,False,1,9.9,CARD
ORC-20260612-0553,1,2026-06-12 18:02:32,Orchard Central,BTM-M-03,Men's Selvedge Regular Fit Jeans,Bottoms,Men,59.9,59.9,False,1,59.9,Cash
PUN-20260612-0322,2,2026-06-12 19:13:03,Punggol,SOK-M-03,Men's Airism Low-Cut Socks,Socks,Men,5.9,5.9,False,1,5.9,Card
BUG-20260612-0082,3,2026-06-12 16:58:38,  Bugis  ,BTM-W-07,Women's Linen Blend Wide Pants,Bottoms,Women,39.9,39.9,False,1,39.9,Card
ORC-20260612-1306,2,2026-06-12 19:51:52,Orchard Central,SOK-W-02,Women's Pile Crew Socks,socks,Women,5.9,5.9,False,1,5.9,PayNow
PUN-20260612-0123,3,2026-06-12 16:45:30,Punggol,SOK-W-02,Women's Pile Crew Socks,Socks,Women,5.9,5.9,False,2,11.8,Cash
BUG-20260612-0370,1,2026-06-12 19:40:53,Bugis,TOP-M-02,Men's Supima Cotton Polo Shirt,Tops,Men,29.9,29.9,False,1,29.9,Cash
PUN-20260612-0198,2,2026-06-12 21:42:16,Punggol,SOK-W-02,Women's Pile Crew Socks,Socks,WOMEN,5.9,5.9,False,1,5.9,NETS
ORC-20260612-0820,1,2026-06-12 21:17:19,ORCHARD CENTRAL,SOK-W-02,Women's Pile Crew Socks,socks,Women,5.9,5.9,False,1,5.9,PayNow
PUN-20260612-0561,2,2026-06-12 16:40:25,Punggol,SOK-M-02,Men's Pile Crew Socks,Socks,Men,5.9,5.9,False,1,5.9,PayNow
ORC-20260612-0851,2,2026-06-12 21:48:03,Orchard Central,TOP-M-07,Men's Ultra Light Down Jacket,Tops,Men,55.24,79.9,True,1,55.24,NETS
BUG-20260612-0724,2,2026-06-12 21:20:30,bugis,UND-M-04,Men's Cotton Crew Neck Undershirt,Underwear,Men,14.9,14.9,False,1,14.9,Paynow
PUN-20260612-0344,1,2026-06-12 19:14:41,Punggol,TOP-M-04,Men's Oxford Long Sleeve Shirt,Tops,Men,29.9,29.9,False,1,29.9,Card
ORC-20260612-1285,1,2026-06-12 20:56:45,Orchard Central,TOP-W-01,Women's Airism Cotton Crew Neck T-Shirt,Tops,Women,14.9,14.9,False,1,14.9,Nets
BUG-20260612-0331,1,2026-06-12 20:46:52,Bugis,UND-M-02,  Men's Cotton Blend Trunks  ,Underwear,Men,14.9,14.9,False,1,14.9,card
ORC-20260612-0263,1,2026-06-12 14:08:14,  Orchard Central  ,SOK-W-03,Women's Airism Low-Cut Socks,Socks,Women,5.9,5.9,False,1,5.9,
ORC-20260612-0248,3,2026-06-12 20:40:32,Orchard Central,UND-W-03,Women's Cotton Blend Briefs,Underwear,Women,9.9,9.9,False,1,9.9,nets
BUG-20260612-1100,3,2026-06-12 18:47:28,Bugis,BTM-M-05,Men's Wide Fit Cargo Pants,Bottoms,Men,26.68,39.9,True,1,26.68,Card
BUG-20260612-0885,1,2026-06-12 19:42:08,Bugis,SOK-M-01,Men's Ankle Socks 3-Pack,Socks,Men,14.9,14.9,False,2,29.8,Card
BUG-20260612-0553,3,2026-06-12 18:22:37,Bugis,SOK-W-02,Women's Pile Crew Socks,Socks,Women,5.9,5.9,False,1,5.9,Card
BUG-20260612-0430,2,2026-06-12 15:39:00,BUGIS,SOK-M-02,Men's Pile Crew Socks,Socks,Men,5.9,5.9,False,1,5.9,Card
ORC-20260612-0758,1,2026-06-12 20:44:16,Orchard Central,BTM-M-02,Men's Slim Fit Chino Trousers,Bottoms,Men,29.9,29.9,False,1,29.9,NETS
BUG-20260612-1185,2,2026-06-12 20:58:05,Bugis,SOK-W-02,Women's Pile Crew Socks,Socks,Women,5.9,5.9,False,2,11.8,PayNow
ORC-20260612-0143,1,2026-06-12 21:09:30,Orchard Central,SOK-W-02,Women's Pile Crew Socks,Socks,Women,5.9,5.9,False,1,5.9,Card
PUN-20260612-0532,2,2026-06-12 19:33:00,Punggol,BTM-W-03,Women's Ezy Ankle Pants,Bottoms,Women,29.9,29.9,False,1,29.9,NETS
BUG-20260612-1005,1,2026-06-12 19:44:05,  Bugis  ,SOK-M-02,  Men's Pile Crew Socks  ,Socks,Men,5.9,5.9,False,1,5.9,Cash
BUG-20260612-0591,1,2026-06-12 21:59:41,BUGIS,SOK-M-01,Men's Ankle Socks 3-Pack,Socks,men,14.9,14.9,False,1,14.9,PayNow
BUG-20260612-0040,1,2026-06-12 19:38:30,Bugis,TOP-W-03,Women's Silky Satin Blouse,Tops,Women,39.9,39.9,False,1,$39.9,PayNow
PUN-20260612-0801,1,2026-06-12 21:48:41,  Punggol  ,SOK-W-02,Women's Pile Crew Socks,Socks,Women,5.9,5.9,False,1,5.9,PayNow
BUG-20260612-0749,2,2026-06-12 20:41:19,Bugis,SOK-W-04,Women's Ribbed Crew Socks,Socks,Women,5.9,5.9,False,1,5.9,PayNow
PUN-20260612-0070,1,2026-06-12 19:32:15,Punggol,BTM-W-04,Women's Denim Straight Jeans,Bottoms,women,$49.9,49.9,False,1,49.9,Cash
PUN-20260612-0314,2,2026-06-12 21:41:34,Punggol,TOP-W-01,Women's Airism Cotton Crew Neck T-Shirt,Tops,Women,14.9,14.9,False,1,14.9,PayNow
ORC-20260612-0379,2,2026-06-12 20:34:59,Orchard Central,BTM-W-02,Women's High-Rise Wide Leg Pants,Bottoms,Women,39.9,39.9,False,1,39.9,Cash
ORC-20260612-0549,2,2026-06-12 16:57:38,Orchard Central,UND-M-04,Men's Cotton Crew Neck Undershirt,Underwear,Men,14.9,14.9,False,1,14.9,Card
ORC-20260612-0428,1,2026-06-12 16:40:33,Orchard Central,TOP-W-02,  Women's Ribbed Long Sleeve Turtleneck  ,Tops,Women,19.9,19.9,False,1,19.9,Card
PUN-20260612-0351,1,2026-06-12 16:37:25,Punggol,TOP-M-01,Men's Airism Cotton Crew Neck T-Shirt,Tops,Men,14.9,14.9,False,1,14.9,Paynow
BUG-20260612-0784,2,2026-06-12 21:17:13,Bugis,TOP-M-01,Men's Airism Cotton Crew Neck T-Shirt,Tops,Men,14.9,14.9,False,1,14.9,Card
PUN-20260612-0579,2,2026-06-12 16:31:49,Punggol,SOK-W-03,Women's Airism Low-Cut Socks,Socks,Women,5.9,5.9,False,1,5.9,Card
BUG-20260612-1048,1,2026-06-12 15:14:37,Bugis,SOK-M-01,Men's Ankle Socks 3-Pack,Socks,Men,14.9,14.9,False,1,14.9,Card
BUG-20260612-1196,2,2026-06-12 20:11:24,Bugis,SOK-M-04,Men's Ribbed Crew Socks,Socks,men,5.9,5.9,False,2,11.8,PayNow
ORC-20260612-1217,1,2026-06-12 19:49:15,Orchard Central,SOK-M-02,Men's Pile Crew Socks,Socks,MEN,5.9,5.9,False,1,5.9,PayNow
ORC-20260612-0656,1,2026-06-12 15:06:56,Orchard Central,SOK-W-01,Women's Ankle Socks 3-Pack,Socks,Women,14.9,14.9,False,1,14.9,Card
ORC-20260612-0755,2,2026-06-12 21:10:59,Orchard Central,UND-W-03,Women's Cotton Blend Briefs,Underwear,Women,9.9,9.9,False,1,9.9,NETS
BUG-20260612-0892,2,2026-06-12 16:57:07,Bugis,BTM-M-01,Men's Ezy Ankle Pants,Bottoms,MEN,$29.9,29.9,False,1,29.9,Card
PUN-20260612-0619,1,2026-06-12 11:07:39,Punggol,UND-M-01,Men's Airism Boxer Briefs,Underwear,Men,14.9,14.9,False,1,14.9,Card
BUG-20260612-1194,2,2026-06-12 20:04:39,Bugis,UND-M-02,Men's Cotton Blend Trunks,Underwear,Men,14.9,14.9,False,1,14.9,NETS
ORC-20260612-0855,2,2026-06-12 15:09:44,Orchard Central,TOP-W-01,Women's Airism Cotton Crew Neck T-Shirt,Tops,Women,14.9,14.9,False,1,14.9,Cash
BUG-20260612-0050,2,2026-06-12 20:02:00,Bugis,UND-M-02,Men's Cotton Blend Trunks,Underwear,Men,14.9,14.9,False,1,14.9,PayNow
BUG-20260612-0965,3,2026-06-12 19:44:46,Bugis,TOP-M-04,Men's Oxford Long Sleeve Shirt,Tops,Men,29.9,29.9,False,1,29.9,Card
PUN-20260612-0114,2,2026-06-12 16:50:44,  Punggol  ,SOK-M-04,Men's Ribbed Crew Socks,Socks,Men,5.9,5.9,False,1,5.9,Card
ORC-20260612-0584,1,2026-06-12 13:30:59,Orchard Central,UND-W-03,Women's Cotton Blend Briefs,Underwear,Women,9.9,9.9,False,2,$19.8,NETS
ORC-20260612-1267,2,2026-06-12 16:14:31,Orchard Central,TOP-W-04,Women's Heattech Crew Neck Long Sleeve Tee,Tops,Women,14.9,14.9,False,1,14.9,Card
ORC-20260612-0971,1,2026-06-12 20:23:15,Orchard Central,SOK-M-04,Men's Ribbed Crew Socks,Socks,men,5.9,5.9,False,1,5.9,Cash
BUG-20260612-1145,1,2026-06-12 16:48:09,Bugis,SOK-W-01,Women's Ankle Socks 3-Pack,Socks,Women,14.9,14.9,False,1,14.9,Card
BUG-20260612-0755,2,2026-06-12 20:11:11,Bugis,SOK-M-04,Men's Ribbed Crew Socks,Socks,Men,5.9,5.9,False,1,5.9,NETS
ORC-20260612-1271,2,2026-06-12 15:56:22,Orchard Central,SOK-M-03,Men's Airism Low-Cut Socks,Socks,men,5.9,5.9,False,1,5.9,Card
BUG-20260612-0952,1,2026-06-12 21:31:51,Bugis,TOP-W-01,Women's Airism Cotton Crew Neck T-Shirt,Tops,Women,14.9,14.9,False,1,14.9,Card
PUN-20260612-0138,2,2026-06-12 18:34:07,Punggol,UND-M-02,Men's Cotton Blend Trunks,Underwear,Men,14.9,14.9,False,1,14.9,NETS
ORC-20260612-0501,1,2026-06-12 21:19:26,Orchard Central,TOP-W-04,Women's Heattech Crew Neck Long Sleeve Tee,Tops,Women,14.9,14.9,False,1,14.9,Paynow
BUG-20260612-0140,1,2026-06-12 21:49:23,Bugis,UND-W-03,  Women's Cotton Blend Briefs  ,UNDERWEAR,WOMEN,9.9,9.9,False,1,9.9,PayNow
ORC-20260612-1084,1,2026-06-12 19:35:03,ORCHARD CENTRAL,UND-W-03,Women's Cotton Blend Briefs,Underwear,Women,9.9,9.9,False,2,19.8,CARD
BUG-20260612-0215,2,2026-06-12 18:05:41,bugis,UND-M-02,Men's Cotton Blend Trunks,Underwear,MEN,14.9,14.9,False,1,14.9,Card
ORC-20260612-1024,3,2026-06-12 20:35:09,Orchard Central,SOK-W-04,Women's Ribbed Crew Socks,Socks,Women,5.9,5.9,False,1,5.9,Card
BUG-20260612-0249,2,2026-06-12 15:00:26,Bugis,SOK-M-02,Men's Pile Crew Socks,Socks,Men,5.9,5.9,False,1,5.9,PayNow
BUG-20260612-0558,2,2026-06-12 21:38:41,Bugis,SOK-M-02,Men's Pile Crew Socks,Socks,Men,5.9,5.9,False,1,5.9,Nets
BUG-20260612-0145,1,2026-06-12 19:29:44,Bugis,SOK-W-01,Women's Ankle Socks 3-Pack,Socks,Women,14.9,14.9,False,1,14.9,Card
ORC-20260612-0703,1,2026-06-12 17:47:31,Orchard Central,SOK-M-04,Men's Ribbed Crew Socks,Socks,Men,5.9,5.9,False,1,5.9,PayNow
ORC-20260612-0253,2,2026-06-12 21:13:45,orchard central,SOK-M-01,Men's Ankle Socks 3-Pack,Socks,Men,14.9,14.9,False,1,14.9,Card
BUG-20260612-0946,2,2026-06-12 18:04:24,Bugis,BTM-W-01,Women's Ultra Stretch Skinny Jeans,Bottoms,Women,39.9,39.9,False,1,39.9,PayNow
ORC-20260612-0722,2,2026-06-12 18:36:04,Orchard Central,SOK-M-02,Men's Pile Crew Socks,Socks,Men,5.9,5.9,False,1,5.9,PayNow
BUG-20260612-0439,2,2026-06-12 17:24:19,Bugis,BTM-M-04,Men's Dry Stretch Shorts,Bottoms,Men,19.9,19.9,False,1,19.9,PayNow
ORC-20260612-0004,2,2026-06-12 20:04:10,Orchard Central,UND-M-10,Men's Cotton Blend Briefs,Underwear,Men,7.42,9.9,True,2,14.84,NETS
BUG-20260612-0926,2,2026-06-12 19:33:03,Bugis,SOK-M-03,Men's Airism Low-Cut Socks,Socks,Men,5.9,5.9,False,2,11.8,nets
PUN-20260612-0494,2,2026-06-12 18:39:04,Punggol,BTM-W-01,Women's Ultra Stretch Skinny Jeans,Bottoms,Women,39.9,39.9,False,1,39.9,Card
BUG-20260612-1029,2,2026-06-12 11:41:17,Bugis,TOP-W-03,Women's Silky Satin Blouse,Tops,Women,39.9,39.9,False,1,39.9,Card
PUN-20260612-0194,1,2026-06-12 20:37:11,Punggol,SOK-W-01,Women's Ankle Socks 3-Pack,Socks,Women,14.9,14.9,False,2,29.8,Cash
PUN-20260612-0743,1,2026-06-12 20:11:18,PUNGGOL,UND-W-03,Women's Cotton Blend Briefs,Underwear,Women,9.9,9.9,False,1,9.9,PayNow
PUN-20260612-0649,2,2026-06-12 16:31:04,Punggol,SOK-W-02,Women's Pile Crew Socks,Socks,Women,5.9,5.9,False,1,5.9,Card
ORC-20260612-1239,2,2026-06-12 19:12:08,ORCHARD CENTRAL,SOK-M-04,Men's Ribbed Crew Socks,Socks,Men,5.9,5.9,False,1,5.9,PayNow
BUG-20260612-0843,2,2026-06-12 16:17:02,  Bugis  ,BTM-M-01,Men's Ezy Ankle Pants,Bottoms,Men,29.9,29.9,False,1,29.9,PayNow
BUG-20260612-1217,2,2026-06-12 18:27:25,Bugis,TOP-M-03,Men's Dry-EX Crew Neck T-Shirt,Tops,Men,19.9,19.9,False,1,$19.9,NETS
ORC-20260612-0909,1,2026-06-12 20:53:03,Orchard Central,BTM-W-03,Women's Ezy Ankle Pants,Bottoms,Women,29.9,29.9,False,1,29.9,Cash
BUG-20260612-0449,1,2026-06-12 19:03:52,Bugis,UND-W-03,Women's Cotton Blend Briefs,Underwear,WOMEN,9.9,9.9,False,1,9.9,Cash
BUG-20260612-1120,1,2026-06-12 16:31:49,Bugis,TOP-W-04,Women's Heattech Crew Neck Long Sleeve Tee,Tops,Women,14.9,14.9,False,1,14.9,Card
BUG-20260612-1162,1,2026-06-12 16:19:49,Bugis,SOK-M-01,Men's Ankle Socks 3-Pack,socks,Men,14.9,14.9,False,1,14.9,Card
BUG-20260612-1128,1,2026-06-12 11:10:33,Bugis,SOK-W-02,Women's Pile Crew Socks,Socks,Women,5.9,5.9,False,1,5.9,PayNow
PUN-20260612-0263,2,2026-06-12 19:16:46,Punggol,UND-W-01,Women's Airism Bikini Shorts,Underwear,Women,9.9,9.9,False,1,9.9,Card
BUG-20260612-0212,1,2026-06-12 17:59:52,Bugis,SOK-W-01,Women's Ankle Socks 3-Pack,Socks,Women,14.9,14.9,False,1,14.9,PayNow
PUN-20260612-0804,2,2026-06-12 21:26:52,  Punggol  ,BTM-W-03,  Women's Ezy Ankle Pants  ,Bottoms,Women,29.9,29.9,False,1,29.9,Cash
BUG-20260612-0313,1,2026-06-12 17:04:00,Bugis,SOK-W-01,Women's Ankle Socks 3-Pack,Socks,Women,14.9,14.9,False,1,14.9,NETS
PUN-20260612-0215,1,2026-06-12 20:45:26,PUNGGOL,UND-M-02,Men's Cotton Blend Trunks,Underwear,Men,14.9,14.9,False,1,14.9,Paynow
BUG-20260612-0989,1,2026-06-12 20:04:34,Bugis,SOK-W-03,Women's Airism Low-Cut Socks,Socks,Women,5.9,5.9,False,1,5.9,NETS
BUG-20260612-0259,1,2026-06-12 20:12:00,Bugis,UND-W-03,Women's Cotton Blend Briefs,Underwear,Women,9.9,9.9,False,1,9.9,Cash
ORC-20260612-1107,2,2026-06-12 14:03:34,ORCHARD CENTRAL,TOP-M-04,Men's Oxford Long Sleeve Shirt,Tops,Men,29.9,29.9,False,1,29.9,Cash
ORC-20260612-0575,1,2026-06-12 16:38:02,Orchard Central,SOK-W-04,Women's Ribbed Crew Socks,Socks,Women,5.9,5.9,False,1,5.9,cash
BUG-20260612-1085,1,2026-06-12 20:38:54,Bugis,UND-M-02,Men's Cotton Blend Trunks,Underwear,Men,14.9,14.9,False,1,14.9,nets
PUN-20260612-0518,1,2026-06-12 20:09:26,Punggol,UND-M-03,Men's Airism Mesh Boxer Briefs,Underwear,Men,14.9,14.9,False,1,14.9,Card
BUG-20260612-0654,1,2026-06-12 13:12:23,Bugis,UND-W-05,Women's Seamless Shorts,Underwear,Women,9.9,9.9,False,1,9.9,Card
ORC-20260612-0687,2,2026-06-12 18:11:47,Orchard Central,SOK-M-04,Men's Ribbed Crew Socks,Socks,Men,5.9,5.9,False,1,5.9,PayNow
ORC-20260612-0514,1,2026-06-12 20:09:30,Orchard Central,SOK-W-02,Women's Pile Crew Socks,Socks,WOMEN,5.9,5.9,False,1,5.9,Card
ORC-20260612-1107,1,2026-06-12 14:03:34,Orchard Central,SOK-W-03,Women's Airism Low-Cut Socks,Socks,Women,5.9,5.9,False,1,5.9,CASH
ORC-20260612-1065,1,2026-06-12 16:41:56,  Orchard Central  ,SOK-W-02,Women's Pile Crew Socks,Socks,Women,5.9,5.9,False,1,5.9,Card
ORC-20260612-1029,2,2026-06-12 18:41:53,Orchard Central,BTM-M-04,Men's Dry Stretch Shorts,Bottoms,Men,19.9,19.9,False,1,19.9,Card
ORC-20260612-0761,3,2026-06-12 13:28:55,Orchard Central,SOK-M-04,Men's Ribbed Crew Socks,Socks,Men,5.9,5.9,False,2,11.8,PayNow
PUN-20260612-0479,1,2026-06-12 21:19:14,Punggol,BTM-M-01,Men's Ezy Ankle Pants,Bottoms,Men,29.9,29.9,False,1,29.9,NETS
ORC-20260612-1303,2,2026-06-12 19:01:38,Orchard Central,TOP-W-02,Women's Ribbed Long Sleeve Turtleneck,Tops,women,19.9,19.9,False,1,19.9,PayNow
BUG-20260612-0984,1,2026-06-12 17:44:54,Bugis,SOK-W-04,Women's Ribbed Crew Socks,Socks,Women,5.9,5.9,False,1,5.9,Card
BUG-20260612-0460,3,2026-06-12 19:41:28,bugis,BTM-M-02,Men's Slim Fit Chino Trousers,Bottoms,Men,29.9,29.9,False,1,29.9,Card
ORC-20260612-1198,2,2026-06-12 17:18:14,Orchard Central,UND-W-04,Women's Airism T-Shirt Bra,Underwear,Women,29.9,29.9,False,1,29.9,PayNow
ORC-20260612-0391,2,2026-06-12 14:30:41,ORCHARD CENTRAL,SOK-W-03,Women's Airism Low-Cut Socks,Socks,Women,5.9,5.9,False,1,5.9,PayNow
ORC-20260612-0677,2,2026-06-12 16:20:09,Orchard Central,SOK-W-02,Women's Pile Crew Socks,Socks,Women,5.9,5.9,False,1,5.9,Card
PUN-20260612-0727,1,2026-06-12 20:14:13,Punggol,SOK-M-04,Men's Ribbed Crew Socks,SOCKS,Men,5.9,5.9,False,1,5.9,card
PUN-20260612-0330,2,2026-06-12 13:18:34,punggol,BTM-W-01,Women's Ultra Stretch Skinny Jeans,Bottoms,Women,39.9,39.9,False,1,39.9,NETS
ORC-20260612-0431,1,2026-06-12 13:27:16,Orchard Central,SOK-W-02,Women's Pile Crew Socks,Socks,Women,5.9,5.9,False,1,5.9,Cash
PUN-20260612-0408,1,2026-06-12 20:14:50,  Punggol  ,UND-W-01,Women's Airism Bikini Shorts,Underwear,Women,9.9,9.9,False,1,$9.9,Card
BUG-20260612-0848,1,2026-06-12 16:15:14,Bugis,SOK-W-03,Women's Airism Low-Cut Socks,Socks,WOMEN,5.9,5.9,False,1,5.9,Card
PUN-20260612-0292,1,2026-06-12 20:43:49,Punggol,TOP-W-01,Women's Airism Cotton Crew Neck T-Shirt,Tops,Women,14.9,14.9,False,1,14.9,PayNow
BUG-20260612-0886,3,2026-06-12 14:49:29,Bugis,TOP-M-02,Men's Supima Cotton Polo Shirt,tops,Men,29.9,29.9,False,1,29.9,PAYNOW
ORC-20260612-0694,1,2026-06-12 16:06:47,Orchard Central,UND-W-03,Women's Cotton Blend Briefs,Underwear,Women,9.9,9.9,False,1,9.9,PayNow
ORC-20260612-0549,1,2026-06-12 16:57:38,Orchard Central,SOK-M-01,Men's Ankle Socks 3-Pack,Socks,Men,14.9,14.9,False,1,14.9,Card
BUG-20260612-0744,1,2026-06-12 19:21:31,Bugis,TOP-W-01,Women's Airism Cotton Crew Neck T-Shirt,Tops,Women,14.9,14.9,False,1,14.9,Card
BUG-20260612-0188,2,2026-06-12 17:30:39,Bugis,TOP-W-04,  Women's Heattech Crew Neck Long Sleeve Tee  ,Tops,Women,14.9,14.9,False,1,$14.9,Paynow
BUG-20260612-0203,1,2026-06-12 19:13:54,Bugis,SOK-M-02,Men's Pile Crew Socks,Socks,Men,5.9,5.9,False,1,5.9,Card
ORC-20260612-0757,1,2026-06-12 19:39:56,Orchard Central,UND-M-01,Men's Airism Boxer Briefs,Underwear,Men,14.9,14.9,False,1,14.9,Card
PUN-20260612-0064,2,2026-06-12 15:02:23,Punggol,UND-M-03,Men's Airism Mesh Boxer Briefs,Underwear,Men,14.9,14.9,False,1,14.9,Card
BUG-20260612-0281,1,2026-06-12 20:43:21,BUGIS,SOK-M-02,Men's Pile Crew Socks,Socks,MEN,5.9,5.9,False,1,5.9,Card
ORC-20260612-1247,2,2026-06-12 22:28:12,Orchard Central,TOP-M-03,Men's Dry-EX Crew Neck T-Shirt,Tops,Men,19.9,19.9,False,1,19.9,Card
BUG-20260612-0424,1,2026-06-12 20:25:34,Bugis,SOK-W-02,Women's Pile Crew Socks,Socks,Women,5.9,5.9,False,1,5.9,Paynow
PUN-20260612-0054,2,2026-06-12 19:28:12,PUNGGOL,UND-M-01,Men's Airism Boxer Briefs,Underwear,Men,$14.9,14.9,False,1,14.9,Card
ORC-20260612-0989,1,2026-06-12 20:02:37,Orchard Central,SOK-W-03,Women's Airism Low-Cut Socks,Socks,Women,5.9,5.9,False,1,5.9,PayNow
BUG-20260612-0003,2,2026-06-12 17:21:12,Bugis,UND-W-03,Women's Cotton Blend Briefs,Underwear,Women,9.9,9.9,False,1,9.9,Card
PUN-20260612-0174,2,2026-06-12 18:05:26,Punggol,UND-W-04,Women's Airism T-Shirt Bra,Underwear,Women,29.9,29.9,False,2,59.8,Cash
BUG-20260612-0061,1,2026-06-12 21:38:58,bugis,SOK-M-04,Men's Ribbed Crew Socks,Socks,men,5.9,5.9,False,2,11.8,Card
BUG-20260612-0570,2,2026-06-12 12:52:52,Bugis,UND-W-03,Women's Cotton Blend Briefs,Underwear,Women,9.9,9.9,False,1,9.9,Card
PUN-20260612-0523,1,2026-06-12 12:42:35,Punggol,TOP-M-02,Men's Supima Cotton Polo Shirt,Tops,Men,29.9,29.9,False,1,29.9,PayNow
BUG-20260612-0125,1,2026-06-12 21:14:48,Bugis,TOP-M-01,Men's Airism Cotton Crew Neck T-Shirt,TOPS,Men,14.9,14.9,False,1,14.9,Card
ORC-20260612-0780,2,2026-06-12 19:39:09,Orchard Central,SOK-M-01,Men's Ankle Socks 3-Pack,Socks,MEN,14.9,14.9,False,2,29.8,NETS
ORC-20260612-1272,3,2026-06-12 16:39:07,Orchard Central,TOP-W-03,Women's Silky Satin Blouse,Tops,Women,39.9,39.9,False,1,39.9,Cash
BUG-20260612-0565,2,2026-06-12 19:09:48,Bugis,SOK-W-02,Women's Pile Crew Socks,socks,Women,5.9,5.9,False,1,$5.9,Card
PUN-20260612-0139,1,2026-06-12 17:47:53,Punggol,UND-W-08,Women's Airism Camisole,Underwear,Women,14.9,14.9,False,2,29.8,CASH
ORC-20260612-0177,1,2026-06-12 19:49:23,Orchard Central,TOP-M-01,  Men's Airism Cotton Crew Neck T-Shirt  ,Tops,men,14.9,14.9,False,1,14.9,PayNow
BUG-20260612-0232,1,2026-06-12 21:25:02,bugis,SOK-W-03,Women's Airism Low-Cut Socks,Socks,Women,5.9,5.9,False,1,5.9,NETS
BUG-20260612-1144,2,2026-06-12 20:54:03,Bugis,TOP-M-04,  Men's Oxford Long Sleeve Shirt  ,Tops,Men,29.9,29.9,False,1,29.9,PayNow
BUG-20260612-1031,1,2026-06-12 15:48:52,Bugis,UND-M-04,Men's Cotton Crew Neck Undershirt,Underwear,Men,14.9,14.9,False,2,29.8,Card
BUG-20260612-0336,1,2026-06-12 16:41:26,Bugis,SOK-W-04,Women's Ribbed Crew Socks,Socks,Women,5.9,5.9,False,2,11.8,Card
PUN-20260612-0659,1,2026-06-12 16:51:54,Punggol,SOK-M-03,Men's Airism Low-Cut Socks,socks,Men,5.9,5.9,False,1,5.9,NETS
BUG-20260612-1149,3,2026-06-12 12:19:11,Bugis,TOP-W-04,Women's Heattech Crew Neck Long Sleeve Tee,Tops,women,14.9,14.9,False,1,14.9,Card
PUN-20260612-0777,3,2026-06-12 21:34:48,Punggol,SOK-M-01,Men's Ankle Socks 3-Pack,Socks,Men,14.9,14.9,False,1,14.9,Card
BUG-20260612-0309,3,2026-06-12 19:59:44,Bugis,SOK-W-02,Women's Pile Crew Socks,Socks,Women,5.9,5.9,False,1,5.9,CARD
BUG-20260612-0755,3,2026-06-12 20:11:11,bugis,UND-W-03,Women's Cotton Blend Briefs,Underwear,WOMEN,9.9,9.9,False,1,9.9,nets
BUG-20260612-0314,3,2026-06-12 22:52:56,Bugis,SOK-W-03,Women's Airism Low-Cut Socks,Socks,Women,5.9,5.9,False,1,5.9,card
PUN-20260612-0516,1,2026-06-12 17:56:26,Punggol,SOK-M-03,Men's Airism Low-Cut Socks,Socks,Men,5.9,5.9,False,1,5.9,Card
ORC-20260612-1011,1,2026-06-12 15:16:18,Orchard Central,BTM-W-10,  Women's High Waist Denim Shorts  ,Bottoms,WOMEN,29.9,29.9,False,1,29.9,Cash
BUG-20260612-0186,1,2026-06-12 19:39:48,Bugis,SOK-W-04,Women's Ribbed Crew Socks,Socks,Women,$5.9,5.9,False,1,5.9,NETS
PUN-20260612-0362,1,2026-06-12 17:20:11,Punggol,SOK-W-02,Women's Pile Crew Socks,Socks,Women,5.9,5.9,False,1,5.9,NETS
PUN-20260612-0813,1,2026-06-12 15:56:44,Punggol,SOK-W-03,Women's Airism Low-Cut Socks,Socks,Women,5.9,5.9,False,1,5.9,PAYNOW
BUG-20260612-0815,3,2026-06-12 19:37:52,Bugis,TOP-W-03,Women's Silky Satin Blouse,Tops,women,39.9,39.9,False,1,39.9,cash
PUN-20260612-0519,1,2026-06-12 21:26:56,Punggol,SOK-W-02,  Women's Pile Crew Socks  ,Socks,Women,5.9,5.9,False,2,11.8,Cash
BUG-20260612-1208,3,2026-06-12 15:46:03,BUGIS,SOK-W-04,Women's Ribbed Crew Socks,SOCKS,Women,5.9,5.9,False,1,5.9,PayNow
ORC-20260612-0804,3,2026-06-12 20:29:06,Orchard Central,UND-M-03,Men's Airism Mesh Boxer Briefs,Underwear,Men,14.9,14.9,False,1,14.9,Card
ORC-20260612-0134,2,2026-06-12 20:07:05,Orchard Central,SOK-W-02,Women's Pile Crew Socks,Socks,Women,5.9,5.9,False,1,$5.9,Card
BUG-20260612-1052,3,2026-06-12 19:46:56,Bugis,SOK-M-02,Men's Pile Crew Socks,Socks,Men,5.9,5.9,False,1,5.9,Cash
BUG-20260612-0932,1,2026-06-12 20:04:28,Bugis,UND-W-03,Women's Cotton Blend Briefs,Underwear,Women,9.9,9.9,False,2,$19.8,CARD
BUG-20260612-0339,2,2026-06-12 15:16:09,  Bugis  ,TOP-W-08,Women's Puff Sleeve Blouse,Tops,Women,20.35,29.9,True,1,20.35,CARD
PUN-20260612-0488,2,2026-06-12 15:11:18,Punggol,SOK-M-03,Men's Airism Low-Cut Socks,Socks,Men,5.9,5.9,False,1,5.9,PayNow
PUN-20260612-0383,1,2026-06-12 12:20:41,Punggol,TOP-W-02,Women's Ribbed Long Sleeve Turtleneck,Tops,Women,19.9,19.9,False,1,19.9,PayNow
ORC-20260612-0390,1,2026-06-12 22:41:56,Orchard Central,TOP-M-04,Men's Oxford Long Sleeve Shirt,Tops,Men,29.9,29.9,False,1,29.9,NETS
BUG-20260612-0600,1,2026-06-12 21:08:04,Bugis,BTM-W-02,Women's High-Rise Wide Leg Pants,Bottoms,Women,39.9,39.9,False,1,39.9,PayNow
ORC-20260612-0714,1,2026-06-12 14:37:42,Orchard Central,UND-W-01,Women's Airism Bikini Shorts,Underwear,Women,9.9,9.9,False,1,9.9,Cash
ORC-20260612-0801,2,2026-06-12 19:10:41,Orchard Central,SOK-M-03,Men's Airism Low-Cut Socks,Socks,Men,5.9,5.9,False,1,5.9,Cash
ORC-20260612-0239,1,2026-06-12 21:44:03,ORCHARD CENTRAL,SOK-M-03,Men's Airism Low-Cut Socks,Socks,Men,5.9,5.9,False,1,5.9,Card
ORC-20260612-0631,2,2026-06-12 19:39:15,Orchard Central,TOP-W-03,Women's Silky Satin Blouse,Tops,Women,$39.9,39.9,False,1,39.9,Card
ORC-20260612-0425,2,2026-06-12 20:50:23,orchard central,TOP-M-01,Men's Airism Cotton Crew Neck T-Shirt,Tops,Men,14.9,14.9,False,1,14.9,PayNow
BUG-20260612-0849,3,2026-06-12 17:02:23,Bugis,SOK-W-03,Women's Airism Low-Cut Socks,Socks,Women,$5.9,5.9,False,1,5.9,Nets
PUN-20260612-0135,2,2026-06-12 14:56:28,punggol,TOP-W-04,Women's Heattech Crew Neck Long Sleeve Tee,Tops,Women,14.9,14.9,False,1,14.9,Cash
ORC-20260612-1243,3,2026-06-12 16:38:54,ORCHARD CENTRAL,TOP-M-07,Men's Ultra Light Down Jacket,Tops,Men,55.24,79.9,True,1,55.24,Paynow
BUG-20260612-0176,1,2026-06-12 20:48:15,Bugis,UND-M-04,Men's Cotton Crew Neck Undershirt,Underwear,Men,14.9,14.9,False,1,14.9,PayNow
ORC-20260612-0001,1,2026-06-12 21:15:14,Orchard Central,BTM-M-04,Men's Dry Stretch Shorts,Bottoms,Men,19.9,19.9,False,1,19.9,paynow
BUG-20260612-0434,1,2026-06-12 14:06:51,Bugis,SOK-W-03,Women's Airism Low-Cut Socks,Socks,Women,5.9,5.9,False,1,5.9,Card
ORC-20260612-0001,2,2026-06-12 21:15:14,Orchard Central,BTM-W-01,  Women's Ultra Stretch Skinny Jeans  ,Bottoms,Women,39.9,39.9,False,1,39.9,PayNow
BUG-20260612-0676,1,2026-06-12 18:16:39,Bugis,UND-M-02,Men's Cotton Blend Trunks,Underwear,men,14.9,14.9,False,1,14.9,NETS
BUG-20260612-0003,1,2026-06-12 17:21:12,  BUGIS  ,SOK-W-06,Women's Heattech Socks,Socks,Women,9.9,9.9,False,1,9.9,card
ORC-20260612-0953,3,2026-06-12 17:13:07,Orchard Central,UND-M-01,Men's Airism Boxer Briefs,Underwear,Men,14.9,14.9,False,1,14.9,NETS
BUG-20260612-0766,1,2026-06-12 14:26:17,Bugis,SOK-M-04,Men's Ribbed Crew Socks,Socks,men,5.9,5.9,False,1,5.9,cash
ORC-20260612-0199,1,2026-06-12 11:48:16,Orchard Central,UND-W-04,Women's Airism T-Shirt Bra,Underwear,Women,$29.9,29.9,False,1,29.9,Card
PUN-20260612-0437,2,2026-06-12 19:25:23,Punggol,SOK-W-02,Women's Pile Crew Socks,Socks,women,5.9,5.9,False,1,$5.9,Card
BUG-20260612-1105,1,2026-06-12 19:43:12,  Bugis  ,SOK-M-02,Men's Pile Crew Socks,Socks,Men,5.9,5.9,False,1,5.9,PayNow
ORC-20260612-0710,1,2026-06-12 20:14:38,ORCHARD CENTRAL,SOK-M-08,Men's Cotton Blend Dress Socks,Socks,Men,9.9,9.9,False,1,9.9,Cash
PUN-20260612-0598,3,2026-06-12 12:43:51,Punggol,TOP-W-02,Women's Ribbed Long Sleeve Turtleneck,Tops,Women,19.9,19.9,False,1,19.9,PayNow
ORC-20260612-0940,1,2026-06-12 18:18:05,ORCHARD CENTRAL,UND-M-03,Men's Airism Mesh Boxer Briefs,Underwear,Men,14.9,14.9,False,1,14.9,Card
BUG-20260612-0373,3,2026-06-12 20:21:55,Bugis,SOK-W-03,Women's Airism Low-Cut Socks,Socks,Women,5.9,5.9,False,1,5.9,Card
PUN-20260612-0752,2,2026-06-12 11:14:44,Punggol,UND-W-02,Women's Wireless Bra,Underwear,Women,29.9,29.9,False,1,29.9,Nets
ORC-20260612-0227,1,2026-06-12 17:44:58,Orchard Central,TOP-M-02,Men's Supima Cotton Polo Shirt,Tops,Men,29.9,29.9,False,1,29.9,NETS
ORC-20260612-1021,1,2026-06-12 18:02:43,Orchard Central,UND-M-02,Men's Cotton Blend Trunks,Underwear,men,14.9,14.9,False,1,14.9,Card
ORC-20260612-0220,1,2026-06-12 15:58:04,Orchard Central,SOK-M-02,Men's Pile Crew Socks,Socks,Men,5.9,5.9,False,1,5.9,Cash
BUG-20260612-0362,1,2026-06-12 21:12:22,Bugis,BTM-M-05,Men's Wide Fit Cargo Pants,Bottoms,men,26.68,39.9,True,1,26.68,Card
ORC-20260612-0455,3,2026-06-12 20:18:37,Orchard Central,SOK-W-01,Women's Ankle Socks 3-Pack,Socks,Women,14.9,14.9,False,1,14.9,PayNow
ORC-20260612-0739,1,2026-06-12 21:04:35,Orchard Central,TOP-W-04,Women's Heattech Crew Neck Long Sleeve Tee,Tops,Women,14.9,14.9,False,1,14.9,NETS
ORC-20260612-1076,3,2026-06-12 21:45:38,  Orchard Central  ,TOP-W-04,Women's Heattech Crew Neck Long Sleeve Tee,Tops,Women,14.9,14.9,False,1,14.9,NETS
PUN-20260612-0272,1,2026-06-12 12:04:43,Punggol,SOK-M-03,Men's Airism Low-Cut Socks,Socks,men,5.9,5.9,False,1,5.9,PayNow
ORC-20260612-0269,1,2026-06-12 19:55:17,Orchard Central,TOP-W-04,Women's Heattech Crew Neck Long Sleeve Tee,Tops,Women,14.9,14.9,False,1,14.9,PayNow
PUN-20260612-0429,1,2026-06-12 19:08:45,Punggol,SOK-W-04,Women's Ribbed Crew Socks,SOCKS,Women,5.9,5.9,False,1,5.9,Cash
ORC-20260612-0047,1,2026-06-12 15:39:29,Orchard Central,SOK-W-03,  Women's Airism Low-Cut Socks  ,Socks,Women,5.9,5.9,False,2,11.8,PayNow
ORC-20260612-0063,1,2026-06-12 11:08:21,Orchard Central,UND-W-04,Women's Airism T-Shirt Bra,Underwear,Women,29.9,29.9,False,1,29.9,card
BUG-20260612-1154,1,2026-06-12 21:17:34,Bugis,SOK-W-06,  Women's Heattech Socks  ,Socks,Women,9.9,9.9,False,1,9.9,Card
ORC-20260612-0048,2,2026-06-12 19:30:40,Orchard Central,SOK-W-08,Women's Lace Trim Ankle Socks,Socks,Women,5.9,5.9,False,1,5.9,PayNow
PUN-20260612-0048,1,2026-06-12 19:17:29,Punggol,SOK-M-02,Men's Pile Crew Socks,Socks,Men,5.9,5.9,False,2,11.8,Card
BUG-20260612-1063,2,2026-06-12 16:43:51,Bugis,SOK-W-03,Women's Airism Low-Cut Socks,Socks,Women,5.9,5.9,False,2,11.8,Cash
BUG-20260612-0126,3,2026-06-12 18:27:12,Bugis,SOK-M-02,Men's Pile Crew Socks,Socks,Men,5.9,5.9,False,1,5.9,Card
PUN-20260612-0636,1,2026-06-12 17:45:29,Punggol,UND-W-02,Women's Wireless Bra,Underwear,Women,29.9,29.9,False,2,59.8,Cash
PUN-20260612-0155,1,2026-06-12 22:31:35,Punggol,UND-M-01,Men's Airism Boxer Briefs,Underwear,Men,14.9,14.9,False,1,14.9,PayNow
ORC-20260612-1024,2,2026-06-12 20:35:09,Orchard Central,SOK-M-03,Men's Airism Low-Cut Socks,Socks,Men,5.9,5.9,False,1,5.9,Card
ORC-20260612-0709,1,2026-06-12 18:34:32,Orchard Central,BTM-W-02,Women's High-Rise Wide Leg Pants,Bottoms,Women,39.9,39.9,False,1,39.9,Cash
ORC-20260612-0517,1,2026-06-12 11:00:23,Orchard Central,BTM-W-02,Women's High-Rise Wide Leg Pants,bottoms,Women,39.9,39.9,False,1,39.9,nets
BUG-20260612-0879,2,2026-06-12 19:55:55,BUGIS,TOP-W-03,Women's Silky Satin Blouse,Tops,Women,39.9,39.9,False,1,39.9,Card
ORC-20260612-0875,2,2026-06-12 12:55:32,Orchard Central,BTM-M-02,Men's Slim Fit Chino Trousers,Bottoms,Men,29.9,29.9,False,1,29.9,Card
BUG-20260612-0593,2,2026-06-12 17:52:15,bugis,SOK-M-04,Men's Ribbed Crew Socks,Socks,men,5.9,5.9,False,1,5.9,Paynow
BUG-20260612-1189,1,2026-06-12 18:10:21,bugis,SOK-W-02,Women's Pile Crew Socks,SOCKS,Women,5.9,5.9,False,1,5.9,Cash
BUG-20260612-0828,2,2026-06-12 19:03:46,  Bugis  ,UND-W-03,Women's Cotton Blend Briefs,Underwear,Women,9.9,9.9,False,1,9.9,Card
ORC-20260612-0272,1,2026-06-12 20:36:07,Orchard Central,UND-M-04,Men's Cotton Crew Neck Undershirt,Underwear,MEN,14.9,14.9,False,1,14.9,Card
PUN-20260612-0506,1,2026-06-12 19:09:06,Punggol,TOP-W-04,Women's Heattech Crew Neck Long Sleeve Tee,Tops,Women,14.9,14.9,False,1,14.9,Cash
ORC-20260612-0089,2,2026-06-12 16:44:05,Orchard Central,SOK-M-04,Men's Ribbed Crew Socks,Socks,Men,5.9,5.9,False,1,5.9,NETS
ORC-20260612-1103,3,2026-06-12 21:46:59,Orchard Central,UND-W-04,Women's Airism T-Shirt Bra,Underwear,Women,29.9,29.9,False,1,29.9,NETS
BUG-20260612-1039,1,2026-06-12 20:06:33,Bugis,SOK-W-04,Women's Ribbed Crew Socks,Socks,Women,5.9,5.9,False,1,5.9,PayNow
PUN-20260612-0079,2,2026-06-12 13:17:08,  Punggol  ,SOK-M-01,Men's Ankle Socks 3-Pack,Socks,Men,14.9,14.9,False,2,29.8,PayNow
PUN-20260612-0646,1,2026-06-12 18:30:49,Punggol,UND-W-01,  Women's Airism Bikini Shorts  ,Underwear,Women,$9.9,9.9,False,1,9.9,NETS
BUG-20260612-0479,1,2026-06-12 18:38:55,Bugis,TOP-M-03,Men's Dry-EX Crew Neck T-Shirt,Tops,Men,19.9,19.9,False,1,19.9,PayNow
ORC-20260612-0916,2,2026-06-12 17:07:08,orchard central,SOK-M-04,Men's Ribbed Crew Socks,Socks,Men,5.9,5.9,False,1,5.9,PayNow
ORC-20260612-0192,1,2026-06-12 15:01:14,Orchard Central,SOK-W-04,Women's Ribbed Crew Socks,Socks,Women,5.9,5.9,False,1,5.9,Paynow
ORC-20260612-0777,1,2026-06-12 20:02:05,Orchard Central,SOK-W-02,Women's Pile Crew Socks,Socks,Women,5.9,5.9,False,1,5.9,Card
BUG-20260612-0656,1,2026-06-12 12:47:04,Bugis,BTM-W-03,Women's Ezy Ankle Pants,Bottoms,Women,29.9,29.9,False,1,29.9,Cash
BUG-20260612-0548,1,2026-06-12 16:16:29,Bugis,UND-W-09,Women's Cotton Boyshorts,Underwear,Women,9.9,9.9,False,2,19.8,Cash
PUN-20260612-0004,2,2026-06-12 11:54:12,Punggol,SOK-M-04,Men's Ribbed Crew Socks,Socks,Men,5.9,5.9,False,1,5.9,PayNow
ORC-20260612-0041,2,2026-06-12 21:26:23,  ORCHARD CENTRAL  ,SOK-W-01,Women's Ankle Socks 3-Pack,SOCKS,Women,14.9,14.9,False,1,14.9,PayNow
PUN-20260612-0319,1,2026-06-12 14:24:23,Punggol,BTM-M-04,Men's Dry Stretch Shorts,Bottoms,MEN,19.9,19.9,False,1,19.9,Card
ORC-20260612-0298,2,2026-06-12 20:38:36,Orchard Central,SOK-M-02,Men's Pile Crew Socks,Socks,Men,5.9,5.9,False,1,5.9,Cash
BUG-20260612-0176,3,2026-06-12 20:48:15,Bugis,UND-W-02,Women's Wireless Bra,Underwear,Women,29.9,29.9,False,2,59.8,PayNow
ORC-20260612-1146,1,2026-06-12 19:34:16,Orchard Central,SOK-W-03,Women's Airism Low-Cut Socks,Socks,Women,5.9,5.9,False,1,5.9,Card
BUG-20260612-0680,2,2026-06-12 17:57:27,bugis,UND-M-04,Men's Cotton Crew Neck Undershirt,Underwear,Men,14.9,14.9,False,1,14.9,Card
ORC-20260612-0100,1,2026-06-12 21:14:05,ORCHARD CENTRAL,SOK-M-01,Men's Ankle Socks 3-Pack,SOCKS,Men,14.9,14.9,False,1,14.9,PayNow
BUG-20260612-0963,1,2026-06-12 19:49:32,bugis,SOK-M-02,  Men's Pile Crew Socks  ,Socks,MEN,5.9,5.9,False,1,5.9,Cash
BUG-20260612-1158,1,2026-06-12 18:13:06,Bugis,SOK-M-02,Men's Pile Crew Socks,Socks,Men,5.9,5.9,False,1,5.9,PayNow
PUN-20260612-0702,2,2026-06-12 12:19:10,Punggol,SOK-W-03,Women's Airism Low-Cut Socks,Socks,Women,5.9,5.9,False,2,11.8,Card
PUN-20260612-0595,2,2026-06-12 19:40:01,Punggol,UND-W-01,Women's Airism Bikini Shorts,Underwear,Women,9.9,9.9,False,1,9.9,Card
BUG-20260612-0426,1,2026-06-12 12:04:10,Bugis,UND-M-02,Men's Cotton Blend Trunks,underwear,Men,14.9,14.9,False,1,14.9,Card
ORC-20260612-1003,2,2026-06-12 17:40:54,Orchard Central,UND-M-02,Men's Cotton Blend Trunks,Underwear,MEN,14.9,14.9,False,2,29.8,PayNow
BUG-20260612-0590,1,2026-06-12 21:12:51,Bugis,TOP-M-04,Men's Oxford Long Sleeve Shirt,Tops,Men,29.9,29.9,False,1,29.9,Card
ORC-20260612-0512,1,2026-06-12 21:35:35,orchard central,UND-M-04,Men's Cotton Crew Neck Undershirt,UNDERWEAR,Men,14.9,14.9,False,1,14.9,PayNow
ORC-20260612-0570,2,2026-06-12 18:55:16,Orchard Central,SOK-W-03,Women's Airism Low-Cut Socks,Socks,Women,5.9,5.9,False,1,5.9,Card
PUN-20260612-0446,1,2026-06-12 17:46:39,Punggol,SOK-W-04,Women's Ribbed Crew Socks,Socks,Women,5.9,5.9,False,1,5.9,NETS
PUN-20260612-0100,1,2026-06-12 16:33:45,Punggol,SOK-W-02,Women's Pile Crew Socks,Socks,Women,5.9,5.9,False,1,5.9,Card
ORC-20260612-0859,1,2026-06-12 18:28:02,Orchard Central,BTM-M-01,Men's Ezy Ankle Pants,Bottoms,Men,29.9,29.9,False,1,29.9,PayNow
ORC-20260612-0891,3,2026-06-12 18:57:17,Orchard Central,SOK-W-02,Women's Pile Crew Socks,Socks,WOMEN,5.9,5.9,False,1,5.9,Card
BUG-20260612-0189,3,2026-06-12 17:59:35,Bugis,SOK-W-02,Women's Pile Crew Socks,Socks,Women,5.9,5.9,False,1,5.9,Card
ORC-20260612-0676,2,2026-06-12 20:19:40,Orchard Central,TOP-W-02,Women's Ribbed Long Sleeve Turtleneck,Tops,Women,19.9,19.9,False,1,19.9,Card
ORC-20260612-0069,1,2026-06-12 19:29:38,Orchard Central,SOK-W-04,Women's Ribbed Crew Socks,Socks,Women,$5.9,5.9,False,1,5.9,Card
BUG-20260612-0269,2,2026-06-12 19:56:08,BUGIS,UND-W-03,Women's Cotton Blend Briefs,Underwear,Women,9.9,9.9,False,1,9.9,Card
BUG-20260612-0298,2,2026-06-12 21:14:25,Bugis,SOK-W-02,Women's Pile Crew Socks,Socks,Women,$5.9,5.9,False,2,11.8,Card
ORC-20260612-1021,2,2026-06-12 18:02:43,Orchard Central,TOP-M-03,Men's Dry-EX Crew Neck T-Shirt,Tops,Men,19.9,19.9,False,1,19.9,Card
PUN-20260612-0163,1,2026-06-12 12:26:25,Punggol,UND-W-01,Women's Airism Bikini Shorts,underwear,Women,9.9,9.9,False,1,9.9,Cash
ORC-20260612-0755,1,2026-06-12 21:10:59,Orchard Central,SOK-W-01,Women's Ankle Socks 3-Pack,Socks,Women,14.9,14.9,False,1,14.9,NETS
ORC-20260612-0605,1,2026-06-12 18:36:59,Orchard Central,SOK-W-04,Women's Ribbed Crew Socks,Socks,Women,5.9,5.9,False,1,5.9,PayNow
BUG-20260612-0577,1,2026-06-12 16:34:55,  Bugis  ,UND-M-01,Men's Airism Boxer Briefs,Underwear,MEN,14.9,14.9,False,1,14.9,Card
PUN-20260612-0601,1,2026-06-12 13:41:55,Punggol,TOP-M-01,Men's Airism Cotton Crew Neck T-Shirt,Tops,Men,14.9,14.9,False,1,14.9,PayNow
PUN-20260612-0671,1,2026-06-12 12:00:52,Punggol,SOK-W-02,Women's Pile Crew Socks,Socks,Women,5.9,5.9,False,1,5.9,Card
BUG-20260612-0659,1,2026-06-12 13:34:10,Bugis,SOK-W-03,  Women's Airism Low-Cut Socks  ,Socks,Women,5.9,5.9,False,1,5.9,NETS
BUG-20260612-1181,1,2026-06-12 18:48:49,Bugis,UND-M-03,Men's Airism Mesh Boxer Briefs,UNDERWEAR,Men,14.9,14.9,False,2,29.8,PayNow
ORC-20260612-1012,2,2026-06-12 18:00:48,Orchard Central,SOK-M-01,Men's Ankle Socks 3-Pack,Socks,Men,14.9,14.9,False,1,14.9,Card
ORC-20260612-0198,2,2026-06-12 16:08:08,  Orchard Central  ,SOK-M-03,Men's Airism Low-Cut Socks,Socks,Men,5.9,5.9,False,1,5.9,card
ORC-20260612-1111,2,2026-06-12 19:58:20,Orchard Central,TOP-M-03,Men's Dry-EX Crew Neck T-Shirt,Tops,Men,19.9,19.9,False,1,19.9,Card
BUG-20260612-0475,1,2026-06-12 20:14:34,  Bugis  ,TOP-W-04,Women's Heattech Crew Neck Long Sleeve Tee,Tops,Women,14.9,14.9,False,1,14.9,PAYNOW
ORC-20260612-0861,1,2026-06-12 12:21:15,Orchard Central,SOK-W-02,Women's Pile Crew Socks,Socks,Women,5.9,5.9,False,2,11.8,Card
PUN-20260612-0438,2,2026-06-12 18:11:17,Punggol,BTM-M-04,Men's Dry Stretch Shorts,Bottoms,Men,19.9,19.9,False,1,19.9,PayNow
BUG-20260612-0941,1,2026-06-12 17:58:21,Bugis,SOK-M-02,  Men's Pile Crew Socks  ,Socks,Men,5.9,5.9,False,1,5.9,Cash
PUN-20260612-0220,3,2026-06-12 19:35:09,Punggol,SOK-M-03,Men's Airism Low-Cut Socks,Socks,Men,5.9,5.9,False,1,5.9,CARD
PUN-20260612-0378,3,2026-06-12 20:30:21,Punggol,UND-W-01,Women's Airism Bikini Shorts,Underwear,Women,9.9,9.9,False,1,9.9,Cash
PUN-20260612-0622,3,2026-06-12 20:33:33,PUNGGOL,SOK-W-03,Women's Airism Low-Cut Socks,socks,WOMEN,5.9,5.9,False,2,11.8,CARD
ORC-20260612-0106,3,2026-06-12 20:04:26,orchard central,SOK-W-01,Women's Ankle Socks 3-Pack,SOCKS,Women,14.9,14.9,False,1,14.9,PayNow
ORC-20260612-0976,2,2026-06-12 20:46:54,Orchard Central,SOK-M-06,Men's Heattech Socks,Socks,Men,9.9,9.9,False,1,9.9,NETS
BUG-20260612-0451,2,2026-06-12 15:54:32,Bugis,SOK-M-01,Men's Ankle Socks 3-Pack,Socks,Men,14.9,14.9,False,1,14.9,Cash
ORC-20260612-0811,1,2026-06-12 13:12:07,Orchard Central,TOP-W-08,Women's Puff Sleeve Blouse,Tops,Women,20.35,29.9,True,1,20.35,PAYNOW
PUN-20260612-0019,1,2026-06-12 18:05:34,Punggol,UND-W-01,Women's Airism Bikini Shorts,Underwear,Women,9.9,9.9,False,1,9.9,PayNow
ORC-20260612-0171,2,2026-06-12 19:32:46,Orchard Central,BTM-W-03,Women's Ezy Ankle Pants,Bottoms,Women,29.9,29.9,False,1,29.9,Card
PUN-20260612-0633,3,2026-06-12 16:23:38,Punggol,BTM-M-05,Men's Wide Fit Cargo Pants,Bottoms,MEN,26.68,39.9,True,1,26.68,PayNow
BUG-20260612-0129,2,2026-06-12 19:55:26,Bugis,SOK-W-02,Women's Pile Crew Socks,Socks,Women,5.9,5.9,False,1,5.9,PayNow
BUG-20260612-1047,1,2026-06-12 14:01:19,Bugis,SOK-W-04,Women's Ribbed Crew Socks,Socks,Women,5.9,5.9,False,1,5.9,Card
PUN-20260612-0684,1,2026-06-12 17:17:00,Punggol,BTM-M-01,Men's Ezy Ankle Pants,Bottoms,Men,29.9,29.9,False,1,29.9,PayNow
PUN-20260612-0812,3,2026-06-12 18:29:37,Punggol,UND-W-03,  Women's Cotton Blend Briefs  ,underwear,Women,9.9,9.9,False,1,9.9,Cash
ORC-20260612-1222,2,2026-06-12 19:29:50,Orchard Central,TOP-W-02,Women's Ribbed Long Sleeve Turtleneck,Tops,Women,$19.9,19.9,False,1,19.9,Card
ORC-20260612-0286,1,2026-06-12 20:11:50,Orchard Central,UND-M-02,  Men's Cotton Blend Trunks  ,Underwear,Men,14.9,14.9,False,1,14.9,Card
ORC-20260612-1253,1,2026-06-12 17:33:26,Orchard Central,UND-M-01,  Men's Airism Boxer Briefs  ,underwear,Men,14.9,14.9,False,1,14.9,Card
PUN-20260612-0632,3,2026-06-12 18:45:51,Punggol,UND-M-02,Men's Cotton Blend Trunks,Underwear,Men,14.9,14.9,False,1,14.9,Card
ORC-20260612-0911,1,2026-06-12 21:37:10,Orchard Central,SOK-M-04,Men's Ribbed Crew Socks,Socks,Men,5.9,5.9,False,1,5.9,card
PUN-20260612-0498,1,2026-06-12 21:28:06,Punggol,SOK-W-02,Women's Pile Crew Socks,SOCKS,Women,5.9,5.9,False,1,5.9,Card
ORC-20260612-1255,2,2026-06-12 19:55:54,Orchard Central,SOK-M-01,Men's Ankle Socks 3-Pack,Socks,Men,14.9,14.9,False,2,29.8,PayNow
BUG-20260612-0773,3,2026-06-12 12:28:41,Bugis,TOP-M-03,Men's Dry-EX Crew Neck T-Shirt,Tops,Men,19.9,19.9,False,1,19.9,card
PUN-20260612-0113,2,2026-06-12 18:45:46,  Punggol  ,TOP-W-02,Women's Ribbed Long Sleeve Turtleneck,Tops,Women,19.9,19.9,False,1,19.9,Card
PUN-20260612-0745,1,2026-06-12 16:45:30,Punggol,SOK-M-08,Men's Cotton Blend Dress Socks,socks,Men,9.9,9.9,False,2,19.8,Card
ORC-20260612-0865,2,2026-06-12 11:07:14,Orchard Central,UND-M-04,Men's Cotton Crew Neck Undershirt,Underwear,Men,14.9,14.9,False,2,29.8,Card
BUG-20260612-0137,1,2026-06-12 20:49:38,BUGIS,SOK-W-03,Women's Airism Low-Cut Socks,Socks,Women,5.9,5.9,False,1,5.9,Card
ORC-20260612-0818,3,2026-06-12 17:30:15,  Orchard Central  ,SOK-M-04,Men's Ribbed Crew Socks,Socks,Men,5.9,5.9,False,1,5.9,Paynow
ORC-20260612-0307,3,2026-06-12 11:27:24,  Orchard Central  ,TOP-W-04,Women's Heattech Crew Neck Long Sleeve Tee,Tops,Women,14.9,14.9,False,1,14.9,NETS
PUN-20260612-0752,1,2026-06-12 11:14:44,Punggol,SOK-W-04,Women's Ribbed Crew Socks,socks,Women,5.9,5.9,False,1,5.9,NETS
ORC-20260612-0537,2,2026-06-12 21:36:29,Orchard Central,TOP-M-03,Men's Dry-EX Crew Neck T-Shirt,Tops,Men,19.9,19.9,False,1,19.9,Card
BUG-20260612-0444,1,2026-06-12 20:52:57,Bugis,TOP-W-01,Women's Airism Cotton Crew Neck T-Shirt,Tops,Women,14.9,14.9,False,1,14.9,PayNow
ORC-20260612-0017,2,2026-06-12 21:08:27,Orchard Central,UND-W-01,Women's Airism Bikini Shorts,Underwear,Women,9.9,9.9,False,1,9.9,Cash
PUN-20260612-0451,1,2026-06-12 22:22:02,  Punggol  ,TOP-M-01,Men's Airism Cotton Crew Neck T-Shirt,tops,Men,14.9,14.9,False,1,14.9,card
BUG-20260612-0073,2,2026-06-12 14:57:44,Bugis,BTM-W-03,  Women's Ezy Ankle Pants  ,Bottoms,Women,$29.9,29.9,False,1,29.9,Card
BUG-20260612-0791,1,2026-06-12 22:22:21,Bugis,UND-M-02,Men's Cotton Blend Trunks,Underwear,Men,14.9,14.9,False,1,14.9,NETS
BUG-20260612-1166,1,2026-06-12 19:41:22,Bugis,SOK-M-02,Men's Pile Crew Socks,Socks,Men,5.9,5.9,False,1,5.9,Card
ORC-20260612-0890,1,2026-06-12 17:12:37,Orchard Central,SOK-W-03,Women's Airism Low-Cut Socks,SOCKS,Women,5.9,5.9,False,1,5.9,Card
ORC-20260612-0667,2,2026-06-12 21:24:01,Orchard Central,SOK-W-02,Women's Pile Crew Socks,Socks,Women,5.9,5.9,False,1,5.9,Card
ORC-20260612-0491,1,2026-06-12 20:28:02,Orchard Central,BTM-W-04,Women's Denim Straight Jeans,Bottoms,Women,49.9,49.9,False,1,49.9,Card
ORC-20260612-0977,2,2026-06-12 18:45:20,Orchard Central,SOK-M-01,  Men's Ankle Socks 3-Pack  ,Socks,Men,14.9,14.9,False,1,14.9,PayNow
BUG-20260612-0576,3,2026-06-12 18:31:06,Bugis,UND-M-01,Men's Airism Boxer Briefs,Underwear,Men,14.9,14.9,False,1,14.9,NETS
BUG-20260612-1137,1,2026-06-12 17:45:32,Bugis,SOK-M-01,Men's Ankle Socks 3-Pack,Socks,Men,14.9,14.9,False,1,14.9,CARD
ORC-20260612-1270,2,2026-06-12 16:56:56,ORCHARD CENTRAL,SOK-M-02,Men's Pile Crew Socks,Socks,Men,5.9,5.9,False,1,5.9,Card
ORC-20260612-1028,2,2026-06-12 12:46:37,Orchard Central,SOK-W-03,Women's Airism Low-Cut Socks,Socks,women,5.9,5.9,False,2,11.8,Card
BUG-20260612-0468,1,2026-06-12 20:25:36,  Bugis  ,UND-W-09,Women's Cotton Boyshorts,Underwear,Women,9.9,9.9,False,1,9.9,Card
PUN-20260612-0531,2,2026-06-12 12:41:36,punggol,UND-M-08,Men's Airism V-Neck Undershirt,Underwear,Men,9.9,9.9,False,1,$9.9,Cash
PUN-20260612-0133,1,2026-06-12 19:23:41,Punggol,BTM-M-05,Men's Wide Fit Cargo Pants,Bottoms,Men,26.68,39.9,True,1,26.68,Card
BUG-20260612-0299,1,2026-06-12 18:16:43,Bugis,UND-W-09,Women's Cotton Boyshorts,underwear,Women,9.9,9.9,False,1,9.9,Card
PUN-20260612-0607,1,2026-06-12 14:37:57,PUNGGOL,UND-W-09,Women's Cotton Boyshorts,Underwear,Women,9.9,9.9,False,1,9.9,PayNow
BUG-20260612-0378,2,2026-06-12 20:49:42,Bugis,SOK-M-03,Men's Airism Low-Cut Socks,Socks,Men,5.9,5.9,False,1,5.9,Card
ORC-20260612-0350,3,2026-06-12 20:16:26,Orchard Central,SOK-M-02,Men's Pile Crew Socks,Socks,Men,5.9,5.9,False,1,5.9,Card
BUG-20260612-0978,1,2026-06-12 21:37:40,Bugis,UND-W-03,Women's Cotton Blend Briefs,Underwear,Women,9.9,9.9,False,1,9.9,Paynow
BUG-20260612-0118,2,2026-06-12 15:34:37,Bugis,SOK-W-03,Women's Airism Low-Cut Socks,Socks,Women,5.9,5.9,False,1,5.9,Card
BUG-20260612-0476,3,2026-06-12 18:26:38,Bugis,SOK-M-02,Men's Pile Crew Socks,Socks,men,5.9,5.9,False,1,5.9,CARD
BUG-20260612-0139,2,2026-06-12 22:00:46,Bugis,TOP-M-03,Men's Dry-EX Crew Neck T-Shirt,Tops,Men,19.9,19.9,False,1,19.9,Card
ORC-20260612-0280,2,2026-06-12 17:29:47,  ORCHARD CENTRAL  ,UND-W-03,Women's Cotton Blend Briefs,Underwear,Women,9.9,9.9,False,1,9.9,Cash
BUG-20260612-0303,2,2026-06-12 19:18:34,Bugis,TOP-M-01,Men's Airism Cotton Crew Neck T-Shirt,Tops,Men,14.9,14.9,False,1,14.9,Card
ORC-20260612-0626,1,2026-06-12 22:40:55,Orchard Central,SOK-M-06,Men's Heattech Socks,Socks,Men,9.9,9.9,False,1,9.9,Card
PUN-20260612-0658,1,2026-06-12 14:58:21,PUNGGOL,UND-W-02,  Women's Wireless Bra  ,Underwear,Women,29.9,29.9,False,1,29.9,NETS
ORC-20260612-1175,2,2026-06-12 18:21:37,Orchard Central,SOK-W-03,Women's Airism Low-Cut Socks,Socks,women,5.9,5.9,False,1,5.9,Card
BUG-20260612-0655,1,2026-06-12 21:21:14,Bugis,TOP-M-01,Men's Airism Cotton Crew Neck T-Shirt,Tops,Men,14.9,14.9,False,1,14.9,Cash
BUG-20260612-1191,1,2026-06-12 19:40:31,Bugis,SOK-M-04,Men's Ribbed Crew Socks,Socks,Men,5.9,5.9,False,1,5.9,NETS
BUG-20260612-0882,1,2026-06-12 20:41:00,  Bugis  ,SOK-M-03,Men's Airism Low-Cut Socks,Socks,MEN,5.9,5.9,False,2,11.8,Card
PUN-20260612-0281,3,2026-06-12 19:17:07,PUNGGOL,SOK-M-02,Men's Pile Crew Socks,socks,men,5.9,5.9,False,1,5.9,NETS
ORC-20260612-0356,1,2026-06-12 12:05:49,Orchard Central,UND-M-09,Men's Heattech Long Johns,Underwear,Men,19.9,19.9,False,1,19.9,Cash
ORC-20260612-1153,2,2026-06-12 17:47:57,Orchard Central,TOP-W-04,Women's Heattech Crew Neck Long Sleeve Tee,Tops,Women,14.9,14.9,False,1,14.9,PayNow
ORC-20260612-0831,2,2026-06-12 19:36:35,Orchard Central,UND-M-02,Men's Cotton Blend Trunks,Underwear,Men,14.9,14.9,False,2,29.8,Card
BUG-20260612-1173,1,2026-06-12 19:57:07,Bugis,UND-W-03,Women's Cotton Blend Briefs,Underwear,Women,9.9,9.9,False,1,9.9,Card
PUN-20260612-0279,1,2026-06-12 16:05:37,Punggol,TOP-W-04,Women's Heattech Crew Neck Long Sleeve Tee,Tops,Women,14.9,14.9,False,1,14.9,PayNow
PUN-20260612-0709,3,2026-06-12 13:54:02,Punggol,SOK-W-01,Women's Ankle Socks 3-Pack,Socks,Women,14.9,14.9,False,1,14.9,PAYNOW
BUG-20260612-0626,1,2026-06-12 20:51:23,Bugis,SOK-M-03,Men's Airism Low-Cut Socks,Socks,Men,5.9,5.9,False,2,11.8,PayNow
PUN-20260612-0513,1,2026-06-12 11:20:51,Punggol,TOP-M-02,  Men's Supima Cotton Polo Shirt  ,Tops,Men,29.9,29.9,False,1,29.9,Card
ORC-20260612-1194,1,2026-06-12 11:18:13,Orchard Central,TOP-M-01,Men's Airism Cotton Crew Neck T-Shirt,Tops,Men,14.9,14.9,False,1,14.9,Cash
BUG-20260612-0754,1,2026-06-12 14:29:50,Bugis,TOP-M-04,Men's Oxford Long Sleeve Shirt,Tops,Men,29.9,29.9,False,1,29.9,Cash
PUN-20260612-0623,3,2026-06-12 21:41:20,  Punggol  ,UND-W-03,Women's Cotton Blend Briefs,Underwear,Women,9.9,9.9,False,2,19.8,Paynow
BUG-20260612-0089,1,2026-06-12 20:52:54,Bugis,SOK-M-01,Men's Ankle Socks 3-Pack,Socks,Men,$14.9,14.9,False,1,14.9,Card
PUN-20260612-0308,2,2026-06-12 12:55:29,  Punggol  ,BTM-M-02,Men's Slim Fit Chino Trousers,Bottoms,Men,29.9,29.9,False,1,29.9,PayNow
ORC-20260612-1054,1,2026-06-12 19:33:04,Orchard Central,UND-W-05,Women's Seamless Shorts,Underwear,Women,9.9,9.9,False,1,9.9,PAYNOW
ORC-20260612-0593,1,2026-06-12 19:13:51,Orchard Central,SOK-M-03,Men's Airism Low-Cut Socks,Socks,Men,5.9,5.9,False,2,11.8,Card
ORC-20260612-0458,1,2026-06-12 16:57:16,orchard central,UND-M-01,Men's Airism Boxer Briefs,Underwear,Men,14.9,14.9,False,1,14.9,Card
ORC-20260612-0837,2,2026-06-12 22:05:50,Orchard Central,UND-W-03,Women's Cotton Blend Briefs,Underwear,Women,9.9,9.9,False,1,9.9,NETS
PUN-20260612-0736,2,2026-06-12 21:15:48,Punggol,SOK-W-03,Women's Airism Low-Cut Socks,Socks,Women,5.9,5.9,False,1,5.9,Card
ORC-20260612-0048,1,2026-06-12 19:30:40,Orchard Central,SOK-W-01,Women's Ankle Socks 3-Pack,Socks,Women,14.9,14.9,False,2,29.8,PayNow
PUN-20260612-0625,2,2026-06-12 21:30:50,Punggol,UND-W-10,Women's Wireless Bralette,Underwear,WOMEN,29.9,29.9,False,1,29.9,card
BUG-20260612-0765,3,2026-06-12 16:31:37,Bugis,SOK-M-03,  Men's Airism Low-Cut Socks  ,Socks,Men,5.9,5.9,False,1,5.9,NETS
BUG-20260612-0695,1,2026-06-12 20:21:45,Bugis,UND-M-03,Men's Airism Mesh Boxer Briefs,Underwear,Men,14.9,14.9,False,1,14.9,PAYNOW
ORC-20260612-0459,1,2026-06-12 20:18:04,Orchard Central,SOK-W-03,Women's Airism Low-Cut Socks,Socks,Women,5.9,5.9,False,1,5.9,PayNow
BUG-20260612-0165,1,2026-06-12 11:35:33,Bugis,UND-W-04,Women's Airism T-Shirt Bra,Underwear,Women,29.9,29.9,False,1,29.9,NETS
BUG-20260612-0436,1,2026-06-12 22:59:14,Bugis,SOK-W-02,Women's Pile Crew Socks,Socks,WOMEN,5.9,5.9,False,1,5.9,Card
BUG-20260612-0764,1,2026-06-12 13:44:29,Bugis,BTM-M-04,Men's Dry Stretch Shorts,Bottoms,Men,19.9,19.9,False,1,19.9,NETS
ORC-20260612-0010,2,2026-06-12 21:14:46,Orchard Central,SOK-W-07,Women's Striped Crew Socks,Socks,Women,5.9,5.9,False,1,5.9,Card
BUG-20260612-0086,1,2026-06-12 18:08:11,Bugis,TOP-M-03,  Men's Dry-EX Crew Neck T-Shirt  ,Tops,Men,19.9,19.9,False,1,19.9,PAYNOW
BUG-20260612-0021,1,2026-06-12 13:08:10,Bugis,SOK-W-01,Women's Ankle Socks 3-Pack,Socks,Women,14.9,14.9,False,1,14.9,PayNow
PUN-20260612-0638,2,2026-06-12 21:06:21,Punggol,TOP-W-04,Women's Heattech Crew Neck Long Sleeve Tee,Tops,women,14.9,14.9,False,1,14.9,CARD
ORC-20260612-0684,1,2026-06-12 16:18:37,Orchard Central,BTM-W-03,Women's Ezy Ankle Pants,BOTTOMS,Women,29.9,29.9,False,1,29.9,NETS
BUG-20260612-0030,1,2026-06-12 20:31:46,Bugis,UND-M-04,Men's Cotton Crew Neck Undershirt,Underwear,Men,14.9,14.9,False,1,14.9,NETS
BUG-20260612-0867,1,2026-06-12 13:15:54,bugis,TOP-W-08,Women's Puff Sleeve Blouse,Tops,Women,20.35,29.9,True,1,20.35,paynow
BUG-20260612-0909,1,2026-06-12 18:51:20,Bugis,SOK-W-04,Women's Ribbed Crew Socks,Socks,Women,5.9,5.9,False,1,$5.9,Card
BUG-20260612-0578,1,2026-06-12 16:06:40,Bugis,UND-M-07,Men's Stretch Cotton Boxers,Underwear,Men,14.9,14.9,False,1,14.9,NETS
BUG-20260612-1193,2,2026-06-12 19:45:04,Bugis,TOP-W-08,Women's Puff Sleeve Blouse,Tops,Women,20.35,29.9,True,1,20.35,NETS
BUG-20260612-0166,1,2026-06-12 16:42:58,Bugis,UND-M-02,Men's Cotton Blend Trunks,Underwear,MEN,14.9,14.9,False,1,14.9,PayNow
BUG-20260612-0689,1,2026-06-12 19:32:10,Bugis,SOK-M-03,Men's Airism Low-Cut Socks,Socks,Men,5.9,5.9,False,2,11.8,NETS
ORC-20260612-1047,2,2026-06-12 18:07:06,ORCHARD CENTRAL,SOK-M-02,Men's Pile Crew Socks,Socks,Men,5.9,5.9,False,1,5.9,NETS
ORC-20260612-0693,3,2026-06-12 17:15:58,Orchard Central,TOP-W-01,Women's Airism Cotton Crew Neck T-Shirt,Tops,Women,14.9,14.9,False,1,14.9,
BUG-20260612-0047,1,2026-06-12 16:56:57,Bugis,UND-M-01,  Men's Airism Boxer Briefs  ,Underwear,Men,14.9,14.9,False,1,14.9,Card
PUN-20260612-0206,1,2026-06-12 11:34:36,PUNGGOL,UND-W-03,Women's Cotton Blend Briefs,Underwear,Women,9.9,9.9,False,1,9.9,Card
ORC-20260612-1120,3,2026-06-12 14:05:52,Orchard Central,SOK-W-04,Women's Ribbed Crew Socks,Socks,Women,5.9,5.9,False,1,5.9,NETS
ORC-20260612-0159,2,2026-06-12 16:11:34,Orchard Central,SOK-W-03,Women's Airism Low-Cut Socks,Socks,Women,5.9,5.9,False,1,5.9,Card
PUN-20260612-0581,2,2026-06-12 18:54:20,Punggol,TOP-M-02,Men's Supima Cotton Polo Shirt,TOPS,Men,29.9,29.9,False,1,29.9,PayNow
ORC-20260612-0866,1,2026-06-12 18:50:25,Orchard Central,SOK-W-03,Women's Airism Low-Cut Socks,Socks,Women,5.9,5.9,False,1,5.9,PayNow
PUN-20260612-0115,1,2026-06-12 12:32:18,Punggol,SOK-W-02,Women's Pile Crew Socks,Socks,Women,5.9,5.9,False,1,$5.9,Card
PUN-20260612-0374,1,2026-06-12 20:31:40,Punggol,UND-W-09,Women's Cotton Boyshorts,Underwear,Women,9.9,9.9,False,1,9.9,
BUG-20260612-0104,1,2026-06-12 17:52:55,bugis,TOP-W-04,Women's Heattech Crew Neck Long Sleeve Tee,Tops,Women,14.9,14.9,False,1,14.9,Card
ORC-20260612-1109,2,2026-06-12 12:03:32,Orchard Central,SOK-W-02,Women's Pile Crew Socks,Socks,Women,5.9,5.9,False,1,5.9,Paynow
PUN-20260612-0594,2,2026-06-12 20:32:30,Punggol,SOK-W-04,Women's Ribbed Crew Socks,SOCKS,Women,5.9,5.9,False,1,5.9,
BUG-20260612-0511,1,2026-06-12 20:31:47,Bugis,SOK-W-01,Women's Ankle Socks 3-Pack,Socks,Women,14.9,14.9,False,2,29.8,Card
PUN-20260612-0243,1,2026-06-12 15:54:01,Punggol,BTM-M-04,Men's Dry Stretch Shorts,Bottoms,Men,19.9,19.9,False,1,19.9,NETS
PUN-20260612-0755,3,2026-06-12 20:55:27,Punggol,BTM-M-05,Men's Wide Fit Cargo Pants,Bottoms,Men,26.68,39.9,True,1,26.68,NETS
PUN-20260612-0718,2,2026-06-12 21:10:25,  Punggol  ,SOK-W-02,Women's Pile Crew Socks,Socks,Women,5.9,5.9,False,1,5.9,CARD
BUG-20260612-0574,2,2026-06-12 14:50:42,Bugis,SOK-M-02,Men's Pile Crew Socks,Socks,Men,5.9,5.9,False,1,5.9,Cash
ORC-20260612-0554,1,2026-06-12 17:36:50,Orchard Central,SOK-W-03,Women's Airism Low-Cut Socks,Socks,Women,5.9,5.9,False,1,5.9,PayNow
BUG-20260612-0066,1,2026-06-12 19:15:45,Bugis,SOK-W-03,Women's Airism Low-Cut Socks,SOCKS,Women,$5.9,5.9,False,1,5.9,NETS
PUN-20260612-0474,2,2026-06-12 15:46:58,Punggol,SOK-W-04,Women's Ribbed Crew Socks,Socks,Women,5.9,5.9,False,1,5.9,PAYNOW
PUN-20260612-0316,3,2026-06-12 21:03:34,PUNGGOL,SOK-M-04,Men's Ribbed Crew Socks,SOCKS,Men,5.9,5.9,False,1,$5.9,PayNow
BUG-20260612-1177,1,2026-06-12 22:37:11,Bugis,TOP-W-04,Women's Heattech Crew Neck Long Sleeve Tee,Tops,Women,14.9,14.9,False,1,14.9,PayNow
ORC-20260612-1007,1,2026-06-12 22:38:25,Orchard Central,SOK-W-03,Women's Airism Low-Cut Socks,Socks,Women,5.9,5.9,False,1,5.9,CARD
BUG-20260612-1212,1,2026-06-12 21:53:33,Bugis,BTM-M-04,Men's Dry Stretch Shorts,bottoms,Men,19.9,19.9,False,1,19.9,PayNow
BUG-20260612-0518,1,2026-06-12 17:09:57,Bugis,BTM-M-02,Men's Slim Fit Chino Trousers,Bottoms,Men,29.9,29.9,False,1,29.9,Cash
ORC-20260612-0839,1,2026-06-12 18:46:34,Orchard Central,BTM-W-02,Women's High-Rise Wide Leg Pants,Bottoms,Women,39.9,39.9,False,1,39.9,Cash
BUG-20260612-0377,1,2026-06-12 20:12:03,Bugis,UND-M-04,Men's Cotton Crew Neck Undershirt,Underwear,Men,14.9,14.9,False,1,14.9,Card
BUG-20260612-0324,2,2026-06-12 21:26:21,Bugis,SOK-W-02,  Women's Pile Crew Socks  ,Socks,women,5.9,5.9,False,1,5.9,Card
PUN-20260612-0773,2,2026-06-12 19:53:49,Punggol,UND-W-01,Women's Airism Bikini Shorts,Underwear,Women,9.9,9.9,False,1,9.9,NETS
BUG-20260612-1072,3,2026-06-12 12:25:20,  Bugis  ,BTM-W-02,Women's High-Rise Wide Leg Pants,Bottoms,Women,39.9,39.9,False,1,39.9,Card
ORC-20260612-0030,2,2026-06-12 17:36:33,Orchard Central,UND-W-01,Women's Airism Bikini Shorts,Underwear,WOMEN,9.9,9.9,False,1,9.9,Cash
BUG-20260612-0093,3,2026-06-12 13:41:43,BUGIS,UND-W-03,Women's Cotton Blend Briefs,Underwear,Women,9.9,9.9,False,2,19.8,PayNow
PUN-20260612-0473,3,2026-06-12 19:59:18,Punggol,UND-W-01,Women's Airism Bikini Shorts,Underwear,Women,9.9,9.9,False,1,9.9,PAYNOW
BUG-20260612-0968,1,2026-06-12 12:30:41,Bugis,SOK-M-01,Men's Ankle Socks 3-Pack,Socks,Men,14.9,14.9,False,1,$14.9,Card
BUG-20260612-0523,1,2026-06-12 20:44:31,BUGIS,BTM-M-05,Men's Wide Fit Cargo Pants,Bottoms,MEN,26.68,39.9,True,1,26.68,Card
PUN-20260612-0316,2,2026-06-12 21:03:34,Punggol,BTM-W-02,Women's High-Rise Wide Leg Pants,Bottoms,Women,39.9,39.9,False,1,39.9,Paynow
ORC-20260612-0148,2,2026-06-12 16:47:36,Orchard Central,TOP-W-01,  Women's Airism Cotton Crew Neck T-Shirt  ,Tops,WOMEN,14.9,14.9,False,1,14.9,PayNow
BUG-20260612-0674,1,2026-06-12 15:24:42,Bugis,UND-M-01,Men's Airism Boxer Briefs,Underwear,Men,14.9,14.9,False,1,14.9,PayNow
PUN-20260612-0223,1,2026-06-12 19:27:30,  Punggol  ,BTM-M-03,Men's Selvedge Regular Fit Jeans,Bottoms,MEN,59.9,59.9,False,1,59.9,PayNow
ORC-20260612-1258,1,2026-06-12 19:56:31,Orchard Central,SOK-W-07,Women's Striped Crew Socks,Socks,Women,5.9,5.9,False,1,5.9,Card
BUG-20260612-1231,1,2026-06-12 16:54:58,Bugis,BTM-M-05,  Men's Wide Fit Cargo Pants  ,Bottoms,MEN,26.68,39.9,True,1,26.68,PayNow
PUN-20260612-0175,1,2026-06-12 21:23:37,Punggol,UND-M-02,Men's Cotton Blend Trunks,Underwear,Men,14.9,14.9,False,2,29.8,Card
BUG-20260612-0637,1,2026-06-12 14:03:27,Bugis,BTM-M-02,Men's Slim Fit Chino Trousers,Bottoms,MEN,29.9,29.9,False,1,29.9,Card
BUG-20260612-0729,1,2026-06-12 14:01:15,Bugis,UND-W-09,Women's Cotton Boyshorts,UNDERWEAR,Women,9.9,9.9,False,1,9.9,PayNow
PUN-20260612-0012,1,2026-06-12 16:51:33,Punggol,UND-M-01,Men's Airism Boxer Briefs,Underwear,Men,14.9,14.9,False,1,14.9,CARD
ORC-20260612-0855,3,2026-06-12 15:09:44,  Orchard Central  ,UND-M-04,Men's Cotton Crew Neck Undershirt,Underwear,men,14.9,14.9,False,1,14.9,cash
ORC-20260612-0444,3,2026-06-12 14:15:46,Orchard Central,TOP-W-08,Women's Puff Sleeve Blouse,Tops,Women,20.35,29.9,True,1,20.35,PayNow
ORC-20260612-0634,2,2026-06-12 12:33:15,Orchard Central,SOK-W-03,Women's Airism Low-Cut Socks,Socks,Women,5.9,5.9,False,1,5.9,Cash
PUN-20260612-0529,2,2026-06-12 13:49:07,  Punggol  ,BTM-M-05,Men's Wide Fit Cargo Pants,bottoms,Men,26.68,39.9,True,1,$26.68,Card
ORC-20260612-0922,1,2026-06-12 17:22:49,Orchard Central,SOK-W-04,,Socks,women,5.9,5.9,False,1,5.9,NETS
BUG-20260612-0817,1,2026-06-12 13:34:26,Bugis,UND-W-03,Women's Cotton Blend Briefs,Underwear,Women,9.9,9.9,False,1,9.9,CARD
PUN-20260612-0160,1,2026-06-12 16:48:26,Punggol,UND-M-03,Men's Airism Mesh Boxer Briefs,Underwear,Men,$14.9,14.9,False,2,29.8,Card
BUG-20260612-0024,2,2026-06-12 16:51:12,  Bugis  ,SOK-M-03,Men's Airism Low-Cut Socks,Socks,Men,5.9,5.9,False,2,$11.8,Cash
ORC-20260612-0853,1,2026-06-12 18:07:58,Orchard Central,TOP-M-01,Men's Airism Cotton Crew Neck T-Shirt,Tops,Men,14.9,14.9,False,1,14.9,Nets
ORC-20260612-1281,3,2026-06-12 21:51:12,Orchard Central,BTM-M-01,Men's Ezy Ankle Pants,Bottoms,Men,29.9,29.9,False,1,29.9,Card
BUG-20260612-0403,2,2026-06-12 22:31:38,Bugis,TOP-W-01,Women's Airism Cotton Crew Neck T-Shirt,Tops,Women,14.9,14.9,False,1,14.9,PayNow
ORC-20260612-1215,1,2026-06-12 12:01:26,Orchard Central,BTM-W-02,Women's High-Rise Wide Leg Pants,Bottoms,Women,39.9,39.9,False,1,39.9,Card
PUN-20260612-0571,2,2026-06-12 21:02:17,Punggol,UND-M-01,Men's Airism Boxer Briefs,Underwear,men,14.9,14.9,False,1,14.9,Cash
BUG-20260612-1050,1,2026-06-12 15:12:37,  Bugis  ,TOP-W-02,Women's Ribbed Long Sleeve Turtleneck,Tops,WOMEN,19.9,19.9,False,1,19.9,NETS
PUN-20260612-0365,2,2026-06-12 20:44:12,PUNGGOL,TOP-W-03,  Women's Silky Satin Blouse  ,Tops,Women,39.9,39.9,False,1,39.9,Card
ORC-20260612-0898,3,2026-06-12 20:45:31,Orchard Central,SOK-M-04,Men's Ribbed Crew Socks,Socks,Men,5.9,5.9,False,2,11.8,PayNow
BUG-20260612-0346,2,2026-06-12 18:20:27,bugis,SOK-W-01,Women's Ankle Socks 3-Pack,Socks,Women,14.9,14.9,False,1,14.9,PayNow
BUG-20260612-1045,3,2026-06-12 21:35:13,Bugis,SOK-W-01,Women's Ankle Socks 3-Pack,SOCKS,WOMEN,14.9,14.9,False,1,14.9,PayNow
ORC-20260612-0985,2,2026-06-12 12:23:26,Orchard Central,BTM-M-04,Men's Dry Stretch Shorts,BOTTOMS,Men,19.9,19.9,False,1,19.9,PayNow
BUG-20260612-0240,1,2026-06-12 15:07:49,Bugis,UND-M-01,Men's Airism Boxer Briefs,Underwear,Men,14.9,14.9,False,1,14.9,Card
PUN-20260612-0708,1,2026-06-12 17:22:40,Punggol,BTM-W-01,Women's Ultra Stretch Skinny Jeans,Bottoms,women,39.9,39.9,False,1,39.9,NETS
ORC-20260612-1220,1,2026-06-12 19:15:17,orchard central,BTM-M-04,Men's Dry Stretch Shorts,Bottoms,Men,19.9,19.9,False,1,19.9,PayNow
ORC-20260612-0436,2,2026-06-12 16:01:21,Orchard Central,SOK-W-03,Women's Airism Low-Cut Socks,Socks,Women,5.9,5.9,False,1,5.9,PayNow
PUN-20260612-0475,2,2026-06-12 20:07:51,Punggol,TOP-M-04,Men's Oxford Long Sleeve Shirt,tops,Men,29.9,29.9,False,1,29.9,Card
BUG-20260612-0681,3,2026-06-12 19:17:19,Bugis,SOK-M-04,Men's Ribbed Crew Socks,Socks,Men,5.9,5.9,False,2,11.8,card
ORC-20260612-1098,3,2026-06-12 11:22:57,  Orchard Central  ,UND-W-04,Women's Airism T-Shirt Bra,Underwear,Women,29.9,29.9,False,1,29.9,Card
BUG-20260612-0604,3,2026-06-12 18:18:08,Bugis,UND-M-01,Men's Airism Boxer Briefs,Underwear,Men,14.9,14.9,False,1,14.9,PayNow
PUN-20260612-0383,2,2026-06-12 12:20:41,Punggol,TOP-M-01,Men's Airism Cotton Crew Neck T-Shirt,Tops,MEN,14.9,14.9,False,1,14.9,PayNow
BUG-20260612-1187,1,2026-06-12 16:18:03,Bugis,SOK-W-04,Women's Ribbed Crew Socks,socks,Women,5.9,5.9,False,1,5.9,Card
BUG-20260612-1072,1,2026-06-12 12:25:20,Bugis,UND-M-02,Men's Cotton Blend Trunks,Underwear,Men,14.9,14.9,False,1,$14.9,Card
BUG-20260612-1195,3,2026-06-12 20:38:02,Bugis,BTM-W-01,Women's Ultra Stretch Skinny Jeans,Bottoms,Women,39.9,39.9,False,1,39.9,PayNow
PUN-20260612-0742,2,2026-06-12 15:43:29,Punggol,SOK-M-03,Men's Airism Low-Cut Socks,Socks,men,5.9,5.9,False,1,5.9,Card
BUG-20260612-0856,2,2026-06-12 13:32:07,Bugis,SOK-W-02,Women's Pile Crew Socks,Socks,Women,5.9,5.9,False,1,5.9,Card
BUG-20260612-0768,1,2026-06-12 18:08:54,  Bugis  ,SOK-M-03,Men's Airism Low-Cut Socks,Socks,Men,$5.9,5.9,False,1,5.9,NETS
BUG-20260612-0383,2,2026-06-12 22:51:28,bugis,UND-M-03,  Men's Airism Mesh Boxer Briefs  ,Underwear,Men,14.9,14.9,False,1,14.9,NETS
ORC-20260612-0137,1,2026-06-12 21:47:40,Orchard Central,SOK-W-04,Women's Ribbed Crew Socks,Socks,Women,5.9,5.9,False,1,$5.9,Card
BUG-20260612-0991,2,2026-06-12 13:04:57,BUGIS,SOK-W-02,  Women's Pile Crew Socks  ,Socks,Women,5.9,5.9,False,1,5.9,card
BUG-20260612-0430,3,2026-06-12 15:39:00,Bugis,SOK-M-02,Men's Pile Crew Socks,SOCKS,Men,5.9,5.9,False,1,5.9,Card
PUN-20260612-0735,2,2026-06-12 18:22:52,Punggol,TOP-W-02,Women's Ribbed Long Sleeve Turtleneck,TOPS,WOMEN,19.9,19.9,False,1,19.9,Cash
ORC-20260612-0181,1,2026-06-12 16:26:22,Orchard Central,UND-M-01,Men's Airism Boxer Briefs,Underwear,Men,14.9,14.9,False,1,14.9,NETS
ORC-20260612-0208,2,2026-06-12 22:19:39,Orchard Central,SOK-M-01,Men's Ankle Socks 3-Pack,Socks,Men,14.9,14.9,False,1,14.9,Card
PUN-20260612-0719,1,2026-06-12 17:18:12,Punggol,UND-M-01,,Underwear,Men,14.9,14.9,False,1,14.9,PayNow
ORC-20260612-0411,3,2026-06-12 14:29:35,Orchard Central,SOK-W-02,Women's Pile Crew Socks,Socks,WOMEN,5.9,5.9,False,1,5.9,
BUG-20260612-0510,2,2026-06-12 19:13:25,Bugis,SOK-W-03,Women's Airism Low-Cut Socks,Socks,Women,5.9,5.9,False,1,5.9,Card
BUG-20260612-0922,1,2026-06-12 11:59:08,Bugis,UND-W-04,Women's Airism T-Shirt Bra,Underwear,WOMEN,29.9,29.9,False,1,29.9,PayNow
PUN-20260612-0168,2,2026-06-12 21:38:25,Punggol,SOK-W-02,Women's Pile Crew Socks,Socks,Women,5.9,5.9,False,1,5.9,Card
PUN-20260612-0604,3,2026-06-12 19:22:33,Punggol,SOK-W-03,Women's Airism Low-Cut Socks,Socks,Women,5.9,5.9,False,1,5.9,Card
BUG-20260612-0067,2,2026-06-12 20:09:35,bugis,TOP-W-04,Women's Heattech Crew Neck Long Sleeve Tee,Tops,Women,14.9,14.9,False,1,14.9,Nets
ORC-20260612-1164,2,2026-06-12 16:41:01,Orchard Central,UND-M-02,  Men's Cotton Blend Trunks  ,Underwear,Men,14.9,14.9,False,2,29.8,card
PUN-20260612-0794,1,2026-06-12 20:56:50,Punggol,UND-M-05,Men's Seamless Boxer Briefs,Underwear,Men,14.9,14.9,False,1,14.9,Card
PUN-20260612-0786,1,2026-06-12 17:09:23,Punggol,SOK-W-04,Women's Ribbed Crew Socks,Socks,Women,5.9,5.9,False,1,5.9,Cash
BUG-20260612-0277,3,2026-06-12 18:49:15,bugis,UND-W-05,Women's Seamless Shorts,Underwear,Women,9.9,9.9,False,1,9.9,PayNow
BUG-20260612-1092,1,2026-06-12 11:17:31,  Bugis  ,SOK-M-03,Men's Airism Low-Cut Socks,socks,Men,5.9,5.9,False,1,5.9,Card
BUG-20260612-0431,2,2026-06-12 20:26:33,  Bugis  ,TOP-W-04,  Women's Heattech Crew Neck Long Sleeve Tee  ,Tops,Women,14.9,14.9,False,1,14.9,card
PUN-20260612-0081,1,2026-06-12 14:57:49,Punggol,SOK-W-01,Women's Ankle Socks 3-Pack,Socks,Women,$14.9,14.9,False,1,14.9,Card
BUG-20260612-1135,2,2026-06-12 15:45:30,bugis,SOK-W-03,Women's Airism Low-Cut Socks,Socks,Women,5.9,5.9,False,1,5.9,PayNow
ORC-20260612-0249,2,2026-06-12 13:11:04,Orchard Central,UND-W-10,  Women's Wireless Bralette  ,Underwear,Women,29.9,29.9,False,1,29.9,Cash
PUN-20260612-0045,2,2026-06-12 15:46:23,Punggol,UND-W-09,Women's Cotton Boyshorts,Underwear,WOMEN,9.9,9.9,False,1,9.9,Card
ORC-20260612-0750,2,2026-06-12 19:36:37,Orchard Central,SOK-M-02,Men's Pile Crew Socks,Socks,Men,5.9,5.9,False,1,5.9,Cash
BUG-20260612-0854,1,2026-06-12 18:23:31,Bugis,SOK-M-02,  Men's Pile Crew Socks  ,Socks,Men,5.9,5.9,False,1,5.9,PAYNOW
BUG-20260612-1183,2,2026-06-12 18:13:43,Bugis,SOK-W-02,Women's Pile Crew Socks,Socks,women,5.9,5.9,False,1,5.9,Nets
BUG-20260612-0108,1,2026-06-12 20:43:40,Bugis,TOP-W-02,Women's Ribbed Long Sleeve Turtleneck,TOPS,Women,19.9,19.9,False,1,19.9,Card
PUN-20260612-0109,2,2026-06-12 12:20:24,Punggol,TOP-M-04,Men's Oxford Long Sleeve Shirt,Tops,Men,29.9,29.9,False,1,29.9,PayNow
BUG-20260612-0300,2,2026-06-12 11:59:22,Bugis,TOP-W-02,Women's Ribbed Long Sleeve Turtleneck,Tops,Women,19.9,19.9,False,1,19.9,PayNow
BUG-20260612-0656,2,2026-06-12 12:47:04,Bugis,TOP-M-02,Men's Supima Cotton Polo Shirt,Tops,Men,29.9,29.9,False,1,29.9,cash
ORC-20260612-0906,1,2026-06-12 20:20:39,Orchard Central,SOK-M-04,Men's Ribbed Crew Socks,Socks,Men,5.9,5.9,False,1,5.9,Cash
BUG-20260612-0630,1,2026-06-12 18:51:10,Bugis,SOK-M-03,Men's Airism Low-Cut Socks,Socks,Men,5.9,5.9,False,2,11.8,Cash
BUG-20260612-0357,1,2026-06-12 17:08:12,Bugis,UND-M-02,Men's Cotton Blend Trunks,Underwear,Men,14.9,14.9,False,1,14.9,NETS
ORC-20260612-0958,3,2026-06-12 14:34:43,ORCHARD CENTRAL,SOK-W-04,Women's Ribbed Crew Socks,Socks,Women,5.9,5.9,False,1,5.9,Card
BUG-20260612-0770,1,2026-06-12 13:11:07,BUGIS,TOP-M-01,Men's Airism Cotton Crew Neck T-Shirt,Tops,Men,14.9,14.9,False,1,14.9,Cash
ORC-20260612-0855,1,2026-06-12 15:09:44,Orchard Central,UND-W-03,Women's Cotton Blend Briefs,Underwear,Women,9.9,9.9,False,1,9.9,Cash
PUN-20260612-0818,2,2026-06-12 21:46:10,Punggol,SOK-W-01,Women's Ankle Socks 3-Pack,Socks,Women,14.9,14.9,False,1,14.9,Card
BUG-20260612-0056,1,2026-06-12 17:59:15,Bugis,TOP-W-01,Women's Airism Cotton Crew Neck T-Shirt,Tops,Women,14.9,14.9,False,1,14.9,paynow
PUN-20260612-0542,1,2026-06-12 17:40:35,Punggol,BTM-W-01,Women's Ultra Stretch Skinny Jeans,BOTTOMS,Women,39.9,39.9,False,1,39.9,Card
BUG-20260612-0052,1,2026-06-12 17:57:00,bugis,TOP-W-02,Women's Ribbed Long Sleeve Turtleneck,Tops,WOMEN,19.9,19.9,False,1,19.9,NETS
PUN-20260612-0529,3,2026-06-12 13:49:07,  Punggol  ,UND-W-03,Women's Cotton Blend Briefs,Underwear,Women,9.9,9.9,False,1,9.9,Card
BUG-20260612-0688,3,2026-06-12 18:41:29,Bugis,SOK-M-02,Men's Pile Crew Socks,Socks,Men,5.9,5.9,False,1,5.9,Card
ORC-20260612-0529,1,2026-06-12 16:56:00,Orchard Central,TOP-M-02,Men's Supima Cotton Polo Shirt,tops,Men,29.9,29.9,False,1,29.9,NETS
BUG-20260612-1012,3,2026-06-12 21:08:42,bugis,BTM-M-05,Men's Wide Fit Cargo Pants,Bottoms,Men,26.68,39.9,True,1,26.68,NETS
PUN-20260612-0026,1,2026-06-12 19:17:24,Punggol,TOP-M-01,Men's Airism Cotton Crew Neck T-Shirt,Tops,Men,14.9,14.9,False,1,14.9,NETS
PUN-20260612-0286,2,2026-06-12 21:23:18,Punggol,SOK-M-02,Men's Pile Crew Socks,socks,Men,5.9,5.9,False,2,11.8,Card
PUN-20260612-0151,1,2026-06-12 19:23:24,Punggol,UND-M-02,Men's Cotton Blend Trunks,Underwear,Men,14.9,14.9,False,1,14.9,Card
ORC-20260612-0194,1,2026-06-12 19:52:03,orchard central,SOK-W-03,Women's Airism Low-Cut Socks,Socks,Women,5.9,5.9,False,1,5.9,Card
BUG-20260612-0538,1,2026-06-12 11:29:30,bugis,UND-M-02,Men's Cotton Blend Trunks,Underwear,Men,14.9,14.9,False,1,14.9,PayNow
BUG-20260612-0672,2,2026-06-12 18:38:30,Bugis,TOP-W-03,Women's Silky Satin Blouse,Tops,Women,39.9,39.9,False,1,39.9,Card
BUG-20260612-0453,2,2026-06-12 20:15:15,Bugis,UND-W-03,Women's Cotton Blend Briefs,Underwear,Women,9.9,9.9,False,1,9.9,Card
ORC-20260612-0597,1,2026-06-12 21:20:54,Orchard Central,SOK-W-04,Women's Ribbed Crew Socks,Socks,Women,5.9,5.9,False,1,5.9,PayNow
ORC-20260612-1087,1,2026-06-12 20:47:57,Orchard Central,SOK-W-02,Women's Pile Crew Socks,Socks,Women,5.9,5.9,False,1,5.9,PayNow
ORC-20260612-0667,3,2026-06-12 21:24:01,  Orchard Central  ,SOK-W-02,Women's Pile Crew Socks,Socks,Women,5.9,5.9,False,2,$11.8,Card
BUG-20260612-0620,1,2026-06-12 18:26:23,Bugis,BTM-M-04,Men's Dry Stretch Shorts,Bottoms,Men,19.9,19.9,False,1,19.9,Card
BUG-20260612-0733,1,2026-06-12 17:52:31,Bugis,UND-M-07,  Men's Stretch Cotton Boxers  ,Underwear,Men,14.9,14.9,False,1,14.9,card
ORC-20260612-1002,2,2026-06-12 20:39:12,Orchard Central,SOK-W-06,Women's Heattech Socks,Socks,Women,9.9,9.9,False,1,9.9,NETS
BUG-20260612-0011,3,2026-06-12 20:26:33,Bugis,UND-W-04,Women's Airism T-Shirt Bra,Underwear,women,29.9,29.9,False,1,29.9,PayNow
PUN-20260612-0152,1,2026-06-12 21:18:03,Punggol,SOK-W-04,Women's Ribbed Crew Socks,Socks,Women,5.9,5.9,False,1,5.9,PayNow
PUN-20260612-0540,2,2026-06-12 19:33:39,Punggol,TOP-W-01,Women's Airism Cotton Crew Neck T-Shirt,Tops,Women,14.9,14.9,False,1,14.9,Card
BUG-20260612-1167,1,2026-06-12 13:04:23,Bugis,BTM-W-01,Women's Ultra Stretch Skinny Jeans,Bottoms,Women,39.9,39.9,False,1,39.9,Cash
ORC-20260612-0495,3,2026-06-12 20:08:51,Orchard Central,SOK-W-03,Women's Airism Low-Cut Socks,Socks,Women,5.9,5.9,False,1,5.9,Card
ORC-20260612-0882,1,2026-06-12 18:19:47,Orchard Central,SOK-W-03,Women's Airism Low-Cut Socks,Socks,WOMEN,5.9,5.9,False,1,5.9,Card
BUG-20260612-0997,1,2026-06-12 16:08:05,BUGIS,TOP-W-02,Women's Ribbed Long Sleeve Turtleneck,Tops,Women,19.9,19.9,False,1,19.9,Card
BUG-20260612-1161,3,2026-06-12 21:50:44,Bugis,BTM-M-04,Men's Dry Stretch Shorts,Bottoms,Men,19.9,19.9,False,1,19.9,Card
ORC-20260612-0621,3,2026-06-12 16:12:36,Orchard Central,SOK-W-02,Women's Pile Crew Socks,Socks,Women,5.9,5.9,False,2,11.8,Card
PUN-20260612-0242,2,2026-06-12 21:36:19,Punggol,UND-W-01,Women's Airism Bikini Shorts,Underwear,Women,9.9,9.9,False,1,9.9,NETS
ORC-20260612-0916,1,2026-06-12 17:07:08,Orchard Central,SOK-W-04,Women's Ribbed Crew Socks,Socks,Women,5.9,5.9,False,1,5.9,PayNow
BUG-20260612-0098,2,2026-06-12 20:01:15,  Bugis  ,BTM-M-02,Men's Slim Fit Chino Trousers,Bottoms,Men,29.9,29.9,False,1,29.9,PayNow
PUN-20260612-0161,3,2026-06-12 22:16:01,PUNGGOL,UND-W-01,Women's Airism Bikini Shorts,Underwear,Women,$9.9,9.9,False,1,9.9,NETS
BUG-20260612-0959,2,2026-06-12 20:21:58,Bugis,UND-W-03,  Women's Cotton Blend Briefs  ,Underwear,Women,9.9,9.9,False,1,9.9,NETS
ORC-20260612-0904,2,2026-06-12 21:58:35,Orchard Central,TOP-M-01,Men's Airism Cotton Crew Neck T-Shirt,Tops,Men,$14.9,14.9,False,1,14.9,Card
BUG-20260612-0247,2,2026-06-12 20:50:36,  Bugis  ,SOK-M-04,Men's Ribbed Crew Socks,Socks,Men,5.9,5.9,False,1,5.9,Card
PUN-20260612-0377,3,2026-06-12 12:12:38,Punggol,BTM-M-04,Men's Dry Stretch Shorts,Bottoms,Men,$19.9,19.9,False,1,19.9,PayNow
ORC-20260612-0269,2,2026-06-12 19:55:17,ORCHARD CENTRAL,UND-M-02,Men's Cotton Blend Trunks,Underwear,Men,14.9,14.9,False,2,29.8,PayNow
ORC-20260612-1218,1,2026-06-12 21:54:46,ORCHARD CENTRAL,UND-M-01,Men's Airism Boxer Briefs,Underwear,Men,14.9,14.9,False,1,14.9,Card
PUN-20260612-0540,1,2026-06-12 19:33:39,  Punggol  ,SOK-M-03,Men's Airism Low-Cut Socks,Socks,Men,5.9,5.9,False,2,11.8,Card
ORC-20260612-0232,2,2026-06-12 13:42:38,ORCHARD CENTRAL,SOK-W-03,Women's Airism Low-Cut Socks,Socks,Women,5.9,5.9,False,1,5.9,Card
BUG-20260612-0027,3,2026-06-12 21:38:16,Bugis,SOK-W-02,Women's Pile Crew Socks,Socks,Women,5.9,5.9,False,1,5.9,PayNow
BUG-20260612-0721,2,2026-06-12 21:54:08,bugis,SOK-W-04,  Women's Ribbed Crew Socks  ,Socks,Women,5.9,5.9,False,1,5.9,PayNow
BUG-20260612-0536,1,2026-06-12 15:34:41,Bugis,SOK-M-04,Men's Ribbed Crew Socks,socks,men,5.9,5.9,False,1,5.9,PayNow
ORC-20260612-1306,1,2026-06-12 19:51:52,Orchard Central,SOK-W-02,Women's Pile Crew Socks,Socks,Women,$5.9,5.9,False,1,5.9,PayNow
ORC-20260612-0550,3,2026-06-12 21:04:46,ORCHARD CENTRAL,BTM-M-03,Men's Selvedge Regular Fit Jeans,Bottoms,MEN,59.9,59.9,False,1,59.9,Card
BUG-20260612-1126,2,2026-06-12 19:38:17,Bugis,SOK-M-02,Men's Pile Crew Socks,Socks,Men,5.9,5.9,False,1,5.9,PayNow
ORC-20260612-0986,3,2026-06-12 19:36:07,Orchard Central,UND-M-04,Men's Cotton Crew Neck Undershirt,Underwear,Men,14.9,14.9,False,1,14.9,NETS
ORC-20260612-0034,1,2026-06-12 20:24:50,Orchard Central,UND-W-01,Women's Airism Bikini Shorts,Underwear,Women,9.9,9.9,False,2,19.8,card
PUN-20260612-0713,1,2026-06-12 18:22:07,Punggol,UND-W-04,Women's Airism T-Shirt Bra,Underwear,Women,29.9,29.9,False,1,29.9,PayNow
PUN-20260612-0734,3,2026-06-12 22:15:24,Punggol,UND-M-05,Men's Seamless Boxer Briefs,Underwear,Men,14.9,14.9,False,1,14.9,nets
ORC-20260612-0485,2,2026-06-12 16:57:31,Orchard Central,SOK-W-02,Women's Pile Crew Socks,Socks,Women,5.9,5.9,False,1,5.9,Card
ORC-20260612-1274,3,2026-06-12 20:05:56,Orchard Central,SOK-W-03,  Women's Airism Low-Cut Socks  ,Socks,Women,5.9,5.9,False,1,5.9,Cash
ORC-20260612-0572,1,2026-06-12 15:20:55,Orchard Central,SOK-W-07,Women's Striped Crew Socks,Socks,Women,5.9,5.9,False,2,11.8,PayNow
BUG-20260612-0583,3,2026-06-12 19:16:48,Bugis,SOK-W-02,Women's Pile Crew Socks,Socks,Women,5.9,5.9,False,1,5.9,PayNow
PUN-20260612-0125,1,2026-06-12 11:19:38,Punggol,UND-M-01,Men's Airism Boxer Briefs,Underwear,Men,14.9,14.9,False,1,14.9,Card
BUG-20260612-1073,1,2026-06-12 19:26:55,Bugis,BTM-W-03,Women's Ezy Ankle Pants,Bottoms,Women,29.9,29.9,False,1,29.9,NETS
BUG-20260612-0572,1,2026-06-12 19:45:03,Bugis,SOK-W-04,Women's Ribbed Crew Socks,Socks,Women,5.9,5.9,False,1,5.9,PayNow
ORC-20260612-0003,2,2026-06-12 21:32:37,Orchard Central,UND-M-02,Men's Cotton Blend Trunks,Underwear,Men,14.9,14.9,False,1,14.9,PayNow
ORC-20260612-0887,1,2026-06-12 11:52:47,Orchard Central,UND-W-01,Women's Airism Bikini Shorts,Underwear,Women,9.9,9.9,False,1,9.9,PayNow
BUG-20260612-1216,3,2026-06-12 18:00:57,Bugis,UND-W-03,  Women's Cotton Blend Briefs  ,Underwear,Women,9.9,9.9,False,1,9.9,Card
BUG-20260612-0301,1,2026-06-12 20:50:49,  Bugis  ,SOK-W-02,Women's Pile Crew Socks,Socks,Women,5.9,5.9,False,1,5.9,PayNow
ORC-20260612-0021,3,2026-06-12 20:27:33,Orchard Central,UND-M-01,Men's Airism Boxer Briefs,Underwear,Men,14.9,14.9,False,1,14.9,Cash
BUG-20260612-0143,2,2026-06-12 17:20:29,Bugis,SOK-M-05,Men's Sport Ankle Socks,Socks,MEN,5.9,5.9,False,1,5.9,PayNow
ORC-20260612-1249,2,2026-06-12 20:11:55,Orchard Central,UND-W-03,,Underwear,Women,9.9,9.9,False,1,9.9,Cash
PUN-20260612-0293,1,2026-06-12 20:36:47,Punggol,SOK-M-04,Men's Ribbed Crew Socks,Socks,Men,5.9,5.9,False,1,5.9,Cash
BUG-20260612-0062,1,2026-06-12 21:09:03,  Bugis  ,UND-W-03,Women's Cotton Blend Briefs,Underwear,Women,9.9,9.9,False,1,9.9,PayNow
PUN-20260612-0135,1,2026-06-12 14:56:28,Punggol,SOK-M-04,Men's Ribbed Crew Socks,socks,Men,$5.9,5.9,False,1,5.9,Cash
PUN-20260612-0069,2,2026-06-12 18:32:35,Punggol,SOK-W-02,  Women's Pile Crew Socks  ,Socks,women,5.9,5.9,False,1,5.9,NETS
BUG-20260612-0591,3,2026-06-12 21:59:41,BUGIS,SOK-W-02,Women's Pile Crew Socks,Socks,WOMEN,5.9,5.9,False,1,5.9,PayNow
PUN-20260612-0251,1,2026-06-12 17:22:37,Punggol,UND-M-02,Men's Cotton Blend Trunks,Underwear,Men,14.9,14.9,False,1,14.9,Card
ORC-20260612-0147,2,2026-06-12 14:33:28,Orchard Central,UND-W-01,Women's Airism Bikini Shorts,Underwear,Women,9.9,9.9,False,1,9.9,Card
BUG-20260612-0820,3,2026-06-12 19:47:03,Bugis,BTM-M-03,Men's Selvedge Regular Fit Jeans,bottoms,Men,59.9,59.9,False,1,59.9,PayNow
PUN-20260612-0460,1,2026-06-12 19:33:06,punggol,SOK-M-04,Men's Ribbed Crew Socks,Socks,Men,5.9,5.9,False,1,5.9,NETS
PUN-20260612-0519,2,2026-06-12 21:26:56,Punggol,SOK-M-04,Men's Ribbed Crew Socks,Socks,MEN,5.9,5.9,False,2,11.8,Cash
BUG-20260612-0004,1,2026-06-12 20:53:39,Bugis,TOP-W-03,Women's Silky Satin Blouse,tops,women,39.9,39.9,False,1,39.9,Cash
ORC-20260612-0848,2,2026-06-12 20:21:13,Orchard Central,UND-M-08,Men's Airism V-Neck Undershirt,UNDERWEAR,Men,9.9,9.9,False,2,19.8,paynow
ORC-20260612-0523,1,2026-06-12 21:25:42,Orchard Central,UND-M-03,Men's Airism Mesh Boxer Briefs,Underwear,Men,14.9,14.9,False,1,14.9,PayNow
ORC-20260612-0025,2,2026-06-12 15:19:29,Orchard Central,TOP-W-02,Women's Ribbed Long Sleeve Turtleneck,Tops,Women,19.9,19.9,False,1,19.9,Card
BUG-20260612-0064,1,2026-06-12 21:23:54,BUGIS,TOP-W-03,Women's Silky Satin Blouse,Tops,Women,39.9,39.9,False,1,39.9,PayNow
ORC-20260612-0111,1,2026-06-12 12:11:01,Orchard Central,UND-W-03,Women's Cotton Blend Briefs,Underwear,Women,9.9,9.9,False,1,9.9,NETS
ORC-20260612-1155,2,2026-06-12 18:57:19,Orchard Central,SOK-M-04,Men's Ribbed Crew Socks,Socks,Men,5.9,5.9,False,1,5.9,Card
BUG-20260612-1167,3,2026-06-12 13:04:23,Bugis,SOK-W-02,Women's Pile Crew Socks,Socks,Women,$5.9,5.9,False,1,5.9,Cash
PUN-20260612-0186,1,2026-06-12 17:26:17,Punggol,BTM-M-02,Men's Slim Fit Chino Trousers,Bottoms,Men,29.9,29.9,False,1,29.9,NETS
BUG-20260612-1117,2,2026-06-12 12:03:51,Bugis,UND-W-02,Women's Wireless Bra,Underwear,Women,29.9,29.9,False,1,29.9,Cash
PUN-20260612-0818,1,2026-06-12 21:46:10,Punggol,TOP-W-04,Women's Heattech Crew Neck Long Sleeve Tee,Tops,Women,14.9,14.9,False,1,14.9,Card
BUG-20260612-1232,1,2026-06-12 18:12:03,Bugis,TOP-W-01,Women's Airism Cotton Crew Neck T-Shirt,TOPS,WOMEN,14.9,14.9,False,1,$14.9,NETS
PUN-20260612-0355,2,2026-06-12 21:37:20,Punggol,BTM-W-03,Women's Ezy Ankle Pants,Bottoms,Women,29.9,29.9,False,1,29.9,NETS
BUG-20260612-0329,2,2026-06-12 19:06:49,Bugis,TOP-M-03,  Men's Dry-EX Crew Neck T-Shirt  ,Tops,Men,19.9,19.9,False,1,19.9,PayNow
ORC-20260612-0956,3,2026-06-12 12:28:39,Orchard Central,UND-M-08,Men's Airism V-Neck Undershirt,Underwear,Men,9.9,9.9,False,1,9.9,Cash
ORC-20260612-0015,1,2026-06-12 19:53:30,Orchard Central,UND-M-07,Men's Stretch Cotton Boxers,Underwear,Men,14.9,14.9,False,1,14.9,Card
BUG-20260612-0242,1,2026-06-12 14:22:04,BUGIS,SOK-W-04,Women's Ribbed Crew Socks,Socks,WOMEN,5.9,5.9,False,1,5.9,Card
PUN-20260612-0507,2,2026-06-12 11:00:12,Punggol,UND-M-01,Men's Airism Boxer Briefs,Underwear,Men,14.9,14.9,False,2,29.8,Card
PUN-20260612-0049,2,2026-06-12 20:50:39,PUNGGOL,SOK-W-10,Women's Wool Blend Socks,Socks,Women,9.9,9.9,False,1,9.9,Cash
PUN-20260612-0653,2,2026-06-12 20:39:07,PUNGGOL,SOK-W-02,Women's Pile Crew Socks,Socks,Women,5.9,5.9,False,1,5.9,PayNow
PUN-20260612-0496,1,2026-06-12 21:53:21,Punggol,UND-M-01,Men's Airism Boxer Briefs,Underwear,MEN,14.9,14.9,False,2,29.8,Card
PUN-20260612-0325,1,2026-06-12 19:03:42,Punggol,UND-M-03,Men's Airism Mesh Boxer Briefs,Underwear,Men,14.9,14.9,False,1,14.9,NETS
BUG-20260612-0789,1,2026-06-12 16:42:19,Bugis,TOP-M-02,Men's Supima Cotton Polo Shirt,Tops,Men,29.9,29.9,False,1,29.9,NETS
BUG-20260612-0932,3,2026-06-12 20:04:28,Bugis,SOK-M-04,Men's Ribbed Crew Socks,Socks,Men,5.9,5.9,False,2,11.8,Card
BUG-20260612-0417,1,2026-06-12 18:32:07,Bugis,UND-W-04,Women's Airism T-Shirt Bra,Underwear,Women,29.9,29.9,False,1,29.9,NETS
BUG-20260612-0399,1,2026-06-12 12:30:23,Bugis,TOP-W-08,Women's Puff Sleeve Blouse,Tops,Women,20.35,29.9,True,1,20.35,Card
ORC-20260612-0913,2,2026-06-12 19:24:08,Orchard Central,SOK-W-04,Women's Ribbed Crew Socks,Socks,Women,5.9,5.9,False,1,5.9,Card
PUN-20260612-0300,2,2026-06-12 22:11:04,Punggol,SOK-W-01,Women's Ankle Socks 3-Pack,Socks,Women,14.9,14.9,False,1,14.9,Card
BUG-20260612-0490,1,2026-06-12 21:21:46,Bugis,SOK-M-01,  Men's Ankle Socks 3-Pack  ,SOCKS,Men,14.9,14.9,False,1,14.9,PayNow
ORC-20260612-0408,3,2026-06-12 18:42:14,Orchard Central,UND-W-01,  Women's Airism Bikini Shorts  ,Underwear,Women,9.9,9.9,False,1,9.9,paynow
ORC-20260612-0021,1,2026-06-12 20:27:33,Orchard Central,SOK-M-01,Men's Ankle Socks 3-Pack,SOCKS,Men,14.9,14.9,False,1,14.9,Cash
ORC-20260612-0301,1,2026-06-12 11:44:46,Orchard Central,SOK-W-02,Women's Pile Crew Socks,Socks,Women,5.9,5.9,False,1,5.9,Card
PUN-20260612-0724,3,2026-06-12 22:51:13,Punggol,BTM-W-01,Women's Ultra Stretch Skinny Jeans,Bottoms,WOMEN,39.9,39.9,False,1,39.9,paynow
BUG-20260612-1071,2,2026-06-12 20:44:00,Bugis,SOK-M-02,  Men's Pile Crew Socks  ,Socks,Men,5.9,5.9,False,1,5.9,PayNow
BUG-20260612-0040,2,2026-06-12 19:38:30,Bugis,SOK-W-02,Women's Pile Crew Socks,Socks,Women,5.9,5.9,False,1,5.9,paynow
BUG-20260612-1168,3,2026-06-12 19:31:46,Bugis,SOK-W-03,Women's Airism Low-Cut Socks,Socks,Women,5.9,5.9,False,1,5.9,Card
PUN-20260612-0602,1,2026-06-12 20:26:00,Punggol,TOP-W-03,Women's Silky Satin Blouse,Tops,WOMEN,39.9,39.9,False,1,39.9,PayNow
ORC-20260612-0769,3,2026-06-12 20:29:54,Orchard Central,SOK-W-04,Women's Ribbed Crew Socks,Socks,women,5.9,5.9,False,1,5.9,CASH
PUN-20260612-0514,2,2026-06-12 15:53:32,Punggol,SOK-W-03,Women's Airism Low-Cut Socks,Socks,Women,$5.9,5.9,False,1,5.9,PayNow
BUG-20260612-0664,1,2026-06-12 14:19:21,bugis,SOK-W-04,Women's Ribbed Crew Socks,Socks,Women,5.9,5.9,False,1,5.9,PayNow
ORC-20260612-0078,2,2026-06-12 21:08:47,Orchard Central,SOK-M-04,Men's Ribbed Crew Socks,Socks,Men,5.9,5.9,False,1,5.9,PayNow
ORC-20260612-1142,1,2026-06-12 17:30:58,Orchard Central,TOP-W-01,Women's Airism Cotton Crew Neck T-Shirt,Tops,Women,14.9,14.9,False,1,14.9,Card
PUN-20260612-0141,1,2026-06-12 14:50:50,Punggol,UND-M-02,Men's Cotton Blend Trunks,underwear,Men,14.9,14.9,False,1,14.9,Card
BUG-20260612-0474,1,2026-06-12 19:27:16,Bugis,SOK-M-04,Men's Ribbed Crew Socks,Socks,Men,5.9,5.9,False,2,11.8,PayNow
ORC-20260612-1202,2,2026-06-12 13:02:49,Orchard Central,SOK-M-02,Men's Pile Crew Socks,Socks,Men,5.9,5.9,False,2,11.8,Card
BUG-20260612-0491,2,2026-06-12 13:53:10,Bugis,BTM-W-03,Women's Ezy Ankle Pants,BOTTOMS,Women,29.9,29.9,False,1,29.9,card
BUG-20260612-0419,2,2026-06-12 18:14:25,Bugis,SOK-M-02,Men's Pile Crew Socks,Socks,Men,5.9,5.9,False,2,11.8,Card
PUN-20260612-0398,3,2026-06-12 20:08:13,  Punggol  ,BTM-M-05,Men's Wide Fit Cargo Pants,BOTTOMS,Men,26.68,39.9,True,1,26.68,Card
BUG-20260612-0582,1,2026-06-12 18:50:35,  Bugis  ,SOK-M-03,Men's Airism Low-Cut Socks,Socks,men,5.9,5.9,False,2,11.8,Card
ORC-20260612-0118,2,2026-06-12 20:38:00,Orchard Central,TOP-W-04,Women's Heattech Crew Neck Long Sleeve Tee,Tops,Women,14.9,14.9,False,1,14.9,CARD
ORC-20260612-0411,1,2026-06-12 14:29:35,Orchard Central,SOK-W-04,Women's Ribbed Crew Socks,Socks,Women,5.9,5.9,False,1,5.9,card
ORC-20260612-0153,1,2026-06-12 18:38:25,Orchard Central,SOK-M-04,Men's Ribbed Crew Socks,Socks,Men,5.9,5.9,False,1,5.9,Card
BUG-20260612-0307,1,2026-06-12 20:30:02,Bugis,SOK-M-03,Men's Airism Low-Cut Socks,Socks,Men,5.9,5.9,False,1,5.9,Cash
BUG-20260612-1097,1,2026-06-12 11:52:10,BUGIS,TOP-W-01,Women's Airism Cotton Crew Neck T-Shirt,tops,Women,14.9,14.9,False,1,14.9,PayNow
ORC-20260612-0165,1,2026-06-12 14:26:54,ORCHARD CENTRAL,TOP-M-01,Men's Airism Cotton Crew Neck T-Shirt,Tops,Men,14.9,14.9,False,1,14.9,Cash
BUG-20260612-1196,1,2026-06-12 20:11:24,Bugis,TOP-W-04,Women's Heattech Crew Neck Long Sleeve Tee,Tops,Women,14.9,14.9,False,1,14.9,PayNow
ORC-20260612-0147,1,2026-06-12 14:33:28,Orchard Central,TOP-M-04,Men's Oxford Long Sleeve Shirt,Tops,Men,29.9,29.9,False,1,29.9,Card
BUG-20260612-0285,1,2026-06-12 17:13:14,Bugis,UND-M-01,Men's Airism Boxer Briefs,Underwear,Men,14.9,14.9,False,2,29.8,Card
ORC-20260612-0480,2,2026-06-12 20:58:06,Orchard Central,SOK-W-02,Women's Pile Crew Socks,Socks,Women,5.9,5.9,False,1,5.9,Card
ORC-20260612-0997,2,2026-06-12 16:40:46,  Orchard Central  ,UND-M-04,Men's Cotton Crew Neck Undershirt,Underwear,Men,14.9,14.9,False,1,14.9,Card
ORC-20260612-0819,1,2026-06-12 20:27:46,Orchard Central,SOK-M-03,Men's Airism Low-Cut Socks,Socks,Men,5.9,5.9,False,1,5.9,Card
ORC-20260612-0499,3,2026-06-12 17:43:45,Orchard Central,SOK-M-02,Men's Pile Crew Socks,Socks,Men,5.9,5.9,False,1,5.9,
ORC-20260612-0232,3,2026-06-12 13:42:38,Orchard Central,TOP-W-03,Women's Silky Satin Blouse,Tops,women,39.9,39.9,False,1,39.9,Card
ORC-20260612-0908,2,2026-06-12 20:25:44,Orchard Central,SOK-W-03,Women's Airism Low-Cut Socks,Socks,Women,5.9,5.9,False,1,5.9,PayNow
ORC-20260612-0337,3,2026-06-12 20:28:35,Orchard Central,TOP-W-04,Women's Heattech Crew Neck Long Sleeve Tee,tops,women,14.9,14.9,False,1,14.9,PayNow
ORC-20260612-0838,1,2026-06-12 12:31:18,Orchard Central,BTM-M-02,Men's Slim Fit Chino Trousers,Bottoms,Men,29.9,29.9,False,1,29.9,nets
ORC-20260612-0260,2,2026-06-12 22:17:17,ORCHARD CENTRAL,SOK-W-07,Women's Striped Crew Socks,Socks,Women,5.9,5.9,False,1,5.9,NETS
ORC-20260612-0938,2,2026-06-12 15:09:48,Orchard Central,SOK-M-04,Men's Ribbed Crew Socks,Socks,Men,5.9,5.9,False,1,5.9,PayNow
PUN-20260612-0020,1,2026-06-12 17:23:03,Punggol,SOK-M-03,Men's Airism Low-Cut Socks,Socks,Men,5.9,5.9,False,1,5.9,card
ORC-20260612-0774,1,2026-06-12 21:22:12,orchard central,UND-W-01,Women's Airism Bikini Shorts,Underwear,Women,9.9,9.9,False,1,9.9,Card
PUN-20260612-0729,1,2026-06-12 19:32:00,  Punggol  ,TOP-W-01,Women's Airism Cotton Crew Neck T-Shirt,Tops,Women,14.9,14.9,False,1,14.9,NETS
ORC-20260612-0178,1,2026-06-12 19:39:26,Orchard Central,UND-W-01,  Women's Airism Bikini Shorts  ,Underwear,Women,9.9,9.9,False,1,9.9,PayNow
BUG-20260612-0135,2,2026-06-12 20:06:54,Bugis,BTM-M-04,Men's Dry Stretch Shorts,Bottoms,Men,19.9,19.9,False,1,19.9,NETS
PUN-20260612-0640,3,2026-06-12 17:06:02,Punggol,UND-W-07,Women's Heattech Camisole,Underwear,Women,14.9,14.9,False,1,14.9,Card
BUG-20260612-1131,1,2026-06-12 19:28:49,Bugis,BTM-M-04,Men's Dry Stretch Shorts,bottoms,Men,19.9,19.9,False,1,19.9,Card
PUN-20260612-0514,3,2026-06-12 15:53:32,Punggol,SOK-M-05,Men's Sport Ankle Socks,Socks,Men,5.9,5.9,False,1,5.9,PayNow
BUG-20260612-0790,1,2026-06-12 18:50:32,Bugis,TOP-W-08,Women's Puff Sleeve Blouse,Tops,Women,20.35,29.9,True,1,20.35,Cash
PUN-20260612-0144,1,2026-06-12 18:59:34,Punggol,SOK-M-03,Men's Airism Low-Cut Socks,Socks,Men,5.9,5.9,False,1,5.9,NETS
ORC-20260612-0592,1,2026-06-12 12:13:39,Orchard Central,TOP-W-03,Women's Silky Satin Blouse,TOPS,WOMEN,39.9,39.9,False,1,39.9,Card
ORC-20260612-1152,3,2026-06-12 16:05:51,Orchard Central,BTM-M-01,Men's Ezy Ankle Pants,Bottoms,Men,29.9,29.9,False,1,29.9,Card
BUG-20260612-0978,2,2026-06-12 21:37:40,Bugis,UND-M-01,,Underwear,Men,14.9,14.9,False,1,14.9,PayNow
PUN-20260612-0081,2,2026-06-12 14:57:49,PUNGGOL,UND-W-01,  Women's Airism Bikini Shorts  ,Underwear,Women,9.9,9.9,False,1,9.9,Card
ORC-20260612-0932,2,2026-06-12 19:19:36,Orchard Central,SOK-W-03,Women's Airism Low-Cut Socks,Socks,Women,5.9,5.9,False,1,5.9,Cash
ORC-20260612-0737,1,2026-06-12 11:23:41,Orchard Central,UND-M-01,Men's Airism Boxer Briefs,Underwear,Men,14.9,14.9,False,1,14.9,CASH
BUG-20260612-0260,1,2026-06-12 16:07:59,Bugis,SOK-W-03,Women's Airism Low-Cut Socks,SOCKS,Women,5.9,5.9,False,1,5.9,Card
ORC-20260612-0618,1,2026-06-12 14:57:12,Orchard Central,SOK-W-02,Women's Pile Crew Socks,Socks,women,5.9,5.9,False,1,5.9,Cash
ORC-20260612-0912,1,2026-06-12 16:04:21,orchard central,TOP-W-01,Women's Airism Cotton Crew Neck T-Shirt,Tops,Women,14.9,14.9,False,1,14.9,CASH
ORC-20260612-0834,2,2026-06-12 17:14:33,Orchard Central,SOK-W-03,Women's Airism Low-Cut Socks,Socks,Women,5.9,5.9,False,1,5.9,Card
ORC-20260612-0207,2,2026-06-12 12:02:42,  Orchard Central  ,SOK-W-04,Women's Ribbed Crew Socks,Socks,Women,$5.9,5.9,False,1,5.9,Card
ORC-20260612-0381,3,2026-06-12 18:34:15,Orchard Central,SOK-W-03,Women's Airism Low-Cut Socks,Socks,Women,5.9,5.9,False,1,5.9,PayNow
ORC-20260612-1165,2,2026-06-12 21:39:17,Orchard Central,BTM-W-02,Women's High-Rise Wide Leg Pants,BOTTOMS,Women,39.9,39.9,False,1,39.9,PayNow
PUN-20260612-0436,1,2026-06-12 17:24:35,Punggol,TOP-W-01,Women's Airism Cotton Crew Neck T-Shirt,Tops,Women,14.9,14.9,False,1,14.9,PAYNOW
ORC-20260612-0580,1,2026-06-12 21:22:21,Orchard Central,SOK-M-02,Men's Pile Crew Socks,Socks,Men,5.9,5.9,False,1,5.9,NETS
ORC-20260612-0385,2,2026-06-12 18:17:29,Orchard Central,SOK-M-02,Men's Pile Crew Socks,Socks,Men,5.9,5.9,False,1,5.9,Card
ORC-20260612-0347,1,2026-06-12 15:56:42,Orchard Central,SOK-M-03,Men's Airism Low-Cut Socks,Socks,Men,5.9,5.9,False,1,5.9,Cash
ORC-20260612-1294,2,2026-06-12 19:59:04,Orchard Central,TOP-M-03,Men's Dry-EX Crew Neck T-Shirt,Tops,men,19.9,19.9,False,1,19.9,PayNow
ORC-20260612-0290,1,2026-06-12 19:16:40,Orchard Central,BTM-M-03,Men's Selvedge Regular Fit Jeans,Bottoms,Men,59.9,59.9,False,1,59.9,NETS
ORC-20260612-1128,1,2026-06-12 15:45:23,Orchard Central,SOK-W-06,Women's Heattech Socks,Socks,Women,9.9,9.9,False,1,9.9,CASH
PUN-20260612-0780,2,2026-06-12 13:05:39,Punggol,SOK-W-02,Women's Pile Crew Socks,Socks,Women,5.9,5.9,False,1,5.9,NETS
PUN-20260612-0512,1,2026-06-12 19:21:55,Punggol,BTM-M-05,Men's Wide Fit Cargo Pants,Bottoms,MEN,26.68,39.9,True,1,26.68,PayNow
BUG-20260612-0425,2,2026-06-12 18:00:16,Bugis,SOK-M-04,Men's Ribbed Crew Socks,Socks,Men,5.9,5.9,False,1,5.9,PayNow
ORC-20260612-0692,3,2026-06-12 21:53:11,Orchard Central,SOK-M-03,  Men's Airism Low-Cut Socks  ,Socks,Men,5.9,5.9,False,1,5.9,Card
BUG-20260612-0999,2,2026-06-12 17:45:31,Bugis,SOK-W-04,Women's Ribbed Crew Socks,Socks,Women,5.9,5.9,False,1,5.9,Card
ORC-20260612-0138,1,2026-06-12 22:29:40,Orchard Central,SOK-W-04,Women's Ribbed Crew Socks,Socks,Women,5.9,5.9,False,1,5.9,cash
BUG-20260612-1233,1,2026-06-12 18:11:20,Bugis,SOK-M-02,Men's Pile Crew Socks,Socks,Men,5.9,5.9,False,2,11.8,paynow
ORC-20260612-1214,1,2026-06-12 18:45:41,Orchard Central,TOP-W-02,Women's Ribbed Long Sleeve Turtleneck,Tops,Women,19.9,19.9,False,1,19.9,NETS
ORC-20260612-0237,1,2026-06-12 13:25:06,Orchard Central,UND-W-01,Women's Airism Bikini Shorts,Underwear,Women,9.9,9.9,False,1,9.9,Card
BUG-20260612-0201,1,2026-06-12 20:18:36,Bugis,SOK-W-03,Women's Airism Low-Cut Socks,Socks,Women,5.9,5.9,False,1,5.9,Card
PUN-20260612-0030,1,2026-06-12 21:07:48,Punggol,SOK-W-01,Women's Ankle Socks 3-Pack,Socks,Women,14.9,14.9,False,2,29.8,Card
ORC-20260612-0766,1,2026-06-12 18:20:13,Orchard Central,SOK-M-08,Men's Cotton Blend Dress Socks,Socks,men,9.9,9.9,False,1,9.9,Card
PUN-20260612-0318,1,2026-06-12 19:45:09,Punggol,UND-M-03,Men's Airism Mesh Boxer Briefs,Underwear,Men,14.9,14.9,False,1,14.9,NETS
BUG-20260612-0121,2,2026-06-12 19:29:09,BUGIS,TOP-W-01,Women's Airism Cotton Crew Neck T-Shirt,Tops,Women,14.9,14.9,False,1,14.9,PayNow
ORC-20260612-0796,3,2026-06-12 17:18:30,Orchard Central,BTM-W-06,Women's Jersey Jogger Pants,Bottoms,Women,29.9,29.9,False,1,$29.9,Card
BUG-20260612-0069,2,2026-06-12 20:24:31,Bugis,TOP-W-02,Women's Ribbed Long Sleeve Turtleneck,TOPS,Women,19.9,19.9,False,1,19.9,Cash
BUG-20260612-0037,1,2026-06-12 20:59:37,Bugis,SOK-W-03,  Women's Airism Low-Cut Socks  ,Socks,Women,5.9,5.9,False,1,5.9,
ORC-20260612-0597,2,2026-06-12 21:20:54,Orchard Central,SOK-W-06,Women's Heattech Socks,Socks,Women,9.9,9.9,False,1,9.9,paynow
ORC-20260612-1259,2,2026-06-12 18:37:24,Orchard Central,TOP-M-01,Men's Airism Cotton Crew Neck T-Shirt,Tops,Men,14.9,14.9,False,1,14.9,PayNow
ORC-20260612-1092,1,2026-06-12 15:19:23,ORCHARD CENTRAL,UND-W-01,Women's Airism Bikini Shorts,Underwear,Women,9.9,9.9,False,2,19.8,Card
BUG-20260612-0524,2,2026-06-12 12:14:25,bugis,SOK-M-01,Men's Ankle Socks 3-Pack,socks,Men,14.9,14.9,False,1,14.9,PayNow
ORC-20260612-0496,2,2026-06-12 21:36:00,Orchard Central,SOK-M-03,Men's Airism Low-Cut Socks,Socks,Men,5.9,5.9,False,1,5.9,Card
PUN-20260612-0065,3,2026-06-12 20:18:50,Punggol,BTM-M-01,Men's Ezy Ankle Pants,Bottoms,Men,29.9,29.9,False,1,29.9,PayNow
PUN-20260612-0287,3,2026-06-12 18:39:24,Punggol,TOP-M-01,Men's Airism Cotton Crew Neck T-Shirt,Tops,Men,14.9,14.9,False,1,14.9,Card
PUN-20260612-0376,1,2026-06-12 19:06:45,Punggol,SOK-M-01,Men's Ankle Socks 3-Pack,Socks,Men,14.9,14.9,False,1,14.9,NETS
BUG-20260612-0656,3,2026-06-12 12:47:04,Bugis,SOK-M-04,Men's Ribbed Crew Socks,Socks,men,5.9,5.9,False,1,5.9,Cash
ORC-20260612-0866,2,2026-06-12 18:50:25,Orchard Central,TOP-M-04,Men's Oxford Long Sleeve Shirt,tops,Men,29.9,29.9,False,1,29.9,PayNow
ORC-20260612-0705,2,2026-06-12 21:07:49,Orchard Central,TOP-M-04,Men's Oxford Long Sleeve Shirt,Tops,Men,29.9,29.9,False,1,29.9,NETS
BUG-20260612-0610,1,2026-06-12 13:51:52,Bugis,SOK-M-02,Men's Pile Crew Socks,Socks,Men,5.9,5.9,False,1,5.9,NETS
ORC-20260612-1133,1,2026-06-12 11:19:48,Orchard Central,TOP-W-03,Women's Silky Satin Blouse,Tops,Women,39.9,39.9,False,1,39.9,Card
BUG-20260612-0831,2,2026-06-12 17:53:31,Bugis,TOP-W-01,Women's Airism Cotton Crew Neck T-Shirt,Tops,Women,14.9,14.9,False,1,14.9,
ORC-20260612-0938,1,2026-06-12 15:09:48,Orchard Central,TOP-W-03,  Women's Silky Satin Blouse  ,Tops,Women,39.9,39.9,False,1,39.9,PayNow
ORC-20260612-0928,2,2026-06-12 20:31:08,Orchard Central,TOP-M-04,Men's Oxford Long Sleeve Shirt,Tops,Men,29.9,29.9,False,1,29.9,Cash
BUG-20260612-0254,3,2026-06-12 20:55:11,Bugis,SOK-M-03,Men's Airism Low-Cut Socks,Socks,Men,5.9,5.9,False,1,5.9,Cash
ORC-20260612-0061,2,2026-06-12 18:04:42,Orchard Central,TOP-W-04,Women's Heattech Crew Neck Long Sleeve Tee,Tops,Women,$14.9,14.9,False,1,14.9,PayNow
PUN-20260612-0074,1,2026-06-12 19:58:33,Punggol,TOP-W-04,Women's Heattech Crew Neck Long Sleeve Tee,Tops,Women,14.9,14.9,False,1,14.9,Cash
ORC-20260612-0163,2,2026-06-12 19:15:48,Orchard Central,BTM-M-03,Men's Selvedge Regular Fit Jeans,Bottoms,Men,59.9,59.9,False,1,59.9,Cash
BUG-20260612-0189,1,2026-06-12 17:59:35,Bugis,TOP-M-01,Men's Airism Cotton Crew Neck T-Shirt,Tops,Men,14.9,14.9,False,1,14.9,Card
ORC-20260612-0561,1,2026-06-12 12:30:07,Orchard Central,SOK-W-04,Women's Ribbed Crew Socks,socks,Women,5.9,5.9,False,1,5.9,NETS
ORC-20260612-0283,2,2026-06-12 19:45:55,orchard central,TOP-W-03,Women's Silky Satin Blouse,Tops,women,39.9,39.9,False,1,39.9,Card
ORC-20260612-0282,1,2026-06-12 18:34:42,Orchard Central,TOP-M-03,Men's Dry-EX Crew Neck T-Shirt,Tops,Men,19.9,19.9,False,1,19.9,PayNow
BUG-20260612-1152,1,2026-06-12 19:26:01,Bugis,SOK-M-04,Men's Ribbed Crew Socks,Socks,Men,5.9,5.9,False,1,5.9,Cash
ORC-20260612-0097,2,2026-06-12 18:10:04,Orchard Central,TOP-W-04,Women's Heattech Crew Neck Long Sleeve Tee,Tops,Women,$14.9,14.9,False,1,14.9,PayNow
ORC-20260612-0060,1,2026-06-12 20:33:09,Orchard Central,UND-M-03,Men's Airism Mesh Boxer Briefs,Underwear,Men,14.9,14.9,False,2,29.8,PayNow
ORC-20260612-0231,2,2026-06-12 18:25:10,Orchard Central,TOP-W-03,Women's Silky Satin Blouse,TOPS,Women,39.9,39.9,False,1,39.9,NETS
PUN-20260612-0399,3,2026-06-12 15:12:19,Punggol,BTM-M-04,Men's Dry Stretch Shorts,Bottoms,Men,19.9,19.9,False,1,19.9,Nets
PUN-20260612-0729,2,2026-06-12 19:32:00,Punggol,SOK-W-03,Women's Airism Low-Cut Socks,Socks,Women,5.9,5.9,False,2,11.8,NETS
BUG-20260612-1131,2,2026-06-12 19:28:49,bugis,UND-M-02,Men's Cotton Blend Trunks,Underwear,Men,14.9,14.9,False,1,14.9,
PUN-20260612-0601,3,2026-06-12 13:41:55,  Punggol  ,UND-M-01,Men's Airism Boxer Briefs,underwear,men,14.9,14.9,False,2,29.8,paynow
ORC-20260612-1193,3,2026-06-12 13:10:08,orchard central,SOK-M-08,Men's Cotton Blend Dress Socks,Socks,Men,9.9,9.9,False,1,9.9,PayNow
ORC-20260612-0965,1,2026-06-12 18:44:29,Orchard Central,TOP-M-02,Men's Supima Cotton Polo Shirt,Tops,Men,29.9,29.9,False,1,29.9,Card
PUN-20260612-0046,2,2026-06-12 19:26:02,Punggol,SOK-W-03,Women's Airism Low-Cut Socks,Socks,Women,5.9,5.9,False,1,5.9,NETS
BUG-20260612-0662,3,2026-06-12 11:44:01,Bugis,UND-W-02,Women's Wireless Bra,Underwear,Women,29.9,29.9,False,2,59.8,PayNow
PUN-20260612-0797,2,2026-06-12 19:12:05,Punggol,TOP-W-02,Women's Ribbed Long Sleeve Turtleneck,Tops,women,19.9,19.9,False,1,19.9,Card
ORC-20260612-0084,1,2026-06-12 18:34:21,Orchard Central,UND-W-02,Women's Wireless Bra,Underwear,Women,29.9,29.9,False,1,29.9,PayNow
PUN-20260612-0222,1,2026-06-12 18:03:29,Punggol,BTM-M-05,  Men's Wide Fit Cargo Pants  ,Bottoms,Men,26.68,39.9,True,1,26.68,Cash
PUN-20260612-0675,2,2026-06-12 19:25:01,punggol,SOK-M-02,Men's Pile Crew Socks,Socks,men,5.9,5.9,False,1,5.9,Card
PUN-20260612-0208,1,2026-06-12 18:02:16,Punggol,BTM-M-03,Men's Selvedge Regular Fit Jeans,Bottoms,Men,59.9,59.9,False,1,59.9,nets
PUN-20260612-0656,2,2026-06-12 18:11:29,Punggol,BTM-W-04,Women's Denim Straight Jeans,Bottoms,Women,49.9,49.9,False,1,49.9,Card
ORC-20260612-0113,2,2026-06-12 20:39:31,Orchard Central,TOP-W-01,Women's Airism Cotton Crew Neck T-Shirt,Tops,women,14.9,14.9,False,1,14.9,NETS
BUG-20260612-0498,1,2026-06-12 18:12:25,Bugis,UND-M-01,Men's Airism Boxer Briefs,Underwear,Men,14.9,14.9,False,1,14.9,NETS
ORC-20260612-1090,2,2026-06-12 19:48:30,Orchard Central,SOK-W-03,Women's Airism Low-Cut Socks,Socks,Women,5.9,5.9,False,1,5.9,Card
ORC-20260612-0146,1,2026-06-12 21:14:05,ORCHARD CENTRAL,UND-M-04,Men's Cotton Crew Neck Undershirt,Underwear,Men,14.9,14.9,False,2,29.8,NETS
BUG-20260612-0944,2,2026-06-12 22:28:29,bugis,SOK-W-04,Women's Ribbed Crew Socks,socks,Women,5.9,5.9,False,1,5.9,Card
BUG-20260612-0014,3,2026-06-12 11:20:39,BUGIS,SOK-M-02,Men's Pile Crew Socks,Socks,Men,5.9,5.9,False,1,5.9,PayNow
BUG-20260612-0637,2,2026-06-12 14:03:27,Bugis,TOP-M-01,Men's Airism Cotton Crew Neck T-Shirt,Tops,Men,14.9,14.9,False,1,14.9,Card
ORC-20260612-1106,1,2026-06-12 15:06:12,Orchard Central,UND-M-01,Men's Airism Boxer Briefs,Underwear,Men,14.9,14.9,False,1,14.9,Cash
BUG-20260612-1163,1,2026-06-12 21:39:50,Bugis,TOP-M-02,Men's Supima Cotton Polo Shirt,Tops,Men,29.9,29.9,False,1,29.9,cash
PUN-20260612-0748,1,2026-06-12 18:05:03,Punggol,SOK-W-02,Women's Pile Crew Socks,Socks,Women,5.9,5.9,False,2,11.8,Cash
BUG-20260612-0996,1,2026-06-12 20:00:56,Bugis,TOP-W-01,Women's Airism Cotton Crew Neck T-Shirt,Tops,Women,14.9,14.9,False,1,14.9,PayNow
ORC-20260612-1036,2,2026-06-12 12:03:12,Orchard Central,SOK-W-04,Women's Ribbed Crew Socks,Socks,Women,5.9,5.9,False,1,5.9,NETS
PUN-20260612-0246,1,2026-06-12 20:52:02,Punggol,SOK-W-02,  Women's Pile Crew Socks  ,Socks,Women,$5.9,5.9,False,2,11.8,Card
ORC-20260612-1267,1,2026-06-12 16:14:31,ORCHARD CENTRAL,UND-W-02,Women's Wireless Bra,underwear,Women,29.9,29.9,False,1,29.9,Card
ORC-20260612-1243,2,2026-06-12 16:38:54,Orchard Central,TOP-M-04,Men's Oxford Long Sleeve Shirt,Tops,Men,29.9,29.9,False,1,29.9,PAYNOW
BUG-20260612-0116,1,2026-06-12 16:33:59,Bugis,TOP-W-04,Women's Heattech Crew Neck Long Sleeve Tee,Tops,Women,14.9,14.9,False,1,14.9,cash
ORC-20260612-1009,2,2026-06-12 21:55:53,Orchard Central,SOK-W-06,Women's Heattech Socks,Socks,Women,9.9,9.9,False,1,9.9,Cash
BUG-20260612-0643,3,2026-06-12 21:04:25,Bugis,SOK-W-02,  Women's Pile Crew Socks  ,Socks,Women,5.9,5.9,False,1,$5.9,PayNow
PUN-20260612-0423,1,2026-06-12 18:44:54,PUNGGOL,TOP-M-02,Men's Supima Cotton Polo Shirt,Tops,Men,29.9,29.9,False,1,29.9,Card
ORC-20260612-0634,3,2026-06-12 12:33:15,Orchard Central,TOP-W-01,Women's Airism Cotton Crew Neck T-Shirt,tops,Women,14.9,14.9,False,1,14.9,Cash
PUN-20260612-0042,1,2026-06-12 18:42:15,Punggol,UND-W-04,Women's Airism T-Shirt Bra,Underwear,women,29.9,29.9,False,1,29.9,Card
ORC-20260612-0551,3,2026-06-12 19:15:20,Orchard Central,BTM-M-02,Men's Slim Fit Chino Trousers,BOTTOMS,Men,29.9,29.9,False,1,29.9,Card
ORC-20260612-0296,2,2026-06-12 12:37:39,Orchard Central,UND-M-02,Men's Cotton Blend Trunks,Underwear,Men,$14.9,14.9,False,1,14.9,Card
ORC-20260612-0887,2,2026-06-12 11:52:47,Orchard Central,UND-M-02,Men's Cotton Blend Trunks,underwear,Men,14.9,14.9,False,1,14.9,PayNow
BUG-20260612-0903,1,2026-06-12 18:59:31,Bugis,UND-M-01,Men's Airism Boxer Briefs,Underwear,Men,14.9,14.9,False,1,14.9,NETS
BUG-20260612-1141,2,2026-06-12 21:12:52,Bugis,SOK-W-01,Women's Ankle Socks 3-Pack,Socks,Women,14.9,14.9,False,1,14.9,NETS
BUG-20260612-0105,1,2026-06-12 18:58:13,Bugis,BTM-M-05,Men's Wide Fit Cargo Pants,Bottoms,Men,26.68,39.9,True,1,26.68,Card
BUG-20260612-1071,1,2026-06-12 20:44:00,Bugis,BTM-M-04,Men's Dry Stretch Shorts,Bottoms,Men,19.9,19.9,False,1,19.9,PayNow
BUG-20260612-0311,1,2026-06-12 20:43:01,Bugis,TOP-W-02,Women's Ribbed Long Sleeve Turtleneck,Tops,Women,19.9,19.9,False,1,19.9,PayNow
ORC-20260612-1185,1,2026-06-12 20:53:48,Orchard Central,SOK-M-01,Men's Ankle Socks 3-Pack,Socks,Men,14.9,14.9,False,1,14.9,Card
PUN-20260612-0714,1,2026-06-12 20:30:01,Punggol,BTM-M-03,Men's Selvedge Regular Fit Jeans,bottoms,MEN,59.9,59.9,False,1,59.9,Card
ORC-20260612-0565,3,2026-06-12 21:03:37,Orchard Central,TOP-M-01,Men's Airism Cotton Crew Neck T-Shirt,Tops,Men,14.9,14.9,False,1,14.9,Card
ORC-20260612-0216,1,2026-06-12 18:37:59,Orchard Central,UND-M-08,Men's Airism V-Neck Undershirt,Underwear,Men,9.9,9.9,False,1,9.9,Card
ORC-20260612-0749,1,2026-06-12 20:54:15,Orchard Central,SOK-M-02,Men's Pile Crew Socks,Socks,Men,5.9,5.9,False,1,5.9,Card
BUG-20260612-0404,3,2026-06-12 20:27:38,Bugis,UND-W-03,Women's Cotton Blend Briefs,Underwear,Women,9.9,9.9,False,1,9.9,Card
ORC-20260612-1190,1,2026-06-12 16:47:37,Orchard Central,SOK-M-04,Men's Ribbed Crew Socks,Socks,Men,5.9,5.9,False,1,5.9,Card
ORC-20260612-1171,3,2026-06-12 11:11:47,ORCHARD CENTRAL,SOK-W-03,Women's Airism Low-Cut Socks,Socks,Women,5.9,5.9,False,1,5.9,Card
PUN-20260612-0731,1,2026-06-12 13:23:29,Punggol,TOP-M-02,Men's Supima Cotton Polo Shirt,Tops,Men,29.9,29.9,False,1,29.9,NETS
ORC-20260612-1138,1,2026-06-12 19:44:55,Orchard Central,SOK-W-03,Women's Airism Low-Cut Socks,socks,Women,5.9,5.9,False,1,5.9,PayNow
BUG-20260612-0047,2,2026-06-12 16:56:57,  bugis  ,UND-M-04,Men's Cotton Crew Neck Undershirt,Underwear,Men,14.9,14.9,False,1,14.9,Card
PUN-20260612-0604,2,2026-06-12 19:22:33,punggol,TOP-M-04,  Men's Oxford Long Sleeve Shirt  ,Tops,Men,29.9,29.9,False,1,29.9,Card
ORC-20260612-1008,3,2026-06-12 16:26:25,orchard central,TOP-W-04,  Women's Heattech Crew Neck Long Sleeve Tee  ,Tops,Women,14.9,14.9,False,1,14.9,Card
BUG-20260612-0494,2,2026-06-12 19:57:40,Bugis,SOK-W-06,Women's Heattech Socks,Socks,Women,9.9,9.9,False,1,9.9,Cash
ORC-20260612-0692,1,2026-06-12 21:53:11,  Orchard Central  ,BTM-W-04,Women's Denim Straight Jeans,Bottoms,women,49.9,49.9,False,1,49.9,Card
ORC-20260612-0764,3,2026-06-12 21:41:49,Orchard Central,BTM-W-01,  Women's Ultra Stretch Skinny Jeans  ,BOTTOMS,Women,39.9,39.9,False,1,39.9,Card
ORC-20260612-0368,1,2026-06-12 20:47:42,Orchard Central,BTM-W-04,  Women's Denim Straight Jeans  ,Bottoms,Women,49.9,49.9,False,1,49.9,PayNow
PUN-20260612-0545,1,2026-06-12 16:02:16,  Punggol  ,BTM-M-02,Men's Slim Fit Chino Trousers,Bottoms,Men,29.9,29.9,False,1,29.9,Card
BUG-20260612-0505,1,2026-06-12 12:36:27,Bugis,SOK-W-02,Women's Pile Crew Socks,Socks,WOMEN,5.9,5.9,False,1,5.9,cash
ORC-20260612-0344,3,2026-06-12 13:28:47,Orchard Central,SOK-W-02,Women's Pile Crew Socks,Socks,Women,$5.9,5.9,False,1,5.9,Card
ORC-20260612-0925,3,2026-06-12 18:52:39,Orchard Central,TOP-M-01,Men's Airism Cotton Crew Neck T-Shirt,Tops,Men,14.9,14.9,False,1,14.9,Card
BUG-20260612-0560,1,2026-06-12 18:13:53,bugis,BTM-W-03,Women's Ezy Ankle Pants,Bottoms,Women,29.9,29.9,False,1,29.9,Card
BUG-20260612-0998,1,2026-06-12 21:19:02,Bugis,SOK-W-03,  Women's Airism Low-Cut Socks  ,Socks,Women,5.9,5.9,False,1,5.9,Cash
PUN-20260612-0125,3,2026-06-12 11:19:38,Punggol,TOP-M-01,Men's Airism Cotton Crew Neck T-Shirt,TOPS,Men,14.9,14.9,False,1,14.9,Card
BUG-20260612-0625,2,2026-06-12 11:45:46,Bugis,SOK-W-04,Women's Ribbed Crew Socks,Socks,Women,5.9,5.9,False,1,5.9,CARD
PUN-20260612-0349,1,2026-06-12 14:39:46,Punggol,SOK-W-02,Women's Pile Crew Socks,Socks,Women,5.9,5.9,False,1,5.9,
PUN-20260612-0005,2,2026-06-12 19:45:08,Punggol,BTM-M-02,  Men's Slim Fit Chino Trousers  ,bottoms,Men,29.9,29.9,False,1,29.9,
PUN-20260612-0204,1,2026-06-12 18:54:51,  punggol  ,TOP-M-02,Men's Supima Cotton Polo Shirt,Tops,Men,29.9,29.9,False,1,29.9,Card
BUG-20260612-0050,1,2026-06-12 20:02:00,BUGIS,BTM-W-02,Women's High-Rise Wide Leg Pants,Bottoms,Women,39.9,39.9,False,1,39.9,PayNow
BUG-20260612-0277,2,2026-06-12 18:49:15,Bugis,SOK-M-03,Men's Airism Low-Cut Socks,Socks,Men,5.9,5.9,False,1,5.9,PayNow
PUN-20260612-0028,1,2026-06-12 21:39:48,Punggol,UND-M-02,Men's Cotton Blend Trunks,Underwear,Men,14.9,14.9,False,1,14.9,CARD
BUG-20260612-0570,1,2026-06-12 12:52:52,Bugis,UND-M-04,Men's Cotton Crew Neck Undershirt,Underwear,Men,14.9,14.9,False,1,14.9,Card
PUN-20260612-0448,1,2026-06-12 15:59:50,Punggol,SOK-M-03,Men's Airism Low-Cut Socks,SOCKS,Men,5.9,5.9,False,1,5.9,Card
BUG-20260612-0168,1,2026-06-12 20:41:08,Bugis,SOK-W-02,Women's Pile Crew Socks,Socks,Women,5.9,5.9,False,1,5.9,Cash
ORC-20260612-0204,3,2026-06-12 19:47:08,Orchard Central,TOP-M-01,Men's Airism Cotton Crew Neck T-Shirt,TOPS,Men,14.9,14.9,False,1,14.9,Card
ORC-20260612-0115,2,2026-06-12 14:49:48,Orchard Central,SOK-M-04,Men's Ribbed Crew Socks,Socks,Men,5.9,5.9,False,1,5.9,PayNow
ORC-20260612-0495,2,2026-06-12 20:08:51,  Orchard Central  ,SOK-M-06,Men's Heattech Socks,Socks,Men,9.9,9.9,False,1,9.9,Card
BUG-20260612-0854,2,2026-06-12 18:23:31,Bugis,SOK-M-04,Men's Ribbed Crew Socks,SOCKS,Men,5.9,5.9,False,1,5.9,Paynow
BUG-20260612-1115,1,2026-06-12 20:53:02,  Bugis  ,SOK-W-03,Women's Airism Low-Cut Socks,Socks,Women,5.9,5.9,False,1,5.9,Card
ORC-20260612-0645,1,2026-06-12 21:19:36,ORCHARD CENTRAL,SOK-M-02,Men's Pile Crew Socks,Socks,MEN,5.9,5.9,False,1,5.9,Card
ORC-20260612-0362,1,2026-06-12 13:29:52,Orchard Central,SOK-W-02,Women's Pile Crew Socks,SOCKS,Women,5.9,5.9,False,2,11.8,Cash
PUN-20260612-0802,3,2026-06-12 19:03:40,Punggol,BTM-W-03,Women's Ezy Ankle Pants,Bottoms,Women,29.9,29.9,False,1,29.9,Cash
ORC-20260612-0809,3,2026-06-12 18:11:15,Orchard Central,UND-W-01,,Underwear,Women,9.9,9.9,False,1,9.9,PayNow
BUG-20260612-0230,3,2026-06-12 11:58:25,  Bugis  ,UND-M-04,Men's Cotton Crew Neck Undershirt,Underwear,Men,14.9,14.9,False,1,14.9,
BUG-20260612-0809,1,2026-06-12 11:38:23,Bugis,SOK-W-03,Women's Airism Low-Cut Socks,Socks,WOMEN,5.9,5.9,False,1,5.9,NETS
BUG-20260612-0932,2,2026-06-12 20:04:28,Bugis,SOK-M-05,Men's Sport Ankle Socks,Socks,Men,5.9,5.9,False,1,5.9,Card
PUN-20260612-0572,2,2026-06-12 18:37:49,Punggol,BTM-M-01,Men's Ezy Ankle Pants,Bottoms,MEN,29.9,29.9,False,1,29.9,card
ORC-20260612-0964,1,2026-06-12 13:09:52,Orchard Central,UND-M-04,Men's Cotton Crew Neck Undershirt,Underwear,Men,14.9,14.9,False,1,14.9,NETS
BUG-20260612-0539,2,2026-06-12 20:36:56,Bugis,TOP-M-01,Men's Airism Cotton Crew Neck T-Shirt,tops,Men,14.9,14.9,False,1,14.9,Cash
ORC-20260612-0395,3,2026-06-12 19:42:01,Orchard Central,BTM-M-04,  Men's Dry Stretch Shorts  ,Bottoms,Men,19.9,19.9,False,1,19.9,NETS
ORC-20260612-0982,2,2026-06-12 16:58:16,Orchard Central,UND-W-01,Women's Airism Bikini Shorts,Underwear,Women,9.9,9.9,False,1,9.9,Card
ORC-20260612-0346,1,2026-06-12 20:38:19,Orchard Central,UND-M-03,Men's Airism Mesh Boxer Briefs,Underwear,Men,14.9,14.9,False,1,14.9,Cash
PUN-20260612-0082,1,2026-06-12 20:47:07,Punggol,SOK-W-04,Women's Ribbed Crew Socks,Socks,Women,5.9,5.9,False,1,5.9,Card
BUG-20260612-0805,1,2026-06-12 17:58:55,Bugis,SOK-W-02,Women's Pile Crew Socks,Socks,Women,5.9,5.9,False,2,11.8,Cash
BUG-20260612-0653,1,2026-06-12 17:53:21,Bugis,SOK-M-04,  Men's Ribbed Crew Socks  ,Socks,Men,5.9,5.9,False,1,5.9,Card
BUG-20260612-0583,1,2026-06-12 19:16:48,Bugis,SOK-M-04,Men's Ribbed Crew Socks,Socks,Men,5.9,5.9,False,1,5.9,PayNow
ORC-20260612-0196,1,2026-06-12 21:11:34,Orchard Central,UND-W-03,Women's Cotton Blend Briefs,Underwear,Women,9.9,9.9,False,1,9.9,Card
ORC-20260612-0816,1,2026-06-12 18:43:23,Orchard Central,SOK-W-08,Women's Lace Trim Ankle Socks,Socks,Women,5.9,5.9,False,1,5.9,PAYNOW
BUG-20260612-0475,3,2026-06-12 20:14:34,Bugis,TOP-W-03,Women's Silky Satin Blouse,Tops,Women,39.9,39.9,False,1,39.9,PayNow
PUN-20260612-0187,1,2026-06-12 21:38:12,Punggol,TOP-W-01,Women's Airism Cotton Crew Neck T-Shirt,Tops,Women,14.9,14.9,False,1,14.9,Card
ORC-20260612-0219,1,2026-06-12 14:44:56,Orchard Central,UND-M-04,Men's Cotton Crew Neck Undershirt,Underwear,Men,14.9,14.9,False,1,14.9,Card
BUG-20260612-1197,2,2026-06-12 20:58:25,Bugis,UND-M-01,Men's Airism Boxer Briefs,underwear,men,14.9,14.9,False,1,14.9,PAYNOW
BUG-20260612-0118,1,2026-06-12 15:34:37,Bugis,UND-M-04,Men's Cotton Crew Neck Undershirt,Underwear,Men,14.9,14.9,False,1,14.9,Card
ORC-20260612-0531,1,2026-06-12 17:02:39,Orchard Central,SOK-M-02,Men's Pile Crew Socks,Socks,Men,5.9,5.9,False,1,5.9,Cash
BUG-20260612-0025,2,2026-06-12 13:42:46,Bugis,SOK-W-01,Women's Ankle Socks 3-Pack,Socks,Women,14.9,14.9,False,1,14.9,Card
ORC-20260612-0094,1,2026-06-12 18:17:21,Orchard Central,SOK-W-01,Women's Ankle Socks 3-Pack,socks,Women,14.9,14.9,False,2,29.8,
ORC-20260612-0641,2,2026-06-12 16:45:15,Orchard Central,UND-W-03,Women's Cotton Blend Briefs,Underwear,Women,9.9,9.9,False,1,9.9,Card
PUN-20260612-0009,1,2026-06-12 18:54:25,Punggol,SOK-W-10,Women's Wool Blend Socks,Socks,Women,9.9,9.9,False,1,9.9,Card
ORC-20260612-0735,2,2026-06-12 20:03:27,ORCHARD CENTRAL,SOK-W-07,Women's Striped Crew Socks,Socks,Women,5.9,5.9,False,1,5.9,Cash
PUN-20260612-0744,1,2026-06-12 13:20:58,Punggol,SOK-W-02,Women's Pile Crew Socks,Socks,Women,5.9,5.9,False,1,5.9,PayNow
PUN-20260612-0011,1,2026-06-12 17:16:53,Punggol,SOK-M-02,  Men's Pile Crew Socks  ,Socks,Men,5.9,5.9,False,1,5.9,Cash
BUG-20260612-0099,2,2026-06-12 17:40:10,  Bugis  ,UND-W-03,Women's Cotton Blend Briefs,Underwear,women,9.9,9.9,False,1,9.9,Cash
BUG-20260612-0972,3,2026-06-12 20:20:37,Bugis,UND-M-04,Men's Cotton Crew Neck Undershirt,Underwear,Men,14.9,14.9,False,1,14.9,Nets
ORC-20260612-1049,1,2026-06-12 19:02:19,Orchard Central,SOK-W-02,  Women's Pile Crew Socks  ,Socks,Women,5.9,5.9,False,1,5.9,NETS
BUG-20260612-0370,2,2026-06-12 19:40:53,Bugis,BTM-M-03,Men's Selvedge Regular Fit Jeans,Bottoms,Men,59.9,59.9,False,1,$59.9,Cash
ORC-20260612-0648,1,2026-06-12 20:32:56,Orchard Central,TOP-W-04,Women's Heattech Crew Neck Long Sleeve Tee,TOPS,Women,14.9,14.9,False,1,14.9,PayNow
BUG-20260612-1116,1,2026-06-12 17:09:46,Bugis,SOK-M-04,Men's Ribbed Crew Socks,Socks,Men,5.9,5.9,False,1,5.9,NETS
PUN-20260612-0641,1,2026-06-12 11:49:41,Punggol,SOK-M-01,Men's Ankle Socks 3-Pack,Socks,Men,14.9,14.9,False,1,14.9,PayNow
PUN-20260612-0318,2,2026-06-12 19:45:09,Punggol,UND-W-01,Women's Airism Bikini Shorts,Underwear,women,9.9,9.9,False,1,9.9,NETS
BUG-20260612-0909,2,2026-06-12 18:51:20,Bugis,UND-M-03,Men's Airism Mesh Boxer Briefs,Underwear,Men,14.9,14.9,False,1,14.9,Card
PUN-20260612-0511,1,2026-06-12 19:38:07,punggol,TOP-W-01,Women's Airism Cotton Crew Neck T-Shirt,tops,Women,14.9,14.9,False,1,14.9,Card
ORC-20260612-1204,1,2026-06-12 20:10:23,Orchard Central,SOK-M-06,Men's Heattech Socks,Socks,MEN,9.9,9.9,False,1,9.9,paynow
BUG-20260612-0059,1,2026-06-12 18:29:13,Bugis,UND-M-02,Men's Cotton Blend Trunks,Underwear,Men,14.9,14.9,False,1,14.9,Card
BUG-20260612-0915,1,2026-06-12 17:21:11,Bugis,SOK-W-02,Women's Pile Crew Socks,Socks,Women,5.9,5.9,False,1,5.9,Card
PUN-20260612-0113,3,2026-06-12 18:45:46,Punggol,TOP-M-01,Men's Airism Cotton Crew Neck T-Shirt,Tops,Men,14.9,14.9,False,1,14.9,Card
ORC-20260612-0108,1,2026-06-12 22:49:34,Orchard Central,SOK-M-04,Men's Ribbed Crew Socks,Socks,men,5.9,5.9,False,1,5.9,NETS
ORC-20260612-0544,1,2026-06-12 14:31:31,  orchard central  ,SOK-M-04,Men's Ribbed Crew Socks,Socks,MEN,5.9,5.9,False,2,11.8,card
BUG-20260612-1136,1,2026-06-12 17:40:11,  Bugis  ,SOK-M-06,Men's Heattech Socks,Socks,Men,9.9,9.9,False,1,9.9,Cash
BUG-20260612-1084,1,2026-06-12 11:02:01,Bugis,SOK-W-02,Women's Pile Crew Socks,Socks,Women,5.9,5.9,False,2,11.8,Cash
ORC-20260612-0389,1,2026-06-12 12:11:41,Orchard Central,SOK-W-02,Women's Pile Crew Socks,Socks,women,5.9,5.9,False,1,5.9,NETS
ORC-20260612-0154,2,2026-06-12 12:35:23,Orchard Central,BTM-W-02,Women's High-Rise Wide Leg Pants,Bottoms,Women,39.9,39.9,False,1,39.9,NETS
PUN-20260612-0246,3,2026-06-12 20:52:02,Punggol,SOK-M-02,Men's Pile Crew Socks,socks,Men,5.9,5.9,False,1,5.9,Card
BUG-20260612-0613,1,2026-06-12 16:25:36,Bugis,TOP-W-01,Women's Airism Cotton Crew Neck T-Shirt,TOPS,women,14.9,14.9,False,1,14.9,Card
ORC-20260612-0125,3,2026-06-12 20:42:10,  Orchard Central  ,UND-W-03,Women's Cotton Blend Briefs,Underwear,Women,9.9,9.9,False,1,9.9,Card
BUG-20260612-0573,1,2026-06-12 20:07:44,Bugis,TOP-M-01,Men's Airism Cotton Crew Neck T-Shirt,Tops,Men,14.9,14.9,False,1,14.9,CARD
PUN-20260612-0298,1,2026-06-12 12:40:08,Punggol,UND-W-01,Women's Airism Bikini Shorts,Underwear,Women,9.9,9.9,False,1,9.9,card
PUN-20260612-0245,2,2026-06-12 19:12:13,Punggol,TOP-M-02,Men's Supima Cotton Polo Shirt,Tops,MEN,29.9,29.9,False,1,29.9,NETS
PUN-20260612-0208,2,2026-06-12 18:02:16,Punggol,BTM-M-02,Men's Slim Fit Chino Trousers,bottoms,Men,29.9,29.9,False,1,29.9,NETS
BUG-20260612-0155,1,2026-06-12 21:53:07,Bugis,SOK-M-02,Men's Pile Crew Socks,Socks,Men,5.9,5.9,False,1,5.9,Card
BUG-20260612-1155,1,2026-06-12 21:27:27,Bugis,UND-M-04,  Men's Cotton Crew Neck Undershirt  ,underwear,Men,14.9,14.9,False,1,14.9,PayNow
ORC-20260612-0445,1,2026-06-12 17:13:35,Orchard Central,SOK-M-03,Men's Airism Low-Cut Socks,Socks,Men,5.9,5.9,False,1,5.9,PayNow
BUG-20260612-0863,1,2026-06-12 20:12:42,Bugis,UND-W-03,Women's Cotton Blend Briefs,Underwear,Women,9.9,9.9,False,1,9.9,Card
ORC-20260612-0711,1,2026-06-12 16:27:37,Orchard Central,TOP-M-01,Men's Airism Cotton Crew Neck T-Shirt,Tops,Men,14.9,14.9,False,1,14.9,Card
ORC-20260612-0038,1,2026-06-12 11:28:32,Orchard Central,TOP-W-01,Women's Airism Cotton Crew Neck T-Shirt,Tops,Women,14.9,14.9,False,1,14.9,Card
PUN-20260612-0481,1,2026-06-12 19:43:32,Punggol,UND-W-03,  Women's Cotton Blend Briefs  ,Underwear,Women,$9.9,9.9,False,1,9.9,PayNow
ORC-20260612-0049,1,2026-06-12 22:56:01,Orchard Central,SOK-M-01,Men's Ankle Socks 3-Pack,SOCKS,Men,14.9,14.9,False,1,14.9,Card
BUG-20260612-0146,3,2026-06-12 21:23:46,Bugis,SOK-M-03,Men's Airism Low-Cut Socks,Socks,Men,5.9,5.9,False,2,11.8,CARD
ORC-20260612-1219,1,2026-06-12 11:53:56,Orchard Central,SOK-W-02,Women's Pile Crew Socks,Socks,Women,5.9,5.9,False,1,5.9,PayNow
ORC-20260612-0305,1,2026-06-12 17:49:08,ORCHARD CENTRAL,SOK-M-04,Men's Ribbed Crew Socks,Socks,Men,5.9,5.9,False,1,5.9,Card
BUG-20260612-1075,2,2026-06-12 21:26:59,Bugis,SOK-M-02,Men's Pile Crew Socks,Socks,Men,5.9,5.9,False,1,5.9,PayNow
PUN-20260612-0790,1,2026-06-12 19:00:35,Punggol,SOK-W-04,Women's Ribbed Crew Socks,Socks,Women,5.9,5.9,False,1,5.9,paynow
PUN-20260612-0566,2,2026-06-12 20:17:16,Punggol,BTM-M-02,Men's Slim Fit Chino Trousers,Bottoms,Men,29.9,29.9,False,1,29.9,NETS
BUG-20260612-0794,1,2026-06-12 19:28:49,bugis,SOK-W-04,Women's Ribbed Crew Socks,Socks,Women,5.9,5.9,False,1,5.9,Card
ORC-20260612-0835,1,2026-06-12 20:53:59,Orchard Central,BTM-M-03,Men's Selvedge Regular Fit Jeans,Bottoms,Men,59.9,59.9,False,1,59.9,Card
BUG-20260612-0264,2,2026-06-12 19:14:07,bugis,SOK-W-02,Women's Pile Crew Socks,Socks,Women,5.9,5.9,False,1,5.9,CARD
PUN-20260612-0545,2,2026-06-12 16:02:16,Punggol,TOP-M-01,Men's Airism Cotton Crew Neck T-Shirt,Tops,Men,14.9,14.9,False,1,14.9,Card
PUN-20260612-0287,2,2026-06-12 18:39:24,Punggol,SOK-W-03,Women's Airism Low-Cut Socks,SOCKS,Women,5.9,5.9,False,1,5.9,Card
PUN-20260612-0569,1,2026-06-12 16:11:07,Punggol,UND-M-01,Men's Airism Boxer Briefs,Underwear,Men,14.9,14.9,False,1,14.9,Card
BUG-20260612-0855,1,2026-06-12 17:05:22,Bugis,UND-M-03,Men's Airism Mesh Boxer Briefs,Underwear,men,14.9,14.9,False,2,29.8,PayNow
ORC-20260612-0920,1,2026-06-12 14:50:25,Orchard Central,SOK-W-02,Women's Pile Crew Socks,Socks,Women,$5.9,5.9,False,1,5.9,Card
PUN-20260612-0342,1,2026-06-12 17:47:22,Punggol,UND-W-09,Women's Cotton Boyshorts,Underwear,Women,9.9,9.9,False,1,9.9,Card
BUG-20260612-0863,3,2026-06-12 20:12:42,Bugis,UND-M-04,Men's Cotton Crew Neck Undershirt,Underwear,Men,14.9,14.9,False,1,14.9,Card
ORC-20260612-0387,2,2026-06-12 13:15:31,Orchard Central,UND-W-01,Women's Airism Bikini Shorts,Underwear,Women,9.9,9.9,False,1,9.9,Card
ORC-20260612-0747,1,2026-06-12 17:22:24,Orchard Central,BTM-M-01,Men's Ezy Ankle Pants,Bottoms,MEN,29.9,29.9,False,1,29.9,Cash
PUN-20260612-0413,2,2026-06-12 19:03:23,Punggol,BTM-W-04,  Women's Denim Straight Jeans  ,Bottoms,women,49.9,49.9,False,1,49.9,
PUN-20260612-0216,2,2026-06-12 11:10:15,PUNGGOL,BTM-M-02,Men's Slim Fit Chino Trousers,Bottoms,Men,29.9,29.9,False,1,29.9,NETS
BUG-20260612-0044,1,2026-06-12 18:56:33,Bugis,UND-M-03,Men's Airism Mesh Boxer Briefs,Underwear,Men,14.9,14.9,False,1,14.9,Paynow
ORC-20260612-0535,1,2026-06-12 20:58:31,Orchard Central,SOK-M-02,Men's Pile Crew Socks,socks,men,5.9,5.9,False,2,11.8,Card
BUG-20260612-0746,3,2026-06-12 19:16:03,Bugis,SOK-W-02,Women's Pile Crew Socks,Socks,Women,5.9,5.9,False,2,11.8,Cash
BUG-20260612-1226,2,2026-06-12 20:23:59,Bugis,SOK-W-03,  Women's Airism Low-Cut Socks  ,socks,Women,5.9,5.9,False,1,5.9,NETS
ORC-20260612-1158,1,2026-06-12 18:16:25,Orchard Central,TOP-W-08,Women's Puff Sleeve Blouse,Tops,Women,20.35,29.9,True,1,20.35,card
BUG-20260612-0796,2,2026-06-12 20:01:52,  Bugis  ,UND-M-04,Men's Cotton Crew Neck Undershirt,Underwear,Men,14.9,14.9,False,1,14.9,Card
BUG-20260612-0552,3,2026-06-12 21:23:41,Bugis,TOP-W-01,Women's Airism Cotton Crew Neck T-Shirt,Tops,Women,14.9,14.9,False,1,14.9,PayNow
ORC-20260612-1090,1,2026-06-12 19:48:30,Orchard Central,UND-W-01,Women's Airism Bikini Shorts,Underwear,Women,9.9,9.9,False,1,9.9,Card
ORC-20260612-1078,1,2026-06-12 20:12:31,Orchard Central,TOP-W-01,Women's Airism Cotton Crew Neck T-Shirt,Tops,Women,14.9,14.9,False,1,14.9,Cash
PUN-20260612-0332,2,2026-06-12 21:36:56,Punggol,SOK-W-02,Women's Pile Crew Socks,Socks,Women,5.9,5.9,False,1,5.9,NETS
ORC-20260612-0551,1,2026-06-12 19:15:20,Orchard Central,SOK-M-01,Men's Ankle Socks 3-Pack,Socks,Men,14.9,14.9,False,1,14.9,Card
BUG-20260612-0979,1,2026-06-12 11:11:14,Bugis,BTM-M-05,Men's Wide Fit Cargo Pants,Bottoms,Men,$26.68,39.9,True,1,26.68,Paynow
ORC-20260612-0231,1,2026-06-12 18:25:10,Orchard Central,SOK-M-03,Men's Airism Low-Cut Socks,SOCKS,Men,5.9,5.9,False,1,5.9,NETS
BUG-20260612-0095,1,2026-06-12 19:27:17,Bugis,SOK-M-02,Men's Pile Crew Socks,Socks,Men,5.9,5.9,False,1,$5.9,nets
BUG-20260612-0338,2,2026-06-12 21:40:18,Bugis,SOK-M-03,Men's Airism Low-Cut Socks,Socks,Men,5.9,5.9,False,2,11.8,Card
BUG-20260612-0354,1,2026-06-12 21:54:56,Bugis,SOK-M-03,Men's Airism Low-Cut Socks,Socks,Men,5.9,5.9,False,2,11.8,NETS
ORC-20260612-0410,1,2026-06-12 11:15:31,Orchard Central,UND-M-02,Men's Cotton Blend Trunks,Underwear,Men,14.9,14.9,False,1,14.9,Card
ORC-20260612-0002,1,2026-06-12 17:08:37,Orchard Central,UND-M-04,Men's Cotton Crew Neck Undershirt,Underwear,Men,14.9,14.9,False,1,14.9,Card
BUG-20260612-0438,2,2026-06-12 18:58:22,Bugis,SOK-W-01,Women's Ankle Socks 3-Pack,Socks,Women,14.9,14.9,False,1,14.9,Card
BUG-20260612-0095,2,2026-06-12 19:27:17,Bugis,SOK-M-02,Men's Pile Crew Socks,Socks,Men,5.9,5.9,False,1,5.9,NETS
BUG-20260612-0778,1,2026-06-12 20:38:55,Bugis,UND-M-03,  Men's Airism Mesh Boxer Briefs  ,Underwear,men,14.9,14.9,False,1,14.9,PayNow
BUG-20260612-1107,1,2026-06-12 19:19:22,Bugis,SOK-W-02,Women's Pile Crew Socks,Socks,Women,5.9,5.9,False,2,11.8,Cash
ORC-20260612-0198,3,2026-06-12 16:08:08,Orchard Central,TOP-W-08,Women's Puff Sleeve Blouse,Tops,Women,20.35,29.9,True,1,20.35,Card
ORC-20260612-0113,1,2026-06-12 20:39:31,Orchard Central,TOP-M-01,Men's Airism Cotton Crew Neck T-Shirt,Tops,Men,14.9,14.9,False,1,14.9,NETS
PUN-20260612-0004,1,2026-06-12 11:54:12,PUNGGOL,SOK-W-03,Women's Airism Low-Cut Socks,Socks,WOMEN,5.9,5.9,False,1,5.9,PayNow
BUG-20260612-0545,1,2026-06-12 19:34:38,Bugis,SOK-M-04,Men's Ribbed Crew Socks,Socks,Men,$5.9,5.9,False,2,11.8,Cash
ORC-20260612-0101,1,2026-06-12 16:35:50,Orchard Central,BTM-M-08,  Men's Relaxed Fit Denim Shorts  ,bottoms,Men,$29.9,29.9,False,1,$29.9,Card
PUN-20260612-0473,1,2026-06-12 19:59:18,Punggol,SOK-M-02,Men's Pile Crew Socks,Socks,Men,5.9,5.9,False,2,11.8,PayNow
ORC-20260612-0427,2,2026-06-12 20:56:22,Orchard Central,TOP-W-04,Women's Heattech Crew Neck Long Sleeve Tee,Tops,Women,14.9,14.9,False,1,14.9,PayNow
ORC-20260612-0925,1,2026-06-12 18:52:39,Orchard Central,SOK-M-04,Men's Ribbed Crew Socks,Socks,Men,5.9,5.9,False,1,5.9,Card
BUG-20260612-0630,2,2026-06-12 18:51:10,Bugis,SOK-W-02,Women's Pile Crew Socks,Socks,Women,5.9,5.9,False,1,5.9,cash
PUN-20260612-0121,2,2026-06-12 20:08:39,Punggol,BTM-M-04,Men's Dry Stretch Shorts,Bottoms,Men,19.9,19.9,False,1,19.9,Cash
ORC-20260612-1034,3,2026-06-12 18:03:09,Orchard Central,SOK-M-04,Men's Ribbed Crew Socks,Socks,Men,5.9,5.9,False,2,11.8,Card
ORC-20260612-0905,3,2026-06-12 11:01:56,Orchard Central,SOK-W-02,Women's Pile Crew Socks,Socks,Women,5.9,5.9,False,1,5.9,NETS
BUG-20260612-0094,2,2026-06-12 18:03:44,Bugis,BTM-M-03,Men's Selvedge Regular Fit Jeans,Bottoms,Men,59.9,59.9,False,1,59.9,Card
ORC-20260612-1032,1,2026-06-12 18:05:52,orchard central,UND-M-03,Men's Airism Mesh Boxer Briefs,Underwear,Men,14.9,14.9,False,2,29.8,PayNow
ORC-20260612-0682,1,2026-06-12 18:55:46,Orchard Central,TOP-W-04,Women's Heattech Crew Neck Long Sleeve Tee,Tops,Women,14.9,14.9,False,1,14.9,PayNow
ORC-20260612-0821,2,2026-06-12 20:58:17,ORCHARD CENTRAL,TOP-W-01,Women's Airism Cotton Crew Neck T-Shirt,Tops,Women,14.9,14.9,False,1,14.9,Cash
BUG-20260612-1011,1,2026-06-12 16:44:43,  BUGIS  ,SOK-W-03,Women's Airism Low-Cut Socks,Socks,Women,$5.9,5.9,False,2,11.8,PayNow
ORC-20260612-1231,1,2026-06-12 16:08:18,Orchard Central,UND-M-01,Men's Airism Boxer Briefs,Underwear,Men,14.9,14.9,False,1,14.9,NETS
PUN-20260612-0696,2,2026-06-12 14:58:07,Punggol,SOK-M-04,Men's Ribbed Crew Socks,Socks,Men,5.9,5.9,False,1,5.9,Card
ORC-20260612-0364,2,2026-06-12 21:03:45,Orchard Central,UND-W-08,Women's Airism Camisole,Underwear,Women,14.9,14.9,False,1,14.9,Card
BUG-20260612-0527,2,2026-06-12 21:51:03,Bugis,SOK-M-01,Men's Ankle Socks 3-Pack,Socks,Men,14.9,14.9,False,1,14.9,Card
ORC-20260612-1085,1,2026-06-12 13:57:22,Orchard Central,SOK-M-03,Men's Airism Low-Cut Socks,Socks,Men,5.9,5.9,False,1,5.9,Card
BUG-20260612-0308,2,2026-06-12 19:17:13,Bugis,BTM-M-03,Men's Selvedge Regular Fit Jeans,Bottoms,Men,59.9,59.9,False,1,59.9,PayNow
BUG-20260612-0606,2,2026-06-12 17:15:12,Bugis,SOK-W-04,Women's Ribbed Crew Socks,Socks,Women,5.9,5.9,False,2,11.8,Card
ORC-20260612-0583,3,2026-06-12 19:48:07,Orchard Central,SOK-W-04,Women's Ribbed Crew Socks,Socks,Women,5.9,5.9,False,1,5.9,Cash
PUN-20260612-0437,1,2026-06-12 19:25:23,Punggol,UND-W-03,Women's Cotton Blend Briefs,Underwear,Women,9.9,9.9,False,1,9.9,Card
ORC-20260612-0071,2,2026-06-12 19:33:14,Orchard Central,UND-M-02,Men's Cotton Blend Trunks,Underwear,Men,14.9,14.9,False,1,14.9,Card
PUN-20260612-0240,2,2026-06-12 22:40:34,Punggol,SOK-W-04,Women's Ribbed Crew Socks,Socks,WOMEN,5.9,5.9,False,1,5.9,paynow
ORC-20260612-0071,1,2026-06-12 19:33:14,Orchard Central,UND-W-03,Women's Cotton Blend Briefs,Underwear,Women,9.9,9.9,False,1,9.9,Card
PUN-20260612-0320,1,2026-06-12 14:12:29,Punggol,UND-W-02,Women's Wireless Bra,Underwear,Women,29.9,29.9,False,1,29.9,NETS
ORC-20260612-1063,1,2026-06-12 17:49:53,Orchard Central,UND-M-04,Men's Cotton Crew Neck Undershirt,Underwear,Men,14.9,14.9,False,1,14.9,Card
BUG-20260612-0285,3,2026-06-12 17:13:14,Bugis,SOK-W-02,Women's Pile Crew Socks,Socks,women,5.9,5.9,False,2,11.8,Card
BUG-20260612-0326,2,2026-06-12 18:52:59,Bugis,SOK-M-02,Men's Pile Crew Socks,Socks,Men,5.9,5.9,False,2,11.8,PayNow
BUG-20260612-0167,1,2026-06-12 18:29:30,Bugis,SOK-W-04,Women's Ribbed Crew Socks,Socks,Women,5.9,5.9,False,1,5.9,Card
BUG-20260612-0311,3,2026-06-12 20:43:01,Bugis,SOK-W-03,Women's Airism Low-Cut Socks,SOCKS,Women,5.9,5.9,False,1,5.9,PayNow
PUN-20260612-0052,1,2026-06-12 14:00:02,Punggol,SOK-M-02,Men's Pile Crew Socks,Socks,Men,5.9,5.9,False,1,5.9,Card
BUG-20260612-0802,2,2026-06-12 19:19:55,bugis,UND-W-03,Women's Cotton Blend Briefs,Underwear,Women,9.9,9.9,False,2,19.8,Card
ORC-20260612-0559,1,2026-06-12 12:17:57,Orchard Central,SOK-M-04,  Men's Ribbed Crew Socks  ,Socks,Men,5.9,5.9,False,1,5.9,PayNow
BUG-20260612-0326,3,2026-06-12 18:52:59,Bugis,SOK-M-01,Men's Ankle Socks 3-Pack,Socks,men,14.9,14.9,False,2,29.8,paynow
BUG-20260612-0402,2,2026-06-12 19:53:30,bugis,SOK-W-04,Women's Ribbed Crew Socks,socks,WOMEN,5.9,5.9,False,2,11.8,Cash
ORC-20260612-0492,1,2026-06-12 19:40:19,Orchard Central,SOK-M-01,Men's Ankle Socks 3-Pack,Socks,Men,14.9,14.9,False,1,14.9,PayNow
PUN-20260612-0610,2,2026-06-12 14:56:38,Punggol,UND-W-03,Women's Cotton Blend Briefs,Underwear,Women,9.9,9.9,False,1,9.9,PAYNOW
BUG-20260612-1218,2,2026-06-12 19:34:22,Bugis,SOK-W-02,Women's Pile Crew Socks,Socks,Women,5.9,5.9,False,1,5.9,PayNow
PUN-20260612-0433,2,2026-06-12 16:01:11,Punggol,SOK-W-03,Women's Airism Low-Cut Socks,Socks,Women,5.9,5.9,False,1,$5.9,Cash
BUG-20260612-0961,1,2026-06-12 21:33:54,Bugis,BTM-M-01,Men's Ezy Ankle Pants,Bottoms,Men,29.9,29.9,False,1,29.9,Card
PUN-20260612-0681,3,2026-06-12 21:31:22,Punggol,UND-W-01,Women's Airism Bikini Shorts,Underwear,Women,9.9,9.9,False,1,9.9,Cash
ORC-20260612-1010,1,2026-06-12 19:00:34,Orchard Central,UND-M-02,Men's Cotton Blend Trunks,Underwear,Men,14.9,14.9,False,2,29.8,PayNow
BUG-20260612-0094,3,2026-06-12 18:03:44,Bugis,TOP-W-08,Women's Puff Sleeve Blouse,Tops,Women,20.35,29.9,True,1,20.35,Card
BUG-20260612-0696,1,2026-06-12 21:04:01,Bugis,TOP-W-01,Women's Airism Cotton Crew Neck T-Shirt,Tops,WOMEN,14.9,14.9,False,1,14.9,NETS
BUG-20260612-0028,3,2026-06-12 20:41:27,Bugis,UND-M-02,Men's Cotton Blend Trunks,underwear,Men,14.9,14.9,False,1,14.9,Card
BUG-20260612-0757,2,2026-06-12 12:37:44,Bugis,TOP-M-01,Men's Airism Cotton Crew Neck T-Shirt,Tops,Men,14.9,14.9,False,1,14.9,Card
ORC-20260612-0632,3,2026-06-12 21:04:45,Orchard Central,SOK-W-01,Women's Ankle Socks 3-Pack,Socks,Women,14.9,14.9,False,1,14.9,NETS
BUG-20260612-0832,1,2026-06-12 20:54:29,Bugis,SOK-W-03,Women's Airism Low-Cut Socks,Socks,Women,5.9,5.9,False,1,5.9,Card
BUG-20260612-0040,3,2026-06-12 19:38:30,Bugis,SOK-W-02,Women's Pile Crew Socks,Socks,Women,5.9,5.9,False,1,5.9,Paynow
PUN-20260612-0707,1,2026-06-12 15:00:49,Punggol,SOK-W-04,Women's Ribbed Crew Socks,Socks,Women,5.9,5.9,False,1,5.9,paynow
BUG-20260612-0200,2,2026-06-12 15:52:17,Bugis,SOK-W-03,Women's Airism Low-Cut Socks,socks,WOMEN,5.9,5.9,False,1,5.9,Cash
BUG-20260612-1002,1,2026-06-12 17:29:55,Bugis,TOP-M-02,Men's Supima Cotton Polo Shirt,Tops,Men,29.9,29.9,False,1,29.9,
ORC-20260612-0195,1,2026-06-12 19:58:18,  Orchard Central  ,TOP-M-02,  Men's Supima Cotton Polo Shirt  ,Tops,Men,29.9,29.9,False,1,29.9,CASH
PUN-20260612-0297,2,2026-06-12 19:34:14,Punggol,TOP-M-03,Men's Dry-EX Crew Neck T-Shirt,Tops,Men,19.9,19.9,False,1,19.9,CARD
BUG-20260612-0482,2,2026-06-12 21:13:28,Bugis,SOK-M-02,Men's Pile Crew Socks,Socks,Men,5.9,5.9,False,1,5.9,Card
ORC-20260612-0046,1,2026-06-12 20:45:21,Orchard Central,UND-W-03,Women's Cotton Blend Briefs,Underwear,Women,9.9,9.9,False,1,9.9,Card
ORC-20260612-1155,1,2026-06-12 18:57:19,Orchard Central,UND-M-07,Men's Stretch Cotton Boxers,Underwear,Men,14.9,14.9,False,1,14.9,Card
ORC-20260612-1000,2,2026-06-12 21:36:23,Orchard Central,SOK-M-02,Men's Pile Crew Socks,Socks,Men,5.9,5.9,False,1,5.9,Card
ORC-20260612-0588,2,2026-06-12 15:22:16,Orchard Central,SOK-M-02,  Men's Pile Crew Socks  ,Socks,Men,5.9,5.9,False,1,5.9,Card
ORC-20260612-1236,3,2026-06-12 20:12:01,Orchard Central,BTM-M-04,Men's Dry Stretch Shorts,Bottoms,Men,19.9,19.9,False,1,19.9,Nets
ORC-20260612-0382,1,2026-06-12 22:56:43,ORCHARD CENTRAL,SOK-M-04,  Men's Ribbed Crew Socks  ,socks,Men,5.9,5.9,False,2,11.8,PayNow
ORC-20260612-1113,2,2026-06-12 13:02:02,ORCHARD CENTRAL,SOK-W-04,Women's Ribbed Crew Socks,Socks,Women,5.9,5.9,False,1,5.9,Card
ORC-20260612-0019,1,2026-06-12 16:25:28,Orchard Central,SOK-W-02,Women's Pile Crew Socks,SOCKS,Women,$5.9,5.9,False,1,5.9,PayNow
PUN-20260612-0809,3,2026-06-12 16:33:23,punggol,UND-W-03,Women's Cotton Blend Briefs,Underwear,Women,9.9,9.9,False,1,9.9,Cash
ORC-20260612-0878,1,2026-06-12 19:17:35,Orchard Central,SOK-W-01,Women's Ankle Socks 3-Pack,Socks,Women,14.9,14.9,False,1,14.9,Card
ORC-20260612-0181,2,2026-06-12 16:26:22,Orchard Central,SOK-M-02,Men's Pile Crew Socks,Socks,Men,$5.9,5.9,False,1,5.9,NETS
PUN-20260612-0089,2,2026-06-12 20:06:37,Punggol,SOK-M-05,Men's Sport Ankle Socks,Socks,Men,5.9,5.9,False,1,5.9,Cash
PUN-20260612-0762,3,2026-06-12 17:20:40,Punggol,UND-W-04,Women's Airism T-Shirt Bra,Underwear,Women,29.9,29.9,False,1,29.9,PayNow
BUG-20260612-0141,2,2026-06-12 12:26:41,  Bugis  ,SOK-W-04,Women's Ribbed Crew Socks,Socks,Women,5.9,5.9,False,1,5.9,Card
ORC-20260612-0500,1,2026-06-12 22:35:48,Orchard Central,TOP-W-01,Women's Airism Cotton Crew Neck T-Shirt,Tops,Women,$14.9,14.9,False,1,14.9,PayNow
ORC-20260612-0602,2,2026-06-12 20:34:14,Orchard Central,SOK-M-01,Men's Ankle Socks 3-Pack,Socks,MEN,14.9,14.9,False,2,29.8,paynow
BUG-20260612-0401,1,2026-06-12 19:23:50,Bugis,TOP-W-01,Women's Airism Cotton Crew Neck T-Shirt,Tops,women,$14.9,14.9,False,1,14.9,NETS
BUG-20260612-0832,2,2026-06-12 20:54:29,Bugis,TOP-M-04,Men's Oxford Long Sleeve Shirt,Tops,Men,29.9,29.9,False,1,29.9,Card
PUN-20260612-0076,2,2026-06-12 22:34:32,Punggol,UND-M-02,Men's Cotton Blend Trunks,Underwear,Men,14.9,14.9,False,1,14.9,Cash
PUN-20260612-0589,1,2026-06-12 20:59:22,  Punggol  ,SOK-M-04,Men's Ribbed Crew Socks,Socks,Men,5.9,5.9,False,1,5.9,Card
ORC-20260612-0036,1,2026-06-12 18:33:29,Orchard Central,TOP-M-03,Men's Dry-EX Crew Neck T-Shirt,Tops,Men,19.9,19.9,False,1,19.9,Card
ORC-20260612-0888,2,2026-06-12 15:01:19,Orchard Central,TOP-W-08,Women's Puff Sleeve Blouse,Tops,Women,20.35,29.9,True,1,20.35,Card
BUG-20260612-0266,2,2026-06-12 17:29:34,BUGIS,BTM-M-04,Men's Dry Stretch Shorts,BOTTOMS,Men,19.9,19.9,False,1,19.9,Cash
ORC-20260612-0719,1,2026-06-12 19:58:36,Orchard Central,BTM-M-02,Men's Slim Fit Chino Trousers,Bottoms,Men,29.9,29.9,False,1,29.9,Card
ORC-20260612-0069,3,2026-06-12 19:29:38,Orchard Central,UND-W-01,Women's Airism Bikini Shorts,Underwear,Women,9.9,9.9,False,2,19.8,card
ORC-20260612-0175,1,2026-06-12 15:30:02,Orchard Central,SOK-W-03,Women's Airism Low-Cut Socks,SOCKS,women,5.9,5.9,False,1,5.9,Paynow
PUN-20260612-0571,1,2026-06-12 21:02:17,  Punggol  ,SOK-W-04,Women's Ribbed Crew Socks,Socks,Women,5.9,5.9,False,2,11.8,Cash
ORC-20260612-0894,1,2026-06-12 20:00:02,ORCHARD CENTRAL,SOK-W-02,Women's Pile Crew Socks,Socks,Women,5.9,5.9,False,1,5.9,Cash
ORC-20260612-1036,1,2026-06-12 12:03:12,Orchard Central,BTM-M-03,Men's Selvedge Regular Fit Jeans,Bottoms,Men,59.9,59.9,False,1,59.9,NETS
ORC-20260612-0179,1,2026-06-12 20:14:17,Orchard Central,BTM-W-06,Women's Jersey Jogger Pants,Bottoms,Women,29.9,29.9,False,1,29.9,Cash
BUG-20260612-0869,1,2026-06-12 21:06:33,Bugis,TOP-M-02,Men's Supima Cotton Polo Shirt,Tops,Men,29.9,29.9,False,1,29.9,
BUG-20260612-0887,1,2026-06-12 21:58:44,Bugis,TOP-M-01,Men's Airism Cotton Crew Neck T-Shirt,Tops,Men,14.9,14.9,False,1,14.9,NETS
ORC-20260612-0293,3,2026-06-12 20:59:42,Orchard Central,SOK-W-02,Women's Pile Crew Socks,Socks,Women,5.9,5.9,False,2,11.8,NETS
ORC-20260612-0013,1,2026-06-12 14:51:57,  orchard central  ,BTM-M-01,Men's Ezy Ankle Pants,Bottoms,Men,29.9,29.9,False,1,29.9,PayNow
PUN-20260612-0730,3,2026-06-12 20:00:32,Punggol,BTM-M-04,Men's Dry Stretch Shorts,Bottoms,Men,19.9,19.9,False,1,19.9,PayNow
BUG-20260612-0635,1,2026-06-12 17:28:02,Bugis,SOK-M-04,Men's Ribbed Crew Socks,Socks,Men,5.9,5.9,False,1,5.9,PayNow
BUG-20260612-0025,1,2026-06-12 13:42:46,Bugis,UND-M-04,Men's Cotton Crew Neck Undershirt,Underwear,Men,14.9,14.9,False,1,14.9,Card
BUG-20260612-0246,2,2026-06-12 12:47:27,BUGIS,UND-M-01,  Men's Airism Boxer Briefs  ,Underwear,Men,14.9,14.9,False,2,29.8,Card
PUN-20260612-0377,1,2026-06-12 12:12:38,Punggol,TOP-M-01,Men's Airism Cotton Crew Neck T-Shirt,Tops,Men,14.9,14.9,False,1,14.9,paynow
ORC-20260612-0150,3,2026-06-12 20:41:49,Orchard Central,UND-M-02,Men's Cotton Blend Trunks,Underwear,Men,14.9,14.9,False,2,29.8,PayNow
PUN-20260612-0395,1,2026-06-12 18:14:56,Punggol,SOK-M-04,Men's Ribbed Crew Socks,Socks,Men,5.9,5.9,False,1,5.9,Cash
BUG-20260612-0898,3,2026-06-12 19:05:05,Bugis,TOP-W-08,  Women's Puff Sleeve Blouse  ,Tops,women,20.35,29.9,True,1,20.35,NETS
BUG-20260612-0878,1,2026-06-12 19:41:30,Bugis,SOK-M-02,Men's Pile Crew Socks,Socks,Men,5.9,5.9,False,1,5.9,NETS
ORC-20260612-1116,2,2026-06-12 20:08:18,Orchard Central,UND-M-08,Men's Airism V-Neck Undershirt,Underwear,MEN,9.9,9.9,False,2,19.8,Card
PUN-20260612-0621,1,2026-06-12 22:07:18,Punggol,SOK-M-02,Men's Pile Crew Socks,SOCKS,Men,5.9,5.9,False,1,5.9,Card
PUN-20260612-0720,2,2026-06-12 11:31:45,Punggol,TOP-W-02,Women's Ribbed Long Sleeve Turtleneck,Tops,Women,19.9,19.9,False,1,19.9,CASH
ORC-20260612-0371,1,2026-06-12 18:44:21,Orchard Central,SOK-M-05,Men's Sport Ankle Socks,Socks,MEN,5.9,5.9,False,1,5.9,Card
PUN-20260612-0402,3,2026-06-12 20:47:31,Punggol,UND-W-08,Women's Airism Camisole,Underwear,Women,14.9,14.9,False,2,29.8,CARD
ORC-20260612-1001,2,2026-06-12 19:28:57,Orchard Central,UND-M-02,Men's Cotton Blend Trunks,Underwear,MEN,14.9,14.9,False,1,14.9,PayNow
ORC-20260612-0420,1,2026-06-12 15:09:59,Orchard Central,TOP-M-02,Men's Supima Cotton Polo Shirt,Tops,Men,29.9,29.9,False,1,29.9,Cash
PUN-20260612-0446,3,2026-06-12 17:46:39,Punggol,UND-W-01,Women's Airism Bikini Shorts,Underwear,Women,9.9,9.9,False,2,19.8,NETS
ORC-20260612-0213,1,2026-06-12 17:30:32,Orchard Central,SOK-M-01,Men's Ankle Socks 3-Pack,Socks,Men,14.9,14.9,False,1,14.9,PayNow
PUN-20260612-0140,1,2026-06-12 21:09:51,Punggol,SOK-W-08,Women's Lace Trim Ankle Socks,Socks,Women,5.9,5.9,False,1,5.9,Card
ORC-20260612-0699,2,2026-06-12 20:21:51,Orchard Central,UND-W-03,Women's Cotton Blend Briefs,Underwear,Women,9.9,9.9,False,1,9.9,NETS
ORC-20260612-0487,1,2026-06-12 14:31:22,Orchard Central,SOK-W-02,Women's Pile Crew Socks,Socks,Women,5.9,5.9,False,2,11.8,NETS
ORC-20260612-0775,2,2026-06-12 11:41:55,Orchard Central,BTM-M-04,Men's Dry Stretch Shorts,Bottoms,Men,19.9,19.9,False,1,19.9,PayNow
PUN-20260612-0054,1,2026-06-12 19:28:12,Punggol,UND-W-03,Women's Cotton Blend Briefs,Underwear,Women,9.9,9.9,False,2,19.8,Card
ORC-20260612-1297,2,2026-06-12 16:27:54,Orchard Central,UND-M-03,Men's Airism Mesh Boxer Briefs,Underwear,MEN,14.9,14.9,False,1,14.9,Cash
ORC-20260612-1121,3,2026-06-12 19:52:44,Orchard Central,UND-M-04,Men's Cotton Crew Neck Undershirt,UNDERWEAR,Men,14.9,14.9,False,2,29.8,Card
ORC-20260612-1023,1,2026-06-12 16:45:17,Orchard Central,TOP-W-01,Women's Airism Cotton Crew Neck T-Shirt,Tops,Women,14.9,14.9,False,1,14.9,Card
BUG-20260612-1074,1,2026-06-12 11:12:46,Bugis,BTM-W-01,Women's Ultra Stretch Skinny Jeans,Bottoms,Women,39.9,39.9,False,1,39.9,Card
PUN-20260612-0716,2,2026-06-12 21:01:04,  Punggol  ,UND-W-01,Women's Airism Bikini Shorts,Underwear,women,9.9,9.9,False,2,19.8,PayNow
BUG-20260612-0947,1,2026-06-12 16:21:28,Bugis,UND-M-04,Men's Cotton Crew Neck Undershirt,Underwear,Men,14.9,14.9,False,1,14.9,Card
BUG-20260612-0384,3,2026-06-12 12:02:05,Bugis,BTM-W-02,Women's High-Rise Wide Leg Pants,Bottoms,Women,39.9,39.9,False,1,39.9,Card
ORC-20260612-1124,3,2026-06-12 19:48:02,  Orchard Central  ,UND-M-01,Men's Airism Boxer Briefs,Underwear,Men,14.9,14.9,False,1,14.9,Cash
BUG-20260612-0764,3,2026-06-12 13:44:29,BUGIS,SOK-W-02,  Women's Pile Crew Socks  ,Socks,Women,5.9,5.9,False,2,11.8,NETS
PUN-20260612-0803,1,2026-06-12 12:15:18,Punggol,BTM-W-01,Women's Ultra Stretch Skinny Jeans,Bottoms,Women,$39.9,39.9,False,1,39.9,PayNow
BUG-20260612-0547,1,2026-06-12 19:13:20,Bugis,UND-M-03,Men's Airism Mesh Boxer Briefs,underwear,Men,14.9,14.9,False,1,14.9,NETS
ORC-20260612-0372,3,2026-06-12 12:24:00,Orchard Central,TOP-M-01,  Men's Airism Cotton Crew Neck T-Shirt  ,TOPS,Men,14.9,14.9,False,1,14.9,Card
ORC-20260612-0541,3,2026-06-12 12:27:13,Orchard Central,SOK-W-01,Women's Ankle Socks 3-Pack,Socks,Women,14.9,14.9,False,1,14.9,Cash
BUG-20260612-0650,2,2026-06-12 17:37:19,Bugis,SOK-M-01,Men's Ankle Socks 3-Pack,Socks,Men,$14.9,14.9,False,1,14.9,Card
BUG-20260612-0473,1,2026-06-12 20:30:56,Bugis,UND-W-03,Women's Cotton Blend Briefs,Underwear,Women,9.9,9.9,False,1,9.9,Cash
BUG-20260612-0304,1,2026-06-12 20:15:21,Bugis,UND-M-02,Men's Cotton Blend Trunks,Underwear,Men,14.9,14.9,False,2,29.8,PayNow
PUN-20260612-0488,3,2026-06-12 15:11:18,PUNGGOL,TOP-M-01,Men's Airism Cotton Crew Neck T-Shirt,tops,Men,14.9,14.9,False,1,14.9,PAYNOW
BUG-20260612-0208,1,2026-06-12 20:04:43,Bugis,SOK-M-03,Men's Airism Low-Cut Socks,Socks,MEN,5.9,5.9,False,2,11.8,PayNow
BUG-20260612-0943,1,2026-06-12 11:56:02,  Bugis  ,SOK-W-02,Women's Pile Crew Socks,Socks,Women,5.9,5.9,False,1,5.9,Cash
PUN-20260612-0225,2,2026-06-12 21:54:10,Punggol,UND-M-01,Men's Airism Boxer Briefs,Underwear,Men,14.9,14.9,False,1,14.9,Card
ORC-20260612-0070,1,2026-06-12 11:37:38,Orchard Central,SOK-W-03,Women's Airism Low-Cut Socks,Socks,Women,5.9,5.9,False,1,5.9,Card
ORC-20260612-0400,2,2026-06-12 20:05:48,Orchard Central,SOK-W-03,Women's Airism Low-Cut Socks,Socks,Women,5.9,5.9,False,1,5.9,Card
BUG-20260612-0899,2,2026-06-12 19:19:40,Bugis,SOK-W-06,Women's Heattech Socks,Socks,Women,9.9,9.9,False,2,19.8,PayNow
BUG-20260612-1115,2,2026-06-12 20:53:02,Bugis,SOK-W-04,Women's Ribbed Crew Socks,Socks,Women,5.9,5.9,False,1,5.9,Card
ORC-20260612-0869,1,2026-06-12 15:32:10,Orchard Central,SOK-M-04,  Men's Ribbed Crew Socks  ,Socks,men,5.9,5.9,False,1,5.9,PayNow
PUN-20260612-0189,1,2026-06-12 19:28:23,punggol,BTM-W-01,  Women's Ultra Stretch Skinny Jeans  ,Bottoms,women,39.9,39.9,False,1,39.9,card
ORC-20260612-0169,2,2026-06-12 13:43:03,Orchard Central,SOK-W-03,Women's Airism Low-Cut Socks,socks,Women,5.9,5.9,False,2,11.8,Card
PUN-20260612-0026,3,2026-06-12 19:17:24,Punggol,SOK-W-03,Women's Airism Low-Cut Socks,Socks,Women,5.9,5.9,False,1,5.9,NETS
BUG-20260612-1157,2,2026-06-12 18:15:15,Bugis,SOK-M-03,Men's Airism Low-Cut Socks,Socks,Men,5.9,5.9,False,1,5.9,CARD
ORC-20260612-0273,1,2026-06-12 12:51:56,Orchard Central,UND-W-01,Women's Airism Bikini Shorts,Underwear,WOMEN,$9.9,9.9,False,1,9.9,PayNow
BUG-20260612-1038,1,2026-06-12 19:09:33,Bugis,TOP-W-01,  Women's Airism Cotton Crew Neck T-Shirt  ,Tops,Women,14.9,14.9,False,1,14.9,PayNow
ORC-20260612-1144,1,2026-06-12 20:21:02,Orchard Central,UND-M-09,  Men's Heattech Long Johns  ,Underwear,men,19.9,19.9,False,1,19.9,PayNow
BUG-20260612-0033,2,2026-06-12 19:59:36,Bugis,SOK-W-02,Women's Pile Crew Socks,Socks,WOMEN,5.9,5.9,False,1,5.9,NETS
BUG-20260612-1032,2,2026-06-12 21:21:08,Bugis,SOK-M-03,Men's Airism Low-Cut Socks,Socks,Men,5.9,5.9,False,1,5.9,Cash
BUG-20260612-0783,1,2026-06-12 21:12:20,Bugis,SOK-W-03,Women's Airism Low-Cut Socks,Socks,Women,5.9,5.9,False,1,5.9,Card
PUN-20260612-0517,2,2026-06-12 18:28:23,Punggol,SOK-W-02,Women's Pile Crew Socks,Socks,Women,5.9,5.9,False,2,11.8,PayNow
PUN-20260612-0470,2,2026-06-12 15:12:32,Punggol,TOP-W-02,Women's Ribbed Long Sleeve Turtleneck,Tops,Women,19.9,19.9,False,1,19.9,PayNow
BUG-20260612-0888,1,2026-06-12 22:58:25,  Bugis  ,TOP-W-01,Women's Airism Cotton Crew Neck T-Shirt,Tops,Women,14.9,14.9,False,1,14.9,PayNow
PUN-20260612-0439,2,2026-06-12 20:14:59,punggol,SOK-M-08,Men's Cotton Blend Dress Socks,Socks,Men,9.9,9.9,False,1,9.9,Card
BUG-20260612-0447,1,2026-06-12 22:03:11,Bugis,UND-W-03,Women's Cotton Blend Briefs,Underwear,Women,9.9,9.9,False,1,9.9,Cash
ORC-20260612-0381,2,2026-06-12 18:34:15,Orchard Central,SOK-M-05,Men's Sport Ankle Socks,Socks,men,5.9,5.9,False,1,5.9,PayNow
ORC-20260612-0493,1,2026-06-12 21:25:50,Orchard Central,SOK-W-02,Women's Pile Crew Socks,Socks,Women,5.9,5.9,False,1,5.9,Card
ORC-20260612-0532,2,2026-06-12 14:42:55,Orchard Central,SOK-M-02,Men's Pile Crew Socks,Socks,Men,5.9,5.9,False,1,5.9,nets
ORC-20260612-0439,3,2026-06-12 18:55:07,Orchard Central,SOK-W-02,Women's Pile Crew Socks,Socks,Women,5.9,5.9,False,1,5.9,Cash
PUN-20260612-0248,3,2026-06-12 21:51:14,Punggol,SOK-W-02,Women's Pile Crew Socks,Socks,Women,5.9,5.9,False,2,11.8,CARD
ORC-20260612-0780,3,2026-06-12 19:39:09,Orchard Central,BTM-W-02,Women's High-Rise Wide Leg Pants,Bottoms,Women,39.9,39.9,False,1,39.9,NETS
ORC-20260612-1130,2,2026-06-12 12:28:45,Orchard Central,SOK-W-02,Women's Pile Crew Socks,Socks,Women,5.9,5.9,False,2,11.8,NETS
BUG-20260612-1027,1,2026-06-12 13:58:22,Bugis,UND-M-03,Men's Airism Mesh Boxer Briefs,Underwear,Men,14.9,14.9,False,1,14.9,PayNow
ORC-20260612-0783,3,2026-06-12 20:57:35,Orchard Central,TOP-M-01,Men's Airism Cotton Crew Neck T-Shirt,tops,MEN,14.9,14.9,False,1,14.9,NETS
ORC-20260612-0013,2,2026-06-12 14:51:57,Orchard Central,TOP-W-01,Women's Airism Cotton Crew Neck T-Shirt,Tops,Women,14.9,14.9,False,1,14.9,PayNow
BUG-20260612-0455,2,2026-06-12 18:21:47,Bugis,SOK-M-03,Men's Airism Low-Cut Socks,Socks,MEN,5.9,5.9,False,1,5.9,PayNow
ORC-20260612-0976,1,2026-06-12 20:46:54,Orchard Central,BTM-M-04,Men's Dry Stretch Shorts,Bottoms,Men,19.9,19.9,False,1,19.9,NETS
ORC-20260612-0675,3,2026-06-12 19:12:39,Orchard Central,BTM-W-03,Women's Ezy Ankle Pants,Bottoms,Women,29.9,29.9,False,1,29.9,Card
ORC-20260612-0217,1,2026-06-12 21:11:27,Orchard Central,UND-M-01,Men's Airism Boxer Briefs,Underwear,Men,14.9,14.9,False,1,14.9,Card
BUG-20260612-1240,1,2026-06-12 20:54:44,BUGIS,SOK-M-02,Men's Pile Crew Socks,Socks,men,5.9,5.9,False,1,5.9,CARD
BUG-20260612-1169,1,2026-06-12 21:50:31,bugis,SOK-W-03,Women's Airism Low-Cut Socks,Socks,Women,5.9,5.9,False,1,5.9,Card
ORC-20260612-0177,2,2026-06-12 19:49:23,  Orchard Central  ,TOP-W-04,Women's Heattech Crew Neck Long Sleeve Tee,Tops,Women,14.9,14.9,False,1,14.9,PayNow
ORC-20260612-0903,1,2026-06-12 12:17:10,Orchard Central,SOK-W-06,Women's Heattech Socks,Socks,Women,9.9,9.9,False,1,9.9,PayNow
ORC-20260612-1133,2,2026-06-12 11:19:48,Orchard Central,SOK-M-04,Men's Ribbed Crew Socks,Socks,Men,5.9,5.9,False,2,11.8,Card
PUN-20260612-0209,3,2026-06-12 20:18:14,punggol,UND-W-01,Women's Airism Bikini Shorts,underwear,Women,9.9,9.9,False,1,9.9,Card
BUG-20260612-1166,2,2026-06-12 19:41:22,Bugis,UND-W-09,Women's Cotton Boyshorts,Underwear,Women,9.9,9.9,False,1,9.9,Card
BUG-20260612-1159,1,2026-06-12 16:53:21,Bugis,BTM-M-02,Men's Slim Fit Chino Trousers,Bottoms,Men,29.9,29.9,False,1,29.9,NETS
BUG-20260612-0263,2,2026-06-12 20:55:08,Bugis,BTM-M-04,Men's Dry Stretch Shorts,Bottoms,Men,19.9,19.9,False,1,19.9,Cash
PUN-20260612-0575,3,2026-06-12 21:05:41,Punggol,SOK-M-04,Men's Ribbed Crew Socks,Socks,Men,5.9,5.9,False,1,5.9,Card
BUG-20260612-1120,2,2026-06-12 16:31:49,  Bugis  ,UND-M-02,Men's Cotton Blend Trunks,Underwear,Men,14.9,14.9,False,2,29.8,Card
PUN-20260612-0514,1,2026-06-12 15:53:32,Punggol,BTM-M-04,Men's Dry Stretch Shorts,Bottoms,Men,$19.9,19.9,False,1,19.9,Paynow
BUG-20260612-0563,1,2026-06-12 12:54:20,Bugis,SOK-W-02,Women's Pile Crew Socks,Socks,Women,5.9,5.9,False,2,11.8,PAYNOW
ORC-20260612-1073,1,2026-06-12 11:26:49,Orchard Central,TOP-W-04,Women's Heattech Crew Neck Long Sleeve Tee,Tops,Women,14.9,14.9,False,1,14.9,NETS
BUG-20260612-1079,3,2026-06-12 19:10:56,Bugis,BTM-W-01,Women's Ultra Stretch Skinny Jeans,Bottoms,Women,39.9,39.9,False,1,39.9,NETS
BUG-20260612-0398,1,2026-06-12 12:04:14,Bugis,SOK-W-03,Women's Airism Low-Cut Socks,Socks,Women,5.9,5.9,False,1,5.9,NETS
ORC-20260612-0265,2,2026-06-12 16:34:12,Orchard Central,TOP-M-01,Men's Airism Cotton Crew Neck T-Shirt,Tops,Men,14.9,14.9,False,1,14.9,PayNow
BUG-20260612-1041,1,2026-06-12 19:33:35,Bugis,UND-W-02,Women's Wireless Bra,Underwear,WOMEN,29.9,29.9,False,1,29.9,card
PUN-20260612-0002,1,2026-06-12 22:00:35,Punggol,SOK-W-01,Women's Ankle Socks 3-Pack,Socks,Women,14.9,14.9,False,1,14.9,Card
BUG-20260612-1023,2,2026-06-12 22:57:49,  Bugis  ,SOK-W-02,Women's Pile Crew Socks,Socks,Women,5.9,5.9,False,1,5.9,Paynow
PUN-20260612-0366,2,2026-06-12 13:19:38,Punggol,UND-M-03,Men's Airism Mesh Boxer Briefs,Underwear,Men,14.9,14.9,False,1,14.9,CARD
ORC-20260612-0707,2,2026-06-12 20:19:46,Orchard Central,SOK-W-04,Women's Ribbed Crew Socks,Socks,Women,5.9,5.9,False,1,5.9,Card
ORC-20260612-0856,2,2026-06-12 18:04:08,Orchard Central,UND-W-04,Women's Airism T-Shirt Bra,Underwear,Women,29.9,29.9,False,1,29.9,Card
BUG-20260612-0462,2,2026-06-12 20:55:29,Bugis,UND-M-03,Men's Airism Mesh Boxer Briefs,Underwear,Men,14.9,14.9,False,1,14.9,NETS
BUG-20260612-0384,1,2026-06-12 12:02:05,Bugis,SOK-M-04,Men's Ribbed Crew Socks,socks,Men,$5.9,5.9,False,1,5.9,Card
BUG-20260612-0163,1,2026-06-12 20:16:16,Bugis,SOK-W-02,  Women's Pile Crew Socks  ,Socks,Women,5.9,5.9,False,1,5.9,NETS
ORC-20260612-0515,1,2026-06-12 15:24:08,Orchard Central,SOK-M-03,  Men's Airism Low-Cut Socks  ,Socks,men,5.9,5.9,False,2,11.8,Card
BUG-20260612-0055,1,2026-06-12 17:04:59,BUGIS,BTM-W-01,Women's Ultra Stretch Skinny Jeans,Bottoms,Women,39.9,39.9,False,1,39.9,PayNow
BUG-20260612-1170,1,2026-06-12 22:53:32,Bugis,SOK-M-02,  Men's Pile Crew Socks  ,SOCKS,Men,5.9,5.9,False,1,5.9,Cash
ORC-20260612-0829,2,2026-06-12 21:03:06,ORCHARD CENTRAL,UND-M-01,Men's Airism Boxer Briefs,Underwear,Men,14.9,14.9,False,2,29.8,PayNow
PUN-20260612-0553,2,2026-06-12 16:45:11,Punggol,SOK-M-04,Men's Ribbed Crew Socks,Socks,Men,5.9,5.9,False,1,5.9,CARD
ORC-20260612-1219,2,2026-06-12 11:53:56,Orchard Central,SOK-W-03,Women's Airism Low-Cut Socks,Socks,Women,5.9,5.9,False,1,5.9,Paynow
ORC-20260612-0293,2,2026-06-12 20:59:42,Orchard Central,SOK-M-03,  Men's Airism Low-Cut Socks  ,Socks,Men,5.9,5.9,False,1,5.9,nets
BUG-20260612-0151,2,2026-06-12 13:02:20,Bugis,SOK-M-02,  Men's Pile Crew Socks  ,Socks,Men,5.9,5.9,False,1,5.9,PayNow
BUG-20260612-1015,2,2026-06-12 12:02:28,Bugis,UND-M-01,Men's Airism Boxer Briefs,Underwear,Men,14.9,14.9,False,1,14.9,NETS
PUN-20260612-0415,3,2026-06-12 21:15:31,  Punggol  ,SOK-W-02,Women's Pile Crew Socks,Socks,Women,5.9,5.9,False,1,5.9,Paynow
PUN-20260612-0076,1,2026-06-12 22:34:32,Punggol,SOK-M-04,Men's Ribbed Crew Socks,Socks,Men,5.9,5.9,False,1,5.9,Cash
BUG-20260612-0409,1,2026-06-12 20:05:43,Bugis,BTM-W-03,Women's Ezy Ankle Pants,Bottoms,Women,29.9,29.9,False,1,29.9,PAYNOW
ORC-20260612-1205,2,2026-06-12 22:30:33,Orchard Central,UND-W-01,Women's Airism Bikini Shorts,Underwear,Women,9.9,9.9,False,1,9.9,Card
PUN-20260612-0203,2,2026-06-12 14:21:42,Punggol,TOP-M-01,  Men's Airism Cotton Crew Neck T-Shirt  ,Tops,Men,14.9,14.9,False,1,14.9,nets
BUG-20260612-0708,2,2026-06-12 17:45:26,Bugis,SOK-M-03,Men's Airism Low-Cut Socks,Socks,Men,5.9,5.9,False,2,11.8,Cash
PUN-20260612-0154,1,2026-06-12 17:42:03,Punggol,SOK-M-01,Men's Ankle Socks 3-Pack,Socks,Men,14.9,14.9,False,1,14.9,Cash
BUG-20260612-0146,1,2026-06-12 21:23:46,Bugis,BTM-M-04,Men's Dry Stretch Shorts,Bottoms,Men,19.9,19.9,False,1,19.9,Card
BUG-20260612-0541,3,2026-06-12 20:06:46,Bugis,TOP-M-03,Men's Dry-EX Crew Neck T-Shirt,Tops,Men,19.9,19.9,False,1,19.9,PAYNOW
ORC-20260612-0848,3,2026-06-12 20:21:13,Orchard Central,SOK-W-03,Women's Airism Low-Cut Socks,Socks,Women,5.9,5.9,False,2,11.8,PayNow
BUG-20260612-0425,1,2026-06-12 18:00:16,  Bugis  ,SOK-W-02,Women's Pile Crew Socks,Socks,Women,5.9,5.9,False,1,5.9,PayNow
BUG-20260612-0487,1,2026-06-12 18:01:34,Bugis,TOP-M-02,Men's Supima Cotton Polo Shirt,Tops,Men,29.9,29.9,False,1,29.9,
ORC-20260612-0270,2,2026-06-12 20:02:00,Orchard Central,SOK-W-02,Women's Pile Crew Socks,Socks,Women,5.9,5.9,False,1,5.9,PayNow
ORC-20260612-0140,1,2026-06-12 20:15:47,  Orchard Central  ,UND-M-01,Men's Airism Boxer Briefs,underwear,Men,14.9,14.9,False,1,14.9,PayNow
BUG-20260612-0947,2,2026-06-12 16:21:28,Bugis,UND-W-09,Women's Cotton Boyshorts,Underwear,Women,9.9,9.9,False,1,9.9,Card
BUG-20260612-1104,1,2026-06-12 17:14:16,Bugis,TOP-W-04,Women's Heattech Crew Neck Long Sleeve Tee,Tops,women,14.9,14.9,False,1,14.9,PayNow
BUG-20260612-0612,1,2026-06-12 22:49:23,Bugis,TOP-W-01,Women's Airism Cotton Crew Neck T-Shirt,Tops,Women,14.9,14.9,False,1,14.9,card
PUN-20260612-0740,1,2026-06-12 11:41:30,Punggol,TOP-W-01,Women's Airism Cotton Crew Neck T-Shirt,Tops,Women,14.9,14.9,False,1,14.9,Cash
BUG-20260612-1082,2,2026-06-12 16:08:41,Bugis,TOP-M-01,Men's Airism Cotton Crew Neck T-Shirt,Tops,Men,14.9,14.9,False,1,14.9,Card
ORC-20260612-0898,1,2026-06-12 20:45:31,Orchard Central,SOK-M-03,Men's Airism Low-Cut Socks,Socks,Men,5.9,5.9,False,1,5.9,PayNow
PUN-20260612-0335,1,2026-06-12 12:02:40,Punggol,BTM-M-01,Men's Ezy Ankle Pants,Bottoms,Men,29.9,29.9,False,1,29.9,Nets
BUG-20260612-0588,2,2026-06-12 21:13:40,BUGIS,TOP-W-01,  Women's Airism Cotton Crew Neck T-Shirt  ,Tops,Women,14.9,14.9,False,1,14.9,Card
BUG-20260612-0441,2,2026-06-12 19:30:55,Bugis,TOP-W-08,Women's Puff Sleeve Blouse,TOPS,Women,20.35,29.9,True,1,20.35,Card
BUG-20260612-0870,2,2026-06-12 17:56:03,Bugis,SOK-W-02,  Women's Pile Crew Socks  ,Socks,Women,5.9,5.9,False,1,5.9,Card
ORC-20260612-0769,1,2026-06-12 20:29:54,Orchard Central,SOK-M-02,Men's Pile Crew Socks,Socks,MEN,5.9,5.9,False,2,11.8,Cash
PUN-20260612-0221,2,2026-06-12 11:41:32,Punggol,SOK-W-04,Women's Ribbed Crew Socks,Socks,Women,5.9,5.9,False,1,5.9,Card
BUG-20260612-0936,1,2026-06-12 19:55:04,Bugis,UND-W-03,Women's Cotton Blend Briefs,Underwear,Women,9.9,9.9,False,1,9.9,PayNow
ORC-20260612-0671,1,2026-06-12 21:32:48,Orchard Central,SOK-W-03,Women's Airism Low-Cut Socks,SOCKS,Women,5.9,5.9,False,1,5.9,Card
ORC-20260612-0588,1,2026-06-12 15:22:16,Orchard Central,SOK-W-06,Women's Heattech Socks,Socks,Women,9.9,9.9,False,1,9.9,card
PUN-20260612-0677,2,2026-06-12 19:12:23,  Punggol  ,SOK-W-04,Women's Ribbed Crew Socks,Socks,Women,5.9,5.9,False,1,5.9,Card
ORC-20260612-0191,2,2026-06-12 17:19:48,Orchard Central,SOK-M-03,Men's Airism Low-Cut Socks,Socks,Men,5.9,5.9,False,1,5.9,Card
ORC-20260612-0548,3,2026-06-12 17:41:34,Orchard Central,SOK-W-04,Women's Ribbed Crew Socks,Socks,Women,5.9,5.9,False,1,5.9,PayNow
PUN-20260612-0003,2,2026-06-12 17:41:14,Punggol,BTM-W-03,Women's Ezy Ankle Pants,Bottoms,Women,29.9,29.9,False,1,29.9,Cash
ORC-20260612-1292,1,2026-06-12 11:14:35,Orchard Central,SOK-W-02,Women's Pile Crew Socks,Socks,Women,5.9,5.9,False,1,5.9,Cash
ORC-20260612-1149,2,2026-06-12 20:27:20,Orchard Central,UND-W-01,Women's Airism Bikini Shorts,Underwear,Women,9.9,9.9,False,1,9.9,Card
BUG-20260612-0851,3,2026-06-12 20:29:15,Bugis,TOP-M-01,Men's Airism Cotton Crew Neck T-Shirt,Tops,MEN,14.9,14.9,False,1,14.9,Card
ORC-20260612-0808,2,2026-06-12 14:22:57,Orchard Central,SOK-W-04,  Women's Ribbed Crew Socks  ,Socks,Women,$5.9,5.9,False,1,5.9,PayNow
BUG-20260612-0085,2,2026-06-12 22:03:51,Bugis,SOK-M-02,Men's Pile Crew Socks,Socks,Men,5.9,5.9,False,1,5.9,Card
PUN-20260612-0755,1,2026-06-12 20:55:27,Punggol,SOK-W-03,Women's Airism Low-Cut Socks,Socks,Women,5.9,5.9,False,1,5.9,nets
ORC-20260612-0585,3,2026-06-12 15:33:40,Orchard Central,TOP-W-08,Women's Puff Sleeve Blouse,Tops,women,20.35,29.9,True,1,20.35,Card
ORC-20260612-0050,2,2026-06-12 21:25:25,Orchard Central,BTM-M-04,Men's Dry Stretch Shorts,Bottoms,MEN,19.9,19.9,False,1,19.9,CARD
ORC-20260612-0843,1,2026-06-12 21:18:12,ORCHARD CENTRAL,UND-M-03,Men's Airism Mesh Boxer Briefs,Underwear,men,14.9,14.9,False,1,14.9,paynow
BUG-20260612-0023,1,2026-06-12 12:21:35,bugis,SOK-W-03,Women's Airism Low-Cut Socks,Socks,Women,5.9,5.9,False,1,5.9,Card
BUG-20260612-0624,1,2026-06-12 20:15:38,Bugis,SOK-M-02,Men's Pile Crew Socks,Socks,Men,5.9,5.9,False,1,5.9,Card
ORC-20260612-1029,1,2026-06-12 18:41:53,Orchard Central,UND-M-02,Men's Cotton Blend Trunks,Underwear,Men,14.9,14.9,False,1,14.9,Card
ORC-20260612-0020,1,2026-06-12 20:35:35,Orchard Central,SOK-M-04,Men's Ribbed Crew Socks,Socks,Men,5.9,5.9,False,1,5.9,Card
ORC-20260612-1019,2,2026-06-12 22:35:56,Orchard Central,SOK-W-04,  Women's Ribbed Crew Socks  ,Socks,Women,5.9,5.9,False,1,5.9,PayNow
PUN-20260612-0074,3,2026-06-12 19:58:33,Punggol,UND-W-09,Women's Cotton Boyshorts,Underwear,Women,9.9,9.9,False,2,19.8,Cash
ORC-20260612-0969,1,2026-06-12 19:33:13,Orchard Central,UND-M-02,Men's Cotton Blend Trunks,Underwear,Men,14.9,14.9,False,1,14.9,Card
BUG-20260612-1044,1,2026-06-12 21:54:14,Bugis,BTM-M-04,Men's Dry Stretch Shorts,BOTTOMS,Men,19.9,19.9,False,1,19.9,Cash
ORC-20260612-1057,2,2026-06-12 16:32:30,orchard central,SOK-W-02,Women's Pile Crew Socks,Socks,Women,5.9,5.9,False,1,5.9,NETS
PUN-20260612-0824,1,2026-06-12 20:40:07,Punggol,UND-W-02,Women's Wireless Bra,Underwear,Women,29.9,29.9,False,1,29.9,Card
ORC-20260612-0864,1,2026-06-12 13:15:00,ORCHARD CENTRAL,SOK-W-08,Women's Lace Trim Ankle Socks,Socks,Women,5.9,5.9,False,1,5.9,PayNow
ORC-20260612-0768,1,2026-06-12 20:14:39,Orchard Central,SOK-W-02,  Women's Pile Crew Socks  ,SOCKS,WOMEN,5.9,5.9,False,1,5.9,Card
PUN-20260612-0103,1,2026-06-12 17:33:15,Punggol,TOP-M-03,Men's Dry-EX Crew Neck T-Shirt,Tops,Men,19.9,19.9,False,1,19.9,Card
PUN-20260612-0811,1,2026-06-12 20:29:02,Punggol,SOK-W-02,Women's Pile Crew Socks,Socks,Women,5.9,5.9,False,1,5.9,PayNow
BUG-20260612-0975,2,2026-06-12 17:50:17,Bugis,SOK-M-04,Men's Ribbed Crew Socks,Socks,Men,5.9,5.9,False,2,11.8,Card
ORC-20260612-0129,1,2026-06-12 20:17:09,Orchard Central,SOK-M-03,,Socks,Men,5.9,5.9,False,1,5.9,card
PUN-20260612-0534,2,2026-06-12 21:22:58,Punggol,SOK-M-04,Men's Ribbed Crew Socks,socks,Men,5.9,5.9,False,1,5.9,Card
BUG-20260612-1033,2,2026-06-12 20:55:16,Bugis,SOK-W-03,Women's Airism Low-Cut Socks,Socks,Women,5.9,5.9,False,1,5.9,Card
PUN-20260612-0455,3,2026-06-12 20:19:20,Punggol,TOP-W-01,Women's Airism Cotton Crew Neck T-Shirt,Tops,Women,14.9,14.9,False,1,14.9,PayNow
ORC-20260612-1175,1,2026-06-12 18:21:37,Orchard Central,UND-W-01,Women's Airism Bikini Shorts,Underwear,WOMEN,9.9,9.9,False,1,9.9,Card
BUG-20260612-0986,3,2026-06-12 18:27:29,Bugis,SOK-M-04,Men's Ribbed Crew Socks,Socks,Men,5.9,5.9,False,1,5.9,Cash
ORC-20260612-0375,2,2026-06-12 20:08:23,Orchard Central,SOK-W-04,,Socks,WOMEN,5.9,5.9,False,1,5.9,Cash
BUG-20260612-0433,3,2026-06-12 20:13:35,Bugis,SOK-W-02,Women's Pile Crew Socks,Socks,Women,5.9,5.9,False,1,5.9,Card
PUN-20260612-0253,2,2026-06-12 17:38:47,Punggol,SOK-M-02,Men's Pile Crew Socks,Socks,Men,5.9,5.9,False,1,5.9,Card
PUN-20260612-0530,1,2026-06-12 20:35:36,Punggol,UND-W-03,Women's Cotton Blend Briefs,Underwear,Women,9.9,9.9,False,1,9.9,Card
BUG-20260612-0344,1,2026-06-12 19:59:38,Bugis,SOK-M-04,  Men's Ribbed Crew Socks  ,Socks,Men,5.9,5.9,False,1,5.9,Card
PUN-20260612-0157,1,2026-06-12 18:05:18,Punggol,SOK-M-04,Men's Ribbed Crew Socks,Socks,Men,5.9,5.9,False,1,5.9,PayNow
BUG-20260612-0990,1,2026-06-12 18:33:40,Bugis,UND-M-02,Men's Cotton Blend Trunks,Underwear,Men,14.9,14.9,False,2,29.8,Card
ORC-20260612-0759,1,2026-06-12 16:49:58,orchard central,SOK-W-04,Women's Ribbed Crew Socks,socks,Women,5.9,5.9,False,2,11.8,PayNow
BUG-20260612-1078,2,2026-06-12 21:04:17,Bugis,TOP-W-01,Women's Airism Cotton Crew Neck T-Shirt,Tops,Women,14.9,14.9,False,1,14.9,PayNow
ORC-20260612-0703,3,2026-06-12 17:47:31,Orchard Central,SOK-W-02,Women's Pile Crew Socks,Socks,Women,5.9,5.9,False,1,5.9,PayNow
PUN-20260612-0454,1,2026-06-12 21:25:40,PUNGGOL,UND-W-03,Women's Cotton Blend Briefs,Underwear,women,9.9,9.9,False,1,9.9,Card
PUN-20260612-0709,1,2026-06-12 13:54:02,Punggol,SOK-W-04,Women's Ribbed Crew Socks,Socks,Women,5.9,5.9,False,1,5.9,PayNow
BUG-20260612-0629,2,2026-06-12 20:26:05,Bugis,UND-W-03,Women's Cotton Blend Briefs,Underwear,Women,9.9,9.9,False,1,9.9,NETS
ORC-20260612-1040,3,2026-06-12 16:57:06,Orchard Central,TOP-M-10,Men's Merino Blend V-Neck Sweater,Tops,Men,39.9,39.9,False,1,39.9,card
BUG-20260612-1012,2,2026-06-12 21:08:42,Bugis,TOP-M-02,Men's Supima Cotton Polo Shirt,Tops,Men,29.9,29.9,False,1,29.9,NETS
ORC-20260612-1278,2,2026-06-12 19:54:27,Orchard Central,UND-W-02,Women's Wireless Bra,Underwear,Women,29.9,29.9,False,1,29.9,NETS
ORC-20260612-0473,1,2026-06-12 11:53:29,  Orchard Central  ,UND-W-01,Women's Airism Bikini Shorts,Underwear,Women,9.9,9.9,False,2,19.8,Nets
ORC-20260612-0864,2,2026-06-12 13:15:00,Orchard Central,SOK-M-02,Men's Pile Crew Socks,Socks,MEN,5.9,5.9,False,1,5.9,Paynow
ORC-20260612-0539,1,2026-06-12 21:11:59,Orchard Central,TOP-W-04,Women's Heattech Crew Neck Long Sleeve Tee,Tops,WOMEN,14.9,14.9,False,1,14.9,PayNow
ORC-20260612-0607,1,2026-06-12 18:05:44,Orchard Central,UND-M-07,Men's Stretch Cotton Boxers,Underwear,Men,14.9,14.9,False,1,14.9,Card
PUN-20260612-0182,2,2026-06-12 11:59:27,  Punggol  ,SOK-W-03,Women's Airism Low-Cut Socks,Socks,Women,5.9,5.9,False,1,5.9,Card
ORC-20260612-1091,2,2026-06-12 19:40:02,ORCHARD CENTRAL,TOP-M-03,Men's Dry-EX Crew Neck T-Shirt,Tops,Men,19.9,19.9,False,1,19.9,Card
ORC-20260612-1070,2,2026-06-12 15:14:13,Orchard Central,SOK-W-02,Women's Pile Crew Socks,Socks,Women,5.9,5.9,False,1,5.9,Card
ORC-20260612-0637,2,2026-06-12 19:26:03,Orchard Central,SOK-W-04,Women's Ribbed Crew Socks,Socks,Women,5.9,5.9,False,1,5.9,PAYNOW
ORC-20260612-0357,1,2026-06-12 16:59:13,Orchard Central,UND-W-03,Women's Cotton Blend Briefs,Underwear,Women,9.9,9.9,False,1,9.9,Card
BUG-20260612-0235,1,2026-06-12 19:37:18,Bugis,TOP-W-01,Women's Airism Cotton Crew Neck T-Shirt,Tops,Women,14.9,14.9,False,1,14.9,Cash
BUG-20260612-0437,2,2026-06-12 21:05:56,  Bugis  ,TOP-M-04,Men's Oxford Long Sleeve Shirt,Tops,Men,29.9,29.9,False,1,29.9,PayNow
ORC-20260612-1173,2,2026-06-12 15:50:14,Orchard Central,UND-M-04,Men's Cotton Crew Neck Undershirt,Underwear,Men,14.9,14.9,False,1,14.9,CARD
BUG-20260612-0331,3,2026-06-12 20:46:52,Bugis,UND-M-04,Men's Cotton Crew Neck Undershirt,Underwear,Men,14.9,14.9,False,2,29.8,Card
ORC-20260612-0142,2,2026-06-12 20:33:02,Orchard Central,SOK-M-04,Men's Ribbed Crew Socks,Socks,Men,5.9,5.9,False,2,11.8,Card
PUN-20260612-0227,1,2026-06-12 20:33:39,Punggol,TOP-M-01,Men's Airism Cotton Crew Neck T-Shirt,Tops,Men,14.9,14.9,False,1,14.9,cash
ORC-20260612-1145,1,2026-06-12 17:21:19,Orchard Central,TOP-W-04,Women's Heattech Crew Neck Long Sleeve Tee,Tops,Women,14.9,14.9,False,1,14.9,Card
ORC-20260612-0880,2,2026-06-12 21:22:55,Orchard Central,SOK-M-08,Men's Cotton Blend Dress Socks,Socks,Men,9.9,9.9,False,1,9.9,NETS
PUN-20260612-0733,1,2026-06-12 16:20:54,Punggol,SOK-M-03,Men's Airism Low-Cut Socks,Socks,Men,5.9,5.9,False,1,5.9,PayNow
BUG-20260612-0019,1,2026-06-12 19:22:10,Bugis,SOK-M-04,Men's Ribbed Crew Socks,Socks,Men,5.9,5.9,False,2,11.8,Card
BUG-20260612-0731,2,2026-06-12 20:49:52,  Bugis  ,TOP-W-04,Women's Heattech Crew Neck Long Sleeve Tee,Tops,Women,14.9,14.9,False,1,14.9,nets
ORC-20260612-1037,1,2026-06-12 15:12:01,ORCHARD CENTRAL,BTM-M-03,Men's Selvedge Regular Fit Jeans,Bottoms,Men,59.9,59.9,False,1,59.9,Cash
ORC-20260612-0444,1,2026-06-12 14:15:46,ORCHARD CENTRAL,UND-W-03,Women's Cotton Blend Briefs,Underwear,Women,9.9,9.9,False,1,9.9,Paynow
BUG-20260612-0849,1,2026-06-12 17:02:23,Bugis,TOP-M-02,Men's Supima Cotton Polo Shirt,Tops,Men,29.9,29.9,False,1,29.9,NETS
PUN-20260612-0613,1,2026-06-12 18:27:51,Punggol,SOK-M-03,Men's Airism Low-Cut Socks,Socks,MEN,5.9,5.9,False,1,5.9,Cash
ORC-20260612-0099,1,2026-06-12 18:48:29,Orchard Central,BTM-W-10,Women's High Waist Denim Shorts,Bottoms,Women,29.9,29.9,False,1,29.9,Card
PUN-20260612-0655,1,2026-06-12 21:03:17,Punggol,SOK-M-01,Men's Ankle Socks 3-Pack,Socks,Men,14.9,14.9,False,2,29.8,Card
PUN-20260612-0771,1,2026-06-12 12:52:54,Punggol,UND-W-01,Women's Airism Bikini Shorts,Underwear,Women,9.9,9.9,False,1,9.9,Cash
ORC-20260612-0522,2,2026-06-12 17:40:10,Orchard Central,SOK-W-03,Women's Airism Low-Cut Socks,SOCKS,Women,5.9,5.9,False,1,$5.9,Cash
BUG-20260612-0552,3,2026-06-12 21:23:41,Bugis,TOP-W-01,Women's Airism Cotton Crew Neck T-Shirt,Tops,Women,14.9,14.9,False,1,14.9,paynow
BUG-20260612-0341,2,2026-06-12 18:11:23,Bugis,UND-W-07,  Women's Heattech Camisole  ,Underwear,Women,14.9,14.9,False,1,14.9,Cash
ORC-20260612-0923,3,2026-06-12 21:18:04,Orchard Central,SOK-W-02,Women's Pile Crew Socks,Socks,Women,5.9,5.9,False,1,5.9,Card
ORC-20260612-0009,1,2026-06-12 15:11:45,Orchard Central,TOP-W-03,Women's Silky Satin Blouse,Tops,Women,39.9,39.9,False,1,39.9,Card
ORC-20260612-0336,2,2026-06-12 20:01:22,  ORCHARD CENTRAL  ,SOK-W-08,Women's Lace Trim Ankle Socks,Socks,Women,5.9,5.9,False,2,11.8,Card
BUG-20260612-0139,1,2026-06-12 22:00:46,Bugis,TOP-M-02,Men's Supima Cotton Polo Shirt,Tops,Men,29.9,29.9,False,1,$29.9,Card
BUG-20260612-1148,1,2026-06-12 17:43:52,Bugis,SOK-W-01,Women's Ankle Socks 3-Pack,Socks,Women,$14.9,14.9,False,1,14.9,PayNow
ORC-20260612-0222,2,2026-06-12 21:43:33,Orchard Central,UND-M-01,Men's Airism Boxer Briefs,underwear,Men,14.9,14.9,False,1,14.9,Card
ORC-20260612-0812,1,2026-06-12 18:34:54,  Orchard Central  ,UND-W-03,Women's Cotton Blend Briefs,Underwear,Women,9.9,9.9,False,1,9.9,PayNow
ORC-20260612-0175,2,2026-06-12 15:30:02,Orchard Central,TOP-W-02,Women's Ribbed Long Sleeve Turtleneck,TOPS,WOMEN,19.9,19.9,False,1,19.9,PayNow
ORC-20260612-0793,2,2026-06-12 16:25:26,Orchard Central,SOK-M-02,Men's Pile Crew Socks,Socks,Men,5.9,5.9,False,1,5.9,Card
ORC-20260612-0847,2,2026-06-12 22:27:49,Orchard Central,TOP-W-03,Women's Silky Satin Blouse,Tops,Women,39.9,39.9,False,1,39.9,Cash
ORC-20260612-0748,3,2026-06-12 18:53:24,orchard central,UND-W-01,Women's Airism Bikini Shorts,Underwear,Women,9.9,9.9,False,1,9.9,Card
BUG-20260612-0832,3,2026-06-12 20:54:29,  Bugis  ,SOK-M-04,Men's Ribbed Crew Socks,Socks,Men,5.9,5.9,False,1,5.9,Card
PUN-20260612-0213,2,2026-06-12 12:43:47,Punggol,SOK-W-04,  Women's Ribbed Crew Socks  ,Socks,Women,5.9,5.9,False,1,5.9,Cash
ORC-20260612-0556,2,2026-06-12 19:21:49,Orchard Central,SOK-M-01,Men's Ankle Socks 3-Pack,Socks,Men,14.9,14.9,False,1,14.9,Card
ORC-20260612-0161,2,2026-06-12 18:15:12,Orchard Central,SOK-W-03,Women's Airism Low-Cut Socks,Socks,Women,5.9,5.9,False,1,5.9,Card
ORC-20260612-0228,1,2026-06-12 17:02:42,  Orchard Central  ,UND-W-04,  Women's Airism T-Shirt Bra  ,Underwear,Women,29.9,29.9,False,1,29.9,Card
ORC-20260612-0705,1,2026-06-12 21:07:49,Orchard Central,SOK-W-04,Women's Ribbed Crew Socks,Socks,Women,5.9,5.9,False,1,$5.9,NETS
PUN-20260612-0706,2,2026-06-12 22:14:15,Punggol,SOK-W-03,Women's Airism Low-Cut Socks,Socks,Women,5.9,5.9,False,2,11.8,PayNow
BUG-20260612-0819,1,2026-06-12 12:10:57,Bugis,TOP-W-01,Women's Airism Cotton Crew Neck T-Shirt,TOPS,Women,14.9,14.9,False,1,14.9,PayNow
ORC-20260612-1132,1,2026-06-12 18:21:01,Orchard Central,SOK-W-03,  Women's Airism Low-Cut Socks  ,Socks,Women,5.9,5.9,False,1,5.9,Cash
BUG-20260612-0014,1,2026-06-12 11:20:39,Bugis,TOP-M-03,Men's Dry-EX Crew Neck T-Shirt,Tops,Men,19.9,19.9,False,1,19.9,PayNow
ORC-20260612-0049,2,2026-06-12 22:56:01,Orchard Central,BTM-M-02,Men's Slim Fit Chino Trousers,Bottoms,Men,29.9,29.9,False,1,29.9,Card
BUG-20260612-1055,2,2026-06-12 16:56:19,Bugis,UND-M-02,Men's Cotton Blend Trunks,Underwear,Men,14.9,14.9,False,1,14.9,NETS
ORC-20260612-1169,1,2026-06-12 15:40:59,Orchard Central,UND-M-03,Men's Airism Mesh Boxer Briefs,Underwear,Men,14.9,14.9,False,1,14.9,PayNow
ORC-20260612-0360,2,2026-06-12 20:14:53,Orchard Central,TOP-W-02,Women's Ribbed Long Sleeve Turtleneck,Tops,Women,19.9,19.9,False,1,19.9,Cash
BUG-20260612-0127,2,2026-06-12 17:04:26,Bugis,SOK-W-01,Women's Ankle Socks 3-Pack,Socks,Women,14.9,14.9,False,1,14.9,Card
PUN-20260612-0456,2,2026-06-12 18:27:57,Punggol,BTM-W-10,Women's High Waist Denim Shorts,Bottoms,Women,29.9,29.9,False,1,29.9,Card
BUG-20260612-0125,2,2026-06-12 21:14:48,bugis,SOK-W-02,Women's Pile Crew Socks,Socks,Women,5.9,5.9,False,1,5.9,Card
PUN-20260612-0239,1,2026-06-12 20:10:27,Punggol,UND-M-02,Men's Cotton Blend Trunks,Underwear,Men,14.9,14.9,False,1,14.9,Cash
BUG-20260612-0520,2,2026-06-12 19:12:22,Bugis,UND-W-03,  Women's Cotton Blend Briefs  ,Underwear,Women,9.9,9.9,False,1,9.9,PayNow
BUG-20260612-0544,3,2026-06-12 12:53:59,  Bugis  ,TOP-M-04,Men's Oxford Long Sleeve Shirt,Tops,men,29.9,29.9,False,1,29.9,NETS
BUG-20260612-1154,3,2026-06-12 21:17:34,Bugis,SOK-M-01,Men's Ankle Socks 3-Pack,Socks,Men,14.9,14.9,False,1,14.9,Card
ORC-20260612-0547,1,2026-06-12 13:11:52,ORCHARD CENTRAL,BTM-M-02,  Men's Slim Fit Chino Trousers  ,Bottoms,Men,29.9,29.9,False,1,29.9,Card
BUG-20260612-0221,2,2026-06-12 20:44:50,Bugis,SOK-M-03,Men's Airism Low-Cut Socks,Socks,Men,5.9,5.9,False,1,5.9,Card
ORC-20260612-0933,2,2026-06-12 21:22:17,orchard central,SOK-M-03,Men's Airism Low-Cut Socks,SOCKS,men,5.9,5.9,False,2,11.8,Card
PUN-20260612-0483,1,2026-06-12 19:29:15,PUNGGOL,TOP-M-02,Men's Supima Cotton Polo Shirt,Tops,Men,29.9,29.9,False,1,$29.9,cash
PUN-20260612-0789,1,2026-06-12 19:26:26,Punggol,UND-M-02,Men's Cotton Blend Trunks,Underwear,Men,14.9,14.9,False,1,14.9,CARD
ORC-20260612-1300,2,2026-06-12 22:10:48,Orchard Central,UND-M-01,Men's Airism Boxer Briefs,Underwear,men,14.9,14.9,False,1,14.9,Card
BUG-20260612-0339,1,2026-06-12 15:16:09,Bugis,SOK-M-03,Men's Airism Low-Cut Socks,Socks,Men,5.9,5.9,False,1,5.9,Card
PUN-20260612-0501,2,2026-06-12 21:26:00,Punggol,SOK-W-04,Women's Ribbed Crew Socks,Socks,Women,5.9,5.9,False,1,5.9,NETS
ORC-20260612-0992,2,2026-06-12 21:11:57,Orchard Central,SOK-M-04,Men's Ribbed Crew Socks,Socks,Men,5.9,5.9,False,1,5.9,Card
PUN-20260612-0716,1,2026-06-12 21:01:04,Punggol,UND-W-01,Women's Airism Bikini Shorts,Underwear,Women,9.9,9.9,False,1,9.9,PayNow
PUN-20260612-0532,1,2026-06-12 19:33:00,Punggol,TOP-M-07,Men's Ultra Light Down Jacket,Tops,Men,55.24,79.9,True,1,55.24,NETS
ORC-20260612-0709,2,2026-06-12 18:34:32,Orchard Central,TOP-W-01,Women's Airism Cotton Crew Neck T-Shirt,Tops,Women,14.9,14.9,False,1,14.9,Cash
ORC-20260612-0793,3,2026-06-12 16:25:26,Orchard Central,SOK-W-02,Women's Pile Crew Socks,SOCKS,Women,5.9,5.9,False,1,5.9,Card
PUN-20260612-0800,3,2026-06-12 12:31:20,Punggol,UND-W-02,Women's Wireless Bra,Underwear,Women,$29.9,29.9,False,1,29.9,PayNow
PUN-20260612-0029,2,2026-06-12 18:08:07,Punggol,SOK-W-08,Women's Lace Trim Ankle Socks,Socks,Women,5.9,5.9,False,1,5.9,Card
BUG-20260612-0120,1,2026-06-12 16:38:51,Bugis,BTM-M-04,Men's Dry Stretch Shorts,bottoms,Men,19.9,19.9,False,1,19.9,Card
ORC-20260612-0155,1,2026-06-12 13:16:46,Orchard Central,TOP-W-02,Women's Ribbed Long Sleeve Turtleneck,Tops,Women,$19.9,19.9,False,1,19.9,Card
BUG-20260612-0768,2,2026-06-12 18:08:54,BUGIS,TOP-M-01,Men's Airism Cotton Crew Neck T-Shirt,Tops,Men,14.9,14.9,False,1,14.9,NETS
ORC-20260612-1248,1,2026-06-12 18:36:28,  Orchard Central  ,SOK-W-02,  Women's Pile Crew Socks  ,Socks,Women,5.9,5.9,False,1,5.9,Card
PUN-20260612-0290,1,2026-06-12 19:00:50,Punggol,UND-W-01,  Women's Airism Bikini Shorts  ,UNDERWEAR,Women,9.9,9.9,False,2,19.8,Cash
ORC-20260612-1077,1,2026-06-12 19:47:18,Orchard Central,UND-W-01,Women's Airism Bikini Shorts,Underwear,Women,9.9,9.9,False,1,9.9,Paynow
BUG-20260612-0833,1,2026-06-12 13:24:17,Bugis,SOK-M-04,Men's Ribbed Crew Socks,Socks,Men,5.9,5.9,False,1,5.9,NETS
ORC-20260612-0859,3,2026-06-12 18:28:02,Orchard Central,TOP-W-02,Women's Ribbed Long Sleeve Turtleneck,Tops,Women,19.9,19.9,False,1,19.9,paynow
PUN-20260612-0573,1,2026-06-12 20:19:17,Punggol,SOK-W-02,Women's Pile Crew Socks,Socks,Women,5.9,5.9,False,1,5.9,CASH
ORC-20260612-0101,2,2026-06-12 16:35:50,Orchard Central,UND-M-04,Men's Cotton Crew Neck Undershirt,UNDERWEAR,Men,14.9,14.9,False,1,14.9,Card
PUN-20260612-0143,1,2026-06-12 18:51:37,Punggol,SOK-M-04,Men's Ribbed Crew Socks,Socks,Men,5.9,5.9,False,2,11.8,Card
PUN-20260612-0134,1,2026-06-12 19:15:10,Punggol,UND-M-02,Men's Cotton Blend Trunks,Underwear,Men,14.9,14.9,False,1,14.9,Card
ORC-20260612-1258,2,2026-06-12 19:56:31,Orchard Central,SOK-W-07,Women's Striped Crew Socks,socks,Women,5.9,5.9,False,1,5.9,card
PUN-20260612-0142,1,2026-06-12 20:03:23,Punggol,BTM-M-02,Men's Slim Fit Chino Trousers,Bottoms,men,29.9,29.9,False,1,29.9,Cash
ORC-20260612-0465,2,2026-06-12 20:46:05,Orchard Central,UND-W-03,Women's Cotton Blend Briefs,Underwear,Women,9.9,9.9,False,1,9.9,Card
PUN-20260612-0308,3,2026-06-12 12:55:29,Punggol,SOK-M-04,Men's Ribbed Crew Socks,Socks,Men,5.9,5.9,False,1,5.9,paynow
BUG-20260612-0686,2,2026-06-12 20:45:23,Bugis,SOK-M-02,Men's Pile Crew Socks,Socks,Men,5.9,5.9,False,2,11.8,Cash
ORC-20260612-0174,2,2026-06-12 21:34:43,Orchard Central,SOK-M-04,Men's Ribbed Crew Socks,Socks,Men,5.9,5.9,False,2,11.8,nets
BUG-20260612-1149,1,2026-06-12 12:19:11,Bugis,UND-W-03,Women's Cotton Blend Briefs,Underwear,WOMEN,9.9,9.9,False,1,9.9,Card
PUN-20260612-0250,1,2026-06-12 19:35:18,Punggol,SOK-W-01,Women's Ankle Socks 3-Pack,Socks,Women,14.9,14.9,False,1,14.9,Card
ORC-20260612-0184,3,2026-06-12 21:44:15,orchard central,UND-M-03,Men's Airism Mesh Boxer Briefs,underwear,Men,14.9,14.9,False,2,29.8,Card
BUG-20260612-0161,1,2026-06-12 20:56:40,  Bugis  ,UND-M-03,Men's Airism Mesh Boxer Briefs,Underwear,Men,14.9,14.9,False,2,29.8,PAYNOW
ORC-20260612-1176,3,2026-06-12 12:41:51,Orchard Central,UND-M-01,Men's Airism Boxer Briefs,Underwear,men,14.9,14.9,False,1,14.9,card
PUN-20260612-0808,1,2026-06-12 18:30:38,Punggol,BTM-M-03,Men's Selvedge Regular Fit Jeans,Bottoms,Men,$59.9,59.9,False,1,59.9,PayNow
ORC-20260612-1244,1,2026-06-12 20:32:32,Orchard Central,UND-W-01,Women's Airism Bikini Shorts,Underwear,Women,9.9,9.9,False,1,9.9,paynow
PUN-20260612-0782,1,2026-06-12 13:22:02,PUNGGOL,SOK-W-03,Women's Airism Low-Cut Socks,Socks,Women,5.9,5.9,False,1,5.9,Cash
BUG-20260612-0660,1,2026-06-12 18:54:13,  Bugis  ,SOK-W-03,Women's Airism Low-Cut Socks,SOCKS,Women,5.9,5.9,False,1,5.9,nets
PUN-20260612-0038,2,2026-06-12 16:40:22,Punggol,SOK-M-01,  Men's Ankle Socks 3-Pack  ,Socks,Men,14.9,14.9,False,1,14.9,PayNow
ORC-20260612-0504,1,2026-06-12 19:02:35,Orchard Central,UND-W-03,Women's Cotton Blend Briefs,Underwear,Women,9.9,9.9,False,1,9.9,Card
BUG-20260612-0812,1,2026-06-12 18:43:59,Bugis,SOK-M-03,Men's Airism Low-Cut Socks,Socks,Men,5.9,5.9,False,2,11.8,PayNow
ORC-20260612-0579,2,2026-06-12 20:57:42,Orchard Central,SOK-W-02,Women's Pile Crew Socks,Socks,Women,5.9,5.9,False,1,5.9,NETS
ORC-20260612-0893,2,2026-06-12 17:39:52,Orchard Central,SOK-W-06,Women's Heattech Socks,Socks,Women,9.9,9.9,False,1,9.9,PayNow
ORC-20260612-1274,2,2026-06-12 20:05:56,Orchard Central,SOK-W-04,Women's Ribbed Crew Socks,socks,Women,5.9,5.9,False,2,11.8,Cash
ORC-20260612-0805,1,2026-06-12 21:57:03,Orchard Central,TOP-M-01,Men's Airism Cotton Crew Neck T-Shirt,Tops,Men,14.9,14.9,False,1,14.9,NETS
ORC-20260612-1221,1,2026-06-12 18:55:56,Orchard Central,UND-W-01,Women's Airism Bikini Shorts,Underwear,Women,9.9,9.9,False,2,19.8,PayNow
ORC-20260612-1118,1,2026-06-12 20:43:50,Orchard Central,SOK-W-02,Women's Pile Crew Socks,SOCKS,Women,5.9,5.9,False,1,5.9,
BUG-20260612-0026,3,2026-06-12 18:39:26,Bugis,TOP-W-01,Women's Airism Cotton Crew Neck T-Shirt,TOPS,Women,14.9,14.9,False,1,14.9,PayNow
PUN-20260612-0785,1,2026-06-12 18:53:50,  Punggol  ,SOK-M-03,Men's Airism Low-Cut Socks,Socks,Men,5.9,5.9,False,1,5.9,PayNow
ORC-20260612-0132,1,2026-06-12 19:30:47,Orchard Central,UND-W-01,Women's Airism Bikini Shorts,Underwear,Women,9.9,9.9,False,1,9.9,Card
ORC-20260612-1020,2,2026-06-12 22:48:16,  Orchard Central  ,UND-W-04,Women's Airism T-Shirt Bra,Underwear,Women,29.9,29.9,False,1,29.9,Card
BUG-20260612-0009,1,2026-06-12 20:25:24,Bugis,SOK-W-04,Women's Ribbed Crew Socks,Socks,Women,5.9,5.9,False,1,5.9,PayNow
ORC-20260612-1225,2,2026-06-12 17:45:52,Orchard Central,UND-M-03,Men's Airism Mesh Boxer Briefs,Underwear,Men,14.9,14.9,False,1,14.9,PayNow
PUN-20260612-0736,1,2026-06-12 21:15:48,Punggol,SOK-W-03,Women's Airism Low-Cut Socks,Socks,Women,$5.9,5.9,False,1,5.9,Card
PUN-20260612-0756,2,2026-06-12 20:30:09,Punggol,SOK-M-03,Men's Airism Low-Cut Socks,Socks,Men,5.9,5.9,False,1,5.9,Cash
ORC-20260612-0643,2,2026-06-12 18:28:27,Orchard Central,BTM-M-04,Men's Dry Stretch Shorts,Bottoms,Men,19.9,19.9,False,1,19.9,Card
PUN-20260612-0366,1,2026-06-12 13:19:38,Punggol,SOK-W-02,Women's Pile Crew Socks,socks,Women,5.9,5.9,False,1,5.9,Card
ORC-20260612-0087,1,2026-06-12 19:29:48,Orchard Central,SOK-M-04,Men's Ribbed Crew Socks,Socks,Men,5.9,5.9,False,1,5.9,Card
ORC-20260612-1281,2,2026-06-12 21:51:12,Orchard Central,UND-W-07,Women's Heattech Camisole,Underwear,Women,14.9,14.9,False,1,14.9,Card
BUG-20260612-0340,1,2026-06-12 21:46:45,  BUGIS  ,SOK-M-04,Men's Ribbed Crew Socks,Socks,Men,5.9,5.9,False,2,11.8,cash
BUG-20260612-0529,1,2026-06-12 19:37:33,Bugis,SOK-M-01,Men's Ankle Socks 3-Pack,Socks,Men,14.9,14.9,False,1,14.9,Cash
ORC-20260612-0282,2,2026-06-12 18:34:42,Orchard Central,UND-W-02,Women's Wireless Bra,Underwear,Women,29.9,29.9,False,1,29.9,PayNow
ORC-20260612-0928,1,2026-06-12 20:31:08,Orchard Central,SOK-M-03,Men's Airism Low-Cut Socks,Socks,Men,5.9,5.9,False,1,5.9,Cash
PUN-20260612-0119,1,2026-06-12 16:17:47,Punggol,TOP-W-02,Women's Ribbed Long Sleeve Turtleneck,Tops,Women,19.9,19.9,False,1,19.9,Cash
BUG-20260612-0774,1,2026-06-12 13:30:20,Bugis,SOK-M-03,Men's Airism Low-Cut Socks,Socks,Men,5.9,5.9,False,1,$5.9,PayNow
BUG-20260612-0041,1,2026-06-12 14:16:42,bugis,TOP-M-03,Men's Dry-EX Crew Neck T-Shirt,Tops,Men,19.9,19.9,False,1,19.9,card
ORC-20260612-1064,2,2026-06-12 22:27:59,  Orchard Central  ,SOK-W-01,Women's Ankle Socks 3-Pack,Socks,Women,14.9,14.9,False,1,14.9,Card
BUG-20260612-0805,2,2026-06-12 17:58:55,Bugis,SOK-M-01,Men's Ankle Socks 3-Pack,socks,Men,14.9,14.9,False,1,14.9,Cash
PUN-20260612-0291,1,2026-06-12 15:21:38,Punggol,SOK-M-03,Men's Airism Low-Cut Socks,SOCKS,Men,5.9,5.9,False,1,5.9,Card
PUN-20260612-0436,2,2026-06-12 17:24:35,Punggol,SOK-M-04,Men's Ribbed Crew Socks,Socks,men,5.9,5.9,False,1,5.9,PayNow
ORC-20260612-0988,3,2026-06-12 17:41:27,  Orchard Central  ,SOK-W-02,Women's Pile Crew Socks,Socks,Women,5.9,5.9,False,1,5.9,Cash
BUG-20260612-0571,1,2026-06-12 19:15:47,Bugis,TOP-W-02,Women's Ribbed Long Sleeve Turtleneck,tops,Women,19.9,19.9,False,1,19.9,PayNow
PUN-20260612-0484,3,2026-06-12 18:18:49,PUNGGOL,TOP-W-03,Women's Silky Satin Blouse,tops,Women,39.9,39.9,False,1,39.9,Card
PUN-20260612-0216,1,2026-06-12 11:10:15,Punggol,SOK-W-02,  Women's Pile Crew Socks  ,Socks,Women,5.9,5.9,False,1,5.9,NETS
PUN-20260612-0753,1,2026-06-12 20:45:30,Punggol,SOK-M-02,Men's Pile Crew Socks,Socks,Men,5.9,5.9,False,1,5.9,Card
PUN-20260612-0807,2,2026-06-12 16:55:59,punggol,UND-M-03,  Men's Airism Mesh Boxer Briefs  ,underwear,Men,14.9,14.9,False,1,14.9,PayNow
ORC-20260612-0763,2,2026-06-12 22:19:31,Orchard Central,UND-W-01,Women's Airism Bikini Shorts,Underwear,Women,9.9,9.9,False,1,9.9,Card
BUG-20260612-0045,1,2026-06-12 22:02:01,Bugis,BTM-M-05,Men's Wide Fit Cargo Pants,Bottoms,Men,26.68,39.9,True,1,26.68,PayNow
ORC-20260612-0313,1,2026-06-12 21:16:35,Orchard Central,SOK-M-03,Men's Airism Low-Cut Socks,socks,men,5.9,5.9,False,1,5.9,Card
BUG-20260612-0839,3,2026-06-12 15:44:59,Bugis,UND-M-02,Men's Cotton Blend Trunks,Underwear,Men,14.9,14.9,False,1,14.9,Card
PUN-20260612-0005,1,2026-06-12 19:45:08,Punggol,SOK-W-04,Women's Ribbed Crew Socks,Socks,Women,5.9,5.9,False,1,5.9,Card
PUN-20260612-0417,1,2026-06-12 20:21:11,Punggol,SOK-W-02,Women's Pile Crew Socks,Socks,Women,5.9,5.9,False,1,5.9,Cash
PUN-20260612-0432,1,2026-06-12 11:02:35,  Punggol  ,UND-W-01,Women's Airism Bikini Shorts,Underwear,Women,9.9,9.9,False,1,9.9,Card
PUN-20260612-0341,2,2026-06-12 17:35:10,PUNGGOL,TOP-M-04,Men's Oxford Long Sleeve Shirt,Tops,Men,29.9,29.9,False,1,29.9,PayNow
BUG-20260612-1137,2,2026-06-12 17:45:32,Bugis,SOK-W-04,  Women's Ribbed Crew Socks  ,SOCKS,Women,5.9,5.9,False,1,5.9,Card
BUG-20260612-0614,3,2026-06-12 19:47:47,Bugis,SOK-W-01,  Women's Ankle Socks 3-Pack  ,Socks,Women,14.9,14.9,False,1,14.9,Card
ORC-20260612-0647,2,2026-06-12 17:10:52,Orchard Central,SOK-W-01,Women's Ankle Socks 3-Pack,Socks,Women,14.9,14.9,False,1,14.9,PayNow
ORC-20260612-1131,1,2026-06-12 14:51:14,Orchard Central,TOP-W-03,Women's Silky Satin Blouse,Tops,WOMEN,39.9,39.9,False,1,39.9,Cash
BUG-20260612-0196,1,2026-06-12 15:10:10,  bugis  ,UND-M-03,Men's Airism Mesh Boxer Briefs,Underwear,Men,14.9,14.9,False,1,14.9,Card
ORC-20260612-0460,2,2026-06-12 15:34:46,Orchard Central,SOK-W-02,Women's Pile Crew Socks,Socks,Women,5.9,5.9,False,1,5.9,PayNow
ORC-20260612-0968,1,2026-06-12 19:38:11,Orchard Central,SOK-W-04,Women's Ribbed Crew Socks,Socks,Women,5.9,5.9,False,2,11.8,Card
PUN-20260612-0214,2,2026-06-12 20:18:45,Punggol,SOK-W-02,Women's Pile Crew Socks,Socks,Women,5.9,5.9,False,1,5.9,CASH
BUG-20260612-1092,3,2026-06-12 11:17:31,BUGIS,TOP-M-02,Men's Supima Cotton Polo Shirt,Tops,Men,29.9,29.9,False,1,29.9,Card
BUG-20260612-0475,2,2026-06-12 20:14:34,Bugis,BTM-M-05,Men's Wide Fit Cargo Pants,Bottoms,Men,26.68,39.9,True,1,26.68,PayNow
ORC-20260612-1214,2,2026-06-12 18:45:41,Orchard Central,UND-W-03,Women's Cotton Blend Briefs,Underwear,Women,9.9,9.9,False,1,9.9,NETS
BUG-20260612-0949,1,2026-06-12 15:41:51,Bugis,UND-M-01,Men's Airism Boxer Briefs,Underwear,Men,14.9,14.9,False,1,14.9,NETS
ORC-20260612-0502,1,2026-06-12 20:00:20,orchard central,TOP-W-01,Women's Airism Cotton Crew Neck T-Shirt,Tops,Women,14.9,14.9,False,1,$14.9,card
BUG-20260612-0026,1,2026-06-12 18:39:26,Bugis,TOP-M-01,Men's Airism Cotton Crew Neck T-Shirt,Tops,Men,14.9,14.9,False,1,14.9,PayNow
BUG-20260612-0684,2,2026-06-12 11:52:17,Bugis,BTM-W-03,Women's Ezy Ankle Pants,Bottoms,Women,29.9,29.9,False,1,29.9,Cash
ORC-20260612-0145,1,2026-06-12 20:47:02,Orchard Central,TOP-W-03,Women's Silky Satin Blouse,Tops,Women,39.9,39.9,False,1,39.9,Cash
BUG-20260612-0622,1,2026-06-12 14:10:50,Bugis,BTM-M-03,  Men's Selvedge Regular Fit Jeans  ,Bottoms,men,59.9,59.9,False,1,59.9,Card
PUN-20260612-0719,3,2026-06-12 17:18:12,PUNGGOL,SOK-W-02,Women's Pile Crew Socks,Socks,Women,5.9,5.9,False,1,5.9,PayNow
PUN-20260612-0203,1,2026-06-12 14:21:42,Punggol,BTM-M-02,  Men's Slim Fit Chino Trousers  ,Bottoms,Men,29.9,29.9,False,1,29.9,NETS
ORC-20260612-1237,2,2026-06-12 21:27:28,Orchard Central,SOK-W-03,Women's Airism Low-Cut Socks,Socks,Women,5.9,5.9,False,1,5.9,Card
ORC-20260612-0298,3,2026-06-12 20:38:36,Orchard Central,UND-W-02,Women's Wireless Bra,Underwear,Women,29.9,29.9,False,1,29.9,Cash
PUN-20260612-0360,2,2026-06-12 17:38:27,Punggol,TOP-W-02,Women's Ribbed Long Sleeve Turtleneck,Tops,Women,19.9,19.9,False,1,19.9,PayNow
PUN-20260612-0260,1,2026-06-12 20:12:17,Punggol,TOP-M-03,Men's Dry-EX Crew Neck T-Shirt,TOPS,Men,19.9,19.9,False,1,19.9,Card
ORC-20260612-0183,2,2026-06-12 17:45:26,Orchard Central,TOP-W-08,Women's Puff Sleeve Blouse,Tops,WOMEN,20.35,29.9,True,1,20.35,PayNow
ORC-20260612-0088,2,2026-06-12 19:06:36,Orchard Central,SOK-W-03,Women's Airism Low-Cut Socks,Socks,Women,5.9,5.9,False,1,5.9,Card
BUG-20260612-0157,1,2026-06-12 20:05:24,Bugis,SOK-W-06,,Socks,Women,9.9,9.9,False,1,9.9,PayNow
ORC-20260612-0980,1,2026-06-12 21:20:08,Orchard Central,UND-M-02,Men's Cotton Blend Trunks,Underwear,Men,14.9,14.9,False,1,14.9,PayNow
BUG-20260612-0393,2,2026-06-12 20:09:02,BUGIS,SOK-W-02,Women's Pile Crew Socks,Socks,Women,5.9,5.9,False,1,5.9,Card
PUN-20260612-0098,1,2026-06-12 16:06:56,Punggol,SOK-M-02,Men's Pile Crew Socks,Socks,Men,5.9,5.9,False,1,5.9,Card
ORC-20260612-0802,3,2026-06-12 20:44:48,  Orchard Central  ,UND-W-01,Women's Airism Bikini Shorts,Underwear,Women,9.9,9.9,False,2,19.8,Paynow
BUG-20260612-0607,2,2026-06-12 16:45:21,Bugis,TOP-W-01,Women's Airism Cotton Crew Neck T-Shirt,Tops,Women,14.9,14.9,False,1,14.9,Card
ORC-20260612-0209,1,2026-06-12 17:30:51,Orchard Central,SOK-W-02,Women's Pile Crew Socks,Socks,Women,5.9,5.9,False,1,5.9,Cash
PUN-20260612-0711,1,2026-06-12 19:40:08,PUNGGOL,SOK-M-01,Men's Ankle Socks 3-Pack,Socks,Men,14.9,14.9,False,1,14.9,card
PUN-20260612-0628,1,2026-06-12 21:49:39,Punggol,TOP-M-04,  Men's Oxford Long Sleeve Shirt  ,Tops,Men,29.9,29.9,False,1,29.9,NETS
PUN-20260612-0258,1,2026-06-12 19:09:04,Punggol,BTM-M-05,Men's Wide Fit Cargo Pants,Bottoms,Men,26.68,39.9,True,1,26.68,Card
BUG-20260612-1114,2,2026-06-12 20:31:29,Bugis,TOP-M-01,Men's Airism Cotton Crew Neck T-Shirt,Tops,Men,14.9,14.9,False,1,14.9,Card
BUG-20260612-0203,3,2026-06-12 19:13:54,Bugis,UND-W-07,Women's Heattech Camisole,Underwear,Women,14.9,14.9,False,1,14.9,Card
BUG-20260612-0510,3,2026-06-12 19:13:25,Bugis,UND-W-04,  Women's Airism T-Shirt Bra  ,Underwear,women,29.9,29.9,False,1,29.9,Card
BUG-20260612-0874,3,2026-06-12 19:32:27,Bugis,TOP-M-01,Men's Airism Cotton Crew Neck T-Shirt,Tops,Men,14.9,14.9,False,1,14.9,Cash
BUG-20260612-0247,1,2026-06-12 20:50:36,Bugis,SOK-W-04,Women's Ribbed Crew Socks,socks,Women,5.9,5.9,False,1,5.9,Card
PUN-20260612-0087,2,2026-06-12 15:03:23,Punggol,UND-W-03,Women's Cotton Blend Briefs,Underwear,Women,9.9,9.9,False,1,9.9,PayNow
ORC-20260612-0804,2,2026-06-12 20:29:06,Orchard Central,UND-M-02,Men's Cotton Blend Trunks,Underwear,Men,14.9,14.9,False,1,14.9,Card
ORC-20260612-1104,1,2026-06-12 20:12:32,ORCHARD CENTRAL,TOP-M-01,Men's Airism Cotton Crew Neck T-Shirt,Tops,Men,14.9,14.9,False,1,14.9,PayNow
ORC-20260612-0319,2,2026-06-12 19:49:02,ORCHARD CENTRAL,BTM-W-01,Women's Ultra Stretch Skinny Jeans,Bottoms,Women,39.9,39.9,False,1,39.9,NETS
BUG-20260612-0919,1,2026-06-12 14:56:53,Bugis,SOK-W-02,Women's Pile Crew Socks,Socks,Women,5.9,5.9,False,1,5.9,CARD
PUN-20260612-0577,2,2026-06-12 21:08:16,Punggol,UND-W-03,Women's Cotton Blend Briefs,UNDERWEAR,Women,9.9,9.9,False,1,9.9,Cash
ORC-20260612-0304,1,2026-06-12 17:07:16,Orchard Central,UND-W-02,Women's Wireless Bra,Underwear,Women,29.9,29.9,False,1,29.9,Card
BUG-20260612-0248,2,2026-06-12 21:08:00,Bugis,SOK-M-04,Men's Ribbed Crew Socks,Socks,Men,5.9,5.9,False,1,5.9,CARD
ORC-20260612-0653,1,2026-06-12 17:48:35,Orchard Central,UND-M-01,Men's Airism Boxer Briefs,Underwear,Men,14.9,14.9,False,1,$14.9,Cash
BUG-20260612-1156,1,2026-06-12 21:59:33,Bugis,SOK-M-04,Men's Ribbed Crew Socks,Socks,MEN,5.9,5.9,False,1,5.9,Card
BUG-20260612-1057,1,2026-06-12 11:43:10,Bugis,SOK-M-04,Men's Ribbed Crew Socks,Socks,Men,5.9,5.9,False,1,5.9,PayNow
ORC-20260612-0702,2,2026-06-12 19:42:20,Orchard Central,UND-M-02,Men's Cotton Blend Trunks,Underwear,Men,14.9,14.9,False,1,14.9,CARD
PUN-20260612-0485,1,2026-06-12 14:17:59,Punggol,SOK-M-05,Men's Sport Ankle Socks,Socks,Men,5.9,5.9,False,1,5.9,Cash
ORC-20260612-0696,1,2026-06-12 13:48:24,Orchard Central,SOK-W-04,Women's Ribbed Crew Socks,Socks,Women,5.9,5.9,False,1,5.9,Cash
ORC-20260612-0043,2,2026-06-12 18:24:16,Orchard Central,SOK-M-03,Men's Airism Low-Cut Socks,Socks,MEN,5.9,5.9,False,1,5.9,Card
PUN-20260612-0612,3,2026-06-12 13:01:49,Punggol,SOK-M-02,Men's Pile Crew Socks,Socks,Men,5.9,5.9,False,1,5.9,Cash
BUG-20260612-0388,3,2026-06-12 19:58:08,Bugis,SOK-W-04,  Women's Ribbed Crew Socks  ,socks,Women,5.9,5.9,False,1,5.9,Card
BUG-20260612-0174,1,2026-06-12 14:19:53,Bugis,SOK-W-03,Women's Airism Low-Cut Socks,Socks,Women,5.9,5.9,False,2,11.8,Card
ORC-20260612-1252,2,2026-06-12 18:01:43,Orchard Central,SOK-W-03,Women's Airism Low-Cut Socks,Socks,Women,5.9,5.9,False,1,5.9,
PUN-20260612-0394,2,2026-06-12 19:14:33,Punggol,SOK-W-03,Women's Airism Low-Cut Socks,Socks,Women,$5.9,5.9,False,2,11.8,PayNow
BUG-20260612-0403,1,2026-06-12 22:31:38,BUGIS,UND-M-04,Men's Cotton Crew Neck Undershirt,Underwear,Men,$14.9,14.9,False,1,14.9,PayNow
ORC-20260612-0525,3,2026-06-12 17:19:47,Orchard Central,TOP-W-01,Women's Airism Cotton Crew Neck T-Shirt,Tops,Women,14.9,14.9,False,1,14.9,Card
BUG-20260612-0956,2,2026-06-12 12:51:28,Bugis,SOK-W-06,Women's Heattech Socks,Socks,Women,9.9,9.9,False,1,9.9,PayNow
PUN-20260612-0823,1,2026-06-12 20:00:36,Punggol,BTM-W-04,Women's Denim Straight Jeans,Bottoms,Women,49.9,49.9,False,1,49.9,Card
ORC-20260612-0900,3,2026-06-12 21:10:21,Orchard Central,SOK-W-02,Women's Pile Crew Socks,Socks,WOMEN,5.9,5.9,False,1,$5.9,card
PUN-20260612-0567,2,2026-06-12 11:16:44,Punggol,UND-M-02,Men's Cotton Blend Trunks,Underwear,Men,14.9,14.9,False,1,14.9,Cash
ORC-20260612-0148,3,2026-06-12 16:47:36,Orchard Central,SOK-W-06,  Women's Heattech Socks  ,socks,Women,9.9,9.9,False,1,9.9,PayNow
ORC-20260612-0574,1,2026-06-12 14:14:24,Orchard Central,UND-W-01,Women's Airism Bikini Shorts,Underwear,Women,9.9,9.9,False,1,9.9,Card
ORC-20260612-0625,2,2026-06-12 12:49:12,Orchard Central,SOK-W-04,Women's Ribbed Crew Socks,Socks,Women,5.9,5.9,False,1,5.9,Card
ORC-20260612-0540,1,2026-06-12 15:05:40,Orchard Central,UND-W-01,Women's Airism Bikini Shorts,Underwear,Women,9.9,9.9,False,2,19.8,NETS
BUG-20260612-0218,2,2026-06-12 21:28:14,Bugis,SOK-M-01,  Men's Ankle Socks 3-Pack  ,Socks,Men,14.9,14.9,False,1,14.9,NETS
PUN-20260612-0827,2,2026-06-12 18:44:20,Punggol,UND-W-01,Women's Airism Bikini Shorts,Underwear,women,9.9,9.9,False,1,9.9,Card
BUG-20260612-0310,3,2026-06-12 21:09:34,bugis,SOK-W-04,Women's Ribbed Crew Socks,SOCKS,WOMEN,5.9,5.9,False,1,5.9,Cash
ORC-20260612-0848,3,2026-06-12 20:21:13,Orchard Central,SOK-W-03,Women's Airism Low-Cut Socks,Socks,Women,5.9,5.9,False,2,11.8,PayNow
ORC-20260612-1265,2,2026-06-12 21:30:11,  Orchard Central  ,TOP-M-03,Men's Dry-EX Crew Neck T-Shirt,Tops,Men,19.9,19.9,False,1,19.9,Cash
ORC-20260612-0173,1,2026-06-12 13:04:21,  Orchard Central  ,TOP-M-01,Men's Airism Cotton Crew Neck T-Shirt,Tops,Men,$14.9,14.9,False,1,14.9,Card
PUN-20260612-0627,1,2026-06-12 21:21:04,Punggol,SOK-W-01,Women's Ankle Socks 3-Pack,socks,women,14.9,14.9,False,1,14.9,Card
BUG-20260612-0684,1,2026-06-12 11:52:17,Bugis,UND-M-01,Men's Airism Boxer Briefs,Underwear,Men,14.9,14.9,False,1,14.9,Cash
PUN-20260612-0750,1,2026-06-12 21:45:52,Punggol,TOP-W-01,Women's Airism Cotton Crew Neck T-Shirt,Tops,Women,14.9,14.9,False,1,$14.9,PayNow
BUG-20260612-0776,2,2026-06-12 19:17:07,BUGIS,SOK-W-06,  Women's Heattech Socks  ,SOCKS,Women,$9.9,9.9,False,1,9.9,Card
BUG-20260612-0741,1,2026-06-12 20:22:27,Bugis,UND-M-04,Men's Cotton Crew Neck Undershirt,underwear,Men,$14.9,14.9,False,1,14.9,NETS
PUN-20260612-0029,1,2026-06-12 18:08:07,Punggol,SOK-M-03,Men's Airism Low-Cut Socks,Socks,Men,5.9,5.9,False,1,5.9,Card
BUG-20260612-0717,2,2026-06-12 21:41:29,Bugis,TOP-W-04,Women's Heattech Crew Neck Long Sleeve Tee,Tops,Women,14.9,14.9,False,1,14.9,Cash
ORC-20260612-0691,1,2026-06-12 19:25:44,Orchard Central,SOK-W-03,Women's Airism Low-Cut Socks,Socks,Women,5.9,5.9,False,1,5.9,NETS
ORC-20260612-0761,1,2026-06-12 13:28:55,Orchard Central,UND-M-02,  Men's Cotton Blend Trunks  ,Underwear,Men,14.9,14.9,False,1,14.9,PayNow
BUG-20260612-1151,1,2026-06-12 12:17:13,Bugis,SOK-W-02,Women's Pile Crew Socks,Socks,Women,5.9,5.9,False,1,5.9,PayNow
ORC-20260612-0779,1,2026-06-12 12:02:37,Orchard Central,SOK-W-02,  Women's Pile Crew Socks  ,Socks,Women,5.9,5.9,False,1,5.9,NETS
ORC-20260612-0945,1,2026-06-12 19:25:25,Orchard Central,UND-W-04,Women's Airism T-Shirt Bra,Underwear,Women,29.9,29.9,False,1,29.9,Card
ORC-20260612-0884,1,2026-06-12 21:20:00,Orchard Central,SOK-W-01,Women's Ankle Socks 3-Pack,Socks,Women,14.9,14.9,False,2,29.8,Card
BUG-20260612-0456,2,2026-06-12 21:45:54,Bugis,SOK-W-03,Women's Airism Low-Cut Socks,Socks,Women,5.9,5.9,False,1,5.9,Card
BUG-20260612-0211,3,2026-06-12 20:16:37,bugis,TOP-M-03,Men's Dry-EX Crew Neck T-Shirt,TOPS,Men,19.9,19.9,False,1,19.9,Cash
BUG-20260612-1153,2,2026-06-12 18:23:26,  Bugis  ,TOP-W-09,Women's Drape Sleeveless Top,Tops,Women,19.9,19.9,False,1,19.9,Card
ORC-20260612-0337,1,2026-06-12 20:28:35,  Orchard Central  ,TOP-W-01,Women's Airism Cotton Crew Neck T-Shirt,Tops,women,14.9,14.9,False,1,14.9,paynow
ORC-20260612-1248,2,2026-06-12 18:36:28,ORCHARD CENTRAL,TOP-W-02,Women's Ribbed Long Sleeve Turtleneck,Tops,Women,19.9,19.9,False,1,19.9,Card
BUG-20260612-0583,2,2026-06-12 19:16:48,  Bugis  ,UND-M-04,Men's Cotton Crew Neck Undershirt,Underwear,Men,14.9,14.9,False,1,14.9,PayNow
BUG-20260612-0858,3,2026-06-12 12:27:20,Bugis,TOP-M-01,  Men's Airism Cotton Crew Neck T-Shirt  ,Tops,Men,14.9,14.9,False,1,14.9,Card
BUG-20260612-0830,1,2026-06-12 20:58:07,Bugis,SOK-M-01,Men's Ankle Socks 3-Pack,Socks,MEN,14.9,14.9,False,1,14.9,Card
PUN-20260612-0632,2,2026-06-12 18:45:51,Punggol,SOK-M-08,Men's Cotton Blend Dress Socks,Socks,Men,9.9,9.9,False,1,9.9,Card
BUG-20260612-0428,1,2026-06-12 21:49:52,Bugis,SOK-W-04,Women's Ribbed Crew Socks,Socks,women,5.9,5.9,False,1,5.9,Card
BUG-20260612-0891,1,2026-06-12 17:46:41,Bugis,SOK-W-04,Women's Ribbed Crew Socks,Socks,Women,5.9,5.9,False,1,5.9,PayNow
ORC-20260612-0016,2,2026-06-12 12:59:58,Orchard Central,UND-M-02,Men's Cotton Blend Trunks,Underwear,Men,14.9,14.9,False,1,14.9,Card
BUG-20260612-1111,2,2026-06-12 17:03:13,Bugis,SOK-W-01,Women's Ankle Socks 3-Pack,Socks,Women,14.9,14.9,False,2,29.8,CARD
ORC-20260612-0909,2,2026-06-12 20:53:03,Orchard Central,BTM-M-02,Men's Slim Fit Chino Trousers,Bottoms,Men,29.9,29.9,False,1,29.9,Cash
BUG-20260612-0735,1,2026-06-12 11:10:33,Bugis,SOK-W-02,Women's Pile Crew Socks,Socks,Women,5.9,5.9,False,1,5.9,PayNow
ORC-20260612-0381,1,2026-06-12 18:34:15,Orchard Central,TOP-W-03,Women's Silky Satin Blouse,Tops,Women,39.9,39.9,False,1,39.9,PAYNOW
BUG-20260612-0543,2,2026-06-12 16:35:41,Bugis,TOP-W-02,Women's Ribbed Long Sleeve Turtleneck,Tops,Women,19.9,19.9,False,1,19.9,Card
ORC-20260612-1166,2,2026-06-12 11:35:01,ORCHARD CENTRAL,SOK-W-03,Women's Airism Low-Cut Socks,socks,women,5.9,5.9,False,1,5.9,Cash
ORC-20260612-0761,2,2026-06-12 13:28:55,Orchard Central,UND-W-02,Women's Wireless Bra,Underwear,Women,29.9,29.9,False,2,59.8,PayNow
PUN-20260612-0241,1,2026-06-12 18:24:58,Punggol,SOK-M-05,Men's Sport Ankle Socks,SOCKS,Men,5.9,5.9,False,1,5.9,Card
ORC-20260612-1096,2,2026-06-12 14:04:24,  Orchard Central  ,SOK-W-02,  Women's Pile Crew Socks  ,Socks,Women,5.9,5.9,False,1,5.9,PayNow
PUN-20260612-0346,1,2026-06-12 15:09:05,Punggol,SOK-M-02,  Men's Pile Crew Socks  ,Socks,Men,5.9,5.9,False,1,5.9,PayNow
BUG-20260612-0446,2,2026-06-12 21:47:51,bugis,SOK-W-02,Women's Pile Crew Socks,SOCKS,Women,5.9,5.9,False,1,$5.9,Card
ORC-20260612-0315,2,2026-06-12 12:26:53,Orchard Central,SOK-M-03,Men's Airism Low-Cut Socks,Socks,Men,5.9,5.9,False,1,5.9,card
ORC-20260612-0926,1,2026-06-12 20:23:02,  Orchard Central  ,SOK-W-07,Women's Striped Crew Socks,Socks,Women,5.9,5.9,False,1,5.9,Card
ORC-20260612-0631,1,2026-06-12 19:39:15,Orchard Central,UND-M-01,Men's Airism Boxer Briefs,Underwear,Men,14.9,14.9,False,1,14.9,Card
PUN-20260612-0087,1,2026-06-12 15:03:23,Punggol,SOK-W-04,Women's Ribbed Crew Socks,Socks,Women,5.9,5.9,False,1,5.9,PayNow
PUN-20260612-0606,2,2026-06-12 11:49:17,punggol,TOP-M-01,Men's Airism Cotton Crew Neck T-Shirt,Tops,Men,14.9,14.9,False,1,14.9,PayNow
BUG-20260612-0698,1,2026-06-12 21:56:51,Bugis,UND-M-02,  Men's Cotton Blend Trunks  ,Underwear,Men,14.9,14.9,False,2,29.8,Card
BUG-20260612-0453,3,2026-06-12 20:15:15,Bugis,UND-W-03,Women's Cotton Blend Briefs,Underwear,Women,9.9,9.9,False,2,19.8,Card
BUG-20260612-0311,2,2026-06-12 20:43:01,Bugis,UND-M-04,Men's Cotton Crew Neck Undershirt,Underwear,Men,14.9,14.9,False,1,14.9,paynow
ORC-20260612-0310,1,2026-06-12 13:59:20,Orchard Central,UND-M-01,Men's Airism Boxer Briefs,Underwear,Men,14.9,14.9,False,1,14.9,PayNow
BUG-20260612-0559,1,2026-06-12 20:20:52,Bugis,UND-M-07,Men's Stretch Cotton Boxers,Underwear,Men,14.9,14.9,False,1,14.9,Cash
BUG-20260612-0266,3,2026-06-12 17:29:34,Bugis,SOK-M-04,Men's Ribbed Crew Socks,Socks,Men,5.9,5.9,False,1,5.9,Cash
ORC-20260612-0931,3,2026-06-12 11:43:22,Orchard Central,UND-W-01,Women's Airism Bikini Shorts,Underwear,Women,9.9,9.9,False,1,9.9,Cash
BUG-20260612-0152,3,2026-06-12 19:11:08,Bugis,SOK-W-03,Women's Airism Low-Cut Socks,Socks,Women,5.9,5.9,False,1,5.9,Card
ORC-20260612-0214,2,2026-06-12 20:55:30,Orchard Central,TOP-W-01,Women's Airism Cotton Crew Neck T-Shirt,Tops,Women,14.9,14.9,False,1,14.9,Card
PUN-20260612-0088,1,2026-06-12 20:08:30,Punggol,UND-W-03,Women's Cotton Blend Briefs,Underwear,Women,9.9,9.9,False,1,9.9,PayNow
BUG-20260612-0491,1,2026-06-12 13:53:10,Bugis,UND-M-03,  Men's Airism Mesh Boxer Briefs  ,Underwear,Men,14.9,14.9,False,1,14.9,Card
ORC-20260612-0067,2,2026-06-12 18:14:27,Orchard Central,SOK-W-02,Women's Pile Crew Socks,Socks,Women,5.9,5.9,False,1,5.9,PayNow
BUG-20260612-0299,2,2026-06-12 18:16:43,Bugis,SOK-M-03,Men's Airism Low-Cut Socks,Socks,Men,5.9,5.9,False,1,5.9,Card
ORC-20260612-1073,2,2026-06-12 11:26:49,Orchard Central,UND-M-03,Men's Airism Mesh Boxer Briefs,Underwear,Men,14.9,14.9,False,1,14.9,NETS
BUG-20260612-0841,1,2026-06-12 17:14:25,Bugis,SOK-M-03,Men's Airism Low-Cut Socks,socks,Men,5.9,5.9,False,2,11.8,Cash
ORC-20260612-0718,1,2026-06-12 20:11:08,Orchard Central,UND-W-03,Women's Cotton Blend Briefs,Underwear,Women,9.9,9.9,False,1,9.9,Card
BUG-20260612-0872,1,2026-06-12 20:26:23,Bugis,SOK-M-02,Men's Pile Crew Socks,Socks,Men,5.9,5.9,False,1,5.9,Card
ORC-20260612-0430,1,2026-06-12 18:47:51,Orchard Central,SOK-W-02,Women's Pile Crew Socks,Socks,Women,5.9,5.9,False,2,11.8,Card
ORC-20260612-0569,2,2026-06-12 20:56:37,Orchard Central,TOP-M-04,Men's Oxford Long Sleeve Shirt,Tops,men,29.9,29.9,False,1,29.9,PayNow
BUG-20260612-1059,2,2026-06-12 20:49:56,Bugis,BTM-M-04,Men's Dry Stretch Shorts,Bottoms,Men,19.9,19.9,False,1,19.9,Card
ORC-20260612-0825,1,2026-06-12 20:05:59,Orchard Central,SOK-W-03,Women's Airism Low-Cut Socks,Socks,Women,5.9,5.9,False,1,5.9,Card
ORC-20260612-0571,2,2026-06-12 17:42:51,Orchard Central,UND-W-01,Women's Airism Bikini Shorts,Underwear,Women,9.9,9.9,False,1,9.9,PAYNOW
BUG-20260612-0148,1,2026-06-12 18:11:51,Bugis,SOK-M-03,Men's Airism Low-Cut Socks,Socks,men,5.9,5.9,False,1,5.9,PayNow
BUG-20260612-0034,2,2026-06-12 19:57:08,BUGIS,SOK-W-02,,Socks,Women,5.9,5.9,False,1,5.9,PayNow
ORC-20260612-0915,1,2026-06-12 20:56:45,  Orchard Central  ,SOK-M-01,Men's Ankle Socks 3-Pack,Socks,Men,14.9,14.9,False,1,14.9,Cash
BUG-20260612-0845,2,2026-06-12 12:40:53,  Bugis  ,BTM-W-03,Women's Ezy Ankle Pants,Bottoms,Women,29.9,29.9,False,1,29.9,
ORC-20260612-0555,2,2026-06-12 16:09:16,Orchard Central,SOK-W-02,Women's Pile Crew Socks,Socks,Women,5.9,5.9,False,2,11.8,NETS
BUG-20260612-1197,3,2026-06-12 20:58:25,Bugis,UND-W-04,Women's Airism T-Shirt Bra,Underwear,Women,29.9,29.9,False,1,$29.9,PayNow
BUG-20260612-0760,1,2026-06-12 20:48:47,Bugis,SOK-M-02,Men's Pile Crew Socks,Socks,Men,5.9,5.9,False,1,5.9,Card
ORC-20260612-0280,3,2026-06-12 17:29:47,Orchard Central,TOP-W-01,Women's Airism Cotton Crew Neck T-Shirt,Tops,Women,14.9,14.9,False,1,14.9,Cash
ORC-20260612-0568,3,2026-06-12 17:34:06,Orchard Central,SOK-M-03,Men's Airism Low-Cut Socks,Socks,Men,5.9,5.9,False,1,5.9,Card
ORC-20260612-0652,1,2026-06-12 20:25:31,Orchard Central,SOK-W-03,Women's Airism Low-Cut Socks,Socks,Women,5.9,5.9,False,1,5.9,PAYNOW
BUG-20260612-0381,2,2026-06-12 20:24:51,Bugis,TOP-W-01,Women's Airism Cotton Crew Neck T-Shirt,Tops,women,14.9,14.9,False,1,14.9,Cash
BUG-20260612-0435,2,2026-06-12 15:58:48,Bugis,BTM-M-02,Men's Slim Fit Chino Trousers,Bottoms,Men,29.9,29.9,False,1,29.9,Card
PUN-20260612-0329,2,2026-06-12 15:23:38,punggol,SOK-M-02,Men's Pile Crew Socks,Socks,Men,5.9,5.9,False,1,5.9,Paynow
PUN-20260612-0773,1,2026-06-12 19:53:49,Punggol,SOK-M-05,Men's Sport Ankle Socks,Socks,MEN,5.9,5.9,False,2,11.8,NETS
BUG-20260612-0981,1,2026-06-12 16:19:38,Bugis,SOK-W-01,Women's Ankle Socks 3-Pack,Socks,Women,14.9,14.9,False,1,14.9,Card
ORC-20260612-0988,2,2026-06-12 17:41:27,Orchard Central,SOK-W-03,Women's Airism Low-Cut Socks,Socks,Women,5.9,5.9,False,1,5.9,
ORC-20260612-1202,3,2026-06-12 13:02:49,Orchard Central,SOK-W-01,Women's Ankle Socks 3-Pack,Socks,Women,14.9,14.9,False,1,14.9,Card
BUG-20260612-0324,1,2026-06-12 21:26:21,  Bugis  ,SOK-W-04,Women's Ribbed Crew Socks,Socks,Women,5.9,5.9,False,1,5.9,CARD
BUG-20260612-1077,1,2026-06-12 20:59:52,bugis,SOK-W-02,Women's Pile Crew Socks,Socks,Women,5.9,5.9,False,1,5.9,PayNow
PUN-20260612-0661,1,2026-06-12 15:15:28,Punggol,TOP-W-03,Women's Silky Satin Blouse,Tops,Women,39.9,39.9,False,1,39.9,Card
BUG-20260612-0673,1,2026-06-12 14:07:13,Bugis,SOK-W-06,Women's Heattech Socks,Socks,WOMEN,9.9,9.9,False,1,9.9,NETS
PUN-20260612-0521,1,2026-06-12 14:59:20,Punggol,TOP-W-04,Women's Heattech Crew Neck Long Sleeve Tee,Tops,Women,14.9,14.9,False,1,14.9,Card
ORC-20260612-1162,2,2026-06-12 18:28:40,Orchard Central,UND-W-03,Women's Cotton Blend Briefs,Underwear,Women,9.9,9.9,False,2,19.8,NETS
PUN-20260612-0751,1,2026-06-12 16:22:01,Punggol,UND-W-03,Women's Cotton Blend Briefs,Underwear,Women,9.9,9.9,False,1,9.9,Cash
ORC-20260612-0282,2,2026-06-12 18:34:42,Orchard Central,UND-W-02,Women's Wireless Bra,Underwear,Women,29.9,29.9,False,1,29.9,PAYNOW
ORC-20260612-0442,2,2026-06-12 18:15:29,Orchard Central,BTM-M-01,Men's Ezy Ankle Pants,bottoms,Men,29.9,29.9,False,1,29.9,Card
BUG-20260612-0234,1,2026-06-12 20:28:17,bugis,TOP-W-09,  Women's Drape Sleeveless Top  ,Tops,Women,19.9,19.9,False,1,19.9,Cash
ORC-20260612-0807,1,2026-06-12 21:36:25,Orchard Central,SOK-M-04,Men's Ribbed Crew Socks,Socks,Men,5.9,5.9,False,1,5.9,Card
BUG-20260612-1009,2,2026-06-12 12:11:56,Bugis,TOP-M-04,Men's Oxford Long Sleeve Shirt,Tops,Men,29.9,29.9,False,1,29.9,NETS
BUG-20260612-0500,1,2026-06-12 20:43:37,Bugis,TOP-M-01,Men's Airism Cotton Crew Neck T-Shirt,Tops,Men,14.9,14.9,False,1,14.9,Cash
BUG-20260612-0017,1,2026-06-12 21:15:24,Bugis,SOK-W-02,Women's Pile Crew Socks,Socks,WOMEN,5.9,5.9,False,1,5.9,NETS
BUG-20260612-0717,3,2026-06-12 21:41:29,bugis,SOK-M-03,  Men's Airism Low-Cut Socks  ,Socks,Men,5.9,5.9,False,1,5.9,Cash
ORC-20260612-0786,1,2026-06-12 20:30:24,Orchard Central,UND-W-04,Women's Airism T-Shirt Bra,Underwear,Women,29.9,29.9,False,1,29.9,
PUN-20260612-0611,3,2026-06-12 21:47:40,Punggol,SOK-W-03,Women's Airism Low-Cut Socks,Socks,Women,5.9,5.9,False,1,5.9,PayNow
PUN-20260612-0795,1,2026-06-12 15:04:28,Punggol,UND-W-03,,UNDERWEAR,Women,9.9,9.9,False,1,9.9,CASH
PUN-20260612-0434,1,2026-06-12 17:18:55,Punggol,UND-W-01,Women's Airism Bikini Shorts,Underwear,Women,9.9,9.9,False,1,9.9,NETS
ORC-20260612-0943,2,2026-06-12 20:15:27,Orchard Central,UND-M-07,Men's Stretch Cotton Boxers,Underwear,Men,14.9,14.9,False,1,14.9,Card
PUN-20260612-0547,1,2026-06-12 20:34:12,Punggol,SOK-M-01,Men's Ankle Socks 3-Pack,Socks,Men,14.9,14.9,False,2,29.8,PayNow
PUN-20260612-0060,1,2026-06-12 17:07:31,  Punggol  ,TOP-W-01,Women's Airism Cotton Crew Neck T-Shirt,Tops,Women,14.9,14.9,False,1,14.9,Card
ORC-20260612-0689,1,2026-06-12 21:14:56,Orchard Central,TOP-M-01,Men's Airism Cotton Crew Neck T-Shirt,Tops,Men,14.9,14.9,False,1,14.9,PayNow
BUG-20260612-0392,1,2026-06-12 20:52:00,Bugis,TOP-W-02,Women's Ribbed Long Sleeve Turtleneck,Tops,Women,19.9,19.9,False,1,19.9,Card
PUN-20260612-0536,2,2026-06-12 18:45:11,Punggol,SOK-M-03,  Men's Airism Low-Cut Socks  ,socks,Men,$5.9,5.9,False,1,5.9,Card
ORC-20260612-1038,3,2026-06-12 22:07:01,Orchard Central,SOK-M-03,  Men's Airism Low-Cut Socks  ,Socks,Men,5.9,5.9,False,1,5.9,PayNow
PUN-20260612-0746,1,2026-06-12 18:17:53,Punggol,UND-M-01,Men's Airism Boxer Briefs,Underwear,Men,14.9,14.9,False,2,$29.8,NETS
PUN-20260612-0761,2,2026-06-12 21:31:52,Punggol,TOP-M-04,Men's Oxford Long Sleeve Shirt,Tops,Men,29.9,29.9,False,1,29.9,PayNow
BUG-20260612-0478,1,2026-06-12 15:02:07,Bugis,SOK-W-04,Women's Ribbed Crew Socks,Socks,Women,5.9,5.9,False,1,5.9,NETS
PUN-20260612-0363,1,2026-06-12 14:57:43,Punggol,SOK-W-04,Women's Ribbed Crew Socks,Socks,Women,5.9,5.9,False,1,5.9,PAYNOW
BUG-20260612-0272,1,2026-06-12 12:57:53,Bugis,SOK-M-02,Men's Pile Crew Socks,Socks,Men,5.9,5.9,False,1,5.9,CARD
PUN-20260612-0422,2,2026-06-12 16:55:19,Punggol,SOK-W-02,Women's Pile Crew Socks,Socks,Women,5.9,5.9,False,2,11.8,PayNow
BUG-20260612-0238,3,2026-06-12 17:30:47,Bugis,BTM-M-05,  Men's Wide Fit Cargo Pants  ,Bottoms,Men,26.68,39.9,True,1,26.68,Cash
BUG-20260612-0577,2,2026-06-12 16:34:55,Bugis,SOK-M-03,Men's Airism Low-Cut Socks,Socks,Men,5.9,5.9,False,1,5.9,Card
ORC-20260612-0612,1,2026-06-12 20:30:06,Orchard Central,TOP-M-01,Men's Airism Cotton Crew Neck T-Shirt,Tops,Men,14.9,14.9,False,1,14.9,Card
ORC-20260612-0054,1,2026-06-12 17:25:04,Orchard Central,TOP-M-02,Men's Supima Cotton Polo Shirt,Tops,Men,29.9,29.9,False,1,29.9,Cash
ORC-20260612-0240,2,2026-06-12 17:21:17,Orchard Central,UND-W-01,Women's Airism Bikini Shorts,Underwear,Women,9.9,9.9,False,1,9.9,PayNow
BUG-20260612-1144,3,2026-06-12 20:54:03,Bugis,TOP-M-04,  Men's Oxford Long Sleeve Shirt  ,Tops,Men,29.9,29.9,False,1,29.9,PayNow
ORC-20260612-1301,2,2026-06-12 17:33:06,Orchard Central,TOP-M-07,  Men's Ultra Light Down Jacket  ,Tops,men,55.24,79.9,True,1,55.24,NETS
BUG-20260612-0532,1,2026-06-12 19:40:39,Bugis,TOP-M-03,  Men's Dry-EX Crew Neck T-Shirt  ,Tops,Men,19.9,19.9,False,1,19.9,PayNow
PUN-20260612-0705,1,2026-06-12 20:09:21,Punggol,SOK-M-01,Men's Ankle Socks 3-Pack,Socks,MEN,14.9,14.9,False,1,14.9,paynow
PUN-20260612-0675,1,2026-06-12 19:25:01,Punggol,BTM-M-04,Men's Dry Stretch Shorts,Bottoms,MEN,19.9,19.9,False,1,19.9,card
PUN-20260612-0550,1,2026-06-12 18:10:52,Punggol,SOK-W-02,Women's Pile Crew Socks,Socks,Women,5.9,5.9,False,1,5.9,PayNow
PUN-20260612-0031,2,2026-06-12 19:25:51,Punggol,SOK-M-02,Men's Pile Crew Socks,Socks,Men,5.9,5.9,False,1,5.9,Card
BUG-20260612-0643,2,2026-06-12 21:04:25,Bugis,UND-M-03,  Men's Airism Mesh Boxer Briefs  ,Underwear,MEN,14.9,14.9,False,1,14.9,PayNow
PUN-20260612-0648,1,2026-06-12 18:34:45,  Punggol  ,UND-W-03,Women's Cotton Blend Briefs,Underwear,Women,9.9,9.9,False,1,9.9,Card
PUN-20260612-0793,3,2026-06-12 21:59:30,Punggol,BTM-M-05,Men's Wide Fit Cargo Pants,Bottoms,Men,26.68,39.9,True,1,26.68,CASH
ORC-20260612-0135,3,2026-06-12 20:27:15,Orchard Central,UND-M-04,  Men's Cotton Crew Neck Undershirt  ,Underwear,Men,14.9,14.9,False,1,14.9,Cash
ORC-20260612-1260,2,2026-06-12 18:29:06,orchard central,TOP-M-01,Men's Airism Cotton Crew Neck T-Shirt,Tops,Men,14.9,14.9,False,1,14.9,Card
ORC-20260612-0787,2,2026-06-12 11:58:59,Orchard Central,UND-W-01,Women's Airism Bikini Shorts,Underwear,Women,9.9,9.9,False,1,9.9,
ORC-20260612-0573,1,2026-06-12 15:57:41,Orchard Central,UND-M-02,Men's Cotton Blend Trunks,Underwear,Men,14.9,14.9,False,2,29.8,NETS
BUG-20260612-0971,1,2026-06-12 22:40:09,BUGIS,BTM-M-04,Men's Dry Stretch Shorts,Bottoms,Men,19.9,19.9,False,1,19.9,CARD
BUG-20260612-0163,2,2026-06-12 20:16:16,Bugis,SOK-W-04,  Women's Ribbed Crew Socks  ,socks,Women,5.9,5.9,False,1,5.9,Nets
BUG-20260612-0415,1,2026-06-12 18:50:52,Bugis,UND-W-09,  Women's Cotton Boyshorts  ,Underwear,Women,9.9,9.9,False,1,9.9,card
PUN-20260612-0612,2,2026-06-12 13:01:49,Punggol,TOP-M-10,Men's Merino Blend V-Neck Sweater,Tops,men,39.9,39.9,False,1,39.9,Cash
PUN-20260612-0201,2,2026-06-12 21:16:01,PUNGGOL,BTM-M-05,Men's Wide Fit Cargo Pants,Bottoms,Men,26.68,39.9,True,1,26.68,PayNow
PUN-20260612-0526,1,2026-06-12 21:50:58,Punggol,SOK-M-02,Men's Pile Crew Socks,Socks,men,5.9,5.9,False,1,5.9,Cash
BUG-20260612-0944,1,2026-06-12 22:28:29,Bugis,BTM-M-04,Men's Dry Stretch Shorts,Bottoms,men,19.9,19.9,False,1,19.9,card
ORC-20260612-0544,3,2026-06-12 14:31:31,Orchard Central,SOK-W-04,Women's Ribbed Crew Socks,Socks,Women,5.9,5.9,False,1,5.9,Card
ORC-20260612-0620,1,2026-06-12 21:50:45,ORCHARD CENTRAL,UND-W-02,Women's Wireless Bra,Underwear,Women,29.9,29.9,False,1,29.9,Card
ORC-20260612-0806,2,2026-06-12 20:43:40,Orchard Central,UND-M-01,Men's Airism Boxer Briefs,Underwear,Men,14.9,14.9,False,2,29.8,Paynow
ORC-20260612-1249,1,2026-06-12 20:11:55,Orchard Central,BTM-M-02,Men's Slim Fit Chino Trousers,bottoms,Men,29.9,29.9,False,1,29.9,Cash
ORC-20260612-0240,3,2026-06-12 17:21:17,ORCHARD CENTRAL,SOK-W-04,Women's Ribbed Crew Socks,Socks,Women,5.9,5.9,False,1,5.9,PayNow
PUN-20260612-0368,2,2026-06-12 18:38:32,Punggol,SOK-M-01,Men's Ankle Socks 3-Pack,Socks,men,14.9,14.9,False,1,14.9,NETS
ORC-20260612-0766,2,2026-06-12 18:20:13,Orchard Central,TOP-W-04,Women's Heattech Crew Neck Long Sleeve Tee,Tops,Women,14.9,14.9,False,1,14.9,Card
PUN-20260612-0247,3,2026-06-12 13:12:37,Punggol,UND-M-01,Men's Airism Boxer Briefs,Underwear,Men,14.9,14.9,False,1,14.9,Card
PUN-20260612-0617,1,2026-06-12 16:45:33,Punggol,SOK-M-01,Men's Ankle Socks 3-Pack,Socks,men,14.9,14.9,False,1,14.9,PayNow
PUN-20260612-0334,2,2026-06-12 20:00:44,Punggol,SOK-W-02,  Women's Pile Crew Socks  ,Socks,Women,5.9,5.9,False,1,5.9,Card
BUG-20260612-0177,1,2026-06-12 20:14:20,Bugis,SOK-M-03,Men's Airism Low-Cut Socks,Socks,Men,5.9,5.9,False,1,5.9,Cash
PUN-20260612-0067,1,2026-06-12 21:55:19,Punggol,SOK-W-01,Women's Ankle Socks 3-Pack,Socks,Women,14.9,14.9,False,1,14.9,Card
PUN-20260612-0322,3,2026-06-12 19:13:03,Punggol,TOP-M-01,Men's Airism Cotton Crew Neck T-Shirt,Tops,Men,14.9,14.9,False,1,14.9,Card
PUN-20260612-0008,2,2026-06-12 22:45:50,Punggol,SOK-W-02,Women's Pile Crew Socks,Socks,Women,5.9,5.9,False,2,11.8,NETS
ORC-20260612-0590,1,2026-06-12 16:29:12,Orchard Central,TOP-W-03,Women's Silky Satin Blouse,tops,Women,39.9,39.9,False,1,39.9,paynow
ORC-20260612-0646,1,2026-06-12 11:44:12,Orchard Central,BTM-M-01,Men's Ezy Ankle Pants,bottoms,Men,29.9,29.9,False,1,29.9,PAYNOW
ORC-20260612-0802,1,2026-06-12 20:44:48,Orchard Central,SOK-W-04,Women's Ribbed Crew Socks,Socks,Women,5.9,5.9,False,1,5.9,PayNow
BUG-20260612-0109,2,2026-06-12 19:53:03,  BUGIS  ,SOK-W-06,Women's Heattech Socks,SOCKS,Women,9.9,9.9,False,1,9.9,PayNow
ORC-20260612-1170,1,2026-06-12 11:01:33,Orchard Central,BTM-M-04,Men's Dry Stretch Shorts,Bottoms,Men,19.9,19.9,False,1,19.9,NETS
PUN-20260612-0797,1,2026-06-12 19:12:05,Punggol,BTM-W-02,Women's High-Rise Wide Leg Pants,Bottoms,Women,39.9,39.9,False,1,39.9,Card
PUN-20260612-0686,1,2026-06-12 17:11:57,Punggol,SOK-W-04,  Women's Ribbed Crew Socks  ,Socks,Women,5.9,5.9,False,1,5.9,Card
PUN-20260612-0208,3,2026-06-12 18:02:16,Punggol,TOP-W-02,Women's Ribbed Long Sleeve Turtleneck,Tops,Women,19.9,19.9,False,1,19.9,NETS
BUG-20260612-0558,1,2026-06-12 21:38:41,Bugis,TOP-W-09,Women's Drape Sleeveless Top,Tops,Women,19.9,19.9,False,1,19.9,NETS
BUG-20260612-0088,1,2026-06-12 19:34:01,Bugis,TOP-M-04,Men's Oxford Long Sleeve Shirt,Tops,Men,29.9,29.9,False,1,29.9,Card
PUN-20260612-0013,1,2026-06-12 19:20:35,Punggol,SOK-W-02,Women's Pile Crew Socks,Socks,Women,5.9,5.9,False,1,5.9,Card
PUN-20260612-0512,2,2026-06-12 19:21:55,PUNGGOL,TOP-M-01,Men's Airism Cotton Crew Neck T-Shirt,TOPS,Men,14.9,14.9,False,1,14.9,PayNow
PUN-20260612-0386,1,2026-06-12 21:48:34,Punggol,SOK-W-04,Women's Ribbed Crew Socks,Socks,Women,5.9,5.9,False,1,5.9,CARD
ORC-20260612-1238,2,2026-06-12 19:43:46,Orchard Central,SOK-W-02,Women's Pile Crew Socks,Socks,Women,5.9,5.9,False,1,5.9,NETS
ORC-20260612-0326,1,2026-06-12 20:57:14,Orchard Central,TOP-M-01,Men's Airism Cotton Crew Neck T-Shirt,Tops,Men,14.9,14.9,False,1,14.9,Card
ORC-20260612-0603,1,2026-06-12 17:14:49,  orchard central  ,SOK-W-03,Women's Airism Low-Cut Socks,Socks,Women,5.9,5.9,False,1,5.9,Cash
BUG-20260612-1229,2,2026-06-12 13:12:25,Bugis,BTM-M-02,  Men's Slim Fit Chino Trousers  ,Bottoms,Men,29.9,29.9,False,1,29.9,Card
PUN-20260612-0343,3,2026-06-12 21:46:36,punggol,TOP-W-02,Women's Ribbed Long Sleeve Turtleneck,tops,Women,19.9,19.9,False,1,19.9,PayNow
BUG-20260612-0631,1,2026-06-12 20:48:20,Bugis,SOK-M-04,Men's Ribbed Crew Socks,Socks,Men,5.9,5.9,False,1,5.9,Cash
BUG-20260612-0758,2,2026-06-12 20:13:35,Bugis,SOK-W-02,Women's Pile Crew Socks,socks,Women,5.9,5.9,False,1,5.9,Card
PUN-20260612-0061,2,2026-06-12 12:31:51,Punggol,UND-W-01,Women's Airism Bikini Shorts,Underwear,women,9.9,9.9,False,1,9.9,Card
ORC-20260612-0899,2,2026-06-12 17:24:21,Orchard Central,TOP-M-03,Men's Dry-EX Crew Neck T-Shirt,TOPS,Men,19.9,19.9,False,1,19.9,Cash
BUG-20260612-1053,1,2026-06-12 18:57:32,Bugis,SOK-M-05,Men's Sport Ankle Socks,socks,Men,5.9,5.9,False,1,5.9,nets
ORC-20260612-1145,2,2026-06-12 17:21:19,Orchard Central,BTM-M-02,Men's Slim Fit Chino Trousers,Bottoms,Men,29.9,29.9,False,1,29.9,Card
ORC-20260612-0858,1,2026-06-12 15:05:38,Orchard Central,TOP-W-01,Women's Airism Cotton Crew Neck T-Shirt,Tops,women,14.9,14.9,False,1,14.9,Card
BUG-20260612-0806,2,2026-06-12 20:36:48,Bugis,TOP-M-01,Men's Airism Cotton Crew Neck T-Shirt,Tops,men,14.9,14.9,False,1,14.9,Card
BUG-20260612-1119,2,2026-06-12 22:37:48,Bugis,TOP-W-01,Women's Airism Cotton Crew Neck T-Shirt,Tops,Women,14.9,14.9,False,1,14.9,Card
BUG-20260612-0049,1,2026-06-12 20:40:50,Bugis,BTM-W-03,Women's Ezy Ankle Pants,Bottoms,Women,29.9,29.9,False,1,29.9,Card
PUN-20260612-0575,1,2026-06-12 21:05:41,Punggol,SOK-W-04,Women's Ribbed Crew Socks,Socks,Women,5.9,5.9,False,1,5.9,card
BUG-20260612-0428,2,2026-06-12 21:49:52,bugis,TOP-W-01,Women's Airism Cotton Crew Neck T-Shirt,Tops,Women,14.9,14.9,False,1,14.9,Card
PUN-20260612-0345,2,2026-06-12 16:19:34,Punggol,TOP-W-01,Women's Airism Cotton Crew Neck T-Shirt,Tops,Women,14.9,14.9,False,1,14.9,Card
ORC-20260612-1024,1,2026-06-12 20:35:09,Orchard Central,BTM-M-04,Men's Dry Stretch Shorts,Bottoms,MEN,19.9,19.9,False,1,19.9,Card
ORC-20260612-0107,2,2026-06-12 17:56:46,Orchard Central,UND-W-01,Women's Airism Bikini Shorts,Underwear,Women,9.9,9.9,False,1,9.9,Cash
BUG-20260612-0835,1,2026-06-12 21:54:24,Bugis,SOK-W-06,Women's Heattech Socks,Socks,Women,9.9,9.9,False,1,9.9,Card
BUG-20260612-0015,3,2026-06-12 19:02:38,Bugis,SOK-W-03,Women's Airism Low-Cut Socks,socks,Women,5.9,5.9,False,1,5.9,Card
PUN-20260612-0138,1,2026-06-12 18:34:07,  Punggol  ,UND-M-02,Men's Cotton Blend Trunks,Underwear,MEN,14.9,14.9,False,1,14.9,Nets
PUN-20260612-0249,1,2026-06-12 21:14:00,Punggol,SOK-M-04,  Men's Ribbed Crew Socks  ,Socks,men,5.9,5.9,False,1,5.9,NETS
PUN-20260612-0066,1,2026-06-12 18:42:59,PUNGGOL,TOP-W-02,Women's Ribbed Long Sleeve Turtleneck,TOPS,Women,19.9,19.9,False,1,19.9,PayNow
BUG-20260612-0412,1,2026-06-12 21:10:54,Bugis,BTM-M-07,Men's Smart Ankle Pants,Bottoms,Men,39.9,39.9,False,1,39.9,PayNow
ORC-20260612-1005,2,2026-06-12 15:08:02,Orchard Central,SOK-W-02,Women's Pile Crew Socks,socks,Women,5.9,5.9,False,1,5.9,PayNow
ORC-20260612-0307,1,2026-06-12 11:27:24,Orchard Central,TOP-M-01,Men's Airism Cotton Crew Neck T-Shirt,Tops,Men,14.9,14.9,False,1,14.9,NETS
BUG-20260612-1016,2,2026-06-12 19:37:07,Bugis,UND-M-03,Men's Airism Mesh Boxer Briefs,UNDERWEAR,Men,14.9,14.9,False,2,29.8,PayNow
PUN-20260612-0246,2,2026-06-12 20:52:02,Punggol,SOK-M-01,Men's Ankle Socks 3-Pack,Socks,Men,14.9,14.9,False,1,14.9,Card
BUG-20260612-0096,1,2026-06-12 11:52:34,Bugis,SOK-M-02,Men's Pile Crew Socks,Socks,Men,5.9,5.9,False,1,5.9,PayNow
ORC-20260612-0846,2,2026-06-12 19:37:41,Orchard Central,TOP-M-07,Men's Ultra Light Down Jacket,Tops,Men,55.24,79.9,True,1,55.24,Card
ORC-20260612-0879,2,2026-06-12 21:37:32,Orchard Central,SOK-W-02,Women's Pile Crew Socks,Socks,Women,5.9,5.9,False,1,5.9,
BUG-20260612-0030,2,2026-06-12 20:31:46,  Bugis  ,UND-M-04,Men's Cotton Crew Neck Undershirt,Underwear,Men,14.9,14.9,False,1,14.9,NETS
BUG-20260612-0077,1,2026-06-12 20:05:26,BUGIS,SOK-W-02,Women's Pile Crew Socks,Socks,Women,5.9,5.9,False,1,5.9,Nets
PUN-20260612-0823,3,2026-06-12 20:00:36,Punggol,SOK-W-10,Women's Wool Blend Socks,Socks,Women,9.9,9.9,False,2,19.8,Card
ORC-20260612-0732,1,2026-06-12 17:48:44,Orchard Central,TOP-W-02,Women's Ribbed Long Sleeve Turtleneck,Tops,Women,19.9,19.9,False,1,19.9,Card
BUG-20260612-1000,1,2026-06-12 13:16:21,Bugis,TOP-W-01,Women's Airism Cotton Crew Neck T-Shirt,Tops,Women,14.9,14.9,False,1,14.9,PayNow
PUN-20260612-0739,1,2026-06-12 11:52:41,Punggol,TOP-W-02,Women's Ribbed Long Sleeve Turtleneck,Tops,Women,19.9,19.9,False,1,19.9,Card
ORC-20260612-0214,3,2026-06-12 20:55:30,orchard central,SOK-W-02,Women's Pile Crew Socks,Socks,Women,5.9,5.9,False,1,5.9,Card
ORC-20260612-0436,1,2026-06-12 16:01:21,Orchard Central,UND-M-01,Men's Airism Boxer Briefs,Underwear,Men,14.9,14.9,False,1,14.9,PayNow
PUN-20260612-0033,1,2026-06-12 19:49:41,Punggol,TOP-M-04,Men's Oxford Long Sleeve Shirt,tops,Men,29.9,29.9,False,1,29.9,Card
BUG-20260612-0263,3,2026-06-12 20:55:08,Bugis,UND-W-03,Women's Cotton Blend Briefs,Underwear,Women,9.9,9.9,False,1,9.9,Cash
ORC-20260612-0211,2,2026-06-12 18:24:04,Orchard Central,TOP-W-08,Women's Puff Sleeve Blouse,Tops,Women,20.35,29.9,True,1,20.35,CARD
BUG-20260612-0804,2,2026-06-12 22:20:23,Bugis,SOK-W-01,Women's Ankle Socks 3-Pack,Socks,WOMEN,14.9,14.9,False,1,$14.9,Card
ORC-20260612-0037,1,2026-06-12 18:44:56,Orchard Central,SOK-W-04,Women's Ribbed Crew Socks,Socks,Women,5.9,5.9,False,1,5.9,PayNow
PUN-20260612-0174,3,2026-06-12 18:05:26,Punggol,BTM-W-01,Women's Ultra Stretch Skinny Jeans,Bottoms,Women,39.9,39.9,False,1,39.9,Cash
PUN-20260612-0242,1,2026-06-12 21:36:19,Punggol,TOP-W-03,Women's Silky Satin Blouse,Tops,Women,39.9,39.9,False,1,39.9,NETS
BUG-20260612-0181,3,2026-06-12 12:31:58,Bugis,TOP-W-02,Women's Ribbed Long Sleeve Turtleneck,Tops,Women,19.9,19.9,False,1,19.9,Card
ORC-20260612-0678,3,2026-06-12 16:06:20,orchard central,UND-M-10,Men's Cotton Blend Briefs,Underwear,Men,7.42,9.9,True,2,14.84,Cash
PUN-20260612-0322,1,2026-06-12 19:13:03,Punggol,UND-W-01,Women's Airism Bikini Shorts,Underwear,Women,9.9,9.9,False,1,9.9,Card
ORC-20260612-0398,2,2026-06-12 15:51:07,ORCHARD CENTRAL,UND-W-03,  Women's Cotton Blend Briefs  ,Underwear,WOMEN,9.9,9.9,False,1,9.9,PayNow
BUG-20260612-0327,3,2026-06-12 18:54:05,bugis,BTM-W-02,Women's High-Rise Wide Leg Pants,Bottoms,Women,39.9,39.9,False,1,39.9,Card
ORC-20260612-0965,2,2026-06-12 18:44:29,Orchard Central,SOK-M-03,Men's Airism Low-Cut Socks,Socks,Men,5.9,5.9,False,1,5.9,Card
ORC-20260612-0235,1,2026-06-12 14:32:31,Orchard Central,SOK-M-02,Men's Pile Crew Socks,Socks,Men,5.9,5.9,False,1,5.9,Card
BUG-20260612-1112,3,2026-06-12 20:21:58,bugis,SOK-M-02,Men's Pile Crew Socks,Socks,Men,5.9,5.9,False,1,5.9,Cash
ORC-20260612-0801,3,2026-06-12 19:10:41,Orchard Central,UND-M-05,Men's Seamless Boxer Briefs,Underwear,Men,14.9,14.9,False,1,14.9,Cash
ORC-20260612-0258,2,2026-06-12 22:07:18,Orchard Central,BTM-M-02,Men's Slim Fit Chino Trousers,Bottoms,Men,29.9,29.9,False,1,29.9,PayNow
BUG-20260612-0234,2,2026-06-12 20:28:17,Bugis,TOP-W-02,Women's Ribbed Long Sleeve Turtleneck,Tops,Women,19.9,19.9,False,1,19.9,Cash
PUN-20260612-0361,1,2026-06-12 21:29:22,Punggol,UND-W-04,Women's Airism T-Shirt Bra,Underwear,Women,29.9,29.9,False,1,29.9,NETS
ORC-20260612-0391,3,2026-06-12 14:30:41,Orchard Central,UND-W-01,Women's Airism Bikini Shorts,Underwear,Women,9.9,9.9,False,1,9.9,PayNow
PUN-20260612-0129,1,2026-06-12 20:54:17,Punggol,SOK-W-04,Women's Ribbed Crew Socks,Socks,Women,5.9,5.9,False,2,11.8,Cash
BUG-20260612-0920,1,2026-06-12 14:11:24,Bugis,TOP-M-02,Men's Supima Cotton Polo Shirt,Tops,Men,29.9,29.9,False,1,29.9,PayNow
BUG-20260612-1068,1,2026-06-12 15:18:04,Bugis,BTM-M-04,Men's Dry Stretch Shorts,Bottoms,Men,19.9,19.9,False,1,19.9,CARD
PUN-20260612-0790,2,2026-06-12 19:00:35,Punggol,TOP-W-02,Women's Ribbed Long Sleeve Turtleneck,Tops,Women,19.9,19.9,False,1,19.9,PayNow
BUG-20260612-0974,1,2026-06-12 20:20:12,BUGIS,SOK-W-03,Women's Airism Low-Cut Socks,Socks,Women,5.9,5.9,False,1,5.9,Card
BUG-20260612-0615,1,2026-06-12 21:24:32,Bugis,SOK-W-04,Women's Ribbed Crew Socks,Socks,Women,5.9,5.9,False,1,5.9,Cash
BUG-20260612-0155,2,2026-06-12 21:53:07,Bugis,SOK-W-03,Women's Airism Low-Cut Socks,Socks,Women,5.9,5.9,False,1,5.9,Card
ORC-20260612-0556,3,2026-06-12 19:21:49,Orchard Central,TOP-W-08,Women's Puff Sleeve Blouse,Tops,Women,20.35,29.9,True,1,20.35,Card
ORC-20260612-1233,1,2026-06-12 20:03:09,Orchard Central,TOP-W-01,Women's Airism Cotton Crew Neck T-Shirt,Tops,Women,14.9,14.9,False,1,14.9,Card
BUG-20260612-0897,2,2026-06-12 22:23:34,Bugis,SOK-W-03,Women's Airism Low-Cut Socks,SOCKS,women,5.9,5.9,False,2,11.8,paynow
PUN-20260612-0108,1,2026-06-12 20:15:15,Punggol,UND-M-02,Men's Cotton Blend Trunks,Underwear,Men,$14.9,14.9,False,2,29.8,Cash
ORC-20260612-0955,3,2026-06-12 11:37:05,  ORCHARD CENTRAL  ,UND-W-03,Women's Cotton Blend Briefs,Underwear,Women,9.9,9.9,False,1,9.9,NETS
BUG-20260612-0375,1,2026-06-12 19:00:56,Bugis,SOK-W-04,Women's Ribbed Crew Socks,Socks,Women,5.9,5.9,False,1,5.9,Card
PUN-20260612-0148,2,2026-06-12 20:09:19,Punggol,SOK-W-04,  Women's Ribbed Crew Socks  ,Socks,Women,5.9,5.9,False,1,5.9,Card
ORC-20260612-0959,1,2026-06-12 21:44:05,Orchard Central,TOP-M-02,Men's Supima Cotton Polo Shirt,Tops,Men,$29.9,29.9,False,1,29.9,PayNow
ORC-20260612-0863,1,2026-06-12 18:41:36,Orchard Central,SOK-W-02,Women's Pile Crew Socks,Socks,Women,5.9,5.9,False,1,5.9,Card
ORC-20260612-0981,1,2026-06-12 12:00:06,Orchard Central,SOK-W-04,Women's Ribbed Crew Socks,Socks,WOMEN,5.9,5.9,False,2,11.8,NETS
BUG-20260612-1047,3,2026-06-12 14:01:19,Bugis,SOK-M-04,  Men's Ribbed Crew Socks  ,Socks,Men,5.9,5.9,False,1,5.9,Card
PUN-20260612-0670,1,2026-06-12 20:04:13,  Punggol  ,SOK-W-02,  Women's Pile Crew Socks  ,Socks,Women,5.9,5.9,False,1,5.9,Cash
PUN-20260612-0272,2,2026-06-12 12:04:43,Punggol,BTM-M-01,Men's Ezy Ankle Pants,Bottoms,Men,29.9,29.9,False,1,29.9,PayNow
BUG-20260612-1053,3,2026-06-12 18:57:32,bugis,TOP-M-01,Men's Airism Cotton Crew Neck T-Shirt,tops,Men,14.9,14.9,False,1,14.9,NETS
ORC-20260612-0724,2,2026-06-12 21:05:42,Orchard Central,UND-W-01,Women's Airism Bikini Shorts,Underwear,WOMEN,9.9,9.9,False,1,9.9,Card
ORC-20260612-0319,3,2026-06-12 19:49:02,Orchard Central,UND-M-10,  Men's Cotton Blend Briefs  ,Underwear,MEN,7.42,9.9,True,1,7.42,NETS
ORC-20260612-0415,1,2026-06-12 21:56:11,Orchard Central,TOP-M-01,  Men's Airism Cotton Crew Neck T-Shirt  ,Tops,Men,14.9,14.9,False,1,14.9,Paynow
BUG-20260612-1114,1,2026-06-12 20:31:29,Bugis,TOP-M-03,Men's Dry-EX Crew Neck T-Shirt,Tops,Men,19.9,19.9,False,1,19.9,Card
BUG-20260612-0484,1,2026-06-12 21:52:11,Bugis,SOK-M-03,Men's Airism Low-Cut Socks,Socks,Men,5.9,5.9,False,1,5.9,Card
BUG-20260612-0350,2,2026-06-12 13:58:56,Bugis,BTM-W-03,Women's Ezy Ankle Pants,Bottoms,Women,29.9,29.9,False,1,29.9,PAYNOW
ORC-20260612-1274,1,2026-06-12 20:05:56,Orchard Central,SOK-W-03,Women's Airism Low-Cut Socks,Socks,Women,5.9,5.9,False,1,5.9,Cash
BUG-20260612-0925,1,2026-06-12 20:13:45,Bugis,SOK-M-04,  Men's Ribbed Crew Socks  ,Socks,men,5.9,5.9,False,1,5.9,Card
PUN-20260612-0318,3,2026-06-12 19:45:09,Punggol,SOK-M-02,Men's Pile Crew Socks,Socks,Men,5.9,5.9,False,1,5.9,NETS
ORC-20260612-0735,1,2026-06-12 20:03:27,ORCHARD CENTRAL,TOP-W-04,Women's Heattech Crew Neck Long Sleeve Tee,Tops,Women,14.9,14.9,False,1,14.9,CASH
PUN-20260612-0417,2,2026-06-12 20:21:11,Punggol,TOP-M-01,Men's Airism Cotton Crew Neck T-Shirt,Tops,men,14.9,14.9,False,1,14.9,Cash
ORC-20260612-0240,1,2026-06-12 17:21:17,Orchard Central,TOP-M-01,Men's Airism Cotton Crew Neck T-Shirt,Tops,Men,14.9,14.9,False,1,14.9,PayNow
PUN-20260612-0669,1,2026-06-12 14:38:51,  Punggol  ,UND-W-03,  Women's Cotton Blend Briefs  ,Underwear,women,9.9,9.9,False,1,9.9,PayNow
ORC-20260612-0729,1,2026-06-12 16:38:32,Orchard Central,UND-M-01,Men's Airism Boxer Briefs,underwear,Men,14.9,14.9,False,1,14.9,PAYNOW
BUG-20260612-0295,2,2026-06-12 21:36:34,Bugis,TOP-M-02,Men's Supima Cotton Polo Shirt,Tops,Men,$29.9,29.9,False,1,29.9,PayNow
BUG-20260612-0889,2,2026-06-12 20:10:23,Bugis,SOK-W-04,Women's Ribbed Crew Socks,Socks,Women,5.9,5.9,False,1,5.9,Nets
BUG-20260612-0864,2,2026-06-12 20:55:33,Bugis,TOP-W-04,  Women's Heattech Crew Neck Long Sleeve Tee  ,Tops,Women,14.9,14.9,False,1,14.9,NETS
BUG-20260612-0249,1,2026-06-12 15:00:26,Bugis,SOK-M-01,  Men's Ankle Socks 3-Pack  ,Socks,Men,$14.9,14.9,False,1,14.9,PayNow
ORC-20260612-0068,1,2026-06-12 14:01:12,Orchard Central,SOK-W-03,Women's Airism Low-Cut Socks,Socks,Women,5.9,5.9,False,1,5.9,NETS
ORC-20260612-1058,2,2026-06-12 19:02:47,Orchard Central,UND-W-03,Women's Cotton Blend Briefs,Underwear,Women,9.9,9.9,False,1,9.9,PayNow
ORC-20260612-1184,1,2026-06-12 20:15:44,Orchard Central,BTM-W-10,Women's High Waist Denim Shorts,Bottoms,Women,29.9,29.9,False,1,29.9,Cash
BUG-20260612-0961,2,2026-06-12 21:33:54,Bugis,TOP-W-01,Women's Airism Cotton Crew Neck T-Shirt,Tops,Women,14.9,14.9,False,1,14.9,card
PUN-20260612-0522,2,2026-06-12 15:27:02,Punggol,BTM-W-01,  Women's Ultra Stretch Skinny Jeans  ,Bottoms,Women,39.9,39.9,False,1,39.9,Card
BUG-20260612-0691,2,2026-06-12 11:30:45,Bugis,SOK-W-04,Women's Ribbed Crew Socks,Socks,Women,5.9,5.9,False,1,5.9,Cash
BUG-20260612-0171,1,2026-06-12 14:30:17,Bugis,UND-W-09,Women's Cotton Boyshorts,Underwear,Women,9.9,9.9,False,1,9.9,Cash
BUG-20260612-0589,3,2026-06-12 18:30:00,Bugis,TOP-W-01,Women's Airism Cotton Crew Neck T-Shirt,Tops,Women,14.9,14.9,False,1,14.9,card
BUG-20260612-0238,1,2026-06-12 17:30:47,Bugis,SOK-W-04,  Women's Ribbed Crew Socks  ,Socks,Women,5.9,5.9,False,1,5.9,Cash
PUN-20260612-0449,1,2026-06-12 17:41:03,Punggol,TOP-M-01,  Men's Airism Cotton Crew Neck T-Shirt  ,Tops,Men,14.9,14.9,False,1,14.9,Card
BUG-20260612-0188,3,2026-06-12 17:30:39,Bugis,SOK-W-02,  Women's Pile Crew Socks  ,Socks,Women,5.9,5.9,False,1,5.9,PayNow
ORC-20260612-1263,2,2026-06-12 14:57:59,Orchard Central,UND-W-01,Women's Airism Bikini Shorts,Underwear,Women,9.9,9.9,False,1,9.9,PayNow
BUG-20260612-0983,1,2026-06-12 18:28:43,Bugis,TOP-W-04,Women's Heattech Crew Neck Long Sleeve Tee,Tops,Women,14.9,14.9,False,1,14.9,Card
ORC-20260612-0450,1,2026-06-12 22:39:58,Orchard Central,SOK-W-03,  Women's Airism Low-Cut Socks  ,Socks,women,5.9,5.9,False,1,5.9,NETS
BUG-20260612-0509,1,2026-06-12 20:13:21,Bugis,SOK-W-02,Women's Pile Crew Socks,Socks,Women,5.9,5.9,False,2,11.8,Card
BUG-20260612-1105,2,2026-06-12 19:43:12,Bugis,UND-W-04,Women's Airism T-Shirt Bra,Underwear,women,29.9,29.9,False,2,59.8,PayNow
ORC-20260612-0871,3,2026-06-12 20:10:00,Orchard Central,SOK-M-03,Men's Airism Low-Cut Socks,SOCKS,Men,5.9,5.9,False,1,5.9,PayNow
PUN-20260612-0585,1,2026-06-12 18:10:49,punggol,SOK-W-04,Women's Ribbed Crew Socks,socks,Women,5.9,5.9,False,2,11.8,Card
PUN-20260612-0228,2,2026-06-12 20:48:41,Punggol,SOK-W-03,Women's Airism Low-Cut Socks,Socks,Women,5.9,5.9,False,1,5.9,Cash
ORC-20260612-0378,1,2026-06-12 12:40:48,Orchard Central,SOK-W-04,Women's Ribbed Crew Socks,Socks,Women,5.9,5.9,False,2,11.8,PayNow
ORC-20260612-0388,2,2026-06-12 19:39:40,Orchard Central,UND-W-03,Women's Cotton Blend Briefs,underwear,Women,9.9,9.9,False,1,9.9,Card
BUG-20260612-0665,1,2026-06-12 18:22:32,Bugis,SOK-W-02,Women's Pile Crew Socks,Socks,women,5.9,5.9,False,1,5.9,Card
ORC-20260612-0229,3,2026-06-12 21:04:58,Orchard Central,UND-W-05,Women's Seamless Shorts,Underwear,Women,9.9,9.9,False,1,9.9,PayNow
BUG-20260612-0801,2,2026-06-12 16:14:49,  Bugis  ,BTM-M-04,Men's Dry Stretch Shorts,Bottoms,Men,19.9,19.9,False,1,19.9,Card
BUG-20260612-0779,3,2026-06-12 21:47:58,Bugis,TOP-W-02,Women's Ribbed Long Sleeve Turtleneck,Tops,Women,19.9,19.9,False,1,19.9,Card
BUG-20260612-1038,3,2026-06-12 19:09:33,Bugis,TOP-M-01,Men's Airism Cotton Crew Neck T-Shirt,Tops,Men,14.9,14.9,False,1,$14.9,PayNow
ORC-20260612-0406,1,2026-06-12 18:44:29,Orchard Central,UND-M-02,Men's Cotton Blend Trunks,Underwear,Men,14.9,14.9,False,1,14.9,Card
PUN-20260612-0518,2,2026-06-12 20:09:26,Punggol,SOK-W-03,Women's Airism Low-Cut Socks,Socks,Women,5.9,5.9,False,1,5.9,card
ORC-20260612-1296,1,2026-06-12 11:09:14,Orchard Central,UND-M-01,Men's Airism Boxer Briefs,Underwear,Men,14.9,14.9,False,1,14.9,Card
ORC-20260612-0316,1,2026-06-12 19:30:36,  orchard central  ,UND-M-01,Men's Airism Boxer Briefs,underwear,Men,14.9,14.9,False,1,14.9,PayNow
ORC-20260612-0253,3,2026-06-12 21:13:45,Orchard Central,BTM-M-03,Men's Selvedge Regular Fit Jeans,Bottoms,Men,59.9,59.9,False,1,59.9,Card
ORC-20260612-0042,1,2026-06-12 17:36:24,orchard central,BTM-W-03,Women's Ezy Ankle Pants,BOTTOMS,Women,29.9,29.9,False,1,29.9,Card
BUG-20260612-0097,2,2026-06-12 13:56:54,Bugis,SOK-W-02,Women's Pile Crew Socks,Socks,Women,5.9,5.9,False,1,5.9,CARD
BUG-20260612-0986,2,2026-06-12 18:27:29,Bugis,SOK-W-03,Women's Airism Low-Cut Socks,Socks,Women,5.9,5.9,False,1,5.9,Cash
PUN-20260612-0687,1,2026-06-12 20:07:29,punggol,SOK-W-03,Women's Airism Low-Cut Socks,socks,Women,5.9,5.9,False,1,5.9,paynow
ORC-20260612-1204,3,2026-06-12 20:10:23,Orchard Central,SOK-M-04,Men's Ribbed Crew Socks,Socks,Men,5.9,5.9,False,1,5.9,PayNow
ORC-20260612-1204,2,2026-06-12 20:10:23,ORCHARD CENTRAL,UND-M-04,Men's Cotton Crew Neck Undershirt,Underwear,Men,14.9,14.9,False,1,14.9,PayNow
ORC-20260612-1075,1,2026-06-12 13:11:51,Orchard Central,UND-W-03,Women's Cotton Blend Briefs,Underwear,Women,9.9,9.9,False,1,9.9,Card
BUG-20260612-0820,2,2026-06-12 19:47:03,  bugis  ,SOK-W-03,Women's Airism Low-Cut Socks,Socks,Women,5.9,5.9,False,1,5.9,PayNow
BUG-20260612-0283,1,2026-06-12 19:27:29,Bugis,SOK-W-01,Women's Ankle Socks 3-Pack,Socks,Women,14.9,14.9,False,1,14.9,Card
PUN-20260612-0348,1,2026-06-12 19:51:30,Punggol,BTM-M-03,Men's Selvedge Regular Fit Jeans,Bottoms,Men,59.9,59.9,False,1,59.9,Card
PUN-20260612-0784,1,2026-06-12 22:19:26,Punggol,UND-W-04,Women's Airism T-Shirt Bra,Underwear,Women,29.9,29.9,False,1,29.9,CARD
ORC-20260612-1009,3,2026-06-12 21:55:53,Orchard Central,SOK-W-03,Women's Airism Low-Cut Socks,Socks,Women,5.9,5.9,False,1,5.9,Cash
BUG-20260612-0157,2,2026-06-12 20:05:24,  Bugis  ,BTM-M-01,Men's Ezy Ankle Pants,Bottoms,Men,29.9,29.9,False,1,29.9,
ORC-20260612-0613,2,2026-06-12 18:01:41,Orchard Central,TOP-M-01,Men's Airism Cotton Crew Neck T-Shirt,Tops,Men,14.9,14.9,False,1,$14.9,PAYNOW
BUG-20260612-0590,3,2026-06-12 21:12:51,bugis,BTM-W-01,Women's Ultra Stretch Skinny Jeans,Bottoms,women,39.9,39.9,False,1,39.9,Card
PUN-20260612-0483,2,2026-06-12 19:29:15,Punggol,SOK-W-10,Women's Wool Blend Socks,Socks,Women,9.9,9.9,False,1,9.9,Cash
BUG-20260612-0036,2,2026-06-12 19:21:50,Bugis,UND-M-02,Men's Cotton Blend Trunks,Underwear,Men,14.9,14.9,False,1,14.9,Card
PUN-20260612-0198,1,2026-06-12 21:42:16,PUNGGOL,UND-W-01,Women's Airism Bikini Shorts,Underwear,Women,9.9,9.9,False,1,9.9,NETS
ORC-20260612-0396,1,2026-06-12 12:35:15,ORCHARD CENTRAL,UND-W-01,Women's Airism Bikini Shorts,Underwear,Women,9.9,9.9,False,1,9.9,Cash
BUG-20260612-0757,1,2026-06-12 12:37:44,Bugis,SOK-M-02,Men's Pile Crew Socks,Socks,Men,5.9,5.9,False,1,5.9,Card
BUG-20260612-0496,1,2026-06-12 20:24:06,Bugis,UND-W-03,Women's Cotton Blend Briefs,Underwear,women,9.9,9.9,False,1,9.9,NETS
ORC-20260612-0377,2,2026-06-12 18:54:08,Orchard Central,SOK-W-03,Women's Airism Low-Cut Socks,Socks,Women,5.9,5.9,False,1,5.9,PayNow
ORC-20260612-0790,1,2026-06-12 18:29:02,Orchard Central,SOK-M-01,Men's Ankle Socks 3-Pack,Socks,Men,14.9,14.9,False,1,14.9,Card
ORC-20260612-0657,3,2026-06-12 19:17:24,Orchard Central,UND-W-02,Women's Wireless Bra,Underwear,Women,29.9,29.9,False,2,59.8,PayNow
BUG-20260612-0997,2,2026-06-12 16:08:05,Bugis,SOK-W-04,Women's Ribbed Crew Socks,Socks,women,5.9,5.9,False,1,5.9,card
ORC-20260612-0965,3,2026-06-12 18:44:29,Orchard Central,SOK-M-03,Men's Airism Low-Cut Socks,socks,Men,5.9,5.9,False,1,5.9,Card
BUG-20260612-0562,2,2026-06-12 20:52:48,Bugis,SOK-W-02,Women's Pile Crew Socks,Socks,Women,5.9,5.9,False,2,11.8,card
PUN-20260612-0685,2,2026-06-12 15:50:54,Punggol,TOP-W-04,Women's Heattech Crew Neck Long Sleeve Tee,Tops,Women,14.9,14.9,False,1,14.9,Card
BUG-20260612-0193,2,2026-06-12 18:05:07,Bugis,UND-M-04,Men's Cotton Crew Neck Undershirt,Underwear,Men,14.9,14.9,False,2,29.8,Cash
BUG-20260612-0668,1,2026-06-12 12:13:08,  Bugis  ,SOK-M-04,Men's Ribbed Crew Socks,SOCKS,Men,$5.9,5.9,False,2,11.8,NETS
BUG-20260612-1143,2,2026-06-12 17:43:31,Bugis,SOK-W-03,Women's Airism Low-Cut Socks,socks,women,5.9,5.9,False,2,11.8,Card
BUG-20260612-0797,2,2026-06-12 17:56:08,Bugis,BTM-M-05,Men's Wide Fit Cargo Pants,Bottoms,Men,26.68,39.9,True,1,26.68,Card
PUN-20260612-0684,2,2026-06-12 17:17:00,PUNGGOL,BTM-W-02,  Women's High-Rise Wide Leg Pants  ,Bottoms,Women,39.9,39.9,False,1,39.9,PayNow
PUN-20260612-0031,1,2026-06-12 19:25:51,Punggol,SOK-W-03,Women's Airism Low-Cut Socks,Socks,Women,5.9,5.9,False,1,5.9,Card
BUG-20260612-0661,2,2026-06-12 17:19:11,Bugis,UND-W-04,Women's Airism T-Shirt Bra,Underwear,Women,29.9,29.9,False,1,$29.9,card
BUG-20260612-0089,2,2026-06-12 20:52:54,BUGIS,UND-W-03,Women's Cotton Blend Briefs,Underwear,WOMEN,9.9,9.9,False,1,9.9,Card
BUG-20260612-1199,3,2026-06-12 19:11:36,Bugis,TOP-W-02,Women's Ribbed Long Sleeve Turtleneck,tops,Women,19.9,19.9,False,1,19.9,PayNow
ORC-20260612-0568,1,2026-06-12 17:34:06,Orchard Central,TOP-W-02,Women's Ribbed Long Sleeve Turtleneck,Tops,Women,19.9,19.9,False,1,19.9,Card
BUG-20260612-0874,1,2026-06-12 19:32:27,Bugis,BTM-W-01,Women's Ultra Stretch Skinny Jeans,Bottoms,WOMEN,39.9,39.9,False,1,39.9,Cash
PUN-20260612-0742,3,2026-06-12 15:43:29,Punggol,UND-M-02,Men's Cotton Blend Trunks,Underwear,Men,14.9,14.9,False,1,14.9,CARD
PUN-20260612-0603,1,2026-06-12 18:35:54,punggol,UND-M-03,Men's Airism Mesh Boxer Briefs,Underwear,Men,14.9,14.9,False,1,14.9,Card
ORC-20260612-1075,3,2026-06-12 13:11:51,Orchard Central,TOP-M-01,Men's Airism Cotton Crew Neck T-Shirt,Tops,Men,14.9,14.9,False,1,14.9,Card
ORC-20260612-0773,2,2026-06-12 17:15:38,Orchard Central,TOP-W-04,Women's Heattech Crew Neck Long Sleeve Tee,Tops,Women,14.9,14.9,False,1,14.9,Cash
PUN-20260612-0788,1,2026-06-12 14:39:20,Punggol,SOK-W-03,Women's Airism Low-Cut Socks,Socks,Women,5.9,5.9,False,2,11.8,Cash
ORC-20260612-0446,1,2026-06-12 18:45:15,  Orchard Central  ,SOK-W-04,Women's Ribbed Crew Socks,Socks,women,5.9,5.9,False,1,5.9,NETS
BUG-20260612-0315,1,2026-06-12 20:44:43,Bugis,SOK-W-04,Women's Ribbed Crew Socks,socks,WOMEN,5.9,5.9,False,2,11.8,NETS
ORC-20260612-0717,1,2026-06-12 14:27:01,Orchard Central,TOP-M-03,Men's Dry-EX Crew Neck T-Shirt,Tops,MEN,19.9,19.9,False,1,19.9,PayNow
ORC-20260612-0550,2,2026-06-12 21:04:46,Orchard Central,SOK-W-03,Women's Airism Low-Cut Socks,Socks,Women,5.9,5.9,False,1,5.9,Card
PUN-20260612-0649,1,2026-06-12 16:31:04,Punggol,SOK-M-01,Men's Ankle Socks 3-Pack,Socks,Men,14.9,14.9,False,1,14.9,Card
ORC-20260612-0120,1,2026-06-12 16:06:25,  Orchard Central  ,SOK-M-08,Men's Cotton Blend Dress Socks,Socks,men,9.9,9.9,False,1,9.9,PayNow
BUG-20260612-0401,2,2026-06-12 19:23:50,Bugis,UND-M-01,Men's Airism Boxer Briefs,Underwear,Men,14.9,14.9,False,1,$14.9,NETS
ORC-20260612-0391,1,2026-06-12 14:30:41,Orchard Central,UND-W-03,Women's Cotton Blend Briefs,Underwear,Women,9.9,9.9,False,2,19.8,PayNow
PUN-20260612-0700,1,2026-06-12 21:17:18,Punggol,BTM-M-05,Men's Wide Fit Cargo Pants,bottoms,MEN,26.68,39.9,True,1,26.68,Card
PUN-20260612-0045,3,2026-06-12 15:46:23,Punggol,BTM-W-04,Women's Denim Straight Jeans,Bottoms,Women,49.9,49.9,False,1,49.9,Card
BUG-20260612-1129,1,2026-06-12 16:21:59,Bugis,UND-M-01,Men's Airism Boxer Briefs,Underwear,Men,14.9,14.9,False,1,14.9,Cash
PUN-20260612-0574,1,2026-06-12 20:32:38,Punggol,BTM-M-01,  Men's Ezy Ankle Pants  ,Bottoms,Men,29.9,29.9,False,1,29.9,PAYNOW
PUN-20260612-0594,3,2026-06-12 20:32:30,Punggol,SOK-W-04,Women's Ribbed Crew Socks,Socks,Women,5.9,5.9,False,1,5.9,Cash
PUN-20260612-0697,1,2026-06-12 21:57:09,Punggol,SOK-W-08,Women's Lace Trim Ankle Socks,Socks,Women,5.9,5.9,False,2,11.8,Card
BUG-20260612-0548,2,2026-06-12 16:16:29,Bugis,SOK-W-03,Women's Airism Low-Cut Socks,Socks,WOMEN,5.9,5.9,False,1,5.9,cash
PUN-20260612-0478,1,2026-06-12 20:10:36,PUNGGOL,BTM-M-02,  Men's Slim Fit Chino Trousers  ,Bottoms,Men,29.9,29.9,False,1,29.9,Nets
ORC-20260612-0832,2,2026-06-12 20:49:09,Orchard Central,TOP-W-04,Women's Heattech Crew Neck Long Sleeve Tee,tops,Women,14.9,14.9,False,1,14.9,Card
BUG-20260612-0093,2,2026-06-12 13:41:43,Bugis,SOK-W-03,Women's Airism Low-Cut Socks,Socks,Women,5.9,5.9,False,1,5.9,PayNow
ORC-20260612-0986,2,2026-06-12 19:36:07,orchard central,TOP-M-02,Men's Supima Cotton Polo Shirt,Tops,Men,29.9,29.9,False,1,29.9,NETS
PUN-20260612-0139,2,2026-06-12 17:47:53,Punggol,TOP-M-02,Men's Supima Cotton Polo Shirt,Tops,Men,29.9,29.9,False,1,29.9,CASH
BUG-20260612-1210,1,2026-06-12 20:31:44,BUGIS,SOK-M-04,Men's Ribbed Crew Socks,Socks,Men,5.9,5.9,False,1,5.9,Card
ORC-20260612-0657,2,2026-06-12 19:17:24,Orchard Central,UND-W-03,Women's Cotton Blend Briefs,UNDERWEAR,Women,9.9,9.9,False,1,$9.9,PayNow
ORC-20260612-1213,3,2026-06-12 20:37:49,Orchard Central,TOP-W-04,Women's Heattech Crew Neck Long Sleeve Tee,Tops,WOMEN,14.9,14.9,False,1,14.9,Card
BUG-20260612-0481,1,2026-06-12 18:35:00,Bugis,BTM-M-01,Men's Ezy Ankle Pants,Bottoms,Men,29.9,29.9,False,1,29.9,Cash
ORC-20260612-0548,1,2026-06-12 17:41:34,Orchard Central,SOK-M-03,Men's Airism Low-Cut Socks,Socks,Men,5.9,5.9,False,1,5.9,PAYNOW
BUG-20260612-0592,1,2026-06-12 13:32:18,  Bugis  ,SOK-M-04,Men's Ribbed Crew Socks,socks,Men,5.9,5.9,False,1,5.9,Card
ORC-20260612-1285,2,2026-06-12 20:56:45,Orchard Central,SOK-M-02,Men's Pile Crew Socks,Socks,men,5.9,5.9,False,1,5.9,NETS
ORC-20260612-0722,3,2026-06-12 18:36:04,Orchard Central,SOK-M-03,Men's Airism Low-Cut Socks,SOCKS,Men,5.9,5.9,False,1,5.9,PayNow
ORC-20260612-1298,2,2026-06-12 13:49:55,Orchard Central,UND-W-01,Women's Airism Bikini Shorts,Underwear,Women,9.9,9.9,False,2,19.8,Card
ORC-20260612-1018,1,2026-06-12 18:05:02,Orchard Central,UND-M-04,Men's Cotton Crew Neck Undershirt,Underwear,Men,14.9,14.9,False,1,14.9,card
BUG-20260612-0953,1,2026-06-12 20:33:47,Bugis,SOK-M-04,Men's Ribbed Crew Socks,Socks,Men,5.9,5.9,False,1,5.9,PayNow
BUG-20260612-1046,1,2026-06-12 19:50:33,Bugis,SOK-M-02,Men's Pile Crew Socks,Socks,Men,5.9,5.9,False,1,5.9,cash
BUG-20260612-0060,1,2026-06-12 16:42:44,Bugis,UND-W-03,Women's Cotton Blend Briefs,Underwear,Women,9.9,9.9,False,1,9.9,Card
PUN-20260612-0663,1,2026-06-12 18:19:15,Punggol,SOK-W-02,Women's Pile Crew Socks,socks,WOMEN,5.9,5.9,False,1,5.9,PAYNOW
BUG-20260612-0235,2,2026-06-12 19:37:18,Bugis,BTM-M-07,Men's Smart Ankle Pants,Bottoms,Men,39.9,39.9,False,1,39.9,Cash
ORC-20260612-1212,2,2026-06-12 20:50:29,Orchard Central,UND-M-01,Men's Airism Boxer Briefs,UNDERWEAR,Men,14.9,14.9,False,2,29.8,NETS
PUN-20260612-0096,1,2026-06-12 13:07:52,punggol,SOK-M-03,Men's Airism Low-Cut Socks,Socks,Men,5.9,5.9,False,1,5.9,NETS
ORC-20260612-0655,2,2026-06-12 20:08:57,Orchard Central,BTM-W-04,Women's Denim Straight Jeans,Bottoms,Women,49.9,49.9,False,1,49.9,PAYNOW
BUG-20260612-0488,1,2026-06-12 14:57:17,Bugis,UND-M-04,  Men's Cotton Crew Neck Undershirt  ,Underwear,Men,14.9,14.9,False,1,14.9,PayNow
BUG-20260612-0479,2,2026-06-12 18:38:55,Bugis,TOP-W-02,Women's Ribbed Long Sleeve Turtleneck,Tops,Women,19.9,19.9,False,1,19.9,PayNow
PUN-20260612-0428,1,2026-06-12 21:28:16,Punggol,TOP-M-03,  Men's Dry-EX Crew Neck T-Shirt  ,tops,Men,19.9,19.9,False,1,19.9,NETS
BUG-20260612-0020,2,2026-06-12 19:10:52,Bugis,UND-M-07,Men's Stretch Cotton Boxers,Underwear,Men,$14.9,14.9,False,1,14.9,Card
ORC-20260612-1226,1,2026-06-12 17:17:18,Orchard Central,UND-W-02,Women's Wireless Bra,Underwear,Women,29.9,29.9,False,1,29.9,PayNow
ORC-20260612-0793,1,2026-06-12 16:25:26,ORCHARD CENTRAL,UND-W-01,Women's Airism Bikini Shorts,UNDERWEAR,Women,9.9,9.9,False,1,9.9,Card
PUN-20260612-0538,1,2026-06-12 13:40:34,  Punggol  ,SOK-M-02,Men's Pile Crew Socks,Socks,Men,5.9,5.9,False,1,5.9,Card
ORC-20260612-1105,1,2026-06-12 18:30:56,Orchard Central,SOK-M-02,Men's Pile Crew Socks,Socks,Men,5.9,5.9,False,1,$5.9,Card
BUG-20260612-0078,3,2026-06-12 19:05:29,BUGIS,SOK-W-02,Women's Pile Crew Socks,Socks,Women,5.9,5.9,False,1,5.9,Card
PUN-20260612-0347,1,2026-06-12 18:59:35,Punggol,SOK-M-04,Men's Ribbed Crew Socks,Socks,men,5.9,5.9,False,1,5.9,Card
PUN-20260612-0231,2,2026-06-12 20:49:53,  Punggol  ,BTM-W-02,Women's High-Rise Wide Leg Pants,Bottoms,WOMEN,39.9,39.9,False,1,39.9,Card
PUN-20260612-0129,2,2026-06-12 20:54:17,punggol,SOK-W-04,Women's Ribbed Crew Socks,Socks,Women,5.9,5.9,False,1,5.9,cash
BUG-20260612-0621,1,2026-06-12 12:36:41,Bugis,SOK-M-04,Men's Ribbed Crew Socks,Socks,Men,5.9,5.9,False,1,5.9,Cash
BUG-20260612-0693,1,2026-06-12 17:43:53,Bugis,SOK-M-03,Men's Airism Low-Cut Socks,Socks,Men,5.9,5.9,False,2,11.8,Card
ORC-20260612-1213,2,2026-06-12 20:37:49,orchard central,SOK-W-03,Women's Airism Low-Cut Socks,Socks,Women,5.9,5.9,False,1,5.9,CARD
BUG-20260612-0332,2,2026-06-12 17:35:46,Bugis,TOP-W-01,Women's Airism Cotton Crew Neck T-Shirt,Tops,Women,14.9,14.9,False,1,14.9,Card
PUN-20260612-0656,1,2026-06-12 18:11:29,Punggol,SOK-W-04,Women's Ribbed Crew Socks,Socks,Women,$5.9,5.9,False,2,11.8,CARD
BUG-20260612-0088,2,2026-06-12 19:34:01,Bugis,SOK-M-03,Men's Airism Low-Cut Socks,Socks,Men,5.9,5.9,False,1,5.9,Card
ORC-20260612-0393,2,2026-06-12 20:09:14,Orchard Central,TOP-M-01,Men's Airism Cotton Crew Neck T-Shirt,Tops,Men,14.9,14.9,False,1,14.9,Card
ORC-20260612-0159,3,2026-06-12 16:11:34,Orchard Central,UND-M-04,Men's Cotton Crew Neck Undershirt,underwear,Men,14.9,14.9,False,1,14.9,card
ORC-20260612-0204,2,2026-06-12 19:47:08,Orchard Central,SOK-W-02,Women's Pile Crew Socks,Socks,Women,5.9,5.9,False,1,5.9,CARD
PUN-20260612-0237,3,2026-06-12 16:12:12,Punggol,UND-W-01,Women's Airism Bikini Shorts,Underwear,Women,9.9,9.9,False,1,9.9,PayNow
BUG-20260612-1078,1,2026-06-12 21:04:17,Bugis,UND-M-02,Men's Cotton Blend Trunks,Underwear,Men,14.9,14.9,False,2,29.8,PayNow
BUG-20260612-1134,1,2026-06-12 19:09:06,Bugis,TOP-M-01,Men's Airism Cotton Crew Neck T-Shirt,Tops,Men,14.9,14.9,False,1,14.9,PayNow
BUG-20260612-1006,2,2026-06-12 20:39:22,Bugis,SOK-W-03,Women's Airism Low-Cut Socks,socks,Women,$5.9,5.9,False,1,5.9,PAYNOW
BUG-20260612-0580,2,2026-06-12 15:44:07,Bugis,SOK-W-01,Women's Ankle Socks 3-Pack,Socks,Women,14.9,14.9,False,1,14.9,PayNow
BUG-20260612-0745,1,2026-06-12 18:47:19,Bugis,SOK-M-02,Men's Pile Crew Socks,Socks,Men,5.9,5.9,False,1,5.9,PAYNOW
PUN-20260612-0427,1,2026-06-12 20:06:01,Punggol,UND-W-03,  Women's Cotton Blend Briefs  ,Underwear,Women,9.9,9.9,False,1,9.9,
ORC-20260612-0974,1,2026-06-12 19:51:28,Orchard Central,UND-M-04,Men's Cotton Crew Neck Undershirt,Underwear,Men,14.9,14.9,False,1,14.9,PayNow
BUG-20260612-0240,2,2026-06-12 15:07:49,Bugis,SOK-M-01,Men's Ankle Socks 3-Pack,Socks,Men,14.9,14.9,False,1,14.9,Card
ORC-20260612-0779,2,2026-06-12 12:02:37,Orchard Central,SOK-W-03,Women's Airism Low-Cut Socks,Socks,Women,5.9,5.9,False,1,5.9,nets
BUG-20260612-0320,1,2026-06-12 12:47:22,Bugis,UND-M-02,Men's Cotton Blend Trunks,Underwear,Men,14.9,14.9,False,1,14.9,Card
ORC-20260612-0373,3,2026-06-12 16:33:42,Orchard Central,SOK-W-04,Women's Ribbed Crew Socks,socks,women,5.9,5.9,False,1,5.9,card
ORC-20260612-0153,2,2026-06-12 18:38:25,Orchard Central,BTM-M-01,Men's Ezy Ankle Pants,Bottoms,Men,29.9,29.9,False,1,29.9,Card
BUG-20260612-1213,1,2026-06-12 20:12:12,BUGIS,SOK-W-04,Women's Ribbed Crew Socks,Socks,Women,5.9,5.9,False,1,5.9,PayNow
PUN-20260612-0193,3,2026-06-12 11:47:41,Punggol,SOK-W-02,Women's Pile Crew Socks,Socks,Women,5.9,5.9,False,1,5.9,Card
BUG-20260612-0596,2,2026-06-12 18:53:16,Bugis,TOP-W-02,Women's Ribbed Long Sleeve Turtleneck,Tops,Women,19.9,19.9,False,1,19.9,Card
PUN-20260612-0613,2,2026-06-12 18:27:51,Punggol,UND-M-02,Men's Cotton Blend Trunks,underwear,men,14.9,14.9,False,1,14.9,Cash
ORC-20260612-0691,3,2026-06-12 19:25:44,Orchard Central,SOK-W-03,Women's Airism Low-Cut Socks,Socks,Women,5.9,5.9,False,1,5.9,NETS
ORC-20260612-1187,1,2026-06-12 19:41:36,Orchard Central,BTM-W-02,Women's High-Rise Wide Leg Pants,Bottoms,Women,39.9,39.9,False,1,39.9,PayNow
ORC-20260612-0325,3,2026-06-12 16:43:01,Orchard Central,SOK-M-01,Men's Ankle Socks 3-Pack,Socks,Men,14.9,14.9,False,1,14.9,PAYNOW
PUN-20260612-0150,2,2026-06-12 15:27:12,Punggol,UND-W-01,Women's Airism Bikini Shorts,Underwear,Women,9.9,9.9,False,1,9.9,PayNow
BUG-20260612-0220,1,2026-06-12 19:01:52,Bugis,UND-W-03,Women's Cotton Blend Briefs,underwear,WOMEN,9.9,9.9,False,1,9.9,CARD
BUG-20260612-1113,2,2026-06-12 16:25:01,Bugis,BTM-M-04,Men's Dry Stretch Shorts,Bottoms,Men,$19.9,19.9,False,1,19.9,PayNow
BUG-20260612-0524,1,2026-06-12 12:14:25,Bugis,TOP-W-04,Women's Heattech Crew Neck Long Sleeve Tee,Tops,Women,14.9,14.9,False,1,14.9,PayNow
PUN-20260612-0274,1,2026-06-12 17:27:43,Punggol,SOK-M-02,Men's Pile Crew Socks,Socks,Men,5.9,5.9,False,2,11.8,
PUN-20260612-0496,3,2026-06-12 21:53:21,Punggol,TOP-W-01,Women's Airism Cotton Crew Neck T-Shirt,Tops,Women,14.9,14.9,False,1,14.9,Card
ORC-20260612-0791,1,2026-06-12 12:38:55,orchard central,TOP-M-01,Men's Airism Cotton Crew Neck T-Shirt,TOPS,Men,14.9,14.9,False,1,14.9,NETS
PUN-20260612-0047,2,2026-06-12 13:15:17,punggol,SOK-W-01,Women's Ankle Socks 3-Pack,Socks,Women,14.9,14.9,False,1,14.9,NETS
BUG-20260612-1222,3,2026-06-12 12:11:50,Bugis,SOK-M-01,Men's Ankle Socks 3-Pack,Socks,Men,14.9,14.9,False,1,14.9,Card
BUG-20260612-0383,1,2026-06-12 22:51:28,Bugis,BTM-W-03,Women's Ezy Ankle Pants,Bottoms,WOMEN,29.9,29.9,False,1,29.9,NETS
BUG-20260612-0376,1,2026-06-12 15:12:11,Bugis,TOP-W-04,Women's Heattech Crew Neck Long Sleeve Tee,Tops,Women,14.9,14.9,False,1,14.9,Card
ORC-20260612-1148,1,2026-06-12 12:47:10,ORCHARD CENTRAL,UND-M-01,Men's Airism Boxer Briefs,Underwear,Men,14.9,14.9,False,1,14.9,Card
PUN-20260612-0624,1,2026-06-12 20:17:05,Punggol,TOP-W-01,Women's Airism Cotton Crew Neck T-Shirt,Tops,Women,14.9,14.9,False,1,14.9,Card
PUN-20260612-0570,1,2026-06-12 14:17:15,Punggol,SOK-M-02,Men's Pile Crew Socks,Socks,Men,5.9,5.9,False,1,5.9,Card
ORC-20260612-0105,1,2026-06-12 20:23:53,Orchard Central,BTM-M-04,Men's Dry Stretch Shorts,Bottoms,Men,$19.9,19.9,False,1,19.9,Card
ORC-20260612-0643,1,2026-06-12 18:28:27,Orchard Central,TOP-W-02,Women's Ribbed Long Sleeve Turtleneck,Tops,Women,19.9,19.9,False,1,19.9,CARD
PUN-20260612-0404,2,2026-06-12 12:10:30,punggol,TOP-W-02,Women's Ribbed Long Sleeve Turtleneck,Tops,Women,19.9,19.9,False,1,19.9,Cash
ORC-20260612-0223,2,2026-06-12 19:16:15,Orchard Central,UND-W-01,Women's Airism Bikini Shorts,Underwear,Women,9.9,9.9,False,1,9.9,PayNow
BUG-20260612-0502,3,2026-06-12 19:19:56,  bugis  ,SOK-W-01,Women's Ankle Socks 3-Pack,Socks,Women,14.9,14.9,False,1,14.9,Cash
ORC-20260612-0963,1,2026-06-12 13:29:33,Orchard Central,SOK-W-02,Women's Pile Crew Socks,Socks,Women,5.9,5.9,False,1,5.9,
BUG-20260612-0126,2,2026-06-12 18:27:12,Bugis,SOK-M-04,Men's Ribbed Crew Socks,Socks,Men,5.9,5.9,False,1,5.9,Card
BUG-20260612-0775,3,2026-06-12 20:31:41,Bugis,TOP-M-01,Men's Airism Cotton Crew Neck T-Shirt,tops,Men,14.9,14.9,False,1,14.9,PAYNOW
ORC-20260612-0132,2,2026-06-12 19:30:47,Orchard Central,TOP-W-01,Women's Airism Cotton Crew Neck T-Shirt,Tops,Women,14.9,14.9,False,1,14.9,Card
BUG-20260612-1132,1,2026-06-12 20:33:51,Bugis,TOP-M-04,Men's Oxford Long Sleeve Shirt,Tops,Men,29.9,29.9,False,1,29.9,Card
ORC-20260612-0339,1,2026-06-12 22:57:38,Orchard Central,TOP-M-03,Men's Dry-EX Crew Neck T-Shirt,Tops,Men,19.9,19.9,False,1,19.9,Card
ORC-20260612-0439,1,2026-06-12 18:55:07,Orchard Central,TOP-M-01,Men's Airism Cotton Crew Neck T-Shirt,Tops,men,14.9,14.9,False,1,14.9,Cash
PUN-20260612-0077,2,2026-06-12 20:59:19,PUNGGOL,BTM-M-05,Men's Wide Fit Cargo Pants,Bottoms,Men,26.68,39.9,True,1,26.68,Card
PUN-20260612-0684,3,2026-06-12 17:17:00,  Punggol  ,SOK-M-04,  Men's Ribbed Crew Socks  ,Socks,Men,5.9,5.9,False,1,5.9,PayNow
PUN-20260612-0537,1,2026-06-12 20:00:04,Punggol,BTM-W-03,Women's Ezy Ankle Pants,Bottoms,Women,29.9,29.9,False,1,29.9,Card
ORC-20260612-0390,2,2026-06-12 22:41:56,Orchard Central,TOP-M-04,Men's Oxford Long Sleeve Shirt,Tops,Men,29.9,29.9,False,1,29.9,NETS
PUN-20260612-0397,1,2026-06-12 19:44:50,Punggol,BTM-M-05,Men's Wide Fit Cargo Pants,Bottoms,Men,26.68,39.9,True,1,26.68,Card
ORC-20260612-0380,1,2026-06-12 18:05:56,Orchard Central,SOK-W-02,Women's Pile Crew Socks,socks,Women,5.9,5.9,False,1,5.9,nets
PUN-20260612-0494,3,2026-06-12 18:39:04,Punggol,TOP-W-02,Women's Ribbed Long Sleeve Turtleneck,Tops,Women,19.9,19.9,False,1,19.9,Card
PUN-20260612-0384,1,2026-06-12 22:22:56,Punggol,SOK-W-01,Women's Ankle Socks 3-Pack,SOCKS,Women,14.9,14.9,False,1,14.9,Card
ORC-20260612-0399,3,2026-06-12 13:28:57,Orchard Central,SOK-W-02,Women's Pile Crew Socks,SOCKS,Women,5.9,5.9,False,1,5.9,Card
BUG-20260612-0280,1,2026-06-12 20:28:12,Bugis,UND-M-03,Men's Airism Mesh Boxer Briefs,Underwear,Men,14.9,14.9,False,2,29.8,Card
PUN-20260612-0043,1,2026-06-12 18:17:17,Punggol,SOK-W-03,Women's Airism Low-Cut Socks,SOCKS,WOMEN,5.9,5.9,False,1,5.9,NETS
BUG-20260612-0915,3,2026-06-12 17:21:11,Bugis,BTM-W-01,Women's Ultra Stretch Skinny Jeans,Bottoms,Women,39.9,39.9,False,1,39.9,Card
ORC-20260612-0345,2,2026-06-12 15:51:54,Orchard Central,UND-M-02,Men's Cotton Blend Trunks,Underwear,MEN,14.9,14.9,False,2,29.8,Cash
ORC-20260612-0833,1,2026-06-12 15:02:28,orchard central,UND-M-01,Men's Airism Boxer Briefs,Underwear,Men,14.9,14.9,False,1,14.9,Card
BUG-20260612-1214,1,2026-06-12 20:52:10,Bugis,TOP-W-03,Women's Silky Satin Blouse,Tops,Women,39.9,39.9,False,1,39.9,
ORC-20260612-0450,2,2026-06-12 22:39:58,Orchard Central,TOP-M-03,Men's Dry-EX Crew Neck T-Shirt,Tops,MEN,19.9,19.9,False,1,19.9,NETS
ORC-20260612-0545,2,2026-06-12 12:40:25,Orchard Central,UND-M-03,Men's Airism Mesh Boxer Briefs,underwear,Men,14.9,14.9,False,2,29.8,PayNow
ORC-20260612-0625,1,2026-06-12 12:49:12,Orchard Central,SOK-W-02,  Women's Pile Crew Socks  ,Socks,Women,5.9,5.9,False,2,11.8,card
ORC-20260612-0220,2,2026-06-12 15:58:04,Orchard Central,UND-M-09,Men's Heattech Long Johns,Underwear,MEN,19.9,19.9,False,1,19.9,Cash
BUG-20260612-0799,3,2026-06-12 13:24:50,Bugis,SOK-W-04,Women's Ribbed Crew Socks,Socks,Women,5.9,5.9,False,2,11.8,Cash
ORC-20260612-0503,1,2026-06-12 20:14:24,Orchard Central,TOP-M-04,  Men's Oxford Long Sleeve Shirt  ,Tops,Men,$29.9,29.9,False,1,29.9,Nets
ORC-20260612-0727,1,2026-06-12 16:35:04,Orchard Central,UND-W-03,Women's Cotton Blend Briefs,Underwear,Women,9.9,9.9,False,1,9.9,PayNow
ORC-20260612-0002,3,2026-06-12 17:08:37,Orchard Central,UND-W-01,Women's Airism Bikini Shorts,Underwear,WOMEN,9.9,9.9,False,1,9.9,Card
BUG-20260612-0353,2,2026-06-12 20:25:18,Bugis,BTM-W-01,Women's Ultra Stretch Skinny Jeans,Bottoms,WOMEN,39.9,39.9,False,1,39.9,PAYNOW
ORC-20260612-0622,2,2026-06-12 20:07:05,orchard central,TOP-M-06,Men's Fleece Full-Zip Hoodie,Tops,Men,39.9,39.9,False,1,39.9,PayNow
ORC-20260612-1083,2,2026-06-12 20:52:16,Orchard Central,SOK-M-01,Men's Ankle Socks 3-Pack,Socks,Men,14.9,14.9,False,1,14.9,PayNow
PUN-20260612-0766,1,2026-06-12 15:17:55,Punggol,SOK-W-04,Women's Ribbed Crew Socks,Socks,Women,5.9,5.9,False,1,5.9,Card
BUG-20260612-0897,3,2026-06-12 22:23:34,BUGIS,BTM-M-04,Men's Dry Stretch Shorts,Bottoms,Men,19.9,19.9,False,1,$19.9,PayNow
ORC-20260612-0284,1,2026-06-12 20:20:33,  Orchard Central  ,UND-W-03,Women's Cotton Blend Briefs,UNDERWEAR,Women,9.9,9.9,False,1,9.9,Card
PUN-20260612-0235,1,2026-06-12 15:52:32,Punggol,SOK-W-01,Women's Ankle Socks 3-Pack,Socks,Women,14.9,14.9,False,1,14.9,Card
BUG-20260612-0965,1,2026-06-12 19:44:46,Bugis,TOP-M-04,Men's Oxford Long Sleeve Shirt,Tops,Men,29.9,29.9,False,1,29.9,CARD
BUG-20260612-0598,1,2026-06-12 21:36:29,Bugis,SOK-M-01,Men's Ankle Socks 3-Pack,Socks,Men,14.9,14.9,False,1,14.9,Cash
ORC-20260612-0245,1,2026-06-12 14:56:53,Orchard Central,SOK-W-02,Women's Pile Crew Socks,Socks,Women,5.9,5.9,False,2,11.8,Cash
BUG-20260612-0068,3,2026-06-12 21:32:25,Bugis,UND-M-04,Men's Cotton Crew Neck Undershirt,Underwear,Men,14.9,14.9,False,1,14.9,Card
ORC-20260612-1239,1,2026-06-12 19:12:08,Orchard Central,UND-W-03,Women's Cotton Blend Briefs,Underwear,Women,9.9,9.9,False,1,9.9,PayNow
BUG-20260612-0779,1,2026-06-12 21:47:58,Bugis,SOK-W-02,Women's Pile Crew Socks,Socks,Women,5.9,5.9,False,1,5.9,Card
ORC-20260612-0751,2,2026-06-12 20:02:23,Orchard Central,SOK-M-02,Men's Pile Crew Socks,Socks,Men,$5.9,5.9,False,1,5.9,Card
BUG-20260612-0092,2,2026-06-12 22:34:12,  bugis  ,SOK-M-02,Men's Pile Crew Socks,Socks,Men,5.9,5.9,False,1,5.9,Card
ORC-20260612-0770,1,2026-06-12 19:10:58,Orchard Central,SOK-W-03,Women's Airism Low-Cut Socks,socks,Women,5.9,5.9,False,1,5.9,CARD
BUG-20260612-1007,3,2026-06-12 13:25:37,  Bugis  ,TOP-W-01,Women's Airism Cotton Crew Neck T-Shirt,Tops,Women,14.9,14.9,False,1,$14.9,Cash
PUN-20260612-0640,2,2026-06-12 17:06:02,PUNGGOL,SOK-W-04,  Women's Ribbed Crew Socks  ,Socks,Women,5.9,5.9,False,2,11.8,Card
PUN-20260612-0480,2,2026-06-12 21:43:09,Punggol,SOK-M-02,Men's Pile Crew Socks,Socks,Men,5.9,5.9,False,1,5.9,Cash
BUG-20260612-0153,1,2026-06-12 20:42:09,Bugis,SOK-W-02,Women's Pile Crew Socks,socks,Women,5.9,5.9,False,1,5.9,PayNow
BUG-20260612-0853,2,2026-06-12 18:37:09,  Bugis  ,SOK-W-03,Women's Airism Low-Cut Socks,Socks,women,5.9,5.9,False,1,5.9,CASH
BUG-20260612-0959,1,2026-06-12 20:21:58,  Bugis  ,UND-M-04,Men's Cotton Crew Neck Undershirt,Underwear,Men,14.9,14.9,False,2,29.8,Nets
ORC-20260612-0903,3,2026-06-12 12:17:10,Orchard Central,TOP-W-01,Women's Airism Cotton Crew Neck T-Shirt,TOPS,Women,14.9,14.9,False,1,14.9,PayNow
BUG-20260612-1079,1,2026-06-12 19:10:56,Bugis,TOP-W-01,Women's Airism Cotton Crew Neck T-Shirt,Tops,Women,14.9,14.9,False,1,14.9,NETS
BUG-20260612-0639,2,2026-06-12 20:20:51,bugis,SOK-M-02,Men's Pile Crew Socks,Socks,Men,5.9,5.9,False,1,$5.9,Card
ORC-20260612-0703,2,2026-06-12 17:47:31,orchard central,SOK-M-03,Men's Airism Low-Cut Socks,Socks,Men,5.9,5.9,False,1,5.9,PAYNOW
ORC-20260612-0516,1,2026-06-12 21:54:51,  Orchard Central  ,SOK-W-01,Women's Ankle Socks 3-Pack,socks,women,14.9,14.9,False,1,14.9,card
PUN-20260612-0759,2,2026-06-12 19:24:03,Punggol,SOK-M-01,Men's Ankle Socks 3-Pack,Socks,Men,14.9,14.9,False,2,29.8,NETS
ORC-20260612-0738,2,2026-06-12 19:23:27,Orchard Central,SOK-W-02,Women's Pile Crew Socks,Socks,Women,5.9,5.9,False,1,5.9,Cash
PUN-20260612-0084,2,2026-06-12 16:13:20,Punggol,TOP-W-02,Women's Ribbed Long Sleeve Turtleneck,Tops,Women,19.9,19.9,False,1,19.9,Card
ORC-20260612-0041,3,2026-06-12 21:26:23,Orchard Central,SOK-M-08,Men's Cotton Blend Dress Socks,Socks,MEN,9.9,9.9,False,2,19.8,PayNow
ORC-20260612-1228,1,2026-06-12 20:08:54,Orchard Central,SOK-W-02,Women's Pile Crew Socks,Socks,Women,5.9,5.9,False,1,5.9,PayNow
BUG-20260612-0142,2,2026-06-12 13:49:19,Bugis,BTM-W-03,  Women's Ezy Ankle Pants  ,Bottoms,Women,29.9,29.9,False,1,29.9,NETS
PUN-20260612-0019,2,2026-06-12 18:05:34,Punggol,SOK-M-03,Men's Airism Low-Cut Socks,Socks,Men,5.9,5.9,False,1,5.9,PayNow
BUG-20260612-0620,3,2026-06-12 18:26:23,  Bugis  ,SOK-M-01,Men's Ankle Socks 3-Pack,Socks,Men,14.9,14.9,False,1,14.9,Card
ORC-20260612-0576,1,2026-06-12 21:43:04,Orchard Central,BTM-W-03,Women's Ezy Ankle Pants,Bottoms,Women,29.9,29.9,False,1,29.9,Card
PUN-20260612-0266,2,2026-06-12 18:09:01,  Punggol  ,SOK-W-03,Women's Airism Low-Cut Socks,Socks,Women,5.9,5.9,False,1,5.9,Nets
BUG-20260612-0755,1,2026-06-12 20:11:11,Bugis,SOK-M-04,Men's Ribbed Crew Socks,Socks,Men,5.9,5.9,False,1,5.9,NETS
PUN-20260612-0823,2,2026-06-12 20:00:36,punggol,SOK-M-01,Men's Ankle Socks 3-Pack,Socks,Men,14.9,14.9,False,1,14.9,Card
BUG-20260612-0275,1,2026-06-12 20:39:29,bugis,SOK-W-04,  Women's Ribbed Crew Socks  ,Socks,Women,5.9,5.9,False,2,11.8,Card
ORC-20260612-0914,1,2026-06-12 21:36:11,Orchard Central,SOK-W-03,Women's Airism Low-Cut Socks,Socks,Women,5.9,5.9,False,1,5.9,Card
BUG-20260612-0645,1,2026-06-12 18:30:32,Bugis,TOP-M-04,Men's Oxford Long Sleeve Shirt,Tops,Men,29.9,29.9,False,1,29.9,Card
PUN-20260612-0201,1,2026-06-12 21:16:01,Punggol,TOP-M-02,Men's Supima Cotton Polo Shirt,Tops,Men,29.9,29.9,False,1,29.9,PayNow
PUN-20260612-0474,1,2026-06-12 15:46:58,PUNGGOL,TOP-M-01,Men's Airism Cotton Crew Neck T-Shirt,Tops,men,14.9,14.9,False,1,14.9,PayNow
PUN-20260612-0480,1,2026-06-12 21:43:09,Punggol,UND-W-01,Women's Airism Bikini Shorts,Underwear,Women,9.9,9.9,False,1,9.9,Cash
PUN-20260612-0472,1,2026-06-12 16:10:37,  Punggol  ,SOK-M-02,Men's Pile Crew Socks,Socks,Men,5.9,5.9,False,1,5.9,PayNow
ORC-20260612-0399,1,2026-06-12 13:28:57,Orchard Central,UND-M-02,Men's Cotton Blend Trunks,Underwear,Men,14.9,14.9,False,2,$29.8,Card
ORC-20260612-0997,1,2026-06-12 16:40:46,Orchard Central,SOK-W-03,Women's Airism Low-Cut Socks,Socks,women,5.9,5.9,False,1,5.9,Card
BUG-20260612-0460,2,2026-06-12 19:41:28,  bugis  ,UND-M-02,Men's Cotton Blend Trunks,Underwear,Men,14.9,14.9,False,1,14.9,Card
ORC-20260612-0040,2,2026-06-12 20:50:04,Orchard Central,UND-M-01,Men's Airism Boxer Briefs,Underwear,Men,14.9,14.9,False,1,14.9,Card
BUG-20260612-0354,2,2026-06-12 21:54:56,Bugis,UND-M-01,Men's Airism Boxer Briefs,Underwear,Men,14.9,14.9,False,1,14.9,NETS
PUN-20260612-0192,1,2026-06-12 21:25:32,Punggol,BTM-W-03,Women's Ezy Ankle Pants,Bottoms,Women,29.9,29.9,False,1,29.9,PayNow
ORC-20260612-1297,1,2026-06-12 16:27:54,Orchard Central,UND-W-02,Women's Wireless Bra,Underwear,Women,29.9,29.9,False,1,$29.9,Cash
BUG-20260612-0110,1,2026-06-12 20:12:19,Bugis,SOK-M-06,Men's Heattech Socks,Socks,Men,9.9,9.9,False,1,9.9,Cash
BUG-20260612-1122,1,2026-06-12 19:54:54,Bugis,SOK-M-03,Men's Airism Low-Cut Socks,Socks,Men,5.9,5.9,False,1,5.9,Card
BUG-20260612-1001,3,2026-06-12 14:15:56,Bugis,TOP-M-02,Men's Supima Cotton Polo Shirt,Tops,MEN,29.9,29.9,False,1,29.9,NETS
PUN-20260612-0685,1,2026-06-12 15:50:54,Punggol,SOK-M-04,Men's Ribbed Crew Socks,Socks,Men,$5.9,5.9,False,1,5.9,Card
BUG-20260612-0011,2,2026-06-12 20:26:33,Bugis,SOK-M-02,Men's Pile Crew Socks,Socks,Men,5.9,5.9,False,1,5.9,Paynow
ORC-20260612-0644,1,2026-06-12 13:25:56,Orchard Central,SOK-W-04,Women's Ribbed Crew Socks,Socks,Women,5.9,5.9,False,1,5.9,Card
BUG-20260612-0822,3,2026-06-12 19:16:15,Bugis,TOP-M-03,Men's Dry-EX Crew Neck T-Shirt,tops,Men,19.9,19.9,False,1,19.9,NETS
BUG-20260612-0342,2,2026-06-12 13:38:16,Bugis,SOK-W-01,Women's Ankle Socks 3-Pack,Socks,Women,14.9,14.9,False,2,29.8,card
PUN-20260612-0176,2,2026-06-12 21:35:36,Punggol,UND-W-03,  Women's Cotton Blend Briefs  ,Underwear,Women,9.9,9.9,False,1,9.9,Card
ORC-20260612-0892,2,2026-06-12 12:04:52,Orchard Central,TOP-M-01,Men's Airism Cotton Crew Neck T-Shirt,TOPS,Men,14.9,14.9,False,1,14.9,NETS
BUG-20260612-0886,1,2026-06-12 14:49:29,Bugis,SOK-W-02,Women's Pile Crew Socks,Socks,Women,5.9,5.9,False,1,5.9,PayNow
ORC-20260612-1178,2,2026-06-12 20:40:03,Orchard Central,BTM-W-01,Women's Ultra Stretch Skinny Jeans,Bottoms,Women,39.9,39.9,False,1,39.9,Nets
PUN-20260612-0264,3,2026-06-12 14:27:43,Punggol,BTM-W-03,Women's Ezy Ankle Pants,Bottoms,Women,29.9,29.9,False,1,29.9,CARD
BUG-20260612-0681,1,2026-06-12 19:17:19,Bugis,BTM-M-03,Men's Selvedge Regular Fit Jeans,Bottoms,Men,59.9,59.9,False,1,59.9,Card
ORC-20260612-0935,1,2026-06-12 21:53:41,Orchard Central,UND-W-03,  Women's Cotton Blend Briefs  ,Underwear,Women,9.9,9.9,False,1,9.9,NETS
ORC-20260612-0636,1,2026-06-12 13:17:42,orchard central,SOK-W-02,Women's Pile Crew Socks,Socks,women,5.9,5.9,False,1,5.9,PayNow
PUN-20260612-0392,1,2026-06-12 19:54:36,Punggol,BTM-M-04,Men's Dry Stretch Shorts,Bottoms,Men,19.9,19.9,False,1,19.9,Cash
PUN-20260612-0409,3,2026-06-12 21:32:33,Punggol,TOP-W-01,Women's Airism Cotton Crew Neck T-Shirt,Tops,Women,14.9,14.9,False,1,14.9,Card
ORC-20260612-1158,3,2026-06-12 18:16:25,Orchard Central,SOK-W-04,Women's Ribbed Crew Socks,SOCKS,Women,5.9,5.9,False,1,5.9,Card
BUG-20260612-1146,3,2026-06-12 13:17:03,Bugis,TOP-M-03,Men's Dry-EX Crew Neck T-Shirt,Tops,Men,19.9,19.9,False,1,19.9,Cash
BUG-20260612-1218,1,2026-06-12 19:34:22,Bugis,SOK-M-02,Men's Pile Crew Socks,SOCKS,Men,5.9,5.9,False,1,5.9,PayNow
BUG-20260612-1069,1,2026-06-12 18:52:13,Bugis,SOK-W-01,Women's Ankle Socks 3-Pack,Socks,Women,14.9,14.9,False,1,14.9,NETS
BUG-20260612-0346,1,2026-06-12 18:20:27,Bugis,TOP-W-01,Women's Airism Cotton Crew Neck T-Shirt,Tops,Women,14.9,14.9,False,1,14.9,PayNow
PUN-20260612-0376,2,2026-06-12 19:06:45,Punggol,UND-W-01,  Women's Airism Bikini Shorts  ,Underwear,Women,9.9,9.9,False,1,9.9,Nets
BUG-20260612-0319,1,2026-06-12 22:11:12,  Bugis  ,SOK-M-04,Men's Ribbed Crew Socks,Socks,Men,5.9,5.9,False,1,5.9,Card
BUG-20260612-0092,1,2026-06-12 22:34:12,Bugis,SOK-W-03,Women's Airism Low-Cut Socks,Socks,Women,5.9,5.9,False,1,5.9,Card
BUG-20260612-0628,1,2026-06-12 20:08:51,Bugis,SOK-M-04,Men's Ribbed Crew Socks,Socks,MEN,5.9,5.9,False,1,5.9,cash
BUG-20260612-0919,2,2026-06-12 14:56:53,Bugis,TOP-W-01,Women's Airism Cotton Crew Neck T-Shirt,Tops,Women,14.9,14.9,False,1,14.9,Card
BUG-20260612-0717,1,2026-06-12 21:41:29,Bugis,TOP-W-02,Women's Ribbed Long Sleeve Turtleneck,Tops,Women,19.9,19.9,False,1,19.9,cash
PUN-20260612-0275,2,2026-06-12 11:02:46,Punggol,UND-W-01,Women's Airism Bikini Shorts,Underwear,Women,9.9,9.9,False,1,9.9,NETS
ORC-20260612-1130,1,2026-06-12 12:28:45,Orchard Central,UND-W-08,Women's Airism Camisole,Underwear,Women,14.9,14.9,False,2,29.8,NETS
BUG-20260612-1172,1,2026-06-12 18:41:31,Bugis,SOK-W-04,Women's Ribbed Crew Socks,socks,Women,5.9,5.9,False,1,5.9,nets
BUG-20260612-0663,1,2026-06-12 15:27:40,Bugis,BTM-W-01,Women's Ultra Stretch Skinny Jeans,Bottoms,Women,39.9,39.9,False,1,39.9,PayNow
ORC-20260612-0475,1,2026-06-12 16:01:42,Orchard Central,UND-M-01,Men's Airism Boxer Briefs,Underwear,Men,14.9,14.9,False,1,14.9,NETS
BUG-20260612-0535,1,2026-06-12 11:49:17,  Bugis  ,SOK-W-02,Women's Pile Crew Socks,Socks,Women,5.9,5.9,False,2,11.8,Card
ORC-20260612-0628,1,2026-06-12 12:28:21,Orchard Central,UND-W-01,Women's Airism Bikini Shorts,Underwear,Women,9.9,9.9,False,1,9.9,PayNow
PUN-20260612-0289,2,2026-06-12 20:26:01,Punggol,TOP-M-01,Men's Airism Cotton Crew Neck T-Shirt,Tops,Men,14.9,14.9,False,1,14.9,
ORC-20260612-1062,1,2026-06-12 16:50:58,Orchard Central,BTM-M-01,Men's Ezy Ankle Pants,Bottoms,Men,29.9,29.9,False,1,29.9,Card
BUG-20260612-1157,1,2026-06-12 18:15:15,Bugis,UND-W-09,Women's Cotton Boyshorts,Underwear,Women,9.9,9.9,False,1,9.9,Card
ORC-20260612-0697,2,2026-06-12 20:27:22,Orchard Central,SOK-W-02,Women's Pile Crew Socks,Socks,women,5.9,5.9,False,1,5.9,Cash
ORC-20260612-0434,1,2026-06-12 15:05:05,Orchard Central,UND-W-04,Women's Airism T-Shirt Bra,underwear,Women,29.9,29.9,False,1,29.9,Card
PUN-20260612-0425,1,2026-06-12 12:04:58,Punggol,SOK-W-03,Women's Airism Low-Cut Socks,Socks,Women,5.9,5.9,False,1,5.9,PAYNOW
ORC-20260612-0889,1,2026-06-12 22:07:07,Orchard Central,SOK-M-03,Men's Airism Low-Cut Socks,Socks,Men,5.9,5.9,False,1,5.9,Card
ORC-20260612-0819,2,2026-06-12 20:27:46,Orchard Central,SOK-M-03,Men's Airism Low-Cut Socks,Socks,Men,5.9,5.9,False,1,5.9,Card
PUN-20260612-0500,3,2026-06-12 19:51:34,Punggol,UND-M-02,Men's Cotton Blend Trunks,Underwear,Men,14.9,14.9,False,2,29.8,
BUG-20260612-0358,1,2026-06-12 19:36:55,Bugis,SOK-W-06,Women's Heattech Socks,Socks,Women,9.9,9.9,False,1,9.9,NETS
PUN-20260612-0758,2,2026-06-12 18:19:42,Punggol,SOK-W-04,,socks,Women,5.9,5.9,False,1,5.9,Card
ORC-20260612-0097,3,2026-06-12 18:10:04,Orchard Central,BTM-W-04,Women's Denim Straight Jeans,Bottoms,Women,49.9,49.9,False,1,49.9,PayNow
ORC-20260612-1099,1,2026-06-12 16:41:25,Orchard Central,BTM-W-04,Women's Denim Straight Jeans,Bottoms,Women,49.9,49.9,False,1,$49.9,NETS
PUN-20260612-0667,2,2026-06-12 19:31:07,Punggol,UND-W-03,Women's Cotton Blend Briefs,Underwear,Women,9.9,9.9,False,2,19.8,Nets
BUG-20260612-0808,2,2026-06-12 20:07:19,Bugis,SOK-W-03,Women's Airism Low-Cut Socks,socks,Women,5.9,5.9,False,1,5.9,Card
PUN-20260612-0100,2,2026-06-12 16:33:45,Punggol,SOK-M-03,Men's Airism Low-Cut Socks,Socks,Men,5.9,5.9,False,1,5.9,card
BUG-20260612-1150,2,2026-06-12 13:19:15,Bugis,SOK-W-04,  Women's Ribbed Crew Socks  ,socks,Women,5.9,5.9,False,1,5.9,CARD
ORC-20260612-0532,1,2026-06-12 14:42:55,Orchard Central,SOK-W-04,Women's Ribbed Crew Socks,Socks,Women,5.9,5.9,False,1,5.9,NETS
BUG-20260612-1053,2,2026-06-12 18:57:32,Bugis,SOK-W-02,Women's Pile Crew Socks,Socks,Women,5.9,5.9,False,1,5.9,NETS
ORC-20260612-0109,1,2026-06-12 11:59:14,Orchard Central,BTM-W-01,  Women's Ultra Stretch Skinny Jeans  ,Bottoms,Women,39.9,39.9,False,1,39.9,PayNow
ORC-20260612-0032,1,2026-06-12 17:07:50,Orchard Central,UND-W-03,  Women's Cotton Blend Briefs  ,Underwear,Women,9.9,9.9,False,1,9.9,Card
BUG-20260612-0954,2,2026-06-12 22:33:47,Bugis,SOK-W-03,Women's Airism Low-Cut Socks,Socks,Women,5.9,5.9,False,1,5.9,PayNow
PUN-20260612-0616,1,2026-06-12 17:41:34,Punggol,SOK-M-01,Men's Ankle Socks 3-Pack,Socks,Men,14.9,14.9,False,1,14.9,Card
ORC-20260612-0412,1,2026-06-12 21:25:35,Orchard Central,SOK-M-02,  Men's Pile Crew Socks  ,Socks,Men,5.9,5.9,False,1,5.9,Cash
BUG-20260612-0106,1,2026-06-12 20:11:40,BUGIS,UND-W-09,  Women's Cotton Boyshorts  ,Underwear,Women,9.9,9.9,False,1,9.9,NETS
ORC-20260612-0816,3,2026-06-12 18:43:23,Orchard Central,SOK-W-02,Women's Pile Crew Socks,Socks,Women,5.9,5.9,False,1,5.9,PayNow
PUN-20260612-0546,2,2026-06-12 11:10:35,Punggol,UND-W-01,Women's Airism Bikini Shorts,Underwear,Women,9.9,9.9,False,1,9.9,Cash
BUG-20260612-0391,2,2026-06-12 17:54:18,Bugis,SOK-M-04,  Men's Ribbed Crew Socks  ,Socks,Men,5.9,5.9,False,1,5.9,PayNow
ORC-20260612-1008,2,2026-06-12 16:26:25,Orchard Central,SOK-W-02,Women's Pile Crew Socks,Socks,Women,5.9,5.9,False,1,5.9,Card
PUN-20260612-0104,1,2026-06-12 20:50:50,PUNGGOL,SOK-W-04,Women's Ribbed Crew Socks,Socks,Women,5.9,5.9,False,1,$5.9,PayNow
BUG-20260612-0217,1,2026-06-12 20:24:11,bugis,SOK-W-03,Women's Airism Low-Cut Socks,Socks,Women,5.9,5.9,False,1,5.9,Cash
ORC-20260612-0438,2,2026-06-12 21:45:32,Orchard Central,SOK-M-03,Men's Airism Low-Cut Socks,Socks,men,5.9,5.9,False,1,5.9,NETS
PUN-20260612-0262,1,2026-06-12 20:17:33,Punggol,BTM-M-02,Men's Slim Fit Chino Trousers,Bottoms,Men,29.9,29.9,False,1,29.9,PayNow
BUG-20260612-0482,1,2026-06-12 21:13:28,Bugis,BTM-M-04,Men's Dry Stretch Shorts,Bottoms,Men,19.9,19.9,False,1,19.9,Card
ORC-20260612-1151,2,2026-06-12 22:07:58,Orchard Central,TOP-M-03,Men's Dry-EX Crew Neck T-Shirt,Tops,men,19.9,19.9,False,1,19.9,Card
ORC-20260612-0257,1,2026-06-12 14:54:01,  Orchard Central  ,UND-M-08,Men's Airism V-Neck Undershirt,Underwear,MEN,9.9,9.9,False,1,9.9,Cash
ORC-20260612-0225,2,2026-06-12 19:28:01,Orchard Central,SOK-W-04,Women's Ribbed Crew Socks,Socks,Women,5.9,5.9,False,1,5.9,
PUN-20260612-0080,1,2026-06-12 20:19:27,PUNGGOL,UND-M-02,Men's Cotton Blend Trunks,Underwear,Men,14.9,14.9,False,1,14.9,NETS
ORC-20260612-0815,3,2026-06-12 20:04:28,Orchard Central,TOP-M-01,Men's Airism Cotton Crew Neck T-Shirt,Tops,Men,14.9,14.9,False,1,14.9,NETS
BUG-20260612-0107,1,2026-06-12 20:14:01,Bugis,TOP-M-03,Men's Dry-EX Crew Neck T-Shirt,Tops,Men,19.9,19.9,False,1,19.9,Card
BUG-20260612-0218,1,2026-06-12 21:28:14,Bugis,UND-W-03,Women's Cotton Blend Briefs,Underwear,Women,9.9,9.9,False,1,$9.9,NETS
BUG-20260612-0779,2,2026-06-12 21:47:58,  Bugis  ,TOP-M-04,Men's Oxford Long Sleeve Shirt,Tops,Men,29.9,29.9,False,1,29.9,Card
BUG-20260612-0456,1,2026-06-12 21:45:54,Bugis,UND-M-03,Men's Airism Mesh Boxer Briefs,Underwear,Men,14.9,14.9,False,1,14.9,Card
BUG-20260612-0513,1,2026-06-12 21:08:00,Bugis,SOK-M-02,Men's Pile Crew Socks,Socks,Men,5.9,5.9,False,1,5.9,NETS
ORC-20260612-0538,3,2026-06-12 17:00:11,  Orchard Central  ,TOP-M-10,Men's Merino Blend V-Neck Sweater,Tops,men,39.9,39.9,False,1,39.9,Card
BUG-20260612-1117,1,2026-06-12 12:03:51,Bugis,SOK-W-04,Women's Ribbed Crew Socks,Socks,Women,5.9,5.9,False,1,5.9,Cash
BUG-20260612-0303,1,2026-06-12 19:18:34,BUGIS,SOK-M-04,Men's Ribbed Crew Socks,Socks,Men,5.9,5.9,False,2,11.8,Card
ORC-20260612-1072,1,2026-06-12 15:28:52,Orchard Central,UND-M-01,Men's Airism Boxer Briefs,UNDERWEAR,Men,14.9,14.9,False,1,14.9,PayNow
BUG-20260612-0054,3,2026-06-12 18:33:01,Bugis,SOK-W-01,  Women's Ankle Socks 3-Pack  ,Socks,Women,14.9,14.9,False,1,14.9,Card
PUN-20260612-0339,1,2026-06-12 20:02:29,Punggol,SOK-W-04,Women's Ribbed Crew Socks,Socks,Women,5.9,5.9,False,1,5.9,Card
BUG-20260612-0722,3,2026-06-12 14:17:14,Bugis,SOK-M-03,Men's Airism Low-Cut Socks,Socks,Men,5.9,5.9,False,1,5.9,CARD
PUN-20260612-0590,3,2026-06-12 20:03:46,Punggol,SOK-W-03,Women's Airism Low-Cut Socks,Socks,Women,5.9,5.9,False,1,5.9,Card
BUG-20260612-0608,1,2026-06-12 17:15:49,Bugis,UND-W-04,Women's Airism T-Shirt Bra,Underwear,Women,29.9,29.9,False,2,59.8,Card
BUG-20260612-0351,1,2026-06-12 13:28:47,bugis,UND-M-01,Men's Airism Boxer Briefs,Underwear,Men,14.9,14.9,False,1,14.9,Cash
BUG-20260612-0819,2,2026-06-12 12:10:57,  Bugis  ,SOK-M-03,Men's Airism Low-Cut Socks,Socks,Men,5.9,5.9,False,1,5.9,PayNow
ORC-20260612-0306,1,2026-06-12 16:25:30,Orchard Central,SOK-M-01,Men's Ankle Socks 3-Pack,Socks,men,14.9,14.9,False,1,14.9,PayNow
BUG-20260612-0601,1,2026-06-12 19:09:41,Bugis,UND-M-01,  Men's Airism Boxer Briefs  ,Underwear,Men,14.9,14.9,False,1,14.9,Cash
BUG-20260612-0929,1,2026-06-12 20:50:50,Bugis,UND-M-02,Men's Cotton Blend Trunks,Underwear,Men,14.9,14.9,False,1,14.9,Card
ORC-20260612-0141,1,2026-06-12 21:36:54,Orchard Central,UND-M-10,,Underwear,Men,7.42,9.9,True,2,14.84,Cash
BUG-20260612-1206,1,2026-06-12 17:58:52,Bugis,BTM-M-03,Men's Selvedge Regular Fit Jeans,Bottoms,Men,59.9,59.9,False,1,59.9,NETS
PUN-20260612-0297,1,2026-06-12 19:34:14,Punggol,UND-W-09,Women's Cotton Boyshorts,Underwear,Women,9.9,9.9,False,1,9.9,Card
ORC-20260612-0918,2,2026-06-12 14:43:33,Orchard Central,TOP-M-02,Men's Supima Cotton Polo Shirt,Tops,Men,29.9,29.9,False,1,29.9,Card
ORC-20260612-0117,1,2026-06-12 21:18:09,Orchard Central,TOP-W-02,Women's Ribbed Long Sleeve Turtleneck,Tops,Women,19.9,19.9,False,1,19.9,Card
ORC-20260612-0995,1,2026-06-12 20:51:12,Orchard Central,SOK-W-04,Women's Ribbed Crew Socks,Socks,Women,5.9,5.9,False,1,5.9,paynow
PUN-20260612-0226,1,2026-06-12 20:14:11,Punggol,SOK-M-04,Men's Ribbed Crew Socks,Socks,Men,5.9,5.9,False,1,5.9,CASH
BUG-20260612-0956,1,2026-06-12 12:51:28,Bugis,SOK-M-03,  Men's Airism Low-Cut Socks  ,Socks,Men,5.9,5.9,False,2,11.8,PayNow
PUN-20260612-0715,1,2026-06-12 17:31:59,Punggol,SOK-W-03,Women's Airism Low-Cut Socks,Socks,Women,5.9,5.9,False,1,5.9,Card
PUN-20260612-0551,1,2026-06-12 18:10:54,Punggol,SOK-W-04,Women's Ribbed Crew Socks,Socks,Women,5.9,5.9,False,1,5.9,PayNow
ORC-20260612-0506,2,2026-06-12 17:02:43,Orchard Central,SOK-W-04,Women's Ribbed Crew Socks,Socks,Women,5.9,5.9,False,1,5.9,CARD
PUN-20260612-0580,2,2026-06-12 20:59:07,  Punggol  ,SOK-W-02,Women's Pile Crew Socks,Socks,Women,5.9,5.9,False,1,5.9,NETS
ORC-20260612-0248,2,2026-06-12 20:40:32,Orchard Central,UND-W-03,Women's Cotton Blend Briefs,Underwear,Women,9.9,9.9,False,1,9.9,NETS
ORC-20260612-0133,2,2026-06-12 18:48:32,  Orchard Central  ,TOP-W-01,Women's Airism Cotton Crew Neck T-Shirt,Tops,Women,14.9,14.9,False,1,14.9,NETS
PUN-20260612-0106,1,2026-06-12 12:49:26,Punggol,UND-M-01,Men's Airism Boxer Briefs,Underwear,Men,14.9,14.9,False,1,14.9,NETS
PUN-20260612-0700,2,2026-06-12 21:17:18,Punggol,SOK-W-01,Women's Ankle Socks 3-Pack,Socks,Women,14.9,14.9,False,1,$14.9,Card
ORC-20260612-0416,3,2026-06-12 22:06:36,Orchard Central,SOK-W-02,Women's Pile Crew Socks,Socks,Women,5.9,5.9,False,1,5.9,PayNow
BUG-20260612-0862,1,2026-06-12 12:32:58,  Bugis  ,TOP-W-02,Women's Ribbed Long Sleeve Turtleneck,Tops,women,19.9,19.9,False,1,19.9,Card
ORC-20260612-0196,2,2026-06-12 21:11:34,Orchard Central,SOK-M-02,Men's Pile Crew Socks,Socks,Men,5.9,5.9,False,1,5.9,Card
BUG-20260612-0769,2,2026-06-12 22:22:21,Bugis,TOP-M-02,Men's Supima Cotton Polo Shirt,Tops,Men,29.9,29.9,False,1,29.9,PayNow
PUN-20260612-0485,2,2026-06-12 14:17:59,Punggol,TOP-W-01,Women's Airism Cotton Crew Neck T-Shirt,Tops,Women,14.9,14.9,False,1,14.9,cash
ORC-20260612-0558,1,2026-06-12 13:29:29,Orchard Central,SOK-W-03,  Women's Airism Low-Cut Socks  ,Socks,Women,5.9,5.9,False,1,5.9,paynow
ORC-20260612-1231,2,2026-06-12 16:08:18,orchard central,SOK-W-01,Women's Ankle Socks 3-Pack,Socks,Women,14.9,14.9,False,1,14.9,NETS
ORC-20260612-1161,1,2026-06-12 13:27:57,Orchard Central,BTM-W-03,Women's Ezy Ankle Pants,Bottoms,Women,$29.9,29.9,False,1,29.9,NETS
ORC-20260612-0370,1,2026-06-12 14:50:10,Orchard Central,SOK-W-02,Women's Pile Crew Socks,Socks,Women,5.9,5.9,False,1,5.9,Card
ORC-20260612-0822,1,2026-06-12 17:30:02,Orchard Central,TOP-W-08,Women's Puff Sleeve Blouse,Tops,Women,20.35,29.9,True,1,20.35,paynow
BUG-20260612-1063,3,2026-06-12 16:43:51,BUGIS,TOP-M-03,Men's Dry-EX Crew Neck T-Shirt,Tops,Men,19.9,19.9,False,1,19.9,
PUN-20260612-0063,1,2026-06-12 12:30:54,Punggol,TOP-W-02,Women's Ribbed Long Sleeve Turtleneck,Tops,Women,19.9,19.9,False,1,19.9,PayNow
BUG-20260612-1186,1,2026-06-12 19:30:41,Bugis,SOK-W-04,Women's Ribbed Crew Socks,Socks,Women,5.9,5.9,False,1,5.9,NETS
ORC-20260612-1151,1,2026-06-12 22:07:58,Orchard Central,SOK-M-01,Men's Ankle Socks 3-Pack,Socks,Men,14.9,14.9,False,1,14.9,Card
ORC-20260612-1082,3,2026-06-12 19:45:31,orchard central,BTM-M-01,Men's Ezy Ankle Pants,Bottoms,Men,29.9,29.9,False,1,29.9,Card
ORC-20260612-0523,3,2026-06-12 21:25:42,Orchard Central,UND-W-03,Women's Cotton Blend Briefs,Underwear,Women,9.9,9.9,False,1,9.9,PayNow
PUN-20260612-0511,2,2026-06-12 19:38:07,Punggol,UND-W-03,Women's Cotton Blend Briefs,Underwear,WOMEN,9.9,9.9,False,1,9.9,Card
ORC-20260612-0999,1,2026-06-12 14:56:54,  Orchard Central  ,UND-M-10,Men's Cotton Blend Briefs,Underwear,Men,7.42,9.9,True,1,7.42,Card
BUG-20260612-1125,2,2026-06-12 21:55:04,Bugis,UND-M-04,Men's Cotton Crew Neck Undershirt,Underwear,Men,14.9,14.9,False,1,14.9,cash
BUG-20260612-1059,1,2026-06-12 20:49:56,  Bugis  ,TOP-W-01,Women's Airism Cotton Crew Neck T-Shirt,Tops,Women,14.9,14.9,False,1,14.9,Card
BUG-20260612-0493,2,2026-06-12 19:09:59,Bugis,TOP-M-04,Men's Oxford Long Sleeve Shirt,Tops,Men,29.9,29.9,False,1,29.9,Card
BUG-20260612-0502,1,2026-06-12 19:19:56,Bugis,BTM-M-03,Men's Selvedge Regular Fit Jeans,Bottoms,Men,59.9,59.9,False,1,59.9,Cash
ORC-20260612-0316,2,2026-06-12 19:30:36,Orchard Central,SOK-W-03,Women's Airism Low-Cut Socks,Socks,Women,5.9,5.9,False,1,5.9,PayNow
ORC-20260612-0983,1,2026-06-12 20:54:47,Orchard Central,SOK-W-03,Women's Airism Low-Cut Socks,Socks,Women,5.9,5.9,False,1,5.9,Card
ORC-20260612-0635,3,2026-06-12 17:40:37,Orchard Central,SOK-W-03,Women's Airism Low-Cut Socks,socks,Women,5.9,5.9,False,1,5.9,Card
PUN-20260612-0046,1,2026-06-12 19:26:02,Punggol,BTM-W-03,Women's Ezy Ankle Pants,Bottoms,Women,29.9,29.9,False,1,29.9,NETS
ORC-20260612-0525,2,2026-06-12 17:19:47,Orchard Central,UND-M-04,Men's Cotton Crew Neck Undershirt,Underwear,Men,14.9,14.9,False,1,14.9,Card
ORC-20260612-0872,1,2026-06-12 19:14:55,Orchard Central,SOK-M-03,Men's Airism Low-Cut Socks,Socks,Men,5.9,5.9,False,1,5.9,PayNow
PUN-20260612-0672,2,2026-06-12 21:07:35,Punggol,SOK-W-04,Women's Ribbed Crew Socks,Socks,women,5.9,5.9,False,1,5.9,PayNow
ORC-20260612-1240,1,2026-06-12 18:31:11,Orchard Central,SOK-W-03,Women's Airism Low-Cut Socks,Socks,Women,$5.9,5.9,False,1,5.9,PayNow
ORC-20260612-0441,2,2026-06-12 20:59:42,Orchard Central,SOK-M-02,Men's Pile Crew Socks,SOCKS,Men,5.9,5.9,False,2,11.8,Card
ORC-20260612-0095,1,2026-06-12 13:14:49,Orchard Central,UND-W-01,Women's Airism Bikini Shorts,Underwear,Women,9.9,9.9,False,1,9.9,card
ORC-20260612-0051,1,2026-06-12 19:36:07,Orchard Central,SOK-M-03,Men's Airism Low-Cut Socks,socks,Men,5.9,5.9,False,1,5.9,NETS
PUN-20260612-0493,2,2026-06-12 15:27:20,  Punggol  ,SOK-W-01,Women's Ankle Socks 3-Pack,Socks,women,14.9,14.9,False,1,14.9,Card
BUG-20260612-0063,1,2026-06-12 13:16:25,Bugis,SOK-W-04,Women's Ribbed Crew Socks,SOCKS,Women,5.9,5.9,False,1,5.9,Cash
ORC-20260612-0896,1,2026-06-12 13:06:04,Orchard Central,UND-M-02,Men's Cotton Blend Trunks,Underwear,Men,14.9,14.9,False,1,14.9,Cash
PUN-20260612-0495,2,2026-06-12 19:43:36,Punggol,SOK-M-04,Men's Ribbed Crew Socks,Socks,Men,5.9,5.9,False,1,5.9,CARD
BUG-20260612-0217,2,2026-06-12 20:24:11,Bugis,SOK-W-02,Women's Pile Crew Socks,Socks,Women,5.9,5.9,False,1,5.9,cash
PUN-20260612-0083,2,2026-06-12 19:23:23,Punggol,SOK-W-02,  Women's Pile Crew Socks  ,Socks,WOMEN,5.9,5.9,False,1,5.9,Cash
ORC-20260612-0575,2,2026-06-12 16:38:02,Orchard Central,UND-M-03,Men's Airism Mesh Boxer Briefs,Underwear,Men,14.9,14.9,False,1,14.9,CASH
BUG-20260612-1010,2,2026-06-12 20:29:15,Bugis,SOK-W-02,Women's Pile Crew Socks,Socks,Women,5.9,5.9,False,1,5.9,Card
BUG-20260612-0074,2,2026-06-12 14:49:21,Bugis,BTM-M-04,Men's Dry Stretch Shorts,Bottoms,Men,19.9,19.9,False,1,19.9,Card
ORC-20260612-1291,1,2026-06-12 20:39:24,  Orchard Central  ,UND-W-01,  Women's Airism Bikini Shorts  ,Underwear,Women,9.9,9.9,False,1,9.9,Card
ORC-20260612-0459,2,2026-06-12 20:18:04,Orchard Central,BTM-W-03,Women's Ezy Ankle Pants,Bottoms,Women,29.9,29.9,False,1,29.9,PayNow
ORC-20260612-0075,1,2026-06-12 18:26:35,Orchard Central,SOK-W-04,Women's Ribbed Crew Socks,SOCKS,Women,5.9,5.9,False,1,5.9,
ORC-20260612-0217,3,2026-06-12 21:11:27,Orchard Central,SOK-M-04,Men's Ribbed Crew Socks,Socks,Men,5.9,5.9,False,1,5.9,Card
PUN-20260612-0330,1,2026-06-12 13:18:34,Punggol,SOK-W-02,Women's Pile Crew Socks,Socks,Women,5.9,5.9,False,1,5.9,NETS
BUG-20260612-0066,2,2026-06-12 19:15:45,Bugis,BTM-M-03,Men's Selvedge Regular Fit Jeans,Bottoms,Men,59.9,59.9,False,1,59.9,NETS
BUG-20260612-0265,1,2026-06-12 14:41:46,Bugis,TOP-M-01,Men's Airism Cotton Crew Neck T-Shirt,TOPS,Men,14.9,14.9,False,1,14.9,PayNow
BUG-20260612-0520,1,2026-06-12 19:12:22,Bugis,UND-M-04,Men's Cotton Crew Neck Undershirt,Underwear,men,14.9,14.9,False,2,29.8,paynow
BUG-20260612-1127,1,2026-06-12 19:43:06,Bugis,UND-M-07,Men's Stretch Cotton Boxers,Underwear,Men,14.9,14.9,False,1,14.9,PayNow
ORC-20260612-1216,1,2026-06-12 18:32:09,Orchard Central,UND-W-01,Women's Airism Bikini Shorts,Underwear,Women,9.9,9.9,False,1,9.9,PayNow
BUG-20260612-0469,1,2026-06-12 11:44:05,Bugis,BTM-M-02,Men's Slim Fit Chino Trousers,Bottoms,MEN,29.9,29.9,False,1,29.9,PayNow
PUN-20260612-0168,1,2026-06-12 21:38:25,Punggol,SOK-M-01,Men's Ankle Socks 3-Pack,Socks,Men,14.9,14.9,False,2,29.8,Card
ORC-20260612-0034,3,2026-06-12 20:24:50,Orchard Central,TOP-M-02,Men's Supima Cotton Polo Shirt,Tops,Men,29.9,29.9,False,1,29.9,Card
ORC-20260612-0358,1,2026-06-12 12:33:26,Orchard Central,SOK-M-03,Men's Airism Low-Cut Socks,Socks,Men,5.9,5.9,False,1,5.9,PayNow
ORC-20260612-0875,1,2026-06-12 12:55:32,Orchard Central,BTM-W-03,Women's Ezy Ankle Pants,Bottoms,Women,29.9,29.9,False,1,29.9,Card
ORC-20260612-1239,3,2026-06-12 19:12:08,ORCHARD CENTRAL,TOP-W-01,Women's Airism Cotton Crew Neck T-Shirt,Tops,Women,14.9,14.9,False,1,14.9,PayNow
ORC-20260612-0688,1,2026-06-12 14:30:56,Orchard Central,SOK-M-03,Men's Airism Low-Cut Socks,SOCKS,Men,5.9,5.9,False,1,5.9,Card
PUN-20260612-0028,2,2026-06-12 21:39:48,Punggol,SOK-W-02,Women's Pile Crew Socks,Socks,Women,5.9,5.9,False,1,5.9,Card
PUN-20260612-0007,1,2026-06-12 12:33:35,Punggol,TOP-M-02,Men's Supima Cotton Polo Shirt,Tops,Men,29.9,29.9,False,1,29.9,paynow
BUG-20260612-0804,3,2026-06-12 22:20:23,Bugis,UND-M-04,Men's Cotton Crew Neck Undershirt,Underwear,Men,14.9,14.9,False,1,14.9,Card
ORC-20260612-0154,1,2026-06-12 12:35:23,Orchard Central,SOK-W-02,Women's Pile Crew Socks,Socks,WOMEN,5.9,5.9,False,1,5.9,NETS
BUG-20260612-0671,1,2026-06-12 20:46:13,Bugis,SOK-W-03,Women's Airism Low-Cut Socks,Socks,Women,5.9,5.9,False,1,5.9,Card
PUN-20260612-0737,1,2026-06-12 14:13:56,punggol,SOK-M-02,Men's Pile Crew Socks,Socks,Men,5.9,5.9,False,1,5.9,Cash
BUG-20260612-0672,1,2026-06-12 18:38:30,  BUGIS  ,SOK-W-02,  Women's Pile Crew Socks  ,Socks,Women,5.9,5.9,False,2,11.8,Card
BUG-20260612-0610,3,2026-06-12 13:51:52,Bugis,SOK-W-02,Women's Pile Crew Socks,SOCKS,Women,5.9,5.9,False,2,11.8,NETS
BUG-20260612-0422,1,2026-06-12 22:46:06,Bugis,SOK-M-04,Men's Ribbed Crew Socks,Socks,Men,$5.9,5.9,False,1,5.9,NETS
PUN-20260612-0765,2,2026-06-12 17:17:14,Punggol,UND-W-03,  Women's Cotton Blend Briefs  ,Underwear,Women,9.9,9.9,False,1,9.9,Cash
PUN-20260612-0738,2,2026-06-12 19:20:15,Punggol,SOK-W-02,Women's Pile Crew Socks,Socks,Women,5.9,5.9,False,1,5.9,NETS
BUG-20260612-0196,3,2026-06-12 15:10:10,  Bugis  ,TOP-M-01,Men's Airism Cotton Crew Neck T-Shirt,Tops,Men,14.9,14.9,False,1,14.9,Card
PUN-20260612-0350,1,2026-06-12 11:22:15,Punggol,SOK-M-04,Men's Ribbed Crew Socks,Socks,Men,5.9,5.9,False,1,5.9,Card
PUN-20260612-0281,2,2026-06-12 19:17:07,Punggol,TOP-W-01,Women's Airism Cotton Crew Neck T-Shirt,Tops,Women,14.9,14.9,False,1,14.9,nets
BUG-20260612-0846,1,2026-06-12 17:01:19,BUGIS,TOP-M-01,Men's Airism Cotton Crew Neck T-Shirt,Tops,Men,14.9,14.9,False,1,14.9,NETS
BUG-20260612-0392,2,2026-06-12 20:52:00,Bugis,UND-W-03,Women's Cotton Blend Briefs,Underwear,Women,9.9,9.9,False,1,9.9,Card
PUN-20260612-0424,1,2026-06-12 22:34:15,Punggol,SOK-W-01,Women's Ankle Socks 3-Pack,Socks,Women,14.9,14.9,False,1,14.9,Card
BUG-20260612-0771,3,2026-06-12 21:00:27,bugis,SOK-W-04,Women's Ribbed Crew Socks,Socks,Women,5.9,5.9,False,1,5.9,PayNow
ORC-20260612-1260,1,2026-06-12 18:29:06,Orchard Central,TOP-W-02,Women's Ribbed Long Sleeve Turtleneck,Tops,women,19.9,19.9,False,1,19.9,Card
ORC-20260612-1276,1,2026-06-12 21:32:13,ORCHARD CENTRAL,UND-M-03,Men's Airism Mesh Boxer Briefs,Underwear,Men,14.9,14.9,False,1,14.9,Card
ORC-20260612-0488,2,2026-06-12 20:48:09,Orchard Central,SOK-M-04,Men's Ribbed Crew Socks,Socks,Men,5.9,5.9,False,1,5.9,Card
PUN-20260612-0284,1,2026-06-12 19:29:50,Punggol,UND-W-04,Women's Airism T-Shirt Bra,Underwear,Women,29.9,29.9,False,1,29.9,PayNow
PUN-20260612-0262,2,2026-06-12 20:17:33,Punggol,TOP-W-02,Women's Ribbed Long Sleeve Turtleneck,Tops,Women,19.9,19.9,False,1,19.9,PayNow
ORC-20260612-0189,2,2026-06-12 19:58:31,Orchard Central,UND-W-01,Women's Airism Bikini Shorts,Underwear,Women,9.9,9.9,False,1,$9.9,PayNow
PUN-20260612-0174,1,2026-06-12 18:05:26,  Punggol  ,BTM-M-01,Men's Ezy Ankle Pants,Bottoms,Men,29.9,29.9,False,1,29.9,cash
PUN-20260612-0588,2,2026-06-12 20:14:51,Punggol,SOK-W-04,Women's Ribbed Crew Socks,Socks,Women,5.9,5.9,False,1,5.9,Paynow
PUN-20260612-0234,1,2026-06-12 16:29:15,  Punggol  ,TOP-W-04,  Women's Heattech Crew Neck Long Sleeve Tee  ,Tops,Women,14.9,14.9,False,1,14.9,Card
BUG-20260612-0619,1,2026-06-12 12:04:36,Bugis,SOK-W-02,Women's Pile Crew Socks,Socks,women,5.9,5.9,False,2,11.8,Cash
PUN-20260612-0701,1,2026-06-12 17:03:20,Punggol,UND-W-01,Women's Airism Bikini Shorts,Underwear,Women,9.9,9.9,False,1,9.9,Card
BUG-20260612-0090,1,2026-06-12 19:06:20,Bugis,SOK-M-03,Men's Airism Low-Cut Socks,SOCKS,Men,5.9,5.9,False,2,11.8,card
PUN-20260612-0134,2,2026-06-12 19:15:10,  Punggol  ,BTM-M-02,Men's Slim Fit Chino Trousers,Bottoms,Men,29.9,29.9,False,1,29.9,Card
ORC-20260612-1035,3,2026-06-12 19:07:19,Orchard Central,SOK-W-03,Women's Airism Low-Cut Socks,Socks,Women,5.9,5.9,False,1,5.9,Cash
BUG-20260612-0117,1,2026-06-12 21:05:50,Bugis,SOK-M-01,Men's Ankle Socks 3-Pack,Socks,men,14.9,14.9,False,1,14.9,Card
BUG-20260612-0461,1,2026-06-12 17:15:34,BUGIS,SOK-W-01,Women's Ankle Socks 3-Pack,Socks,Women,14.9,14.9,False,1,14.9,Card
ORC-20260612-0613,1,2026-06-12 18:01:41,Orchard Central,SOK-W-01,Women's Ankle Socks 3-Pack,Socks,Women,14.9,14.9,False,1,14.9,PayNow
PUN-20260612-0177,2,2026-06-12 19:19:21,Punggol,TOP-M-02,  Men's Supima Cotton Polo Shirt  ,Tops,MEN,29.9,29.9,False,1,29.9,PayNow
ORC-20260612-0670,3,2026-06-12 20:09:20,Orchard Central,UND-M-04,Men's Cotton Crew Neck Undershirt,Underwear,MEN,14.9,14.9,False,1,14.9,Card
ORC-20260612-0939,2,2026-06-12 20:19:53,Orchard Central,UND-M-01,Men's Airism Boxer Briefs,Underwear,Men,14.9,14.9,False,1,14.9,Cash
ORC-20260612-0331,2,2026-06-12 19:50:35,Orchard Central,UND-M-01,Men's Airism Boxer Briefs,Underwear,Men,14.9,14.9,False,1,14.9,Card
ORC-20260612-0138,2,2026-06-12 22:29:40,Orchard Central,TOP-M-01,Men's Airism Cotton Crew Neck T-Shirt,Tops,Men,14.9,14.9,False,1,14.9,Cash
BUG-20260612-1014,2,2026-06-12 21:37:47,Bugis,TOP-W-02,Women's Ribbed Long Sleeve Turtleneck,tops,Women,19.9,19.9,False,1,19.9,PayNow
ORC-20260612-0776,3,2026-06-12 19:53:48,ORCHARD CENTRAL,SOK-M-04,Men's Ribbed Crew Socks,Socks,Men,5.9,5.9,False,1,$5.9,NETS
ORC-20260612-0446,2,2026-06-12 18:45:15,Orchard Central,SOK-W-03,Women's Airism Low-Cut Socks,Socks,Women,5.9,5.9,False,1,5.9,
ORC-20260612-1172,1,2026-06-12 20:01:18,Orchard Central,TOP-W-04,Women's Heattech Crew Neck Long Sleeve Tee,tops,Women,14.9,14.9,False,1,14.9,PAYNOW
ORC-20260612-0984,1,2026-06-12 21:53:59,Orchard Central,SOK-W-02,Women's Pile Crew Socks,Socks,Women,5.9,5.9,False,1,5.9,NETS
BUG-20260612-0206,1,2026-06-12 16:42:24,Bugis,UND-M-01,Men's Airism Boxer Briefs,Underwear,Men,14.9,14.9,False,1,14.9,Card
BUG-20260612-0591,2,2026-06-12 21:59:41,Bugis,SOK-M-03,  Men's Airism Low-Cut Socks  ,SOCKS,Men,5.9,5.9,False,1,5.9,PAYNOW
ORC-20260612-0130,1,2026-06-12 19:54:21,Orchard Central,UND-M-04,Men's Cotton Crew Neck Undershirt,Underwear,MEN,14.9,14.9,False,1,14.9,Cash
ORC-20260612-1201,1,2026-06-12 17:36:37,Orchard Central,SOK-M-03,Men's Airism Low-Cut Socks,Socks,Men,5.9,5.9,False,1,5.9,NETS
BUG-20260612-0575,1,2026-06-12 20:08:30,Bugis,TOP-W-01,Women's Airism Cotton Crew Neck T-Shirt,Tops,Women,14.9,14.9,False,1,14.9,PayNow
ORC-20260612-0846,1,2026-06-12 19:37:41,orchard central,SOK-W-02,Women's Pile Crew Socks,Socks,Women,5.9,5.9,False,1,5.9,Card
ORC-20260612-1023,2,2026-06-12 16:45:17,Orchard Central,SOK-W-03,  Women's Airism Low-Cut Socks  ,Socks,Women,5.9,5.9,False,1,5.9,Card
PUN-20260612-0527,2,2026-06-12 13:01:39,Punggol,UND-W-03,Women's Cotton Blend Briefs,Underwear,Women,9.9,9.9,False,1,9.9,CASH
PUN-20260612-0427,3,2026-06-12 20:06:01,Punggol,TOP-M-01,Men's Airism Cotton Crew Neck T-Shirt,Tops,MEN,14.9,14.9,False,1,14.9,Cash
ORC-20260612-1068,1,2026-06-12 19:55:50,Orchard Central,TOP-M-04,Men's Oxford Long Sleeve Shirt,Tops,Men,29.9,29.9,False,1,29.9,Card
BUG-20260612-1038,3,2026-06-12 19:09:33,Bugis,TOP-M-01,Men's Airism Cotton Crew Neck T-Shirt,Tops,Men,14.9,14.9,False,1,14.9,PayNow
BUG-20260612-0028,1,2026-06-12 20:41:27,Bugis,TOP-M-02,Men's Supima Cotton Polo Shirt,Tops,Men,29.9,29.9,False,1,29.9,Card
ORC-20260612-0277,3,2026-06-12 16:38:03,Orchard Central,SOK-M-04,Men's Ribbed Crew Socks,Socks,Men,5.9,5.9,False,1,5.9,NETS
PUN-20260612-0790,3,2026-06-12 19:00:35,  Punggol  ,BTM-M-02,Men's Slim Fit Chino Trousers,Bottoms,Men,29.9,29.9,False,1,29.9,PayNow
PUN-20260612-0548,2,2026-06-12 21:01:31,Punggol,SOK-W-04,Women's Ribbed Crew Socks,Socks,women,5.9,5.9,False,2,11.8,Card
ORC-20260612-1156,3,2026-06-12 13:32:13,Orchard Central,SOK-W-01,Women's Ankle Socks 3-Pack,Socks,Women,14.9,14.9,False,1,14.9,PayNow
ORC-20260612-0065,1,2026-06-12 20:50:59,Orchard Central,SOK-M-02,Men's Pile Crew Socks,Socks,Men,5.9,5.9,False,1,5.9,Card
ORC-20260612-0304,2,2026-06-12 17:07:16,Orchard Central,UND-M-01,Men's Airism Boxer Briefs,Underwear,Men,14.9,14.9,False,2,29.8,Card
PUN-20260612-0213,1,2026-06-12 12:43:47,Punggol,UND-M-08,Men's Airism V-Neck Undershirt,Underwear,Men,9.9,9.9,False,1,9.9,Cash
PUN-20260612-0390,1,2026-06-12 22:19:28,Punggol,BTM-W-03,Women's Ezy Ankle Pants,Bottoms,Women,29.9,29.9,False,1,29.9,NETS
ORC-20260612-0329,1,2026-06-12 11:47:57,Orchard Central,TOP-M-03,Men's Dry-EX Crew Neck T-Shirt,Tops,Men,19.9,19.9,False,1,19.9,Card
PUN-20260612-0041,1,2026-06-12 12:40:01,Punggol,SOK-W-02,Women's Pile Crew Socks,Socks,Women,5.9,5.9,False,1,5.9,NETS
BUG-20260612-1187,2,2026-06-12 16:18:03,Bugis,BTM-M-01,Men's Ezy Ankle Pants,Bottoms,Men,29.9,29.9,False,1,29.9,Card
ORC-20260612-0500,2,2026-06-12 22:35:48,  Orchard Central  ,UND-M-04,Men's Cotton Crew Neck Undershirt,Underwear,Men,14.9,14.9,False,1,14.9,PayNow
BUG-20260612-0976,1,2026-06-12 13:44:57,Bugis,SOK-W-02,Women's Pile Crew Socks,Socks,WOMEN,5.9,5.9,False,1,5.9,
PUN-20260612-0445,1,2026-06-12 21:58:34,Punggol,SOK-W-02,Women's Pile Crew Socks,Socks,Women,5.9,5.9,False,1,5.9,Card
ORC-20260612-1033,2,2026-06-12 17:34:35,  Orchard Central  ,UND-M-10,Men's Cotton Blend Briefs,Underwear,Men,7.42,9.9,True,1,7.42,Nets
ORC-20260612-1262,1,2026-06-12 19:26:03,  Orchard Central  ,SOK-M-02,Men's Pile Crew Socks,Socks,Men,5.9,5.9,False,2,11.8,Card
BUG-20260612-0813,2,2026-06-12 21:09:07,Bugis,SOK-M-01,Men's Ankle Socks 3-Pack,Socks,Men,14.9,14.9,False,1,14.9,PayNow
BUG-20260612-0718,3,2026-06-12 19:15:41,Bugis,BTM-M-05,Men's Wide Fit Cargo Pants,Bottoms,Men,$26.68,39.9,True,1,26.68,Card
ORC-20260612-0055,1,2026-06-12 14:11:43,Orchard Central,UND-W-03,Women's Cotton Blend Briefs,Underwear,Women,9.9,9.9,False,1,9.9,Card
BUG-20260612-1017,1,2026-06-12 18:21:15,  Bugis  ,SOK-M-04,Men's Ribbed Crew Socks,SOCKS,Men,5.9,5.9,False,1,5.9,Card
ORC-20260612-0882,2,2026-06-12 18:19:47,ORCHARD CENTRAL,SOK-W-01,Women's Ankle Socks 3-Pack,socks,Women,14.9,14.9,False,1,14.9,Card
ORC-20260612-0191,1,2026-06-12 17:19:48,Orchard Central,BTM-W-03,Women's Ezy Ankle Pants,Bottoms,women,29.9,29.9,False,1,29.9,Card
PUN-20260612-0281,1,2026-06-12 19:17:07,Punggol,TOP-W-02,  Women's Ribbed Long Sleeve Turtleneck  ,tops,Women,19.9,19.9,False,1,19.9,NETS
ORC-20260612-1164,3,2026-06-12 16:41:01,Orchard Central,UND-W-01,Women's Airism Bikini Shorts,Underwear,WOMEN,9.9,9.9,False,1,9.9,Card
BUG-20260612-0422,2,2026-06-12 22:46:06,Bugis,SOK-M-03,Men's Airism Low-Cut Socks,Socks,Men,5.9,5.9,False,1,5.9,NETS
ORC-20260612-0677,1,2026-06-12 16:20:09,Orchard Central,SOK-W-02,  Women's Pile Crew Socks  ,Socks,Women,5.9,5.9,False,1,$5.9,Card
ORC-20260612-1025,1,2026-06-12 19:34:00,Orchard Central,TOP-W-01,Women's Airism Cotton Crew Neck T-Shirt,Tops,Women,14.9,14.9,False,1,14.9,PayNow
ORC-20260612-0292,1,2026-06-12 17:19:38,Orchard Central,SOK-W-06,Women's Heattech Socks,Socks,Women,9.9,9.9,False,2,19.8,PayNow
BUG-20260612-0617,1,2026-06-12 19:51:49,Bugis,SOK-M-03,Men's Airism Low-Cut Socks,Socks,Men,5.9,5.9,False,1,5.9,paynow
BUG-20260612-0913,2,2026-06-12 12:36:49,Bugis,TOP-M-01,Men's Airism Cotton Crew Neck T-Shirt,Tops,MEN,14.9,14.9,False,1,14.9,PayNow
PUN-20260612-0357,1,2026-06-12 13:28:11,Punggol,TOP-M-04,Men's Oxford Long Sleeve Shirt,Tops,Men,29.9,29.9,False,1,29.9,NETS
PUN-20260612-0775,1,2026-06-12 15:10:59,Punggol,SOK-M-04,Men's Ribbed Crew Socks,Socks,Men,5.9,5.9,False,1,5.9,PayNow
BUG-20260612-0033,3,2026-06-12 19:59:36,Bugis,BTM-M-03,Men's Selvedge Regular Fit Jeans,Bottoms,Men,59.9,59.9,False,1,59.9,NETS
ORC-20260612-0950,1,2026-06-12 13:41:50,orchard central,UND-M-10,Men's Cotton Blend Briefs,Underwear,Men,7.42,9.9,True,1,7.42,Card
BUG-20260612-0252,2,2026-06-12 20:39:51,Bugis,TOP-W-08,Women's Puff Sleeve Blouse,Tops,Women,20.35,29.9,True,1,20.35,Cash
PUN-20260612-0219,2,2026-06-12 13:34:35,Punggol,SOK-W-02,Women's Pile Crew Socks,Socks,Women,5.9,5.9,False,1,5.9,PayNow
BUG-20260612-0338,1,2026-06-12 21:40:18,Bugis,UND-M-01,Men's Airism Boxer Briefs,Underwear,MEN,14.9,14.9,False,2,29.8,Card
ORC-20260612-0521,1,2026-06-12 18:04:37,  ORCHARD CENTRAL  ,TOP-W-02,Women's Ribbed Long Sleeve Turtleneck,Tops,WOMEN,19.9,19.9,False,1,19.9,Card
BUG-20260612-0890,2,2026-06-12 19:45:59,Bugis,UND-M-04,Men's Cotton Crew Neck Undershirt,UNDERWEAR,Men,14.9,14.9,False,2,29.8,NETS
BUG-20260612-0329,1,2026-06-12 19:06:49,  Bugis  ,UND-W-02,Women's Wireless Bra,Underwear,Women,29.9,29.9,False,1,29.9,PayNow
ORC-20260612-1080,1,2026-06-12 20:49:32,  Orchard Central  ,SOK-M-02,Men's Pile Crew Socks,Socks,MEN,5.9,5.9,False,1,5.9,NETS
ORC-20260612-0426,2,2026-06-12 13:00:20,Orchard Central,UND-W-04,Women's Airism T-Shirt Bra,Underwear,Women,29.9,29.9,False,2,59.8,Card
BUG-20260612-0106,2,2026-06-12 20:11:40,Bugis,TOP-M-01,Men's Airism Cotton Crew Neck T-Shirt,Tops,Men,14.9,14.9,False,1,14.9,Nets
BUG-20260612-0393,1,2026-06-12 20:09:02,Bugis,UND-W-03,Women's Cotton Blend Briefs,Underwear,Women,9.9,9.9,False,1,9.9,Card
PUN-20260612-0093,2,2026-06-12 14:59:35,PUNGGOL,SOK-W-04,Women's Ribbed Crew Socks,Socks,Women,5.9,5.9,False,1,5.9,Card
ORC-20260612-0340,1,2026-06-12 19:20:53,Orchard Central,TOP-W-04,Women's Heattech Crew Neck Long Sleeve Tee,Tops,Women,14.9,14.9,False,1,14.9,PayNow
BUG-20260612-0330,1,2026-06-12 13:57:01,Bugis,UND-M-01,  Men's Airism Boxer Briefs  ,Underwear,Men,14.9,14.9,False,1,14.9,Card
ORC-20260612-1036,3,2026-06-12 12:03:12,ORCHARD CENTRAL,SOK-W-02,Women's Pile Crew Socks,socks,Women,5.9,5.9,False,1,5.9,NETS
PUN-20260612-0497,1,2026-06-12 20:02:44,Punggol,SOK-W-02,Women's Pile Crew Socks,Socks,Women,5.9,5.9,False,1,5.9,Cash
BUG-20260612-0494,1,2026-06-12 19:57:40,Bugis,SOK-W-04,Women's Ribbed Crew Socks,Socks,Women,5.9,5.9,False,1,5.9,Cash
BUG-20260612-0413,1,2026-06-12 22:11:29,Bugis,SOK-W-01,Women's Ankle Socks 3-Pack,Socks,women,14.9,14.9,False,1,14.9,PayNow
BUG-20260612-0996,2,2026-06-12 20:00:56,  Bugis  ,SOK-M-01,Men's Ankle Socks 3-Pack,Socks,Men,14.9,14.9,False,1,14.9,PayNow
ORC-20260612-0399,2,2026-06-12 13:28:57,Orchard Central,SOK-W-02,Women's Pile Crew Socks,SOCKS,Women,5.9,5.9,False,2,11.8,Card
BUG-20260612-0269,1,2026-06-12 19:56:08,Bugis,UND-W-04,Women's Airism T-Shirt Bra,UNDERWEAR,Women,29.9,29.9,False,1,29.9,Card
ORC-20260612-0979,1,2026-06-12 19:24:41,  Orchard Central  ,TOP-M-01,Men's Airism Cotton Crew Neck T-Shirt,Tops,Men,14.9,14.9,False,1,$14.9,PayNow
BUG-20260612-0387,2,2026-06-12 20:54:36,  Bugis  ,TOP-M-04,Men's Oxford Long Sleeve Shirt,Tops,Men,29.9,29.9,False,1,29.9,Card
ORC-20260612-0188,1,2026-06-12 14:04:51,Orchard Central,SOK-W-01,Women's Ankle Socks 3-Pack,Socks,Women,14.9,14.9,False,2,29.8,PayNow
BUG-20260612-0230,2,2026-06-12 11:58:25,Bugis,SOK-M-01,Men's Ankle Socks 3-Pack,Socks,Men,14.9,14.9,False,1,14.9,PayNow
PUN-20260612-0398,2,2026-06-12 20:08:13,Punggol,SOK-M-04,Men's Ribbed Crew Socks,Socks,Men,5.9,5.9,False,1,5.9,Card
ORC-20260612-0255,1,2026-06-12 20:36:19,Orchard Central,SOK-M-02,Men's Pile Crew Socks,Socks,Men,5.9,5.9,False,1,5.9,Card
PUN-20260612-0455,1,2026-06-12 20:19:20,Punggol,UND-M-03,  Men's Airism Mesh Boxer Briefs  ,Underwear,Men,14.9,14.9,False,2,29.8,PayNow
ORC-20260612-0951,1,2026-06-12 13:46:37,Orchard Central,TOP-M-10,Men's Merino Blend V-Neck Sweater,Tops,Men,39.9,39.9,False,1,39.9,Card
BUG-20260612-0555,1,2026-06-12 19:41:37,Bugis,TOP-M-02,Men's Supima Cotton Polo Shirt,Tops,men,29.9,29.9,False,1,29.9,Card
PUN-20260612-0479,2,2026-06-12 21:19:14,Punggol,SOK-W-01,  Women's Ankle Socks 3-Pack  ,Socks,Women,14.9,14.9,False,1,14.9,NETS
PUN-20260612-0572,1,2026-06-12 18:37:49,Punggol,SOK-W-03,Women's Airism Low-Cut Socks,Socks,Women,5.9,5.9,False,1,5.9,Card
ORC-20260612-0995,2,2026-06-12 20:51:12,Orchard Central,SOK-W-04,Women's Ribbed Crew Socks,socks,Women,5.9,5.9,False,1,5.9,PayNow
PUN-20260612-0440,2,2026-06-12 11:56:56,Punggol,TOP-M-03,  Men's Dry-EX Crew Neck T-Shirt  ,Tops,Men,19.9,19.9,False,1,19.9,NETS
ORC-20260612-0345,1,2026-06-12 15:51:54,Orchard Central,SOK-M-03,Men's Airism Low-Cut Socks,Socks,Men,5.9,5.9,False,1,5.9,cash
PUN-20260612-0300,3,2026-06-12 22:11:04,  punggol  ,SOK-M-02,Men's Pile Crew Socks,Socks,Men,5.9,5.9,False,1,5.9,Card
BUG-20260612-0103,1,2026-06-12 20:36:43,bugis,BTM-M-01,Men's Ezy Ankle Pants,Bottoms,Men,29.9,29.9,False,1,29.9,Card
ORC-20260612-0688,2,2026-06-12 14:30:56,Orchard Central,BTM-M-02,Men's Slim Fit Chino Trousers,Bottoms,Men,29.9,29.9,False,1,29.9,Card
PUN-20260612-0455,2,2026-06-12 20:19:20,Punggol,SOK-W-01,Women's Ankle Socks 3-Pack,Socks,Women,14.9,14.9,False,1,14.9,PayNow
ORC-20260612-0829,1,2026-06-12 21:03:06,Orchard Central,SOK-M-01,Men's Ankle Socks 3-Pack,SOCKS,Men,14.9,14.9,False,2,29.8,paynow
BUG-20260612-1060,1,2026-06-12 20:51:50,Bugis,SOK-M-03,Men's Airism Low-Cut Socks,Socks,Men,$5.9,5.9,False,1,5.9,Card
BUG-20260612-0341,1,2026-06-12 18:11:23,Bugis,SOK-W-04,Women's Ribbed Crew Socks,Socks,Women,5.9,5.9,False,1,5.9,Cash
ORC-20260612-0118,1,2026-06-12 20:38:00,orchard central,TOP-M-02,Men's Supima Cotton Polo Shirt,Tops,Men,29.9,29.9,False,1,29.9,Card
BUG-20260612-0400,3,2026-06-12 13:39:10,Bugis,SOK-W-02,Women's Pile Crew Socks,Socks,WOMEN,5.9,5.9,False,1,$5.9,CASH
ORC-20260612-0927,3,2026-06-12 12:15:48,Orchard Central,TOP-W-04,Women's Heattech Crew Neck Long Sleeve Tee,Tops,Women,14.9,14.9,False,1,14.9,nets
ORC-20260612-0175,3,2026-06-12 15:30:02,Orchard Central,BTM-W-03,Women's Ezy Ankle Pants,Bottoms,Women,29.9,29.9,False,1,29.9,PayNow
BUG-20260612-1231,2,2026-06-12 16:54:58,BUGIS,TOP-M-01,Men's Airism Cotton Crew Neck T-Shirt,Tops,MEN,14.9,14.9,False,1,14.9,Paynow
BUG-20260612-0597,1,2026-06-12 16:38:17,Bugis,SOK-W-06,  Women's Heattech Socks  ,Socks,Women,9.9,9.9,False,1,9.9,Card
PUN-20260612-0631,2,2026-06-12 19:47:39,PUNGGOL,SOK-W-03,Women's Airism Low-Cut Socks,Socks,Women,5.9,5.9,False,2,11.8,Card
PUN-20260612-0610,3,2026-06-12 14:56:38,Punggol,UND-W-01,  Women's Airism Bikini Shorts  ,Underwear,Women,9.9,9.9,False,1,9.9,PayNow
PUN-20260612-0535,1,2026-06-12 14:15:47,Punggol,SOK-W-04,Women's Ribbed Crew Socks,socks,Women,5.9,5.9,False,1,5.9,Cash
BUG-20260612-0889,3,2026-06-12 20:10:23,Bugis,SOK-W-02,Women's Pile Crew Socks,socks,Women,5.9,5.9,False,1,5.9,NETS
BUG-20260612-0483,1,2026-06-12 21:19:50,Bugis,UND-W-03,Women's Cotton Blend Briefs,Underwear,Women,9.9,9.9,False,1,9.9,Card
PUN-20260612-0328,1,2026-06-12 21:57:37,Punggol,UND-M-02,Men's Cotton Blend Trunks,Underwear,Men,14.9,14.9,False,1,14.9,Nets
BUG-20260612-0735,3,2026-06-12 11:10:33,Bugis,BTM-W-03,Women's Ezy Ankle Pants,Bottoms,Women,29.9,29.9,False,1,29.9,PayNow
PUN-20260612-0717,2,2026-06-12 19:06:24,  Punggol  ,SOK-M-01,Men's Ankle Socks 3-Pack,Socks,men,14.9,14.9,False,1,14.9,Cash
ORC-20260612-0159,1,2026-06-12 16:11:34,ORCHARD CENTRAL,TOP-W-01,Women's Airism Cotton Crew Neck T-Shirt,Tops,Women,14.9,14.9,False,1,14.9,Card
PUN-20260612-0805,1,2026-06-12 16:07:48,Punggol,SOK-M-05,Men's Sport Ankle Socks,Socks,Men,5.9,5.9,False,1,$5.9,Card
BUG-20260612-0429,2,2026-06-12 18:43:02,Bugis,SOK-M-02,Men's Pile Crew Socks,Socks,Men,5.9,5.9,False,1,5.9,Card
ORC-20260612-0327,1,2026-06-12 16:45:03,orchard central,UND-W-02,Women's Wireless Bra,Underwear,Women,$29.9,29.9,False,1,29.9,PayNow
ORC-20260612-0607,2,2026-06-12 18:05:44,  Orchard Central  ,SOK-W-04,Women's Ribbed Crew Socks,Socks,Women,5.9,5.9,False,1,5.9,Card
PUN-20260612-0287,1,2026-06-12 18:39:24,Punggol,SOK-W-03,Women's Airism Low-Cut Socks,Socks,Women,5.9,5.9,False,1,5.9,card
PUN-20260612-0768,3,2026-06-12 19:24:19,Punggol,TOP-W-03,Women's Silky Satin Blouse,Tops,Women,39.9,39.9,False,1,39.9,Card
PUN-20260612-0354,3,2026-06-12 16:09:02,Punggol,TOP-M-02,Men's Supima Cotton Polo Shirt,Tops,Men,29.9,29.9,False,1,29.9,PayNow
ORC-20260612-1076,1,2026-06-12 21:45:38,Orchard Central,UND-W-03,Women's Cotton Blend Briefs,Underwear,Women,9.9,9.9,False,2,19.8,NETS
PUN-20260612-0167,1,2026-06-12 14:28:01,Punggol,SOK-W-01,Women's Ankle Socks 3-Pack,Socks,Women,14.9,14.9,False,1,14.9,Cash
ORC-20260612-1188,2,2026-06-12 19:49:28,Orchard Central,UND-W-04,Women's Airism T-Shirt Bra,Underwear,Women,29.9,29.9,False,1,29.9,NETS
BUG-20260612-0446,3,2026-06-12 21:47:51,Bugis,TOP-W-01,Women's Airism Cotton Crew Neck T-Shirt,tops,Women,14.9,14.9,False,1,14.9,Card
ORC-20260612-0664,1,2026-06-12 16:05:54,orchard central,SOK-W-07,  Women's Striped Crew Socks  ,Socks,Women,5.9,5.9,False,1,5.9,NETS
PUN-20260612-0605,2,2026-06-12 20:19:52,Punggol,UND-M-02,Men's Cotton Blend Trunks,Underwear,Men,14.9,14.9,False,1,14.9,Card
ORC-20260612-0097,1,2026-06-12 18:10:04,Orchard Central,TOP-M-01,Men's Airism Cotton Crew Neck T-Shirt,Tops,Men,14.9,14.9,False,1,14.9,PayNow
PUN-20260612-0199,2,2026-06-12 20:08:37,  Punggol  ,SOK-M-02,Men's Pile Crew Socks,Socks,Men,5.9,5.9,False,1,5.9,NETS
ORC-20260612-0831,1,2026-06-12 19:36:35,Orchard Central,TOP-W-02,Women's Ribbed Long Sleeve Turtleneck,Tops,Women,19.9,19.9,False,1,19.9,Card
ORC-20260612-1241,1,2026-06-12 19:57:13,Orchard Central,SOK-W-02,Women's Pile Crew Socks,SOCKS,Women,5.9,5.9,False,1,5.9,Card
BUG-20260612-1241,1,2026-06-12 17:22:28,Bugis,TOP-W-02,Women's Ribbed Long Sleeve Turtleneck,Tops,Women,19.9,19.9,False,1,19.9,PayNow
ORC-20260612-0884,2,2026-06-12 21:20:00,Orchard Central,TOP-M-02,Men's Supima Cotton Polo Shirt,Tops,Men,29.9,29.9,False,1,29.9,Card
BUG-20260612-0084,1,2026-06-12 21:51:37,BUGIS,SOK-W-03,Women's Airism Low-Cut Socks,Socks,Women,5.9,5.9,False,1,5.9,NETS
PUN-20260612-0230,1,2026-06-12 16:40:15,  Punggol  ,BTM-M-04,  Men's Dry Stretch Shorts  ,Bottoms,Men,19.9,19.9,False,1,19.9,Cash
ORC-20260612-0425,3,2026-06-12 20:50:23,Orchard Central,SOK-W-02,Women's Pile Crew Socks,SOCKS,Women,5.9,5.9,False,1,5.9,PayNow
ORC-20260612-0710,2,2026-06-12 20:14:38,Orchard Central,UND-M-04,  Men's Cotton Crew Neck Undershirt  ,Underwear,Men,14.9,14.9,False,1,14.9,Cash
BUG-20260612-0572,2,2026-06-12 19:45:03,BUGIS,SOK-M-02,Men's Pile Crew Socks,Socks,Men,5.9,5.9,False,1,5.9,PayNow
ORC-20260612-0163,1,2026-06-12 19:15:48,Orchard Central,SOK-W-04,Women's Ribbed Crew Socks,Socks,Women,5.9,5.9,False,1,$5.9,Cash
PUN-20260612-0282,1,2026-06-12 15:14:07,Punggol,SOK-M-03,Men's Airism Low-Cut Socks,Socks,Men,5.9,5.9,False,1,5.9,PAYNOW
PUN-20260612-0356,3,2026-06-12 22:30:19,Punggol,TOP-W-01,Women's Airism Cotton Crew Neck T-Shirt,Tops,Women,14.9,14.9,False,1,14.9,PayNow
ORC-20260612-0902,2,2026-06-12 13:57:56,Orchard Central,TOP-W-04,Women's Heattech Crew Neck Long Sleeve Tee,Tops,Women,14.9,14.9,False,1,14.9,Card
ORC-20260612-0688,3,2026-06-12 14:30:56,Orchard Central,BTM-W-02,Women's High-Rise Wide Leg Pants,Bottoms,WOMEN,39.9,39.9,False,1,39.9,Card
ORC-20260612-0119,1,2026-06-12 12:37:32,Orchard Central,SOK-M-08,Men's Cotton Blend Dress Socks,Socks,Men,9.9,9.9,False,1,9.9,
ORC-20260612-0885,1,2026-06-12 20:19:56,Orchard Central,SOK-M-04,Men's Ribbed Crew Socks,Socks,Men,5.9,5.9,False,1,5.9,NETS
BUG-20260612-0666,3,2026-06-12 21:13:23,Bugis,BTM-W-03,  Women's Ezy Ankle Pants  ,Bottoms,Women,29.9,29.9,False,1,29.9,Card
BUG-20260612-1016,1,2026-06-12 19:37:07,Bugis,UND-M-01,  Men's Airism Boxer Briefs  ,Underwear,Men,14.9,14.9,False,1,14.9,PayNow
BUG-20260612-0423,1,2026-06-12 17:55:01,Bugis,SOK-W-03,Women's Airism Low-Cut Socks,Socks,women,5.9,5.9,False,1,5.9,Card
ORC-20260612-0633,1,2026-06-12 19:20:29,Orchard Central,SOK-M-03,Men's Airism Low-Cut Socks,Socks,Men,5.9,5.9,False,1,5.9,Card
ORC-20260612-0085,1,2026-06-12 21:24:41,Orchard Central,UND-M-10,Men's Cotton Blend Briefs,Underwear,Men,7.42,9.9,True,1,7.42,PayNow
PUN-20260612-0591,2,2026-06-12 17:23:59,Punggol,SOK-W-02,Women's Pile Crew Socks,SOCKS,women,5.9,5.9,False,1,5.9,PayNow
PUN-20260612-0361,2,2026-06-12 21:29:22,Punggol,SOK-W-02,Women's Pile Crew Socks,Socks,Women,5.9,5.9,False,2,11.8,NETS
PUN-20260612-0303,2,2026-06-12 20:45:29,Punggol,UND-M-01,Men's Airism Boxer Briefs,Underwear,Men,14.9,14.9,False,1,14.9,PayNow
PUN-20260612-0367,2,2026-06-12 18:52:31,Punggol,SOK-W-01,Women's Ankle Socks 3-Pack,Socks,Women,14.9,14.9,False,1,14.9,NETS
BUG-20260612-0125,3,2026-06-12 21:14:48,Bugis,SOK-W-02,Women's Pile Crew Socks,Socks,Women,5.9,5.9,False,1,5.9,CARD
BUG-20260612-0482,3,2026-06-12 21:13:28,Bugis,TOP-W-01,Women's Airism Cotton Crew Neck T-Shirt,Tops,Women,14.9,14.9,False,1,14.9,Card
ORC-20260612-0520,1,2026-06-12 16:05:57,Orchard Central,UND-M-04,Men's Cotton Crew Neck Undershirt,Underwear,Men,14.9,14.9,False,1,14.9,NETS
BUG-20260612-0812,3,2026-06-12 18:43:59,Bugis,SOK-M-02,Men's Pile Crew Socks,Socks,MEN,5.9,5.9,False,1,5.9,paynow
ORC-20260612-1041,1,2026-06-12 20:00:26,Orchard Central,SOK-W-04,  Women's Ribbed Crew Socks  ,Socks,Women,5.9,5.9,False,1,5.9,Card
PUN-20260612-0335,2,2026-06-12 12:02:40,Punggol,SOK-W-08,Women's Lace Trim Ankle Socks,Socks,Women,5.9,5.9,False,1,5.9,NETS
ORC-20260612-0351,2,2026-06-12 18:20:03,ORCHARD CENTRAL,UND-M-08,Men's Airism V-Neck Undershirt,UNDERWEAR,Men,9.9,9.9,False,2,19.8,Card
PUN-20260612-0267,3,2026-06-12 13:00:14,Punggol,SOK-W-03,Women's Airism Low-Cut Socks,Socks,Women,5.9,5.9,False,2,11.8,Card
BUG-20260612-0551,1,2026-06-12 13:04:01,Bugis,SOK-M-02,Men's Pile Crew Socks,Socks,Men,5.9,5.9,False,1,5.9,Card
ORC-20260612-0759,2,2026-06-12 16:49:58,Orchard Central,TOP-W-04,Women's Heattech Crew Neck Long Sleeve Tee,Tops,Women,14.9,14.9,False,1,14.9,PayNow
PUN-20260612-0417,3,2026-06-12 20:21:11,Punggol,SOK-M-04,Men's Ribbed Crew Socks,Socks,Men,5.9,5.9,False,1,5.9,Cash
BUG-20260612-1146,1,2026-06-12 13:17:03,Bugis,BTM-M-05,Men's Wide Fit Cargo Pants,Bottoms,Men,26.68,39.9,True,1,26.68,Cash
PUN-20260612-0452,1,2026-06-12 20:13:22,Punggol,TOP-W-02,Women's Ribbed Long Sleeve Turtleneck,Tops,Women,19.9,19.9,False,1,19.9,Card
BUG-20260612-1125,1,2026-06-12 21:55:04,Bugis,UND-M-02,Men's Cotton Blend Trunks,Underwear,men,14.9,14.9,False,1,14.9,Cash
PUN-20260612-0086,2,2026-06-12 20:10:14,Punggol,TOP-W-04,Women's Heattech Crew Neck Long Sleeve Tee,Tops,Women,14.9,14.9,False,1,14.9,PayNow
BUG-20260612-0762,3,2026-06-12 11:08:23,Bugis,SOK-M-02,Men's Pile Crew Socks,Socks,Men,5.9,5.9,False,2,11.8,Card
ORC-20260612-0583,2,2026-06-12 19:48:07,Orchard Central,BTM-M-01,Men's Ezy Ankle Pants,Bottoms,Men,29.9,29.9,False,1,29.9,Cash
ORC-20260612-1115,1,2026-06-12 19:32:37,Orchard Central,SOK-W-02,Women's Pile Crew Socks,Socks,Women,5.9,5.9,False,1,5.9,nets
BUG-20260612-0525,1,2026-06-12 18:24:41,Bugis,TOP-M-03,Men's Dry-EX Crew Neck T-Shirt,Tops,Men,19.9,19.9,False,1,19.9,PayNow
PUN-20260612-0195,3,2026-06-12 12:17:31,Punggol,UND-W-04,Women's Airism T-Shirt Bra,Underwear,Women,29.9,29.9,False,1,$29.9,Cash
BUG-20260612-0870,3,2026-06-12 17:56:03,Bugis,UND-M-02,Men's Cotton Blend Trunks,Underwear,Men,14.9,14.9,False,1,14.9,Card
ORC-20260612-0601,2,2026-06-12 20:01:19,ORCHARD CENTRAL,SOK-W-02,Women's Pile Crew Socks,Socks,Women,5.9,5.9,False,1,5.9,NETS
PUN-20260612-0021,3,2026-06-12 18:48:21,Punggol,SOK-M-02,Men's Pile Crew Socks,Socks,Men,5.9,5.9,False,1,5.9,Card
PUN-20260612-0340,2,2026-06-12 13:17:10,Punggol,TOP-W-01,Women's Airism Cotton Crew Neck T-Shirt,Tops,Women,14.9,14.9,False,1,14.9,PAYNOW
BUG-20260612-0826,1,2026-06-12 17:38:54,Bugis,SOK-M-04,Men's Ribbed Crew Socks,Socks,Men,5.9,5.9,False,1,5.9,Card
BUG-20260612-0636,1,2026-06-12 21:02:08,BUGIS,BTM-M-02,Men's Slim Fit Chino Trousers,Bottoms,Men,29.9,29.9,False,1,29.9,Cash
ORC-20260612-0221,2,2026-06-12 18:05:52,orchard central,SOK-W-04,Women's Ribbed Crew Socks,SOCKS,Women,5.9,5.9,False,1,5.9,Card
ORC-20260612-0008,2,2026-06-12 19:08:34,Orchard Central,UND-M-01,Men's Airism Boxer Briefs,Underwear,Men,14.9,14.9,False,1,14.9,PayNow
BUG-20260612-0962,1,2026-06-12 21:13:49,bugis,TOP-W-02,Women's Ribbed Long Sleeve Turtleneck,Tops,Women,19.9,19.9,False,1,19.9,NETS
ORC-20260612-0043,1,2026-06-12 18:24:16,Orchard Central,BTM-M-02,Men's Slim Fit Chino Trousers,Bottoms,Men,29.9,29.9,False,1,29.9,Card
BUG-20260612-0440,1,2026-06-12 19:38:21,Bugis,BTM-M-04,Men's Dry Stretch Shorts,bottoms,Men,19.9,19.9,False,1,19.9,Card
PUN-20260612-0050,3,2026-06-12 20:19:14,Punggol,SOK-M-04,Men's Ribbed Crew Socks,Socks,men,5.9,5.9,False,2,11.8,CARD
BUG-20260612-0979,3,2026-06-12 11:11:14,Bugis,UND-M-04,Men's Cotton Crew Neck Undershirt,Underwear,Men,14.9,14.9,False,2,29.8,PayNow
PUN-20260612-0075,2,2026-06-12 16:47:07,Punggol,SOK-M-04,Men's Ribbed Crew Socks,Socks,Men,5.9,5.9,False,1,5.9,PayNow
BUG-20260612-0476,2,2026-06-12 18:26:38,Bugis,UND-M-04,  Men's Cotton Crew Neck Undershirt  ,Underwear,Men,14.9,14.9,False,1,14.9,Card
PUN-20260612-0145,1,2026-06-12 19:07:44,Punggol,UND-W-01,Women's Airism Bikini Shorts,Underwear,Women,9.9,9.9,False,1,9.9,Card
PUN-20260612-0327,2,2026-06-12 21:51:37,Punggol,UND-W-03,Women's Cotton Blend Briefs,Underwear,Women,9.9,9.9,False,2,19.8,NETS
BUG-20260612-0544,2,2026-06-12 12:53:59,bugis,TOP-M-03,  Men's Dry-EX Crew Neck T-Shirt  ,Tops,Men,19.9,19.9,False,1,19.9,nets
ORC-20260612-0926,2,2026-06-12 20:23:02,  Orchard Central  ,SOK-W-03,Women's Airism Low-Cut Socks,SOCKS,Women,5.9,5.9,False,1,5.9,Card
PUN-20260612-0058,1,2026-06-12 11:10:52,Punggol,SOK-W-02,Women's Pile Crew Socks,Socks,WOMEN,5.9,5.9,False,1,5.9,PayNow
BUG-20260612-0957,2,2026-06-12 14:40:47,  Bugis  ,UND-W-03,Women's Cotton Blend Briefs,underwear,Women,9.9,9.9,False,1,9.9,paynow
BUG-20260612-0371,1,2026-06-12 20:54:24,Bugis,BTM-M-01,Men's Ezy Ankle Pants,Bottoms,Men,29.9,29.9,False,1,29.9,Cash
PUN-20260612-0738,1,2026-06-12 19:20:15,Punggol,UND-M-03,  Men's Airism Mesh Boxer Briefs  ,Underwear,Men,14.9,14.9,False,1,14.9,NETS
PUN-20260612-0172,1,2026-06-12 11:34:21,Punggol,BTM-M-01,Men's Ezy Ankle Pants,bottoms,Men,29.9,29.9,False,1,29.9,PayNow
ORC-20260612-0740,1,2026-06-12 13:35:05,orchard central,SOK-W-04,Women's Ribbed Crew Socks,Socks,Women,5.9,5.9,False,1,5.9,Card
ORC-20260612-0765,1,2026-06-12 18:45:02,Orchard Central,UND-M-10,Men's Cotton Blend Briefs,Underwear,Men,7.42,9.9,True,1,7.42,Card
ORC-20260612-0897,1,2026-06-12 20:09:17,orchard central,SOK-W-04,Women's Ribbed Crew Socks,Socks,Women,5.9,5.9,False,1,5.9,NETS
PUN-20260612-0780,1,2026-06-12 13:05:39,Punggol,UND-W-01,Women's Airism Bikini Shorts,Underwear,Women,9.9,9.9,False,1,$9.9,NETS
PUN-20260612-0427,2,2026-06-12 20:06:01,Punggol,UND-M-03,Men's Airism Mesh Boxer Briefs,Underwear,Men,14.9,14.9,False,1,14.9,cash
ORC-20260612-0386,1,2026-06-12 16:14:15,Orchard Central,UND-M-02,Men's Cotton Blend Trunks,Underwear,Men,14.9,14.9,False,1,14.9,CARD
PUN-20260612-0662,1,2026-06-12 16:52:37,  Punggol  ,SOK-M-03,Men's Airism Low-Cut Socks,Socks,Men,5.9,5.9,False,1,5.9,PayNow
BUG-20260612-0067,3,2026-06-12 20:09:35,BUGIS,UND-W-04,Women's Airism T-Shirt Bra,Underwear,Women,29.9,29.9,False,1,29.9,NETS
ORC-20260612-0868,1,2026-06-12 12:00:18,Orchard Central,SOK-M-03,Men's Airism Low-Cut Socks,Socks,MEN,5.9,5.9,False,1,5.9,Card
PUN-20260612-0314,1,2026-06-12 21:41:34,Punggol,UND-M-01,Men's Airism Boxer Briefs,Underwear,Men,14.9,14.9,False,2,29.8,PayNow
BUG-20260612-0939,2,2026-06-12 13:54:57,Bugis,TOP-W-01,Women's Airism Cotton Crew Neck T-Shirt,Tops,Women,14.9,14.9,False,1,14.9,PAYNOW
PUN-20260612-0166,1,2026-06-12 21:16:34,Punggol,SOK-W-02,Women's Pile Crew Socks,Socks,Women,5.9,5.9,False,1,$5.9,PayNow
ORC-20260612-0207,1,2026-06-12 12:02:42,Orchard Central,TOP-W-08,Women's Puff Sleeve Blouse,TOPS,Women,20.35,29.9,True,1,20.35,Card
ORC-20260612-0713,3,2026-06-12 11:24:17,Orchard Central,SOK-W-07,Women's Striped Crew Socks,Socks,Women,5.9,5.9,False,1,5.9,
BUG-20260612-0099,1,2026-06-12 17:40:10,Bugis,SOK-W-03,Women's Airism Low-Cut Socks,Socks,WOMEN,5.9,5.9,False,2,11.8,Cash
ORC-20260612-1037,2,2026-06-12 15:12:01,ORCHARD CENTRAL,SOK-W-03,Women's Airism Low-Cut Socks,Socks,Women,5.9,5.9,False,1,5.9,Cash
ORC-20260612-0929,1,2026-06-12 22:28:56,ORCHARD CENTRAL,SOK-W-03,Women's Airism Low-Cut Socks,Socks,Women,5.9,5.9,False,2,11.8,nets
ORC-20260612-0270,1,2026-06-12 20:02:00,ORCHARD CENTRAL,SOK-W-04,Women's Ribbed Crew Socks,Socks,Women,5.9,5.9,False,1,5.9,paynow
ORC-20260612-0479,1,2026-06-12 12:45:53,Orchard Central,SOK-M-03,Men's Airism Low-Cut Socks,Socks,Men,5.9,5.9,False,1,5.9,Card
ORC-20260612-1261,1,2026-06-12 14:11:41,Orchard Central,SOK-W-07,Women's Striped Crew Socks,Socks,Women,5.9,5.9,False,2,11.8,Cash
ORC-20260612-0298,1,2026-06-12 20:38:36,Orchard Central,UND-M-04,Men's Cotton Crew Neck Undershirt,Underwear,Men,14.9,14.9,False,1,14.9,Cash
BUG-20260612-0821,1,2026-06-12 19:11:09,  Bugis  ,SOK-W-03,  Women's Airism Low-Cut Socks  ,Socks,WOMEN,5.9,5.9,False,1,5.9,Card
BUG-20260612-0604,2,2026-06-12 18:18:08,Bugis,UND-M-01,Men's Airism Boxer Briefs,Underwear,Men,14.9,14.9,False,1,14.9,PayNow
BUG-20260612-0756,1,2026-06-12 17:17:14,Bugis,SOK-W-03,Women's Airism Low-Cut Socks,Socks,women,5.9,5.9,False,1,5.9,card
ORC-20260612-1038,1,2026-06-12 22:07:01,Orchard Central,SOK-W-01,Women's Ankle Socks 3-Pack,Socks,Women,14.9,14.9,False,2,29.8,PayNow
ORC-20260612-0052,2,2026-06-12 19:19:46,  Orchard Central  ,UND-M-01,Men's Airism Boxer Briefs,Underwear,Men,$14.9,14.9,False,1,14.9,NETS
BUG-20260612-0678,3,2026-06-12 19:01:37,Bugis,SOK-M-03,Men's Airism Low-Cut Socks,SOCKS,Men,5.9,5.9,False,1,5.9,Card
ORC-20260612-0440,1,2026-06-12 18:11:53,ORCHARD CENTRAL,BTM-W-09,Women's Sweat Shorts,Bottoms,Women,19.9,19.9,False,1,19.9,CASH
ORC-20260612-0041,1,2026-06-12 21:26:23,ORCHARD CENTRAL,SOK-W-02,Women's Pile Crew Socks,socks,Women,5.9,5.9,False,1,5.9,PayNow
BUG-20260612-0207,1,2026-06-12 16:36:39,  Bugis  ,UND-M-02,Men's Cotton Blend Trunks,Underwear,Men,14.9,14.9,False,1,14.9,Cash
BUG-20260612-0429,1,2026-06-12 18:43:02,BUGIS,TOP-M-03,Men's Dry-EX Crew Neck T-Shirt,Tops,Men,19.9,19.9,False,1,19.9,Card
PUN-20260612-0816,2,2026-06-12 14:16:02,Punggol,TOP-W-04,Women's Heattech Crew Neck Long Sleeve Tee,Tops,Women,14.9,14.9,False,1,14.9,PayNow
ORC-20260612-1017,1,2026-06-12 14:08:17,Orchard Central,SOK-W-03,Women's Airism Low-Cut Socks,Socks,Women,5.9,5.9,False,1,5.9,Card
PUN-20260612-0482,1,2026-06-12 17:48:42,Punggol,SOK-W-02,Women's Pile Crew Socks,Socks,women,5.9,5.9,False,1,5.9,Card
ORC-20260612-0377,1,2026-06-12 18:54:08,Orchard Central,SOK-M-03,Men's Airism Low-Cut Socks,Socks,Men,5.9,5.9,False,1,5.9,PayNow
ORC-20260612-1044,2,2026-06-12 20:04:33,Orchard Central,UND-M-01,Men's Airism Boxer Briefs,Underwear,Men,14.9,14.9,False,1,14.9,Cash
PUN-20260612-0371,1,2026-06-12 17:59:04,Punggol,UND-W-03,Women's Cotton Blend Briefs,Underwear,Women,9.9,9.9,False,1,9.9,PayNow
BUG-20260612-0445,1,2026-06-12 13:35:29,Bugis,TOP-W-01,Women's Airism Cotton Crew Neck T-Shirt,Tops,Women,14.9,14.9,False,1,14.9,Card
PUN-20260612-0251,3,2026-06-12 17:22:37,  Punggol  ,BTM-M-04,Men's Dry Stretch Shorts,Bottoms,Men,19.9,19.9,False,1,19.9,Card
BUG-20260612-0270,1,2026-06-12 17:04:57,Bugis,SOK-M-04,Men's Ribbed Crew Socks,Socks,MEN,$5.9,5.9,False,1,5.9,Cash
ORC-20260612-0467,1,2026-06-12 17:45:29,Orchard Central,TOP-M-07,Men's Ultra Light Down Jacket,Tops,Men,55.24,79.9,True,1,55.24,NETS
BUG-20260612-0374,1,2026-06-12 15:15:09,Bugis,SOK-W-02,  Women's Pile Crew Socks  ,Socks,Women,5.9,5.9,False,2,11.8,Cash
BUG-20260612-1123,2,2026-06-12 20:22:04,Bugis,UND-W-03,Women's Cotton Blend Briefs,Underwear,Women,9.9,9.9,False,1,9.9,PayNow
PUN-20260612-0044,2,2026-06-12 16:01:42,Punggol,BTM-M-03,  Men's Selvedge Regular Fit Jeans  ,Bottoms,Men,59.9,59.9,False,1,59.9,Card
ORC-20260612-0187,1,2026-06-12 12:52:24,Orchard Central,BTM-W-01,Women's Ultra Stretch Skinny Jeans,Bottoms,Women,39.9,39.9,False,1,39.9,Paynow
ORC-20260612-1206,1,2026-06-12 20:06:35,Orchard Central,UND-W-03,Women's Cotton Blend Briefs,Underwear,Women,9.9,9.9,False,1,9.9,Cash
BUG-20260612-0224,1,2026-06-12 18:03:43,Bugis,TOP-M-03,Men's Dry-EX Crew Neck T-Shirt,Tops,men,19.9,19.9,False,1,19.9,Card
BUG-20260612-0377,2,2026-06-12 20:12:03,Bugis,SOK-W-02,Women's Pile Crew Socks,Socks,Women,5.9,5.9,False,1,5.9,Card
BUG-20260612-0391,1,2026-06-12 17:54:18,Bugis,BTM-W-01,Women's Ultra Stretch Skinny Jeans,BOTTOMS,Women,39.9,39.9,False,1,39.9,PayNow
PUN-20260612-0769,1,2026-06-12 13:33:30,Punggol,UND-W-01,Women's Airism Bikini Shorts,Underwear,Women,9.9,9.9,False,1,9.9,PayNow
ORC-20260612-1101,1,2026-06-12 14:34:40,Orchard Central,BTM-M-04,Men's Dry Stretch Shorts,Bottoms,Men,19.9,19.9,False,1,19.9,Card
ORC-20260612-0898,2,2026-06-12 20:45:31,Orchard Central,UND-W-01,Women's Airism Bikini Shorts,Underwear,Women,9.9,9.9,False,1,9.9,PayNow
BUG-20260612-0253,1,2026-06-12 11:11:04,Bugis,SOK-M-01,Men's Ankle Socks 3-Pack,Socks,Men,14.9,14.9,False,1,14.9,NETS
BUG-20260612-1225,1,2026-06-12 18:38:39,Bugis,UND-M-01,Men's Airism Boxer Briefs,Underwear,Men,14.9,14.9,False,1,14.9,Card
BUG-20260612-0995,1,2026-06-12 17:45:24,Bugis,SOK-M-01,Men's Ankle Socks 3-Pack,SOCKS,Men,14.9,14.9,False,1,14.9,NETS
BUG-20260612-0419,1,2026-06-12 18:14:25,Bugis,BTM-W-02,Women's High-Rise Wide Leg Pants,bottoms,Women,39.9,39.9,False,1,39.9,Card
PUN-20260612-0446,2,2026-06-12 17:46:39,Punggol,TOP-W-02,Women's Ribbed Long Sleeve Turtleneck,TOPS,Women,19.9,19.9,False,1,19.9,NETS
PUN-20260612-0212,1,2026-06-12 21:07:02,Punggol,TOP-W-01,Women's Airism Cotton Crew Neck T-Shirt,Tops,Women,14.9,14.9,False,1,14.9,Card
BUG-20260612-0782,1,2026-06-12 21:48:49,Bugis,SOK-M-04,Men's Ribbed Crew Socks,Socks,Men,5.9,5.9,False,1,5.9,Card
PUN-20260612-0679,1,2026-06-12 22:36:43,Punggol,UND-M-02,Men's Cotton Blend Trunks,Underwear,Men,14.9,14.9,False,1,14.9,Card
BUG-20260612-1006,1,2026-06-12 20:39:22,Bugis,TOP-W-02,Women's Ribbed Long Sleeve Turtleneck,Tops,Women,19.9,19.9,False,1,19.9,PayNow
ORC-20260612-0897,2,2026-06-12 20:09:17,Orchard Central,TOP-M-02,Men's Supima Cotton Polo Shirt,Tops,Men,29.9,29.9,False,1,29.9,Nets
BUG-20260612-1065,1,2026-06-12 14:42:41,Bugis,SOK-M-02,Men's Pile Crew Socks,Socks,Men,5.9,5.9,False,2,11.8,card
ORC-20260612-0627,2,2026-06-12 21:22:18,Orchard Central,TOP-W-02,Women's Ribbed Long Sleeve Turtleneck,Tops,Women,19.9,19.9,False,1,19.9,PayNow
ORC-20260612-0223,1,2026-06-12 19:16:15,Orchard Central,BTM-M-02,Men's Slim Fit Chino Trousers,Bottoms,Men,29.9,29.9,False,1,29.9,PayNow
ORC-20260612-1197,1,2026-06-12 22:57:42,Orchard Central,UND-W-01,Women's Airism Bikini Shorts,Underwear,Women,9.9,9.9,False,1,9.9,NETS
PUN-20260612-0558,2,2026-06-12 14:56:28,Punggol,BTM-W-03,Women's Ezy Ankle Pants,Bottoms,Women,29.9,29.9,False,1,29.9,PayNow
PUN-20260612-0761,1,2026-06-12 21:31:52,punggol,SOK-W-01,Women's Ankle Socks 3-Pack,Socks,Women,14.9,14.9,False,1,14.9,PayNow
ORC-20260612-1178,1,2026-06-12 20:40:03,Orchard Central,TOP-M-01,Men's Airism Cotton Crew Neck T-Shirt,Tops,Men,14.9,14.9,False,1,14.9,nets
BUG-20260612-0338,3,2026-06-12 21:40:18,Bugis,TOP-W-01,  Women's Airism Cotton Crew Neck T-Shirt  ,Tops,Women,14.9,14.9,False,1,14.9,Card
PUN-20260612-0422,3,2026-06-12 16:55:19,Punggol,UND-W-02,Women's Wireless Bra,Underwear,Women,29.9,29.9,False,1,29.9,paynow
PUN-20260612-0429,3,2026-06-12 19:08:45,Punggol,TOP-W-04,Women's Heattech Crew Neck Long Sleeve Tee,Tops,Women,14.9,14.9,False,1,14.9,Cash
BUG-20260612-0286,1,2026-06-12 21:58:28,Bugis,TOP-W-01,Women's Airism Cotton Crew Neck T-Shirt,Tops,Women,14.9,14.9,False,1,14.9,Card
PUN-20260612-0791,1,2026-06-12 21:19:46,  Punggol  ,SOK-W-03,Women's Airism Low-Cut Socks,Socks,Women,5.9,5.9,False,2,11.8,PayNow
ORC-20260612-0305,3,2026-06-12 17:49:08,Orchard Central,UND-W-04,  Women's Airism T-Shirt Bra  ,Underwear,Women,29.9,29.9,False,1,29.9,Card
PUN-20260612-0038,3,2026-06-12 16:40:22,PUNGGOL,TOP-M-02,Men's Supima Cotton Polo Shirt,tops,MEN,29.9,29.9,False,1,29.9,PayNow
ORC-20260612-0553,2,2026-06-12 18:02:32,Orchard Central,SOK-W-06,Women's Heattech Socks,Socks,WOMEN,9.9,9.9,False,1,9.9,Cash
PUN-20260612-0578,1,2026-06-12 19:07:49,Punggol,SOK-M-03,Men's Airism Low-Cut Socks,Socks,Men,5.9,5.9,False,1,5.9,NETS
ORC-20260612-1217,2,2026-06-12 19:49:15,Orchard Central,UND-M-10,Men's Cotton Blend Briefs,Underwear,Men,7.42,9.9,True,1,7.42,PayNow
ORC-20260612-1263,1,2026-06-12 14:57:59,Orchard Central,TOP-W-02,Women's Ribbed Long Sleeve Turtleneck,Tops,Women,19.9,19.9,False,1,19.9,PayNow
ORC-20260612-0047,2,2026-06-12 15:39:29,Orchard Central,UND-M-01,Men's Airism Boxer Briefs,underwear,Men,14.9,14.9,False,1,14.9,Paynow
BUG-20260612-0008,2,2026-06-12 21:49:48,  Bugis  ,BTM-M-04,Men's Dry Stretch Shorts,BOTTOMS,Men,19.9,19.9,False,1,19.9,Cash
ORC-20260612-1048,2,2026-06-12 20:24:29,ORCHARD CENTRAL,TOP-W-02,Women's Ribbed Long Sleeve Turtleneck,Tops,Women,19.9,19.9,False,1,19.9,PayNow
ORC-20260612-1272,2,2026-06-12 16:39:07,Orchard Central,BTM-W-03,Women's Ezy Ankle Pants,Bottoms,Women,29.9,29.9,False,1,29.9,Cash
ORC-20260612-1280,2,2026-06-12 20:55:54,Orchard Central,BTM-M-02,Men's Slim Fit Chino Trousers,Bottoms,Men,$29.9,29.9,False,1,29.9,NETS
PUN-20260612-0719,2,2026-06-12 17:18:12,Punggol,UND-W-01,Women's Airism Bikini Shorts,Underwear,Women,9.9,9.9,False,1,9.9,PayNow
ORC-20260612-0303,1,2026-06-12 14:18:31,Orchard Central,UND-W-03,Women's Cotton Blend Briefs,Underwear,Women,9.9,9.9,False,2,19.8,PayNow
PUN-20260612-0180,1,2026-06-12 12:08:08,  Punggol  ,UND-W-03,Women's Cotton Blend Briefs,Underwear,Women,9.9,9.9,False,1,9.9,PayNow
BUG-20260612-0340,2,2026-06-12 21:46:45,Bugis,SOK-W-04,Women's Ribbed Crew Socks,Socks,Women,5.9,5.9,False,1,5.9,Cash
PUN-20260612-0645,1,2026-06-12 21:03:42,Punggol,TOP-M-02,Men's Supima Cotton Polo Shirt,Tops,Men,29.9,29.9,False,1,29.9,NETS
BUG-20260612-1168,2,2026-06-12 19:31:46,Bugis,BTM-W-01,Women's Ultra Stretch Skinny Jeans,Bottoms,Women,39.9,39.9,False,1,39.9,Card
BUG-20260612-0727,1,2026-06-12 19:01:17,Bugis,SOK-M-02,Men's Pile Crew Socks,SOCKS,Men,5.9,5.9,False,1,5.9,PayNow
PUN-20260612-0243,2,2026-06-12 15:54:01,Punggol,BTM-M-02,Men's Slim Fit Chino Trousers,Bottoms,MEN,29.9,29.9,False,1,29.9,NETS
ORC-20260612-0708,1,2026-06-12 21:38:29,orchard central,TOP-M-03,Men's Dry-EX Crew Neck T-Shirt,Tops,Men,19.9,19.9,False,1,19.9,Cash
BUG-20260612-0837,1,2026-06-12 18:30:48,BUGIS,TOP-W-01,Women's Airism Cotton Crew Neck T-Shirt,Tops,Women,14.9,14.9,False,1,14.9,Card
ORC-20260612-1079,1,2026-06-12 15:47:13,Orchard Central,SOK-M-03,Men's Airism Low-Cut Socks,Socks,Men,5.9,5.9,False,1,5.9,NETS
PUN-20260612-0533,3,2026-06-12 22:53:53,Punggol,SOK-W-02,Women's Pile Crew Socks,Socks,Women,5.9,5.9,False,1,5.9,NETS
PUN-20260612-0063,2,2026-06-12 12:30:54,  Punggol  ,UND-W-08,Women's Airism Camisole,Underwear,Women,14.9,14.9,False,1,14.9,PayNow
BUG-20260612-0650,1,2026-06-12 17:37:19,Bugis,TOP-M-04,Men's Oxford Long Sleeve Shirt,Tops,men,29.9,29.9,False,1,29.9,Card
ORC-20260612-0800,1,2026-06-12 17:12:43,Orchard Central,TOP-W-02,Women's Ribbed Long Sleeve Turtleneck,Tops,Women,19.9,19.9,False,1,19.9,Card
ORC-20260612-0845,3,2026-06-12 22:33:10,Orchard Central,SOK-W-01,Women's Ankle Socks 3-Pack,Socks,Women,14.9,14.9,False,1,14.9,PayNow
ORC-20260612-0174,3,2026-06-12 21:34:43,Orchard Central,TOP-W-01,Women's Airism Cotton Crew Neck T-Shirt,Tops,Women,14.9,14.9,False,1,14.9,NETS
BUG-20260612-0124,1,2026-06-12 20:43:17,Bugis,UND-M-02,Men's Cotton Blend Trunks,Underwear,Men,14.9,14.9,False,2,29.8,Card
PUN-20260612-0284,2,2026-06-12 19:29:50,Punggol,UND-W-01,Women's Airism Bikini Shorts,UNDERWEAR,Women,9.9,9.9,False,1,9.9,PayNow
PUN-20260612-0722,2,2026-06-12 16:59:03,Punggol,BTM-M-01,Men's Ezy Ankle Pants,Bottoms,Men,29.9,29.9,False,1,29.9,PayNow
PUN-20260612-0403,2,2026-06-12 17:43:14,punggol,SOK-M-02,Men's Pile Crew Socks,Socks,Men,5.9,5.9,False,1,5.9,Card
BUG-20260612-0371,2,2026-06-12 20:54:24,bugis,SOK-W-02,Women's Pile Crew Socks,Socks,Women,5.9,5.9,False,1,5.9,Cash
BUG-20260612-1179,2,2026-06-12 18:23:15,Bugis,TOP-W-08,Women's Puff Sleeve Blouse,Tops,Women,20.35,29.9,True,1,20.35,PayNow
ORC-20260612-1067,1,2026-06-12 17:52:03,Orchard Central,TOP-W-01,Women's Airism Cotton Crew Neck T-Shirt,Tops,Women,14.9,14.9,False,1,14.9,CARD
BUG-20260612-0104,2,2026-06-12 17:52:55,Bugis,SOK-W-02,Women's Pile Crew Socks,Socks,Women,5.9,5.9,False,2,11.8,Card
ORC-20260612-0012,1,2026-06-12 20:06:51,Orchard Central,SOK-M-04,Men's Ribbed Crew Socks,Socks,Men,5.9,5.9,False,1,5.9,PayNow
BUG-20260612-0803,1,2026-06-12 20:00:01,Bugis,SOK-W-02,Women's Pile Crew Socks,socks,Women,5.9,5.9,False,1,5.9,PayNow
BUG-20260612-0447,3,2026-06-12 22:03:11,Bugis,SOK-M-01,Men's Ankle Socks 3-Pack,SOCKS,men,14.9,14.9,False,1,14.9,Cash
BUG-20260612-0327,2,2026-06-12 18:54:05,Bugis,SOK-W-03,Women's Airism Low-Cut Socks,Socks,Women,5.9,5.9,False,1,5.9,Card
ORC-20260612-0924,2,2026-06-12 20:53:39,Orchard Central,TOP-W-08,Women's Puff Sleeve Blouse,Tops,Women,20.35,29.9,True,1,$20.35,Card
PUN-20260612-0520,2,2026-06-12 19:02:26,Punggol,SOK-W-03,Women's Airism Low-Cut Socks,Socks,Women,5.9,5.9,False,1,5.9,Card
PUN-20260612-0377,2,2026-06-12 12:12:38,punggol,SOK-W-01,Women's Ankle Socks 3-Pack,Socks,Women,14.9,14.9,False,1,14.9,PayNow
BUG-20260612-1149,2,2026-06-12 12:19:11,Bugis,UND-M-02,Men's Cotton Blend Trunks,Underwear,Men,14.9,14.9,False,1,14.9,Card
BUG-20260612-0971,3,2026-06-12 22:40:09,Bugis,SOK-W-03,Women's Airism Low-Cut Socks,Socks,Women,5.9,5.9,False,1,5.9,
BUG-20260612-0536,3,2026-06-12 15:34:41,Bugis,UND-M-07,Men's Stretch Cotton Boxers,Underwear,Men,14.9,14.9,False,1,14.9,PayNow
BUG-20260612-0267,1,2026-06-12 20:48:16,Bugis,UND-W-03,  Women's Cotton Blend Briefs  ,Underwear,Women,9.9,9.9,False,1,9.9,Card
ORC-20260612-0007,3,2026-06-12 19:26:25,Orchard Central,SOK-M-05,Men's Sport Ankle Socks,socks,Men,5.9,5.9,False,1,5.9,CARD
PUN-20260612-0304,1,2026-06-12 11:38:04,Punggol,SOK-W-04,Women's Ribbed Crew Socks,Socks,Women,5.9,5.9,False,1,5.9,paynow
ORC-20260612-0580,3,2026-06-12 21:22:21,Orchard Central,SOK-W-04,  Women's Ribbed Crew Socks  ,Socks,Women,5.9,5.9,False,1,5.9,NETS
PUN-20260612-0259,2,2026-06-12 21:23:10,Punggol,TOP-W-02,Women's Ribbed Long Sleeve Turtleneck,Tops,Women,19.9,19.9,False,1,19.9,Card
PUN-20260612-0008,3,2026-06-12 22:45:50,Punggol,TOP-W-04,Women's Heattech Crew Neck Long Sleeve Tee,Tops,Women,14.9,14.9,False,1,14.9,Nets
ORC-20260612-0164,1,2026-06-12 21:17:24,ORCHARD CENTRAL,UND-W-10,Women's Wireless Bralette,Underwear,Women,29.9,29.9,False,2,59.8,CARD
BUG-20260612-0859,1,2026-06-12 12:44:05,Bugis,TOP-M-01,Men's Airism Cotton Crew Neck T-Shirt,tops,Men,14.9,14.9,False,1,14.9,Cash
ORC-20260612-0814,1,2026-06-12 20:05:52,Orchard Central,SOK-M-03,Men's Airism Low-Cut Socks,Socks,Men,5.9,5.9,False,1,5.9,
BUG-20260612-0341,3,2026-06-12 18:11:23,Bugis,SOK-W-06,Women's Heattech Socks,socks,Women,9.9,9.9,False,1,9.9,CASH
ORC-20260612-0051,2,2026-06-12 19:36:07,Orchard Central,BTM-M-01,Men's Ezy Ankle Pants,Bottoms,Men,29.9,29.9,False,1,29.9,NETS
BUG-20260612-0860,1,2026-06-12 20:43:52,  Bugis  ,SOK-W-01,Women's Ankle Socks 3-Pack,Socks,Women,14.9,14.9,False,1,14.9,Cash
PUN-20260612-0544,1,2026-06-12 19:47:50,Punggol,SOK-W-02,Women's Pile Crew Socks,Socks,Women,5.9,5.9,False,1,5.9,Card
PUN-20260612-0321,2,2026-06-12 18:43:25,Punggol,SOK-M-03,Men's Airism Low-Cut Socks,Socks,Men,5.9,5.9,False,1,5.9,Cash
BUG-20260612-0899,1,2026-06-12 19:19:40,bugis,SOK-W-02,Women's Pile Crew Socks,Socks,Women,5.9,5.9,False,1,5.9,PayNow
PUN-20260612-0651,1,2026-06-12 13:56:46,  Punggol  ,UND-W-01,Women's Airism Bikini Shorts,Underwear,Women,9.9,9.9,False,2,19.8,Card
ORC-20260612-0260,1,2026-06-12 22:17:17,  Orchard Central  ,UND-W-05,Women's Seamless Shorts,Underwear,women,9.9,9.9,False,1,9.9,NETS
ORC-20260612-0563,1,2026-06-12 21:52:36,ORCHARD CENTRAL,BTM-W-01,Women's Ultra Stretch Skinny Jeans,bottoms,Women,$39.9,39.9,False,1,39.9,PayNow
ORC-20260612-0132,3,2026-06-12 19:30:47,Orchard Central,UND-W-03,Women's Cotton Blend Briefs,Underwear,Women,9.9,9.9,False,1,9.9,card
PUN-20260612-0757,1,2026-06-12 19:03:51,Punggol,SOK-W-04,Women's Ribbed Crew Socks,Socks,Women,5.9,5.9,False,1,5.9,Card
ORC-20260612-0595,2,2026-06-12 14:06:49,Orchard Central,BTM-M-02,Men's Slim Fit Chino Trousers,bottoms,men,29.9,29.9,False,1,29.9,NETS
ORC-20260612-0451,1,2026-06-12 19:52:24,ORCHARD CENTRAL,SOK-W-02,Women's Pile Crew Socks,Socks,women,5.9,5.9,False,1,5.9,PayNow
PUN-20260612-0609,3,2026-06-12 21:26:00,Punggol,BTM-W-01,Women's Ultra Stretch Skinny Jeans,Bottoms,Women,39.9,39.9,False,1,39.9,NETS
ORC-20260612-1094,1,2026-06-12 20:44:19,Orchard Central,SOK-W-02,Women's Pile Crew Socks,Socks,Women,5.9,5.9,False,1,5.9,PayNow
ORC-20260612-1152,1,2026-06-12 16:05:51,Orchard Central,SOK-M-02,  Men's Pile Crew Socks  ,Socks,Men,5.9,5.9,False,1,5.9,Card
ORC-20260612-0894,2,2026-06-12 20:00:02,  Orchard Central  ,BTM-M-01,Men's Ezy Ankle Pants,Bottoms,Men,29.9,29.9,False,1,29.9,Cash
BUG-20260612-1108,1,2026-06-12 18:08:04,Bugis,SOK-W-04,Women's Ribbed Crew Socks,Socks,women,5.9,5.9,False,1,5.9,NETS
ORC-20260612-0816,2,2026-06-12 18:43:23,Orchard Central,SOK-W-03,Women's Airism Low-Cut Socks,Socks,women,5.9,5.9,False,1,5.9,PayNow
ORC-20260612-1011,3,2026-06-12 15:16:18,Orchard Central,SOK-W-02,Women's Pile Crew Socks,Socks,Women,5.9,5.9,False,1,5.9,Cash
ORC-20260612-0405,1,2026-06-12 17:03:30,Orchard Central,SOK-M-04,Men's Ribbed Crew Socks,Socks,Men,5.9,5.9,False,1,5.9,Card
BUG-20260612-1003,2,2026-06-12 20:35:03,Bugis,BTM-W-03,Women's Ezy Ankle Pants,BOTTOMS,Women,29.9,29.9,False,1,29.9,Card
BUG-20260612-0678,2,2026-06-12 19:01:37,Bugis,SOK-W-03,Women's Airism Low-Cut Socks,Socks,Women,5.9,5.9,False,1,5.9,Card
PUN-20260612-0088,2,2026-06-12 20:08:30,Punggol,UND-W-01,Women's Airism Bikini Shorts,UNDERWEAR,Women,9.9,9.9,False,1,9.9,PayNow
ORC-20260612-0845,2,2026-06-12 22:33:10,Orchard Central,TOP-M-04,Men's Oxford Long Sleeve Shirt,Tops,Men,29.9,29.9,False,1,29.9,Paynow
BUG-20260612-1112,1,2026-06-12 20:21:58,bugis,TOP-M-01,Men's Airism Cotton Crew Neck T-Shirt,Tops,Men,14.9,14.9,False,1,14.9,Cash
BUG-20260612-0165,2,2026-06-12 11:35:33,Bugis,SOK-M-03,Men's Airism Low-Cut Socks,Socks,Men,5.9,5.9,False,1,5.9,NETS
BUG-20260612-1139,1,2026-06-12 21:14:54,Bugis,SOK-W-03,Women's Airism Low-Cut Socks,Socks,Women,5.9,5.9,False,1,5.9,PayNow
ORC-20260612-0706,1,2026-06-12 11:15:19,Orchard Central,UND-M-02,Men's Cotton Blend Trunks,Underwear,Men,$14.9,14.9,False,1,14.9,NETS
BUG-20260612-0440,2,2026-06-12 19:38:21,Bugis,SOK-M-03,Men's Airism Low-Cut Socks,Socks,Men,5.9,5.9,False,1,5.9,Card
PUN-20260612-0232,2,2026-06-12 13:10:51,Punggol,TOP-M-10,  Men's Merino Blend V-Neck Sweater  ,Tops,Men,39.9,39.9,False,1,39.9,PayNow
BUG-20260612-0849,2,2026-06-12 17:02:23,Bugis,TOP-W-01,Women's Airism Cotton Crew Neck T-Shirt,tops,Women,14.9,14.9,False,1,14.9,NETS
BUG-20260612-0621,2,2026-06-12 12:36:41,Bugis,BTM-W-03,Women's Ezy Ankle Pants,Bottoms,Women,29.9,29.9,False,1,29.9,Cash
ORC-20260612-0826,1,2026-06-12 12:34:24,Orchard Central,SOK-M-04,Men's Ribbed Crew Socks,Socks,Men,5.9,5.9,False,2,11.8,PayNow
BUG-20260612-0719,1,2026-06-12 17:44:58,Bugis,UND-W-03,Women's Cotton Blend Briefs,Underwear,Women,9.9,9.9,False,2,19.8,Card
BUG-20260612-0796,1,2026-06-12 20:01:52,Bugis,SOK-M-03,Men's Airism Low-Cut Socks,SOCKS,men,5.9,5.9,False,1,$5.9,Card
ORC-20260612-0910,1,2026-06-12 21:00:07,ORCHARD CENTRAL,SOK-W-04,Women's Ribbed Crew Socks,Socks,Women,5.9,5.9,False,1,5.9,Card
ORC-20260612-0193,3,2026-06-12 15:39:45,Orchard Central,SOK-W-04,Women's Ribbed Crew Socks,Socks,Women,5.9,5.9,False,1,5.9,Card
ORC-20260612-1303,1,2026-06-12 19:01:38,Orchard Central,TOP-M-01,Men's Airism Cotton Crew Neck T-Shirt,Tops,Men,14.9,14.9,False,1,14.9,PayNow
ORC-20260612-0541,1,2026-06-12 12:27:13,Orchard Central,SOK-M-03,Men's Airism Low-Cut Socks,Socks,MEN,5.9,5.9,False,1,5.9,Cash
BUG-20260612-1036,2,2026-06-12 19:04:23,Bugis,BTM-W-03,Women's Ezy Ankle Pants,Bottoms,Women,29.9,29.9,False,1,29.9,Cash
ORC-20260612-0443,1,2026-06-12 17:14:54,Orchard Central,SOK-M-02,Men's Pile Crew Socks,Socks,Men,5.9,5.9,False,1,5.9,Cash
BUG-20260612-0053,3,2026-06-12 20:33:51,Bugis,SOK-M-04,Men's Ribbed Crew Socks,Socks,Men,5.9,5.9,False,1,5.9,Cash
BUG-20260612-0923,1,2026-06-12 21:21:01,Bugis,SOK-M-04,Men's Ribbed Crew Socks,Socks,Men,5.9,5.9,False,1,5.9,nets
ORC-20260612-0387,1,2026-06-12 13:15:31,Orchard Central,UND-W-05,Women's Seamless Shorts,Underwear,women,9.9,9.9,False,1,9.9,Card
BUG-20260612-1152,2,2026-06-12 19:26:01,Bugis,UND-M-02,Men's Cotton Blend Trunks,Underwear,Men,14.9,14.9,False,1,14.9,Cash
BUG-20260612-0282,2,2026-06-12 20:29:02,Bugis,BTM-M-01,Men's Ezy Ankle Pants,Bottoms,Men,29.9,29.9,False,1,29.9,NETS
BUG-20260612-0599,2,2026-06-12 18:57:18,  Bugis  ,SOK-W-01,  Women's Ankle Socks 3-Pack  ,Socks,Women,14.9,14.9,False,1,14.9,PayNow
ORC-20260612-0741,1,2026-06-12 21:05:52,Orchard Central,SOK-M-04,Men's Ribbed Crew Socks,Socks,Men,5.9,5.9,False,1,5.9,Card
BUG-20260612-0874,2,2026-06-12 19:32:27,Bugis,SOK-M-02,Men's Pile Crew Socks,Socks,Men,5.9,5.9,False,1,5.9,Cash
ORC-20260612-0348,2,2026-06-12 22:20:43,Orchard Central,BTM-W-01,Women's Ultra Stretch Skinny Jeans,Bottoms,Women,39.9,39.9,False,1,39.9,Card
ORC-20260612-1136,1,2026-06-12 12:11:32,Orchard Central,SOK-M-04,Men's Ribbed Crew Socks,Socks,Men,5.9,5.9,False,1,5.9,PayNow
PUN-20260612-0235,2,2026-06-12 15:52:32,Punggol,SOK-M-01,Men's Ankle Socks 3-Pack,Socks,Men,14.9,14.9,False,2,29.8,Card
BUG-20260612-0822,1,2026-06-12 19:16:15,Bugis,SOK-W-02,Women's Pile Crew Socks,Socks,WOMEN,$5.9,5.9,False,1,5.9,NETS
BUG-20260612-0112,1,2026-06-12 13:16:51,Bugis,SOK-M-03,Men's Airism Low-Cut Socks,Socks,Men,5.9,5.9,False,2,11.8,Card
PUN-20260612-0217,2,2026-06-12 14:11:54,Punggol,SOK-M-01,Men's Ankle Socks 3-Pack,Socks,Men,14.9,14.9,False,2,29.8,PayNow
BUG-20260612-0648,3,2026-06-12 15:32:35,Bugis,SOK-W-03,Women's Airism Low-Cut Socks,socks,Women,5.9,5.9,False,1,5.9,PayNow
PUN-20260612-0663,2,2026-06-12 18:19:15,Punggol,TOP-W-04,Women's Heattech Crew Neck Long Sleeve Tee,Tops,Women,14.9,14.9,False,1,14.9,PayNow
ORC-20260612-1269,1,2026-06-12 17:15:24,  Orchard Central  ,TOP-M-03,Men's Dry-EX Crew Neck T-Shirt,Tops,Men,19.9,19.9,False,1,$19.9,PayNow
BUG-20260612-1095,1,2026-06-12 21:03:51,Bugis,TOP-W-08,Women's Puff Sleeve Blouse,Tops,Women,20.35,29.9,True,1,20.35,Card
BUG-20260612-0973,1,2026-06-12 18:08:27,BUGIS,SOK-M-03,Men's Airism Low-Cut Socks,Socks,Men,5.9,5.9,False,1,5.9,Cash
ORC-20260612-0376,1,2026-06-12 15:05:53,orchard central,UND-W-03,Women's Cotton Blend Briefs,Underwear,Women,9.9,9.9,False,1,9.9,NETS
ORC-20260612-0111,3,2026-06-12 12:11:01,Orchard Central,BTM-M-04,Men's Dry Stretch Shorts,Bottoms,Men,19.9,19.9,False,1,19.9,NETS
BUG-20260612-1082,3,2026-06-12 16:08:41,Bugis,SOK-W-04,Women's Ribbed Crew Socks,Socks,Women,5.9,5.9,False,1,5.9,Card
ORC-20260612-0471,3,2026-06-12 16:20:11,Orchard Central,TOP-M-03,Men's Dry-EX Crew Neck T-Shirt,Tops,MEN,19.9,19.9,False,1,19.9,CARD
BUG-20260612-0401,3,2026-06-12 19:23:50,Bugis,UND-M-03,  Men's Airism Mesh Boxer Briefs  ,Underwear,Men,14.9,14.9,False,1,14.9,NETS
BUG-20260612-0256,1,2026-06-12 15:27:40,Bugis,SOK-W-03,Women's Airism Low-Cut Socks,Socks,WOMEN,5.9,5.9,False,1,5.9,PayNow
BUG-20260612-0421,1,2026-06-12 18:23:34,Bugis,SOK-W-04,  Women's Ribbed Crew Socks  ,Socks,women,5.9,5.9,False,1,5.9,Cash
ORC-20260612-0514,3,2026-06-12 20:09:30,Orchard Central,UND-W-07,Women's Heattech Camisole,Underwear,Women,14.9,14.9,False,1,14.9,Card
ORC-20260612-0226,1,2026-06-12 19:12:32,Orchard Central,UND-W-01,Women's Airism Bikini Shorts,Underwear,Women,$9.9,9.9,False,1,9.9,Card
ORC-20260612-0939,1,2026-06-12 20:19:53,Orchard Central,UND-M-03,Men's Airism Mesh Boxer Briefs,Underwear,Men,14.9,14.9,False,1,14.9,Cash
ORC-20260612-0726,1,2026-06-12 21:51:21,Orchard Central,SOK-M-03,Men's Airism Low-Cut Socks,Socks,MEN,5.9,5.9,False,1,5.9,CARD
BUG-20260612-0723,3,2026-06-12 16:23:12,  Bugis  ,UND-M-02,Men's Cotton Blend Trunks,Underwear,men,14.9,14.9,False,2,29.8,Card
BUG-20260612-0648,2,2026-06-12 15:32:35,Bugis,SOK-M-02,Men's Pile Crew Socks,Socks,MEN,5.9,5.9,False,1,5.9,PayNow
ORC-20260612-0050,1,2026-06-12 21:25:25,ORCHARD CENTRAL,UND-W-04,Women's Airism T-Shirt Bra,underwear,Women,29.9,29.9,False,1,29.9,Card
ORC-20260612-0242,1,2026-06-12 15:25:53,Orchard Central,SOK-M-05,Men's Sport Ankle Socks,Socks,Men,5.9,5.9,False,1,5.9,PayNow
PUN-20260612-0110,1,2026-06-12 22:14:22,Punggol,SOK-W-03,Women's Airism Low-Cut Socks,Socks,Women,5.9,5.9,False,1,5.9,CARD
BUG-20260612-0042,1,2026-06-12 21:56:55,Bugis,SOK-M-04,Men's Ribbed Crew Socks,Socks,Men,5.9,5.9,False,1,5.9,PayNow
PUN-20260612-0557,1,2026-06-12 20:38:24,Punggol,TOP-W-01,  Women's Airism Cotton Crew Neck T-Shirt  ,Tops,Women,14.9,14.9,False,1,14.9,card
ORC-20260612-0210,1,2026-06-12 20:29:40,Orchard Central,UND-M-03,Men's Airism Mesh Boxer Briefs,Underwear,Men,14.9,14.9,False,2,29.8,Card
BUG-20260612-1061,1,2026-06-12 19:26:33,Bugis,SOK-W-03,Women's Airism Low-Cut Socks,Socks,Women,5.9,5.9,False,1,5.9,nets
PUN-20260612-0433,1,2026-06-12 16:01:11,Punggol,TOP-M-01,Men's Airism Cotton Crew Neck T-Shirt,Tops,Men,14.9,14.9,False,1,14.9,cash
ORC-20260612-0738,1,2026-06-12 19:23:27,Orchard Central,UND-M-04,Men's Cotton Crew Neck Undershirt,Underwear,Men,14.9,14.9,False,2,29.8,cash
PUN-20260612-0253,1,2026-06-12 17:38:47,Punggol,SOK-W-03,Women's Airism Low-Cut Socks,Socks,Women,5.9,5.9,False,1,5.9,Card
ORC-20260612-0228,2,2026-06-12 17:02:42,Orchard Central,SOK-W-06,Women's Heattech Socks,SOCKS,Women,9.9,9.9,False,1,9.9,Card
PUN-20260612-0381,1,2026-06-12 22:17:58,Punggol,UND-W-04,Women's Airism T-Shirt Bra,Underwear,Women,29.9,29.9,False,1,29.9,NETS
PUN-20260612-0447,1,2026-06-12 13:46:21,PUNGGOL,TOP-W-04,Women's Heattech Crew Neck Long Sleeve Tee,TOPS,Women,14.9,14.9,False,1,14.9,CARD
ORC-20260612-0046,2,2026-06-12 20:45:21,Orchard Central,UND-M-04,Men's Cotton Crew Neck Undershirt,Underwear,Men,14.9,14.9,False,1,14.9,card
BUG-20260612-0345,1,2026-06-12 17:47:27,Bugis,TOP-W-01,Women's Airism Cotton Crew Neck T-Shirt,Tops,Women,14.9,14.9,False,1,14.9,Cash
BUG-20260612-0996,3,2026-06-12 20:00:56,Bugis,SOK-W-02,Women's Pile Crew Socks,Socks,Women,5.9,5.9,False,1,5.9,PayNow
BUG-20260612-0682,1,2026-06-12 20:39:19,Bugis,TOP-M-01,Men's Airism Cotton Crew Neck T-Shirt,TOPS,Men,14.9,14.9,False,1,14.9,PayNow
ORC-20260612-0943,1,2026-06-12 20:15:27,Orchard Central,SOK-W-03,Women's Airism Low-Cut Socks,Socks,Women,5.9,5.9,False,1,5.9,Card
ORC-20260612-0403,1,2026-06-12 20:28:51,Orchard Central,TOP-M-01,Men's Airism Cotton Crew Neck T-Shirt,Tops,Men,14.9,14.9,False,1,14.9,CARD
ORC-20260612-0072,2,2026-06-12 15:29:50,Orchard Central,SOK-W-04,Women's Ribbed Crew Socks,Socks,Women,5.9,5.9,False,1,5.9,Card
BUG-20260612-0013,2,2026-06-12 22:41:59,Bugis,SOK-W-03,Women's Airism Low-Cut Socks,Socks,Women,5.9,5.9,False,2,11.8,NETS
ORC-20260612-0349,1,2026-06-12 13:21:14,Orchard Central,UND-W-03,Women's Cotton Blend Briefs,Underwear,Women,9.9,9.9,False,1,9.9,NETS
PUN-20260612-0307,2,2026-06-12 12:18:55,Punggol,BTM-M-03,Men's Selvedge Regular Fit Jeans,Bottoms,Men,59.9,59.9,False,1,59.9,Card
PUN-20260612-0665,3,2026-06-12 20:27:19,  Punggol  ,SOK-W-02,Women's Pile Crew Socks,Socks,Women,5.9,5.9,False,1,5.9,Cash
ORC-20260612-0032,2,2026-06-12 17:07:50,Orchard Central,SOK-W-03,  Women's Airism Low-Cut Socks  ,Socks,women,5.9,5.9,False,1,5.9,Card
BUG-20260612-0772,1,2026-06-12 21:23:15,Bugis,UND-M-02,Men's Cotton Blend Trunks,Underwear,Men,14.9,14.9,False,1,14.9,Card
ORC-20260612-1052,2,2026-06-12 16:35:11,  Orchard Central  ,UND-W-01,Women's Airism Bikini Shorts,Underwear,Women,9.9,9.9,False,1,9.9,Nets
BUG-20260612-0898,1,2026-06-12 19:05:05,Bugis,UND-M-02,Men's Cotton Blend Trunks,Underwear,men,$14.9,14.9,False,1,14.9,Nets
BUG-20260612-1176,1,2026-06-12 16:16:57,Bugis,TOP-W-08,Women's Puff Sleeve Blouse,Tops,Women,20.35,29.9,True,1,$20.35,paynow
ORC-20260612-1056,1,2026-06-12 21:00:37,Orchard Central,SOK-M-04,Men's Ribbed Crew Socks,Socks,Men,5.9,5.9,False,1,5.9,PAYNOW
ORC-20260612-1157,1,2026-06-12 12:32:37,Orchard Central,TOP-M-04,  Men's Oxford Long Sleeve Shirt  ,Tops,Men,29.9,29.9,False,1,29.9,PayNow
BUG-20260612-0373,1,2026-06-12 20:21:55,Bugis,SOK-M-06,Men's Heattech Socks,Socks,Men,9.9,9.9,False,2,19.8,CARD
ORC-20260612-0983,2,2026-06-12 20:54:47,orchard central,UND-W-04,Women's Airism T-Shirt Bra,Underwear,Women,29.9,29.9,False,2,59.8,Card
BUG-20260612-0914,1,2026-06-12 17:32:10,Bugis,TOP-M-03,Men's Dry-EX Crew Neck T-Shirt,Tops,MEN,19.9,19.9,False,1,19.9,Cash
ORC-20260612-0302,1,2026-06-12 17:37:47,Orchard Central,SOK-W-01,Women's Ankle Socks 3-Pack,SOCKS,Women,14.9,14.9,False,2,29.8,PayNow
BUG-20260612-0209,1,2026-06-12 17:09:15,Bugis,UND-M-02,Men's Cotton Blend Trunks,underwear,Men,14.9,14.9,False,2,29.8,NETS
BUG-20260612-0881,1,2026-06-12 13:20:50,Bugis,TOP-W-04,Women's Heattech Crew Neck Long Sleeve Tee,Tops,Women,14.9,14.9,False,1,14.9,Cash
ORC-20260612-0365,1,2026-06-12 12:51:46,Orchard Central,SOK-M-04,Men's Ribbed Crew Socks,SOCKS,men,5.9,5.9,False,1,5.9,NETS
ORC-20260612-0936,3,2026-06-12 20:46:45,Orchard Central,SOK-M-05,Men's Sport Ankle Socks,Socks,Men,5.9,5.9,False,1,5.9,card
BUG-20260612-0517,2,2026-06-12 21:51:01,Bugis,SOK-M-02,Men's Pile Crew Socks,Socks,MEN,5.9,5.9,False,1,5.9,Nets
PUN-20260612-0766,2,2026-06-12 15:17:55,Punggol,UND-W-09,Women's Cotton Boyshorts,Underwear,Women,9.9,9.9,False,1,9.9,card
PUN-20260612-0114,1,2026-06-12 16:50:44,punggol,SOK-W-03,Women's Airism Low-Cut Socks,SOCKS,Women,5.9,5.9,False,1,5.9,CARD
PUN-20260612-0418,1,2026-06-12 22:55:54,Punggol,SOK-M-03,Men's Airism Low-Cut Socks,Socks,Men,5.9,5.9,False,1,5.9,PayNow
ORC-20260612-0616,1,2026-06-12 19:58:32,Orchard Central,SOK-W-02,Women's Pile Crew Socks,Socks,Women,5.9,5.9,False,1,5.9,PayNow
ORC-20260612-0014,2,2026-06-12 13:30:51,Orchard Central,UND-M-02,Men's Cotton Blend Trunks,Underwear,Men,14.9,14.9,False,1,14.9,PayNow
BUG-20260612-0418,1,2026-06-12 21:00:03,Bugis,UND-W-03,Women's Cotton Blend Briefs,Underwear,Women,9.9,9.9,False,1,9.9,Cash
BUG-20260612-0707,1,2026-06-12 21:24:59,Bugis,SOK-W-02,Women's Pile Crew Socks,Socks,Women,5.9,5.9,False,1,5.9,Card
ORC-20260612-1199,2,2026-06-12 19:12:33,Orchard Central,UND-M-03,Men's Airism Mesh Boxer Briefs,UNDERWEAR,Men,14.9,14.9,False,1,14.9,Cash
PUN-20260612-0022,1,2026-06-12 15:58:20,Punggol,SOK-M-02,Men's Pile Crew Socks,Socks,men,5.9,5.9,False,1,5.9,Card
ORC-20260612-0670,1,2026-06-12 20:09:20,  Orchard Central  ,SOK-W-06,Women's Heattech Socks,SOCKS,Women,9.9,9.9,False,1,9.9,Card
ORC-20260612-0198,1,2026-06-12 16:08:08,ORCHARD CENTRAL,SOK-M-01,Men's Ankle Socks 3-Pack,Socks,Men,14.9,14.9,False,1,14.9,CARD
BUG-20260612-0837,2,2026-06-12 18:30:48,Bugis,SOK-M-03,Men's Airism Low-Cut Socks,Socks,MEN,5.9,5.9,False,1,5.9,Card
ORC-20260612-0663,1,2026-06-12 13:22:34,Orchard Central,BTM-M-03,Men's Selvedge Regular Fit Jeans,bottoms,men,59.9,59.9,False,1,59.9,Card
BUG-20260612-0915,2,2026-06-12 17:21:11,Bugis,UND-W-03,Women's Cotton Blend Briefs,Underwear,Women,9.9,9.9,False,1,9.9,CARD
PUN-20260612-0239,3,2026-06-12 20:10:27,Punggol,UND-W-04,Women's Airism T-Shirt Bra,Underwear,Women,29.9,29.9,False,1,29.9,Cash
BUG-20260612-0647,2,2026-06-12 21:29:40,Bugis,UND-M-01,Men's Airism Boxer Briefs,Underwear,Men,14.9,14.9,False,1,14.9,Cash
ORC-20260612-0150,2,2026-06-12 20:41:49,Orchard Central,TOP-M-02,Men's Supima Cotton Polo Shirt,tops,Men,29.9,29.9,False,1,29.9,PayNow
ORC-20260612-0373,1,2026-06-12 16:33:42,Orchard Central,SOK-W-06,Women's Heattech Socks,SOCKS,Women,9.9,9.9,False,1,9.9,Card
BUG-20260612-1192,3,2026-06-12 17:12:47,Bugis,UND-M-04,Men's Cotton Crew Neck Undershirt,Underwear,men,14.9,14.9,False,1,14.9,Card
ORC-20260612-1248,3,2026-06-12 18:36:28,Orchard Central,SOK-W-03,  Women's Airism Low-Cut Socks  ,Socks,Women,5.9,5.9,False,1,5.9,Card
PUN-20260612-0450,1,2026-06-12 19:49:27,Punggol,SOK-W-04,  Women's Ribbed Crew Socks  ,Socks,Women,5.9,5.9,False,1,5.9,CARD
BUG-20260612-0166,3,2026-06-12 16:42:58,Bugis,BTM-M-04,Men's Dry Stretch Shorts,Bottoms,men,19.9,19.9,False,1,19.9,PayNow
PUN-20260612-0268,2,2026-06-12 17:00:25,Punggol,SOK-W-03,Women's Airism Low-Cut Socks,Socks,Women,5.9,5.9,False,1,5.9,Card
PUN-20260612-0706,3,2026-06-12 22:14:15,Punggol,SOK-M-02,Men's Pile Crew Socks,Socks,Men,5.9,5.9,False,1,5.9,PayNow
ORC-20260612-0093,2,2026-06-12 20:32:07,orchard central,SOK-W-02,Women's Pile Crew Socks,Socks,Women,5.9,5.9,False,1,5.9,card
PUN-20260612-0555,1,2026-06-12 20:41:05,Punggol,SOK-W-02,Women's Pile Crew Socks,Socks,Women,5.9,5.9,False,1,5.9,NETS
PUN-20260612-0763,2,2026-06-12 21:14:56,  Punggol  ,TOP-W-02,Women's Ribbed Long Sleeve Turtleneck,Tops,Women,19.9,19.9,False,1,19.9,Paynow
BUG-20260612-1023,3,2026-06-12 22:57:49,  Bugis  ,SOK-W-04,Women's Ribbed Crew Socks,Socks,WOMEN,5.9,5.9,False,1,5.9,Paynow
ORC-20260612-0550,1,2026-06-12 21:04:46,Orchard Central,SOK-M-05,Men's Sport Ankle Socks,Socks,Men,5.9,5.9,False,1,5.9,Card
ORC-20260612-0955,2,2026-06-12 11:37:05,Orchard Central,SOK-M-02,Men's Pile Crew Socks,Socks,Men,5.9,5.9,False,1,5.9,NETS
ORC-20260612-0061,3,2026-06-12 18:04:42,ORCHARD CENTRAL,TOP-M-04,,Tops,Men,29.9,29.9,False,1,29.9,PayNow
PUN-20260612-0814,1,2026-06-12 13:36:22,Punggol,UND-W-03,  Women's Cotton Blend Briefs  ,Underwear,Women,9.9,9.9,False,1,9.9,NETS
ORC-20260612-0216,2,2026-06-12 18:37:59,Orchard Central,UND-M-03,Men's Airism Mesh Boxer Briefs,Underwear,MEN,14.9,14.9,False,1,14.9,CARD
PUN-20260612-0821,1,2026-06-12 20:43:36,Punggol,SOK-W-04,Women's Ribbed Crew Socks,socks,Women,5.9,5.9,False,2,11.8,Card
ORC-20260612-0591,2,2026-06-12 20:41:34,  Orchard Central  ,UND-M-02,Men's Cotton Blend Trunks,Underwear,Men,14.9,14.9,False,1,14.9,Paynow
BUG-20260612-0883,1,2026-06-12 17:32:28,  BUGIS  ,UND-M-02,Men's Cotton Blend Trunks,Underwear,Men,14.9,14.9,False,1,14.9,Cash
PUN-20260612-0484,1,2026-06-12 18:18:49,  PUNGGOL  ,SOK-W-03,Women's Airism Low-Cut Socks,Socks,Women,5.9,5.9,False,1,5.9,Card
ORC-20260612-0444,2,2026-06-12 14:15:46,ORCHARD CENTRAL,SOK-W-08,  Women's Lace Trim Ankle Socks  ,Socks,Women,5.9,5.9,False,1,5.9,PayNow
PUN-20260612-0689,1,2026-06-12 22:39:16,Punggol,SOK-W-02,Women's Pile Crew Socks,Socks,Women,5.9,5.9,False,1,5.9,NETS
ORC-20260612-1300,1,2026-06-12 22:10:48,orchard central,SOK-W-03,Women's Airism Low-Cut Socks,Socks,Women,5.9,5.9,False,1,5.9,CARD
BUG-20260612-0921,2,2026-06-12 17:55:10,Bugis,SOK-W-04,Women's Ribbed Crew Socks,Socks,Women,5.9,5.9,False,1,$5.9,PayNow
ORC-20260612-0787,1,2026-06-12 11:58:59,Orchard Central,UND-M-04,Men's Cotton Crew Neck Undershirt,Underwear,MEN,14.9,14.9,False,1,14.9,Card
BUG-20260612-0519,1,2026-06-12 21:10:08,  Bugis  ,SOK-W-02,Women's Pile Crew Socks,Socks,Women,5.9,5.9,False,1,5.9,Cash
BUG-20260612-0605,3,2026-06-12 17:38:43,  Bugis  ,SOK-M-04,Men's Ribbed Crew Socks,Socks,Men,5.9,5.9,False,1,5.9,Cash
ORC-20260612-0086,1,2026-06-12 17:44:11,Orchard Central,SOK-W-04,Women's Ribbed Crew Socks,Socks,Women,$5.9,5.9,False,1,5.9,Card
ORC-20260612-0907,1,2026-06-12 15:35:38,Orchard Central,SOK-W-04,Women's Ribbed Crew Socks,Socks,Women,5.9,5.9,False,1,5.9,Card
PUN-20260612-0650,2,2026-06-12 20:24:09,Punggol,SOK-W-02,Women's Pile Crew Socks,Socks,Women,5.9,5.9,False,1,5.9,Card
ORC-20260612-0250,1,2026-06-12 17:19:55,Orchard Central,UND-M-10,Men's Cotton Blend Briefs,Underwear,Men,7.42,9.9,True,1,7.42,PayNow
BUG-20260612-0906,3,2026-06-12 13:17:15,Bugis,TOP-M-04,Men's Oxford Long Sleeve Shirt,Tops,Men,29.9,29.9,False,1,29.9,Cash
ORC-20260612-1222,1,2026-06-12 19:29:50,Orchard Central,UND-M-02,Men's Cotton Blend Trunks,Underwear,Men,14.9,14.9,False,1,14.9,Card
ORC-20260612-1100,1,2026-06-12 13:47:38,Orchard Central,SOK-W-03,Women's Airism Low-Cut Socks,Socks,Women,5.9,5.9,False,1,5.9,PayNow
BUG-20260612-1102,1,2026-06-12 17:24:42,bugis,SOK-W-04,Women's Ribbed Crew Socks,SOCKS,Women,5.9,5.9,False,1,5.9,Card
ORC-20260612-0350,2,2026-06-12 20:16:26,Orchard Central,UND-M-02,Men's Cotton Blend Trunks,Underwear,Men,$14.9,14.9,False,1,14.9,Card
BUG-20260612-0673,2,2026-06-12 14:07:13,Bugis,TOP-M-03,Men's Dry-EX Crew Neck T-Shirt,Tops,Men,19.9,19.9,False,1,19.9,Nets
BUG-20260612-0890,3,2026-06-12 19:45:59,Bugis,SOK-M-03,Men's Airism Low-Cut Socks,Socks,Men,5.9,5.9,False,2,11.8,NETS
PUN-20260612-0293,2,2026-06-12 20:36:47,Punggol,TOP-M-04,Men's Oxford Long Sleeve Shirt,tops,Men,29.9,29.9,False,1,29.9,Cash
BUG-20260612-0087,1,2026-06-12 20:27:42,Bugis,SOK-W-06,Women's Heattech Socks,Socks,Women,9.9,9.9,False,1,9.9,PayNow
BUG-20260612-0610,2,2026-06-12 13:51:52,bugis,SOK-W-02,Women's Pile Crew Socks,SOCKS,Women,5.9,5.9,False,1,5.9,NETS
PUN-20260612-0323,3,2026-06-12 19:52:21,Punggol,BTM-W-02,Women's High-Rise Wide Leg Pants,Bottoms,Women,39.9,39.9,False,1,39.9,Card
BUG-20260612-0728,3,2026-06-12 21:46:22,Bugis,SOK-M-05,Men's Sport Ankle Socks,Socks,Men,5.9,5.9,False,1,5.9,card
PUN-20260612-0064,1,2026-06-12 15:02:23,Punggol,SOK-W-04,Women's Ribbed Crew Socks,SOCKS,women,5.9,5.9,False,2,11.8,Card
BUG-20260612-0282,1,2026-06-12 20:29:02,Bugis,TOP-W-01,Women's Airism Cotton Crew Neck T-Shirt,Tops,Women,14.9,14.9,False,1,14.9,nets
BUG-20260612-0372,2,2026-06-12 20:11:40,Bugis,UND-W-03,Women's Cotton Blend Briefs,UNDERWEAR,Women,9.9,9.9,False,1,9.9,cash
BUG-20260612-0694,1,2026-06-12 11:07:33,Bugis,UND-M-02,Men's Cotton Blend Trunks,Underwear,MEN,14.9,14.9,False,1,14.9,NETS
ORC-20260612-0123,1,2026-06-12 20:23:35,Orchard Central,UND-M-02,Men's Cotton Blend Trunks,Underwear,Men,14.9,14.9,False,1,14.9,Card
ORC-20260612-0546,1,2026-06-12 15:52:42,Orchard Central,UND-W-07,Women's Heattech Camisole,Underwear,Women,14.9,14.9,False,1,14.9,Card
PUN-20260612-0769,2,2026-06-12 13:33:30,Punggol,SOK-M-04,Men's Ribbed Crew Socks,Socks,Men,5.9,5.9,False,1,5.9,PayNow
PUN-20260612-0671,2,2026-06-12 12:00:52,Punggol,SOK-M-03,Men's Airism Low-Cut Socks,Socks,Men,5.9,5.9,False,1,5.9,Card
ORC-20260612-1220,3,2026-06-12 19:15:17,Orchard Central,SOK-M-04,Men's Ribbed Crew Socks,Socks,Men,5.9,5.9,False,1,5.9,PayNow
ORC-20260612-1135,2,2026-06-12 20:26:21,Orchard Central,SOK-M-02,  Men's Pile Crew Socks  ,Socks,Men,5.9,5.9,False,1,5.9,Card
ORC-20260612-0322,1,2026-06-12 18:16:08,Orchard Central,TOP-W-08,Women's Puff Sleeve Blouse,Tops,Women,20.35,29.9,True,1,20.35,Card
ORC-20260612-0815,2,2026-06-12 20:04:28,Orchard Central,SOK-M-03,Men's Airism Low-Cut Socks,Socks,Men,5.9,5.9,False,2,11.8,NETS
ORC-20260612-1155,3,2026-06-12 18:57:19,  ORCHARD CENTRAL  ,UND-W-03,Women's Cotton Blend Briefs,Underwear,Women,9.9,9.9,False,1,9.9,Card
ORC-20260612-1019,1,2026-06-12 22:35:56,Orchard Central,SOK-M-01,Men's Ankle Socks 3-Pack,Socks,Men,14.9,14.9,False,1,14.9,PAYNOW
ORC-20260612-0747,3,2026-06-12 17:22:24,Orchard Central,UND-W-02,Women's Wireless Bra,Underwear,Women,29.9,29.9,False,1,29.9,Cash
ORC-20260612-0071,3,2026-06-12 19:33:14,Orchard Central,SOK-W-01,Women's Ankle Socks 3-Pack,Socks,Women,14.9,14.9,False,2,29.8,Card
BUG-20260612-1146,2,2026-06-12 13:17:03,Bugis,SOK-W-03,Women's Airism Low-Cut Socks,Socks,women,5.9,5.9,False,1,5.9,Cash
PUN-20260612-0345,3,2026-06-12 16:19:34,Punggol,UND-W-03,Women's Cotton Blend Briefs,Underwear,Women,9.9,9.9,False,1,9.9,Card
BUG-20260612-0076,1,2026-06-12 16:27:05,Bugis,UND-W-03,Women's Cotton Blend Briefs,Underwear,Women,9.9,9.9,False,1,9.9,Card
BUG-20260612-1029,1,2026-06-12 11:41:17,Bugis,UND-W-03,Women's Cotton Blend Briefs,Underwear,women,9.9,9.9,False,2,19.8,Card
BUG-20260612-0507,1,2026-06-12 21:17:02,Bugis,UND-W-05,Women's Seamless Shorts,Underwear,Women,9.9,9.9,False,1,9.9,NETS
PUN-20260612-0311,3,2026-06-12 16:03:50,Punggol,SOK-M-03,Men's Airism Low-Cut Socks,Socks,Men,5.9,5.9,False,1,5.9,PayNow
PUN-20260612-0214,1,2026-06-12 20:18:45,Punggol,TOP-M-01,  Men's Airism Cotton Crew Neck T-Shirt  ,Tops,men,14.9,14.9,False,1,14.9,CASH
ORC-20260612-0374,2,2026-06-12 19:05:53,Orchard Central,SOK-W-04,  Women's Ribbed Crew Socks  ,Socks,Women,5.9,5.9,False,1,5.9,Card
BUG-20260612-1220,1,2026-06-12 13:36:49,Bugis,TOP-W-01,Women's Airism Cotton Crew Neck T-Shirt,Tops,Women,14.9,14.9,False,1,14.9,Card
ORC-20260612-1207,2,2026-06-12 20:14:39,Orchard Central,SOK-M-02,Men's Pile Crew Socks,Socks,Men,5.9,5.9,False,1,5.9,Card
PUN-20260612-0741,2,2026-06-12 20:18:56,Punggol,SOK-M-03,Men's Airism Low-Cut Socks,Socks,Men,5.9,5.9,False,1,5.9,paynow
BUG-20260612-0733,2,2026-06-12 17:52:31,Bugis,UND-W-04,Women's Airism T-Shirt Bra,Underwear,Women,$29.9,29.9,False,1,$29.9,Card
ORC-20260612-0474,1,2026-06-12 20:25:15,Orchard Central,UND-M-04,Men's Cotton Crew Neck Undershirt,Underwear,Men,14.9,14.9,False,1,14.9,Card
PUN-20260612-0352,1,2026-06-12 17:06:01,Punggol,BTM-M-03,Men's Selvedge Regular Fit Jeans,Bottoms,Men,59.9,59.9,False,1,59.9,NETS
PUN-20260612-0531,3,2026-06-12 12:41:36,Punggol,BTM-M-02,Men's Slim Fit Chino Trousers,Bottoms,Men,29.9,29.9,False,1,29.9,Cash
BUG-20260612-0198,2,2026-06-12 21:45:23,Bugis,SOK-W-02,Women's Pile Crew Socks,Socks,Women,5.9,5.9,False,1,5.9,Card
ORC-20260612-0344,1,2026-06-12 13:28:47,Orchard Central,UND-W-03,Women's Cotton Blend Briefs,Underwear,Women,9.9,9.9,False,1,9.9,Card
ORC-20260612-0740,2,2026-06-12 13:35:05,orchard central,SOK-M-08,Men's Cotton Blend Dress Socks,Socks,Men,9.9,9.9,False,2,19.8,
ORC-20260612-1013,1,2026-06-12 11:49:53,Orchard Central,TOP-M-03,Men's Dry-EX Crew Neck T-Shirt,Tops,Men,19.9,19.9,False,1,19.9,Card
ORC-20260612-0961,1,2026-06-12 19:01:28,Orchard Central,UND-M-04,Men's Cotton Crew Neck Undershirt,Underwear,Men,14.9,14.9,False,2,29.8,Cash
ORC-20260612-0760,2,2026-06-12 18:58:10,Orchard Central,UND-W-10,Women's Wireless Bralette,UNDERWEAR,women,29.9,29.9,False,1,29.9,Nets
PUN-20260612-0196,1,2026-06-12 21:16:56,Punggol,SOK-M-02,Men's Pile Crew Socks,Socks,Men,5.9,5.9,False,2,11.8,Cash
BUG-20260612-0105,3,2026-06-12 18:58:13,Bugis,SOK-W-02,Women's Pile Crew Socks,Socks,Women,5.9,5.9,False,1,5.9,CARD
BUG-20260612-1001,2,2026-06-12 14:15:56,Bugis,TOP-W-02,Women's Ribbed Long Sleeve Turtleneck,Tops,Women,19.9,19.9,False,1,19.9,NETS
ORC-20260612-0822,2,2026-06-12 17:30:02,Orchard Central,SOK-M-04,Men's Ribbed Crew Socks,Socks,Men,5.9,5.9,False,1,5.9,PayNow
BUG-20260612-0852,1,2026-06-12 16:02:16,Bugis,SOK-W-02,Women's Pile Crew Socks,Socks,Women,5.9,5.9,False,1,5.9,CARD
PUN-20260612-0147,2,2026-06-12 18:38:20,  Punggol  ,SOK-W-10,Women's Wool Blend Socks,Socks,Women,9.9,9.9,False,1,9.9,Nets
BUG-20260612-0437,1,2026-06-12 21:05:56,Bugis,UND-W-09,Women's Cotton Boyshorts,Underwear,Women,9.9,9.9,False,1,9.9,PayNow
PUN-20260612-0654,1,2026-06-12 17:56:47,Punggol,UND-W-08,Women's Airism Camisole,Underwear,women,14.9,14.9,False,1,14.9,PayNow
ORC-20260612-1254,1,2026-06-12 22:01:34,Orchard Central,SOK-M-03,Men's Airism Low-Cut Socks,socks,Men,5.9,5.9,False,2,11.8,Card
PUN-20260612-0628,3,2026-06-12 21:49:39,punggol,SOK-M-02,Men's Pile Crew Socks,Socks,Men,5.9,5.9,False,1,5.9,NETS
ORC-20260612-1243,1,2026-06-12 16:38:54,Orchard Central,SOK-M-02,Men's Pile Crew Socks,Socks,Men,5.9,5.9,False,2,11.8,PayNow
ORC-20260612-1043,1,2026-06-12 12:35:39,  Orchard Central  ,SOK-M-02,Men's Pile Crew Socks,socks,Men,5.9,5.9,False,1,5.9,Card
BUG-20260612-1099,1,2026-06-12 18:41:37,Bugis,UND-M-02,Men's Cotton Blend Trunks,Underwear,Men,14.9,14.9,False,1,14.9,PayNow
ORC-20260612-0654,1,2026-06-12 11:02:42,ORCHARD CENTRAL,SOK-W-03,Women's Airism Low-Cut Socks,Socks,Women,5.9,5.9,False,1,5.9,Card
ORC-20260612-1088,2,2026-06-12 21:13:30,  Orchard Central  ,SOK-W-04,Women's Ribbed Crew Socks,Socks,Women,5.9,5.9,False,1,5.9,paynow
PUN-20260612-0771,2,2026-06-12 12:52:54,Punggol,SOK-M-08,Men's Cotton Blend Dress Socks,Socks,Men,9.9,9.9,False,1,9.9,Cash
ORC-20260612-0744,1,2026-06-12 16:26:25,Orchard Central,SOK-M-03,Men's Airism Low-Cut Socks,Socks,men,5.9,5.9,False,1,5.9,Card
PUN-20260612-0509,3,2026-06-12 20:21:15,Punggol,TOP-W-02,Women's Ribbed Long Sleeve Turtleneck,tops,WOMEN,19.9,19.9,False,1,19.9,Cash
ORC-20260612-1209,3,2026-06-12 16:27:08,Orchard Central,UND-M-01,  Men's Airism Boxer Briefs  ,Underwear,Men,14.9,14.9,False,1,14.9,Card
ORC-20260612-0808,1,2026-06-12 14:22:57,  Orchard Central  ,SOK-W-03,Women's Airism Low-Cut Socks,Socks,Women,5.9,5.9,False,1,5.9,Paynow
ORC-20260612-0679,2,2026-06-12 16:46:47,  Orchard Central  ,SOK-M-05,Men's Sport Ankle Socks,Socks,Men,5.9,5.9,False,1,5.9,Card
ORC-20260612-0363,1,2026-06-12 16:40:42,ORCHARD CENTRAL,TOP-M-01,Men's Airism Cotton Crew Neck T-Shirt,Tops,Men,14.9,14.9,False,1,14.9,Card
ORC-20260612-0536,1,2026-06-12 17:03:59,Orchard Central,UND-W-03,Women's Cotton Blend Briefs,Underwear,Women,9.9,9.9,False,1,9.9,Cash
PUN-20260612-0652,2,2026-06-12 19:08:39,Punggol,UND-M-08,Men's Airism V-Neck Undershirt,underwear,Men,9.9,9.9,False,1,9.9,card
ORC-20260612-1177,1,2026-06-12 21:47:35,Orchard Central,TOP-M-02,Men's Supima Cotton Polo Shirt,Tops,Men,29.9,29.9,False,1,29.9,nets
PUN-20260612-0178,2,2026-06-12 15:19:51,Punggol,SOK-W-08,Women's Lace Trim Ankle Socks,Socks,Women,5.9,5.9,False,1,5.9,Card
PUN-20260612-0054,3,2026-06-12 19:28:12,Punggol,SOK-M-03,Men's Airism Low-Cut Socks,Socks,Men,5.9,5.9,False,2,11.8,Card
PUN-20260612-0577,1,2026-06-12 21:08:16,Punggol,SOK-M-02,Men's Pile Crew Socks,Socks,Men,5.9,5.9,False,1,5.9,Cash
PUN-20260612-0758,1,2026-06-12 18:19:42,Punggol,BTM-W-02,  Women's High-Rise Wide Leg Pants  ,Bottoms,Women,39.9,39.9,False,1,39.9,Card
ORC-20260612-1282,2,2026-06-12 20:16:34,orchard central,TOP-W-01,Women's Airism Cotton Crew Neck T-Shirt,Tops,Women,14.9,14.9,False,1,14.9,Card
BUG-20260612-0431,1,2026-06-12 20:26:33,Bugis,TOP-M-02,Men's Supima Cotton Polo Shirt,Tops,Men,29.9,29.9,False,1,29.9,Card
BUG-20260612-0773,1,2026-06-12 12:28:41,Bugis,TOP-M-01,Men's Airism Cotton Crew Neck T-Shirt,Tops,Men,14.9,14.9,False,1,14.9,Card
BUG-20260612-0346,1,2026-06-12 18:20:27,Bugis,TOP-W-01,Women's Airism Cotton Crew Neck T-Shirt,Tops,Women,14.9,14.9,False,1,14.9,PayNow
PUN-20260612-0211,1,2026-06-12 21:47:49,Punggol,BTM-W-02,Women's High-Rise Wide Leg Pants,Bottoms,Women,$39.9,39.9,False,1,39.9,PayNow
BUG-20260612-0588,3,2026-06-12 21:13:40,Bugis,SOK-M-02,Men's Pile Crew Socks,Socks,Men,5.9,5.9,False,1,5.9,card
BUG-20260612-1189,3,2026-06-12 18:10:21,Bugis,SOK-W-04,Women's Ribbed Crew Socks,Socks,Women,5.9,5.9,False,1,5.9,Cash
BUG-20260612-0058,3,2026-06-12 21:40:21,Bugis,SOK-M-01,Men's Ankle Socks 3-Pack,Socks,Men,14.9,14.9,False,1,14.9,Card
PUN-20260612-0452,2,2026-06-12 20:13:22,Punggol,SOK-M-04,Men's Ribbed Crew Socks,Socks,Men,5.9,5.9,False,2,11.8,Card
BUG-20260612-0002,1,2026-06-12 11:36:31,bugis,SOK-W-03,Women's Airism Low-Cut Socks,Socks,Women,5.9,5.9,False,1,5.9,Cash
PUN-20260612-0086,1,2026-06-12 20:10:14,Punggol,BTM-M-04,Men's Dry Stretch Shorts,Bottoms,Men,19.9,19.9,False,1,19.9,Paynow
BUG-20260612-0193,1,2026-06-12 18:05:07,Bugis,SOK-M-03,Men's Airism Low-Cut Socks,Socks,Men,5.9,5.9,False,1,5.9,Cash
ORC-20260612-0197,2,2026-06-12 14:00:15,Orchard Central,BTM-W-10,Women's High Waist Denim Shorts,Bottoms,Women,29.9,29.9,False,1,29.9,Card
PUN-20260612-0582,2,2026-06-12 15:02:00,Punggol,UND-W-03,Women's Cotton Blend Briefs,Underwear,Women,9.9,9.9,False,2,19.8,Cash
BUG-20260612-0847,1,2026-06-12 13:38:34,Bugis,SOK-M-02,Men's Pile Crew Socks,Socks,MEN,5.9,5.9,False,1,5.9,Card
PUN-20260612-0554,1,2026-06-12 19:56:14,Punggol,TOP-M-07,  Men's Ultra Light Down Jacket  ,Tops,Men,55.24,79.9,True,1,55.24,Cash
PUN-20260612-0333,1,2026-06-12 19:09:33,Punggol,UND-M-02,Men's Cotton Blend Trunks,Underwear,Men,14.9,14.9,False,1,14.9,PayNow
ORC-20260612-0347,3,2026-06-12 15:56:42,Orchard Central,UND-M-04,Men's Cotton Crew Neck Undershirt,Underwear,Men,14.9,14.9,False,1,14.9,Cash
PUN-20260612-0575,2,2026-06-12 21:05:41,Punggol,SOK-W-02,Women's Pile Crew Socks,Socks,Women,5.9,5.9,False,1,5.9,card
PUN-20260612-0547,2,2026-06-12 20:34:12,Punggol,TOP-M-02,Men's Supima Cotton Polo Shirt,Tops,Men,29.9,29.9,False,1,29.9,PayNow
BUG-20260612-1046,2,2026-06-12 19:50:33,Bugis,BTM-W-03,Women's Ezy Ankle Pants,Bottoms,Women,29.9,29.9,False,1,29.9,Cash
BUG-20260612-0213,2,2026-06-12 17:43:15,Bugis,UND-M-02,Men's Cotton Blend Trunks,underwear,Men,14.9,14.9,False,1,14.9,Card
PUN-20260612-0648,2,2026-06-12 18:34:45,Punggol,UND-W-03,  Women's Cotton Blend Briefs  ,Underwear,Women,9.9,9.9,False,1,9.9,Card
ORC-20260612-0499,2,2026-06-12 17:43:45,Orchard Central,TOP-M-03,Men's Dry-EX Crew Neck T-Shirt,Tops,Men,19.9,19.9,False,1,19.9,card
ORC-20260612-1171,1,2026-06-12 11:11:47,Orchard Central,BTM-W-03,Women's Ezy Ankle Pants,Bottoms,Women,29.9,29.9,False,1,29.9,Card
BUG-20260612-1031,2,2026-06-12 15:48:52,Bugis,UND-M-04,Men's Cotton Crew Neck Undershirt,Underwear,Men,14.9,14.9,False,1,14.9,Card
BUG-20260612-0840,1,2026-06-12 18:10:22,Bugis,TOP-M-01,  Men's Airism Cotton Crew Neck T-Shirt  ,Tops,Men,14.9,14.9,False,1,14.9,CARD
BUG-20260612-0549,1,2026-06-12 12:23:50,BUGIS,BTM-M-05,Men's Wide Fit Cargo Pants,Bottoms,Men,26.68,39.9,True,1,26.68,Card
BUG-20260612-1219,2,2026-06-12 20:14:00,Bugis,TOP-M-01,Men's Airism Cotton Crew Neck T-Shirt,Tops,Men,14.9,14.9,False,1,14.9,Card
BUG-20260612-0163,3,2026-06-12 20:16:16,Bugis,UND-M-01,  Men's Airism Boxer Briefs  ,Underwear,Men,14.9,14.9,False,1,14.9,NETS
BUG-20260612-0745,2,2026-06-12 18:47:19,Bugis,SOK-W-02,Women's Pile Crew Socks,Socks,Women,5.9,5.9,False,1,5.9,PayNow
ORC-20260612-0912,2,2026-06-12 16:04:21,  Orchard Central  ,BTM-W-02,Women's High-Rise Wide Leg Pants,Bottoms,Women,39.9,39.9,False,1,39.9,
PUN-20260612-0110,3,2026-06-12 22:14:22,Punggol,UND-W-01,,Underwear,Women,9.9,9.9,False,1,9.9,Card
PUN-20260612-0091,2,2026-06-12 21:35:07,Punggol,TOP-W-02,Women's Ribbed Long Sleeve Turtleneck,Tops,Women,19.9,19.9,False,1,19.9,CASH
ORC-20260612-0998,2,2026-06-12 22:44:00,Orchard Central,SOK-W-04,Women's Ribbed Crew Socks,socks,Women,5.9,5.9,False,1,5.9,Card
BUG-20260612-1096,1,2026-06-12 19:36:33,Bugis,SOK-M-03,Men's Airism Low-Cut Socks,Socks,Men,5.9,5.9,False,1,5.9,PayNow
ORC-20260612-0201,1,2026-06-12 21:33:03,Orchard Central,SOK-W-03,Women's Airism Low-Cut Socks,Socks,Women,5.9,5.9,False,1,5.9,Card
ORC-20260612-0929,2,2026-06-12 22:28:56,Orchard Central,TOP-M-01,Men's Airism Cotton Crew Neck T-Shirt,Tops,Men,14.9,14.9,False,1,14.9,NETS
BUG-20260612-0844,3,2026-06-12 18:59:19,Bugis,UND-M-01,Men's Airism Boxer Briefs,Underwear,Men,14.9,14.9,False,1,14.9,Card
ORC-20260612-1127,2,2026-06-12 11:34:42,ORCHARD CENTRAL,BTM-W-03,Women's Ezy Ankle Pants,Bottoms,Women,29.9,29.9,False,1,29.9,NETS
BUG-20260612-0896,2,2026-06-12 18:59:04,Bugis,SOK-W-02,Women's Pile Crew Socks,Socks,Women,5.9,5.9,False,2,11.8,
ORC-20260612-0421,2,2026-06-12 18:27:14,Orchard Central,UND-W-01,Women's Airism Bikini Shorts,Underwear,Women,9.9,9.9,False,1,9.9,CARD
BUG-20260612-0137,3,2026-06-12 20:49:38,bugis,SOK-W-04,Women's Ribbed Crew Socks,Socks,Women,5.9,5.9,False,1,5.9,
PUN-20260612-0200,2,2026-06-12 15:26:30,Punggol,UND-W-01,Women's Airism Bikini Shorts,underwear,Women,9.9,9.9,False,1,9.9,PAYNOW
BUG-20260612-1021,1,2026-06-12 21:52:06,Bugis,TOP-W-08,Women's Puff Sleeve Blouse,Tops,WOMEN,20.35,29.9,True,1,20.35,Card
PUN-20260612-0669,2,2026-06-12 14:38:51,Punggol,TOP-W-03,Women's Silky Satin Blouse,Tops,Women,39.9,39.9,False,1,39.9,PayNow
ORC-20260612-1250,2,2026-06-12 21:23:04,Orchard Central,UND-W-03,Women's Cotton Blend Briefs,Underwear,Women,$9.9,9.9,False,1,9.9,PayNow
BUG-20260612-1225,3,2026-06-12 18:38:39,Bugis,TOP-W-01,Women's Airism Cotton Crew Neck T-Shirt,Tops,Women,14.9,14.9,False,1,14.9,Card
PUN-20260612-0170,3,2026-06-12 15:49:18,Punggol,SOK-W-03,Women's Airism Low-Cut Socks,Socks,Women,5.9,5.9,False,1,5.9,Card
ORC-20260612-1075,2,2026-06-12 13:11:51,Orchard Central,SOK-W-03,  Women's Airism Low-Cut Socks  ,Socks,Women,5.9,5.9,False,1,5.9,Card
PUN-20260612-0776,1,2026-06-12 11:46:11,Punggol,SOK-M-01,  Men's Ankle Socks 3-Pack  ,Socks,MEN,14.9,14.9,False,1,14.9,Card
ORC-20260612-0170,1,2026-06-12 20:46:08,Orchard Central,UND-W-01,Women's Airism Bikini Shorts,underwear,Women,9.9,9.9,False,1,9.9,Cash
PUN-20260612-0741,1,2026-06-12 20:18:56,punggol,SOK-M-04,Men's Ribbed Crew Socks,Socks,Men,5.9,5.9,False,1,5.9,PayNow
ORC-20260612-0168,1,2026-06-12 20:12:35,Orchard Central,TOP-M-01,Men's Airism Cotton Crew Neck T-Shirt,Tops,MEN,14.9,14.9,False,1,14.9,Nets
ORC-20260612-1228,2,2026-06-12 20:08:54,Orchard Central,TOP-M-04,Men's Oxford Long Sleeve Shirt,Tops,Men,29.9,29.9,False,1,29.9,PayNow
ORC-20260612-0745,1,2026-06-12 21:14:42,Orchard Central,SOK-W-06,Women's Heattech Socks,Socks,women,9.9,9.9,False,1,$9.9,PayNow
PUN-20260612-0423,2,2026-06-12 18:44:54,Punggol,SOK-W-03,Women's Airism Low-Cut Socks,Socks,Women,5.9,5.9,False,1,5.9,Card
BUG-20260612-0046,1,2026-06-12 19:56:08,Bugis,TOP-M-02,  Men's Supima Cotton Polo Shirt  ,Tops,Men,29.9,29.9,False,1,29.9,Card
BUG-20260612-0187,2,2026-06-12 19:47:53,Bugis,BTM-W-01,Women's Ultra Stretch Skinny Jeans,Bottoms,Women,39.9,39.9,False,1,39.9,Card
ORC-20260612-1125,3,2026-06-12 19:22:22,Orchard Central,UND-M-04,  Men's Cotton Crew Neck Undershirt  ,Underwear,Men,14.9,14.9,False,2,29.8,Card
ORC-20260612-0379,3,2026-06-12 20:34:59,Orchard Central,TOP-M-03,Men's Dry-EX Crew Neck T-Shirt,Tops,Men,19.9,19.9,False,1,19.9,Cash
PUN-20260612-0211,2,2026-06-12 21:47:49,  Punggol  ,TOP-M-01,Men's Airism Cotton Crew Neck T-Shirt,Tops,Men,14.9,14.9,False,1,14.9,PayNow
ORC-20260612-0595,1,2026-06-12 14:06:49,Orchard Central,SOK-W-02,Women's Pile Crew Socks,Socks,Women,5.9,5.9,False,1,5.9,NETS
ORC-20260612-1110,2,2026-06-12 21:15:55,Orchard Central,SOK-M-02,Men's Pile Crew Socks,Socks,Men,5.9,5.9,False,1,5.9,CARD
PUN-20260612-0599,3,2026-06-12 21:44:05,Punggol,BTM-M-05,Men's Wide Fit Cargo Pants,Bottoms,Men,26.68,39.9,True,1,26.68,NETS
ORC-20260612-1266,2,2026-06-12 15:32:59,Orchard Central,BTM-W-03,Women's Ezy Ankle Pants,Bottoms,Women,29.9,29.9,False,1,29.9,Card
BUG-20260612-0362,2,2026-06-12 21:12:22,Bugis,SOK-W-02,Women's Pile Crew Socks,Socks,Women,5.9,5.9,False,1,5.9,Card
BUG-20260612-0429,3,2026-06-12 18:43:02,Bugis,UND-M-01,  Men's Airism Boxer Briefs  ,Underwear,Men,14.9,14.9,False,1,14.9,Card
ORC-20260612-1236,2,2026-06-12 20:12:01,Orchard Central,SOK-M-02,Men's Pile Crew Socks,Socks,MEN,5.9,5.9,False,1,5.9,NETS
PUN-20260612-0711,2,2026-06-12 19:40:08,Punggol,BTM-M-05,Men's Wide Fit Cargo Pants,Bottoms,Men,26.68,39.9,True,1,26.68,Card
PUN-20260612-0068,2,2026-06-12 21:11:45,Punggol,BTM-M-04,Men's Dry Stretch Shorts,Bottoms,Men,19.9,19.9,False,1,19.9,Card
PUN-20260612-0164,2,2026-06-12 20:36:18,Punggol,SOK-W-03,  Women's Airism Low-Cut Socks  ,Socks,Women,5.9,5.9,False,1,5.9,Card
PUN-20260612-0738,3,2026-06-12 19:20:15,Punggol,BTM-W-03,Women's Ezy Ankle Pants,Bottoms,Women,29.9,29.9,False,1,29.9,NETS
BUG-20260612-0882,2,2026-06-12 20:41:00,  Bugis  ,SOK-W-03,Women's Airism Low-Cut Socks,Socks,Women,5.9,5.9,False,1,5.9,card
BUG-20260612-1007,2,2026-06-12 13:25:37,Bugis,TOP-W-02,Women's Ribbed Long Sleeve Turtleneck,Tops,Women,19.9,19.9,False,1,19.9,Cash
PUN-20260612-0167,2,2026-06-12 14:28:01,Punggol,UND-M-03,Men's Airism Mesh Boxer Briefs,Underwear,Men,14.9,14.9,False,1,14.9,Cash
PUN-20260612-0169,2,2026-06-12 20:43:36,Punggol,TOP-M-01,Men's Airism Cotton Crew Neck T-Shirt,Tops,Men,14.9,14.9,False,1,14.9,Cash
ORC-20260612-0128,2,2026-06-12 12:39:33,Orchard Central,UND-M-04,Men's Cotton Crew Neck Undershirt,Underwear,Men,14.9,14.9,False,1,14.9,Card
BUG-20260612-0127,1,2026-06-12 17:04:26,Bugis,SOK-M-03,Men's Airism Low-Cut Socks,Socks,Men,5.9,5.9,False,1,5.9,Card
ORC-20260612-1050,2,2026-06-12 19:07:33,  Orchard Central  ,SOK-W-02,Women's Pile Crew Socks,Socks,Women,5.9,5.9,False,1,5.9,Card
ORC-20260612-0295,3,2026-06-12 18:50:34,Orchard Central,UND-M-02,  Men's Cotton Blend Trunks  ,Underwear,Men,14.9,14.9,False,1,14.9,Card
BUG-20260612-0554,1,2026-06-12 17:32:25,Bugis,SOK-W-02,Women's Pile Crew Socks,Socks,Women,5.9,5.9,False,1,5.9,PayNow
PUN-20260612-0088,3,2026-06-12 20:08:30,Punggol,BTM-M-05,Men's Wide Fit Cargo Pants,Bottoms,Men,26.68,39.9,True,1,26.68,PayNow
ORC-20260612-0148,1,2026-06-12 16:47:36,Orchard Central,TOP-W-02,Women's Ribbed Long Sleeve Turtleneck,Tops,Women,19.9,19.9,False,1,19.9,PayNow
PUN-20260612-0127,1,2026-06-12 19:21:13,Punggol,TOP-M-03,Men's Dry-EX Crew Neck T-Shirt,Tops,Men,19.9,19.9,False,1,19.9,PayNow
BUG-20260612-0949,2,2026-06-12 15:41:51,Bugis,UND-W-09,Women's Cotton Boyshorts,Underwear,Women,9.9,9.9,False,1,9.9,NETS
ORC-20260612-0862,2,2026-06-12 20:57:41,Orchard Central,SOK-M-02,Men's Pile Crew Socks,Socks,men,5.9,5.9,False,1,5.9,PayNow
ORC-20260612-0402,2,2026-06-12 19:35:45,Orchard Central,SOK-M-03,  Men's Airism Low-Cut Socks  ,Socks,Men,5.9,5.9,False,1,5.9,Card
PUN-20260612-0735,1,2026-06-12 18:22:52,punggol,UND-W-07,Women's Heattech Camisole,underwear,women,14.9,14.9,False,1,14.9,cash
PUN-20260612-0275,1,2026-06-12 11:02:46,Punggol,UND-W-03,Women's Cotton Blend Briefs,Underwear,Women,9.9,9.9,False,1,9.9,NETS
ORC-20260612-0202,1,2026-06-12 16:50:42,Orchard Central,SOK-W-04,Women's Ribbed Crew Socks,Socks,Women,5.9,5.9,False,1,$5.9,Card
BUG-20260612-0483,2,2026-06-12 21:19:50,Bugis,SOK-M-06,Men's Heattech Socks,Socks,Men,9.9,9.9,False,1,9.9,Card
PUN-20260612-0419,1,2026-06-12 12:26:13,Punggol,UND-W-01,Women's Airism Bikini Shorts,Underwear,Women,9.9,9.9,False,1,9.9,Card
PUN-20260612-0681,2,2026-06-12 21:31:22,Punggol,TOP-W-04,Women's Heattech Crew Neck Long Sleeve Tee,Tops,Women,14.9,14.9,False,1,14.9,Cash
ORC-20260612-0141,2,2026-06-12 21:36:54,Orchard Central,TOP-M-07,Men's Ultra Light Down Jacket,Tops,Men,55.24,79.9,True,1,55.24,Cash
BUG-20260612-1032,1,2026-06-12 21:21:08,Bugis,SOK-W-02,Women's Pile Crew Socks,Socks,Women,5.9,5.9,False,1,5.9,Cash
BUG-20260612-0723,2,2026-06-12 16:23:12,Bugis,UND-W-03,Women's Cotton Blend Briefs,Underwear,Women,9.9,9.9,False,1,9.9,Card
ORC-20260612-0253,1,2026-06-12 21:13:45,Orchard Central,SOK-M-04,Men's Ribbed Crew Socks,Socks,men,5.9,5.9,False,2,11.8,Card
PUN-20260612-0766,3,2026-06-12 15:17:55,Punggol,BTM-M-09,Men's Linen Blend Trousers,BOTTOMS,Men,39.9,39.9,False,1,39.9,Card
ORC-20260612-0658,1,2026-06-12 19:23:47,Orchard Central,BTM-M-02,Men's Slim Fit Chino Trousers,Bottoms,Men,29.9,29.9,False,1,29.9,NETS
BUG-20260612-0843,1,2026-06-12 16:17:02,Bugis,SOK-M-04,Men's Ribbed Crew Socks,SOCKS,Men,5.9,5.9,False,1,5.9,PayNow
BUG-20260612-0366,1,2026-06-12 19:14:30,Bugis,SOK-M-02,Men's Pile Crew Socks,Socks,Men,5.9,5.9,False,1,5.9,Card
BUG-20260612-0574,3,2026-06-12 14:50:42,Bugis,SOK-W-03,Women's Airism Low-Cut Socks,Socks,WOMEN,5.9,5.9,False,1,5.9,cash
BUG-20260612-0539,1,2026-06-12 20:36:56,  Bugis  ,BTM-M-05,Men's Wide Fit Cargo Pants,Bottoms,Men,26.68,39.9,True,1,26.68,Cash
BUG-20260612-0552,2,2026-06-12 21:23:41,  Bugis  ,SOK-W-01,Women's Ankle Socks 3-Pack,Socks,Women,14.9,14.9,False,1,14.9,PayNow
BUG-20260612-0172,2,2026-06-12 19:33:59,Bugis,UND-W-03,Women's Cotton Blend Briefs,Underwear,Women,9.9,9.9,False,1,9.9,card
PUN-20260612-0053,2,2026-06-12 20:16:05,Punggol,SOK-W-02,Women's Pile Crew Socks,Socks,Women,5.9,5.9,False,1,5.9,Card
ORC-20260612-1159,1,2026-06-12 11:00:50,Orchard Central,SOK-M-04,Men's Ribbed Crew Socks,Socks,Men,5.9,5.9,False,1,5.9,PayNow
PUN-20260612-0441,1,2026-06-12 21:39:01,Punggol,SOK-M-01,Men's Ankle Socks 3-Pack,Socks,Men,14.9,14.9,False,1,14.9,Cash
BUG-20260612-0794,3,2026-06-12 19:28:49,Bugis,BTM-M-02,,Bottoms,men,29.9,29.9,False,1,29.9,Card
BUG-20260612-0912,1,2026-06-12 21:44:23,Bugis,SOK-M-04,Men's Ribbed Crew Socks,Socks,Men,5.9,5.9,False,1,5.9,Card
ORC-20260612-0752,1,2026-06-12 14:10:24,Orchard Central,SOK-W-02,Women's Pile Crew Socks,Socks,Women,5.9,5.9,False,1,5.9,CARD
ORC-20260612-1168,2,2026-06-12 18:13:11,Orchard Central,BTM-M-04,Men's Dry Stretch Shorts,Bottoms,Men,19.9,19.9,False,1,19.9,PayNow
ORC-20260612-0919,2,2026-06-12 20:02:57,Orchard Central,TOP-W-02,Women's Ribbed Long Sleeve Turtleneck,Tops,Women,19.9,19.9,False,1,19.9,card
BUG-20260612-0809,2,2026-06-12 11:38:23,Bugis,SOK-M-04,Men's Ribbed Crew Socks,Socks,Men,5.9,5.9,False,2,11.8,NETS
BUG-20260612-1013,1,2026-06-12 18:18:43,Bugis,SOK-M-04,Men's Ribbed Crew Socks,SOCKS,men,5.9,5.9,False,1,5.9,Cash
ORC-20260612-0288,1,2026-06-12 19:05:11,Orchard Central,SOK-W-02,Women's Pile Crew Socks,Socks,Women,5.9,5.9,False,1,5.9,Cash
ORC-20260612-1293,1,2026-06-12 16:13:32,Orchard Central,SOK-W-03,Women's Airism Low-Cut Socks,Socks,Women,5.9,5.9,False,1,5.9,Card
ORC-20260612-0337,2,2026-06-12 20:28:35,orchard central,TOP-W-04,Women's Heattech Crew Neck Long Sleeve Tee,Tops,Women,14.9,14.9,False,1,14.9,PayNow
ORC-20260612-0165,3,2026-06-12 14:26:54,ORCHARD CENTRAL,SOK-W-02,Women's Pile Crew Socks,Socks,Women,5.9,5.9,False,1,5.9,Cash
ORC-20260612-0930,1,2026-06-12 19:28:09,  Orchard Central  ,TOP-M-01,Men's Airism Cotton Crew Neck T-Shirt,Tops,Men,14.9,14.9,False,1,14.9,PAYNOW
ORC-20260612-0146,2,2026-06-12 21:14:05,ORCHARD CENTRAL,BTM-M-04,Men's Dry Stretch Shorts,Bottoms,Men,19.9,19.9,False,1,19.9,Nets
ORC-20260612-0193,2,2026-06-12 15:39:45,Orchard Central,SOK-M-01,Men's Ankle Socks 3-Pack,Socks,Men,14.9,14.9,False,1,14.9,Card
ORC-20260612-1042,1,2026-06-12 20:49:02,Orchard Central,SOK-W-03,Women's Airism Low-Cut Socks,Socks,Women,5.9,5.9,False,1,5.9,PayNow
ORC-20260612-0023,1,2026-06-12 19:34:08,Orchard Central,SOK-M-08,Men's Cotton Blend Dress Socks,SOCKS,Men,9.9,9.9,False,1,9.9,card
PUN-20260612-0296,1,2026-06-12 19:37:32,Punggol,SOK-M-04,Men's Ribbed Crew Socks,Socks,Men,5.9,5.9,False,1,5.9,NETS
ORC-20260612-0501,3,2026-06-12 21:19:26,Orchard Central,SOK-W-02,Women's Pile Crew Socks,Socks,Women,5.9,5.9,False,1,5.9,PayNow
BUG-20260612-0964,2,2026-06-12 13:09:45,Bugis,BTM-W-03,Women's Ezy Ankle Pants,Bottoms,Women,$29.9,29.9,False,1,29.9,PayNow
ORC-20260612-1302,1,2026-06-12 19:59:22,  Orchard Central  ,UND-M-03,Men's Airism Mesh Boxer Briefs,Underwear,Men,14.9,14.9,False,1,14.9,Card
ORC-20260612-0184,2,2026-06-12 21:44:15,  Orchard Central  ,SOK-W-04,Women's Ribbed Crew Socks,Socks,Women,5.9,5.9,False,1,5.9,Card
BUG-20260612-0243,1,2026-06-12 13:04:05,bugis,TOP-W-03,Women's Silky Satin Blouse,Tops,Women,39.9,39.9,False,1,39.9,Card
BUG-20260612-1087,1,2026-06-12 20:01:56,Bugis,TOP-W-02,Women's Ribbed Long Sleeve Turtleneck,Tops,WOMEN,19.9,19.9,False,1,19.9,PayNow
PUN-20260612-0471,2,2026-06-12 19:49:53,Punggol,SOK-M-08,Men's Cotton Blend Dress Socks,Socks,Men,9.9,9.9,False,1,9.9,Cash
PUN-20260612-0103,2,2026-06-12 17:33:15,Punggol,TOP-M-01,Men's Airism Cotton Crew Neck T-Shirt,Tops,Men,14.9,14.9,False,1,14.9,
BUG-20260612-0499,2,2026-06-12 15:28:34,Bugis,SOK-W-06,Women's Heattech Socks,Socks,Women,9.9,9.9,False,1,$9.9,Card
PUN-20260612-0190,2,2026-06-12 21:02:59,Punggol,TOP-M-01,Men's Airism Cotton Crew Neck T-Shirt,tops,men,14.9,14.9,False,1,14.9,PayNow
ORC-20260612-1273,1,2026-06-12 19:08:08,Orchard Central,SOK-M-03,Men's Airism Low-Cut Socks,Socks,Men,5.9,5.9,False,1,5.9,Cash
PUN-20260612-0467,3,2026-06-12 14:41:14,Punggol,SOK-M-02,Men's Pile Crew Socks,Socks,Men,5.9,5.9,False,1,5.9,Card
ORC-20260612-0374,1,2026-06-12 19:05:53,Orchard Central,SOK-M-01,Men's Ankle Socks 3-Pack,Socks,Men,$14.9,14.9,False,2,29.8,Card
BUG-20260612-0423,2,2026-06-12 17:55:01,Bugis,TOP-W-01,Women's Airism Cotton Crew Neck T-Shirt,Tops,Women,14.9,14.9,False,1,14.9,Card
PUN-20260612-0003,1,2026-06-12 17:41:14,Punggol,SOK-W-04,Women's Ribbed Crew Socks,Socks,Women,5.9,5.9,False,1,5.9,Cash
ORC-20260612-0401,1,2026-06-12 12:00:36,Orchard Central,TOP-W-02,Women's Ribbed Long Sleeve Turtleneck,TOPS,Women,19.9,19.9,False,1,19.9,Cash
BUG-20260612-0740,1,2026-06-12 20:16:30,Bugis,SOK-M-01,Men's Ankle Socks 3-Pack,Socks,Men,14.9,14.9,False,1,14.9,Cash
BUG-20260612-0948,1,2026-06-12 21:23:38,Bugis,TOP-M-04,Men's Oxford Long Sleeve Shirt,Tops,Men,29.9,29.9,False,1,29.9,Card
ORC-20260612-0902,3,2026-06-12 13:57:56,Orchard Central,SOK-W-01,Women's Ankle Socks 3-Pack,Socks,Women,14.9,14.9,False,1,14.9,card
BUG-20260612-0690,1,2026-06-12 17:39:35,Bugis,UND-W-02,Women's Wireless Bra,Underwear,Women,29.9,29.9,False,1,29.9,Cash
PUN-20260612-0431,2,2026-06-12 21:33:44,Punggol,SOK-W-03,Women's Airism Low-Cut Socks,Socks,Women,5.9,5.9,False,1,5.9,NETS
ORC-20260612-0788,1,2026-06-12 19:32:54,  Orchard Central  ,BTM-M-02,Men's Slim Fit Chino Trousers,Bottoms,Men,29.9,29.9,False,1,29.9,Card
ORC-20260612-0245,2,2026-06-12 14:56:53,Orchard Central,TOP-M-04,Men's Oxford Long Sleeve Shirt,Tops,Men,29.9,29.9,False,1,29.9,Cash
ORC-20260612-0392,1,2026-06-12 22:49:58,Orchard Central,SOK-M-03,Men's Airism Low-Cut Socks,Socks,MEN,5.9,5.9,False,1,5.9,Card
BUG-20260612-0705,3,2026-06-12 21:42:14,Bugis,SOK-M-02,Men's Pile Crew Socks,Socks,Men,5.9,5.9,False,1,5.9,Card
ORC-20260612-1201,2,2026-06-12 17:36:37,Orchard Central,SOK-W-06,Women's Heattech Socks,Socks,women,9.9,9.9,False,1,9.9,NETS
PUN-20260612-0206,2,2026-06-12 11:34:36,Punggol,TOP-W-04,Women's Heattech Crew Neck Long Sleeve Tee,Tops,Women,14.9,14.9,False,1,14.9,Card
ORC-20260612-0759,3,2026-06-12 16:49:58,Orchard Central,UND-W-08,Women's Airism Camisole,Underwear,Women,14.9,14.9,False,1,$14.9,PayNow
PUN-20260612-0263,1,2026-06-12 19:16:46,PUNGGOL,UND-W-09,Women's Cotton Boyshorts,Underwear,women,9.9,9.9,False,1,9.9,Card
PUN-20260612-0408,2,2026-06-12 20:14:50,Punggol,BTM-M-04,Men's Dry Stretch Shorts,Bottoms,Men,19.9,19.9,False,1,19.9,Card
BUG-20260612-1040,1,2026-06-12 17:29:14,Bugis,UND-W-03,Women's Cotton Blend Briefs,Underwear,Women,9.9,9.9,False,1,9.9,Card
BUG-20260612-0111,1,2026-06-12 17:13:17,Bugis,TOP-M-04,Men's Oxford Long Sleeve Shirt,Tops,Men,29.9,29.9,False,1,29.9,Card
BUG-20260612-0094,1,2026-06-12 18:03:44,Bugis,SOK-W-04,Women's Ribbed Crew Socks,SOCKS,women,5.9,5.9,False,1,5.9,Card
BUG-20260612-0926,3,2026-06-12 19:33:03,Bugis,UND-W-09,Women's Cotton Boyshorts,Underwear,Women,9.9,9.9,False,1,9.9,NETS
BUG-20260612-0192,1,2026-06-12 21:17:11,Bugis,SOK-M-01,Men's Ankle Socks 3-Pack,Socks,Men,14.9,14.9,False,1,14.9,NETS
BUG-20260612-1106,2,2026-06-12 18:32:45,Bugis,UND-W-05,Women's Seamless Shorts,Underwear,Women,9.9,9.9,False,1,9.9,PayNow
PUN-20260612-0721,2,2026-06-12 19:47:20,Punggol,BTM-W-03,Women's Ezy Ankle Pants,Bottoms,Women,29.9,29.9,False,1,29.9,Card
PUN-20260612-0600,2,2026-06-12 19:43:14,Punggol,BTM-W-01,  Women's Ultra Stretch Skinny Jeans  ,Bottoms,WOMEN,39.9,39.9,False,1,39.9,Cash
PUN-20260612-0325,3,2026-06-12 19:03:42,punggol,SOK-W-01,Women's Ankle Socks 3-Pack,Socks,Women,14.9,14.9,False,1,$14.9,NETS
BUG-20260612-0922,3,2026-06-12 11:59:08,bugis,SOK-W-03,Women's Airism Low-Cut Socks,Socks,Women,5.9,5.9,False,1,5.9,PayNow
ORC-20260612-0997,3,2026-06-12 16:40:46,Orchard Central,SOK-M-03,Men's Airism Low-Cut Socks,Socks,Men,5.9,5.9,False,1,5.9,Card
ORC-20260612-0268,3,2026-06-12 18:10:41,Orchard Central,TOP-W-04,Women's Heattech Crew Neck Long Sleeve Tee,Tops,Women,14.9,14.9,False,1,14.9,Card
PUN-20260612-0767,1,2026-06-12 14:02:10,Punggol,UND-W-01,  Women's Airism Bikini Shorts  ,Underwear,Women,9.9,9.9,False,1,9.9,PayNow
BUG-20260612-0564,3,2026-06-12 15:07:54,  Bugis  ,TOP-W-02,Women's Ribbed Long Sleeve Turtleneck,TOPS,Women,19.9,19.9,False,1,19.9,Card
PUN-20260612-0210,1,2026-06-12 18:43:55,Punggol,UND-M-01,Men's Airism Boxer Briefs,Underwear,Men,14.9,14.9,False,2,29.8,Cash
BUG-20260612-0411,2,2026-06-12 20:37:20,Bugis,TOP-W-03,Women's Silky Satin Blouse,Tops,Women,39.9,39.9,False,1,39.9,Cash
ORC-20260612-0321,1,2026-06-12 18:31:31,  Orchard Central  ,SOK-W-03,Women's Airism Low-Cut Socks,Socks,Women,5.9,5.9,False,1,5.9,NETS
BUG-20260612-0244,1,2026-06-12 21:30:14,Bugis,TOP-M-04,Men's Oxford Long Sleeve Shirt,Tops,Men,29.9,29.9,False,1,29.9,Card
BUG-20260612-0916,1,2026-06-12 17:11:42,Bugis,BTM-W-01,Women's Ultra Stretch Skinny Jeans,bottoms,Women,39.9,39.9,False,1,39.9,PayNow
BUG-20260612-0321,2,2026-06-12 20:37:39,Bugis,SOK-W-04,Women's Ribbed Crew Socks,Socks,Women,5.9,5.9,False,1,$5.9,NETS
BUG-20260612-1086,2,2026-06-12 18:33:08,Bugis,UND-M-02,Men's Cotton Blend Trunks,Underwear,Men,14.9,14.9,False,1,14.9,paynow
ORC-20260612-1271,3,2026-06-12 15:56:22,ORCHARD CENTRAL,TOP-W-03,Women's Silky Satin Blouse,Tops,Women,39.9,39.9,False,1,39.9,Card
PUN-20260612-0334,3,2026-06-12 20:00:44,Punggol,BTM-M-01,Men's Ezy Ankle Pants,BOTTOMS,men,29.9,29.9,False,1,29.9,Card
ORC-20260612-1117,1,2026-06-12 21:50:57,Orchard Central,UND-M-09,Men's Heattech Long Johns,Underwear,Men,19.9,19.9,False,1,19.9,Paynow
BUG-20260612-0662,1,2026-06-12 11:44:01,Bugis,UND-M-07,Men's Stretch Cotton Boxers,Underwear,Men,$14.9,14.9,False,1,14.9,PayNow
BUG-20260612-0150,1,2026-06-12 19:54:29,BUGIS,SOK-W-03,Women's Airism Low-Cut Socks,Socks,Women,5.9,5.9,False,1,5.9,Card
ORC-20260612-0295,2,2026-06-12 18:50:34,Orchard Central,UND-M-04,Men's Cotton Crew Neck Undershirt,Underwear,Men,14.9,14.9,False,2,29.8,Card
PUN-20260612-0336,2,2026-06-12 22:53:29,Punggol,SOK-W-03,Women's Airism Low-Cut Socks,Socks,Women,5.9,5.9,False,1,5.9,Card
ORC-20260612-0534,2,2026-06-12 14:53:10,Orchard Central,SOK-W-02,Women's Pile Crew Socks,Socks,Women,5.9,5.9,False,2,11.8,Card
ORC-20260612-0063,2,2026-06-12 11:08:21,Orchard Central,UND-M-09,Men's Heattech Long Johns,Underwear,Men,19.9,19.9,False,2,39.8,Card
BUG-20260612-0692,1,2026-06-12 18:30:11,BUGIS,SOK-W-03,Women's Airism Low-Cut Socks,Socks,WOMEN,5.9,5.9,False,1,5.9,Card
ORC-20260612-0254,1,2026-06-12 20:01:04,Orchard Central,SOK-M-01,Men's Ankle Socks 3-Pack,SOCKS,Men,14.9,14.9,False,1,14.9,PayNow
ORC-20260612-0499,1,2026-06-12 17:43:45,Orchard Central,TOP-W-04,Women's Heattech Crew Neck Long Sleeve Tee,Tops,Women,14.9,14.9,False,1,14.9,Card
ORC-20260612-0246,1,2026-06-12 19:54:58,Orchard Central,SOK-M-03,Men's Airism Low-Cut Socks,Socks,Men,5.9,5.9,False,1,5.9,Card
ORC-20260612-1256,2,2026-06-12 18:09:21,Orchard Central,TOP-W-04,Women's Heattech Crew Neck Long Sleeve Tee,Tops,WOMEN,14.9,14.9,False,1,14.9,NETS
ORC-20260612-0682,3,2026-06-12 18:55:46,Orchard Central,SOK-W-03,Women's Airism Low-Cut Socks,Socks,Women,5.9,5.9,False,2,11.8,paynow
ORC-20260612-1167,2,2026-06-12 12:42:24,Orchard Central,BTM-M-02,Men's Slim Fit Chino Trousers,Bottoms,Men,29.9,29.9,False,1,29.9,PayNow
BUG-20260612-0711,1,2026-06-12 18:39:44,Bugis,UND-M-02,Men's Cotton Blend Trunks,UNDERWEAR,Men,14.9,14.9,False,1,14.9,Nets
ORC-20260612-0743,1,2026-06-12 18:39:30,orchard central,SOK-W-04,Women's Ribbed Crew Socks,Socks,Women,5.9,5.9,False,1,5.9,NETS
BUG-20260612-0038,2,2026-06-12 15:10:24,Bugis,SOK-W-06,Women's Heattech Socks,Socks,women,9.9,9.9,False,1,9.9,Card
BUG-20260612-0815,2,2026-06-12 19:37:52,bugis,UND-W-03,Women's Cotton Blend Briefs,Underwear,Women,9.9,9.9,False,1,9.9,Cash
ORC-20260612-0404,1,2026-06-12 17:51:50,Orchard Central,SOK-W-01,Women's Ankle Socks 3-Pack,socks,Women,14.9,14.9,False,1,14.9,PayNow
BUG-20260612-0556,2,2026-06-12 12:16:41,Bugis,SOK-W-04,Women's Ribbed Crew Socks,Socks,Women,5.9,5.9,False,1,5.9,card
ORC-20260612-0584,3,2026-06-12 13:30:59,Orchard Central,SOK-M-03,Men's Airism Low-Cut Socks,Socks,men,5.9,5.9,False,1,5.9,NETS
ORC-20260612-0674,1,2026-06-12 18:10:28,Orchard Central,BTM-W-04,Women's Denim Straight Jeans,Bottoms,Women,49.9,49.9,False,1,49.9,paynow
ORC-20260612-0416,2,2026-06-12 22:06:36,ORCHARD CENTRAL,SOK-M-04,Men's Ribbed Crew Socks,Socks,Men,5.9,5.9,False,1,5.9,Paynow
ORC-20260612-1005,1,2026-06-12 15:08:02,Orchard Central,TOP-M-03,Men's Dry-EX Crew Neck T-Shirt,Tops,Men,19.9,19.9,False,1,19.9,PayNow
PUN-20260612-0598,1,2026-06-12 12:43:51,Punggol,SOK-W-03,Women's Airism Low-Cut Socks,SOCKS,Women,5.9,5.9,False,1,5.9,Paynow
ORC-20260612-1062,3,2026-06-12 16:50:58,Orchard Central,SOK-M-03,Men's Airism Low-Cut Socks,Socks,Men,5.9,5.9,False,1,5.9,card
ORC-20260612-1108,1,2026-06-12 12:04:29,  ORCHARD CENTRAL  ,BTM-W-04,Women's Denim Straight Jeans,Bottoms,Women,49.9,49.9,False,1,49.9,Cash
BUG-20260612-0798,1,2026-06-12 19:58:10,Bugis,SOK-M-01,Men's Ankle Socks 3-Pack,Socks,Men,14.9,14.9,False,1,14.9,NETS
PUN-20260612-0800,2,2026-06-12 12:31:20,Punggol,SOK-M-02,Men's Pile Crew Socks,Socks,Men,5.9,5.9,False,1,5.9,Paynow
BUG-20260612-0378,1,2026-06-12 20:49:42,Bugis,UND-M-03,Men's Airism Mesh Boxer Briefs,Underwear,Men,14.9,14.9,False,1,14.9,Card
ORC-20260612-0491,3,2026-06-12 20:28:02,Orchard Central,UND-M-03,  Men's Airism Mesh Boxer Briefs  ,Underwear,Men,14.9,14.9,False,1,14.9,CARD
ORC-20260612-0623,1,2026-06-12 15:10:02,Orchard Central,SOK-M-02,Men's Pile Crew Socks,Socks,men,5.9,5.9,False,1,5.9,Card
BUG-20260612-0639,1,2026-06-12 20:20:51,Bugis,BTM-M-01,Men's Ezy Ankle Pants,Bottoms,Men,29.9,29.9,False,1,29.9,Card
ORC-20260612-0548,2,2026-06-12 17:41:34,Orchard Central,SOK-M-02,Men's Pile Crew Socks,SOCKS,Men,5.9,5.9,False,1,5.9,paynow
ORC-20260612-1290,3,2026-06-12 19:49:54,Orchard Central,SOK-M-04,Men's Ribbed Crew Socks,Socks,men,5.9,5.9,False,1,5.9,PayNow
ORC-20260612-1147,1,2026-06-12 18:50:24,Orchard Central,TOP-W-01,Women's Airism Cotton Crew Neck T-Shirt,Tops,Women,14.9,14.9,False,1,14.9,PayNow
BUG-20260612-1223,1,2026-06-12 15:07:13,  Bugis  ,TOP-M-04,Men's Oxford Long Sleeve Shirt,Tops,Men,29.9,29.9,False,1,29.9,PayNow
BUG-20260612-0877,3,2026-06-12 19:50:14,BUGIS,UND-W-03,Women's Cotton Blend Briefs,Underwear,Women,9.9,9.9,False,2,19.8,paynow
BUG-20260612-1063,1,2026-06-12 16:43:51,Bugis,TOP-M-03,Men's Dry-EX Crew Neck T-Shirt,Tops,Men,19.9,19.9,False,1,19.9,Cash
ORC-20260612-1186,2,2026-06-12 20:12:40,Orchard Central,TOP-W-03,Women's Silky Satin Blouse,Tops,women,39.9,39.9,False,1,39.9,card
ORC-20260612-0704,2,2026-06-12 19:32:53,orchard central,TOP-W-04,Women's Heattech Crew Neck Long Sleeve Tee,Tops,Women,14.9,14.9,False,1,14.9,PayNow
ORC-20260612-0346,3,2026-06-12 20:38:19,Orchard Central,TOP-W-08,Women's Puff Sleeve Blouse,Tops,Women,20.35,29.9,True,1,20.35,
BUG-20260612-0463,1,2026-06-12 13:32:16,BUGIS,UND-M-03,Men's Airism Mesh Boxer Briefs,Underwear,Men,14.9,14.9,False,1,14.9,card
BUG-20260612-0746,2,2026-06-12 19:16:03,Bugis,SOK-W-03,  Women's Airism Low-Cut Socks  ,Socks,Women,5.9,5.9,False,1,5.9,Cash
PUN-20260612-0068,1,2026-06-12 21:11:45,Punggol,UND-M-01,Men's Airism Boxer Briefs,Underwear,men,14.9,14.9,False,1,14.9,Card
BUG-20260612-0638,1,2026-06-12 20:44:44,Bugis,SOK-M-04,Men's Ribbed Crew Socks,Socks,Men,5.9,5.9,False,1,5.9,Card
PUN-20260612-0220,2,2026-06-12 19:35:09,Punggol,SOK-M-04,Men's Ribbed Crew Socks,Socks,Men,5.9,5.9,False,1,5.9,Card
ORC-20260612-0932,1,2026-06-12 19:19:36,Orchard Central,SOK-M-03,Men's Airism Low-Cut Socks,Socks,Men,5.9,5.9,False,1,5.9,Cash
ORC-20260612-1186,1,2026-06-12 20:12:40,Orchard Central,BTM-W-01,Women's Ultra Stretch Skinny Jeans,BOTTOMS,Women,39.9,39.9,False,1,$39.9,CARD
ORC-20260612-0318,1,2026-06-12 21:27:06,orchard central,UND-W-03,Women's Cotton Blend Briefs,Underwear,Women,9.9,9.9,False,1,9.9,Cash
BUG-20260612-0842,1,2026-06-12 20:01:31,bugis,BTM-W-02,Women's High-Rise Wide Leg Pants,Bottoms,women,39.9,39.9,False,1,39.9,NETS
BUG-20260612-0308,1,2026-06-12 19:17:13,Bugis,TOP-W-08,Women's Puff Sleeve Blouse,Tops,Women,20.35,29.9,True,1,$20.35,PayNow
ORC-20260612-0276,1,2026-06-12 19:21:47,Orchard Central,SOK-M-02,  Men's Pile Crew Socks  ,SOCKS,Men,5.9,5.9,False,2,11.8,Card
ORC-20260612-1265,1,2026-06-12 21:30:11,Orchard Central,SOK-W-02,Women's Pile Crew Socks,Socks,Women,5.9,5.9,False,1,5.9,CASH
BUG-20260612-0642,1,2026-06-12 19:40:57,Bugis,SOK-W-02,Women's Pile Crew Socks,Socks,Women,5.9,5.9,False,1,5.9,Card
BUG-20260612-0895,3,2026-06-12 20:56:23,Bugis,UND-M-01,Men's Airism Boxer Briefs,Underwear,Men,14.9,14.9,False,1,14.9,NETS
ORC-20260612-0690,1,2026-06-12 14:11:31,Orchard Central,SOK-M-02,Men's Pile Crew Socks,Socks,Men,5.9,5.9,False,1,5.9,PayNow
ORC-20260612-0700,3,2026-06-12 17:51:30,Orchard Central,SOK-M-04,Men's Ribbed Crew Socks,Socks,Men,5.9,5.9,False,1,5.9,Cash
PUN-20260612-0049,1,2026-06-12 20:50:39,Punggol,SOK-M-04,Men's Ribbed Crew Socks,Socks,Men,5.9,5.9,False,2,11.8,Cash
ORC-20260612-0953,1,2026-06-12 17:13:07,orchard central,TOP-M-04,Men's Oxford Long Sleeve Shirt,Tops,Men,29.9,29.9,False,1,29.9,NETS
BUG-20260612-0718,2,2026-06-12 19:15:41,Bugis,SOK-W-03,Women's Airism Low-Cut Socks,Socks,Women,5.9,5.9,False,1,5.9,CARD
ORC-20260612-0366,1,2026-06-12 12:19:38,Orchard Central,BTM-M-01,Men's Ezy Ankle Pants,Bottoms,Men,$29.9,29.9,False,1,29.9,PayNow
BUG-20260612-0942,1,2026-06-12 18:26:57,BUGIS,SOK-M-03,  Men's Airism Low-Cut Socks  ,SOCKS,Men,5.9,5.9,False,1,5.9,Cash
BUG-20260612-0239,1,2026-06-12 20:17:26,Bugis,UND-W-03,Women's Cotton Blend Briefs,Underwear,Women,9.9,9.9,False,1,9.9,Card
BUG-20260612-0071,1,2026-06-12 15:58:17,  BUGIS  ,UND-W-03,Women's Cotton Blend Briefs,Underwear,Women,9.9,9.9,False,1,9.9,NETS
PUN-20260612-0203,3,2026-06-12 14:21:42,punggol,SOK-M-03,  Men's Airism Low-Cut Socks  ,Socks,Men,5.9,5.9,False,1,5.9,NETS
PUN-20260612-0580,1,2026-06-12 20:59:07,Punggol,TOP-W-01,Women's Airism Cotton Crew Neck T-Shirt,Tops,Women,14.9,14.9,False,1,14.9,NETS
ORC-20260612-0582,1,2026-06-12 15:46:21,Orchard Central,TOP-W-01,Women's Airism Cotton Crew Neck T-Shirt,Tops,Women,14.9,14.9,False,1,14.9,Card
ORC-20260612-0019,3,2026-06-12 16:25:28,  Orchard Central  ,SOK-W-04,Women's Ribbed Crew Socks,Socks,Women,5.9,5.9,False,1,5.9,PayNow
BUG-20260612-0479,3,2026-06-12 18:38:55,bugis,SOK-W-02,Women's Pile Crew Socks,Socks,women,5.9,5.9,False,1,5.9,PayNow
BUG-20260612-0905,2,2026-06-12 18:16:22,Bugis,SOK-M-06,Men's Heattech Socks,Socks,Men,9.9,9.9,False,1,9.9,Card
ORC-20260612-0721,2,2026-06-12 15:41:12,Orchard Central,SOK-M-08,Men's Cotton Blend Dress Socks,Socks,Men,9.9,9.9,False,2,19.8,Cash
PUN-20260612-0065,1,2026-06-12 20:18:50,Punggol,SOK-W-03,Women's Airism Low-Cut Socks,Socks,Women,5.9,5.9,False,1,5.9,PayNow
ORC-20260612-0431,2,2026-06-12 13:27:16,Orchard Central,TOP-W-02,  Women's Ribbed Long Sleeve Turtleneck  ,Tops,Women,19.9,19.9,False,1,19.9,
ORC-20260612-0089,3,2026-06-12 16:44:05,Orchard Central,TOP-M-02,Men's Supima Cotton Polo Shirt,TOPS,Men,29.9,29.9,False,1,29.9,NETS
BUG-20260612-0743,1,2026-06-12 17:56:08,Bugis,SOK-W-03,Women's Airism Low-Cut Socks,Socks,Women,5.9,5.9,False,1,5.9,card
ORC-20260612-1267,3,2026-06-12 16:14:31,Orchard Central,UND-W-01,Women's Airism Bikini Shorts,Underwear,Women,9.9,9.9,False,1,9.9,Card
ORC-20260612-0300,1,2026-06-12 18:33:11,Orchard Central,BTM-M-04,Men's Dry Stretch Shorts,Bottoms,Men,19.9,19.9,False,1,19.9,Card
PUN-20260612-0286,3,2026-06-12 21:23:18,Punggol,SOK-W-02,Women's Pile Crew Socks,Socks,Women,5.9,5.9,False,1,5.9,Card
BUG-20260612-0439,1,2026-06-12 17:24:19,Bugis,SOK-W-02,Women's Pile Crew Socks,Socks,Women,5.9,5.9,False,1,5.9,PayNow
BUG-20260612-0038,1,2026-06-12 15:10:24,  Bugis  ,TOP-W-04,  Women's Heattech Crew Neck Long Sleeve Tee  ,Tops,Women,14.9,14.9,False,1,14.9,Card
PUN-20260612-0070,2,2026-06-12 19:32:15,Punggol,SOK-W-02,Women's Pile Crew Socks,Socks,WOMEN,5.9,5.9,False,1,5.9,Cash
ORC-20260612-1160,2,2026-06-12 17:47:01,Orchard Central,UND-W-03,Women's Cotton Blend Briefs,Underwear,Women,9.9,9.9,False,1,9.9,Card
PUN-20260612-0593,2,2026-06-12 22:42:43,  Punggol  ,SOK-M-01,  Men's Ankle Socks 3-Pack  ,Socks,Men,14.9,14.9,False,1,14.9,Card
BUG-20260612-0335,2,2026-06-12 12:51:00,Bugis,UND-M-02,Men's Cotton Blend Trunks,Underwear,MEN,14.9,14.9,False,1,14.9,PayNow
BUG-20260612-1081,1,2026-06-12 22:34:55,  Bugis  ,UND-M-04,Men's Cotton Crew Neck Undershirt,UNDERWEAR,Men,14.9,14.9,False,2,29.8,nets
PUN-20260612-0717,3,2026-06-12 19:06:24,Punggol,SOK-W-02,Women's Pile Crew Socks,Socks,Women,5.9,5.9,False,1,5.9,Cash
BUG-20260612-0082,2,2026-06-12 16:58:38,Bugis,UND-W-07,Women's Heattech Camisole,Underwear,Women,14.9,14.9,False,1,14.9,
BUG-20260612-0933,2,2026-06-12 16:12:06,Bugis,TOP-M-02,Men's Supima Cotton Polo Shirt,Tops,Men,29.9,29.9,False,1,29.9,PayNow
PUN-20260612-0778,3,2026-06-12 20:47:18,Punggol,BTM-M-04,Men's Dry Stretch Shorts,Bottoms,Men,19.9,19.9,False,1,19.9,nets
BUG-20260612-0553,1,2026-06-12 18:22:37,Bugis,BTM-M-01,Men's Ezy Ankle Pants,Bottoms,Men,29.9,29.9,False,1,29.9,card
ORC-20260612-0335,1,2026-06-12 19:34:12,Orchard Central,TOP-W-10,Women's Ultra Light Down Vest,Tops,Women,59.9,59.9,False,1,59.9,NETS
BUG-20260612-0775,1,2026-06-12 20:31:41,Bugis,SOK-W-01,Women's Ankle Socks 3-Pack,Socks,Women,14.9,14.9,False,1,14.9,PayNow
PUN-20260612-0231,1,2026-06-12 20:49:53,PUNGGOL,TOP-W-04,  Women's Heattech Crew Neck Long Sleeve Tee  ,Tops,Women,14.9,14.9,False,1,14.9,Card
BUG-20260612-0902,2,2026-06-12 19:57:34,Bugis,SOK-M-04,Men's Ribbed Crew Socks,Socks,men,5.9,5.9,False,1,5.9,Cash
PUN-20260612-0734,2,2026-06-12 22:15:24,Punggol,TOP-W-04,Women's Heattech Crew Neck Long Sleeve Tee,Tops,Women,14.9,14.9,False,1,14.9,NETS
ORC-20260612-1282,1,2026-06-12 20:16:34,Orchard Central,TOP-W-01,Women's Airism Cotton Crew Neck T-Shirt,Tops,Women,14.9,14.9,False,1,14.9,Card
BUG-20260612-0813,3,2026-06-12 21:09:07,Bugis,SOK-W-02,Women's Pile Crew Socks,Socks,women,5.9,5.9,False,1,5.9,PayNow
ORC-20260612-0827,1,2026-06-12 18:33:39,Orchard Central,SOK-W-01,  Women's Ankle Socks 3-Pack  ,Socks,Women,14.9,14.9,False,1,14.9,PayNow
BUG-20260612-0384,2,2026-06-12 12:02:05,Bugis,BTM-W-02,Women's High-Rise Wide Leg Pants,Bottoms,WOMEN,39.9,39.9,False,1,39.9,Card
ORC-20260612-0122,2,2026-06-12 22:07:10,Orchard Central,SOK-M-03,Men's Airism Low-Cut Socks,Socks,Men,5.9,5.9,False,1,5.9,PayNow
ORC-20260612-1048,1,2026-06-12 20:24:29,Orchard Central,TOP-W-04,Women's Heattech Crew Neck Long Sleeve Tee,Tops,Women,14.9,14.9,False,1,14.9,PayNow
BUG-20260612-0043,1,2026-06-12 18:37:23,Bugis,UND-W-03,Women's Cotton Blend Briefs,Underwear,Women,9.9,9.9,False,1,9.9,PayNow
BUG-20260612-1117,3,2026-06-12 12:03:51,Bugis,SOK-M-02,  Men's Pile Crew Socks  ,socks,Men,5.9,5.9,False,1,5.9,Cash
ORC-20260612-1163,3,2026-06-12 17:08:12,Orchard Central,TOP-M-01,  Men's Airism Cotton Crew Neck T-Shirt  ,Tops,Men,14.9,14.9,False,1,14.9,cash
PUN-20260612-0581,1,2026-06-12 18:54:20,Punggol,SOK-M-03,Men's Airism Low-Cut Socks,Socks,Men,5.9,5.9,False,1,5.9,PayNow
ORC-20260612-0518,1,2026-06-12 19:05:24,Orchard Central,SOK-M-04,  Men's Ribbed Crew Socks  ,Socks,Men,5.9,5.9,False,1,5.9,Card
BUG-20260612-0817,2,2026-06-12 13:34:26,Bugis,BTM-W-03,Women's Ezy Ankle Pants,Bottoms,WOMEN,29.9,29.9,False,1,29.9,Card
BUG-20260612-0102,2,2026-06-12 12:12:28,Bugis,SOK-W-04,Women's Ribbed Crew Socks,Socks,Women,5.9,5.9,False,1,5.9,Card
BUG-20260612-0400,1,2026-06-12 13:39:10,BUGIS,TOP-M-04,Men's Oxford Long Sleeve Shirt,Tops,MEN,29.9,29.9,False,1,29.9,Cash
ORC-20260612-0145,2,2026-06-12 20:47:02,Orchard Central,TOP-M-01,Men's Airism Cotton Crew Neck T-Shirt,Tops,Men,14.9,14.9,False,1,14.9,Cash
ORC-20260612-0263,2,2026-06-12 14:08:14,Orchard Central,SOK-M-04,Men's Ribbed Crew Socks,Socks,Men,5.9,5.9,False,1,5.9,Card
ORC-20260612-0894,3,2026-06-12 20:00:02,Orchard Central,UND-W-01,Women's Airism Bikini Shorts,Underwear,women,9.9,9.9,False,1,9.9,Cash
ORC-20260612-0438,1,2026-06-12 21:45:32,Orchard Central,SOK-M-03,Men's Airism Low-Cut Socks,Socks,Men,5.9,5.9,False,1,5.9,NETS
PUN-20260612-0313,1,2026-06-12 18:02:09,Punggol,SOK-M-02,Men's Pile Crew Socks,SOCKS,Men,5.9,5.9,False,1,5.9,PayNow
ORC-20260612-1034,1,2026-06-12 18:03:09,Orchard Central,TOP-M-02,Men's Supima Cotton Polo Shirt,Tops,Men,29.9,29.9,False,1,29.9,CARD
ORC-20260612-0967,1,2026-06-12 12:06:04,Orchard Central,BTM-M-04,Men's Dry Stretch Shorts,Bottoms,Men,19.9,19.9,False,1,19.9,NETS
BUG-20260612-0036,3,2026-06-12 19:21:50,Bugis,TOP-W-02,Women's Ribbed Long Sleeve Turtleneck,Tops,Women,19.9,19.9,False,1,19.9,Card
ORC-20260612-0073,1,2026-06-12 14:03:49,Orchard Central,SOK-M-02,Men's Pile Crew Socks,Socks,Men,5.9,5.9,False,1,5.9,NETS
BUG-20260612-0461,2,2026-06-12 17:15:34,  Bugis  ,UND-M-02,Men's Cotton Blend Trunks,Underwear,Men,14.9,14.9,False,1,14.9,Card
BUG-20260612-0348,2,2026-06-12 14:30:19,Bugis,BTM-M-05,Men's Wide Fit Cargo Pants,Bottoms,Men,26.68,39.9,True,1,26.68,Card
BUG-20260612-0102,3,2026-06-12 12:12:28,Bugis,SOK-M-04,Men's Ribbed Crew Socks,Socks,Men,5.9,5.9,False,1,5.9,Card
ORC-20260612-0308,2,2026-06-12 21:04:12,Orchard Central,SOK-M-04,Men's Ribbed Crew Socks,Socks,Men,5.9,5.9,False,1,5.9,Card
ORC-20260612-0032,3,2026-06-12 17:07:50,Orchard Central,UND-M-03,Men's Airism Mesh Boxer Briefs,Underwear,Men,14.9,14.9,False,2,29.8,Card
BUG-20260612-0407,2,2026-06-12 21:36:56,Bugis,TOP-W-04,Women's Heattech Crew Neck Long Sleeve Tee,Tops,Women,14.9,14.9,False,1,14.9,
PUN-20260612-0682,1,2026-06-12 20:11:13,Punggol,SOK-W-04,Women's Ribbed Crew Socks,Socks,Women,5.9,5.9,False,1,5.9,CARD
ORC-20260612-1112,2,2026-06-12 12:04:22,Orchard Central,BTM-W-04,Women's Denim Straight Jeans,Bottoms,Women,49.9,49.9,False,1,49.9,NETS
BUG-20260612-0553,2,2026-06-12 18:22:37,BUGIS,SOK-W-04,Women's Ribbed Crew Socks,Socks,Women,$5.9,5.9,False,1,5.9,Card
ORC-20260612-1250,3,2026-06-12 21:23:04,Orchard Central,SOK-M-03,Men's Airism Low-Cut Socks,Socks,Men,5.9,5.9,False,2,11.8,PayNow
BUG-20260612-0155,3,2026-06-12 21:53:07,Bugis,BTM-W-03,Women's Ezy Ankle Pants,Bottoms,women,29.9,29.9,False,1,29.9,Card
ORC-20260612-0767,1,2026-06-12 14:39:34,Orchard Central,TOP-M-02,  Men's Supima Cotton Polo Shirt  ,Tops,Men,29.9,29.9,False,1,29.9,Card
BUG-20260612-1067,1,2026-06-12 19:44:02,Bugis,TOP-M-04,Men's Oxford Long Sleeve Shirt,Tops,Men,29.9,29.9,False,1,29.9,paynow
BUG-20260612-0236,1,2026-06-12 14:37:19,Bugis,TOP-W-02,Women's Ribbed Long Sleeve Turtleneck,Tops,Women,19.9,19.9,False,1,19.9,Card
ORC-20260612-0230,1,2026-06-12 19:46:07,Orchard Central,SOK-W-04,Women's Ribbed Crew Socks,Socks,Women,5.9,5.9,False,1,5.9,Card
ORC-20260612-0843,2,2026-06-12 21:18:12,Orchard Central,SOK-W-03,Women's Airism Low-Cut Socks,socks,women,$5.9,5.9,False,1,5.9,Paynow
ORC-20260612-0168,3,2026-06-12 20:12:35,Orchard Central,SOK-W-01,Women's Ankle Socks 3-Pack,Socks,Women,14.9,14.9,False,1,14.9,NETS
BUG-20260612-0602,1,2026-06-12 12:02:19,Bugis,UND-M-04,Men's Cotton Crew Neck Undershirt,Underwear,Men,14.9,14.9,False,1,14.9,Cash
PUN-20260612-0485,3,2026-06-12 14:17:59,Punggol,UND-M-01,Men's Airism Boxer Briefs,Underwear,Men,14.9,14.9,False,1,14.9,Cash
BUG-20260612-1066,1,2026-06-12 14:04:58,Bugis,TOP-M-02,Men's Supima Cotton Polo Shirt,Tops,Men,29.9,29.9,False,1,29.9,NETS
BUG-20260612-0172,1,2026-06-12 19:33:59,Bugis,TOP-W-03,Women's Silky Satin Blouse,TOPS,Women,39.9,39.9,False,1,39.9,Card
PUN-20260612-0469,1,2026-06-12 22:00:01,Punggol,TOP-W-01,Women's Airism Cotton Crew Neck T-Shirt,Tops,Women,14.9,14.9,False,1,14.9,NETS
PUN-20260612-0382,1,2026-06-12 20:00:26,Punggol,UND-W-03,Women's Cotton Blend Briefs,Underwear,Women,9.9,9.9,False,1,9.9,Card
ORC-20260612-0369,3,2026-06-12 16:00:01,Orchard Central,SOK-M-02,Men's Pile Crew Socks,Socks,Men,5.9,5.9,False,1,5.9,PAYNOW
PUN-20260612-0562,1,2026-06-12 18:38:21,Punggol,SOK-W-02,Women's Pile Crew Socks,Socks,Women,5.9,5.9,False,1,5.9,Card
PUN-20260612-0463,1,2026-06-12 20:39:24,Punggol,BTM-M-02,Men's Slim Fit Chino Trousers,Bottoms,men,29.9,29.9,False,1,29.9,PayNow
ORC-20260612-0637,1,2026-06-12 19:26:03,Orchard Central,BTM-M-02,Men's Slim Fit Chino Trousers,BOTTOMS,Men,29.9,29.9,False,1,29.9,PayNow
ORC-20260612-0949,2,2026-06-12 17:15:07,orchard central,SOK-W-03,Women's Airism Low-Cut Socks,Socks,WOMEN,5.9,5.9,False,1,5.9,PayNow
ORC-20260612-0127,1,2026-06-12 19:22:49,  Orchard Central  ,UND-M-03,Men's Airism Mesh Boxer Briefs,Underwear,Men,14.9,14.9,False,1,14.9,Card
ORC-20260612-0902,1,2026-06-12 13:57:56,Orchard Central,SOK-W-03,Women's Airism Low-Cut Socks,Socks,Women,5.9,5.9,False,1,5.9,Card
ORC-20260612-0494,1,2026-06-12 21:43:19,Orchard Central,UND-M-10,Men's Cotton Blend Briefs,Underwear,Men,7.42,9.9,True,1,7.42,PayNow
ORC-20260612-0466,1,2026-06-12 21:16:17,Orchard Central,SOK-M-04,Men's Ribbed Crew Socks,Socks,Men,5.9,5.9,False,1,5.9,CARD
PUN-20260612-0146,1,2026-06-12 22:29:56,Punggol,SOK-W-04,Women's Ribbed Crew Socks,Socks,Women,5.9,5.9,False,1,5.9,Cash
BUG-20260612-0250,1,2026-06-12 14:23:10,BUGIS,UND-M-02,  Men's Cotton Blend Trunks  ,Underwear,Men,14.9,14.9,False,1,14.9,CARD
BUG-20260612-0563,2,2026-06-12 12:54:20,Bugis,SOK-M-03,Men's Airism Low-Cut Socks,Socks,Men,5.9,5.9,False,1,5.9,PayNow
PUN-20260612-0669,3,2026-06-12 14:38:51,Punggol,TOP-M-03,Men's Dry-EX Crew Neck T-Shirt,Tops,Men,19.9,19.9,False,1,19.9,PayNow
BUG-20260612-0297,1,2026-06-12 11:26:50,Bugis,UND-W-04,  Women's Airism T-Shirt Bra  ,underwear,women,29.9,29.9,False,1,29.9,Card
ORC-20260612-0308,1,2026-06-12 21:04:12,ORCHARD CENTRAL,BTM-M-08,Men's Relaxed Fit Denim Shorts,Bottoms,Men,29.9,29.9,False,1,29.9,Card
ORC-20260612-1033,1,2026-06-12 17:34:35,Orchard Central,SOK-W-01,Women's Ankle Socks 3-Pack,Socks,Women,14.9,14.9,False,1,14.9,NETS
PUN-20260612-0181,2,2026-06-12 11:50:29,Punggol,SOK-M-04,Men's Ribbed Crew Socks,Socks,Men,5.9,5.9,False,1,5.9,CARD
BUG-20260612-0793,1,2026-06-12 21:53:05,Bugis,SOK-M-04,Men's Ribbed Crew Socks,Socks,Men,5.9,5.9,False,1,5.9,CARD
PUN-20260612-0194,2,2026-06-12 20:37:11,Punggol,SOK-W-03,Women's Airism Low-Cut Socks,Socks,Women,5.9,5.9,False,1,5.9,cash
BUG-20260612-0499,1,2026-06-12 15:28:34,  Bugis  ,TOP-W-03,Women's Silky Satin Blouse,Tops,Women,39.9,39.9,False,1,39.9,Card
BUG-20260612-0895,2,2026-06-12 20:56:23,Bugis,UND-W-03,Women's Cotton Blend Briefs,Underwear,Women,9.9,9.9,False,2,19.8,NETS
ORC-20260612-1134,1,2026-06-12 19:45:34,orchard central,TOP-W-04,  Women's Heattech Crew Neck Long Sleeve Tee  ,Tops,Women,14.9,14.9,False,1,14.9,PayNow
BUG-20260612-0537,2,2026-06-12 20:09:48,Bugis,UND-M-02,Men's Cotton Blend Trunks,Underwear,Men,14.9,14.9,False,1,14.9,Cash
ORC-20260612-0369,1,2026-06-12 16:00:01,  Orchard Central  ,SOK-M-03,Men's Airism Low-Cut Socks,Socks,Men,5.9,5.9,False,1,5.9,paynow
BUG-20260612-1197,1,2026-06-12 20:58:25,Bugis,TOP-W-04,Women's Heattech Crew Neck Long Sleeve Tee,Tops,Women,14.9,14.9,False,1,14.9,PayNow
PUN-20260612-0053,1,2026-06-12 20:16:05,Punggol,SOK-M-02,Men's Pile Crew Socks,Socks,Men,5.9,5.9,False,1,5.9,CARD
BUG-20260612-0746,1,2026-06-12 19:16:03,Bugis,SOK-M-02,Men's Pile Crew Socks,Socks,men,5.9,5.9,False,1,5.9,Cash
BUG-20260612-0900,1,2026-06-12 16:00:58,Bugis,BTM-M-01,Men's Ezy Ankle Pants,Bottoms,MEN,$29.9,29.9,False,1,29.9,PayNow
BUG-20260612-0464,1,2026-06-12 17:56:37,Bugis,BTM-M-04,Men's Dry Stretch Shorts,Bottoms,Men,19.9,19.9,False,1,19.9,PAYNOW
ORC-20260612-0907,2,2026-06-12 15:35:38,ORCHARD CENTRAL,SOK-M-04,Men's Ribbed Crew Socks,Socks,Men,5.9,5.9,False,1,5.9,Card
ORC-20260612-1093,1,2026-06-12 13:15:08,Orchard Central,TOP-M-03,Men's Dry-EX Crew Neck T-Shirt,Tops,Men,19.9,19.9,False,1,19.9,PayNow
ORC-20260612-0375,1,2026-06-12 20:08:23,Orchard Central,SOK-W-02,Women's Pile Crew Socks,Socks,Women,5.9,5.9,False,1,$5.9,Cash
PUN-20260612-0323,2,2026-06-12 19:52:21,Punggol,BTM-M-04,Men's Dry Stretch Shorts,Bottoms,Men,19.9,19.9,False,1,19.9,CARD
BUG-20260612-0892,3,2026-06-12 16:57:07,Bugis,UND-W-07,Women's Heattech Camisole,Underwear,women,14.9,14.9,False,1,14.9,Card
BUG-20260612-0410,2,2026-06-12 19:33:05,Bugis,SOK-W-02,Women's Pile Crew Socks,Socks,Women,5.9,5.9,False,1,5.9,PayNow
PUN-20260612-0222,3,2026-06-12 18:03:29,Punggol,SOK-W-02,Women's Pile Crew Socks,Socks,women,5.9,5.9,False,1,5.9,Cash
BUG-20260612-0078,1,2026-06-12 19:05:29,Bugis,UND-W-03,Women's Cotton Blend Briefs,Underwear,Women,9.9,9.9,False,1,9.9,Card
ORC-20260612-0151,1,2026-06-12 21:40:08,Orchard Central,TOP-W-04,Women's Heattech Crew Neck Long Sleeve Tee,Tops,Women,14.9,14.9,False,1,14.9,paynow
ORC-20260612-0539,2,2026-06-12 21:11:59,Orchard Central,UND-M-04,Men's Cotton Crew Neck Undershirt,underwear,Men,14.9,14.9,False,1,14.9,PAYNOW
ORC-20260612-0255,3,2026-06-12 20:36:19,Orchard Central,SOK-W-04,Women's Ribbed Crew Socks,Socks,Women,5.9,5.9,False,2,11.8,Card
PUN-20260612-0728,1,2026-06-12 20:06:48,  PUNGGOL  ,SOK-W-04,,Socks,Women,5.9,5.9,False,1,5.9,Card
BUG-20260612-1228,1,2026-06-12 20:13:42,Bugis,TOP-W-03,Women's Silky Satin Blouse,Tops,WOMEN,39.9,39.9,False,1,39.9,Card
ORC-20260612-0892,1,2026-06-12 12:04:52,Orchard Central,BTM-W-01,Women's Ultra Stretch Skinny Jeans,bottoms,Women,39.9,39.9,False,1,39.9,NETS
ORC-20260612-1189,1,2026-06-12 16:34:38,Orchard Central,UND-M-02,  Men's Cotton Blend Trunks  ,Underwear,Men,14.9,14.9,False,1,14.9,NETS
BUG-20260612-0623,1,2026-06-12 17:44:12,Bugis,UND-W-03,Women's Cotton Blend Briefs,Underwear,Women,9.9,9.9,False,1,9.9,
ORC-20260612-0886,1,2026-06-12 18:37:42,Orchard Central,UND-M-03,Men's Airism Mesh Boxer Briefs,Underwear,men,14.9,14.9,False,2,29.8,Card
BUG-20260612-0318,2,2026-06-12 19:38:37,Bugis,BTM-M-04,Men's Dry Stretch Shorts,Bottoms,Men,19.9,19.9,False,1,19.9,Card
BUG-20260612-0683,2,2026-06-12 16:09:52,  Bugis  ,UND-M-01,Men's Airism Boxer Briefs,Underwear,Men,$14.9,14.9,False,2,29.8,PayNow
PUN-20260612-0774,2,2026-06-12 20:26:04,punggol,UND-W-03,Women's Cotton Blend Briefs,underwear,Women,9.9,9.9,False,1,9.9,PayNow
PUN-20260612-0008,1,2026-06-12 22:45:50,Punggol,TOP-M-01,Men's Airism Cotton Crew Neck T-Shirt,Tops,Men,14.9,14.9,False,1,$14.9,NETS
BUG-20260612-0964,1,2026-06-12 13:09:45,Bugis,SOK-M-04,Men's Ribbed Crew Socks,SOCKS,Men,5.9,5.9,False,1,$5.9,PayNow
PUN-20260612-0124,2,2026-06-12 15:17:59,Punggol,SOK-W-02,Women's Pile Crew Socks,Socks,Women,5.9,5.9,False,1,5.9,Cash
ORC-20260612-0432,2,2026-06-12 17:22:54,  orchard central  ,SOK-M-03,  Men's Airism Low-Cut Socks  ,Socks,Men,5.9,5.9,False,1,5.9,NETS
BUG-20260612-0245,1,2026-06-12 16:15:03,Bugis,UND-W-03,Women's Cotton Blend Briefs,Underwear,WOMEN,9.9,9.9,False,1,9.9,Card
ORC-20260612-0638,2,2026-06-12 20:54:17,Orchard Central,SOK-M-04,Men's Ribbed Crew Socks,Socks,Men,5.9,5.9,False,1,5.9,Cash
BUG-20260612-0622,3,2026-06-12 14:10:50,  Bugis  ,TOP-W-04,Women's Heattech Crew Neck Long Sleeve Tee,Tops,Women,14.9,14.9,False,1,14.9,Card
ORC-20260612-1294,1,2026-06-12 19:59:04,Orchard Central,SOK-M-04,Men's Ribbed Crew Socks,Socks,Men,5.9,5.9,False,1,5.9,PayNow
BUG-20260612-0991,1,2026-06-12 13:04:57,  Bugis  ,SOK-W-03,Women's Airism Low-Cut Socks,Socks,WOMEN,5.9,5.9,False,1,5.9,
PUN-20260612-0076,3,2026-06-12 22:34:32,Punggol,UND-M-03,Men's Airism Mesh Boxer Briefs,Underwear,Men,14.9,14.9,False,1,14.9,Cash
ORC-20260612-0394,1,2026-06-12 15:41:15,Orchard Central,TOP-M-04,Men's Oxford Long Sleeve Shirt,Tops,Men,29.9,29.9,False,1,29.9,Cash
ORC-20260612-0621,2,2026-06-12 16:12:36,Orchard Central,SOK-W-04,Women's Ribbed Crew Socks,Socks,Women,5.9,5.9,False,1,5.9,card
BUG-20260612-0460,1,2026-06-12 19:41:28,Bugis,SOK-W-02,Women's Pile Crew Socks,Socks,Women,5.9,5.9,False,1,5.9,Card
ORC-20260612-0267,1,2026-06-12 21:15:10,ORCHARD CENTRAL,SOK-M-01,Men's Ankle Socks 3-Pack,SOCKS,Men,14.9,14.9,False,1,14.9,Paynow
ORC-20260612-1284,1,2026-06-12 21:45:56,Orchard Central,SOK-M-08,Men's Cotton Blend Dress Socks,Socks,Men,9.9,9.9,False,1,9.9,Card
ORC-20260612-1039,1,2026-06-12 12:46:21,Orchard Central,TOP-W-01,Women's Airism Cotton Crew Neck T-Shirt,Tops,Women,14.9,14.9,False,1,14.9,Cash
BUG-20260612-0497,1,2026-06-12 19:34:39,Bugis,UND-M-03,Men's Airism Mesh Boxer Briefs,Underwear,Men,14.9,14.9,False,1,14.9,NETS
BUG-20260612-0327,1,2026-06-12 18:54:05,Bugis,BTM-M-04,  Men's Dry Stretch Shorts  ,BOTTOMS,Men,19.9,19.9,False,1,19.9,Card
BUG-20260612-0045,2,2026-06-12 22:02:01,Bugis,SOK-W-04,Women's Ribbed Crew Socks,Socks,Women,5.9,5.9,False,1,5.9,PayNow
BUG-20260612-0379,2,2026-06-12 18:03:21,BUGIS,TOP-W-03,Women's Silky Satin Blouse,Tops,Women,39.9,39.9,False,1,39.9,Card
PUN-20260612-0416,2,2026-06-12 15:49:29,Punggol,SOK-M-03,Men's Airism Low-Cut Socks,Socks,Men,5.9,5.9,False,1,5.9,Cash
BUG-20260612-0184,3,2026-06-12 18:45:09,Bugis,TOP-M-01,Men's Airism Cotton Crew Neck T-Shirt,Tops,Men,14.9,14.9,False,1,14.9,Paynow
ORC-20260612-0850,3,2026-06-12 20:44:11,Orchard Central,TOP-W-04,Women's Heattech Crew Neck Long Sleeve Tee,Tops,Women,14.9,14.9,False,1,14.9,PayNow
BUG-20260612-0085,1,2026-06-12 22:03:51,Bugis,BTM-W-03,Women's Ezy Ankle Pants,Bottoms,Women,29.9,29.9,False,1,29.9,card
BUG-20260612-0313,3,2026-06-12 17:04:00,Bugis,UND-W-03,  Women's Cotton Blend Briefs  ,Underwear,Women,9.9,9.9,False,1,9.9,NETS
BUG-20260612-0535,3,2026-06-12 11:49:17,Bugis,TOP-W-01,Women's Airism Cotton Crew Neck T-Shirt,Tops,women,14.9,14.9,False,1,14.9,card
PUN-20260612-0603,2,2026-06-12 18:35:54,Punggol,UND-W-04,  Women's Airism T-Shirt Bra  ,UNDERWEAR,Women,29.9,29.9,False,1,29.9,Card
ORC-20260612-1227,1,2026-06-12 18:01:15,Orchard Central,SOK-M-02,Men's Pile Crew Socks,Socks,Men,5.9,5.9,False,1,5.9,Card
BUG-20260612-0753,1,2026-06-12 15:55:00,Bugis,SOK-M-03,Men's Airism Low-Cut Socks,Socks,Men,$5.9,5.9,False,1,5.9,NETS
BUG-20260612-0208,3,2026-06-12 20:04:43,Bugis,TOP-W-02,Women's Ribbed Long Sleeve Turtleneck,Tops,women,19.9,19.9,False,1,19.9,PayNow
PUN-20260612-0023,3,2026-06-12 20:57:12,Punggol,SOK-M-04,Men's Ribbed Crew Socks,Socks,Men,5.9,5.9,False,2,11.8,Cash
PUN-20260612-0389,3,2026-06-12 19:53:36,  PUNGGOL  ,SOK-M-08,Men's Cotton Blend Dress Socks,Socks,Men,9.9,9.9,False,1,9.9,Card
BUG-20260612-0228,1,2026-06-12 20:52:58,Bugis,TOP-M-03,Men's Dry-EX Crew Neck T-Shirt,tops,Men,19.9,19.9,False,1,19.9,PayNow
ORC-20260612-0376,3,2026-06-12 15:05:53,Orchard Central,SOK-W-03,Women's Airism Low-Cut Socks,Socks,Women,5.9,5.9,False,1,5.9,NETS
PUN-20260612-0041,3,2026-06-12 12:40:01,Punggol,BTM-W-02,Women's High-Rise Wide Leg Pants,BOTTOMS,Women,39.9,39.9,False,1,39.9,nets
BUG-20260612-0367,1,2026-06-12 19:57:32,Bugis,TOP-M-01,Men's Airism Cotton Crew Neck T-Shirt,Tops,Men,14.9,14.9,False,1,14.9,Cash
BUG-20260612-0908,1,2026-06-12 11:11:16,Bugis,SOK-M-03,Men's Airism Low-Cut Socks,Socks,Men,5.9,5.9,False,1,5.9,PayNow
ORC-20260612-0796,2,2026-06-12 17:18:30,Orchard Central,TOP-W-04,Women's Heattech Crew Neck Long Sleeve Tee,Tops,Women,14.9,14.9,False,1,14.9,Card
ORC-20260612-1247,1,2026-06-12 22:28:12,  Orchard Central  ,SOK-M-03,Men's Airism Low-Cut Socks,Socks,Men,5.9,5.9,False,1,5.9,Card
BUG-20260612-0685,1,2026-06-12 18:09:00,Bugis,SOK-M-03,Men's Airism Low-Cut Socks,Socks,Men,5.9,5.9,False,1,5.9,PayNow
BUG-20260612-1105,3,2026-06-12 19:43:12,  Bugis  ,TOP-M-01,  Men's Airism Cotton Crew Neck T-Shirt  ,Tops,Men,14.9,14.9,False,1,14.9,PayNow
PUN-20260612-0653,1,2026-06-12 20:39:07,Punggol,TOP-M-01,Men's Airism Cotton Crew Neck T-Shirt,Tops,Men,14.9,14.9,False,1,14.9,PayNow
PUN-20260612-0268,1,2026-06-12 17:00:25,punggol,BTM-W-04,Women's Denim Straight Jeans,Bottoms,Women,49.9,49.9,False,1,49.9,Card
ORC-20260612-0942,3,2026-06-12 21:59:59,Orchard Central,UND-M-08,Men's Airism V-Neck Undershirt,Underwear,Men,9.9,9.9,False,1,9.9,CARD
BUG-20260612-0349,2,2026-06-12 20:06:48,Bugis,SOK-M-04,Men's Ribbed Crew Socks,SOCKS,Men,5.9,5.9,False,1,5.9,paynow
ORC-20260612-0577,1,2026-06-12 19:05:09,  Orchard Central  ,SOK-W-02,Women's Pile Crew Socks,Socks,Women,5.9,5.9,False,2,11.8,PayNow
ORC-20260612-0024,1,2026-06-12 19:46:08,Orchard Central,UND-M-02,Men's Cotton Blend Trunks,UNDERWEAR,Men,14.9,14.9,False,1,14.9,Card
PUN-20260612-0380,2,2026-06-12 11:46:20,Punggol,SOK-M-02,Men's Pile Crew Socks,Socks,Men,5.9,5.9,False,1,$5.9,Card
PUN-20260612-0221,3,2026-06-12 11:41:32,Punggol,SOK-M-03,Men's Airism Low-Cut Socks,Socks,Men,5.9,5.9,False,1,5.9,Card
BUG-20260612-0912,2,2026-06-12 21:44:23,Bugis,BTM-M-01,Men's Ezy Ankle Pants,bottoms,Men,29.9,29.9,False,1,29.9,Card
ORC-20260612-0768,2,2026-06-12 20:14:39,Orchard Central,UND-M-08,Men's Airism V-Neck Undershirt,Underwear,Men,9.9,9.9,False,1,9.9,Card
ORC-20260612-0733,1,2026-06-12 21:39:41,Orchard Central,UND-W-03,Women's Cotton Blend Briefs,Underwear,Women,9.9,9.9,False,2,19.8,PayNow
BUG-20260612-0607,1,2026-06-12 16:45:21,Bugis,SOK-M-03,Men's Airism Low-Cut Socks,Socks,Men,5.9,5.9,False,2,11.8,Card
BUG-20260612-0627,1,2026-06-12 22:53:04,Bugis,SOK-W-03,Women's Airism Low-Cut Socks,Socks,women,5.9,5.9,False,1,5.9,Card
BUG-20260612-0901,2,2026-06-12 21:54:02,Bugis,BTM-M-02,  Men's Slim Fit Chino Trousers  ,Bottoms,Men,29.9,29.9,False,1,29.9,Card
BUG-20260612-0079,1,2026-06-12 22:22:51,Bugis,BTM-M-04,Men's Dry Stretch Shorts,Bottoms,Men,19.9,19.9,False,1,19.9,Card
BUG-20260612-1070,1,2026-06-12 16:48:08,bugis,BTM-W-01,Women's Ultra Stretch Skinny Jeans,BOTTOMS,Women,39.9,39.9,False,1,39.9,Card
ORC-20260612-0279,1,2026-06-12 17:16:42,Orchard Central,BTM-W-06,Women's Jersey Jogger Pants,Bottoms,Women,29.9,29.9,False,1,29.9,NETS
ORC-20260612-0256,2,2026-06-12 21:25:59,Orchard Central,TOP-M-03,Men's Dry-EX Crew Neck T-Shirt,Tops,Men,19.9,19.9,False,1,$19.9,Card
ORC-20260612-0354,1,2026-06-12 20:22:06,Orchard Central,SOK-W-04,Women's Ribbed Crew Socks,Socks,Women,5.9,5.9,False,1,5.9,Cash
PUN-20260612-0205,1,2026-06-12 16:21:19,  PUNGGOL  ,SOK-W-04,Women's Ribbed Crew Socks,socks,Women,5.9,5.9,False,1,5.9,Card
BUG-20260612-0875,1,2026-06-12 18:57:18,Bugis,SOK-W-02,Women's Pile Crew Socks,Socks,Women,5.9,5.9,False,2,11.8,Card
PUN-20260612-0040,2,2026-06-12 20:58:52,Punggol,SOK-M-04,Men's Ribbed Crew Socks,Socks,Men,5.9,5.9,False,1,5.9,PayNow
PUN-20260612-0181,1,2026-06-12 11:50:29,Punggol,BTM-M-03,Men's Selvedge Regular Fit Jeans,Bottoms,Men,59.9,59.9,False,1,59.9,Card
ORC-20260612-0614,2,2026-06-12 19:20:56,Orchard Central,SOK-M-02,Men's Pile Crew Socks,Socks,Men,5.9,5.9,False,1,5.9,Card
PUN-20260612-0584,1,2026-06-12 19:44:12,Punggol,TOP-W-04,Women's Heattech Crew Neck Long Sleeve Tee,Tops,women,14.9,14.9,False,1,14.9,Card
PUN-20260612-0271,1,2026-06-12 19:59:56,Punggol,TOP-W-01,Women's Airism Cotton Crew Neck T-Shirt,Tops,Women,14.9,14.9,False,1,14.9,Card
PUN-20260612-0269,1,2026-06-12 17:56:37,Punggol,SOK-W-04,Women's Ribbed Crew Socks,Socks,Women,5.9,5.9,False,1,5.9,card
PUN-20260612-0611,2,2026-06-12 21:47:40,Punggol,UND-W-03,Women's Cotton Blend Briefs,Underwear,Women,9.9,9.9,False,1,9.9,PayNow
ORC-20260612-0649,3,2026-06-12 16:16:32,Orchard Central,TOP-M-01,Men's Airism Cotton Crew Neck T-Shirt,Tops,Men,14.9,14.9,False,1,14.9,Card
ORC-20260612-0135,2,2026-06-12 20:27:15,ORCHARD CENTRAL,SOK-M-02,Men's Pile Crew Socks,Socks,men,5.9,5.9,False,2,11.8,Cash
PUN-20260612-0702,1,2026-06-12 12:19:10,Punggol,UND-W-01,Women's Airism Bikini Shorts,Underwear,Women,9.9,9.9,False,1,9.9,Card
BUG-20260612-1224,3,2026-06-12 20:20:26,Bugis,BTM-M-02,Men's Slim Fit Chino Trousers,Bottoms,Men,29.9,29.9,False,1,29.9,Cash
ORC-20260612-0811,2,2026-06-12 13:12:07,Orchard Central,SOK-M-02,Men's Pile Crew Socks,Socks,men,5.9,5.9,False,1,$5.9,PayNow
ORC-20260612-1098,2,2026-06-12 11:22:57,Orchard Central,UND-M-02,Men's Cotton Blend Trunks,Underwear,Men,14.9,14.9,False,1,14.9,CARD
ORC-20260612-1152,2,2026-06-12 16:05:51,Orchard Central,SOK-W-03,Women's Airism Low-Cut Socks,Socks,WOMEN,5.9,5.9,False,1,5.9,Card
BUG-20260612-0987,3,2026-06-12 21:13:45,Bugis,TOP-M-02,Men's Supima Cotton Polo Shirt,Tops,Men,$29.9,29.9,False,1,29.9,Card
PUN-20260612-0579,1,2026-06-12 16:31:49,Punggol,SOK-W-02,Women's Pile Crew Socks,Socks,Women,5.9,5.9,False,1,5.9,Card
BUG-20260612-0854,3,2026-06-12 18:23:31,BUGIS,SOK-W-03,Women's Airism Low-Cut Socks,Socks,Women,5.9,5.9,False,2,11.8,PayNow
BUG-20260612-1025,1,2026-06-12 22:25:34,Bugis,BTM-W-07,Women's Linen Blend Wide Pants,Bottoms,Women,39.9,39.9,False,1,39.9,PayNow
ORC-20260612-0942,1,2026-06-12 21:59:59,Orchard Central,BTM-M-08,  Men's Relaxed Fit Denim Shorts  ,Bottoms,Men,29.9,29.9,False,1,29.9,Card
PUN-20260612-0658,2,2026-06-12 14:58:21,PUNGGOL,SOK-W-01,Women's Ankle Socks 3-Pack,Socks,WOMEN,14.9,14.9,False,2,29.8,Nets
BUG-20260612-1045,1,2026-06-12 21:35:13,Bugis,SOK-W-04,Women's Ribbed Crew Socks,Socks,Women,5.9,5.9,False,1,5.9,Paynow
BUG-20260612-0433,2,2026-06-12 20:13:35,Bugis,TOP-W-01,Women's Airism Cotton Crew Neck T-Shirt,Tops,Women,14.9,14.9,False,1,14.9,Card
BUG-20260612-0580,3,2026-06-12 15:44:07,Bugis,SOK-M-02,Men's Pile Crew Socks,Socks,Men,5.9,5.9,False,1,5.9,
ORC-20260612-0471,1,2026-06-12 16:20:11,Orchard Central,SOK-M-06,Men's Heattech Socks,Socks,men,9.9,9.9,False,1,9.9,
PUN-20260612-0590,2,2026-06-12 20:03:46,Punggol,SOK-W-02,Women's Pile Crew Socks,Socks,Women,5.9,5.9,False,1,5.9,Card
BUG-20260612-0771,2,2026-06-12 21:00:27,Bugis,TOP-M-01,Men's Airism Cotton Crew Neck T-Shirt,Tops,Men,14.9,14.9,False,1,14.9,PayNow
BUG-20260612-0622,2,2026-06-12 14:10:50,Bugis,SOK-M-04,Men's Ribbed Crew Socks,Socks,Men,5.9,5.9,False,1,5.9,Card
ORC-20260612-0413,1,2026-06-12 17:01:11,Orchard Central,SOK-M-04,Men's Ribbed Crew Socks,Socks,Men,5.9,5.9,False,1,5.9,PayNow
BUG-20260612-0632,1,2026-06-12 18:40:55,Bugis,SOK-W-06,Women's Heattech Socks,Socks,Women,9.9,9.9,False,1,9.9,Cash
BUG-20260612-0328,2,2026-06-12 20:22:30,bugis,BTM-M-05,Men's Wide Fit Cargo Pants,Bottoms,Men,26.68,39.9,True,1,26.68,NETS
BUG-20260612-0877,2,2026-06-12 19:50:14,Bugis,TOP-M-02,Men's Supima Cotton Polo Shirt,Tops,MEN,29.9,29.9,False,1,29.9,PayNow
ORC-20260612-0171,1,2026-06-12 19:32:46,Orchard Central,SOK-M-01,Men's Ankle Socks 3-Pack,Socks,Men,14.9,14.9,False,1,14.9,Card
ORC-20260612-1061,2,2026-06-12 14:54:50,Orchard Central,SOK-W-02,Women's Pile Crew Socks,Socks,Women,5.9,5.9,False,1,5.9,Card
ORC-20260612-0681,1,2026-06-12 14:08:32,ORCHARD CENTRAL,BTM-W-03,Women's Ezy Ankle Pants,Bottoms,Women,29.9,29.9,False,1,29.9,Card
BUG-20260612-0735,2,2026-06-12 11:10:33,Bugis,UND-M-02,Men's Cotton Blend Trunks,Underwear,Men,14.9,14.9,False,1,14.9,PAYNOW
PUN-20260612-0289,3,2026-06-12 20:26:01,PUNGGOL,UND-M-02,Men's Cotton Blend Trunks,Underwear,men,14.9,14.9,False,1,14.9,Card
PUN-20260612-0745,2,2026-06-12 16:45:30,Punggol,TOP-M-01,Men's Airism Cotton Crew Neck T-Shirt,tops,Men,14.9,14.9,False,1,14.9,Card
ORC-20260612-0102,3,2026-06-12 14:30:13,Orchard Central,SOK-W-02,Women's Pile Crew Socks,Socks,Women,5.9,5.9,False,1,5.9,Cash
BUG-20260612-0340,3,2026-06-12 21:46:45,Bugis,SOK-M-04,Men's Ribbed Crew Socks,Socks,Men,5.9,5.9,False,1,5.9,Cash
BUG-20260612-1045,2,2026-06-12 21:35:13,bugis,SOK-M-01,Men's Ankle Socks 3-Pack,Socks,Men,14.9,14.9,False,1,14.9,Paynow
BUG-20260612-0763,2,2026-06-12 18:15:00,Bugis,UND-M-02,Men's Cotton Blend Trunks,Underwear,Men,14.9,14.9,False,1,14.9,Card
PUN-20260612-0604,1,2026-06-12 19:22:33,Punggol,SOK-M-04,Men's Ribbed Crew Socks,Socks,Men,5.9,5.9,False,1,5.9,Card
PUN-20260612-0120,2,2026-06-12 19:32:37,Punggol,SOK-M-04,Men's Ribbed Crew Socks,Socks,Men,5.9,5.9,False,1,5.9,Cash
ORC-20260612-1146,2,2026-06-12 19:34:16,Orchard Central,SOK-M-06,Men's Heattech Socks,Socks,Men,9.9,9.9,False,2,19.8,Card
ORC-20260612-0948,1,2026-06-12 21:36:17,Orchard Central,BTM-M-04,Men's Dry Stretch Shorts,BOTTOMS,Men,19.9,19.9,False,1,19.9,Card
ORC-20260612-0824,2,2026-06-12 20:37:06,Orchard Central,UND-M-04,Men's Cotton Crew Neck Undershirt,underwear,Men,14.9,14.9,False,1,14.9,Card
BUG-20260612-0202,2,2026-06-12 20:14:36,Bugis,SOK-M-04,Men's Ribbed Crew Socks,Socks,Men,5.9,5.9,False,1,5.9,Card
PUN-20260612-0686,2,2026-06-12 17:11:57,Punggol,UND-W-10,Women's Wireless Bralette,Underwear,WOMEN,29.9,29.9,False,1,29.9,CARD
ORC-20260612-1277,1,2026-06-12 22:53:56,Orchard Central,UND-M-10,Men's Cotton Blend Briefs,Underwear,Men,7.42,9.9,True,1,7.42,NETS
PUN-20260612-0533,2,2026-06-12 22:53:53,punggol,TOP-W-02,Women's Ribbed Long Sleeve Turtleneck,Tops,Women,19.9,19.9,False,1,19.9,NETS
ORC-20260612-0265,3,2026-06-12 16:34:12,Orchard Central,SOK-W-04,Women's Ribbed Crew Socks,Socks,Women,5.9,5.9,False,1,5.9,
BUG-20260612-0971,2,2026-06-12 22:40:09,bugis,SOK-W-02,Women's Pile Crew Socks,Socks,Women,5.9,5.9,False,1,5.9,Card
BUG-20260612-0657,1,2026-06-12 21:41:04,Bugis,SOK-W-04,Women's Ribbed Crew Socks,Socks,Women,$5.9,5.9,False,1,5.9,Cash
ORC-20260612-0632,1,2026-06-12 21:04:45,Orchard Central,UND-W-03,  Women's Cotton Blend Briefs  ,Underwear,Women,9.9,9.9,False,1,9.9,NETS
ORC-20260612-0998,1,2026-06-12 22:44:00,Orchard Central,SOK-M-04,Men's Ribbed Crew Socks,Socks,Men,5.9,5.9,False,1,5.9,Card
PUN-20260612-0755,2,2026-06-12 20:55:27,Punggol,BTM-M-09,Men's Linen Blend Trousers,Bottoms,MEN,39.9,39.9,False,1,39.9,NETS
PUN-20260612-0799,2,2026-06-12 20:25:52,  Punggol  ,UND-M-03,  Men's Airism Mesh Boxer Briefs  ,Underwear,MEN,14.9,14.9,False,1,14.9,PayNow
PUN-20260612-0429,2,2026-06-12 19:08:45,Punggol,UND-M-03,Men's Airism Mesh Boxer Briefs,Underwear,Men,14.9,14.9,False,1,14.9,Cash
PUN-20260612-0334,1,2026-06-12 20:00:44,Punggol,BTM-M-03,  Men's Selvedge Regular Fit Jeans  ,bottoms,Men,59.9,59.9,False,1,59.9,Card
BUG-20260612-0187,3,2026-06-12 19:47:53,Bugis,SOK-M-02,Men's Pile Crew Socks,Socks,Men,5.9,5.9,False,1,5.9,Card
ORC-20260612-1006,1,2026-06-12 21:12:06,Orchard Central,SOK-W-04,Women's Ribbed Crew Socks,Socks,Women,5.9,5.9,False,2,$11.8,PayNow
BUG-20260612-0897,1,2026-06-12 22:23:34,Bugis,SOK-W-02,Women's Pile Crew Socks,Socks,Women,5.9,5.9,False,1,5.9,PayNow
ORC-20260612-1117,2,2026-06-12 21:50:57,  ORCHARD CENTRAL  ,UND-W-01,Women's Airism Bikini Shorts,Underwear,Women,9.9,9.9,False,1,9.9,PayNow
ORC-20260612-1153,1,2026-06-12 17:47:57,Orchard Central,TOP-W-04,Women's Heattech Crew Neck Long Sleeve Tee,Tops,Women,14.9,14.9,False,1,14.9,PayNow
ORC-20260612-0538,2,2026-06-12 17:00:11,Orchard Central,BTM-W-04,  Women's Denim Straight Jeans  ,Bottoms,Women,49.9,49.9,False,1,49.9,Card
BUG-20260612-0966,1,2026-06-12 20:32:46,Bugis,SOK-M-02,Men's Pile Crew Socks,Socks,Men,5.9,5.9,False,1,5.9,Card
PUN-20260612-0089,3,2026-06-12 20:06:37,punggol,TOP-M-02,Men's Supima Cotton Polo Shirt,Tops,Men,29.9,29.9,False,1,29.9,Cash
BUG-20260612-1147,2,2026-06-12 20:53:28,Bugis,SOK-W-03,Women's Airism Low-Cut Socks,Socks,Women,5.9,5.9,False,1,5.9,Card
BUG-20260612-0432,2,2026-06-12 22:03:27,Bugis,SOK-W-06,  Women's Heattech Socks  ,Socks,Women,9.9,9.9,False,1,9.9,Card
ORC-20260612-0007,1,2026-06-12 19:26:25,Orchard Central,UND-W-03,Women's Cotton Blend Briefs,Underwear,Women,9.9,9.9,False,2,19.8,Card
BUG-20260612-0394,2,2026-06-12 16:04:56,Bugis,TOP-W-02,Women's Ribbed Long Sleeve Turtleneck,Tops,Women,19.9,19.9,False,1,19.9,NETS
BUG-20260612-0948,2,2026-06-12 21:23:38,Bugis,SOK-W-02,Women's Pile Crew Socks,Socks,women,5.9,5.9,False,1,5.9,Card
BUG-20260612-1239,2,2026-06-12 21:24:12,Bugis,UND-M-01,Men's Airism Boxer Briefs,Underwear,Men,14.9,14.9,False,1,14.9,PayNow
BUG-20260612-0697,1,2026-06-12 11:21:05,bugis,SOK-M-06,Men's Heattech Socks,Socks,Men,9.9,9.9,False,1,9.9,Cash
ORC-20260612-0090,1,2026-06-12 14:45:55,  Orchard Central  ,TOP-W-02,Women's Ribbed Long Sleeve Turtleneck,Tops,Women,19.9,19.9,False,1,19.9,Card
ORC-20260612-0624,1,2026-06-12 19:17:46,Orchard Central,TOP-W-02,Women's Ribbed Long Sleeve Turtleneck,Tops,WOMEN,19.9,19.9,False,1,19.9,PayNow
BUG-20260612-0850,3,2026-06-12 16:32:37,Bugis,TOP-W-01,Women's Airism Cotton Crew Neck T-Shirt,Tops,Women,14.9,14.9,False,1,14.9,Card
BUG-20260612-0697,2,2026-06-12 11:21:05,Bugis,UND-W-02,Women's Wireless Bra,Underwear,Women,29.9,29.9,False,2,59.8,Cash
BUG-20260612-1036,1,2026-06-12 19:04:23,Bugis,TOP-W-02,Women's Ribbed Long Sleeve Turtleneck,Tops,women,19.9,19.9,False,1,19.9,CASH
BUG-20260612-0510,1,2026-06-12 19:13:25,Bugis,SOK-W-02,Women's Pile Crew Socks,Socks,WOMEN,5.9,5.9,False,1,5.9,CARD
ORC-20260612-1015,1,2026-06-12 14:27:43,Orchard Central,UND-W-01,Women's Airism Bikini Shorts,Underwear,Women,9.9,9.9,False,1,9.9,Cash
BUG-20260612-1125,3,2026-06-12 21:55:04,Bugis,TOP-M-03,Men's Dry-EX Crew Neck T-Shirt,Tops,Men,19.9,19.9,False,1,19.9,Cash
ORC-20260612-0895,3,2026-06-12 18:02:04,  Orchard Central  ,SOK-M-03,Men's Airism Low-Cut Socks,Socks,men,5.9,5.9,False,1,5.9,cash
ORC-20260612-1252,1,2026-06-12 18:01:43,Orchard Central,SOK-W-04,Women's Ribbed Crew Socks,Socks,Women,5.9,5.9,False,1,5.9,PAYNOW
PUN-20260612-0121,1,2026-06-12 20:08:39,Punggol,UND-W-01,Women's Airism Bikini Shorts,Underwear,women,9.9,9.9,False,1,9.9,Cash
ORC-20260612-0107,1,2026-06-12 17:56:46,Orchard Central,UND-M-03,Men's Airism Mesh Boxer Briefs,Underwear,Men,14.9,14.9,False,2,29.8,Cash
ORC-20260612-1154,1,2026-06-12 19:58:35,Orchard Central,SOK-W-01,Women's Ankle Socks 3-Pack,Socks,Women,14.9,14.9,False,1,14.9,PayNow
BUG-20260612-1150,1,2026-06-12 13:19:15,  Bugis  ,BTM-W-02,Women's High-Rise Wide Leg Pants,Bottoms,Women,39.9,39.9,False,1,39.9,Card
ORC-20260612-1132,2,2026-06-12 18:21:01,Orchard Central,UND-W-01,Women's Airism Bikini Shorts,Underwear,Women,9.9,9.9,False,2,19.8,Cash
ORC-20260612-0285,1,2026-06-12 20:02:23,Orchard Central,SOK-M-03,Men's Airism Low-Cut Socks,Socks,Men,5.9,5.9,False,1,5.9,Card
ORC-20260612-0184,1,2026-06-12 21:44:15,Orchard Central,SOK-W-02,Women's Pile Crew Socks,Socks,Women,5.9,5.9,False,1,5.9,Card
BUG-20260612-0148,3,2026-06-12 18:11:51,Bugis,SOK-M-01,  Men's Ankle Socks 3-Pack  ,Socks,Men,14.9,14.9,False,2,29.8,PayNow
BUG-20260612-0455,1,2026-06-12 18:21:47,Bugis,UND-M-07,Men's Stretch Cotton Boxers,Underwear,Men,14.9,14.9,False,1,14.9,PayNow
PUN-20260612-0569,2,2026-06-12 16:11:07,Punggol,SOK-M-03,Men's Airism Low-Cut Socks,Socks,Men,5.9,5.9,False,1,5.9,Card
ORC-20260612-0960,1,2026-06-12 14:55:31,Orchard Central,SOK-W-02,Women's Pile Crew Socks,Socks,Women,5.9,5.9,False,1,5.9,NETS
BUG-20260612-1022,1,2026-06-12 18:14:33,Bugis,SOK-W-04,Women's Ribbed Crew Socks,socks,women,5.9,5.9,False,1,5.9,Card
ORC-20260612-0418,3,2026-06-12 12:48:49,Orchard Central,SOK-W-04,Women's Ribbed Crew Socks,socks,Women,5.9,5.9,False,1,5.9,Cash
BUG-20260612-0739,1,2026-06-12 19:34:20,  Bugis  ,SOK-W-03,Women's Airism Low-Cut Socks,Socks,Women,5.9,5.9,False,1,5.9,Cash
BUG-20260612-0051,1,2026-06-12 20:12:28,Bugis,SOK-M-05,Men's Sport Ankle Socks,Socks,Men,5.9,5.9,False,1,5.9,PayNow
ORC-20260612-0160,2,2026-06-12 18:25:45,  Orchard Central  ,SOK-M-02,Men's Pile Crew Socks,Socks,men,5.9,5.9,False,1,5.9,
ORC-20260612-0277,2,2026-06-12 16:38:03,Orchard Central,UND-W-10,Women's Wireless Bralette,Underwear,women,29.9,29.9,False,1,29.9,NETS
ORC-20260612-0612,2,2026-06-12 20:30:06,Orchard Central,SOK-W-03,Women's Airism Low-Cut Socks,Socks,Women,5.9,5.9,False,2,11.8,Card
BUG-20260612-0834,2,2026-06-12 21:44:52,Bugis,SOK-W-02,Women's Pile Crew Socks,Socks,Women,5.9,5.9,False,1,5.9,Card
PUN-20260612-0530,2,2026-06-12 20:35:36,Punggol,SOK-W-04,Women's Ribbed Crew Socks,Socks,WOMEN,5.9,5.9,False,2,11.8,CARD
BUG-20260612-0878,2,2026-06-12 19:41:30,Bugis,BTM-M-04,Men's Dry Stretch Shorts,Bottoms,Men,19.9,19.9,False,1,19.9,NETS
BUG-20260612-0989,3,2026-06-12 20:04:34,BUGIS,SOK-W-03,Women's Airism Low-Cut Socks,Socks,Women,5.9,5.9,False,2,11.8,NETS
ORC-20260612-0221,3,2026-06-12 18:05:52,Orchard Central,SOK-M-04,Men's Ribbed Crew Socks,Socks,Men,5.9,5.9,False,1,5.9,Card
BUG-20260612-0380,1,2026-06-12 21:33:51,Bugis,SOK-M-02,  Men's Pile Crew Socks  ,Socks,Men,5.9,5.9,False,1,5.9,Card
BUG-20260612-0388,1,2026-06-12 19:58:08,Bugis,BTM-W-02,Women's High-Rise Wide Leg Pants,Bottoms,Women,39.9,39.9,False,1,39.9,card
PUN-20260612-0243,3,2026-06-12 15:54:01,  Punggol  ,SOK-W-01,Women's Ankle Socks 3-Pack,Socks,WOMEN,14.9,14.9,False,1,14.9,NETS
BUG-20260612-1235,1,2026-06-12 21:53:27,Bugis,SOK-W-02,Women's Pile Crew Socks,Socks,Women,5.9,5.9,False,1,5.9,PayNow
ORC-20260612-0771,1,2026-06-12 15:09:24,Orchard Central,TOP-W-04,Women's Heattech Crew Neck Long Sleeve Tee,Tops,Women,14.9,14.9,False,1,14.9,card
ORC-20260612-0407,1,2026-06-12 19:11:59,Orchard Central,SOK-M-04,Men's Ribbed Crew Socks,Socks,Men,5.9,5.9,False,1,5.9,Card
BUG-20260612-1143,3,2026-06-12 17:43:31,Bugis,SOK-W-02,Women's Pile Crew Socks,Socks,Women,5.9,5.9,False,1,5.9,Card
ORC-20260612-0781,2,2026-06-12 19:47:26,Orchard Central,UND-M-04,Men's Cotton Crew Neck Undershirt,Underwear,MEN,14.9,14.9,False,1,14.9,card
BUG-20260612-0369,1,2026-06-12 16:34:32,Bugis,TOP-M-01,Men's Airism Cotton Crew Neck T-Shirt,Tops,Men,14.9,14.9,False,1,14.9,PayNow
ORC-20260612-0212,1,2026-06-12 11:29:36,Orchard Central,SOK-M-04,Men's Ribbed Crew Socks,Socks,Men,5.9,5.9,False,1,5.9,Card
BUG-20260612-0183,2,2026-06-12 20:01:13,Bugis,SOK-W-02,Women's Pile Crew Socks,Socks,Women,5.9,5.9,False,1,5.9,
ORC-20260612-0847,1,2026-06-12 22:27:49,Orchard Central,SOK-W-01,Women's Ankle Socks 3-Pack,Socks,WOMEN,14.9,14.9,False,1,14.9,Cash
BUG-20260612-0736,3,2026-06-12 21:32:04,Bugis,TOP-W-02,Women's Ribbed Long Sleeve Turtleneck,TOPS,women,19.9,19.9,False,1,19.9,cash
BUG-20260612-1002,3,2026-06-12 17:29:55,Bugis,UND-W-02,Women's Wireless Bra,Underwear,Women,29.9,29.9,False,1,29.9,Card
ORC-20260612-0428,3,2026-06-12 16:40:33,Orchard Central,SOK-W-03,Women's Airism Low-Cut Socks,Socks,women,5.9,5.9,False,2,11.8,Card
ORC-20260612-0795,1,2026-06-12 21:48:53,Orchard Central,SOK-M-04,Men's Ribbed Crew Socks,Socks,Men,5.9,5.9,False,1,5.9,PayNow
BUG-20260612-0669,3,2026-06-12 12:38:56,Bugis,SOK-W-02,Women's Pile Crew Socks,Socks,Women,5.9,5.9,False,2,11.8,NETS
PUN-20260612-0722,1,2026-06-12 16:59:03,Punggol,TOP-M-04,Men's Oxford Long Sleeve Shirt,Tops,Men,29.9,29.9,False,1,29.9,PayNow
ORC-20260612-0840,1,2026-06-12 16:24:23,Orchard Central,BTM-M-01,Men's Ezy Ankle Pants,Bottoms,Men,29.9,29.9,False,1,29.9,Card
ORC-20260612-0064,1,2026-06-12 21:18:07,Orchard Central,SOK-W-04,Women's Ribbed Crew Socks,Socks,Women,5.9,5.9,False,1,5.9,Cash
ORC-20260612-0665,1,2026-06-12 13:40:33,  orchard central  ,TOP-W-01,Women's Airism Cotton Crew Neck T-Shirt,Tops,Women,14.9,14.9,False,1,14.9,PayNow
ORC-20260612-0888,1,2026-06-12 15:01:19,Orchard Central,UND-W-04,Women's Airism T-Shirt Bra,Underwear,Women,29.9,29.9,False,1,29.9,Card
PUN-20260612-0036,1,2026-06-12 17:34:13,punggol,BTM-W-01,Women's Ultra Stretch Skinny Jeans,Bottoms,WOMEN,39.9,39.9,False,1,39.9,Cash
ORC-20260612-1112,1,2026-06-12 12:04:22,Orchard Central,TOP-M-01,Men's Airism Cotton Crew Neck T-Shirt,Tops,Men,14.9,14.9,False,1,14.9,NETS
PUN-20260612-0002,2,2026-06-12 22:00:35,Punggol,SOK-W-02,Women's Pile Crew Socks,Socks,Women,5.9,5.9,False,1,$5.9,Card
PUN-20260612-0407,2,2026-06-12 20:22:09,Punggol,TOP-W-01,Women's Airism Cotton Crew Neck T-Shirt,Tops,Women,14.9,14.9,False,1,14.9,CARD
ORC-20260612-0600,1,2026-06-12 21:02:26,Orchard Central,UND-M-03,Men's Airism Mesh Boxer Briefs,Underwear,Men,14.9,14.9,False,2,29.8,Card
BUG-20260612-0305,1,2026-06-12 20:56:41,Bugis,UND-W-03,Women's Cotton Blend Briefs,Underwear,Women,9.9,9.9,False,1,9.9,Card
BUG-20260612-0236,2,2026-06-12 14:37:19,  Bugis  ,TOP-W-01,Women's Airism Cotton Crew Neck T-Shirt,Tops,women,14.9,14.9,False,1,14.9,Card
BUG-20260612-0680,2,2026-06-12 17:57:27,Bugis,UND-M-04,Men's Cotton Crew Neck Undershirt,Underwear,Men,14.9,14.9,False,1,14.9,
BUG-20260612-0630,3,2026-06-12 18:51:10,Bugis,SOK-W-06,Women's Heattech Socks,Socks,Women,9.9,9.9,False,1,9.9,Cash
PUN-20260612-0712,1,2026-06-12 21:21:24,Punggol,UND-M-01,Men's Airism Boxer Briefs,Underwear,Men,14.9,14.9,False,2,29.8,NETS
BUG-20260612-0459,2,2026-06-12 19:44:33,Bugis,SOK-M-02,  Men's Pile Crew Socks  ,Socks,MEN,5.9,5.9,False,1,5.9,CARD
ORC-20260612-0260,3,2026-06-12 22:17:17,Orchard Central,SOK-M-04,Men's Ribbed Crew Socks,Socks,Men,5.9,5.9,False,1,5.9,NETS
ORC-20260612-0087,3,2026-06-12 19:29:48,Orchard Central,SOK-M-04,Men's Ribbed Crew Socks,socks,Men,5.9,5.9,False,2,11.8,Card
ORC-20260612-0115,3,2026-06-12 14:49:48,Orchard Central,UND-W-03,Women's Cotton Blend Briefs,UNDERWEAR,Women,9.9,9.9,False,1,$9.9,PayNow
ORC-20260612-0074,1,2026-06-12 22:59:21,Orchard Central,UND-W-03,Women's Cotton Blend Briefs,Underwear,WOMEN,9.9,9.9,False,1,9.9,NETS
ORC-20260612-0906,3,2026-06-12 20:20:39,Orchard Central,SOK-W-03,Women's Airism Low-Cut Socks,Socks,Women,5.9,5.9,False,2,11.8,Cash
ORC-20260612-0396,2,2026-06-12 12:35:15,Orchard Central,TOP-M-02,Men's Supima Cotton Polo Shirt,Tops,Men,29.9,29.9,False,1,29.9,Cash
ORC-20260612-0104,1,2026-06-12 16:56:09,Orchard Central,TOP-M-04,Men's Oxford Long Sleeve Shirt,Tops,Men,29.9,29.9,False,1,29.9,Paynow
PUN-20260612-0123,2,2026-06-12 16:45:30,Punggol,SOK-M-04,Men's Ribbed Crew Socks,Socks,Men,5.9,5.9,False,1,5.9,Cash
PUN-20260612-0587,2,2026-06-12 15:50:35,Punggol,BTM-M-01,Men's Ezy Ankle Pants,Bottoms,Men,29.9,29.9,False,1,29.9,Card
ORC-20260612-0056,1,2026-06-12 18:03:51,Orchard Central,UND-M-09,Men's Heattech Long Johns,Underwear,Men,19.9,19.9,False,2,39.8,Paynow
BUG-20260612-0166,2,2026-06-12 16:42:58,bugis,SOK-M-04,Men's Ribbed Crew Socks,Socks,Men,$5.9,5.9,False,1,5.9,PayNow
BUG-20260612-0904,2,2026-06-12 19:02:57,  Bugis  ,UND-W-03,  Women's Cotton Blend Briefs  ,Underwear,Women,9.9,9.9,False,1,9.9,card
ORC-20260612-0915,2,2026-06-12 20:56:45,ORCHARD CENTRAL,SOK-W-04,Women's Ribbed Crew Socks,Socks,Women,5.9,5.9,False,1,5.9,cash
PUN-20260612-0762,1,2026-06-12 17:20:40,Punggol,UND-W-03,Women's Cotton Blend Briefs,Underwear,Women,9.9,9.9,False,1,9.9,PayNow
ORC-20260612-1216,3,2026-06-12 18:32:09,Orchard Central,SOK-W-02,Women's Pile Crew Socks,Socks,Women,5.9,5.9,False,1,5.9,PayNow
BUG-20260612-1054,3,2026-06-12 21:56:08,Bugis,UND-M-01,Men's Airism Boxer Briefs,Underwear,MEN,14.9,14.9,False,1,14.9,Cash
ORC-20260612-0040,1,2026-06-12 20:50:04,Orchard Central,SOK-W-06,Women's Heattech Socks,Socks,Women,9.9,9.9,False,1,9.9,Card
ORC-20260612-0675,1,2026-06-12 19:12:39,ORCHARD CENTRAL,SOK-W-03,Women's Airism Low-Cut Socks,Socks,Women,5.9,5.9,False,1,5.9,Card
BUG-20260612-0100,2,2026-06-12 21:06:05,BUGIS,TOP-W-08,Women's Puff Sleeve Blouse,Tops,Women,20.35,29.9,True,1,20.35,Card
ORC-20260612-0129,2,2026-06-12 20:17:09,Orchard Central,SOK-W-04,Women's Ribbed Crew Socks,Socks,Women,5.9,5.9,False,1,5.9,Card
ORC-20260612-1051,2,2026-06-12 18:06:54,Orchard Central,UND-M-01,Men's Airism Boxer Briefs,Underwear,men,14.9,14.9,False,1,14.9,PAYNOW
BUG-20260612-0008,3,2026-06-12 21:49:48,Bugis,UND-W-03,  Women's Cotton Blend Briefs  ,Underwear,Women,9.9,9.9,False,1,9.9,Cash
ORC-20260612-0702,1,2026-06-12 19:42:20,Orchard Central,UND-M-08,Men's Airism V-Neck Undershirt,Underwear,Men,9.9,9.9,False,1,9.9,Card
ORC-20260612-1196,1,2026-06-12 19:14:56,Orchard Central,UND-W-08,Women's Airism Camisole,Underwear,WOMEN,14.9,14.9,False,1,14.9,Cash
ORC-20260612-0860,1,2026-06-12 18:24:54,Orchard Central,SOK-W-02,Women's Pile Crew Socks,socks,Women,5.9,5.9,False,2,11.8,card
ORC-20260612-0883,1,2026-06-12 16:24:34,Orchard Central,BTM-W-03,Women's Ezy Ankle Pants,Bottoms,Women,29.9,29.9,False,1,29.9,Card
ORC-20260612-1247,3,2026-06-12 22:28:12,Orchard Central,UND-W-03,Women's Cotton Blend Briefs,Underwear,Women,9.9,9.9,False,2,19.8,Card
ORC-20260612-0522,1,2026-06-12 17:40:10,Orchard Central,SOK-W-04,Women's Ribbed Crew Socks,Socks,Women,5.9,5.9,False,1,5.9,Cash
PUN-20260612-0433,3,2026-06-12 16:01:11,Punggol,SOK-M-04,Men's Ribbed Crew Socks,Socks,Men,5.9,5.9,False,2,11.8,Cash
BUG-20260612-0279,1,2026-06-12 20:43:28,Bugis,SOK-M-03,Men's Airism Low-Cut Socks,socks,Men,5.9,5.9,False,1,5.9,Card
ORC-20260612-0936,2,2026-06-12 20:46:45,Orchard Central,UND-M-10,Men's Cotton Blend Briefs,Underwear,Men,7.42,9.9,True,1,7.42,Card
PUN-20260612-0084,3,2026-06-12 16:13:20,Punggol,TOP-W-03,Women's Silky Satin Blouse,Tops,Women,39.9,39.9,False,1,39.9,Card
ORC-20260612-0613,3,2026-06-12 18:01:41,Orchard Central,SOK-W-04,Women's Ribbed Crew Socks,SOCKS,WOMEN,5.9,5.9,False,1,5.9,PAYNOW
ORC-20260612-0893,1,2026-06-12 17:39:52,Orchard Central,UND-W-03,  Women's Cotton Blend Briefs  ,underwear,Women,9.9,9.9,False,1,9.9,PayNow
ORC-20260612-0673,1,2026-06-12 13:07:31,Orchard Central,SOK-M-02,Men's Pile Crew Socks,Socks,Men,5.9,5.9,False,1,5.9,Card
PUN-20260612-0300,1,2026-06-12 22:11:04,Punggol,TOP-W-04,Women's Heattech Crew Neck Long Sleeve Tee,tops,Women,14.9,14.9,False,1,14.9,Card
BUG-20260612-0493,3,2026-06-12 19:09:59,Bugis,UND-M-04,Men's Cotton Crew Neck Undershirt,Underwear,Men,14.9,14.9,False,1,14.9,Card
ORC-20260612-0566,1,2026-06-12 20:01:16,Orchard Central,SOK-W-02,Women's Pile Crew Socks,Socks,Women,5.9,5.9,False,1,5.9,Cash
BUG-20260612-0681,2,2026-06-12 19:17:19,Bugis,SOK-M-04,Men's Ribbed Crew Socks,Socks,Men,$5.9,5.9,False,1,$5.9,card
BUG-20260612-0632,2,2026-06-12 18:40:55,Bugis,SOK-M-06,Men's Heattech Socks,Socks,Men,9.9,9.9,False,1,9.9,Cash
ORC-20260612-1286,2,2026-06-12 11:57:16,Orchard Central,UND-W-04,Women's Airism T-Shirt Bra,Underwear,Women,29.9,29.9,False,1,29.9,PayNow
PUN-20260612-0619,2,2026-06-12 11:07:39,punggol,SOK-W-04,Women's Ribbed Crew Socks,Socks,Women,5.9,5.9,False,1,5.9,
BUG-20260612-0742,2,2026-06-12 20:04:04,Bugis,SOK-W-01,Women's Ankle Socks 3-Pack,Socks,Women,14.9,14.9,False,1,14.9,PayNow
ORC-20260612-0603,2,2026-06-12 17:14:49,Orchard Central,TOP-W-04,Women's Heattech Crew Neck Long Sleeve Tee,Tops,Women,14.9,14.9,False,1,14.9,Cash
PUN-20260612-0781,2,2026-06-12 22:45:35,Punggol,UND-M-08,Men's Airism V-Neck Undershirt,underwear,Men,9.9,9.9,False,1,9.9,Cash
PUN-20260612-0245,1,2026-06-12 19:12:13,PUNGGOL,BTM-M-02,Men's Slim Fit Chino Trousers,Bottoms,MEN,29.9,29.9,False,1,29.9,NETS
BUG-20260612-0788,2,2026-06-12 20:45:49,Bugis,SOK-W-02,Women's Pile Crew Socks,Socks,Women,5.9,5.9,False,1,$5.9,NETS
PUN-20260612-0019,3,2026-06-12 18:05:34,Punggol,UND-W-03,Women's Cotton Blend Briefs,Underwear,Women,9.9,9.9,False,1,9.9,PayNow
PUN-20260612-0302,2,2026-06-12 20:58:51,Punggol,BTM-W-02,Women's High-Rise Wide Leg Pants,Bottoms,Women,39.9,39.9,False,1,39.9,Paynow
BUG-20260612-0634,1,2026-06-12 15:59:14,Bugis,SOK-W-01,Women's Ankle Socks 3-Pack,Socks,Women,14.9,14.9,False,1,14.9,PayNow
BUG-20260612-0076,2,2026-06-12 16:27:05,Bugis,BTM-W-01,Women's Ultra Stretch Skinny Jeans,Bottoms,Women,39.9,39.9,False,1,39.9,Card
ORC-20260612-0528,1,2026-06-12 22:08:22,Orchard Central,SOK-W-03,Women's Airism Low-Cut Socks,Socks,Women,5.9,5.9,False,1,5.9,Card
ORC-20260612-1230,1,2026-06-12 21:51:14,Orchard Central,SOK-W-06,Women's Heattech Socks,Socks,Women,9.9,9.9,False,1,9.9,PayNow
ORC-20260612-0238,2,2026-06-12 11:27:31,Orchard Central,TOP-M-07,Men's Ultra Light Down Jacket,Tops,Men,55.24,79.9,True,1,55.24,Card
ORC-20260612-1180,1,2026-06-12 19:32:20,Orchard Central,SOK-M-02,Men's Pile Crew Socks,Socks,Men,5.9,5.9,False,1,5.9,Card
ORC-20260612-0165,2,2026-06-12 14:26:54,Orchard Central,SOK-M-04,Men's Ribbed Crew Socks,Socks,Men,5.9,5.9,False,1,5.9,Cash
ORC-20260612-0660,2,2026-06-12 19:49:30,ORCHARD CENTRAL,SOK-W-03,Women's Airism Low-Cut Socks,Socks,women,5.9,5.9,False,1,5.9,Cash
BUG-20260612-0865,1,2026-06-12 20:18:03,Bugis,SOK-W-02,Women's Pile Crew Socks,Socks,WOMEN,5.9,5.9,False,2,11.8,NETS
PUN-20260612-0310,2,2026-06-12 20:13:33,Punggol,UND-W-03,Women's Cotton Blend Briefs,Underwear,Women,9.9,9.9,False,2,19.8,Card
PUN-20260612-0510,1,2026-06-12 20:20:17,Punggol,SOK-W-02,Women's Pile Crew Socks,Socks,Women,5.9,5.9,False,1,5.9,NETS
ORC-20260612-0027,2,2026-06-12 17:00:03,Orchard Central,UND-W-03,Women's Cotton Blend Briefs,Underwear,Women,9.9,9.9,False,1,9.9,NETS
ORC-20260612-1129,3,2026-06-12 11:21:52,ORCHARD CENTRAL,SOK-W-01,Women's Ankle Socks 3-Pack,Socks,Women,14.9,14.9,False,1,14.9,
ORC-20260612-1055,2,2026-06-12 20:37:03,Orchard Central,SOK-M-03,Men's Airism Low-Cut Socks,Socks,Men,5.9,5.9,False,1,5.9,PayNow
ORC-20260612-1046,2,2026-06-12 21:11:05,ORCHARD CENTRAL,SOK-W-04,Women's Ribbed Crew Socks,Socks,Women,5.9,5.9,False,1,5.9,Cash
BUG-20260612-0720,1,2026-06-12 20:34:32,Bugis,SOK-W-03,  Women's Airism Low-Cut Socks  ,socks,Women,5.9,5.9,False,2,11.8,Card
BUG-20260612-1054,1,2026-06-12 21:56:08,Bugis,TOP-W-02,Women's Ribbed Long Sleeve Turtleneck,Tops,Women,19.9,19.9,False,1,19.9,Cash
PUN-20260612-0018,1,2026-06-12 21:16:00,Punggol,SOK-M-02,Men's Pile Crew Socks,Socks,MEN,5.9,5.9,False,1,5.9,Card
PUN-20260612-0658,3,2026-06-12 14:58:21,Punggol,SOK-W-04,Women's Ribbed Crew Socks,Socks,Women,5.9,5.9,False,1,5.9,NETS
ORC-20260612-0707,3,2026-06-12 20:19:46,Orchard Central,UND-W-01,Women's Airism Bikini Shorts,Underwear,Women,9.9,9.9,False,1,9.9,Card
PUN-20260612-0173,1,2026-06-12 20:48:45,Punggol,UND-W-01,Women's Airism Bikini Shorts,Underwear,Women,9.9,9.9,False,1,9.9,PayNow
PUN-20260612-0698,1,2026-06-12 19:00:41,Punggol,SOK-W-02,Women's Pile Crew Socks,Socks,Women,5.9,5.9,False,1,5.9,NETS
BUG-20260612-0190,1,2026-06-12 16:12:20,Bugis,SOK-M-02,  Men's Pile Crew Socks  ,Socks,Men,5.9,5.9,False,2,11.8,NETS
BUG-20260612-0950,1,2026-06-12 17:51:18,Bugis,UND-W-03,Women's Cotton Blend Briefs,Underwear,Women,9.9,9.9,False,1,9.9,Card
PUN-20260612-0273,1,2026-06-12 20:38:55,PUNGGOL,SOK-M-01,Men's Ankle Socks 3-Pack,Socks,Men,14.9,14.9,False,1,14.9,Card
PUN-20260612-0193,2,2026-06-12 11:47:41,Punggol,TOP-M-03,Men's Dry-EX Crew Neck T-Shirt,tops,Men,19.9,19.9,False,1,19.9,Card
PUN-20260612-0399,1,2026-06-12 15:12:19,Punggol,UND-W-01,Women's Airism Bikini Shorts,Underwear,Women,9.9,9.9,False,1,9.9,NETS
BUG-20260612-0528,2,2026-06-12 21:16:15,Bugis,BTM-W-02,Women's High-Rise Wide Leg Pants,Bottoms,women,39.9,39.9,False,1,39.9,Card
ORC-20260612-0917,2,2026-06-12 20:53:11,  Orchard Central  ,TOP-W-02,Women's Ribbed Long Sleeve Turtleneck,Tops,Women,19.9,19.9,False,1,19.9,PayNow
BUG-20260612-1224,2,2026-06-12 20:20:26,Bugis,SOK-W-02,Women's Pile Crew Socks,Socks,Women,5.9,5.9,False,1,5.9,Cash
ORC-20260612-0065,2,2026-06-12 20:50:59,Orchard Central,SOK-M-02,Men's Pile Crew Socks,Socks,Men,5.9,5.9,False,1,5.9,Card
PUN-20260612-0142,2,2026-06-12 20:03:23,Punggol,SOK-M-03,,Socks,Men,5.9,5.9,False,1,5.9,Cash
ORC-20260612-0756,3,2026-06-12 20:50:40,Orchard Central,SOK-M-04,Men's Ribbed Crew Socks,socks,Men,5.9,5.9,False,1,5.9,Card
ORC-20260612-1020,1,2026-06-12 22:48:16,Orchard Central,BTM-M-04,Men's Dry Stretch Shorts,Bottoms,Men,19.9,19.9,False,1,19.9,Card
ORC-20260612-1130,3,2026-06-12 12:28:45,  Orchard Central  ,SOK-M-04,Men's Ribbed Crew Socks,Socks,Men,5.9,5.9,False,1,5.9,NETS
ORC-20260612-0620,2,2026-06-12 21:50:45,Orchard Central,TOP-W-01,Women's Airism Cotton Crew Neck T-Shirt,Tops,Women,14.9,14.9,False,1,14.9,Card
ORC-20260612-0881,3,2026-06-12 17:04:06,Orchard Central,TOP-M-04,Men's Oxford Long Sleeve Shirt,Tops,Men,29.9,29.9,False,1,29.9,NETS
ORC-20260612-1225,3,2026-06-12 17:45:52,Orchard Central,SOK-W-02,Women's Pile Crew Socks,Socks,Women,5.9,5.9,False,1,5.9,PAYNOW
BUG-20260612-0209,2,2026-06-12 17:09:15,  Bugis  ,TOP-M-01,Men's Airism Cotton Crew Neck T-Shirt,Tops,Men,14.9,14.9,False,1,14.9,Nets
BUG-20260612-0829,2,2026-06-12 19:01:06,Bugis,UND-M-04,Men's Cotton Crew Neck Undershirt,Underwear,Men,14.9,14.9,False,1,14.9,Paynow
PUN-20260612-0816,3,2026-06-12 14:16:02,Punggol,SOK-W-10,Women's Wool Blend Socks,Socks,WOMEN,9.9,9.9,False,2,19.8,PayNow
ORC-20260612-0437,1,2026-06-12 19:24:24,Orchard Central,UND-W-01,Women's Airism Bikini Shorts,underwear,Women,9.9,9.9,False,2,19.8,NETS
BUG-20260612-0091,2,2026-06-12 21:28:52,Bugis,TOP-M-01,  Men's Airism Cotton Crew Neck T-Shirt  ,TOPS,Men,14.9,14.9,False,1,$14.9,
PUN-20260612-0634,2,2026-06-12 19:20:47,Punggol,SOK-M-03,Men's Airism Low-Cut Socks,Socks,Men,5.9,5.9,False,2,11.8,
ORC-20260612-1235,2,2026-06-12 20:34:49,Orchard Central,TOP-W-01,Women's Airism Cotton Crew Neck T-Shirt,Tops,Women,14.9,14.9,False,1,14.9,card
BUG-20260612-0531,1,2026-06-12 22:03:10,Bugis,SOK-W-02,Women's Pile Crew Socks,Socks,Women,5.9,5.9,False,1,5.9,PayNow
PUN-20260612-0641,2,2026-06-12 11:49:41,Punggol,TOP-W-07,Women's Fleece Pullover Hoodie,Tops,Women,29.9,29.9,False,1,29.9,PayNow
ORC-20260612-0871,2,2026-06-12 20:10:00,Orchard Central,SOK-M-01,Men's Ankle Socks 3-Pack,Socks,Men,14.9,14.9,False,2,29.8,PayNow
BUG-20260612-0006,2,2026-06-12 19:12:56,Bugis,BTM-M-01,Men's Ezy Ankle Pants,Bottoms,Men,29.9,29.9,False,1,29.9,Card
PUN-20260612-0467,2,2026-06-12 14:41:14,Punggol,UND-M-03,Men's Airism Mesh Boxer Briefs,Underwear,Men,14.9,14.9,False,1,14.9,Card
PUN-20260612-0748,3,2026-06-12 18:05:03,Punggol,SOK-W-02,Women's Pile Crew Socks,Socks,WOMEN,5.9,5.9,False,2,11.8,Cash
ORC-20260612-1157,3,2026-06-12 12:32:37,Orchard Central,BTM-M-04,Men's Dry Stretch Shorts,Bottoms,Men,19.9,19.9,False,1,19.9,PayNow
BUG-20260612-1076,1,2026-06-12 21:16:50,BUGIS,UND-W-03,  Women's Cotton Blend Briefs  ,Underwear,Women,9.9,9.9,False,1,9.9,Cash
PUN-20260612-0392,2,2026-06-12 19:54:36,Punggol,SOK-M-05,Men's Sport Ankle Socks,Socks,Men,5.9,5.9,False,2,11.8,Cash
ORC-20260612-0842,1,2026-06-12 12:53:09,Orchard Central,BTM-M-01,  Men's Ezy Ankle Pants  ,Bottoms,Men,29.9,29.9,False,1,29.9,Card
ORC-20260612-0640,1,2026-06-12 21:10:38,Orchard Central,TOP-M-03,Men's Dry-EX Crew Neck T-Shirt,Tops,Men,19.9,19.9,False,1,19.9,card
ORC-20260612-1238,1,2026-06-12 19:43:46,Orchard Central,SOK-M-03,Men's Airism Low-Cut Socks,Socks,Men,5.9,5.9,False,1,5.9,
ORC-20260612-0094,2,2026-06-12 18:17:21,Orchard Central,UND-M-10,Men's Cotton Blend Briefs,Underwear,Men,7.42,9.9,True,2,14.84,PayNow
ORC-20260612-0111,2,2026-06-12 12:11:01,  Orchard Central  ,SOK-W-02,Women's Pile Crew Socks,Socks,Women,5.9,5.9,False,1,5.9,NETS
BUG-20260612-0379,1,2026-06-12 18:03:21,Bugis,BTM-M-02,Men's Slim Fit Chino Trousers,Bottoms,Men,29.9,29.9,False,1,29.9,Card
ORC-20260612-0227,2,2026-06-12 17:44:58,Orchard Central,SOK-W-02,Women's Pile Crew Socks,socks,Women,5.9,5.9,False,1,5.9,NETS
PUN-20260612-0459,2,2026-06-12 12:03:16,PUNGGOL,SOK-W-04,Women's Ribbed Crew Socks,Socks,Women,5.9,5.9,False,1,5.9,Card
ORC-20260612-1216,2,2026-06-12 18:32:09,Orchard Central,TOP-W-01,Women's Airism Cotton Crew Neck T-Shirt,tops,Women,14.9,14.9,False,1,14.9,PayNow
ORC-20260612-0433,1,2026-06-12 19:17:44,  Orchard Central  ,SOK-M-04,Men's Ribbed Crew Socks,Socks,Men,5.9,5.9,False,2,11.8,Cash
BUG-20260612-0316,1,2026-06-12 13:14:01,Bugis,UND-W-05,Women's Seamless Shorts,underwear,Women,9.9,9.9,False,1,9.9,Card
ORC-20260612-0166,1,2026-06-12 20:54:38,Orchard Central,SOK-M-04,Men's Ribbed Crew Socks,Socks,Men,5.9,5.9,False,1,5.9,Card
ORC-20260612-1211,1,2026-06-12 18:53:00,Orchard Central,BTM-W-01,Women's Ultra Stretch Skinny Jeans,Bottoms,Women,39.9,39.9,False,1,39.9,Cash
ORC-20260612-0325,2,2026-06-12 16:43:01,Orchard Central,UND-M-04,Men's Cotton Crew Neck Undershirt,Underwear,Men,14.9,14.9,False,1,14.9,PayNow
PUN-20260612-0101,1,2026-06-12 15:01:55,Punggol,TOP-W-04,Women's Heattech Crew Neck Long Sleeve Tee,Tops,Women,14.9,14.9,False,1,14.9,
ORC-20260612-0393,1,2026-06-12 20:09:14,Orchard Central,UND-M-03,Men's Airism Mesh Boxer Briefs,Underwear,men,14.9,14.9,False,1,14.9,Card
ORC-20260612-0687,1,2026-06-12 18:11:47,ORCHARD CENTRAL,SOK-M-08,Men's Cotton Blend Dress Socks,Socks,Men,9.9,9.9,False,1,$9.9,PayNow
ORC-20260612-0248,1,2026-06-12 20:40:32,Orchard Central,TOP-M-02,Men's Supima Cotton Polo Shirt,Tops,MEN,29.9,29.9,False,1,29.9,NETS
ORC-20260612-1158,2,2026-06-12 18:16:25,Orchard Central,SOK-M-06,Men's Heattech Socks,Socks,Men,9.9,9.9,False,1,$9.9,CARD
BUG-20260612-0895,1,2026-06-12 20:56:23,Bugis,SOK-M-05,  Men's Sport Ankle Socks  ,socks,men,5.9,5.9,False,1,5.9,NETS
ORC-20260612-1064,1,2026-06-12 22:27:59,Orchard Central,SOK-W-02,Women's Pile Crew Socks,Socks,Women,5.9,5.9,False,1,5.9,Card
BUG-20260612-0918,2,2026-06-12 22:59:00,Bugis,UND-M-02,Men's Cotton Blend Trunks,Underwear,Men,14.9,14.9,False,1,14.9,Cash
ORC-20260612-0225,1,2026-06-12 19:28:01,Orchard Central,UND-M-05,Men's Seamless Boxer Briefs,Underwear,Men,14.9,14.9,False,2,29.8,PayNow
PUN-20260612-0394,1,2026-06-12 19:14:33,Punggol,TOP-W-04,Women's Heattech Crew Neck Long Sleeve Tee,Tops,Women,14.9,14.9,False,1,14.9,PayNow
PUN-20260612-0149,1,2026-06-12 19:55:58,Punggol,SOK-W-02,  Women's Pile Crew Socks  ,Socks,Women,5.9,5.9,False,1,5.9,Card
BUG-20260612-0850,1,2026-06-12 16:32:37,Bugis,BTM-M-02,Men's Slim Fit Chino Trousers,Bottoms,Men,29.9,29.9,False,1,$29.9,Card
BUG-20260612-0812,2,2026-06-12 18:43:59,Bugis,UND-W-08,Women's Airism Camisole,Underwear,Women,$14.9,14.9,False,1,14.9,PayNow
PUN-20260612-0517,3,2026-06-12 18:28:23,Punggol,SOK-W-04,Women's Ribbed Crew Socks,Socks,WOMEN,5.9,5.9,False,1,5.9,PayNow
BUG-20260612-0222,2,2026-06-12 19:16:02,Bugis,BTM-M-02,Men's Slim Fit Chino Trousers,Bottoms,Men,29.9,29.9,False,1,29.9,Card
ORC-20260612-0686,2,2026-06-12 12:10:42,  Orchard Central  ,BTM-M-03,Men's Selvedge Regular Fit Jeans,Bottoms,Men,59.9,59.9,False,1,59.9,card
PUN-20260612-0421,2,2026-06-12 21:09:21,Punggol,SOK-M-04,Men's Ribbed Crew Socks,socks,Men,5.9,5.9,False,1,5.9,NETS
ORC-20260612-0359,1,2026-06-12 20:30:18,Orchard Central,UND-W-08,Women's Airism Camisole,UNDERWEAR,Women,14.9,14.9,False,1,14.9,PayNow
ORC-20260612-0402,3,2026-06-12 19:35:45,Orchard Central,BTM-W-10,Women's High Waist Denim Shorts,BOTTOMS,Women,29.9,29.9,False,1,29.9,Card
PUN-20260612-0636,2,2026-06-12 17:45:29,Punggol,BTM-M-02,Men's Slim Fit Chino Trousers,Bottoms,Men,29.9,29.9,False,1,29.9,Cash
BUG-20260612-1089,1,2026-06-12 21:26:18,Bugis,UND-M-01,Men's Airism Boxer Briefs,Underwear,Men,14.9,14.9,False,2,29.8,Cash
ORC-20260612-0737,2,2026-06-12 11:23:41,Orchard Central,UND-W-01,Women's Airism Bikini Shorts,Underwear,Women,9.9,9.9,False,1,9.9,Cash
PUN-20260612-0793,1,2026-06-12 21:59:30,Punggol,TOP-W-01,Women's Airism Cotton Crew Neck T-Shirt,Tops,Women,14.9,14.9,False,1,14.9,cash
ORC-20260612-0602,3,2026-06-12 20:34:14,Orchard Central,SOK-M-01,  Men's Ankle Socks 3-Pack  ,Socks,Men,14.9,14.9,False,1,14.9,PAYNOW
PUN-20260612-0015,1,2026-06-12 21:44:22,Punggol,SOK-W-01,Women's Ankle Socks 3-Pack,Socks,WOMEN,14.9,14.9,False,1,14.9,Card
ORC-20260612-1229,2,2026-06-12 14:05:33,Orchard Central,SOK-M-02,Men's Pile Crew Socks,Socks,Men,5.9,5.9,False,1,5.9,Card
BUG-20260612-0646,3,2026-06-12 19:18:14,Bugis,SOK-W-02,Women's Pile Crew Socks,Socks,Women,5.9,5.9,False,1,5.9,PayNow
PUN-20260612-0563,1,2026-06-12 12:00:32,Punggol,SOK-W-02,Women's Pile Crew Socks,Socks,Women,5.9,5.9,False,1,5.9,CARD
ORC-20260612-0092,1,2026-06-12 21:49:45,Orchard Central,SOK-W-03,Women's Airism Low-Cut Socks,Socks,Women,5.9,5.9,False,1,5.9,Card
ORC-20260612-1098,1,2026-06-12 11:22:57,Orchard Central,BTM-M-01,Men's Ezy Ankle Pants,Bottoms,Men,29.9,29.9,False,1,29.9,Card
ORC-20260612-0570,1,2026-06-12 18:55:16,Orchard Central,UND-W-01,Women's Airism Bikini Shorts,Underwear,Women,9.9,9.9,False,1,9.9,Card
BUG-20260612-0648,1,2026-06-12 15:32:35,  Bugis  ,BTM-M-02,Men's Slim Fit Chino Trousers,BOTTOMS,Men,29.9,29.9,False,1,29.9,paynow
BUG-20260612-0023,2,2026-06-12 12:21:35,Bugis,BTM-M-01,Men's Ezy Ankle Pants,bottoms,Men,29.9,29.9,False,1,29.9,card
ORC-20260612-0567,1,2026-06-12 14:13:57,Orchard Central,UND-W-01,Women's Airism Bikini Shorts,Underwear,Women,9.9,9.9,False,1,9.9,Card
PUN-20260612-0826,1,2026-06-12 20:08:36,Punggol,SOK-M-02,Men's Pile Crew Socks,Socks,Men,5.9,5.9,False,1,5.9,nets
PUN-20260612-0131,1,2026-06-12 18:21:35,Punggol,SOK-W-04,Women's Ribbed Crew Socks,Socks,Women,5.9,5.9,False,1,5.9,
PUN-20260612-0635,1,2026-06-12 20:22:09,Punggol,BTM-W-03,Women's Ezy Ankle Pants,Bottoms,Women,29.9,29.9,False,1,29.9,paynow
PUN-20260612-0387,2,2026-06-12 17:02:43,Punggol,SOK-W-03,Women's Airism Low-Cut Socks,Socks,WOMEN,5.9,5.9,False,1,5.9,Card
PUN-20260612-0055,1,2026-06-12 21:58:47,Punggol,TOP-M-01,Men's Airism Cotton Crew Neck T-Shirt,Tops,Men,14.9,14.9,False,1,14.9,Cash
PUN-20260612-0341,1,2026-06-12 17:35:10,Punggol,TOP-W-01,Women's Airism Cotton Crew Neck T-Shirt,Tops,Women,14.9,14.9,False,1,14.9,PayNow
PUN-20260612-0365,1,2026-06-12 20:44:12,Punggol,TOP-M-03,Men's Dry-EX Crew Neck T-Shirt,Tops,Men,$19.9,19.9,False,1,19.9,Card
PUN-20260612-0489,1,2026-06-12 20:24:37,Punggol,SOK-W-04,Women's Ribbed Crew Socks,Socks,Women,5.9,5.9,False,1,5.9,Card
ORC-20260612-0620,3,2026-06-12 21:50:45,Orchard Central,UND-W-03,Women's Cotton Blend Briefs,Underwear,Women,9.9,9.9,False,1,$9.9,card
BUG-20260612-0261,2,2026-06-12 18:24:32,Bugis,UND-M-01,Men's Airism Boxer Briefs,Underwear,Men,14.9,14.9,False,1,14.9,PayNow
BUG-20260612-0748,1,2026-06-12 19:18:25,Bugis,UND-M-01,Men's Airism Boxer Briefs,Underwear,Men,14.9,14.9,False,1,14.9,Card
BUG-20260612-0433,1,2026-06-12 20:13:35,Bugis,SOK-W-02,Women's Pile Crew Socks,Socks,Women,5.9,5.9,False,1,5.9,Card
ORC-20260612-0683,1,2026-06-12 17:13:25,  Orchard Central  ,BTM-W-02,Women's High-Rise Wide Leg Pants,bottoms,Women,39.9,39.9,False,1,39.9,Card
ORC-20260612-1066,2,2026-06-12 19:19:08,Orchard Central,TOP-W-02,Women's Ribbed Long Sleeve Turtleneck,tops,Women,19.9,19.9,False,1,19.9,Cash
BUG-20260612-0777,2,2026-06-12 20:44:42,Bugis,SOK-M-01,Men's Ankle Socks 3-Pack,Socks,Men,14.9,14.9,False,1,14.9,PayNow
ORC-20260612-0579,3,2026-06-12 20:57:42,  orchard central  ,SOK-M-03,Men's Airism Low-Cut Socks,Socks,Men,5.9,5.9,False,1,5.9,NETS
BUG-20260612-1003,1,2026-06-12 20:35:03,Bugis,BTM-M-01,  Men's Ezy Ankle Pants  ,Bottoms,Men,29.9,29.9,False,1,29.9,Card
ORC-20260612-0238,1,2026-06-12 11:27:31,  Orchard Central  ,SOK-W-02,Women's Pile Crew Socks,Socks,Women,5.9,5.9,False,1,5.9,Card
PUN-20260612-0582,1,2026-06-12 15:02:00,Punggol,SOK-M-02,Men's Pile Crew Socks,Socks,men,5.9,5.9,False,1,5.9,Cash
BUG-20260612-0582,3,2026-06-12 18:50:35,bugis,UND-W-03,Women's Cotton Blend Briefs,Underwear,Women,9.9,9.9,False,1,9.9,Card
ORC-20260612-0891,1,2026-06-12 18:57:17,Orchard Central,TOP-M-02,Men's Supima Cotton Polo Shirt,Tops,Men,29.9,29.9,False,1,29.9,Card
BUG-20260612-0154,1,2026-06-12 21:44:38,Bugis,SOK-M-04,Men's Ribbed Crew Socks,Socks,Men,5.9,5.9,False,1,5.9,Card
ORC-20260612-0769,2,2026-06-12 20:29:54,Orchard Central,TOP-W-02,Women's Ribbed Long Sleeve Turtleneck,Tops,Women,19.9,19.9,False,1,19.9,Cash
BUG-20260612-0810,2,2026-06-12 19:14:05,Bugis,UND-W-04,Women's Airism T-Shirt Bra,UNDERWEAR,Women,29.9,29.9,False,1,29.9,Card
BUG-20260612-0547,2,2026-06-12 19:13:20,Bugis,UND-M-01,Men's Airism Boxer Briefs,Underwear,MEN,14.9,14.9,False,1,14.9,NETS
PUN-20260612-0273,3,2026-06-12 20:38:55,Punggol,BTM-M-05,Men's Wide Fit Cargo Pants,Bottoms,Men,26.68,39.9,True,1,26.68,card
ORC-20260612-1129,1,2026-06-12 11:21:52,Orchard Central,SOK-M-03,Men's Airism Low-Cut Socks,Socks,Men,5.9,5.9,False,1,5.9,CARD
BUG-20260612-1088,1,2026-06-12 18:42:32,bugis,SOK-M-02,Men's Pile Crew Socks,SOCKS,Men,5.9,5.9,False,1,5.9,Cash
BUG-20260612-0728,2,2026-06-12 21:46:22,Bugis,TOP-W-04,Women's Heattech Crew Neck Long Sleeve Tee,Tops,Women,14.9,14.9,False,1,14.9,Card
BUG-20260612-1098,2,2026-06-12 11:37:03,Bugis,SOK-W-01,Women's Ankle Socks 3-Pack,SOCKS,Women,14.9,14.9,False,1,14.9,PayNow
BUG-20260612-0786,1,2026-06-12 17:41:08,  Bugis  ,TOP-W-04,Women's Heattech Crew Neck Long Sleeve Tee,Tops,Women,14.9,14.9,False,1,14.9,PayNow
BUG-20260612-0666,1,2026-06-12 21:13:23,Bugis,TOP-W-02,Women's Ribbed Long Sleeve Turtleneck,Tops,Women,19.9,19.9,False,1,19.9,Card
PUN-20260612-0207,1,2026-06-12 22:18:44,  Punggol  ,SOK-W-04,Women's Ribbed Crew Socks,Socks,Women,5.9,5.9,False,2,11.8,Card
BUG-20260612-0430,1,2026-06-12 15:39:00,Bugis,SOK-M-04,Men's Ribbed Crew Socks,Socks,men,5.9,5.9,False,1,5.9,Card
BUG-20260612-0074,3,2026-06-12 14:49:21,Bugis,SOK-W-04,Women's Ribbed Crew Socks,Socks,Women,5.9,5.9,False,1,5.9,Card
ORC-20260612-0913,1,2026-06-12 19:24:08,Orchard Central,UND-M-02,  Men's Cotton Blend Trunks  ,underwear,Men,14.9,14.9,False,1,14.9,Card
ORC-20260612-1256,3,2026-06-12 18:09:21,Orchard Central,SOK-W-06,Women's Heattech Socks,Socks,Women,9.9,9.9,False,2,19.8,NETS
BUG-20260612-0930,1,2026-06-12 21:10:14,BUGIS,TOP-W-04,Women's Heattech Crew Neck Long Sleeve Tee,Tops,Women,$14.9,14.9,False,1,14.9,PayNow
ORC-20260612-0121,2,2026-06-12 19:56:42,Orchard Central,SOK-M-03,Men's Airism Low-Cut Socks,Socks,Men,5.9,5.9,False,1,5.9,card
BUG-20260612-0838,3,2026-06-12 19:42:38,Bugis,TOP-W-01,Women's Airism Cotton Crew Neck T-Shirt,Tops,Women,14.9,14.9,False,1,14.9,Cash
PUN-20260612-0257,1,2026-06-12 11:37:55,Punggol,UND-W-02,Women's Wireless Bra,Underwear,WOMEN,29.9,29.9,False,1,29.9,Paynow
ORC-20260612-0536,2,2026-06-12 17:03:59,  Orchard Central  ,TOP-M-01,Men's Airism Cotton Crew Neck T-Shirt,tops,Men,14.9,14.9,False,1,14.9,Cash
BUG-20260612-1192,1,2026-06-12 17:12:47,Bugis,UND-W-09,Women's Cotton Boyshorts,Underwear,WOMEN,$9.9,9.9,False,1,9.9,Card
PUN-20260612-0069,1,2026-06-12 18:32:35,Punggol,UND-M-02,Men's Cotton Blend Trunks,Underwear,Men,14.9,14.9,False,1,14.9,NETS
ORC-20260612-0271,1,2026-06-12 19:58:33,Orchard Central,SOK-W-02,Women's Pile Crew Socks,Socks,Women,5.9,5.9,False,1,5.9,Card
BUG-20260612-0400,2,2026-06-12 13:39:10,Bugis,UND-W-08,Women's Airism Camisole,Underwear,Women,14.9,14.9,False,1,14.9,Cash
BUG-20260612-0192,3,2026-06-12 21:17:11,Bugis,TOP-M-01,Men's Airism Cotton Crew Neck T-Shirt,Tops,Men,14.9,14.9,False,1,14.9,NETS
PUN-20260612-0703,1,2026-06-12 19:48:46,Punggol,SOK-M-05,Men's Sport Ankle Socks,Socks,Men,5.9,5.9,False,1,5.9,PayNow
ORC-20260612-0273,2,2026-06-12 12:51:56,Orchard Central,TOP-W-02,Women's Ribbed Long Sleeve Turtleneck,Tops,Women,19.9,19.9,False,1,19.9,PayNow
ORC-20260612-0072,3,2026-06-12 15:29:50,Orchard Central,SOK-W-04,Women's Ribbed Crew Socks,Socks,women,5.9,5.9,False,1,5.9,Card
ORC-20260612-0799,1,2026-06-12 13:42:14,  Orchard Central  ,SOK-W-02,Women's Pile Crew Socks,Socks,Women,5.9,5.9,False,1,5.9,Card
BUG-20260612-0109,1,2026-06-12 19:53:03,Bugis,BTM-M-02,Men's Slim Fit Chino Trousers,Bottoms,Men,29.9,29.9,False,1,29.9,PayNow
ORC-20260612-1019,3,2026-06-12 22:35:56,Orchard Central,SOK-W-03,Women's Airism Low-Cut Socks,Socks,Women,5.9,5.9,False,1,$5.9,paynow
BUG-20260612-0240,3,2026-06-12 15:07:49,  Bugis  ,UND-W-03,Women's Cotton Blend Briefs,Underwear,Women,9.9,9.9,False,1,9.9,Card
BUG-20260612-0149,1,2026-06-12 11:56:37,Bugis,SOK-W-01,Women's Ankle Socks 3-Pack,Socks,Women,14.9,14.9,False,1,14.9,CARD
BUG-20260612-0325,1,2026-06-12 16:44:56,Bugis,UND-W-09,Women's Cotton Boyshorts,Underwear,Women,9.9,9.9,False,1,9.9,Card
BUG-20260612-0134,3,2026-06-12 15:55:52,Bugis,UND-W-03,Women's Cotton Blend Briefs,Underwear,Women,9.9,9.9,False,1,9.9,Card
BUG-20260612-0255,1,2026-06-12 15:30:00,Bugis,SOK-W-04,Women's Ribbed Crew Socks,socks,Women,5.9,5.9,False,1,5.9,PayNow
BUG-20260612-0651,1,2026-06-12 18:40:55,Bugis,BTM-M-04,Men's Dry Stretch Shorts,Bottoms,Men,19.9,19.9,False,1,19.9,Cash
PUN-20260612-0315,1,2026-06-12 17:49:47,PUNGGOL,SOK-W-02,Women's Pile Crew Socks,Socks,Women,5.9,5.9,False,1,5.9,Card
BUG-20260612-0860,2,2026-06-12 20:43:52,Bugis,TOP-M-03,Men's Dry-EX Crew Neck T-Shirt,Tops,Men,19.9,19.9,False,1,19.9,Cash
PUN-20260612-0500,2,2026-06-12 19:51:34,Punggol,UND-W-01,Women's Airism Bikini Shorts,Underwear,Women,9.9,9.9,False,1,9.9,Card
PUN-20260612-0618,1,2026-06-12 20:41:52,  Punggol  ,SOK-M-03,Men's Airism Low-Cut Socks,Socks,Men,5.9,5.9,False,1,5.9,NETS
ORC-20260612-0856,1,2026-06-12 18:04:08,ORCHARD CENTRAL,BTM-M-04,Men's Dry Stretch Shorts,BOTTOMS,Men,19.9,19.9,False,1,19.9,Card
BUG-20260612-0851,1,2026-06-12 20:29:15,Bugis,UND-W-02,Women's Wireless Bra,Underwear,Women,29.9,29.9,False,1,29.9,Card
ORC-20260612-0707,1,2026-06-12 20:19:46,Orchard Central,SOK-M-04,Men's Ribbed Crew Socks,Socks,Men,$5.9,5.9,False,1,5.9,Card
ORC-20260612-0815,1,2026-06-12 20:04:28,Orchard Central,BTM-M-08,Men's Relaxed Fit Denim Shorts,Bottoms,Men,29.9,29.9,False,1,29.9,NETS
BUG-20260612-0053,1,2026-06-12 20:33:51,Bugis,BTM-W-03,Women's Ezy Ankle Pants,Bottoms,Women,29.9,29.9,False,1,29.9,Cash
ORC-20260612-0622,1,2026-06-12 20:07:05,Orchard Central,TOP-W-08,Women's Puff Sleeve Blouse,Tops,Women,20.35,29.9,True,1,20.35,PayNow
BUG-20260612-1032,3,2026-06-12 21:21:08,  Bugis  ,SOK-W-04,Women's Ribbed Crew Socks,Socks,Women,5.9,5.9,False,1,5.9,Cash
BUG-20260612-1209,2,2026-06-12 11:30:17,BUGIS,SOK-W-02,Women's Pile Crew Socks,Socks,Women,5.9,5.9,False,2,$11.8,Card
PUN-20260612-0608,3,2026-06-12 20:54:00,Punggol,SOK-W-03,Women's Airism Low-Cut Socks,Socks,Women,5.9,5.9,False,1,5.9,Card
BUG-20260612-1144,1,2026-06-12 20:54:03,BUGIS,TOP-W-01,Women's Airism Cotton Crew Neck T-Shirt,Tops,Women,14.9,14.9,False,1,14.9,Paynow
BUG-20260612-0799,2,2026-06-12 13:24:50,bugis,TOP-W-04,Women's Heattech Crew Neck Long Sleeve Tee,Tops,Women,14.9,14.9,False,1,14.9,Cash
ORC-20260612-0299,2,2026-06-12 13:28:50,Orchard Central,UND-W-03,Women's Cotton Blend Briefs,Underwear,Women,9.9,9.9,False,1,9.9,Cash
PUN-20260612-0521,2,2026-06-12 14:59:20,  Punggol  ,SOK-M-03,Men's Airism Low-Cut Socks,Socks,Men,5.9,5.9,False,2,11.8,Card
BUG-20260612-0486,1,2026-06-12 18:11:53,Bugis,UND-W-03,Women's Cotton Blend Briefs,Underwear,WOMEN,9.9,9.9,False,1,9.9,card
ORC-20260612-0796,1,2026-06-12 17:18:30,Orchard Central,SOK-M-04,Men's Ribbed Crew Socks,Socks,Men,5.9,5.9,False,1,5.9,Card
ORC-20260612-0133,1,2026-06-12 18:48:32,Orchard Central,UND-M-03,Men's Airism Mesh Boxer Briefs,Underwear,Men,14.9,14.9,False,1,14.9,NETS
ORC-20260612-1063,2,2026-06-12 17:49:53,Orchard Central,SOK-W-01,Women's Ankle Socks 3-Pack,Socks,Women,14.9,14.9,False,1,14.9,Card
BUG-20260612-1033,1,2026-06-12 20:55:16,Bugis,UND-M-07,Men's Stretch Cotton Boxers,Underwear,Men,14.9,14.9,False,1,14.9,Card
BUG-20260612-0131,1,2026-06-12 19:49:38,Bugis,TOP-M-03,Men's Dry-EX Crew Neck T-Shirt,Tops,Men,19.9,19.9,False,1,19.9,NETS
ORC-20260612-1171,2,2026-06-12 11:11:47,Orchard Central,BTM-M-04,Men's Dry Stretch Shorts,Bottoms,Men,19.9,19.9,False,1,19.9,Card
BUG-20260612-0251,1,2026-06-12 21:31:08,Bugis,TOP-M-03,Men's Dry-EX Crew Neck T-Shirt,Tops,men,19.9,19.9,False,1,19.9,PayNow
ORC-20260612-0659,3,2026-06-12 18:18:10,Orchard Central,TOP-M-02,Men's Supima Cotton Polo Shirt,Tops,Men,29.9,29.9,False,1,29.9,PayNow
BUG-20260612-0537,3,2026-06-12 20:09:48,Bugis,SOK-M-03,Men's Airism Low-Cut Socks,Socks,Men,5.9,5.9,False,1,5.9,Cash
ORC-20260612-0317,2,2026-06-12 18:39:40,Orchard Central,UND-M-02,Men's Cotton Blend Trunks,Underwear,Men,14.9,14.9,False,1,14.9,PayNow
BUG-20260612-0586,1,2026-06-12 17:14:24,Bugis,SOK-M-02,Men's Pile Crew Socks,Socks,Men,5.9,5.9,False,1,5.9,Card
BUG-20260612-0381,3,2026-06-12 20:24:51,Bugis,TOP-W-04,Women's Heattech Crew Neck Long Sleeve Tee,Tops,Women,$14.9,14.9,False,1,14.9,cash
BUG-20260612-1024,1,2026-06-12 21:54:15,Bugis,UND-M-04,Men's Cotton Crew Neck Undershirt,UNDERWEAR,Men,14.9,14.9,False,1,14.9,NETS
PUN-20260612-0061,1,2026-06-12 12:31:51,PUNGGOL,SOK-W-03,Women's Airism Low-Cut Socks,Socks,women,5.9,5.9,False,1,5.9,Card
ORC-20260612-1122,1,2026-06-12 11:56:44,orchard central,SOK-W-02,Women's Pile Crew Socks,Socks,Women,5.9,5.9,False,2,11.8,Card
PUN-20260612-0015,2,2026-06-12 21:44:22,  Punggol  ,UND-W-01,Women's Airism Bikini Shorts,UNDERWEAR,Women,9.9,9.9,False,1,9.9,Card
BUG-20260612-1227,1,2026-06-12 19:16:56,Bugis,SOK-W-02,Women's Pile Crew Socks,Socks,Women,5.9,5.9,False,1,5.9,Card
PUN-20260612-0124,1,2026-06-12 15:17:59,Punggol,TOP-W-01,Women's Airism Cotton Crew Neck T-Shirt,Tops,Women,14.9,14.9,False,1,14.9,
PUN-20260612-0339,2,2026-06-12 20:02:29,Punggol,TOP-M-01,Men's Airism Cotton Crew Neck T-Shirt,Tops,Men,14.9,14.9,False,1,14.9,Card
ORC-20260612-0434,2,2026-06-12 15:05:05,Orchard Central,SOK-M-02,Men's Pile Crew Socks,Socks,men,5.9,5.9,False,1,5.9,Card
BUG-20260612-1188,1,2026-06-12 18:16:45,Bugis,UND-M-01,Men's Airism Boxer Briefs,Underwear,Men,14.9,14.9,False,1,14.9,Cash
PUN-20260612-0407,1,2026-06-12 20:22:09,Punggol,UND-M-08,Men's Airism V-Neck Undershirt,Underwear,Men,9.9,9.9,False,1,9.9,Card
ORC-20260612-0007,2,2026-06-12 19:26:25,  Orchard Central  ,SOK-M-02,Men's Pile Crew Socks,Socks,Men,5.9,5.9,False,1,5.9,Card
ORC-20260612-0294,1,2026-06-12 21:32:22,Orchard Central,SOK-M-04,Men's Ribbed Crew Socks,socks,MEN,5.9,5.9,False,1,5.9,PAYNOW
ORC-20260612-0274,1,2026-06-12 13:31:55,ORCHARD CENTRAL,TOP-M-01,Men's Airism Cotton Crew Neck T-Shirt,Tops,Men,14.9,14.9,False,1,14.9,PayNow
ORC-20260612-0544,2,2026-06-12 14:31:31,Orchard Central,SOK-M-05,Men's Sport Ankle Socks,Socks,Men,5.9,5.9,False,1,5.9,Card
BUG-20260612-0870,1,2026-06-12 17:56:03,bugis,SOK-M-03,Men's Airism Low-Cut Socks,socks,Men,5.9,5.9,False,1,5.9,Card
BUG-20260612-1184,1,2026-06-12 18:24:50,Bugis,SOK-W-02,  Women's Pile Crew Socks  ,Socks,Women,5.9,5.9,False,1,5.9,PayNow
PUN-20260612-0413,1,2026-06-12 19:03:23,Punggol,TOP-W-01,Women's Airism Cotton Crew Neck T-Shirt,Tops,Women,14.9,14.9,False,1,14.9,Cash
ORC-20260612-0350,1,2026-06-12 20:16:26,Orchard Central,SOK-M-03,Men's Airism Low-Cut Socks,Socks,Men,5.9,5.9,False,1,5.9,Card
BUG-20260612-0953,2,2026-06-12 20:33:47,Bugis,SOK-W-02,Women's Pile Crew Socks,Socks,Women,5.9,5.9,False,1,$5.9,PayNow
PUN-20260612-0628,2,2026-06-12 21:49:39,Punggol,UND-W-03,Women's Cotton Blend Briefs,Underwear,Women,9.9,9.9,False,1,9.9,NETS
ORC-20260612-1181,2,2026-06-12 19:33:27,Orchard Central,SOK-M-02,Men's Pile Crew Socks,Socks,Men,5.9,5.9,False,1,5.9,NETS
BUG-20260612-0614,2,2026-06-12 19:47:47,Bugis,SOK-M-04,Men's Ribbed Crew Socks,Socks,Men,5.9,5.9,False,1,5.9,Card
ORC-20260612-0924,3,2026-06-12 20:53:39,Orchard Central,SOK-M-04,Men's Ribbed Crew Socks,Socks,Men,5.9,5.9,False,1,5.9,Card
ORC-20260612-1251,1,2026-06-12 16:29:19,orchard central,BTM-M-02,Men's Slim Fit Chino Trousers,Bottoms,Men,29.9,29.9,False,1,29.9,CASH
ORC-20260612-0281,1,2026-06-12 18:30:59,Orchard Central,TOP-M-03,Men's Dry-EX Crew Neck T-Shirt,Tops,Men,19.9,19.9,False,1,19.9,Cash
BUG-20260612-0227,1,2026-06-12 20:03:10,Bugis,SOK-W-02,  Women's Pile Crew Socks  ,Socks,Women,5.9,5.9,False,1,5.9,Cash
BUG-20260612-1036,3,2026-06-12 19:04:23,Bugis,SOK-W-02,Women's Pile Crew Socks,socks,Women,5.9,5.9,False,2,11.8,Cash
ORC-20260612-0946,1,2026-06-12 14:28:07,Orchard Central,TOP-W-04,Women's Heattech Crew Neck Long Sleeve Tee,Tops,Women,14.9,14.9,False,1,14.9,Card
ORC-20260612-0059,1,2026-06-12 20:40:53,Orchard Central,SOK-M-02,Men's Pile Crew Socks,socks,Men,5.9,5.9,False,1,5.9,Card
PUN-20260612-0810,3,2026-06-12 12:56:20,Punggol,SOK-W-02,Women's Pile Crew Socks,Socks,Women,5.9,5.9,False,1,5.9,PayNow
BUG-20260612-0515,1,2026-06-12 21:26:37,Bugis,SOK-M-04,Men's Ribbed Crew Socks,Socks,Men,5.9,5.9,False,2,$11.8,Card
PUN-20260612-0449,2,2026-06-12 17:41:03,Punggol,SOK-W-02,Women's Pile Crew Socks,Socks,Women,5.9,5.9,False,1,5.9,Card
ORC-20260612-0439,2,2026-06-12 18:55:07,Orchard Central,BTM-M-04,Men's Dry Stretch Shorts,Bottoms,Men,19.9,19.9,False,1,19.9,Cash
PUN-20260612-0421,1,2026-06-12 21:09:21,Punggol,SOK-W-02,Women's Pile Crew Socks,Socks,women,5.9,5.9,False,1,5.9,NETS
ORC-20260612-0352,1,2026-06-12 20:59:20,Orchard Central,UND-M-02,Men's Cotton Blend Trunks,Underwear,Men,14.9,14.9,False,1,14.9,Card
BUG-20260612-0962,2,2026-06-12 21:13:49,Bugis,SOK-W-04,Women's Ribbed Crew Socks,Socks,Women,5.9,5.9,False,1,5.9,NETS
PUN-20260612-0779,1,2026-06-12 19:26:44,Punggol,SOK-M-03,Men's Airism Low-Cut Socks,Socks,Men,5.9,5.9,False,1,5.9,PayNow
PUN-20260612-0678,1,2026-06-12 22:11:03,Punggol,SOK-W-04,Women's Ribbed Crew Socks,Socks,Women,5.9,5.9,False,1,5.9,PayNow
BUG-20260612-0331,2,2026-06-12 20:46:52,Bugis,SOK-M-04,Men's Ribbed Crew Socks,Socks,Men,5.9,5.9,False,1,5.9,Card
BUG-20260612-0118,3,2026-06-12 15:34:37,  Bugis  ,SOK-W-04,Women's Ribbed Crew Socks,Socks,WOMEN,5.9,5.9,False,2,11.8,Card
PUN-20260612-0753,3,2026-06-12 20:45:30,Punggol,UND-M-08,  Men's Airism V-Neck Undershirt  ,Underwear,MEN,9.9,9.9,False,1,9.9,Card
BUG-20260612-0556,1,2026-06-12 12:16:41,bugis,SOK-W-02,Women's Pile Crew Socks,Socks,Women,5.9,5.9,False,1,5.9,Card
PUN-20260612-0717,1,2026-06-12 19:06:24,Punggol,TOP-M-02,Men's Supima Cotton Polo Shirt,Tops,Men,29.9,29.9,False,1,29.9,cash
PUN-20260612-0586,3,2026-06-12 22:53:29,Punggol,UND-M-01,Men's Airism Boxer Briefs,Underwear,Men,14.9,14.9,False,1,14.9,PayNow
BUG-20260612-0102,1,2026-06-12 12:12:28,Bugis,SOK-M-03,Men's Airism Low-Cut Socks,Socks,Men,5.9,5.9,False,1,5.9,card
ORC-20260612-0058,2,2026-06-12 17:29:54,Orchard Central,SOK-W-02,Women's Pile Crew Socks,Socks,Women,$5.9,5.9,False,1,5.9,Card
BUG-20260612-0934,1,2026-06-12 22:51:55,Bugis,SOK-M-01,Men's Ankle Socks 3-Pack,Socks,Men,14.9,14.9,False,1,14.9,PayNow
PUN-20260612-0690,1,2026-06-12 20:43:57,Punggol,UND-W-02,Women's Wireless Bra,UNDERWEAR,Women,29.9,29.9,False,1,29.9,PayNow
ORC-20260612-1276,2,2026-06-12 21:32:13,orchard central,SOK-M-06,Men's Heattech Socks,Socks,MEN,9.9,9.9,False,1,9.9,Card
PUN-20260612-0155,2,2026-06-12 22:31:35,Punggol,SOK-M-03,Men's Airism Low-Cut Socks,Socks,Men,5.9,5.9,False,1,5.9,PayNow
BUG-20260612-0087,2,2026-06-12 20:27:42,Bugis,SOK-M-02,Men's Pile Crew Socks,Socks,MEN,5.9,5.9,False,1,5.9,PayNow
PUN-20260612-0464,1,2026-06-12 22:04:18,Punggol,UND-M-02,Men's Cotton Blend Trunks,Underwear,Men,14.9,14.9,False,1,14.9,PayNow
ORC-20260612-0334,1,2026-06-12 16:23:04,Orchard Central,SOK-M-04,Men's Ribbed Crew Socks,Socks,Men,5.9,5.9,False,1,5.9,Card
ORC-20260612-0028,1,2026-06-12 19:59:03,Orchard Central,BTM-M-01,Men's Ezy Ankle Pants,Bottoms,Men,29.9,29.9,False,1,29.9,Card
ORC-20260612-0106,2,2026-06-12 20:04:26,orchard central,SOK-W-02,Women's Pile Crew Socks,Socks,Women,5.9,5.9,False,1,5.9,PayNow
ORC-20260612-0152,1,2026-06-12 18:46:10,Orchard Central,TOP-M-01,Men's Airism Cotton Crew Neck T-Shirt,Tops,Men,14.9,14.9,False,1,14.9,Cash
ORC-20260612-0557,1,2026-06-12 19:06:02,Orchard Central,TOP-M-03,Men's Dry-EX Crew Neck T-Shirt,Tops,men,$19.9,19.9,False,1,19.9,PayNow
BUG-20260612-0692,2,2026-06-12 18:30:11,Bugis,UND-M-02,Men's Cotton Blend Trunks,Underwear,MEN,14.9,14.9,False,1,14.9,Card
ORC-20260612-0483,1,2026-06-12 20:29:25,Orchard Central,SOK-M-05,Men's Sport Ankle Socks,Socks,Men,5.9,5.9,False,2,11.8,PayNow
BUG-20260612-0496,2,2026-06-12 20:24:06,  Bugis  ,SOK-W-02,Women's Pile Crew Socks,Socks,Women,5.9,5.9,False,1,5.9,NETS
ORC-20260612-1123,1,2026-06-12 11:42:03,  Orchard Central  ,UND-W-03,Women's Cotton Blend Briefs,Underwear,Women,9.9,9.9,False,1,9.9,Card
PUN-20260612-0664,1,2026-06-12 13:17:29,Punggol,TOP-W-01,Women's Airism Cotton Crew Neck T-Shirt,Tops,Women,14.9,14.9,False,1,14.9,NETS
PUN-20260612-0079,1,2026-06-12 13:17:08,Punggol,TOP-W-02,Women's Ribbed Long Sleeve Turtleneck,Tops,Women,19.9,19.9,False,1,19.9,PAYNOW
ORC-20260612-0601,1,2026-06-12 20:01:19,Orchard Central,UND-M-01,Men's Airism Boxer Briefs,Underwear,Men,14.9,14.9,False,1,14.9,NETS
BUG-20260612-0815,1,2026-06-12 19:37:52,Bugis,TOP-M-04,Men's Oxford Long Sleeve Shirt,Tops,Men,29.9,29.9,False,1,29.9,cash
BUG-20260612-0123,1,2026-06-12 21:10:28,  Bugis  ,SOK-W-04,Women's Ribbed Crew Socks,Socks,Women,5.9,5.9,False,1,5.9,Card
PUN-20260612-0478,3,2026-06-12 20:10:36,Punggol,TOP-M-04,Men's Oxford Long Sleeve Shirt,Tops,Men,29.9,29.9,False,1,29.9,NETS
BUG-20260612-0850,2,2026-06-12 16:32:37,BUGIS,TOP-W-01,Women's Airism Cotton Crew Neck T-Shirt,Tops,Women,14.9,14.9,False,1,14.9,Card
BUG-20260612-0750,1,2026-06-12 13:01:55,Bugis,SOK-M-02,Men's Pile Crew Socks,Socks,men,5.9,5.9,False,1,5.9,NETS
PUN-20260612-0329,1,2026-06-12 15:23:38,Punggol,UND-W-03,Women's Cotton Blend Briefs,Underwear,Women,9.9,9.9,False,1,9.9,PayNow
ORC-20260612-0344,2,2026-06-12 13:28:47,Orchard Central,BTM-W-04,Women's Denim Straight Jeans,Bottoms,Women,49.9,49.9,False,1,49.9,Card
ORC-20260612-0483,2,2026-06-12 20:29:25,Orchard Central,SOK-M-08,Men's Cotton Blend Dress Socks,Socks,Men,9.9,9.9,False,1,9.9,PayNow
BUG-20260612-1014,3,2026-06-12 21:37:47,Bugis,SOK-W-04,Women's Ribbed Crew Socks,socks,Women,5.9,5.9,False,1,5.9,PayNow
BUG-20260612-0752,1,2026-06-12 20:45:28,Bugis,UND-M-01,Men's Airism Boxer Briefs,Underwear,Men,14.9,14.9,False,1,14.9,PayNow
ORC-20260612-0591,1,2026-06-12 20:41:34,Orchard Central,TOP-W-04,Women's Heattech Crew Neck Long Sleeve Tee,Tops,Women,14.9,14.9,False,1,14.9,PayNow
BUG-20260612-0407,1,2026-06-12 21:36:56,  Bugis  ,SOK-W-02,Women's Pile Crew Socks,Socks,Women,5.9,5.9,False,1,5.9,Card
BUG-20260612-0060,3,2026-06-12 16:42:44,Bugis,SOK-M-04,Men's Ribbed Crew Socks,Socks,Men,5.9,5.9,False,1,5.9,Card
ORC-20260612-0584,2,2026-06-12 13:30:59,Orchard Central,TOP-W-02,  Women's Ribbed Long Sleeve Turtleneck  ,tops,Women,19.9,19.9,False,1,19.9,NETS
BUG-20260612-0911,1,2026-06-12 20:39:55,Bugis,SOK-M-02,Men's Pile Crew Socks,SOCKS,Men,5.9,5.9,False,2,11.8,Card
BUG-20260612-1239,3,2026-06-12 21:24:12,  Bugis  ,SOK-W-01,  Women's Ankle Socks 3-Pack  ,SOCKS,Women,14.9,14.9,False,1,14.9,PayNow
PUN-20260612-0486,1,2026-06-12 21:32:06,Punggol,TOP-W-04,Women's Heattech Crew Neck Long Sleeve Tee,Tops,Women,14.9,14.9,False,1,14.9,Card
ORC-20260612-1256,1,2026-06-12 18:09:21,  Orchard Central  ,SOK-M-02,Men's Pile Crew Socks,socks,Men,5.9,5.9,False,1,5.9,NETS
ORC-20260612-0712,2,2026-06-12 21:59:24,Orchard Central,SOK-W-04,Women's Ribbed Crew Socks,Socks,Women,5.9,5.9,False,1,5.9,PayNow
PUN-20260612-0763,3,2026-06-12 21:14:56,Punggol,UND-M-01,Men's Airism Boxer Briefs,Underwear,Men,14.9,14.9,False,1,14.9,PayNow
BUG-20260612-0421,2,2026-06-12 18:23:34,  Bugis  ,SOK-M-02,Men's Pile Crew Socks,Socks,Men,5.9,5.9,False,1,5.9,Cash
BUG-20260612-0605,2,2026-06-12 17:38:43,Bugis,BTM-W-02,Women's High-Rise Wide Leg Pants,Bottoms,Women,39.9,39.9,False,1,39.9,Cash
ORC-20260612-1053,2,2026-06-12 11:01:42,Orchard Central,BTM-W-04,Women's Denim Straight Jeans,Bottoms,women,49.9,49.9,False,1,$49.9,PayNow
ORC-20260612-1245,2,2026-06-12 15:11:53,Orchard Central,SOK-W-03,Women's Airism Low-Cut Socks,Socks,Women,5.9,5.9,False,1,5.9,CARD
ORC-20260612-0713,1,2026-06-12 11:24:17,  Orchard Central  ,SOK-W-03,Women's Airism Low-Cut Socks,Socks,Women,5.9,5.9,False,1,5.9,Cash
BUG-20260612-0402,3,2026-06-12 19:53:30,Bugis,SOK-M-04,Men's Ribbed Crew Socks,Socks,Men,5.9,5.9,False,1,5.9,Cash
BUG-20260612-0556,3,2026-06-12 12:16:41,Bugis,BTM-W-07,Women's Linen Blend Wide Pants,Bottoms,women,39.9,39.9,False,1,39.9,Card
BUG-20260612-0871,1,2026-06-12 20:55:12,BUGIS,TOP-M-03,Men's Dry-EX Crew Neck T-Shirt,Tops,Men,19.9,19.9,False,1,19.9,Card
ORC-20260612-1246,1,2026-06-12 13:45:45,Orchard Central,SOK-M-04,Men's Ribbed Crew Socks,Socks,Men,5.9,5.9,False,1,5.9,Card
ORC-20260612-0464,1,2026-06-12 13:49:47,Orchard Central,TOP-M-01,Men's Airism Cotton Crew Neck T-Shirt,Tops,men,14.9,14.9,False,1,14.9,Card
BUG-20260612-1240,2,2026-06-12 20:54:44,Bugis,SOK-M-04,Men's Ribbed Crew Socks,Socks,Men,5.9,5.9,False,2,11.8,Card
PUN-20260612-0381,3,2026-06-12 22:17:58,punggol,UND-M-02,Men's Cotton Blend Trunks,Underwear,Men,14.9,14.9,False,1,14.9,nets
PUN-20260612-0080,2,2026-06-12 20:19:27,Punggol,SOK-W-02,Women's Pile Crew Socks,Socks,Women,5.9,5.9,False,1,5.9,NETS
BUG-20260612-1138,1,2026-06-12 21:16:02,Bugis,SOK-W-03,Women's Airism Low-Cut Socks,Socks,Women,5.9,5.9,False,1,5.9,Card
BUG-20260612-0589,1,2026-06-12 18:30:00,BUGIS,BTM-M-02,Men's Slim Fit Chino Trousers,Bottoms,Men,29.9,29.9,False,1,$29.9,Card
BUG-20260612-0199,1,2026-06-12 19:33:15,Bugis,TOP-M-01,Men's Airism Cotton Crew Neck T-Shirt,Tops,men,14.9,14.9,False,1,14.9,Card
BUG-20260612-0381,1,2026-06-12 20:24:51,Bugis,TOP-W-01,Women's Airism Cotton Crew Neck T-Shirt,TOPS,Women,14.9,14.9,False,1,14.9,Cash
ORC-20260612-0947,1,2026-06-12 19:29:59,Orchard Central,SOK-M-02,Men's Pile Crew Socks,Socks,Men,$5.9,5.9,False,1,5.9,Card
BUG-20260612-0323,3,2026-06-12 19:15:30,Bugis,TOP-W-04,  Women's Heattech Crew Neck Long Sleeve Tee  ,Tops,Women,14.9,14.9,False,1,14.9,Card
PUN-20260612-0724,1,2026-06-12 22:51:13,Punggol,UND-W-04,Women's Airism T-Shirt Bra,Underwear,Women,29.9,29.9,False,1,$29.9,PayNow
ORC-20260612-1120,2,2026-06-12 14:05:52,Orchard Central,TOP-M-03,Men's Dry-EX Crew Neck T-Shirt,Tops,men,19.9,19.9,False,1,19.9,NETS
ORC-20260612-0058,3,2026-06-12 17:29:54,Orchard Central,SOK-M-02,Men's Pile Crew Socks,Socks,men,5.9,5.9,False,1,5.9,Card
ORC-20260612-0182,2,2026-06-12 14:41:15,Orchard Central,UND-W-01,Women's Airism Bikini Shorts,Underwear,Women,9.9,9.9,False,1,9.9,Card
PUN-20260612-0092,1,2026-06-12 13:15:21,Punggol,UND-W-03,Women's Cotton Blend Briefs,Underwear,Women,9.9,9.9,False,1,9.9,Card
BUG-20260612-1025,2,2026-06-12 22:25:34,Bugis,SOK-W-01,  Women's Ankle Socks 3-Pack  ,Socks,women,14.9,14.9,False,2,29.8,Paynow
ORC-20260612-0314,1,2026-06-12 13:09:20,Orchard Central,UND-W-01,Women's Airism Bikini Shorts,Underwear,Women,9.9,9.9,False,1,9.9,Card
PUN-20260612-0578,3,2026-06-12 19:07:49,Punggol,SOK-W-03,Women's Airism Low-Cut Socks,Socks,women,5.9,5.9,False,1,5.9,NETS
BUG-20260612-0222,1,2026-06-12 19:16:02,bugis,UND-W-02,Women's Wireless Bra,Underwear,Women,29.9,29.9,False,1,29.9,Card
BUG-20260612-0323,2,2026-06-12 19:15:30,Bugis,SOK-W-04,Women's Ribbed Crew Socks,Socks,Women,5.9,5.9,False,1,5.9,Card
BUG-20260612-0580,1,2026-06-12 15:44:07,bugis,UND-W-02,Women's Wireless Bra,Underwear,Women,29.9,29.9,False,2,59.8,PayNow
ORC-20260612-0804,1,2026-06-12 20:29:06,Orchard Central,SOK-W-03,Women's Airism Low-Cut Socks,Socks,Women,5.9,5.9,False,1,5.9,Card
BUG-20260612-0200,3,2026-06-12 15:52:17,Bugis,UND-W-03,Women's Cotton Blend Briefs,Underwear,women,9.9,9.9,False,1,$9.9,Cash
ORC-20260612-1000,1,2026-06-12 21:36:23,Orchard Central,UND-W-02,Women's Wireless Bra,underwear,WOMEN,29.9,29.9,False,1,29.9,Card
PUN-20260612-0247,2,2026-06-12 13:12:37,Punggol,SOK-W-01,Women's Ankle Socks 3-Pack,Socks,Women,14.9,14.9,False,1,14.9,card
ORC-20260612-0865,3,2026-06-12 11:07:14,Orchard Central,UND-W-02,Women's Wireless Bra,Underwear,Women,29.9,29.9,False,1,29.9,Card
BUG-20260612-0054,2,2026-06-12 18:33:01,Bugis,SOK-W-03,Women's Airism Low-Cut Socks,Socks,Women,5.9,5.9,False,1,5.9,Card
ORC-20260612-1232,1,2026-06-12 19:21:17,Orchard Central,SOK-M-04,Men's Ribbed Crew Socks,Socks,men,5.9,5.9,False,1,5.9,Card
BUG-20260612-1192,2,2026-06-12 17:12:47,Bugis,UND-W-03,  Women's Cotton Blend Briefs  ,underwear,Women,9.9,9.9,False,1,9.9,Card
ORC-20260612-1039,3,2026-06-12 12:46:21,Orchard Central,SOK-M-03,  Men's Airism Low-Cut Socks  ,Socks,Men,5.9,5.9,False,1,5.9,Cash
PUN-20260612-0594,1,2026-06-12 20:32:30,Punggol,UND-M-01,Men's Airism Boxer Briefs,Underwear,Men,14.9,14.9,False,1,14.9,cash
BUG-20260612-0817,3,2026-06-12 13:34:26,Bugis,SOK-W-02,Women's Pile Crew Socks,Socks,Women,5.9,5.9,False,1,5.9,
ORC-20260612-0772,2,2026-06-12 21:38:53,Orchard Central,SOK-M-03,Men's Airism Low-Cut Socks,Socks,Men,5.9,5.9,False,2,11.8,NETS
BUG-20260612-0245,3,2026-06-12 16:15:03,Bugis,UND-W-04,Women's Airism T-Shirt Bra,Underwear,Women,29.9,29.9,False,1,29.9,Card
BUG-20260612-0181,2,2026-06-12 12:31:58,Bugis,TOP-W-01,Women's Airism Cotton Crew Neck T-Shirt,Tops,Women,14.9,14.9,False,1,14.9,Card
ORC-20260612-1296,3,2026-06-12 11:09:14,Orchard Central,TOP-W-03,Women's Silky Satin Blouse,Tops,Women,39.9,39.9,False,1,39.9,card
PUN-20260612-0231,3,2026-06-12 20:49:53,Punggol,TOP-M-01,Men's Airism Cotton Crew Neck T-Shirt,Tops,Men,14.9,14.9,False,1,14.9,CARD
BUG-20260612-0122,1,2026-06-12 16:30:32,BUGIS,SOK-M-04,Men's Ribbed Crew Socks,Socks,Men,5.9,5.9,False,1,5.9,Card
BUG-20260612-0414,1,2026-06-12 12:26:58,Bugis,SOK-W-03,Women's Airism Low-Cut Socks,Socks,Women,5.9,5.9,False,1,5.9,Cash
ORC-20260612-0102,2,2026-06-12 14:30:13,Orchard Central,SOK-W-03,Women's Airism Low-Cut Socks,Socks,Women,5.9,5.9,False,1,5.9,Cash
ORC-20260612-0821,1,2026-06-12 20:58:17,ORCHARD CENTRAL,SOK-M-04,Men's Ribbed Crew Socks,Socks,Men,5.9,5.9,False,1,5.9,Cash
ORC-20260612-1230,2,2026-06-12 21:51:14,Orchard Central,SOK-M-01,Men's Ankle Socks 3-Pack,Socks,Men,14.9,14.9,False,2,29.8,PayNow
BUG-20260612-0881,2,2026-06-12 13:20:50,Bugis,SOK-W-04,  Women's Ribbed Crew Socks  ,socks,Women,5.9,5.9,False,1,5.9,Cash
BUG-20260612-0414,2,2026-06-12 12:26:58,  Bugis  ,UND-W-03,  Women's Cotton Blend Briefs  ,Underwear,Women,9.9,9.9,False,1,9.9,Cash
BUG-20260612-0109,3,2026-06-12 19:53:03,Bugis,SOK-M-04,Men's Ribbed Crew Socks,Socks,Men,5.9,5.9,False,1,5.9,PayNow
BUG-20260612-1035,1,2026-06-12 20:11:05,Bugis,SOK-M-03,Men's Airism Low-Cut Socks,Socks,Men,5.9,5.9,False,1,5.9,Cash
PUN-20260612-0634,3,2026-06-12 19:20:47,Punggol,SOK-M-08,Men's Cotton Blend Dress Socks,Socks,Men,9.9,9.9,False,1,9.9,Card
BUG-20260612-0039,1,2026-06-12 20:36:17,Bugis,UND-W-02,Women's Wireless Bra,Underwear,Women,29.9,29.9,False,1,29.9,NETS
ORC-20260612-0901,2,2026-06-12 21:35:56,Orchard Central,SOK-M-01,Men's Ankle Socks 3-Pack,Socks,Men,14.9,14.9,False,2,29.8,CASH
BUG-20260612-0620,2,2026-06-12 18:26:23,Bugis,BTM-M-05,Men's Wide Fit Cargo Pants,Bottoms,Men,26.68,39.9,True,1,26.68,CARD
PUN-20260612-0238,1,2026-06-12 20:58:58,Punggol,SOK-M-08,Men's Cotton Blend Dress Socks,Socks,Men,9.9,9.9,False,1,9.9,Card
PUN-20260612-0787,1,2026-06-12 11:02:24,Punggol,BTM-W-04,Women's Denim Straight Jeans,Bottoms,Women,49.9,49.9,False,1,49.9,Card
BUG-20260612-0806,3,2026-06-12 20:36:48,  Bugis  ,SOK-W-04,Women's Ribbed Crew Socks,Socks,Women,5.9,5.9,False,1,5.9,Card
BUG-20260612-1098,1,2026-06-12 11:37:03,Bugis,SOK-W-04,Women's Ribbed Crew Socks,Socks,Women,5.9,5.9,False,1,5.9,PayNow
PUN-20260612-0622,1,2026-06-12 20:33:33,Punggol,SOK-W-04,Women's Ribbed Crew Socks,socks,Women,5.9,5.9,False,2,11.8,Card
BUG-20260612-1052,1,2026-06-12 19:46:56,Bugis,TOP-W-02,Women's Ribbed Long Sleeve Turtleneck,Tops,WOMEN,19.9,19.9,False,1,19.9,Cash
BUG-20260612-0248,3,2026-06-12 21:08:00,Bugis,SOK-M-03,Men's Airism Low-Cut Socks,SOCKS,Men,5.9,5.9,False,1,5.9,Card
ORC-20260612-1102,3,2026-06-12 13:34:10,Orchard Central,UND-W-03,Women's Cotton Blend Briefs,Underwear,Women,9.9,9.9,False,2,19.8,nets
ORC-20260612-0397,1,2026-06-12 19:18:49,Orchard Central,TOP-W-04,Women's Heattech Crew Neck Long Sleeve Tee,Tops,Women,14.9,14.9,False,1,14.9,Cash
ORC-20260612-1001,1,2026-06-12 19:28:57,Orchard Central,UND-M-02,Men's Cotton Blend Trunks,Underwear,Men,14.9,14.9,False,1,14.9,PayNow
PUN-20260612-0238,2,2026-06-12 20:58:58,Punggol,TOP-W-07,Women's Fleece Pullover Hoodie,Tops,WOMEN,29.9,29.9,False,1,29.9,Card
BUG-20260612-0101,2,2026-06-12 12:53:50,BUGIS,TOP-W-04,Women's Heattech Crew Neck Long Sleeve Tee,Tops,Women,14.9,14.9,False,1,14.9,
BUG-20260612-0335,1,2026-06-12 12:51:00,Bugis,UND-M-04,Men's Cotton Crew Neck Undershirt,Underwear,men,14.9,14.9,False,1,14.9,PayNow
BUG-20260612-0966,2,2026-06-12 20:32:46,Bugis,UND-M-03,Men's Airism Mesh Boxer Briefs,Underwear,Men,14.9,14.9,False,1,14.9,
BUG-20260612-0477,1,2026-06-12 22:36:55,Bugis,TOP-W-08,Women's Puff Sleeve Blouse,Tops,women,20.35,29.9,True,1,20.35,card
BUG-20260612-0295,1,2026-06-12 21:36:34,Bugis,SOK-M-01,Men's Ankle Socks 3-Pack,Socks,Men,14.9,14.9,False,1,14.9,PayNow
PUN-20260612-0059,1,2026-06-12 12:10:43,PUNGGOL,UND-W-02,Women's Wireless Bra,Underwear,Women,29.9,29.9,False,1,29.9,Card
PUN-20260612-0280,1,2026-06-12 19:00:10,PUNGGOL,UND-W-03,Women's Cotton Blend Briefs,Underwear,Women,$9.9,9.9,False,1,9.9,Card
PUN-20260612-0089,1,2026-06-12 20:06:37,Punggol,UND-M-05,Men's Seamless Boxer Briefs,Underwear,Men,14.9,14.9,False,1,14.9,Cash
ORC-20260612-0934,1,2026-06-12 21:24:59,Orchard Central,TOP-M-01,  Men's Airism Cotton Crew Neck T-Shirt  ,TOPS,Men,14.9,14.9,False,1,14.9,PayNow
ORC-20260612-1028,1,2026-06-12 12:46:37,Orchard Central,SOK-M-04,Men's Ribbed Crew Socks,Socks,Men,5.9,5.9,False,1,5.9,Card
BUG-20260612-0687,2,2026-06-12 19:04:34,bugis,SOK-W-03,Women's Airism Low-Cut Socks,SOCKS,Women,5.9,5.9,False,1,5.9,NETS
BUG-20260612-1009,1,2026-06-12 12:11:56,Bugis,SOK-M-04,Men's Ribbed Crew Socks,Socks,Men,5.9,5.9,False,1,5.9,NETS
ORC-20260612-0975,1,2026-06-12 16:35:49,orchard central,SOK-W-04,Women's Ribbed Crew Socks,Socks,Women,5.9,5.9,False,1,5.9,Card
PUN-20260612-0185,1,2026-06-12 12:25:59,Punggol,UND-W-01,Women's Airism Bikini Shorts,Underwear,Women,9.9,9.9,False,2,19.8,PayNow
BUG-20260612-0349,1,2026-06-12 20:06:48,Bugis,UND-W-03,Women's Cotton Blend Briefs,Underwear,Women,9.9,9.9,False,1,9.9,PayNow
PUN-20260612-0415,1,2026-06-12 21:15:31,Punggol,TOP-M-03,Men's Dry-EX Crew Neck T-Shirt,Tops,Men,19.9,19.9,False,1,19.9,PAYNOW
ORC-20260612-0320,1,2026-06-12 13:14:02,Orchard Central,SOK-W-08,Women's Lace Trim Ankle Socks,Socks,women,5.9,5.9,False,1,5.9,Card
PUN-20260612-0239,2,2026-06-12 20:10:27,  Punggol  ,SOK-M-04,Men's Ribbed Crew Socks,Socks,Men,$5.9,5.9,False,1,5.9,Cash
ORC-20260612-1074,2,2026-06-12 17:25:38,Orchard Central,SOK-M-02,Men's Pile Crew Socks,Socks,Men,5.9,5.9,False,1,5.9,Card
ORC-20260612-0162,1,2026-06-12 14:39:34,ORCHARD CENTRAL,SOK-M-01,Men's Ankle Socks 3-Pack,Socks,Men,14.9,14.9,False,1,14.9,Card
PUN-20260612-0253,2,2026-06-12 17:38:47,Punggol,SOK-M-02,Men's Pile Crew Socks,Socks,Men,5.9,5.9,False,1,5.9,Card
ORC-20260612-0800,2,2026-06-12 17:12:43,Orchard Central,BTM-W-03,Women's Ezy Ankle Pants,Bottoms,Women,29.9,29.9,False,1,29.9,Card
ORC-20260612-0543,1,2026-06-12 13:09:02,Orchard Central,UND-M-05,Men's Seamless Boxer Briefs,Underwear,Men,14.9,14.9,False,1,14.9,PAYNOW
PUN-20260612-0027,1,2026-06-12 20:46:26,Punggol,UND-M-03,Men's Airism Mesh Boxer Briefs,Underwear,Men,14.9,14.9,False,1,14.9,PayNow
ORC-20260612-1021,3,2026-06-12 18:02:43,Orchard Central,UND-W-01,Women's Airism Bikini Shorts,Underwear,women,9.9,9.9,False,2,19.8,Card
ORC-20260612-0125,2,2026-06-12 20:42:10,  Orchard Central  ,UND-M-02,Men's Cotton Blend Trunks,Underwear,Men,14.9,14.9,False,1,14.9,Card
ORC-20260612-0536,3,2026-06-12 17:03:59,Orchard Central,TOP-M-01,Men's Airism Cotton Crew Neck T-Shirt,tops,Men,14.9,14.9,False,1,14.9,Cash
ORC-20260612-0681,2,2026-06-12 14:08:32,Orchard Central,UND-W-03,Women's Cotton Blend Briefs,Underwear,Women,9.9,9.9,False,1,9.9,Card
BUG-20260612-0688,1,2026-06-12 18:41:29,  Bugis  ,UND-M-02,Men's Cotton Blend Trunks,Underwear,Men,14.9,14.9,False,1,14.9,Card
ORC-20260612-0354,2,2026-06-12 20:22:06,Orchard Central,UND-W-04,,Underwear,Women,29.9,29.9,False,1,29.9,CASH
BUG-20260612-0469,2,2026-06-12 11:44:05,Bugis,SOK-W-06,Women's Heattech Socks,Socks,Women,9.9,9.9,False,2,19.8,PayNow
ORC-20260612-0284,2,2026-06-12 20:20:33,  Orchard Central  ,UND-M-10,Men's Cotton Blend Briefs,Underwear,men,7.42,9.9,True,1,7.42,CARD
PUN-20260612-0389,2,2026-06-12 19:53:36,Punggol,SOK-M-01,,Socks,Men,14.9,14.9,False,1,14.9,Card
BUG-20260612-1060,2,2026-06-12 20:51:50,Bugis,SOK-W-01,Women's Ankle Socks 3-Pack,Socks,Women,14.9,14.9,False,1,14.9,Card
PUN-20260612-0092,2,2026-06-12 13:15:21,Punggol,UND-M-02,Men's Cotton Blend Trunks,Underwear,Men,14.9,14.9,False,1,14.9,card
ORC-20260612-0315,1,2026-06-12 12:26:53,Orchard Central,SOK-W-01,Women's Ankle Socks 3-Pack,Socks,Women,14.9,14.9,False,1,14.9,Card
ORC-20260612-0636,2,2026-06-12 13:17:42,Orchard Central,SOK-M-04,Men's Ribbed Crew Socks,Socks,Men,5.9,5.9,False,2,11.8,PayNow
BUG-20260612-0407,3,2026-06-12 21:36:56,Bugis,SOK-W-02,Women's Pile Crew Socks,Socks,Women,5.9,5.9,False,1,5.9,Card
PUN-20260612-0032,2,2026-06-12 22:59:25,Punggol,TOP-M-04,  Men's Oxford Long Sleeve Shirt  ,Tops,Men,29.9,29.9,False,1,29.9,Card
ORC-20260612-1104,2,2026-06-12 20:12:32,Orchard Central,SOK-M-03,Men's Airism Low-Cut Socks,Socks,Men,5.9,5.9,False,1,5.9,paynow
BUG-20260612-0503,1,2026-06-12 18:39:45,Bugis,TOP-W-04,Women's Heattech Crew Neck Long Sleeve Tee,Tops,Women,14.9,14.9,False,1,14.9,Cash
BUG-20260612-0739,2,2026-06-12 19:34:20,BUGIS,BTM-M-05,Men's Wide Fit Cargo Pants,Bottoms,Men,26.68,39.9,True,1,26.68,Cash
BUG-20260612-1133,1,2026-06-12 18:12:53,Bugis,SOK-M-02,Men's Pile Crew Socks,Socks,Men,5.9,5.9,False,2,11.8,PayNow
ORC-20260612-0712,1,2026-06-12 21:59:24,Orchard Central,SOK-W-03,Women's Airism Low-Cut Socks,Socks,Women,5.9,5.9,False,1,5.9,PayNow
ORC-20260612-0803,1,2026-06-12 19:32:05,Orchard Central,SOK-M-03,Men's Airism Low-Cut Socks,Socks,Men,5.9,5.9,False,1,5.9,PayNow
PUN-20260612-0163,2,2026-06-12 12:26:25,Punggol,SOK-M-04,  Men's Ribbed Crew Socks  ,Socks,Men,5.9,5.9,False,1,5.9,Cash
PUN-20260612-0456,1,2026-06-12 18:27:57,Punggol,BTM-M-05,Men's Wide Fit Cargo Pants,bottoms,Men,26.68,39.9,True,1,26.68,Card
BUG-20260612-0214,2,2026-06-12 16:47:28,Bugis,BTM-W-01,  Women's Ultra Stretch Skinny Jeans  ,Bottoms,Women,39.9,39.9,False,1,39.9,card
BUG-20260612-0732,2,2026-06-12 19:25:37,Bugis,UND-M-04,Men's Cotton Crew Neck Undershirt,Underwear,Men,14.9,14.9,False,1,14.9,Card
BUG-20260612-1112,2,2026-06-12 20:21:58,BUGIS,UND-W-04,Women's Airism T-Shirt Bra,Underwear,Women,29.9,29.9,False,1,29.9,Cash
BUG-20260612-0278,1,2026-06-12 20:43:42,BUGIS,SOK-W-04,Women's Ribbed Crew Socks,Socks,Women,5.9,5.9,False,1,5.9,Card
BUG-20260612-0924,2,2026-06-12 21:35:01,BUGIS,SOK-W-02,Women's Pile Crew Socks,Socks,women,5.9,5.9,False,1,5.9,PayNow
BUG-20260612-1229,1,2026-06-12 13:12:25,Bugis,TOP-M-04,Men's Oxford Long Sleeve Shirt,Tops,Men,29.9,29.9,False,1,29.9,CARD
PUN-20260612-0499,1,2026-06-12 22:18:00,Punggol,SOK-M-08,Men's Cotton Blend Dress Socks,Socks,Men,9.9,9.9,False,1,9.9,NETS
ORC-20260612-1118,2,2026-06-12 20:43:50,Orchard Central,SOK-M-04,Men's Ribbed Crew Socks,Socks,Men,5.9,5.9,False,1,5.9,PayNow
BUG-20260612-0032,2,2026-06-12 20:42:44,Bugis,SOK-W-02,Women's Pile Crew Socks,Socks,Women,5.9,5.9,False,1,$5.9,NETS
ORC-20260612-0268,1,2026-06-12 18:10:41,Orchard Central,UND-M-10,Men's Cotton Blend Briefs,Underwear,Men,7.42,9.9,True,1,7.42,Card
ORC-20260612-1288,1,2026-06-12 15:20:44,Orchard Central,UND-W-01,  Women's Airism Bikini Shorts  ,Underwear,Women,9.9,9.9,False,1,9.9,
BUG-20260612-1034,1,2026-06-12 12:06:21,Bugis,SOK-W-01,Women's Ankle Socks 3-Pack,Socks,Women,14.9,14.9,False,1,14.9,PayNow
ORC-20260612-1277,2,2026-06-12 22:53:56,Orchard Central,TOP-M-10,Men's Merino Blend V-Neck Sweater,Tops,men,39.9,39.9,False,1,39.9,NETS
ORC-20260612-0244,2,2026-06-12 15:41:43,Orchard Central,SOK-W-01,Women's Ankle Socks 3-Pack,Socks,Women,14.9,14.9,False,1,14.9,Card
PUN-20260612-0016,1,2026-06-12 18:59:10,Punggol,SOK-W-03,Women's Airism Low-Cut Socks,Socks,Women,5.9,5.9,False,2,11.8,PayNow
BUG-20260612-0489,1,2026-06-12 21:13:00,Bugis,SOK-W-06,Women's Heattech Socks,Socks,Women,9.9,9.9,False,1,9.9,Card
BUG-20260612-0329,3,2026-06-12 19:06:49,Bugis,SOK-W-03,Women's Airism Low-Cut Socks,Socks,Women,5.9,5.9,False,1,5.9,PayNow
ORC-20260612-0006,1,2026-06-12 13:21:21,Orchard Central,BTM-W-03,Women's Ezy Ankle Pants,Bottoms,women,29.9,29.9,False,1,29.9,PayNow
ORC-20260612-0572,2,2026-06-12 15:20:55,Orchard Central,SOK-W-02,Women's Pile Crew Socks,Socks,Women,5.9,5.9,False,1,5.9,PAYNOW
PUN-20260612-0102,1,2026-06-12 15:22:43,Punggol,BTM-W-01,Women's Ultra Stretch Skinny Jeans,Bottoms,Women,39.9,39.9,False,1,39.9,PayNow
PUN-20260612-0769,3,2026-06-12 13:33:30,Punggol,SOK-M-04,Men's Ribbed Crew Socks,SOCKS,Men,5.9,5.9,False,1,5.9,PayNow
ORC-20260612-0719,3,2026-06-12 19:58:36,Orchard Central,TOP-M-01,Men's Airism Cotton Crew Neck T-Shirt,Tops,Men,14.9,14.9,False,1,14.9,CARD
PUN-20260612-0749,2,2026-06-12 16:38:54,punggol,SOK-W-03,Women's Airism Low-Cut Socks,Socks,Women,5.9,5.9,False,1,5.9,PayNow
PUN-20260612-0037,1,2026-06-12 16:41:05,Punggol,TOP-W-03,Women's Silky Satin Blouse,tops,Women,39.9,39.9,False,1,39.9,PayNow
ORC-20260612-0678,2,2026-06-12 16:06:20,Orchard Central,UND-M-01,Men's Airism Boxer Briefs,Underwear,Men,14.9,14.9,False,1,14.9,Cash
PUN-20260612-0503,1,2026-06-12 20:14:05,Punggol,UND-M-08,Men's Airism V-Neck Undershirt,Underwear,Men,9.9,9.9,False,1,9.9,Card
ORC-20260612-0727,2,2026-06-12 16:35:04,Orchard Central,UND-M-01,Men's Airism Boxer Briefs,Underwear,Men,14.9,14.9,False,2,29.8,PayNow
ORC-20260612-1141,1,2026-06-12 20:23:17,Orchard Central,SOK-W-07,Women's Striped Crew Socks,Socks,Women,5.9,5.9,False,1,5.9,NETS
PUN-20260612-0734,1,2026-06-12 22:15:24,Punggol,SOK-M-04,Men's Ribbed Crew Socks,Socks,Men,5.9,5.9,False,1,5.9,NETS
ORC-20260612-0122,1,2026-06-12 22:07:10,Orchard Central,SOK-W-04,Women's Ribbed Crew Socks,Socks,Women,5.9,5.9,False,1,5.9,PayNow
PUN-20260612-0592,1,2026-06-12 21:23:06,Punggol,SOK-M-02,Men's Pile Crew Socks,socks,Men,5.9,5.9,False,1,5.9,PayNow
ORC-20260612-1268,1,2026-06-12 14:41:37,Orchard Central,SOK-W-02,Women's Pile Crew Socks,Socks,Women,5.9,5.9,False,1,5.9,PayNow
BUG-20260612-0368,1,2026-06-12 12:09:08,Bugis,SOK-W-02,Women's Pile Crew Socks,socks,Women,5.9,5.9,False,1,5.9,Card
PUN-20260612-0525,1,2026-06-12 18:37:23,Punggol,SOK-M-02,Men's Pile Crew Socks,socks,MEN,5.9,5.9,False,1,5.9,PayNow
BUG-20260612-1080,1,2026-06-12 17:16:19,Bugis,SOK-W-02,Women's Pile Crew Socks,Socks,Women,5.9,5.9,False,1,5.9,Card
BUG-20260612-0135,3,2026-06-12 20:06:54,Bugis,TOP-M-02,Men's Supima Cotton Polo Shirt,Tops,Men,29.9,29.9,False,1,29.9,NETS
ORC-20260612-0670,2,2026-06-12 20:09:20,Orchard Central,SOK-M-04,  Men's Ribbed Crew Socks  ,Socks,MEN,5.9,5.9,False,1,5.9,
BUG-20260612-0481,2,2026-06-12 18:35:00,Bugis,UND-M-01,Men's Airism Boxer Briefs,Underwear,Men,14.9,14.9,False,1,14.9,Cash
PUN-20260612-0665,1,2026-06-12 20:27:19,  Punggol  ,SOK-W-02,Women's Pile Crew Socks,Socks,Women,5.9,5.9,False,1,5.9,Cash
ORC-20260612-0900,2,2026-06-12 21:10:21,Orchard Central,UND-W-01,Women's Airism Bikini Shorts,Underwear,Women,9.9,9.9,False,1,9.9,Card
BUG-20260612-0136,1,2026-06-12 21:21:04,Bugis,TOP-W-08,Women's Puff Sleeve Blouse,Tops,Women,20.35,29.9,True,1,20.35,NETS
ORC-20260612-0957,1,2026-06-12 17:04:20,Orchard Central,BTM-M-04,Men's Dry Stretch Shorts,Bottoms,Men,19.9,19.9,False,1,19.9,Card
BUG-20260612-0280,2,2026-06-12 20:28:12,Bugis,TOP-M-01,Men's Airism Cotton Crew Neck T-Shirt,Tops,Men,14.9,14.9,False,1,14.9,Card
ORC-20260612-0158,1,2026-06-12 18:07:14,Orchard Central,TOP-M-03,Men's Dry-EX Crew Neck T-Shirt,TOPS,MEN,19.9,19.9,False,1,19.9,Card
BUG-20260612-1207,2,2026-06-12 21:29:46,Bugis,SOK-W-03,Women's Airism Low-Cut Socks,Socks,Women,5.9,5.9,False,1,5.9,PayNow
PUN-20260612-0774,1,2026-06-12 20:26:04,Punggol,SOK-M-04,Men's Ribbed Crew Socks,Socks,Men,5.9,5.9,False,1,5.9,PayNow
BUG-20260612-0504,1,2026-06-12 20:46:30,Bugis,SOK-W-02,Women's Pile Crew Socks,Socks,Women,5.9,5.9,False,1,5.9,Card
PUN-20260612-0678,2,2026-06-12 22:11:03,Punggol,UND-W-01,Women's Airism Bikini Shorts,Underwear,Women,9.9,9.9,False,1,9.9,PAYNOW
BUG-20260612-0576,2,2026-06-12 18:31:06,  Bugis  ,UND-W-07,Women's Heattech Camisole,Underwear,Women,14.9,14.9,False,1,14.9,NETS
ORC-20260612-0904,1,2026-06-12 21:58:35,  Orchard Central  ,UND-W-03,Women's Cotton Blend Briefs,UNDERWEAR,WOMEN,9.9,9.9,False,1,9.9,CARD
BUG-20260612-1051,3,2026-06-12 18:25:47,BUGIS,SOK-W-02,Women's Pile Crew Socks,Socks,Women,5.9,5.9,False,1,5.9,Card
BUG-20260612-1075,1,2026-06-12 21:26:59,  Bugis  ,SOK-M-03,Men's Airism Low-Cut Socks,Socks,Men,$5.9,5.9,False,1,5.9,paynow
BUG-20260612-0752,3,2026-06-12 20:45:28,Bugis,SOK-M-01,Men's Ankle Socks 3-Pack,socks,Men,14.9,14.9,False,1,14.9,PayNow
BUG-20260612-0534,2,2026-06-12 11:02:43,Bugis,SOK-M-02,Men's Pile Crew Socks,Socks,Men,5.9,5.9,False,1,5.9,Card
PUN-20260612-0132,1,2026-06-12 11:40:00,Punggol,SOK-M-03,Men's Airism Low-Cut Socks,Socks,Men,5.9,5.9,False,1,5.9,PayNow
PUN-20260612-0233,1,2026-06-12 20:41:07,Punggol,BTM-M-02,Men's Slim Fit Chino Trousers,Bottoms,Men,29.9,29.9,False,1,29.9,Paynow
ORC-20260612-0919,3,2026-06-12 20:02:57,Orchard Central,SOK-W-08,Women's Lace Trim Ankle Socks,Socks,Women,5.9,5.9,False,1,5.9,Card
BUG-20260612-0351,2,2026-06-12 13:28:47,Bugis,SOK-M-03,Men's Airism Low-Cut Socks,Socks,Men,5.9,5.9,False,1,5.9,CASH
ORC-20260612-1127,1,2026-06-12 11:34:42,Orchard Central,UND-M-04,Men's Cotton Crew Neck Undershirt,Underwear,Men,14.9,14.9,False,2,29.8,NETS
ORC-20260612-1174,1,2026-06-12 17:14:26,  Orchard Central  ,SOK-M-02,Men's Pile Crew Socks,Socks,Men,5.9,5.9,False,1,5.9,Cash
BUG-20260612-0376,2,2026-06-12 15:12:11,Bugis,SOK-W-02,Women's Pile Crew Socks,SOCKS,Women,5.9,5.9,False,1,5.9,Card
ORC-20260612-0627,1,2026-06-12 21:22:18,Orchard Central,SOK-M-02,Men's Pile Crew Socks,Socks,Men,5.9,5.9,False,1,5.9,PayNow
BUG-20260612-0319,2,2026-06-12 22:11:12,Bugis,SOK-W-02,Women's Pile Crew Socks,Socks,Women,5.9,5.9,False,1,5.9,Card
ORC-20260612-1102,1,2026-06-12 13:34:10,  Orchard Central  ,UND-W-03,Women's Cotton Blend Briefs,Underwear,Women,9.9,9.9,False,1,9.9,NETS
ORC-20260612-1032,2,2026-06-12 18:05:52,  Orchard Central  ,SOK-M-01,Men's Ankle Socks 3-Pack,Socks,Men,14.9,14.9,False,1,14.9,PayNow
ORC-20260612-1056,2,2026-06-12 21:00:37,Orchard Central,SOK-W-02,Women's Pile Crew Socks,Socks,Women,5.9,5.9,False,1,$5.9,PayNow
BUG-20260612-0223,2,2026-06-12 17:25:20,bugis,UND-W-02,Women's Wireless Bra,Underwear,Women,29.9,29.9,False,1,29.9,Cash
BUG-20260612-0611,1,2026-06-12 20:32:12,Bugis,SOK-W-03,Women's Airism Low-Cut Socks,Socks,Women,5.9,5.9,False,1,5.9,Card
PUN-20260612-0543,3,2026-06-12 20:23:38,Punggol,UND-W-04,  Women's Airism T-Shirt Bra  ,Underwear,Women,29.9,29.9,False,1,29.9,Card
BUG-20260612-1179,3,2026-06-12 18:23:15,Bugis,UND-W-02,Women's Wireless Bra,UNDERWEAR,Women,29.9,29.9,False,2,59.8,PayNow
BUG-20260612-0472,1,2026-06-12 20:38:52,Bugis,TOP-W-02,Women's Ribbed Long Sleeve Turtleneck,Tops,WOMEN,19.9,19.9,False,1,19.9,Card
BUG-20260612-0126,1,2026-06-12 18:27:12,Bugis,TOP-M-01,Men's Airism Cotton Crew Neck T-Shirt,Tops,Men,14.9,14.9,False,1,14.9,Card
PUN-20260612-0561,1,2026-06-12 16:40:25,Punggol,TOP-M-04,Men's Oxford Long Sleeve Shirt,Tops,MEN,29.9,29.9,False,1,29.9,PayNow
BUG-20260612-0266,1,2026-06-12 17:29:34,  Bugis  ,UND-W-02,Women's Wireless Bra,Underwear,Women,29.9,29.9,False,1,29.9,Cash
BUG-20260612-0387,1,2026-06-12 20:54:36,Bugis,SOK-M-03,Men's Airism Low-Cut Socks,Socks,Men,5.9,5.9,False,1,5.9,Card
BUG-20260612-0540,1,2026-06-12 21:12:47,Bugis,TOP-M-04,Men's Oxford Long Sleeve Shirt,Tops,Men,29.9,29.9,False,1,29.9,Card
PUN-20260612-0552,1,2026-06-12 19:26:25,Punggol,TOP-W-02,Women's Ribbed Long Sleeve Turtleneck,Tops,Women,19.9,19.9,False,1,19.9,PayNow
ORC-20260612-0565,2,2026-06-12 21:03:37,Orchard Central,UND-W-01,Women's Airism Bikini Shorts,Underwear,Women,9.9,9.9,False,1,9.9,Card
BUG-20260612-0326,1,2026-06-12 18:52:59,Bugis,UND-M-03,Men's Airism Mesh Boxer Briefs,Underwear,Men,14.9,14.9,False,1,14.9,PayNow
BUG-20260612-0549,3,2026-06-12 12:23:50,Bugis,SOK-W-02,Women's Pile Crew Socks,socks,Women,5.9,5.9,False,1,5.9,CARD
ORC-20260612-0505,1,2026-06-12 20:44:09,Orchard Central,TOP-W-01,Women's Airism Cotton Crew Neck T-Shirt,Tops,Women,14.9,14.9,False,1,14.9,Cash
ORC-20260612-0385,1,2026-06-12 18:17:29,ORCHARD CENTRAL,SOK-M-02,Men's Pile Crew Socks,Socks,Men,5.9,5.9,False,1,5.9,Card
BUG-20260612-0262,2,2026-06-12 17:25:45,BUGIS,SOK-W-02,Women's Pile Crew Socks,Socks,women,5.9,5.9,False,1,5.9,Card
ORC-20260612-0474,2,2026-06-12 20:25:15,Orchard Central,SOK-W-03,Women's Airism Low-Cut Socks,Socks,Women,5.9,5.9,False,1,5.9,Card
BUG-20260612-0027,2,2026-06-12 21:38:16,Bugis,SOK-W-02,  Women's Pile Crew Socks  ,Socks,WOMEN,5.9,5.9,False,1,5.9,PAYNOW
PUN-20260612-0057,1,2026-06-12 20:19:45,Punggol,UND-W-01,Women's Airism Bikini Shorts,Underwear,Women,9.9,9.9,False,2,19.8,Card
PUN-20260612-0311,1,2026-06-12 16:03:50,Punggol,SOK-M-01,Men's Ankle Socks 3-Pack,Socks,Men,14.9,14.9,False,1,14.9,paynow
BUG-20260612-0062,2,2026-06-12 21:09:03,Bugis,TOP-W-04,Women's Heattech Crew Neck Long Sleeve Tee,Tops,Women,14.9,14.9,False,1,14.9,PayNow
PUN-20260612-0393,1,2026-06-12 16:19:50,Punggol,SOK-W-02,Women's Pile Crew Socks,Socks,Women,5.9,5.9,False,1,5.9,Card
PUN-20260612-0033,2,2026-06-12 19:49:41,Punggol,SOK-W-01,  Women's Ankle Socks 3-Pack  ,Socks,Women,14.9,14.9,False,1,14.9,Card
ORC-20260612-0364,1,2026-06-12 21:03:45,  Orchard Central  ,SOK-W-03,Women's Airism Low-Cut Socks,SOCKS,WOMEN,5.9,5.9,False,1,5.9,Card
ORC-20260612-1050,1,2026-06-12 19:07:33,Orchard Central,TOP-W-01,Women's Airism Cotton Crew Neck T-Shirt,Tops,Women,14.9,14.9,False,1,14.9,Card
ORC-20260612-0123,2,2026-06-12 20:23:35,Orchard Central,BTM-M-04,Men's Dry Stretch Shorts,Bottoms,Men,19.9,19.9,False,1,19.9,Card
BUG-20260612-1016,3,2026-06-12 19:37:07,Bugis,SOK-M-04,Men's Ribbed Crew Socks,Socks,Men,5.9,5.9,False,1,5.9,
ORC-20260612-0112,2,2026-06-12 13:41:24,Orchard Central,TOP-M-03,Men's Dry-EX Crew Neck T-Shirt,Tops,Men,19.9,19.9,False,1,19.9,Card
ORC-20260612-1168,3,2026-06-12 18:13:11,Orchard Central,UND-W-03,Women's Cotton Blend Briefs,Underwear,Women,9.9,9.9,False,1,9.9,PayNow
PUN-20260612-0147,3,2026-06-12 18:38:20,Punggol,UND-W-01,  Women's Airism Bikini Shorts  ,Underwear,Women,9.9,9.9,False,2,19.8,NETS
ORC-20260612-1127,3,2026-06-12 11:34:42,Orchard Central,TOP-W-01,Women's Airism Cotton Crew Neck T-Shirt,Tops,Women,14.9,14.9,False,1,14.9,NETS
PUN-20260612-0032,1,2026-06-12 22:59:25,PUNGGOL,UND-W-04,Women's Airism T-Shirt Bra,Underwear,Women,29.9,29.9,False,2,59.8,Card
BUG-20260612-0936,2,2026-06-12 19:55:04,Bugis,UND-M-01,Men's Airism Boxer Briefs,Underwear,Men,14.9,14.9,False,1,14.9,PayNow
ORC-20260612-1046,1,2026-06-12 21:11:05,Orchard Central,UND-W-07,Women's Heattech Camisole,Underwear,Women,14.9,14.9,False,1,14.9,Cash
ORC-20260612-0244,1,2026-06-12 15:41:43,orchard central,UND-W-01,Women's Airism Bikini Shorts,Underwear,Women,9.9,9.9,False,1,9.9,Card
BUG-20260612-0182,1,2026-06-12 14:50:24,Bugis,SOK-W-02,Women's Pile Crew Socks,Socks,women,5.9,5.9,False,1,5.9,NETS
BUG-20260612-0670,1,2026-06-12 14:54:19,Bugis,TOP-M-04,Men's Oxford Long Sleeve Shirt,Tops,Men,29.9,29.9,False,1,29.9,PayNow
BUG-20260612-1065,3,2026-06-12 14:42:41,BUGIS,SOK-M-02,Men's Pile Crew Socks,SOCKS,Men,5.9,5.9,False,1,5.9,CARD
PUN-20260612-0726,1,2026-06-12 20:54:48,Punggol,UND-W-03,Women's Cotton Blend Briefs,Underwear,Women,9.9,9.9,False,1,9.9,Card
ORC-20260612-0668,1,2026-06-12 21:47:13,Orchard Central,SOK-W-04,  Women's Ribbed Crew Socks  ,Socks,WOMEN,5.9,5.9,False,1,5.9,Cash
ORC-20260612-0171,3,2026-06-12 19:32:46,Orchard Central,BTM-M-04,Men's Dry Stretch Shorts,Bottoms,Men,19.9,19.9,False,1,19.9,Card
PUN-20260612-0643,1,2026-06-12 17:23:01,Punggol,SOK-M-04,Men's Ribbed Crew Socks,Socks,Men,5.9,5.9,False,1,5.9,Card
PUN-20260612-0610,1,2026-06-12 14:56:38,Punggol,SOK-M-02,Men's Pile Crew Socks,Socks,Men,5.9,5.9,False,1,5.9,PayNow
ORC-20260612-1180,2,2026-06-12 19:32:20,Orchard Central,SOK-M-02,Men's Pile Crew Socks,Socks,men,5.9,5.9,False,1,5.9,Card
ORC-20260612-1162,3,2026-06-12 18:28:40,Orchard Central,UND-M-01,Men's Airism Boxer Briefs,Underwear,Men,14.9,14.9,False,1,14.9,Nets
PUN-20260612-0442,1,2026-06-12 16:51:08,Punggol,TOP-M-01,Men's Airism Cotton Crew Neck T-Shirt,Tops,Men,$14.9,14.9,False,1,14.9,Card
ORC-20260612-0841,3,2026-06-12 18:47:39,Orchard Central,TOP-W-01,Women's Airism Cotton Crew Neck T-Shirt,Tops,Women,14.9,14.9,False,1,14.9,Card
ORC-20260612-0870,1,2026-06-12 20:31:49,Orchard Central,UND-M-01,Men's Airism Boxer Briefs,Underwear,Men,14.9,14.9,False,1,14.9,Card
ORC-20260612-0805,2,2026-06-12 21:57:03,Orchard Central,TOP-M-03,Men's Dry-EX Crew Neck T-Shirt,Tops,Men,19.9,19.9,False,1,19.9,NETS
ORC-20260612-1026,1,2026-06-12 19:09:09,Orchard Central,SOK-W-04,Women's Ribbed Crew Socks,Socks,Women,5.9,5.9,False,1,5.9,PayNow
PUN-20260612-0469,2,2026-06-12 22:00:01,Punggol,BTM-M-03,Men's Selvedge Regular Fit Jeans,Bottoms,MEN,59.9,59.9,False,1,59.9,NETS
ORC-20260612-0180,1,2026-06-12 22:57:06,Orchard Central,UND-M-02,Men's Cotton Blend Trunks,Underwear,Men,14.9,14.9,False,1,14.9,Card
ORC-20260612-0410,2,2026-06-12 11:15:31,orchard central,SOK-W-02,Women's Pile Crew Socks,Socks,women,5.9,5.9,False,1,5.9,Card
BUG-20260612-0262,3,2026-06-12 17:25:45,Bugis,SOK-M-04,Men's Ribbed Crew Socks,SOCKS,Men,5.9,5.9,False,1,5.9,Card
ORC-20260612-0731,1,2026-06-12 20:28:22,Orchard Central,TOP-W-04,Women's Heattech Crew Neck Long Sleeve Tee,Tops,Women,14.9,14.9,False,1,14.9,Card
BUG-20260612-0814,3,2026-06-12 16:05:00,Bugis,UND-W-04,  Women's Airism T-Shirt Bra  ,Underwear,Women,29.9,29.9,False,2,59.8,Paynow
PUN-20260612-0035,1,2026-06-12 11:05:50,Punggol,UND-M-01,Men's Airism Boxer Briefs,Underwear,Men,14.9,14.9,False,1,$14.9,CASH
PUN-20260612-0157,2,2026-06-12 18:05:18,punggol,SOK-M-02,Men's Pile Crew Socks,Socks,Men,5.9,5.9,False,2,11.8,PayNow
ORC-20260612-0487,2,2026-06-12 14:31:22,Orchard Central,SOK-W-01,Women's Ankle Socks 3-Pack,Socks,Women,14.9,14.9,False,1,14.9,Nets
PUN-20260612-0568,2,2026-06-12 17:17:42,PUNGGOL,BTM-W-01,Women's Ultra Stretch Skinny Jeans,Bottoms,Women,$39.9,39.9,False,1,39.9,
BUG-20260612-0058,2,2026-06-12 21:40:21,Bugis,TOP-W-04,Women's Heattech Crew Neck Long Sleeve Tee,TOPS,Women,14.9,14.9,False,1,14.9,Card
PUN-20260612-0652,1,2026-06-12 19:08:39,Punggol,SOK-W-03,Women's Airism Low-Cut Socks,socks,Women,5.9,5.9,False,1,5.9,Card
ORC-20260612-1047,1,2026-06-12 18:07:06,Orchard Central,BTM-W-09,Women's Sweat Shorts,Bottoms,Women,19.9,19.9,False,1,19.9,NETS
BUG-20260612-0783,2,2026-06-12 21:12:20,Bugis,UND-M-02,Men's Cotton Blend Trunks,underwear,Men,$14.9,14.9,False,1,14.9,Card
PUN-20260612-0798,2,2026-06-12 11:24:25,Punggol,SOK-M-08,Men's Cotton Blend Dress Socks,Socks,Men,9.9,9.9,False,1,9.9,Card
BUG-20260612-0285,2,2026-06-12 17:13:14,Bugis,SOK-M-03,Men's Airism Low-Cut Socks,socks,Men,5.9,5.9,False,2,11.8,Card
BUG-20260612-0239,2,2026-06-12 20:17:26,Bugis,TOP-M-01,  Men's Airism Cotton Crew Neck T-Shirt  ,Tops,Men,14.9,14.9,False,1,14.9,Card
PUN-20260612-0648,3,2026-06-12 18:34:45,Punggol,UND-W-03,Women's Cotton Blend Briefs,Underwear,Women,9.9,9.9,False,2,19.8,Card
BUG-20260612-0168,2,2026-06-12 20:41:08,BUGIS,SOK-W-04,Women's Ribbed Crew Socks,SOCKS,Women,5.9,5.9,False,1,5.9,Cash
ORC-20260612-1002,3,2026-06-12 20:39:12,Orchard Central,TOP-M-01,Men's Airism Cotton Crew Neck T-Shirt,Tops,Men,14.9,14.9,False,1,14.9,NETS
BUG-20260612-0547,1,2026-06-12 19:13:20,  Bugis  ,UND-M-03,Men's Airism Mesh Boxer Briefs,Underwear,Men,14.9,14.9,False,1,14.9,NETS
ORC-20260612-0004,3,2026-06-12 20:04:10,Orchard Central,UND-W-03,Women's Cotton Blend Briefs,UNDERWEAR,Women,9.9,9.9,False,1,9.9,Nets
BUG-20260612-0273,1,2026-06-12 17:45:16,bugis,UND-M-02,  Men's Cotton Blend Trunks  ,underwear,Men,14.9,14.9,False,1,14.9,NETS
BUG-20260612-1012,1,2026-06-12 21:08:42,Bugis,SOK-W-01,  Women's Ankle Socks 3-Pack  ,Socks,WOMEN,14.9,14.9,False,1,14.9,NETS
BUG-20260612-1122,2,2026-06-12 19:54:54,Bugis,SOK-W-03,Women's Airism Low-Cut Socks,Socks,Women,5.9,5.9,False,1,5.9,Card
PUN-20260612-0567,1,2026-06-12 11:16:44,Punggol,SOK-M-04,Men's Ribbed Crew Socks,Socks,men,5.9,5.9,False,1,5.9,Cash
BUG-20260612-0229,2,2026-06-12 20:37:50,Bugis,SOK-W-03,Women's Airism Low-Cut Socks,SOCKS,Women,5.9,5.9,False,1,5.9,Card
PUN-20260612-0501,1,2026-06-12 21:26:00,Punggol,TOP-W-01,Women's Airism Cotton Crew Neck T-Shirt,Tops,Women,14.9,14.9,False,1,14.9,nets
ORC-20260612-1286,3,2026-06-12 11:57:16,Orchard Central,SOK-W-02,Women's Pile Crew Socks,Socks,Women,5.9,5.9,False,1,5.9,PayNow
ORC-20260612-0460,1,2026-06-12 15:34:46,  Orchard Central  ,TOP-W-02,Women's Ribbed Long Sleeve Turtleneck,Tops,Women,19.9,19.9,False,1,19.9,PayNow
BUG-20260612-1009,3,2026-06-12 12:11:56,BUGIS,SOK-W-02,Women's Pile Crew Socks,socks,Women,5.9,5.9,False,1,5.9,nets
ORC-20260612-1082,1,2026-06-12 19:45:31,Orchard Central,UND-M-02,Men's Cotton Blend Trunks,Underwear,Men,$14.9,14.9,False,2,29.8,Card
BUG-20260612-0669,2,2026-06-12 12:38:56,bugis,SOK-W-02,Women's Pile Crew Socks,socks,women,5.9,5.9,False,1,5.9,NETS
PUN-20260612-0695,2,2026-06-12 21:19:14,Punggol,UND-W-01,Women's Airism Bikini Shorts,underwear,women,9.9,9.9,False,1,9.9,PayNow
BUG-20260612-0312,1,2026-06-12 13:36:11,Bugis,SOK-M-03,Men's Airism Low-Cut Socks,SOCKS,Men,5.9,5.9,False,1,5.9,Card
BUG-20260612-0294,2,2026-06-12 21:13:46,Bugis,TOP-W-04,Women's Heattech Crew Neck Long Sleeve Tee,Tops,Women,14.9,14.9,False,1,14.9,Card
BUG-20260612-0382,1,2026-06-12 17:54:43,Bugis,BTM-W-02,Women's High-Rise Wide Leg Pants,Bottoms,Women,39.9,39.9,False,1,39.9,Cash
ORC-20260612-0158,2,2026-06-12 18:07:14,Orchard Central,SOK-W-01,Women's Ankle Socks 3-Pack,socks,Women,14.9,14.9,False,1,14.9,Card
BUG-20260612-0810,3,2026-06-12 19:14:05,  Bugis  ,SOK-M-03,Men's Airism Low-Cut Socks,Socks,MEN,5.9,5.9,False,1,5.9,Card
BUG-20260612-0861,1,2026-06-12 19:34:18,Bugis,BTM-M-05,Men's Wide Fit Cargo Pants,Bottoms,Men,$26.68,39.9,True,1,26.68,PayNow
BUG-20260612-0579,1,2026-06-12 19:46:36,Bugis,SOK-W-02,  Women's Pile Crew Socks  ,SOCKS,Women,5.9,5.9,False,1,5.9,Cash
BUG-20260612-0960,1,2026-06-12 18:56:08,Bugis,UND-M-03,Men's Airism Mesh Boxer Briefs,Underwear,Men,14.9,14.9,False,1,14.9,Card
PUN-20260612-0134,3,2026-06-12 19:15:10,Punggol,UND-M-01,Men's Airism Boxer Briefs,Underwear,Men,14.9,14.9,False,1,14.9,Card
BUG-20260612-0328,1,2026-06-12 20:22:30,Bugis,TOP-W-02,Women's Ribbed Long Sleeve Turtleneck,Tops,Women,19.9,19.9,False,1,19.9,
ORC-20260612-0203,2,2026-06-12 15:30:31,orchard central,UND-M-04,Men's Cotton Crew Neck Undershirt,Underwear,Men,14.9,14.9,False,2,29.8,PayNow
ORC-20260612-1177,2,2026-06-12 21:47:35,Orchard Central,SOK-W-02,Women's Pile Crew Socks,Socks,Women,5.9,5.9,False,1,5.9,NETS
ORC-20260612-0978,1,2026-06-12 21:44:49,Orchard Central,SOK-W-03,Women's Airism Low-Cut Socks,Socks,Women,5.9,5.9,False,1,5.9,Card
ORC-20260612-0918,1,2026-06-12 14:43:33,Orchard Central,SOK-W-04,  Women's Ribbed Crew Socks  ,Socks,Women,5.9,5.9,False,1,5.9,Card
PUN-20260612-0338,2,2026-06-12 20:30:55,Punggol,TOP-M-04,Men's Oxford Long Sleeve Shirt,Tops,Men,29.9,29.9,False,1,29.9,NETS
ORC-20260612-1188,1,2026-06-12 19:49:28,orchard central,UND-W-03,Women's Cotton Blend Briefs,Underwear,Women,9.9,9.9,False,2,19.8,NETS
ORC-20260612-0057,1,2026-06-12 20:38:06,Orchard Central,TOP-M-06,Men's Fleece Full-Zip Hoodie,Tops,MEN,39.9,39.9,False,1,39.9,CARD
PUN-20260612-0688,1,2026-06-12 21:55:01,Punggol,BTM-M-01,Men's Ezy Ankle Pants,Bottoms,Men,29.9,29.9,False,1,29.9,Cash
BUG-20260612-0829,1,2026-06-12 19:01:06,BUGIS,UND-M-01,Men's Airism Boxer Briefs,Underwear,Men,14.9,14.9,False,1,14.9,PayNow
ORC-20260612-0330,3,2026-06-12 18:41:03,Orchard Central,SOK-W-04,Women's Ribbed Crew Socks,Socks,WOMEN,$5.9,5.9,False,2,11.8,Card
ORC-20260612-0241,1,2026-06-12 19:29:14,Orchard Central,UND-M-01,Men's Airism Boxer Briefs,Underwear,Men,14.9,14.9,False,1,14.9,NETS
ORC-20260612-0001,3,2026-06-12 21:15:14,Orchard Central,SOK-W-04,Women's Ribbed Crew Socks,Socks,Women,5.9,5.9,False,1,5.9,PayNow
PUN-20260612-0494,1,2026-06-12 18:39:04,Punggol,SOK-W-01,Women's Ankle Socks 3-Pack,Socks,WOMEN,14.9,14.9,False,1,14.9,Card
PUN-20260612-0608,2,2026-06-12 20:54:00,  Punggol  ,UND-W-03,Women's Cotton Blend Briefs,Underwear,Women,9.9,9.9,False,1,9.9,Card
PUN-20260612-0341,3,2026-06-12 17:35:10,Punggol,SOK-W-03,Women's Airism Low-Cut Socks,Socks,WOMEN,5.9,5.9,False,1,5.9,PayNow
PUN-20260612-0241,2,2026-06-12 18:24:58,Punggol,SOK-W-02,Women's Pile Crew Socks,Socks,Women,5.9,5.9,False,1,5.9,Card
ORC-20260612-1038,2,2026-06-12 22:07:01,Orchard Central,UND-M-08,Men's Airism V-Neck Undershirt,Underwear,Men,9.9,9.9,False,1,9.9,PayNow
PUN-20260612-0633,2,2026-06-12 16:23:38,Punggol,BTM-M-03,Men's Selvedge Regular Fit Jeans,Bottoms,Men,59.9,59.9,False,1,59.9,PayNow
ORC-20260612-1010,3,2026-06-12 19:00:34,orchard central,UND-W-01,Women's Airism Bikini Shorts,Underwear,WOMEN,9.9,9.9,False,1,9.9,PayNow
ORC-20260612-0853,2,2026-06-12 18:07:58,Orchard Central,SOK-W-04,Women's Ribbed Crew Socks,Socks,Women,5.9,5.9,False,2,11.8,NETS
ORC-20260612-1201,3,2026-06-12 17:36:37,Orchard Central,UND-W-01,Women's Airism Bikini Shorts,Underwear,women,9.9,9.9,False,1,9.9,NETS
BUG-20260612-0601,3,2026-06-12 19:09:41,Bugis,BTM-M-04,Men's Dry Stretch Shorts,Bottoms,Men,19.9,19.9,False,1,19.9,cash
ORC-20260612-0490,1,2026-06-12 18:46:46,Orchard Central,BTM-W-04,Women's Denim Straight Jeans,Bottoms,Women,49.9,49.9,False,1,$49.9,NETS
PUN-20260612-0798,3,2026-06-12 11:24:25,Punggol,SOK-W-08,Women's Lace Trim Ankle Socks,Socks,Women,5.9,5.9,False,1,5.9,Card
ORC-20260612-0327,2,2026-06-12 16:45:03,Orchard Central,SOK-W-02,Women's Pile Crew Socks,socks,Women,5.9,5.9,False,1,5.9,PayNow
BUG-20260612-0992,1,2026-06-12 17:50:59,Bugis,SOK-M-04,Men's Ribbed Crew Socks,socks,Men,5.9,5.9,False,1,5.9,PayNow
PUN-20260612-0045,1,2026-06-12 15:46:23,Punggol,SOK-M-03,Men's Airism Low-Cut Socks,Socks,Men,5.9,5.9,False,1,5.9,Card
ORC-20260612-1034,2,2026-06-12 18:03:09,  Orchard Central  ,SOK-M-04,Men's Ribbed Crew Socks,socks,Men,5.9,5.9,False,1,5.9,Card
PUN-20260612-0405,1,2026-06-12 21:45:44,Punggol,SOK-M-04,Men's Ribbed Crew Socks,Socks,Men,5.9,5.9,False,1,5.9,Card
PUN-20260612-0221,1,2026-06-12 11:41:32,Punggol,UND-W-01,Women's Airism Bikini Shorts,Underwear,Women,9.9,9.9,False,1,9.9,Card
BUG-20260612-0579,2,2026-06-12 19:46:36,Bugis,SOK-M-04,Men's Ribbed Crew Socks,Socks,Men,5.9,5.9,False,1,5.9,CASH
BUG-20260612-0724,1,2026-06-12 21:20:30,Bugis,TOP-M-01,Men's Airism Cotton Crew Neck T-Shirt,Tops,Men,14.9,14.9,False,1,14.9,PayNow
PUN-20260612-0570,2,2026-06-12 14:17:15,Punggol,SOK-W-02,Women's Pile Crew Socks,Socks,Women,5.9,5.9,False,2,$11.8,Card
BUG-20260612-0093,1,2026-06-12 13:41:43,BUGIS,SOK-M-02,Men's Pile Crew Socks,Socks,Men,5.9,5.9,False,1,5.9,PayNow
PUN-20260612-0091,1,2026-06-12 21:35:07,Punggol,SOK-W-10,Women's Wool Blend Socks,Socks,Women,9.9,9.9,False,1,9.9,Cash
ORC-20260612-1205,3,2026-06-12 22:30:33,Orchard Central,UND-W-03,Women's Cotton Blend Briefs,Underwear,Women,9.9,9.9,False,1,9.9,Card
BUG-20260612-1087,2,2026-06-12 20:01:56,Bugis,TOP-W-02,Women's Ribbed Long Sleeve Turtleneck,Tops,WOMEN,19.9,19.9,False,1,19.9,PayNow
ORC-20260612-1287,1,2026-06-12 21:54:13,Orchard Central,TOP-M-07,Men's Ultra Light Down Jacket,tops,Men,55.24,79.9,True,1,55.24,Card
ORC-20260612-0977,1,2026-06-12 18:45:20,Orchard Central,UND-W-01,Women's Airism Bikini Shorts,UNDERWEAR,Women,9.9,9.9,False,1,9.9,PayNow
BUG-20260612-1094,2,2026-06-12 19:53:33,Bugis,UND-M-04,  Men's Cotton Crew Neck Undershirt  ,Underwear,Men,14.9,14.9,False,1,14.9,
BUG-20260612-0336,2,2026-06-12 16:41:26,  Bugis  ,SOK-M-04,Men's Ribbed Crew Socks,Socks,Men,5.9,5.9,False,1,5.9,card
ORC-20260612-1117,3,2026-06-12 21:50:57,Orchard Central,SOK-W-03,Women's Airism Low-Cut Socks,socks,Women,5.9,5.9,False,1,5.9,PayNow
BUG-20260612-0710,2,2026-06-12 14:42:33,Bugis,SOK-W-04,Women's Ribbed Crew Socks,Socks,Women,5.9,5.9,False,1,5.9,Card
BUG-20260612-0184,1,2026-06-12 18:45:09,Bugis,SOK-W-02,Women's Pile Crew Socks,Socks,Women,5.9,5.9,False,1,5.9,PayNow
ORC-20260612-1140,1,2026-06-12 15:37:03,Orchard Central,BTM-W-02,Women's High-Rise Wide Leg Pants,Bottoms,Women,39.9,39.9,False,1,39.9,Card
BUG-20260612-1140,1,2026-06-12 19:09:42,bugis,SOK-M-02,Men's Pile Crew Socks,SOCKS,men,5.9,5.9,False,1,5.9,Card
PUN-20260612-0544,2,2026-06-12 19:47:50,Punggol,UND-M-05,Men's Seamless Boxer Briefs,Underwear,Men,14.9,14.9,False,1,14.9,Card
BUG-20260612-1180,1,2026-06-12 20:31:56,Bugis,TOP-W-01,Women's Airism Cotton Crew Neck T-Shirt,Tops,Women,14.9,14.9,False,1,14.9,NETS
BUG-20260612-1116,2,2026-06-12 17:09:46,Bugis,SOK-W-01,Women's Ankle Socks 3-Pack,Socks,Women,14.9,14.9,False,1,14.9,NETS
ORC-20260612-0740,3,2026-06-12 13:35:05,Orchard Central,UND-W-03,Women's Cotton Blend Briefs,Underwear,Women,9.9,9.9,False,1,9.9,Card
BUG-20260612-0852,2,2026-06-12 16:02:16,Bugis,SOK-W-03,Women's Airism Low-Cut Socks,Socks,women,5.9,5.9,False,2,11.8,Card
PUN-20260612-0699,1,2026-06-12 20:32:28,Punggol,SOK-M-02,Men's Pile Crew Socks,Socks,Men,5.9,5.9,False,1,5.9,Cash
BUG-20260612-0462,1,2026-06-12 20:55:29,bugis,SOK-M-02,Men's Pile Crew Socks,Socks,Men,5.9,5.9,False,1,5.9,NETS
BUG-20260612-0590,2,2026-06-12 21:12:51,Bugis,BTM-M-01,Men's Ezy Ankle Pants,Bottoms,Men,29.9,29.9,False,1,29.9,Card
PUN-20260612-0309,2,2026-06-12 20:30:00,PUNGGOL,TOP-M-10,Men's Merino Blend V-Neck Sweater,Tops,Men,39.9,39.9,False,1,39.9,PayNow
PUN-20260612-0548,1,2026-06-12 21:01:31,  punggol  ,UND-W-09,  Women's Cotton Boyshorts  ,Underwear,Women,9.9,9.9,False,1,9.9,Card
PUN-20260612-0202,1,2026-06-12 20:38:24,Punggol,UND-W-01,Women's Airism Bikini Shorts,Underwear,Women,9.9,9.9,False,1,9.9,PayNow
BUG-20260612-0052,2,2026-06-12 17:57:00,Bugis,TOP-M-02,Men's Supima Cotton Polo Shirt,Tops,Men,29.9,29.9,False,1,29.9,nets
BUG-20260612-1203,1,2026-06-12 14:41:36,  Bugis  ,BTM-M-02,  Men's Slim Fit Chino Trousers  ,Bottoms,Men,29.9,29.9,False,1,29.9,Cash
BUG-20260612-0173,2,2026-06-12 22:25:25,Bugis,TOP-W-01,Women's Airism Cotton Crew Neck T-Shirt,Tops,Women,14.9,14.9,False,1,14.9,Card
BUG-20260612-0070,1,2026-06-12 15:40:20,bugis,UND-W-03,Women's Cotton Blend Briefs,Underwear,Women,9.9,9.9,False,1,9.9,NETS
ORC-20260612-0799,2,2026-06-12 13:42:14,Orchard Central,UND-M-01,Men's Airism Boxer Briefs,Underwear,Men,14.9,14.9,False,1,14.9,Card
PUN-20260612-0056,1,2026-06-12 21:55:29,Punggol,SOK-W-01,Women's Ankle Socks 3-Pack,Socks,Women,14.9,14.9,False,1,14.9,card
PUN-20260612-0533,1,2026-06-12 22:53:53,Punggol,SOK-M-01,Men's Ankle Socks 3-Pack,Socks,Men,14.9,14.9,False,1,14.9,NETS
PUN-20260612-0695,1,2026-06-12 21:19:14,Punggol,SOK-W-02,Women's Pile Crew Socks,SOCKS,Women,5.9,5.9,False,1,5.9,PayNow
ORC-20260612-0075,2,2026-06-12 18:26:35,  orchard central  ,UND-W-01,Women's Airism Bikini Shorts,Underwear,Women,9.9,9.9,False,2,19.8,Paynow
BUG-20260612-0405,1,2026-06-12 19:59:13,Bugis,SOK-W-03,Women's Airism Low-Cut Socks,Socks,Women,5.9,5.9,False,1,5.9,NETS
PUN-20260612-0143,2,2026-06-12 18:51:37,Punggol,SOK-M-01,Men's Ankle Socks 3-Pack,Socks,Men,14.9,14.9,False,2,29.8,Card
PUN-20260612-0696,1,2026-06-12 14:58:07,Punggol,SOK-M-03,Men's Airism Low-Cut Socks,Socks,Men,5.9,5.9,False,1,$5.9,Card
PUN-20260612-0522,1,2026-06-12 15:27:02,Punggol,SOK-M-04,Men's Ribbed Crew Socks,Socks,Men,5.9,5.9,False,2,11.8,Card
BUG-20260612-0691,3,2026-06-12 11:30:45,BUGIS,UND-M-04,Men's Cotton Crew Neck Undershirt,Underwear,Men,14.9,14.9,False,1,14.9,Cash
PUN-20260612-0803,2,2026-06-12 12:15:18,Punggol,SOK-W-03,Women's Airism Low-Cut Socks,Socks,Women,5.9,5.9,False,1,5.9,PayNow
BUG-20260612-0550,2,2026-06-12 19:27:26,Bugis,TOP-W-01,Women's Airism Cotton Crew Neck T-Shirt,Tops,Women,14.9,14.9,False,1,14.9,Card
ORC-20260612-0724,3,2026-06-12 21:05:42,Orchard Central,SOK-W-03,Women's Airism Low-Cut Socks,Socks,Women,5.9,5.9,False,1,5.9,Card
ORC-20260612-0552,2,2026-06-12 17:37:27,Orchard Central,SOK-M-06,Men's Heattech Socks,Socks,Men,9.9,9.9,False,1,9.9,PayNow
PUN-20260612-0158,1,2026-06-12 18:29:11,Punggol,SOK-W-03,Women's Airism Low-Cut Socks,Socks,Women,5.9,5.9,False,1,5.9,PayNow
PUN-20260612-0730,2,2026-06-12 20:00:32,Punggol,SOK-M-01,Men's Ankle Socks 3-Pack,Socks,Men,14.9,14.9,False,2,29.8,PayNow
PUN-20260612-0291,2,2026-06-12 15:21:38,Punggol,TOP-W-02,Women's Ribbed Long Sleeve Turtleneck,Tops,Women,19.9,19.9,False,1,19.9,CARD
BUG-20260612-1008,1,2026-06-12 20:03:55,Bugis,SOK-W-01,Women's Ankle Socks 3-Pack,Socks,Women,14.9,14.9,False,2,$29.8,NETS
BUG-20260612-0213,1,2026-06-12 17:43:15,Bugis,UND-W-03,  Women's Cotton Blend Briefs  ,Underwear,Women,9.9,9.9,False,1,9.9,Card
BUG-20260612-0649,1,2026-06-12 19:23:18,Bugis,TOP-M-04,Men's Oxford Long Sleeve Shirt,Tops,Men,29.9,29.9,False,1,29.9,Card
ORC-20260612-0699,1,2026-06-12 20:21:51,orchard central,TOP-M-02,Men's Supima Cotton Polo Shirt,Tops,Men,29.9,29.9,False,1,29.9,NETS
ORC-20260612-0725,2,2026-06-12 19:21:47,Orchard Central,TOP-W-01,Women's Airism Cotton Crew Neck T-Shirt,Tops,Women,14.9,14.9,False,1,14.9,Card
PUN-20260612-0534,1,2026-06-12 21:22:58,Punggol,TOP-W-04,Women's Heattech Crew Neck Long Sleeve Tee,Tops,WOMEN,14.9,14.9,False,1,14.9,Card
BUG-20260612-0281,2,2026-06-12 20:43:21,Bugis,SOK-W-02,Women's Pile Crew Socks,Socks,Women,5.9,5.9,False,1,5.9,Card
BUG-20260612-0721,1,2026-06-12 21:54:08,Bugis,UND-W-03,Women's Cotton Blend Briefs,Underwear,Women,9.9,9.9,False,2,19.8,PayNow
BUG-20260612-0781,1,2026-06-12 13:34:47,Bugis,TOP-M-03,Men's Dry-EX Crew Neck T-Shirt,Tops,Men,19.9,19.9,False,1,19.9,Card
ORC-20260612-0709,3,2026-06-12 18:34:32,Orchard Central,BTM-W-01,Women's Ultra Stretch Skinny Jeans,Bottoms,Women,39.9,39.9,False,1,39.9,Cash
PUN-20260612-0252,2,2026-06-12 14:56:07,punggol,BTM-M-03,Men's Selvedge Regular Fit Jeans,Bottoms,Men,59.9,59.9,False,1,59.9,CARD
ORC-20260612-0294,2,2026-06-12 21:32:22,orchard central,UND-M-05,Men's Seamless Boxer Briefs,Underwear,Men,14.9,14.9,False,1,14.9,paynow
ORC-20260612-0679,1,2026-06-12 16:46:47,Orchard Central,SOK-W-04,Women's Ribbed Crew Socks,socks,Women,5.9,5.9,False,1,5.9,Card
PUN-20260612-0151,2,2026-06-12 19:23:24,Punggol,TOP-M-07,Men's Ultra Light Down Jacket,tops,Men,55.24,79.9,True,1,55.24,Card
ORC-20260612-0617,3,2026-06-12 20:41:30,Orchard Central,TOP-W-08,Women's Puff Sleeve Blouse,tops,Women,20.35,29.9,True,1,20.35,CASH
BUG-20260612-0824,1,2026-06-12 19:34:46,bugis,UND-M-01,Men's Airism Boxer Briefs,Underwear,Men,14.9,14.9,False,1,14.9,NETS
ORC-20260612-0022,1,2026-06-12 14:29:34,Orchard Central,UND-W-01,Women's Airism Bikini Shorts,Underwear,Women,9.9,9.9,False,1,9.9,Card
ORC-20260612-0003,1,2026-06-12 21:32:37,Orchard Central,BTM-W-03,Women's Ezy Ankle Pants,Bottoms,Women,29.9,29.9,False,1,29.9,Paynow
PUN-20260612-0630,3,2026-06-12 22:36:35,Punggol,SOK-M-04,Men's Ribbed Crew Socks,Socks,Men,5.9,5.9,False,1,5.9,Card
PUN-20260612-0326,2,2026-06-12 20:26:25,Punggol,SOK-M-05,Men's Sport Ankle Socks,Socks,Men,$5.9,5.9,False,2,11.8,Cash
ORC-20260612-1272,1,2026-06-12 16:39:07,Orchard Central,UND-W-07,  Women's Heattech Camisole  ,Underwear,Women,14.9,14.9,False,1,14.9,Cash
BUG-20260612-0606,1,2026-06-12 17:15:12,Bugis,UND-W-03,Women's Cotton Blend Briefs,UNDERWEAR,Women,9.9,9.9,False,2,19.8,Card
ORC-20260612-0873,1,2026-06-12 20:45:51,Orchard Central,SOK-M-02,Men's Pile Crew Socks,Socks,Men,5.9,5.9,False,1,5.9,PayNow
PUN-20260612-0195,1,2026-06-12 12:17:31,Punggol,UND-W-02,Women's Wireless Bra,Underwear,Women,29.9,29.9,False,1,29.9,Cash
PUN-20260612-0062,1,2026-06-12 19:48:49,Punggol,TOP-W-01,Women's Airism Cotton Crew Neck T-Shirt,Tops,Women,14.9,14.9,False,1,14.9,Cash
ORC-20260612-0827,3,2026-06-12 18:33:39,Orchard Central,BTM-M-04,Men's Dry Stretch Shorts,Bottoms,Men,19.9,19.9,False,1,$19.9,PayNow
PUN-20260612-0702,3,2026-06-12 12:19:10,Punggol,UND-W-07,Women's Heattech Camisole,Underwear,Women,14.9,14.9,False,2,29.8,Card
ORC-20260612-1051,1,2026-06-12 18:06:54,  Orchard Central  ,UND-W-05,Women's Seamless Shorts,Underwear,Women,9.9,9.9,False,1,9.9,paynow
ORC-20260612-0330,2,2026-06-12 18:41:03,Orchard Central,UND-W-02,  Women's Wireless Bra  ,Underwear,Women,29.9,29.9,False,2,59.8,Card
ORC-20260612-0229,2,2026-06-12 21:04:58,Orchard Central,BTM-M-04,Men's Dry Stretch Shorts,Bottoms,Men,19.9,19.9,False,1,19.9,PayNow
BUG-20260612-0715,2,2026-06-12 15:38:10,  Bugis  ,SOK-M-02,Men's Pile Crew Socks,Socks,Men,5.9,5.9,False,1,$5.9,Cash
BUG-20260612-0678,1,2026-06-12 19:01:37,Bugis,SOK-M-03,Men's Airism Low-Cut Socks,Socks,Men,5.9,5.9,False,1,5.9,Card
ORC-20260612-0345,3,2026-06-12 15:51:54,Orchard Central,SOK-M-04,Men's Ribbed Crew Socks,Socks,Men,5.9,5.9,False,1,5.9,Cash
PUN-20260612-0379,1,2026-06-12 19:32:42,Punggol,SOK-M-04,Men's Ribbed Crew Socks,socks,Men,5.9,5.9,False,1,5.9,NETS
BUG-20260612-1081,2,2026-06-12 22:34:55,Bugis,SOK-W-03,  Women's Airism Low-Cut Socks  ,Socks,Women,5.9,5.9,False,1,5.9,Nets
ORC-20260612-0454,1,2026-06-12 18:22:00,Orchard Central,SOK-M-04,Men's Ribbed Crew Socks,Socks,Men,5.9,5.9,False,1,5.9,PayNow
PUN-20260612-0753,2,2026-06-12 20:45:30,Punggol,SOK-W-03,Women's Airism Low-Cut Socks,Socks,Women,5.9,5.9,False,1,5.9,Card
ORC-20260612-0672,3,2026-06-12 14:54:59,Orchard Central,UND-W-01,Women's Airism Bikini Shorts,Underwear,Women,9.9,9.9,False,1,9.9,cash
PUN-20260612-0596,2,2026-06-12 14:01:50,Punggol,SOK-W-01,Women's Ankle Socks 3-Pack,Socks,Women,14.9,14.9,False,1,14.9,PayNow
BUG-20260612-0160,1,2026-06-12 18:12:23,Bugis,UND-M-03,Men's Airism Mesh Boxer Briefs,UNDERWEAR,Men,14.9,14.9,False,2,29.8,PAYNOW
PUN-20260612-0768,1,2026-06-12 19:24:19,PUNGGOL,UND-W-01,Women's Airism Bikini Shorts,Underwear,WOMEN,9.9,9.9,False,1,9.9,Card
BUG-20260612-0075,1,2026-06-12 14:03:39,  Bugis  ,SOK-M-02,Men's Pile Crew Socks,Socks,Men,5.9,5.9,False,1,5.9,NETS
BUG-20260612-0787,1,2026-06-12 17:19:08,Bugis,SOK-W-02,Women's Pile Crew Socks,Socks,WOMEN,5.9,5.9,False,1,5.9,Card
PUN-20260612-0660,3,2026-06-12 20:42:27,Punggol,TOP-M-02,Men's Supima Cotton Polo Shirt,Tops,Men,29.9,29.9,False,1,29.9,CARD
PUN-20260612-0282,2,2026-06-12 15:14:07,Punggol,UND-W-03,Women's Cotton Blend Briefs,Underwear,Women,9.9,9.9,False,1,9.9,PAYNOW
BUG-20260612-0866,2,2026-06-12 21:22:09,Bugis,SOK-W-04,Women's Ribbed Crew Socks,Socks,Women,5.9,5.9,False,1,5.9,CARD
PUN-20260612-0325,2,2026-06-12 19:03:42,Punggol,SOK-W-02,Women's Pile Crew Socks,Socks,Women,5.9,5.9,False,1,5.9,NETS
ORC-20260612-1195,1,2026-06-12 13:55:00,Orchard Central,BTM-M-04,Men's Dry Stretch Shorts,Bottoms,Men,19.9,19.9,False,1,19.9,Card
PUN-20260612-0777,2,2026-06-12 21:34:48,Punggol,TOP-M-03,Men's Dry-EX Crew Neck T-Shirt,tops,Men,19.9,19.9,False,1,19.9,Card
ORC-20260612-1106,2,2026-06-12 15:06:12,Orchard Central,BTM-W-09,Women's Sweat Shorts,Bottoms,Women,$19.9,19.9,False,1,19.9,Cash
ORC-20260612-1030,1,2026-06-12 20:33:52,  Orchard Central  ,BTM-W-03,Women's Ezy Ankle Pants,Bottoms,Women,29.9,29.9,False,1,29.9,Card
ORC-20260612-0787,3,2026-06-12 11:58:59,Orchard Central,SOK-M-02,Men's Pile Crew Socks,Socks,Men,5.9,5.9,False,2,11.8,Card
ORC-20260612-0629,1,2026-06-12 22:56:54,ORCHARD CENTRAL,UND-W-01,Women's Airism Bikini Shorts,Underwear,Women,9.9,9.9,False,2,19.8,PayNow
PUN-20260612-0095,2,2026-06-12 20:55:49,Punggol,SOK-W-10,Women's Wool Blend Socks,Socks,Women,9.9,9.9,False,1,9.9,Card
BUG-20260612-0879,1,2026-06-12 19:55:55,Bugis,TOP-M-01,Men's Airism Cotton Crew Neck T-Shirt,Tops,men,14.9,14.9,False,1,14.9,Card
PUN-20260612-0023,2,2026-06-12 20:57:12,Punggol,UND-M-02,Men's Cotton Blend Trunks,Underwear,Men,14.9,14.9,False,1,14.9,Cash
BUG-20260612-0683,1,2026-06-12 16:09:52,Bugis,SOK-M-01,Men's Ankle Socks 3-Pack,Socks,Men,14.9,14.9,False,1,14.9,PayNow
BUG-20260612-0855,2,2026-06-12 17:05:22,Bugis,SOK-W-04,Women's Ribbed Crew Socks,Socks,Women,5.9,5.9,False,1,5.9,PayNow
BUG-20260612-1186,2,2026-06-12 19:30:41,Bugis,SOK-W-02,Women's Pile Crew Socks,Socks,Women,5.9,5.9,False,1,5.9,NETS
BUG-20260612-1092,2,2026-06-12 11:17:31,Bugis,SOK-M-03,Men's Airism Low-Cut Socks,Socks,Men,5.9,5.9,False,1,5.9,Card
ORC-20260612-0317,1,2026-06-12 18:39:40,Orchard Central,TOP-W-01,Women's Airism Cotton Crew Neck T-Shirt,Tops,Women,14.9,14.9,False,1,14.9,Paynow
ORC-20260612-0785,2,2026-06-12 20:37:35,Orchard Central,UND-W-05,Women's Seamless Shorts,Underwear,Women,9.9,9.9,False,1,9.9,PayNow
ORC-20260612-1287,2,2026-06-12 21:54:13,Orchard Central,SOK-W-02,Women's Pile Crew Socks,Socks,Women,5.9,5.9,False,1,5.9,Card
PUN-20260612-0002,3,2026-06-12 22:00:35,Punggol,UND-M-01,Men's Airism Boxer Briefs,Underwear,Men,14.9,14.9,False,1,14.9,Card
ORC-20260612-0152,2,2026-06-12 18:46:10,Orchard Central,UND-W-01,Women's Airism Bikini Shorts,UNDERWEAR,Women,9.9,9.9,False,1,9.9,Cash
ORC-20260612-0844,2,2026-06-12 16:35:49,ORCHARD CENTRAL,SOK-W-04,Women's Ribbed Crew Socks,Socks,Women,$5.9,5.9,False,1,5.9,paynow
PUN-20260612-0591,1,2026-06-12 17:23:59,  Punggol  ,UND-M-02,Men's Cotton Blend Trunks,Underwear,Men,14.9,14.9,False,1,14.9,
ORC-20260612-0586,2,2026-06-12 17:59:41,  Orchard Central  ,TOP-M-04,Men's Oxford Long Sleeve Shirt,Tops,Men,29.9,29.9,False,1,29.9,Card
ORC-20260612-0124,2,2026-06-12 20:59:41,Orchard Central,SOK-W-08,Women's Lace Trim Ankle Socks,Socks,Women,5.9,5.9,False,1,5.9,PayNow
BUG-20260612-0024,1,2026-06-12 16:51:12,Bugis,TOP-W-01,Women's Airism Cotton Crew Neck T-Shirt,Tops,WOMEN,14.9,14.9,False,1,14.9,Cash
PUN-20260612-0266,1,2026-06-12 18:09:01,Punggol,SOK-W-02,Women's Pile Crew Socks,SOCKS,Women,$5.9,5.9,False,1,5.9,NETS
ORC-20260612-0489,2,2026-06-12 16:21:20,Orchard Central,BTM-M-02,Men's Slim Fit Chino Trousers,Bottoms,men,29.9,29.9,False,1,29.9,Cash
BUG-20260612-1165,1,2026-06-12 12:22:53,Bugis,SOK-W-02,  Women's Pile Crew Socks  ,Socks,Women,5.9,5.9,False,1,5.9,Card
BUG-20260612-0990,2,2026-06-12 18:33:40,Bugis,SOK-W-06,Women's Heattech Socks,Socks,women,9.9,9.9,False,1,9.9,Card
PUN-20260612-0288,2,2026-06-12 16:37:58,Punggol,BTM-M-01,Men's Ezy Ankle Pants,Bottoms,MEN,29.9,29.9,False,1,29.9,CARD
BUG-20260612-0450,2,2026-06-12 17:13:40,BUGIS,SOK-W-03,Women's Airism Low-Cut Socks,Socks,Women,5.9,5.9,False,1,5.9,PayNow
BUG-20260612-0659,2,2026-06-12 13:34:10,Bugis,TOP-W-01,Women's Airism Cotton Crew Neck T-Shirt,Tops,Women,14.9,14.9,False,1,14.9,NETS
ORC-20260612-0486,1,2026-06-12 20:24:39,Orchard Central,TOP-M-01,Men's Airism Cotton Crew Neck T-Shirt,tops,Men,14.9,14.9,False,1,14.9,PayNow
BUG-20260612-0886,2,2026-06-12 14:49:29,Bugis,SOK-W-02,Women's Pile Crew Socks,Socks,Women,5.9,5.9,False,1,5.9,PayNow
ORC-20260612-1164,1,2026-06-12 16:41:01,Orchard Central,SOK-W-02,Women's Pile Crew Socks,Socks,Women,5.9,5.9,False,2,11.8,Card
ORC-20260612-1224,1,2026-06-12 15:33:14,Orchard Central,SOK-W-02,  Women's Pile Crew Socks  ,socks,Women,5.9,5.9,False,1,5.9,PayNow
ORC-20260612-0167,1,2026-06-12 20:57:32,Orchard Central,SOK-W-04,Women's Ribbed Crew Socks,Socks,Women,5.9,5.9,False,1,5.9,CASH
PUN-20260612-0496,2,2026-06-12 21:53:21,Punggol,BTM-M-04,Men's Dry Stretch Shorts,Bottoms,Men,19.9,19.9,False,1,19.9,Card
BUG-20260612-0675,1,2026-06-12 21:59:16,Bugis,SOK-W-04,Women's Ribbed Crew Socks,Socks,Women,5.9,5.9,False,1,5.9,Cash
BUG-20260612-0476,1,2026-06-12 18:26:38,Bugis,UND-W-08,Women's Airism Camisole,Underwear,Women,$14.9,14.9,False,1,14.9,CARD
BUG-20260612-1114,3,2026-06-12 20:31:29,Bugis,BTM-W-01,Women's Ultra Stretch Skinny Jeans,Bottoms,Women,39.9,39.9,False,1,39.9,Card
ORC-20260612-0715,1,2026-06-12 15:57:13,Orchard Central,SOK-W-04,Women's Ribbed Crew Socks,Socks,Women,5.9,5.9,False,1,5.9,Card
ORC-20260612-1096,1,2026-06-12 14:04:24,Orchard Central,SOK-M-01,Men's Ankle Socks 3-Pack,Socks,men,14.9,14.9,False,1,14.9,PayNow
ORC-20260612-1264,1,2026-06-12 21:53:37,Orchard Central,UND-W-02,Women's Wireless Bra,Underwear,Women,29.9,29.9,False,2,59.8,Cash
BUG-20260612-0016,2,2026-06-12 20:21:00,Bugis,SOK-M-03,Men's Airism Low-Cut Socks,Socks,Men,5.9,5.9,False,1,5.9,CARD
BUG-20260612-0390,2,2026-06-12 21:25:31,Bugis,SOK-W-03,Women's Airism Low-Cut Socks,SOCKS,Women,5.9,5.9,False,1,5.9,Card
BUG-20260612-1240,3,2026-06-12 20:54:44,Bugis,TOP-W-04,  Women's Heattech Crew Neck Long Sleeve Tee  ,Tops,Women,14.9,14.9,False,1,14.9,Card
BUG-20260612-0020,1,2026-06-12 19:10:52,Bugis,SOK-M-04,Men's Ribbed Crew Socks,Socks,Men,5.9,5.9,False,1,5.9,Card
BUG-20260612-1205,1,2026-06-12 19:05:21,Bugis,SOK-M-04,Men's Ribbed Crew Socks,Socks,Men,5.9,5.9,False,1,5.9,PayNow
ORC-20260612-0494,2,2026-06-12 21:43:19,Orchard Central,UND-W-01,Women's Airism Bikini Shorts,Underwear,Women,9.9,9.9,False,1,9.9,PayNow
BUG-20260612-0661,1,2026-06-12 17:19:11,Bugis,TOP-W-08,Women's Puff Sleeve Blouse,Tops,Women,20.35,29.9,True,1,20.35,Card
PUN-20260612-0006,1,2026-06-12 22:37:25,Punggol,TOP-W-01,Women's Airism Cotton Crew Neck T-Shirt,Tops,Women,14.9,14.9,False,1,14.9,CARD
PUN-20260612-0710,1,2026-06-12 22:08:07,Punggol,BTM-M-04,Men's Dry Stretch Shorts,Bottoms,Men,19.9,19.9,False,1,19.9,Cash
BUG-20260612-0722,1,2026-06-12 14:17:14,  BUGIS  ,BTM-M-02,Men's Slim Fit Chino Trousers,Bottoms,Men,29.9,29.9,False,1,29.9,Card
BUG-20260612-0074,1,2026-06-12 14:49:21,Bugis,SOK-W-02,Women's Pile Crew Socks,Socks,Women,5.9,5.9,False,1,5.9,Card
ORC-20260612-0027,1,2026-06-12 17:00:03,Orchard Central,UND-M-04,  Men's Cotton Crew Neck Undershirt  ,Underwear,Men,14.9,14.9,False,1,14.9,NETS
PUN-20260612-0792,1,2026-06-12 16:18:43,Punggol,SOK-W-02,Women's Pile Crew Socks,Socks,women,5.9,5.9,False,2,11.8,PAYNOW
PUN-20260612-0402,1,2026-06-12 20:47:31,Punggol,SOK-M-04,Men's Ribbed Crew Socks,Socks,Men,5.9,5.9,False,1,5.9,Card
ORC-20260612-1031,3,2026-06-12 19:27:29,Orchard Central,BTM-W-02,Women's High-Rise Wide Leg Pants,Bottoms,Women,39.9,39.9,False,1,39.9,PayNow
BUG-20260612-0229,1,2026-06-12 20:37:50,Bugis,SOK-M-04,Men's Ribbed Crew Socks,Socks,Men,5.9,5.9,False,1,5.9,Card
PUN-20260612-0543,2,2026-06-12 20:23:38,Punggol,SOK-W-02,Women's Pile Crew Socks,Socks,Women,5.9,5.9,False,1,5.9,Card
ORC-20260612-0185,3,2026-06-12 12:50:50,Orchard Central,UND-M-08,Men's Airism V-Neck Undershirt,Underwear,Men,9.9,9.9,False,1,9.9,Card
ORC-20260612-0562,2,2026-06-12 14:31:32,Orchard Central,SOK-W-01,Women's Ankle Socks 3-Pack,Socks,Women,14.9,14.9,False,1,14.9,Card
BUG-20260612-0872,2,2026-06-12 20:26:23,Bugis,TOP-W-02,Women's Ribbed Long Sleeve Turtleneck,TOPS,Women,19.9,19.9,False,1,19.9,Card
PUN-20260612-0188,2,2026-06-12 21:42:23,Punggol,UND-W-04,Women's Airism T-Shirt Bra,Underwear,Women,29.9,29.9,False,1,29.9,Cash
ORC-20260612-0287,2,2026-06-12 18:03:02,Orchard Central,SOK-W-02,Women's Pile Crew Socks,Socks,Women,5.9,5.9,False,1,5.9,Card
BUG-20260612-0760,2,2026-06-12 20:48:47,Bugis,UND-M-03,Men's Airism Mesh Boxer Briefs,Underwear,Men,14.9,14.9,False,1,14.9,Card
BUG-20260612-0802,1,2026-06-12 19:19:55,Bugis,SOK-W-06,Women's Heattech Socks,Socks,Women,9.9,9.9,False,1,9.9,CARD
ORC-20260612-0782,1,2026-06-12 19:07:38,  Orchard Central  ,SOK-M-04,Men's Ribbed Crew Socks,Socks,Men,5.9,5.9,False,1,5.9,Card
BUG-20260612-0046,2,2026-06-12 19:56:08,Bugis,UND-W-07,  Women's Heattech Camisole  ,Underwear,Women,14.9,14.9,False,1,14.9,Card
BUG-20260612-0031,1,2026-06-12 20:03:28,Bugis,SOK-W-03,Women's Airism Low-Cut Socks,Socks,Women,5.9,5.9,False,1,5.9,PayNow
PUN-20260612-0783,1,2026-06-12 19:07:40,Punggol,SOK-M-02,Men's Pile Crew Socks,socks,Men,5.9,5.9,False,1,5.9,Card
PUN-20260612-0487,2,2026-06-12 18:52:18,Punggol,UND-W-09,Women's Cotton Boyshorts,Underwear,WOMEN,9.9,9.9,False,1,9.9,Card
ORC-20260612-0112,1,2026-06-12 13:41:24,Orchard Central,SOK-M-03,Men's Airism Low-Cut Socks,Socks,Men,5.9,5.9,False,1,5.9,Card
ORC-20260612-0764,2,2026-06-12 21:41:49,orchard central,UND-W-04,Women's Airism T-Shirt Bra,UNDERWEAR,Women,29.9,29.9,False,1,29.9,Card
ORC-20260612-0790,2,2026-06-12 18:29:02,Orchard Central,SOK-W-01,Women's Ankle Socks 3-Pack,Socks,Women,14.9,14.9,False,2,$29.8,Card
PUN-20260612-0045,1,2026-06-12 15:46:23,Punggol,SOK-M-03,Men's Airism Low-Cut Socks,Socks,Men,5.9,5.9,False,1,5.9,card
BUG-20260612-0007,1,2026-06-12 21:09:42,Bugis,SOK-W-02,Women's Pile Crew Socks,Socks,Women,5.9,5.9,False,1,5.9,PayNow
PUN-20260612-0411,1,2026-06-12 20:52:25,Punggol,UND-M-02,  Men's Cotton Blend Trunks  ,Underwear,Men,14.9,14.9,False,1,14.9,Card
ORC-20260612-0320,2,2026-06-12 13:14:02,Orchard Central,TOP-W-01,Women's Airism Cotton Crew Neck T-Shirt,Tops,Women,14.9,14.9,False,1,14.9,Card
BUG-20260612-0171,1,2026-06-12 14:30:17,Bugis,UND-W-09,Women's Cotton Boyshorts,underwear,women,9.9,9.9,False,1,9.9,Cash
ORC-20260612-1103,1,2026-06-12 21:46:59,Orchard Central,SOK-W-04,Women's Ribbed Crew Socks,Socks,Women,5.9,5.9,False,1,5.9,NETS
ORC-20260612-0886,1,2026-06-12 18:37:42,Orchard Central,UND-M-03,  Men's Airism Mesh Boxer Briefs  ,Underwear,Men,14.9,14.9,False,2,29.8,Card
ORC-20260612-0437,2,2026-06-12 19:24:24,Orchard Central,TOP-W-01,Women's Airism Cotton Crew Neck T-Shirt,Tops,Women,14.9,14.9,False,1,14.9,Nets
ORC-20260612-0011,1,2026-06-12 19:22:01,Orchard Central,BTM-M-02,Men's Slim Fit Chino Trousers,Bottoms,Men,29.9,29.9,False,1,29.9,Card
BUG-20260612-0369,2,2026-06-12 16:34:32,Bugis,SOK-M-03,Men's Airism Low-Cut Socks,Socks,Men,5.9,5.9,False,2,11.8,PayNow
PUN-20260612-0302,3,2026-06-12 20:58:51,Punggol,SOK-M-01,Men's Ankle Socks 3-Pack,Socks,Men,14.9,14.9,False,2,29.8,PayNow
PUN-20260612-0549,1,2026-06-12 20:30:13,Punggol,SOK-M-04,Men's Ribbed Crew Socks,Socks,Men,5.9,5.9,False,1,5.9,CARD
ORC-20260612-0579,1,2026-06-12 20:57:42,Orchard Central,UND-W-01,Women's Airism Bikini Shorts,Underwear,WOMEN,9.9,9.9,False,1,9.9,Nets
BUG-20260612-1029,1,2026-06-12 11:41:17,Bugis,UND-W-03,  Women's Cotton Blend Briefs  ,UNDERWEAR,Women,9.9,9.9,False,2,19.8,Card
ORC-20260612-1110,1,2026-06-12 21:15:55,  Orchard Central  ,TOP-M-07,Men's Ultra Light Down Jacket,Tops,Men,55.24,79.9,True,1,55.24,Card
BUG-20260612-0197,1,2026-06-12 18:56:11,Bugis,UND-M-04,  Men's Cotton Crew Neck Undershirt  ,Underwear,Men,14.9,14.9,False,2,29.8,Cash
PUN-20260612-0572,3,2026-06-12 18:37:49,  Punggol  ,UND-M-01,Men's Airism Boxer Briefs,Underwear,Men,14.9,14.9,False,1,14.9,Card
ORC-20260612-0375,3,2026-06-12 20:08:23,Orchard Central,SOK-M-04,Men's Ribbed Crew Socks,Socks,Men,5.9,5.9,False,1,5.9,Cash
PUN-20260612-0222,2,2026-06-12 18:03:29,Punggol,SOK-M-04,Men's Ribbed Crew Socks,Socks,Men,5.9,5.9,False,1,5.9,Cash
PUN-20260612-0319,2,2026-06-12 14:24:23,Punggol,SOK-W-02,Women's Pile Crew Socks,Socks,Women,5.9,5.9,False,1,5.9,CARD
PUN-20260612-0317,1,2026-06-12 13:11:09,Punggol,SOK-M-04,  Men's Ribbed Crew Socks  ,Socks,Men,5.9,5.9,False,1,5.9,PayNow
ORC-20260612-0418,1,2026-06-12 12:48:49,Orchard Central,SOK-M-03,Men's Airism Low-Cut Socks,Socks,Men,5.9,5.9,False,2,11.8,Cash
PUN-20260612-0799,1,2026-06-12 20:25:52,punggol,SOK-M-04,Men's Ribbed Crew Socks,Socks,Men,5.9,5.9,False,1,5.9,PayNow
PUN-20260612-0393,2,2026-06-12 16:19:50,Punggol,SOK-W-03,Women's Airism Low-Cut Socks,Socks,Women,5.9,5.9,False,1,5.9,Card
PUN-20260612-0010,1,2026-06-12 11:22:27,Punggol,SOK-W-02,Women's Pile Crew Socks,Socks,Women,5.9,5.9,False,1,5.9,Cash
BUG-20260612-0015,1,2026-06-12 19:02:38,Bugis,UND-W-03,Women's Cotton Blend Briefs,Underwear,Women,9.9,9.9,False,1,9.9,Card
ORC-20260612-1198,1,2026-06-12 17:18:14,Orchard Central,SOK-M-02,Men's Pile Crew Socks,Socks,Men,5.9,5.9,False,1,5.9,PayNow
ORC-20260612-1093,2,2026-06-12 13:15:08,ORCHARD CENTRAL,SOK-W-04,Women's Ribbed Crew Socks,Socks,Women,5.9,5.9,False,1,5.9,Paynow
ORC-20260612-0488,1,2026-06-12 20:48:09,Orchard Central,UND-W-04,Women's Airism T-Shirt Bra,Underwear,Women,29.9,29.9,False,1,29.9,Card
BUG-20260612-0937,1,2026-06-12 17:10:01,Bugis,UND-W-04,Women's Airism T-Shirt Bra,Underwear,Women,29.9,29.9,False,1,29.9,Card
PUN-20260612-0440,3,2026-06-12 11:56:56,Punggol,SOK-W-04,Women's Ribbed Crew Socks,Socks,Women,5.9,5.9,False,1,5.9,NETS
ORC-20260612-0373,2,2026-06-12 16:33:42,Orchard Central,SOK-W-03,Women's Airism Low-Cut Socks,SOCKS,Women,5.9,5.9,False,2,11.8,Card
PUN-20260612-0746,2,2026-06-12 18:17:53,Punggol,UND-W-03,Women's Cotton Blend Briefs,Underwear,Women,9.9,9.9,False,1,9.9,Nets
ORC-20260612-0044,2,2026-06-12 20:36:06,Orchard Central,TOP-M-01,Men's Airism Cotton Crew Neck T-Shirt,Tops,Men,14.9,14.9,False,1,14.9,NETS
BUG-20260612-0690,2,2026-06-12 17:39:35,Bugis,UND-M-02,Men's Cotton Blend Trunks,Underwear,men,14.9,14.9,False,1,$14.9,Cash
PUN-20260612-0309,1,2026-06-12 20:30:00,Punggol,UND-W-03,Women's Cotton Blend Briefs,Underwear,Women,9.9,9.9,False,1,9.9,PayNow
PUN-20260612-0656,3,2026-06-12 18:11:29,Punggol,SOK-W-03,Women's Airism Low-Cut Socks,Socks,Women,5.9,5.9,False,1,5.9,Card
PUN-20260612-0049,3,2026-06-12 20:50:39,Punggol,UND-W-03,  Women's Cotton Blend Briefs  ,Underwear,Women,9.9,9.9,False,1,9.9,Cash
ORC-20260612-0478,1,2026-06-12 17:44:16,Orchard Central,SOK-W-03,Women's Airism Low-Cut Socks,socks,Women,5.9,5.9,False,1,5.9,CARD
BUG-20260612-0718,1,2026-06-12 19:15:41,Bugis,SOK-M-04,Men's Ribbed Crew Socks,Socks,Men,5.9,5.9,False,1,5.9,Card
ORC-20260612-0465,1,2026-06-12 20:46:05,Orchard Central,TOP-M-01,Men's Airism Cotton Crew Neck T-Shirt,Tops,Men,14.9,14.9,False,1,14.9,Card
ORC-20260612-1163,2,2026-06-12 17:08:12,orchard central,SOK-W-04,Women's Ribbed Crew Socks,SOCKS,WOMEN,5.9,5.9,False,1,5.9,Cash
ORC-20260612-0372,1,2026-06-12 12:24:00,Orchard Central,SOK-W-02,Women's Pile Crew Socks,Socks,Women,5.9,5.9,False,1,5.9,Card
BUG-20260612-1024,2,2026-06-12 21:54:15,Bugis,SOK-W-02,Women's Pile Crew Socks,SOCKS,WOMEN,5.9,5.9,False,1,5.9,NETS
BUG-20260612-0625,1,2026-06-12 11:45:46,Bugis,BTM-M-02,Men's Slim Fit Chino Trousers,Bottoms,Men,29.9,29.9,False,1,29.9,card
PUN-20260612-0430,1,2026-06-12 19:28:27,Punggol,SOK-W-03,Women's Airism Low-Cut Socks,socks,Women,5.9,5.9,False,2,11.8,Cash
ORC-20260612-0635,2,2026-06-12 17:40:37,Orchard Central,SOK-W-04,Women's Ribbed Crew Socks,Socks,Women,5.9,5.9,False,1,5.9,CARD
ORC-20260612-0234,1,2026-06-12 18:19:29,orchard central,SOK-M-08,Men's Cotton Blend Dress Socks,SOCKS,Men,9.9,9.9,False,1,9.9,PayNow
PUN-20260612-0517,1,2026-06-12 18:28:23,Punggol,SOK-W-02,Women's Pile Crew Socks,Socks,Women,5.9,5.9,False,1,5.9,PayNow
BUG-20260612-0550,3,2026-06-12 19:27:26,Bugis,SOK-W-02,Women's Pile Crew Socks,Socks,Women,5.9,5.9,False,1,5.9,Card
ORC-20260612-0367,1,2026-06-12 11:10:36,Orchard Central,SOK-W-02,  Women's Pile Crew Socks  ,Socks,Women,5.9,5.9,False,1,5.9,paynow
BUG-20260612-0448,3,2026-06-12 11:27:42,BUGIS,SOK-M-04,Men's Ribbed Crew Socks,Socks,Men,5.9,5.9,False,1,5.9,NETS
BUG-20260612-0350,1,2026-06-12 13:58:56,Bugis,BTM-M-05,Men's Wide Fit Cargo Pants,Bottoms,Men,26.68,39.9,True,1,26.68,PayNow
PUN-20260612-0810,1,2026-06-12 12:56:20,Punggol,SOK-W-04,Women's Ribbed Crew Socks,Socks,Women,5.9,5.9,False,2,11.8,PAYNOW
ORC-20260612-0890,2,2026-06-12 17:12:37,Orchard Central,UND-M-02,Men's Cotton Blend Trunks,Underwear,Men,$14.9,14.9,False,1,14.9,
PUN-20260612-0605,1,2026-06-12 20:19:52,Punggol,TOP-W-07,Women's Fleece Pullover Hoodie,TOPS,Women,29.9,29.9,False,1,29.9,Card
PUN-20260612-0731,1,2026-06-12 13:23:29,Punggol,TOP-M-02,Men's Supima Cotton Polo Shirt,tops,Men,$29.9,29.9,False,1,29.9,NETS
ORC-20260612-1149,1,2026-06-12 20:27:20,Orchard Central,TOP-W-03,Women's Silky Satin Blouse,Tops,Women,39.9,39.9,False,1,39.9,Card
ORC-20260612-0780,1,2026-06-12 19:39:09,Orchard Central,SOK-M-04,Men's Ribbed Crew Socks,Socks,Men,5.9,5.9,False,1,5.9,NETS
PUN-20260612-0083,1,2026-06-12 19:23:23,  Punggol  ,SOK-W-04,Women's Ribbed Crew Socks,socks,Women,5.9,5.9,False,1,5.9,Cash
PUN-20260612-0478,2,2026-06-12 20:10:36,Punggol,SOK-W-03,Women's Airism Low-Cut Socks,Socks,Women,5.9,5.9,False,1,5.9,
BUG-20260612-0478,3,2026-06-12 15:02:07,Bugis,BTM-M-02,Men's Slim Fit Chino Trousers,Bottoms,Men,29.9,29.9,False,1,29.9,NETS
PUN-20260612-0601,2,2026-06-12 13:41:55,Punggol,UND-M-01,Men's Airism Boxer Briefs,Underwear,Men,14.9,14.9,False,1,14.9,Paynow
BUG-20260612-0325,2,2026-06-12 16:44:56,Bugis,BTM-W-01,Women's Ultra Stretch Skinny Jeans,Bottoms,Women,39.9,39.9,False,1,39.9,Card
ORC-20260612-0931,2,2026-06-12 11:43:22,Orchard Central,BTM-W-03,Women's Ezy Ankle Pants,BOTTOMS,women,29.9,29.9,False,1,29.9,Cash
ORC-20260612-0974,2,2026-06-12 19:51:28,Orchard Central,SOK-M-03,Men's Airism Low-Cut Socks,socks,Men,5.9,5.9,False,1,5.9,PayNow
ORC-20260612-0781,3,2026-06-12 19:47:26,Orchard Central,SOK-W-02,Women's Pile Crew Socks,Socks,Women,5.9,5.9,False,1,$5.9,Card
BUG-20260612-0346,3,2026-06-12 18:20:27,Bugis,UND-M-01,Men's Airism Boxer Briefs,Underwear,Men,14.9,14.9,False,1,14.9,PayNow
BUG-20260612-0098,1,2026-06-12 20:01:15,Bugis,BTM-W-02,Women's High-Rise Wide Leg Pants,Bottoms,Women,39.9,39.9,False,1,39.9,PayNow
PUN-20260612-0301,1,2026-06-12 19:16:03,Punggol,UND-W-03,Women's Cotton Blend Briefs,Underwear,Women,9.9,9.9,False,1,9.9,Card
BUG-20260612-0876,1,2026-06-12 20:03:29,  Bugis  ,UND-W-03,  Women's Cotton Blend Briefs  ,Underwear,Women,9.9,9.9,False,1,9.9,Card
PUN-20260612-0508,3,2026-06-12 20:19:12,Punggol,SOK-W-04,Women's Ribbed Crew Socks,Socks,Women,5.9,5.9,False,1,5.9,Card
ORC-20260612-1017,2,2026-06-12 14:08:17,Orchard Central,BTM-W-01,Women's Ultra Stretch Skinny Jeans,Bottoms,WOMEN,39.9,39.9,False,1,$39.9,Card
PUN-20260612-0170,1,2026-06-12 15:49:18,Punggol,SOK-W-08,Women's Lace Trim Ankle Socks,Socks,Women,5.9,5.9,False,1,5.9,Card
BUG-20260612-0211,2,2026-06-12 20:16:37,bugis,SOK-W-02,Women's Pile Crew Socks,Socks,Women,5.9,5.9,False,1,5.9,Cash
ORC-20260612-0446,3,2026-06-12 18:45:15,Orchard Central,SOK-M-03,Men's Airism Low-Cut Socks,Socks,Men,5.9,5.9,False,1,5.9,NETS
BUG-20260612-1159,2,2026-06-12 16:53:21,Bugis,TOP-W-08,Women's Puff Sleeve Blouse,Tops,Women,20.35,29.9,True,1,20.35,NETS
ORC-20260612-0110,1,2026-06-12 22:24:03,Orchard Central,UND-W-03,Women's Cotton Blend Briefs,Underwear,Women,9.9,9.9,False,1,9.9,PayNow
ORC-20260612-1002,1,2026-06-12 20:39:12,Orchard Central,TOP-M-03,Men's Dry-EX Crew Neck T-Shirt,Tops,Men,19.9,19.9,False,1,19.9,NETS
BUG-20260612-1100,2,2026-06-12 18:47:28,Bugis,BTM-M-02,Men's Slim Fit Chino Trousers,Bottoms,men,29.9,29.9,False,1,29.9,Card
ORC-20260612-0927,2,2026-06-12 12:15:48,Orchard Central,SOK-M-08,Men's Cotton Blend Dress Socks,Socks,Men,9.9,9.9,False,2,19.8,NETS
BUG-20260612-0570,3,2026-06-12 12:52:52,bugis,SOK-W-04,Women's Ribbed Crew Socks,Socks,Women,5.9,5.9,False,1,5.9,Card
BUG-20260612-0192,2,2026-06-12 21:17:11,Bugis,SOK-W-03,Women's Airism Low-Cut Socks,Socks,Women,5.9,5.9,False,1,5.9,NETS
BUG-20260612-0976,2,2026-06-12 13:44:57,Bugis,SOK-W-02,  Women's Pile Crew Socks  ,Socks,Women,5.9,5.9,False,1,5.9,PayNow
BUG-20260612-1051,2,2026-06-12 18:25:47,Bugis,SOK-W-03,Women's Airism Low-Cut Socks,Socks,Women,5.9,5.9,False,1,5.9,Card
PUN-20260612-0563,2,2026-06-12 12:00:32,Punggol,TOP-W-03,Women's Silky Satin Blouse,Tops,Women,39.9,39.9,False,1,39.9,Card
BUG-20260612-1103,1,2026-06-12 18:58:54,Bugis,UND-M-01,Men's Airism Boxer Briefs,Underwear,Men,14.9,14.9,False,1,14.9,Cash
BUG-20260612-1211,2,2026-06-12 17:26:02,bugis,SOK-W-01,  Women's Ankle Socks 3-Pack  ,Socks,Women,14.9,14.9,False,1,14.9,Card
BUG-20260612-0358,2,2026-06-12 19:36:55,Bugis,SOK-W-02,Women's Pile Crew Socks,Socks,Women,5.9,5.9,False,1,5.9,NETS
ORC-20260612-0149,2,2026-06-12 14:29:16,Orchard Central,BTM-W-06,Women's Jersey Jogger Pants,Bottoms,Women,29.9,29.9,False,1,$29.9,Card
PUN-20260612-0165,1,2026-06-12 18:32:23,Punggol,BTM-M-04,Men's Dry Stretch Shorts,Bottoms,men,19.9,19.9,False,1,19.9,CARD
PUN-20260612-0072,1,2026-06-12 19:01:04,Punggol,TOP-M-10,Men's Merino Blend V-Neck Sweater,Tops,Men,39.9,39.9,False,1,39.9,NETS
PUN-20260612-0182,1,2026-06-12 11:59:27,  Punggol  ,UND-W-03,  Women's Cotton Blend Briefs  ,Underwear,Women,9.9,9.9,False,1,9.9,Card
PUN-20260612-0724,2,2026-06-12 22:51:13,Punggol,SOK-W-04,Women's Ribbed Crew Socks,Socks,Women,5.9,5.9,False,1,5.9,PayNow
PUN-20260612-0600,1,2026-06-12 19:43:14,Punggol,SOK-M-02,Men's Pile Crew Socks,Socks,Men,5.9,5.9,False,1,5.9,Cash
PUN-20260612-0798,1,2026-06-12 11:24:25,Punggol,SOK-M-04,Men's Ribbed Crew Socks,Socks,MEN,5.9,5.9,False,1,5.9,Card
ORC-20260612-0074,2,2026-06-12 22:59:21,Orchard Central,SOK-W-04,Women's Ribbed Crew Socks,Socks,Women,5.9,5.9,False,1,5.9,Nets
ORC-20260612-0080,2,2026-06-12 21:24:08,  Orchard Central  ,UND-W-04,Women's Airism T-Shirt Bra,Underwear,Women,29.9,29.9,False,1,29.9,Card
BUG-20260612-0985,1,2026-06-12 18:15:31,Bugis,SOK-M-04,Men's Ribbed Crew Socks,Socks,Men,5.9,5.9,False,1,5.9,PayNow
BUG-20260612-0751,2,2026-06-12 19:55:29,Bugis,TOP-W-03,Women's Silky Satin Blouse,Tops,Women,39.9,39.9,False,1,39.9,PayNow
ORC-20260612-0217,2,2026-06-12 21:11:27,Orchard Central,UND-M-04,Men's Cotton Crew Neck Undershirt,Underwear,MEN,14.9,14.9,False,1,14.9,Card
ORC-20260612-0193,1,2026-06-12 15:39:45,Orchard Central,SOK-W-02,Women's Pile Crew Socks,SOCKS,Women,5.9,5.9,False,1,5.9,Card
ORC-20260612-0966,2,2026-06-12 20:22:56,ORCHARD CENTRAL,BTM-W-02,Women's High-Rise Wide Leg Pants,Bottoms,Women,39.9,39.9,False,1,39.9,NETS
PUN-20260612-0385,1,2026-06-12 14:38:44,Punggol,SOK-W-10,Women's Wool Blend Socks,Socks,Women,9.9,9.9,False,1,9.9,PayNow
PUN-20260612-0043,3,2026-06-12 18:17:17,Punggol,UND-W-10,  Women's Wireless Bralette  ,Underwear,Women,29.9,29.9,False,2,59.8,
BUG-20260612-1209,1,2026-06-12 11:30:17,Bugis,BTM-W-02,Women's High-Rise Wide Leg Pants,Bottoms,women,39.9,39.9,False,1,39.9,Card
BUG-20260612-0195,1,2026-06-12 12:53:15,Bugis,UND-W-03,Women's Cotton Blend Briefs,Underwear,Women,9.9,9.9,False,1,9.9,PayNow
BUG-20260612-0013,1,2026-06-12 22:41:59,Bugis,SOK-M-04,Men's Ribbed Crew Socks,Socks,Men,5.9,5.9,False,1,5.9,NETS
ORC-20260612-0862,1,2026-06-12 20:57:41,Orchard Central,SOK-W-06,Women's Heattech Socks,Socks,Women,9.9,9.9,False,1,9.9,PayNow
ORC-20260612-0583,1,2026-06-12 19:48:07,Orchard Central,SOK-W-03,Women's Airism Low-Cut Socks,Socks,Women,5.9,5.9,False,1,5.9,Cash
BUG-20260612-0501,2,2026-06-12 21:17:36,Bugis,SOK-M-02,Men's Pile Crew Socks,Socks,Men,5.9,5.9,False,1,5.9,Card
BUG-20260612-0219,1,2026-06-12 17:21:08,Bugis,SOK-W-04,Women's Ribbed Crew Socks,Socks,Women,5.9,5.9,False,1,5.9,paynow
ORC-20260612-0330,1,2026-06-12 18:41:03,Orchard Central,SOK-W-03,Women's Airism Low-Cut Socks,Socks,Women,5.9,5.9,False,1,5.9,Card
ORC-20260612-0980,2,2026-06-12 21:20:08,  Orchard Central  ,SOK-M-06,Men's Heattech Socks,Socks,men,9.9,9.9,False,1,9.9,PayNow
ORC-20260612-0256,3,2026-06-12 21:25:59,Orchard Central,UND-W-01,Women's Airism Bikini Shorts,Underwear,Women,9.9,9.9,False,1,9.9,Card
BUG-20260612-0296,1,2026-06-12 19:42:17,Bugis,TOP-M-04,Men's Oxford Long Sleeve Shirt,Tops,men,29.9,29.9,False,1,29.9,Card
BUG-20260612-1000,3,2026-06-12 13:16:21,Bugis,BTM-M-05,Men's Wide Fit Cargo Pants,Bottoms,Men,26.68,39.9,True,1,26.68,PayNow
PUN-20260612-0811,3,2026-06-12 20:29:02,Punggol,SOK-M-02,Men's Pile Crew Socks,Socks,Men,5.9,5.9,False,2,$11.8,PayNow
PUN-20260612-0042,2,2026-06-12 18:42:15,Punggol,UND-M-03,Men's Airism Mesh Boxer Briefs,Underwear,Men,14.9,14.9,False,1,14.9,Card
PUN-20260612-0326,1,2026-06-12 20:26:25,Punggol,TOP-M-01,Men's Airism Cotton Crew Neck T-Shirt,Tops,Men,$14.9,14.9,False,1,14.9,Cash
BUG-20260612-0597,2,2026-06-12 16:38:17,  Bugis  ,UND-W-04,Women's Airism T-Shirt Bra,Underwear,Women,29.9,29.9,False,1,29.9,Card
BUG-20260612-0448,2,2026-06-12 11:27:42,Bugis,SOK-W-04,  Women's Ribbed Crew Socks  ,Socks,Women,5.9,5.9,False,1,5.9,NETS
ORC-20260612-0813,2,2026-06-12 20:27:09,Orchard Central,SOK-M-02,Men's Pile Crew Socks,Socks,Men,5.9,5.9,False,1,5.9,Card
BUG-20260612-1132,2,2026-06-12 20:33:51,Bugis,UND-W-03,Women's Cotton Blend Briefs,Underwear,Women,$9.9,9.9,False,1,9.9,Card
BUG-20260612-0824,2,2026-06-12 19:34:46,Bugis,SOK-W-02,Women's Pile Crew Socks,Socks,Women,5.9,5.9,False,1,5.9,NETS
ORC-20260612-1180,2,2026-06-12 19:32:20,Orchard Central,SOK-M-02,Men's Pile Crew Socks,Socks,Men,5.9,5.9,False,1,5.9,card
PUN-20260612-0262,3,2026-06-12 20:17:33,Punggol,TOP-M-01,Men's Airism Cotton Crew Neck T-Shirt,Tops,Men,14.9,14.9,False,1,14.9,PAYNOW
BUG-20260612-0242,2,2026-06-12 14:22:04,Bugis,SOK-W-04,Women's Ribbed Crew Socks,Socks,Women,5.9,5.9,False,1,5.9,Card
BUG-20260612-0492,1,2026-06-12 16:10:20,Bugis,SOK-W-03,Women's Airism Low-Cut Socks,Socks,Women,5.9,5.9,False,1,5.9,NETS
BUG-20260612-0806,1,2026-06-12 20:36:48,Bugis,BTM-M-02,  Men's Slim Fit Chino Trousers  ,BOTTOMS,Men,29.9,29.9,False,1,29.9,Card
ORC-20260612-1040,2,2026-06-12 16:57:06,Orchard Central,BTM-W-01,Women's Ultra Stretch Skinny Jeans,Bottoms,Women,39.9,39.9,False,1,39.9,Card
PUN-20260612-0406,1,2026-06-12 13:41:28,Punggol,BTM-W-03,  Women's Ezy Ankle Pants  ,Bottoms,Women,29.9,29.9,False,1,29.9,NETS
ORC-20260612-1281,1,2026-06-12 21:51:12,Orchard Central,BTM-W-03,Women's Ezy Ankle Pants,Bottoms,Women,29.9,29.9,False,1,29.9,CARD
BUG-20260612-0603,2,2026-06-12 18:15:55,Bugis,UND-W-09,Women's Cotton Boyshorts,underwear,Women,9.9,9.9,False,1,9.9,Card
PUN-20260612-0079,3,2026-06-12 13:17:08,Punggol,SOK-W-02,Women's Pile Crew Socks,Socks,Women,5.9,5.9,False,2,11.8,paynow
ORC-20260612-0589,1,2026-06-12 12:28:54,Orchard Central,UND-W-05,Women's Seamless Shorts,Underwear,Women,9.9,9.9,False,1,9.9,Card
PUN-20260612-0660,1,2026-06-12 20:42:27,Punggol,SOK-M-03,Men's Airism Low-Cut Socks,Socks,Men,5.9,5.9,False,1,5.9,Card
ORC-20260612-1061,1,2026-06-12 14:54:50,Orchard Central,SOK-W-02,Women's Pile Crew Socks,Socks,Women,5.9,5.9,False,1,5.9,Card
ORC-20260612-1121,2,2026-06-12 19:52:44,Orchard Central,SOK-W-03,Women's Airism Low-Cut Socks,Socks,Women,5.9,5.9,False,1,5.9,Card
ORC-20260612-0471,2,2026-06-12 16:20:11,Orchard Central,BTM-W-01,Women's Ultra Stretch Skinny Jeans,Bottoms,Women,39.9,39.9,False,1,39.9,Card
BUG-20260612-0845,1,2026-06-12 12:40:53,Bugis,SOK-M-04,Men's Ribbed Crew Socks,socks,Men,5.9,5.9,False,1,5.9,PayNow
ORC-20260612-0817,1,2026-06-12 14:14:56,Orchard Central,UND-M-02,Men's Cotton Blend Trunks,Underwear,Men,14.9,14.9,False,1,14.9,PayNow
PUN-20260612-0690,2,2026-06-12 20:43:57,punggol,SOK-W-03,Women's Airism Low-Cut Socks,Socks,Women,5.9,5.9,False,1,5.9,PayNow
ORC-20260612-0249,3,2026-06-12 13:11:04,ORCHARD CENTRAL,UND-W-01,Women's Airism Bikini Shorts,Underwear,Women,9.9,9.9,False,1,9.9,Cash
BUG-20260612-0241,1,2026-06-12 22:28:32,Bugis,SOK-M-03,Men's Airism Low-Cut Socks,socks,Men,5.9,5.9,False,2,11.8,PayNow
BUG-20260612-0123,2,2026-06-12 21:10:28,Bugis,BTM-W-07,Women's Linen Blend Wide Pants,Bottoms,WOMEN,39.9,39.9,False,1,39.9,CARD
BUG-20260612-0808,3,2026-06-12 20:07:19,bugis,SOK-W-03,Women's Airism Low-Cut Socks,SOCKS,Women,5.9,5.9,False,1,5.9,Card
BUG-20260612-1020,2,2026-06-12 18:20:56,Bugis,SOK-M-02,Men's Pile Crew Socks,Socks,Men,5.9,5.9,False,2,11.8,PayNow
ORC-20260612-1209,1,2026-06-12 16:27:08,Orchard Central,SOK-W-02,Women's Pile Crew Socks,Socks,Women,5.9,5.9,False,2,11.8,
ORC-20260612-1009,1,2026-06-12 21:55:53,Orchard Central,SOK-M-02,Men's Pile Crew Socks,Socks,Men,5.9,5.9,False,1,5.9,Cash
PUN-20260612-0084,1,2026-06-12 16:13:20,Punggol,SOK-M-03,Men's Airism Low-Cut Socks,socks,Men,5.9,5.9,False,1,5.9,Card
ORC-20260612-0005,1,2026-06-12 19:22:23,Orchard Central,UND-M-10,Men's Cotton Blend Briefs,Underwear,Men,7.42,9.9,True,1,7.42,PayNow
ORC-20260612-0852,2,2026-06-12 20:37:22,Orchard Central,BTM-M-04,Men's Dry Stretch Shorts,Bottoms,Men,19.9,19.9,False,1,19.9,Card
ORC-20260612-0943,3,2026-06-12 20:15:27,  Orchard Central  ,SOK-M-01,Men's Ankle Socks 3-Pack,Socks,Men,14.9,14.9,False,1,14.9,Card
ORC-20260612-0765,2,2026-06-12 18:45:02,Orchard Central,UND-W-03,Women's Cotton Blend Briefs,Underwear,Women,9.9,9.9,False,1,9.9,Card
ORC-20260612-0818,1,2026-06-12 17:30:15,Orchard Central,SOK-M-04,Men's Ribbed Crew Socks,Socks,Men,5.9,5.9,False,1,5.9,PayNow
BUG-20260612-0167,2,2026-06-12 18:29:30,Bugis,UND-W-04,Women's Airism T-Shirt Bra,Underwear,Women,29.9,29.9,False,1,29.9,Card
BUG-20260612-0016,2,2026-06-12 20:21:00,Bugis,SOK-M-03,Men's Airism Low-Cut Socks,socks,MEN,5.9,5.9,False,1,5.9,Card
PUN-20260612-0096,2,2026-06-12 13:07:52,Punggol,SOK-W-10,Women's Wool Blend Socks,Socks,Women,9.9,9.9,False,1,9.9,Nets
ORC-20260612-0882,3,2026-06-12 18:19:47,Orchard Central,UND-W-01,Women's Airism Bikini Shorts,Underwear,Women,9.9,9.9,False,1,9.9,Card
ORC-20260612-1126,1,2026-06-12 21:12:37,orchard central,TOP-M-04,Men's Oxford Long Sleeve Shirt,Tops,men,29.9,29.9,False,1,29.9,Cash
PUN-20260612-0825,1,2026-06-12 12:15:56,Punggol,UND-W-08,Women's Airism Camisole,Underwear,Women,14.9,14.9,False,1,14.9,PayNow
BUG-20260612-1082,1,2026-06-12 16:08:41,Bugis,UND-M-02,Men's Cotton Blend Trunks,Underwear,Men,14.9,14.9,False,2,29.8,Card
PUN-20260612-0492,1,2026-06-12 19:08:47,Punggol,TOP-M-01,Men's Airism Cotton Crew Neck T-Shirt,Tops,Men,14.9,14.9,False,1,14.9,
ORC-20260612-0908,1,2026-06-12 20:25:44,Orchard Central,UND-W-01,Women's Airism Bikini Shorts,Underwear,Women,9.9,9.9,False,1,9.9,PayNow
BUG-20260612-1173,2,2026-06-12 19:57:07,Bugis,UND-W-03,Women's Cotton Blend Briefs,Underwear,Women,9.9,9.9,False,1,$9.9,Card
BUG-20260612-1000,2,2026-06-12 13:16:21,Bugis,UND-W-04,Women's Airism T-Shirt Bra,Underwear,Women,29.9,29.9,False,1,29.9,PayNow
ORC-20260612-1134,2,2026-06-12 19:45:34,Orchard Central,TOP-W-02,Women's Ribbed Long Sleeve Turtleneck,Tops,Women,19.9,19.9,False,1,$19.9,PayNow
PUN-20260612-0212,2,2026-06-12 21:07:02,Punggol,SOK-W-04,Women's Ribbed Crew Socks,Socks,Women,5.9,5.9,False,1,5.9,Card
ORC-20260612-0130,2,2026-06-12 19:54:21,Orchard Central,SOK-M-04,Men's Ribbed Crew Socks,Socks,Men,5.9,5.9,False,2,11.8,Cash
BUG-20260612-0493,1,2026-06-12 19:09:59,Bugis,SOK-W-02,Women's Pile Crew Socks,Socks,Women,5.9,5.9,False,1,5.9,Card
ORC-20260612-0312,2,2026-06-12 22:12:04,Orchard Central,SOK-W-04,Women's Ribbed Crew Socks,Socks,Women,5.9,5.9,False,1,5.9,PayNow
ORC-20260612-0834,1,2026-06-12 17:14:33,Orchard Central,SOK-M-03,Men's Airism Low-Cut Socks,Socks,Men,5.9,5.9,False,1,5.9,Card
BUG-20260612-0038,3,2026-06-12 15:10:24,Bugis,SOK-M-04,Men's Ribbed Crew Socks,Socks,Men,5.9,5.9,False,1,5.9,Card
ORC-20260612-0476,2,2026-06-12 18:19:29,ORCHARD CENTRAL,SOK-W-02,Women's Pile Crew Socks,Socks,Women,5.9,5.9,False,1,5.9,Card
BUG-20260612-0609,1,2026-06-12 22:34:45,  Bugis  ,TOP-W-02,Women's Ribbed Long Sleeve Turtleneck,Tops,Women,19.9,19.9,False,1,19.9,CARD
ORC-20260612-0453,1,2026-06-12 19:07:09,ORCHARD CENTRAL,SOK-M-01,Men's Ankle Socks 3-Pack,SOCKS,Men,14.9,14.9,False,1,14.9,Card
PUN-20260612-0294,1,2026-06-12 17:37:12,Punggol,SOK-M-03,Men's Airism Low-Cut Socks,Socks,Men,5.9,5.9,False,1,5.9,Card
BUG-20260612-0290,1,2026-06-12 15:15:09,bugis,TOP-M-04,Men's Oxford Long Sleeve Shirt,Tops,MEN,29.9,29.9,False,1,29.9,Card
ORC-20260612-0146,3,2026-06-12 21:14:05,Orchard Central,SOK-W-03,Women's Airism Low-Cut Socks,Socks,Women,5.9,5.9,False,1,5.9,
ORC-20260612-0825,2,2026-06-12 20:05:59,Orchard Central,SOK-W-03,Women's Airism Low-Cut Socks,Socks,Women,5.9,5.9,False,2,11.8,Card
ORC-20260612-0352,3,2026-06-12 20:59:20,Orchard Central,SOK-M-04,Men's Ribbed Crew Socks,Socks,Men,5.9,5.9,False,1,5.9,CARD
PUN-20260612-0136,1,2026-06-12 18:57:03,Punggol,UND-M-02,  Men's Cotton Blend Trunks  ,Underwear,Men,14.9,14.9,False,2,29.8,NETS
PUN-20260612-0283,1,2026-06-12 17:18:38,Punggol,UND-W-01,Women's Airism Bikini Shorts,Underwear,Women,9.9,9.9,False,1,9.9,Card
BUG-20260612-0873,1,2026-06-12 18:05:44,Bugis,SOK-M-02,Men's Pile Crew Socks,Socks,Men,5.9,5.9,False,1,5.9,Card
BUG-20260612-1237,1,2026-06-12 19:49:45,Bugis,SOK-W-01,,Socks,Women,14.9,14.9,False,1,14.9,Card
PUN-20260612-0261,2,2026-06-12 18:13:45,Punggol,UND-W-03,Women's Cotton Blend Briefs,UNDERWEAR,Women,9.9,9.9,False,1,9.9,card
ORC-20260612-0114,1,2026-06-12 13:19:18,  Orchard Central  ,TOP-W-02,Women's Ribbed Long Sleeve Turtleneck,Tops,Women,19.9,19.9,False,1,19.9,PayNow
ORC-20260612-0923,2,2026-06-12 21:18:04,Orchard Central,SOK-M-03,Men's Airism Low-Cut Socks,Socks,Men,5.9,5.9,False,1,5.9,Card
BUG-20260612-0709,1,2026-06-12 14:17:50,bugis,TOP-W-04,Women's Heattech Crew Neck Long Sleeve Tee,Tops,Women,14.9,14.9,False,1,14.9,cash
BUG-20260612-0353,3,2026-06-12 20:25:18,Bugis,UND-M-04,  Men's Cotton Crew Neck Undershirt  ,UNDERWEAR,men,14.9,14.9,False,1,14.9,PayNow
PUN-20260612-0520,1,2026-06-12 19:02:26,Punggol,TOP-W-04,Women's Heattech Crew Neck Long Sleeve Tee,Tops,Women,14.9,14.9,False,1,14.9,Card
BUG-20260612-0750,3,2026-06-12 13:01:55,Bugis,BTM-W-03,Women's Ezy Ankle Pants,Bottoms,Women,29.9,29.9,False,1,$29.9,NETS
ORC-20260612-0214,1,2026-06-12 20:55:30,Orchard Central,SOK-W-02,  Women's Pile Crew Socks  ,Socks,women,5.9,5.9,False,2,11.8,Card
BUG-20260612-0679,1,2026-06-12 18:15:24,Bugis,SOK-M-02,Men's Pile Crew Socks,Socks,Men,5.9,5.9,False,2,11.8,Card
PUN-20260612-0331,1,2026-06-12 12:14:44,Punggol,UND-M-03,Men's Airism Mesh Boxer Briefs,Underwear,Men,14.9,14.9,False,1,14.9,Paynow
PUN-20260612-0555,2,2026-06-12 20:41:05,Punggol,UND-W-09,Women's Cotton Boyshorts,Underwear,Women,9.9,9.9,False,1,9.9,NETS
ORC-20260612-0049,3,2026-06-12 22:56:01,Orchard Central,SOK-W-04,Women's Ribbed Crew Socks,Socks,Women,5.9,5.9,False,1,5.9,Card
ORC-20260612-0717,2,2026-06-12 14:27:01,Orchard Central,TOP-W-08,Women's Puff Sleeve Blouse,Tops,Women,20.35,29.9,True,1,20.35,PayNow
BUG-20260612-0752,2,2026-06-12 20:45:28,Bugis,TOP-W-03,Women's Silky Satin Blouse,tops,Women,39.9,39.9,False,1,39.9,PayNow
ORC-20260612-0666,1,2026-06-12 18:57:34,Orchard Central,TOP-M-02,Men's Supima Cotton Polo Shirt,Tops,Men,29.9,29.9,False,1,29.9,PayNow
PUN-20260612-0467,1,2026-06-12 14:41:14,Punggol,SOK-W-03,Women's Airism Low-Cut Socks,Socks,WOMEN,5.9,5.9,False,1,5.9,Card
BUG-20260612-0618,2,2026-06-12 21:06:18,Bugis,SOK-M-04,Men's Ribbed Crew Socks,Socks,Men,5.9,5.9,False,1,5.9,card
PUN-20260612-0539,1,2026-06-12 19:01:51,Punggol,UND-M-08,Men's Airism V-Neck Undershirt,Underwear,MEN,9.9,9.9,False,1,9.9,Card
BUG-20260612-0993,1,2026-06-12 11:12:29,Bugis,BTM-M-07,Men's Smart Ankle Pants,BOTTOMS,Men,39.9,39.9,False,1,39.9,Card
ORC-20260612-0991,1,2026-06-12 19:46:58,Orchard Central,UND-M-04,Men's Cotton Crew Neck Undershirt,Underwear,Men,14.9,14.9,False,1,14.9,Paynow
PUN-20260612-0254,1,2026-06-12 12:39:08,Punggol,UND-M-02,Men's Cotton Blend Trunks,UNDERWEAR,Men,14.9,14.9,False,1,14.9,paynow
ORC-20260612-0080,3,2026-06-12 21:24:08,  Orchard Central  ,UND-W-01,Women's Airism Bikini Shorts,Underwear,women,9.9,9.9,False,2,19.8,Card
BUG-20260612-0248,1,2026-06-12 21:08:00,Bugis,SOK-W-04,Women's Ribbed Crew Socks,Socks,Women,5.9,5.9,False,1,5.9,Card
PUN-20260612-0264,1,2026-06-12 14:27:43,PUNGGOL,SOK-M-05,Men's Sport Ankle Socks,Socks,Men,5.9,5.9,False,1,5.9,Card
ORC-20260612-0338,1,2026-06-12 18:02:00,Orchard Central,TOP-W-03,Women's Silky Satin Blouse,Tops,Women,39.9,39.9,False,1,39.9,Card
BUG-20260612-0303,3,2026-06-12 19:18:34,Bugis,SOK-W-03,Women's Airism Low-Cut Socks,socks,Women,5.9,5.9,False,1,5.9,Card
BUG-20260612-0451,1,2026-06-12 15:54:32,BUGIS,SOK-W-03,Women's Airism Low-Cut Socks,Socks,Women,5.9,5.9,False,1,5.9,Cash
PUN-20260612-0359,1,2026-06-12 15:46:04,Punggol,SOK-W-04,Women's Ribbed Crew Socks,Socks,WOMEN,5.9,5.9,False,1,5.9,PayNow
BUG-20260612-0531,2,2026-06-12 22:03:10,Bugis,SOK-M-04,Men's Ribbed Crew Socks,Socks,Men,5.9,5.9,False,1,5.9,paynow
ORC-20260612-1224,3,2026-06-12 15:33:14,Orchard Central,UND-M-01,Men's Airism Boxer Briefs,Underwear,Men,14.9,14.9,False,1,14.9,PayNow
ORC-20260612-0431,3,2026-06-12 13:27:16,Orchard Central,TOP-W-01,Women's Airism Cotton Crew Neck T-Shirt,Tops,Women,14.9,14.9,False,1,14.9,Cash
ORC-20260612-0602,1,2026-06-12 20:34:14,Orchard Central,SOK-M-01,Men's Ankle Socks 3-Pack,Socks,Men,14.9,14.9,False,1,$14.9,PayNow
ORC-20260612-0457,1,2026-06-12 17:26:51,Orchard Central,UND-M-03,Men's Airism Mesh Boxer Briefs,Underwear,Men,14.9,14.9,False,1,14.9,Card
ORC-20260612-0006,2,2026-06-12 13:21:21,Orchard Central,SOK-W-03,Women's Airism Low-Cut Socks,Socks,Women,5.9,5.9,False,1,5.9,Paynow
BUG-20260612-0352,1,2026-06-12 22:58:22,Bugis,BTM-W-01,Women's Ultra Stretch Skinny Jeans,Bottoms,Women,39.9,39.9,False,1,39.9,Card
BUG-20260612-0144,1,2026-06-12 22:39:44,Bugis,SOK-W-06,Women's Heattech Socks,Socks,Women,9.9,9.9,False,1,9.9,PayNow
BUG-20260612-0749,1,2026-06-12 20:41:19,Bugis,TOP-M-01,Men's Airism Cotton Crew Neck T-Shirt,Tops,Men,14.9,14.9,False,1,14.9,PayNow
BUG-20260612-0816,2,2026-06-12 20:09:20,Bugis,BTM-M-01,  Men's Ezy Ankle Pants  ,Bottoms,Men,29.9,29.9,False,1,$29.9,card
ORC-20260612-0719,2,2026-06-12 19:58:36,Orchard Central,SOK-W-03,Women's Airism Low-Cut Socks,Socks,Women,5.9,5.9,False,1,5.9,Card
ORC-20260612-0854,1,2026-06-12 11:13:02,ORCHARD CENTRAL,BTM-M-03,Men's Selvedge Regular Fit Jeans,Bottoms,Men,59.9,59.9,False,1,59.9,Cash
ORC-20260612-0455,1,2026-06-12 20:18:37,ORCHARD CENTRAL,UND-M-04,Men's Cotton Crew Neck Undershirt,Underwear,Men,14.9,14.9,False,1,14.9,PayNow
PUN-20260612-0509,2,2026-06-12 20:21:15,  PUNGGOL  ,TOP-W-02,Women's Ribbed Long Sleeve Turtleneck,Tops,women,19.9,19.9,False,1,19.9,Cash
ORC-20260612-0750,1,2026-06-12 19:36:37,  ORCHARD CENTRAL  ,SOK-W-04,Women's Ribbed Crew Socks,Socks,Women,5.9,5.9,False,1,5.9,Cash
ORC-20260612-0160,1,2026-06-12 18:25:45,Orchard Central,BTM-W-01,Women's Ultra Stretch Skinny Jeans,Bottoms,Women,39.9,39.9,False,1,39.9,PayNow
BUG-20260612-0132,1,2026-06-12 14:37:15,Bugis,SOK-W-01,Women's Ankle Socks 3-Pack,Socks,women,14.9,14.9,False,1,14.9,NETS
BUG-20260612-0254,2,2026-06-12 20:55:11,Bugis,TOP-W-04,Women's Heattech Crew Neck Long Sleeve Tee,Tops,Women,14.9,14.9,False,1,14.9,Cash
PUN-20260612-0616,2,2026-06-12 17:41:34,Punggol,BTM-W-04,Women's Denim Straight Jeans,Bottoms,Women,49.9,49.9,False,1,49.9,Card
ORC-20260612-0751,1,2026-06-12 20:02:23,Orchard Central,SOK-M-02,Men's Pile Crew Socks,Socks,Men,5.9,5.9,False,1,5.9,Card
BUG-20260612-1084,2,2026-06-12 11:02:01,Bugis,SOK-W-03,Women's Airism Low-Cut Socks,Socks,Women,5.9,5.9,False,2,11.8,Cash
BUG-20260612-0317,1,2026-06-12 13:04:42,Bugis,SOK-W-02,Women's Pile Crew Socks,Socks,Women,5.9,5.9,False,1,5.9,Card
ORC-20260612-0730,1,2026-06-12 16:23:46,ORCHARD CENTRAL,TOP-W-04,Women's Heattech Crew Neck Long Sleeve Tee,Tops,Women,14.9,14.9,False,1,$14.9,Card
PUN-20260612-0639,1,2026-06-12 19:37:27,Punggol,SOK-M-02,Men's Pile Crew Socks,Socks,MEN,5.9,5.9,False,1,5.9,NETS
BUG-20260612-0566,1,2026-06-12 11:50:44,Bugis,TOP-M-01,Men's Airism Cotton Crew Neck T-Shirt,Tops,Men,14.9,14.9,False,1,14.9,PayNow
PUN-20260612-0148,1,2026-06-12 20:09:19,Punggol,SOK-M-04,Men's Ribbed Crew Socks,Socks,Men,5.9,5.9,False,1,5.9,Card
BUG-20260612-1123,1,2026-06-12 20:22:04,Bugis,UND-W-03,Women's Cotton Blend Briefs,Underwear,Women,9.9,9.9,False,2,19.8,Paynow
ORC-20260612-0519,1,2026-06-12 16:44:33,Orchard Central,SOK-W-01,Women's Ankle Socks 3-Pack,Socks,Women,14.9,14.9,False,1,14.9,NETS
PUN-20260612-0664,3,2026-06-12 13:17:29,Punggol,SOK-W-03,Women's Airism Low-Cut Socks,Socks,Women,5.9,5.9,False,2,11.8,NETS
ORC-20260612-0400,1,2026-06-12 20:05:48,Orchard Central,SOK-W-02,Women's Pile Crew Socks,Socks,Women,5.9,5.9,False,1,5.9,Card
ORC-20260612-0921,2,2026-06-12 19:13:34,Orchard Central,UND-W-04,Women's Airism T-Shirt Bra,Underwear,Women,29.9,29.9,False,2,59.8,PayNow
ORC-20260612-0546,2,2026-06-12 15:52:42,Orchard Central,BTM-M-01,Men's Ezy Ankle Pants,Bottoms,Men,29.9,29.9,False,1,$29.9,Card
ORC-20260612-1297,3,2026-06-12 16:27:54,Orchard Central,SOK-W-02,Women's Pile Crew Socks,Socks,women,5.9,5.9,False,1,5.9,Cash
BUG-20260612-0771,1,2026-06-12 21:00:27,Bugis,SOK-W-06,Women's Heattech Socks,socks,Women,9.9,9.9,False,2,19.8,PayNow
ORC-20260612-1022,2,2026-06-12 20:29:21,Orchard Central,UND-W-01,Women's Airism Bikini Shorts,Underwear,Women,9.9,9.9,False,1,9.9,Card
ORC-20260612-0297,1,2026-06-12 18:13:47,Orchard Central,SOK-W-03,Women's Airism Low-Cut Socks,SOCKS,Women,5.9,5.9,False,1,5.9,Cash
ORC-20260612-0161,1,2026-06-12 18:15:12,Orchard Central,BTM-W-03,Women's Ezy Ankle Pants,Bottoms,Women,29.9,29.9,False,1,29.9,Card
ORC-20260612-0066,1,2026-06-12 21:17:48,ORCHARD CENTRAL,SOK-W-02,  Women's Pile Crew Socks  ,socks,Women,5.9,5.9,False,2,11.8,Paynow
ORC-20260612-0014,1,2026-06-12 13:30:51,Orchard Central,SOK-M-02,Men's Pile Crew Socks,Socks,Men,5.9,5.9,False,1,$5.9,PayNow
BUG-20260612-0269,3,2026-06-12 19:56:08,BUGIS,SOK-W-04,Women's Ribbed Crew Socks,Socks,Women,5.9,5.9,False,1,5.9,Card
BUG-20260612-0156,2,2026-06-12 16:17:34,Bugis,SOK-W-03,Women's Airism Low-Cut Socks,Socks,Women,5.9,5.9,False,1,5.9,Card
ORC-20260612-0828,2,2026-06-12 19:21:54,Orchard Central,TOP-M-02,Men's Supima Cotton Polo Shirt,Tops,Men,29.9,29.9,False,1,29.9,Cash
PUN-20260612-0258,2,2026-06-12 19:09:04,Punggol,SOK-W-02,Women's Pile Crew Socks,Socks,Women,5.9,5.9,False,1,5.9,CARD
ORC-20260612-0252,1,2026-06-12 18:46:41,Orchard Central,SOK-W-04,  Women's Ribbed Crew Socks  ,Socks,Women,5.9,5.9,False,1,5.9,Card
PUN-20260612-0270,2,2026-06-12 12:26:01,Punggol,SOK-M-03,Men's Airism Low-Cut Socks,Socks,Men,5.9,5.9,False,1,5.9,PayNow
PUN-20260612-0764,1,2026-06-12 15:18:56,Punggol,BTM-W-03,Women's Ezy Ankle Pants,Bottoms,Women,29.9,29.9,False,1,29.9,PayNow
BUG-20260612-0314,2,2026-06-12 22:52:56,Bugis,SOK-M-04,Men's Ribbed Crew Socks,Socks,Men,5.9,5.9,False,1,5.9,card
PUN-20260612-0106,2,2026-06-12 12:49:26,Punggol,SOK-W-04,Women's Ribbed Crew Socks,Socks,Women,5.9,5.9,False,1,5.9,NETS
ORC-20260612-0784,1,2026-06-12 20:22:11,Orchard Central,BTM-M-02,  Men's Slim Fit Chino Trousers  ,Bottoms,Men,29.9,29.9,False,1,29.9,PayNow
PUN-20260612-0614,1,2026-06-12 20:38:59,Punggol,UND-M-02,Men's Cotton Blend Trunks,Underwear,Men,14.9,14.9,False,1,14.9,PayNow
ORC-20260612-0131,3,2026-06-12 20:10:57,Orchard Central,UND-W-01,Women's Airism Bikini Shorts,Underwear,Women,9.9,9.9,False,1,9.9,PayNow
PUN-20260612-0672,3,2026-06-12 21:07:35,Punggol,UND-M-01,Men's Airism Boxer Briefs,Underwear,Men,14.9,14.9,False,1,14.9,PayNow
PUN-20260612-0117,1,2026-06-12 21:12:39,Punggol,TOP-W-03,Women's Silky Satin Blouse,Tops,Women,39.9,39.9,False,1,39.9,Card
PUN-20260612-0401,1,2026-06-12 15:29:19,PUNGGOL,BTM-W-04,  Women's Denim Straight Jeans  ,Bottoms,Women,49.9,49.9,False,1,49.9,Card
ORC-20260612-1279,2,2026-06-12 15:05:05,Orchard Central,SOK-W-02,Women's Pile Crew Socks,Socks,Women,5.9,5.9,False,1,5.9,Card
ORC-20260612-1198,3,2026-06-12 17:18:14,Orchard Central,SOK-W-03,Women's Airism Low-Cut Socks,Socks,Women,5.9,5.9,False,1,5.9,Paynow
ORC-20260612-1166,1,2026-06-12 11:35:01,ORCHARD CENTRAL,UND-W-03,Women's Cotton Blend Briefs,Underwear,Women,9.9,9.9,False,1,9.9,Cash
ORC-20260612-0294,3,2026-06-12 21:32:22,Orchard Central,SOK-W-03,Women's Airism Low-Cut Socks,Socks,Women,5.9,5.9,False,1,5.9,PayNow
ORC-20260612-0052,1,2026-06-12 19:19:46,ORCHARD CENTRAL,BTM-M-03,Men's Selvedge Regular Fit Jeans,Bottoms,Men,59.9,59.9,False,1,59.9,
BUG-20260612-0868,1,2026-06-12 20:49:53,Bugis,SOK-W-02,Women's Pile Crew Socks,Socks,women,5.9,5.9,False,1,5.9,Card
ORC-20260612-0150,1,2026-06-12 20:41:49,Orchard Central,TOP-M-01,Men's Airism Cotton Crew Neck T-Shirt,Tops,Men,14.9,14.9,False,1,14.9,PayNow
PUN-20260612-0169,1,2026-06-12 20:43:36,Punggol,TOP-M-04,Men's Oxford Long Sleeve Shirt,Tops,Men,29.9,29.9,False,1,29.9,Cash
BUG-20260612-1141,3,2026-06-12 21:12:52,Bugis,BTM-M-03,Men's Selvedge Regular Fit Jeans,Bottoms,Men,59.9,59.9,False,1,59.9,
BUG-20260612-0650,3,2026-06-12 17:37:19,Bugis,SOK-M-06,Men's Heattech Socks,Socks,Men,9.9,9.9,False,1,9.9,Card
ORC-20260612-1237,1,2026-06-12 21:27:28,Orchard Central,TOP-M-02,Men's Supima Cotton Polo Shirt,Tops,Men,29.9,29.9,False,1,29.9,CARD
ORC-20260612-0164,2,2026-06-12 21:17:24,Orchard Central,UND-M-01,Men's Airism Boxer Briefs,Underwear,Men,$14.9,14.9,False,1,14.9,Card
ORC-20260612-0447,2,2026-06-12 16:27:29,Orchard Central,SOK-W-03,  Women's Airism Low-Cut Socks  ,Socks,women,5.9,5.9,False,1,5.9,NETS
ORC-20260612-0432,1,2026-06-12 17:22:54,Orchard Central,SOK-M-04,Men's Ribbed Crew Socks,Socks,Men,5.9,5.9,False,1,5.9,NETS
PUN-20260612-0704,1,2026-06-12 17:50:46,Punggol,SOK-M-04,Men's Ribbed Crew Socks,Socks,men,5.9,5.9,False,2,11.8,Card
PUN-20260612-0503,3,2026-06-12 20:14:05,Punggol,TOP-W-04,Women's Heattech Crew Neck Long Sleeve Tee,Tops,Women,14.9,14.9,False,1,14.9,Card
ORC-20260612-1275,1,2026-06-12 18:00:29,Orchard Central,UND-W-03,Women's Cotton Blend Briefs,Underwear,Women,9.9,9.9,False,1,9.9,Card
ORC-20260612-0050,3,2026-06-12 21:25:25,Orchard Central,SOK-W-04,Women's Ribbed Crew Socks,socks,Women,5.9,5.9,False,2,11.8,CARD
PUN-20260612-0041,2,2026-06-12 12:40:01,Punggol,TOP-M-10,Men's Merino Blend V-Neck Sweater,Tops,Men,$39.9,39.9,False,1,39.9,NETS
PUN-20260612-0773,3,2026-06-12 19:53:49,Punggol,UND-W-03,  Women's Cotton Blend Briefs  ,Underwear,Women,9.9,9.9,False,1,9.9,NETS
ORC-20260612-0923,1,2026-06-12 21:18:04,Orchard Central,SOK-M-03,Men's Airism Low-Cut Socks,Socks,Men,5.9,5.9,False,1,5.9,Card
ORC-20260612-1042,2,2026-06-12 20:49:02,Orchard Central,UND-W-03,Women's Cotton Blend Briefs,Underwear,Women,$9.9,9.9,False,1,9.9,PayNow
ORC-20260612-0596,2,2026-06-12 20:11:46,Orchard Central,SOK-M-02,Men's Pile Crew Socks,Socks,MEN,5.9,5.9,False,1,5.9,NETS
PUN-20260612-0179,1,2026-06-12 21:05:32,Punggol,TOP-W-01,Women's Airism Cotton Crew Neck T-Shirt,Tops,WOMEN,14.9,14.9,False,1,14.9,
BUG-20260612-0834,3,2026-06-12 21:44:52,bugis,TOP-M-01,Men's Airism Cotton Crew Neck T-Shirt,Tops,Men,14.9,14.9,False,1,14.9,Card
BUG-20260612-1161,1,2026-06-12 21:50:44,Bugis,TOP-W-02,Women's Ribbed Long Sleeve Turtleneck,Tops,Women,19.9,19.9,False,1,19.9,card
BUG-20260612-0713,1,2026-06-12 20:44:53,Bugis,SOK-W-02,Women's Pile Crew Socks,Socks,Women,5.9,5.9,False,1,5.9,Cash
BUG-20260612-0565,1,2026-06-12 19:09:48,BUGIS,SOK-W-02,Women's Pile Crew Socks,Socks,Women,5.9,5.9,False,1,5.9,Card
PUN-20260612-0307,1,2026-06-12 12:18:55,Punggol,TOP-M-04,  Men's Oxford Long Sleeve Shirt  ,Tops,Men,29.9,29.9,False,1,29.9,Card
ORC-20260612-0204,1,2026-06-12 19:47:08,Orchard Central,BTM-W-01,Women's Ultra Stretch Skinny Jeans,Bottoms,WOMEN,39.9,39.9,False,1,39.9,Card
PUN-20260612-0598,2,2026-06-12 12:43:51,  punggol  ,SOK-W-03,  Women's Airism Low-Cut Socks  ,Socks,Women,$5.9,5.9,False,1,5.9,Paynow
ORC-20260612-0232,1,2026-06-12 13:42:38,Orchard Central,BTM-M-03,Men's Selvedge Regular Fit Jeans,Bottoms,Men,59.9,59.9,False,1,59.9,Card
ORC-20260612-0189,1,2026-06-12 19:58:31,orchard central,TOP-M-03,  Men's Dry-EX Crew Neck T-Shirt  ,Tops,Men,19.9,19.9,False,1,19.9,PayNow
BUG-20260612-0616,1,2026-06-12 13:31:53,Bugis,SOK-M-02,Men's Pile Crew Socks,Socks,men,5.9,5.9,False,1,5.9,Card
ORC-20260612-0351,3,2026-06-12 18:20:03,Orchard Central,SOK-W-04,Women's Ribbed Crew Socks,Socks,Women,5.9,5.9,False,1,5.9,Card
BUG-20260612-0258,1,2026-06-12 13:09:53,Bugis,SOK-W-02,Women's Pile Crew Socks,socks,Women,5.9,5.9,False,1,5.9,paynow
BUG-20260612-1033,3,2026-06-12 20:55:16,Bugis,TOP-W-01,Women's Airism Cotton Crew Neck T-Shirt,Tops,Women,14.9,14.9,False,1,14.9,Card
BUG-20260612-1222,2,2026-06-12 12:11:50,  Bugis  ,SOK-M-01,Men's Ankle Socks 3-Pack,Socks,Men,14.9,14.9,False,1,14.9,Card
BUG-20260612-0592,2,2026-06-12 13:32:18,Bugis,BTM-M-05,Men's Wide Fit Cargo Pants,Bottoms,Men,26.68,39.9,True,1,26.68,Card
ORC-20260612-0532,3,2026-06-12 14:42:55,Orchard Central,UND-M-08,Men's Airism V-Neck Undershirt,Underwear,Men,9.9,9.9,False,1,9.9,NETS
PUN-20260612-0720,1,2026-06-12 11:31:45,Punggol,UND-W-02,Women's Wireless Bra,Underwear,Women,29.9,29.9,False,1,29.9,Cash
ORC-20260612-0045,3,2026-06-12 21:41:17,Orchard Central,TOP-M-04,Men's Oxford Long Sleeve Shirt,Tops,Men,29.9,29.9,False,1,29.9,PayNow
PUN-20260612-0773,1,2026-06-12 19:53:49,Punggol,SOK-M-05,Men's Sport Ankle Socks,Socks,Men,5.9,5.9,False,2,11.8,NETS
PUN-20260612-0217,1,2026-06-12 14:11:54,Punggol,UND-W-09,Women's Cotton Boyshorts,UNDERWEAR,Women,9.9,9.9,False,2,19.8,PayNow
ORC-20260612-1224,2,2026-06-12 15:33:14,Orchard Central,UND-M-10,Men's Cotton Blend Briefs,Underwear,MEN,7.42,9.9,True,1,7.42,PayNow
PUN-20260612-0346,2,2026-06-12 15:09:05,PUNGGOL,SOK-M-04,Men's Ribbed Crew Socks,Socks,Men,5.9,5.9,False,1,5.9,PAYNOW
ORC-20260612-0017,1,2026-06-12 21:08:27,Orchard Central,TOP-W-01,Women's Airism Cotton Crew Neck T-Shirt,TOPS,Women,14.9,14.9,False,1,14.9,Cash
BUG-20260612-1217,1,2026-06-12 18:27:25,Bugis,SOK-W-02,Women's Pile Crew Socks,SOCKS,Women,$5.9,5.9,False,2,11.8,NETS
ORC-20260612-0035,2,2026-06-12 20:18:45,Orchard Central,TOP-M-01,  Men's Airism Cotton Crew Neck T-Shirt  ,Tops,Men,14.9,14.9,False,1,14.9,Card
PUN-20260612-0190,3,2026-06-12 21:02:59,Punggol,UND-M-01,Men's Airism Boxer Briefs,Underwear,Men,14.9,14.9,False,1,14.9,PayNow
BUG-20260612-0138,1,2026-06-12 21:28:08,Bugis,UND-M-01,Men's Airism Boxer Briefs,Underwear,MEN,14.9,14.9,False,2,29.8,Card
PUN-20260612-0251,2,2026-06-12 17:22:37,Punggol,UND-W-02,  Women's Wireless Bra  ,Underwear,Women,29.9,29.9,False,1,29.9,Card
BUG-20260612-0901,1,2026-06-12 21:54:02,Bugis,BTM-M-02,Men's Slim Fit Chino Trousers,Bottoms,Men,29.9,29.9,False,1,29.9,Card
BUG-20260612-0603,1,2026-06-12 18:15:55,Bugis,SOK-M-04,Men's Ribbed Crew Socks,Socks,Men,5.9,5.9,False,1,5.9,Card
ORC-20260612-0283,1,2026-06-12 19:45:55,Orchard Central,UND-M-02,Men's Cotton Blend Trunks,Underwear,Men,14.9,14.9,False,2,29.8,Card
ORC-20260612-0082,1,2026-06-12 15:44:10,Orchard Central,BTM-M-02,Men's Slim Fit Chino Trousers,Bottoms,Men,$29.9,29.9,False,1,29.9,Card
BUG-20260612-0864,1,2026-06-12 20:55:33,bugis,TOP-W-03,Women's Silky Satin Blouse,Tops,WOMEN,39.9,39.9,False,1,39.9,NETS
ORC-20260612-0538,1,2026-06-12 17:00:11,  Orchard Central  ,SOK-W-02,Women's Pile Crew Socks,Socks,Women,5.9,5.9,False,1,5.9,Card
ORC-20260612-0825,3,2026-06-12 20:05:59,Orchard Central,TOP-M-01,  Men's Airism Cotton Crew Neck T-Shirt  ,Tops,Men,14.9,14.9,False,1,14.9,Card
ORC-20260612-0831,3,2026-06-12 19:36:35,Orchard Central,UND-M-03,Men's Airism Mesh Boxer Briefs,Underwear,Men,14.9,14.9,False,1,14.9,Card
PUN-20260612-0047,1,2026-06-12 13:15:17,Punggol,SOK-M-03,Men's Airism Low-Cut Socks,Socks,Men,5.9,5.9,False,1,5.9,NETS
BUG-20260612-0233,1,2026-06-12 16:54:31,Bugis,UND-W-02,  Women's Wireless Bra  ,Underwear,women,29.9,29.9,False,2,$59.8,Cash
BUG-20260612-0769,3,2026-06-12 22:22:21,Bugis,SOK-M-01,Men's Ankle Socks 3-Pack,socks,Men,14.9,14.9,False,1,14.9,PayNow
ORC-20260612-0308,3,2026-06-12 21:04:12,orchard central,SOK-W-04,Women's Ribbed Crew Socks,Socks,Women,5.9,5.9,False,1,5.9,Card
PUN-20260612-0337,1,2026-06-12 11:37:05,Punggol,SOK-M-03,Men's Airism Low-Cut Socks,Socks,Men,5.9,5.9,False,1,5.9,PayNow
BUG-20260612-0337,1,2026-06-12 13:44:11,Bugis,SOK-M-02,Men's Pile Crew Socks,Socks,Men,5.9,5.9,False,1,5.9,CARD
BUG-20260612-0758,3,2026-06-12 20:13:35,Bugis,SOK-W-04,Women's Ribbed Crew Socks,Socks,Women,5.9,5.9,False,1,5.9,Card
PUN-20260612-0126,2,2026-06-12 16:23:51,  Punggol  ,SOK-M-03,Men's Airism Low-Cut Socks,Socks,Men,5.9,5.9,False,1,5.9,PayNow
BUG-20260612-0408,1,2026-06-12 22:52:14,Bugis,TOP-W-02,Women's Ribbed Long Sleeve Turtleneck,Tops,women,19.9,19.9,False,1,19.9,Cash
BUG-20260612-0802,3,2026-06-12 19:19:55,Bugis,SOK-W-02,Women's Pile Crew Socks,Socks,WOMEN,5.9,5.9,False,1,5.9,Card
BUG-20260612-0477,2,2026-06-12 22:36:55,BUGIS,UND-M-01,Men's Airism Boxer Briefs,UNDERWEAR,Men,14.9,14.9,False,1,14.9,CARD
ORC-20260612-0178,2,2026-06-12 19:39:26,Orchard Central,SOK-W-02,Women's Pile Crew Socks,Socks,Women,5.9,5.9,False,1,5.9,paynow
ORC-20260612-0806,1,2026-06-12 20:43:40,  Orchard Central  ,TOP-W-04,Women's Heattech Crew Neck Long Sleeve Tee,tops,Women,14.9,14.9,False,1,14.9,PayNow
BUG-20260612-1121,2,2026-06-12 15:18:29,Bugis,SOK-W-01,Women's Ankle Socks 3-Pack,Socks,Women,14.9,14.9,False,1,$14.9,NETS
ORC-20260612-0186,1,2026-06-12 16:22:59,Orchard Central,BTM-W-09,Women's Sweat Shorts,Bottoms,Women,19.9,19.9,False,1,19.9,cash
BUG-20260612-0035,1,2026-06-12 16:26:59,bugis,SOK-W-06,Women's Heattech Socks,Socks,Women,9.9,9.9,False,2,19.8,Card
PUN-20260612-0566,1,2026-06-12 20:17:16,Punggol,SOK-M-01,Men's Ankle Socks 3-Pack,socks,Men,14.9,14.9,False,1,14.9,NETS
PUN-20260612-0051,2,2026-06-12 22:54:13,Punggol,SOK-M-02,Men's Pile Crew Socks,Socks,Men,5.9,5.9,False,2,11.8,Cash
ORC-20260612-0489,1,2026-06-12 16:21:20,Orchard Central,SOK-W-03,Women's Airism Low-Cut Socks,Socks,WOMEN,5.9,5.9,False,1,5.9,Cash
BUG-20260612-0372,1,2026-06-12 20:11:40,Bugis,UND-M-04,Men's Cotton Crew Neck Undershirt,Underwear,Men,14.9,14.9,False,1,14.9,Cash
BUG-20260612-0274,1,2026-06-12 11:26:09,Bugis,TOP-M-04,Men's Oxford Long Sleeve Shirt,Tops,Men,29.9,29.9,False,1,29.9,NETS
BUG-20260612-0594,3,2026-06-12 17:04:38,Bugis,UND-W-03,Women's Cotton Blend Briefs,Underwear,Women,9.9,9.9,False,1,9.9,Cash
BUG-20260612-1201,1,2026-06-12 20:36:00,Bugis,BTM-M-04,Men's Dry Stretch Shorts,Bottoms,Men,19.9,19.9,False,1,$19.9,NETS
PUN-20260612-0337,2,2026-06-12 11:37:05,Punggol,SOK-W-03,Women's Airism Low-Cut Socks,Socks,Women,5.9,5.9,False,1,5.9,paynow
BUG-20260612-0972,1,2026-06-12 20:20:37,Bugis,SOK-M-01,Men's Ankle Socks 3-Pack,socks,Men,14.9,14.9,False,1,14.9,NETS
ORC-20260612-0921,3,2026-06-12 19:13:34,Orchard Central,SOK-M-04,Men's Ribbed Crew Socks,Socks,men,5.9,5.9,False,1,5.9,PayNow
ORC-20260612-1053,1,2026-06-12 11:01:42,Orchard Central,UND-M-03,Men's Airism Mesh Boxer Briefs,Underwear,Men,14.9,14.9,False,1,14.9,PayNow
BUG-20260612-0552,1,2026-06-12 21:23:41,BUGIS,SOK-M-03,Men's Airism Low-Cut Socks,Socks,Men,5.9,5.9,False,1,5.9,PayNow
BUG-20260612-0618,1,2026-06-12 21:06:18,Bugis,SOK-W-03,Women's Airism Low-Cut Socks,Socks,Women,5.9,5.9,False,1,5.9,Card
BUG-20260612-0957,1,2026-06-12 14:40:47,Bugis,SOK-W-03,Women's Airism Low-Cut Socks,Socks,Women,5.9,5.9,False,1,5.9,PayNow
PUN-20260612-0685,3,2026-06-12 15:50:54,Punggol,BTM-W-01,Women's Ultra Stretch Skinny Jeans,bottoms,Women,39.9,39.9,False,1,39.9,CARD
PUN-20260612-0200,1,2026-06-12 15:26:30,Punggol,SOK-W-02,Women's Pile Crew Socks,Socks,Women,5.9,5.9,False,1,5.9,PayNow
BUG-20260612-0928,1,2026-06-12 15:01:37,Bugis,SOK-M-02,Men's Pile Crew Socks,SOCKS,Men,5.9,5.9,False,1,5.9,Card
BUG-20260612-0175,1,2026-06-12 21:12:16,Bugis,BTM-M-01,Men's Ezy Ankle Pants,Bottoms,Men,29.9,29.9,False,1,29.9,NETS
ORC-20260612-0777,2,2026-06-12 20:02:05,Orchard Central,SOK-W-01,Women's Ankle Socks 3-Pack,Socks,Women,14.9,14.9,False,1,14.9,Card
ORC-20260612-1226,2,2026-06-12 17:17:18,Orchard Central,SOK-W-04,Women's Ribbed Crew Socks,Socks,Women,5.9,5.9,False,1,$5.9,PayNow
PUN-20260612-0765,1,2026-06-12 17:17:14,Punggol,TOP-M-02,Men's Supima Cotton Polo Shirt,Tops,Men,29.9,29.9,False,1,29.9,Cash
PUN-20260612-0451,2,2026-06-12 22:22:02,Punggol,TOP-M-01,  Men's Airism Cotton Crew Neck T-Shirt  ,Tops,Men,14.9,14.9,False,1,14.9,Card
ORC-20260612-0290,2,2026-06-12 19:16:40,Orchard Central,TOP-W-02,Women's Ribbed Long Sleeve Turtleneck,Tops,Women,19.9,19.9,False,1,19.9,NETS
ORC-20260612-0351,1,2026-06-12 18:20:03,Orchard Central,SOK-W-02,Women's Pile Crew Socks,Socks,Women,5.9,5.9,False,1,5.9,Card
PUN-20260612-0475,3,2026-06-12 20:07:51,Punggol,SOK-W-03,Women's Airism Low-Cut Socks,Socks,Women,5.9,5.9,False,1,5.9,Card
ORC-20260612-0199,2,2026-06-12 11:48:16,Orchard Central,UND-W-01,Women's Airism Bikini Shorts,Underwear,Women,9.9,9.9,False,1,9.9,Card
ORC-20260612-0813,1,2026-06-12 20:27:09,Orchard Central,UND-M-10,Men's Cotton Blend Briefs,Underwear,Men,7.42,9.9,True,1,7.42,Card
ORC-20260612-1066,1,2026-06-12 19:19:08,Orchard Central,UND-M-01,Men's Airism Boxer Briefs,Underwear,Men,14.9,14.9,False,1,14.9,CASH
BUG-20260612-0001,1,2026-06-12 19:45:26,BUGIS,BTM-W-07,Women's Linen Blend Wide Pants,Bottoms,WOMEN,39.9,39.9,False,1,39.9,PayNow
BUG-20260612-0246,3,2026-06-12 12:47:27,Bugis,SOK-W-04,Women's Ribbed Crew Socks,Socks,Women,5.9,5.9,False,2,11.8,card
PUN-20260612-0742,1,2026-06-12 15:43:29,Punggol,TOP-W-01,  Women's Airism Cotton Crew Neck T-Shirt  ,tops,Women,14.9,14.9,False,1,14.9,Card
ORC-20260612-0453,2,2026-06-12 19:07:09,Orchard Central,SOK-W-04,Women's Ribbed Crew Socks,Socks,Women,5.9,5.9,False,1,5.9,Card
ORC-20260612-0701,1,2026-06-12 12:23:51,Orchard Central,SOK-W-03,Women's Airism Low-Cut Socks,Socks,Women,5.9,5.9,False,1,5.9,
ORC-20260612-1270,1,2026-06-12 16:56:56,Orchard Central,UND-W-03,Women's Cotton Blend Briefs,Underwear,women,9.9,9.9,False,1,9.9,Card
BUG-20260612-0776,3,2026-06-12 19:17:07,  Bugis  ,SOK-M-05,Men's Sport Ankle Socks,Socks,Men,5.9,5.9,False,1,5.9,CARD
PUN-20260612-0356,1,2026-06-12 22:30:19,Punggol,UND-M-02,Men's Cotton Blend Trunks,Underwear,Men,14.9,14.9,False,1,14.9,PayNow
BUG-20260612-0929,2,2026-06-12 20:50:50,Bugis,SOK-W-03,Women's Airism Low-Cut Socks,Socks,Women,5.9,5.9,False,1,$5.9,Card
ORC-20260612-0636,3,2026-06-12 13:17:42,Orchard Central,UND-W-03,Women's Cotton Blend Briefs,Underwear,Women,9.9,9.9,False,1,9.9,PayNow
BUG-20260612-1062,1,2026-06-12 20:31:15,Bugis,SOK-W-01,Women's Ankle Socks 3-Pack,Socks,Women,14.9,14.9,False,2,29.8,CARD
PUN-20260612-0080,3,2026-06-12 20:19:27,Punggol,TOP-M-02,Men's Supima Cotton Polo Shirt,tops,Men,29.9,29.9,False,1,29.9,NETS
BUG-20260612-0405,2,2026-06-12 19:59:13,Bugis,SOK-W-02,Women's Pile Crew Socks,Socks,Women,5.9,5.9,False,1,5.9,Nets
PUN-20260612-0431,1,2026-06-12 21:33:44,Punggol,UND-M-02,Men's Cotton Blend Trunks,Underwear,Men,14.9,14.9,False,2,29.8,NETS
ORC-20260612-0264,2,2026-06-12 12:33:57,Orchard Central,BTM-W-01,  Women's Ultra Stretch Skinny Jeans  ,Bottoms,Women,$39.9,39.9,False,1,39.9,Card
ORC-20260612-0580,2,2026-06-12 21:22:21,Orchard Central,UND-M-01,Men's Airism Boxer Briefs,Underwear,Men,14.9,14.9,False,1,14.9,NETS
BUG-20260612-0211,1,2026-06-12 20:16:37,Bugis,SOK-M-03,Men's Airism Low-Cut Socks,Socks,Men,5.9,5.9,False,1,5.9,CASH
PUN-20260612-0668,1,2026-06-12 19:42:34,Punggol,SOK-M-03,Men's Airism Low-Cut Socks,Socks,Men,5.9,5.9,False,1,5.9,Card
BUG-20260612-0194,1,2026-06-12 17:31:25,Bugis,SOK-W-03,Women's Airism Low-Cut Socks,Socks,Women,5.9,5.9,False,1,5.9,Card
ORC-20260612-0121,1,2026-06-12 19:56:42,Orchard Central,UND-W-04,Women's Airism T-Shirt Bra,Underwear,Women,29.9,29.9,False,1,29.9,CARD
BUG-20260612-0179,1,2026-06-12 17:03:16,Bugis,SOK-W-03,Women's Airism Low-Cut Socks,Socks,women,5.9,5.9,False,1,5.9,PayNow
PUN-20260612-0387,1,2026-06-12 17:02:43,Punggol,SOK-W-03,Women's Airism Low-Cut Socks,Socks,Women,5.9,5.9,False,1,5.9,Card
BUG-20260612-0898,2,2026-06-12 19:05:05,Bugis,UND-M-02,Men's Cotton Blend Trunks,Underwear,Men,14.9,14.9,False,1,14.9,NETS
BUG-20260612-0582,2,2026-06-12 18:50:35,Bugis,TOP-W-02,Women's Ribbed Long Sleeve Turtleneck,Tops,Women,19.9,19.9,False,1,19.9,Card
ORC-20260612-0168,2,2026-06-12 20:12:35,Orchard Central,SOK-M-04,Men's Ribbed Crew Socks,Socks,Men,5.9,5.9,False,1,5.9,Nets
BUG-20260612-0169,1,2026-06-12 21:50:54,Bugis,UND-M-01,Men's Airism Boxer Briefs,Underwear,Men,14.9,14.9,False,1,14.9,Card
BUG-20260612-0026,2,2026-06-12 18:39:26,Bugis,SOK-M-02,Men's Pile Crew Socks,Socks,Men,5.9,5.9,False,1,5.9,PayNow
BUG-20260612-1080,2,2026-06-12 17:16:19,Bugis,SOK-M-05,  Men's Sport Ankle Socks  ,Socks,Men,5.9,5.9,False,1,5.9,Card
PUN-20260612-0147,1,2026-06-12 18:38:20,Punggol,SOK-W-02,Women's Pile Crew Socks,Socks,Women,5.9,5.9,False,1,5.9,NETS
ORC-20260612-0921,1,2026-06-12 19:13:34,Orchard Central,TOP-M-01,Men's Airism Cotton Crew Neck T-Shirt,Tops,Men,14.9,14.9,False,1,14.9,PayNow
ORC-20260612-0105,2,2026-06-12 20:23:53,Orchard Central,BTM-W-03,Women's Ezy Ankle Pants,Bottoms,Women,29.9,29.9,False,1,29.9,card
PUN-20260612-0559,1,2026-06-12 21:17:38,Punggol,SOK-W-04,Women's Ribbed Crew Socks,Socks,Women,5.9,5.9,False,1,5.9,PayNow
PUN-20260612-0540,3,2026-06-12 19:33:39,Punggol,UND-W-03,Women's Cotton Blend Briefs,Underwear,Women,$9.9,9.9,False,1,9.9,Card
BUG-20260612-0880,1,2026-06-12 18:43:17,Bugis,SOK-W-04,Women's Ribbed Crew Socks,Socks,Women,5.9,5.9,False,1,$5.9,Nets
ORC-20260612-0571,1,2026-06-12 17:42:51,Orchard Central,SOK-W-02,  Women's Pile Crew Socks  ,Socks,Women,5.9,5.9,False,1,5.9,Paynow
BUG-20260612-0562,1,2026-06-12 20:52:48,Bugis,SOK-M-04,Men's Ribbed Crew Socks,Socks,Men,5.9,5.9,False,1,5.9,Card
PUN-20260612-0466,1,2026-06-12 21:17:04,Punggol,BTM-W-03,Women's Ezy Ankle Pants,Bottoms,Women,29.9,29.9,False,1,29.9,PayNow
PUN-20260612-0672,1,2026-06-12 21:07:35,Punggol,SOK-M-02,Men's Pile Crew Socks,Socks,Men,5.9,5.9,False,1,5.9,PayNow
ORC-20260612-0093,1,2026-06-12 20:32:07,orchard central,BTM-W-04,Women's Denim Straight Jeans,Bottoms,Women,49.9,49.9,False,1,49.9,Card
BUG-20260612-1225,2,2026-06-12 18:38:39,BUGIS,SOK-M-01,Men's Ankle Socks 3-Pack,SOCKS,Men,14.9,14.9,False,1,14.9,Card
PUN-20260612-0232,1,2026-06-12 13:10:51,punggol,UND-W-01,Women's Airism Bikini Shorts,Underwear,Women,9.9,9.9,False,1,9.9,PayNow
BUG-20260612-0533,1,2026-06-12 16:58:00,Bugis,UND-M-04,Men's Cotton Crew Neck Undershirt,Underwear,Men,$14.9,14.9,False,1,14.9,cash
PUN-20260612-0623,2,2026-06-12 21:41:20,PUNGGOL,SOK-W-02,Women's Pile Crew Socks,Socks,Women,5.9,5.9,False,1,5.9,PayNow
ORC-20260612-0865,1,2026-06-12 11:07:14,Orchard Central,SOK-M-03,Men's Airism Low-Cut Socks,Socks,MEN,5.9,5.9,False,1,5.9,Card
PUN-20260612-0400,1,2026-06-12 21:53:03,Punggol,UND-M-01,Men's Airism Boxer Briefs,Underwear,Men,14.9,14.9,False,2,29.8,Card
BUG-20260612-0293,1,2026-06-12 13:27:08,Bugis,UND-W-03,Women's Cotton Blend Briefs,Underwear,Women,9.9,9.9,False,1,$9.9,PayNow
PUN-20260612-0751,2,2026-06-12 16:22:01,Punggol,BTM-W-04,Women's Denim Straight Jeans,bottoms,Women,49.9,49.9,False,1,49.9,Cash
ORC-20260612-0279,3,2026-06-12 17:16:42,Orchard Central,BTM-M-04,Men's Dry Stretch Shorts,Bottoms,Men,19.9,19.9,False,1,19.9,NETS
ORC-20260612-0789,1,2026-06-12 11:16:57,Orchard Central,UND-W-02,Women's Wireless Bra,Underwear,Women,29.9,29.9,False,1,29.9,Card
PUN-20260612-0736,3,2026-06-12 21:15:48,punggol,SOK-M-04,Men's Ribbed Crew Socks,Socks,Men,5.9,5.9,False,1,5.9,Card
ORC-20260612-0624,2,2026-06-12 19:17:46,Orchard Central,UND-W-03,Women's Cotton Blend Briefs,Underwear,Women,9.9,9.9,False,1,9.9,PayNow
ORC-20260612-1169,2,2026-06-12 15:40:59,Orchard Central,TOP-M-04,  Men's Oxford Long Sleeve Shirt  ,Tops,Men,29.9,29.9,False,1,29.9,paynow
BUG-20260612-0947,3,2026-06-12 16:21:28,Bugis,BTM-M-01,Men's Ezy Ankle Pants,Bottoms,MEN,29.9,29.9,False,1,29.9,card
BUG-20260612-0855,3,2026-06-12 17:05:22,Bugis,UND-W-03,  Women's Cotton Blend Briefs  ,Underwear,Women,9.9,9.9,False,2,19.8,PayNow
ORC-20260612-1031,2,2026-06-12 19:27:29,Orchard Central,SOK-W-02,Women's Pile Crew Socks,SOCKS,Women,5.9,5.9,False,1,5.9,PayNow
ORC-20260612-0064,2,2026-06-12 21:18:07,Orchard Central,SOK-M-03,Men's Airism Low-Cut Socks,Socks,Men,5.9,5.9,False,1,5.9,CASH
PUN-20260612-0640,1,2026-06-12 17:06:02,Punggol,SOK-W-04,Women's Ribbed Crew Socks,socks,Women,5.9,5.9,False,1,5.9,Card
ORC-20260612-0045,1,2026-06-12 21:41:17,  orchard central  ,TOP-M-04,Men's Oxford Long Sleeve Shirt,Tops,Men,29.9,29.9,False,1,29.9,PayNow
BUG-20260612-1043,1,2026-06-12 12:53:59,Bugis,BTM-W-07,Women's Linen Blend Wide Pants,Bottoms,Women,39.9,39.9,False,1,39.9,Card
BUG-20260612-1190,1,2026-06-12 14:44:22,Bugis,UND-M-04,Men's Cotton Crew Neck Undershirt,UNDERWEAR,Men,14.9,14.9,False,1,14.9,Cash
PUN-20260612-0094,1,2026-06-12 19:15:24,Punggol,SOK-W-01,Women's Ankle Socks 3-Pack,Socks,women,14.9,14.9,False,1,14.9,Card
BUG-20260612-0399,2,2026-06-12 12:30:23,Bugis,SOK-M-04,Men's Ribbed Crew Socks,Socks,Men,5.9,5.9,False,1,$5.9,Card
BUG-20260612-0353,1,2026-06-12 20:25:18,Bugis,SOK-W-02,Women's Pile Crew Socks,Socks,Women,5.9,5.9,False,2,11.8,PayNow
PUN-20260612-0248,2,2026-06-12 21:51:14,Punggol,TOP-M-03,Men's Dry-EX Crew Neck T-Shirt,Tops,Men,19.9,19.9,False,1,19.9,Card
BUG-20260612-0813,1,2026-06-12 21:09:07,Bugis,TOP-W-01,Women's Airism Cotton Crew Neck T-Shirt,TOPS,women,14.9,14.9,False,1,14.9,PayNow
ORC-20260612-0275,1,2026-06-12 11:33:49,Orchard Central,UND-W-10,Women's Wireless Bralette,Underwear,Women,29.9,29.9,False,2,59.8,Cash
PUN-20260612-0416,1,2026-06-12 15:49:29,Punggol,UND-W-09,Women's Cotton Boyshorts,underwear,Women,9.9,9.9,False,1,9.9,Cash
PUN-20260612-0623,1,2026-06-12 21:41:20,Punggol,SOK-W-01,Women's Ankle Socks 3-Pack,Socks,Women,14.9,14.9,False,1,14.9,PayNow
PUN-20260612-0214,3,2026-06-12 20:18:45,Punggol,UND-M-03,Men's Airism Mesh Boxer Briefs,underwear,Men,14.9,14.9,False,1,14.9,Cash
ORC-20260612-0736,1,2026-06-12 18:40:10,Orchard Central,UND-W-01,Women's Airism Bikini Shorts,Underwear,Women,9.9,9.9,False,1,9.9,Cash
PUN-20260612-0158,2,2026-06-12 18:29:11,Punggol,UND-M-03,Men's Airism Mesh Boxer Briefs,Underwear,Men,14.9,14.9,False,1,14.9,PayNow
BUG-20260612-1017,3,2026-06-12 18:21:15,  Bugis  ,UND-M-04,Men's Cotton Crew Neck Undershirt,Underwear,Men,14.9,14.9,False,1,14.9,Card
PUN-20260612-0633,1,2026-06-12 16:23:38,PUNGGOL,UND-W-01,  Women's Airism Bikini Shorts  ,Underwear,Women,9.9,9.9,False,1,9.9,PayNow
ORC-20260612-1279,1,2026-06-12 15:05:05,orchard central,UND-M-04,Men's Cotton Crew Neck Undershirt,Underwear,Men,14.9,14.9,False,2,29.8,Card
ORC-20260612-1144,2,2026-06-12 20:21:02,Orchard Central,BTM-M-01,Men's Ezy Ankle Pants,Bottoms,Men,29.9,29.9,False,1,29.9,PayNow
BUG-20260612-1234,1,2026-06-12 20:36:20,BUGIS,UND-W-09,Women's Cotton Boyshorts,Underwear,Women,9.9,9.9,False,1,9.9,Card
PUN-20260612-0508,1,2026-06-12 20:19:12,  Punggol  ,SOK-W-10,Women's Wool Blend Socks,Socks,Women,9.9,9.9,False,1,9.9,Card
ORC-20260612-1257,1,2026-06-12 19:38:34,Orchard Central,SOK-M-04,Men's Ribbed Crew Socks,Socks,Men,5.9,5.9,False,1,5.9,PayNow
ORC-20260612-0587,1,2026-06-12 21:46:49,Orchard Central,SOK-W-03,Women's Airism Low-Cut Socks,SOCKS,Women,5.9,5.9,False,1,5.9,Nets
BUG-20260612-0029,2,2026-06-12 21:05:12,Bugis,UND-M-03,Men's Airism Mesh Boxer Briefs,Underwear,MEN,14.9,14.9,False,1,14.9,Cash
BUG-20260612-0884,1,2026-06-12 17:32:50,Bugis,UND-W-02,Women's Wireless Bra,Underwear,Women,$29.9,29.9,False,2,59.8,PayNow
PUN-20260612-0278,1,2026-06-12 20:17:48,Punggol,TOP-M-08,Men's Linen Blend Short Sleeve Shirt,Tops,Men,29.9,29.9,False,1,29.9,Card
ORC-20260612-0762,1,2026-06-12 17:09:54,Orchard Central,SOK-W-01,Women's Ankle Socks 3-Pack,Socks,Women,14.9,14.9,False,2,29.8,NETS
BUG-20260612-0723,1,2026-06-12 16:23:12,Bugis,BTM-M-02,Men's Slim Fit Chino Trousers,Bottoms,Men,29.9,29.9,False,1,29.9,Card
ORC-20260612-0488,3,2026-06-12 20:48:09,Orchard Central,BTM-M-02,Men's Slim Fit Chino Trousers,Bottoms,Men,29.9,29.9,False,1,29.9,Card
ORC-20260612-1237,3,2026-06-12 21:27:28,Orchard Central,SOK-M-04,Men's Ribbed Crew Socks,SOCKS,Men,5.9,5.9,False,1,5.9,Card
ORC-20260612-0015,2,2026-06-12 19:53:30,Orchard Central,TOP-W-01,Women's Airism Cotton Crew Neck T-Shirt,Tops,Women,14.9,14.9,False,1,14.9,
ORC-20260612-0764,1,2026-06-12 21:41:49,Orchard Central,UND-M-07,Men's Stretch Cotton Boxers,Underwear,men,14.9,14.9,False,1,14.9,Card
BUG-20260612-0411,3,2026-06-12 20:37:20,BUGIS,TOP-M-02,Men's Supima Cotton Polo Shirt,Tops,Men,29.9,29.9,False,1,29.9,Cash
ORC-20260612-0644,3,2026-06-12 13:25:56,Orchard Central,SOK-M-04,Men's Ribbed Crew Socks,Socks,Men,5.9,5.9,False,1,5.9,Card
ORC-20260612-0885,2,2026-06-12 20:19:56,Orchard Central,SOK-M-04,Men's Ribbed Crew Socks,Socks,Men,5.9,5.9,False,2,11.8,nets
BUG-20260612-0988,1,2026-06-12 20:19:09,Bugis,SOK-M-03,Men's Airism Low-Cut Socks,Socks,Men,5.9,5.9,False,1,5.9,Card
ORC-20260612-0417,1,2026-06-12 20:34:26,Orchard Central,UND-M-04,  Men's Cotton Crew Neck Undershirt  ,Underwear,Men,14.9,14.9,False,1,$14.9,Card
BUG-20260612-0646,2,2026-06-12 19:18:14,bugis,TOP-M-04,  Men's Oxford Long Sleeve Shirt  ,Tops,Men,29.9,29.9,False,1,29.9,PayNow
ORC-20260612-1135,3,2026-06-12 20:26:21,Orchard Central,UND-M-04,Men's Cotton Crew Neck Undershirt,Underwear,Men,14.9,14.9,False,1,14.9,card
ORC-20260612-1176,1,2026-06-12 12:41:51,  ORCHARD CENTRAL  ,SOK-M-04,Men's Ribbed Crew Socks,Socks,Men,5.9,5.9,False,1,5.9,Card
BUG-20260612-0851,2,2026-06-12 20:29:15,Bugis,SOK-W-04,Women's Ribbed Crew Socks,Socks,Women,5.9,5.9,False,1,5.9,Card
ORC-20260612-1096,3,2026-06-12 14:04:24,Orchard Central,SOK-M-02,Men's Pile Crew Socks,Socks,Men,5.9,5.9,False,1,5.9,PayNow
BUG-20260612-1047,2,2026-06-12 14:01:19,Bugis,SOK-W-02,Women's Pile Crew Socks,Socks,Women,5.9,5.9,False,1,5.9,Card
BUG-20260612-0060,2,2026-06-12 16:42:44,Bugis,SOK-W-02,Women's Pile Crew Socks,Socks,Women,5.9,5.9,False,2,11.8,Card
ORC-20260612-1138,2,2026-06-12 19:44:55,Orchard Central,SOK-M-02,Men's Pile Crew Socks,Socks,Men,5.9,5.9,False,1,5.9,PayNow
ORC-20260612-0441,3,2026-06-12 20:59:42,Orchard Central,SOK-M-01,Men's Ankle Socks 3-Pack,Socks,Men,14.9,14.9,False,1,14.9,Card
ORC-20260612-0259,1,2026-06-12 18:54:29,orchard central,UND-M-01,Men's Airism Boxer Briefs,Underwear,Men,14.9,14.9,False,1,14.9,Card
BUG-20260612-0719,2,2026-06-12 17:44:58,Bugis,TOP-M-01,Men's Airism Cotton Crew Neck T-Shirt,Tops,Men,14.9,14.9,False,1,14.9,Card
ORC-20260612-0266,1,2026-06-12 17:32:22,Orchard Central,SOK-W-04,Women's Ribbed Crew Socks,Socks,Women,5.9,5.9,False,1,5.9,NETS
ORC-20260612-0949,1,2026-06-12 17:15:07,Orchard Central,UND-W-03,Women's Cotton Blend Briefs,Underwear,Women,9.9,9.9,False,1,9.9,paynow
PUN-20260612-0311,2,2026-06-12 16:03:50,punggol,SOK-M-01,Men's Ankle Socks 3-Pack,Socks,Men,14.9,14.9,False,1,14.9,PayNow
ORC-20260612-0011,2,2026-06-12 19:22:01,Orchard Central,BTM-W-01,Women's Ultra Stretch Skinny Jeans,Bottoms,Women,39.9,39.9,False,1,39.9,card
BUG-20260612-0574,1,2026-06-12 14:50:42,Bugis,TOP-M-01,  Men's Airism Cotton Crew Neck T-Shirt  ,Tops,Men,$14.9,14.9,False,1,14.9,Cash
BUG-20260612-0442,1,2026-06-12 20:02:10,bugis,SOK-W-03,Women's Airism Low-Cut Socks,Socks,WOMEN,5.9,5.9,False,1,5.9,NETS
ORC-20260612-1285,3,2026-06-12 20:56:45,Orchard Central,TOP-M-01,Men's Airism Cotton Crew Neck T-Shirt,Tops,Men,14.9,14.9,False,1,14.9,NETS
BUG-20260612-0423,3,2026-06-12 17:55:01,Bugis,BTM-W-03,  Women's Ezy Ankle Pants  ,Bottoms,Women,29.9,29.9,False,1,29.9,Card
BUG-20260612-0868,2,2026-06-12 20:49:53,Bugis,SOK-W-02,Women's Pile Crew Socks,Socks,Women,5.9,5.9,False,1,5.9,Card
ORC-20260612-0110,2,2026-06-12 22:24:03,ORCHARD CENTRAL,UND-W-08,  Women's Airism Camisole  ,Underwear,Women,14.9,14.9,False,2,29.8,PayNow
ORC-20260612-0355,1,2026-06-12 11:11:27,Orchard Central,UND-M-09,Men's Heattech Long Johns,underwear,Men,19.9,19.9,False,1,19.9,Card
BUG-20260612-0056,3,2026-06-12 17:59:15,Bugis,TOP-M-01,Men's Airism Cotton Crew Neck T-Shirt,Tops,MEN,14.9,14.9,False,1,14.9,Paynow
BUG-20260612-1119,1,2026-06-12 22:37:48,Bugis,SOK-M-02,Men's Pile Crew Socks,Socks,Men,5.9,5.9,False,1,5.9,Card
ORC-20260612-0973,2,2026-06-12 21:31:59,Orchard Central,TOP-W-01,Women's Airism Cotton Crew Neck T-Shirt,Tops,Women,14.9,14.9,False,1,14.9,Cash
ORC-20260612-0243,2,2026-06-12 18:43:24,Orchard Central,TOP-M-07,Men's Ultra Light Down Jacket,Tops,Men,55.24,79.9,True,1,55.24,PayNow
PUN-20260612-0600,3,2026-06-12 19:43:14,Punggol,UND-W-03,Women's Cotton Blend Briefs,Underwear,Women,9.9,9.9,False,1,9.9,Cash
BUG-20260612-0361,2,2026-06-12 18:11:32,Bugis,SOK-W-01,Women's Ankle Socks 3-Pack,Socks,Women,14.9,14.9,False,1,14.9,NETS
ORC-20260612-0378,2,2026-06-12 12:40:48,Orchard Central,UND-W-01,Women's Airism Bikini Shorts,Underwear,Women,9.9,9.9,False,1,9.9,PayNow
PUN-20260612-0187,2,2026-06-12 21:38:12,Punggol,UND-W-09,Women's Cotton Boyshorts,Underwear,Women,9.9,9.9,False,1,9.9,Card
ORC-20260612-0346,2,2026-06-12 20:38:19,Orchard Central,BTM-W-01,Women's Ultra Stretch Skinny Jeans,Bottoms,Women,39.9,39.9,False,1,39.9,Cash
PUN-20260612-0122,2,2026-06-12 11:01:25,Punggol,UND-M-02,Men's Cotton Blend Trunks,Underwear,Men,14.9,14.9,False,1,14.9,PayNow
PUN-20260612-0462,2,2026-06-12 17:19:33,PUNGGOL,SOK-W-03,Women's Airism Low-Cut Socks,SOCKS,Women,5.9,5.9,False,1,5.9,NETS
BUG-20260612-0629,1,2026-06-12 20:26:05,Bugis,TOP-W-02,Women's Ribbed Long Sleeve Turtleneck,Tops,Women,19.9,19.9,False,1,19.9,NETS
PUN-20260612-0624,2,2026-06-12 20:17:05,Punggol,TOP-W-04,  Women's Heattech Crew Neck Long Sleeve Tee  ,TOPS,Women,14.9,14.9,False,1,14.9,Card
BUG-20260612-0914,2,2026-06-12 17:32:10,Bugis,TOP-W-02,Women's Ribbed Long Sleeve Turtleneck,Tops,Women,19.9,19.9,False,1,19.9,Cash
BUG-20260612-0785,1,2026-06-12 20:12:53,Bugis,TOP-W-04,Women's Heattech Crew Neck Long Sleeve Tee,Tops,Women,14.9,14.9,False,1,14.9,Cash
ORC-20260612-1097,2,2026-06-12 14:10:41,Orchard Central,SOK-W-02,Women's Pile Crew Socks,Socks,Women,5.9,5.9,False,1,5.9,Card
ORC-20260612-0729,2,2026-06-12 16:38:32,Orchard Central,SOK-M-02,Men's Pile Crew Socks,Socks,Men,5.9,5.9,False,1,5.9,PayNow
BUG-20260612-0560,2,2026-06-12 18:13:53,Bugis,TOP-M-03,Men's Dry-EX Crew Neck T-Shirt,Tops,Men,19.9,19.9,False,1,19.9,Card
BUG-20260612-0344,2,2026-06-12 19:59:38,BUGIS,BTM-M-02,Men's Slim Fit Chino Trousers,Bottoms,Men,29.9,29.9,False,1,29.9,Card
ORC-20260612-0480,1,2026-06-12 20:58:06,Orchard Central,BTM-M-03,Men's Selvedge Regular Fit Jeans,Bottoms,Men,59.9,59.9,False,1,59.9,Card
BUG-20260612-0768,3,2026-06-12 18:08:54,Bugis,BTM-M-01,  Men's Ezy Ankle Pants  ,Bottoms,Men,29.9,29.9,False,1,29.9,NETS
ORC-20260612-0513,1,2026-06-12 15:27:03,Orchard Central,TOP-W-03,Women's Silky Satin Blouse,Tops,Women,39.9,39.9,False,1,39.9,NETS
ORC-20260612-0851,3,2026-06-12 21:48:03,Orchard Central,SOK-W-04,Women's Ribbed Crew Socks,Socks,Women,5.9,5.9,False,1,5.9,NETS
ORC-20260612-0668,2,2026-06-12 21:47:13,Orchard Central,SOK-W-02,Women's Pile Crew Socks,Socks,Women,5.9,5.9,False,1,5.9,Cash
BUG-20260612-0703,1,2026-06-12 22:26:40,Bugis,SOK-M-02,Men's Pile Crew Socks,Socks,Men,5.9,5.9,False,2,11.8,Cash
ORC-20260612-0305,2,2026-06-12 17:49:08,Orchard Central,SOK-W-02,Women's Pile Crew Socks,Socks,Women,5.9,5.9,False,1,5.9,Card
ORC-20260612-0899,3,2026-06-12 17:24:21,Orchard Central,SOK-W-02,Women's Pile Crew Socks,Socks,Women,5.9,5.9,False,1,5.9,Cash
BUG-20260612-1103,2,2026-06-12 18:58:54,Bugis,SOK-M-04,Men's Ribbed Crew Socks,SOCKS,Men,5.9,5.9,False,1,5.9,Cash
BUG-20260612-0446,1,2026-06-12 21:47:51,Bugis,SOK-W-02,Women's Pile Crew Socks,Socks,Women,5.9,5.9,False,2,11.8,Card
PUN-20260612-0378,2,2026-06-12 20:30:21,Punggol,BTM-M-04,Men's Dry Stretch Shorts,Bottoms,Men,19.9,19.9,False,1,19.9,Cash
BUG-20260612-0130,3,2026-06-12 18:43:45,Bugis,BTM-M-02,Men's Slim Fit Chino Trousers,Bottoms,Men,29.9,29.9,False,1,29.9,Cash
ORC-20260612-0149,1,2026-06-12 14:29:16,Orchard Central,SOK-M-02,Men's Pile Crew Socks,Socks,Men,5.9,5.9,False,1,5.9,Card
ORC-20260612-0341,1,2026-06-12 20:37:43,Orchard Central,SOK-W-01,Women's Ankle Socks 3-Pack,Socks,Women,14.9,14.9,False,1,14.9,PayNow
ORC-20260612-1141,2,2026-06-12 20:23:17,Orchard Central,TOP-W-02,  Women's Ribbed Long Sleeve Turtleneck  ,tops,Women,19.9,19.9,False,1,19.9,NETS
ORC-20260612-0365,2,2026-06-12 12:51:46,Orchard Central,SOK-M-04,Men's Ribbed Crew Socks,socks,Men,5.9,5.9,False,1,5.9,NETS
PUN-20260612-0044,3,2026-06-12 16:01:42,punggol,SOK-M-08,Men's Cotton Blend Dress Socks,Socks,Men,9.9,9.9,False,1,9.9,Card
ORC-20260612-0801,1,2026-06-12 19:10:41,Orchard Central,UND-W-01,Women's Airism Bikini Shorts,Underwear,WOMEN,9.9,9.9,False,1,9.9,Cash
BUG-20260612-0480,1,2026-06-12 17:05:28,Bugis,SOK-M-04,Men's Ribbed Crew Socks,socks,Men,5.9,5.9,False,2,11.8,PayNow
BUG-20260612-0500,3,2026-06-12 20:43:37,Bugis,SOK-M-04,  Men's Ribbed Crew Socks  ,Socks,Men,5.9,5.9,False,2,11.8,CASH
PUN-20260612-0806,1,2026-06-12 13:00:55,Punggol,SOK-W-03,Women's Airism Low-Cut Socks,SOCKS,Women,5.9,5.9,False,1,5.9,Cash
ORC-20260612-0300,2,2026-06-12 18:33:11,  Orchard Central  ,UND-M-08,Men's Airism V-Neck Undershirt,Underwear,Men,9.9,9.9,False,1,9.9,Card
BUG-20260612-0701,1,2026-06-12 19:29:57,  bugis  ,SOK-W-03,Women's Airism Low-Cut Socks,Socks,Women,5.9,5.9,False,2,11.8,Card
PUN-20260612-0757,3,2026-06-12 19:03:51,  Punggol  ,SOK-W-08,Women's Lace Trim Ankle Socks,Socks,women,5.9,5.9,False,1,5.9,Card
BUG-20260612-0004,3,2026-06-12 20:53:39,Bugis,SOK-M-04,Men's Ribbed Crew Socks,Socks,Men,5.9,5.9,False,2,11.8,Cash
ORC-20260612-0523,2,2026-06-12 21:25:42,Orchard Central,TOP-W-04,Women's Heattech Crew Neck Long Sleeve Tee,Tops,Women,14.9,14.9,False,1,14.9,PayNow
PUN-20260612-0732,1,2026-06-12 20:20:04,PUNGGOL,BTM-W-03,Women's Ezy Ankle Pants,Bottoms,Women,29.9,29.9,False,1,29.9,Card
ORC-20260612-0342,1,2026-06-12 18:50:35,Orchard Central,UND-W-03,Women's Cotton Blend Briefs,Underwear,Women,9.9,9.9,False,1,$9.9,Card
BUG-20260612-0910,1,2026-06-12 13:50:08,Bugis,SOK-M-04,  Men's Ribbed Crew Socks  ,Socks,Men,5.9,5.9,False,1,5.9,Card
PUN-20260612-0288,3,2026-06-12 16:37:58,Punggol,SOK-W-02,Women's Pile Crew Socks,Socks,Women,5.9,5.9,False,1,5.9,Card
ORC-20260612-0183,3,2026-06-12 17:45:26,Orchard Central,UND-M-03,Men's Airism Mesh Boxer Briefs,Underwear,Men,14.9,14.9,False,1,14.9,PayNow
ORC-20260612-0621,1,2026-06-12 16:12:36,  Orchard Central  ,BTM-W-10,Women's High Waist Denim Shorts,Bottoms,Women,29.9,29.9,False,1,29.9,Card
ORC-20260612-1016,1,2026-06-12 20:04:16,Orchard Central,UND-W-03,Women's Cotton Blend Briefs,Underwear,Women,9.9,9.9,False,1,9.9,Card
BUG-20260612-0084,2,2026-06-12 21:51:37,  Bugis  ,UND-M-03,Men's Airism Mesh Boxer Briefs,Underwear,Men,14.9,14.9,False,1,14.9,NETS
BUG-20260612-0994,1,2026-06-12 16:29:39,Bugis,UND-M-04,Men's Cotton Crew Neck Undershirt,UNDERWEAR,Men,14.9,14.9,False,1,14.9,Card
BUG-20260612-1086,1,2026-06-12 18:33:08,bugis,BTM-W-03,Women's Ezy Ankle Pants,Bottoms,Women,29.9,29.9,False,1,$29.9,PayNow
ORC-20260612-0372,2,2026-06-12 12:24:00,  Orchard Central  ,TOP-W-08,Women's Puff Sleeve Blouse,Tops,Women,20.35,29.9,True,1,20.35,Card
ORC-20260612-0332,1,2026-06-12 13:09:17,Orchard Central,SOK-M-08,Men's Cotton Blend Dress Socks,socks,Men,9.9,9.9,False,1,9.9,Cash
ORC-20260612-0956,1,2026-06-12 12:28:39,Orchard Central,UND-M-04,Men's Cotton Crew Neck Undershirt,Underwear,Men,14.9,14.9,False,1,14.9,Cash
BUG-20260612-1216,1,2026-06-12 18:00:57,  Bugis  ,TOP-W-02,Women's Ribbed Long Sleeve Turtleneck,Tops,Women,19.9,19.9,False,1,19.9,Card
ORC-20260612-0632,2,2026-06-12 21:04:45,Orchard Central,SOK-M-04,Men's Ribbed Crew Socks,Socks,Men,5.9,5.9,False,1,5.9,NETS
ORC-20260612-1215,2,2026-06-12 12:01:26,Orchard Central,SOK-M-04,  Men's Ribbed Crew Socks  ,Socks,Men,5.9,5.9,False,1,5.9,CARD
ORC-20260612-0278,1,2026-06-12 14:36:21,Orchard Central,SOK-M-03,Men's Airism Low-Cut Socks,Socks,Men,5.9,5.9,False,1,5.9,Cash
ORC-20260612-0615,2,2026-06-12 20:17:38,Orchard Central,UND-W-01,Women's Airism Bikini Shorts,Underwear,Women,9.9,9.9,False,1,9.9,CARD
ORC-20260612-0827,2,2026-06-12 18:33:39,Orchard Central,UND-W-01,Women's Airism Bikini Shorts,underwear,Women,9.9,9.9,False,1,9.9,paynow
ORC-20260612-0156,2,2026-06-12 19:11:39,orchard central,TOP-M-02,Men's Supima Cotton Polo Shirt,Tops,Men,29.9,29.9,False,1,29.9,Cash
ORC-20260612-0462,1,2026-06-12 18:54:11,orchard central,BTM-M-04,  Men's Dry Stretch Shorts  ,Bottoms,Men,19.9,19.9,False,1,19.9,NETS
BUG-20260612-0404,1,2026-06-12 20:27:38,bugis,SOK-M-02,Men's Pile Crew Socks,Socks,men,5.9,5.9,False,1,5.9,Card
BUG-20260612-0879,3,2026-06-12 19:55:55,bugis,UND-M-02,Men's Cotton Blend Trunks,Underwear,Men,14.9,14.9,False,1,$14.9,Card
BUG-20260612-1224,1,2026-06-12 20:20:26,Bugis,TOP-W-02,Women's Ribbed Long Sleeve Turtleneck,Tops,Women,19.9,19.9,False,1,$19.9,Cash
PUN-20260612-0543,1,2026-06-12 20:23:38,Punggol,UND-M-02,Men's Cotton Blend Trunks,Underwear,Men,14.9,14.9,False,2,$29.8,Card
ORC-20260612-0661,3,2026-06-12 20:11:26,Orchard Central,SOK-M-03,Men's Airism Low-Cut Socks,Socks,Men,5.9,5.9,False,1,5.9,Card
PUN-20260612-0821,3,2026-06-12 20:43:36,Punggol,SOK-W-02,Women's Pile Crew Socks,Socks,Women,5.9,5.9,False,1,5.9,card
PUN-20260612-0234,2,2026-06-12 16:29:15,Punggol,UND-W-09,Women's Cotton Boyshorts,Underwear,Women,9.9,9.9,False,1,9.9,card
BUG-20260612-1185,1,2026-06-12 20:58:05,Bugis,SOK-W-01,Women's Ankle Socks 3-Pack,Socks,Women,14.9,14.9,False,1,14.9,PayNow
BUG-20260612-0922,2,2026-06-12 11:59:08,Bugis,UND-M-02,Men's Cotton Blend Trunks,underwear,Men,14.9,14.9,False,1,14.9,PayNow
BUG-20260612-0564,1,2026-06-12 15:07:54,Bugis,SOK-W-03,Women's Airism Low-Cut Socks,Socks,Women,5.9,5.9,False,1,5.9,Card
ORC-20260612-0970,1,2026-06-12 19:58:19,Orchard Central,UND-M-01,Men's Airism Boxer Briefs,Underwear,Men,14.9,14.9,False,2,29.8,Paynow
PUN-20260612-0818,3,2026-06-12 21:46:10,  Punggol  ,UND-M-03,Men's Airism Mesh Boxer Briefs,Underwear,Men,14.9,14.9,False,1,14.9,Card
ORC-20260612-0367,2,2026-06-12 11:10:36,Orchard Central,TOP-M-01,Men's Airism Cotton Crew Neck T-Shirt,Tops,Men,14.9,14.9,False,1,14.9,PayNow
ORC-20260612-1250,1,2026-06-12 21:23:04,Orchard Central,SOK-W-03,Women's Airism Low-Cut Socks,Socks,WOMEN,5.9,5.9,False,2,11.8,PayNow
PUN-20260612-0267,2,2026-06-12 13:00:14,Punggol,TOP-W-01,Women's Airism Cotton Crew Neck T-Shirt,Tops,Women,14.9,14.9,False,1,14.9,Card
ORC-20260612-0582,3,2026-06-12 15:46:21,  Orchard Central  ,BTM-M-04,Men's Dry Stretch Shorts,Bottoms,Men,19.9,19.9,False,1,19.9,Card
PUN-20260612-0822,2,2026-06-12 21:33:00,  Punggol  ,SOK-W-03,  Women's Airism Low-Cut Socks  ,SOCKS,Women,5.9,5.9,False,1,5.9,NETS
BUG-20260612-1198,2,2026-06-12 18:42:50,bugis,UND-W-02,Women's Wireless Bra,Underwear,Women,29.9,29.9,False,1,29.9,Cash
BUG-20260612-0169,3,2026-06-12 21:50:54,Bugis,UND-W-02,Women's Wireless Bra,Underwear,women,29.9,29.9,False,2,59.8,Card
BUG-20260612-0662,2,2026-06-12 11:44:01,Bugis,BTM-W-01,Women's Ultra Stretch Skinny Jeans,BOTTOMS,Women,39.9,39.9,False,1,39.9,PayNow
BUG-20260612-0666,2,2026-06-12 21:13:23,Bugis,TOP-M-02,Men's Supima Cotton Polo Shirt,Tops,Men,29.9,29.9,False,1,29.9,Card
ORC-20260612-0006,3,2026-06-12 13:21:21,Orchard Central,BTM-W-03,Women's Ezy Ankle Pants,Bottoms,WOMEN,$29.9,29.9,False,1,29.9,PayNow
BUG-20260612-1222,1,2026-06-12 12:11:50,Bugis,SOK-W-04,Women's Ribbed Crew Socks,Socks,Women,5.9,5.9,False,1,5.9,Card
ORC-20260612-1083,1,2026-06-12 20:52:16,Orchard Central,BTM-M-01,Men's Ezy Ankle Pants,Bottoms,MEN,29.9,29.9,False,1,29.9,PayNow
ORC-20260612-0760,1,2026-06-12 18:58:10,Orchard Central,BTM-M-02,Men's Slim Fit Chino Trousers,BOTTOMS,Men,29.9,29.9,False,1,29.9,NETS
PUN-20260612-0305,1,2026-06-12 20:09:20,Punggol,UND-W-07,Women's Heattech Camisole,Underwear,WOMEN,14.9,14.9,False,1,14.9,Cash
PUN-20260612-0576,2,2026-06-12 15:52:39,Punggol,TOP-M-01,Men's Airism Cotton Crew Neck T-Shirt,Tops,Men,14.9,14.9,False,1,14.9,Card
BUG-20260612-0969,1,2026-06-12 20:44:22,Bugis,BTM-M-02,Men's Slim Fit Chino Trousers,Bottoms,Men,29.9,29.9,False,1,29.9,Cash
PUN-20260612-0316,1,2026-06-12 21:03:34,  Punggol  ,SOK-M-03,  Men's Airism Low-Cut Socks  ,Socks,Men,5.9,5.9,False,1,5.9,PayNow
PUN-20260612-0414,3,2026-06-12 16:09:24,Punggol,BTM-M-01,  Men's Ezy Ankle Pants  ,Bottoms,MEN,29.9,29.9,False,1,29.9,NETS
BUG-20260612-0050,3,2026-06-12 20:02:00,Bugis,TOP-W-02,Women's Ribbed Long Sleeve Turtleneck,Tops,Women,19.9,19.9,False,1,19.9,PayNow
ORC-20260612-0638,1,2026-06-12 20:54:17,Orchard Central,SOK-M-04,Men's Ribbed Crew Socks,Socks,Men,5.9,5.9,False,1,5.9,Cash
BUG-20260612-0321,1,2026-06-12 20:37:39,Bugis,SOK-W-01,Women's Ankle Socks 3-Pack,Socks,Women,14.9,14.9,False,1,14.9,NETS
ORC-20260612-0845,1,2026-06-12 22:33:10,Orchard Central,SOK-M-03,Men's Airism Low-Cut Socks,Socks,Men,5.9,5.9,False,1,5.9,PayNow
BUG-20260612-0769,1,2026-06-12 22:22:21,Bugis,BTM-M-01,Men's Ezy Ankle Pants,Bottoms,Men,29.9,29.9,False,1,29.9,paynow
BUG-20260612-0206,3,2026-06-12 16:42:24,Bugis,TOP-W-08,Women's Puff Sleeve Blouse,TOPS,Women,20.35,29.9,True,1,20.35,Card
ORC-20260612-0451,2,2026-06-12 19:52:24,Orchard Central,BTM-W-04,Women's Denim Straight Jeans,BOTTOMS,Women,49.9,49.9,False,1,49.9,PayNow
ORC-20260612-0129,3,2026-06-12 20:17:09,Orchard Central,UND-M-04,Men's Cotton Crew Neck Undershirt,Underwear,Men,14.9,14.9,False,1,14.9,Card
PUN-20260612-0498,2,2026-06-12 21:28:06,punggol,SOK-W-10,Women's Wool Blend Socks,SOCKS,Women,9.9,9.9,False,2,$19.8,Card
PUN-20260612-0432,2,2026-06-12 11:02:35,  Punggol  ,SOK-M-02,Men's Pile Crew Socks,SOCKS,Men,5.9,5.9,False,1,5.9,Card
BUG-20260612-0549,2,2026-06-12 12:23:50,Bugis,SOK-W-02,Women's Pile Crew Socks,Socks,Women,5.9,5.9,False,1,5.9,card
ORC-20260612-0594,1,2026-06-12 17:46:48,Orchard Central,SOK-W-04,Women's Ribbed Crew Socks,Socks,Women,5.9,5.9,False,1,5.9,Card
ORC-20260612-0873,3,2026-06-12 20:45:51,Orchard Central,UND-W-01,  Women's Airism Bikini Shorts  ,Underwear,Women,9.9,9.9,False,1,9.9,PayNow
ORC-20260612-1150,1,2026-06-12 21:39:57,Orchard Central,TOP-W-01,Women's Airism Cotton Crew Neck T-Shirt,Tops,Women,14.9,14.9,False,1,14.9,PayNow
ORC-20260612-1200,1,2026-06-12 21:30:25,Orchard Central,SOK-W-04,Women's Ribbed Crew Socks,Socks,Women,5.9,5.9,False,1,$5.9,Card
BUG-20260612-0872,3,2026-06-12 20:26:23,Bugis,TOP-W-04,Women's Heattech Crew Neck Long Sleeve Tee,Tops,Women,14.9,14.9,False,1,14.9,Card
PUN-20260612-0531,1,2026-06-12 12:41:36,Punggol,SOK-M-03,Men's Airism Low-Cut Socks,Socks,men,5.9,5.9,False,1,5.9,Cash
BUG-20260612-0958,1,2026-06-12 18:13:43,Bugis,BTM-M-01,Men's Ezy Ankle Pants,Bottoms,Men,29.9,29.9,False,1,29.9,Cash
ORC-20260612-0881,2,2026-06-12 17:04:06,Orchard Central,UND-W-03,Women's Cotton Blend Briefs,Underwear,Women,9.9,9.9,False,1,9.9,NETS
ORC-20260612-0710,3,2026-06-12 20:14:38,Orchard Central,UND-W-01,Women's Airism Bikini Shorts,underwear,WOMEN,9.9,9.9,False,1,9.9,Cash
PUN-20260612-0422,1,2026-06-12 16:55:19,Punggol,UND-M-01,Men's Airism Boxer Briefs,Underwear,men,14.9,14.9,False,1,14.9,PayNow
ORC-20260612-0904,3,2026-06-12 21:58:35,Orchard Central,UND-W-02,Women's Wireless Bra,Underwear,Women,29.9,29.9,False,1,29.9,Card
ORC-20260612-0340,2,2026-06-12 19:20:53,Orchard Central,BTM-M-04,Men's Dry Stretch Shorts,Bottoms,Men,19.9,19.9,False,1,19.9,PayNow
PUN-20260612-0197,1,2026-06-12 15:57:19,Punggol,TOP-W-03,Women's Silky Satin Blouse,tops,Women,39.9,39.9,False,1,39.9,Card
ORC-20260612-0958,1,2026-06-12 14:34:43,Orchard Central,SOK-W-01,  Women's Ankle Socks 3-Pack  ,Socks,Women,14.9,14.9,False,1,14.9,Card
PUN-20260612-0071,3,2026-06-12 19:05:41,  Punggol  ,BTM-W-10,Women's High Waist Denim Shorts,Bottoms,women,29.9,29.9,False,1,29.9,NETS
BUG-20260612-0245,2,2026-06-12 16:15:03,bugis,SOK-W-03,  Women's Airism Low-Cut Socks  ,Socks,women,5.9,5.9,False,1,5.9,Card
BUG-20260612-1178,1,2026-06-12 20:10:07,Bugis,UND-W-04,Women's Airism T-Shirt Bra,Underwear,Women,29.9,29.9,False,1,29.9,Card
PUN-20260612-0356,2,2026-06-12 22:30:19,Punggol,SOK-W-03,  Women's Airism Low-Cut Socks  ,Socks,Women,5.9,5.9,False,2,11.8,PayNow
PUN-20260612-0383,3,2026-06-12 12:20:41,Punggol,UND-M-02,Men's Cotton Blend Trunks,underwear,MEN,14.9,14.9,False,1,14.9,PayNow
PUN-20260612-0772,1,2026-06-12 16:15:33,  Punggol  ,SOK-W-03,Women's Airism Low-Cut Socks,Socks,Women,5.9,5.9,False,1,5.9,Card
BUG-20260612-0665,2,2026-06-12 18:22:32,Bugis,UND-M-04,Men's Cotton Crew Neck Undershirt,Underwear,Men,14.9,14.9,False,1,14.9,Card
BUG-20260612-0658,1,2026-06-12 19:51:15,Bugis,SOK-W-04,Women's Ribbed Crew Socks,Socks,Women,5.9,5.9,False,1,5.9,Card
BUG-20260612-0450,1,2026-06-12 17:13:40,BUGIS,SOK-W-02,Women's Pile Crew Socks,SOCKS,women,5.9,5.9,False,2,11.8,Paynow
ORC-20260612-1102,2,2026-06-12 13:34:10,Orchard Central,UND-W-03,Women's Cotton Blend Briefs,Underwear,Women,9.9,9.9,False,1,9.9,NETS
BUG-20260612-0080,1,2026-06-12 22:51:34,Bugis,SOK-W-04,Women's Ribbed Crew Socks,Socks,Women,5.9,5.9,False,1,5.9,PayNow
ORC-20260612-0733,3,2026-06-12 21:39:41,  Orchard Central  ,UND-M-01,Men's Airism Boxer Briefs,Underwear,Men,14.9,14.9,False,1,14.9,PayNow
ORC-20260612-0256,1,2026-06-12 21:25:59,Orchard Central,SOK-M-03,Men's Airism Low-Cut Socks,Socks,Men,5.9,5.9,False,1,5.9,Card
BUG-20260612-0587,1,2026-06-12 13:15:13,Bugis,TOP-M-01,Men's Airism Cotton Crew Neck T-Shirt,Tops,Men,14.9,14.9,False,1,$14.9,NETS
PUN-20260612-0090,2,2026-06-12 17:49:11,Punggol,TOP-M-02,Men's Supima Cotton Polo Shirt,Tops,Men,29.9,29.9,False,1,29.9,PayNow
ORC-20260612-0524,1,2026-06-12 19:30:51,Orchard Central,BTM-M-02,Men's Slim Fit Chino Trousers,Bottoms,Men,29.9,29.9,False,1,29.9,card
BUG-20260612-0169,2,2026-06-12 21:50:54,Bugis,BTM-M-01,Men's Ezy Ankle Pants,Bottoms,Men,29.9,29.9,False,1,29.9,Card
ORC-20260612-1039,2,2026-06-12 12:46:21,Orchard Central,SOK-M-02,Men's Pile Crew Socks,Socks,Men,5.9,5.9,False,1,5.9,Cash
BUG-20260612-1091,2,2026-06-12 21:17:13,Bugis,UND-W-08,Women's Airism Camisole,Underwear,Women,14.9,14.9,False,2,29.8,Cash
BUG-20260612-0550,1,2026-06-12 19:27:26,Bugis,UND-W-03,  Women's Cotton Blend Briefs  ,Underwear,Women,9.9,9.9,False,1,$9.9,Card
PUN-20260612-0673,1,2026-06-12 15:28:47,punggol,BTM-M-01,Men's Ezy Ankle Pants,Bottoms,Men,29.9,29.9,False,1,29.9,cash
BUG-20260612-0720,2,2026-06-12 20:34:32,Bugis,BTM-M-01,  Men's Ezy Ankle Pants  ,Bottoms,Men,29.9,29.9,False,1,29.9,Card
PUN-20260612-0236,2,2026-06-12 17:08:55,  Punggol  ,SOK-W-01,Women's Ankle Socks 3-Pack,Socks,Women,14.9,14.9,False,1,14.9,paynow
ORC-20260612-0619,1,2026-06-12 18:57:01,Orchard Central,TOP-W-01,  Women's Airism Cotton Crew Neck T-Shirt  ,Tops,Women,14.9,14.9,False,1,14.9,NETS
ORC-20260612-0192,2,2026-06-12 15:01:14,Orchard Central,SOK-M-08,Men's Cotton Blend Dress Socks,Socks,Men,9.9,9.9,False,2,19.8,Paynow
BUG-20260612-0284,2,2026-06-12 20:33:35,Bugis,TOP-W-02,,Tops,Women,19.9,19.9,False,1,19.9,PayNow
ORC-20260612-0772,1,2026-06-12 21:38:53,Orchard Central,UND-M-01,Men's Airism Boxer Briefs,Underwear,Men,14.9,14.9,False,1,14.9,NETS
ORC-20260612-0425,1,2026-06-12 20:50:23,Orchard Central,SOK-M-02,  Men's Pile Crew Socks  ,Socks,Men,5.9,5.9,False,1,5.9,PayNow
PUN-20260612-0673,2,2026-06-12 15:28:47,Punggol,SOK-W-03,Women's Airism Low-Cut Socks,socks,Women,5.9,5.9,False,1,5.9,Cash
BUG-20260612-0715,1,2026-06-12 15:38:10,Bugis,SOK-W-02,Women's Pile Crew Socks,socks,Women,5.9,5.9,False,1,5.9,Cash
ORC-20260612-1168,1,2026-06-12 18:13:11,orchard central,SOK-M-03,Men's Airism Low-Cut Socks,Socks,Men,5.9,5.9,False,1,5.9,paynow
ORC-20260612-1271,1,2026-06-12 15:56:22,Orchard Central,SOK-W-02,Women's Pile Crew Socks,Socks,Women,5.9,5.9,False,1,5.9,Card
BUG-20260612-0604,1,2026-06-12 18:18:08,Bugis,SOK-W-04,Women's Ribbed Crew Socks,Socks,women,5.9,5.9,False,1,5.9,PayNow
ORC-20260612-0781,1,2026-06-12 19:47:26,Orchard Central,SOK-M-01,Men's Ankle Socks 3-Pack,Socks,Men,14.9,14.9,False,1,14.9,Card
BUG-20260612-0705,2,2026-06-12 21:42:14,Bugis,UND-M-07,Men's Stretch Cotton Boxers,Underwear,Men,14.9,14.9,False,1,14.9,Card
BUG-20260612-0385,1,2026-06-12 20:18:13,Bugis,SOK-W-02,Women's Pile Crew Socks,Socks,Women,5.9,5.9,False,2,11.8,paynow
BUG-20260612-1037,2,2026-06-12 22:28:58,Bugis,TOP-W-04,Women's Heattech Crew Neck Long Sleeve Tee,Tops,Women,14.9,14.9,False,1,14.9,NETS
ORC-20260612-0033,2,2026-06-12 17:26:13,Orchard Central,TOP-W-01,Women's Airism Cotton Crew Neck T-Shirt,Tops,Women,$14.9,14.9,False,1,14.9,Card
PUN-20260612-0820,1,2026-06-12 21:08:29,Punggol,SOK-W-02,Women's Pile Crew Socks,Socks,Women,5.9,5.9,False,1,5.9,PayNow
PUN-20260612-0444,1,2026-06-12 20:12:16,Punggol,SOK-W-02,  Women's Pile Crew Socks  ,Socks,Women,5.9,5.9,False,1,5.9,PayNow
ORC-20260612-0169,1,2026-06-12 13:43:03,Orchard Central,TOP-M-01,Men's Airism Cotton Crew Neck T-Shirt,Tops,Men,14.9,14.9,False,1,14.9,Card
BUG-20260612-1204,1,2026-06-12 14:45:46,Bugis,UND-W-05,Women's Seamless Shorts,Underwear,Women,9.9,9.9,False,1,9.9,CARD
BUG-20260612-0643,1,2026-06-12 21:04:25,Bugis,BTM-M-07,Men's Smart Ankle Pants,Bottoms,Men,39.9,39.9,False,1,39.9,PayNow
BUG-20260612-0904,1,2026-06-12 19:02:57,  Bugis  ,SOK-W-02,  Women's Pile Crew Socks  ,Socks,Women,5.9,5.9,False,1,5.9,Card
BUG-20260612-0206,2,2026-06-12 16:42:24,Bugis,UND-W-02,Women's Wireless Bra,Underwear,Women,29.9,29.9,False,1,29.9,Card
BUG-20260612-0917,1,2026-06-12 19:01:00,Bugis,SOK-M-03,Men's Airism Low-Cut Socks,Socks,Men,5.9,5.9,False,1,5.9,Nets
BUG-20260612-0302,1,2026-06-12 19:53:59,bugis,SOK-W-02,Women's Pile Crew Socks,Socks,Women,5.9,5.9,False,2,11.8,PayNow
PUN-20260612-0477,1,2026-06-12 13:58:27,Punggol,BTM-W-03,Women's Ezy Ankle Pants,Bottoms,Women,29.9,29.9,False,1,29.9,PayNow
BUG-20260612-0467,1,2026-06-12 18:58:54,Bugis,TOP-W-09,Women's Drape Sleeveless Top,Tops,Women,19.9,19.9,False,1,19.9,Cash
PUN-20260612-0393,3,2026-06-12 16:19:50,Punggol,BTM-M-04,Men's Dry Stretch Shorts,Bottoms,Men,19.9,19.9,False,1,19.9,card
ORC-20260612-0268,2,2026-06-12 18:10:41,Orchard Central,SOK-M-03,  Men's Airism Low-Cut Socks  ,Socks,Men,5.9,5.9,False,2,11.8,Card
ORC-20260612-0185,1,2026-06-12 12:50:50,Orchard Central,SOK-M-04,Men's Ribbed Crew Socks,Socks,Men,5.9,5.9,False,1,5.9,Card
BUG-20260612-1124,2,2026-06-12 19:54:54,Bugis,SOK-W-03,Women's Airism Low-Cut Socks,Socks,Women,5.9,5.9,False,1,5.9,NETS
PUN-20260612-0395,2,2026-06-12 18:14:56,Punggol,SOK-M-08,Men's Cotton Blend Dress Socks,Socks,Men,9.9,9.9,False,1,9.9,Cash
PUN-20260612-0308,1,2026-06-12 12:55:29,Punggol,UND-W-01,Women's Airism Bikini Shorts,Underwear,WOMEN,9.9,9.9,False,1,9.9,PayNow
BUG-20260612-0848,2,2026-06-12 16:15:14,Bugis,SOK-M-03,Men's Airism Low-Cut Socks,Socks,Men,5.9,5.9,False,1,5.9,Card
BUG-20260612-0201,2,2026-06-12 20:18:36,Bugis,SOK-W-04,Women's Ribbed Crew Socks,Socks,Women,5.9,5.9,False,1,5.9,CARD
ORC-20260612-0879,3,2026-06-12 21:37:32,Orchard Central,TOP-W-01,Women's Airism Cotton Crew Neck T-Shirt,TOPS,Women,14.9,14.9,False,1,14.9,Card
ORC-20260612-0105,3,2026-06-12 20:23:53,Orchard Central,UND-M-03,Men's Airism Mesh Boxer Briefs,Underwear,Men,14.9,14.9,False,1,14.9,Card
PUN-20260612-0031,1,2026-06-12 19:25:51,Punggol,SOK-W-03,Women's Airism Low-Cut Socks,Socks,Women,5.9,5.9,False,1,5.9,Card
PUN-20260612-0118,1,2026-06-12 16:48:50,Punggol,SOK-W-02,Women's Pile Crew Socks,Socks,Women,5.9,5.9,False,2,11.8,Paynow
BUG-20260612-0800,1,2026-06-12 20:26:30,bugis,SOK-M-03,Men's Airism Low-Cut Socks,Socks,Men,5.9,5.9,False,1,5.9,NETS
PUN-20260612-0476,1,2026-06-12 13:58:45,  Punggol  ,TOP-W-02,Women's Ribbed Long Sleeve Turtleneck,Tops,Women,19.9,19.9,False,1,19.9,Card
BUG-20260612-0708,1,2026-06-12 17:45:26,Bugis,SOK-W-03,Women's Airism Low-Cut Socks,Socks,Women,5.9,5.9,False,1,5.9,Cash
PUN-20260612-0123,1,2026-06-12 16:45:30,Punggol,SOK-W-02,Women's Pile Crew Socks,Socks,Women,5.9,5.9,False,1,5.9,Cash
ORC-20260612-0243,1,2026-06-12 18:43:24,Orchard Central,SOK-W-02,Women's Pile Crew Socks,Socks,WOMEN,5.9,5.9,False,1,5.9,PayNow
BUG-20260612-1214,2,2026-06-12 20:52:10,Bugis,TOP-M-02,Men's Supima Cotton Polo Shirt,Tops,Men,29.9,29.9,False,1,29.9,PayNow
ORC-20260612-0880,3,2026-06-12 21:22:55,Orchard Central,UND-W-07,Women's Heattech Camisole,Underwear,Women,14.9,14.9,False,1,14.9,NETS
PUN-20260612-0398,1,2026-06-12 20:08:13,Punggol,UND-W-02,Women's Wireless Bra,underwear,Women,29.9,29.9,False,1,29.9,Card
ORC-20260612-0125,1,2026-06-12 20:42:10,Orchard Central,UND-W-01,Women's Airism Bikini Shorts,Underwear,Women,9.9,9.9,False,1,9.9,CARD
ORC-20260612-0958,2,2026-06-12 14:34:43,orchard central,SOK-W-03,Women's Airism Low-Cut Socks,Socks,Women,5.9,5.9,False,1,5.9,CARD
BUG-20260612-0359,1,2026-06-12 21:06:03,BUGIS,TOP-M-01,Men's Airism Cotton Crew Neck T-Shirt,tops,Men,14.9,14.9,False,1,14.9,Card
BUG-20260612-0827,1,2026-06-12 19:54:47,Bugis,UND-W-03,Women's Cotton Blend Briefs,Underwear,Women,9.9,9.9,False,1,9.9,PayNow
PUN-20260612-0372,1,2026-06-12 18:02:19,Punggol,SOK-M-03,Men's Airism Low-Cut Socks,Socks,Men,5.9,5.9,False,1,5.9,Card
BUG-20260612-0426,2,2026-06-12 12:04:10,Bugis,SOK-W-03,Women's Airism Low-Cut Socks,Socks,Women,5.9,5.9,False,1,5.9,Card
PUN-20260612-0461,2,2026-06-12 12:30:13,Punggol,TOP-M-03,Men's Dry-EX Crew Neck T-Shirt,Tops,Men,19.9,19.9,False,1,19.9,Card
BUG-20260612-0416,3,2026-06-12 21:43:40,Bugis,UND-W-03,Women's Cotton Blend Briefs,Underwear,Women,9.9,9.9,False,2,19.8,Card
ORC-20260612-1119,1,2026-06-12 18:45:08,Orchard Central,SOK-M-01,Men's Ankle Socks 3-Pack,Socks,Men,14.9,14.9,False,1,14.9,Card
BUG-20260612-0298,1,2026-06-12 21:14:25,Bugis,UND-M-03,Men's Airism Mesh Boxer Briefs,Underwear,Men,14.9,14.9,False,1,14.9,Card
BUG-20260612-1019,1,2026-06-12 13:29:11,  Bugis  ,BTM-W-03,Women's Ezy Ankle Pants,Bottoms,Women,29.9,29.9,False,1,29.9,Cash
ORC-20260612-0516,2,2026-06-12 21:54:51,Orchard Central,UND-M-04,Men's Cotton Crew Neck Undershirt,Underwear,men,14.9,14.9,False,1,14.9,Card
ORC-20260612-1280,1,2026-06-12 20:55:54,Orchard Central,SOK-W-02,Women's Pile Crew Socks,Socks,Women,5.9,5.9,False,1,5.9,NETS
ORC-20260612-1305,1,2026-06-12 11:30:47,Orchard Central,BTM-W-03,Women's Ezy Ankle Pants,Bottoms,Women,29.9,29.9,False,1,29.9,NETS
BUG-20260612-0935,1,2026-06-12 12:59:31,Bugis,SOK-M-04,Men's Ribbed Crew Socks,Socks,Men,5.9,5.9,False,1,5.9,PayNow
BUG-20260612-0152,1,2026-06-12 19:11:08,Bugis,SOK-W-04,  Women's Ribbed Crew Socks  ,Socks,Women,5.9,5.9,False,1,5.9,Card
ORC-20260612-0331,3,2026-06-12 19:50:35,  Orchard Central  ,UND-M-03,Men's Airism Mesh Boxer Briefs,Underwear,Men,14.9,14.9,False,1,14.9,Card
PUN-20260612-0739,3,2026-06-12 11:52:41,punggol,SOK-M-04,Men's Ribbed Crew Socks,Socks,Men,5.9,5.9,False,1,5.9,Card
PUN-20260612-0768,2,2026-06-12 19:24:19,Punggol,SOK-W-03,Women's Airism Low-Cut Socks,Socks,Women,5.9,5.9,False,1,5.9,CARD
BUG-20260612-1135,1,2026-06-12 15:45:30,Bugis,BTM-M-05,Men's Wide Fit Cargo Pants,Bottoms,Men,26.68,39.9,True,1,26.68,PayNow
PUN-20260612-0360,1,2026-06-12 17:38:27,Punggol,SOK-W-04,Women's Ribbed Crew Socks,Socks,Women,5.9,5.9,False,1,5.9,PayNow
ORC-20260612-0409,1,2026-06-12 21:37:51,Orchard Central,TOP-M-04,Men's Oxford Long Sleeve Shirt,Tops,Men,29.9,29.9,False,1,$29.9,PayNow
ORC-20260612-0215,1,2026-06-12 17:55:21,Orchard Central,UND-M-08,Men's Airism V-Neck Undershirt,Underwear,Men,9.9,9.9,False,2,19.8,Card
PUN-20260612-0136,2,2026-06-12 18:57:03,Punggol,SOK-W-04,Women's Ribbed Crew Socks,Socks,Women,5.9,5.9,False,1,5.9,NETS
BUG-20260612-0677,1,2026-06-12 15:00:22,Bugis,BTM-M-03,Men's Selvedge Regular Fit Jeans,Bottoms,Men,59.9,59.9,False,1,$59.9,Cash
ORC-20260612-0867,1,2026-06-12 21:03:16,Orchard Central,SOK-W-04,Women's Ribbed Crew Socks,Socks,Women,5.9,5.9,False,1,5.9,Card
PUN-20260612-0812,2,2026-06-12 18:29:37,Punggol,TOP-M-08,Men's Linen Blend Short Sleeve Shirt,Tops,Men,29.9,29.9,False,1,29.9,Cash
BUG-20260612-0982,1,2026-06-12 13:02:13,Bugis,UND-M-02,Men's Cotton Blend Trunks,Underwear,Men,14.9,14.9,False,1,14.9,
ORC-20260612-1035,1,2026-06-12 19:07:19,Orchard Central,SOK-W-04,Women's Ribbed Crew Socks,SOCKS,Women,5.9,5.9,False,1,5.9,Cash
BUG-20260612-0799,1,2026-06-12 13:24:50,Bugis,UND-W-03,Women's Cotton Blend Briefs,Underwear,Women,9.9,9.9,False,2,19.8,Cash
PUN-20260612-0609,1,2026-06-12 21:26:00,Punggol,UND-W-02,Women's Wireless Bra,Underwear,WOMEN,29.9,29.9,False,1,29.9,NETS
ORC-20260612-0348,1,2026-06-12 22:20:43,orchard central,BTM-W-02,Women's High-Rise Wide Leg Pants,Bottoms,Women,39.9,39.9,False,1,39.9,Card
BUG-20260612-0015,2,2026-06-12 19:02:38,Bugis,SOK-M-04,Men's Ribbed Crew Socks,Socks,Men,5.9,5.9,False,1,5.9,Card
ORC-20260612-0914,2,2026-06-12 21:36:11,  Orchard Central  ,UND-M-04,Men's Cotton Crew Neck Undershirt,Underwear,MEN,14.9,14.9,False,1,14.9,Card
PUN-20260612-0264,2,2026-06-12 14:27:43,Punggol,SOK-W-03,Women's Airism Low-Cut Socks,Socks,Women,$5.9,5.9,False,1,5.9,Card
BUG-20260612-0252,1,2026-06-12 20:39:51,Bugis,TOP-M-01,Men's Airism Cotton Crew Neck T-Shirt,Tops,Men,14.9,14.9,False,1,14.9,Cash
ORC-20260612-0653,2,2026-06-12 17:48:35,Orchard Central,TOP-W-02,Women's Ribbed Long Sleeve Turtleneck,Tops,Women,19.9,19.9,False,1,19.9,Cash
ORC-20260612-0360,1,2026-06-12 20:14:53,Orchard Central,UND-W-01,Women's Airism Bikini Shorts,Underwear,Women,9.9,9.9,False,1,9.9,Cash
BUG-20260612-0720,3,2026-06-12 20:34:32,Bugis,SOK-M-02,Men's Pile Crew Socks,socks,Men,5.9,5.9,False,2,11.8,Card
BUG-20260612-1090,1,2026-06-12 21:17:05,Bugis,SOK-W-02,Women's Pile Crew Socks,Socks,Women,5.9,5.9,False,1,5.9,NETS
ORC-20260612-0353,1,2026-06-12 19:10:57,Orchard Central,SOK-W-03,  Women's Airism Low-Cut Socks  ,Socks,Women,5.9,5.9,False,1,5.9,Card
ORC-20260612-0778,1,2026-06-12 18:02:21,orchard central,SOK-W-02,Women's Pile Crew Socks,Socks,Women,5.9,5.9,False,1,5.9,Card
BUG-20260612-1175,1,2026-06-12 21:21:39,Bugis,BTM-W-07,Women's Linen Blend Wide Pants,Bottoms,Women,39.9,39.9,False,1,39.9,Cash
ORC-20260612-0487,3,2026-06-12 14:31:22,Orchard Central,SOK-W-01,Women's Ankle Socks 3-Pack,socks,Women,14.9,14.9,False,1,14.9,NETS
BUG-20260612-0202,1,2026-06-12 20:14:36,Bugis,SOK-M-01,Men's Ankle Socks 3-Pack,Socks,Men,14.9,14.9,False,1,14.9,Card
ORC-20260612-0448,1,2026-06-12 12:40:13,Orchard Central,SOK-M-01,Men's Ankle Socks 3-Pack,Socks,Men,14.9,14.9,False,1,14.9,NETS
ORC-20260612-0819,3,2026-06-12 20:27:46,Orchard Central,SOK-M-01,Men's Ankle Socks 3-Pack,socks,MEN,14.9,14.9,False,1,14.9,Card
ORC-20260612-1300,3,2026-06-12 22:10:48,ORCHARD CENTRAL,SOK-M-02,Men's Pile Crew Socks,Socks,Men,5.9,5.9,False,1,5.9,Card
PUN-20260612-0507,3,2026-06-12 11:00:12,PUNGGOL,SOK-M-02,Men's Pile Crew Socks,Socks,men,5.9,5.9,False,2,11.8,card
BUG-20260612-0965,2,2026-06-12 19:44:46,Bugis,TOP-W-02,Women's Ribbed Long Sleeve Turtleneck,Tops,Women,19.9,19.9,False,1,19.9,Card
ORC-20260612-0763,1,2026-06-12 22:19:31,Orchard Central,BTM-W-04,Women's Denim Straight Jeans,BOTTOMS,Women,49.9,49.9,False,1,49.9,Card
PUN-20260612-0645,2,2026-06-12 21:03:42,PUNGGOL,SOK-W-01,Women's Ankle Socks 3-Pack,Socks,Women,14.9,14.9,False,1,14.9,NETS
ORC-20260612-1084,2,2026-06-12 19:35:03,Orchard Central,UND-W-03,Women's Cotton Blend Briefs,Underwear,Women,9.9,9.9,False,1,9.9,Card
ORC-20260612-0966,1,2026-06-12 20:22:56,Orchard Central,SOK-M-03,Men's Airism Low-Cut Socks,socks,Men,5.9,5.9,False,1,5.9,NETS
BUG-20260612-0348,1,2026-06-12 14:30:19,Bugis,TOP-M-04,  Men's Oxford Long Sleeve Shirt  ,Tops,Men,29.9,29.9,False,1,29.9,Card
ORC-20260612-0076,1,2026-06-12 21:11:07,orchard central,SOK-W-02,Women's Pile Crew Socks,socks,Women,5.9,5.9,False,1,5.9,PayNow
BUG-20260612-0602,3,2026-06-12 12:02:19,Bugis,SOK-M-04,Men's Ribbed Crew Socks,Socks,Men,5.9,5.9,False,1,5.9,Cash
BUG-20260612-0541,2,2026-06-12 20:06:46,bugis,SOK-W-02,Women's Pile Crew Socks,Socks,Women,5.9,5.9,False,1,5.9,paynow
PUN-20260612-0721,3,2026-06-12 19:47:20,punggol,UND-W-03,Women's Cotton Blend Briefs,Underwear,Women,9.9,9.9,False,1,9.9,Card
BUG-20260612-0937,2,2026-06-12 17:10:01,bugis,SOK-W-04,Women's Ribbed Crew Socks,Socks,Women,5.9,5.9,False,2,$11.8,Card
BUG-20260612-1079,2,2026-06-12 19:10:56,Bugis,SOK-M-03,Men's Airism Low-Cut Socks,Socks,Men,5.9,5.9,False,2,11.8,NETS
BUG-20260612-0651,2,2026-06-12 18:40:55,BUGIS,UND-M-04,Men's Cotton Crew Neck Undershirt,Underwear,Men,14.9,14.9,False,1,14.9,Cash
PUN-20260612-0368,1,2026-06-12 18:38:32,Punggol,UND-W-02,Women's Wireless Bra,Underwear,Women,29.9,29.9,False,1,29.9,NETS
PUN-20260612-0178,1,2026-06-12 15:19:51,  Punggol  ,UND-M-01,Men's Airism Boxer Briefs,Underwear,Men,14.9,14.9,False,1,14.9,Card
ORC-20260612-1210,1,2026-06-12 17:44:04,  Orchard Central  ,UND-M-01,Men's Airism Boxer Briefs,Underwear,Men,14.9,14.9,False,2,29.8,Card
ORC-20260612-1154,3,2026-06-12 19:58:35,Orchard Central,SOK-M-04,Men's Ribbed Crew Socks,Socks,Men,5.9,5.9,False,2,11.8,PayNow
PUN-20260612-0250,2,2026-06-12 19:35:18,Punggol,BTM-W-02,Women's High-Rise Wide Leg Pants,Bottoms,Women,$39.9,39.9,False,1,39.9,Card
ORC-20260612-0606,1,2026-06-12 20:48:25,Orchard Central,SOK-M-04,Men's Ribbed Crew Socks,Socks,men,5.9,5.9,False,1,5.9,Paynow
BUG-20260612-0765,2,2026-06-12 16:31:37,Bugis,UND-M-01,Men's Airism Boxer Briefs,Underwear,Men,14.9,14.9,False,1,14.9,NETS
BUG-20260612-0031,3,2026-06-12 20:03:28,BUGIS,UND-M-01,Men's Airism Boxer Briefs,underwear,Men,14.9,14.9,False,1,14.9,PayNow
ORC-20260612-0830,1,2026-06-12 19:18:50,Orchard Central,UND-W-04,Women's Airism T-Shirt Bra,Underwear,Women,29.9,29.9,False,2,59.8,PayNow
PUN-20260612-0375,1,2026-06-12 19:23:11,Punggol,SOK-M-04,Men's Ribbed Crew Socks,Socks,Men,5.9,5.9,False,1,5.9,Card
PUN-20260612-0777,1,2026-06-12 21:34:48,Punggol,TOP-W-04,Women's Heattech Crew Neck Long Sleeve Tee,Tops,Women,14.9,14.9,False,1,14.9,Card
BUG-20260612-0994,2,2026-06-12 16:29:39,Bugis,SOK-W-04,Women's Ribbed Crew Socks,Socks,Women,5.9,5.9,False,1,5.9,Card
BUG-20260612-0751,1,2026-06-12 19:55:29,Bugis,SOK-M-02,Men's Pile Crew Socks,Socks,Men,5.9,5.9,False,1,5.9,PayNow
BUG-20260612-0294,3,2026-06-12 21:13:46,Bugis,SOK-W-04,Women's Ribbed Crew Socks,Socks,Women,5.9,5.9,False,1,5.9,card
PUN-20260612-0072,2,2026-06-12 19:01:04,Punggol,SOK-W-04,Women's Ribbed Crew Socks,Socks,Women,5.9,5.9,False,1,5.9,NETS
BUG-20260612-1171,1,2026-06-12 20:57:10,Bugis,TOP-M-04,Men's Oxford Long Sleeve Shirt,Tops,Men,29.9,29.9,False,1,29.9,Card
ORC-20260612-0680,3,2026-06-12 19:25:23,Orchard Central,UND-M-01,Men's Airism Boxer Briefs,Underwear,Men,14.9,14.9,False,1,14.9,Card
PUN-20260612-0327,1,2026-06-12 21:51:37,Punggol,SOK-W-03,Women's Airism Low-Cut Socks,Socks,Women,5.9,5.9,False,1,5.9,NETS
ORC-20260612-0990,1,2026-06-12 13:48:16,ORCHARD CENTRAL,BTM-W-01,Women's Ultra Stretch Skinny Jeans,Bottoms,Women,39.9,39.9,False,1,39.9,Card
BUG-20260612-0254,1,2026-06-12 20:55:11,Bugis,SOK-M-04,Men's Ribbed Crew Socks,Socks,Men,5.9,5.9,False,1,5.9,Cash
BUG-20260612-1010,1,2026-06-12 20:29:15,Bugis,SOK-W-03,Women's Airism Low-Cut Socks,Socks,Women,5.9,5.9,False,2,11.8,Card
BUG-20260612-0355,1,2026-06-12 13:04:57,Bugis,SOK-M-03,Men's Airism Low-Cut Socks,Socks,Men,5.9,5.9,False,1,5.9,Card
PUN-20260612-0585,2,2026-06-12 18:10:49,Punggol,TOP-M-02,Men's Supima Cotton Polo Shirt,Tops,Men,29.9,29.9,False,1,$29.9,card
ORC-20260612-0721,1,2026-06-12 15:41:12,Orchard Central,UND-M-02,Men's Cotton Blend Trunks,Underwear,Men,14.9,14.9,False,1,14.9,Cash
PUN-20260612-0112,1,2026-06-12 20:15:57,Punggol,BTM-W-04,  Women's Denim Straight Jeans  ,Bottoms,Women,49.9,49.9,False,1,49.9,NETS
ORC-20260612-0858,2,2026-06-12 15:05:38,Orchard Central,UND-W-02,Women's Wireless Bra,Underwear,Women,29.9,29.9,False,1,29.9,Card
ORC-20260612-0660,1,2026-06-12 19:49:30,  ORCHARD CENTRAL  ,UND-M-03,Men's Airism Mesh Boxer Briefs,UNDERWEAR,Men,14.9,14.9,False,1,14.9,Cash
ORC-20260612-0388,1,2026-06-12 19:39:40,Orchard Central,SOK-M-03,Men's Airism Low-Cut Socks,Socks,Men,5.9,5.9,False,1,5.9,Card
BUG-20260612-0198,1,2026-06-12 21:45:23,Bugis,TOP-W-04,Women's Heattech Crew Neck Long Sleeve Tee,tops,Women,14.9,14.9,False,1,14.9,Card
PUN-20260612-0782,2,2026-06-12 13:22:02,Punggol,UND-W-07,Women's Heattech Camisole,Underwear,Women,14.9,14.9,False,1,14.9,Cash
BUG-20260612-0215,1,2026-06-12 18:05:41,Bugis,SOK-M-04,  Men's Ribbed Crew Socks  ,Socks,Men,5.9,5.9,False,1,5.9,Card
BUG-20260612-0512,1,2026-06-12 12:13:03,Bugis,SOK-M-04,Men's Ribbed Crew Socks,Socks,Men,5.9,5.9,False,1,5.9,CARD
ORC-20260612-1156,2,2026-06-12 13:32:13,Orchard Central,TOP-W-01,Women's Airism Cotton Crew Neck T-Shirt,Tops,Women,14.9,14.9,False,1,14.9,PayNow
ORC-20260612-0586,1,2026-06-12 17:59:41,ORCHARD CENTRAL,BTM-M-04,Men's Dry Stretch Shorts,Bottoms,MEN,19.9,19.9,False,1,19.9,Card
BUG-20260612-0933,1,2026-06-12 16:12:06,Bugis,UND-M-01,Men's Airism Boxer Briefs,UNDERWEAR,MEN,14.9,14.9,False,1,14.9,PAYNOW
PUN-20260612-0125,2,2026-06-12 11:19:38,Punggol,SOK-W-04,Women's Ribbed Crew Socks,Socks,Women,5.9,5.9,False,1,5.9,Card
BUG-20260612-0747,1,2026-06-12 15:45:01,  Bugis  ,SOK-W-03,Women's Airism Low-Cut Socks,Socks,Women,5.9,5.9,False,1,5.9,Card
PUN-20260612-0265,1,2026-06-12 11:20:28,  punggol  ,BTM-W-02,Women's High-Rise Wide Leg Pants,Bottoms,Women,39.9,39.9,False,1,39.9,NETS
ORC-20260612-1031,1,2026-06-12 19:27:29,orchard central,UND-M-01,Men's Airism Boxer Briefs,Underwear,Men,14.9,14.9,False,1,14.9,PAYNOW
BUG-20260612-1015,1,2026-06-12 12:02:28,Bugis,BTM-W-03,Women's Ezy Ankle Pants,bottoms,Women,$29.9,29.9,False,1,29.9,Nets
BUG-20260612-1180,2,2026-06-12 20:31:56,Bugis,SOK-W-02,Women's Pile Crew Socks,Socks,Women,5.9,5.9,False,1,5.9,NETS
BUG-20260612-0382,2,2026-06-12 17:54:43,Bugis,SOK-M-03,Men's Airism Low-Cut Socks,Socks,Men,5.9,5.9,False,2,11.8,Cash
ORC-20260612-0907,3,2026-06-12 15:35:38,Orchard Central,TOP-W-08,Women's Puff Sleeve Blouse,Tops,Women,20.35,29.9,True,1,20.35,Card
ORC-20260612-0934,2,2026-06-12 21:24:59,Orchard Central,UND-M-04,Men's Cotton Crew Neck Undershirt,UNDERWEAR,MEN,14.9,14.9,False,1,14.9,PayNow
ORC-20260612-0608,1,2026-06-12 21:10:56,Orchard Central,SOK-W-03,  Women's Airism Low-Cut Socks  ,Socks,Women,5.9,5.9,False,1,5.9,Card
ORC-20260612-0088,3,2026-06-12 19:06:36,Orchard Central,BTM-M-01,Men's Ezy Ankle Pants,Bottoms,Men,29.9,29.9,False,1,29.9,Card
BUG-20260612-0063,2,2026-06-12 13:16:25,Bugis,UND-M-03,Men's Airism Mesh Boxer Briefs,Underwear,Men,14.9,14.9,False,1,14.9,Cash
PUN-20260612-0039,3,2026-06-12 19:55:44,Punggol,SOK-M-04,Men's Ribbed Crew Socks,Socks,Men,5.9,5.9,False,1,5.9,Cash
ORC-20260612-0630,1,2026-06-12 12:10:00,Orchard Central,UND-M-01,Men's Airism Boxer Briefs,Underwear,men,14.9,14.9,False,1,14.9,Card
ORC-20260612-0308,3,2026-06-12 21:04:12,  Orchard Central  ,SOK-W-04,Women's Ribbed Crew Socks,Socks,Women,5.9,5.9,False,1,5.9,Card
PUN-20260612-0097,1,2026-06-12 12:45:05,Punggol,SOK-W-03,Women's Airism Low-Cut Socks,Socks,Women,5.9,5.9,False,1,5.9,PayNow
BUG-20260612-1073,2,2026-06-12 19:26:55,Bugis,TOP-M-01,  Men's Airism Cotton Crew Neck T-Shirt  ,Tops,Men,14.9,14.9,False,1,14.9,NETS
BUG-20260612-0945,1,2026-06-12 20:30:32,BUGIS,TOP-M-03,Men's Dry-EX Crew Neck T-Shirt,Tops,MEN,19.9,19.9,False,1,19.9,paynow
PUN-20260612-0524,1,2026-06-12 16:28:49,  Punggol  ,SOK-W-02,Women's Pile Crew Socks,Socks,Women,5.9,5.9,False,1,5.9,Card
BUG-20260612-0794,2,2026-06-12 19:28:49,Bugis,UND-W-03,Women's Cotton Blend Briefs,Underwear,women,9.9,9.9,False,2,19.8,
ORC-20260612-0279,2,2026-06-12 17:16:42,Orchard Central,UND-W-03,Women's Cotton Blend Briefs,Underwear,Women,9.9,9.9,False,1,9.9,
ORC-20260612-0039,1,2026-06-12 16:30:06,orchard central,SOK-M-03,Men's Airism Low-Cut Socks,Socks,MEN,5.9,5.9,False,1,5.9,PayNow
ORC-20260612-0077,2,2026-06-12 19:41:14,Orchard Central,UND-W-01,Women's Airism Bikini Shorts,Underwear,Women,9.9,9.9,False,1,9.9,Card
PUN-20260612-0756,3,2026-06-12 20:30:09,punggol,SOK-W-04,Women's Ribbed Crew Socks,Socks,Women,5.9,5.9,False,1,5.9,Cash
BUG-20260612-0371,3,2026-06-12 20:54:24,Bugis,SOK-M-04,Men's Ribbed Crew Socks,Socks,Men,5.9,5.9,False,1,5.9,Cash
PUN-20260612-0152,2,2026-06-12 21:18:03,Punggol,SOK-W-03,Women's Airism Low-Cut Socks,Socks,WOMEN,5.9,5.9,False,1,5.9,PayNow
BUG-20260612-0567,2,2026-06-12 22:16:24,Bugis,SOK-W-02,Women's Pile Crew Socks,Socks,Women,5.9,5.9,False,1,5.9,Card
ORC-20260612-0169,3,2026-06-12 13:43:03,Orchard Central,UND-M-07,Men's Stretch Cotton Boxers,Underwear,Men,14.9,14.9,False,1,14.9,Card
BUG-20260612-0115,1,2026-06-12 18:37:10,  bugis  ,BTM-W-02,  Women's High-Rise Wide Leg Pants  ,Bottoms,Women,39.9,39.9,False,1,39.9,NETS
ORC-20260612-0992,1,2026-06-12 21:11:57,Orchard Central,SOK-W-03,Women's Airism Low-Cut Socks,Socks,Women,5.9,5.9,False,1,5.9,Card
BUG-20260612-0951,3,2026-06-12 11:22:36,bugis,SOK-W-03,Women's Airism Low-Cut Socks,Socks,Women,5.9,5.9,False,1,5.9,Card
ORC-20260612-0676,1,2026-06-12 20:19:40,  Orchard Central  ,UND-M-01,Men's Airism Boxer Briefs,underwear,Men,14.9,14.9,False,2,29.8,
ORC-20260612-1070,1,2026-06-12 15:14:13,ORCHARD CENTRAL,TOP-W-04,  Women's Heattech Crew Neck Long Sleeve Tee  ,Tops,Women,14.9,14.9,False,1,14.9,Card
ORC-20260612-1012,1,2026-06-12 18:00:48,ORCHARD CENTRAL,SOK-W-01,Women's Ankle Socks 3-Pack,Socks,Women,14.9,14.9,False,2,29.8,Card
BUG-20260612-1198,1,2026-06-12 18:42:50,Bugis,SOK-W-04,Women's Ribbed Crew Socks,Socks,Women,5.9,5.9,False,1,5.9,Cash
PUN-20260612-0646,2,2026-06-12 18:30:49,Punggol,UND-W-01,  Women's Airism Bikini Shorts  ,underwear,Women,9.9,9.9,False,1,9.9,NETS
BUG-20260612-0612,2,2026-06-12 22:49:23,bugis,SOK-M-06,Men's Heattech Socks,Socks,Men,9.9,9.9,False,1,9.9,Card
BUG-20260612-0501,1,2026-06-12 21:17:36,Bugis,UND-W-03,Women's Cotton Blend Briefs,UNDERWEAR,Women,9.9,9.9,False,1,9.9,card
BUG-20260612-0057,1,2026-06-12 20:20:17,Bugis,SOK-M-03,Men's Airism Low-Cut Socks,socks,Men,5.9,5.9,False,1,5.9,Card
ORC-20260612-0920,2,2026-06-12 14:50:25,ORCHARD CENTRAL,TOP-W-01,Women's Airism Cotton Crew Neck T-Shirt,Tops,Women,14.9,14.9,False,1,14.9,Card
BUG-20260612-1169,2,2026-06-12 21:50:31,BUGIS,SOK-M-04,Men's Ribbed Crew Socks,Socks,Men,5.9,5.9,False,1,5.9,CARD
PUN-20260612-0789,2,2026-06-12 19:26:26,PUNGGOL,SOK-W-02,Women's Pile Crew Socks,Socks,women,5.9,5.9,False,2,11.8,Card
BUG-20260612-0036,1,2026-06-12 19:21:50,Bugis,UND-W-03,Women's Cotton Blend Briefs,Underwear,Women,$9.9,9.9,False,2,19.8,Card
ORC-20260612-0200,2,2026-06-12 13:18:12,Orchard Central,SOK-W-04,  Women's Ribbed Crew Socks  ,Socks,Women,5.9,5.9,False,1,5.9,Paynow
PUN-20260612-0683,1,2026-06-12 11:00:12,Punggol,SOK-M-04,Men's Ribbed Crew Socks,Socks,Men,5.9,5.9,False,1,5.9,Cash
ORC-20260612-1008,1,2026-06-12 16:26:25,Orchard Central,UND-M-02,Men's Cotton Blend Trunks,Underwear,Men,14.9,14.9,False,1,14.9,Card
PUN-20260612-0565,1,2026-06-12 21:08:24,Punggol,UND-M-03,Men's Airism Mesh Boxer Briefs,Underwear,Men,14.9,14.9,False,2,29.8,Nets
BUG-20260612-0221,1,2026-06-12 20:44:50,Bugis,SOK-M-05,Men's Sport Ankle Socks,Socks,Men,5.9,5.9,False,1,$5.9,CARD
PUN-20260612-0507,1,2026-06-12 11:00:12,Punggol,TOP-M-03,Men's Dry-EX Crew Neck T-Shirt,Tops,men,19.9,19.9,False,1,19.9,Card
ORC-20260612-0307,2,2026-06-12 11:27:24,Orchard Central,SOK-W-06,Women's Heattech Socks,Socks,Women,9.9,9.9,False,1,9.9,NETS
PUN-20260612-0664,2,2026-06-12 13:17:29,Punggol,UND-M-03,Men's Airism Mesh Boxer Briefs,Underwear,Men,14.9,14.9,False,1,14.9,NETS
BUG-20260612-1106,1,2026-06-12 18:32:45,Bugis,UND-M-04,Men's Cotton Crew Neck Undershirt,Underwear,Men,14.9,14.9,False,2,29.8,PayNow
ORC-20260612-0557,2,2026-06-12 19:06:02,Orchard Central,TOP-W-01,Women's Airism Cotton Crew Neck T-Shirt,Tops,Women,14.9,14.9,False,1,14.9,PayNow
PUN-20260612-0021,2,2026-06-12 18:48:21,Punggol,SOK-M-02,Men's Pile Crew Socks,Socks,Men,5.9,5.9,False,2,11.8,CARD
BUG-20260612-1020,1,2026-06-12 18:20:56,Bugis,SOK-W-01,Women's Ankle Socks 3-Pack,Socks,Women,14.9,14.9,False,2,29.8,PayNow
ORC-20260612-0296,1,2026-06-12 12:37:39,Orchard Central,SOK-M-04,Men's Ribbed Crew Socks,Socks,Men,5.9,5.9,False,1,5.9,Card
BUG-20260612-0394,1,2026-06-12 16:04:56,BUGIS,TOP-W-09,Women's Drape Sleeveless Top,Tops,women,19.9,19.9,False,1,19.9,Nets
BUG-20260612-0541,1,2026-06-12 20:06:46,Bugis,TOP-M-01,Men's Airism Cotton Crew Neck T-Shirt,Tops,Men,14.9,14.9,False,1,14.9,paynow
BUG-20260612-0857,1,2026-06-12 15:44:14,Bugis,BTM-M-03,Men's Selvedge Regular Fit Jeans,Bottoms,Men,59.9,59.9,False,1,59.9,Card
BUG-20260612-1127,2,2026-06-12 19:43:06,bugis,SOK-M-01,Men's Ankle Socks 3-Pack,Socks,Men,14.9,14.9,False,2,29.8,PayNow
BUG-20260612-0427,2,2026-06-12 19:57:12,Bugis,UND-M-02,Men's Cotton Blend Trunks,Underwear,Men,14.9,14.9,False,1,14.9,Cash
PUN-20260612-0128,2,2026-06-12 18:32:51,Punggol,UND-W-01,Women's Airism Bikini Shorts,Underwear,Women,9.9,9.9,False,1,9.9,Cash
BUG-20260612-0190,2,2026-06-12 16:12:20,Bugis,SOK-W-03,Women's Airism Low-Cut Socks,Socks,women,5.9,5.9,False,2,11.8,NETS
ORC-20260612-0013,3,2026-06-12 14:51:57,Orchard Central,TOP-W-02,Women's Ribbed Long Sleeve Turtleneck,Tops,Women,19.9,19.9,False,1,19.9,PayNow
ORC-20260612-0871,1,2026-06-12 20:10:00,Orchard Central,TOP-W-01,Women's Airism Cotton Crew Neck T-Shirt,tops,Women,$14.9,14.9,False,1,14.9,PayNow
ORC-20260612-0945,2,2026-06-12 19:25:25,orchard central,TOP-W-04,  Women's Heattech Crew Neck Long Sleeve Tee  ,Tops,Women,14.9,14.9,False,1,14.9,Card
ORC-20260612-0102,1,2026-06-12 14:30:13,  Orchard Central  ,SOK-M-03,Men's Airism Low-Cut Socks,Socks,Men,5.9,5.9,False,1,5.9,Cash
BUG-20260612-0179,2,2026-06-12 17:03:16,Bugis,TOP-W-01,  Women's Airism Cotton Crew Neck T-Shirt  ,Tops,Women,14.9,14.9,False,1,14.9,
PUN-20260612-0606,3,2026-06-12 11:49:17,Punggol,TOP-M-04,Men's Oxford Long Sleeve Shirt,Tops,Men,29.9,29.9,False,1,29.9,Paynow
BUG-20260612-1072,2,2026-06-12 12:25:20,Bugis,SOK-M-03,  Men's Airism Low-Cut Socks  ,Socks,Men,5.9,5.9,False,1,5.9,card
BUG-20260612-0627,2,2026-06-12 22:53:04,Bugis,SOK-W-04,Women's Ribbed Crew Socks,Socks,Women,5.9,5.9,False,2,11.8,Card
ORC-20260612-1131,2,2026-06-12 14:51:14,Orchard Central,SOK-M-02,Men's Pile Crew Socks,Socks,Men,5.9,5.9,False,1,5.9,Cash
BUG-20260612-0486,2,2026-06-12 18:11:53,Bugis,UND-M-03,Men's Airism Mesh Boxer Briefs,Underwear,Men,14.9,14.9,False,1,14.9,Card
BUG-20260612-1190,2,2026-06-12 14:44:22,Bugis,SOK-M-03,Men's Airism Low-Cut Socks,Socks,Men,5.9,5.9,False,1,5.9,Cash
ORC-20260612-1225,1,2026-06-12 17:45:52,Orchard Central,SOK-W-02,Women's Pile Crew Socks,Socks,Women,5.9,5.9,False,1,5.9,PayNow
ORC-20260612-0698,2,2026-06-12 18:15:35,Orchard Central,UND-W-01,Women's Airism Bikini Shorts,Underwear,Women,9.9,9.9,False,1,9.9,PayNow
BUG-20260612-0323,1,2026-06-12 19:15:30,Bugis,UND-M-04,Men's Cotton Crew Neck Undershirt,Underwear,Men,14.9,14.9,False,1,14.9,Card
BUG-20260612-0675,3,2026-06-12 21:59:16,Bugis,BTM-M-07,Men's Smart Ankle Pants,Bottoms,Men,39.9,39.9,False,1,39.9,Cash
BUG-20260612-0927,1,2026-06-12 21:34:58,bugis,UND-M-02,Men's Cotton Blend Trunks,Underwear,Men,14.9,14.9,False,2,29.8,Card
BUG-20260612-0374,2,2026-06-12 15:15:09,Bugis,SOK-W-02,Women's Pile Crew Socks,Socks,Women,5.9,5.9,False,1,5.9,Cash
BUG-20260612-0487,2,2026-06-12 18:01:34,Bugis,UND-M-04,Men's Cotton Crew Neck Undershirt,Underwear,Men,14.9,14.9,False,1,14.9,PAYNOW
PUN-20260612-0048,2,2026-06-12 19:17:29,Punggol,SOK-W-04,Women's Ribbed Crew Socks,Socks,Women,5.9,5.9,False,1,5.9,Card
ORC-20260612-0472,1,2026-06-12 17:47:51,Orchard Central,SOK-W-02,  Women's Pile Crew Socks  ,Socks,Women,5.9,5.9,False,1,5.9,Card
ORC-20260612-0850,2,2026-06-12 20:44:11,Orchard Central,UND-W-03,  Women's Cotton Blend Briefs  ,Underwear,Women,9.9,9.9,False,1,9.9,PayNow
ORC-20260612-1111,1,2026-06-12 19:58:20,Orchard Central,TOP-W-04,Women's Heattech Crew Neck Long Sleeve Tee,Tops,Women,14.9,14.9,False,1,14.9,Card
ORC-20260612-0704,1,2026-06-12 19:32:53,Orchard Central,SOK-M-03,Men's Airism Low-Cut Socks,Socks,men,5.9,5.9,False,1,5.9,PayNow
PUN-20260612-0109,1,2026-06-12 12:20:24,Punggol,BTM-W-01,Women's Ultra Stretch Skinny Jeans,Bottoms,Women,39.9,39.9,False,1,39.9,PayNow
BUG-20260612-0920,3,2026-06-12 14:11:24,Bugis,UND-M-01,Men's Airism Boxer Briefs,Underwear,men,14.9,14.9,False,1,14.9,PayNow
BUG-20260612-0686,1,2026-06-12 20:45:23,Bugis,SOK-W-03,Women's Airism Low-Cut Socks,Socks,Women,5.9,5.9,False,1,5.9,Cash
PUN-20260612-0725,1,2026-06-12 20:06:08,Punggol,SOK-W-04,Women's Ribbed Crew Socks,SOCKS,Women,5.9,5.9,False,1,5.9,card
BUG-20260612-0487,3,2026-06-12 18:01:34,Bugis,SOK-M-01,Men's Ankle Socks 3-Pack,Socks,Men,14.9,14.9,False,1,14.9,PayNow
PUN-20260612-0401,3,2026-06-12 15:29:19,PUNGGOL,SOK-W-02,Women's Pile Crew Socks,Socks,Women,5.9,5.9,False,1,5.9,Card
ORC-20260612-0156,1,2026-06-12 19:11:39,  Orchard Central  ,TOP-M-02,  Men's Supima Cotton Polo Shirt  ,Tops,Men,29.9,29.9,False,1,29.9,Cash
PUN-20260612-0353,1,2026-06-12 22:01:53,Punggol,UND-W-03,Women's Cotton Blend Briefs,Underwear,WOMEN,9.9,9.9,False,1,9.9,Cash
BUG-20260612-0500,2,2026-06-12 20:43:37,Bugis,SOK-W-02,Women's Pile Crew Socks,Socks,Women,5.9,5.9,False,1,5.9,Cash
PUN-20260612-0312,1,2026-06-12 21:51:01,Punggol,UND-W-01,Women's Airism Bikini Shorts,Underwear,Women,9.9,9.9,False,1,9.9,PayNow
BUG-20260612-0180,1,2026-06-12 21:02:21,Bugis,TOP-W-02,Women's Ribbed Long Sleeve Turtleneck,Tops,Women,19.9,19.9,False,1,19.9,Cash
BUG-20260612-1042,2,2026-06-12 15:39:00,Bugis,UND-M-01,Men's Airism Boxer Briefs,Underwear,Men,14.9,14.9,False,1,14.9,Card
BUG-20260612-0601,2,2026-06-12 19:09:41,Bugis,SOK-M-02,Men's Pile Crew Socks,Socks,Men,5.9,5.9,False,1,5.9,Cash
ORC-20260612-0083,1,2026-06-12 18:41:10,Orchard Central,TOP-M-10,Men's Merino Blend V-Neck Sweater,Tops,Men,39.9,39.9,False,1,39.9,NETS
BUG-20260612-1159,3,2026-06-12 16:53:21,Bugis,SOK-W-04,Women's Ribbed Crew Socks,Socks,Women,5.9,5.9,False,1,5.9,NETS
ORC-20260612-0069,2,2026-06-12 19:29:38,  Orchard Central  ,SOK-M-04,Men's Ribbed Crew Socks,Socks,Men,5.9,5.9,False,2,11.8,card
ORC-20260612-0525,1,2026-06-12 17:19:47,Orchard Central,UND-W-03,Women's Cotton Blend Briefs,Underwear,Women,9.9,9.9,False,1,9.9,CARD
BUG-20260612-1007,1,2026-06-12 13:25:37,Bugis,SOK-W-04,Women's Ribbed Crew Socks,Socks,WOMEN,5.9,5.9,False,2,11.8,Cash
BUG-20260612-0470,1,2026-06-12 20:28:00,Bugis,TOP-W-01,Women's Airism Cotton Crew Neck T-Shirt,Tops,Women,14.9,14.9,False,1,14.9,card
ORC-20260612-0987,1,2026-06-12 15:46:17,  Orchard Central  ,UND-M-04,Men's Cotton Crew Neck Undershirt,Underwear,Men,14.9,14.9,False,2,29.8,PayNow
BUG-20260612-0071,2,2026-06-12 15:58:17,Bugis,TOP-W-04,  Women's Heattech Crew Neck Long Sleeve Tee  ,Tops,Women,14.9,14.9,False,1,14.9,NETS
ORC-20260612-0221,1,2026-06-12 18:05:52,Orchard Central,UND-W-02,Women's Wireless Bra,Underwear,Women,29.9,29.9,False,1,29.9,Card
PUN-20260612-0388,2,2026-06-12 21:28:03,Punggol,UND-W-01,Women's Airism Bikini Shorts,Underwear,Women,9.9,9.9,False,1,9.9,Card
ORC-20260612-0138,3,2026-06-12 22:29:40,Orchard Central,UND-M-02,Men's Cotton Blend Trunks,Underwear,Men,14.9,14.9,False,1,14.9,Cash
ORC-20260612-0669,1,2026-06-12 19:42:16,Orchard Central,SOK-M-01,  Men's Ankle Socks 3-Pack  ,Socks,Men,14.9,14.9,False,2,29.8,PayNow
ORC-20260612-0421,1,2026-06-12 18:27:14,Orchard Central,SOK-M-01,  Men's Ankle Socks 3-Pack  ,Socks,Men,14.9,14.9,False,1,14.9,card
ORC-20260612-0128,1,2026-06-12 12:39:33,Orchard Central,TOP-M-01,Men's Airism Cotton Crew Neck T-Shirt,Tops,Men,14.9,14.9,False,1,14.9,Card
ORC-20260612-0033,1,2026-06-12 17:26:13,Orchard Central,UND-W-04,Women's Airism T-Shirt Bra,Underwear,Women,$29.9,29.9,False,1,29.9,Card
ORC-20260612-0289,1,2026-06-12 17:51:38,Orchard Central,UND-W-03,Women's Cotton Blend Briefs,Underwear,Women,9.9,9.9,False,1,9.9,Cash
PUN-20260612-0652,3,2026-06-12 19:08:39,PUNGGOL,SOK-W-04,Women's Ribbed Crew Socks,Socks,Women,$5.9,5.9,False,2,11.8,Card
BUG-20260612-0734,1,2026-06-12 21:06:58,Bugis,TOP-M-04,Men's Oxford Long Sleeve Shirt,Tops,Men,29.9,29.9,False,1,29.9,Cash
PUN-20260612-0608,1,2026-06-12 20:54:00,punggol,BTM-W-01,Women's Ultra Stretch Skinny Jeans,Bottoms,Women,39.9,39.9,False,1,39.9,Card
PUN-20260612-0167,3,2026-06-12 14:28:01,punggol,SOK-W-02,Women's Pile Crew Socks,SOCKS,Women,5.9,5.9,False,1,5.9,Cash
ORC-20260612-1173,1,2026-06-12 15:50:14,Orchard Central,TOP-M-02,Men's Supima Cotton Polo Shirt,Tops,Men,29.9,29.9,False,1,29.9,Card
ORC-20260612-0353,2,2026-06-12 19:10:57,Orchard Central,SOK-M-01,Men's Ankle Socks 3-Pack,Socks,Men,14.9,14.9,False,1,14.9,Card
ORC-20260612-0452,1,2026-06-12 11:27:48,Orchard Central,TOP-M-01,Men's Airism Cotton Crew Neck T-Shirt,TOPS,Men,14.9,14.9,False,1,14.9,Card
ORC-20260612-0617,2,2026-06-12 20:41:30,Orchard Central,SOK-M-03,Men's Airism Low-Cut Socks,Socks,Men,5.9,5.9,False,1,5.9,Cash
ORC-20260612-0690,2,2026-06-12 14:11:31,Orchard Central,SOK-M-04,Men's Ribbed Crew Socks,SOCKS,Men,5.9,5.9,False,1,5.9,PayNow
BUG-20260612-0506,1,2026-06-12 20:31:22,Bugis,TOP-W-04,Women's Heattech Crew Neck Long Sleeve Tee,TOPS,Women,$14.9,14.9,False,1,14.9,Card
BUG-20260612-1217,3,2026-06-12 18:27:25,Bugis,TOP-M-03,Men's Dry-EX Crew Neck T-Shirt,Tops,Men,19.9,19.9,False,1,19.9,NETS
ORC-20260612-1249,3,2026-06-12 20:11:55,Orchard Central,SOK-W-03,Women's Airism Low-Cut Socks,socks,Women,5.9,5.9,False,1,5.9,Cash
BUG-20260612-1186,3,2026-06-12 19:30:41,Bugis,TOP-M-01,Men's Airism Cotton Crew Neck T-Shirt,Tops,Men,14.9,14.9,False,1,$14.9,NETS
BUG-20260612-0117,2,2026-06-12 21:05:50,Bugis,SOK-W-01,Women's Ankle Socks 3-Pack,Socks,Women,14.9,14.9,False,1,14.9,Card
ORC-20260612-0475,2,2026-06-12 16:01:42,Orchard Central,UND-W-03,Women's Cotton Blend Briefs,Underwear,Women,9.9,9.9,False,1,9.9,NETS
BUG-20260612-0660,2,2026-06-12 18:54:13,BUGIS,SOK-M-01,Men's Ankle Socks 3-Pack,Socks,Men,14.9,14.9,False,1,14.9,NETS
BUG-20260612-1164,2,2026-06-12 19:44:05,Bugis,UND-W-04,Women's Airism T-Shirt Bra,Underwear,Women,29.9,29.9,False,2,59.8,NETS
ORC-20260612-0311,1,2026-06-12 19:11:53,Orchard Central,BTM-W-01,Women's Ultra Stretch Skinny Jeans,Bottoms,women,39.9,39.9,False,1,39.9,Cash
BUG-20260612-0706,2,2026-06-12 20:18:12,Bugis,SOK-M-01,Men's Ankle Socks 3-Pack,Socks,men,14.9,14.9,False,1,14.9,PayNow
ORC-20260612-0515,2,2026-06-12 15:24:08,  Orchard Central  ,SOK-W-01,Women's Ankle Socks 3-Pack,Socks,Women,14.9,14.9,False,2,29.8,
PUN-20260612-0358,1,2026-06-12 18:03:52,Punggol,UND-M-03,Men's Airism Mesh Boxer Briefs,Underwear,men,14.9,14.9,False,1,14.9,Card
PUN-20260612-0771,3,2026-06-12 12:52:54,Punggol,SOK-W-02,Women's Pile Crew Socks,Socks,Women,5.9,5.9,False,1,5.9,Cash
PUN-20260612-0576,3,2026-06-12 15:52:39,punggol,UND-W-03,Women's Cotton Blend Briefs,Underwear,Women,9.9,9.9,False,1,9.9,card
PUN-20260612-0025,1,2026-06-12 19:43:40,Punggol,SOK-W-01,Women's Ankle Socks 3-Pack,Socks,Women,14.9,14.9,False,1,14.9,Paynow
PUN-20260612-0693,2,2026-06-12 18:06:07,PUNGGOL,UND-W-01,Women's Airism Bikini Shorts,Underwear,Women,9.9,9.9,False,2,19.8,Cash
ORC-20260612-0174,1,2026-06-12 21:34:43,orchard central,SOK-M-08,Men's Cotton Blend Dress Socks,Socks,men,$9.9,9.9,False,1,9.9,NETS
BUG-20260612-0085,3,2026-06-12 22:03:51,Bugis,TOP-W-01,Women's Airism Cotton Crew Neck T-Shirt,Tops,WOMEN,14.9,14.9,False,1,14.9,Card
ORC-20260612-0789,2,2026-06-12 11:16:57,Orchard Central,UND-W-01,Women's Airism Bikini Shorts,Underwear,Women,9.9,9.9,False,1,9.9,card
ORC-20260612-0172,2,2026-06-12 18:04:27,Orchard Central,SOK-W-03,  Women's Airism Low-Cut Socks  ,Socks,WOMEN,5.9,5.9,False,1,5.9,PayNow
PUN-20260612-0285,2,2026-06-12 20:11:14,  Punggol  ,TOP-M-01,Men's Airism Cotton Crew Neck T-Shirt,Tops,men,14.9,14.9,False,1,14.9,Cash
BUG-20260612-0351,3,2026-06-12 13:28:47,Bugis,UND-M-03,Men's Airism Mesh Boxer Briefs,Underwear,Men,14.9,14.9,False,1,14.9,Cash
BUG-20260612-0361,1,2026-06-12 18:11:32,Bugis,TOP-M-03,  Men's Dry-EX Crew Neck T-Shirt  ,Tops,Men,19.9,19.9,False,1,19.9,NETS
BUG-20260612-0034,1,2026-06-12 19:57:08,  Bugis  ,SOK-M-02,Men's Pile Crew Socks,Socks,Men,5.9,5.9,False,2,11.8,PayNow
PUN-20260612-0238,3,2026-06-12 20:58:58,Punggol,TOP-W-04,Women's Heattech Crew Neck Long Sleeve Tee,Tops,Women,14.9,14.9,False,1,14.9,
ORC-20260612-1015,2,2026-06-12 14:27:43,Orchard Central,TOP-W-04,Women's Heattech Crew Neck Long Sleeve Tee,Tops,Women,14.9,14.9,False,1,14.9,Cash
BUG-20260612-0472,2,2026-06-12 20:38:52,Bugis,UND-W-03,Women's Cotton Blend Briefs,Underwear,Women,9.9,9.9,False,1,9.9,card
BUG-20260612-0543,1,2026-06-12 16:35:41,Bugis,TOP-M-01,Men's Airism Cotton Crew Neck T-Shirt,Tops,Men,14.9,14.9,False,1,14.9,Card
ORC-20260612-0507,1,2026-06-12 21:11:49,Orchard Central,BTM-M-03,Men's Selvedge Regular Fit Jeans,Bottoms,Men,59.9,59.9,False,1,59.9,Card
ORC-20260612-0723,2,2026-06-12 20:22:20,Orchard Central,SOK-W-01,Women's Ankle Socks 3-Pack,Socks,Women,14.9,14.9,False,1,14.9,PayNow
ORC-20260612-0857,1,2026-06-12 19:13:40,Orchard Central,TOP-W-01,Women's Airism Cotton Crew Neck T-Shirt,Tops,Women,14.9,14.9,False,1,14.9,Cash
ORC-20260612-0723,1,2026-06-12 20:22:20,Orchard Central,UND-M-04,  Men's Cotton Crew Neck Undershirt  ,Underwear,Men,14.9,14.9,False,1,14.9,PAYNOW
PUN-20260612-0252,3,2026-06-12 14:56:07,Punggol,SOK-M-04,Men's Ribbed Crew Socks,Socks,Men,5.9,5.9,False,1,5.9,CARD
ORC-20260612-0734,1,2026-06-12 13:48:41,  Orchard Central  ,BTM-W-02,Women's High-Rise Wide Leg Pants,BOTTOMS,Women,39.9,39.9,False,1,39.9,NETS
BUG-20260612-0237,2,2026-06-12 21:02:49,Bugis,TOP-W-01,Women's Airism Cotton Crew Neck T-Shirt,Tops,Women,14.9,14.9,False,1,14.9,Card
PUN-20260612-0199,1,2026-06-12 20:08:37,Punggol,UND-M-02,Men's Cotton Blend Trunks,Underwear,Men,14.9,14.9,False,1,14.9,NETS
ORC-20260612-0341,2,2026-06-12 20:37:43,Orchard Central,SOK-M-04,  Men's Ribbed Crew Socks  ,Socks,Men,5.9,5.9,False,2,11.8,Paynow
BUG-20260612-1154,2,2026-06-12 21:17:34,Bugis,SOK-W-01,Women's Ankle Socks 3-Pack,socks,Women,14.9,14.9,False,1,14.9,Card
ORC-20260612-0009,2,2026-06-12 15:11:45,Orchard Central,SOK-M-05,Men's Sport Ankle Socks,Socks,Men,$5.9,5.9,False,1,5.9,Card
ORC-20260612-0985,1,2026-06-12 12:23:26,Orchard Central,SOK-W-02,Women's Pile Crew Socks,Socks,Women,5.9,5.9,False,1,5.9,PayNow
BUG-20260612-1175,2,2026-06-12 21:21:39,Bugis,UND-M-01,Men's Airism Boxer Briefs,Underwear,Men,14.9,14.9,False,1,14.9,Cash
BUG-20260612-1122,3,2026-06-12 19:54:54,Bugis,SOK-M-04,Men's Ribbed Crew Socks,Socks,Men,5.9,5.9,False,1,5.9,Card
BUG-20260612-0364,1,2026-06-12 21:44:17,Bugis,SOK-M-02,Men's Pile Crew Socks,socks,Men,5.9,5.9,False,1,5.9,card
BUG-20260612-0584,2,2026-06-12 19:52:56,Bugis,UND-M-03,Men's Airism Mesh Boxer Briefs,Underwear,Men,14.9,14.9,False,1,14.9,Card
PUN-20260612-0156,1,2026-06-12 11:00:14,punggol,UND-M-02,Men's Cotton Blend Trunks,Underwear,Men,14.9,14.9,False,1,14.9,Card
ORC-20260612-0140,2,2026-06-12 20:15:47,Orchard Central,SOK-W-02,Women's Pile Crew Socks,Socks,women,5.9,5.9,False,1,5.9,PayNow
BUG-20260612-0181,1,2026-06-12 12:31:58,BUGIS,TOP-W-02,Women's Ribbed Long Sleeve Turtleneck,Tops,Women,19.9,19.9,False,1,19.9,card
BUG-20260612-0009,2,2026-06-12 20:25:24,Bugis,TOP-M-01,Men's Airism Cotton Crew Neck T-Shirt,tops,Men,14.9,14.9,False,1,14.9,PayNow
PUN-20260612-0676,2,2026-06-12 19:09:27,Punggol,TOP-M-07,Men's Ultra Light Down Jacket,TOPS,Men,55.24,79.9,True,1,55.24,PayNow
BUG-20260612-0484,2,2026-06-12 21:52:11,Bugis,TOP-W-04,Women's Heattech Crew Neck Long Sleeve Tee,Tops,Women,14.9,14.9,False,1,14.9,Card
BUG-20260612-0892,1,2026-06-12 16:57:07,Bugis,BTM-W-03,Women's Ezy Ankle Pants,Bottoms,Women,29.9,29.9,False,1,29.9,Card
BUG-20260612-0459,3,2026-06-12 19:44:33,  Bugis  ,UND-M-03,Men's Airism Mesh Boxer Briefs,Underwear,Men,14.9,14.9,False,1,14.9,Card
PUN-20260612-0099,1,2026-06-12 17:06:37,PUNGGOL,UND-M-01,Men's Airism Boxer Briefs,Underwear,Men,14.9,14.9,False,1,14.9,PAYNOW
BUG-20260612-1067,2,2026-06-12 19:44:02,Bugis,UND-M-02,Men's Cotton Blend Trunks,Underwear,Men,$14.9,14.9,False,1,14.9,PAYNOW
ORC-20260612-1057,1,2026-06-12 16:32:30,Orchard Central,BTM-M-04,Men's Dry Stretch Shorts,Bottoms,Men,19.9,19.9,False,1,19.9,NETS
BUG-20260612-1207,1,2026-06-12 21:29:46,Bugis,UND-M-04,Men's Cotton Crew Neck Undershirt,Underwear,Men,14.9,14.9,False,2,29.8,PayNow
ORC-20260612-0760,3,2026-06-12 18:58:10,Orchard Central,TOP-M-07,Men's Ultra Light Down Jacket,Tops,Men,55.24,79.9,True,1,55.24,NETS
PUN-20260612-0432,3,2026-06-12 11:02:35,Punggol,TOP-W-04,Women's Heattech Crew Neck Long Sleeve Tee,Tops,Women,14.9,14.9,False,1,14.9,card
ORC-20260612-0080,1,2026-06-12 21:24:08,Orchard Central,SOK-W-03,Women's Airism Low-Cut Socks,Socks,Women,5.9,5.9,False,2,11.8,Card
PUN-20260612-0597,1,2026-06-12 14:26:08,Punggol,SOK-M-02,Men's Pile Crew Socks,Socks,Men,5.9,5.9,False,2,11.8,CARD
ORC-20260612-0247,1,2026-06-12 18:36:55,Orchard Central,UND-M-02,Men's Cotton Blend Trunks,Underwear,Men,14.9,14.9,False,2,29.8,Card
PUN-20260612-0465,1,2026-06-12 21:28:28,Punggol,SOK-M-03,Men's Airism Low-Cut Socks,Socks,Men,5.9,5.9,False,1,5.9,Card
BUG-20260612-0858,1,2026-06-12 12:27:20,Bugis,SOK-W-04,Women's Ribbed Crew Socks,Socks,Women,$5.9,5.9,False,1,5.9,Card
PUN-20260612-0428,2,2026-06-12 21:28:16,Punggol,UND-W-03,Women's Cotton Blend Briefs,UNDERWEAR,Women,9.9,9.9,False,2,19.8,NETS
BUG-20260612-0225,1,2026-06-12 19:47:37,Bugis,SOK-M-03,  Men's Airism Low-Cut Socks  ,Socks,Men,5.9,5.9,False,1,5.9,PayNow
ORC-20260612-0416,1,2026-06-12 22:06:36,Orchard Central,SOK-W-04,Women's Ribbed Crew Socks,Socks,Women,5.9,5.9,False,1,5.9,PayNow
ORC-20260612-0545,1,2026-06-12 12:40:25,Orchard Central,UND-M-03,Men's Airism Mesh Boxer Briefs,Underwear,Men,14.9,14.9,False,1,14.9,PayNow
ORC-20260612-1124,1,2026-06-12 19:48:02,  Orchard Central  ,UND-W-03,  Women's Cotton Blend Briefs  ,UNDERWEAR,WOMEN,9.9,9.9,False,1,9.9,Cash
ORC-20260612-0106,1,2026-06-12 20:04:26,Orchard Central,TOP-W-01,Women's Airism Cotton Crew Neck T-Shirt,Tops,Women,14.9,14.9,False,1,14.9,PayNow
PUN-20260612-0248,1,2026-06-12 21:51:14,Punggol,BTM-M-01,  Men's Ezy Ankle Pants  ,Bottoms,Men,29.9,29.9,False,1,29.9,Card
BUG-20260612-1048,2,2026-06-12 15:14:37,Bugis,UND-W-09,Women's Cotton Boyshorts,Underwear,Women,9.9,9.9,False,1,9.9,Card
ORC-20260612-0757,2,2026-06-12 19:39:56,Orchard Central,UND-W-03,Women's Cotton Blend Briefs,Underwear,Women,9.9,9.9,False,1,9.9,CARD
ORC-20260612-1125,2,2026-06-12 19:22:22,Orchard Central,UND-W-01,Women's Airism Bikini Shorts,Underwear,Women,9.9,9.9,False,1,9.9,Card
PUN-20260612-0588,1,2026-06-12 20:14:51,Punggol,SOK-M-04,Men's Ribbed Crew Socks,Socks,Men,5.9,5.9,False,1,5.9,PayNow
ORC-20260612-0359,2,2026-06-12 20:30:18,Orchard Central,UND-M-02,Men's Cotton Blend Trunks,Underwear,Men,14.9,14.9,False,2,$29.8,PayNow
BUG-20260612-0611,2,2026-06-12 20:32:12,Bugis,SOK-W-03,Women's Airism Low-Cut Socks,SOCKS,Women,5.9,5.9,False,1,5.9,Card
ORC-20260612-0604,1,2026-06-12 22:13:14,Orchard Central,BTM-W-04,Women's Denim Straight Jeans,Bottoms,Women,49.9,49.9,False,1,49.9,Card
PUN-20260612-0276,1,2026-06-12 17:59:41,Punggol,BTM-M-02,Men's Slim Fit Chino Trousers,Bottoms,Men,29.9,29.9,False,1,29.9,Card
ORC-20260612-0541,2,2026-06-12 12:27:13,Orchard Central,SOK-W-01,Women's Ankle Socks 3-Pack,Socks,Women,14.9,14.9,False,1,14.9,Cash
BUG-20260612-0970,1,2026-06-12 19:53:54,bugis,SOK-M-03,Men's Airism Low-Cut Socks,Socks,Men,5.9,5.9,False,1,5.9,Card
BUG-20260612-0753,2,2026-06-12 15:55:00,Bugis,TOP-W-02,Women's Ribbed Long Sleeve Turtleneck,Tops,Women,19.9,19.9,False,1,$19.9,NETS
BUG-20260612-0633,1,2026-06-12 18:35:01,Bugis,UND-W-03,Women's Cotton Blend Briefs,Underwear,Women,9.9,9.9,False,1,9.9,Cash
ORC-20260612-0395,2,2026-06-12 19:42:01,  ORCHARD CENTRAL  ,SOK-W-03,Women's Airism Low-Cut Socks,Socks,Women,5.9,5.9,False,2,11.8,Nets
PUN-20260612-0630,1,2026-06-12 22:36:35,punggol,SOK-W-02,Women's Pile Crew Socks,Socks,Women,5.9,5.9,False,1,5.9,CARD
ORC-20260612-1089,1,2026-06-12 21:59:08,Orchard Central,SOK-W-06,Women's Heattech Socks,Socks,Women,9.9,9.9,False,1,9.9,NETS
ORC-20260612-1014,1,2026-06-12 16:03:27,Orchard Central,SOK-M-03,Men's Airism Low-Cut Socks,Socks,Men,5.9,5.9,False,1,5.9,PayNow
ORC-20260612-0456,1,2026-06-12 14:22:39,Orchard Central,UND-W-03,Women's Cotton Blend Briefs,Underwear,Women,9.9,9.9,False,1,9.9,Card
PUN-20260612-0240,1,2026-06-12 22:40:34,Punggol,SOK-M-03,Men's Airism Low-Cut Socks,Socks,Men,5.9,5.9,False,1,5.9,PayNow
ORC-20260612-0667,1,2026-06-12 21:24:01,Orchard Central,UND-M-02,Men's Cotton Blend Trunks,Underwear,men,14.9,14.9,False,1,14.9,Card
ORC-20260612-0961,2,2026-06-12 19:01:28,ORCHARD CENTRAL,UND-W-01,Women's Airism Bikini Shorts,UNDERWEAR,Women,9.9,9.9,False,1,9.9,Cash
BUG-20260612-0306,3,2026-06-12 21:12:35,Bugis,SOK-W-01,Women's Ankle Socks 3-Pack,Socks,women,$14.9,14.9,False,1,14.9,Card
PUN-20260612-0207,1,2026-06-12 22:18:44,Punggol,SOK-W-04,Women's Ribbed Crew Socks,Socks,Women,5.9,5.9,False,2,11.8,Card
BUG-20260612-0276,1,2026-06-12 15:46:51,Bugis,SOK-W-03,Women's Airism Low-Cut Socks,Socks,Women,5.9,5.9,False,1,5.9,Card
ORC-20260612-0369,2,2026-06-12 16:00:01,  Orchard Central  ,BTM-W-03,Women's Ezy Ankle Pants,Bottoms,Women,$29.9,29.9,False,1,29.9,
ORC-20260612-0565,1,2026-06-12 21:03:37,  Orchard Central  ,SOK-W-02,Women's Pile Crew Socks,Socks,Women,5.9,5.9,False,1,5.9,Card
ORC-20260612-1210,2,2026-06-12 17:44:04,  orchard central  ,UND-W-04,Women's Airism T-Shirt Bra,Underwear,Women,29.9,29.9,False,1,29.9,Card
BUG-20260612-1168,1,2026-06-12 19:31:46,Bugis,UND-M-03,Men's Airism Mesh Boxer Briefs,Underwear,Men,14.9,14.9,False,1,14.9,Card
BUG-20260612-0646,1,2026-06-12 19:18:14,  Bugis  ,TOP-W-01,Women's Airism Cotton Crew Neck T-Shirt,Tops,Women,14.9,14.9,False,1,14.9,PAYNOW
BUG-20260612-1026,1,2026-06-12 18:00:23,Bugis,SOK-W-02,Women's Pile Crew Socks,Socks,Women,5.9,5.9,False,1,5.9,NETS
BUG-20260612-0517,1,2026-06-12 21:51:01,Bugis,TOP-W-02,Women's Ribbed Long Sleeve Turtleneck,Tops,Women,19.9,19.9,False,1,19.9,NETS
ORC-20260612-0630,2,2026-06-12 12:10:00,Orchard Central,SOK-W-04,Women's Ribbed Crew Socks,Socks,Women,5.9,5.9,False,1,5.9,Card
ORC-20260612-0567,2,2026-06-12 14:13:57,Orchard Central,TOP-M-02,Men's Supima Cotton Polo Shirt,Tops,Men,29.9,29.9,False,1,29.9,Card
ORC-20260612-0927,1,2026-06-12 12:15:48,Orchard Central,TOP-W-02,Women's Ribbed Long Sleeve Turtleneck,Tops,Women,19.9,19.9,False,1,19.9,NETS
PUN-20260612-0062,2,2026-06-12 19:48:49,  Punggol  ,UND-W-04,Women's Airism T-Shirt Bra,Underwear,Women,29.9,29.9,False,2,59.8,Cash
PUN-20260612-0195,2,2026-06-12 12:17:31,Punggol,SOK-M-02,Men's Pile Crew Socks,Socks,Men,5.9,5.9,False,1,5.9,cash
ORC-20260612-0672,2,2026-06-12 14:54:59,Orchard Central,UND-W-03,Women's Cotton Blend Briefs,Underwear,Women,9.9,9.9,False,2,19.8,Cash
BUG-20260612-1161,2,2026-06-12 21:50:44,Bugis,SOK-W-03,Women's Airism Low-Cut Socks,Socks,Women,5.9,5.9,False,1,5.9,Card
PUN-20260612-0381,2,2026-06-12 22:17:58,Punggol,UND-W-09,Women's Cotton Boyshorts,Underwear,Women,9.9,9.9,False,1,9.9,Nets
PUN-20260612-0095,1,2026-06-12 20:55:49,Punggol,SOK-M-04,  Men's Ribbed Crew Socks  ,Socks,MEN,5.9,5.9,False,2,11.8,Card
ORC-20260612-0264,1,2026-06-12 12:33:57,Orchard Central,TOP-W-02,Women's Ribbed Long Sleeve Turtleneck,Tops,Women,19.9,19.9,False,1,19.9,Card
PUN-20260612-0809,2,2026-06-12 16:33:23,Punggol,TOP-M-02,Men's Supima Cotton Polo Shirt,Tops,Men,$29.9,29.9,False,1,29.9,Cash
BUG-20260612-0581,2,2026-06-12 12:44:12,Bugis,UND-M-01,Men's Airism Boxer Briefs,Underwear,Men,14.9,14.9,False,1,14.9,Paynow
PUN-20260612-0440,1,2026-06-12 11:56:56,  Punggol  ,UND-W-01,Women's Airism Bikini Shorts,Underwear,Women,9.9,9.9,False,1,9.9,NETS
ORC-20260612-1209,2,2026-06-12 16:27:08,Orchard Central,SOK-M-04,Men's Ribbed Crew Socks,socks,Men,5.9,5.9,False,2,11.8,Card
ORC-20260612-0878,3,2026-06-12 19:17:35,Orchard Central,SOK-W-03,Women's Airism Low-Cut Socks,Socks,Women,5.9,5.9,False,2,11.8,Card
ORC-20260612-0510,1,2026-06-12 22:39:56,Orchard Central,TOP-W-01,  Women's Airism Cotton Crew Neck T-Shirt  ,Tops,Women,14.9,14.9,False,1,14.9,PayNow
BUG-20260612-0652,1,2026-06-12 20:57:05,Bugis,TOP-M-01,Men's Airism Cotton Crew Neck T-Shirt,Tops,Men,14.9,14.9,False,1,14.9,PayNow
BUG-20260612-0894,1,2026-06-12 12:46:35,Bugis,SOK-W-01,Women's Ankle Socks 3-Pack,Socks,Women,14.9,14.9,False,1,14.9,NETS
BUG-20260612-0951,2,2026-06-12 11:22:36,Bugis,TOP-M-01,Men's Airism Cotton Crew Neck T-Shirt,TOPS,Men,14.9,14.9,False,1,14.9,CARD
ORC-20260612-0098,2,2026-06-12 17:36:19,Orchard Central,SOK-W-02,Women's Pile Crew Socks,Socks,WOMEN,5.9,5.9,False,1,5.9,CARD
PUN-20260612-0040,1,2026-06-12 20:58:52,Punggol,SOK-W-03,Women's Airism Low-Cut Socks,Socks,Women,5.9,5.9,False,1,5.9,PayNow
ORC-20260612-0517,3,2026-06-12 11:00:23,Orchard Central,UND-W-03,Women's Cotton Blend Briefs,Underwear,Women,9.9,9.9,False,1,9.9,NETS
PUN-20260612-0105,1,2026-06-12 20:47:31,Punggol,TOP-W-02,Women's Ribbed Long Sleeve Turtleneck,Tops,Women,19.9,19.9,False,1,19.9,Card
BUG-20260612-0605,1,2026-06-12 17:38:43,BUGIS,SOK-W-04,Women's Ribbed Crew Socks,Socks,women,5.9,5.9,False,1,5.9,Cash
ORC-20260612-0551,2,2026-06-12 19:15:20,Orchard Central,SOK-M-01,Men's Ankle Socks 3-Pack,Socks,Men,14.9,14.9,False,1,14.9,Card
PUN-20260612-0197,2,2026-06-12 15:57:19,Punggol,SOK-W-02,Women's Pile Crew Socks,Socks,Women,5.9,5.9,False,1,5.9,Card
ORC-20260612-1223,1,2026-06-12 20:01:38,ORCHARD CENTRAL,SOK-W-04,Women's Ribbed Crew Socks,Socks,WOMEN,5.9,5.9,False,1,$5.9,PayNow
BUG-20260612-0776,1,2026-06-12 19:17:07,  Bugis  ,SOK-W-02,Women's Pile Crew Socks,Socks,Women,5.9,5.9,False,1,$5.9,card
ORC-20260612-0849,1,2026-06-12 13:37:47,  Orchard Central  ,UND-M-10,Men's Cotton Blend Briefs,Underwear,Men,7.42,9.9,True,1,7.42,NETS
BUG-20260612-0009,3,2026-06-12 20:25:24,Bugis,TOP-M-02,Men's Supima Cotton Polo Shirt,Tops,Men,29.9,29.9,False,1,29.9,PayNow
BUG-20260612-1139,2,2026-06-12 21:14:54,Bugis,BTM-M-04,Men's Dry Stretch Shorts,Bottoms,men,19.9,19.9,False,1,19.9,PayNow
ORC-20260612-0092,2,2026-06-12 21:49:45,Orchard Central,SOK-W-01,Women's Ankle Socks 3-Pack,Socks,Women,14.9,14.9,False,1,14.9,Card
PUN-20260612-0412,1,2026-06-12 20:01:57,Punggol,SOK-W-03,Women's Airism Low-Cut Socks,Socks,Women,5.9,5.9,False,1,5.9,PayNow
ORC-20260612-0650,1,2026-06-12 20:48:33,Orchard Central,TOP-M-03,Men's Dry-EX Crew Neck T-Shirt,Tops,Men,19.9,19.9,False,1,19.9,Card
ORC-20260612-1258,3,2026-06-12 19:56:31,Orchard Central,UND-W-03,Women's Cotton Blend Briefs,Underwear,Women,9.9,9.9,False,1,9.9,Card
ORC-20260612-0585,2,2026-06-12 15:33:40,Orchard Central,TOP-W-04,Women's Heattech Crew Neck Long Sleeve Tee,Tops,Women,14.9,14.9,False,1,14.9,CARD
ORC-20260612-0469,1,2026-06-12 16:14:26,ORCHARD CENTRAL,UND-W-03,Women's Cotton Blend Briefs,Underwear,Women,9.9,9.9,False,1,9.9,Card
PUN-20260612-0410,1,2026-06-12 11:18:09,Punggol,BTM-M-02,Men's Slim Fit Chino Trousers,Bottoms,Men,29.9,29.9,False,1,29.9,NETS
PUN-20260612-0418,3,2026-06-12 22:55:54,Punggol,UND-W-03,Women's Cotton Blend Briefs,UNDERWEAR,Women,9.9,9.9,False,2,19.8,PayNow
BUG-20260612-0114,1,2026-06-12 19:01:31,Bugis,SOK-W-03,Women's Airism Low-Cut Socks,Socks,Women,5.9,5.9,False,1,5.9,Card
ORC-20260612-0136,1,2026-06-12 13:59:15,orchard central,SOK-M-03,Men's Airism Low-Cut Socks,Socks,men,5.9,5.9,False,2,11.8,Card
BUG-20260612-0156,1,2026-06-12 16:17:34,Bugis,UND-M-03,Men's Airism Mesh Boxer Briefs,Underwear,Men,14.9,14.9,False,1,14.9,Card
ORC-20260612-1012,3,2026-06-12 18:00:48,Orchard Central,BTM-M-04,  Men's Dry Stretch Shorts  ,Bottoms,Men,19.9,19.9,False,1,19.9,Card
ORC-20260612-0306,2,2026-06-12 16:25:30,ORCHARD CENTRAL,UND-M-03,Men's Airism Mesh Boxer Briefs,Underwear,Men,14.9,14.9,False,1,14.9,paynow
ORC-20260612-0485,1,2026-06-12 16:57:31,Orchard Central,UND-W-03,Women's Cotton Blend Briefs,UNDERWEAR,Women,9.9,9.9,False,1,9.9,Card
ORC-20260612-0514,2,2026-06-12 20:09:30,Orchard Central,SOK-W-02,Women's Pile Crew Socks,Socks,Women,5.9,5.9,False,1,5.9,Card
ORC-20260612-0581,1,2026-06-12 13:29:51,Orchard Central,UND-W-03,Women's Cotton Blend Briefs,Underwear,women,9.9,9.9,False,1,9.9,PayNow
ORC-20260612-0700,2,2026-06-12 17:51:30,Orchard Central,BTM-M-02,Men's Slim Fit Chino Trousers,Bottoms,Men,29.9,29.9,False,1,29.9,Cash
BUG-20260612-1202,1,2026-06-12 20:36:56,bugis,TOP-W-03,Women's Silky Satin Blouse,Tops,Women,39.9,39.9,False,1,39.9,Card
ORC-20260612-0959,2,2026-06-12 21:44:05,Orchard Central,SOK-W-04,Women's Ribbed Crew Socks,Socks,Women,5.9,5.9,False,1,5.9,PayNow
ORC-20260612-0406,2,2026-06-12 18:44:29,Orchard Central,TOP-M-02,  Men's Supima Cotton Polo Shirt  ,Tops,Men,29.9,29.9,False,1,29.9,Card
BUG-20260612-0609,3,2026-06-12 22:34:45,Bugis,TOP-M-01,Men's Airism Cotton Crew Neck T-Shirt,Tops,Men,14.9,14.9,False,1,14.9,Card
BUG-20260612-0838,1,2026-06-12 19:42:38,  Bugis  ,SOK-W-03,Women's Airism Low-Cut Socks,Socks,Women,5.9,5.9,False,1,5.9,Cash
ORC-20260612-0211,1,2026-06-12 18:24:04,Orchard Central,UND-W-03,Women's Cotton Blend Briefs,Underwear,Women,9.9,9.9,False,1,9.9,card
BUG-20260612-0004,2,2026-06-12 20:53:39,Bugis,UND-W-03,Women's Cotton Blend Briefs,Underwear,Women,9.9,9.9,False,1,9.9,Cash
PUN-20260612-0470,1,2026-06-12 15:12:32,  PUNGGOL  ,BTM-M-04,Men's Dry Stretch Shorts,Bottoms,men,19.9,19.9,False,1,19.9,PayNow
BUG-20260612-1056,1,2026-06-12 21:22:38,Bugis,UND-M-03,Men's Airism Mesh Boxer Briefs,UNDERWEAR,Men,14.9,14.9,False,1,14.9,Card
PUN-20260612-0317,2,2026-06-12 13:11:09,Punggol,SOK-W-02,Women's Pile Crew Socks,socks,Women,5.9,5.9,False,1,5.9,PayNow
BUG-20260612-0763,1,2026-06-12 18:15:00,Bugis,SOK-M-04,Men's Ribbed Crew Socks,socks,men,5.9,5.9,False,1,5.9,Card
PUN-20260612-0073,1,2026-06-12 20:59:46,Punggol,SOK-M-03,Men's Airism Low-Cut Socks,Socks,Men,5.9,5.9,False,1,5.9,NETS
BUG-20260612-0389,1,2026-06-12 16:37:56,Bugis,SOK-M-03,Men's Airism Low-Cut Socks,Socks,Men,5.9,5.9,False,1,$5.9,Card
PUN-20260612-0051,1,2026-06-12 22:54:13,Punggol,UND-M-02,Men's Cotton Blend Trunks,Underwear,Men,14.9,14.9,False,1,14.9,Cash
BUG-20260612-0597,3,2026-06-12 16:38:17,Bugis,SOK-M-04,Men's Ribbed Crew Socks,Socks,Men,5.9,5.9,False,1,5.9,card
PUN-20260612-0603,3,2026-06-12 18:35:54,punggol,SOK-W-10,Women's Wool Blend Socks,Socks,women,9.9,9.9,False,2,19.8,Card
ORC-20260612-0564,1,2026-06-12 19:04:01,Orchard Central,SOK-W-03,Women's Airism Low-Cut Socks,Socks,Women,5.9,5.9,False,1,5.9,PayNow
BUG-20260612-0352,2,2026-06-12 22:58:22,Bugis,BTM-W-01,Women's Ultra Stretch Skinny Jeans,Bottoms,Women,39.9,39.9,False,1,39.9,card
ORC-20260612-0429,1,2026-06-12 18:36:56,Orchard Central,SOK-W-02,Women's Pile Crew Socks,Socks,Women,5.9,5.9,False,2,11.8,
ORC-20260612-0753,1,2026-06-12 19:32:50,Orchard Central,UND-M-02,Men's Cotton Blend Trunks,Underwear,Men,14.9,14.9,False,1,14.9,Card
ORC-20260612-0019,2,2026-06-12 16:25:28,  Orchard Central  ,SOK-M-04,Men's Ribbed Crew Socks,Socks,Men,$5.9,5.9,False,1,5.9,PayNow
PUN-20260612-0289,1,2026-06-12 20:26:01,PUNGGOL,TOP-W-04,Women's Heattech Crew Neck Long Sleeve Tee,Tops,Women,14.9,14.9,False,1,14.9,Card
BUG-20260612-0271,1,2026-06-12 21:48:16,Bugis,SOK-W-02,  Women's Pile Crew Socks  ,Socks,Women,5.9,5.9,False,1,5.9,Card
ORC-20260612-0352,2,2026-06-12 20:59:20,Orchard Central,UND-W-03,Women's Cotton Blend Briefs,Underwear,Women,9.9,9.9,False,1,9.9,CARD
ORC-20260612-1167,1,2026-06-12 12:42:24,Orchard Central,SOK-W-03,Women's Airism Low-Cut Socks,Socks,Women,5.9,5.9,False,2,11.8,PayNow
BUG-20260612-0537,1,2026-06-12 20:09:48,Bugis,UND-M-02,Men's Cotton Blend Trunks,Underwear,Men,14.9,14.9,False,2,29.8,Cash
ORC-20260612-0096,1,2026-06-12 18:03:28,ORCHARD CENTRAL,UND-M-10,Men's Cotton Blend Briefs,Underwear,Men,7.42,9.9,True,1,7.42,Card
BUG-20260612-0805,3,2026-06-12 17:58:55,Bugis,UND-W-07,Women's Heattech Camisole,Underwear,Women,14.9,14.9,False,1,14.9,cash
BUG-20260612-0101,1,2026-06-12 12:53:50,Bugis,BTM-M-04,Men's Dry Stretch Shorts,Bottoms,Men,19.9,19.9,False,1,19.9,paynow
ORC-20260612-0716,1,2026-06-12 11:28:46,Orchard Central,UND-W-04,Women's Airism T-Shirt Bra,Underwear,Women,29.9,29.9,False,1,29.9,Cash
ORC-20260612-0974,3,2026-06-12 19:51:28,Orchard Central,SOK-W-02,Women's Pile Crew Socks,Socks,Women,5.9,5.9,False,2,11.8,
BUG-20260612-0804,1,2026-06-12 22:20:23,Bugis,TOP-W-02,Women's Ribbed Long Sleeve Turtleneck,Tops,Women,19.9,19.9,False,1,19.9,Card
BUG-20260612-0584,1,2026-06-12 19:52:56,Bugis,BTM-M-04,Men's Dry Stretch Shorts,Bottoms,Men,19.9,19.9,False,1,19.9,Card
BUG-20260612-0901,3,2026-06-12 21:54:02,Bugis,UND-W-03,Women's Cotton Blend Briefs,Underwear,Women,9.9,9.9,False,1,9.9,Card
PUN-20260612-0612,1,2026-06-12 13:01:49,Punggol,SOK-W-04,Women's Ribbed Crew Socks,SOCKS,Women,5.9,5.9,False,2,11.8,Cash
BUG-20260612-0057,2,2026-06-12 20:20:17,Bugis,SOK-W-02,Women's Pile Crew Socks,socks,Women,5.9,5.9,False,2,11.8,CARD
BUG-20260612-0012,1,2026-06-12 20:14:17,Bugis,UND-M-03,Men's Airism Mesh Boxer Briefs,Underwear,Men,14.9,14.9,False,1,14.9,Card
BUG-20260612-0173,1,2026-06-12 22:25:25,Bugis,TOP-W-02,Women's Ribbed Long Sleeve Turtleneck,Tops,Women,19.9,19.9,False,1,19.9,Card
ORC-20260612-0570,3,2026-06-12 18:55:16,Orchard Central,SOK-M-01,Men's Ankle Socks 3-Pack,Socks,Men,14.9,14.9,False,1,14.9,Card
PUN-20260612-0560,3,2026-06-12 19:57:14,Punggol,BTM-M-04,Men's Dry Stretch Shorts,Bottoms,Men,19.9,19.9,False,1,19.9,Card
PUN-20260612-0104,3,2026-06-12 20:50:50,Punggol,SOK-M-02,  Men's Pile Crew Socks  ,Socks,Men,5.9,5.9,False,1,5.9,paynow
BUG-20260612-0764,2,2026-06-12 13:44:29,Bugis,SOK-W-02,Women's Pile Crew Socks,socks,Women,5.9,5.9,False,2,11.8,NETS
ORC-20260612-0588,3,2026-06-12 15:22:16,Orchard Central,BTM-W-02,Women's High-Rise Wide Leg Pants,Bottoms,Women,39.9,39.9,False,1,39.9,Card
BUG-20260612-0788,1,2026-06-12 20:45:49,Bugis,SOK-M-03,Men's Airism Low-Cut Socks,Socks,Men,5.9,5.9,False,1,5.9,nets
PUN-20260612-0635,2,2026-06-12 20:22:09,punggol,SOK-M-03,Men's Airism Low-Cut Socks,Socks,Men,5.9,5.9,False,2,11.8,
ORC-20260612-0806,3,2026-06-12 20:43:40,Orchard Central,TOP-W-08,  Women's Puff Sleeve Blouse  ,Tops,Women,20.35,29.9,True,1,20.35,PayNow
ORC-20260612-0851,1,2026-06-12 21:48:03,orchard central,UND-M-01,Men's Airism Boxer Briefs,Underwear,Men,14.9,14.9,False,1,14.9,NETS
BUG-20260612-1018,1,2026-06-12 20:01:24,Bugis,TOP-W-04,Women's Heattech Crew Neck Long Sleeve Tee,Tops,Women,14.9,14.9,False,1,14.9,CARD
PUN-20260612-0657,2,2026-06-12 20:41:09,Punggol,SOK-M-02,Men's Pile Crew Socks,Socks,men,5.9,5.9,False,1,5.9,PayNow
ORC-20260612-0511,1,2026-06-12 17:45:17,Orchard Central,SOK-M-04,Men's Ribbed Crew Socks,Socks,Men,5.9,5.9,False,1,5.9,Cash
PUN-20260612-0104,2,2026-06-12 20:50:50,Punggol,SOK-M-04,  Men's Ribbed Crew Socks  ,Socks,men,5.9,5.9,False,1,5.9,PayNow
BUG-20260612-0889,1,2026-06-12 20:10:23,  Bugis  ,TOP-M-01,Men's Airism Cotton Crew Neck T-Shirt,tops,Men,14.9,14.9,False,1,14.9,NETS
ORC-20260612-0809,2,2026-06-12 18:11:15,Orchard Central,SOK-W-02,Women's Pile Crew Socks,Socks,Women,5.9,5.9,False,1,5.9,PayNow
PUN-20260612-0014,1,2026-06-12 20:44:54,Punggol,SOK-W-10,Women's Wool Blend Socks,Socks,Women,9.9,9.9,False,2,19.8,Card
BUG-20260612-0907,1,2026-06-12 19:37:31,Bugis,SOK-W-03,Women's Airism Low-Cut Socks,Socks,Women,5.9,5.9,False,1,5.9,Card
PUN-20260612-0030,2,2026-06-12 21:07:48,Punggol,SOK-M-01,Men's Ankle Socks 3-Pack,Socks,Men,14.9,14.9,False,1,14.9,Card
ORC-20260612-0961,3,2026-06-12 19:01:28,orchard central,BTM-W-02,Women's High-Rise Wide Leg Pants,Bottoms,Women,39.9,39.9,False,1,39.9,Cash
PUN-20260612-0365,3,2026-06-12 20:44:12,Punggol,UND-M-01,Men's Airism Boxer Briefs,Underwear,Men,14.9,14.9,False,1,14.9,CARD
BUG-20260612-0998,2,2026-06-12 21:19:02,Bugis,SOK-M-02,Men's Pile Crew Socks,Socks,Men,5.9,5.9,False,1,5.9,Cash
ORC-20260612-0725,1,2026-06-12 19:21:47,  Orchard Central  ,SOK-W-08,Women's Lace Trim Ankle Socks,Socks,Women,5.9,5.9,False,1,5.9,Card
ORC-20260612-1172,2,2026-06-12 20:01:18,Orchard Central,TOP-M-10,Men's Merino Blend V-Neck Sweater,Tops,men,39.9,39.9,False,1,39.9,PayNow
PUN-20260612-0752,3,2026-06-12 11:14:44,Punggol,SOK-M-03,Men's Airism Low-Cut Socks,Socks,Men,5.9,5.9,False,1,5.9,NETS
ORC-20260612-1103,2,2026-06-12 21:46:59,Orchard Central,BTM-W-01,Women's Ultra Stretch Skinny Jeans,Bottoms,Women,39.9,39.9,False,1,39.9,NETS
BUG-20260612-0714,1,2026-06-12 18:29:59,Bugis,UND-M-01,Men's Airism Boxer Briefs,Underwear,Men,14.9,14.9,False,1,14.9,Card
ORC-20260612-0748,2,2026-06-12 18:53:24,Orchard Central,UND-W-03,Women's Cotton Blend Briefs,Underwear,Women,9.9,9.9,False,1,9.9,CARD
ORC-20260612-0563,2,2026-06-12 21:52:36,Orchard Central,BTM-W-01,Women's Ultra Stretch Skinny Jeans,Bottoms,Women,39.9,39.9,False,1,39.9,PayNow
ORC-20260612-0858,3,2026-06-12 15:05:38,Orchard Central,TOP-M-02,Men's Supima Cotton Polo Shirt,Tops,Men,29.9,29.9,False,1,29.9,Card
ORC-20260612-0324,1,2026-06-12 11:24:01,orchard central,UND-M-10,Men's Cotton Blend Briefs,Underwear,Men,7.42,9.9,True,1,7.42,Nets
BUG-20260612-0688,2,2026-06-12 18:41:29,Bugis,TOP-W-01,Women's Airism Cotton Crew Neck T-Shirt,Tops,Women,14.9,14.9,False,1,14.9,Card
PUN-20260612-0774,3,2026-06-12 20:26:04,Punggol,UND-M-01,Men's Airism Boxer Briefs,Underwear,Men,14.9,14.9,False,1,14.9,paynow
BUG-20260612-0310,2,2026-06-12 21:09:34,  Bugis  ,SOK-W-04,Women's Ribbed Crew Socks,Socks,Women,5.9,5.9,False,1,5.9,Cash
PUN-20260612-0225,3,2026-06-12 21:54:10,Punggol,TOP-W-01,Women's Airism Cotton Crew Neck T-Shirt,Tops,Women,14.9,14.9,False,1,14.9,Card
ORC-20260612-0328,1,2026-06-12 17:30:44,Orchard Central,UND-W-01,Women's Airism Bikini Shorts,Underwear,Women,9.9,9.9,False,1,9.9,Cash
BUG-20260612-1091,3,2026-06-12 21:17:13,Bugis,UND-M-02,Men's Cotton Blend Trunks,Underwear,Men,14.9,14.9,False,1,14.9,Cash
BUG-20260612-0151,1,2026-06-12 13:02:20,Bugis,TOP-M-01,  Men's Airism Cotton Crew Neck T-Shirt  ,Tops,Men,14.9,14.9,False,1,14.9,PayNow
BUG-20260612-1195,2,2026-06-12 20:38:02,bugis,BTM-W-02,Women's High-Rise Wide Leg Pants,Bottoms,women,39.9,39.9,False,1,39.9,PayNow
ORC-20260612-0963,3,2026-06-12 13:29:33,Orchard Central,SOK-W-02,Women's Pile Crew Socks,Socks,Women,5.9,5.9,False,1,5.9,CARD
ORC-20260612-1053,3,2026-06-12 11:01:42,Orchard Central,BTM-M-02,  Men's Slim Fit Chino Trousers  ,Bottoms,Men,29.9,29.9,False,1,29.9,PayNow
BUG-20260612-1093,1,2026-06-12 17:55:20,Bugis,UND-W-03,Women's Cotton Blend Briefs,Underwear,women,9.9,9.9,False,1,9.9,PayNow
PUN-20260612-0338,3,2026-06-12 20:30:55,PUNGGOL,TOP-M-04,Men's Oxford Long Sleeve Shirt,TOPS,men,29.9,29.9,False,1,29.9,NETS
PUN-20260612-0453,1,2026-06-12 21:45:24,punggol,BTM-W-01,Women's Ultra Stretch Skinny Jeans,Bottoms,Women,39.9,39.9,False,1,39.9,card
PUN-20260612-0528,1,2026-06-12 17:06:41,  Punggol  ,SOK-M-02,Men's Pile Crew Socks,Socks,Men,5.9,5.9,False,1,5.9,card
BUG-20260612-1150,3,2026-06-12 13:19:15,Bugis,SOK-W-03,Women's Airism Low-Cut Socks,Socks,Women,5.9,5.9,False,1,5.9,Card
ORC-20260612-1295,1,2026-06-12 20:15:06,orchard central,SOK-M-02,Men's Pile Crew Socks,Socks,Men,5.9,5.9,False,1,5.9,paynow
ORC-20260612-0131,1,2026-06-12 20:10:57,ORCHARD CENTRAL,UND-M-02,Men's Cotton Blend Trunks,UNDERWEAR,Men,14.9,14.9,False,1,14.9,PayNow
ORC-20260612-0635,1,2026-06-12 17:40:37,Orchard Central,UND-M-04,Men's Cotton Crew Neck Undershirt,Underwear,Men,14.9,14.9,False,1,14.9,Card
BUG-20260612-1106,3,2026-06-12 18:32:45,Bugis,BTM-M-05,Men's Wide Fit Cargo Pants,Bottoms,Men,26.68,39.9,True,1,26.68,PayNow
BUG-20260612-0931,2,2026-06-12 19:35:24,Bugis,SOK-W-04,Women's Ribbed Crew Socks,Socks,Women,5.9,5.9,False,1,5.9,Card
BUG-20260612-1099,2,2026-06-12 18:41:37,Bugis,SOK-W-02,Women's Pile Crew Socks,Socks,Women,5.9,5.9,False,1,5.9,PayNow
ORC-20260612-0137,3,2026-06-12 21:47:40,Orchard Central,UND-M-02,Men's Cotton Blend Trunks,Underwear,Men,14.9,14.9,False,1,14.9,card
ORC-20260612-0459,3,2026-06-12 20:18:04,Orchard Central,BTM-M-04,Men's Dry Stretch Shorts,Bottoms,Men,19.9,19.9,False,1,19.9,Paynow
PUN-20260612-0260,2,2026-06-12 20:12:17,Punggol,SOK-M-01,Men's Ankle Socks 3-Pack,Socks,Men,14.9,14.9,False,1,14.9,Card
BUG-20260612-0332,3,2026-06-12 17:35:46,Bugis,TOP-W-03,Women's Silky Satin Blouse,Tops,Women,39.9,39.9,False,1,39.9,Card
PUN-20260612-0469,3,2026-06-12 22:00:01,Punggol,UND-M-03,Men's Airism Mesh Boxer Briefs,Underwear,Men,14.9,14.9,False,1,14.9,NETS
PUN-20260612-0111,1,2026-06-12 19:50:33,Punggol,SOK-M-02,Men's Pile Crew Socks,Socks,Men,5.9,5.9,False,1,5.9,Card
BUG-20260612-0672,3,2026-06-12 18:38:30,Bugis,TOP-M-01,Men's Airism Cotton Crew Neck T-Shirt,Tops,Men,14.9,14.9,False,1,14.9,Card
ORC-20260612-0680,2,2026-06-12 19:25:23,  ORCHARD CENTRAL  ,TOP-W-02,Women's Ribbed Long Sleeve Turtleneck,Tops,Women,19.9,19.9,False,1,19.9,Card
ORC-20260612-0116,1,2026-06-12 11:43:47,Orchard Central,SOK-M-01,Men's Ankle Socks 3-Pack,Socks,Men,14.9,14.9,False,1,14.9,Card
ORC-20260612-0692,2,2026-06-12 21:53:11,Orchard Central,TOP-W-01,  Women's Airism Cotton Crew Neck T-Shirt  ,Tops,Women,14.9,14.9,False,1,14.9,Card
PUN-20260612-0327,3,2026-06-12 21:51:37,Punggol,TOP-M-01,Men's Airism Cotton Crew Neck T-Shirt,Tops,Men,14.9,14.9,False,1,14.9,nets
ORC-20260612-0229,1,2026-06-12 21:04:58,  Orchard Central  ,TOP-M-02,Men's Supima Cotton Polo Shirt,Tops,Men,29.9,29.9,False,1,29.9,PayNow
PUN-20260612-0762,2,2026-06-12 17:20:40,Punggol,UND-M-01,Men's Airism Boxer Briefs,Underwear,Men,14.9,14.9,False,1,14.9,PayNow
BUG-20260612-0128,2,2026-06-12 12:11:26,Bugis,SOK-W-04,  Women's Ribbed Crew Socks  ,Socks,Women,5.9,5.9,False,2,11.8,PayNow
BUG-20260612-0294,1,2026-06-12 21:13:46,Bugis,SOK-M-01,Men's Ankle Socks 3-Pack,Socks,Men,14.9,14.9,False,1,14.9,Card
PUN-20260612-0009,2,2026-06-12 18:54:25,Punggol,SOK-W-01,Women's Ankle Socks 3-Pack,Socks,Women,14.9,14.9,False,1,14.9,Card
BUG-20260612-0450,2,2026-06-12 17:13:40,BUGIS,SOK-W-03,Women's Airism Low-Cut Socks,Socks,Women,5.9,5.9,False,1,5.9,PayNow
PUN-20260612-0611,1,2026-06-12 21:47:40,Punggol,TOP-M-03,Men's Dry-EX Crew Neck T-Shirt,tops,Men,19.9,19.9,False,1,19.9,Paynow
ORC-20260612-1220,2,2026-06-12 19:15:17,Orchard Central,UND-W-01,Women's Airism Bikini Shorts,Underwear,Women,9.9,9.9,False,1,9.9,PayNow
ORC-20260612-0756,2,2026-06-12 20:50:40,Orchard Central,UND-W-03,Women's Cotton Blend Briefs,Underwear,Women,9.9,9.9,False,1,9.9,Card
BUG-20260612-0306,2,2026-06-12 21:12:35,bugis,SOK-W-02,Women's Pile Crew Socks,Socks,Women,5.9,5.9,False,1,5.9,Card
BUG-20260612-0521,1,2026-06-12 19:10:47,Bugis,UND-M-02,Men's Cotton Blend Trunks,underwear,Men,14.9,14.9,False,1,$14.9,Card
ORC-20260612-1304,1,2026-06-12 18:18:50,Orchard Central,TOP-W-04,Women's Heattech Crew Neck Long Sleeve Tee,Tops,Women,14.9,14.9,False,1,14.9,NETS
ORC-20260612-0748,1,2026-06-12 18:53:24,Orchard Central,UND-M-02,Men's Cotton Blend Trunks,Underwear,Men,14.9,14.9,False,1,14.9,Card
PUN-20260612-0458,1,2026-06-12 20:08:04,Punggol,SOK-W-01,Women's Ankle Socks 3-Pack,Socks,Women,14.9,14.9,False,1,14.9,Cash
BUG-20260612-0046,3,2026-06-12 19:56:08,  Bugis  ,SOK-W-04,Women's Ribbed Crew Socks,Socks,Women,5.9,5.9,False,1,$5.9,Card
PUN-20260612-0527,3,2026-06-12 13:01:39,Punggol,TOP-M-08,Men's Linen Blend Short Sleeve Shirt,tops,Men,29.9,29.9,False,1,29.9,Cash
BUG-20260612-0890,1,2026-06-12 19:45:59,Bugis,UND-W-03,Women's Cotton Blend Briefs,Underwear,Women,9.9,9.9,False,1,9.9,NETS
ORC-20260612-0497,1,2026-06-12 16:52:34,Orchard Central,TOP-M-04,Men's Oxford Long Sleeve Shirt,Tops,Men,29.9,29.9,False,1,29.9,Cash
BUG-20260612-0762,2,2026-06-12 11:08:23,Bugis,SOK-M-03,Men's Airism Low-Cut Socks,Socks,Men,5.9,5.9,False,1,5.9,Card
ORC-20260612-0662,1,2026-06-12 19:31:54,ORCHARD CENTRAL,SOK-M-04,Men's Ribbed Crew Socks,Socks,Men,5.9,5.9,False,2,$11.8,Card
BUG-20260612-1064,1,2026-06-12 18:23:02,Bugis,BTM-W-02,Women's High-Rise Wide Leg Pants,Bottoms,Women,39.9,39.9,False,1,39.9,Card
ORC-20260612-1129,2,2026-06-12 11:21:52,Orchard Central,BTM-W-03,Women's Ezy Ankle Pants,Bottoms,Women,29.9,29.9,False,1,29.9,Card
ORC-20260612-1299,1,2026-06-12 20:07:31,Orchard Central,TOP-W-02,  Women's Ribbed Long Sleeve Turtleneck  ,Tops,Women,19.9,19.9,False,1,19.9,PayNow
ORC-20260612-0874,1,2026-06-12 18:23:42,Orchard Central,UND-M-10,Men's Cotton Blend Briefs,Underwear,Men,7.42,9.9,True,1,7.42,PayNow
ORC-20260612-0481,1,2026-06-12 16:02:13,Orchard Central,SOK-M-01,Men's Ankle Socks 3-Pack,socks,Men,14.9,14.9,False,2,29.8,Card
BUG-20260612-0261,3,2026-06-12 18:24:32,bugis,UND-M-03,Men's Airism Mesh Boxer Briefs,Underwear,Men,14.9,14.9,False,1,14.9,PayNow
BUG-20260612-1185,3,2026-06-12 20:58:05,Bugis,UND-M-04,Men's Cotton Crew Neck Undershirt,Underwear,Men,14.9,14.9,False,1,14.9,Paynow
BUG-20260612-0566,3,2026-06-12 11:50:44,Bugis,TOP-W-01,Women's Airism Cotton Crew Neck T-Shirt,Tops,Women,14.9,14.9,False,1,14.9,PayNow
PUN-20260612-0044,1,2026-06-12 16:01:42,Punggol,SOK-W-02,Women's Pile Crew Socks,Socks,Women,5.9,5.9,False,1,5.9,Card
BUG-20260612-0970,2,2026-06-12 19:53:54,Bugis,UND-W-02,Women's Wireless Bra,Underwear,Women,29.9,29.9,False,1,29.9,card
PUN-20260612-0564,1,2026-06-12 19:29:27,Punggol,BTM-W-04,Women's Denim Straight Jeans,Bottoms,Women,49.9,49.9,False,1,49.9,Card
BUG-20260612-1218,3,2026-06-12 19:34:22,Bugis,TOP-M-02,Men's Supima Cotton Polo Shirt,Tops,Men,29.9,29.9,False,1,29.9,PayNow
BUG-20260612-0615,2,2026-06-12 21:24:32,Bugis,SOK-W-04,Women's Ribbed Crew Socks,Socks,Women,5.9,5.9,False,1,5.9,CASH
ORC-20260612-1207,1,2026-06-12 20:14:39,Orchard Central,SOK-W-06,Women's Heattech Socks,Socks,Women,9.9,9.9,False,1,9.9,Card
PUN-20260612-0518,3,2026-06-12 20:09:26,  Punggol  ,SOK-M-04,Men's Ribbed Crew Socks,Socks,Men,5.9,5.9,False,2,11.8,card
BUG-20260612-0535,2,2026-06-12 11:49:17,Bugis,UND-M-03,Men's Airism Mesh Boxer Briefs,Underwear,Men,14.9,14.9,False,2,29.8,Card
ORC-20260612-0403,2,2026-06-12 20:28:51,Orchard Central,TOP-M-02,  Men's Supima Cotton Polo Shirt  ,Tops,Men,29.9,29.9,False,1,29.9,Card
ORC-20260612-0837,1,2026-06-12 22:05:50,  Orchard Central  ,SOK-M-01,Men's Ankle Socks 3-Pack,Socks,Men,14.9,14.9,False,2,29.8,NETS
BUG-20260612-0564,2,2026-06-12 15:07:54,Bugis,TOP-W-08,Women's Puff Sleeve Blouse,Tops,Women,20.35,29.9,True,1,20.35,card
BUG-20260612-1015,3,2026-06-12 12:02:28,Bugis,TOP-W-04,Women's Heattech Crew Neck Long Sleeve Tee,Tops,Women,14.9,14.9,False,1,14.9,NETS
PUN-20260612-0802,2,2026-06-12 19:03:40,  Punggol  ,SOK-W-02,Women's Pile Crew Socks,Socks,Women,$5.9,5.9,False,1,5.9,Cash
PUN-20260612-0558,1,2026-06-12 14:56:28,Punggol,SOK-W-02,Women's Pile Crew Socks,Socks,Women,5.9,5.9,False,1,5.9,PayNow
BUG-20260612-0828,1,2026-06-12 19:03:46,Bugis,BTM-M-02,Men's Slim Fit Chino Trousers,Bottoms,Men,29.9,29.9,False,1,29.9,Card
PUN-20260612-0714,2,2026-06-12 20:30:01,Punggol,TOP-M-02,Men's Supima Cotton Polo Shirt,Tops,Men,29.9,29.9,False,1,29.9,CARD
BUG-20260612-0130,2,2026-06-12 18:43:45,  Bugis  ,BTM-M-02,Men's Slim Fit Chino Trousers,Bottoms,Men,29.9,29.9,False,1,29.9,Cash
PUN-20260612-0051,3,2026-06-12 22:54:13,Punggol,SOK-M-01,Men's Ankle Socks 3-Pack,Socks,Men,14.9,14.9,False,1,14.9,Cash
PUN-20260612-0650,1,2026-06-12 20:24:09,Punggol,SOK-M-02,Men's Pile Crew Socks,Socks,Men,5.9,5.9,False,1,5.9,Card
ORC-20260612-0079,1,2026-06-12 19:36:19,Orchard Central,TOP-M-07,Men's Ultra Light Down Jacket,TOPS,Men,55.24,79.9,True,1,55.24,PayNow
PUN-20260612-0443,1,2026-06-12 19:34:42,PUNGGOL,TOP-W-01,Women's Airism Cotton Crew Neck T-Shirt,TOPS,Women,14.9,14.9,False,1,14.9,PayNow
PUN-20260612-0693,1,2026-06-12 18:06:07,Punggol,SOK-M-02,Men's Pile Crew Socks,Socks,MEN,5.9,5.9,False,1,5.9,Cash
BUG-20260612-0390,1,2026-06-12 21:25:31,Bugis,UND-M-04,Men's Cotton Crew Neck Undershirt,UNDERWEAR,Men,14.9,14.9,False,1,14.9,Card
PUN-20260612-0744,2,2026-06-12 13:20:58,Punggol,BTM-M-04,Men's Dry Stretch Shorts,Bottoms,Men,19.9,19.9,False,1,19.9,Paynow
BUG-20260612-1023,1,2026-06-12 22:57:49,Bugis,SOK-W-03,Women's Airism Low-Cut Socks,socks,Women,5.9,5.9,False,1,5.9,PayNow
BUG-20260612-1054,3,2026-06-12 21:56:08,Bugis,UND-M-01,Men's Airism Boxer Briefs,Underwear,Men,14.9,14.9,False,1,14.9,Cash
ORC-20260612-0655,1,2026-06-12 20:08:57,Orchard Central,SOK-M-03,Men's Airism Low-Cut Socks,Socks,Men,5.9,5.9,False,1,5.9,PayNow
PUN-20260612-0578,2,2026-06-12 19:07:49,Punggol,UND-W-03,Women's Cotton Blend Briefs,Underwear,Women,9.9,9.9,False,1,9.9,NETS
BUG-20260612-0347,1,2026-06-12 18:28:06,Bugis,UND-M-02,Men's Cotton Blend Trunks,Underwear,Men,14.9,14.9,False,1,14.9,PayNow
BUG-20260612-0543,3,2026-06-12 16:35:41,Bugis,SOK-M-02,Men's Pile Crew Socks,socks,Men,5.9,5.9,False,1,5.9,Card
ORC-20260612-0634,1,2026-06-12 12:33:15,Orchard Central,SOK-M-02,Men's Pile Crew Socks,Socks,Men,5.9,5.9,False,1,5.9,Cash
ORC-20260612-0219,3,2026-06-12 14:44:56,Orchard Central,UND-M-02,Men's Cotton Blend Trunks,Underwear,Men,14.9,14.9,False,2,29.8,Card
PUN-20260612-0709,1,2026-06-12 13:54:02,Punggol,SOK-W-04,Women's Ribbed Crew Socks,Socks,Women,5.9,5.9,False,1,5.9,PayNow
BUG-20260612-0526,2,2026-06-12 12:57:19,Bugis,BTM-W-03,Women's Ezy Ankle Pants,Bottoms,Women,29.9,29.9,False,1,29.9,PayNow
ORC-20260612-0197,1,2026-06-12 14:00:15,  Orchard Central  ,SOK-W-01,Women's Ankle Socks 3-Pack,SOCKS,Women,14.9,14.9,False,1,14.9,Card
PUN-20260612-0409,1,2026-06-12 21:32:33,Punggol,SOK-M-03,Men's Airism Low-Cut Socks,Socks,Men,5.9,5.9,False,1,5.9,
ORC-20260612-0770,2,2026-06-12 19:10:58,  Orchard Central  ,SOK-M-02,Men's Pile Crew Socks,Socks,MEN,5.9,5.9,False,1,5.9,Card
ORC-20260612-0291,2,2026-06-12 20:24:16,ORCHARD CENTRAL,UND-M-01,Men's Airism Boxer Briefs,Underwear,Men,14.9,14.9,False,1,14.9,NETS
ORC-20260612-0470,1,2026-06-12 16:10:43,Orchard Central,UND-M-07,Men's Stretch Cotton Boxers,Underwear,Men,14.9,14.9,False,1,14.9,PayNow
ORC-20260612-0862,3,2026-06-12 20:57:41,Orchard Central,SOK-M-04,Men's Ribbed Crew Socks,Socks,Men,5.9,5.9,False,1,5.9,PayNow
PUN-20260612-0191,1,2026-06-12 12:27:38,punggol,TOP-W-02,Women's Ribbed Long Sleeve Turtleneck,Tops,Women,19.9,19.9,False,1,19.9,NETS
ORC-20260612-1213,1,2026-06-12 20:37:49,Orchard Central,SOK-W-03,Women's Airism Low-Cut Socks,SOCKS,Women,5.9,5.9,False,1,5.9,Card
BUG-20260612-0999,1,2026-06-12 17:45:31,Bugis,SOK-M-02,Men's Pile Crew Socks,Socks,Men,5.9,5.9,False,2,11.8,Card
ORC-20260612-0455,2,2026-06-12 20:18:37,Orchard Central,UND-W-04,Women's Airism T-Shirt Bra,Underwear,WOMEN,29.9,29.9,False,1,29.9,PayNow
ORC-20260612-0982,1,2026-06-12 16:58:16,Orchard Central,SOK-M-04,Men's Ribbed Crew Socks,Socks,Men,5.9,5.9,False,1,5.9,Card
BUG-20260612-0977,1,2026-06-12 18:50:51,Bugis,SOK-M-03,Men's Airism Low-Cut Socks,SOCKS,Men,5.9,5.9,False,1,5.9,
ORC-20260612-0828,1,2026-06-12 19:21:54,Orchard Central,TOP-W-08,Women's Puff Sleeve Blouse,Tops,women,20.35,29.9,True,1,$20.35,Cash
PUN-20260612-0556,1,2026-06-12 16:14:57,Punggol,TOP-M-02,Men's Supima Cotton Polo Shirt,Tops,Men,29.9,29.9,False,1,29.9,Card
BUG-20260612-0208,2,2026-06-12 20:04:43,Bugis,SOK-W-03,Women's Airism Low-Cut Socks,SOCKS,Women,5.9,5.9,False,1,5.9,PAYNOW
ORC-20260612-0773,1,2026-06-12 17:15:38,Orchard Central,UND-M-02,Men's Cotton Blend Trunks,Underwear,men,14.9,14.9,False,1,14.9,Cash
ORC-20260612-1290,2,2026-06-12 19:49:54,Orchard Central,SOK-W-04,Women's Ribbed Crew Socks,Socks,WOMEN,5.9,5.9,False,1,5.9,PayNow
BUG-20260612-0706,1,2026-06-12 20:18:12,Bugis,SOK-M-04,Men's Ribbed Crew Socks,Socks,Men,5.9,5.9,False,1,5.9,PayNow
PUN-20260612-0751,3,2026-06-12 16:22:01,Punggol,UND-W-01,Women's Airism Bikini Shorts,Underwear,Women,9.9,9.9,False,1,9.9,Cash
PUN-20260612-0255,1,2026-06-12 19:45:44,Punggol,SOK-W-02,Women's Pile Crew Socks,SOCKS,women,5.9,5.9,False,1,5.9,PAYNOW
BUG-20260612-1060,3,2026-06-12 20:51:50,Bugis,SOK-W-01,Women's Ankle Socks 3-Pack,Socks,Women,14.9,14.9,False,1,14.9,Card
ORC-20260612-1219,3,2026-06-12 11:53:56,Orchard Central,TOP-M-10,Men's Merino Blend V-Neck Sweater,Tops,Men,39.9,39.9,False,1,39.9,PayNow
PUN-20260612-0343,2,2026-06-12 21:46:36,Punggol,BTM-M-02,Men's Slim Fit Chino Trousers,Bottoms,Men,29.9,29.9,False,1,29.9,PayNow
PUN-20260612-0681,1,2026-06-12 21:31:22,Punggol,TOP-W-03,Women's Silky Satin Blouse,Tops,Women,39.9,39.9,False,1,39.9,Cash
BUG-20260612-0502,2,2026-06-12 19:19:56,Bugis,BTM-M-05,Men's Wide Fit Cargo Pants,Bottoms,Men,26.68,39.9,True,1,26.68,Cash
PUN-20260612-0364,1,2026-06-12 16:46:44,Punggol,UND-M-05,Men's Seamless Boxer Briefs,Underwear,Men,14.9,14.9,False,1,14.9,PayNow
ORC-20260612-0347,2,2026-06-12 15:56:42,Orchard Central,UND-M-01,Men's Airism Boxer Briefs,Underwear,Men,14.9,14.9,False,1,14.9,Cash
BUG-20260612-0262,1,2026-06-12 17:25:45,Bugis,UND-M-04,Men's Cotton Crew Neck Undershirt,Underwear,Men,14.9,14.9,False,1,14.9,Card
ORC-20260612-0527,2,2026-06-12 19:38:18,Orchard Central,SOK-W-02,Women's Pile Crew Socks,Socks,WOMEN,5.9,5.9,False,1,5.9,NETS
ORC-20260612-1205,1,2026-06-12 22:30:33,Orchard Central,SOK-W-04,Women's Ribbed Crew Socks,Socks,Women,5.9,5.9,False,1,5.9,
BUG-20260612-0164,1,2026-06-12 19:19:38,  Bugis  ,SOK-M-03,Men's Airism Low-Cut Socks,Socks,Men,5.9,5.9,False,1,5.9,PayNow
BUG-20260612-0975,1,2026-06-12 17:50:17,Bugis,UND-W-05,Women's Seamless Shorts,Underwear,Women,9.9,9.9,False,1,9.9,Card
BUG-20260612-0454,2,2026-06-12 16:54:18,Bugis,SOK-W-04,Women's Ribbed Crew Socks,socks,Women,5.9,5.9,False,1,5.9,Card
ORC-20260612-0905,1,2026-06-12 11:01:56,Orchard Central,SOK-W-04,Women's Ribbed Crew Socks,Socks,Women,5.9,5.9,False,2,11.8,nets
BUG-20260612-0397,1,2026-06-12 19:08:12,Bugis,UND-W-04,Women's Airism T-Shirt Bra,UNDERWEAR,Women,29.9,29.9,False,2,59.8,NETS
PUN-20260612-0426,1,2026-06-12 21:35:50,Punggol,SOK-W-02,Women's Pile Crew Socks,Socks,Women,5.9,5.9,False,1,5.9,PayNow
ORC-20260612-0257,2,2026-06-12 14:54:01,Orchard Central,BTM-M-01,Men's Ezy Ankle Pants,Bottoms,Men,29.9,29.9,False,1,29.9,cash
ORC-20260612-0954,1,2026-06-12 17:02:52,Orchard Central,TOP-M-01,  Men's Airism Cotton Crew Neck T-Shirt  ,Tops,men,14.9,14.9,False,1,14.9,PayNow
BUG-20260612-1194,1,2026-06-12 20:04:39,BUGIS,BTM-M-04,Men's Dry Stretch Shorts,Bottoms,Men,19.9,19.9,False,1,19.9,NETS
PUN-20260612-0193,1,2026-06-12 11:47:41,Punggol,SOK-M-03,Men's Airism Low-Cut Socks,Socks,Men,5.9,5.9,False,2,11.8,Card
PUN-20260612-0778,1,2026-06-12 20:47:18,Punggol,SOK-W-02,Women's Pile Crew Socks,Socks,Women,5.9,5.9,False,1,5.9,NETS
PUN-20260612-0587,1,2026-06-12 15:50:35,Punggol,SOK-W-02,Women's Pile Crew Socks,Socks,Women,5.9,5.9,False,1,5.9,Card
PUN-20260612-0184,1,2026-06-12 13:16:36,Punggol,BTM-M-05,Men's Wide Fit Cargo Pants,Bottoms,Men,26.68,39.9,True,1,26.68,NETS
PUN-20260612-0321,3,2026-06-12 18:43:25,Punggol,SOK-M-03,Men's Airism Low-Cut Socks,Socks,Men,5.9,5.9,False,2,11.8,Cash
ORC-20260612-0624,3,2026-06-12 19:17:46,Orchard Central,BTM-M-08,Men's Relaxed Fit Denim Shorts,Bottoms,Men,29.9,29.9,False,1,29.9,PayNow
PUN-20260612-0541,2,2026-06-12 13:23:56,Punggol,TOP-W-04,Women's Heattech Crew Neck Long Sleeve Tee,Tops,Women,14.9,14.9,False,1,14.9,PayNow
BUG-20260612-0203,2,2026-06-12 19:13:54,bugis,BTM-M-02,  Men's Slim Fit Chino Trousers  ,Bottoms,Men,29.9,29.9,False,1,29.9,Card
PUN-20260612-0273,2,2026-06-12 20:38:55,Punggol,BTM-M-02,Men's Slim Fit Chino Trousers,BOTTOMS,Men,29.9,29.9,False,1,29.9,Card
ORC-20260612-0960,2,2026-06-12 14:55:31,Orchard Central,SOK-W-01,Women's Ankle Socks 3-Pack,Socks,Women,14.9,14.9,False,1,14.9,NETS
ORC-20260612-0782,2,2026-06-12 19:07:38,Orchard Central,SOK-M-05,Men's Sport Ankle Socks,Socks,Men,5.9,5.9,False,2,11.8,Card
ORC-20260612-1296,2,2026-06-12 11:09:14,Orchard Central,BTM-M-08,Men's Relaxed Fit Denim Shorts,Bottoms,Men,29.9,29.9,False,1,29.9,card
BUG-20260612-0369,3,2026-06-12 16:34:32,Bugis,TOP-W-04,Women's Heattech Crew Neck Long Sleeve Tee,Tops,Women,14.9,14.9,False,1,14.9,Paynow
BUG-20260612-0926,1,2026-06-12 19:33:03,Bugis,TOP-W-02,Women's Ribbed Long Sleeve Turtleneck,Tops,Women,19.9,19.9,False,1,19.9,NETS
PUN-20260612-0389,1,2026-06-12 19:53:36,Punggol,SOK-W-04,Women's Ribbed Crew Socks,Socks,Women,5.9,5.9,False,1,5.9,Card
PUN-20260612-0756,1,2026-06-12 20:30:09,Punggol,UND-M-01,Men's Airism Boxer Briefs,Underwear,Men,14.9,14.9,False,1,14.9,Cash
ORC-20260612-0021,2,2026-06-12 20:27:33,ORCHARD CENTRAL,UND-M-04,Men's Cotton Crew Neck Undershirt,Underwear,Men,14.9,14.9,False,1,14.9,Cash
BUG-20260612-0195,2,2026-06-12 12:53:15,Bugis,SOK-W-03,Women's Airism Low-Cut Socks,Socks,Women,5.9,5.9,False,1,5.9,PayNow
BUG-20260612-1183,1,2026-06-12 18:13:43,Bugis,SOK-M-03,Men's Airism Low-Cut Socks,Socks,Men,5.9,5.9,False,1,5.9,NETS
BUG-20260612-0906,2,2026-06-12 13:17:15,bugis,SOK-W-03,Women's Airism Low-Cut Socks,Socks,Women,5.9,5.9,False,1,5.9,Cash
PUN-20260612-0258,3,2026-06-12 19:09:04,Punggol,SOK-W-04,Women's Ribbed Crew Socks,Socks,Women,5.9,5.9,False,1,5.9,CARD
BUG-20260612-0732,1,2026-06-12 19:25:37,Bugis,BTM-M-05,  Men's Wide Fit Cargo Pants  ,bottoms,Men,26.68,39.9,True,1,26.68,CARD
BUG-20260612-0514,1,2026-06-12 20:00:13,Bugis,TOP-W-03,Women's Silky Satin Blouse,Tops,Women,39.9,39.9,False,1,39.9,Card
ORC-20260612-1085,2,2026-06-12 13:57:22,Orchard Central,SOK-M-02,Men's Pile Crew Socks,Socks,Men,5.9,5.9,False,1,5.9,Card
BUG-20260612-0333,1,2026-06-12 21:41:34,Bugis,SOK-M-04,Men's Ribbed Crew Socks,Socks,Men,5.9,5.9,False,1,5.9,PayNow
ORC-20260612-0754,1,2026-06-12 17:13:12,Orchard Central,TOP-W-02,Women's Ribbed Long Sleeve Turtleneck,Tops,Women,19.9,19.9,False,1,19.9,NETS
ORC-20260612-1264,2,2026-06-12 21:53:37,Orchard Central,TOP-W-01,Women's Airism Cotton Crew Neck T-Shirt,Tops,Women,14.9,14.9,False,1,14.9,Cash
ORC-20260612-1059,1,2026-06-12 19:29:16,Orchard Central,UND-W-01,Women's Airism Bikini Shorts,Underwear,Women,9.9,9.9,False,1,$9.9,PayNow
PUN-20260612-0697,2,2026-06-12 21:57:09,Punggol,SOK-W-02,Women's Pile Crew Socks,Socks,Women,5.9,5.9,False,1,5.9,Card
ORC-20260612-1283,1,2026-06-12 20:14:27,  Orchard Central  ,SOK-M-04,Men's Ribbed Crew Socks,Socks,Men,5.9,5.9,False,1,$5.9,PayNow
BUG-20260612-0596,1,2026-06-12 18:53:16,  Bugis  ,SOK-W-03,Women's Airism Low-Cut Socks,Socks,Women,5.9,5.9,False,2,11.8,Card
BUG-20260612-0839,2,2026-06-12 15:44:59,Bugis,UND-W-05,Women's Seamless Shorts,Underwear,women,9.9,9.9,False,2,19.8,Card
BUG-20260612-0675,2,2026-06-12 21:59:16,Bugis,SOK-M-01,Men's Ankle Socks 3-Pack,Socks,Men,14.9,14.9,False,2,29.8,Cash
BUG-20260612-1042,1,2026-06-12 15:39:00,Bugis,SOK-M-01,Men's Ankle Socks 3-Pack,Socks,Men,14.9,14.9,False,1,14.9,Card
PUN-20260612-0676,1,2026-06-12 19:09:27,Punggol,TOP-W-02,Women's Ribbed Long Sleeve Turtleneck,Tops,Women,19.9,19.9,False,1,19.9,paynow
ORC-20260612-0826,2,2026-06-12 12:34:24,Orchard Central,UND-W-07,  Women's Heattech Camisole  ,Underwear,Women,14.9,14.9,False,1,14.9,Paynow
ORC-20260612-1022,1,2026-06-12 20:29:21,Orchard Central,UND-M-10,Men's Cotton Blend Briefs,Underwear,Men,7.42,9.9,True,1,7.42,Card
BUG-20260612-0243,2,2026-06-12 13:04:05,Bugis,SOK-M-01,Men's Ankle Socks 3-Pack,Socks,Men,14.9,14.9,False,2,29.8,Card
PUN-20260612-0828,1,2026-06-12 16:04:01,Punggol,SOK-M-02,Men's Pile Crew Socks,Socks,Men,5.9,5.9,False,1,5.9,PayNow
BUG-20260612-0420,1,2026-06-12 21:49:26,BUGIS,SOK-W-03,Women's Airism Low-Cut Socks,Socks,Women,5.9,5.9,False,1,5.9,PayNow
BUG-20260612-0877,1,2026-06-12 19:50:14,Bugis,SOK-M-02,Men's Pile Crew Socks,Socks,Men,5.9,5.9,False,1,$5.9,PayNow
BUG-20260612-0516,2,2026-06-12 19:44:03,Bugis,SOK-W-02,Women's Pile Crew Socks,Socks,Women,5.9,5.9,False,1,5.9,Card
BUG-20260612-0410,1,2026-06-12 19:33:05,Bugis,UND-M-01,Men's Airism Boxer Briefs,UNDERWEAR,Men,14.9,14.9,False,1,14.9,PayNow
PUN-20260612-0615,1,2026-06-12 19:26:44,Punggol,TOP-W-02,  Women's Ribbed Long Sleeve Turtleneck  ,Tops,Women,19.9,19.9,False,1,19.9,Card
ORC-20260612-0810,2,2026-06-12 21:18:35,Orchard Central,SOK-W-06,Women's Heattech Socks,Socks,women,9.9,9.9,False,2,19.8,card
BUG-20260612-0831,1,2026-06-12 17:53:31,Bugis,BTM-W-03,Women's Ezy Ankle Pants,Bottoms,Women,29.9,29.9,False,1,29.9,Card
BUG-20260612-0461,1,2026-06-12 17:15:34,Bugis,SOK-W-01,  Women's Ankle Socks 3-Pack  ,Socks,Women,14.9,14.9,False,1,14.9,
BUG-20260612-0667,1,2026-06-12 12:55:48,Bugis,SOK-M-03,Men's Airism Low-Cut Socks,socks,Men,5.9,5.9,False,2,11.8,CARD
PUN-20260612-0380,1,2026-06-12 11:46:20,Punggol,BTM-M-01,Men's Ezy Ankle Pants,bottoms,Men,29.9,29.9,False,1,29.9,Card
PUN-20260612-0678,3,2026-06-12 22:11:03,Punggol,TOP-W-03,Women's Silky Satin Blouse,Tops,Women,39.9,39.9,False,1,39.9,PayNow
BUG-20260612-0174,3,2026-06-12 14:19:53,Bugis,TOP-W-04,Women's Heattech Crew Neck Long Sleeve Tee,Tops,Women,14.9,14.9,False,1,14.9,Card
PUN-20260612-0083,3,2026-06-12 19:23:23,Punggol,TOP-W-02,Women's Ribbed Long Sleeve Turtleneck,Tops,Women,19.9,19.9,False,1,19.9,Cash
ORC-20260612-0672,1,2026-06-12 14:54:59,Orchard Central,UND-W-01,Women's Airism Bikini Shorts,Underwear,Women,9.9,9.9,False,1,9.9,Cash
PUN-20260612-0090,1,2026-06-12 17:49:11,Punggol,SOK-W-03,Women's Airism Low-Cut Socks,socks,Women,5.9,5.9,False,1,5.9,PayNow
PUN-20260612-0807,1,2026-06-12 16:55:59,  Punggol  ,TOP-W-04,Women's Heattech Crew Neck Long Sleeve Tee,Tops,Women,14.9,14.9,False,1,14.9,PayNow
PUN-20260612-0126,1,2026-06-12 16:23:51,Punggol,BTM-M-01,Men's Ezy Ankle Pants,Bottoms,Men,29.9,29.9,False,1,29.9,paynow
PUN-20260612-0487,1,2026-06-12 18:52:18,punggol,BTM-W-02,Women's High-Rise Wide Leg Pants,Bottoms,Women,39.9,39.9,False,1,39.9,Card
BUG-20260612-0514,2,2026-06-12 20:00:13,Bugis,UND-W-03,Women's Cotton Blend Briefs,Underwear,Women,9.9,9.9,False,1,9.9,Card
ORC-20260612-0576,2,2026-06-12 21:43:04,Orchard Central,TOP-M-01,  Men's Airism Cotton Crew Neck T-Shirt  ,Tops,Men,14.9,14.9,False,1,14.9,Card
ORC-20260612-0724,3,2026-06-12 21:05:42,Orchard Central,SOK-W-03,  Women's Airism Low-Cut Socks  ,Socks,Women,5.9,5.9,False,1,5.9,Card
BUG-20260612-0811,1,2026-06-12 19:49:19,bugis,SOK-M-04,Men's Ribbed Crew Socks,SOCKS,Men,5.9,5.9,False,2,11.8,NETS
BUG-20260612-0316,3,2026-06-12 13:14:01,Bugis,SOK-M-02,Men's Pile Crew Socks,Socks,Men,5.9,5.9,False,1,5.9,Card
BUG-20260612-1176,2,2026-06-12 16:16:57,Bugis,BTM-M-04,Men's Dry Stretch Shorts,Bottoms,Men,19.9,19.9,False,1,$19.9,PayNow
PUN-20260612-0229,1,2026-06-12 22:28:57,Punggol,TOP-W-01,Women's Airism Cotton Crew Neck T-Shirt,tops,Women,14.9,14.9,False,1,14.9,PayNow
BUG-20260612-0736,2,2026-06-12 21:32:04,Bugis,SOK-M-03,Men's Airism Low-Cut Socks,Socks,Men,5.9,5.9,False,1,5.9,cash
BUG-20260612-0722,2,2026-06-12 14:17:14,Bugis,UND-M-01,Men's Airism Boxer Briefs,Underwear,men,14.9,14.9,False,2,29.8,Card
ORC-20260612-1003,1,2026-06-12 17:40:54,orchard central,BTM-M-03,Men's Selvedge Regular Fit Jeans,Bottoms,Men,59.9,59.9,False,1,59.9,PAYNOW
ORC-20260612-0832,1,2026-06-12 20:49:09,Orchard Central,UND-M-04,Men's Cotton Crew Neck Undershirt,Underwear,Men,14.9,14.9,False,1,$14.9,Card
ORC-20260612-0841,1,2026-06-12 18:47:39,  Orchard Central  ,TOP-W-02,Women's Ribbed Long Sleeve Turtleneck,Tops,Women,19.9,19.9,False,1,19.9,Card
BUG-20260612-0072,1,2026-06-12 21:14:46,Bugis,BTM-M-01,Men's Ezy Ankle Pants,Bottoms,Men,29.9,29.9,False,1,29.9,paynow
PUN-20260612-0586,2,2026-06-12 22:53:29,Punggol,SOK-M-03,Men's Airism Low-Cut Socks,Socks,Men,5.9,5.9,False,2,11.8,paynow
BUG-20260612-1179,1,2026-06-12 18:23:15,Bugis,UND-W-09,Women's Cotton Boyshorts,UNDERWEAR,Women,9.9,9.9,False,2,19.8,PayNow
BUG-20260612-0807,1,2026-06-12 20:49:34,  Bugis  ,SOK-W-03,Women's Airism Low-Cut Socks,SOCKS,Women,5.9,5.9,False,1,5.9,Card
ORC-20260612-1191,1,2026-06-12 21:56:42,Orchard Central,SOK-W-03,  Women's Airism Low-Cut Socks  ,Socks,Women,5.9,5.9,False,1,5.9,Cash
PUN-20260612-0772,3,2026-06-12 16:15:33,Punggol,SOK-W-02,Women's Pile Crew Socks,Socks,Women,5.9,5.9,False,1,5.9,card
ORC-20260612-0959,3,2026-06-12 21:44:05,Orchard Central,TOP-M-01,Men's Airism Cotton Crew Neck T-Shirt,Tops,Men,14.9,14.9,False,1,14.9,PayNow
ORC-20260612-1211,2,2026-06-12 18:53:00,Orchard Central,SOK-M-04,Men's Ribbed Crew Socks,Socks,Men,5.9,5.9,False,1,5.9,Cash
BUG-20260612-0569,1,2026-06-12 18:21:37,Bugis,SOK-W-03,Women's Airism Low-Cut Socks,Socks,Women,5.9,5.9,False,1,5.9,Card
BUG-20260612-0578,2,2026-06-12 16:06:40,Bugis,SOK-W-03,Women's Airism Low-Cut Socks,Socks,Women,5.9,5.9,False,1,5.9,NETS
ORC-20260612-0682,2,2026-06-12 18:55:46,Orchard Central,SOK-W-03,Women's Airism Low-Cut Socks,Socks,women,5.9,5.9,False,1,5.9,PayNow
PUN-20260612-0265,3,2026-06-12 11:20:28,Punggol,TOP-M-04,Men's Oxford Long Sleeve Shirt,Tops,Men,29.9,29.9,False,1,29.9,NETS
PUN-20260612-0622,2,2026-06-12 20:33:33,Punggol,TOP-W-03,Women's Silky Satin Blouse,Tops,Women,39.9,39.9,False,1,39.9,CARD
PUN-20260612-0218,1,2026-06-12 14:25:33,Punggol,SOK-W-01,  Women's Ankle Socks 3-Pack  ,Socks,Women,14.9,14.9,False,2,29.8,Card
PUN-20260612-0384,2,2026-06-12 22:22:56,Punggol,TOP-M-01,Men's Airism Cotton Crew Neck T-Shirt,Tops,Men,14.9,14.9,False,1,14.9,Card
BUG-20260612-0448,1,2026-06-12 11:27:42,Bugis,UND-W-03,Women's Cotton Blend Briefs,Underwear,Women,9.9,9.9,False,1,9.9,NETS
BUG-20260612-0136,3,2026-06-12 21:21:04,Bugis,UND-M-07,Men's Stretch Cotton Boxers,underwear,Men,14.9,14.9,False,1,14.9,NETS
PUN-20260612-0172,2,2026-06-12 11:34:21,Punggol,UND-W-10,Women's Wireless Bralette,Underwear,Women,29.9,29.9,False,2,59.8,PayNow
ORC-20260612-0016,3,2026-06-12 12:59:58,Orchard Central,SOK-W-06,Women's Heattech Socks,Socks,Women,9.9,9.9,False,1,9.9,Card
ORC-20260612-0832,3,2026-06-12 20:49:09,Orchard Central,UND-W-03,,Underwear,Women,9.9,9.9,False,1,9.9,CARD
PUN-20260612-0584,2,2026-06-12 19:44:12,  Punggol  ,SOK-M-01,Men's Ankle Socks 3-Pack,Socks,Men,14.9,14.9,False,1,14.9,CARD
BUG-20260612-0863,2,2026-06-12 20:12:42,Bugis,BTM-M-01,Men's Ezy Ankle Pants,Bottoms,Men,29.9,29.9,False,1,29.9,Card
PUN-20260612-0401,2,2026-06-12 15:29:19,Punggol,UND-M-02,Men's Cotton Blend Trunks,Underwear,Men,14.9,14.9,False,1,14.9,Card
ORC-20260612-1260,3,2026-06-12 18:29:06,Orchard Central,BTM-M-01,Men's Ezy Ankle Pants,Bottoms,Men,29.9,29.9,False,1,29.9,Card
PUN-20260612-0665,2,2026-06-12 20:27:19,Punggol,UND-W-01,Women's Airism Bikini Shorts,Underwear,Women,9.9,9.9,False,1,$9.9,Cash
BUG-20260612-0360,1,2026-06-12 11:14:41,BUGIS,UND-W-09,Women's Cotton Boyshorts,Underwear,Women,9.9,9.9,False,2,19.8,PayNow
BUG-20260612-0936,3,2026-06-12 19:55:04,Bugis,SOK-W-01,Women's Ankle Socks 3-Pack,Socks,Women,14.9,14.9,False,1,14.9,PayNow
ORC-20260612-0122,3,2026-06-12 22:07:10,Orchard Central,UND-M-03,Men's Airism Mesh Boxer Briefs,Underwear,men,14.9,14.9,False,1,14.9,paynow
BUG-20260612-1139,3,2026-06-12 21:14:54,Bugis,BTM-W-01,Women's Ultra Stretch Skinny Jeans,Bottoms,Women,39.9,39.9,False,1,39.9,PayNow
PUN-20260612-0219,1,2026-06-12 13:34:35,Punggol,SOK-W-04,Women's Ribbed Crew Socks,Socks,Women,5.9,5.9,False,1,5.9,PayNow
BUG-20260612-0946,1,2026-06-12 18:04:24,bugis,UND-W-03,Women's Cotton Blend Briefs,Underwear,Women,9.9,9.9,False,1,9.9,PayNow
ORC-20260612-0094,3,2026-06-12 18:17:21,Orchard Central,TOP-W-03,Women's Silky Satin Blouse,Tops,Women,39.9,39.9,False,1,39.9,PayNow
PUN-20260612-0200,3,2026-06-12 15:26:30,Punggol,SOK-M-08,Men's Cotton Blend Dress Socks,Socks,men,9.9,9.9,False,2,19.8,Paynow
ORC-20260612-0002,2,2026-06-12 17:08:37,Orchard Central,BTM-W-09,Women's Sweat Shorts,Bottoms,Women,19.9,19.9,False,1,19.9,Card
ORC-20260612-0919,1,2026-06-12 20:02:57,Orchard Central,SOK-W-06,Women's Heattech Socks,Socks,Women,9.9,9.9,False,2,19.8,Card
ORC-20260612-0555,1,2026-06-12 16:09:16,Orchard Central,SOK-M-08,Men's Cotton Blend Dress Socks,Socks,MEN,9.9,9.9,False,1,9.9,NETS
PUN-20260612-0071,1,2026-06-12 19:05:41,Punggol,BTM-M-09,Men's Linen Blend Trousers,Bottoms,Men,39.9,39.9,False,1,39.9,NETS
BUG-20260612-0452,1,2026-06-12 19:32:12,Bugis,TOP-M-01,Men's Airism Cotton Crew Neck T-Shirt,Tops,Men,14.9,14.9,False,1,14.9,Card
PUN-20260612-0696,3,2026-06-12 14:58:07,Punggol,BTM-W-02,Women's High-Rise Wide Leg Pants,Bottoms,Women,39.9,39.9,False,1,39.9,Card
ORC-20260612-0534,1,2026-06-12 14:53:10,Orchard Central,UND-M-02,Men's Cotton Blend Trunks,Underwear,Men,14.9,14.9,False,1,14.9,Card
ORC-20260612-0016,1,2026-06-12 12:59:58,Orchard Central,TOP-W-04,Women's Heattech Crew Neck Long Sleeve Tee,Tops,Women,14.9,14.9,False,1,14.9,Card
PUN-20260612-0164,1,2026-06-12 20:36:18,Punggol,SOK-W-03,Women's Airism Low-Cut Socks,Socks,Women,5.9,5.9,False,1,5.9,Card
PUN-20260612-0043,2,2026-06-12 18:17:17,Punggol,SOK-W-02,Women's Pile Crew Socks,Socks,Women,5.9,5.9,False,1,5.9,NETS
ORC-20260612-0659,1,2026-06-12 18:18:10,  Orchard Central  ,UND-W-08,Women's Airism Camisole,Underwear,Women,14.9,14.9,False,1,14.9,PayNow
BUG-20260612-0002,2,2026-06-12 11:36:31,Bugis,UND-M-03,Men's Airism Mesh Boxer Briefs,Underwear,Men,14.9,14.9,False,2,29.8,Cash
ORC-20260612-0408,1,2026-06-12 18:42:14,  Orchard Central  ,UND-M-03,Men's Airism Mesh Boxer Briefs,Underwear,Men,14.9,14.9,False,1,14.9,PayNow
PUN-20260612-0269,2,2026-06-12 17:56:37,Punggol,BTM-M-01,Men's Ezy Ankle Pants,Bottoms,Men,29.9,29.9,False,1,29.9,Card
ORC-20260612-1163,1,2026-06-12 17:08:12,ORCHARD CENTRAL,SOK-W-02,Women's Pile Crew Socks,Socks,women,5.9,5.9,False,1,5.9,Cash
BUG-20260612-1200,1,2026-06-12 17:02:45,Bugis,TOP-M-02,  Men's Supima Cotton Polo Shirt  ,Tops,Men,29.9,29.9,False,1,29.9,PayNow
ORC-20260612-0442,3,2026-06-12 18:15:29,Orchard Central,BTM-W-10,Women's High Waist Denim Shorts,Bottoms,Women,29.9,29.9,False,1,29.9,Card
BUG-20260612-1065,2,2026-06-12 14:42:41,Bugis,UND-W-03,Women's Cotton Blend Briefs,Underwear,Women,9.9,9.9,False,1,9.9,Card
ORC-20260612-0866,3,2026-06-12 18:50:25,Orchard Central,BTM-M-01,Men's Ezy Ankle Pants,Bottoms,Men,29.9,29.9,False,1,29.9,Paynow
ORC-20260612-0756,1,2026-06-12 20:50:40,Orchard Central,UND-W-04,Women's Airism T-Shirt Bra,underwear,women,29.9,29.9,False,1,29.9,Card
BUG-20260612-1142,1,2026-06-12 22:18:49,Bugis,SOK-W-01,Women's Ankle Socks 3-Pack,Socks,Women,14.9,14.9,False,1,14.9,Cash
ORC-20260612-1018,2,2026-06-12 18:05:02,  Orchard Central  ,UND-M-01,Men's Airism Boxer Briefs,Underwear,Men,14.9,14.9,False,1,14.9,Card
PUN-20260612-0737,2,2026-06-12 14:13:56,Punggol,TOP-W-01,Women's Airism Cotton Crew Neck T-Shirt,Tops,Women,14.9,14.9,False,1,14.9,Cash
ORC-20260612-1072,3,2026-06-12 15:28:52,Orchard Central,UND-M-02,Men's Cotton Blend Trunks,Underwear,Men,14.9,14.9,False,1,14.9,PayNow
ORC-20260612-0280,1,2026-06-12 17:29:47,orchard central,UND-M-05,  Men's Seamless Boxer Briefs  ,Underwear,Men,14.9,14.9,False,1,14.9,Cash
BUG-20260612-1017,2,2026-06-12 18:21:15,bugis,BTM-M-02,Men's Slim Fit Chino Trousers,Bottoms,Men,29.9,29.9,False,1,29.9,Card
ORC-20260612-0424,1,2026-06-12 15:45:58,  Orchard Central  ,BTM-M-04,Men's Dry Stretch Shorts,Bottoms,Men,19.9,19.9,False,1,19.9,PayNow
PUN-20260612-0277,1,2026-06-12 19:40:31,Punggol,SOK-W-02,Women's Pile Crew Socks,Socks,Women,5.9,5.9,False,1,5.9,PayNow
ORC-20260612-0158,3,2026-06-12 18:07:14,Orchard Central,TOP-W-04,Women's Heattech Crew Neck Long Sleeve Tee,Tops,Women,14.9,14.9,False,1,14.9,Card
BUG-20260612-1104,2,2026-06-12 17:14:16,BUGIS,SOK-M-05,Men's Sport Ankle Socks,Socks,Men,5.9,5.9,False,2,11.8,paynow
BUG-20260612-0825,2,2026-06-12 19:00:11,  Bugis  ,UND-M-02,Men's Cotton Blend Trunks,Underwear,Men,14.9,14.9,False,1,14.9,Cash
PUN-20260612-0113,1,2026-06-12 18:45:46,Punggol,UND-W-03,Women's Cotton Blend Briefs,Underwear,Women,9.9,9.9,False,1,9.9,Card
ORC-20260612-1165,1,2026-06-12 21:39:17,Orchard Central,UND-M-07,Men's Stretch Cotton Boxers,Underwear,Men,14.9,14.9,False,2,29.8,PayNow
PUN-20260612-0359,3,2026-06-12 15:46:04,punggol,SOK-M-04,Men's Ribbed Crew Socks,Socks,Men,5.9,5.9,False,2,11.8,PayNow
PUN-20260612-0632,1,2026-06-12 18:45:51,Punggol,UND-W-04,Women's Airism T-Shirt Bra,Underwear,Women,29.9,29.9,False,1,29.9,Card
PUN-20260612-0757,2,2026-06-12 19:03:51,Punggol,TOP-W-04,Women's Heattech Crew Neck Long Sleeve Tee,Tops,Women,14.9,14.9,False,1,14.9,Card
ORC-20260612-0747,2,2026-06-12 17:22:24,  Orchard Central  ,UND-W-03,Women's Cotton Blend Briefs,Underwear,Women,$9.9,9.9,False,1,9.9,Cash
ORC-20260612-0542,1,2026-06-12 14:29:11,orchard central,BTM-M-02,  Men's Slim Fit Chino Trousers  ,bottoms,Men,29.9,29.9,False,1,29.9,PayNow
ORC-20260612-0030,3,2026-06-12 17:36:33,Orchard Central,TOP-M-01,Men's Airism Cotton Crew Neck T-Shirt,Tops,men,14.9,14.9,False,1,14.9,Cash
BUG-20260612-0962,3,2026-06-12 21:13:49,BUGIS,TOP-W-01,Women's Airism Cotton Crew Neck T-Shirt,tops,Women,14.9,14.9,False,1,14.9,NETS
PUN-20260612-0396,1,2026-06-12 21:34:18,Punggol,UND-W-01,Women's Airism Bikini Shorts,Underwear,Women,9.9,9.9,False,1,9.9,Card
BUG-20260612-0508,2,2026-06-12 13:41:46,Bugis,TOP-W-02,Women's Ribbed Long Sleeve Turtleneck,Tops,Women,19.9,19.9,False,1,19.9,Card
BUG-20260612-0536,2,2026-06-12 15:34:41,bugis,SOK-W-03,  Women's Airism Low-Cut Socks  ,Socks,women,5.9,5.9,False,1,$5.9,PayNow
ORC-20260612-1221,2,2026-06-12 18:55:56,Orchard Central,UND-M-02,Men's Cotton Blend Trunks,Underwear,Men,14.9,14.9,False,1,14.9,PayNow
BUG-20260612-0277,1,2026-06-12 18:49:15,Bugis,TOP-W-03,Women's Silky Satin Blouse,Tops,women,39.9,39.9,False,1,39.9,PayNow
PUN-20260612-0546,1,2026-06-12 11:10:35,Punggol,SOK-W-03,Women's Airism Low-Cut Socks,Socks,Women,5.9,5.9,False,1,5.9,Cash
PUN-20260612-0730,1,2026-06-12 20:00:32,PUNGGOL,UND-W-03,Women's Cotton Blend Briefs,Underwear,women,9.9,9.9,False,1,$9.9,PayNow
BUG-20260612-1184,2,2026-06-12 18:24:50,Bugis,SOK-W-03,Women's Airism Low-Cut Socks,Socks,Women,5.9,5.9,False,2,11.8,PAYNOW
ORC-20260612-1236,1,2026-06-12 20:12:01,Orchard Central,TOP-M-01,Men's Airism Cotton Crew Neck T-Shirt,Tops,Men,14.9,14.9,False,1,14.9,NETS
BUG-20260612-0221,3,2026-06-12 20:44:50,Bugis,TOP-W-04,  Women's Heattech Crew Neck Long Sleeve Tee  ,Tops,WOMEN,14.9,14.9,False,1,14.9,Card
BUG-20260612-0568,1,2026-06-12 17:24:40,Bugis,TOP-M-03,Men's Dry-EX Crew Neck T-Shirt,Tops,Men,19.9,19.9,False,1,19.9,Card
PUN-20260612-0434,2,2026-06-12 17:18:55,Punggol,TOP-M-08,Men's Linen Blend Short Sleeve Shirt,Tops,Men,$29.9,29.9,False,1,29.9,NETS
PUN-20260612-0673,3,2026-06-12 15:28:47,Punggol,TOP-M-03,Men's Dry-EX Crew Neck T-Shirt,TOPS,men,19.9,19.9,False,1,19.9,Cash
BUG-20260612-0618,3,2026-06-12 21:06:18,  Bugis  ,SOK-M-04,Men's Ribbed Crew Socks,Socks,Men,5.9,5.9,False,2,11.8,Card
BUG-20260612-0010,2,2026-06-12 11:22:52,Bugis,SOK-M-06,Men's Heattech Socks,Socks,Men,9.9,9.9,False,1,9.9,NETS
ORC-20260612-0137,1,2026-06-12 21:47:40,Orchard Central,SOK-W-04,Women's Ribbed Crew Socks,Socks,Women,5.9,5.9,False,1,5.9,Card
ORC-20260612-0408,2,2026-06-12 18:42:14,Orchard Central,SOK-M-04,Men's Ribbed Crew Socks,Socks,Men,5.9,5.9,False,1,5.9,PayNow
BUG-20260612-0386,1,2026-06-12 18:49:03,Bugis,TOP-W-04,Women's Heattech Crew Neck Long Sleeve Tee,Tops,Women,14.9,14.9,False,1,14.9,Card
ORC-20260612-1105,2,2026-06-12 18:30:56,Orchard Central,UND-W-01,  Women's Airism Bikini Shorts  ,Underwear,Women,9.9,9.9,False,1,9.9,Card
BUG-20260612-0431,3,2026-06-12 20:26:33,Bugis,SOK-W-04,Women's Ribbed Crew Socks,Socks,Women,5.9,5.9,False,1,5.9,Card
BUG-20260612-0478,2,2026-06-12 15:02:07,Bugis,UND-W-07,Women's Heattech Camisole,Underwear,Women,14.9,14.9,False,2,29.8,NETS
PUN-20260612-0224,1,2026-06-12 20:17:29,Punggol,UND-W-03,Women's Cotton Blend Briefs,Underwear,Women,9.9,9.9,False,1,9.9,PayNow
BUG-20260612-0567,1,2026-06-12 22:16:24,Bugis,SOK-M-01,Men's Ankle Socks 3-Pack,Socks,Men,14.9,14.9,False,2,29.8,Card
PUN-20260612-0402,2,2026-06-12 20:47:31,Punggol,TOP-W-04,  Women's Heattech Crew Neck Long Sleeve Tee  ,Tops,women,14.9,14.9,False,1,14.9,Card
BUG-20260612-1160,1,2026-06-12 12:38:36,Bugis,SOK-M-04,Men's Ribbed Crew Socks,Socks,Men,5.9,5.9,False,1,5.9,Card
PUN-20260612-0809,1,2026-06-12 16:33:23,Punggol,UND-W-03,Women's Cotton Blend Briefs,underwear,women,9.9,9.9,False,1,9.9,CASH
BUG-20260612-0825,1,2026-06-12 19:00:11,Bugis,SOK-W-04,  Women's Ribbed Crew Socks  ,Socks,Women,5.9,5.9,False,1,5.9,Cash
PUN-20260612-0666,1,2026-06-12 17:06:28,Punggol,TOP-M-03,Men's Dry-EX Crew Neck T-Shirt,Tops,Men,19.9,19.9,False,1,19.9,PayNow
BUG-20260612-0068,2,2026-06-12 21:32:25,Bugis,SOK-W-02,Women's Pile Crew Socks,Socks,Women,5.9,5.9,False,1,5.9,Card
ORC-20260612-0909,3,2026-06-12 20:53:03,Orchard Central,UND-M-02,Men's Cotton Blend Trunks,Underwear,Men,14.9,14.9,False,1,14.9,Cash
ORC-20260612-0696,2,2026-06-12 13:48:24,Orchard Central,UND-M-02,Men's Cotton Blend Trunks,Underwear,Men,14.9,14.9,False,1,14.9,Cash
PUN-20260612-0415,2,2026-06-12 21:15:31,Punggol,SOK-W-03,  Women's Airism Low-Cut Socks  ,Socks,Women,5.9,5.9,False,1,5.9,PayNow
ORC-20260612-1133,3,2026-06-12 11:19:48,Orchard Central,SOK-W-02,Women's Pile Crew Socks,Socks,Women,5.9,5.9,False,1,5.9,card
ORC-20260612-0552,1,2026-06-12 17:37:27,Orchard Central,SOK-M-04,Men's Ribbed Crew Socks,Socks,Men,5.9,5.9,False,1,5.9,PayNow
BUG-20260612-1174,1,2026-06-12 17:30:01,Bugis,BTM-M-01,Men's Ezy Ankle Pants,Bottoms,Men,29.9,29.9,False,1,29.9,Cash
PUN-20260612-0457,1,2026-06-12 20:40:14,punggol,SOK-M-02,Men's Pile Crew Socks,Socks,Men,5.9,5.9,False,1,5.9,Card
ORC-20260612-0901,1,2026-06-12 21:35:56,  orchard central  ,TOP-W-03,Women's Silky Satin Blouse,Tops,WOMEN,$39.9,39.9,False,1,39.9,Cash
ORC-20260612-1043,2,2026-06-12 12:35:39,Orchard Central,UND-M-04,Men's Cotton Crew Neck Undershirt,Underwear,Men,14.9,14.9,False,1,14.9,Card
ORC-20260612-0282,3,2026-06-12 18:34:42,Orchard Central,TOP-W-03,Women's Silky Satin Blouse,tops,Women,39.9,39.9,False,1,39.9,PAYNOW
BUG-20260612-0068,1,2026-06-12 21:32:25,Bugis,SOK-W-04,Women's Ribbed Crew Socks,Socks,Women,5.9,5.9,False,1,5.9,CARD
ORC-20260612-0398,1,2026-06-12 15:51:07,Orchard Central,SOK-M-02,  Men's Pile Crew Socks  ,Socks,MEN,5.9,5.9,False,2,11.8,PayNow
BUG-20260612-0170,1,2026-06-12 14:27:24,Bugis,SOK-M-02,Men's Pile Crew Socks,socks,men,5.9,5.9,False,2,11.8,Card
BUG-20260612-0441,1,2026-06-12 19:30:55,Bugis,TOP-W-01,Women's Airism Cotton Crew Neck T-Shirt,Tops,Women,14.9,14.9,False,1,14.9,Card
BUG-20260612-0318,1,2026-06-12 19:38:37,Bugis,UND-W-03,Women's Cotton Blend Briefs,Underwear,Women,9.9,9.9,False,1,9.9,Card
ORC-20260612-0163,3,2026-06-12 19:15:48,Orchard Central,UND-M-07,Men's Stretch Cotton Boxers,Underwear,Men,14.9,14.9,False,1,14.9,Cash
ORC-20260612-0249,1,2026-06-12 13:11:04,Orchard Central,SOK-W-02,Women's Pile Crew Socks,SOCKS,Women,5.9,5.9,False,1,5.9,Cash
PUN-20260612-0435,1,2026-06-12 19:39:07,  Punggol  ,SOK-M-02,Men's Pile Crew Socks,Socks,Men,5.9,5.9,False,1,5.9,Card
PUN-20260612-0462,3,2026-06-12 17:19:33,Punggol,BTM-M-01,Men's Ezy Ankle Pants,Bottoms,Men,29.9,29.9,False,1,29.9,NETS
PUN-20260612-0001,1,2026-06-12 20:34:29,  Punggol  ,TOP-W-03,Women's Silky Satin Blouse,TOPS,Women,39.9,39.9,False,1,39.9,Card
BUG-20260612-0729,2,2026-06-12 14:01:15,Bugis,TOP-W-04,Women's Heattech Crew Neck Long Sleeve Tee,Tops,WOMEN,14.9,14.9,False,1,14.9,PayNow
ORC-20260612-0647,1,2026-06-12 17:10:52,Orchard Central,SOK-W-04,Women's Ribbed Crew Socks,Socks,Women,5.9,5.9,False,1,5.9,PayNow
BUG-20260612-0305,2,2026-06-12 20:56:41,Bugis,SOK-M-03,  Men's Airism Low-Cut Socks  ,Socks,Men,5.9,5.9,False,1,5.9,Card
ORC-20260612-0510,2,2026-06-12 22:39:56,Orchard Central,SOK-M-03,Men's Airism Low-Cut Socks,Socks,Men,5.9,5.9,False,1,5.9,PayNow
ORC-20260612-0903,2,2026-06-12 12:17:10,Orchard Central,UND-W-01,Women's Airism Bikini Shorts,Underwear,Women,9.9,9.9,False,1,9.9,PayNow
ORC-20260612-0300,3,2026-06-12 18:33:11,Orchard Central,UND-W-03,  Women's Cotton Blend Briefs  ,Underwear,Women,9.9,9.9,False,2,19.8,Card
BUG-20260612-1219,1,2026-06-12 20:14:00,Bugis,UND-M-01,Men's Airism Boxer Briefs,Underwear,Men,14.9,14.9,False,1,14.9,Card
BUG-20260612-0835,2,2026-06-12 21:54:24,  Bugis  ,BTM-M-05,Men's Wide Fit Cargo Pants,Bottoms,Men,26.68,39.9,True,1,26.68,Card
BUG-20260612-0941,2,2026-06-12 17:58:21,Bugis,SOK-W-04,Women's Ribbed Crew Socks,Socks,Women,5.9,5.9,False,1,5.9,cash
PUN-20260612-0075,1,2026-06-12 16:47:07,Punggol,BTM-W-03,Women's Ezy Ankle Pants,Bottoms,WOMEN,29.9,29.9,False,1,29.9,PayNow
BUG-20260612-0496,3,2026-06-12 20:24:06,Bugis,SOK-M-01,Men's Ankle Socks 3-Pack,Socks,Men,14.9,14.9,False,1,14.9,NETS
ORC-20260612-0083,2,2026-06-12 18:41:10,Orchard Central,SOK-M-03,Men's Airism Low-Cut Socks,socks,Men,5.9,5.9,False,1,5.9,NETS
PUN-20260612-0091,2,2026-06-12 21:35:07,Punggol,TOP-W-02,  Women's Ribbed Long Sleeve Turtleneck  ,Tops,Women,19.9,19.9,False,1,19.9,Cash
ORC-20260612-1063,3,2026-06-12 17:49:53,Orchard Central,SOK-M-03,  Men's Airism Low-Cut Socks  ,Socks,Men,5.9,5.9,False,1,5.9,Card
BUG-20260612-0028,2,2026-06-12 20:41:27,  Bugis  ,SOK-M-01,Men's Ankle Socks 3-Pack,Socks,Men,14.9,14.9,False,1,14.9,Card
BUG-20260612-0033,1,2026-06-12 19:59:36,Bugis,SOK-W-03,Women's Airism Low-Cut Socks,Socks,Women,5.9,5.9,False,2,11.8,NETS
ORC-20260612-0380,2,2026-06-12 18:05:56,Orchard Central,BTM-W-01,Women's Ultra Stretch Skinny Jeans,Bottoms,Women,39.9,39.9,False,1,39.9,nets
PUN-20260612-0056,2,2026-06-12 21:55:29,  Punggol  ,TOP-W-01,  Women's Airism Cotton Crew Neck T-Shirt  ,Tops,Women,14.9,14.9,False,1,14.9,Card
BUG-20260612-1030,1,2026-06-12 20:39:20,BUGIS,UND-M-04,  Men's Cotton Crew Neck Undershirt  ,UNDERWEAR,Men,14.9,14.9,False,1,14.9,NETS
ORC-20260612-0994,1,2026-06-12 19:47:45,Orchard Central,SOK-M-02,Men's Pile Crew Socks,Socks,Men,5.9,5.9,False,2,11.8,PAYNOW
ORC-20260612-0881,1,2026-06-12 17:04:06,Orchard Central,TOP-M-01,Men's Airism Cotton Crew Neck T-Shirt,Tops,Men,14.9,14.9,False,1,14.9,NETS
PUN-20260612-0438,1,2026-06-12 18:11:17,Punggol,TOP-W-04,Women's Heattech Crew Neck Long Sleeve Tee,Tops,Women,14.9,14.9,False,1,14.9,PayNow
PUN-20260612-0617,3,2026-06-12 16:45:33,Punggol,SOK-W-03,Women's Airism Low-Cut Socks,Socks,Women,5.9,5.9,False,1,5.9,PayNow
ORC-20260612-0891,2,2026-06-12 18:57:17,Orchard Central,UND-M-07,  Men's Stretch Cotton Boxers  ,Underwear,Men,14.9,14.9,False,2,29.8,Card
BUG-20260612-1221,3,2026-06-12 21:40:45,Bugis,UND-M-03,Men's Airism Mesh Boxer Briefs,Underwear,Men,14.9,14.9,False,1,14.9,card
ORC-20260612-0200,3,2026-06-12 13:18:12,Orchard Central,TOP-W-08,Women's Puff Sleeve Blouse,Tops,Women,20.35,29.9,True,1,20.35,paynow
BUG-20260612-0150,3,2026-06-12 19:54:29,bugis,UND-M-02,Men's Cotton Blend Trunks,Underwear,men,14.9,14.9,False,1,14.9,Card
ORC-20260612-0988,1,2026-06-12 17:41:27,Orchard Central,SOK-W-02,Women's Pile Crew Socks,Socks,WOMEN,5.9,5.9,False,1,5.9,CASH
PUN-20260612-0721,1,2026-06-12 19:47:20,Punggol,TOP-M-02,Men's Supima Cotton Polo Shirt,Tops,Men,29.9,29.9,False,1,29.9,CARD
ORC-20260612-0679,3,2026-06-12 16:46:47,Orchard Central,SOK-W-03,Women's Airism Low-Cut Socks,Socks,Women,5.9,5.9,False,1,5.9,Card
BUG-20260612-0866,1,2026-06-12 21:22:09,Bugis,SOK-M-01,Men's Ankle Socks 3-Pack,Socks,MEN,14.9,14.9,False,1,14.9,Card
PUN-20260612-0760,1,2026-06-12 18:55:46,Punggol,UND-W-01,Women's Airism Bikini Shorts,UNDERWEAR,Women,9.9,9.9,False,1,9.9,PayNow
BUG-20260612-0594,1,2026-06-12 17:04:38,Bugis,UND-M-04,Men's Cotton Crew Neck Undershirt,Underwear,Men,14.9,14.9,False,1,14.9,Cash
BUG-20260612-0027,1,2026-06-12 21:38:16,Bugis,SOK-W-02,Women's Pile Crew Socks,Socks,Women,5.9,5.9,False,1,5.9,PayNow
PUN-20260612-0515,1,2026-06-12 19:31:46,Punggol,SOK-M-02,  Men's Pile Crew Socks  ,Socks,Men,5.9,5.9,False,1,5.9,cash
ORC-20260612-0683,2,2026-06-12 17:13:25,Orchard Central,SOK-W-02,Women's Pile Crew Socks,Socks,Women,5.9,5.9,False,1,5.9,Card
BUG-20260612-1236,1,2026-06-12 16:50:56,Bugis,UND-M-04,  Men's Cotton Crew Neck Undershirt  ,Underwear,Men,14.9,14.9,False,1,14.9,PayNow
BUG-20260612-1162,2,2026-06-12 16:19:49,  Bugis  ,SOK-M-01,Men's Ankle Socks 3-Pack,Socks,Men,14.9,14.9,False,2,29.8,Card
BUG-20260612-0686,3,2026-06-12 20:45:23,BUGIS,SOK-M-03,Men's Airism Low-Cut Socks,Socks,Men,5.9,5.9,False,1,5.9,Cash
ORC-20260612-0078,1,2026-06-12 21:08:47,Orchard Central,UND-M-03,Men's Airism Mesh Boxer Briefs,Underwear,men,14.9,14.9,False,1,14.9,PayNow
BUG-20260612-1055,1,2026-06-12 16:56:19,  Bugis  ,TOP-W-04,Women's Heattech Crew Neck Long Sleeve Tee,Tops,Women,14.9,14.9,False,1,$14.9,Nets
BUG-20260612-0309,1,2026-06-12 19:59:44,Bugis,TOP-M-04,Men's Oxford Long Sleeve Shirt,Tops,Men,29.9,29.9,False,1,29.9,Card
ORC-20260612-1081,1,2026-06-12 15:49:42,Orchard Central,SOK-M-02,Men's Pile Crew Socks,Socks,Men,5.9,5.9,False,1,5.9,cash
PUN-20260612-0500,1,2026-06-12 19:51:34,Punggol,UND-W-03,Women's Cotton Blend Briefs,Underwear,Women,9.9,9.9,False,1,9.9,card
PUN-20260612-0462,1,2026-06-12 17:19:33,  Punggol  ,UND-M-02,Men's Cotton Blend Trunks,Underwear,Men,14.9,14.9,False,1,14.9,NETS
ORC-20260612-0072,1,2026-06-12 15:29:50,ORCHARD CENTRAL,SOK-M-01,Men's Ankle Socks 3-Pack,Socks,Men,14.9,14.9,False,1,14.9,Card
BUG-20260612-0300,1,2026-06-12 11:59:22,Bugis,UND-M-04,Men's Cotton Crew Neck Undershirt,Underwear,Men,14.9,14.9,False,1,14.9,PayNow
PUN-20260612-0674,1,2026-06-12 11:19:02,Punggol,TOP-M-03,Men's Dry-EX Crew Neck T-Shirt,Tops,Men,19.9,19.9,False,1,19.9,Card
BUG-20260612-0539,3,2026-06-12 20:36:56,bugis,UND-M-03,Men's Airism Mesh Boxer Briefs,Underwear,Men,14.9,14.9,False,1,14.9,Cash
BUG-20260612-0871,2,2026-06-12 20:55:12,Bugis,BTM-M-01,Men's Ezy Ankle Pants,Bottoms,Men,29.9,29.9,False,1,$29.9,Card
ORC-20260612-0147,3,2026-06-12 14:33:28,Orchard Central,TOP-W-03,Women's Silky Satin Blouse,Tops,Women,39.9,39.9,False,1,39.9,Card
BUG-20260612-0214,1,2026-06-12 16:47:28,  BUGIS  ,SOK-W-03,Women's Airism Low-Cut Socks,Socks,Women,5.9,5.9,False,1,5.9,Card
ORC-20260612-0309,2,2026-06-12 14:08:45,Orchard Central,SOK-M-01,Men's Ankle Socks 3-Pack,Socks,Men,14.9,14.9,False,1,14.9,NETS
ORC-20260612-0440,3,2026-06-12 18:11:53,Orchard Central,UND-M-01,Men's Airism Boxer Briefs,Underwear,Men,14.9,14.9,False,1,14.9,Cash
BUG-20260612-0022,1,2026-06-12 17:50:14,Bugis,SOK-W-03,Women's Airism Low-Cut Socks,Socks,Women,5.9,5.9,False,1,5.9,Card
BUG-20260612-0309,2,2026-06-12 19:59:44,bugis,UND-W-02,  Women's Wireless Bra  ,UNDERWEAR,Women,29.9,29.9,False,2,59.8,Card
BUG-20260612-0980,2,2026-06-12 18:48:14,Bugis,BTM-M-03,Men's Selvedge Regular Fit Jeans,Bottoms,Men,59.9,59.9,False,1,59.9,Card
PUN-20260612-0039,2,2026-06-12 19:55:44,Punggol,SOK-W-02,Women's Pile Crew Socks,SOCKS,Women,5.9,5.9,False,1,5.9,Cash
BUG-20260612-0858,2,2026-06-12 12:27:20,Bugis,SOK-W-04,Women's Ribbed Crew Socks,socks,women,5.9,5.9,False,1,5.9,Card
BUG-20260612-1100,1,2026-06-12 18:47:28,Bugis,TOP-M-01,  Men's Airism Cotton Crew Neck T-Shirt  ,Tops,Men,14.9,14.9,False,1,$14.9,Card
BUG-20260612-0495,1,2026-06-12 13:19:34,Bugis,BTM-M-01,Men's Ezy Ankle Pants,BOTTOMS,Men,29.9,29.9,False,1,29.9,Card
ORC-20260612-0349,3,2026-06-12 13:21:14,orchard central,UND-W-05,  Women's Seamless Shorts  ,Underwear,Women,9.9,9.9,False,1,9.9,NETS
PUN-20260612-0252,1,2026-06-12 14:56:07,Punggol,UND-M-01,Men's Airism Boxer Briefs,Underwear,Men,14.9,14.9,False,1,14.9,Card
BUG-20260612-0115,2,2026-06-12 18:37:10,Bugis,TOP-W-02,Women's Ribbed Long Sleeve Turtleneck,tops,Women,19.9,19.9,False,1,19.9,NETS
PUN-20260612-0060,2,2026-06-12 17:07:31,Punggol,BTM-M-04,  Men's Dry Stretch Shorts  ,Bottoms,Men,19.9,19.9,False,1,19.9,Card
BUG-20260612-0134,1,2026-06-12 15:55:52,Bugis,SOK-W-04,Women's Ribbed Crew Socks,Socks,Women,5.9,5.9,False,2,11.8,Card
BUG-20260612-0938,2,2026-06-12 21:21:33,Bugis,SOK-W-03,Women's Airism Low-Cut Socks,Socks,Women,5.9,5.9,False,1,5.9,Card
PUN-20260612-0255,2,2026-06-12 19:45:44,PUNGGOL,SOK-W-02,Women's Pile Crew Socks,Socks,women,5.9,5.9,False,1,5.9,PayNow
BUG-20260612-0175,2,2026-06-12 21:12:16,Bugis,SOK-W-01,Women's Ankle Socks 3-Pack,Socks,Women,14.9,14.9,False,1,14.9,Nets
BUG-20260612-1052,2,2026-06-12 19:46:56,Bugis,UND-M-02,Men's Cotton Blend Trunks,Underwear,Men,14.9,14.9,False,1,14.9,Cash
BUG-20260612-0834,1,2026-06-12 21:44:52,Bugis,TOP-W-03,Women's Silky Satin Blouse,Tops,Women,39.9,39.9,False,1,39.9,Card
ORC-20260612-1141,3,2026-06-12 20:23:17,Orchard Central,BTM-M-02,  Men's Slim Fit Chino Trousers  ,Bottoms,MEN,29.9,29.9,False,1,29.9,NETS
PUN-20260612-0813,2,2026-06-12 15:56:44,punggol,UND-M-02,Men's Cotton Blend Trunks,Underwear,Men,14.9,14.9,False,1,14.9,PayNow
ORC-20260612-0045,2,2026-06-12 21:41:17,Orchard Central,TOP-W-01,Women's Airism Cotton Crew Neck T-Shirt,Tops,Women,14.9,14.9,False,1,14.9,PayNow
ORC-20260612-1278,1,2026-06-12 19:54:27,Orchard Central,SOK-W-02,Women's Pile Crew Socks,Socks,Women,5.9,5.9,False,1,5.9,NETS
BUG-20260612-0396,1,2026-06-12 12:07:01,Bugis,UND-M-07,Men's Stretch Cotton Boxers,Underwear,Men,14.9,14.9,False,1,14.9,Cash
ORC-20260612-0931,1,2026-06-12 11:43:22,Orchard Central,BTM-W-04,Women's Denim Straight Jeans,Bottoms,Women,49.9,49.9,False,1,49.9,Cash
PUN-20260612-0367,1,2026-06-12 18:52:31,punggol,TOP-W-01,Women's Airism Cotton Crew Neck T-Shirt,Tops,women,14.9,14.9,False,1,14.9,NETS
ORC-20260612-1115,2,2026-06-12 19:32:37,Orchard Central,SOK-W-03,Women's Airism Low-Cut Socks,Socks,Women,5.9,5.9,False,1,5.9,nets
ORC-20260612-0993,2,2026-06-12 21:22:53,ORCHARD CENTRAL,TOP-M-04,  Men's Oxford Long Sleeve Shirt  ,Tops,Men,29.9,29.9,False,1,29.9,Cash
PUN-20260612-0536,1,2026-06-12 18:45:11,PUNGGOL,UND-M-02,Men's Cotton Blend Trunks,Underwear,Men,14.9,14.9,False,1,14.9,Card
ORC-20260612-0152,3,2026-06-12 18:46:10,Orchard Central,UND-M-04,Men's Cotton Crew Neck Undershirt,Underwear,Men,14.9,14.9,False,1,$14.9,Cash
BUG-20260612-1067,3,2026-06-12 19:44:02,BUGIS,SOK-W-04,Women's Ribbed Crew Socks,Socks,Women,5.9,5.9,False,1,5.9,PayNow
ORC-20260612-0296,3,2026-06-12 12:37:39,Orchard Central,SOK-M-03,Men's Airism Low-Cut Socks,Socks,Men,5.9,5.9,False,1,5.9,Card
BUG-20260612-0115,3,2026-06-12 18:37:10,Bugis,UND-W-03,Women's Cotton Blend Briefs,UNDERWEAR,Women,9.9,9.9,False,1,9.9,NETS
BUG-20260612-0289,2,2026-06-12 20:05:15,Bugis,UND-W-04,Women's Airism T-Shirt Bra,Underwear,Women,29.9,29.9,False,1,29.9,PayNow
ORC-20260612-0291,1,2026-06-12 20:24:16,orchard central,UND-M-02,Men's Cotton Blend Trunks,Underwear,Men,14.9,14.9,False,2,29.8,NETS
PUN-20260612-0399,2,2026-06-12 15:12:19,Punggol,TOP-M-04,Men's Oxford Long Sleeve Shirt,tops,Men,29.9,29.9,False,1,29.9,NETS
ORC-20260612-0087,2,2026-06-12 19:29:48,Orchard Central,TOP-M-07,Men's Ultra Light Down Jacket,Tops,Men,55.24,79.9,True,1,55.24,Card
ORC-20260612-1289,1,2026-06-12 17:20:49,Orchard Central,SOK-M-02,Men's Pile Crew Socks,Socks,Men,5.9,5.9,False,1,5.9,Card
PUN-20260612-0146,2,2026-06-12 22:29:56,Punggol,TOP-M-02,Men's Supima Cotton Polo Shirt,Tops,Men,29.9,29.9,False,1,29.9,Cash
ORC-20260612-1011,2,2026-06-12 15:16:18,ORCHARD CENTRAL,UND-M-01,Men's Airism Boxer Briefs,Underwear,Men,14.9,14.9,False,2,29.8,Cash
BUG-20260612-0481,3,2026-06-12 18:35:00,Bugis,UND-W-09,Women's Cotton Boyshorts,Underwear,Women,9.9,9.9,False,1,9.9,Cash
ORC-20260612-0724,1,2026-06-12 21:05:42,orchard central,SOK-W-02,Women's Pile Crew Socks,Socks,Women,5.9,5.9,False,1,5.9,CARD
BUG-20260612-0700,2,2026-06-12 12:26:55,BUGIS,SOK-M-03,Men's Airism Low-Cut Socks,Socks,MEN,5.9,5.9,False,2,11.8,PayNow
ORC-20260612-1074,1,2026-06-12 17:25:38,orchard central,TOP-W-02,Women's Ribbed Long Sleeve Turtleneck,Tops,Women,19.9,19.9,False,1,$19.9,Card
BUG-20260612-0795,1,2026-06-12 20:20:08,Bugis,UND-W-02,  Women's Wireless Bra  ,Underwear,Women,29.9,29.9,False,1,29.9,Card
BUG-20260612-1153,1,2026-06-12 18:23:26,bugis,UND-M-07,Men's Stretch Cotton Boxers,Underwear,Men,14.9,14.9,False,2,29.8,Card
PUN-20260612-0130,1,2026-06-12 19:39:03,  punggol  ,BTM-M-04,Men's Dry Stretch Shorts,Bottoms,Men,19.9,19.9,False,1,19.9,PayNow
BUG-20260612-0838,2,2026-06-12 19:42:38,Bugis,BTM-M-03,Men's Selvedge Regular Fit Jeans,Bottoms,MEN,59.9,59.9,False,1,59.9,cash
ORC-20260612-0809,1,2026-06-12 18:11:15,Orchard Central,TOP-M-04,Men's Oxford Long Sleeve Shirt,Tops,Men,29.9,29.9,False,1,29.9,PayNow
ORC-20260612-0598,1,2026-06-12 19:39:09,Orchard Central,SOK-W-02,Women's Pile Crew Socks,Socks,Women,5.9,5.9,False,1,5.9,PayNow
ORC-20260612-1072,2,2026-06-12 15:28:52,Orchard Central,UND-M-10,Men's Cotton Blend Briefs,Underwear,Men,7.42,9.9,True,1,7.42,PayNow
PUN-20260612-0288,1,2026-06-12 16:37:58,Punggol,UND-W-03,Women's Cotton Blend Briefs,Underwear,Women,9.9,9.9,False,1,9.9,Card
PUN-20260612-0530,3,2026-06-12 20:35:36,Punggol,SOK-W-03,  Women's Airism Low-Cut Socks  ,Socks,Women,5.9,5.9,False,2,11.8,Card
PUN-20260612-0630,2,2026-06-12 22:36:35,Punggol,TOP-W-01,  Women's Airism Cotton Crew Neck T-Shirt  ,Tops,women,14.9,14.9,False,1,14.9,Card
ORC-20260612-0376,2,2026-06-12 15:05:53,Orchard Central,UND-W-03,Women's Cotton Blend Briefs,Underwear,Women,9.9,9.9,False,2,19.8,NETS
PUN-20260612-0370,1,2026-06-12 12:25:14,Punggol,TOP-W-02,Women's Ribbed Long Sleeve Turtleneck,Tops,Women,19.9,19.9,False,1,19.9,Cash
ORC-20260612-0440,2,2026-06-12 18:11:53,Orchard Central,UND-W-04,Women's Airism T-Shirt Bra,Underwear,Women,29.9,29.9,False,1,29.9,Cash
BUG-20260612-0844,1,2026-06-12 18:59:19,Bugis,SOK-M-04,Men's Ribbed Crew Socks,Socks,Men,5.9,5.9,False,1,5.9,CARD
BUG-20260612-0292,1,2026-06-12 20:47:29,BUGIS,SOK-M-02,Men's Pile Crew Socks,Socks,men,5.9,5.9,False,1,5.9,Card
ORC-20260612-1242,2,2026-06-12 21:01:40,  Orchard Central  ,TOP-M-06,Men's Fleece Full-Zip Hoodie,Tops,Men,39.9,39.9,False,1,39.9,Card
PUN-20260612-0468,1,2026-06-12 20:42:21,Punggol,SOK-W-03,Women's Airism Low-Cut Socks,socks,Women,5.9,5.9,False,1,5.9,Card
BUG-20260612-1208,2,2026-06-12 15:46:03,Bugis,SOK-W-03,Women's Airism Low-Cut Socks,Socks,Women,5.9,5.9,False,1,5.9,Paynow
PUN-20260612-0323,1,2026-06-12 19:52:21,Punggol,SOK-M-02,Men's Pile Crew Socks,Socks,MEN,5.9,5.9,False,2,11.8,Card
PUN-20260612-0745,3,2026-06-12 16:45:30,Punggol,UND-W-01,Women's Airism Bikini Shorts,Underwear,WOMEN,9.9,9.9,False,1,9.9,
ORC-20260612-0482,1,2026-06-12 18:38:39,Orchard Central,TOP-W-02,Women's Ribbed Long Sleeve Turtleneck,Tops,Women,19.9,19.9,False,1,19.9,Card
ORC-20260612-0785,1,2026-06-12 20:37:35,  Orchard Central  ,UND-M-02,Men's Cotton Blend Trunks,Underwear,Men,14.9,14.9,False,1,14.9,PayNow
ORC-20260612-0324,2,2026-06-12 11:24:01,ORCHARD CENTRAL,TOP-W-02,Women's Ribbed Long Sleeve Turtleneck,Tops,Women,19.9,19.9,False,1,19.9,NETS
BUG-20260612-0517,3,2026-06-12 21:51:01,Bugis,SOK-M-04,  Men's Ribbed Crew Socks  ,socks,MEN,5.9,5.9,False,1,5.9,NETS
ORC-20260612-0191,2,2026-06-12 17:19:48,Orchard Central,SOK-M-03,Men's Airism Low-Cut Socks,Socks,Men,5.9,5.9,False,1,5.9,Card
PUN-20260612-0038,1,2026-06-12 16:40:22,Punggol,UND-M-02,Men's Cotton Blend Trunks,Underwear,Men,14.9,14.9,False,1,14.9,PayNow
ORC-20260612-0208,3,2026-06-12 22:19:39,Orchard Central,UND-M-03,Men's Airism Mesh Boxer Briefs,Underwear,Men,$14.9,14.9,False,1,14.9,CARD
BUG-20260612-0833,3,2026-06-12 13:24:17,Bugis,BTM-M-07,Men's Smart Ankle Pants,Bottoms,Men,39.9,39.9,False,1,39.9,NETS
ORC-20260612-0226,2,2026-06-12 19:12:32,Orchard Central,BTM-M-02,Men's Slim Fit Chino Trousers,Bottoms,MEN,29.9,29.9,False,1,29.9,Card
BUG-20260612-0644,1,2026-06-12 17:08:50,Bugis,UND-W-02,  Women's Wireless Bra  ,Underwear,Women,29.9,29.9,False,1,29.9,Cash
PUN-20260612-0333,3,2026-06-12 19:09:33,Punggol,SOK-W-03,Women's Airism Low-Cut Socks,Socks,Women,5.9,5.9,False,1,5.9,PayNow
PUN-20260612-0490,1,2026-06-12 17:08:03,Punggol,UND-M-03,Men's Airism Mesh Boxer Briefs,underwear,Men,14.9,14.9,False,1,14.9,NETS
BUG-20260612-0896,3,2026-06-12 18:59:04,Bugis,UND-M-02,Men's Cotton Blend Trunks,Underwear,Men,14.9,14.9,False,1,14.9,Card
PUN-20260612-0050,2,2026-06-12 20:19:14,Punggol,UND-W-01,Women's Airism Bikini Shorts,UNDERWEAR,Women,9.9,9.9,False,1,9.9,Card
ORC-20260612-1070,3,2026-06-12 15:14:13,Orchard Central,UND-M-02,Men's Cotton Blend Trunks,Underwear,Men,14.9,14.9,False,1,$14.9,Card
ORC-20260612-1139,1,2026-06-12 15:30:42,Orchard Central,SOK-M-05,  Men's Sport Ankle Socks  ,Socks,Men,5.9,5.9,False,2,11.8,Cash
ORC-20260612-1088,1,2026-06-12 21:13:30,Orchard Central,SOK-W-08,Women's Lace Trim Ankle Socks,Socks,women,5.9,5.9,False,2,11.8,PayNow
ORC-20260612-0461,1,2026-06-12 19:55:44,Orchard Central,SOK-W-02,Women's Pile Crew Socks,Socks,Women,5.9,5.9,False,1,5.9,Card
PUN-20260612-0739,2,2026-06-12 11:52:41,punggol,UND-M-01,Men's Airism Boxer Briefs,Underwear,men,14.9,14.9,False,1,14.9,Card
BUG-20260612-0301,2,2026-06-12 20:50:49,Bugis,SOK-M-02,Men's Pile Crew Socks,Socks,Men,5.9,5.9,False,1,5.9,Paynow
BUG-20260612-0189,2,2026-06-12 17:59:35,  Bugis  ,SOK-W-02,Women's Pile Crew Socks,Socks,Women,5.9,5.9,False,2,11.8,Card
PUN-20260612-0237,2,2026-06-12 16:12:12,Punggol,TOP-M-01,Men's Airism Cotton Crew Neck T-Shirt,Tops,Men,14.9,14.9,False,1,14.9,PayNow
ORC-20260612-0876,1,2026-06-12 19:44:18,Orchard Central,UND-M-02,Men's Cotton Blend Trunks,Underwear,Men,14.9,14.9,False,1,14.9,Cash
PUN-20260612-0812,1,2026-06-12 18:29:37,PUNGGOL,SOK-M-01,Men's Ankle Socks 3-Pack,Socks,Men,14.9,14.9,False,1,14.9,Cash
ORC-20260612-1283,2,2026-06-12 20:14:27,Orchard Central,UND-M-05,  Men's Seamless Boxer Briefs  ,Underwear,Men,14.9,14.9,False,1,14.9,
ORC-20260612-0568,2,2026-06-12 17:34:06,Orchard Central,UND-W-01,Women's Airism Bikini Shorts,Underwear,Women,9.9,9.9,False,1,9.9,Card
BUG-20260612-0261,1,2026-06-12 18:24:32,Bugis,SOK-W-03,Women's Airism Low-Cut Socks,Socks,Women,5.9,5.9,False,1,5.9,PayNow
PUN-20260612-0559,2,2026-06-12 21:17:38,Punggol,SOK-W-03,Women's Airism Low-Cut Socks,Socks,Women,5.9,5.9,False,1,5.9,PayNow
PUN-20260612-0228,1,2026-06-12 20:48:41,Punggol,SOK-M-04,  Men's Ribbed Crew Socks  ,Socks,Men,5.9,5.9,False,1,5.9,CASH
PUN-20260612-0484,2,2026-06-12 18:18:49,  punggol  ,TOP-M-01,  Men's Airism Cotton Crew Neck T-Shirt  ,Tops,Men,14.9,14.9,False,1,14.9,Card
ORC-20260612-0729,3,2026-06-12 16:38:32,orchard central,SOK-W-04,  Women's Ribbed Crew Socks  ,Socks,Women,5.9,5.9,False,1,5.9,PayNow
BUG-20260612-0641,1,2026-06-12 18:17:53,Bugis,UND-W-08,Women's Airism Camisole,Underwear,Women,14.9,14.9,False,1,14.9,Card
ORC-20260612-0678,1,2026-06-12 16:06:20,Orchard Central,UND-M-01,Men's Airism Boxer Briefs,Underwear,men,14.9,14.9,False,2,$29.8,Cash
BUG-20260612-0935,2,2026-06-12 12:59:31,Bugis,SOK-W-04,Women's Ribbed Crew Socks,Socks,Women,5.9,5.9,False,1,5.9,paynow
BUG-20260612-0150,2,2026-06-12 19:54:29,Bugis,SOK-W-02,Women's Pile Crew Socks,Socks,Women,5.9,5.9,False,1,5.9,CARD
ORC-20260612-0026,1,2026-06-12 22:27:44,Orchard Central,SOK-M-04,Men's Ribbed Crew Socks,Socks,Men,5.9,5.9,False,1,5.9,Cash
ORC-20260612-0190,1,2026-06-12 15:16:10,  Orchard Central  ,TOP-W-02,Women's Ribbed Long Sleeve Turtleneck,Tops,Women,19.9,19.9,False,1,19.9,Card
ORC-20260612-0343,1,2026-06-12 16:27:18,Orchard Central,SOK-M-06,  Men's Heattech Socks  ,Socks,Men,9.9,9.9,False,1,9.9,NETS
ORC-20260612-1077,2,2026-06-12 19:47:18,Orchard Central,BTM-W-03,Women's Ezy Ankle Pants,Bottoms,Women,29.9,29.9,False,1,29.9,PayNow
BUG-20260612-0702,1,2026-06-12 14:44:59,Bugis,SOK-M-02,Men's Pile Crew Socks,Socks,Men,5.9,5.9,False,1,5.9,Card
BUG-20260612-0196,2,2026-06-12 15:10:10,Bugis,TOP-W-02,Women's Ribbed Long Sleeve Turtleneck,Tops,WOMEN,19.9,19.9,False,1,19.9,Card
PUN-20260612-0261,1,2026-06-12 18:13:45,Punggol,SOK-W-08,Women's Lace Trim Ankle Socks,Socks,Women,$5.9,5.9,False,1,5.9,Card
ORC-20260612-0331,1,2026-06-12 19:50:35,ORCHARD CENTRAL,TOP-W-02,Women's Ribbed Long Sleeve Turtleneck,Tops,Women,19.9,19.9,False,1,19.9,Card
BUG-20260612-0316,2,2026-06-12 13:14:01,BUGIS,SOK-M-03,Men's Airism Low-Cut Socks,Socks,Men,5.9,5.9,False,1,5.9,card
ORC-20260612-0924,1,2026-06-12 20:53:39,Orchard Central,SOK-M-04,Men's Ribbed Crew Socks,Socks,Men,5.9,5.9,False,1,5.9,Card
BUG-20260612-1211,3,2026-06-12 17:26:02,bugis,TOP-M-02,Men's Supima Cotton Polo Shirt,Tops,Men,29.9,29.9,False,1,29.9,Card
ORC-20260612-0663,3,2026-06-12 13:22:34,Orchard Central,SOK-W-08,Women's Lace Trim Ankle Socks,Socks,Women,5.9,5.9,False,1,5.9,CARD
BUG-20260612-1070,2,2026-06-12 16:48:08,  Bugis  ,SOK-M-04,Men's Ribbed Crew Socks,Socks,Men,5.9,5.9,False,1,5.9,Card
ORC-20260612-0074,3,2026-06-12 22:59:21,Orchard Central,UND-M-04,Men's Cotton Crew Neck Undershirt,Underwear,Men,14.9,14.9,False,1,14.9,NETS
BUG-20260612-0527,1,2026-06-12 21:51:03,Bugis,UND-M-02,Men's Cotton Blend Trunks,UNDERWEAR,Men,14.9,14.9,False,1,14.9,card
PUN-20260612-0473,2,2026-06-12 19:59:18,Punggol,SOK-M-03,Men's Airism Low-Cut Socks,SOCKS,Men,5.9,5.9,False,1,5.9,PayNow
BUG-20260612-0599,1,2026-06-12 18:57:18,Bugis,TOP-W-02,Women's Ribbed Long Sleeve Turtleneck,Tops,Women,19.9,19.9,False,1,19.9,PayNow
BUG-20260612-0435,1,2026-06-12 15:58:48,Bugis,SOK-W-03,Women's Airism Low-Cut Socks,Socks,Women,5.9,5.9,False,1,5.9,Card
PUN-20260612-0464,2,2026-06-12 22:04:18,Punggol,TOP-M-01,Men's Airism Cotton Crew Neck T-Shirt,Tops,Men,$14.9,14.9,False,1,14.9,PayNow
ORC-20260612-0742,1,2026-06-12 20:27:27,Orchard Central,BTM-W-03,Women's Ezy Ankle Pants,Bottoms,Women,29.9,29.9,False,1,29.9,Cash
BUG-20260612-1049,1,2026-06-12 11:16:11,Bugis,SOK-M-01,Men's Ankle Socks 3-Pack,Socks,Men,14.9,14.9,False,1,14.9,Card
ORC-20260612-0506,1,2026-06-12 17:02:43,Orchard Central,TOP-M-07,Men's Ultra Light Down Jacket,Tops,Men,55.24,79.9,True,1,55.24,Card
PUN-20260612-0595,1,2026-06-12 19:40:01,punggol,SOK-M-02,Men's Pile Crew Socks,Socks,Men,5.9,5.9,False,1,5.9,Card
PUN-20260612-0461,1,2026-06-12 12:30:13,Punggol,TOP-W-01,Women's Airism Cotton Crew Neck T-Shirt,Tops,Women,14.9,14.9,False,1,14.9,Card
BUG-20260612-1221,1,2026-06-12 21:40:45,Bugis,UND-M-04,Men's Cotton Crew Neck Undershirt,Underwear,Men,14.9,14.9,False,1,14.9,CARD
PUN-20260612-0092,3,2026-06-12 13:15:21,Punggol,SOK-W-03,Women's Airism Low-Cut Socks,Socks,Women,5.9,5.9,False,1,5.9,Card
ORC-20260612-0775,1,2026-06-12 11:41:55,Orchard Central,SOK-W-06,Women's Heattech Socks,Socks,Women,9.9,9.9,False,1,$9.9,Paynow
PUN-20260612-0198,3,2026-06-12 21:42:16,Punggol,UND-W-01,Women's Airism Bikini Shorts,Underwear,Women,$9.9,9.9,False,1,9.9,
ORC-20260612-0442,1,2026-06-12 18:15:29,Orchard Central,SOK-M-03,Men's Airism Low-Cut Socks,Socks,Men,5.9,5.9,False,1,5.9,Card
ORC-20260612-0476,1,2026-06-12 18:19:29,Orchard Central,SOK-W-04,Women's Ribbed Crew Socks,Socks,Women,5.9,5.9,False,1,5.9,Card
PUN-20260612-0503,2,2026-06-12 20:14:05,Punggol,TOP-W-03,Women's Silky Satin Blouse,Tops,Women,39.9,39.9,False,1,39.9,Card
BUG-20260612-0924,1,2026-06-12 21:35:01,Bugis,TOP-W-03,Women's Silky Satin Blouse,Tops,WOMEN,39.9,39.9,False,1,$39.9,PayNow
ORC-20260612-0723,3,2026-06-12 20:22:20,Orchard Central,SOK-W-07,Women's Striped Crew Socks,Socks,Women,5.9,5.9,False,1,5.9,PayNow
PUN-20260612-0390,2,2026-06-12 22:19:28,Punggol,UND-W-04,Women's Airism T-Shirt Bra,Underwear,Women,29.9,29.9,False,1,29.9,NETS
PUN-20260612-0226,2,2026-06-12 20:14:11,Punggol,SOK-W-04,Women's Ribbed Crew Socks,Socks,Women,5.9,5.9,False,1,5.9,Cash
BUG-20260612-0906,1,2026-06-12 13:17:15,Bugis,SOK-W-02,Women's Pile Crew Socks,Socks,Women,5.9,5.9,False,1,5.9,Cash
ORC-20260612-0986,1,2026-06-12 19:36:07,Orchard Central,SOK-M-03,Men's Airism Low-Cut Socks,Socks,MEN,5.9,5.9,False,1,5.9,NETS
PUN-20260612-0176,1,2026-06-12 21:35:36,Punggol,SOK-W-02,Women's Pile Crew Socks,Socks,Women,5.9,5.9,False,1,5.9,Card
ORC-20260612-0414,1,2026-06-12 18:14:36,Orchard Central,SOK-M-02,Men's Pile Crew Socks,Socks,Men,5.9,5.9,False,1,5.9,Cash
ORC-20260612-0441,1,2026-06-12 20:59:42,Orchard Central,BTM-M-02,Men's Slim Fit Chino Trousers,BOTTOMS,Men,29.9,29.9,False,1,29.9,Card
BUG-20260612-0615,3,2026-06-12 21:24:32,  Bugis  ,TOP-W-04,  Women's Heattech Crew Neck Long Sleeve Tee  ,Tops,Women,14.9,14.9,False,1,14.9,Cash
ORC-20260612-0461,2,2026-06-12 19:55:44,Orchard Central,SOK-W-02,Women's Pile Crew Socks,Socks,Women,5.9,5.9,False,1,5.9,CARD
PUN-20260612-0563,3,2026-06-12 12:00:32,Punggol,SOK-W-02,  Women's Pile Crew Socks  ,socks,Women,5.9,5.9,False,1,5.9,Card
PUN-20260612-0599,2,2026-06-12 21:44:05,Punggol,BTM-W-04,Women's Denim Straight Jeans,Bottoms,Women,49.9,49.9,False,1,49.9,NETS
BUG-20260612-1086,2,2026-06-12 18:33:08,Bugis,UND-M-02,Men's Cotton Blend Trunks,Underwear,Men,14.9,14.9,False,1,14.9,PayNow
PUN-20260612-0527,1,2026-06-12 13:01:39,Punggol,BTM-M-04,Men's Dry Stretch Shorts,Bottoms,Men,19.9,19.9,False,1,19.9,CASH
ORC-20260612-0458,2,2026-06-12 16:57:16,Orchard Central,UND-M-04,Men's Cotton Crew Neck Undershirt,UNDERWEAR,Men,14.9,14.9,False,2,29.8,Card
PUN-20260612-0034,1,2026-06-12 13:06:19,Punggol,SOK-M-04,Men's Ribbed Crew Socks,socks,Men,5.9,5.9,False,1,5.9,CASH
BUG-20260612-1216,2,2026-06-12 18:00:57,Bugis,SOK-M-04,  Men's Ribbed Crew Socks  ,Socks,men,5.9,5.9,False,2,11.8,Card
BUG-20260612-0288,1,2026-06-12 17:30:00,Bugis,SOK-W-02,Women's Pile Crew Socks,Socks,WOMEN,5.9,5.9,False,2,11.8,Card
BUG-20260612-0810,1,2026-06-12 19:14:05,Bugis,UND-M-04,Men's Cotton Crew Neck Undershirt,Underwear,Men,14.9,14.9,False,1,14.9,Card
BUG-20260612-0037,2,2026-06-12 20:59:37,Bugis,SOK-M-03,Men's Airism Low-Cut Socks,SOCKS,Men,5.9,5.9,False,1,5.9,CARD
PUN-20260612-0486,2,2026-06-12 21:32:06,  Punggol  ,TOP-W-02,Women's Ribbed Long Sleeve Turtleneck,Tops,Women,19.9,19.9,False,1,19.9,Card
BUG-20260612-0913,1,2026-06-12 12:36:49,Bugis,SOK-W-03,Women's Airism Low-Cut Socks,socks,Women,5.9,5.9,False,1,5.9,PayNow
ORC-20260612-0744,2,2026-06-12 16:26:25,Orchard Central,SOK-W-06,Women's Heattech Socks,Socks,Women,9.9,9.9,False,1,9.9,Card
ORC-20260612-0281,2,2026-06-12 18:30:59,Orchard Central,SOK-M-02,Men's Pile Crew Socks,SOCKS,Men,5.9,5.9,False,1,5.9,Cash
ORC-20260612-0262,1,2026-06-12 18:50:54,Orchard Central,UND-W-02,  Women's Wireless Bra  ,Underwear,Women,29.9,29.9,False,1,29.9,Card
BUG-20260612-1226,1,2026-06-12 20:23:59,Bugis,UND-M-03,Men's Airism Mesh Boxer Briefs,Underwear,Men,14.9,14.9,False,1,14.9,NETS
BUG-20260612-0925,2,2026-06-12 20:13:45,  Bugis  ,SOK-W-04,Women's Ribbed Crew Socks,Socks,Women,5.9,5.9,False,1,5.9,Card
BUG-20260612-1040,2,2026-06-12 17:29:14,Bugis,TOP-W-01,Women's Airism Cotton Crew Neck T-Shirt,Tops,Women,14.9,14.9,False,1,14.9,card
BUG-20260612-0792,1,2026-06-12 18:37:27,bugis,SOK-M-02,Men's Pile Crew Socks,Socks,men,5.9,5.9,False,1,5.9,Card
PUN-20260612-0190,1,2026-06-12 21:02:59,punggol,BTM-W-03,Women's Ezy Ankle Pants,Bottoms,Women,29.9,29.9,False,1,29.9,PayNow
PUN-20260612-0232,2,2026-06-12 13:10:51,Punggol,TOP-M-10,Men's Merino Blend V-Neck Sweater,Tops,Men,39.9,39.9,False,1,39.9,Paynow
PUN-20260612-0667,1,2026-06-12 19:31:07,Punggol,BTM-W-02,Women's High-Rise Wide Leg Pants,Bottoms,women,39.9,39.9,False,1,39.9,NETS
ORC-20260612-0504,2,2026-06-12 19:02:35,Orchard Central,UND-M-03,Men's Airism Mesh Boxer Briefs,Underwear,Men,14.9,14.9,False,1,14.9,Card
PUN-20260612-0423,3,2026-06-12 18:44:54,PUNGGOL,SOK-W-04,Women's Ribbed Crew Socks,Socks,Women,5.9,5.9,False,1,5.9,Card
BUG-20260612-1239,1,2026-06-12 21:24:12,Bugis,TOP-W-03,Women's Silky Satin Blouse,Tops,Women,39.9,39.9,False,1,39.9,PayNow
BUG-20260612-1124,1,2026-06-12 19:54:54,Bugis,SOK-W-02,  Women's Pile Crew Socks  ,Socks,Women,5.9,5.9,False,1,5.9,NETS
ORC-20260612-0277,1,2026-06-12 16:38:03,Orchard Central,SOK-W-01,Women's Ankle Socks 3-Pack,SOCKS,Women,14.9,14.9,False,2,29.8,NETS
BUG-20260612-0576,1,2026-06-12 18:31:06,Bugis,SOK-M-02,Men's Pile Crew Socks,Socks,Men,5.9,5.9,False,1,5.9,NETS
PUN-20260612-0369,1,2026-06-12 21:28:38,Punggol,SOK-M-04,  Men's Ribbed Crew Socks  ,Socks,Men,5.9,5.9,False,2,11.8,Card
BUG-20260612-1235,2,2026-06-12 21:53:27,Bugis,UND-W-07,Women's Heattech Camisole,underwear,Women,14.9,14.9,False,1,14.9,PayNow
PUN-20260612-0737,3,2026-06-12 14:13:56,Punggol,SOK-W-03,Women's Airism Low-Cut Socks,Socks,women,5.9,5.9,False,1,5.9,CASH
ORC-20260612-1001,3,2026-06-12 19:28:57,Orchard Central,SOK-M-04,Men's Ribbed Crew Socks,Socks,men,5.9,5.9,False,2,11.8,PayNow
ORC-20260612-0528,2,2026-06-12 22:08:22,Orchard Central,UND-M-04,Men's Cotton Crew Neck Undershirt,Underwear,Men,14.9,14.9,False,1,14.9,Card
BUG-20260612-1111,1,2026-06-12 17:03:13,Bugis,UND-M-01,Men's Airism Boxer Briefs,Underwear,Men,14.9,14.9,False,1,14.9,Card
PUN-20260612-0335,3,2026-06-12 12:02:40,Punggol,UND-W-02,Women's Wireless Bra,Underwear,Women,29.9,29.9,False,2,59.8,NETS
ORC-20260612-0973,1,2026-06-12 21:31:59,orchard central,UND-M-02,Men's Cotton Blend Trunks,Underwear,Men,14.9,14.9,False,1,14.9,Cash
PUN-20260612-0434,3,2026-06-12 17:18:55,Punggol,TOP-W-02,Women's Ribbed Long Sleeve Turtleneck,Tops,Women,19.9,19.9,False,1,$19.9,NETS
ORC-20260612-1151,3,2026-06-12 22:07:58,Orchard Central,BTM-W-01,Women's Ultra Stretch Skinny Jeans,Bottoms,Women,39.9,39.9,False,1,39.9,Card
PUN-20260612-0359,2,2026-06-12 15:46:04,Punggol,SOK-M-04,Men's Ribbed Crew Socks,Socks,Men,5.9,5.9,False,1,5.9,PAYNOW
BUG-20260612-0011,1,2026-06-12 20:26:33,  Bugis  ,SOK-W-02,Women's Pile Crew Socks,Socks,women,5.9,5.9,False,1,5.9,PayNow
ORC-20260612-0693,2,2026-06-12 17:15:58,  Orchard Central  ,SOK-W-04,Women's Ribbed Crew Socks,Socks,women,5.9,5.9,False,1,5.9,card
ORC-20260612-0323,1,2026-06-12 16:36:35,Orchard Central,UND-M-02,Men's Cotton Blend Trunks,Underwear,Men,14.9,14.9,False,1,14.9,Cash
BUG-20260612-0780,1,2026-06-12 18:24:04,Bugis,SOK-M-04,Men's Ribbed Crew Socks,Socks,Men,5.9,5.9,False,1,5.9,PayNow
ORC-20260612-0895,2,2026-06-12 18:02:04,Orchard Central,SOK-W-03,Women's Airism Low-Cut Socks,Socks,Women,5.9,5.9,False,1,5.9,Cash
ORC-20260612-0836,1,2026-06-12 20:06:27,Orchard Central,UND-M-02,Men's Cotton Blend Trunks,Underwear,Men,14.9,14.9,False,1,14.9,NETS
ORC-20260612-0336,3,2026-06-12 20:01:22,Orchard Central,UND-W-01,Women's Airism Bikini Shorts,Underwear,Women,9.9,9.9,False,1,9.9,Card
ORC-20260612-0605,2,2026-06-12 18:36:59,Orchard Central,SOK-W-03,Women's Airism Low-Cut Socks,Socks,Women,5.9,5.9,False,1,5.9,paynow
ORC-20260612-1119,2,2026-06-12 18:45:08,Orchard Central,BTM-M-04,  Men's Dry Stretch Shorts  ,Bottoms,Men,19.9,19.9,False,1,19.9,Card
ORC-20260612-0502,2,2026-06-12 20:00:20,Orchard Central,SOK-W-01,Women's Ankle Socks 3-Pack,Socks,Women,14.9,14.9,False,1,14.9,Card
ORC-20260612-1077,3,2026-06-12 19:47:18,orchard central,TOP-M-04,Men's Oxford Long Sleeve Shirt,Tops,Men,29.9,29.9,False,1,$29.9,PayNow
